
 - final statistics:
136 variables; iteration 0; function evaluation 0
Function value 7.3068e+03; maximum gradient component mag -4.8526e+00
Exit code = 0;  converg criter 1.0000e+01
Var    Value     Gradient |Var    Value     Gradient |Var    Value     Gradient
  1 -0.42334 -2.54217e+00 |  2 -0.09289  2.00692e+00 |  3 -0.01009  6.49740e-03
  4 -0.01031  6.71314e-03 |  5 -0.01053  6.94019e-03 |  6 -0.01074  7.16939e-03
  7 -0.01095  7.40071e-03 |  8 -0.01115  7.64558e-03 |  9 -0.01135  7.89455e-03
 10 -0.01153  8.14546e-03 | 11 -0.01171  8.40900e-03 | 12 -0.01187  8.67736e-03
 13 -0.01203  8.94366e-03 | 14 -0.01217  9.22590e-03 | 15 -0.01229  9.51309e-03
 16 -0.01240  9.80847e-03 | 17 -0.01249  1.01097e-02 | 18 -0.01255  1.04217e-02
 19 -0.01260  1.07362e-02 | 20 -0.01262  1.10630e-02 | 21 -0.01262  1.13996e-02
 22 -0.01260  1.17445e-02 | 23 -0.01254  1.21042e-02 | 24 -0.01246  1.24781e-02
 25 -0.01235  1.28586e-02 | 26 -0.01220  1.32582e-02 | 27 -0.01202  1.36679e-02
 28 -0.01180  1.40916e-02 | 29 -0.01154  1.45275e-02 | 30 -0.01124  1.49750e-02
 31 -0.01091  1.54401e-02 | 32 -0.01054  1.59158e-02 | 33 -0.01013  1.64135e-02
 34 -0.00969  1.69275e-02 | 35 -0.00923  1.74547e-02 | 36 -0.00876  1.80050e-02
 37 -0.00827  1.85672e-02 | 38 -0.00779  1.91498e-02 | 39 -0.00732  1.97444e-02
 40 -0.00687  2.03518e-02 | 41 -0.00646  2.09719e-02 | 42 -0.00610  2.15822e-02
 43 -0.00578  2.21856e-02 | 44 -0.00550  2.27899e-02 | 45 -0.00527  2.33771e-02
 46 -0.00505  2.39413e-02 | 47 -0.00484  2.45210e-02 | 48 -0.00461  2.51016e-02
 49 -0.00433  2.56611e-02 | 50 -0.00397  2.62276e-02 | 51 -0.00351  2.68273e-02
 52 -0.00290  2.73973e-02 | 53 -0.00211  2.79955e-02 | 54 -0.00112  2.86026e-02
 55  0.00012  2.92196e-02 | 56  0.00162  2.98611e-02 | 57  0.00342  3.05122e-02
 58  0.00553  3.11809e-02 | 59  0.00797  3.18245e-02 | 60  0.01071  3.23924e-02
 61  0.01374  3.28814e-02 | 62  0.01700  3.33046e-02 | 63  0.02037  3.36281e-02
 64  0.02373  3.38442e-02 | 65  0.02687  3.39153e-02 | 66  0.02959  3.36474e-02
 67  0.03168  3.29480e-02 | 68  0.03301  3.18373e-02 | 69  0.03358  3.02785e-02
 70  0.03344  2.84174e-02 | 71  0.03272  2.62467e-02 | 72  0.03145  2.38686e-02
 73  0.02960  2.13119e-02 | 74  0.02705  1.86572e-02 | 75  0.02380  1.60756e-02
 76  0.01999  1.38136e-02 | 77  0.01602  1.21466e-02 | 78  0.01239  1.11325e-02
 79  0.00955  1.08108e-02 | 80  0.00761  1.13612e-02 | 81  0.00637  1.30693e-02
 82  0.00544  1.62785e-02 | 83  0.00468  2.13383e-02 | 84  0.00458  2.88983e-02
 85  0.00522  3.97133e-02 | 86  0.00545  5.43084e-02 | 87  0.00713  7.44524e-02
 88  0.00970  1.01709e-01 | 89  0.01366  1.39056e-01 | 90  0.01376  1.82883e-01
 91  0.01250  2.35739e-01 | 92  0.01081  3.00222e-01 | 93  0.00275  3.61025e-01
 94  0.00360  4.61022e-01 | 95  0.02294  6.71134e-01 | 96  0.02140  8.15557e-01
 97 -0.00268  8.11278e-01 | 98  0.01577  1.09237e+00 | 99  0.08374  2.05789e+00
100  0.02820  1.40781e+00 |101 -0.01452  9.55184e-01 |102  0.00430  8.68176e-01
103  0.01938  4.38540e-01 |104  0.03866 -4.37379e-01 |105  0.00285 -1.16263e+00
106 -0.06248 -1.07082e+00 |107 -0.07893 -9.24075e-01 |108 -0.07730 -3.69780e-01
109 -0.03457  5.84789e-01 |110  0.06971 -1.58511e-01 |111  0.02361 -1.68682e+00
112  0.01375  1.00237e-01 |113 -0.02797  3.21836e+00 |114 -0.06716  1.37796e+00
115 -0.00654 -1.55628e+00 |116  0.00456 -4.05999e+00 |117 -0.02731 -2.27999e+00
118  0.02817 -3.28055e+00 |119  0.07344 -4.85258e+00 |120  0.01038 -5.36285e-01
121  0.08254  4.05949e+00 |122  0.00575  1.45086e+00 |123  0.13287  6.80903e-01
124 -0.00532 -4.14670e-01 |125 -0.04646 -3.45645e-01 |126 -0.05671 -7.75259e-01
127 -0.02192 -6.09323e-01 |128  0.09420  9.81036e-01 |129  0.03190  1.31930e+00
130  0.01685 -1.69455e-01 |131 -0.02798 -3.26886e-01 |132 -0.01758 -1.06206e-01
133 -0.00588 -3.47973e-04 |134 -0.00040 -1.75992e-05 |135  0.27670 -1.33095e-04
136  0.18753  3.27385e-04 |

 - final statistics:
146 variables; iteration 0; function evaluation 0
Function value 7.3068e+03; maximum gradient component mag -9.8131e+00
Exit code = 0;  converg criter 1.0000e+01
Var    Value     Gradient |Var    Value     Gradient |Var    Value     Gradient
  1 -0.42334 -2.54217e+00 |  2  0.37110 -9.81309e+00 |  3 -0.12614  1.91523e+00
  4 -0.01321 -2.54683e+00 |  5 -0.70915  2.41568e-01 |  6 -0.60419  7.72309e+00
  7  0.37628 -3.25491e+00 |  8 -0.18524 -3.11877e+00 |  9  0.03399 -4.37137e-01
 10 -0.60948 -8.49329e-02 | 11 -0.62338  2.38198e+00 | 12 -0.09289  2.00692e+00
 13 -0.01009  6.49740e-03 | 14 -0.01031  6.71314e-03 | 15 -0.01053  6.94019e-03
 16 -0.01074  7.16939e-03 | 17 -0.01095  7.40071e-03 | 18 -0.01115  7.64558e-03
 19 -0.01135  7.89455e-03 | 20 -0.01153  8.14546e-03 | 21 -0.01171  8.40900e-03
 22 -0.01187  8.67736e-03 | 23 -0.01203  8.94366e-03 | 24 -0.01217  9.22590e-03
 25 -0.01229  9.51309e-03 | 26 -0.01240  9.80847e-03 | 27 -0.01249  1.01097e-02
 28 -0.01255  1.04217e-02 | 29 -0.01260  1.07362e-02 | 30 -0.01262  1.10630e-02
 31 -0.01262  1.13996e-02 | 32 -0.01260  1.17445e-02 | 33 -0.01254  1.21042e-02
 34 -0.01246  1.24781e-02 | 35 -0.01235  1.28586e-02 | 36 -0.01220  1.32582e-02
 37 -0.01202  1.36679e-02 | 38 -0.01180  1.40916e-02 | 39 -0.01154  1.45275e-02
 40 -0.01124  1.49750e-02 | 41 -0.01091  1.54401e-02 | 42 -0.01054  1.59158e-02
 43 -0.01013  1.64135e-02 | 44 -0.00969  1.69275e-02 | 45 -0.00923  1.74547e-02
 46 -0.00876  1.80050e-02 | 47 -0.00827  1.85672e-02 | 48 -0.00779  1.91498e-02
 49 -0.00732  1.97444e-02 | 50 -0.00687  2.03518e-02 | 51 -0.00646  2.09719e-02
 52 -0.00610  2.15822e-02 | 53 -0.00578  2.21856e-02 | 54 -0.00550  2.27899e-02
 55 -0.00527  2.33771e-02 | 56 -0.00505  2.39413e-02 | 57 -0.00484  2.45210e-02
 58 -0.00461  2.51016e-02 | 59 -0.00433  2.56611e-02 | 60 -0.00397  2.62276e-02
 61 -0.00351  2.68273e-02 | 62 -0.00290  2.73973e-02 | 63 -0.00211  2.79955e-02
 64 -0.00112  2.86026e-02 | 65  0.00012  2.92196e-02 | 66  0.00162  2.98611e-02
 67  0.00342  3.05122e-02 | 68  0.00553  3.11809e-02 | 69  0.00797  3.18245e-02
 70  0.01071  3.23924e-02 | 71  0.01374  3.28814e-02 | 72  0.01700  3.33046e-02
 73  0.02037  3.36281e-02 | 74  0.02373  3.38442e-02 | 75  0.02687  3.39153e-02
 76  0.02959  3.36474e-02 | 77  0.03168  3.29480e-02 | 78  0.03301  3.18373e-02
 79  0.03358  3.02785e-02 | 80  0.03344  2.84174e-02 | 81  0.03272  2.62467e-02
 82  0.03145  2.38686e-02 | 83  0.02960  2.13119e-02 | 84  0.02705  1.86572e-02
 85  0.02380  1.60756e-02 | 86  0.01999  1.38136e-02 | 87  0.01602  1.21466e-02
 88  0.01239  1.11325e-02 | 89  0.00955  1.08108e-02 | 90  0.00761  1.13612e-02
 91  0.00637  1.30693e-02 | 92  0.00544  1.62785e-02 | 93  0.00468  2.13383e-02
 94  0.00458  2.88983e-02 | 95  0.00522  3.97133e-02 | 96  0.00545  5.43084e-02
 97  0.00713  7.44524e-02 | 98  0.00970  1.01709e-01 | 99  0.01366  1.39056e-01
100  0.01376  1.82883e-01 |101  0.01250  2.35739e-01 |102  0.01081  3.00222e-01
103  0.00275  3.61025e-01 |104  0.00360  4.61022e-01 |105  0.02294  6.71134e-01
106  0.02140  8.15557e-01 |107 -0.00268  8.11278e-01 |108  0.01577  1.09237e+00
109  0.08374  2.05789e+00 |110  0.02820  1.40781e+00 |111 -0.01452  9.55184e-01
112  0.00430  8.68176e-01 |113  0.01938  4.38540e-01 |114  0.03866 -4.37379e-01
115  0.00285 -1.16263e+00 |116 -0.06248 -1.07082e+00 |117 -0.07893 -9.24075e-01
118 -0.07730 -3.69780e-01 |119 -0.03457  5.84789e-01 |120  0.06971 -1.58511e-01
121  0.02361 -1.68682e+00 |122  0.01375  1.00237e-01 |123 -0.02797  3.21836e+00
124 -0.06716  1.37796e+00 |125 -0.00654 -1.55628e+00 |126  0.00456 -4.05999e+00
127 -0.02731 -2.27999e+00 |128  0.02817 -3.28055e+00 |129  0.07344 -4.85258e+00
130  0.01038 -5.36285e-01 |131  0.08254  4.05949e+00 |132  0.00575  1.45086e+00
133  0.13287  6.80903e-01 |134 -0.00532 -4.14670e-01 |135 -0.04646 -3.45645e-01
136 -0.05671 -7.75259e-01 |137 -0.02192 -6.09323e-01 |138  0.09420  9.81036e-01
139  0.03190  1.31930e+00 |140  0.01685 -1.69455e-01 |141 -0.02798 -3.26886e-01
142 -0.01758 -1.06206e-01 |143 -0.00588 -3.47973e-04 |144 -0.00040 -1.75992e-05
145  0.27670 -1.33095e-04 |146  0.18753  3.27385e-04 |

Initial statistics: 176 variables; iteration 0; function evaluation 0; phase 3
Function value 7.3067870e+03; maximum gradient component mag -9.8131e+00
Var    Value     Gradient |Var    Value     Gradient |Var    Value     Gradient
  1 -0.42334 -2.54217e+00 |  2  0.37110 -9.81309e+00 |  3 -0.12614  1.91523e+00
  4 -0.01321 -2.54683e+00 |  5 -0.70915  2.41568e-01 |  6 -0.60419  7.72309e+00
  7  0.37628 -3.25491e+00 |  8 -0.18524 -3.11877e+00 |  9  0.03399 -4.37137e-01
 10 -0.60948 -8.49329e-02 | 11 -0.62338  2.38198e+00 | 12 -0.09289  2.00692e+00
 13 -0.01009  6.49740e-03 | 14 -0.01031  6.71314e-03 | 15 -0.01053  6.94019e-03
 16 -0.01074  7.16939e-03 | 17 -0.01095  7.40071e-03 | 18 -0.01115  7.64558e-03
 19 -0.01135  7.89455e-03 | 20 -0.01153  8.14546e-03 | 21 -0.01171  8.40900e-03
 22 -0.01187  8.67736e-03 | 23 -0.01203  8.94366e-03 | 24 -0.01217  9.22590e-03
 25 -0.01229  9.51309e-03 | 26 -0.01240  9.80847e-03 | 27 -0.01249  1.01097e-02
 28 -0.01255  1.04217e-02 | 29 -0.01260  1.07362e-02 | 30 -0.01262  1.10630e-02
 31 -0.01262  1.13996e-02 | 32 -0.01260  1.17445e-02 | 33 -0.01254  1.21042e-02
 34 -0.01246  1.24781e-02 | 35 -0.01235  1.28586e-02 | 36 -0.01220  1.32582e-02
 37 -0.01202  1.36679e-02 | 38 -0.01180  1.40916e-02 | 39 -0.01154  1.45275e-02
 40 -0.01124  1.49750e-02 | 41 -0.01091  1.54401e-02 | 42 -0.01054  1.59158e-02
 43 -0.01013  1.64135e-02 | 44 -0.00969  1.69275e-02 | 45 -0.00923  1.74547e-02
 46 -0.00876  1.80050e-02 | 47 -0.00827  1.85672e-02 | 48 -0.00779  1.91498e-02
 49 -0.00732  1.97444e-02 | 50 -0.00687  2.03518e-02 | 51 -0.00646  2.09719e-02
 52 -0.00610  2.15822e-02 | 53 -0.00578  2.21856e-02 | 54 -0.00550  2.27899e-02
 55 -0.00527  2.33771e-02 | 56 -0.00505  2.39413e-02 | 57 -0.00484  2.45210e-02
 58 -0.00461  2.51016e-02 | 59 -0.00433  2.56611e-02 | 60 -0.00397  2.62276e-02
 61 -0.00351  2.68273e-02 | 62 -0.00290  2.73973e-02 | 63 -0.00211  2.79955e-02
 64 -0.00112  2.86026e-02 | 65  0.00012  2.92196e-02 | 66  0.00162  2.98611e-02
 67  0.00342  3.05122e-02 | 68  0.00553  3.11809e-02 | 69  0.00797  3.18245e-02
 70  0.01071  3.23924e-02 | 71  0.01374  3.28814e-02 | 72  0.01700  3.33046e-02
 73  0.02037  3.36281e-02 | 74  0.02373  3.38442e-02 | 75  0.02687  3.39153e-02
 76  0.02959  3.36474e-02 | 77  0.03168  3.29480e-02 | 78  0.03301  3.18373e-02
 79  0.03358  3.02785e-02 | 80  0.03344  2.84174e-02 | 81  0.03272  2.62467e-02
 82  0.03145  2.38686e-02 | 83  0.02960  2.13119e-02 | 84  0.02705  1.86572e-02
 85  0.02380  1.60756e-02 | 86  0.01999  1.38136e-02 | 87  0.01602  1.21466e-02
 88  0.01239  1.11325e-02 | 89  0.00955  1.08108e-02 | 90  0.00761  1.13612e-02
 91  0.00637  1.30693e-02 | 92  0.00544  1.62785e-02 | 93  0.00468  2.13383e-02
 94  0.00458  2.88983e-02 | 95  0.00522  3.97133e-02 | 96  0.00545  5.43084e-02
 97  0.00713  7.44524e-02 | 98  0.00970  1.01709e-01 | 99  0.01366  1.39056e-01
100  0.01376  1.82883e-01 |101  0.01250  2.35739e-01 |102  0.01081  3.00222e-01
103  0.00275  3.61025e-01 |104  0.00360  4.61022e-01 |105  0.02294  6.71134e-01
106  0.02140  8.15557e-01 |107 -0.00268  8.11278e-01 |108  0.01577  1.09237e+00
109  0.08374  2.05789e+00 |110  0.02820  1.40781e+00 |111 -0.01452  9.55184e-01
112  0.00430  8.68176e-01 |113  0.01938  4.38540e-01 |114  0.03866 -4.37379e-01
115  0.00285 -1.16263e+00 |116 -0.06248 -1.07082e+00 |117 -0.07893 -9.24075e-01
118 -0.07730 -3.69780e-01 |119 -0.03457  5.84789e-01 |120  0.06971 -1.58511e-01
121  0.02361 -1.68682e+00 |122  0.01375  1.00237e-01 |123 -0.02797  3.21836e+00
124 -0.06716  1.37796e+00 |125 -0.00654 -1.55628e+00 |126  0.00456 -4.05999e+00
127 -0.02731 -2.27999e+00 |128  0.02817 -3.28055e+00 |129  0.07344 -4.85258e+00
130  0.01038 -5.36285e-01 |131  0.08254  4.05949e+00 |132  0.00575  1.45086e+00
133  0.13287  6.80903e-01 |134 -0.00532 -4.14670e-01 |135 -0.04646 -3.45645e-01
136 -0.05671 -7.75259e-01 |137 -0.02192 -6.09323e-01 |138  0.09420  9.81036e-01
139  0.03190  1.31930e+00 |140  0.01685 -1.69455e-01 |141 -0.02798 -3.26886e-01
142 -0.01758 -1.06206e-01 |143 -0.00588 -3.47973e-04 |144 -0.00040 -1.75992e-05
145  0.27670 -1.33095e-04 |146  0.18753  3.27385e-04 |147  0.04662 -2.73902e-03
148  0.29671  5.68254e-03 |149 -0.47543 -1.36842e-02 |150  0.31377  4.02860e-03
151  0.18255 -5.54285e-04 |152  0.25986  8.84393e-04 |153  0.17459  6.42277e-03
154  0.25418 -5.76675e-03 |155  0.10351  3.71330e-04 |156  0.29677 -4.31240e-04
157  0.16893  2.99799e-02 |158  0.24623 -3.60107e-02 |159 -0.35197  1.18872e-05
160  0.24281  7.13982e-06 |161  0.20265 -1.13742e-04 |162  0.31675 -4.51477e-05
163 -0.38040 -4.17004e-05 |164  0.23607 -1.04069e-05 |165  0.05118  3.01759e-01
166  0.11969  8.36519e-02 |167  0.32140 -4.22577e-01 |168  0.27252 -3.14870e-02
169  0.01343  7.30552e-02 |170  0.39319 -2.43888e-01 |171  0.09932  4.14305e-01
172  0.16368 -1.12977e-03 |173  0.21870 -2.36656e-01 |174  0.25726  1.96604e-03
175 -0.55411  6.57134e-05 |176  0.17113 -9.84454e-05 |

Intermediate statistics: 176 variables; iteration 20; function evaluation 25; phase 3
Function value 7.3067382e+03; maximum gradient component mag -1.6657e+01
Var    Value     Gradient |Var    Value     Gradient |Var    Value     Gradient
  1 -0.42371 -1.66568e+01 |  2  0.37160  1.32664e+01 |  3 -0.12647 -8.49476e+00
  4 -0.01335  1.61729e+00 |  5 -0.70940 -6.02396e-01 |  6 -0.60431  4.28640e-01
  7  0.37649 -4.33039e+00 |  8 -0.18517 -3.71928e+00 |  9  0.03359 -2.61096e+00
 10 -0.60949 -1.27481e-01 | 11 -0.62337  1.32911e+00 | 12 -0.09296  9.62805e+00
 13 -0.01010  4.37387e-02 | 14 -0.01032  4.48727e-02 | 15 -0.01054  4.60309e-02
 16 -0.01076  4.72111e-02 | 17 -0.01096  4.84142e-02 | 18 -0.01117  4.96427e-02
 19 -0.01136  5.08939e-02 | 20 -0.01155  5.21674e-02 | 21 -0.01173  5.34665e-02
 22 -0.01189  5.47896e-02 | 23 -0.01205  5.61357e-02 | 24 -0.01218  5.75105e-02
 25 -0.01231  5.89118e-02 | 26 -0.01242  6.03411e-02 | 27 -0.01251  6.17974e-02
 28 -0.01257  6.32810e-02 | 29 -0.01262  6.47892e-02 | 30 -0.01265  6.63252e-02
 31 -0.01264  6.78916e-02 | 32 -0.01262  6.94910e-02 | 33 -0.01257  7.11284e-02
 34 -0.01248  7.28058e-02 | 35 -0.01237  7.45220e-02 | 36 -0.01223  7.62794e-02
 37 -0.01205  7.80731e-02 | 38 -0.01183  7.99019e-02 | 39 -0.01157  8.17640e-02
 40 -0.01127  8.36539e-02 | 41 -0.01094  8.55864e-02 | 42 -0.01057  8.75607e-02
 43 -0.01016  8.95843e-02 | 44 -0.00973  9.16595e-02 | 45 -0.00927  9.37864e-02
 46 -0.00879  9.59683e-02 | 47 -0.00830  9.82059e-02 | 48 -0.00782  1.00504e-01
 49 -0.00735  1.02860e-01 | 50 -0.00691  1.05272e-01 | 51 -0.00650  1.07724e-01
 52 -0.00613  1.10189e-01 | 53 -0.00581  1.12662e-01 | 54 -0.00554  1.15150e-01
 55 -0.00530  1.17670e-01 | 56 -0.00509  1.20255e-01 | 57 -0.00488  1.22952e-01
 58 -0.00464  1.25783e-01 | 59 -0.00436  1.28787e-01 | 60 -0.00400  1.32011e-01
 61 -0.00354  1.35518e-01 | 62 -0.00293  1.39327e-01 | 63 -0.00214  1.43515e-01
 64 -0.00114  1.48145e-01 | 65  0.00009  1.53246e-01 | 66  0.00160  1.58994e-01
 67  0.00340  1.65412e-01 | 68  0.00552  1.72545e-01 | 69  0.00795  1.80454e-01
 70  0.01070  1.89143e-01 | 71  0.01374  1.98622e-01 | 72  0.01699  2.08829e-01
 73  0.02037  2.19636e-01 | 74  0.02373  2.30832e-01 | 75  0.02688  2.42058e-01
 76  0.02960  2.52763e-01 | 77  0.03170  2.62429e-01 | 78  0.03304  2.70653e-01
 79  0.03361  2.77167e-01 | 80  0.03348  2.82024e-01 | 81  0.03276  2.85250e-01
 82  0.03150  2.86869e-01 | 83  0.02965  2.86710e-01 | 84  0.02711  2.84552e-01
 85  0.02386  2.80407e-01 | 86  0.02005  2.74731e-01 | 87  0.01608  2.68501e-01
 88  0.01246  2.62787e-01 | 89  0.00961  2.58586e-01 | 90  0.00767  2.56289e-01
 91  0.00643  2.55814e-01 | 92  0.00550  2.56614e-01 | 93  0.00474  2.58665e-01
 94  0.00463  2.62705e-01 | 95  0.00528  2.67990e-01 | 96  0.00551  2.72444e-01
 97  0.00719  2.80219e-01 | 98  0.00975  2.90746e-01 | 99  0.01370  3.01161e-01
100  0.01380  3.07375e-01 |101  0.01253  3.13778e-01 |102  0.01083  3.16459e-01
103  0.00278  3.13825e-01 |104  0.00357  3.48736e-01 |105  0.02285  4.36191e-01
106  0.02137  4.56408e-01 |107 -0.00271  4.51790e-01 |108  0.01573  5.87163e-01
109  0.08347  1.02767e+00 |110  0.02825  5.59866e-01 |111 -0.01468  3.34487e-01
112  0.00411  1.73816e-01 |113  0.01916 -2.12184e-01 |114  0.03856 -8.82489e-01
115  0.00329 -1.23356e+00 |116 -0.06194 -8.37953e-01 |117 -0.07820 -6.53970e-01
118 -0.07695 -4.30471e-01 |119 -0.03561 -1.94886e-01 |120  0.06930 -8.70905e-01
121  0.02641 -8.58594e-01 |122  0.01442 -1.91081e-01 |123 -0.03240  4.24795e-01
124 -0.07045  3.33946e-02 |125 -0.00613 -1.17849e+00 |126  0.00863 -2.01994e+00
127 -0.02699 -1.44597e+00 |128  0.02777 -2.11351e+00 |129  0.07697 -2.52793e+00
130  0.01023 -4.37865e-01 |131  0.07933  1.57887e+00 |132  0.00548  6.99870e-01
133  0.13321  8.05837e-01 |134 -0.00466 -1.33879e-01 |135 -0.04600  4.08238e-03
136 -0.05521 -2.01886e-01 |137 -0.02057 -1.22620e-01 |138  0.09275  1.89769e-01
139  0.02923  2.26680e-01 |140  0.01698  9.90061e-03 |141 -0.02730 -5.20548e-02
142 -0.01725 -9.16063e-02 |143 -0.00610  8.12227e-02 |144 -0.00040 -1.25030e-04
145  0.27720  1.89936e+00 |146  0.18802  2.86754e+00 |147  0.04680  4.12564e-01
148  0.29675  4.76153e-02 |149 -0.47537 -1.35660e-02 |150  0.31375  4.08920e-03
151  0.18354  4.77926e-01 |152  0.26029  5.66633e-01 |153  0.17473  7.68199e-01
154  0.25411 -8.76991e-01 |155  0.10432  5.14086e-01 |156  0.29700 -6.36656e-01
157  0.16918  4.69873e-01 |158  0.24629 -5.45457e-01 |159 -0.35152  2.02614e-01
160  0.24306  8.93534e-02 |161  0.20256  1.07923e-01 |162  0.31666 -2.21146e-01
163 -0.38083  4.27706e-02 |164  0.23588 -1.35864e-01 |165  0.05111  1.00182e-01
166  0.11977  9.86378e-01 |167  0.32141 -1.22354e-01 |168  0.27243 -9.80299e-01
169  0.01304  3.92268e-02 |170  0.39447 -2.29808e-01 |171  0.09925 -4.48111e+00
172  0.16386 -1.47538e-01 |173  0.21877  3.99080e+00 |174  0.25740  4.73284e+00
175 -0.55411  5.55589e-01 |176  0.17117  4.08331e-02 |
176 variables; iteration 40; function evaluation 45; phase 3
Function value 7.3067100e+03; maximum gradient component mag 7.5559e+00
Var    Value     Gradient |Var    Value     Gradient |Var    Value     Gradient
  1 -0.42349 -6.64932e+00 |  2  0.37163  7.55590e+00 |  3 -0.12618 -2.41170e+00
  4 -0.01375  5.20488e-01 |  5 -0.70881 -1.10958e-01 |  6 -0.60436  5.26673e-01
  7  0.37673 -1.61983e+00 |  8 -0.18502 -7.85975e-01 |  9  0.03310 -8.71853e-01
 10 -0.60915  1.20073e-01 | 11 -0.62339  1.12888e+00 | 12 -0.09282  2.94811e+00
 13 -0.01015  5.18083e-03 | 14 -0.01037  5.22655e-03 | 15 -0.01059  5.26491e-03
 16 -0.01080  5.30419e-03 | 17 -0.01101  5.34498e-03 | 18 -0.01122  5.37606e-03
 19 -0.01142  5.40593e-03 | 20 -0.01160  5.43673e-03 | 21 -0.01178  5.45889e-03
 22 -0.01195  5.48001e-03 | 23 -0.01210  5.50681e-03 | 24 -0.01224  5.52309e-03
 25 -0.01237  5.53880e-03 | 26 -0.01248  5.55018e-03 | 27 -0.01257  5.55785e-03
 28 -0.01264  5.55552e-03 | 29 -0.01269  5.54998e-03 | 30 -0.01271  5.53346e-03
 31 -0.01271  5.51116e-03 | 32 -0.01269  5.48582e-03 | 33 -0.01264  5.45130e-03
 34 -0.01256  5.40595e-03 | 35 -0.01245  5.35178e-03 | 36 -0.01230  5.27061e-03
 37 -0.01212  5.16318e-03 | 38 -0.01190  5.01906e-03 | 39 -0.01165  4.83512e-03
 40 -0.01135  4.60602e-03 | 41 -0.01102  4.32992e-03 | 42 -0.01065  4.00886e-03
 43 -0.01024  3.62680e-03 | 44 -0.00981  3.18054e-03 | 45 -0.00935  2.66280e-03
 46 -0.00887  2.05492e-03 | 47 -0.00839  1.35964e-03 | 48 -0.00791  5.58996e-04
 49 -0.00744 -3.54123e-04 | 50 -0.00699 -1.40587e-03 | 51 -0.00658 -2.63112e-03
 52 -0.00622 -4.04310e-03 | 53 -0.00590 -5.66049e-03 | 54 -0.00563 -7.48898e-03
 55 -0.00539 -9.50772e-03 | 56 -0.00518 -1.17208e-02 | 57 -0.00497 -1.41881e-02
 58 -0.00474 -1.69245e-02 | 59 -0.00446 -1.99313e-02 | 60 -0.00410 -2.32542e-02
 61 -0.00364 -2.69338e-02 | 62 -0.00303 -3.09297e-02 | 63 -0.00225 -3.53074e-02
 64 -0.00126 -4.00652e-02 | 65 -0.00003 -4.52158e-02 | 66  0.00147 -5.07943e-02
 67  0.00326 -5.67987e-02 | 68  0.00537 -6.32389e-02 | 69  0.00779 -7.00924e-02
 70  0.01053 -7.73282e-02 | 71  0.01355 -8.49441e-02 | 72  0.01680 -9.28908e-02
 73  0.02016 -1.01047e-01 | 74  0.02351 -1.09194e-01 | 75  0.02664 -1.16962e-01
 76  0.02935 -1.24001e-01 | 77  0.03143 -1.29970e-01 | 78  0.03276 -1.34438e-01
 79  0.03332 -1.37148e-01 | 80  0.03318 -1.37773e-01 | 81  0.03246 -1.36266e-01
 82  0.03119 -1.32426e-01 | 83  0.02934 -1.26061e-01 | 84  0.02681 -1.16842e-01
 85  0.02356 -1.04448e-01 | 86  0.01976 -8.87627e-02 | 87  0.01581 -6.99485e-02
 88  0.01220 -4.81131e-02 | 89  0.00938 -2.31423e-02 | 90  0.00747  5.07054e-03
 91  0.00625  3.64466e-02 | 92  0.00534  7.06142e-02 | 93  0.00461  1.07844e-01
 94  0.00454  1.51124e-01 | 95  0.00524  2.00001e-01 | 96  0.00549  2.42569e-01
 97  0.00722  2.99216e-01 | 98  0.00981  3.56700e-01 | 99  0.01385  4.24633e-01
100  0.01397  4.60055e-01 |101  0.01273  4.83155e-01 |102  0.01109  4.87935e-01
103  0.00295  4.33252e-01 |104  0.00357  3.78610e-01 |105  0.02304  3.88602e-01
106  0.02148  2.53542e-01 |107 -0.00310  1.87852e-03 |108  0.01505 -2.05538e-01
109  0.08319 -2.66969e-01 |110  0.02729 -3.99081e-01 |111 -0.01492 -8.02377e-02
112  0.00449  2.35066e-01 |113  0.01983  2.87494e-01 |114  0.03888 -2.02847e-02
115  0.00418 -1.71930e-01 |116 -0.06181 -3.90087e-01 |117 -0.07775 -1.49336e-01
118 -0.07637  1.83165e-01 |119 -0.03508  5.93176e-01 |120  0.07020  9.87477e-01
121  0.02753  5.42702e-01 |122  0.01473  5.00518e-01 |123 -0.03268  5.82397e-01
124 -0.06972  5.33181e-01 |125 -0.00620 -5.32206e-01 |126  0.01106 -4.69937e-01
127 -0.02651 -7.58164e-01 |128  0.02802 -1.42373e+00 |129  0.07791 -1.83242e+00
130  0.00994 -5.12828e-01 |131  0.07796  3.94979e-01 |132  0.00543  4.04118e-01
133  0.13320  5.42328e-01 |134 -0.00438  3.55137e-02 |135 -0.04589  4.61094e-02
136 -0.05480 -2.03364e-02 |137 -0.02038 -5.21227e-02 |138  0.09286  1.59721e-01
139  0.02953  3.01586e-01 |140  0.01735  6.50109e-02 |141 -0.02635  2.09528e-01
142 -0.01637  1.53884e-01 |143 -0.00615  6.75164e-02 |144 -0.00044 -5.81471e-03
145  0.27643 -5.10321e-01 |146  0.18821  2.05267e+00 |147  0.04714  7.55180e-01
148  0.29690  1.06012e+00 |149 -0.46825 -1.40368e-02 |150  0.31159  4.35980e-03
151  0.18359  2.61069e-01 |152  0.26028  4.49461e-01 |153  0.17452 -4.73477e-02
154  0.25396 -3.75775e-01 |155  0.10399 -1.93184e-02 |156  0.29686 -1.14334e-03
157  0.16898  8.90335e-02 |158  0.24614 -2.77469e-01 |159 -0.35141  4.08509e-01
160  0.24268 -1.49238e+00 |161  0.20272  1.39194e-01 |162  0.31655 -3.98541e-03
163 -0.37685  1.64093e-01 |164  0.23757  1.53833e+00 |165  0.05143  5.04340e-01
166  0.11974  4.36725e-01 |167  0.32154  2.08187e-01 |168  0.27235 -4.32656e-01
169 -0.03282  2.01529e-01 |170  0.51561 -2.09681e-02 |171  0.09925 -2.98261e+00
172  0.16381 -2.00953e+00 |173  0.21865  1.97799e+00 |174  0.25727  4.24404e+00
175 -0.55634  3.25601e-01 |176  0.17000 -1.68097e-01 |
176 variables; iteration 60; function evaluation 71; phase 3
Function value 7.3066079e+03; maximum gradient component mag 1.7825e+01
Var    Value     Gradient |Var    Value     Gradient |Var    Value     Gradient
  1 -0.42273  1.78247e+01 |  2  0.37111 -8.72874e+00 |  3 -0.12623  9.25595e+00
  4 -0.01316  9.69739e-01 |  5 -0.71078 -7.98996e-01 |  6 -0.60429  4.26355e-01
  7  0.37680  2.62007e+00 |  8 -0.18495  3.97098e+00 |  9  0.03286  2.24511e+00
 10 -0.60886  9.11327e-01 | 11 -0.62340  3.31303e-01 | 12 -0.09615 -9.59825e+00
 13 -0.01026 -1.04541e-01 | 14 -0.01048 -1.06873e-01 | 15 -0.01070 -1.09217e-01
 16 -0.01092 -1.11481e-01 | 17 -0.01113 -1.13658e-01 | 18 -0.01133 -1.15847e-01
 19 -0.01153 -1.17950e-01 | 20 -0.01172 -1.19941e-01 | 21 -0.01189 -1.21909e-01
 22 -0.01206 -1.23774e-01 | 23 -0.01221 -1.25462e-01 | 24 -0.01235 -1.27133e-01
 25 -0.01247 -1.28678e-01 | 26 -0.01258 -1.30128e-01 | 27 -0.01266 -1.31464e-01
 28 -0.01273 -1.32737e-01 | 29 -0.01277 -1.33866e-01 | 30 -0.01279 -1.34917e-01
 31 -0.01278 -1.35834e-01 | 32 -0.01275 -1.36576e-01 | 33 -0.01269 -1.37189e-01
 34 -0.01260 -1.37665e-01 | 35 -0.01248 -1.37956e-01 | 36 -0.01233 -1.38212e-01
 37 -0.01214 -1.38394e-01 | 38 -0.01191 -1.38577e-01 | 39 -0.01165 -1.38762e-01
 40 -0.01134 -1.38937e-01 | 41 -0.01100 -1.39134e-01 | 42 -0.01062 -1.39259e-01
 43 -0.01020 -1.39403e-01 | 44 -0.00976 -1.39518e-01 | 45 -0.00928 -1.39575e-01
 46 -0.00880 -1.39647e-01 | 47 -0.00830 -1.39593e-01 | 48 -0.00780 -1.39467e-01
 49 -0.00732 -1.39241e-01 | 50 -0.00686 -1.39112e-01 | 51 -0.00644 -1.39409e-01
 52 -0.00606 -1.40290e-01 | 53 -0.00573 -1.41986e-01 | 54 -0.00545 -1.44552e-01
 55 -0.00521 -1.47739e-01 | 56 -0.00499 -1.51506e-01 | 57 -0.00478 -1.56282e-01
 58 -0.00455 -1.62125e-01 | 59 -0.00427 -1.69022e-01 | 60 -0.00392 -1.77303e-01
 61 -0.00346 -1.87248e-01 | 62 -0.00285 -1.98581e-01 | 63 -0.00208 -2.11817e-01
 64 -0.00110 -2.27078e-01 | 65  0.00012 -2.44659e-01 | 66  0.00161 -2.65067e-01
 67  0.00338 -2.88666e-01 | 68  0.00546 -3.15706e-01 | 69  0.00786 -3.46521e-01
 70  0.01056 -3.81236e-01 | 71  0.01354 -4.18638e-01 | 72  0.01675 -4.55555e-01
 73  0.02011 -4.88902e-01 | 74  0.02349 -5.18150e-01 | 75  0.02665 -5.48319e-01
 76  0.02939 -5.80631e-01 | 77  0.03149 -6.13117e-01 | 78  0.03283 -6.46556e-01
 79  0.03341 -6.75853e-01 | 80  0.03327 -7.06350e-01 | 81  0.03256 -7.31477e-01
 82  0.03132 -7.50844e-01 | 83  0.02953 -7.59315e-01 | 84  0.02709 -7.57700e-01
 85  0.02390 -7.53746e-01 | 86  0.02012 -7.53225e-01 | 87  0.01616 -7.53440e-01
 88  0.01256 -7.51161e-01 | 89  0.00974 -7.48529e-01 | 90  0.00782 -7.48208e-01
 91  0.00658 -7.54358e-01 | 92  0.00559 -7.69586e-01 | 93  0.00469 -7.98313e-01
 94  0.00439 -8.38257e-01 | 95  0.00483 -8.79799e-01 | 96  0.00492 -8.98402e-01
 97  0.00664 -8.83492e-01 | 98  0.00957 -7.97337e-01 | 99  0.01312 -8.39048e-01
100  0.01368 -6.38279e-01 |101  0.01255 -4.81087e-01 |102  0.01016 -4.42892e-01
103  0.00162 -3.71137e-01 |104  0.00249 -1.99762e-01 |105  0.02239  5.13468e-01
106  0.02197  1.20707e+00 |107 -0.00324  8.55121e-01 |108  0.01491  1.54359e+00
109  0.08307  3.26534e+00 |110  0.02692  1.77593e+00 |111 -0.01566  1.25955e+00
112  0.00100  1.01543e+00 |113  0.02084  2.98178e+00 |114  0.03783  3.24113e+00
115  0.00659  3.47987e+00 |116 -0.06259  6.12392e-01 |117 -0.07804  3.17608e-01
118 -0.07625  3.23705e-01 |119 -0.03551 -5.82211e-02 |120  0.06966  2.29217e-02
121  0.02854  4.37643e-01 |122  0.01506 -1.57073e-01 |123 -0.03513 -1.02803e+00
124 -0.06986  1.34412e-01 |125 -0.00718 -7.98564e-01 |126  0.01251  9.46311e-01
127 -0.02655  3.77738e-01 |128  0.03149  1.77750e+00 |129  0.07848  1.27859e+00
130  0.01332  1.17802e+00 |131  0.07372 -1.57544e+00 |132  0.00408 -5.64638e-01
133  0.13085 -1.44048e+00 |134 -0.00350  5.85698e-01 |135 -0.04599 -7.01109e-02
136 -0.05379  3.69028e-01 |137 -0.01990  1.39568e-01 |138  0.09269  3.96231e-01
139  0.02891  1.84805e-01 |140  0.01677 -5.09336e-02 |141 -0.02493  6.25125e-01
142 -0.01079  1.87385e+00 |143 -0.00559 -8.18716e-03 |144 -0.00037 -1.28217e-03
145  0.28142 -8.77784e-01 |146  0.18875 -3.16484e+00 |147  0.04668 -9.59299e-01
148  0.29642 -1.76065e+00 |149 -0.42934 -1.56570e-02 |150  0.29932  5.93253e-03
151  0.18334 -2.19444e-01 |152  0.25986 -1.12144e+00 |153  0.17344 -2.10176e+00
154  0.25321 -2.05193e-01 |155  0.10442 -2.87050e-01 |156  0.29692  2.90135e-01
157  0.17040 -2.95183e-02 |158  0.24700  1.57725e+00 |159 -0.35095 -4.93335e-01
160  0.24337  1.48444e+00 |161  0.20211 -7.40131e-01 |162  0.31613 -1.74650e-01
163 -0.38771 -6.50368e-01 |164  0.23274 -1.80176e+00 |165  0.05060 -5.50139e-01
166  0.11972 -1.12076e+00 |167  0.32081 -7.86885e-01 |168  0.27233  6.39205e-01
169 -0.25980  2.99325e-01 |170  0.62202  4.31843e-03 |171  0.09948  2.01883e+00
172  0.16362 -6.94827e-02 |173  0.21861 -2.23503e+00 |174  0.25692 -4.54632e+00
175 -0.54077  7.68962e-01 |176  0.17639 -6.53966e-01 |
176 variables; iteration 80; function evaluation 100; phase 3
Function value 7.3065454e+03; maximum gradient component mag -2.0160e+00
Var    Value     Gradient |Var    Value     Gradient |Var    Value     Gradient
  1 -0.42308  1.69188e+00 |  2  0.37140 -2.01597e+00 |  3 -0.12625  5.96224e-01
  4 -0.01354 -5.14857e-01 |  5 -0.70933 -1.08473e-01 |  6 -0.60428 -9.19506e-03
  7  0.37692  1.16017e-01 |  8 -0.18499 -2.60610e-01 |  9  0.03272 -1.53735e-01
 10 -0.60898  1.29355e-01 | 11 -0.62338 -3.66671e-01 | 12 -0.09975  7.13040e-02
 13 -0.01012 -2.46863e-02 | 14 -0.01034 -2.52570e-02 | 15 -0.01055 -2.57864e-02
 16 -0.01077 -2.62498e-02 | 17 -0.01098 -2.66422e-02 | 18 -0.01118 -2.69867e-02
 19 -0.01137 -2.72593e-02 | 20 -0.01156 -2.74537e-02 | 21 -0.01173 -2.75955e-02
 22 -0.01190 -2.76673e-02 | 23 -0.01205 -2.76543e-02 | 24 -0.01218 -2.76038e-02
 25 -0.01231 -2.74937e-02 | 26 -0.01241 -2.73395e-02 | 27 -0.01250 -2.71457e-02
 28 -0.01256 -2.69363e-02 | 29 -0.01261 -2.66993e-02 | 30 -0.01263 -2.64602e-02
 31 -0.01262 -2.62096e-02 | 32 -0.01259 -2.59422e-02 | 33 -0.01254 -2.56743e-02
 34 -0.01245 -2.54080e-02 | 35 -0.01234 -2.51329e-02 | 36 -0.01219 -2.48904e-02
 37 -0.01201 -2.46675e-02 | 38 -0.01179 -2.44764e-02 | 39 -0.01153 -2.43026e-02
 40 -0.01123 -2.41219e-02 | 41 -0.01090 -2.39092e-02 | 42 -0.01052 -2.36066e-02
 43 -0.01012 -2.31963e-02 | 44 -0.00968 -2.26261e-02 | 45 -0.00922 -2.18535e-02
 46 -0.00874 -2.08580e-02 | 47 -0.00825 -1.95999e-02 | 48 -0.00777 -1.80843e-02
 49 -0.00729 -1.63262e-02 | 50 -0.00685 -1.43587e-02 | 51 -0.00643 -1.21901e-02
 52 -0.00606 -9.81097e-03 | 53 -0.00574 -7.18746e-03 | 54 -0.00546 -4.29873e-03
 55 -0.00522 -1.21043e-03 | 56 -0.00500  2.00425e-03 | 57 -0.00479  5.38374e-03
 58 -0.00455  8.85924e-03 | 59 -0.00427  1.22949e-02 | 60 -0.00391  1.56576e-02
 61 -0.00344  1.88883e-02 | 62 -0.00283  2.15702e-02 | 63 -0.00205  2.36879e-02
 64 -0.00106  2.50022e-02 | 65  0.00016  2.56367e-02 | 66  0.00166  2.61273e-02
 67  0.00346  2.78482e-02 | 68  0.00558  3.30482e-02 | 69  0.00806  4.46627e-02
 70  0.01089  6.60477e-02 | 71  0.01406  9.75775e-02 | 72  0.01747  1.31104e-01
 73  0.02092  1.46028e-01 | 74  0.02417  1.20006e-01 | 75  0.02717  8.87094e-02
 76  0.02992  9.11361e-02 | 77  0.03225  1.29347e-01 | 78  0.03380  1.57331e-01
 79  0.03449  1.68726e-01 | 80  0.03409  1.07033e-01 | 81  0.03335  8.92415e-02
 82  0.03231  1.14866e-01 | 83  0.03065  1.32904e-01 | 84  0.02785  6.71246e-02
 85  0.02431 -8.56754e-03 | 86  0.02061 -5.31836e-03 | 87  0.01683  1.62748e-02
 88  0.01325  8.62039e-03 | 89  0.01034 -2.10076e-02 | 90  0.00828 -6.37031e-02
 91  0.00691 -1.08498e-01 | 92  0.00585 -1.45569e-01 | 93  0.00504 -1.61653e-01
 94  0.00495 -1.53567e-01 | 95  0.00568 -1.20732e-01 | 96  0.00591 -9.79350e-02
 97  0.00763 -5.65048e-02 | 98  0.00966 -1.31258e-01 | 99  0.01557  3.53672e-01
100  0.01381  6.95311e-03 |101  0.01225  7.09770e-03 |102  0.01136  2.52001e-01
103  0.00272  1.83503e-01 |104  0.00290  1.16008e-01 |105  0.02192  1.83529e-01
106  0.02063  3.24081e-01 |107 -0.00362  2.77359e-01 |108  0.01505  3.49514e-01
109  0.08100  2.55225e-01 |110  0.02646 -1.49635e-03 |111 -0.01608 -8.34416e-02
112  0.00136 -4.48861e-01 |113  0.01833  2.04089e-01 |114  0.03769  3.80967e-01
115  0.00339  3.55996e-01 |116 -0.06287 -3.07354e-01 |117 -0.07833 -1.19164e-01
118 -0.07718 -1.92485e-01 |119 -0.03655 -5.09644e-01 |120  0.06937 -5.25704e-01
121  0.02716 -3.06627e-01 |122  0.01425 -3.12905e-01 |123 -0.03398 -2.23013e-01
124 -0.07126 -1.55428e-01 |125 -0.00619 -3.01626e-01 |126  0.00989 -2.15429e-02
127 -0.02519  5.13675e-01 |128  0.02800  8.78275e-02 |129  0.07767 -5.75696e-02
130  0.00982  3.83413e-02 |131  0.07505 -5.56080e-01 |132  0.00453  1.02157e-01
133  0.13117 -5.04544e-01 |134 -0.00494  8.34474e-02 |135 -0.04621  2.66387e-02
136 -0.05502  4.32441e-02 |137 -0.02032  8.72980e-02 |138  0.09246  3.03222e-01
139  0.02765 -1.78689e-01 |140  0.01694  7.69516e-02 |141 -0.02686  1.27027e-01
142 -0.01667  1.63236e-01 |143 -0.00658 -1.24473e-01 |144 -0.00040 -2.37149e-03
145  0.28679  8.95152e-02 |146  0.19632 -8.01597e-01 |147  0.04705  1.98223e-01
148  0.29659 -5.65510e-01 |149 -0.36456 -1.70127e-02 |150  0.27203  8.94509e-03
151  0.18384  1.66312e-01 |152  0.26007 -4.31224e-01 |153  0.17501  3.21635e-01
154  0.25421  1.08401e-01 |155  0.10442  1.92557e-02 |156  0.29683 -2.25208e-01
157  0.16936  1.39619e-01 |158  0.24628 -9.78217e-02 |159 -0.35082  5.06095e-02
160  0.24319  3.20959e-01 |161  0.20190 -4.39021e-01 |162  0.31622 -1.96006e-01
163 -0.38249 -1.79180e-01 |164  0.23496 -3.03081e-01 |165  0.05101 -5.48480e-02
166  0.11977  2.27700e-02 |167  0.32115 -2.62183e-01 |168  0.27237 -7.00083e-02
169 -0.28510  1.53426e-01 |170  0.61388  4.49432e-03 |171  0.09941  1.46882e+00
172  0.16382  1.24985e+00 |173  0.21866 -9.66271e-01 |174  0.25707 -1.86677e+00
175 -0.55638 -1.05208e-01 |176  0.16985 -3.24534e-01 |
Maximum number of function evaluations exceeded

 - final statistics:
176 variables; iteration 81; function evaluation 100
Function value 7.3065e+03; maximum gradient component mag -2.0160e+00
Exit code = 3;  converg criter 1.0000e+00
Var    Value     Gradient |Var    Value     Gradient |Var    Value     Gradient
  1 -0.42308  1.69188e+00 |  2  0.37140 -2.01597e+00 |  3 -0.12625  5.96224e-01
  4 -0.01354 -5.14857e-01 |  5 -0.70933 -1.08473e-01 |  6 -0.60428 -9.19506e-03
  7  0.37692  1.16017e-01 |  8 -0.18499 -2.60610e-01 |  9  0.03272 -1.53735e-01
 10 -0.60898  1.29355e-01 | 11 -0.62338 -3.66671e-01 | 12 -0.09975  7.13040e-02
 13 -0.01012 -2.46863e-02 | 14 -0.01034 -2.52570e-02 | 15 -0.01055 -2.57864e-02
 16 -0.01077 -2.62498e-02 | 17 -0.01098 -2.66422e-02 | 18 -0.01118 -2.69867e-02
 19 -0.01137 -2.72593e-02 | 20 -0.01156 -2.74537e-02 | 21 -0.01173 -2.75955e-02
 22 -0.01190 -2.76673e-02 | 23 -0.01205 -2.76543e-02 | 24 -0.01218 -2.76038e-02
 25 -0.01231 -2.74937e-02 | 26 -0.01241 -2.73395e-02 | 27 -0.01250 -2.71457e-02
 28 -0.01256 -2.69363e-02 | 29 -0.01261 -2.66993e-02 | 30 -0.01263 -2.64602e-02
 31 -0.01262 -2.62096e-02 | 32 -0.01259 -2.59422e-02 | 33 -0.01254 -2.56743e-02
 34 -0.01245 -2.54080e-02 | 35 -0.01234 -2.51329e-02 | 36 -0.01219 -2.48904e-02
 37 -0.01201 -2.46675e-02 | 38 -0.01179 -2.44764e-02 | 39 -0.01153 -2.43026e-02
 40 -0.01123 -2.41219e-02 | 41 -0.01090 -2.39092e-02 | 42 -0.01052 -2.36066e-02
 43 -0.01012 -2.31963e-02 | 44 -0.00968 -2.26261e-02 | 45 -0.00922 -2.18535e-02
 46 -0.00874 -2.08580e-02 | 47 -0.00825 -1.95999e-02 | 48 -0.00777 -1.80843e-02
 49 -0.00729 -1.63262e-02 | 50 -0.00685 -1.43587e-02 | 51 -0.00643 -1.21901e-02
 52 -0.00606 -9.81097e-03 | 53 -0.00574 -7.18746e-03 | 54 -0.00546 -4.29873e-03
 55 -0.00522 -1.21043e-03 | 56 -0.00500  2.00425e-03 | 57 -0.00479  5.38374e-03
 58 -0.00455  8.85924e-03 | 59 -0.00427  1.22949e-02 | 60 -0.00391  1.56576e-02
 61 -0.00344  1.88883e-02 | 62 -0.00283  2.15702e-02 | 63 -0.00205  2.36879e-02
 64 -0.00106  2.50022e-02 | 65  0.00016  2.56367e-02 | 66  0.00166  2.61273e-02
 67  0.00346  2.78482e-02 | 68  0.00558  3.30482e-02 | 69  0.00806  4.46627e-02
 70  0.01089  6.60477e-02 | 71  0.01406  9.75775e-02 | 72  0.01747  1.31104e-01
 73  0.02092  1.46028e-01 | 74  0.02417  1.20006e-01 | 75  0.02717  8.87094e-02
 76  0.02992  9.11361e-02 | 77  0.03225  1.29347e-01 | 78  0.03380  1.57331e-01
 79  0.03449  1.68726e-01 | 80  0.03409  1.07033e-01 | 81  0.03335  8.92415e-02
 82  0.03231  1.14866e-01 | 83  0.03065  1.32904e-01 | 84  0.02785  6.71246e-02
 85  0.02431 -8.56754e-03 | 86  0.02061 -5.31836e-03 | 87  0.01683  1.62748e-02
 88  0.01325  8.62039e-03 | 89  0.01034 -2.10076e-02 | 90  0.00828 -6.37031e-02
 91  0.00691 -1.08498e-01 | 92  0.00585 -1.45569e-01 | 93  0.00504 -1.61653e-01
 94  0.00495 -1.53567e-01 | 95  0.00568 -1.20732e-01 | 96  0.00591 -9.79350e-02
 97  0.00763 -5.65048e-02 | 98  0.00966 -1.31258e-01 | 99  0.01557  3.53672e-01
100  0.01381  6.95311e-03 |101  0.01225  7.09770e-03 |102  0.01136  2.52001e-01
103  0.00272  1.83503e-01 |104  0.00290  1.16008e-01 |105  0.02192  1.83529e-01
106  0.02063  3.24081e-01 |107 -0.00362  2.77359e-01 |108  0.01505  3.49514e-01
109  0.08100  2.55225e-01 |110  0.02646 -1.49635e-03 |111 -0.01608 -8.34416e-02
112  0.00136 -4.48861e-01 |113  0.01833  2.04089e-01 |114  0.03769  3.80967e-01
115  0.00339  3.55996e-01 |116 -0.06287 -3.07354e-01 |117 -0.07833 -1.19164e-01
118 -0.07718 -1.92485e-01 |119 -0.03655 -5.09644e-01 |120  0.06937 -5.25704e-01
121  0.02716 -3.06627e-01 |122  0.01425 -3.12905e-01 |123 -0.03398 -2.23013e-01
124 -0.07126 -1.55428e-01 |125 -0.00619 -3.01626e-01 |126  0.00989 -2.15429e-02
127 -0.02519  5.13675e-01 |128  0.02800  8.78275e-02 |129  0.07767 -5.75696e-02
130  0.00982  3.83413e-02 |131  0.07505 -5.56080e-01 |132  0.00453  1.02157e-01
133  0.13117 -5.04544e-01 |134 -0.00494  8.34474e-02 |135 -0.04621  2.66387e-02
136 -0.05502  4.32441e-02 |137 -0.02032  8.72980e-02 |138  0.09246  3.03222e-01
139  0.02765 -1.78689e-01 |140  0.01694  7.69516e-02 |141 -0.02686  1.27027e-01
142 -0.01667  1.63236e-01 |143 -0.00658 -1.24473e-01 |144 -0.00040 -2.37149e-03
145  0.28679  8.95152e-02 |146  0.19632 -8.01597e-01 |147  0.04705  1.98223e-01
148  0.29659 -5.65510e-01 |149 -0.36456 -1.70127e-02 |150  0.27203  8.94509e-03
151  0.18384  1.66312e-01 |152  0.26007 -4.31224e-01 |153  0.17501  3.21635e-01
154  0.25421  1.08401e-01 |155  0.10442  1.92557e-02 |156  0.29683 -2.25208e-01
157  0.16936  1.39619e-01 |158  0.24628 -9.78217e-02 |159 -0.35082  5.06095e-02
160  0.24319  3.20959e-01 |161  0.20190 -4.39021e-01 |162  0.31622 -1.96006e-01
163 -0.38249 -1.79180e-01 |164  0.23496 -3.03081e-01 |165  0.05101 -5.48480e-02
166  0.11977  2.27700e-02 |167  0.32115 -2.62183e-01 |168  0.27237 -7.00083e-02
169 -0.28510  1.53426e-01 |170  0.61388  4.49432e-03 |171  0.09941  1.46882e+00
172  0.16382  1.24985e+00 |173  0.21866 -9.66271e-01 |174  0.25707 -1.86677e+00
175 -0.55638 -1.05208e-01 |176  0.16985 -3.24534e-01 |

Initial statistics: 200 variables; iteration 0; function evaluation 0; phase 4
Function value 7.3065454e+03; maximum gradient component mag -5.9473e+00
Var    Value     Gradient |Var    Value     Gradient |Var    Value     Gradient
  1 -0.42308  1.69188e+00 |  2  0.37140 -2.01597e+00 |  3 -0.12625  5.96224e-01
  4 -0.01354 -5.14857e-01 |  5 -0.70933 -1.08473e-01 |  6 -0.60428 -9.19506e-03
  7  0.37692  1.16017e-01 |  8 -0.18499 -2.60610e-01 |  9  0.03272 -1.53735e-01
 10 -0.60898  1.29355e-01 | 11 -0.62338 -3.66671e-01 | 12 -0.09975  7.13040e-02
 13 -0.01012 -2.46863e-02 | 14 -0.01034 -2.52570e-02 | 15 -0.01055 -2.57864e-02
 16 -0.01077 -2.62498e-02 | 17 -0.01098 -2.66422e-02 | 18 -0.01118 -2.69867e-02
 19 -0.01137 -2.72593e-02 | 20 -0.01156 -2.74537e-02 | 21 -0.01173 -2.75955e-02
 22 -0.01190 -2.76673e-02 | 23 -0.01205 -2.76543e-02 | 24 -0.01218 -2.76038e-02
 25 -0.01231 -2.74937e-02 | 26 -0.01241 -2.73395e-02 | 27 -0.01250 -2.71457e-02
 28 -0.01256 -2.69363e-02 | 29 -0.01261 -2.66993e-02 | 30 -0.01263 -2.64602e-02
 31 -0.01262 -2.62096e-02 | 32 -0.01259 -2.59422e-02 | 33 -0.01254 -2.56743e-02
 34 -0.01245 -2.54080e-02 | 35 -0.01234 -2.51329e-02 | 36 -0.01219 -2.48904e-02
 37 -0.01201 -2.46675e-02 | 38 -0.01179 -2.44764e-02 | 39 -0.01153 -2.43026e-02
 40 -0.01123 -2.41219e-02 | 41 -0.01090 -2.39092e-02 | 42 -0.01052 -2.36066e-02
 43 -0.01012 -2.31963e-02 | 44 -0.00968 -2.26261e-02 | 45 -0.00922 -2.18535e-02
 46 -0.00874 -2.08580e-02 | 47 -0.00825 -1.95999e-02 | 48 -0.00777 -1.80843e-02
 49 -0.00729 -1.63262e-02 | 50 -0.00685 -1.43587e-02 | 51 -0.00643 -1.21901e-02
 52 -0.00606 -9.81097e-03 | 53 -0.00574 -7.18746e-03 | 54 -0.00546 -4.29873e-03
 55 -0.00522 -1.21043e-03 | 56 -0.00500  2.00425e-03 | 57 -0.00479  5.38374e-03
 58 -0.00455  8.85924e-03 | 59 -0.00427  1.22949e-02 | 60 -0.00391  1.56576e-02
 61 -0.00344  1.88883e-02 | 62 -0.00283  2.15702e-02 | 63 -0.00205  2.36879e-02
 64 -0.00106  2.50022e-02 | 65  0.00016  2.56367e-02 | 66  0.00166  2.61273e-02
 67  0.00346  2.78482e-02 | 68  0.00558  3.30482e-02 | 69  0.00806  4.46627e-02
 70  0.01089  6.60477e-02 | 71  0.01406  9.75775e-02 | 72  0.01747  1.31104e-01
 73  0.02092  1.46028e-01 | 74  0.02417  1.20006e-01 | 75  0.02717  8.87094e-02
 76  0.02992  9.11361e-02 | 77  0.03225  1.29347e-01 | 78  0.03380  1.57331e-01
 79  0.03449  1.68726e-01 | 80  0.03409  1.07033e-01 | 81  0.03335  8.92415e-02
 82  0.03231  1.14866e-01 | 83  0.03065  1.32904e-01 | 84  0.02785  6.71246e-02
 85  0.02431 -8.56754e-03 | 86  0.02061 -5.31836e-03 | 87  0.01683  1.62748e-02
 88  0.01325  8.62039e-03 | 89  0.01034 -2.10076e-02 | 90  0.00828 -6.37031e-02
 91  0.00691 -1.08498e-01 | 92  0.00585 -1.45569e-01 | 93  0.00504 -1.61653e-01
 94  0.00495 -1.53567e-01 | 95  0.00568 -1.20732e-01 | 96  0.00591 -9.79350e-02
 97  0.00763 -5.65048e-02 | 98  0.00966 -1.31258e-01 | 99  0.01557  3.53672e-01
100  0.01381  6.95311e-03 |101  0.01225  7.09770e-03 |102  0.01136  2.52001e-01
103  0.00272  1.83503e-01 |104  0.00290  1.16008e-01 |105  0.02192  1.83529e-01
106  0.02063  3.24081e-01 |107 -0.00362  2.77359e-01 |108  0.01505  3.49514e-01
109  0.08100  2.55225e-01 |110  0.02646 -1.49635e-03 |111 -0.01608 -8.34416e-02
112  0.00136 -4.48861e-01 |113  0.01833  2.04089e-01 |114  0.03769  3.80967e-01
115  0.00339  3.55996e-01 |116 -0.06287 -3.07354e-01 |117 -0.07833 -1.19164e-01
118 -0.07718 -1.92485e-01 |119 -0.03655 -5.09644e-01 |120  0.06937 -5.25704e-01
121  0.02716 -3.06627e-01 |122  0.01425 -3.12905e-01 |123 -0.03398 -2.23013e-01
124 -0.07126 -1.55428e-01 |125 -0.00619 -3.01626e-01 |126  0.00989 -2.15429e-02
127 -0.02519  5.13675e-01 |128  0.02800  8.78275e-02 |129  0.07767 -5.75696e-02
130  0.00982  3.83413e-02 |131  0.07505 -5.56080e-01 |132  0.00453  1.02157e-01
133  0.13117 -5.04544e-01 |134 -0.00494  8.34474e-02 |135 -0.04621  2.66387e-02
136 -0.05502  4.32441e-02 |137 -0.02032  8.72980e-02 |138  0.09246  3.03222e-01
139  0.02765 -1.78689e-01 |140  0.01694  7.69516e-02 |141 -0.02686  1.27027e-01
142 -0.01667  1.63236e-01 |143 -0.00658 -1.24473e-01 |144 -0.00040 -2.37149e-03
145  0.28679  8.95152e-02 |146  0.19632 -8.01597e-01 |147  0.04705  1.98223e-01
148  0.29659 -5.65510e-01 |149  0.01638 -1.32992e-02 |150 -0.11477 -1.30162e+00
151 -0.36456 -1.70127e-02 |152  0.27203  8.94509e-03 |153  0.04878 -2.34113e-02
154 -0.23502 -9.53047e-04 |155  0.18384  1.66312e-01 |156  0.26007 -4.31224e-01
157  0.17501  3.21635e-01 |158  0.25421  1.08401e-01 |159  0.00587  3.23484e-01
160 -0.09827 -2.71483e-01 |161  0.10442  1.92557e-02 |162  0.29683 -2.25208e-01
163  0.16936  1.39619e-01 |164  0.24628 -9.78217e-02 |165 -0.35082  5.06095e-02
166  0.24319  3.20959e-01 |167  0.05275  8.16292e-01 |168 -0.18762 -2.30884e+00
169  0.20190 -4.39021e-01 |170  0.31622 -1.96006e-01 |171  0.07774 -2.84149e+00
172 -0.53183 -2.14725e-04 |173 -0.38249 -1.79180e-01 |174  0.23496 -3.03081e-01
175  0.07820 -7.31797e-02 |176 -0.12196 -5.94729e+00 |177  0.05101 -5.48480e-02
178  0.11977  2.27700e-02 |179  0.32115 -2.62183e-01 |180  0.27237 -7.00083e-02
181  0.00546 -2.18787e-01 |182  0.00907  7.11961e-02 |183 -0.15012 -1.48257e+00
184 -0.12571 -4.67280e-02 |185 -0.28510  1.53426e-01 |186  0.61388  4.49432e-03
187  0.01863  4.31829e-01 |188 -0.15435  2.83262e+00 |189  0.09941  1.46882e+00
190  0.16382  1.24985e+00 |191  0.21866 -9.66271e-01 |192  0.25707 -1.86677e+00
193  0.02453  1.01660e+00 |194 -0.00648  1.58283e-01 |195 -0.17628 -6.84383e-01
196 -0.11429 -3.02859e+00 |197 -0.55638 -1.05208e-01 |198  0.16985 -3.24534e-01
199  0.09511 -1.91768e+00 |200 -0.25343 -8.44346e-01 |

Intermediate statistics: 200 variables; iteration 20; function evaluation 23; phase 4
Function value 7.3062433e+03; maximum gradient component mag 1.5217e+01
Var    Value     Gradient |Var    Value     Gradient |Var    Value     Gradient
  1 -0.42250 -3.19631e+00 |  2  0.37178 -1.26543e+01 |  3 -0.12682 -5.36992e+00
  4 -0.01456 -8.04981e+00 |  5 -0.70834  6.58529e-01 |  6 -0.60385 -1.30174e+00
  7  0.37912 -1.38326e+00 |  8 -0.18528 -9.20874e+00 |  9  0.02907 -4.94707e+00
 10 -0.60550 -2.35010e+00 | 11 -0.62329 -5.24952e+00 | 12 -0.11303  1.52167e+01
 13 -0.00979  1.89622e-01 | 14 -0.01001  1.94219e-01 | 15 -0.01022  1.98576e-01
 16 -0.01043  2.02533e-01 | 17 -0.01064  2.06065e-01 | 18 -0.01084  2.09306e-01
 19 -0.01104  2.12104e-01 | 20 -0.01123  2.14415e-01 | 21 -0.01141  2.16401e-01
 22 -0.01158  2.17950e-01 | 23 -0.01174  2.18969e-01 | 24 -0.01189  2.19758e-01
 25 -0.01203  2.20174e-01 | 26 -0.01215  2.20311e-01 | 27 -0.01225  2.20187e-01
 28 -0.01234  2.19944e-01 | 29 -0.01240  2.19499e-01 | 30 -0.01244  2.19014e-01
 31 -0.01246  2.18440e-01 | 32 -0.01245  2.17744e-01 | 33 -0.01241  2.17032e-01
 34 -0.01235  2.16309e-01 | 35 -0.01225  2.15497e-01 | 36 -0.01212  2.14838e-01
 37 -0.01196  2.14228e-01 | 38 -0.01175  2.13725e-01 | 39 -0.01151  2.13219e-01
 40 -0.01123  2.12526e-01 | 41 -0.01091  2.11511e-01 | 42 -0.01055  2.09787e-01
 43 -0.01017  2.07217e-01 | 44 -0.00975  2.03448e-01 | 45 -0.00932  1.98178e-01
 46 -0.00887  1.91242e-01 | 47 -0.00842  1.82362e-01 | 48 -0.00797  1.71535e-01
 49 -0.00754  1.58828e-01 | 50 -0.00713  1.44425e-01 | 51 -0.00677  1.28358e-01
 52 -0.00644  1.10560e-01 | 53 -0.00617  9.08255e-02 | 54 -0.00595  6.90152e-02
 55 -0.00576  4.54874e-02 | 56 -0.00559  2.06384e-02 | 57 -0.00543 -5.81245e-03
 58 -0.00524 -3.34944e-02 | 59 -0.00499 -6.16058e-02 | 60 -0.00466 -8.99786e-02
 61 -0.00421 -1.18287e-01 | 62 -0.00359 -1.44082e-01 | 63 -0.00278 -1.67360e-01
 64 -0.00173 -1.86812e-01 | 65 -0.00041 -2.03316e-01 | 66  0.00118 -2.20242e-01
 67  0.00306 -2.45680e-01 | 68  0.00517 -2.92276e-01 | 69  0.00745 -3.75674e-01
 70  0.00981 -5.12307e-01 | 71  0.01220 -7.00464e-01 | 72  0.01475 -8.92375e-01
 73  0.01789 -9.79596e-01 | 74  0.02205 -8.56082e-01 | 75  0.02614 -7.12343e-01
 76  0.02894 -7.34079e-01 | 77  0.03017 -9.17833e-01 | 78  0.03088 -1.04300e+00
 79  0.03124 -1.08336e+00 | 80  0.03277 -7.79741e-01 | 81  0.03254 -6.70518e-01
 82  0.03060 -7.56500e-01 | 83  0.02823 -8.04964e-01 | 84  0.02731 -4.43873e-01
 85  0.02586 -1.64046e-02 | 86  0.02179  2.37807e-02 | 87  0.01708 -4.01649e-02
 88  0.01343  4.29176e-02 | 89  0.01109  2.43754e-01 | 90  0.00997  5.16669e-01
 91  0.00959  7.98605e-01 | 92  0.00933  1.03144e+00 | 93  0.00879  1.13884e+00
 94  0.00838  1.10809e+00 | 95  0.00824  9.47133e-01 | 96  0.00809  8.61227e-01
 97  0.00907  6.94126e-01 | 98  0.01383  1.19141e+00 | 99  0.00615 -1.41850e+00
100  0.01518  5.77988e-01 |101  0.01421  6.53809e-01 |102  0.00686 -6.40783e-01
103  0.00084 -2.20016e-01 |104  0.00328  2.22778e-01 |105  0.02122 -1.08708e-01
106  0.01706 -1.03686e+00 |107 -0.00688 -1.27183e+00 |108  0.00860 -1.96301e+00
109  0.07673 -1.17250e+00 |110  0.02557  5.41523e-01 |111 -0.01766  1.09809e+00
112  0.00897  3.60256e+00 |113  0.01249 -8.78921e-01 |114  0.03351 -2.55581e+00
115 -0.00064 -2.15916e+00 |116 -0.05672  2.28717e+00 |117 -0.07777  3.58869e-01
118 -0.07583  3.62581e-01 |119 -0.03044  1.29573e+00 |120  0.07206 -2.46872e+00
121  0.03007 -2.16601e+00 |122  0.01793 -1.05735e+00 |123 -0.03027 -1.34727e-01
124 -0.06831  4.89940e-02 |125  0.00132  1.46767e+00 |126  0.01386  1.63284e-01
127 -0.03473 -3.00964e+00 |128  0.02952  7.81628e-01 |129  0.08190  2.45030e+00
130  0.00714  1.60413e+00 |131  0.08592  5.96766e+00 |132  0.00250  3.36425e-01
133  0.13951  5.59649e+00 |134 -0.00474  3.02496e-01 |135 -0.04541  5.25281e-02
136 -0.05451  1.02244e-01 |137 -0.01991 -2.03083e-01 |138  0.09181 -7.95192e-01
139  0.03448  2.06016e+00 |140  0.01708 -1.37299e-01 |141 -0.02920 -7.37678e-01
142 -0.02041 -8.98701e-01 |143 -0.00392  6.61970e-01 |144 -0.00038  1.01586e-02
145  0.30270  2.26579e-02 |146  0.21165  6.92122e+00 |147  0.05057  1.73684e+00
148  0.29714  5.91566e+00 |149  0.01376 -6.77735e-01 |150 -0.11325  1.10841e+00
151 -0.36381 -1.87668e-02 |152  0.27164  9.35559e-03 |153  0.04982 -2.71313e-02
154 -0.23498 -4.24029e-04 |155  0.18926  2.01595e+00 |156  0.26093  2.15856e+00
157  0.17609 -1.25070e-01 |158  0.25400 -6.39753e-01 |159  0.00486 -7.11278e-01
160 -0.09761 -1.52125e+00 |161  0.11163  1.18475e+00 |162  0.29835  1.66450e+00
163  0.17226  1.08254e-01 |164  0.24717  1.63533e+00 |165 -0.34809 -3.12211e+00
166  0.24451  3.86148e+00 |167  0.05146 -7.49612e+00 |168 -0.18526  2.38926e+00
169  0.20575 -9.50724e-02 |170  0.31686  2.59491e+00 |171  0.07775  3.55670e+00
172 -0.53183  1.62020e-04 |173 -0.37474 -1.74023e+00 |174  0.23786  2.17837e+00
175  0.07462 -3.66348e+00 |176 -0.11864 -3.85365e+00 |177  0.05178 -3.54785e+00
178  0.12186  1.00935e+00 |179  0.32162  2.97570e+00 |180  0.27263 -4.84254e-01
181  0.00245 -2.79614e+00 |182  0.00729 -1.03090e+00 |183 -0.14661  4.87216e-01
184 -0.12480  4.23105e-02 |185 -0.29342  1.27166e+00 |186  0.61369  9.24458e-03
187 -0.00329  2.02962e+00 |188 -0.28745  1.33128e+00 |189  0.10008 -5.10793e+00
190  0.16573  1.24753e+01 |191  0.21886  2.86727e+00 |192  0.25734 -1.19731e+01
193  0.02420 -5.43133e+00 |194 -0.00847  6.42909e-01 |195 -0.17550 -2.27451e+00
196 -0.11326  3.99517e+00 |197 -0.55408 -8.17890e-02 |198  0.17394  2.48428e+00
199  0.09266  1.31282e+01 |200 -0.24404  8.30098e+00 |
200 variables; iteration 40; function evaluation 45; phase 4
Function value 7.3062227e+03; maximum gradient component mag -1.7034e+01
Var    Value     Gradient |Var    Value     Gradient |Var    Value     Gradient
  1 -0.42219  1.63778e+00 |  2  0.37179 -1.19284e+01 |  3 -0.12701 -5.19995e+00
  4 -0.01453 -7.31376e+00 |  5 -0.70828  5.35294e-01 |  6 -0.60382 -3.16853e+00
  7  0.37889 -5.22748e+00 |  8 -0.18533 -4.43478e+00 |  9  0.02922 -4.71326e+00
 10 -0.60648 -3.12537e+00 | 11 -0.62318 -4.68006e+00 | 12 -0.11837  1.02708e+01
 13 -0.00970  1.94123e-01 | 14 -0.00991  1.98946e-01 | 15 -0.01012  2.03557e-01
 16 -0.01033  2.07805e-01 | 17 -0.01053  2.11665e-01 | 18 -0.01073  2.15263e-01
 19 -0.01093  2.18454e-01 | 20 -0.01111  2.21197e-01 | 21 -0.01129  2.23640e-01
 22 -0.01146  2.25678e-01 | 23 -0.01162  2.27220e-01 | 24 -0.01177  2.28545e-01
 25 -0.01190  2.29518e-01 | 26 -0.01202  2.30224e-01 | 27 -0.01212  2.30681e-01
 28 -0.01219  2.31019e-01 | 29 -0.01225  2.31158e-01 | 30 -0.01229  2.31245e-01
 31 -0.01230  2.31223e-01 | 32 -0.01229  2.31055e-01 | 33 -0.01225  2.30833e-01
 34 -0.01218  2.30557e-01 | 35 -0.01208  2.30147e-01 | 36 -0.01195  2.29826e-01
 37 -0.01178  2.29488e-01 | 38 -0.01158  2.29176e-01 | 39 -0.01133  2.28774e-01
 40 -0.01105  2.28091e-01 | 41 -0.01073  2.26975e-01 | 42 -0.01037  2.25038e-01
 43 -0.00999  2.22132e-01 | 44 -0.00957  2.17900e-01 | 45 -0.00914  2.12032e-01
 46 -0.00869  2.04343e-01 | 47 -0.00824  1.94535e-01 | 48 -0.00779  1.82567e-01
 49 -0.00736  1.68456e-01 | 50 -0.00696  1.52333e-01 | 51 -0.00659  1.34191e-01
 52 -0.00627  1.13926e-01 | 53 -0.00600  9.13041e-02 | 54 -0.00578  6.61421e-02
 55 -0.00560  3.87218e-02 | 56 -0.00545  9.36502e-03 | 57 -0.00529 -2.22293e-02
 58 -0.00511 -5.57500e-02 | 59 -0.00487 -9.04944e-02 | 60 -0.00455 -1.26343e-01
 61 -0.00411 -1.63040e-01 | 62 -0.00351 -1.98351e-01 | 63 -0.00272 -2.32330e-01
 64 -0.00169 -2.63837e-01 | 65 -0.00039 -2.93733e-01 | 66  0.00118 -3.25275e-01
 67  0.00304 -3.65900e-01 | 68  0.00513 -4.27087e-01 | 69  0.00741 -5.22813e-01
 70  0.00979 -6.67359e-01 | 71  0.01222 -8.58180e-01 | 72  0.01484 -1.05125e+00
 73  0.01800 -1.14929e+00 | 74  0.02208 -1.05882e+00 | 75  0.02609 -9.49492e-01
 76  0.02891 -9.84756e-01 | 77  0.03026 -1.15983e+00 | 78  0.03110 -1.27837e+00
 79  0.03155 -1.31726e+00 | 80  0.03298 -1.04823e+00 | 81  0.03279 -9.45734e-01
 82  0.03101 -1.01076e+00 | 83  0.02880 -1.03758e+00 | 84  0.02780 -6.99035e-01
 85  0.02627 -2.96108e-01 | 86  0.02232 -2.32057e-01 | 87  0.01777 -2.59066e-01
 88  0.01422 -1.55716e-01 | 89  0.01191  5.14347e-02 | 90  0.01079  3.20651e-01
 91  0.01040  5.93710e-01 | 92  0.01012  8.16957e-01 | 93  0.00955  9.20592e-01
 94  0.00912  8.92448e-01 | 95  0.00896  7.41825e-01 | 96  0.00870  6.58099e-01
 97  0.00956  5.00517e-01 | 98  0.01391  9.42606e-01 | 99  0.00726 -1.37306e+00
100  0.01514  3.91763e-01 |101  0.01401  4.86748e-01 |102  0.00711 -6.37388e-01
103  0.00071 -2.19545e-01 |104  0.00296  2.93898e-01 |105  0.02065  7.03578e-02
106  0.01630 -8.03679e-01 |107 -0.00762 -8.96794e-01 |108  0.00808 -1.24882e+00
109  0.07521  8.63243e-02 |110  0.02482  1.79704e+00 |111 -0.01782  2.26468e+00
112  0.00808  4.63915e+00 |113  0.01201 -1.53415e-01 |114  0.03126 -2.68570e+00
115 -0.00236 -2.56715e+00 |116 -0.05762  2.21395e+00 |117 -0.07863  3.29962e-01
118 -0.07648  2.97010e-01 |119 -0.03082  1.02076e+00 |120  0.07102 -3.81303e+00
121  0.02923 -3.24754e+00 |122  0.01733 -2.04401e+00 |123 -0.03059 -6.94455e-01
124 -0.06843 -2.87747e-01 |125  0.00104  1.00946e+00 |126  0.01280 -4.49375e-01
127 -0.03573 -3.40124e+00 |128  0.02834  4.09083e-01 |129  0.08048  2.55782e+00
130  0.00708  1.97534e+00 |131  0.08558  7.07068e+00 |132  0.00219  7.66706e-01
133  0.14011  7.19518e+00 |134 -0.00535  1.50104e-01 |135 -0.04593 -9.60693e-02
136 -0.05492 -2.60476e-02 |137 -0.02041 -3.04707e-01 |138  0.09114 -8.97869e-01
139  0.03431  2.07516e+00 |140  0.01688 -1.82348e-01 |141 -0.02924 -7.55266e-01
142 -0.02026 -8.71349e-01 |143 -0.00408  6.15918e-01 |144 -0.00039  9.35593e-03
145  0.31061 -8.96623e-01 |146  0.22061  6.47626e+00 |147  0.05129  1.32530e+00
148  0.29718  6.20435e+00 |149  0.01249 -2.61605e+00 |150 -0.11287  5.37540e-01
151 -0.36332 -1.96530e-02 |152  0.27138  9.60648e-03 |153  0.05052 -2.90958e-02
154 -0.23497 -2.50642e-04 |155  0.19028  1.46461e+00 |156  0.26117  4.89524e+00
157  0.17643  2.22192e+00 |158  0.25373 -4.14363e+00 |159  0.00475 -2.60863e-01
160 -0.09747 -8.86853e-01 |161  0.11228  5.44410e-01 |162  0.29846  3.44339e+00
163  0.17277  1.69731e+00 |164  0.24709 -9.64994e-01 |165 -0.34730 -2.12580e+00
166  0.24426  1.46897e+00 |167  0.05134 -6.83414e+00 |168 -0.18519  4.57760e-01
169  0.20523  1.01362e-02 |170  0.31682  2.68835e+00 |171  0.07798  5.33515e+00
172 -0.53183  3.18724e-04 |173 -0.37184 -2.37079e+00 |174  0.23888  3.35103e+00
175  0.07349 -5.04065e+00 |176 -0.11824 -4.72595e+00 |177  0.05309 -2.93022e+00
178  0.12215 -7.67244e-01 |179  0.32133  4.80508e-01 |180  0.27286  1.60114e+00
181  0.00077 -3.11496e+00 |182  0.00698 -2.48764e+00 |183 -0.14596 -4.80784e-02
184 -0.12490 -3.60343e+00 |185 -0.29847  6.25933e-01 |186  0.61348  1.08799e-02
187 -0.01246  1.24339e+00 |188 -0.29597  1.24914e+00 |189  0.09999 -9.43909e+00
190  0.16615  1.57010e+01 |191  0.21875  3.32795e+00 |192  0.25737 -1.70341e+01
193  0.02422 -8.05929e+00 |194 -0.00910 -6.40947e-01 |195 -0.17516 -1.17201e+00
196 -0.11319  6.51811e-01 |197 -0.55526 -1.05991e+00 |198  0.17534  4.22968e+00
199  0.09222  9.80624e+00 |200 -0.24521  6.83863e+00 |
200 variables; iteration 60; function evaluation 65; phase 4
Function value 7.3059420e+03; maximum gradient component mag -3.0430e+01
Var    Value     Gradient |Var    Value     Gradient |Var    Value     Gradient
  1 -0.42237  6.94545e+00 |  2  0.37235  2.47360e+01 |  3 -0.12659  1.72190e+01
  4 -0.01519  1.64617e+01 |  5 -0.70834  8.16557e-01 |  6 -0.60362 -1.01714e+00
  7  0.37922  1.44461e+01 |  8 -0.18525  1.27236e+01 |  9  0.02897  1.13678e+01
 10 -0.60407  1.63602e+00 | 11 -0.62301  1.76376e+01 | 12 -0.13260 -3.04299e+01
 13 -0.00979 -1.02736e-02 | 14 -0.01001 -1.12064e-02 | 15 -0.01022 -1.21927e-02
 16 -0.01043 -1.32304e-02 | 17 -0.01063 -1.43258e-02 | 18 -0.01082 -1.54846e-02
 19 -0.01101 -1.67053e-02 | 20 -0.01119 -1.79930e-02 | 21 -0.01136 -1.93610e-02
 22 -0.01152 -2.08147e-02 | 23 -0.01167 -2.23614e-02 | 24 -0.01180 -2.40243e-02
 25 -0.01192 -2.58102e-02 | 26 -0.01202 -2.77325e-02 | 27 -0.01210 -2.97995e-02
 28 -0.01217 -3.20229e-02 | 29 -0.01221 -3.44111e-02 | 30 -0.01223 -3.69899e-02
 31 -0.01222 -3.97870e-02 | 32 -0.01219 -4.28295e-02 | 33 -0.01214 -4.61500e-02
 34 -0.01205 -4.97740e-02 | 35 -0.01194 -5.37187e-02 | 36 -0.01179 -5.80087e-02
 37 -0.01161 -6.26526e-02 | 38 -0.01140 -6.76716e-02 | 39 -0.01114 -7.30885e-02
 40 -0.01085 -7.89164e-02 | 41 -0.01052 -8.52420e-02 | 42 -0.01015 -9.21088e-02
 43 -0.00976 -9.95881e-02 | 44 -0.00933 -1.07756e-01 | 45 -0.00888 -1.16699e-01
 46 -0.00841 -1.26529e-01 | 47 -0.00794 -1.37392e-01 | 48 -0.00747 -1.49451e-01
 49 -0.00701 -1.62883e-01 | 50 -0.00658 -1.77839e-01 | 51 -0.00619 -1.94421e-01
 52 -0.00584 -2.12687e-01 | 53 -0.00555 -2.32732e-01 | 54 -0.00531 -2.54694e-01
 55 -0.00510 -2.78742e-01 | 56 -0.00493 -3.05086e-01 | 57 -0.00476 -3.33953e-01
 58 -0.00457 -3.65509e-01 | 59 -0.00433 -3.99969e-01 | 60 -0.00402 -4.37495e-01
 61 -0.00360 -4.78237e-01 | 62 -0.00303 -5.21965e-01 | 63 -0.00228 -5.68346e-01
 64 -0.00130 -6.16508e-01 | 65 -0.00007 -6.64846e-01 | 66  0.00146 -7.12124e-01
 67  0.00331 -7.57157e-01 | 68  0.00551 -8.02083e-01 | 69  0.00802 -8.56350e-01
 70  0.01072 -9.41407e-01 | 71  0.01347 -1.08262e+00 | 72  0.01623 -1.27013e+00
 73  0.01941 -1.39390e+00 | 74  0.02395 -1.25777e+00 | 75  0.02885 -1.03732e+00
 76  0.03210 -1.05556e+00 | 77  0.03293 -1.38320e+00 | 78  0.03324 -1.65628e+00
 79  0.03343 -1.80915e+00 | 80  0.03648 -1.36500e+00 | 81  0.03658 -1.30444e+00
 82  0.03383 -1.61705e+00 | 83  0.03084 -1.86951e+00 | 84  0.03086 -1.46945e+00
 85  0.03005 -1.05337e+00 | 86  0.02530 -1.22589e+00 | 87  0.02015 -1.45493e+00
 88  0.01645 -1.48251e+00 | 89  0.01399 -1.42850e+00 | 90  0.01253 -1.36704e+00
 91  0.01168 -1.33153e+00 | 92  0.01099 -1.32951e+00 | 93  0.01025 -1.37197e+00
 94  0.00998 -1.45172e+00 | 95  0.01029 -1.55514e+00 | 96  0.01039 -1.57142e+00
 97  0.01169 -1.61022e+00 | 98  0.01559 -1.26103e+00 | 99  0.01087 -2.93941e+00
100  0.01697 -1.51640e+00 |101  0.01438 -1.48902e+00 |102  0.00871 -2.00278e+00
103  0.00152 -1.36077e+00 |104  0.00119 -1.12774e+00 |105  0.01881 -1.05614e+00
106  0.01616 -7.59357e-01 |107 -0.00806 -3.88018e-01 |108  0.00966 -1.44788e-01
109  0.07181  9.25291e-01 |110  0.02123  1.58613e+00 |111 -0.01978  2.22493e+00
112 -0.00035  3.36996e+00 |113  0.01272  2.79652e+00 |114  0.03013  1.91946e+00
115 -0.00277  1.15293e+00 |116 -0.06390  1.81414e+00 |117 -0.08102  1.22582e+00
118 -0.07859  1.61605e+00 |119 -0.03487  2.82990e+00 |120  0.07095  3.98241e+00
121  0.02984  2.57463e+00 |122  0.01714  2.87119e+00 |123 -0.03159  1.81895e+00
124 -0.06967  1.38328e+00 |125 -0.00305  2.34289e+00 |126  0.00873  1.28797e+00
127 -0.03029  3.10728e-01 |128  0.02211  7.83812e-01 |129  0.07431  1.75752e+00
130  0.00280  6.81897e-01 |131  0.07413  1.36693e+00 |132  0.00004 -4.76507e-01
133  0.12961  3.85708e-02 |134 -0.00743 -1.14152e-02 |135 -0.04763  7.75838e-02
136 -0.05666 -7.17111e-02 |137 -0.02237 -4.25793e-01 |138  0.09009 -8.62532e-01
139  0.02968  4.65399e-01 |140  0.01631 -2.50367e-01 |141 -0.02785 -3.05129e-01
142 -0.01715 -9.79072e-02 |143 -0.00726 -4.79819e-02 |144 -0.00052 -7.87972e-03
145  0.33080 -4.79370e+00 |146  0.23773 -3.03406e+00 |147  0.05029 -1.40977e+00
148  0.29630 -1.58485e+00 |149  0.01305 -5.95543e+00 |150 -0.11341 -5.32394e+00
151 -0.30984 -5.26765e-04 |152  0.24370  3.39351e-03 |153  0.12593  2.83391e-02
154 -0.23462  5.79670e-04 |155  0.18804 -5.03847e-01 |156  0.25991  7.81608e-01
157  0.17626 -6.32270e+00 |158  0.25478  8.30907e+00 |159  0.00505 -1.89930e+00
160 -0.09771 -4.91645e+00 |161  0.11035  5.13681e-01 |162  0.29738 -8.28016e-02
163  0.17110 -4.64895e+00 |164  0.24656  6.47278e+00 |165 -0.34526  2.80872e+00
166  0.24347 -5.80006e+00 |167  0.05238  3.83176e+00 |168 -0.18529 -1.03978e+01
169  0.20813 -2.14661e+00 |170  0.31689  1.70967e+00 |171  0.07705 -1.30289e+01
172 -0.53179 -1.16946e-03 |173 -0.34743  2.34672e+00 |174  0.24621 -2.47625e+00
175  0.07034  1.02191e+00 |176 -0.11750  1.58020e+00 |177  0.06199 -1.69605e-01
178  0.12163  1.12347e+00 |179  0.32393  1.27250e+00 |180  0.27262  3.76096e-01
181 -0.00600 -1.36612e+00 |182  0.00877  1.87484e+00 |183 -0.14491 -6.61406e+00
184 -0.12421  4.13983e+00 |185 -0.27895  2.45229e+00 |186  0.58947  8.77540e-03
187 -0.06725  1.20319e+00 |188 -0.36826  5.38388e-01 |189  0.10093  2.36317e+00
190  0.16538 -1.99063e+01 |191  0.21920  3.90098e-02 |192  0.25763  2.43701e+01
193  0.02420 -1.22181e+00 |194 -0.00841 -9.45046e+00 |195 -0.17526 -6.66186e+00
196 -0.11325 -1.42129e+01 |197 -0.56301 -1.51723e+00 |198  0.16701 -2.61229e-02
199  0.09185 -1.15645e+01 |200 -0.24435 -2.65437e+00 |
200 variables; iteration 80; function evaluation 88; phase 4
Function value 7.3058410e+03; maximum gradient component mag 1.2187e+01
Var    Value     Gradient |Var    Value     Gradient |Var    Value     Gradient
  1 -0.42234  5.28350e-01 |  2  0.37211  1.21867e+01 |  3 -0.12654  7.25331e+00
  4 -0.01491  6.41291e+00 |  5 -0.71054 -6.60577e-01 |  6 -0.60343  5.09646e-01
  7  0.37832  6.57095e+00 |  8 -0.18545  4.85559e+00 |  9  0.03040  5.97640e+00
 10 -0.60598  6.55867e-01 | 11 -0.62311  8.14865e+00 | 12 -0.13005 -7.84571e+00
 13 -0.00990  4.17957e-03 | 14 -0.01012  4.48523e-03 | 15 -0.01033  4.71647e-03
 16 -0.01054  4.82850e-03 | 17 -0.01074  4.80783e-03 | 18 -0.01094  4.68893e-03
 19 -0.01113  4.42910e-03 | 20 -0.01131  4.01442e-03 | 21 -0.01149  3.48723e-03
 22 -0.01165  2.81588e-03 | 23 -0.01180  1.97302e-03 | 24 -0.01194  1.04045e-03
 25 -0.01206 -2.22978e-05 | 26 -0.01216 -1.19079e-03 | 27 -0.01225 -2.46028e-03
 28 -0.01232 -3.79109e-03 | 29 -0.01237 -5.20620e-03 | 30 -0.01239 -6.66064e-03
 31 -0.01239 -8.17461e-03 | 32 -0.01236 -9.76523e-03 | 33 -0.01231 -1.14152e-02
 34 -0.01224 -1.31389e-02 | 35 -0.01213 -1.49774e-02 | 36 -0.01199 -1.68848e-02
 37 -0.01181 -1.89148e-02 | 38 -0.01160 -2.10759e-02 | 39 -0.01135 -2.34203e-02
 40 -0.01106 -2.60066e-02 | 41 -0.01074 -2.88952e-02 | 42 -0.01038 -3.21806e-02
 43 -0.00999 -3.58777e-02 | 44 -0.00957 -4.00328e-02 | 45 -0.00913 -4.46399e-02
 46 -0.00868 -4.96190e-02 | 47 -0.00821 -5.48811e-02 | 48 -0.00775 -6.02475e-02
 49 -0.00731 -6.55294e-02 | 50 -0.00688 -7.05416e-02 | 51 -0.00649 -7.51539e-02
 52 -0.00614 -7.92598e-02 | 53 -0.00584 -8.27673e-02 | 54 -0.00558 -8.55481e-02
 55 -0.00535 -8.74015e-02 | 56 -0.00515 -8.81537e-02 | 57 -0.00494 -8.77201e-02
 58 -0.00470 -8.59301e-02 | 59 -0.00440 -8.26239e-02 | 60 -0.00401 -7.77862e-02
 61 -0.00350 -7.15716e-02 | 62 -0.00283 -6.43833e-02 | 63 -0.00198 -5.73434e-02
 64 -0.00092 -5.22813e-02 | 65  0.00038 -5.16983e-02 | 66  0.00194 -5.78849e-02
 67  0.00378 -7.10290e-02 | 68  0.00593 -8.71588e-02 | 69  0.00844 -9.88256e-02
 70  0.01132 -1.01370e-01 | 71  0.01450 -1.05580e-01 | 72  0.01781 -1.34513e-01
 73  0.02117 -1.83064e-01 | 74  0.02477 -1.83443e-01 | 75  0.02845 -1.36580e-01
 76  0.03147 -1.42423e-01 | 77  0.03337 -2.42262e-01 | 78  0.03456 -3.33871e-01
 79  0.03517 -3.93160e-01 | 80  0.03609 -2.74688e-01 | 81  0.03574 -2.73771e-01
 82  0.03420 -3.83736e-01 | 83  0.03219 -4.69609e-01 | 84  0.03043 -3.77329e-01
 85  0.02782 -2.95989e-01 | 86  0.02384 -3.60151e-01 | 87  0.01982 -3.97974e-01
 88  0.01643 -3.76486e-01 | 89  0.01384 -3.53630e-01 | 90  0.01207 -3.50573e-01
 91  0.01095 -3.60892e-01 | 92  0.01009 -3.73469e-01 | 93  0.00941 -3.74036e-01
 94  0.00936 -3.65221e-01 | 95  0.00999 -3.48464e-01 | 96  0.00992 -3.52317e-01
 97  0.01119 -3.49641e-01 | 98  0.01286 -4.36351e-01 | 99  0.01728 -2.01550e-01
100  0.01536 -4.33308e-01 |101  0.01260 -5.48788e-01 |102  0.01079 -3.10365e-01
103  0.00143 -3.41965e-01 |104  0.00160 -2.68429e-01 |105  0.01865 -3.12663e-01
106  0.01631 -1.90740e-01 |107 -0.00680 -3.27501e-02 |108  0.01076  6.83427e-02
109  0.07215  1.83763e-01 |110  0.02163  3.69887e-01 |111 -0.02092  3.72672e-01
112 -0.00191  7.22188e-01 |113  0.01112  2.42403e-01 |114  0.03232  8.57479e-01
115 -0.00219  3.46859e-01 |116 -0.06464  6.36055e-01 |117 -0.08009  6.04712e-01
118 -0.07888  1.40713e-01 |119 -0.03605  2.53901e-01 |120  0.07096  1.57398e-01
121  0.03029  1.09369e-01 |122  0.01666 -1.55891e-02 |123 -0.03132  1.79876e-01
124 -0.06935  1.71355e-01 |125 -0.00380  3.16075e-01 |126  0.00913  1.42091e-01
127 -0.02907  5.46039e-02 |128  0.02443  6.01561e-01 |129  0.07191  2.94443e-01
130  0.00468  3.56600e-01 |131  0.07128  9.71407e-02 |132  0.00151  1.05965e-01
133  0.12949  5.47874e-01 |134 -0.00731 -5.33329e-02 |135 -0.04730  9.31368e-02
136 -0.05625 -4.45994e-02 |137 -0.02200 -2.64229e-01 |138  0.09086 -2.45395e-01
139  0.02852  4.59095e-02 |140  0.01639 -2.19899e-01 |141 -0.02725 -1.48763e-01
142 -0.01709 -6.40235e-02 |143 -0.00590  1.96769e-01 |144 -0.00050 -5.79236e-03
145  0.32891 -1.46586e+00 |146  0.23291 -2.58168e+00 |147  0.04845  2.40966e-01
148  0.29590 -2.94165e+00 |149  0.01581 -7.73156e-01 |150 -0.11392 -1.60399e+00
151 -0.30485 -2.00488e-03 |152  0.23867  4.40543e-03 |153  0.10576  2.55619e-02
154 -0.23027  2.49921e-03 |155  0.18748  1.13521e+00 |156  0.25994 -1.32458e+00
157  0.17691 -2.18170e+00 |158  0.25502  4.02003e+00 |159  0.00470 -7.06680e-01
160 -0.09759 -2.06371e+00 |161  0.10791  4.17833e-01 |162  0.29669 -1.32069e+00
163  0.17199 -1.27940e+00 |164  0.24709  3.06508e+00 |165 -0.34588  1.37502e+00
166  0.24380 -2.44686e+00 |167  0.05212  2.02842e+00 |168 -0.18575 -4.09731e+00
169  0.20447 -1.13226e+00 |170  0.31618  6.91205e-01 |171  0.07769 -6.37458e+00
172 -0.53174 -5.28121e-04 |173 -0.35298  1.48698e+00 |174  0.24446 -1.67110e+00
175  0.07159 -1.90942e-01 |176 -0.11798  1.25854e+00 |177  0.05441 -1.09709e+00
178  0.12119  9.68904e-01 |179  0.32188  2.44033e-02 |180  0.27256 -3.65268e-02
181  0.00067 -1.24940e+00 |182  0.00878  1.32573e+00 |183 -0.14462 -9.20443e-01
184 -0.12452  2.58674e+00 |185 -0.29457  5.82411e-01 |186  0.57725  1.54485e-02
187 -0.05675  5.92180e-01 |188 -0.37221  3.89378e-01 |189  0.10065  4.04873e+00
190  0.16469 -7.63375e+00 |191  0.21917 -6.68193e-01 |192  0.25732  9.78533e+00
193  0.02422  1.50213e+00 |194 -0.00731 -2.90226e+00 |195 -0.17519 -1.93985e+00
196 -0.11340 -3.58944e+00 |197 -0.54691 -3.45267e-01 |198  0.17396 -2.84474e-02
199  0.09140 -7.96384e+00 |200 -0.24481 -2.15300e+00 |
200 variables; iteration 100; function evaluation 117; phase 4
Function value 7.3057917e+03; maximum gradient component mag 1.7676e+00
Var    Value     Gradient |Var    Value     Gradient |Var    Value     Gradient
  1 -0.42215  1.30859e+00 |  2  0.37187 -1.01798e+00 |  3 -0.12684  1.72376e-01
  4 -0.01454  7.04646e-02 |  5 -0.70878  3.12033e-01 |  6 -0.60357  4.29787e-01
  7  0.37833 -3.11196e-01 |  8 -0.18543  2.83761e-01 |  9  0.03016  1.38222e-01
 10 -0.60558 -4.81482e-02 | 11 -0.62342 -7.80964e-01 | 12 -0.13218 -2.12220e-01
 13 -0.00986  1.51414e-02 | 14 -0.01008  1.58313e-02 | 15 -0.01029  1.65691e-02
 16 -0.01049  1.73779e-02 | 17 -0.01069  1.82615e-02 | 18 -0.01089  1.91825e-02
 19 -0.01107  2.01483e-02 | 20 -0.01125  2.11435e-02 | 21 -0.01142  2.21082e-02
 22 -0.01158  2.30280e-02 | 23 -0.01172  2.38826e-02 | 24 -0.01185  2.45732e-02
 25 -0.01197  2.50841e-02 | 26 -0.01207  2.53547e-02 | 27 -0.01216  2.53387e-02
 28 -0.01222  2.49680e-02 | 29 -0.01227  2.42209e-02 | 30 -0.01229  2.30328e-02
 31 -0.01229  2.13890e-02 | 32 -0.01227  1.92784e-02 | 33 -0.01223  1.66776e-02
 34 -0.01215  1.36029e-02 | 35 -0.01205  1.01145e-02 | 36 -0.01192  6.24457e-03
 37 -0.01176  2.13201e-03 | 38 -0.01156 -2.07790e-03 | 39 -0.01132 -6.17712e-03
 40 -0.01103 -9.92028e-03 | 41 -0.01071 -1.30862e-02 | 42 -0.01036 -1.54311e-02
 43 -0.00996 -1.68180e-02 | 44 -0.00953 -1.71774e-02 | 45 -0.00908 -1.65847e-02
 46 -0.00860 -1.52749e-02 | 47 -0.00812 -1.35888e-02 | 48 -0.00764 -1.19179e-02
 49 -0.00717 -1.05946e-02 | 50 -0.00672 -9.82158e-03 | 51 -0.00632 -9.66373e-03
 52 -0.00596 -1.00864e-02 | 53 -0.00565 -1.10062e-02 | 54 -0.00539 -1.23077e-02
 55 -0.00517 -1.38344e-02 | 56 -0.00498 -1.54522e-02 | 57 -0.00478 -1.71164e-02
 58 -0.00456 -1.86867e-02 | 59 -0.00428 -1.98615e-02 | 60 -0.00392 -2.01805e-02
 61 -0.00344 -1.88854e-02 | 62 -0.00280 -1.49724e-02 | 63 -0.00196 -8.42363e-03
 64 -0.00090 -1.64356e-03 | 65  0.00039 -1.03448e-03 | 66  0.00190 -1.40952e-02
 67  0.00367 -3.85919e-02 | 68  0.00578 -5.83455e-02 | 69  0.00823 -7.74989e-02
 70  0.01080 -1.41851e-01 | 71  0.01383 -1.65469e-01 | 72  0.01818  3.99523e-02
 73  0.02174  4.06532e-02 | 74  0.02500 -2.09442e-02 | 75  0.02990  2.71104e-01
 76  0.03036 -2.03499e-01 | 77  0.03317 -1.19436e-01 | 78  0.03580  5.68091e-02
 79  0.03511 -2.19100e-01 | 80  0.03658  7.23484e-03 | 81  0.03541 -1.24877e-01
 82  0.03429 -1.51313e-01 | 83  0.03444  1.62895e-01 | 84  0.02946 -3.28105e-01
 85  0.02878  1.23698e-01 | 86  0.02466  3.88711e-02 | 87  0.02084  4.84063e-02
 88  0.01770  1.29962e-01 | 89  0.01427 -1.80959e-02 | 90  0.01220 -6.99487e-02
 91  0.01122 -3.45196e-02 | 92  0.01055  1.45128e-02 | 93  0.00982  2.29167e-02
 94  0.00962  1.49813e-02 | 95  0.01005 -2.59130e-03 | 96  0.01027  5.20236e-02
 97  0.01141  8.02931e-03 | 98  0.01334 -3.93148e-02 | 99  0.01693 -2.24079e-03
100  0.01437 -4.03065e-01 |101  0.01499  1.95074e-01 |102  0.00911 -5.26642e-01
103  0.00212 -4.61329e-02 |104  0.00170 -7.22850e-02 |105  0.01905 -7.93198e-02
106  0.01719  1.05620e-01 |107 -0.00752 -1.83280e-01 |108  0.00960 -3.78342e-01
109  0.07206 -4.84125e-01 |110  0.02025 -4.17785e-01 |111 -0.02075 -4.32597e-02
112 -0.00414 -5.33309e-01 |113  0.01160 -3.38474e-01 |114  0.03061 -2.97339e-01
115 -0.00183  3.08878e-02 |116 -0.06613 -2.05383e-01 |117 -0.08128 -9.41098e-02
118 -0.07865  1.47520e-01 |119 -0.03689  3.34997e-02 |120  0.07157  8.47348e-01
121  0.03026  6.82505e-01 |122  0.01677  3.77802e-01 |123 -0.03108  5.43938e-01
124 -0.06947  1.30093e-01 |125 -0.00545  1.91274e-02 |126  0.00940  5.89363e-01
127 -0.02856  4.90124e-01 |128  0.02257  2.22402e-01 |129  0.07080 -6.27694e-02
130  0.00288 -1.57835e-01 |131  0.07079  2.53936e-02 |132  0.00056 -4.09039e-02
133  0.12776 -2.16061e-01 |134 -0.00670  4.85440e-01 |135 -0.04760  6.18088e-02
136 -0.05634 -1.90256e-02 |137 -0.02122 -5.12635e-02 |138  0.09150 -6.09607e-02
139  0.02842  1.82255e-01 |140  0.01598 -2.80319e-01 |141 -0.02710  6.38793e-02
142 -0.01688  8.49103e-02 |143 -0.00605  1.02392e-01 |144 -0.00044 -3.15259e-03
145  0.33255  1.89165e-01 |146  0.23562  1.61625e-01 |147  0.04852 -9.19683e-01
148  0.29614  1.28363e+00 |149  0.01578 -8.09406e-02 |150 -0.11364 -2.38625e-01
151 -0.26581 -7.79261e-03 |152  0.20746  5.53398e-03 |153  0.05966  4.77036e-03
154 -0.24972  6.67044e-03 |155  0.18692 -6.91130e-01 |156  0.25974  7.39663e-01
157  0.17637  2.08627e-01 |158  0.25432 -1.50253e-01 |159  0.00499  6.15144e-03
160 -0.09719  2.16172e-01 |161  0.10754 -6.06634e-01 |162  0.29664  5.83950e-01
163  0.17142 -9.10926e-03 |164  0.24649 -1.58466e-01 |165 -0.34742 -3.79375e-01
166  0.24377  4.58607e-01 |167  0.05212 -2.69925e-01 |168 -0.18553  5.89452e-01
169  0.20477  2.66656e-01 |170  0.31626 -1.08533e-01 |171  0.07793  1.03908e+00
172 -0.53163  4.64719e-05 |173 -0.37330 -1.61643e-01 |174  0.23810  9.54715e-02
175  0.07631  1.77498e-01 |176 -0.11754 -3.83530e-01 |177  0.05432 -3.88527e-02
178  0.12099 -3.38673e-01 |179  0.32211  2.00240e-01 |180  0.27238  1.62088e-01
181  0.00152  1.14448e-01 |182  0.00850 -1.72634e-01 |183 -0.14416  1.92885e-01
184 -0.12470 -4.47119e-01 |185 -0.28709  5.26526e-02 |186  0.45570  8.81796e-02
187 -0.10148  8.76859e-02 |188 -0.40920  1.79183e-01 |189  0.10034 -6.67260e-01
190  0.16465 -1.54603e+00 |191  0.21897  2.43106e-01 |192  0.25713  1.76756e+00
193  0.02426 -2.75860e-01 |194 -0.00716 -2.22892e-01 |195 -0.17492  2.94479e-01
196 -0.11334 -8.48146e-01 |197 -0.55495  6.36514e-02 |198  0.17096 -2.66593e-02
199  0.09327  1.05524e+00 |200 -0.24709  3.60246e-01 |
200 variables; iteration 120; function evaluation 153; phase 4
Function value 7.3057393e+03; maximum gradient component mag 3.1922e+00
Var    Value     Gradient |Var    Value     Gradient |Var    Value     Gradient
  1 -0.42224  1.38023e+00 |  2  0.37199  2.30487e+00 |  3 -0.12682  2.42111e+00
  4 -0.01475  2.17777e+00 |  5 -0.70960  2.47432e-01 |  6 -0.60348  3.14435e-01
  7  0.37886  2.21398e+00 |  8 -0.18539  1.17887e+00 |  9  0.02942  1.28923e+00
 10 -0.60466  4.29940e-01 | 11 -0.62338  1.62958e+00 | 12 -0.13227 -2.41166e+00
 13 -0.00972  3.74279e-02 | 14 -0.00992  3.99163e-02 | 15 -0.01012  4.26048e-02
 16 -0.01032  4.55592e-02 | 17 -0.01051  4.87482e-02 | 18 -0.01069  5.19874e-02
 19 -0.01087  5.52753e-02 | 20 -0.01104  5.85236e-02 | 21 -0.01119  6.15110e-02
 22 -0.01134  6.41843e-02 | 23 -0.01148  6.64720e-02 | 24 -0.01160  6.80981e-02
 25 -0.01172  6.90357e-02 | 26 -0.01182  6.91392e-02 | 27 -0.01190  6.83014e-02
 28 -0.01197  6.63647e-02 | 29 -0.01202  6.32747e-02 | 30 -0.01205  5.88641e-02
 31 -0.01206  5.30447e-02 | 32 -0.01205  4.56991e-02 | 33 -0.01203  3.66471e-02
 34 -0.01198  2.57617e-02 | 35 -0.01190  1.29942e-02 | 36 -0.01181 -1.78436e-03
 37 -0.01168 -1.84181e-02 | 38 -0.01152 -3.66624e-02 | 39 -0.01133 -5.59703e-02
 40 -0.01110 -7.54892e-02 | 41 -0.01083 -9.41981e-02 | 42 -0.01051 -1.10750e-01
 43 -0.01015 -1.23993e-01 | 44 -0.00975 -1.32904e-01 | 45 -0.00930 -1.37061e-01
 46 -0.00882 -1.36923e-01 | 47 -0.00832 -1.33708e-01 | 48 -0.00781 -1.29249e-01
 49 -0.00732 -1.25383e-01 | 50 -0.00686 -1.23469e-01 | 51 -0.00644 -1.24110e-01
 52 -0.00608 -1.27250e-01 | 53 -0.00577 -1.32418e-01 | 54 -0.00552 -1.38947e-01
 55 -0.00531 -1.46176e-01 | 56 -0.00512 -1.53622e-01 | 57 -0.00494 -1.60985e-01
 58 -0.00473 -1.67753e-01 | 59 -0.00446 -1.72961e-01 | 60 -0.00410 -1.74911e-01
 61 -0.00360 -1.71241e-01 | 62 -0.00292 -1.60931e-01 | 63 -0.00206 -1.48702e-01
 64 -0.00103 -1.51145e-01 | 65  0.00009 -1.90492e-01 | 66  0.00136 -2.62623e-01
 67  0.00303 -3.07746e-01 | 68  0.00532 -2.81868e-01 | 69  0.00811 -2.20244e-01
 70  0.01146 -1.06893e-01 | 71  0.01458 -1.14020e-01 | 72  0.01764 -1.86004e-01
 73  0.02151 -1.14999e-01 | 74  0.02497 -1.31352e-01 | 75  0.02762 -2.66368e-01
 76  0.03270  1.30002e-01 | 77  0.03395 -7.55360e-02 | 78  0.03484 -2.07325e-01
 79  0.03661 -4.79834e-02 | 80  0.03614 -1.62497e-01 | 81  0.03681  2.86362e-02
 82  0.03514 -9.50359e-02 | 83  0.03258 -2.73797e-01 | 84  0.03232  9.73498e-02
 85  0.02820 -1.00805e-01 | 86  0.02463 -8.82304e-02 | 87  0.02090 -6.96503e-02
 88  0.01719 -1.19493e-01 | 89  0.01443 -1.32171e-01 | 90  0.01276 -1.07197e-01
 91  0.01135 -1.73816e-01 | 92  0.01015 -2.50344e-01 | 93  0.00937 -2.57674e-01
 94  0.00933 -2.25393e-01 | 95  0.01002 -1.78024e-01 | 96  0.00975 -2.21582e-01
 97  0.01122 -1.75395e-01 | 98  0.01364 -9.49333e-02 | 99  0.01620 -2.54917e-01
100  0.01628 -6.39865e-02 |101  0.01177 -5.57361e-01 |102  0.01218  1.56256e-01
103  0.00310  1.93058e-01 |104  0.00126 -2.06737e-01 |105  0.01939 -4.79714e-02
106  0.01615 -2.05146e-01 |107 -0.00803 -3.17803e-01 |108  0.01098  1.37725e-01
109  0.07184  6.97854e-02 |110  0.02140  2.93083e-01 |111 -0.02125  1.94382e-01
112 -0.00272  3.43756e-01 |113  0.01195  2.22664e-01 |114  0.03163  7.89001e-02
115 -0.00205 -3.04966e-01 |116 -0.06493  4.26011e-03 |117 -0.08084 -9.78873e-02
118 -0.07839  1.50814e-01 |119 -0.03617  9.12580e-02 |120  0.07056  5.13814e-02
121  0.03026  6.55936e-01 |122  0.01574  3.85854e-01 |123 -0.03357  2.76407e-01
124 -0.07187  2.69397e-01 |125 -0.00749  9.67043e-01 |126  0.00347  2.83096e-01
127 -0.03240  2.74563e-01 |128  0.02039  4.91013e-01 |129  0.07069  2.62555e-01
130  0.00338  7.03742e-02 |131  0.07134 -2.10883e-01 |132  0.00157  1.21406e-01
133  0.12873 -1.98511e-02 |134 -0.00840 -3.20090e-01 |135 -0.04757  5.45192e-02
136 -0.05637 -3.42147e-02 |137 -0.02165 -2.48169e-01 |138  0.09176 -8.48823e-02
139  0.02829  8.54646e-02 |140  0.01683  6.76084e-02 |141 -0.02784 -1.71035e-01
142 -0.01773 -1.14692e-01 |143 -0.00631  6.99545e-02 |144 -0.00053 -2.37114e-02
145  0.33190 -8.29862e-02 |146  0.23673  8.34638e-01 |147  0.04899 -5.41894e-01
148  0.29612  3.98454e-01 |149  0.01540 -6.11965e-01 |150 -0.11352 -5.55625e-01
151 -0.17007  3.23221e-03 |152  0.13223  6.48483e-04 |153 -0.00225  5.76827e-03
154 -0.32614  8.16637e-04 |155  0.18762 -6.99897e-01 |156  0.25987  6.36992e-01
157  0.17596 -9.69754e-01 |158  0.25400  4.52030e-01 |159  0.00508 -5.24657e-01
160 -0.09713 -2.47339e-01 |161  0.10849 -3.73529e-01 |162  0.29685  4.66129e-01
163  0.17141 -6.67433e-01 |164  0.24641  5.55316e-01 |165 -0.34618  3.38179e-01
166  0.24416 -5.78862e-01 |167  0.05196  4.99568e-01 |168 -0.18533 -4.22005e-03
169  0.20281 -4.72885e-01 |170  0.31575  4.66594e-02 |171  0.07820 -8.82467e-01
172 -0.53141  2.99074e-05 |173 -0.37355  1.02590e-01 |174  0.23826 -2.01692e-01
175  0.07603  3.42007e-01 |176 -0.11737 -6.24201e-02 |177  0.05570  4.45077e-01
178  0.12111 -4.85750e-02 |179  0.32239  1.56194e-01 |180  0.27236  2.30330e-02
181  0.00052  2.70093e-01 |182  0.00859  2.11900e-01 |183 -0.14430 -6.41084e-01
184 -0.12459  1.97724e-01 |185 -0.27053  3.00787e-01 |186  0.29760 -6.26880e-02
187 -0.14312  7.33538e-02 |188 -0.46030  7.02287e-02 |189  0.10047 -3.96099e-01
190  0.16482 -2.69631e+00 |191  0.21900 -1.82332e-03 |192  0.25709  3.19218e+00
193  0.02424 -8.66428e-01 |194 -0.00734 -9.83523e-01 |195 -0.17493 -7.75383e-01
196 -0.11329 -2.35482e+00 |197 -0.55315  3.23417e-01 |198  0.17163 -2.53777e-02
199  0.09336  2.47137e+00 |200 -0.24877  4.20723e-01 |
200 variables; iteration 140; function evaluation 187; phase 4
Function value 7.3057302e+03; maximum gradient component mag -2.0404e-01
Var    Value     Gradient |Var    Value     Gradient |Var    Value     Gradient
  1 -0.42227 -5.96844e-04 |  2  0.37197 -1.36204e-01 |  3 -0.12683 -6.23511e-02
  4 -0.01471 -9.21142e-02 |  5 -0.70982 -2.42895e-02 |  6 -0.60348  5.03176e-02
  7  0.37866 -7.33657e-02 |  8 -0.18543 -4.57616e-02 |  9  0.02974 -4.18062e-02
 10 -0.60544 -1.64024e-02 | 11 -0.62335 -3.68522e-02 | 12 -0.13080  1.54252e-02
 13 -0.00991 -7.89157e-03 | 14 -0.01013 -7.93758e-03 | 15 -0.01034 -8.19102e-03
 16 -0.01055 -8.72121e-03 | 17 -0.01075 -9.57848e-03 | 18 -0.01096 -1.07391e-02
 19 -0.01115 -1.22128e-02 | 20 -0.01134 -1.39582e-02 | 21 -0.01151 -1.58334e-02
 22 -0.01168 -1.77616e-02 | 23 -0.01184 -1.96562e-02 | 24 -0.01197 -2.12850e-02
 25 -0.01210 -2.25875e-02 | 26 -0.01220 -2.34316e-02 | 27 -0.01229 -2.37276e-02
 28 -0.01235 -2.33604e-02 | 29 -0.01239 -2.23152e-02 | 30 -0.01240 -2.04981e-02
 31 -0.01238 -1.78960e-02 | 32 -0.01234 -1.44889e-02 | 33 -0.01227 -1.02326e-02
 34 -0.01217 -5.17492e-03 | 35 -0.01203  4.97678e-04 | 36 -0.01186  6.54800e-03
 37 -0.01166  1.23798e-02 | 38 -0.01142  1.72152e-02 | 39 -0.01116  2.00650e-02
 40 -0.01086  1.99889e-02 | 41 -0.01054  1.66272e-02 | 42 -0.01020  1.04284e-02
 43 -0.00983  2.99125e-03 | 44 -0.00942 -3.33242e-03 | 45 -0.00898 -6.30089e-03
 46 -0.00850 -4.92682e-03 | 47 -0.00801 -1.27594e-04 | 48 -0.00751  5.70242e-03
 49 -0.00703  1.00059e-02 | 50 -0.00659  1.13164e-02 | 51 -0.00619  9.62705e-03
 52 -0.00585  5.95885e-03 | 53 -0.00555  1.63949e-03 | 54 -0.00531 -2.25611e-03
 55 -0.00510 -5.09291e-03 | 56 -0.00490 -6.58219e-03 | 57 -0.00470 -6.50908e-03
 58 -0.00447 -4.59002e-03 | 59 -0.00418 -6.96325e-04 | 60 -0.00380  4.65948e-03
 61 -0.00331  9.45697e-03 | 62 -0.00269  1.01703e-02 | 63 -0.00190  6.55742e-03
 64 -0.00087  7.32359e-03 | 65  0.00045  1.71183e-02 | 66  0.00199  1.23883e-02
 67  0.00380 -7.60656e-04 | 68  0.00606  1.68089e-02 | 69  0.00858  1.58528e-02
 70  0.01129 -1.47317e-02 | 71  0.01449 -3.35452e-03 | 72  0.01810  4.31857e-02
 73  0.02132 -2.26290e-02 | 74  0.02475 -4.11517e-02 | 75  0.02846  2.78464e-02
 76  0.03151  4.25407e-02 | 77  0.03365  1.44850e-03 | 78  0.03542  2.71649e-02
 79  0.03614 -6.67116e-04 | 80  0.03632 -5.04134e-04 | 81  0.03587 -5.95084e-03
 82  0.03491 -2.84050e-03 | 83  0.03333 -2.04917e-03 | 84  0.03088 -2.91582e-02
 85  0.02765 -6.30322e-02 | 86  0.02438  1.21106e-02 | 87  0.02042 -1.19429e-02
 88  0.01719  4.68135e-02 | 89  0.01423 -2.89638e-03 | 90  0.01240 -2.67924e-03
 91  0.01124 -6.69897e-03 | 92  0.01042  6.65080e-03 | 93  0.00967  9.15390e-03
 94  0.00947  2.55169e-03 | 95  0.00994 -3.38016e-03 | 96  0.00994  8.16817e-03
 97  0.01106 -3.04445e-02 | 98  0.01310 -3.50079e-02 | 99  0.01660  3.93673e-03
100  0.01586  8.43026e-03 |101  0.01379  2.98779e-02 |102  0.01094 -1.71465e-02
103  0.00178 -5.48928e-02 |104  0.00180  3.69599e-04 |105  0.01930 -1.66917e-04
106  0.01666 -1.56913e-02 |107 -0.00703 -1.62001e-03 |108  0.01065 -2.30875e-03
109  0.07281 -1.99987e-02 |110  0.02138  3.08435e-03 |111 -0.02080 -1.08296e-02
112 -0.00263 -4.21705e-02 |113  0.01254  2.15465e-02 |114  0.03210  3.77428e-02
115 -0.00089  4.31589e-02 |116 -0.06468  2.99829e-02 |117 -0.08017  3.28248e-02
118 -0.07825  1.24392e-02 |119 -0.03592  3.78678e-02 |120  0.07152  1.20243e-01
121  0.02962  2.35756e-02 |122  0.01613  3.02726e-02 |123 -0.03355 -1.78904e-02
124 -0.07186 -4.88930e-02 |125 -0.00906 -6.27378e-02 |126  0.00379 -8.90076e-02
127 -0.03242 -5.39988e-02 |128  0.02014 -7.30402e-02 |129  0.07112 -6.04971e-02
130  0.00377 -3.31377e-02 |131  0.07207  9.96093e-03 |132  0.00138 -1.95722e-02
133  0.12904 -1.41604e-03 |134 -0.00747 -1.76765e-02 |135 -0.04759 -3.84960e-02
136 -0.05613 -6.14701e-03 |137 -0.02078  2.22540e-02 |138  0.09193 -1.22038e-02
139  0.02819  1.30861e-02 |140  0.01676  4.25748e-03 |141 -0.02715  2.78129e-02
142 -0.01738 -2.62139e-02 |143 -0.00655 -6.69275e-03 |144 -0.00040  7.21701e-03
145  0.32952 -2.17491e-02 |146  0.23428 -7.91026e-02 |147  0.04882  2.14699e-02
148  0.29613 -6.21274e-02 |149  0.01564  2.90805e-02 |150 -0.11356  3.45595e-02
151 -0.16370  8.21749e-04 |152  0.11011  7.09591e-04 |153 -0.04418  1.39032e-03
154 -0.34626  2.59310e-04 |155  0.18772  1.05950e-01 |156  0.26000 -1.56970e-01
157  0.17640  4.86623e-02 |158  0.25426 -2.64988e-02 |159  0.00506  1.67868e-02
160 -0.09718  2.76391e-02 |161  0.10864  5.56148e-03 |162  0.29696 -2.13566e-02
163  0.17170  1.60162e-02 |164  0.24659 -9.11245e-03 |165 -0.34679 -9.89439e-03
166  0.24408  2.29728e-02 |167  0.05204 -1.21275e-04 |168 -0.18537  1.89092e-02
169  0.20518  2.64923e-02 |170  0.31623 -9.39421e-03 |171  0.07786  6.23265e-02
172 -0.53127 -7.41569e-06 |173 -0.37394 -1.32248e-02 |174  0.23821  3.17361e-02
175  0.07599 -2.04333e-03 |176 -0.11753  7.91601e-02 |177  0.05432 -3.60621e-02
178  0.12116 -3.26278e-02 |179  0.32193 -3.75674e-03 |180  0.27238  3.73163e-02
181  0.00152  2.00341e-03 |182  0.00844 -2.21250e-02 |183 -0.14447  6.90743e-02
184 -0.12463 -1.36061e-02 |185 -0.27834  4.68088e-02 |186  0.28262  6.98745e-03
187 -0.14365  1.64182e-03 |188 -0.48081  4.25519e-02 |189  0.10040 -1.68128e-02
190  0.16480 -8.23912e-02 |191  0.21899  1.15956e-02 |192  0.25707 -4.92465e-03
193  0.02426 -7.96259e-03 |194 -0.00729 -4.79818e-02 |195 -0.17495  5.44637e-02
196 -0.11328 -9.80855e-02 |197 -0.55441 -2.27312e-02 |198  0.17111 -3.47209e-03
199  0.09316 -2.04038e-01 |200 -0.24759 -6.36059e-02 |
200 variables; iteration 160; function evaluation 220; phase 4
Function value 7.3057288e+03; maximum gradient component mag 1.8344e-01
Var    Value     Gradient |Var    Value     Gradient |Var    Value     Gradient
  1 -0.42226 -2.77282e-02 |  2  0.37198 -1.18551e-02 |  3 -0.12684 -1.30308e-02
  4 -0.01473 -2.01858e-02 |  5 -0.70979 -5.96150e-03 |  6 -0.60348  1.11308e-02
  7  0.37869  2.18485e-02 |  8 -0.18543 -4.85235e-02 |  9  0.02970 -1.53567e-02
 10 -0.60537  4.41345e-03 | 11 -0.62335  2.09531e-02 | 12 -0.13103  4.00930e-02
 13 -0.00988 -1.03473e-04 | 14 -0.01009  7.97748e-05 | 15 -0.01030  2.33238e-04
 16 -0.01051  1.93728e-04 | 17 -0.01072 -1.06701e-04 | 18 -0.01092 -5.59657e-04
 19 -0.01111 -8.34094e-04 | 20 -0.01128 -5.40129e-04 | 21 -0.01145  5.08984e-04
 22 -0.01160  2.19054e-03 | 23 -0.01174  4.00992e-03 | 24 -0.01187  5.15951e-03
 25 -0.01199  5.12701e-03 | 26 -0.01210  3.84150e-03 | 27 -0.01219  1.90958e-03
 28 -0.01226  4.44870e-04 | 29 -0.01230  5.74675e-04 | 30 -0.01231  2.94559e-03
 31 -0.01229  7.26117e-03 | 32 -0.01224  1.22580e-02 | 33 -0.01217  1.59623e-02
 34 -0.01208  1.62865e-02 | 35 -0.01198  1.22001e-02 | 36 -0.01186  4.83223e-03
 37 -0.01171 -2.34315e-03 | 38 -0.01150 -5.57476e-03 | 39 -0.01124 -4.16272e-03
 40 -0.01093 -1.52783e-03 | 41 -0.01060 -1.12436e-03 | 42 -0.01023 -1.05433e-03
 43 -0.00981  3.61159e-03 | 44 -0.00935  1.15899e-02 | 45 -0.00889  1.35758e-02
 46 -0.00845  5.12799e-03 | 47 -0.00801 -4.70471e-03 | 48 -0.00754 -5.02121e-03
 49 -0.00705  2.69607e-03 | 50 -0.00658  8.63275e-03 | 51 -0.00618  7.62446e-03
 52 -0.00584  2.59545e-03 | 53 -0.00555 -1.40685e-03 | 54 -0.00529 -2.19152e-03
 55 -0.00506 -4.40940e-04 | 56 -0.00485  2.19355e-03 | 57 -0.00464  4.04556e-03
 58 -0.00442  3.14031e-03 | 59 -0.00417 -3.12410e-03 | 60 -0.00386 -1.64130e-02
 61 -0.00345 -3.15312e-02 | 62 -0.00283 -3.30886e-02 | 63 -0.00197 -1.95946e-02
 64 -0.00087 -7.96954e-04 | 65  0.00063  5.29372e-02 | 66  0.00191 -1.40968e-02
 67  0.00394  2.50491e-02 | 68  0.00601 -2.94425e-03 | 69  0.00846 -2.05871e-02
 70  0.01144  1.09635e-02 | 71  0.01458  8.02017e-03 | 72  0.01771 -4.74655e-02
 73  0.02146 -6.20241e-04 | 74  0.02494 -1.14782e-02 | 75  0.02840  8.05397e-03
 76  0.03141  1.90670e-02 | 77  0.03371  8.00415e-03 | 78  0.03528 -3.05537e-03
 79  0.03629  2.16322e-02 | 80  0.03633 -2.47969e-03 | 81  0.03606  2.44228e-02
 82  0.03499  6.67353e-03 | 83  0.03334 -3.80536e-03 | 84  0.03109  5.71679e-03
 85  0.02792 -1.49602e-02 | 86  0.02426 -1.65423e-02 | 87  0.02064  2.80079e-02
 88  0.01702  5.74096e-03 | 89  0.01434  1.54874e-02 | 90  0.01242 -5.88448e-03
 91  0.01133  5.79525e-03 | 92  0.01038 -9.17394e-03 | 93  0.00962 -8.25147e-03
 94  0.00945 -7.14637e-03 | 95  0.00995 -2.80748e-03 | 96  0.00986 -9.95490e-03
 97  0.01128  2.15004e-02 | 98  0.01322 -5.25299e-03 | 99  0.01665  2.18166e-02
100  0.01600  4.77992e-02 |101  0.01347 -3.13636e-02 |102  0.01105  2.02649e-02
103  0.00210  3.42352e-02 |104  0.00172 -1.15833e-02 |105  0.01908 -3.50802e-02
106  0.01683  4.36000e-02 |107 -0.00707  4.56600e-03 |108  0.01058  5.92257e-03
109  0.07284  2.92095e-02 |110  0.02121 -6.61232e-03 |111 -0.02082  1.78883e-02
112 -0.00248  4.53388e-02 |113  0.01240  1.54478e-02 |114  0.03204  2.93029e-02
115 -0.00093  2.54501e-02 |116 -0.06471  1.28592e-02 |117 -0.08022  6.31728e-03
118 -0.07823  1.94536e-02 |119 -0.03594  8.99424e-03 |120  0.07144  9.33519e-03
121  0.02972  2.68101e-04 |122  0.01612 -1.46986e-02 |123 -0.03351 -2.17754e-02
124 -0.07178 -1.83244e-02 |125 -0.00906 -4.10685e-02 |126  0.00378 -5.06401e-02
127 -0.03244 -2.40132e-02 |128  0.02002 -5.44540e-02 |129  0.07114  3.10656e-03
130  0.00382  1.23615e-02 |131  0.07200 -5.36786e-03 |132  0.00150  3.05741e-02
133  0.12905  7.96891e-03 |134 -0.00746 -4.68679e-03 |135 -0.04746  1.66611e-02
136 -0.05609  1.16005e-02 |137 -0.02081  1.22770e-02 |138  0.09203  2.29128e-02
139  0.02809 -2.21209e-02 |140  0.01675 -1.38468e-03 |141 -0.02726 -6.25254e-03
142 -0.01741 -3.34544e-02 |143 -0.00654 -1.89378e-03 |144 -0.00040  6.25683e-03
145  0.32987  8.35926e-03 |146  0.23454  4.76375e-02 |147  0.04886  4.08267e-02
148  0.29613 -5.60889e-02 |149  0.01561  5.70511e-03 |150 -0.11355  1.95340e-02
151 -0.15759  6.69556e-04 |152  0.07570  4.28138e-04 |153 -0.09368  1.23604e-05
154 -0.36735 -3.80244e-04 |155  0.18775  3.71664e-02 |156  0.25999 -6.30420e-02
157  0.17637 -2.00887e-03 |158  0.25424 -1.99065e-02 |159  0.00506 -1.12315e-02
160 -0.09717  8.63820e-03 |161  0.10873  2.73325e-02 |162  0.29698 -7.93537e-03
163  0.17170 -3.33180e-03 |164  0.24658 -3.47596e-03 |165 -0.34669  9.26736e-03
166  0.24411 -4.33674e-03 |167  0.05202  1.94979e-02 |168 -0.18536  6.12029e-02
169  0.20506 -2.21374e-03 |170  0.31621 -2.71721e-03 |171  0.07788 -6.40007e-04
172 -0.53112  6.44555e-06 |173 -0.37394 -6.85527e-03 |174  0.23821  4.67552e-03
175  0.07599 -2.34301e-03 |176 -0.11750  4.36890e-02 |177  0.05456  3.66826e-02
178  0.12117 -8.08345e-03 |179  0.32201 -1.02732e-02 |180  0.27238  4.86743e-03
181  0.00131  2.26061e-02 |182  0.00844 -3.97775e-03 |183 -0.14444  1.86534e-02
184 -0.12462 -1.87314e-03 |185 -0.28729 -4.89313e-02 |186  0.27838 -2.68987e-03
187 -0.14896  6.88503e-04 |188 -0.51770  1.74965e-02 |189  0.10041 -2.00098e-02
190  0.16481  7.52559e-03 |191  0.21899  9.79817e-04 |192  0.25707 -6.75221e-02
193  0.02426 -2.93365e-02 |194 -0.00730 -1.26610e-02 |195 -0.17494 -7.05130e-03
196 -0.11327 -5.71513e-02 |197 -0.55429  2.11956e-02 |198  0.17118 -2.15904e-03
199  0.09318  1.83442e-01 |200 -0.24764  3.99832e-02 |
200 variables; iteration 180; function evaluation 255; phase 4
Function value 7.3057281e+03; maximum gradient component mag -7.8306e-02
Var    Value     Gradient |Var    Value     Gradient |Var    Value     Gradient
  1 -0.42226 -2.30823e-02 |  2  0.37198  3.72573e-02 |  3 -0.12683  1.24664e-02
  4 -0.01473  1.57752e-02 |  5 -0.70977  2.54471e-03 |  6 -0.60348 -7.74902e-03
  7  0.37869  3.16388e-02 |  8 -0.18543 -8.05585e-03 |  9  0.02969  9.61580e-04
 10 -0.60535  1.04092e-02 | 11 -0.62335  2.80768e-02 | 12 -0.13105 -1.67311e-02
 13 -0.00985  7.77812e-03 | 14 -0.01007  7.57850e-03 | 15 -0.01028  6.43614e-03
 16 -0.01050  4.84413e-03 | 17 -0.01071  3.26279e-03 | 18 -0.01091  1.81486e-03
 19 -0.01110  4.55437e-04 | 20 -0.01129 -3.70549e-04 | 21 -0.01145  2.43034e-04
 22 -0.01160  2.66642e-03 | 23 -0.01174  5.86620e-03 | 24 -0.01187  7.83581e-03
 25 -0.01198  7.63163e-03 | 26 -0.01209  6.47834e-03 | 27 -0.01217  6.53013e-03
 28 -0.01223  8.06161e-03 | 29 -0.01227  8.39860e-03 | 30 -0.01230  4.69084e-03
 31 -0.01232 -2.25121e-03 | 32 -0.01231 -7.35311e-03 | 33 -0.01225 -5.55274e-03
 34 -0.01214  2.10991e-03 | 35 -0.01200  7.48493e-03 | 36 -0.01187  4.10158e-03
 37 -0.01171 -2.91063e-03 | 38 -0.01149 -2.58665e-03 | 39 -0.01121  4.93640e-03
 40 -0.01089  1.08411e-02 | 41 -0.01055  1.20374e-02 | 42 -0.01022  2.77740e-03
 43 -0.00990 -1.78664e-02 | 44 -0.00949 -2.51718e-02 | 45 -0.00900 -1.37263e-02
 46 -0.00851 -8.43086e-03 | 47 -0.00800 -1.55548e-03 | 48 -0.00748  1.10324e-02
 49 -0.00706  3.90409e-04 | 50 -0.00670 -2.15652e-02 | 51 -0.00628 -1.79602e-02
 52 -0.00584  4.00217e-03 | 53 -0.00549  1.44664e-02 | 54 -0.00526  5.14341e-03
 55 -0.00511 -1.26657e-02 | 56 -0.00496 -2.63117e-02 | 57 -0.00477 -2.77599e-02
 58 -0.00448 -1.26755e-02 | 59 -0.00410  1.50071e-02 | 60 -0.00367  3.21202e-02
 61 -0.00329  9.63104e-03 | 62 -0.00276 -1.34440e-02 | 63 -0.00185  1.12576e-02
 64 -0.00093 -1.48309e-02 | 65  0.00069  6.93316e-02 | 66  0.00202  1.35587e-02
 67  0.00375 -1.93956e-02 | 68  0.00609  1.63000e-02 | 69  0.00820 -7.83056e-02
 70  0.01137 -6.10716e-03 | 71  0.01457  4.79398e-03 | 72  0.01783 -2.28374e-02
 73  0.02150  6.56220e-03 | 74  0.02502  3.30854e-03 | 75  0.02840  7.13199e-03
 76  0.03134  4.35097e-03 | 77  0.03372  8.16130e-03 | 78  0.03522 -1.67379e-02
 79  0.03616 -3.25712e-03 | 80  0.03627 -1.60433e-02 | 81  0.03601  1.31224e-02
 82  0.03499  6.54745e-03 | 83  0.03344  1.22567e-02 | 84  0.03110  7.23324e-03
 85  0.02799 -1.42357e-03 | 86  0.02437  5.22575e-03 | 87  0.02063  2.60965e-02
 88  0.01686 -3.09094e-02 | 89  0.01431  6.76017e-03 | 90  0.01245 -1.27038e-03
 91  0.01118 -3.04804e-02 | 92  0.01045  4.14909e-03 | 93  0.00971  8.96059e-03
 94  0.00961  2.80352e-02 | 95  0.00993 -1.07524e-02 | 96  0.00997  1.00826e-02
 97  0.01105 -3.52999e-02 | 98  0.01321 -1.33488e-02 | 99  0.01664  1.34823e-02
100  0.01592  2.49062e-02 |101  0.01355 -1.80744e-02 |102  0.01104  1.47195e-02
103  0.00202  1.56388e-02 |104  0.00177  1.18076e-03 |105  0.01917 -1.55733e-02
106  0.01666  7.59654e-04 |107 -0.00697  3.09971e-02 |108  0.01060  5.95952e-03
109  0.07271 -3.75885e-03 |110  0.02133  2.01092e-02 |111 -0.02087  6.31243e-03
112 -0.00253  2.81021e-02 |113  0.01241  7.89571e-03 |114  0.03199  3.33897e-03
115 -0.00094  1.59147e-02 |116 -0.06473 -5.05243e-04 |117 -0.08023  7.60909e-04
118 -0.07825  8.98387e-03 |119 -0.03596 -5.89634e-03 |120  0.07145 -1.07931e-02
121  0.02974 -9.87820e-03 |122  0.01615 -1.44574e-02 |123 -0.03344 -9.43543e-03
124 -0.07171 -4.40521e-03 |125 -0.00896 -7.37554e-03 |126  0.00389 -5.59907e-03
127 -0.03239  3.72975e-03 |128  0.02005 -2.63188e-02 |129  0.07115  2.70360e-02
130  0.00378  1.12551e-02 |131  0.07199 -4.55377e-03 |132  0.00149  2.82699e-02
133  0.12905  8.57957e-03 |134 -0.00744  3.07716e-03 |135 -0.04747  1.43530e-02
136 -0.05608  1.36302e-02 |137 -0.02080  1.68385e-02 |138  0.09202  1.84612e-02
139  0.02812 -1.51270e-02 |140  0.01674 -4.66016e-03 |141 -0.02725 -2.96661e-03
142 -0.01738 -2.82808e-02 |143 -0.00648  1.18473e-02 |144 -0.00051 -2.01726e-02
145  0.32991  1.05671e-03 |146  0.23461  1.95188e-02 |147  0.04885  1.87267e-02
148  0.29613 -2.71814e-02 |149  0.01561 -4.52949e-03 |150 -0.11355  4.12272e-03
151 -0.15786  1.23229e-03 |152 -0.00115 -6.55738e-05 |153 -0.18732 -9.55009e-04
154 -0.39878 -1.41731e-03 |155  0.18774  8.58651e-03 |156  0.25999 -1.10181e-02
157  0.17638 -7.90266e-03 |158  0.25424  4.72856e-03 |159  0.00506 -1.10692e-02
160 -0.09718 -2.15348e-03 |161  0.10871  1.68852e-02 |162  0.29697 -5.14174e-03
163  0.17170 -5.74124e-03 |164  0.24658  5.64310e-03 |165 -0.34666  1.29159e-02
166  0.24411 -1.48006e-02 |167  0.05202  1.36867e-02 |168 -0.18537  1.15644e-02
169  0.20504 -8.20040e-03 |170  0.31621  1.03608e-03 |171  0.07788 -2.34361e-02
172 -0.53100  1.52052e-05 |173 -0.37369  2.36647e-03 |174  0.23828  2.02450e-03
175  0.07594  6.29377e-04 |176 -0.11749  1.22222e-02 |177  0.05454  1.41448e-02
178  0.12117  5.37038e-03 |179  0.32200 -5.79340e-03 |180  0.27238 -3.30092e-03
181  0.00133  5.14384e-03 |182  0.00844  4.18599e-03 |183 -0.14444 -8.86906e-03
184 -0.12462  1.03308e-02 |185 -0.28571  1.69017e-03 |186  0.28023  7.74049e-03
187 -0.18471  7.06978e-03 |188 -0.59787  9.20230e-05 |189  0.10041  8.20579e-03
190  0.16481  1.51801e-02 |191  0.21899 -6.60492e-03 |192  0.25707 -2.64373e-02
193  0.02426 -4.48294e-03 |194 -0.00730 -2.01565e-03 |195 -0.17494 -1.17405e-02
196 -0.11327 -8.74885e-03 |197 -0.55431  5.14293e-03 |198  0.17115 -3.27139e-03
199  0.09317  5.19279e-02 |200 -0.24765  2.71455e-03 |
200 variables; iteration 200; function evaluation 291; phase 4
Function value 7.3057279e+03; maximum gradient component mag -8.7313e-02
Var    Value     Gradient |Var    Value     Gradient |Var    Value     Gradient
  1 -0.42226  6.23151e-03 |  2  0.37198 -5.05579e-02 |  3 -0.12683 -4.26952e-02
  4 -0.01472 -3.03159e-02 |  5 -0.70978  1.36747e-03 |  6 -0.60348 -6.32411e-03
  7  0.37866 -6.29001e-02 |  8 -0.18543  9.31967e-03 |  9  0.02973 -1.27599e-02
 10 -0.60541 -4.62965e-03 | 11 -0.62335 -4.73391e-02 | 12 -0.13095  4.58486e-02
 13 -0.00991 -6.16688e-03 | 14 -0.01011 -4.07404e-03 | 15 -0.01034 -6.88528e-03
 16 -0.01055 -7.46788e-03 | 17 -0.01072  9.08663e-04 | 18 -0.01089  8.50244e-03
 19 -0.01109  3.95650e-03 | 20 -0.01130 -3.84431e-03 | 21 -0.01147 -3.49404e-03
 22 -0.01163 -3.92012e-03 | 23 -0.01180 -1.09166e-02 | 24 -0.01194 -1.13897e-02
 25 -0.01203 -3.72952e-03 | 26 -0.01212 -6.19210e-04 | 27 -0.01220 -1.96074e-05
 28 -0.01227 -2.06104e-03 | 29 -0.01235 -1.14712e-02 | 30 -0.01234 -5.25188e-03
 31 -0.01226  1.60101e-02 | 32 -0.01225  9.56892e-03 | 33 -0.01225 -5.90432e-03
 34 -0.01211  1.03615e-02 | 35 -0.01200  9.42955e-03 | 36 -0.01192 -9.27879e-03
 37 -0.01170  2.44996e-03 | 38 -0.01148  3.18719e-03 | 39 -0.01118  1.27983e-02
 40 -0.01101 -1.81898e-02 | 41 -0.01069 -2.30011e-02 | 42 -0.01020  1.02598e-02
 43 -0.00981  8.26826e-03 | 44 -0.00919  5.72833e-02 | 45 -0.00904 -2.12466e-02
 46 -0.00837  2.96006e-02 | 47 -0.00796  1.18016e-02 | 48 -0.00754 -1.55252e-03
 49 -0.00694  3.39186e-02 | 50 -0.00669 -1.48320e-02 | 51 -0.00625 -5.57143e-03
 52 -0.00584  6.53861e-03 | 53 -0.00561 -1.22799e-02 | 54 -0.00535 -1.34011e-02
 55 -0.00506  2.19565e-03 | 56 -0.00483  1.05657e-02 | 57 -0.00466  3.83776e-03
 58 -0.00447 -5.71938e-03 | 59 -0.00416  4.00603e-03 | 60 -0.00381  2.78869e-04
 61 -0.00369 -8.73125e-02 | 62 -0.00248  5.91782e-02 | 63 -0.00178  3.32574e-02
 64 -0.00072  4.22790e-02 | 65  0.00017 -5.46349e-02 | 66  0.00200  1.21446e-02
 67  0.00395  3.16313e-02 | 68  0.00622  5.00940e-02 | 69  0.00841 -2.80333e-02
 70  0.01128 -2.15231e-02 | 71  0.01454  3.85761e-03 | 72  0.01797  1.29645e-02
 73  0.02140 -9.23659e-03 | 74  0.02494 -7.78172e-03 | 75  0.02831 -5.82917e-03
 76  0.03127 -4.37817e-03 | 77  0.03360 -1.07856e-02 | 78  0.03539  1.85294e-02
 79  0.03619  6.78982e-03 | 80  0.03645  2.06544e-02 | 81  0.03588 -4.54492e-03
 82  0.03494  6.59829e-04 | 83  0.03331 -5.85155e-03 | 84  0.03104  1.01097e-03
 85  0.02804  1.22192e-02 | 86  0.02434  3.90583e-03 | 87  0.02041 -1.35759e-02
 88  0.01713  3.42328e-02 | 89  0.01423 -3.08007e-03 | 90  0.01244  3.49582e-03
 91  0.01125 -8.85392e-03 | 92  0.01029 -2.64384e-02 | 93  0.00969  1.03945e-02
 94  0.00932 -3.32080e-02 | 95  0.01019  5.34955e-02 | 96  0.00992  4.84482e-03
 97  0.01139  4.51149e-02 | 98  0.01326 -8.16192e-05 | 99  0.01637 -4.67635e-02
100  0.01561 -4.61462e-02 |101  0.01377  2.75249e-02 |102  0.01111  2.80047e-02
103  0.00191 -1.51702e-02 |104  0.00170 -1.86891e-02 |105  0.01931  1.09045e-02
106  0.01671  4.05850e-03 |107 -0.00715 -3.49823e-02 |108  0.01059 -1.57441e-02
109  0.07285 -1.17874e-02 |110  0.02122 -3.76733e-02 |111 -0.02082 -1.55195e-02
112 -0.00260 -3.56979e-02 |113  0.01244 -2.20945e-02 |114  0.03205 -1.50859e-02
115 -0.00098 -2.11580e-02 |116 -0.06469 -5.38949e-05 |117 -0.08021 -2.11372e-04
118 -0.07827 -5.10432e-03 |119 -0.03593  1.12324e-02 |120  0.07147  2.66384e-02
121  0.02977  2.40742e-02 |122  0.01621  2.54592e-02 |123 -0.03340  1.46741e-02
124 -0.07169  8.95517e-03 |125 -0.00896  1.39215e-02 |126  0.00387  1.59480e-02
127 -0.03244  4.93254e-03 |128  0.02021  2.67960e-02 |129  0.07102 -1.66719e-02
130  0.00378 -1.08958e-02 |131  0.07202  4.44128e-03 |132  0.00136 -2.44551e-02
133  0.12902 -1.03143e-02 |134 -0.00744 -7.96783e-04 |135 -0.04752 -9.07000e-03
136 -0.05614 -1.01850e-02 |137 -0.02089 -1.44861e-02 |138  0.09193 -1.34273e-02
139  0.02819  1.49837e-02 |140  0.01677  5.63127e-03 |141 -0.02721  3.81044e-03
142 -0.01719  2.61906e-02 |143 -0.00656 -1.23601e-02 |144 -0.00050 -1.74333e-02
145  0.32978 -9.94104e-04 |146  0.23449 -3.98064e-03 |147  0.04883 -2.68631e-02
148  0.29613  4.06031e-02 |149  0.01563  4.08232e-03 |150 -0.11356 -1.03621e-02
151 -0.16056  1.44237e-03 |152 -0.07178 -3.59567e-04 |153 -0.22077 -1.13950e-03
154 -0.34250  1.12980e-03 |155  0.18772 -2.09964e-02 |156  0.25999  2.79376e-02
157  0.17636  7.51586e-03 |158  0.25424 -4.30806e-03 |159  0.00508  1.20073e-02
160 -0.09719  5.99335e-04 |161  0.10863 -1.49298e-02 |162  0.29695  3.28166e-03
163  0.17169  8.56643e-03 |164  0.24658 -1.50625e-02 |165 -0.34674 -1.75310e-02
166  0.24408  2.43621e-02 |167  0.05203 -2.07220e-02 |168 -0.18537  4.86933e-03
169  0.20509  1.24906e-02 |170  0.31622 -2.49744e-03 |171  0.07787  3.85742e-02
172 -0.53160 -3.19467e-05 |173 -0.37386  5.21721e-04 |174  0.23822 -1.70728e-02
175  0.07599 -2.41948e-03 |176 -0.11751 -1.10593e-02 |177  0.05449 -1.34541e-02
178  0.12116 -8.02970e-04 |179  0.32199  1.21377e-02 |180  0.27238 -1.39610e-03
181  0.00137 -9.83200e-03 |182  0.00844 -1.58165e-03 |183 -0.14446  3.03604e-05
184 -0.12463 -1.07840e-02 |185 -0.28582  4.04262e-02 |186  0.27899 -4.11450e-03
187 -0.22917  1.72368e-02 |188 -0.67727 -4.53038e-03 |189  0.10040  1.47223e-02
190  0.16480 -9.76865e-03 |191  0.21899  5.18752e-03 |192  0.25707  2.57978e-02
193  0.02426  4.38315e-02 |194 -0.00729  1.73019e-02 |195 -0.17495  2.34348e-02
196 -0.11327  4.53531e-02 |197 -0.55432 -1.67936e-03 |198  0.17116  1.90999e-03
199  0.09314 -4.34954e-02 |200 -0.24758 -1.76650e-03 |
200 variables; iteration 220; function evaluation 323; phase 4
Function value 7.3057271e+03; maximum gradient component mag -3.8933e-01
Var    Value     Gradient |Var    Value     Gradient |Var    Value     Gradient
  1 -0.42226 -1.83229e-01 |  2  0.37198 -1.56656e-01 |  3 -0.12683 -2.04544e-01
  4 -0.01474 -1.70267e-01 |  5 -0.70975 -1.49320e-02 |  6 -0.60348 -6.28465e-02
  7  0.37869 -1.49456e-01 |  8 -0.18542 -1.06506e-01 |  9  0.02968 -1.11356e-01
 10 -0.60531 -2.31723e-02 | 11 -0.62335 -1.13761e-01 | 12 -0.13101  3.07285e-01
 13 -0.00986  7.23381e-03 | 14 -0.01016 -1.50515e-02 | 15 -0.01039 -1.88970e-02
 16 -0.01045  2.00509e-02 | 17 -0.01067  1.48502e-02 | 18 -0.01099 -1.84435e-02
 19 -0.01113 -6.02449e-03 | 20 -0.01121  2.09833e-02 | 21 -0.01141  1.50513e-02
 22 -0.01183 -5.52531e-02 | 23 -0.01200 -6.24196e-02 | 24 -0.01172  4.93637e-02
 25 -0.01182  5.58122e-02 | 26 -0.01211  3.02118e-03 | 27 -0.01229 -2.24962e-02
 28 -0.01238 -2.84761e-02 | 29 -0.01216  4.13269e-02 | 30 -0.01225  2.10511e-02
 31 -0.01259 -7.02725e-02 | 32 -0.01227  8.47348e-03 | 33 -0.01183  1.12269e-01
 34 -0.01258 -1.14588e-01 | 35 -0.01197  2.05438e-02 | 36 -0.01174  4.19026e-02
 37 -0.01181 -2.64724e-02 | 38 -0.01130  5.23155e-02 | 39 -0.01138 -3.57501e-02
 40 -0.01078  4.37906e-02 | 41 -0.01084 -6.07088e-02 | 42 -0.01008  4.51920e-02
 43 -0.00995 -2.65832e-02 | 44 -0.00921  5.60598e-02 | 45 -0.00906 -2.38425e-02
 46 -0.00852 -5.96680e-03 | 47 -0.00795  1.85531e-02 | 48 -0.00757 -5.92471e-03
 49 -0.00722 -3.53829e-02 | 50 -0.00650  3.84756e-02 | 51 -0.00626 -5.84900e-03
 52 -0.00585  8.51436e-03 | 53 -0.00507  1.28639e-01 | 54 -0.00515  4.11200e-02
 55 -0.00541 -8.19201e-02 | 56 -0.00514 -6.35935e-02 | 57 -0.00463  1.59847e-02
 58 -0.00405  1.06177e-01 | 59 -0.00429 -2.58582e-02 | 60 -0.00418 -8.75181e-02
 61 -0.00317  4.78345e-02 | 62 -0.00295 -5.37096e-02 | 63 -0.00154  9.88029e-02
 64 -0.00083  1.83258e-02 | 65  0.00017 -5.01854e-02 | 66  0.00197  1.01401e-02
 67  0.00389  2.41300e-02 | 68  0.00628  6.95123e-02 | 69  0.00843 -1.78556e-02
 70  0.01125 -2.25478e-02 | 71  0.01454  9.03647e-03 | 72  0.01799  2.17558e-02
 73  0.02139 -5.58787e-03 | 74  0.02499  8.30301e-03 | 75  0.02829 -2.62534e-03
 76  0.03127  2.77847e-03 | 77  0.03363  3.13996e-03 | 78  0.03534  1.68405e-02
 79  0.03616  9.72391e-03 | 80  0.03641  2.22348e-02 | 81  0.03589  5.42205e-03
 82  0.03496  1.31882e-02 | 83  0.03335  9.68196e-03 | 84  0.03110  2.08827e-02
 85  0.02807  2.75545e-02 | 86  0.02441  2.63365e-02 | 87  0.02044  1.36248e-03
 88  0.01708  3.07777e-02 | 89  0.01422  2.59260e-03 | 90  0.01243  8.14850e-03
 91  0.01117 -1.67320e-02 | 92  0.01029 -1.78172e-02 | 93  0.00967  1.43651e-02
 94  0.00945  5.88663e-03 | 95  0.01013  4.87296e-02 | 96  0.00997  2.74244e-02
 97  0.01130  3.70087e-02 | 98  0.01333  2.96137e-02 | 99  0.01644 -1.69796e-02
100  0.01567 -1.72922e-02 |101  0.01375  3.95908e-02 |102  0.01102  2.53479e-02
103  0.00185 -1.25291e-02 |104  0.00177  1.89153e-02 |105  0.01939  5.35377e-02
106  0.01655 -1.21457e-02 |107 -0.00706  1.01417e-02 |108  0.01058  6.73702e-03
109  0.07275  1.44247e-02 |110  0.02123  1.77995e-03 |111 -0.02087  1.57718e-03
112 -0.00264 -7.13657e-03 |113  0.01240  1.04929e-02 |114  0.03199  1.74581e-02
115 -0.00099  4.51021e-03 |116 -0.06469  1.58134e-02 |117 -0.08023  6.50433e-03
118 -0.07832 -6.35758e-03 |119 -0.03596  2.73551e-04 |120  0.07153 -4.66445e-02
121  0.02992 -6.18058e-02 |122  0.01640 -6.15665e-02 |123 -0.03326 -5.60919e-02
124 -0.07159 -4.79150e-02 |125 -0.00891 -6.61476e-02 |126  0.00380 -6.67465e-02
127 -0.03255 -4.77492e-02 |128  0.02010 -1.91393e-02 |129  0.07100 -4.26723e-02
130  0.00374 -1.13578e-02 |131  0.07204  1.20486e-02 |132  0.00136 -2.10079e-02
133  0.12903 -1.17580e-03 |134 -0.00747 -6.40686e-03 |135 -0.04754 -1.21002e-02
136 -0.05616 -1.29730e-02 |137 -0.02087 -1.12132e-02 |138  0.09196 -1.28992e-02
139  0.02820  1.24612e-02 |140  0.01677  3.83712e-03 |141 -0.02721  5.19230e-03
142 -0.01723  1.66391e-02 |143 -0.00659 -1.56292e-02 |144 -0.00047 -9.02586e-03
145  0.32986  1.07937e-02 |146  0.23456  2.62716e-02 |147  0.04884  8.55852e-02
148  0.29613 -8.54664e-02 |149  0.01563  4.42321e-02 |150 -0.11356  4.90568e-02
151 -0.16070  8.22343e-02 |152 -0.23024 -1.27807e-03 |153 -0.30080 -1.65293e-03
154 -0.26852  1.30080e-02 |155  0.18773  6.01849e-02 |156  0.25999 -6.44186e-02
157  0.17636  4.76676e-02 |158  0.25424 -5.15348e-02 |159  0.00509  2.47025e-02
160 -0.09719  1.26875e-02 |161  0.10866  3.07894e-02 |162  0.29696 -6.48442e-02
163  0.17170  3.96620e-02 |164  0.24658 -5.80199e-02 |165 -0.34665 -1.38286e-02
166  0.24411  2.42866e-02 |167  0.05202 -2.09489e-02 |168 -0.18536  3.38877e-02
169  0.20508  1.84729e-02 |170  0.31621 -2.88159e-03 |171  0.07787  4.95166e-02
172 -0.53243 -9.89490e-05 |173 -0.37382 -6.12376e-03 |174  0.23824 -8.19960e-03
175  0.07600 -3.46863e-02 |176 -0.11747  3.17690e-02 |177  0.05448  1.91023e-04
178  0.12117  1.25451e-02 |179  0.32198 -1.70509e-02 |180  0.27239 -2.16866e-02
181  0.00137 -4.26879e-03 |182  0.00844 -2.82148e-04 |183 -0.14446  1.70560e-02
184 -0.12463 -6.53987e-03 |185 -0.28695  1.88266e-01 |186  0.27513  2.26057e-02
187 -0.33071  3.44032e-02 |188 -0.85717 -1.36701e-02 |189  0.10041  2.63091e-02
190  0.16480  3.05532e-01 |191  0.21899 -2.26526e-03 |192  0.25707 -3.89329e-01
193  0.02426  6.78718e-02 |194 -0.00728  9.80721e-02 |195 -0.17495  3.88044e-02
196 -0.11327  2.00252e-01 |197 -0.55432  2.91117e-03 |198  0.17114 -1.39307e-03
199  0.09314  3.26358e-02 |200 -0.24756  2.65470e-02 |
200 variables; iteration 240; function evaluation 354; phase 4
Function value 7.3057239e+03; maximum gradient component mag 2.3907e-01
Var    Value     Gradient |Var    Value     Gradient |Var    Value     Gradient
  1 -0.42225  3.09055e-02 |  2  0.37200  6.14124e-02 |  3 -0.12683  5.29184e-02
  4 -0.01477  5.90141e-02 |  5 -0.70969  8.48296e-03 |  6 -0.60347  1.96966e-02
  7  0.37875  5.21893e-02 |  8 -0.18541  1.86197e-02 |  9  0.02956  2.90538e-02
 10 -0.60511  2.45416e-02 | 11 -0.62336  5.84893e-02 | 12 -0.13127 -2.05521e-02
 13 -0.00976  3.24468e-02 | 14 -0.01018 -2.22049e-02 | 15 -0.01022  2.48891e-02
 16 -0.01021  8.09343e-02 | 17 -0.01086 -3.75716e-02 | 18 -0.01058  9.03664e-02
 19 -0.01111 -8.98581e-04 | 20 -0.01135 -1.78552e-02 | 21 -0.01153 -1.85061e-02
 22 -0.01151  2.80173e-02 | 23 -0.01187 -2.78101e-02 | 24 -0.01207 -4.64744e-02
 25 -0.01248 -1.25367e-01 | 26 -0.01198  3.66447e-02 | 27 -0.01186  9.15296e-02
 28 -0.01220  1.79133e-02 | 29 -0.01213  4.78376e-02 | 30 -0.01263 -8.32042e-02
 31 -0.01162  1.88817e-01 | 32 -0.01261 -8.64701e-02 | 33 -0.01255 -8.63294e-02
 34 -0.01184  8.40463e-02 | 35 -0.01242 -1.05647e-01 | 36 -0.01219 -8.22087e-02
 37 -0.01158  3.25328e-02 | 38 -0.01179 -8.12774e-02 | 39 -0.01099  6.34095e-02
 40 -0.01108 -4.01285e-02 | 41 -0.01020  1.08349e-01 | 42 -0.01029 -1.46795e-02
 43 -0.00964  5.05541e-02 | 44 -0.00954 -3.71756e-02 | 45 -0.00882  3.51149e-02
 46 -0.00840  2.12124e-02 | 47 -0.00797  7.09227e-03 | 48 -0.00745  1.90081e-02
 49 -0.00687  5.03898e-02 | 50 -0.00665 -8.19146e-03 | 51 -0.00629 -1.98863e-02
 52 -0.00615 -7.54355e-02 | 53 -0.00583 -7.29090e-02 | 54 -0.00585 -1.44810e-01
 55 -0.00445  1.56495e-01 | 56 -0.00462  6.18373e-02 | 57 -0.00495 -7.54028e-02
 58 -0.00470 -6.74837e-02 | 59 -0.00394  5.63006e-02 | 60 -0.00348  8.07056e-02
 61 -0.00353 -5.27175e-02 | 62 -0.00252  4.68908e-02 | 63 -0.00232 -1.05597e-01
 64 -0.00097 -2.55940e-02 | 65  0.00069  6.81779e-02 | 66  0.00193 -9.60730e-03
 67  0.00372 -2.71343e-02 | 68  0.00575 -6.57489e-02 | 69  0.00857  4.55394e-03
 70  0.01149  2.10140e-02 | 71  0.01455 -6.79899e-04 | 72  0.01779 -3.23208e-02
 73  0.02152  9.50864e-03 | 74  0.02499 -4.66361e-03 | 75  0.02843  1.19718e-02
 76  0.03141  1.40197e-02 | 77  0.03376  1.28833e-02 | 78  0.03525 -1.33065e-02
 79  0.03622  3.85364e-03 | 80  0.03630 -1.44429e-02 | 81  0.03605  1.49140e-02
 82  0.03499  5.32747e-04 | 83  0.03339 -1.67487e-03 | 84  0.03108 -2.94049e-03
 85  0.02795 -1.70408e-02 | 86  0.02430 -1.66808e-02 | 87  0.02063  1.72327e-02
 88  0.01689 -3.06417e-02 | 89  0.01434  6.84657e-03 | 90  0.01250  4.14882e-03
 91  0.01145  2.34009e-02 | 92  0.01057  2.47019e-02 | 93  0.00969 -2.91530e-03
 94  0.00953  1.69034e-03 | 95  0.00985 -3.77283e-02 | 96  0.00984 -2.58713e-02
 97  0.01113 -2.36263e-02 | 98  0.01322 -1.36051e-02 | 99  0.01674  3.26042e-02
100  0.01610  6.29271e-02 |101  0.01355 -1.66342e-02 |102  0.01102  9.13783e-03
103  0.00209  2.53937e-02 |104  0.00156 -5.84335e-02 |105  0.01898 -6.33187e-02
106  0.01688  5.38248e-02 |107 -0.00703  7.95562e-03 |108  0.01042 -4.95134e-02
109  0.07255 -5.30165e-02 |110  0.02127 -1.33894e-03 |111 -0.02103 -3.49517e-02
112 -0.00265 -5.68402e-04 |113  0.01228 -3.01324e-02 |114  0.03182 -5.33307e-02
115 -0.00101 -1.83795e-02 |116 -0.06476 -1.63637e-02 |117 -0.08033 -1.72884e-02
118 -0.07838  2.38053e-03 |119 -0.03609  1.92539e-03 |120  0.07156  3.86052e-02
121  0.03016  5.23157e-02 |122  0.01661  5.62413e-02 |123 -0.03307  3.97609e-02
124 -0.07145  3.41818e-02 |125 -0.00887  5.09431e-02 |126  0.00373  4.27674e-02
127 -0.03258  2.85308e-02 |128  0.01979 -1.71187e-02 |129  0.07109  4.03314e-02
130  0.00366  1.12655e-02 |131  0.07201 -8.96874e-03 |132  0.00146  2.12390e-02
133  0.12905  2.27862e-03 |134 -0.00750 -8.99808e-03 |135 -0.04751  7.51495e-03
136 -0.05613  2.80346e-03 |137 -0.02084 -4.68565e-04 |138  0.09206  7.48521e-03
139  0.02810 -2.80143e-02 |140  0.01671 -2.15063e-02 |141 -0.02732 -2.35362e-02
142 -0.01745 -4.63640e-02 |143 -0.00643  3.08992e-02 |144 -0.00040  6.91293e-03
145  0.33026  3.35141e-02 |146  0.23474  4.81047e-02 |147  0.04887 -5.23571e-02
148  0.29612  6.00156e-02 |149  0.01561 -3.24274e-02 |150 -0.11355 -3.64825e-02
151 -0.16442  5.27332e-03 |152 -0.15380 -7.81752e-04 |153 -0.02570  3.86634e-03
154 -0.45032 -2.49689e-03 |155  0.18776 -5.06527e-02 |156  0.25998  6.85194e-02
157  0.17638 -3.03599e-02 |158  0.25424  3.11541e-02 |159  0.00507 -1.40348e-02
160 -0.09718 -1.62537e-02 |161  0.10875  3.10233e-03 |162  0.29698  4.44205e-02
163  0.17171 -1.79304e-02 |164  0.24658  2.32249e-02 |165 -0.34648  1.24543e-02
166  0.24414 -1.13259e-02 |167  0.05200  9.13771e-03 |168 -0.18535  3.74154e-02
169  0.20497 -3.96188e-03 |170  0.31619  4.17572e-03 |171  0.07789 -1.29797e-02
172 -0.52998  1.00881e-04 |173 -0.37382  7.11686e-03 |174  0.23825 -1.13383e-02
175  0.07603  1.23894e-02 |176 -0.11740 -1.57414e-02 |177  0.05456  5.35848e-03
178  0.12118  5.61472e-03 |179  0.32201  1.16547e-02 |180  0.27240  6.62512e-03
181  0.00130 -4.74881e-03 |182  0.00844  3.60568e-03 |183 -0.14441 -3.74809e-02
184 -0.12462  4.53206e-03 |185 -0.28770 -7.46010e-02 |186  0.27010 -1.52702e-02
187 -0.42955  2.52811e-02 |188 -0.86917 -1.49809e-02 |189  0.10042  2.03270e-03
190  0.16481 -1.37029e-01 |191  0.21899  6.35402e-05 |192  0.25707  1.72261e-01
193  0.02426  6.62558e-04 |194 -0.00729 -2.94682e-02 |195 -0.17494 -1.68380e-02
196 -0.11327 -5.87221e-02 |197 -0.55430  1.62524e-02 |198  0.17121  7.85047e-03
199  0.09317  2.39074e-01 |200 -0.24749  7.52596e-02 |
200 variables; iteration 260; function evaluation 386; phase 4
Function value 7.3057214e+03; maximum gradient component mag -4.9174e-01
Var    Value     Gradient |Var    Value     Gradient |Var    Value     Gradient
  1 -0.42226 -4.91329e-03 |  2  0.37200 -5.68827e-02 |  3 -0.12682 -6.27960e-02
  4 -0.01477 -4.47106e-02 |  5 -0.70967  3.52028e-03 |  6 -0.60347 -1.44137e-02
  7  0.37873 -8.72905e-02 |  8 -0.18540  5.72163e-03 |  9  0.02959 -3.27236e-02
 10 -0.60514  3.68876e-03 | 11 -0.62336 -5.37070e-02 | 12 -0.13111  2.49779e-02
 13 -0.00999 -2.87410e-02 | 14 -0.01007  7.45736e-03 | 15 -0.01011  5.34769e-02
 16 -0.01063 -2.87117e-02 | 17 -0.01100 -7.32902e-02 | 18 -0.01095 -8.88163e-03
 19 -0.01085  7.06353e-02 | 20 -0.01125  1.01621e-02 | 21 -0.01135  2.89600e-02
 22 -0.01176 -3.78477e-02 | 23 -0.01165  3.26107e-02 | 24 -0.01210 -5.31710e-02
 25 -0.01147  1.46848e-01 | 26 -0.01207  1.39938e-02 | 27 -0.01134  2.32269e-01
 28 -0.01227  2.84374e-04 | 29 -0.01309 -2.11709e-01 | 30 -0.01292 -1.60015e-01
 31 -0.01316 -2.26034e-01 | 32 -0.01220  2.56283e-02 | 33 -0.01177  1.25535e-01
 34 -0.01220 -1.40107e-02 | 35 -0.01189  4.09085e-02 | 36 -0.01136  1.44024e-01
 37 -0.01184 -3.54921e-02 | 38 -0.01146  7.25592e-03 | 39 -0.01143 -5.29689e-02
 40 -0.01083  2.93848e-02 | 41 -0.01096 -9.32359e-02 | 42 -0.01020  1.18942e-02
 43 -0.00993 -2.31928e-02 | 44 -0.00929  3.31438e-02 | 45 -0.00906 -2.70629e-02
 46 -0.00850 -2.71656e-03 | 47 -0.00798  8.30469e-03 | 48 -0.00758 -1.20116e-02
 49 -0.00715 -1.97837e-02 | 50 -0.00664 -4.62440e-04 | 51 -0.00620  8.15529e-03
 52 -0.00568  5.05316e-02 | 53 -0.00540  4.33678e-02 | 54 -0.00495  9.20009e-02
 55 -0.00546 -9.68471e-02 | 56 -0.00502 -3.53065e-02 | 57 -0.00448  5.05809e-02
 58 -0.00431  3.65171e-02 | 59 -0.00431 -3.33301e-02 | 60 -0.00406 -5.99769e-02
 61 -0.00332  8.22623e-03 | 62 -0.00276 -6.87566e-03 | 63 -0.00163  7.29519e-02
 64 -0.00077  3.00055e-02 | 65  0.00020 -4.40381e-02 | 66  0.00201  1.58401e-02
 67  0.00392  2.79581e-02 | 68  0.00628  6.59028e-02 | 69  0.00843 -2.11388e-02
 70  0.01125 -2.60921e-02 | 71  0.01453  2.41179e-03 | 72  0.01796  1.13930e-02
 73  0.02140 -8.18179e-03 | 74  0.02495 -5.89111e-03 | 75  0.02830 -6.72769e-03
 76  0.03126 -6.23908e-03 | 77  0.03360 -1.00462e-02 | 78  0.03537  1.44794e-02
 79  0.03618  3.73876e-03 | 80  0.03643  1.60359e-02 | 81  0.03589 -4.47859e-03
 82  0.03496  3.14348e-03 | 83  0.03335 -1.80689e-04 | 84  0.03107  3.94413e-03
 85  0.02806  1.42821e-02 | 86  0.02437  8.55921e-03 | 87  0.02046 -5.98125e-03
 88  0.01713  3.02931e-02 | 89  0.01426 -3.48314e-04 | 90  0.01247  4.85431e-03
 91  0.01124 -1.52074e-02 | 92  0.01030 -2.92930e-02 | 93  0.00971  1.01169e-02
 94  0.00943 -1.48120e-02 | 95  0.01015  3.91013e-02 | 96  0.00996  7.39227e-03
 97  0.01138  3.69432e-02 | 98  0.01331  5.79824e-03 | 99  0.01642 -4.13987e-02
100  0.01560 -5.22418e-02 |101  0.01369  4.62933e-03 |102  0.01100  8.61292e-04
103  0.00191 -1.19435e-02 |104  0.00187  3.16786e-02 |105  0.01932  2.27357e-02
106  0.01649 -4.31879e-02 |107 -0.00720 -4.01479e-02 |108  0.01065  1.30863e-02
109  0.07274 -5.95842e-03 |110  0.02102 -7.01791e-02 |111 -0.02086 -4.33747e-03
112 -0.00271 -3.71706e-02 |113  0.01228 -3.77496e-02 |114  0.03196 -8.15293e-03
115 -0.00104 -2.47637e-02 |116 -0.06470 -2.24793e-03 |117 -0.08026  3.25867e-03
118 -0.07839 -4.77368e-03 |119 -0.03606  7.78872e-03 |120  0.07163  3.12814e-02
121  0.03024  3.11645e-02 |122  0.01672  3.30783e-02 |123 -0.03299  2.22702e-02
124 -0.07139  1.48585e-02 |125 -0.00887  1.58804e-02 |126  0.00371  1.97328e-02
127 -0.03264  7.08065e-03 |128  0.01997  2.36347e-02 |129  0.07102 -1.11062e-02
130  0.00367 -1.46266e-02 |131  0.07209  4.38420e-03 |132  0.00140 -1.50342e-02
133  0.12907 -7.77908e-03 |134 -0.00744  7.25757e-03 |135 -0.04750  1.23204e-03
136 -0.05610  3.99530e-03 |137 -0.02080  4.33064e-03 |138  0.09207  2.72116e-03
139  0.02826  2.14443e-02 |140  0.01685  2.30181e-02 |141 -0.02715  2.27293e-02
142 -0.01714  3.77014e-02 |143 -0.00663 -2.47574e-02 |144 -0.00045 -6.15886e-03
145  0.32997 -1.42243e-02 |146  0.23480 -9.49924e-03 |147  0.04884 -2.26321e-02
148  0.29612  3.28288e-02 |149  0.01563  9.20574e-03 |150 -0.11356 -6.58330e-03
151 -0.16545  1.76162e-03 |152  0.05206  2.34788e-04 |153 -0.02226  2.90625e-03
154 -0.32199  1.77367e-03 |155  0.18773 -1.48344e-02 |156  0.25998  1.40680e-02
157  0.17637  1.06275e-02 |158  0.25424 -3.62477e-03 |159  0.00508  1.38356e-02
160 -0.09719  2.89832e-03 |161  0.10864 -1.53639e-02 |162  0.29694 -9.16919e-03
163  0.17170  1.21184e-02 |164  0.24658 -2.05854e-02 |165 -0.34655 -1.66278e-02
166  0.24412  2.60560e-02 |167  0.05202 -1.99888e-02 |168 -0.18535  8.45078e-04
169  0.20500  1.24287e-02 |170  0.31619 -5.36743e-03 |171  0.07788  3.97164e-02
172 -0.53413 -2.30489e-04 |173 -0.37393  3.35410e-03 |174  0.23822 -1.78751e-02
175  0.07607  2.58889e-03 |176 -0.11741  5.71361e-04 |177  0.05447 -1.16992e-02
178  0.12117  5.38672e-03 |179  0.32199  1.18937e-02 |180  0.27240 -6.85554e-03
181  0.00137 -4.33758e-03 |182  0.00845  3.06346e-03 |183 -0.14443  3.27276e-03
184 -0.12463 -4.98910e-03 |185 -0.28795 -4.91743e-01 |186  0.26769 -7.74866e-03
187 -0.49567  1.39836e-02 |188 -0.75290 -7.26449e-03 |189  0.10041  4.91212e-02
190  0.16480 -1.31224e-03 |191  0.21899 -7.35167e-03 |192  0.25707  2.49485e-02
193  0.02426  7.54761e-02 |194 -0.00728  2.55475e-02 |195 -0.17495  3.45572e-02
196 -0.11327  7.50794e-02 |197 -0.55429 -5.12058e-03 |198  0.17114 -7.39699e-03
199  0.09311 -1.52445e-01 |200 -0.24763 -4.98197e-02 |
200 variables; iteration 280; function evaluation 406; phase 4
Function value 7.3057193e+03; maximum gradient component mag 2.1493e-02
Var    Value     Gradient |Var    Value     Gradient |Var    Value     Gradient
  1 -0.42226 -3.14700e-03 |  2  0.37200 -1.47215e-03 |  3 -0.12682 -1.26056e-03
  4 -0.01478 -1.64087e-03 |  5 -0.70967  5.40513e-05 |  6 -0.60347 -9.28977e-04
  7  0.37875  4.44797e-05 |  8 -0.18540 -2.20921e-03 |  9  0.02956 -1.15665e-03
 10 -0.60509 -4.33347e-04 | 11 -0.62336 -5.22908e-04 | 12 -0.13119  3.49813e-03
 13 -0.00988  2.18318e-04 | 14 -0.01010  1.24189e-04 | 15 -0.01031 -1.52314e-04
 16 -0.01052 -1.94521e-04 | 17 -0.01072 -4.50094e-06 | 18 -0.01092 -1.96240e-05
 19 -0.01111 -3.43162e-05 | 20 -0.01129  3.17873e-05 | 21 -0.01146 -2.73687e-04
 22 -0.01162  1.33924e-04 | 23 -0.01177 -5.61706e-05 | 24 -0.01190  1.24481e-04
 25 -0.01202  3.43592e-04 | 26 -0.01212  1.43234e-04 | 27 -0.01220  9.04990e-05
 28 -0.01227  1.00249e-05 | 29 -0.01231  5.94976e-04 | 30 -0.01233  2.63523e-05
 31 -0.01232  6.47930e-04 | 32 -0.01229 -3.33483e-04 | 33 -0.01223  8.26413e-04
 34 -0.01215 -3.17299e-04 | 35 -0.01204  2.07005e-04 | 36 -0.01189  3.01575e-04
 37 -0.01171  2.60645e-04 | 38 -0.01149  2.54636e-04 | 39 -0.01124 -1.87184e-04
 40 -0.01094  7.72409e-05 | 41 -0.01061 -2.03223e-04 | 42 -0.01024  6.96486e-05
 43 -0.00984  4.00649e-05 | 44 -0.00941  3.70486e-05 | 45 -0.00896 -6.51358e-05
 46 -0.00849 -1.15998e-04 | 47 -0.00801  2.00586e-04 | 48 -0.00753 -1.20667e-04
 49 -0.00707 -3.66015e-04 | 50 -0.00663 -3.07106e-04 | 51 -0.00623 -6.36458e-05
 52 -0.00587  6.40865e-04 | 53 -0.00556  1.48046e-04 | 54 -0.00530  1.20647e-04
 55 -0.00507 -2.27302e-04 | 56 -0.00487 -1.67980e-04 | 57 -0.00467 -2.64244e-04
 58 -0.00445  3.66220e-04 | 59 -0.00417 -8.10040e-05 | 60 -0.00382 -3.46953e-04
 61 -0.00334 -6.59249e-05 | 62 -0.00272 -6.85501e-04 | 63 -0.00191  2.24843e-04
 64 -0.00088 -1.92651e-04 | 65  0.00039  2.31883e-04 | 66  0.00195 -3.41984e-05
 67  0.00382 -3.49268e-05 | 68  0.00601  1.36469e-04 | 69  0.00853 -5.18545e-04
 70  0.01138 -2.53926e-04 | 71  0.01453 -2.22032e-06 | 72  0.01792 -3.13536e-04
 73  0.02146  1.34171e-04 | 74  0.02499 -4.72186e-05 | 75  0.02835  2.35343e-04
 76  0.03131  3.16538e-04 | 77  0.03368  1.10101e-04 | 78  0.03531 -9.81538e-05
 79  0.03618  4.88738e-05 | 80  0.03636  8.25559e-07 | 81  0.03594  1.98637e-04
 82  0.03497 -8.94073e-05 | 83  0.03338 -1.86077e-04 | 84  0.03108  3.94264e-05
 85  0.02802  2.20369e-04 | 86  0.02436  6.89303e-07 | 87  0.02052  3.42700e-04
 88  0.01702  1.52240e-04 | 89  0.01429  6.49815e-05 | 90  0.01247  1.06958e-04
 91  0.01133  3.82586e-05 | 92  0.01044  5.71355e-05 | 93  0.00968 -1.16400e-04
 94  0.00951  2.48575e-04 | 95  0.01000  3.36044e-04 | 96  0.00994  1.85123e-04
 97  0.01123  6.17563e-04 | 98  0.01328  2.10305e-04 | 99  0.01660  2.38553e-04
100  0.01582  3.39811e-04 |101  0.01364  1.59823e-04 |102  0.01098  1.41422e-04
103  0.00196  5.31959e-04 |104  0.00175  4.16252e-04 |105  0.01920  1.44277e-04
106  0.01662  1.03971e-03 |107 -0.00710  5.69797e-04 |108  0.01054  8.22334e-04
109  0.07260  1.52009e-03 |110  0.02117  1.07651e-03 |111 -0.02097  1.26618e-03
112 -0.00271  1.58527e-03 |113  0.01229  1.36157e-03 |114  0.03187  1.71795e-03
115 -0.00102  9.43973e-04 |116 -0.06472  4.89617e-04 |117 -0.08030  1.19667e-04
118 -0.07841  4.25018e-04 |119 -0.03609 -4.74712e-04 |120  0.07163 -1.41770e-03
121  0.03030 -2.01409e-03 |122  0.01677 -2.53631e-03 |123 -0.03295 -2.38441e-03
124 -0.07137 -1.79043e-03 |125 -0.00887 -2.80572e-03 |126  0.00365 -2.36358e-03
127 -0.03268 -9.15690e-04 |128  0.01986 -6.78242e-04 |129  0.07102 -4.05257e-04
130  0.00366  3.56490e-04 |131  0.07207  4.95864e-04 |132  0.00142  2.48507e-04
133  0.12907  3.86764e-04 |134 -0.00747  1.19589e-04 |135 -0.04752  3.26102e-04
136 -0.05613  3.37146e-05 |137 -0.02082 -3.72838e-05 |138  0.09207 -9.75487e-06
139  0.02819 -3.99293e-07 |140  0.01678 -7.98185e-05 |141 -0.02724 -2.64490e-04
142 -0.01728 -3.55642e-04 |143 -0.00655 -1.07613e-04 |144 -0.00043 -1.72918e-04
145  0.33010  1.24661e-05 |146  0.23476  1.39233e-03 |147  0.04885  2.51852e-03
148  0.29612 -3.14705e-03 |149  0.01562  5.59997e-04 |150 -0.11356  1.34218e-03
151 -0.17036 -1.06402e-03 |152  0.00820  4.11799e-05 |153 -0.07087  3.47793e-05
154 -0.36022  7.59644e-05 |155  0.18774  1.76809e-03 |156  0.25997 -2.12090e-03
157  0.17637  6.16741e-04 |158  0.25424 -1.06750e-03 |159  0.00508 -3.79880e-04
160 -0.09719  3.95751e-04 |161  0.10868  6.61799e-04 |162  0.29696 -1.15734e-03
163  0.17171  1.65082e-04 |164  0.24658 -6.16071e-04 |165 -0.34649  9.85658e-05
166  0.24413 -6.58788e-04 |167  0.05201  6.68373e-04 |168 -0.18535  8.93678e-04
169  0.20496 -3.93970e-04 |170  0.31618 -5.85312e-05 |171  0.07789 -1.31662e-04
172 -0.53030  7.53995e-05 |173 -0.37391 -5.23088e-04 |174  0.23823  4.37619e-05
175  0.07608 -8.94805e-04 |176 -0.11739  1.11172e-03 |177  0.05449  1.39489e-03
178  0.12117 -1.38735e-04 |179  0.32200 -9.06210e-04 |180  0.27240 -2.57292e-04
181  0.00136  1.61446e-03 |182  0.00845  7.74496e-05 |183 -0.14442  5.02205e-04
184 -0.12463  1.04879e-05 |185 -0.28815  2.14928e-02 |186  0.26607  4.27583e-04
187 -0.63037 -1.93943e-04 |188 -0.60911 -1.18357e-04 |189  0.10041 -1.20481e-03
190  0.16480  6.02247e-03 |191  0.21899 -6.51141e-05 |192  0.25707 -9.25156e-03
193  0.02426 -1.53871e-03 |194 -0.00728  8.65849e-04 |195 -0.17495 -4.15308e-04
196 -0.11327  3.48539e-04 |197 -0.55430  5.64830e-04 |198  0.17117 -6.22987e-05
199  0.09314  4.83789e-03 |200 -0.24754  1.03730e-03 |
200 variables; iteration 300; function evaluation 426; phase 4
Function value 7.3057193e+03; maximum gradient component mag -7.7936e-02
Var    Value     Gradient |Var    Value     Gradient |Var    Value     Gradient
  1 -0.42225  1.19487e-03 |  2  0.37200  1.77810e-03 |  3 -0.12682  1.78541e-04
  4 -0.01478  1.33414e-03 |  5 -0.70967 -2.02308e-03 |  6 -0.60347  1.45980e-03
  7  0.37875 -1.79692e-03 |  8 -0.18540  3.12363e-03 |  9  0.02956  1.43761e-03
 10 -0.60509  9.96813e-04 | 11 -0.62336  1.82288e-03 | 12 -0.13119  2.95292e-03
 13 -0.00988 -1.89466e-04 | 14 -0.01010 -1.03498e-04 | 15 -0.01031 -4.71440e-04
 16 -0.01052 -4.93579e-04 | 17 -0.01072 -5.91403e-04 | 18 -0.01092 -5.46860e-04
 19 -0.01111 -3.41039e-04 | 20 -0.01129 -5.07688e-04 | 21 -0.01146 -3.85557e-04
 22 -0.01162 -4.63765e-04 | 23 -0.01177 -3.97139e-04 | 24 -0.01190 -4.74285e-04
 25 -0.01202 -5.97694e-05 | 26 -0.01212  8.29843e-05 | 27 -0.01220  3.95651e-04
 28 -0.01227 -4.33927e-04 | 29 -0.01231 -3.71720e-04 | 30 -0.01233 -9.00780e-04
 31 -0.01232 -7.14119e-04 | 32 -0.01229 -6.72335e-04 | 33 -0.01223  5.97202e-04
 34 -0.01215 -8.07692e-04 | 35 -0.01204 -1.81074e-05 | 36 -0.01189  8.31763e-04
 37 -0.01171  1.64519e-04 | 38 -0.01149  1.41703e-04 | 39 -0.01124 -4.95478e-04
 40 -0.01094  6.50373e-04 | 41 -0.01061 -6.60759e-05 | 42 -0.01024  2.25531e-04
 43 -0.00984 -1.35435e-04 | 44 -0.00941  5.35431e-05 | 45 -0.00896  5.03552e-04
 46 -0.00849  4.64701e-05 | 47 -0.00801 -2.49360e-04 | 48 -0.00753  2.74154e-04
 49 -0.00707  6.85137e-05 | 50 -0.00663  5.33252e-04 | 51 -0.00623  8.30931e-04
 52 -0.00587  9.20576e-04 | 53 -0.00556  5.31860e-04 | 54 -0.00529  9.61625e-04
 55 -0.00507  4.16255e-04 | 56 -0.00487  6.07598e-04 | 57 -0.00467  4.47140e-04
 58 -0.00445  7.11547e-04 | 59 -0.00417  2.52409e-04 | 60 -0.00381  7.67556e-04
 61 -0.00334  1.30448e-03 | 62 -0.00272 -1.72211e-04 | 63 -0.00191  1.26534e-05
 64 -0.00089 -1.29904e-04 | 65  0.00039 -2.10912e-04 | 66  0.00195  9.36427e-05
 67  0.00382  8.84306e-04 | 68  0.00601  1.46361e-05 | 69  0.00854  1.61319e-03
 70  0.01139  1.41935e-03 | 71  0.01453  8.93364e-04 | 72  0.01792  1.10190e-03
 73  0.02145 -4.18886e-04 | 74  0.02500  9.90303e-04 | 75  0.02835 -3.62518e-04
 76  0.03131 -4.40921e-04 | 77  0.03368  6.90238e-04 | 78  0.03531  4.03365e-04
 79  0.03618  7.22985e-04 | 80  0.03636  2.71775e-04 | 81  0.03594  3.43911e-04
 82  0.03497  5.11219e-04 | 83  0.03339  1.13900e-03 | 84  0.03108  3.75451e-04
 85  0.02801 -1.38048e-03 | 86  0.02436  6.58988e-04 | 87  0.02051 -1.04234e-03
 88  0.01701 -3.67028e-04 | 89  0.01429  6.40577e-06 | 90  0.01247  2.62256e-05
 91  0.01133  2.82289e-04 | 92  0.01045  6.42747e-04 | 93  0.00968  6.65647e-06
 94  0.00951  2.41795e-04 | 95  0.00999 -8.88362e-04 | 96  0.00994 -2.02070e-04
 97  0.01122 -9.86396e-04 | 98  0.01328 -3.42731e-04 | 99  0.01660  2.01767e-04
100  0.01582  1.21252e-03 |101  0.01364 -3.90638e-04 |102  0.01098  7.38745e-04
103  0.00195 -9.60025e-04 |104  0.00175  7.39294e-04 |105  0.01920 -3.82558e-04
106  0.01661 -3.13815e-03 |107 -0.00710 -8.95547e-04 |108  0.01054 -1.50254e-03
109  0.07260 -3.00022e-03 |110  0.02116 -2.91801e-03 |111 -0.02097 -3.27954e-03
112 -0.00272 -3.79392e-03 |113  0.01229 -3.78407e-03 |114  0.03187 -4.64636e-03
115 -0.00102 -1.70291e-03 |116 -0.06472 -6.22875e-04 |117 -0.08030  5.06811e-04
118 -0.07841 -1.19833e-03 |119 -0.03609  1.83395e-03 |120  0.07163  1.14078e-03
121  0.03030  2.90565e-03 |122  0.01678  5.85705e-03 |123 -0.03293  7.08468e-03
124 -0.07135  5.07354e-03 |125 -0.00884  8.79173e-03 |126  0.00368  5.52740e-03
127 -0.03268 -1.88973e-04 |128  0.01986 -9.92141e-04 |129  0.07102  2.45666e-06
130  0.00366 -1.22400e-03 |131  0.07206 -1.40439e-03 |132  0.00142 -9.51752e-06
133  0.12907 -2.69568e-04 |134 -0.00747 -1.12787e-03 |135 -0.04752 -1.50713e-03
136 -0.05613 -3.36320e-04 |137 -0.02082  1.02225e-03 |138  0.09207  3.19984e-04
139  0.02819 -5.20378e-04 |140  0.01678  1.49885e-04 |141 -0.02723  1.49397e-03
142 -0.01728 -4.88636e-05 |143 -0.00654  6.66779e-04 |144 -0.00043  9.66561e-05
145  0.33011  4.68079e-04 |146  0.23476 -4.40688e-03 |147  0.04885 -4.34747e-03
148  0.29612  4.16165e-03 |149  0.01562 -7.88682e-04 |150 -0.11356 -2.50502e-03
151 -0.16785 -9.60516e-04 |152  0.00139  4.72029e-06 |153 -0.07692 -2.80893e-05
154 -0.36052  2.54134e-05 |155  0.18774  5.27166e-05 |156  0.25997 -2.52710e-04
157  0.17637 -7.53986e-04 |158  0.25424  2.93396e-03 |159  0.00508  3.00063e-03
160 -0.09719 -1.19836e-03 |161  0.10868  6.61424e-04 |162  0.29696  7.93639e-04
163  0.17171  9.25754e-04 |164  0.24658  1.21286e-03 |165 -0.34648  1.69469e-03
166  0.24414  7.88962e-04 |167  0.05201 -6.77002e-04 |168 -0.18535 -1.92271e-03
169  0.20497  2.10583e-03 |170  0.31619 -3.27650e-05 |171  0.07789  1.88394e-04
172 -0.52984  1.12865e-04 |173 -0.37385  1.89981e-03 |174  0.23825  1.40217e-03
175  0.07607  1.92578e-03 |176 -0.11739 -1.24394e-03 |177  0.05449 -3.03229e-03
178  0.12117  2.18441e-03 |179  0.32200  3.50503e-04 |180  0.27240 -1.25908e-04
181  0.00136 -1.94554e-03 |182  0.00844 -2.03152e-04 |183 -0.14442  5.79357e-05
184 -0.12463  1.53558e-03 |185 -0.28815 -7.79361e-02 |186  0.26646  8.79129e-04
187 -0.62668  1.02276e-04 |188 -0.60814 -3.34357e-05 |189  0.10041  7.64231e-03
190  0.16480 -1.06876e-02 |191  0.21899 -2.74437e-03 |192  0.25707  1.76075e-02
193  0.02426  6.68068e-03 |194 -0.00728 -1.15817e-03 |195 -0.17495  2.75281e-03
196 -0.11327  2.72839e-03 |197 -0.55430 -1.82312e-03 |198  0.17116  2.27698e-04
199  0.09313 -1.59352e-02 |200 -0.24753 -2.00972e-03 |

 - final statistics:
200 variables; iteration 307; function evaluation 434
Function value 7.3057e+03; maximum gradient component mag 8.1012e-04
Exit code = 1;  converg criter 1.0000e-03
Var    Value     Gradient |Var    Value     Gradient |Var    Value     Gradient
  1 -0.42225  2.21327e-05 |  2  0.37200 -6.61425e-07 |  3 -0.12682  6.23954e-06
  4 -0.01478  1.09163e-05 |  5 -0.70967  6.57689e-06 |  6 -0.60347  1.05053e-05
  7  0.37875 -5.53341e-06 |  8 -0.18540  8.10026e-06 |  9  0.02956  2.24163e-06
 10 -0.60509  3.79475e-06 | 11 -0.62336  1.81699e-06 | 12 -0.13119 -2.97178e-05
 13 -0.00988  4.84685e-08 | 14 -0.01010 -3.39206e-06 | 15 -0.01031  6.98419e-07
 16 -0.01052  8.33722e-07 | 17 -0.01072  2.08806e-06 | 18 -0.01092  4.30702e-06
 19 -0.01111  1.47315e-06 | 20 -0.01129  3.66174e-06 | 21 -0.01146 -5.87618e-06
 22 -0.01162  2.45885e-06 | 23 -0.01177 -2.00393e-06 | 24 -0.01190  4.06453e-08
 25 -0.01202 -3.08724e-06 | 26 -0.01212 -7.91919e-06 | 27 -0.01220 -1.03496e-05
 28 -0.01227  1.45213e-06 | 29 -0.01231  3.67590e-06 | 30 -0.01233  4.98313e-06
 31 -0.01232  1.97666e-05 | 32 -0.01229 -1.13065e-06 | 33 -0.01223 -5.79270e-06
 34 -0.01215  6.08835e-06 | 35 -0.01204 -1.76610e-06 | 36 -0.01189 -1.47080e-05
 37 -0.01171 -1.22477e-06 | 38 -0.01149 -9.59742e-07 | 39 -0.01123  8.88622e-06
 40 -0.01094 -1.46805e-05 | 41 -0.01061  3.52921e-06 | 42 -0.01024 -1.52928e-06
 43 -0.00984  1.22794e-05 | 44 -0.00941  1.18873e-05 | 45 -0.00896 -3.44089e-07
 46 -0.00849  8.32051e-06 | 47 -0.00801  1.35638e-05 | 48 -0.00753 -1.73815e-06
 49 -0.00707  8.67192e-06 | 50 -0.00663 -4.34077e-06 | 51 -0.00623 -6.93524e-06
 52 -0.00587  3.80519e-06 | 53 -0.00556  1.60877e-06 | 54 -0.00530 -6.15206e-06
 55 -0.00507  3.14815e-06 | 56 -0.00487 -4.84037e-08 | 57 -0.00467 -4.25012e-06
 58 -0.00445 -9.68068e-07 | 59 -0.00417  1.51064e-06 | 60 -0.00381 -1.62818e-05
 61 -0.00334 -2.14880e-05 | 62 -0.00272  1.30499e-05 | 63 -0.00191  5.46818e-06
 64 -0.00088  9.54724e-06 | 65  0.00039 -5.02291e-06 | 66  0.00195  5.87470e-06
 67  0.00382  7.88607e-06 | 68  0.00601  2.01380e-05 | 69  0.00853 -1.49698e-05
 70  0.01138 -1.06022e-05 | 71  0.01453  5.96577e-07 | 72  0.01792 -5.80188e-06
 73  0.02146 -2.61587e-06 | 74  0.02499 -7.94318e-06 | 75  0.02835  2.33984e-06
 76  0.03131  2.91799e-07 | 77  0.03367 -3.26795e-06 | 78  0.03531  6.09863e-06
 79  0.03618  4.99376e-06 | 80  0.03636  7.13016e-06 | 81  0.03594  2.79268e-06
 82  0.03497  1.72270e-06 | 83  0.03338 -2.86427e-06 | 84  0.03108 -1.49364e-06
 85  0.02802  1.86991e-06 | 86  0.02436 -4.48604e-06 | 87  0.02052 -8.13687e-07
 88  0.01701  8.83841e-06 | 89  0.01429  1.36959e-06 | 90  0.01247  3.47043e-06
 91  0.01133 -2.40664e-06 | 92  0.01045 -1.35979e-05 | 93  0.00968  4.96237e-06
 94  0.00951 -1.26880e-05 | 95  0.01000  1.34148e-05 | 96  0.00994 -5.87629e-06
 97  0.01123  2.35658e-05 | 98  0.01328 -2.42198e-06 | 99  0.01660 -1.07178e-05
100  0.01582 -1.19607e-05 |101  0.01364  6.05481e-07 |102  0.01098  1.07512e-05
103  0.00196  5.04706e-07 |104  0.00174 -1.86846e-05 |105  0.01920 -9.33755e-06
106  0.01662  1.26824e-05 |107 -0.00710 -1.69459e-05 |108  0.01054 -1.37230e-05
109  0.07260 -1.23924e-05 |110  0.02117 -1.94871e-05 |111 -0.02097 -1.11911e-05
112 -0.00271 -1.50219e-05 |113  0.01229 -1.70398e-05 |114  0.03187 -2.03231e-05
115 -0.00102 -1.55210e-05 |116 -0.06472 -8.03810e-06 |117 -0.08030 -4.98899e-06
118 -0.07841 -3.33202e-06 |119 -0.03609 -1.29174e-07 |120  0.07163  1.38801e-05
121  0.03030  2.56314e-05 |122  0.01677  2.94059e-05 |123 -0.03295  2.55282e-05
124 -0.07136  1.88080e-05 |125 -0.00887  2.40536e-05 |126  0.00365  2.56451e-05
127 -0.03268  1.30718e-05 |128  0.01986  9.07537e-06 |129  0.07102 -1.10751e-06
130  0.00366 -1.31119e-06 |131  0.07207 -3.26108e-06 |132  0.00142 -3.73523e-06
133  0.12907 -4.91837e-06 |134 -0.00747  3.97877e-06 |135 -0.04752  1.34137e-06
136 -0.05613 -4.51359e-07 |137 -0.02082 -5.78244e-06 |138  0.09207 -2.07673e-06
139  0.02819  3.16351e-07 |140  0.01678 -1.54064e-06 |141 -0.02724 -2.60347e-06
142 -0.01728  2.71820e-06 |143 -0.00655 -3.70412e-06 |144 -0.00043 -1.26570e-06
145  0.33011  5.71285e-06 |146  0.23476  3.10361e-07 |147  0.04885 -2.92324e-05
148  0.29612  4.06414e-05 |149  0.01562 -8.06236e-06 |150 -0.11356 -1.13783e-05
151 -0.16085 -2.69630e-05 |152  0.00004  2.14973e-07 |153 -0.08774  5.20073e-07
154 -0.35945 -4.58288e-07 |155  0.18774 -2.42794e-05 |156  0.25997  2.47095e-05
157  0.17637 -7.00990e-06 |158  0.25424  5.56702e-06 |159  0.00508 -1.04100e-06
160 -0.09719  3.33290e-07 |161  0.10868 -1.09508e-05 |162  0.29696  1.71087e-05
163  0.17171 -4.68370e-06 |164  0.24658  2.73252e-06 |165 -0.34649 -3.46476e-06
166  0.24413  5.79430e-06 |167  0.05201 -3.34550e-06 |168 -0.18535  1.23416e-05
169  0.20496  2.83855e-06 |170  0.31618 -7.95786e-07 |171  0.07789  1.30295e-05
172 -0.53125 -3.04479e-06 |173 -0.37390  1.59075e-06 |174  0.23823 -5.48767e-06
175  0.07608  9.35953e-06 |176 -0.11739 -2.66151e-06 |177  0.05449 -3.81626e-07
178  0.12117 -1.06512e-06 |179  0.32200  8.29341e-06 |180  0.27240  9.86140e-07
181  0.00136 -1.62925e-06 |182  0.00845  1.04472e-06 |183 -0.14442 -2.52013e-06
184 -0.12463 -2.19865e-06 |185 -0.28815  8.10120e-04 |186  0.26613 -7.00258e-06
187 -0.62741 -1.56047e-06 |188 -0.60784 -2.30084e-07 |189  0.10041  1.64872e-05
190  0.16480 -7.12391e-05 |191  0.21899 -8.97576e-06 |192  0.25707  1.00809e-04
193  0.02426  1.67591e-05 |194 -0.00728 -1.07434e-05 |195 -0.17495  8.30798e-06
196 -0.11327 -1.20819e-05 |197 -0.55430  1.54523e-06 |198  0.17117  2.08561e-06
199  0.09314  1.28711e-05 |200 -0.24754  3.72580e-06 |

 - final statistics:
213 variables; iteration 0; function evaluation 0
Function value 7.3057e+03; maximum gradient component mag 8.1012e-04
Exit code = 0;  converg criter 1.0000e-03
Var    Value     Gradient |Var    Value     Gradient |Var    Value     Gradient
  1 -0.42225  2.21327e-05 |  2  0.37200 -6.61439e-07 |  3 -0.12682  6.23954e-06
  4 -0.01478  1.09163e-05 |  5 -0.70967  6.57689e-06 |  6 -0.60347  1.05053e-05
  7  0.37875 -5.53340e-06 |  8 -0.18540  8.10028e-06 |  9  0.02956  2.24164e-06
 10 -0.60509  3.79475e-06 | 11 -0.62336  1.81700e-06 | 12 -0.13119 -2.97178e-05
 13 -0.00988  4.84685e-08 | 14 -0.01010 -3.39206e-06 | 15 -0.01031  6.98419e-07
 16 -0.01052  8.33722e-07 | 17 -0.01072  2.08806e-06 | 18 -0.01092  4.30702e-06
 19 -0.01111  1.47315e-06 | 20 -0.01129  3.66174e-06 | 21 -0.01146 -5.87618e-06
 22 -0.01162  2.45885e-06 | 23 -0.01177 -2.00393e-06 | 24 -0.01190  4.06453e-08
 25 -0.01202 -3.08724e-06 | 26 -0.01212 -7.91919e-06 | 27 -0.01220 -1.03496e-05
 28 -0.01227  1.45213e-06 | 29 -0.01231  3.67590e-06 | 30 -0.01233  4.98313e-06
 31 -0.01232  1.97666e-05 | 32 -0.01229 -1.13065e-06 | 33 -0.01223 -5.79270e-06
 34 -0.01215  6.08835e-06 | 35 -0.01204 -1.76610e-06 | 36 -0.01189 -1.47080e-05
 37 -0.01171 -1.22477e-06 | 38 -0.01149 -9.59742e-07 | 39 -0.01123  8.88622e-06
 40 -0.01094 -1.46805e-05 | 41 -0.01061  3.52921e-06 | 42 -0.01024 -1.52928e-06
 43 -0.00984  1.22794e-05 | 44 -0.00941  1.18873e-05 | 45 -0.00896 -3.44089e-07
 46 -0.00849  8.32051e-06 | 47 -0.00801  1.35638e-05 | 48 -0.00753 -1.73815e-06
 49 -0.00707  8.67192e-06 | 50 -0.00663 -4.34077e-06 | 51 -0.00623 -6.93524e-06
 52 -0.00587  3.80519e-06 | 53 -0.00556  1.60877e-06 | 54 -0.00530 -6.15206e-06
 55 -0.00507  3.14815e-06 | 56 -0.00487 -4.84037e-08 | 57 -0.00467 -4.25012e-06
 58 -0.00445 -9.68068e-07 | 59 -0.00417  1.51064e-06 | 60 -0.00381 -1.62818e-05
 61 -0.00334 -2.14880e-05 | 62 -0.00272  1.30499e-05 | 63 -0.00191  5.46818e-06
 64 -0.00088  9.54724e-06 | 65  0.00039 -5.02291e-06 | 66  0.00195  5.87470e-06
 67  0.00382  7.88607e-06 | 68  0.00601  2.01380e-05 | 69  0.00853 -1.49698e-05
 70  0.01138 -1.06022e-05 | 71  0.01453  5.96577e-07 | 72  0.01792 -5.80188e-06
 73  0.02146 -2.61587e-06 | 74  0.02499 -7.94318e-06 | 75  0.02835  2.33984e-06
 76  0.03131  2.91799e-07 | 77  0.03367 -3.26795e-06 | 78  0.03531  6.09863e-06
 79  0.03618  4.99376e-06 | 80  0.03636  7.13016e-06 | 81  0.03594  2.79268e-06
 82  0.03497  1.72270e-06 | 83  0.03338 -2.86427e-06 | 84  0.03108 -1.49364e-06
 85  0.02802  1.86991e-06 | 86  0.02436 -4.48604e-06 | 87  0.02052 -8.13687e-07
 88  0.01701  8.83841e-06 | 89  0.01429  1.36959e-06 | 90  0.01247  3.47043e-06
 91  0.01133 -2.40664e-06 | 92  0.01045 -1.35979e-05 | 93  0.00968  4.96237e-06
 94  0.00951 -1.26880e-05 | 95  0.01000  1.34148e-05 | 96  0.00994 -5.87629e-06
 97  0.01123  2.35658e-05 | 98  0.01328 -2.42198e-06 | 99  0.01660 -1.07178e-05
100  0.01582 -1.19607e-05 |101  0.01364  6.05481e-07 |102  0.01098  1.07512e-05
103  0.00196  5.04707e-07 |104  0.00174 -1.86846e-05 |105  0.01920 -9.33755e-06
106  0.01662  1.26824e-05 |107 -0.00710 -1.69459e-05 |108  0.01054 -1.37230e-05
109  0.07260 -1.23924e-05 |110  0.02117 -1.94871e-05 |111 -0.02097 -1.11911e-05
112 -0.00271 -1.50219e-05 |113  0.01229 -1.70398e-05 |114  0.03187 -2.03231e-05
115 -0.00102 -1.55210e-05 |116 -0.06472 -8.03810e-06 |117 -0.08030 -4.98899e-06
118 -0.07841 -3.33202e-06 |119 -0.03609 -1.29174e-07 |120  0.07163  1.38801e-05
121  0.03030  2.56314e-05 |122  0.01677  2.94059e-05 |123 -0.03295  2.55282e-05
124 -0.07136  1.88080e-05 |125 -0.00887  2.40536e-05 |126  0.00365  2.56451e-05
127 -0.03268  1.30718e-05 |128  0.01986  9.07537e-06 |129  0.07102 -1.10751e-06
130  0.00366 -1.31119e-06 |131  0.07207 -3.26108e-06 |132  0.00142 -3.73523e-06
133  0.12907 -4.91837e-06 |134 -0.00747  3.97877e-06 |135 -0.04752  1.34137e-06
136 -0.05613 -4.51359e-07 |137 -0.02082 -5.78244e-06 |138  0.09207 -2.07673e-06
139  0.02819  3.16351e-07 |140  0.01678 -1.54064e-06 |141 -0.02724 -2.60347e-06
142 -0.01728  2.71820e-06 |143 -0.00655 -3.70412e-06 |144 -0.00043 -1.26570e-06
145  0.00000  0.00000e+00 |146  0.00000  0.00000e+00 |147  0.00000  0.00000e+00
148  0.00000  0.00000e+00 |149  0.00000  0.00000e+00 |150  0.00000  0.00000e+00
151  0.00000  0.00000e+00 |152  0.00000  0.00000e+00 |153  0.00000  0.00000e+00
154  0.00000  0.00000e+00 |155  0.00000  0.00000e+00 |156  0.00000  0.00000e+00
157  0.00000  0.00000e+00 |158  0.33011  5.71285e-06 |159  0.23476  3.10363e-07
160  0.04885 -2.92324e-05 |161  0.29612  4.06414e-05 |162  0.01562 -8.06236e-06
163 -0.11356 -1.13783e-05 |164 -0.16085 -2.69630e-05 |165  0.00004  2.14973e-07
166 -0.08774  5.20073e-07 |167 -0.35945 -4.58288e-07 |168  0.18774 -2.42794e-05
169  0.25997  2.47095e-05 |170  0.17637 -7.00990e-06 |171  0.25424  5.56702e-06
172  0.00508 -1.04100e-06 |173 -0.09719  3.33290e-07 |174  0.10868 -1.09508e-05
175  0.29696  1.71087e-05 |176  0.17171 -4.68370e-06 |177  0.24658  2.73252e-06
178 -0.34649 -3.46476e-06 |179  0.24413  5.79430e-06 |180  0.05201 -3.34550e-06
181 -0.18535  1.23416e-05 |182  0.20496  2.83855e-06 |183  0.31618 -7.95786e-07
184  0.07789  1.30295e-05 |185 -0.53125 -3.04479e-06 |186 -0.37390  1.59075e-06
187  0.23823 -5.48767e-06 |188  0.07608  9.35953e-06 |189 -0.11739 -2.66151e-06
190  0.05449 -3.81626e-07 |191  0.12117 -1.06512e-06 |192  0.32200  8.29341e-06
193  0.27240  9.86139e-07 |194  0.00136 -1.62925e-06 |195  0.00845  1.04472e-06
196 -0.14442 -2.52013e-06 |197 -0.12463 -2.19865e-06 |198 -0.28815  8.10120e-04
199  0.26613 -7.00258e-06 |200 -0.62741 -1.56047e-06 |201 -0.60784 -2.30084e-07
202  0.10041  1.64872e-05 |203  0.16480 -7.12391e-05 |204  0.21899 -8.97576e-06
205  0.25707  1.00809e-04 |206  0.02426  1.67591e-05 |207 -0.00728 -1.07434e-05
208 -0.17495  8.30798e-06 |209 -0.11327 -1.20819e-05 |210 -0.55430  1.54523e-06
211  0.17117  2.08561e-06 |212  0.09314  1.28711e-05 |213 -0.24754  3.72580e-06
size of file gradfil1.tmp = 0
size of file gradfil2.tmp = 0
size of file varssave.tmp = 0
size of file cmpdiff.tmp = 1000000040
