
Initial statistics: 136 variables; iteration 0; function evaluation 0; phase 1
Function value 6.9170531e+03; maximum gradient component mag -2.4680e+02
Var    Value     Gradient |Var    Value     Gradient |Var    Value     Gradient
  1 -0.42334 -2.46804e+02 |  2 -0.09289 -4.84332e+01 |  3 -0.01009 -5.35768e-01
  4 -0.01031 -5.50649e-01 |  5 -0.01053 -5.65921e-01 |  6 -0.01074 -5.81605e-01
  7 -0.01095 -5.97732e-01 |  8 -0.01115 -6.14291e-01 |  9 -0.01135 -6.31304e-01
 10 -0.01153 -6.48790e-01 | 11 -0.01171 -6.66755e-01 | 12 -0.01187 -6.85230e-01
 13 -0.01203 -7.04246e-01 | 14 -0.01217 -7.23812e-01 | 15 -0.01229 -7.43971e-01
 16 -0.01240 -7.64750e-01 | 17 -0.01249 -7.86176e-01 | 18 -0.01255 -8.08262e-01
 19 -0.01260 -8.31030e-01 | 20 -0.01262 -8.54487e-01 | 21 -0.01262 -8.78688e-01
 22 -0.01260 -9.03689e-01 | 23 -0.01254 -9.29557e-01 | 24 -0.01246 -9.56364e-01
 25 -0.01235 -9.84186e-01 | 26 -0.01220 -1.01307e+00 | 27 -0.01202 -1.04304e+00
 28 -0.01180 -1.07414e+00 | 29 -0.01154 -1.10638e+00 | 30 -0.01124 -1.13967e+00
 31 -0.01091 -1.17422e+00 | 32 -0.01054 -1.21001e+00 | 33 -0.01013 -1.24711e+00
 34 -0.00969 -1.28555e+00 | 35 -0.00923 -1.32536e+00 | 36 -0.00876 -1.36646e+00
 37 -0.00827 -1.40886e+00 | 38 -0.00779 -1.45252e+00 | 39 -0.00732 -1.49743e+00
 40 -0.00687 -1.54366e+00 | 41 -0.00646 -1.59118e+00 | 42 -0.00610 -1.63987e+00
 43 -0.00578 -1.68960e+00 | 44 -0.00550 -1.74025e+00 | 45 -0.00527 -1.79181e+00
 46 -0.00505 -1.84466e+00 | 47 -0.00484 -1.89937e+00 | 48 -0.00461 -1.95635e+00
 49 -0.00433 -2.01638e+00 | 50 -0.00397 -2.08006e+00 | 51 -0.00351 -2.14828e+00
 52 -0.00290 -2.22170e+00 | 53 -0.00211 -2.30124e+00 | 54 -0.00112 -2.38820e+00
 55  0.00012 -2.48325e+00 | 56  0.00162 -2.58959e+00 | 57  0.00342 -2.70802e+00
 58  0.00553 -2.83967e+00 | 59  0.00797 -2.98639e+00 | 60  0.01071 -3.14925e+00
 61  0.01374 -3.32913e+00 | 62  0.01700 -3.52553e+00 | 63  0.02037 -3.73713e+00
 64  0.02373 -3.96085e+00 | 65  0.02687 -4.19107e+00 | 66  0.02959 -4.41974e+00
 67  0.03168 -4.63837e+00 | 68  0.03301 -4.83934e+00 | 69  0.03358 -5.01765e+00
 70  0.03344 -5.17246e+00 | 71  0.03272 -5.30332e+00 | 72  0.03145 -5.40816e+00
 73  0.02960 -5.48091e+00 | 74  0.02705 -5.51338e+00 | 75  0.02380 -5.50101e+00
 76  0.01999 -5.44762e+00 | 77  0.01602 -5.36730e+00 | 78  0.01239 -5.27704e+00
 79  0.00955 -5.19085e+00 | 80  0.00761 -5.10777e+00 | 81  0.00637 -5.01486e+00
 82  0.00544 -4.88903e+00 | 83  0.00468 -4.71782e+00 | 84  0.00458 -4.51082e+00
 85  0.00522 -4.26007e+00 | 86  0.00545 -3.91364e+00 | 87  0.00713 -3.51167e+00
 88  0.00970 -2.99969e+00 | 89  0.01366 -2.32714e+00 | 90  0.01376 -1.33262e+00
 91  0.01250 -7.18420e-03 | 92  0.01081  1.72781e+00 | 93  0.00275  3.78159e+00
 94  0.00360  6.57370e+00 | 95  0.02294  1.14589e+01 | 96  0.02140  1.53665e+01
 97 -0.00268  1.58910e+01 | 98  0.01577  2.12122e+01 | 99  0.08374  3.84638e+01
100  0.02820  2.56075e+01 |101 -0.01452  1.81522e+01 |102  0.00430  2.05090e+01
103  0.01938  2.17645e+01 |104  0.03866  2.09073e+01 |105  0.00285  1.01503e+01
106 -0.06248  2.02094e+00 |107 -0.07893 -1.51734e+00 |108 -0.07730 -3.73052e+00
109 -0.03457 -6.91298e+00 |110  0.06971 -2.00650e+01 |111  0.02361 -1.53678e+01
112  0.01375 -9.88977e+00 |113 -0.02797 -1.04890e-01 |114 -0.06716  2.44221e+00
115 -0.00654  4.68100e+00 |116  0.00456  4.91832e+00 |117 -0.02731  4.09919e+00
118  0.02817  3.42225e+00 |119  0.07344 -7.32777e-01 |120  0.01038 -7.24676e-01
121  0.08254  5.02831e-01 |122  0.00575 -1.11946e+00 |123  0.13287 -3.63716e+00
124 -0.00532 -5.15747e-01 |125 -0.04646  5.71155e-01 |126 -0.05671  3.34015e-01
127 -0.02192  2.56751e-01 |128  0.09420  1.91487e+00 |129  0.03190  1.40694e+00
130  0.01685 -1.74258e-01 |131 -0.02798 -3.26971e-01 |132 -0.01758 -1.06210e-01
133 -0.00588 -3.47858e-04 |134 -0.00040 -1.75892e-05 |135  0.27670 -1.33095e-04
136  0.18753  3.27385e-04 |

Intermediate statistics: 136 variables; iteration 20; function evaluation 31; phase 1
Function value 6.9098555e+03; maximum gradient component mag -4.0427e+01
Var    Value     Gradient |Var    Value     Gradient |Var    Value     Gradient
  1 -0.38862 -4.04274e+01 |  2  0.01383  6.78115e+00 |  3 -0.00500  4.34713e-01
  4 -0.00524  4.11781e-01 |  5 -0.00549  3.87641e-01 |  6 -0.00574  3.62373e-01
  7 -0.00598  3.36090e-01 |  8 -0.00623  3.08853e-01 |  9 -0.00647  2.80793e-01
 10 -0.00671  2.52059e-01 | 11 -0.00695  2.22807e-01 | 12 -0.00717  1.93235e-01
 13 -0.00738  1.63553e-01 | 14 -0.00759  1.33942e-01 | 15 -0.00777  1.04607e-01
 16 -0.00795  7.56993e-02 | 17 -0.00810  4.73542e-02 | 18 -0.00824  1.97141e-02
 19 -0.00835 -6.97221e-03 | 20 -0.00844 -3.23686e-02 | 21 -0.00851 -5.60495e-02
 22 -0.00854 -7.76117e-02 | 23 -0.00855 -9.66889e-02 | 24 -0.00852 -1.12976e-01
 25 -0.00845 -1.26249e-01 | 26 -0.00834 -1.36393e-01 | 27 -0.00820 -1.43334e-01
 28 -0.00801 -1.47010e-01 | 29 -0.00779 -1.47343e-01 | 30 -0.00751 -1.44394e-01
 31 -0.00720 -1.37771e-01 | 32 -0.00684 -1.27503e-01 | 33 -0.00645 -1.13659e-01
 34 -0.00602 -9.63814e-02 | 35 -0.00557 -7.58926e-02 | 36 -0.00510 -5.23920e-02
 37 -0.00462 -2.58566e-02 | 38 -0.00415  3.71305e-03 | 39 -0.00368  3.62936e-02
 40 -0.00325  7.15132e-02 | 41 -0.00285  1.08422e-01 | 42 -0.00250  1.45620e-01
 43 -0.00220  1.82057e-01 | 44 -0.00196  2.16907e-01 | 45 -0.00177  2.49300e-01
 46 -0.00161  2.78140e-01 | 47 -0.00147  3.01751e-01 | 48 -0.00134  3.17500e-01
 49 -0.00119  3.23417e-01 | 50 -0.00101  3.16923e-01 | 51 -0.00076  2.96266e-01
 52 -0.00043  2.58994e-01 | 53  0.00002  2.03577e-01 | 54  0.00062  1.29509e-01
 55  0.00138  3.36227e-02 | 56  0.00236 -7.70720e-02 | 57  0.00358 -2.04586e-01
 58  0.00503 -3.49666e-01 | 59  0.00675 -5.09157e-01 | 60  0.00871 -6.81939e-01
 61  0.01090 -8.63783e-01 | 62  0.01324 -1.05174e+00 | 63  0.01567 -1.23618e+00
 64  0.01811 -1.40025e+00 | 65  0.02044 -1.52479e+00 | 66  0.02253 -1.59637e+00
 67  0.02424 -1.60349e+00 | 68  0.02543 -1.55089e+00 | 69  0.02593 -1.46370e+00
 70  0.02573 -1.35778e+00 | 71  0.02479 -1.25988e+00 | 72  0.02308 -1.18556e+00
 73  0.02050 -1.15035e+00 | 74  0.01698 -1.15922e+00 | 75  0.01266 -1.18714e+00
 76  0.00796 -1.18359e+00 | 77  0.00352 -1.08470e+00 | 78 -0.00010 -8.67065e-01
 79 -0.00257 -5.35007e-01 | 80 -0.00398 -1.41662e-01 | 81 -0.00466  2.67327e-01
 82 -0.00514  6.33854e-01 | 83 -0.00562  9.22822e-01 | 84 -0.00561  1.12756e+00
 85 -0.00506  1.22593e+00 | 86 -0.00514  1.16046e+00 | 87 -0.00395  9.91163e-01
 88 -0.00196  7.13926e-01 | 89  0.00152  3.95877e-01 | 90  0.00056 -2.23071e-01
 91 -0.00167 -8.30728e-01 | 92 -0.00384 -1.17938e+00 | 93 -0.01150 -1.18869e+00
 94 -0.00915 -4.17903e-01 | 95  0.00977  6.60130e-01 | 96  0.01109  2.21607e+00
 97 -0.01157  2.35738e+00 | 98  0.00707  2.73620e+00 | 99  0.06864  3.11933e+00
100  0.01755  1.04927e+00 |101 -0.02195  1.28423e+00 |102 -0.00262  2.66605e+00
103  0.01305  3.73238e+00 |104  0.03056  1.88832e+00 |105 -0.00317 -2.21725e+00
106 -0.07070 -5.12489e+00 |107 -0.08560 -5.50542e+00 |108 -0.07932 -3.38796e+00
109 -0.03547 -1.93229e+00 |110  0.07552 -6.46437e-01 |111  0.03327 -5.96202e-01
112  0.01757 -2.41867e+00 |113 -0.03785 -3.24442e+00 |114 -0.07484 -1.78807e+00
115 -0.01726 -3.92635e+00 |116 -0.00360 -3.71375e+00 |117 -0.03403 -1.61335e+00
118  0.02175 -1.08020e+00 |119  0.07854  6.01213e-01 |120  0.01064  4.17996e-01
121  0.08507  3.40123e+00 |122  0.00842  7.15304e-01 |123  0.13476 -1.27909e+00
124 -0.00579 -5.94814e-01 |125 -0.04618  8.28977e-01 |126 -0.05652  5.74840e-01
127 -0.02344 -1.55205e-01 |128  0.08764 -8.71730e-01 |129  0.02700 -3.00218e-01
130  0.01643  8.92400e-02 |131 -0.03214 -1.43757e+00 |132 -0.02208 -1.27328e+00
133 -0.00804 -5.06184e-01 |134 -0.00069 -6.96934e-02 |135  0.14943  1.64850e+00
136  0.07063  3.10888e+00 |

 - final statistics:
136 variables; iteration 24; function evaluation 37
Function value 6.9096e+03; maximum gradient component mag -4.5763e+00
Exit code = 1;  converg criter 1.0000e+01
Var    Value     Gradient |Var    Value     Gradient |Var    Value     Gradient
  1 -0.38465 -4.57629e+00 |  2  0.01713 -1.94953e+00 |  3 -0.00547  1.28291e-01
  4 -0.00559  1.30989e-01 |  5 -0.00572  1.33450e-01 |  6 -0.00584  1.35640e-01
  7 -0.00596  1.37524e-01 |  8 -0.00607  1.39062e-01 |  9 -0.00618  1.40217e-01
 10 -0.00629  1.40954e-01 | 11 -0.00639  1.41243e-01 | 12 -0.00648  1.41054e-01
 13 -0.00656  1.40365e-01 | 14 -0.00663  1.39153e-01 | 15 -0.00669  1.37401e-01
 16 -0.00674  1.35088e-01 | 17 -0.00678  1.32198e-01 | 18 -0.00680  1.28712e-01
 19 -0.00681  1.24626e-01 | 20 -0.00680  1.19941e-01 | 21 -0.00677  1.14667e-01
 22 -0.00672  1.08811e-01 | 23 -0.00666  1.02381e-01 | 24 -0.00657  9.53808e-02
 25 -0.00646  8.78152e-02 | 26 -0.00632  7.96893e-02 | 27 -0.00616  7.10172e-02
 28 -0.00598  6.18267e-02 | 29 -0.00576  5.21595e-02 | 30 -0.00552  4.20631e-02
 31 -0.00526  3.16169e-02 | 32 -0.00496  2.08853e-02 | 33 -0.00465  9.93835e-03
 34 -0.00431 -1.14735e-03 | 35 -0.00397 -1.22887e-02 | 36 -0.00362 -2.33947e-02
 37 -0.00328 -3.43645e-02 | 38 -0.00296 -4.50910e-02 | 39 -0.00267 -5.54531e-02
 40 -0.00241 -6.53042e-02 | 41 -0.00221 -7.44557e-02 | 42 -0.00205 -8.26738e-02
 43 -0.00195 -8.97141e-02 | 44 -0.00191 -9.53512e-02 | 45 -0.00190 -9.94080e-02
 46 -0.00191 -1.01776e-01 | 47 -0.00193 -1.02415e-01 | 48 -0.00192 -1.01336e-01
 49 -0.00187 -9.86785e-02 | 50 -0.00175 -9.46641e-02 | 51 -0.00151 -8.96152e-02
 52 -0.00114 -8.38335e-02 | 53 -0.00059 -7.76062e-02 | 54  0.00017 -7.11401e-02
 55  0.00116 -6.43716e-02 | 56  0.00243 -5.76264e-02 | 57  0.00398 -5.08771e-02
 58  0.00584 -4.47268e-02 | 59  0.00801 -4.10730e-02 | 60  0.01045 -4.40147e-02
 61  0.01311 -6.06049e-02 | 62  0.01585 -1.01669e-01 | 63  0.01852 -1.77204e-01
 64  0.02096 -2.84799e-01 | 65  0.02307 -3.98221e-01 | 66  0.02489 -4.71925e-01
 67  0.02649 -4.52052e-01 | 68  0.02787 -3.26071e-01 | 69  0.02868 -1.55784e-01
 70  0.02865 -7.25762e-03 | 71  0.02750  4.77214e-02 | 72  0.02525 -6.09569e-03
 73  0.02202 -1.45134e-01 | 74  0.01809 -3.02725e-01 | 75  0.01385 -3.94853e-01
 76  0.00958 -3.89893e-01 | 77  0.00542 -3.26795e-01 | 78  0.00159 -2.62426e-01
 79 -0.00157 -2.16547e-01 | 80 -0.00389 -1.79527e-01 | 81 -0.00550 -1.42469e-01
 82 -0.00673 -1.03788e-01 | 83 -0.00768 -6.98810e-02 | 84 -0.00796 -5.35670e-02
 85 -0.00747 -6.70894e-02 | 86 -0.00728 -1.17504e-01 | 87 -0.00568 -2.06966e-01
 88 -0.00315 -3.31016e-01 | 89  0.00078 -4.80533e-01 | 90  0.00136 -6.14959e-01
 91  0.00059 -7.29859e-01 | 92 -0.00080 -7.79397e-01 | 93 -0.00828 -6.96541e-01
 94 -0.00732 -4.14208e-01 | 95  0.01023 -9.02318e-02 | 96  0.00909  3.54945e-01
 97 -0.01399  2.36156e-01 | 98  0.00452  3.92880e-01 | 99  0.06775  6.30729e-01
100  0.02104  7.13570e-01 |101 -0.02117  5.39863e-01 |102 -0.00380  6.80355e-01
103  0.00978  8.80829e-01 |104  0.02945  9.61594e-01 |105 -0.00061  2.66013e-01
106 -0.06662 -1.35482e+00 |107 -0.08052 -1.12604e+00 |108 -0.07608 -1.16361e-02
109 -0.03324  5.47670e-01 |110  0.07458  5.87311e-01 |111  0.03221  1.82696e-01
112  0.01929  2.64287e-01 |113 -0.03390 -2.52616e-02 |114 -0.07417 -4.08325e-01
115 -0.01363 -4.48107e-01 |116  0.00008 -2.45720e-01 |117 -0.03308 -1.05866e-01
118  0.02358  4.19147e-01 |119  0.07852  9.02219e-01 |120  0.01161 -2.17524e-02
121  0.07932 -9.14500e-01 |122  0.00713 -5.39575e-01 |123  0.13683  6.34413e-01
124 -0.00500 -1.41786e-01 |125 -0.04832 -5.38919e-02 |126 -0.05764  1.29144e-01
127 -0.02326 -1.04570e-01 |128  0.08913 -1.92818e-01 |129  0.02724 -2.23981e-01
130  0.01624 -6.84217e-02 |131 -0.02900 -4.99336e-01 |132 -0.01765 -5.85295e-02
133 -0.00563  8.44072e-02 |134 -0.00040  3.87335e-03 |135  0.14488 -1.15245e+00
136  0.06629 -3.47547e-01 |

Initial statistics: 146 variables; iteration 0; function evaluation 0; phase 2
Function value 6.9096200e+03; maximum gradient component mag 4.3731e+02
Var    Value     Gradient |Var    Value     Gradient |Var    Value     Gradient
  1 -0.38465 -4.57629e+00 |  2  0.37110  7.07572e+01 |  3 -0.12614  2.65633e+02
  4 -0.01321  1.24557e+02 |  5 -0.70915  1.73701e+00 |  6 -0.60419  4.37314e+02
  7  0.37628 -9.51789e+01 |  8 -0.18524 -4.11366e+02 |  9  0.03399 -1.85873e+02
 10 -0.60948 -9.81142e+00 | 11 -0.62338  4.06066e+02 | 12  0.01713 -1.94953e+00
 13 -0.00547  1.28291e-01 | 14 -0.00559  1.30989e-01 | 15 -0.00572  1.33450e-01
 16 -0.00584  1.35640e-01 | 17 -0.00596  1.37524e-01 | 18 -0.00607  1.39062e-01
 19 -0.00618  1.40217e-01 | 20 -0.00629  1.40954e-01 | 21 -0.00639  1.41243e-01
 22 -0.00648  1.41054e-01 | 23 -0.00656  1.40365e-01 | 24 -0.00663  1.39153e-01
 25 -0.00669  1.37401e-01 | 26 -0.00674  1.35088e-01 | 27 -0.00678  1.32198e-01
 28 -0.00680  1.28712e-01 | 29 -0.00681  1.24626e-01 | 30 -0.00680  1.19941e-01
 31 -0.00677  1.14667e-01 | 32 -0.00672  1.08811e-01 | 33 -0.00666  1.02381e-01
 34 -0.00657  9.53808e-02 | 35 -0.00646  8.78152e-02 | 36 -0.00632  7.96893e-02
 37 -0.00616  7.10172e-02 | 38 -0.00598  6.18267e-02 | 39 -0.00576  5.21595e-02
 40 -0.00552  4.20631e-02 | 41 -0.00526  3.16169e-02 | 42 -0.00496  2.08853e-02
 43 -0.00465  9.93835e-03 | 44 -0.00431 -1.14735e-03 | 45 -0.00397 -1.22887e-02
 46 -0.00362 -2.33947e-02 | 47 -0.00328 -3.43645e-02 | 48 -0.00296 -4.50910e-02
 49 -0.00267 -5.54531e-02 | 50 -0.00241 -6.53042e-02 | 51 -0.00221 -7.44557e-02
 52 -0.00205 -8.26738e-02 | 53 -0.00195 -8.97141e-02 | 54 -0.00191 -9.53512e-02
 55 -0.00190 -9.94080e-02 | 56 -0.00191 -1.01776e-01 | 57 -0.00193 -1.02415e-01
 58 -0.00192 -1.01336e-01 | 59 -0.00187 -9.86785e-02 | 60 -0.00175 -9.46641e-02
 61 -0.00151 -8.96152e-02 | 62 -0.00114 -8.38335e-02 | 63 -0.00059 -7.76062e-02
 64  0.00017 -7.11401e-02 | 65  0.00116 -6.43716e-02 | 66  0.00243 -5.76264e-02
 67  0.00398 -5.08771e-02 | 68  0.00584 -4.47268e-02 | 69  0.00801 -4.10730e-02
 70  0.01045 -4.40147e-02 | 71  0.01311 -6.06049e-02 | 72  0.01585 -1.01669e-01
 73  0.01852 -1.77204e-01 | 74  0.02096 -2.84799e-01 | 75  0.02307 -3.98221e-01
 76  0.02489 -4.71925e-01 | 77  0.02649 -4.52052e-01 | 78  0.02787 -3.26071e-01
 79  0.02868 -1.55784e-01 | 80  0.02865 -7.25762e-03 | 81  0.02750  4.77214e-02
 82  0.02525 -6.09569e-03 | 83  0.02202 -1.45134e-01 | 84  0.01809 -3.02725e-01
 85  0.01385 -3.94853e-01 | 86  0.00958 -3.89893e-01 | 87  0.00542 -3.26795e-01
 88  0.00159 -2.62426e-01 | 89 -0.00157 -2.16547e-01 | 90 -0.00389 -1.79527e-01
 91 -0.00550 -1.42469e-01 | 92 -0.00673 -1.03788e-01 | 93 -0.00768 -6.98810e-02
 94 -0.00796 -5.35670e-02 | 95 -0.00747 -6.70894e-02 | 96 -0.00728 -1.17504e-01
 97 -0.00568 -2.06966e-01 | 98 -0.00315 -3.31016e-01 | 99  0.00078 -4.80533e-01
100  0.00136 -6.14959e-01 |101  0.00059 -7.29859e-01 |102 -0.00080 -7.79397e-01
103 -0.00828 -6.96541e-01 |104 -0.00732 -4.14208e-01 |105  0.01023 -9.02318e-02
106  0.00909  3.54945e-01 |107 -0.01399  2.36156e-01 |108  0.00452  3.92880e-01
109  0.06775  6.30729e-01 |110  0.02104  7.13570e-01 |111 -0.02117  5.39863e-01
112 -0.00380  6.80355e-01 |113  0.00978  8.80829e-01 |114  0.02945  9.61594e-01
115 -0.00061  2.66013e-01 |116 -0.06662 -1.35482e+00 |117 -0.08052 -1.12604e+00
118 -0.07608 -1.16361e-02 |119 -0.03324  5.47670e-01 |120  0.07458  5.87311e-01
121  0.03221  1.82696e-01 |122  0.01929  2.64287e-01 |123 -0.03390 -2.52616e-02
124 -0.07417 -4.08325e-01 |125 -0.01363 -4.48107e-01 |126  0.00008 -2.45720e-01
127 -0.03308 -1.05866e-01 |128  0.02358  4.19147e-01 |129  0.07852  9.02219e-01
130  0.01161 -2.17524e-02 |131  0.07932 -9.14500e-01 |132  0.00713 -5.39575e-01
133  0.13683  6.34413e-01 |134 -0.00500 -1.41786e-01 |135 -0.04832 -5.38919e-02
136 -0.05764  1.29144e-01 |137 -0.02326 -1.04570e-01 |138  0.08913 -1.92818e-01
139  0.02724 -2.23981e-01 |140  0.01624 -6.84217e-02 |141 -0.02900 -4.99336e-01
142 -0.01765 -5.85295e-02 |143 -0.00563  8.44072e-02 |144 -0.00040  3.87335e-03
145  0.14488 -1.15245e+00 |146  0.06629 -3.47547e-01 |

Intermediate statistics: 146 variables; iteration 20; function evaluation 26; phase 2
Function value 6.8923302e+03; maximum gradient component mag -3.4771e+02
Var    Value     Gradient |Var    Value     Gradient |Var    Value     Gradient
  1 -0.37095 -1.04908e+02 |  2  0.35140 -6.92342e+00 |  3 -0.17213  6.66540e+01
  4  0.05471  7.01736e+00 |  5 -0.62825 -3.05316e+00 |  6 -0.63959  6.55694e+01
  7  0.37427 -1.86856e+02 |  8 -0.18853 -3.47711e+02 |  9  0.03798 -2.18623e+02
 10 -0.55673  6.00150e+00 | 11 -0.63805  2.43163e+02 | 12  0.08471 -1.09887e+02
 13 -0.00335  1.12556e+00 | 14 -0.00344  1.15467e+00 | 15 -0.00353  1.18403e+00
 16 -0.00362  1.21360e+00 | 17 -0.00370  1.24333e+00 | 18 -0.00378  1.27316e+00
 19 -0.00386  1.30299e+00 | 20 -0.00393  1.33277e+00 | 21 -0.00400  1.36242e+00
 22 -0.00406  1.39184e+00 | 23 -0.00412  1.42096e+00 | 24 -0.00417  1.44967e+00
 25 -0.00421  1.47787e+00 | 26 -0.00424  1.50542e+00 | 27 -0.00426  1.53216e+00
 28 -0.00428  1.55792e+00 | 29 -0.00428  1.58253e+00 | 30 -0.00427  1.60582e+00
 31 -0.00426  1.62764e+00 | 32 -0.00423  1.64779e+00 | 33 -0.00419  1.66605e+00
 34 -0.00413  1.68220e+00 | 35 -0.00407  1.69594e+00 | 36 -0.00399  1.70698e+00
 37 -0.00389  1.71501e+00 | 38 -0.00379  1.71972e+00 | 39 -0.00367  1.72082e+00
 40 -0.00354  1.71799e+00 | 41 -0.00339  1.71109e+00 | 42 -0.00324  1.69984e+00
 43 -0.00308  1.68401e+00 | 44 -0.00292  1.66334e+00 | 45 -0.00277  1.63760e+00
 46 -0.00263  1.60651e+00 | 47 -0.00252  1.56988e+00 | 48 -0.00244  1.52750e+00
 49 -0.00241  1.47926e+00 | 50 -0.00244  1.42509e+00 | 51 -0.00252  1.36502e+00
 52 -0.00268  1.29923e+00 | 53 -0.00289  1.22807e+00 | 54 -0.00317  1.15200e+00
 55 -0.00349  1.07162e+00 | 56 -0.00383  9.87616e-01 | 57 -0.00418  9.00803e-01
 58 -0.00450  8.12012e-01 | 59 -0.00477  7.22150e-01 | 60 -0.00495  6.32039e-01
 61 -0.00502  5.42430e-01 | 62 -0.00492  4.53870e-01 | 63 -0.00464  3.66727e-01
 64 -0.00414  2.81140e-01 | 65 -0.00338  1.96921e-01 | 66 -0.00233  1.13556e-01
 67 -0.00099  2.99660e-02 | 68  0.00068 -5.55101e-02 | 69  0.00266 -1.45289e-01
 70  0.00495 -2.42634e-01 | 71  0.00749 -3.51379e-01 | 72  0.01021 -4.75191e-01
 73  0.01302 -6.15564e-01 | 74  0.01577 -7.70408e-01 | 75  0.01829 -9.37223e-01
 76  0.02035 -1.12097e+00 | 77  0.02166 -1.33886e+00 | 78  0.02203 -1.60898e+00
 79  0.02146 -1.92694e+00 | 80  0.02014 -2.27290e+00 | 81  0.01835 -2.62014e+00
 82  0.01621 -2.95796e+00 | 83  0.01367 -3.28912e+00 | 84  0.01057 -3.62864e+00
 85  0.00679 -3.99299e+00 | 86  0.00247 -4.38414e+00 | 87 -0.00199 -4.79916e+00
 88 -0.00609 -5.24711e+00 | 89 -0.00947 -5.74575e+00 | 90 -0.01194 -6.30323e+00
 91 -0.01362 -6.91210e+00 | 92 -0.01480 -7.55163e+00 | 93 -0.01566 -8.21953e+00
 94 -0.01595 -8.94480e+00 | 95 -0.01543 -9.69154e+00 | 96 -0.01443 -1.02895e+01
 97 -0.01344 -1.10584e+01 | 98 -0.01075 -1.16908e+01 | 99 -0.00536 -1.20955e+01
100 -0.00007 -1.16906e+01 |101  0.00110 -1.11170e+01 |102  0.00038 -1.01531e+01
103 -0.00432 -8.24618e+00 |104 -0.00210 -6.57883e+00 |105  0.01699 -5.09771e+00
106  0.01436 -2.62820e+00 |107 -0.00842 -3.35200e-01 |108  0.00757  1.73873e+00
109  0.07498  7.56642e+00 |110  0.03718  9.97704e+00 |111 -0.00869  8.73399e+00
112  0.00490  9.98949e+00 |113  0.02236  1.11142e+01 |114  0.03833  8.71794e+00
115  0.00652  2.98693e+00 |116 -0.06057 -1.45031e+00 |117 -0.07691 -2.85499e+00
118 -0.07579 -4.28350e+00 |119 -0.05079 -7.75852e+00 |120  0.09085 -6.39681e+00
121  0.04377 -2.63991e+00 |122  0.02368 -3.79868e+00 |123 -0.02652 -1.01505e+00
124 -0.07025 -2.33968e+00 |125 -0.02044 -4.88782e+00 |126  0.00097 -3.60151e+00
127 -0.03583 -2.17426e+00 |128  0.01478 -3.05603e+00 |129  0.07833 -2.34937e+00
130 -0.00033 -1.02916e+00 |131  0.08904  1.11547e+00 |132  0.00281 -1.32965e+00
133  0.12847 -7.82388e+00 |134 -0.00097  6.08860e-01 |135 -0.04755 -9.76463e-02
136 -0.06608 -1.73178e+00 |137 -0.02903 -1.06635e+00 |138  0.09698  1.84323e+00
139  0.02294 -1.56213e+00 |140  0.01465 -6.13410e-01 |141 -0.03735 -1.51592e+00
142 -0.01980 -6.68562e-01 |143 -0.00063  8.84087e-01 |144 -0.00040 -2.32424e-03
145  0.06178 -2.85718e+01 |146 -0.01781 -6.47748e+01 |
146 variables; iteration 40; function evaluation 55; phase 2
Function value 6.8852528e+03; maximum gradient component mag -5.7380e+01
Var    Value     Gradient |Var    Value     Gradient |Var    Value     Gradient
  1 -0.33618 -1.79200e+01 |  2  0.34033 -2.30894e+01 |  3 -0.20120 -5.73803e+01
  4  0.09592 -3.94658e+01 |  5 -0.59965 -2.48414e+00 |  6 -0.65307 -4.92097e+00
  7  0.36557  3.38285e-01 |  8 -0.19078  5.52647e+00 |  9  0.05923 -8.34164e-01
 10 -0.54071  3.73298e-01 | 11 -0.65149 -3.04567e+00 | 12  0.06992  4.98374e+00
 13 -0.00364  1.06935e-01 | 14 -0.00371  1.12426e-01 | 15 -0.00378  1.18153e-01
 16 -0.00384  1.24114e-01 | 17 -0.00390  1.30312e-01 | 18 -0.00396  1.36738e-01
 19 -0.00400  1.43382e-01 | 20 -0.00405  1.50234e-01 | 21 -0.00408  1.57282e-01
 22 -0.00411  1.64510e-01 | 23 -0.00413  1.71903e-01 | 24 -0.00414  1.79444e-01
 25 -0.00413  1.87113e-01 | 26 -0.00412  1.94890e-01 | 27 -0.00409  2.02752e-01
 28 -0.00406  2.10668e-01 | 29 -0.00401  2.18604e-01 | 30 -0.00394  2.26517e-01
 31 -0.00386  2.34369e-01 | 32 -0.00377  2.42118e-01 | 33 -0.00367  2.49719e-01
 34 -0.00354  2.57126e-01 | 35 -0.00341  2.64287e-01 | 36 -0.00326  2.71148e-01
 37 -0.00309  2.77646e-01 | 38 -0.00291  2.83721e-01 | 39 -0.00271  2.89306e-01
 40 -0.00250  2.94323e-01 | 41 -0.00227  2.98746e-01 | 42 -0.00204  3.02515e-01
 43 -0.00179  3.05578e-01 | 44 -0.00155  3.07884e-01 | 45 -0.00132  3.09367e-01
 46 -0.00110  3.09943e-01 | 47 -0.00091  3.09517e-01 | 48 -0.00076  3.07972e-01
 49 -0.00066  3.05182e-01 | 50 -0.00061  3.01018e-01 | 51 -0.00064  2.95360e-01
 52 -0.00074  2.88104e-01 | 53 -0.00092  2.79209e-01 | 54 -0.00116  2.68698e-01
 55 -0.00146  2.56684e-01 | 56 -0.00179  2.43381e-01 | 57 -0.00214  2.29076e-01
 58 -0.00247  2.14096e-01 | 59 -0.00276  1.98752e-01 | 60 -0.00298  1.83273e-01
 61 -0.00308  1.67740e-01 | 62 -0.00304  1.52077e-01 | 63 -0.00283  1.36005e-01
 64 -0.00241  1.19050e-01 | 65 -0.00176  1.00636e-01 | 66 -0.00084  7.99275e-02
 67  0.00035  5.62881e-02 | 68  0.00182  2.92771e-02 | 69  0.00359 -1.03687e-03
 70  0.00564 -3.34271e-02 | 71  0.00794 -6.46352e-02 | 72  0.01045 -8.88686e-02
 73  0.01308 -1.00241e-01 | 74  0.01565 -1.02074e-01 | 75  0.01788 -1.14712e-01
 76  0.01944 -1.57256e-01 | 77  0.02027 -2.05578e-01 | 78  0.02059 -1.95176e-01
 79  0.02043 -1.17555e-01 | 80  0.01963 -2.92392e-02 | 81  0.01801  1.08041e-02
 82  0.01567  2.01316e-03 | 83  0.01280 -1.72029e-02 | 84  0.00957  6.57227e-03
 85  0.00602  8.19022e-02 | 86  0.00205  1.55501e-01 | 87 -0.00211  1.99128e-01
 88 -0.00593  2.28387e-01 | 89 -0.00898  2.55567e-01 | 90 -0.01109  2.83630e-01
 91 -0.01238  3.13260e-01 | 92 -0.01314  3.49795e-01 | 93 -0.01350  3.99033e-01
 94 -0.01316  4.49593e-01 | 95 -0.01195  4.93695e-01 | 96 -0.01036  5.93710e-01
 97 -0.00878  4.09043e-01 | 98 -0.00557  2.35525e-01 | 99  0.00146  4.90767e-01
100  0.00295 -2.23546e-02 |101  0.00511  1.09763e-01 |102  0.00394 -1.51676e-01
103 -0.00315 -3.48734e-01 |104 -0.00204 -4.46203e-01 |105  0.01640 -2.33924e-01
106  0.01388  2.64666e-01 |107 -0.00792  4.40049e-01 |108  0.00826  2.56920e-01
109  0.07095 -5.27759e-01 |110  0.03150 -6.86231e-02 |111 -0.01337 -3.02755e-01
112 -0.00110 -4.43591e-01 |113  0.01515 -3.53005e-01 |114  0.03497 -3.32281e-01
115  0.00604 -3.96724e-01 |116 -0.05895 -3.30507e-01 |117 -0.07740 -6.11864e-01
118 -0.07398  2.44143e-02 |119 -0.04290 -4.94698e-01 |120  0.08831 -2.07149e+00
121  0.04146 -1.30717e+00 |122  0.02689  2.27299e-01 |123 -0.02896  2.32870e-01
124 -0.06903  5.30120e-02 |125 -0.02263 -1.54618e+00 |126 -0.00377 -1.95180e+00
127 -0.04263 -1.88737e+00 |128  0.01405 -9.68516e-01 |129  0.07010 -7.91805e-01
130  0.00010  3.95731e-01 |131  0.08141  1.21911e+00 |132  0.00310  5.85490e-01
133  0.12974 -5.05806e-02 |134 -0.00467 -1.21175e+00 |135 -0.04830 -3.16290e-01
136 -0.06224  1.03593e-01 |137 -0.02750  1.70488e-01 |138  0.09105  4.73363e-01
139  0.02521 -1.84563e-01 |140  0.01478 -1.43350e-01 |141 -0.03431  1.17037e-01
142 -0.01681 -1.03414e-01 |143 -0.00497 -3.85440e-01 |144 -0.00038  7.39161e-04
145  0.09334  1.06773e+00 |146  0.01329  2.43209e+00 |

 - final statistics:
146 variables; iteration 45; function evaluation 63
Function value 6.8852e+03; maximum gradient component mag -9.4666e+00
Exit code = 1;  converg criter 1.0000e+01
Var    Value     Gradient |Var    Value     Gradient |Var    Value     Gradient
  1 -0.33477 -1.57431e+00 |  2  0.33868 -3.53729e+00 |  3 -0.20238 -9.46663e+00
  4  0.10004 -9.40829e+00 |  5 -0.59802  2.30005e-01 |  6 -0.65388  6.86318e-01
  7  0.36468  3.78978e+00 |  8 -0.19178  2.63077e+00 |  9  0.06154  2.02653e+00
 10 -0.54145 -1.53745e-02 | 11 -0.65171 -2.76104e+00 | 12  0.07203  4.30013e+00
 13 -0.00401 -7.33759e-02 | 14 -0.00410 -7.58002e-02 | 15 -0.00418 -7.81068e-02
 16 -0.00427 -8.02772e-02 | 17 -0.00435 -8.22947e-02 | 18 -0.00442 -8.41434e-02
 19 -0.00449 -8.58101e-02 | 20 -0.00455 -8.72844e-02 | 21 -0.00460 -8.85595e-02
 22 -0.00465 -8.96318e-02 | 23 -0.00468 -9.05011e-02 | 24 -0.00471 -9.11704e-02
 25 -0.00472 -9.16452e-02 | 26 -0.00472 -9.19333e-02 | 27 -0.00471 -9.20438e-02
 28 -0.00468 -9.19873e-02 | 29 -0.00464 -9.17757e-02 | 30 -0.00459 -9.14210e-02
 31 -0.00452 -9.09332e-02 | 32 -0.00444 -9.03206e-02 | 33 -0.00434 -8.95891e-02
 34 -0.00423 -8.87414e-02 | 35 -0.00410 -8.77781e-02 | 36 -0.00395 -8.66959e-02
 37 -0.00378 -8.54880e-02 | 38 -0.00360 -8.41416e-02 | 39 -0.00340 -8.26369e-02
 40 -0.00318 -8.09465e-02 | 41 -0.00295 -7.90304e-02 | 42 -0.00270 -7.68467e-02
 43 -0.00244 -7.43528e-02 | 44 -0.00219 -7.15108e-02 | 45 -0.00193 -6.82946e-02
 46 -0.00169 -6.46942e-02 | 47 -0.00147 -6.07233e-02 | 48 -0.00129 -5.64242e-02
 49 -0.00116 -5.18788e-02 | 50 -0.00108 -4.72181e-02 | 51 -0.00107 -4.26236e-02
 52 -0.00114 -3.83134e-02 | 53 -0.00127 -3.45102e-02 | 54 -0.00148 -3.13900e-02
 55 -0.00175 -2.90228e-02 | 56 -0.00205 -2.73090e-02 | 57 -0.00237 -2.59468e-02
 58 -0.00268 -2.44612e-02 | 59 -0.00295 -2.22729e-02 | 60 -0.00314 -1.88926e-02
 61 -0.00322 -1.40999e-02 | 62 -0.00316 -8.13787e-03 | 63 -0.00293 -1.74561e-03
 64 -0.00249  3.96378e-03 | 65 -0.00183  7.83327e-03 | 66 -0.00091  9.62257e-03
 67  0.00029  1.08473e-02 | 68  0.00180  1.62307e-02 | 69  0.00367  3.42162e-02
 70  0.00591  7.35758e-02 | 71  0.00850  1.31378e-01 | 72  0.01119  1.73199e-01
 73  0.01363  1.41595e-01 | 74  0.01576  6.39718e-02 | 75  0.01827  1.31672e-01
 76  0.02122  3.94789e-01 | 77  0.02309  5.70563e-01 | 78  0.02322  5.49064e-01
 79  0.02185  3.77459e-01 | 80  0.01902  3.94819e-02 | 81  0.01644 -1.39486e-01
 82  0.01524  7.64687e-02 | 83  0.01403  4.04001e-01 | 84  0.01078  4.05546e-01
 85  0.00605  1.82247e-01 | 86  0.00163  1.17237e-01 | 87 -0.00240  1.58880e-01
 88 -0.00621  1.58870e-01 | 89 -0.00937  1.28401e-01 | 90 -0.01155  1.06377e-01
 91 -0.01287  1.05065e-01 | 92 -0.01363  1.24236e-01 | 93 -0.01401  1.60165e-01
 94 -0.01375  1.93710e-01 | 95 -0.01269  2.15961e-01 | 96 -0.01150  2.46184e-01
 97 -0.00996  1.15201e-01 | 98 -0.00535  3.88689e-01 | 99  0.00160  7.03559e-01
100  0.00452  6.24801e-01 |101  0.00458  3.39052e-01 |102  0.00716  1.03737e+00
103 -0.00123  5.09752e-01 |104 -0.00124  1.70624e-02 |105  0.01733  5.92255e-02
106  0.01188 -3.60955e-01 |107 -0.00954 -1.86959e-01 |108  0.00693 -1.27547e-01
109  0.07239 -1.51379e-01 |110  0.03148  3.36487e-01 |111 -0.01159  5.41151e-01
112  0.00011  2.64004e-01 |113  0.01584 -1.33498e-01 |114  0.03388 -8.77322e-01
115  0.00631 -5.28879e-01 |116 -0.05728  3.96738e-01 |117 -0.07713 -4.87682e-01
118 -0.07685 -1.16422e+00 |119 -0.04131  5.07389e-01 |120  0.08971  9.92594e-02
121  0.04157 -8.96560e-01 |122  0.02528 -8.67646e-01 |123 -0.02930 -4.64070e-02
124 -0.06840  7.36495e-01 |125 -0.01920  9.09615e-01 |126 -0.00218 -9.78299e-03
127 -0.04210 -1.01374e+00 |128  0.01351 -4.45392e-01 |129  0.07036  2.93489e-01
130  0.00133  7.40804e-01 |131  0.07925 -2.58631e-01 |132 -0.00232 -1.80659e+00
133  0.12957  3.33905e-01 |134 -0.00262 -1.76672e-01 |135 -0.04962 -8.93044e-01
136 -0.06157  3.42308e-01 |137 -0.02724  2.82640e-01 |138  0.09025  2.72897e-01
139  0.02747  6.43021e-01 |140  0.01639  4.64967e-01 |141 -0.03486 -1.18194e-01
142 -0.01718 -2.80390e-01 |143 -0.00230  2.54301e-01 |144 -0.00038 -1.93474e-03
145  0.09103  1.23300e+00 |146  0.01091  2.02072e+00 |

Initial statistics: 176 variables; iteration 0; function evaluation 0; phase 3
Function value 6.8851979e+03; maximum gradient component mag 1.2272e+01
Var    Value     Gradient |Var    Value     Gradient |Var    Value     Gradient
  1 -0.33477 -1.57431e+00 |  2  0.33868 -3.53729e+00 |  3 -0.20238 -9.46663e+00
  4  0.10004 -9.40829e+00 |  5 -0.59802  2.30005e-01 |  6 -0.65388  6.86318e-01
  7  0.36468  3.78978e+00 |  8 -0.19178  2.63077e+00 |  9  0.06154  2.02653e+00
 10 -0.54145 -1.53745e-02 | 11 -0.65171 -2.76104e+00 | 12  0.07203  4.30013e+00
 13 -0.00401 -7.33759e-02 | 14 -0.00410 -7.58002e-02 | 15 -0.00418 -7.81068e-02
 16 -0.00427 -8.02772e-02 | 17 -0.00435 -8.22947e-02 | 18 -0.00442 -8.41434e-02
 19 -0.00449 -8.58101e-02 | 20 -0.00455 -8.72844e-02 | 21 -0.00460 -8.85595e-02
 22 -0.00465 -8.96318e-02 | 23 -0.00468 -9.05011e-02 | 24 -0.00471 -9.11704e-02
 25 -0.00472 -9.16452e-02 | 26 -0.00472 -9.19333e-02 | 27 -0.00471 -9.20438e-02
 28 -0.00468 -9.19873e-02 | 29 -0.00464 -9.17757e-02 | 30 -0.00459 -9.14210e-02
 31 -0.00452 -9.09332e-02 | 32 -0.00444 -9.03206e-02 | 33 -0.00434 -8.95891e-02
 34 -0.00423 -8.87414e-02 | 35 -0.00410 -8.77781e-02 | 36 -0.00395 -8.66959e-02
 37 -0.00378 -8.54880e-02 | 38 -0.00360 -8.41416e-02 | 39 -0.00340 -8.26369e-02
 40 -0.00318 -8.09465e-02 | 41 -0.00295 -7.90304e-02 | 42 -0.00270 -7.68467e-02
 43 -0.00244 -7.43528e-02 | 44 -0.00219 -7.15108e-02 | 45 -0.00193 -6.82946e-02
 46 -0.00169 -6.46942e-02 | 47 -0.00147 -6.07233e-02 | 48 -0.00129 -5.64242e-02
 49 -0.00116 -5.18788e-02 | 50 -0.00108 -4.72181e-02 | 51 -0.00107 -4.26236e-02
 52 -0.00114 -3.83134e-02 | 53 -0.00127 -3.45102e-02 | 54 -0.00148 -3.13900e-02
 55 -0.00175 -2.90228e-02 | 56 -0.00205 -2.73090e-02 | 57 -0.00237 -2.59468e-02
 58 -0.00268 -2.44612e-02 | 59 -0.00295 -2.22729e-02 | 60 -0.00314 -1.88926e-02
 61 -0.00322 -1.40999e-02 | 62 -0.00316 -8.13787e-03 | 63 -0.00293 -1.74561e-03
 64 -0.00249  3.96378e-03 | 65 -0.00183  7.83327e-03 | 66 -0.00091  9.62257e-03
 67  0.00029  1.08473e-02 | 68  0.00180  1.62307e-02 | 69  0.00367  3.42162e-02
 70  0.00591  7.35758e-02 | 71  0.00850  1.31378e-01 | 72  0.01119  1.73199e-01
 73  0.01363  1.41595e-01 | 74  0.01576  6.39718e-02 | 75  0.01827  1.31672e-01
 76  0.02122  3.94789e-01 | 77  0.02309  5.70563e-01 | 78  0.02322  5.49064e-01
 79  0.02185  3.77459e-01 | 80  0.01902  3.94819e-02 | 81  0.01644 -1.39486e-01
 82  0.01524  7.64687e-02 | 83  0.01403  4.04001e-01 | 84  0.01078  4.05546e-01
 85  0.00605  1.82247e-01 | 86  0.00163  1.17237e-01 | 87 -0.00240  1.58880e-01
 88 -0.00621  1.58870e-01 | 89 -0.00937  1.28401e-01 | 90 -0.01155  1.06377e-01
 91 -0.01287  1.05065e-01 | 92 -0.01363  1.24236e-01 | 93 -0.01401  1.60165e-01
 94 -0.01375  1.93710e-01 | 95 -0.01269  2.15961e-01 | 96 -0.01150  2.46184e-01
 97 -0.00996  1.15201e-01 | 98 -0.00535  3.88689e-01 | 99  0.00160  7.03559e-01
100  0.00452  6.24801e-01 |101  0.00458  3.39052e-01 |102  0.00716  1.03737e+00
103 -0.00123  5.09752e-01 |104 -0.00124  1.70624e-02 |105  0.01733  5.92255e-02
106  0.01188 -3.60955e-01 |107 -0.00954 -1.86959e-01 |108  0.00693 -1.27547e-01
109  0.07239 -1.51379e-01 |110  0.03148  3.36487e-01 |111 -0.01159  5.41151e-01
112  0.00011  2.64004e-01 |113  0.01584 -1.33498e-01 |114  0.03388 -8.77322e-01
115  0.00631 -5.28879e-01 |116 -0.05728  3.96738e-01 |117 -0.07713 -4.87682e-01
118 -0.07685 -1.16422e+00 |119 -0.04131  5.07389e-01 |120  0.08971  9.92594e-02
121  0.04157 -8.96560e-01 |122  0.02528 -8.67646e-01 |123 -0.02930 -4.64070e-02
124 -0.06840  7.36495e-01 |125 -0.01920  9.09615e-01 |126 -0.00218 -9.78299e-03
127 -0.04210 -1.01374e+00 |128  0.01351 -4.45392e-01 |129  0.07036  2.93489e-01
130  0.00133  7.40804e-01 |131  0.07925 -2.58631e-01 |132 -0.00232 -1.80659e+00
133  0.12957  3.33905e-01 |134 -0.00262 -1.76672e-01 |135 -0.04962 -8.93044e-01
136 -0.06157  3.42308e-01 |137 -0.02724  2.82640e-01 |138  0.09025  2.72897e-01
139  0.02747  6.43021e-01 |140  0.01639  4.64967e-01 |141 -0.03486 -1.18194e-01
142 -0.01718 -2.80390e-01 |143 -0.00230  2.54301e-01 |144 -0.00038 -1.93474e-03
145  0.09103  1.23300e+00 |146  0.01091  2.02072e+00 |147  0.04662  1.46983e-02
148  0.29671 -2.44986e-02 |149 -0.47543 -4.28071e-03 |150  0.31377  2.02257e-03
151  0.18255 -1.31054e-02 |152  0.25986  1.75444e-02 |153  0.17459 -3.43816e-02
154  0.25418  2.56631e-02 |155  0.10351  3.87150e-04 |156  0.29677 -6.42568e-03
157  0.16893 -1.25858e-01 |158  0.24623  1.43630e-01 |159 -0.35197 -5.86473e+00
160  0.24281  8.10326e+00 |161  0.20265  1.22720e+01 |162  0.31675 -3.50204e+00
163 -0.38040  1.21164e+00 |164  0.23607 -2.51402e+00 |165  0.05118 -2.20896e-01
166  0.11969 -1.76565e-01 |167  0.32140  3.50471e-01 |168  0.27252  2.80504e-02
169  0.01343 -8.23340e-02 |170  0.39319 -3.21494e-02 |171  0.09932 -7.01788e-01
172  0.16368  7.40995e-03 |173  0.21870  2.16684e-01 |174  0.25726 -2.09402e-02
175 -0.55411 -9.47022e-01 |176  0.17113  6.48073e-01 |

Intermediate statistics: 176 variables; iteration 20; function evaluation 24; phase 3
Function value 6.8850137e+03; maximum gradient component mag 1.7574e+01
Var    Value     Gradient |Var    Value     Gradient |Var    Value     Gradient
  1 -0.33393  7.60417e+00 |  2  0.33788  1.75735e+01 |  3 -0.20381  1.23508e+01
  4  0.10327  1.00288e+01 |  5 -0.59716  1.00310e+00 |  6 -0.65448  4.48146e+00
  7  0.36389 -3.79103e+00 |  8 -0.19250  3.32780e-01 |  9  0.06319 -9.92252e-01
 10 -0.54172  2.91729e-01 | 11 -0.65181  8.74696e-01 | 12  0.06643 -5.70578e+00
 13 -0.00370 -6.44576e-02 | 14 -0.00378 -6.66543e-02 | 15 -0.00386 -6.89119e-02
 16 -0.00394 -7.12307e-02 | 17 -0.00401 -7.36112e-02 | 18 -0.00407 -7.60534e-02
 19 -0.00414 -7.85575e-02 | 20 -0.00419 -8.11240e-02 | 21 -0.00424 -8.37538e-02
 22 -0.00428 -8.64479e-02 | 23 -0.00431 -8.92073e-02 | 24 -0.00433 -9.20335e-02
 25 -0.00435 -9.49276e-02 | 26 -0.00435 -9.78904e-02 | 27 -0.00434 -1.00923e-01
 28 -0.00431 -1.04025e-01 | 29 -0.00427 -1.07198e-01 | 30 -0.00422 -1.10444e-01
 31 -0.00416 -1.13764e-01 | 32 -0.00408 -1.17156e-01 | 33 -0.00398 -1.20619e-01
 34 -0.00387 -1.24152e-01 | 35 -0.00375 -1.27753e-01 | 36 -0.00360 -1.31418e-01
 37 -0.00345 -1.35145e-01 | 38 -0.00327 -1.38929e-01 | 39 -0.00308 -1.42766e-01
 40 -0.00287 -1.46643e-01 | 41 -0.00264 -1.50557e-01 | 42 -0.00241 -1.54492e-01
 43 -0.00216 -1.58434e-01 | 44 -0.00191 -1.62363e-01 | 45 -0.00167 -1.66255e-01
 46 -0.00145 -1.70081e-01 | 47 -0.00124 -1.73805e-01 | 48 -0.00108 -1.77385e-01
 49 -0.00096 -1.80776e-01 | 50 -0.00090 -1.83939e-01 | 51 -0.00091 -1.86835e-01
 52 -0.00098 -1.89427e-01 | 53 -0.00113 -1.91680e-01 | 54 -0.00134 -1.93557e-01
 55 -0.00160 -1.95033e-01 | 56 -0.00190 -1.96100e-01 | 57 -0.00221 -1.96757e-01
 58 -0.00251 -1.96995e-01 | 59 -0.00277 -1.96800e-01 | 60 -0.00295 -1.96145e-01
 61 -0.00303 -1.95009e-01 | 62 -0.00296 -1.93374e-01 | 63 -0.00272 -1.91231e-01
 64 -0.00226 -1.88563e-01 | 65 -0.00157 -1.85286e-01 | 66 -0.00061 -1.81252e-01
 67  0.00064 -1.76190e-01 | 68  0.00220 -1.69916e-01 | 69  0.00406 -1.62768e-01
 70  0.00622 -1.56039e-01 | 71  0.00861 -1.51239e-01 | 72  0.01119 -1.45758e-01
 73  0.01389 -1.28328e-01 | 74  0.01656 -9.66871e-02 | 75  0.01880 -9.27350e-02
 76  0.02025 -1.43834e-01 | 77  0.02107 -1.78669e-01 | 78  0.02137 -1.55404e-01
 79  0.02110 -8.62118e-02 | 80  0.02032  2.29638e-02 | 81  0.01870  7.76891e-02
 82  0.01616  3.98824e-02 | 83  0.01313 -1.71791e-03 | 84  0.00986  2.43751e-02
 85  0.00613  6.83874e-02 | 86  0.00191  8.80475e-02 | 87 -0.00238  1.05472e-01
 88 -0.00626  1.25009e-01 | 89 -0.00937  1.42509e-01 | 90 -0.01155  1.59616e-01
 91 -0.01293  1.77582e-01 | 92 -0.01383  1.95707e-01 | 93 -0.01441  2.13148e-01
 94 -0.01433  2.28941e-01 | 95 -0.01337  2.43514e-01 | 96 -0.01226  2.58914e-01
 97 -0.01008  2.69881e-01 | 98 -0.00602  3.33250e-01 | 99 -0.00001  3.74426e-01
100  0.00346  3.87644e-01 |101  0.00497  4.09156e-01 |102  0.00422  3.35495e-01
103 -0.00204  2.67039e-01 |104  0.00005  1.92519e-01 |105  0.01651  3.97635e-02
106  0.01253 -1.08319e-01 |107 -0.00831 -5.01750e-02 |108  0.00545 -1.29091e-01
109  0.07080 -3.20574e-02 |110  0.03075  4.35350e-02 |111 -0.01330  3.20096e-01
112 -0.00055  5.49894e-01 |113  0.01586  6.48119e-01 |114  0.03457  7.79101e-01
115  0.00685  5.75057e-01 |116 -0.05833  3.35467e-01 |117 -0.07650  1.68907e-01
118 -0.07477 -8.68786e-02 |119 -0.04191  1.88115e-01 |120  0.08904 -8.34546e-01
121  0.04223 -1.01387e+00 |122  0.02616 -8.65643e-01 |123 -0.02952 -3.65500e-01
124 -0.06928  2.97430e-01 |125 -0.02055  3.48662e-01 |126 -0.00228  2.00548e-01
127 -0.04007 -6.38770e-02 |128  0.01440  1.23526e-01 |129  0.06962  3.09914e-01
130  0.00043  1.86344e-01 |131  0.07841 -1.09879e-01 |132  0.00035 -5.28133e-01
133  0.12867  3.14552e-01 |134 -0.00225 -6.11229e-02 |135 -0.04780 -9.26023e-02
136 -0.06226  1.13685e-01 |137 -0.02797  9.83117e-02 |138  0.08916 -7.85793e-02
139  0.02631  2.86420e-01 |140  0.01526  2.11730e-01 |141 -0.03476  5.59749e-02
142 -0.01644 -2.75982e-02 |143 -0.00309  6.82196e-02 |144 -0.00037  6.53782e-03
145  0.09683 -1.61455e+00 |146  0.01218 -3.86303e+00 |147  0.04585  1.54444e-02
148  0.29824 -2.50238e-02 |149 -0.47518 -4.36096e-03 |150  0.31365  2.03700e-03
151  0.18335 -1.42315e-02 |152  0.25880  1.88381e-02 |153  0.17683 -3.68311e-02
154  0.25254  2.80040e-02 |155  0.10353  6.99824e-04 |156  0.29713 -7.33550e-03
157  0.17709 -1.41926e-01 |158  0.23699  1.59014e-01 |159 -0.34645  8.75928e-01
160  0.24243 -4.33905e+00 |161  0.19129  2.63330e+00 |162  0.31480  3.42244e+00
163 -0.38413 -1.61039e+00 |164  0.23590  3.64789e+00 |165  0.06719 -1.72542e-01
166  0.13175 -2.14142e-01 |167  0.29817  3.14185e-01 |168  0.27006  5.67257e-02
169  0.01882 -9.12109e-02 |170  0.39519 -3.24760e-02 |171  0.14898 -7.22099e-01
172  0.16343  7.08184e-03 |173  0.20221  2.69797e-01 |174  0.25853 -2.16781e-02
175 -0.52957  3.66155e-02 |176  0.18199  7.20774e-01 |
176 variables; iteration 40; function evaluation 49; phase 3
Function value 6.8845198e+03; maximum gradient component mag 4.4622e+01
Var    Value     Gradient |Var    Value     Gradient |Var    Value     Gradient
  1 -0.34032  1.94912e+01 |  2  0.33721  6.66428e-01 |  3 -0.20452  1.08262e+01
  4  0.10413  6.18999e+00 |  5 -0.60477 -5.32100e+00 |  6 -0.65370 -8.52288e+00
  7  0.36092  6.70140e+00 |  8 -0.19986  4.46224e+01 |  9  0.07400  1.82039e+01
 10 -0.53635  3.01677e+00 | 11 -0.65453  6.90206e+00 | 12 -0.03841 -2.81276e+01
 13 -0.00236 -4.01784e-01 | 14 -0.00242 -4.15636e-01 | 15 -0.00247 -4.29470e-01
 16 -0.00252 -4.43231e-01 | 17 -0.00256 -4.56865e-01 | 18 -0.00260 -4.70323e-01
 19 -0.00263 -4.83555e-01 | 20 -0.00265 -4.96521e-01 | 21 -0.00266 -5.09190e-01
 22 -0.00266 -5.21536e-01 | 23 -0.00265 -5.33544e-01 | 24 -0.00263 -5.45204e-01
 25 -0.00260 -5.56511e-01 | 26 -0.00255 -5.67458e-01 | 27 -0.00249 -5.78039e-01
 28 -0.00242 -5.88255e-01 | 29 -0.00233 -5.98114e-01 | 30 -0.00223 -6.07625e-01
 31 -0.00211 -6.16779e-01 | 32 -0.00198 -6.25549e-01 | 33 -0.00183 -6.33890e-01
 34 -0.00167 -6.41745e-01 | 35 -0.00150 -6.49058e-01 | 36 -0.00130 -6.55785e-01
 37 -0.00110 -6.61894e-01 | 38 -0.00088 -6.67362e-01 | 39 -0.00064 -6.72158e-01
 40 -0.00040 -6.76234e-01 | 41 -0.00014 -6.79489e-01 | 42  0.00012 -6.81810e-01
 43  0.00039 -6.83068e-01 | 44  0.00066 -6.83123e-01 | 45  0.00091 -6.81817e-01
 46  0.00115 -6.78952e-01 | 47  0.00135 -6.74282e-01 | 48  0.00152 -6.67534e-01
 49  0.00163 -6.58487e-01 | 50  0.00167 -6.47077e-01 | 51  0.00165 -6.33456e-01
 52  0.00154 -6.17959e-01 | 53  0.00136 -6.00979e-01 | 54  0.00109 -5.82875e-01
 55  0.00076 -5.63944e-01 | 56  0.00038 -5.44389e-01 | 57 -0.00002 -5.24217e-01
 58 -0.00043 -5.03140e-01 | 59 -0.00081 -4.80497e-01 | 60 -0.00112 -4.55550e-01
 61 -0.00132 -4.27820e-01 | 62 -0.00140 -3.97567e-01 | 63 -0.00131 -3.65819e-01
 64 -0.00103 -3.33951e-01 | 65 -0.00054 -3.02698e-01 | 66  0.00020 -2.69917e-01
 67  0.00123 -2.30213e-01 | 68  0.00260 -1.75235e-01 | 69  0.00434 -9.81243e-02
 70  0.00642 -8.28917e-04 | 71  0.00876  1.02543e-01 | 72  0.01115  1.85793e-01
 73  0.01326  1.95151e-01 | 74  0.01481  1.07574e-01 | 75  0.01690  2.05278e-01
 76  0.02083  8.01665e-01 | 77  0.02382  1.33679e+00 | 78  0.02353  1.34342e+00
 79  0.02070  9.68874e-01 | 80  0.01659  4.43135e-01 | 81  0.01438  4.22855e-01
 82  0.01349  7.90360e-01 | 83  0.01166  1.04457e+00 | 84  0.00832  1.05754e+00
 85  0.00362  8.39540e-01 | 86 -0.00123  6.46058e-01 | 87 -0.00519  6.66850e-01
 88 -0.00897  6.21689e-01 | 89 -0.01239  4.49264e-01 | 90 -0.01489  2.62453e-01
 91 -0.01647  1.04021e-01 | 92 -0.01749 -3.33785e-02 | 93 -0.01815 -1.68482e-01
 94 -0.01845 -3.96387e-01 | 95 -0.01828 -7.68101e-01 | 96 -0.01789 -1.16650e+00
 97 -0.01882 -2.27056e+00 | 98 -0.01208 -1.86190e+00 | 99 -0.00489 -1.82761e+00
100 -0.00301 -2.43706e+00 |101 -0.00258 -2.86759e+00 |102 -0.00024 -2.27590e+00
103 -0.00730 -2.65526e+00 |104 -0.00745 -3.64095e+00 |105  0.00592 -3.98064e+00
106  0.00595 -2.88675e+00 |107 -0.00802 -7.16582e-01 |108 -0.00060 -8.97416e-01
109  0.06133 -2.31748e-01 |110  0.03124  1.82490e+00 |111 -0.01770  1.14586e+00
112 -0.00990  1.32861e-01 |113  0.01359  3.09873e+00 |114  0.03351  3.41831e+00
115 -0.00151 -1.91282e-01 |116 -0.05921  1.37919e+00 |117 -0.07889  4.76339e-01
118 -0.07884 -9.06474e-01 |119 -0.04770 -9.20235e-01 |120  0.08856  5.03223e+00
121  0.04189  3.50139e+00 |122  0.02643  2.96265e+00 |123 -0.03164  9.40792e-01
124 -0.06587  2.75240e+00 |125 -0.02403 -1.55974e-01 |126 -0.00542  1.72346e-02
127 -0.04207 -1.34848e-01 |128  0.01722  1.73545e+00 |129  0.06721  7.89431e-02
130 -0.00525 -1.57324e+00 |131  0.07815  1.11574e+00 |132  0.00336  1.69544e+00
133  0.12821  1.54891e+00 |134 -0.00161  3.69398e-01 |135 -0.04405  1.40342e+00
136 -0.06139  4.24516e-01 |137 -0.02680  7.97723e-01 |138  0.09083  1.64453e+00
139  0.02591  3.04255e-02 |140  0.01563  2.91960e-01 |141 -0.03391  2.39731e-01
142 -0.02004 -1.20160e+00 |143 -0.00114  4.71795e-01 |144 -0.00045 -1.80894e-02
145  0.22451 -1.47871e+01 |146  0.12859 -6.45578e+00 |147 -0.00679  6.80097e-02
148  0.34864  7.08895e-02 |149 -0.46669 -7.75492e-03 |150  0.30995  2.82672e-03
151  0.22129 -4.94823e-02 |152  0.21034  5.71684e-02 |153  0.24434  2.49627e-02
154  0.19157  1.08647e-02 |155  0.09464  3.59605e-02 |156  0.32854 -8.61756e-02
157  0.22451  7.76255e-02 |158  0.12403  3.99588e-03 |159 -0.34127 -5.23766e-01
160  0.24534  2.97658e+00 |161  0.18382 -3.16196e+00 |162  0.31226  1.84401e+00
163 -0.37802  1.78750e+00 |164  0.23667 -7.14610e-01 |165  0.00010 -4.31934e-01
166  0.38892  1.94133e-01 |167  0.03266  9.73426e-03 |168  0.13356 -6.93471e-02
169  0.20139 -3.28323e-02 |170  0.45558 -2.85754e-02 |171  0.67539 -1.42027e-01
172  0.11935  4.33529e-02 |173  0.13528  1.88529e-01 |174  0.32719  4.89261e-02
175 -0.48190  3.84063e+00 |176  0.20210 -1.10830e-02 |
176 variables; iteration 60; function evaluation 85; phase 3
Function value 6.8841020e+03; maximum gradient component mag 1.0956e+01
Var    Value     Gradient |Var    Value     Gradient |Var    Value     Gradient
  1 -0.35330  2.54792e+00 |  2  0.34077 -1.08885e+01 |  3 -0.19779  1.09555e+01
  4  0.09221 -2.61826e+00 |  5 -0.60575 -1.89902e+00 |  6 -0.65132 -9.92057e+00
  7  0.35974  2.88944e+00 |  8 -0.20413 -5.20865e-01 |  9  0.07980  1.28364e+00
 10 -0.53863 -4.26922e+00 | 11 -0.65606  4.80646e+00 | 12 -0.05403  2.48047e+00
 13 -0.00158  9.11668e-02 | 14 -0.00161  9.30619e-02 | 15 -0.00164  9.44714e-02
 16 -0.00166  9.53214e-02 | 17 -0.00169  9.55375e-02 | 18 -0.00171  9.50485e-02
 19 -0.00173  9.37858e-02 | 20 -0.00174  9.16878e-02 | 21 -0.00175  8.87011e-02
 22 -0.00176  8.47792e-02 | 23 -0.00176  7.98852e-02 | 24 -0.00175  7.39908e-02
 25 -0.00174  6.70710e-02 | 26 -0.00172  5.91056e-02 | 27 -0.00170  5.00788e-02
 28 -0.00166  3.99833e-02 | 29 -0.00162  2.88201e-02 | 30 -0.00156  1.65871e-02
 31 -0.00150  3.26497e-03 | 32 -0.00143 -1.11777e-02 | 33 -0.00135 -2.67776e-02
 34 -0.00126 -4.35607e-02 | 35 -0.00117 -6.15249e-02 | 36 -0.00106 -8.06231e-02
 37 -0.00095 -1.00756e-01 | 38 -0.00082 -1.21772e-01 | 39 -0.00069 -1.43485e-01
 40 -0.00054 -1.65676e-01 | 41 -0.00039 -1.88120e-01 | 42 -0.00023 -2.10551e-01
 43 -0.00006 -2.32670e-01 | 44  0.00010 -2.54133e-01 | 45  0.00025 -2.74587e-01
 46  0.00038 -2.93697e-01 | 47  0.00049 -3.11173e-01 | 48  0.00055 -3.26752e-01
 49  0.00057 -3.40121e-01 | 50  0.00053 -3.50791e-01 | 51  0.00043 -3.58013e-01
 52  0.00026 -3.60798e-01 | 53  0.00003 -3.58023e-01 | 54 -0.00025 -3.48531e-01
 55 -0.00056 -3.31136e-01 | 56 -0.00088 -3.04617e-01 | 57 -0.00119 -2.67909e-01
 58 -0.00146 -2.20458e-01 | 59 -0.00166 -1.62539e-01 | 60 -0.00177 -9.52485e-02
 61 -0.00175 -2.02175e-02 | 62 -0.00159  6.08285e-02 | 63 -0.00125  1.46271e-01
 64 -0.00070  2.34257e-01 | 65  0.00007  3.21610e-01 | 66  0.00107  4.02487e-01
 67  0.00228  4.68337e-01 | 68  0.00370  5.12501e-01 | 69  0.00535  5.40952e-01
 70  0.00733  5.77947e-01 | 71  0.00964  6.35190e-01 | 72  0.01202  6.60725e-01
 73  0.01418  6.19640e-01 | 74  0.01599  5.18579e-01 | 75  0.01679  2.57873e-01
 76  0.01922  4.55218e-01 | 77  0.02367  1.20874e+00 | 78  0.02293  1.02412e+00
 79  0.01876  2.68372e-01 | 80  0.01636  1.32724e-02 | 81  0.01509  1.02646e-01
 82  0.01210 -9.22478e-02 | 83  0.01014  3.57111e-02 | 84  0.00652 -1.01269e-01
 85  0.00203 -3.36279e-01 | 86 -0.00164 -2.88484e-01 | 87 -0.00651 -5.32413e-01
 88 -0.01067 -6.99614e-01 | 89 -0.01345 -7.07470e-01 | 90 -0.01526 -6.97932e-01
 91 -0.01639 -7.08260e-01 | 92 -0.01722 -7.60710e-01 | 93 -0.01803 -8.92202e-01
 94 -0.01861 -1.15003e+00 | 95 -0.01875 -1.53273e+00 | 96 -0.01886 -1.95809e+00
 97 -0.01496 -1.62758e+00 | 98 -0.01309 -2.28807e+00 | 99 -0.00830 -2.66169e+00
100 -0.00332 -2.30913e+00 |101 -0.00239 -2.37948e+00 |102 -0.00393 -2.47626e+00
103 -0.01011 -2.21038e+00 |104 -0.00506 -1.17324e+00 |105  0.01175 -7.76229e-01
106  0.00764 -4.91600e-01 |107 -0.01487 -7.72229e-01 |108  0.00155  3.25526e-01
109  0.06264  1.04011e+00 |110  0.02937  2.38310e+00 |111 -0.01603  1.39415e+00
112 -0.00803 -4.63520e-01 |113  0.00960 -3.16619e-02 |114  0.03190  1.39581e+00
115  0.00489  1.38766e+00 |116 -0.05994  4.36587e-01 |117 -0.08438 -2.59669e+00
118 -0.07193  1.49207e+00 |119 -0.04465 -2.44426e-01 |120  0.08791  2.25519e+00
121  0.04180  1.83715e+00 |122  0.02808  3.01841e+00 |123 -0.02798  2.21055e+00
124 -0.06987  9.71055e-02 |125 -0.02585 -1.83120e+00 |126 -0.00199  3.21296e-01
127 -0.04303 -9.50437e-01 |128  0.01855  1.42579e+00 |129  0.06760  3.46530e-01
130  0.00029  7.04431e-01 |131  0.08369  4.75510e+00 |132  0.00447  2.07278e+00
133  0.13124  2.73332e+00 |134 -0.00022  4.21501e-01 |135 -0.04178  2.10523e+00
136 -0.06114  1.02749e-01 |137 -0.02723  3.03545e-01 |138  0.09231  1.79631e+00
139  0.02749  7.89298e-01 |140  0.01410 -5.93892e-01 |141 -0.03357  3.46938e-01
142 -0.02133 -1.59994e+00 |143 -0.00565 -6.41123e-01 |144 -0.00047 -2.60551e-02
145  0.24540 -3.78874e+00 |146  0.15696 -1.21503e+00 |147 -0.07470  1.04991e-01
148  0.28159 -2.74447e-02 |149 -0.44659 -8.59370e-03 |150  0.30177  3.26999e-03
151  0.27760  1.34780e-02 |152  0.13293  8.99161e-04 |153  0.20107 -4.62122e-02
154  0.15406  3.24067e-02 |155  0.06670  1.20246e-02 |156  0.40022 -1.55493e-03
157  0.18627  1.43802e-03 |158 -0.08718 -4.32988e-04 |159 -0.34084 -7.99274e-02
160  0.24593  4.91438e+00 |161  0.17958 -4.50335e+00 |162  0.31046 -2.85818e+00
163 -0.37709  2.98574e+00 |164  0.23667 -3.03742e+00 |165  0.06258  1.19851e-01
166  0.49988  1.69211e-02 |167  0.01233  8.02623e-03 |168  0.23719  7.90831e-02
169  0.42945 -2.79101e-03 |170  0.52362  3.37620e-03 |171  0.93116  4.71434e-02
172  0.12186  8.62489e-02 |173  0.13396  3.23275e-01 |174  0.28331 -1.00544e-01
175 -0.52805  5.61022e-01 |176  0.18301  1.20896e+00 |
Maximum number of function evaluations exceeded

 - final statistics:
176 variables; iteration 73; function evaluation 100
Function value 6.8839e+03; maximum gradient component mag 3.4255e+01
Exit code = 3;  converg criter 1.0000e+00
Var    Value     Gradient |Var    Value     Gradient |Var    Value     Gradient
  1 -0.35882  1.70238e+01 |  2  0.34221  4.95357e-01 |  3 -0.19560  3.42551e+01
  4  0.08825  8.08797e+00 |  5 -0.60799  2.41130e-01 |  6 -0.65000  1.72884e+01
  7  0.35888  4.88663e+00 |  8 -0.20536  1.96496e+01 |  9  0.08204  6.94010e+00
 10 -0.53533 -1.85677e+00 | 11 -0.65721 -3.28564e+00 | 12 -0.07202 -8.18591e+00
 13 -0.00112  5.80534e-02 | 14 -0.00113  5.97774e-02 | 15 -0.00114  6.08726e-02
 16 -0.00114  6.12507e-02 | 17 -0.00115  6.08217e-02 | 18 -0.00115  5.95121e-02
 19 -0.00115  5.72578e-02 | 20 -0.00115  5.40078e-02 | 21 -0.00114  4.97297e-02
 22 -0.00113  4.44071e-02 | 23 -0.00111  3.80424e-02 | 24 -0.00109  3.06515e-02
 25 -0.00106  2.22571e-02 | 26 -0.00102  1.28862e-02 | 27 -0.00097  2.57324e-03
 28 -0.00091 -8.63261e-03 | 29 -0.00084 -2.06687e-02 | 30 -0.00076 -3.34844e-02
 31 -0.00067 -4.70713e-02 | 32 -0.00057 -6.14506e-02 | 33 -0.00046 -7.66604e-02
 34 -0.00033 -9.27262e-02 | 35 -0.00020 -1.09629e-01 | 36 -0.00005 -1.27284e-01
 37  0.00010 -1.45544e-01 | 38  0.00027 -1.64233e-01 | 39  0.00046 -1.83182e-01
 40  0.00065 -2.02272e-01 | 41  0.00086 -2.21472e-01 | 42  0.00107 -2.40776e-01
 43  0.00128 -2.60196e-01 | 44  0.00149 -2.79759e-01 | 45  0.00169 -2.99514e-01
 46  0.00187 -3.19538e-01 | 47  0.00201 -3.39881e-01 | 48  0.00210 -3.60456e-01
 49  0.00214 -3.80904e-01 | 50  0.00212 -4.00532e-01 | 51  0.00203 -4.18398e-01
 52  0.00187 -4.33518e-01 | 53  0.00165 -4.45054e-01 | 54  0.00137 -4.52394e-01
 55  0.00104 -4.55112e-01 | 56  0.00069 -4.52986e-01 | 57  0.00033 -4.46243e-01
 58 -0.00001 -4.35889e-01 | 59 -0.00032 -4.23980e-01 | 60 -0.00057 -4.13219e-01
 61 -0.00074 -4.06144e-01 | 62 -0.00079 -4.03883e-01 | 63 -0.00071 -4.05708e-01
 64 -0.00043 -4.09814e-01 | 65  0.00007 -4.15294e-01 | 66  0.00079 -4.25385e-01
 67  0.00175 -4.45826e-01 | 68  0.00293 -4.82172e-01 | 69  0.00431 -5.37457e-01
 70  0.00595 -5.94409e-01 | 71  0.00825 -5.54915e-01 | 72  0.01130 -3.89604e-01
 73  0.01368 -3.90390e-01 | 74  0.01577 -4.30447e-01 | 75  0.01702 -5.81752e-01
 76  0.02026 -2.09626e-01 | 77  0.01803 -8.15678e-01 | 78  0.01994 -4.05966e-01
 79  0.02153  1.02696e-01 | 80  0.01612 -6.99339e-01 | 81  0.01369 -7.83340e-01
 82  0.01209 -5.95587e-01 | 83  0.01194  2.06770e-02 | 84  0.00751 -2.10603e-01
 85  0.00482  6.88432e-02 | 86  0.00199  4.07510e-01 | 87 -0.00313  1.79684e-01
 88 -0.00757  1.09590e-03 | 89 -0.01108 -1.60589e-01 | 90 -0.01392 -4.05014e-01
 91 -0.01598 -6.61816e-01 | 92 -0.01757 -9.21769e-01 | 93 -0.01892 -1.20161e+00
 94 -0.01991 -1.56116e+00 | 95 -0.02039 -2.01285e+00 | 96 -0.02097 -2.50633e+00
 97 -0.01956 -2.72364e+00 | 98 -0.01655 -2.89060e+00 | 99 -0.01048 -2.68089e+00
100 -0.00200 -1.12711e+00 |101 -0.00378 -1.46603e+00 |102  0.00157  4.56268e-01
103 -0.00914 -1.91545e-01 |104 -0.00426  1.04907e+00 |105  0.01072  1.11397e+00
106  0.00386  5.53668e-01 |107 -0.01448  1.12089e+00 |108 -0.00017  1.49006e+00
109  0.06166  3.10711e+00 |110  0.02624  3.40808e+00 |111 -0.01539  2.94501e+00
112 -0.01133  2.46340e-01 |113  0.00991  2.22848e+00 |114  0.03227  4.08630e+00
115  0.00319  2.66445e+00 |116 -0.06284  2.67650e-01 |117 -0.08285 -9.60316e-01
118 -0.07123  2.96172e+00 |119 -0.04545  3.42947e-01 |120  0.08811  2.46081e+00
121  0.03765 -3.58508e-01 |122  0.02555  1.43275e+00 |123 -0.02686  2.75465e+00
124 -0.06989  4.59127e-01 |125 -0.02479 -1.33917e+00 |126 -0.00639 -1.04419e+00
127 -0.04141 -2.36120e-01 |128  0.01669  1.11131e+00 |129  0.06577  1.78056e-01
130  0.00230  1.19584e+00 |131  0.07735  1.43432e+00 |132  0.00341  1.18355e+00
133  0.12760  9.67501e-01 |134 -0.00122  2.25072e-01 |135 -0.04794 -5.48793e-02
136 -0.06187  1.82666e-02 |137 -0.02587  8.87678e-01 |138  0.09065  1.22872e+00
139  0.02894  1.63190e+00 |140  0.01525  8.05072e-02 |141 -0.02973  1.75578e+00
142 -0.01930 -1.01390e+00 |143 -0.00875 -1.40816e+00 |144 -0.00042 -1.65442e-02
145  0.26858 -6.14653e+00 |146  0.18037 -2.72524e+00 |147 -0.12542 -6.49359e-02
148  0.27521  8.27936e-02 |149 -0.43080 -1.03492e-02 |150  0.29551  4.20421e-03
151  0.25543 -5.47354e-03 |152  0.12880  1.05323e-02 |153  0.17249 -3.07061e-02
154  0.13972  1.76712e-02 |155  0.05555  2.11856e-02 |156  0.38791 -1.42184e-02
157  0.16796  1.51842e-04 |158 -0.26557 -1.39227e-03 |159 -0.34435 -8.05472e-01
160  0.24414  2.08460e+00 |161  0.18297 -2.39051e+00 |162  0.31180 -3.06423e-01
163 -0.38674  4.30788e-01 |164  0.23357 -9.42341e-01 |165  0.04460  3.81210e-01
166  0.51848  9.94514e-02 |167 -0.10372 -5.16453e-04 |168  0.23090 -1.63889e-01
169  0.51657  2.02812e-03 |170  0.55032 -3.00760e-03 |171  0.97456 -6.56853e-02
172  0.10818 -3.73652e-03 |173  0.15529  3.59772e+00 |174  0.31960  1.06228e-01
175 -0.53810 -2.94117e-01 |176  0.17789  4.00865e-01 |

Initial statistics: 200 variables; iteration 0; function evaluation 0; phase 4
Function value 6.8839020e+03; maximum gradient component mag 3.4255e+01
Var    Value     Gradient |Var    Value     Gradient |Var    Value     Gradient
  1 -0.35882  1.70238e+01 |  2  0.34221  4.95357e-01 |  3 -0.19560  3.42551e+01
  4  0.08825  8.08797e+00 |  5 -0.60799  2.41130e-01 |  6 -0.65000  1.72884e+01
  7  0.35888  4.88663e+00 |  8 -0.20536  1.96496e+01 |  9  0.08204  6.94010e+00
 10 -0.53533 -1.85677e+00 | 11 -0.65721 -3.28564e+00 | 12 -0.07202 -8.18591e+00
 13 -0.00112  5.80534e-02 | 14 -0.00113  5.97774e-02 | 15 -0.00114  6.08726e-02
 16 -0.00114  6.12507e-02 | 17 -0.00115  6.08217e-02 | 18 -0.00115  5.95121e-02
 19 -0.00115  5.72578e-02 | 20 -0.00115  5.40078e-02 | 21 -0.00114  4.97297e-02
 22 -0.00113  4.44071e-02 | 23 -0.00111  3.80424e-02 | 24 -0.00109  3.06515e-02
 25 -0.00106  2.22571e-02 | 26 -0.00102  1.28862e-02 | 27 -0.00097  2.57324e-03
 28 -0.00091 -8.63261e-03 | 29 -0.00084 -2.06687e-02 | 30 -0.00076 -3.34844e-02
 31 -0.00067 -4.70713e-02 | 32 -0.00057 -6.14506e-02 | 33 -0.00046 -7.66604e-02
 34 -0.00033 -9.27262e-02 | 35 -0.00020 -1.09629e-01 | 36 -0.00005 -1.27284e-01
 37  0.00010 -1.45544e-01 | 38  0.00027 -1.64233e-01 | 39  0.00046 -1.83182e-01
 40  0.00065 -2.02272e-01 | 41  0.00086 -2.21472e-01 | 42  0.00107 -2.40776e-01
 43  0.00128 -2.60196e-01 | 44  0.00149 -2.79759e-01 | 45  0.00169 -2.99514e-01
 46  0.00187 -3.19538e-01 | 47  0.00201 -3.39881e-01 | 48  0.00210 -3.60456e-01
 49  0.00214 -3.80904e-01 | 50  0.00212 -4.00532e-01 | 51  0.00203 -4.18398e-01
 52  0.00187 -4.33518e-01 | 53  0.00165 -4.45054e-01 | 54  0.00137 -4.52394e-01
 55  0.00104 -4.55112e-01 | 56  0.00069 -4.52986e-01 | 57  0.00033 -4.46243e-01
 58 -0.00001 -4.35889e-01 | 59 -0.00032 -4.23980e-01 | 60 -0.00057 -4.13219e-01
 61 -0.00074 -4.06144e-01 | 62 -0.00079 -4.03883e-01 | 63 -0.00071 -4.05708e-01
 64 -0.00043 -4.09814e-01 | 65  0.00007 -4.15294e-01 | 66  0.00079 -4.25385e-01
 67  0.00175 -4.45826e-01 | 68  0.00293 -4.82172e-01 | 69  0.00431 -5.37457e-01
 70  0.00595 -5.94409e-01 | 71  0.00825 -5.54915e-01 | 72  0.01130 -3.89604e-01
 73  0.01368 -3.90390e-01 | 74  0.01577 -4.30447e-01 | 75  0.01702 -5.81752e-01
 76  0.02026 -2.09626e-01 | 77  0.01803 -8.15678e-01 | 78  0.01994 -4.05966e-01
 79  0.02153  1.02696e-01 | 80  0.01612 -6.99339e-01 | 81  0.01369 -7.83340e-01
 82  0.01209 -5.95587e-01 | 83  0.01194  2.06770e-02 | 84  0.00751 -2.10603e-01
 85  0.00482  6.88432e-02 | 86  0.00199  4.07510e-01 | 87 -0.00313  1.79684e-01
 88 -0.00757  1.09590e-03 | 89 -0.01108 -1.60589e-01 | 90 -0.01392 -4.05014e-01
 91 -0.01598 -6.61816e-01 | 92 -0.01757 -9.21769e-01 | 93 -0.01892 -1.20161e+00
 94 -0.01991 -1.56116e+00 | 95 -0.02039 -2.01285e+00 | 96 -0.02097 -2.50633e+00
 97 -0.01956 -2.72364e+00 | 98 -0.01655 -2.89060e+00 | 99 -0.01048 -2.68089e+00
100 -0.00200 -1.12711e+00 |101 -0.00378 -1.46603e+00 |102  0.00157  4.56268e-01
103 -0.00914 -1.91545e-01 |104 -0.00426  1.04907e+00 |105  0.01072  1.11397e+00
106  0.00386  5.53668e-01 |107 -0.01448  1.12089e+00 |108 -0.00017  1.49006e+00
109  0.06166  3.10711e+00 |110  0.02624  3.40808e+00 |111 -0.01539  2.94501e+00
112 -0.01133  2.46340e-01 |113  0.00991  2.22848e+00 |114  0.03227  4.08630e+00
115  0.00319  2.66445e+00 |116 -0.06284  2.67650e-01 |117 -0.08285 -9.60316e-01
118 -0.07123  2.96172e+00 |119 -0.04545  3.42947e-01 |120  0.08811  2.46081e+00
121  0.03765 -3.58508e-01 |122  0.02555  1.43275e+00 |123 -0.02686  2.75465e+00
124 -0.06989  4.59127e-01 |125 -0.02479 -1.33917e+00 |126 -0.00639 -1.04419e+00
127 -0.04141 -2.36120e-01 |128  0.01669  1.11131e+00 |129  0.06577  1.78056e-01
130  0.00230  1.19584e+00 |131  0.07735  1.43432e+00 |132  0.00341  1.18355e+00
133  0.12760  9.67501e-01 |134 -0.00122  2.25072e-01 |135 -0.04794 -5.48793e-02
136 -0.06187  1.82666e-02 |137 -0.02587  8.87678e-01 |138  0.09065  1.22872e+00
139  0.02894  1.63190e+00 |140  0.01525  8.05072e-02 |141 -0.02973  1.75578e+00
142 -0.01930 -1.01390e+00 |143 -0.00875 -1.40816e+00 |144 -0.00042 -1.65442e-02
145  0.26858 -6.14653e+00 |146  0.18037 -2.72524e+00 |147 -0.12542 -6.49359e-02
148  0.27521  8.27936e-02 |149  0.01638 -5.92057e-02 |150 -0.11477  7.72578e-01
151 -0.43080 -1.03492e-02 |152  0.29551  4.20421e-03 |153  0.04878 -1.64347e-02
154 -0.23502 -5.66397e-03 |155  0.25543 -5.47354e-03 |156  0.12880  1.05323e-02
157  0.17249 -3.07061e-02 |158  0.13972  1.76712e-02 |159  0.00587  7.46430e-03
160 -0.09827  1.62845e-01 |161  0.05555  2.11856e-02 |162  0.38791 -1.42184e-02
163  0.16796  1.51842e-04 |164 -0.26557 -1.39227e-03 |165 -0.34435 -8.05472e-01
166  0.24414  2.08460e+00 |167  0.05275 -3.48414e+00 |168 -0.18762 -2.36942e+01
169  0.18297 -2.39051e+00 |170  0.31180 -3.06423e-01 |171  0.07774 -1.47366e+01
172 -0.53183  2.63237e-04 |173 -0.38674  4.30788e-01 |174  0.23357 -9.42341e-01
175  0.07820  1.81295e+00 |176 -0.12196 -9.70751e+00 |177  0.04460  3.81210e-01
178  0.51848  9.94514e-02 |179 -0.10372 -5.16453e-04 |180  0.23090 -1.63889e-01
181  0.00546  8.01727e-01 |182  0.00907  6.17028e-03 |183 -0.15012  1.00435e+00
184 -0.12571  1.81125e-03 |185  0.51657  2.02812e-03 |186  0.55032 -3.00760e-03
187  0.01863  8.79292e-05 |188 -0.15435 -7.77725e-04 |189  0.97456 -6.56853e-02
190  0.10818 -3.73652e-03 |191  0.15529  3.59772e+00 |192  0.31960  1.06228e-01
193  0.02453 -3.03957e-02 |194 -0.00648  9.16862e-03 |195 -0.17628 -4.26155e-03
196 -0.11429  8.27457e-01 |197 -0.53810 -2.94117e-01 |198  0.17789  4.00865e-01
199  0.09511 -5.76097e+00 |200 -0.25343  1.13736e+00 |

Intermediate statistics: 200 variables; iteration 20; function evaluation 23; phase 4
Function value 6.8833386e+03; maximum gradient component mag 1.1491e+02
Var    Value     Gradient |Var    Value     Gradient |Var    Value     Gradient
  1 -0.37330  5.16625e+01 |  2  0.34297  1.15523e+01 |  3 -0.19340  1.14909e+02
  4  0.08483  4.14444e+01 |  5 -0.60875  4.40169e+00 |  6 -0.64923  4.61338e+01
  7  0.35763  3.77351e+01 |  8 -0.21011  7.84398e+01 |  9  0.08870  4.39691e+01
 10 -0.52909  2.99193e+00 | 11 -0.65917 -8.73032e+00 | 12 -0.11736 -3.61073e+01
 13 -0.00168 -3.15884e-01 | 14 -0.00170 -3.26785e-01 | 15 -0.00173 -3.37761e-01
 16 -0.00175 -3.48788e-01 | 17 -0.00176 -3.59851e-01 | 18 -0.00177 -3.70928e-01
 19 -0.00176 -3.82006e-01 | 20 -0.00175 -3.93082e-01 | 21 -0.00173 -4.04160e-01
 22 -0.00170 -4.15255e-01 | 23 -0.00166 -4.26392e-01 | 24 -0.00161 -4.37600e-01
 25 -0.00154 -4.48914e-01 | 26 -0.00146 -4.60374e-01 | 27 -0.00137 -4.72019e-01
 28 -0.00126 -4.83901e-01 | 29 -0.00114 -4.96075e-01 | 30 -0.00101 -5.08592e-01
 31 -0.00086 -5.21490e-01 | 32 -0.00070 -5.34787e-01 | 33 -0.00052 -5.48498e-01
 34 -0.00033 -5.62643e-01 | 35 -0.00012 -5.77266e-01 | 36  0.00010 -5.92441e-01
 37  0.00033 -6.08275e-01 | 38  0.00057 -6.24896e-01 | 39  0.00083 -6.42419e-01
 40  0.00109 -6.60855e-01 | 41  0.00136 -6.80396e-01 | 42  0.00164 -7.01022e-01
 43  0.00192 -7.22740e-01 | 44  0.00219 -7.45551e-01 | 45  0.00244 -7.69402e-01
 46  0.00267 -7.94203e-01 | 47  0.00286 -8.19903e-01 | 48  0.00301 -8.46463e-01
 49  0.00310 -8.74006e-01 | 50  0.00312 -9.02847e-01 | 51  0.00306 -9.33405e-01
 52  0.00291 -9.66061e-01 | 53  0.00267 -1.00121e+00 | 54  0.00235 -1.03907e+00
 55  0.00195 -1.07974e+00 | 56  0.00150 -1.12338e+00 | 57  0.00101 -1.17008e+00
 58  0.00052 -1.21939e+00 | 59  0.00007 -1.27070e+00 | 60 -0.00033 -1.32300e+00
 61 -0.00061 -1.37557e+00 | 62 -0.00076 -1.42808e+00 | 63 -0.00073 -1.48123e+00
 64 -0.00050 -1.53630e+00 | 65 -0.00004 -1.59350e+00 | 66  0.00069 -1.65280e+00
 67  0.00171 -1.71068e+00 | 68  0.00306 -1.76363e+00 | 69  0.00475 -1.80949e+00
 70  0.00675 -1.85600e+00 | 71  0.00877 -1.95579e+00 | 72  0.01065 -2.12891e+00
 73  0.01306 -2.21426e+00 | 74  0.01556 -2.27711e+00 | 75  0.01816 -2.26928e+00
 76  0.01868 -2.55946e+00 | 77  0.02159 -2.24964e+00 | 78  0.02051 -2.52181e+00
 79  0.01838 -2.82991e+00 | 80  0.01968 -2.34690e+00 | 81  0.01816 -2.27401e+00
 82  0.01540 -2.34042e+00 | 83  0.01110 -2.62161e+00 | 84  0.00859 -2.43279e+00
 85  0.00433 -2.50035e+00 | 86 -0.00030 -2.57935e+00 | 87 -0.00382 -2.40097e+00
 88 -0.00716 -2.27312e+00 | 89 -0.00989 -2.18609e+00 | 90 -0.01175 -2.10088e+00
 91 -0.01303 -2.03685e+00 | 92 -0.01410 -1.97974e+00 | 93 -0.01506 -1.90411e+00
 94 -0.01547 -1.77097e+00 | 95 -0.01498 -1.54140e+00 | 96 -0.01419 -1.17571e+00
 97 -0.01251 -7.87813e-01 | 98 -0.00901 -2.85339e-01 | 99 -0.00383  1.76404e-01
100 -0.00336  1.39536e-01 |101 -0.00062  1.19575e+00 |102 -0.00376  1.20823e+00
103 -0.00847  2.35875e+00 |104 -0.00888  2.61071e+00 |105  0.00633  3.45589e+00
106  0.00244  4.05735e+00 |107 -0.01919  3.45482e+00 |108 -0.00459  4.04796e+00
109  0.05614  7.26180e+00 |110  0.01873  5.52886e+00 |111 -0.02387  3.30509e+00
112 -0.01102  2.89360e+00 |113  0.00338  1.47427e+00 |114  0.02214  6.62474e-01
115 -0.00360  2.51348e-01 |116 -0.06634  2.57364e-01 |117 -0.08302  9.68044e-01
118 -0.07847  2.18045e+00 |119 -0.04514  2.69337e+00 |120  0.08459  7.20574e+00
121  0.03948  4.21942e+00 |122  0.02163  2.92851e+00 |123 -0.03202  2.46664e+00
124 -0.07220  1.57932e+00 |125 -0.02313  2.48577e+00 |126 -0.00581  2.73892e+00
127 -0.04152  1.91578e+00 |128  0.01156  1.92785e+00 |129  0.06660  2.22087e+00
130 -0.00384  2.71442e-01 |131  0.07521  4.11608e-01 |132  0.00055  2.08866e-01
133  0.12561  7.02893e-01 |134 -0.00221  2.29335e-01 |135 -0.04887 -4.25324e-02
136 -0.06268 -1.45929e-02 |137 -0.02943 -1.15140e-01 |138  0.08815  3.30614e-01
139  0.02382  3.30036e-02 |140  0.01353 -1.73773e-01 |141 -0.03653 -2.79193e-01
142 -0.01574  1.98582e-01 |143 -0.00098  6.09416e-01 |144 -0.00035  9.52549e-03
145  0.33187 -3.48098e+00 |146  0.24951 -4.29489e+00 |147 -0.12372  4.21674e-02
148  0.27228 -6.23281e-02 |149  0.01771 -5.82137e-02 |150 -0.13813  2.94439e+00
151 -0.43047 -1.61728e-02 |152  0.29538  5.99217e-03 |153  0.04931 -2.88180e-02
154 -0.23483 -4.24987e-03 |155  0.25564  2.78943e-02 |156  0.12845 -3.11277e-04
157  0.17423  2.51192e-01 |158  0.13885 -6.93571e-02 |159  0.00572  1.14632e-01
160 -0.10314  5.15306e-01 |161  0.05499  7.66558e-02 |162  0.38807 -1.13892e-01
163  0.16797  3.94837e-03 |164 -0.26553 -1.39204e-03 |165 -0.34485  4.93947e+00
166  0.24161 -1.15540e+01 |167  0.05343  5.11364e+00 |168 -0.18710 -1.29219e+01
169  0.18320 -5.64566e+00 |170  0.31333  6.80590e+00 |171  0.07736 -3.12039e+01
172 -0.53187 -8.27784e-04 |173 -0.38357 -1.98578e+00 |174  0.23546  3.78105e+00
175  0.07489 -2.88594e+00 |176 -0.11969 -5.81025e+00 |177  0.03209  1.72221e+00
178  0.51534  2.45356e-01 |179 -0.10371 -5.16370e-04 |180  0.23608 -5.90299e-01
181 -0.02281  2.37678e+00 |182  0.00889  7.36047e-03 |183 -0.20166  3.14810e+00
184 -0.12576  1.86456e-03 |185  0.51656  1.26354e-02 |186  0.55030 -4.55632e-02
187  0.01863  9.31866e-05 |188 -0.15433 -7.76676e-04 |189  0.96860 -3.35729e-01
190  0.10892  6.16146e-01 |191  0.17995  1.13801e+01 |192  0.31544 -2.29533e-01
193  0.02579 -4.88967e-02 |194 -0.00662  5.26635e-01 |195 -0.17612 -6.27665e-03
196 -0.13810  2.57977e+00 |197 -0.54982 -1.84507e+00 |198  0.17370  9.19473e-01
199  0.09505 -2.14298e+01 |200 -0.27180 -4.68904e+00 |
200 variables; iteration 40; function evaluation 46; phase 4
Function value 6.8829503e+03; maximum gradient component mag 1.4603e+02
Var    Value     Gradient |Var    Value     Gradient |Var    Value     Gradient
  1 -0.37618  6.97780e+01 |  2  0.34503  2.20376e+01 |  3 -0.19104  1.46029e+02
  4  0.07919  5.41798e+01 |  5 -0.61186  4.50361e+00 |  6 -0.64769  5.89129e+01
  7  0.36030  4.35524e+01 |  8 -0.20833  7.48525e+01 |  9  0.08252  4.21042e+01
 10 -0.53307 -1.28021e+00 | 11 -0.65775 -2.69420e+01 | 12 -0.13597 -4.16506e+01
 13 -0.00242 -6.28982e-01 | 14 -0.00247 -6.49053e-01 | 15 -0.00251 -6.68705e-01
 16 -0.00255 -6.87826e-01 | 17 -0.00257 -7.06330e-01 | 18 -0.00259 -7.24105e-01
 19 -0.00260 -7.41066e-01 | 20 -0.00259 -7.57156e-01 | 21 -0.00257 -7.72342e-01
 22 -0.00253 -7.86616e-01 | 23 -0.00249 -7.99996e-01 | 24 -0.00242 -8.12515e-01
 25 -0.00234 -8.24218e-01 | 26 -0.00224 -8.35148e-01 | 27 -0.00213 -8.45359e-01
 28 -0.00200 -8.54923e-01 | 29 -0.00185 -8.63929e-01 | 30 -0.00169 -8.72437e-01
 31 -0.00150 -8.80464e-01 | 32 -0.00131 -8.87951e-01 | 33 -0.00109 -8.94817e-01
 34 -0.00086 -9.00999e-01 | 35 -0.00061 -9.06502e-01 | 36 -0.00034 -9.11436e-01
 37 -0.00006 -9.16012e-01 | 38  0.00024 -9.20520e-01 | 39  0.00055 -9.25218e-01
 40  0.00086 -9.30047e-01 | 41  0.00119 -9.35480e-01 | 42  0.00152 -9.41376e-01
 43  0.00184 -9.47693e-01 | 44  0.00217 -9.54402e-01 | 45  0.00247 -9.61353e-01
 46  0.00275 -9.68318e-01 | 47  0.00300 -9.75232e-01 | 48  0.00320 -9.82160e-01
 49  0.00334 -9.89764e-01 | 50  0.00340 -9.99398e-01 | 51  0.00337 -1.01283e+00
 52  0.00323 -1.03173e+00 | 53  0.00298 -1.05770e+00 | 54  0.00262 -1.09165e+00
 55  0.00216 -1.13403e+00 | 56  0.00162 -1.18527e+00 | 57  0.00102 -1.24526e+00
 58  0.00040 -1.31232e+00 | 59 -0.00021 -1.38380e+00 | 60 -0.00074 -1.45597e+00
 61 -0.00116 -1.52596e+00 | 62 -0.00142 -1.59262e+00 | 63 -0.00150 -1.65801e+00
 64 -0.00138 -1.72586e+00 | 65 -0.00103 -1.79677e+00 | 66 -0.00041 -1.86765e+00
 67  0.00056 -1.92536e+00 | 68  0.00194 -1.95513e+00 | 69  0.00381 -1.94526e+00
 70  0.00602 -1.92197e+00 | 71  0.00761 -2.08871e+00 | 72  0.00805 -2.53508e+00
 73  0.01024 -2.62461e+00 | 74  0.01297 -2.60598e+00 | 75  0.01702 -2.28808e+00
 76  0.01429 -3.19971e+00 | 77  0.02345 -1.68422e+00 | 78  0.01889 -2.61290e+00
 79  0.01245 -3.75612e+00 | 80  0.02225 -1.65027e+00 | 81  0.02221 -1.30152e+00
 82  0.01835 -1.59833e+00 | 83  0.00944 -2.85779e+00 | 84  0.00958 -2.18592e+00
 85  0.00401 -2.62699e+00 | 86 -0.00188 -3.11237e+00 | 87 -0.00327 -2.59836e+00
 88 -0.00520 -2.30232e+00 | 89 -0.00697 -2.15980e+00 | 90 -0.00789 -2.03426e+00
 91 -0.00856 -2.00988e+00 | 92 -0.00937 -2.07133e+00 | 93 -0.01037 -2.16419e+00
 94 -0.01078 -2.18118e+00 | 95 -0.01002 -2.02847e+00 | 96 -0.00850 -1.62656e+00
 97 -0.00666 -1.37074e+00 | 98 -0.00254 -9.26781e-01 | 99  0.00245 -7.77317e-01
100 -0.00470 -2.71133e+00 |101  0.00335 -5.48550e-01 |102 -0.00724 -2.29767e+00
103 -0.00740  3.44165e-01 |104 -0.01188  1.82684e-02 |105  0.00235  9.79047e-01
106  0.00058  3.28059e+00 |107 -0.02221  3.47593e+00 |108 -0.00724  4.78860e+00
109  0.05190  9.60523e+00 |110  0.01201  6.88468e+00 |111 -0.03005  4.10545e+00
112 -0.01572  4.81295e+00 |113 -0.00135  4.59404e+00 |114  0.01956  6.65420e+00
115 -0.00310  6.89814e+00 |116 -0.06534  4.41845e+00 |117 -0.08179  3.63619e+00
118 -0.08006  2.39284e+00 |119 -0.04424  2.89530e+00 |120  0.08442  6.29389e+00
121  0.04247  4.98265e+00 |122  0.02523  4.22543e+00 |123 -0.03112  2.35591e+00
124 -0.07279  7.97939e-01 |125 -0.02388  1.31672e+00 |126 -0.00864  8.31308e-01
127 -0.04460  4.00577e-01 |128  0.00576 -2.54820e-01 |129  0.06473  1.14192e+00
130 -0.00772 -4.25006e-01 |131  0.07482  1.10765e+00 |132 -0.00040  3.80987e-01
133  0.12641  2.21488e+00 |134 -0.00304  4.68468e-01 |135 -0.04886  1.67144e-01
136 -0.06210  3.00681e-01 |137 -0.02896  3.00951e-03 |138  0.08892  5.77536e-01
139  0.02344  1.12588e-02 |140  0.01473  3.52146e-01 |141 -0.03695 -5.12440e-01
142 -0.01504  5.29883e-01 |143  0.00401  1.95188e+00 |144 -0.00031  2.66058e-02
145  0.36106 -1.15552e+01 |146  0.28016  1.28858e+01 |147 -0.13538  5.49155e-01
148  0.20428 -8.03946e-02 |149 -0.05234  1.85737e-01 |150 -0.24916  2.09885e+00
151 -0.42782 -1.88167e-02 |152  0.29431  6.87899e-03 |153  0.05385 -3.62745e-02
154 -0.23358 -4.07965e-03 |155  0.25699  4.20719e-02 |156  0.12546 -6.47497e-04
157  0.17032  5.04870e-01 |158  0.13400 -7.78387e-02 |159 -0.01162  3.44673e-01
160 -0.16038  6.74421e-01 |161  0.04880  8.97187e-02 |162  0.39266 -1.22740e-01
163  0.16799  4.60448e-03 |164 -0.26525 -1.39037e-03 |165 -0.34255  3.18984e+00
166  0.24150 -1.10639e+01 |167  0.05256 -2.49775e+00 |168 -0.18809 -4.80468e+01
169  0.18878 -8.30907e+00 |170  0.31352  8.50592e+00 |171  0.07638 -4.77720e+01
172 -0.53214 -2.18947e-03 |173 -0.37831 -2.52256e+00 |174  0.23730  5.16646e+00
175  0.07178 -3.68232e+00 |176 -0.11723 -1.16745e+01 |177  0.01831  1.37684e+00
178  0.49574  1.52639e-01 |179 -0.10753 -2.25128e-02 |180  0.26171 -2.99814e-01
181 -0.08395  5.41199e-01 |182  0.00710  1.28714e-02 |183 -0.24600 -1.05865e-01
184 -0.12635  4.33571e-03 |185  0.51599  1.93229e-02 |186  0.55222 -6.91984e-02
187  0.01861  1.00164e-04 |188 -0.15417 -7.74548e-04 |189  0.95191 -6.16055e-01
190  0.06728  1.17501e+00 |191  0.18394  1.27076e+01 |192  0.25723 -3.42611e-01
193  0.03491 -4.81233e-02 |194 -0.03693  6.34350e-01 |195 -0.17494 -6.30437e-03
196 -0.22282  1.81155e+00 |197 -0.57049  2.70918e+00 |198  0.16117 -1.97371e+00
199  0.09721  3.11513e+01 |200 -0.28481  1.60325e+00 |
200 variables; iteration 60; function evaluation 67; phase 4
Function value 6.8823216e+03; maximum gradient component mag 6.4906e+01
Var    Value     Gradient |Var    Value     Gradient |Var    Value     Gradient
  1 -0.38068  2.50642e+01 |  2  0.34629  1.58059e+01 |  3 -0.19213  6.49060e+01
  4  0.07806  2.45590e+01 |  5 -0.60990  3.80098e+00 |  6 -0.64779  3.56216e+01
  7  0.35992 -6.16265e+00 |  8 -0.21033  2.69913e+01 |  9  0.08306  2.89613e+00
 10 -0.53238 -5.66358e-01 | 11 -0.65741  8.62861e+00 | 12 -0.14104 -2.41588e+01
 13 -0.00141 -6.49397e-02 | 14 -0.00143 -6.86950e-02 | 15 -0.00145 -7.24964e-02
 16 -0.00147 -7.63322e-02 | 17 -0.00148 -8.01764e-02 | 18 -0.00148 -8.40371e-02
 19 -0.00148 -8.79201e-02 | 20 -0.00147 -9.18331e-02 | 21 -0.00145 -9.57953e-02
 22 -0.00142 -9.98333e-02 | 23 -0.00138 -1.03984e-01 | 24 -0.00133 -1.08294e-01
 25 -0.00128 -1.12817e-01 | 26 -0.00121 -1.17617e-01 | 27 -0.00112 -1.22763e-01
 28 -0.00103 -1.28336e-01 | 29 -0.00092 -1.34426e-01 | 30 -0.00081 -1.41130e-01
 31 -0.00068 -1.48528e-01 | 32 -0.00054 -1.56712e-01 | 33 -0.00039 -1.65770e-01
 34 -0.00023 -1.75800e-01 | 35 -0.00007 -1.86908e-01 | 36  0.00011 -1.99215e-01
 37  0.00030 -2.12854e-01 | 38  0.00049 -2.27940e-01 | 39  0.00069 -2.44591e-01
 40  0.00089 -2.63006e-01 | 41  0.00109 -2.83053e-01 | 42  0.00129 -3.04829e-01
 43  0.00149 -3.28339e-01 | 44  0.00167 -3.53535e-01 | 45  0.00183 -3.80358e-01
 46  0.00196 -4.08709e-01 | 47  0.00205 -4.38401e-01 | 48  0.00209 -4.69256e-01
 49  0.00207 -5.01037e-01 | 50  0.00198 -5.33478e-01 | 51  0.00181 -5.66333e-01
 52  0.00156 -5.99432e-01 | 53  0.00123 -6.32557e-01 | 54  0.00083 -6.65602e-01
 55  0.00037 -6.98537e-01 | 56 -0.00014 -7.31219e-01 | 57 -0.00067 -7.63412e-01
 58 -0.00119 -7.94833e-01 | 59 -0.00167 -8.24743e-01 | 60 -0.00207 -8.52170e-01
 61 -0.00235 -8.75858e-01 | 62 -0.00247 -8.94856e-01 | 63 -0.00240 -9.08565e-01
 64 -0.00210 -9.16854e-01 | 65 -0.00153 -9.20248e-01 | 66 -0.00068 -9.18668e-01
 67  0.00048 -9.14169e-01 | 68  0.00194 -9.10685e-01 | 69  0.00367 -9.13620e-01
 70  0.00563 -9.28916e-01 | 71  0.00782 -9.51703e-01 | 72  0.01027 -9.63368e-01
 73  0.01275 -1.00299e+00 | 74  0.01516 -1.07037e+00 | 75  0.01717 -1.18841e+00
 76  0.01931 -1.19993e+00 | 77  0.01952 -1.46293e+00 | 78  0.02009 -1.49645e+00
 79  0.02004 -1.50150e+00 | 80  0.01757 -1.85650e+00 | 81  0.01549 -2.03377e+00
 82  0.01331 -2.14163e+00 | 83  0.01125 -2.13526e+00 | 84  0.00775 -2.33086e+00
 85  0.00432 -2.41802e+00 | 86  0.00042 -2.54628e+00 | 87 -0.00341 -2.66823e+00
 88 -0.00654 -2.73510e+00 | 89 -0.00869 -2.75785e+00 | 90 -0.00965 -2.70197e+00
 91 -0.00976 -2.58670e+00 | 92 -0.00950 -2.41324e+00 | 93 -0.00911 -2.18317e+00
 94 -0.00826 -1.89410e+00 | 95 -0.00681 -1.57198e+00 | 96 -0.00564 -1.25716e+00
 97 -0.00429 -1.09567e+00 | 98 -0.00173 -9.43872e-01 | 99  0.00230 -8.10112e-01
100  0.00318 -6.01437e-01 |101  0.00293 -7.00843e-02 |102  0.00020  3.56965e-01
103 -0.00606  1.49061e+00 |104 -0.00875  1.59430e+00 |105  0.00648  2.82781e+00
106  0.00112  3.28110e+00 |107 -0.02343  2.08288e+00 |108 -0.00902  2.85162e+00
109  0.04914  5.67422e+00 |110  0.01177  4.43856e+00 |111 -0.02894  3.68070e+00
112 -0.01051  6.64650e+00 |113  0.00190  5.99931e+00 |114  0.01982  5.92192e+00
115 -0.00138  5.53661e+00 |116 -0.06329  3.32370e+00 |117 -0.08445  3.32753e-01
118 -0.07662  1.87338e+00 |119 -0.04023  2.78042e+00 |120  0.08655  1.90206e+00
121  0.04632  1.89445e+00 |122  0.02371 -4.92895e-01 |123 -0.03030 -2.36518e-01
124 -0.07096 -1.15168e-01 |125 -0.02037  4.76785e-01 |126 -0.00675 -4.20360e-01
127 -0.04389 -4.98872e-01 |128  0.00749 -1.07244e+00 |129  0.06555  4.45252e-02
130 -0.00738 -8.58712e-01 |131  0.07718  1.57771e+00 |132  0.00028  1.80610e-01
133  0.12544 -1.48056e-01 |134 -0.00254  9.66645e-02 |135 -0.04839  3.61716e-01
136 -0.06640 -1.44976e+00 |137 -0.03211 -1.30315e+00 |138  0.08703 -9.72870e-01
139  0.02216 -6.58143e-01 |140  0.01106 -1.25244e+00 |141 -0.03721 -5.57412e-01
142 -0.01652  2.40296e-03 |143 -0.00142  6.04653e-01 |144 -0.00041 -1.26010e-04
145  0.36008 -9.81588e+00 |146  0.26968 -1.05050e+00 |147 -0.18263 -1.04039e+00
148  0.12768  2.35335e-01 |149 -0.03830 -2.07336e-01 |150 -0.29978  6.08326e-01
151 -0.40066 -7.45116e-03 |152  0.28244  5.23219e-03 |153  0.10116 -2.81749e-03
154 -0.22481  1.29628e-03 |155  0.25014 -5.60660e-03 |156  0.09356  6.98349e-03
157  0.17003 -4.07101e-03 |158 -0.05013  6.15955e-04 |159 -0.17670 -8.90710e-04
160 -0.32652  6.36570e-02 |161 -0.00363  4.08111e-02 |162  0.38906  1.94046e-02
163  0.16893  2.20406e-03 |164 -0.26214 -1.37209e-03 |165 -0.34625 -5.52859e+00
166  0.24451  8.85085e+00 |167  0.05299 -8.28575e+00 |168 -0.18430 -2.73970e+01
169  0.18129 -1.05110e+00 |170  0.31018 -3.06055e+00 |171  0.07898 -5.16187e+00
172 -0.53510  1.03875e-03 |173 -0.37781  1.15412e+00 |174  0.23725 -8.85197e-01
175  0.07332  3.46386e+00 |176 -0.11522  3.08249e+00 |177  0.01817 -1.82189e+00
178  0.38033  2.42031e-01 |179 -0.10268  1.14104e-01 |180  0.17715 -1.27213e-01
181 -0.14252  6.91964e-03 |182 -0.02606  4.85899e-02 |183 -0.25386 -2.50324e+00
184 -0.13898  2.29914e-02 |185  0.50977  1.11882e-02 |186  0.56908 -3.14840e-02
187  0.01841  8.27527e-05 |188 -0.15243 -7.68610e-04 |189  0.94051 -8.36561e-01
190  0.04660 -1.61891e-01 |191  0.18608  1.40799e+01 |192  0.15787  1.62448e-02
193  0.11482 -3.61347e-03 |194 -0.03398  4.79207e-02 |195 -0.16357 -2.86163e-03
196 -0.30575  2.74413e-01 |197 -0.55898 -1.30553e-01 |198  0.17034  1.22504e-01
199  0.09700 -2.28712e-01 |200 -0.26457 -1.75181e+00 |
200 variables; iteration 80; function evaluation 90; phase 4
Function value 6.8819522e+03; maximum gradient component mag 5.0882e+01
Var    Value     Gradient |Var    Value     Gradient |Var    Value     Gradient
  1 -0.39279  1.77172e+01 |  2  0.34778  7.26322e+00 |  3 -0.19050  5.08822e+01
  4  0.07381  1.44864e+01 |  5 -0.61345  4.88200e-01 |  6 -0.64669  3.23545e+01
  7  0.36060 -2.00618e+00 |  8 -0.21255  1.26328e+01 |  9  0.08332  5.68377e-01
 10 -0.52915  1.89077e+00 | 11 -0.65790  9.13611e+00 | 12 -0.15965 -5.65491e+00
 13 -0.00111 -1.77545e-02 | 14 -0.00111 -1.88150e-02 | 15 -0.00112 -1.99822e-02
 16 -0.00112 -2.12367e-02 | 17 -0.00111 -2.25318e-02 | 18 -0.00110 -2.38582e-02
 19 -0.00109 -2.51899e-02 | 20 -0.00106 -2.64906e-02 | 21 -0.00102 -2.77280e-02
 22 -0.00098 -2.88655e-02 | 23 -0.00092 -2.98674e-02 | 24 -0.00086 -3.07089e-02
 25 -0.00078 -3.13715e-02 | 26 -0.00068 -3.18513e-02 | 27 -0.00058 -3.21571e-02
 28 -0.00046 -3.23069e-02 | 29 -0.00032 -3.23208e-02 | 30 -0.00017 -3.22597e-02
 31 -0.00001 -3.21969e-02 | 32  0.00016 -3.22940e-02 | 33  0.00035 -3.27474e-02
 34  0.00055 -3.37777e-02 | 35  0.00075 -3.55868e-02 | 36  0.00097 -3.83295e-02
 37  0.00119 -4.21002e-02 | 38  0.00143 -4.69138e-02 | 39  0.00166 -5.28214e-02
 40  0.00190 -6.03157e-02 | 41  0.00215 -6.89464e-02 | 42  0.00238 -7.91756e-02
 43  0.00261 -9.12340e-02 | 44  0.00283 -1.05229e-01 | 45  0.00302 -1.21311e-01
 46  0.00317 -1.39579e-01 | 47  0.00328 -1.59854e-01 | 48  0.00333 -1.81891e-01
 49  0.00331 -2.04985e-01 | 50  0.00323 -2.27988e-01 | 51  0.00307 -2.49536e-01
 52  0.00285 -2.68392e-01 | 53  0.00255 -2.83164e-01 | 54  0.00220 -2.93112e-01
 55  0.00181 -2.98324e-01 | 56  0.00138 -2.99405e-01 | 57  0.00093 -2.98116e-01
 58  0.00048 -2.98252e-01 | 59  0.00004 -3.03571e-01 | 60 -0.00038 -3.17246e-01
 61 -0.00073 -3.39182e-01 | 62 -0.00097 -3.66249e-01 | 63 -0.00103 -3.91071e-01
 64 -0.00085 -4.03255e-01 | 65 -0.00034 -3.93878e-01 | 66  0.00053 -3.56561e-01
 67  0.00174 -3.04128e-01 | 68  0.00320 -2.60622e-01 | 69  0.00485 -2.37356e-01
 70  0.00681 -2.02858e-01 | 71  0.00854 -2.72115e-01 | 72  0.00873 -7.22837e-01
 73  0.01082 -7.63890e-01 | 74  0.01435 -5.00074e-01 | 75  0.01652 -4.98419e-01
 76  0.02262  3.97941e-01 | 77  0.01887 -5.98756e-01 | 78  0.02080 -2.66856e-01
 79  0.02408  4.93253e-01 | 80  0.01661 -8.25728e-01 | 81  0.01371 -1.11995e+00
 82  0.01468 -5.05448e-01 | 83  0.01320 -3.22678e-01 | 84  0.01074 -2.62474e-01
 85  0.00486 -9.04997e-01 | 86  0.00230 -7.48107e-01 | 87 -0.00063 -6.94630e-01
 88 -0.00418 -9.20901e-01 | 89 -0.00641 -1.03165e+00 | 90 -0.00752 -1.09209e+00
 91 -0.00788 -1.12251e+00 | 92 -0.00797 -1.12551e+00 | 93 -0.00807 -1.11241e+00
 94 -0.00781 -1.06374e+00 | 95 -0.00666 -9.00149e-01 | 96 -0.00535 -6.27916e-01
 97 -0.00326 -3.52963e-01 | 98 -0.00138 -4.26269e-01 | 99  0.00304 -2.22735e-01
100  0.00827  9.95635e-01 |101  0.00154 -1.02245e-01 |102  0.00348  1.32777e+00
103 -0.00739  9.92194e-01 |104 -0.00985  7.19989e-01 |105 -0.00055 -2.04827e-01
106 -0.00796 -8.80469e-01 |107 -0.02438  3.92195e-01 |108 -0.01044  5.45484e-01
109  0.03761 -5.48424e-01 |110  0.00873  1.31135e+00 |111 -0.03059  2.16835e+00
112 -0.01936  2.51418e+00 |113 -0.00323  3.43543e+00 |114  0.01720  4.59155e+00
115 -0.00770  3.35242e+00 |116 -0.06985  1.56028e+00 |117 -0.07991  3.80850e+00
118 -0.07657  2.67511e+00 |119 -0.04909 -1.45686e+00 |120  0.08484 -2.19399e+00
121  0.04221 -7.64700e-01 |122  0.02602  1.15992e+00 |123 -0.02661  2.44779e+00
124 -0.06854  1.28958e+00 |125 -0.02314 -1.43657e-01 |126 -0.00793 -2.35150e-01
127 -0.04451 -8.19472e-02 |128  0.00585 -4.22930e-01 |129  0.06574  1.62364e+00
130 -0.00441  9.93388e-01 |131  0.07526  5.73735e-01 |132 -0.00202 -1.17099e+00
133  0.12609 -6.66956e-03 |134 -0.00183  4.21904e-01 |135 -0.05223 -1.29673e+00
136 -0.05795  1.57404e+00 |137 -0.02625  7.02911e-01 |138  0.09038  2.82587e-02
139  0.02601  4.78347e-01 |140  0.02004  1.91732e+00 |141 -0.03835 -1.27572e+00
142 -0.01506  3.87182e-01 |143 -0.00259  3.21908e-01 |144 -0.00057 -4.03917e-02
145  0.39069 -4.02601e+00 |146  0.28989  3.19948e+00 |147 -0.18820 -1.56724e+00
148 -0.00084  1.82092e-01 |149 -0.08303 -1.28686e-01 |150 -0.37702  2.44619e-01
151 -0.36946 -2.90388e-03 |152  0.26397  4.08600e-03 |153  0.12774  1.73244e-02
154 -0.22154  4.84245e-04 |155  0.24656 -2.40887e-03 |156  0.05160  9.38602e-04
157  0.18953  1.64045e+00 |158 -0.25225 -1.31435e-03 |159 -0.19358  2.17622e-01
160 -0.38294  1.60218e-02 |161 -0.12122  6.13488e-02 |162  0.34083  4.47163e-03
163  0.16904  1.99019e-03 |164 -0.25715 -1.34283e-03 |165 -0.33907 -2.55556e+00
166  0.24562  3.93913e+00 |167  0.05118 -6.77651e+00 |168 -0.18412 -1.20552e+01
169  0.18273  4.50351e-01 |170  0.31087 -1.01585e+00 |171  0.07897  3.70087e+00
172 -0.53949  1.14759e-03 |173 -0.37108  2.24445e+00 |174  0.23903 -2.73203e+00
175  0.07127  4.33026e+00 |176 -0.11317  2.83309e-01 |177  0.01509 -6.86962e+00
178  0.34601  6.10576e-02 |179 -0.16374  1.57910e-01 |180  0.18307  1.38671e-01
181 -0.14124  5.30433e-03 |182 -0.08442  2.08819e-02 |183 -0.24569 -1.20348e+00
184 -0.16766  5.35879e-02 |185  0.49679  9.53794e-03 |186  0.60589 -1.81073e-02
187  0.01812  6.97030e-05 |188 -0.14963 -7.56563e-04 |189  0.91080 -1.28681e+00
190  0.07471  3.68191e-01 |191  0.19017  1.53486e+01 |192  0.21625 -2.43783e-02
193  0.23222  1.01210e-03 |194 -0.03320  4.69608e-01 |195 -0.14372 -3.68100e-03
196 -0.28109  4.41956e-01 |197 -0.55406  3.73511e-01 |198  0.17435  1.87019e+00
199  0.09483  1.30856e+01 |200 -0.25282  3.48898e+00 |
200 variables; iteration 100; function evaluation 112; phase 4
Function value 6.8817157e+03; maximum gradient component mag 2.7083e+01
Var    Value     Gradient |Var    Value     Gradient |Var    Value     Gradient
  1 -0.40117  1.00887e+01 |  2  0.34762  1.79494e+00 |  3 -0.19251  2.70834e+01
  4  0.07540  6.11863e+00 |  5 -0.61202  2.29503e-02 |  6 -0.64730  2.17761e+01
  7  0.35993  4.20034e+00 |  8 -0.21654  1.72239e+01 |  9  0.08765  4.62930e+00
 10 -0.52878  1.03701e+00 | 11 -0.65868  1.47226e+01 | 12 -0.17223 -1.06615e+00
 13 -0.00149 -1.62818e-01 | 14 -0.00150 -1.64839e-01 | 15 -0.00150 -1.66930e-01
 16 -0.00150 -1.69106e-01 | 17 -0.00149 -1.71379e-01 | 18 -0.00148 -1.73748e-01
 19 -0.00146 -1.76205e-01 | 20 -0.00143 -1.78733e-01 | 21 -0.00140 -1.81306e-01
 22 -0.00135 -1.83886e-01 | 23 -0.00129 -1.86428e-01 | 24 -0.00123 -1.88877e-01
 25 -0.00115 -1.91177e-01 | 26 -0.00106 -1.93269e-01 | 27 -0.00095 -1.95085e-01
 28 -0.00083 -1.96552e-01 | 29 -0.00069 -1.97585e-01 | 30 -0.00054 -1.98091e-01
 31 -0.00038 -1.97982e-01 | 32 -0.00019 -1.97141e-01 | 33  0.00001 -1.95425e-01
 34  0.00022 -1.92652e-01 | 35  0.00045 -1.88620e-01 | 36  0.00070 -1.83121e-01
 37  0.00097 -1.75977e-01 | 38  0.00126 -1.67074e-01 | 39  0.00156 -1.56344e-01
 40  0.00187 -1.43617e-01 | 41  0.00220 -1.29225e-01 | 42  0.00254 -1.13214e-01
 43  0.00288 -9.58396e-02 | 44  0.00322 -7.75068e-02 | 45  0.00354 -5.86839e-02
 46  0.00383 -3.98870e-02 | 47  0.00408 -2.16247e-02 | 48  0.00428 -4.23014e-03
 49  0.00441  1.21732e-02 | 50  0.00447  2.76899e-02 | 51  0.00445  4.24801e-02
 52  0.00434  5.64084e-02 | 53  0.00414  6.86002e-02 | 54  0.00385  7.74373e-02
 55  0.00347  8.11110e-02 | 56  0.00302  7.84220e-02 | 57  0.00252  6.95988e-02
 58  0.00201  5.63738e-02 | 59  0.00151  4.00193e-02 | 60  0.00108  1.98847e-02
 61  0.00071 -6.85683e-03 | 62  0.00045 -4.26266e-02 | 63  0.00033 -8.75089e-02
 64  0.00037 -1.40473e-01 | 65  0.00061 -2.02817e-01 | 66  0.00106 -2.78499e-01
 67  0.00177 -3.56246e-01 | 68  0.00286 -4.06914e-01 | 69  0.00435 -4.26594e-01
 70  0.00612 -4.40119e-01 | 71  0.00820 -4.30439e-01 | 72  0.01113 -2.70344e-01
 73  0.01432 -8.53734e-02 | 74  0.01399 -6.64766e-01 | 75  0.01484 -9.38665e-01
 76  0.02173  1.31267e-01 | 77  0.02058 -3.16152e-01 | 78  0.01352 -1.80124e+00
 79  0.01789 -7.79166e-01 | 80  0.01522 -1.07506e+00 | 81  0.01848 -1.66452e-02
 82  0.01606 -4.63092e-02 | 83  0.01024 -7.45967e-01 | 84  0.00806 -5.71808e-01
 85  0.00605 -2.78237e-01 | 86  0.00437  1.48365e-01 | 87 -0.00000 -1.03177e-01
 88 -0.00256 -5.40599e-02 | 89 -0.00471 -1.27096e-01 | 90 -0.00585 -1.92484e-01
 91 -0.00604 -1.86026e-01 | 92 -0.00575 -1.10741e-01 | 93 -0.00530  2.15345e-02
 94 -0.00443  2.05558e-01 | 95 -0.00300  4.28880e-01 | 96 -0.00240  5.16301e-01
 97 -0.00177  4.21172e-01 | 98  0.00052  4.35005e-01 | 99  0.00408  3.85364e-01
100  0.00489  5.02422e-01 |101  0.00401  7.52856e-01 |102 -0.00154  3.42697e-01
103 -0.01316 -1.24131e-01 |104 -0.01193  8.59095e-01 |105 -0.00042  1.05020e+00
106 -0.00547  1.50735e+00 |107 -0.02570  1.34630e+00 |108 -0.01544  2.99554e-01
109  0.03707  6.82941e-01 |110  0.00220  9.17204e-02 |111 -0.02989  2.16525e+00
112 -0.02525 -5.61977e-01 |113 -0.00748 -4.60224e-02 |114  0.01360  7.12490e-01
115 -0.01172 -2.37393e-01 |116 -0.07113  1.76668e-02 |117 -0.08468  9.77006e-01
118 -0.08191  4.73124e-02 |119 -0.04615  3.20666e-01 |120  0.08670  1.48960e+00
121  0.04230  2.63490e-01 |122  0.02653  1.28867e+00 |123 -0.02901  1.35864e+00
124 -0.07338 -5.43808e-01 |125 -0.01830  2.06222e+00 |126 -0.00886 -1.47471e-01
127 -0.05059 -1.82127e+00 |128  0.01077  1.41293e+00 |129  0.06268  6.22040e-01
130 -0.00705 -2.82054e-01 |131  0.07332 -2.83808e-02 |132  0.00312  1.15013e+00
133  0.12577  5.38163e-01 |134  0.00027  1.54099e+00 |135 -0.04873  1.74031e-01
136 -0.06326 -3.93647e-01 |137 -0.02906 -2.57588e-01 |138  0.09065  4.83537e-01
139  0.02264 -5.58392e-01 |140  0.01609  5.21762e-01 |141 -0.03743 -7.87450e-01
142 -0.01617  1.01461e-01 |143 -0.00440 -1.14829e-01 |144 -0.00044 -4.67673e-03
145  0.41141  2.10558e-01 |146  0.31030  6.97540e-01 |147 -0.18988 -1.56488e-02
148 -0.10186 -4.87728e-04 |149 -0.14771 -9.38070e-04 |150 -0.40556  1.99171e-01
151 -0.33500 -4.90800e-03 |152  0.23637  5.97691e-03 |153  0.09767  1.88654e-02
154 -0.21805  4.47931e-03 |155  0.26119  6.91800e-01 |156 -0.00290 -8.60938e-02
157  0.19073  1.31027e-01 |158 -0.49938 -3.13554e-03 |159 -0.34578 -1.89664e-03
160 -0.43859  3.96686e-03 |161 -0.32136  1.53246e-02 |162  0.21808  7.18165e-03
163  0.16731  4.20172e-03 |164 -0.24922 -1.29679e-03 |165 -0.33110  1.81724e+00
166  0.24730 -9.46438e-01 |167  0.04992  6.34273e-01 |168 -0.18339  2.13459e+00
169  0.18299 -1.08588e-01 |170  0.31165  1.20865e+00 |171  0.07893 -5.59307e-01
172 -0.54506  2.70992e-04 |173 -0.36907  5.59346e-01 |174  0.23999 -5.10188e-01
175  0.06793 -5.00968e-01 |176 -0.11174 -1.40808e+00 |177  0.01457  8.09057e+00
178  0.31746  2.52525e-02 |179 -0.18814 -1.18074e-01 |180  0.13536  4.99630e-02
181 -0.15271 -1.19802e-02 |182 -0.23484 -1.21451e-03 |183 -0.24300  1.65116e+00
184 -0.29422  7.53197e-03 |185  0.47322  9.94823e-03 |186  0.64294 -1.02084e-02
187  0.01772  4.99146e-05 |188 -0.14517 -7.38306e-04 |189  0.88545 -1.96792e+00
190  0.09035  8.76291e-02 |191  0.19564  1.94615e+01 |192  0.19859  2.23817e-02
193  0.37722  2.11087e-03 |194 -0.06602  2.30917e-01 |195 -0.11013 -5.27893e-03
196 -0.34845  1.08732e-01 |197 -0.55148  3.06123e-01 |198  0.17278  1.15203e-01
199  0.09203  1.40981e+00 |200 -0.25091  9.38417e-01 |
200 variables; iteration 120; function evaluation 144; phase 4
Function value 6.8815911e+03; maximum gradient component mag 2.0179e+01
Var    Value     Gradient |Var    Value     Gradient |Var    Value     Gradient
  1 -0.40674 -9.98492e+00 |  2  0.34716 -4.48543e-02 |  3 -0.19378  7.35428e+00
  4  0.07724  4.58356e-01 |  5 -0.61053  1.99615e-01 |  6 -0.64786  1.00642e+01
  7  0.35928  1.12700e+00 |  8 -0.21908  1.32259e+01 |  9  0.09090  1.59090e+00
 10 -0.52794  4.78464e-01 | 11 -0.65940  1.71555e+01 | 12 -0.17779  1.34671e+01
 13 -0.00056  2.21367e-01 | 14 -0.00057  2.23727e-01 | 15 -0.00057  2.25918e-01
 16 -0.00057  2.27994e-01 | 17 -0.00056  2.30032e-01 | 18 -0.00055  2.32076e-01
 19 -0.00053  2.34182e-01 | 20 -0.00050  2.36409e-01 | 21 -0.00046  2.38799e-01
 22 -0.00042  2.41391e-01 | 23 -0.00036  2.44210e-01 | 24 -0.00029  2.47251e-01
 25 -0.00021  2.50491e-01 | 26 -0.00011  2.53866e-01 | 27 -0.00001  2.57272e-01
 28  0.00011  2.60564e-01 | 29  0.00025  2.63557e-01 | 30  0.00039  2.65983e-01
 31  0.00054  2.67498e-01 | 32  0.00070  2.67608e-01 | 33  0.00086  2.65750e-01
 34  0.00103  2.61373e-01 | 35  0.00120  2.54064e-01 | 36  0.00136  2.43666e-01
 37  0.00152  2.30336e-01 | 38  0.00169  2.14547e-01 | 39  0.00185  1.96996e-01
 40  0.00202  1.78683e-01 | 41  0.00220  1.60950e-01 | 42  0.00239  1.45408e-01
 43  0.00259  1.34012e-01 | 44  0.00280  1.28648e-01 | 45  0.00303  1.30877e-01
 46  0.00327  1.41516e-01 | 47  0.00350  1.59982e-01 | 48  0.00370  1.84796e-01
 49  0.00386  2.13184e-01 | 50  0.00395  2.41380e-01 | 51  0.00394  2.65221e-01
 52  0.00381  2.81138e-01 | 53  0.00356  2.86845e-01 | 54  0.00319  2.85348e-01
 55  0.00277  2.85720e-01 | 56  0.00235  2.99116e-01 | 57  0.00199  3.32790e-01
 58  0.00170  3.83855e-01 | 59  0.00146  4.39589e-01 | 60  0.00124  4.86513e-01
 61  0.00106  5.20316e-01 | 62  0.00098  5.45371e-01 | 63  0.00107  5.69108e-01
 64  0.00137  5.97797e-01 | 65  0.00192  6.29662e-01 | 66  0.00258  6.27248e-01
 67  0.00291  4.80023e-01 | 68  0.00270  1.35200e-01 | 69  0.00286 -1.74945e-01
 70  0.00511 -3.90560e-02 | 71  0.01516  1.85669e+00 | 72  0.01152  5.24286e-01
 73  0.01046 -2.10523e-01 | 74  0.01655  6.48664e-01 | 75  0.01788  4.78804e-01
 76  0.01965  4.94529e-01 | 77  0.02038  4.32059e-01 | 78  0.01971  2.40471e-01
 79  0.01919  2.34712e-01 | 80  0.01800  2.14747e-01 | 81  0.01643  2.13982e-01
 82  0.01275 -1.61223e-01 | 83  0.01268  3.36892e-01 | 84  0.00643 -4.84064e-01
 85  0.00639  1.93321e-01 | 86  0.00311  1.59095e-01 | 87  0.00060  2.76664e-01
 88 -0.00205  2.19625e-01 | 89 -0.00322  3.12192e-01 | 90 -0.00385  2.93099e-01
 91 -0.00407  2.00964e-01 | 92 -0.00412  9.45802e-02 | 93 -0.00420 -7.89868e-03
 94 -0.00429 -1.76592e-01 | 95 -0.00493 -5.89686e-01 | 96 -0.00500 -7.73258e-01
 97 -0.00080 -7.32097e-02 | 98  0.00266  1.12682e-01 | 99  0.00771  2.63602e-01
100  0.00157 -1.35545e+00 |101  0.00166 -9.54033e-01 |102 -0.00125 -7.11183e-01
103 -0.00834  1.36524e-01 |104 -0.01457 -8.83770e-01 |105  0.00091  9.03133e-02
106 -0.01018 -1.05779e+00 |107 -0.02595  4.05676e-01 |108 -0.01455 -3.17672e-01
109  0.03621 -6.03269e-01 |110  0.00526  1.12653e-01 |111 -0.03676 -5.93842e-01
112 -0.02225  1.26360e-01 |113 -0.00752 -2.33159e-01 |114  0.01225  7.75697e-02
115 -0.01105  1.17099e-01 |116 -0.07069  3.24757e-01 |117 -0.08719 -6.90107e-02
118 -0.08233  6.03540e-02 |119 -0.04683  2.09653e-01 |120  0.08487  3.93554e-01
121  0.04202 -7.06678e-02 |122  0.02315 -5.44837e-01 |123 -0.03196 -3.48829e-01
124 -0.07264 -3.94921e-01 |125 -0.02471 -5.18316e-01 |126 -0.00821  1.36437e-01
127 -0.04551  2.08718e-02 |128  0.00481 -6.57207e-01 |129  0.06167 -1.12526e-01
130 -0.00718 -1.86282e-01 |131  0.07287  1.34764e-02 |132 -0.00029 -5.09547e-02
133  0.12428  9.07113e-02 |134 -0.00336  3.03381e-02 |135 -0.05046 -3.22993e-01
136 -0.06430 -5.75498e-01 |137 -0.02723  4.54246e-01 |138  0.08902  6.54672e-03
139  0.02369  1.71005e-02 |140  0.01406 -9.90640e-02 |141 -0.03536  5.78929e-02
142 -0.01654  1.46602e-02 |143 -0.00569 -4.51923e-01 |144 -0.00042 -5.01184e-03
145  0.42067  1.95564e-01 |146  0.31794 -2.30101e+00 |147 -0.18945 -1.57833e-02
148 -0.10138 -4.93006e-04 |149 -0.15075 -9.04818e-04 |150 -0.43310  1.05836e-01
151 -0.27398 -7.35778e-03 |152  0.18774  4.66866e-03 |153  0.05398  4.96899e-03
154 -0.25114  5.87595e-03 |155  0.21643 -9.07070e-02 |156  0.01928  1.60929e-02
157  0.18585  1.40607e-02 |158 -0.61435 -4.53553e-03 |159 -0.40281 -2.30378e-03
160 -0.49912 -1.57880e-03 |161 -0.39278 -1.26837e-02 |162  0.09741  4.61604e-03
163  0.15337  4.33136e-01 |164 -0.24056 -5.23152e-03 |165 -0.34054 -3.10144e-02
166  0.24461  9.67822e-02 |167  0.05181  4.72576e-01 |168 -0.18359  1.26249e+00
169  0.18226  1.38364e-01 |170  0.31142 -8.15046e-02 |171  0.07910 -1.54088e-01
172 -0.54922 -6.22142e-05 |173 -0.37915 -2.85977e-02 |174  0.23678 -2.37550e-01
175  0.06990 -4.24530e-01 |176 -0.11158  2.55773e-01 |177  0.01522 -1.07849e+01
178  0.30247 -2.93983e-02 |179 -0.18473  1.08321e-01 |180  0.03686  1.98935e-03
181 -0.14730  1.70866e-02 |182 -0.28708 -6.14657e-03 |183 -0.24325 -3.07352e+00
184 -0.35652 -1.31535e-03 |185  0.43150  4.91061e-03 |186  0.67839 -2.07988e-03
187  0.01759 -1.94645e-04 |188 -0.13916 -7.76751e-04 |189  0.86024 -2.52445e+00
190  0.09386 -7.76931e-02 |191  0.19542  2.01794e+01 |192  0.08177  7.55547e-02
193  0.49753  3.11716e-03 |194 -0.08943  6.95760e-02 |195 -0.05747 -4.55021e-03
196 -0.37973  7.03388e-02 |197 -0.55762 -6.42092e-01 |198  0.16967 -2.89465e-01
199  0.09200 -7.38567e+00 |200 -0.25105 -1.74958e+00 |
200 variables; iteration 140; function evaluation 180; phase 4
Function value 6.8814972e+03; maximum gradient component mag 1.3105e+01
Var    Value     Gradient |Var    Value     Gradient |Var    Value     Gradient
  1 -0.40912 -4.88897e+00 |  2  0.34670 -2.43854e-01 |  3 -0.19498  3.97311e+00
  4  0.07894 -8.24196e-02 |  5 -0.61005  2.20204e-01 |  6 -0.64824  6.89374e+00
  7  0.35877 -2.27129e-01 |  8 -0.22065  5.61645e+00 |  9  0.09290 -2.35743e-01
 10 -0.52766  6.89766e-02 | 11 -0.65983  8.90122e+00 | 12 -0.17995  5.46682e+00
 13 -0.00081  1.00599e-01 | 14 -0.00081  1.01775e-01 | 15 -0.00081  1.02070e-01
 16 -0.00081  1.01627e-01 | 17 -0.00081  1.00421e-01 | 18 -0.00080  9.87287e-02
 19 -0.00079  9.67485e-02 | 20 -0.00077  9.45544e-02 | 21 -0.00074  9.21699e-02
 22 -0.00070  8.94878e-02 | 23 -0.00066  8.63076e-02 | 24 -0.00060  8.22921e-02
 25 -0.00054  7.70704e-02 | 26 -0.00048  7.02836e-02 | 27 -0.00041  6.17350e-02
 28 -0.00033  5.15876e-02 | 29 -0.00024  4.04072e-02 | 30 -0.00014  2.92666e-02
 31 -0.00002  1.93868e-02 | 32  0.00012  1.20963e-02 | 33  0.00029  8.13394e-03
 34  0.00049  7.18365e-03 | 35  0.00070  7.68246e-03 | 36  0.00092  7.29680e-03
 37  0.00115  4.11564e-03 | 38  0.00137 -1.98649e-03 | 39  0.00159 -8.51071e-03
 40  0.00185 -1.02116e-02 | 41  0.00214 -3.43520e-03 | 42  0.00249  1.39976e-02
 43  0.00286  3.94126e-02 | 44  0.00323  6.62306e-02 | 45  0.00355  8.72730e-02
 46  0.00381  9.78110e-02 | 47  0.00398  9.74596e-02 | 48  0.00406  8.90576e-02
 49  0.00408  7.77848e-02 | 50  0.00403  7.03690e-02 | 51  0.00396  7.42382e-02
 52  0.00387  9.53836e-02 | 53  0.00377  1.33302e-01 | 54  0.00358  1.70425e-01
 55  0.00320  1.78868e-01 | 56  0.00264  1.54583e-01 | 57  0.00208  1.36643e-01
 58  0.00166  1.54659e-01 | 59  0.00134  1.87504e-01 | 60  0.00103  2.10114e-01
 61  0.00073  2.11800e-01 | 62  0.00050  1.98994e-01 | 63  0.00047  1.94954e-01
 64  0.00068  1.98655e-01 | 65  0.00097  1.70432e-01 | 66  0.00147  1.29999e-01
 67  0.00232  1.12215e-01 | 68  0.00429  2.99526e-01 | 69  0.00542  2.20334e-01
 70  0.00799  4.24700e-01 | 71  0.00666 -3.25809e-01 | 72  0.00994 -4.38799e-02
 73  0.01410  3.97625e-01 | 74  0.01533  1.77537e-01 | 75  0.01667  2.26677e-02
 76  0.01864  9.46977e-02 | 77  0.01946  6.61838e-02 | 78  0.01945  2.92586e-02
 79  0.01939  1.34328e-01 | 80  0.01764  9.55260e-03 | 81  0.01548 -1.02527e-01
 82  0.01358 -7.49028e-02 | 83  0.00971 -4.13219e-01 | 84  0.01130  5.62538e-01
 85  0.00589  1.09052e-02 | 86  0.00230 -9.51337e-02 | 87 -0.00174 -3.55180e-01
 88 -0.00324 -1.26974e-01 | 89 -0.00553 -3.16289e-01 | 90 -0.00534 -1.14822e-01
 91 -0.00826 -8.78407e-01 | 92 -0.00647 -4.83104e-01 | 93 -0.00483 -1.05050e-01
 94 -0.00737 -8.45337e-01 | 95 -0.00488 -4.10239e-01 | 96 -0.00272  1.88938e-02
 97 -0.00336 -4.44229e-01 | 98  0.00017 -1.77810e-01 | 99  0.00250 -5.92509e-01
100  0.00496 -1.38757e-01 |101  0.00226 -3.48646e-01 |102 -0.00153 -3.29073e-01
103 -0.01145 -2.69325e-01 |104 -0.01252  9.56584e-02 |105 -0.00260 -2.76399e-01
106 -0.00622  5.86302e-01 |107 -0.02899 -3.18400e-02 |108 -0.01500  2.17709e-01
109  0.03896  1.00132e+00 |110  0.00327  2.95015e-01 |111 -0.03538  2.38231e-01
112 -0.02248  4.58776e-01 |113 -0.00579  6.46307e-01 |114  0.01180  2.85858e-01
115 -0.00964  6.06963e-01 |116 -0.07079  1.40285e-01 |117 -0.08673 -1.50914e-01
118 -0.08199 -1.79259e-01 |119 -0.04674 -2.44311e-01 |120  0.08531 -4.66864e-01
121  0.04258 -2.98003e-01 |122  0.02460 -2.03832e-01 |123 -0.03121 -1.79318e-01
124 -0.07160 -1.10799e-01 |125 -0.02342 -1.18068e-01 |126 -0.00860 -1.14116e-01
127 -0.04549 -1.21636e-02 |128  0.00694 -4.96955e-02 |129  0.06079 -3.54784e-01
130 -0.00600  6.05858e-02 |131  0.07299  8.71346e-02 |132 -0.00052 -1.95927e-01
133  0.12425 -8.91640e-02 |134 -0.00305  6.07050e-02 |135 -0.04958 -2.03787e-02
136 -0.06238  5.07845e-02 |137 -0.02895 -1.45871e-01 |138  0.08925  4.29211e-02
139  0.02393  8.59538e-02 |140  0.01473  1.23945e-01 |141 -0.03532  5.10547e-02
142 -0.01688 -1.20288e-01 |143 -0.00344  1.07874e-01 |144 -0.00031  2.26296e-02
145  0.42423  4.78647e-02 |146  0.32233 -1.26875e+00 |147 -0.18998 -6.63847e-02
148 -0.07479  5.78592e-03 |149 -0.16792 -8.52024e-04 |150 -0.50314  1.88322e-02
151 -0.15098  7.07130e-03 |152  0.10013  1.36295e-04 |153 -0.03996  3.44433e-03
154 -0.34162 -2.83953e-04 |155  0.22109  1.16812e-03 |156 -0.06138 -3.00089e-04
157  0.18480  1.02741e-02 |158 -0.63079 -4.79554e-03 |159 -0.40576 -2.32622e-03
160 -0.51815 -2.23832e-03 |161 -0.39920 -2.20526e-03 |162 -0.02984 -1.47054e-04
163  0.15202  2.27428e-01 |164 -0.19805 -1.25841e-03 |165 -0.33996 -8.54337e-02
166  0.24471  9.47055e-02 |167  0.05147 -1.03157e-01 |168 -0.18348 -4.14748e-01
169  0.18158 -4.11824e-02 |170  0.31131 -3.60334e-02 |171  0.07935 -3.99603e-01
172 -0.55084 -2.40775e-04 |173 -0.37886 -6.45414e-02 |174  0.23697  1.26039e-01
175  0.06961  3.35430e-02 |176 -0.11125  2.83283e-01 |177  0.01624 -4.22218e+00
178  0.29885  5.90155e-01 |179 -0.15335  1.03157e-01 |180 -0.00606 -1.29001e-04
181 -0.14038  5.93562e-03 |182 -0.28587  8.09322e-03 |183 -0.23839 -1.52970e+00
184 -0.48122 -2.88150e-03 |185  0.31838  1.93052e-03 |186  0.73323  3.33267e-03
187  0.02561 -3.24774e-03 |188 -0.12055 -2.07657e-03 |189  0.82540 -1.70476e+00
190  0.09916 -1.27177e-01 |191  0.18996  1.31054e+01 |192 -0.05936 -5.23762e-05
193  0.62392  4.68452e-03 |194 -0.13000 -9.29098e-03 |195  0.05352 -2.05560e-04
196 -0.44998  1.23166e-02 |197 -0.55812 -3.54700e-01 |198  0.17021 -2.42811e-02
199  0.09313 -3.87416e+00 |200 -0.25529 -1.24326e+00 |
200 variables; iteration 160; function evaluation 214; phase 4
Function value 6.8814017e+03; maximum gradient component mag 1.6356e+01
Var    Value     Gradient |Var    Value     Gradient |Var    Value     Gradient
  1 -0.40929 -5.09122e+00 |  2  0.34633  9.79572e-01 |  3 -0.19579  1.11433e+01
  4  0.08026  1.46604e+00 |  5 -0.60944 -5.26582e-03 |  6 -0.64864  1.03012e+01
  7  0.35868  1.73662e-01 |  8 -0.22095  9.25514e+00 |  9  0.09329  6.72609e-01
 10 -0.52695  1.75715e-01 | 11 -0.66008  9.01296e+00 | 12 -0.18108  1.56555e+01
 13 -0.00126  1.14682e-03 | 14 -0.00125  4.50755e-03 | 15 -0.00123  1.17003e-02
 16 -0.00119  2.22992e-02 | 17 -0.00112  3.66634e-02 | 18 -0.00104  5.35293e-02
 19 -0.00095  7.20288e-02 | 20 -0.00084  9.17159e-02 | 21 -0.00073  1.12007e-01
 22 -0.00060  1.32258e-01 | 23 -0.00047  1.51175e-01 | 24 -0.00034  1.66547e-01
 25 -0.00023  1.74942e-01 | 26 -0.00015  1.72462e-01 | 27 -0.00011  1.56644e-01
 28 -0.00010  1.29506e-01 | 29 -0.00009  9.98023e-02 | 30 -0.00003  8.09757e-02
 31  0.00014  8.32089e-02 | 32  0.00038  1.02303e-01 | 33  0.00063  1.19320e-01
 34  0.00084  1.21187e-01 | 35  0.00108  1.30438e-01 | 36  0.00158  1.98998e-01
 37  0.00238  3.37785e-01 | 38  0.00307  4.47436e-01 | 39  0.00306  3.83405e-01
 40  0.00243  1.68570e-01 | 41  0.00230  7.28895e-02 | 42  0.00332  2.57264e-01
 43  0.00436  4.44909e-01 | 44  0.00395  2.85037e-01 | 45  0.00279 -4.92166e-02
 46  0.00286 -8.20779e-02 | 47  0.00415  1.88842e-01 | 48  0.00478  3.14019e-01
 49  0.00403  1.22909e-01 | 50  0.00312 -9.02038e-02 | 51  0.00358  4.40725e-02
 52  0.00460  3.32286e-01 | 53  0.00302  1.87223e-02 | 54  0.00189 -1.70008e-01
 55  0.00349  3.17710e-01 | 56  0.00211  9.66667e-02 | 57  0.00178  1.38451e-01
 58  0.00280  5.10290e-01 | 59  0.00162  3.39681e-01 | 60  0.00095  2.74713e-01
 61  0.00096  3.56204e-01 | 62  0.00085  3.76753e-01 | 63  0.00060  3.23318e-01
 64  0.00025  1.92685e-01 | 65  0.00054  1.67228e-01 | 66  0.00129  1.95773e-01
 67  0.00251  2.73933e-01 | 68  0.00172 -2.00719e-01 | 69  0.00407  2.40933e-02
 70  0.00661  2.33183e-01 | 71  0.00820  1.66942e-01 | 72  0.01098  3.37738e-01
 73  0.01190  5.57406e-02 | 74  0.01463  1.78835e-01 | 75  0.01846  5.66576e-01
 76  0.01964  4.70596e-01 | 77  0.01965  2.71966e-01 | 78  0.01987  2.83151e-01
 79  0.01833  7.66639e-02 | 80  0.01711  6.06155e-02 | 81  0.01636  2.51497e-01
 82  0.01308 -2.58210e-02 | 83  0.01104  3.91917e-02 | 84  0.00695 -2.85076e-01
 85  0.00388 -3.15105e-01 | 86  0.00165 -1.04687e-01 | 87  0.00132  5.51901e-01
 88 -0.00522 -4.77344e-01 | 89 -0.00582 -2.36754e-01 | 90 -0.00316  6.11543e-01
 91 -0.00480  1.88884e-01 | 92 -0.00431  2.66971e-01 | 93 -0.00560 -8.97661e-02
 94 -0.00561 -1.73305e-01 | 95 -0.00504 -2.18456e-01 | 96 -0.00479 -2.78870e-01
 97 -0.00276 -8.45653e-02 | 98  0.00104  2.20478e-01 | 99  0.00478  1.01598e-01
100  0.00357 -3.61014e-01 |101  0.00268 -1.90233e-01 |102 -0.00119 -2.34161e-01
103 -0.00949  2.40030e-01 |104 -0.01253  8.02011e-02 |105 -0.00092  1.04267e-01
106 -0.00727  1.91740e-01 |107 -0.02750  3.75815e-01 |108 -0.01462  2.62436e-01
109  0.03788  6.08215e-01 |110  0.00445  5.70306e-01 |111 -0.03459  5.03095e-01
112 -0.02230  4.66670e-01 |113 -0.00693  2.69024e-01 |114  0.01348  6.53153e-01
115 -0.01081  3.40590e-02 |116 -0.07083 -5.29070e-02 |117 -0.08635 -2.96061e-02
118 -0.08180 -8.36697e-02 |119 -0.04635 -7.49682e-02 |120  0.08547 -5.81186e-01
121  0.04274 -5.20176e-01 |122  0.02442 -4.57235e-01 |123 -0.03050  4.77298e-02
124 -0.07142 -7.42203e-02 |125 -0.02337 -7.09792e-02 |126 -0.00821  8.36640e-02
127 -0.04563 -3.89459e-03 |128  0.00627 -5.90896e-02 |129  0.06185  2.76230e-01
130 -0.00662  2.50887e-03 |131  0.07272  4.39520e-02 |132  0.00027  1.75033e-01
133  0.12428  6.73995e-02 |134 -0.00301  8.06039e-02 |135 -0.04966 -5.45176e-02
136 -0.06286 -8.23996e-02 |137 -0.02847  7.09304e-02 |138  0.08900  3.41349e-02
139  0.02332 -1.43565e-01 |140  0.01408 -9.18509e-02 |141 -0.03581 -9.11033e-02
142 -0.01614  1.07513e-01 |143 -0.00481 -2.48546e-01 |144 -0.00055 -3.51910e-02
145  0.42570 -1.32538e-01 |146  0.32469  3.53281e+00 |147 -0.18178 -1.89808e-03
148 -0.11114 -5.54092e-04 |149 -0.24909 -1.29605e-03 |150 -0.69282 -5.32411e-03
151 -0.09252 -2.95677e-04 |152 -0.07643 -3.78976e-04 |153 -0.28196 -1.49017e-03
154 -0.50333 -3.09435e-03 |155  0.21819  1.06110e-03 |156 -0.37213 -2.07878e-03
157  0.17203  7.46647e-05 |158 -0.60446 -4.38829e-03 |159 -0.23697 -1.22660e-03
160 -0.42645  5.31200e-03 |161 -0.38012  4.95761e-01 |162 -0.24340 -2.20990e-03
163  0.15056 -9.47403e-03 |164 -0.06387 -5.56085e-04 |165 -0.33913  1.58495e-01
166  0.24499 -7.21748e-02 |167  0.05128  2.44413e-02 |168 -0.18336 -2.89802e-01
169  0.18111  1.20514e-02 |170  0.31135  1.46232e-01 |171  0.07948 -2.27799e-01
172 -0.54818 -6.03644e-05 |173 -0.37736  8.75512e-03 |174  0.23743  1.17669e-01
175  0.06919  8.08532e-02 |176 -0.11130 -8.13317e-01 |177  0.01884 -2.39946e+00
178  0.28812 -2.53215e-01 |179 -0.11229  1.36217e-01 |180  0.04343  1.04226e-01
181 -0.12337  8.17224e-03 |182 -0.22067 -1.57507e-03 |183 -0.23910 -2.12121e+00
184 -0.73843 -7.20965e-03 |185  0.02996  5.35679e-02 |186  0.73989  5.06077e-03
187  0.17018 -1.21737e-03 |188  0.01297 -5.52153e-03 |189  0.76600 -5.02883e+00
190  0.10080 -1.84007e-02 |191  0.17247  1.63560e+01 |192 -0.17497 -7.84022e-04
193  0.78591  8.98638e-03 |194 -0.09844  5.90694e-02 |195  0.28941  1.53426e-03
196 -0.52956 -8.37632e-04 |197 -0.56055  7.28485e-01 |198  0.16955  1.77589e-01
199  0.09444  1.15704e+01 |200 -0.25932  1.90389e+00 |
200 variables; iteration 180; function evaluation 249; phase 4
Function value 6.8813536e+03; maximum gradient component mag 1.5932e+01
Var    Value     Gradient |Var    Value     Gradient |Var    Value     Gradient
  1 -0.41096 -6.01212e+00 |  2  0.34634  4.99888e-01 |  3 -0.19580  9.94808e+00
  4  0.08019  1.41705e+00 |  5 -0.60912  2.54296e-01 |  6 -0.64867  9.47355e+00
  7  0.35865  6.47055e-01 |  8 -0.22134  1.07633e+01 |  9  0.09361  1.16845e+00
 10 -0.52708  1.71116e-01 | 11 -0.66010  1.17331e+01 | 12 -0.18255  1.28032e+01
 13 -0.00056  1.65178e-01 | 14 -0.00068  1.36736e-01 | 15 -0.00081  1.04698e-01
 16 -0.00095  6.88828e-02 | 17 -0.00110  2.94707e-02 | 18 -0.00126 -1.28661e-02
 19 -0.00141 -5.63913e-02 | 20 -0.00154 -9.68369e-02 | 21 -0.00162 -1.26094e-01
 22 -0.00160 -1.31247e-01 | 23 -0.00140 -9.68000e-02 | 24 -0.00099 -1.25876e-02
 25 -0.00041  1.11702e-01 | 26  0.00017  2.34064e-01 | 27  0.00050  2.88653e-01
 28  0.00039  2.30406e-01 | 29 -0.00004  9.15414e-02 | 30 -0.00035 -2.10990e-02
 31 -0.00021 -2.66870e-02 | 32  0.00022  3.76343e-02 | 33  0.00060  8.63452e-02
 34  0.00095  1.23327e-01 | 35  0.00138  1.76902e-01 | 36  0.00150  1.52664e-01
 37  0.00110 -2.90696e-03 | 38  0.00101 -8.32770e-02 | 39  0.00189  6.83726e-02
 40  0.00263  1.86171e-01 | 41  0.00237  5.90805e-02 | 42  0.00246  1.64977e-02
 43  0.00294  6.90597e-02 | 44  0.00310  4.76862e-02 | 45  0.00441  3.05261e-01
 46  0.00438  2.48421e-01 | 47  0.00339 -2.78774e-02 | 48  0.00426  1.53636e-01
 49  0.00443  1.82139e-01 | 50  0.00441  1.81716e-01 | 51  0.00475  2.88513e-01
 52  0.00309 -6.54547e-02 | 53  0.00362  1.25336e-01 | 54  0.00353  1.89718e-01
 55  0.00303  1.70363e-01 | 56  0.00212  6.39844e-02 | 57  0.00283  3.58889e-01
 58  0.00091  1.44740e-02 | 59  0.00149  2.73941e-01 | 60  0.00055  1.45657e-01
 61  0.00084  2.95679e-01 | 62  0.00059  2.82519e-01 | 63  0.00043  2.51122e-01
 64  0.00005  1.18360e-01 | 65  0.00125  3.18094e-01 | 66  0.00196  3.38405e-01
 67  0.00093 -1.33459e-01 | 68  0.00422  3.83687e-01 | 69  0.00523  2.83946e-01
 70  0.00673  2.46286e-01 | 71  0.00854  2.32863e-01 | 72  0.01039  1.92410e-01
 73  0.01282  2.54736e-01 | 74  0.01486  2.25451e-01 | 75  0.01631  1.02191e-01
 76  0.01799  1.23957e-01 | 77  0.01902  1.51094e-01 | 78  0.01908  1.36688e-01
 79  0.01863  1.70683e-01 | 80  0.01739  1.62686e-01 | 81  0.01533  8.10059e-02
 82  0.01349  1.29200e-01 | 83  0.01099  1.05909e-01 | 84  0.00851  1.60669e-01
 85  0.00532  1.16001e-01 | 86  0.00202  7.88439e-02 | 87 -0.00208 -2.01300e-01
 88 -0.00275  2.36129e-01 | 89 -0.00454  1.72096e-01 | 90 -0.00726 -3.76872e-01
 91 -0.00670 -2.50263e-01 | 92 -0.00586 -9.90815e-02 | 93 -0.00550 -5.18910e-02
 94 -0.00511 -5.17124e-02 | 95 -0.00399  2.68168e-02 | 96 -0.00394 -9.29453e-02
 97 -0.00222  1.91373e-02 | 98 -0.00083 -2.66794e-01 | 99  0.00339 -2.45767e-01
100  0.00448 -1.41831e-01 |101  0.00266 -1.76204e-01 |102 -0.00073 -8.96163e-02
103 -0.01159 -3.23656e-01 |104 -0.01336 -2.25290e-01 |105 -0.00167 -2.32270e-01
106 -0.00817 -2.44935e-01 |107 -0.02867 -2.65992e-01 |108 -0.01481 -1.98476e-01
109  0.03668 -3.50572e-01 |110  0.00382 -1.82362e-01 |111 -0.03570 -2.21734e-01
112 -0.02320 -1.41346e-01 |113 -0.00673 -2.71572e-02 |114  0.01182 -9.91981e-02
115 -0.01058  9.41953e-02 |116 -0.07093  9.72456e-02 |117 -0.08647  1.19119e-01
118 -0.08172  1.49258e-01 |119 -0.04640  1.95471e-01 |120  0.08597  5.18574e-01
121  0.04329  3.95487e-01 |122  0.02538  3.64403e-01 |123 -0.03071  6.53998e-02
124 -0.07104  4.79835e-02 |125 -0.02288  2.68005e-02 |126 -0.00815 -4.91252e-02
127 -0.04539 -1.32311e-02 |128  0.00678 -2.02025e-02 |129  0.06109 -7.74122e-02
130 -0.00660 -2.07774e-02 |131  0.07257 -9.38699e-03 |132 -0.00039 -7.49763e-02
133  0.12412 -7.61574e-03 |134 -0.00327 -2.64857e-02 |135 -0.04945  4.21158e-02
136 -0.06253  2.59240e-02 |137 -0.02865 -1.86776e-02 |138  0.08906 -7.78567e-03
139  0.02379  3.06507e-02 |140  0.01438 -9.88939e-04 |141 -0.03554 -6.69570e-03
142 -0.01655 -2.78333e-02 |143 -0.00360  6.02135e-02 |144 -0.00049 -2.07462e-02
145  0.42839  4.75871e-02 |146  0.32547 -2.48724e-01 |147 -0.17824 -1.21080e-03
148 -0.12453 -6.22527e-04 |149 -0.27661 -1.45797e-03 |150 -0.74572 -7.11378e-03
151 -0.10978 -2.54903e-04 |152 -0.12026 -6.00713e-04 |153 -0.32905 -1.78573e-03
154 -0.51044 -3.17463e-03 |155  0.21679  9.78693e-04 |156 -0.42165 -2.44995e-03
157  0.16707 -4.35111e-03 |158 -0.58982 -4.18170e-03 |159 -0.19889 -1.01474e-03
160 -0.43661  3.72339e-03 |161 -0.38015  1.57648e+00 |162 -0.31724 -4.07481e-03
163  0.15065 -8.48416e-03 |164 -0.00991 -2.39767e-04 |165 -0.33981 -8.01814e-02
166  0.24470  3.22595e-02 |167  0.05147 -4.45971e-02 |168 -0.18335 -1.50538e-01
169  0.18015 -5.13110e-02 |170  0.31106  2.29773e-02 |171  0.07959 -1.15050e-01
172 -0.54781 -1.20470e-05 |173 -0.37845 -1.64295e-02 |174  0.23707 -2.33061e-02
175  0.06928 -4.25094e-02 |176 -0.11087  2.46111e-01 |177  0.01940 -9.22254e-01
178  0.28653 -6.92336e-03 |179 -0.11378  4.75447e-02 |180  0.00678  3.45901e-03
181 -0.12043  3.38582e-03 |182 -0.25225 -1.31433e-03 |183 -0.23789 -1.02583e+00
184 -0.76118 -7.97653e-03 |185 -0.55079  1.36285e-02 |186  0.67572  5.60567e-03
187  0.20757  3.31182e-03 |188  0.06628  5.49783e-03 |189  0.75049 -5.60272e+00
190  0.10522  4.05461e-01 |191  0.16796  1.59320e+01 |192 -0.20947 -2.88899e-03
193  0.73680  7.16055e-03 |194 -0.10922  3.82927e-02 |195  0.33957  1.85468e-03
196 -0.56705 -2.59213e-03 |197 -0.55672 -6.23695e-03 |198  0.17060 -9.06235e-02
199  0.09282 -7.57779e-01 |200 -0.25421 -1.33691e-01 |
200 variables; iteration 200; function evaluation 288; phase 4
Function value 6.8812168e+03; maximum gradient component mag -8.2746e+01
Var    Value     Gradient |Var    Value     Gradient |Var    Value     Gradient
  1 -0.40769 -1.26133e+01 |  2  0.34624 -1.26189e+01 |  3 -0.19577 -8.27461e+01
  4  0.08035 -2.71968e+01 |  5 -0.60919 -3.45336e+00 |  6 -0.64868 -3.54707e+01
  7  0.35906 -1.12711e+01 |  8 -0.21992 -6.68821e+01 |  9  0.09168 -2.05754e+01
 10 -0.52692 -2.87315e+00 | 11 -0.65974 -2.54317e+01 | 12 -0.18081  1.67708e-01
 13 -0.00092  7.09723e-02 | 14  0.00016  3.41462e-01 | 15 -0.00062  1.48660e-01
 16 -0.00274 -3.80231e-01 | 17 -0.00484 -9.03443e-01 | 18 -0.00509 -9.69967e-01
 19 -0.00250 -3.29391e-01 | 20  0.00211  8.12170e-01 | 21  0.00606  1.78588e+00
 22  0.00609  1.77963e+00 | 23  0.00129  5.72949e-01 | 24 -0.00465 -9.20583e-01
 25 -0.00579 -1.22259e+00 | 26 -0.00141 -1.58449e-01 | 27  0.00147  5.31139e-01
 28 -0.00158 -2.53574e-01 | 29 -0.00306 -6.52300e-01 | 30  0.00224  6.23240e-01
 31  0.00535  1.35269e+00 | 32  0.00171  4.10203e-01 | 33 -0.00140 -4.00000e-01
 34 -0.00132 -4.27455e-01 | 35  0.00183  2.93538e-01 | 36  0.00373  7.06899e-01
 37  0.00075 -7.87374e-02 | 38  0.00439  7.49892e-01 | 39  0.00132 -5.87152e-02
 40  0.00231  1.20134e-01 | 41  0.00281  1.77367e-01 | 42  0.00126 -2.60239e-01
 43  0.00597  8.16186e-01 | 44  0.00458  4.18855e-01 | 45 -0.00090 -9.54944e-01
 46  0.00240 -2.06835e-01 | 47  0.00213 -3.10980e-01 | 48  0.00477  2.97824e-01
 49 -0.00002 -8.62461e-01 | 50  0.00513  3.79121e-01 | 51  0.00357  3.08243e-02
 52  0.00671  8.31265e-01 | 53  0.00809  1.23297e+00 | 54  0.00049 -5.11512e-01
 55 -0.00074 -7.07016e-01 | 56  0.00523  8.61201e-01 | 57  0.00029 -2.17992e-01
 58  0.00045 -5.13163e-02 | 59  0.00407  9.59995e-01 | 60  0.00492  1.28291e+00
 61 -0.00325 -6.53506e-01 | 62  0.00039  3.05575e-01 | 63 -0.00148 -1.43436e-01
 64 -0.00126 -1.18146e-01 | 65 -0.00108 -1.56200e-01 | 66 -0.00380 -9.65951e-01
 67  0.00686  1.45066e+00 | 68  0.00283  1.99335e-01 | 69  0.00374  1.01955e-01
 70  0.00591  2.54145e-01 | 71  0.00823  3.93212e-01 | 72  0.01064  5.17871e-01
 73  0.01157  2.85752e-01 | 74  0.01440  4.84397e-01 | 75  0.01828  9.52054e-01
 76  0.01972  9.79510e-01 | 77  0.01975  8.54282e-01 | 78  0.01959  8.60379e-01
 79  0.01817  7.52240e-01 | 80  0.01659  7.34198e-01 | 81  0.01638  1.12625e+00
 82  0.01293  8.73063e-01 | 83  0.01056  9.31543e-01 | 84  0.00667  6.97391e-01
 85  0.00382  7.68871e-01 | 86  0.00125  9.41621e-01 | 87  0.00276  2.12801e+00
 88 -0.00601  5.12868e-01 | 89 -0.00663  7.87030e-01 | 90 -0.00103  2.48502e+00
 91 -0.00319  1.93626e+00 | 92 -0.00366  1.79139e+00 | 93 -0.00510  1.40441e+00
 94 -0.00467  1.46969e+00 | 95 -0.00482  1.28326e+00 | 96 -0.00344  1.59929e+00
 97 -0.00269  1.58114e+00 | 98  0.00352  2.70130e+00 | 99  0.00560  2.35390e+00
100  0.00431  2.00829e+00 |101  0.00354  2.34612e+00 |102 -0.00145  2.08771e+00
103 -0.00905  2.69265e+00 |104 -0.01239  2.43398e+00 |105 -0.00124  2.58258e+00
106 -0.00753  2.51412e+00 |107 -0.02779  2.18383e+00 |108 -0.01519  2.01410e+00
109  0.03748  3.10429e+00 |110  0.00401  2.13176e+00 |111 -0.03469  1.41954e+00
112 -0.02246  1.02966e+00 |113 -0.00724  2.61997e-01 |114  0.01364 -1.45196e-01
115 -0.01084 -1.72081e+00 |116 -0.07087 -2.02561e+00 |117 -0.08594 -2.45731e+00
118 -0.08154 -3.52638e+00 |119 -0.04561 -5.31480e+00 |120  0.08664 -1.64798e+01
121  0.04423 -1.18845e+01 |122  0.02613 -9.83254e+00 |123 -0.02895 -5.79912e+00
124 -0.06992 -4.03701e+00 |125 -0.02109 -5.05695e+00 |126 -0.00592 -4.12976e+00
127 -0.04411 -1.82229e+00 |128  0.00748 -6.61612e-01 |129  0.06247  1.42506e+00
130 -0.00688  1.08723e+00 |131  0.07217  1.70493e+00 |132  0.00003  8.61912e-01
133  0.12405  1.04362e+00 |134 -0.00328  2.39243e-01 |135 -0.04978  1.21680e-02
136 -0.06285  1.15492e-02 |137 -0.02854  1.31557e-01 |138  0.08893  1.38954e-01
139  0.02312 -1.69487e-01 |140  0.01419 -1.01994e-03 |141 -0.03611 -1.86111e-01
142 -0.01603  1.49769e-01 |143 -0.00487 -2.63117e-01 |144 -0.00261 -5.44453e-01
145  0.42495 -6.89801e-01 |146  0.32163 -1.57734e+00 |147 -0.17187 -7.86943e-02
148 -0.05946 -2.94065e-04 |149 -0.25274 -1.31732e-03 |150 -0.70982 -6.99844e-03
151 -0.18710 -9.78686e-04 |152 -0.09025 -4.48363e-04 |153 -0.25249 -1.31572e-03
154 -0.36805 -1.66843e-03 |155  0.22361  1.09470e-03 |156 -0.35481 -1.95799e-03
157  0.16840 -8.57127e-03 |158 -0.35989 -1.99301e-03 |159 -0.15020 -7.29508e-04
160 -0.49787 -1.90149e-03 |161 -0.38425 -2.71711e-02 |162 -0.15306 -6.01141e-04
163  0.15035  1.66325e-01 |164  0.00099  4.99403e-03 |165 -0.33811 -1.17695e-02
166  0.24520  2.40701e-01 |167  0.05113 -4.45301e-01 |168 -0.18316 -9.20858e-01
169  0.18200  1.67660e-01 |170  0.31138  5.56364e-02 |171  0.07938  7.14198e-02
172 -0.54535  1.69267e-04 |173 -0.37636 -1.01597e+00 |174  0.23763  1.42030e+00
175  0.06923 -2.38582e+00 |176 -0.11102 -2.23721e-01 |177  0.01886  2.54702e+00
178  0.28557 -1.09124e-01 |179 -0.12652 -8.53508e-02 |180  0.03236  4.58373e-02
181 -0.12812 -1.07356e-02 |182 -0.27754 -1.46356e-03 |183 -0.24297  6.63710e+00
184 -0.46501 -2.21415e-03 |185 -1.33001  3.79355e-02 |186  0.40272  1.89554e-02
187  0.10014  7.93497e-01 |188 -0.17313 -2.69609e+00 |189  0.76025  1.85788e+01
190  0.10300 -2.20965e+00 |191  0.16733 -3.46730e+01 |192 -0.19828  1.53529e-01
193  0.37310  2.08565e-03 |194 -0.14154 -3.60219e-02 |195  0.25962  1.35227e-03
196 -0.56669 -3.31196e-03 |197 -0.55757 -5.72320e-01 |198  0.17074  2.68728e-01
199  0.09252 -4.63583e+00 |200 -0.25197 -1.14184e+00 |
200 variables; iteration 220; function evaluation 313; phase 4
Function value 6.8805923e+03; maximum gradient component mag -1.4399e+01
Var    Value     Gradient |Var    Value     Gradient |Var    Value     Gradient
  1 -0.40965 -5.09018e+00 |  2  0.34622  7.94265e-02 |  3 -0.19492 -5.55144e+00
  4  0.07933  9.20913e-01 |  5 -0.60626  1.28067e-01 |  6 -0.64895 -5.72211e+00
  7  0.35892  1.04516e+00 |  8 -0.21901 -9.07992e+00 |  9  0.09051 -1.24051e-01
 10 -0.52562 -7.05402e-01 | 11 -0.65971 -1.43990e+01 | 12 -0.18681  4.25726e+00
 13 -0.00431 -7.80160e-01 | 14 -0.00289 -4.24925e-01 | 15  0.00044  4.05323e-01
 16  0.00078  4.89782e-01 | 17 -0.00045  1.81365e-01 | 18 -0.00057  1.48361e-01
 19  0.00050  4.09498e-01 | 20  0.00193  7.57611e-01 | 21  0.00272  9.44601e-01
 22  0.00110  5.29261e-01 | 23  0.00068  4.12797e-01 | 24 -0.00224 -3.29151e-01
 25  0.00010  2.31832e-01 | 26  0.00405  1.18936e+00 | 27  0.00240  7.53535e-01
 28 -0.00251 -4.91295e-01 | 29  0.00014  1.33286e-01 | 30  0.00381  1.00661e+00
 31 -0.00266 -6.29515e-01 | 32 -0.00471 -1.17412e+00 | 33  0.00143  2.94890e-01
 34 -0.00339 -9.36013e-01 | 35 -0.00956 -2.50006e+00 | 36  0.00901  2.00477e+00
 37 -0.00036 -3.44316e-01 | 38  0.00137  2.45203e-02 | 39  0.00342  4.66670e-01
 40  0.00011 -3.97864e-01 | 41  0.00303  2.54315e-01 | 42  0.00265  1.03472e-01
 43  0.00115 -3.16680e-01 | 44  0.00320  1.25091e-01 | 45 -0.00521 -1.95321e+00
 46  0.00805  1.20165e+00 | 47  0.00543  5.38487e-01 | 48  0.00830  1.20718e+00
 49  0.00795  1.11874e+00 | 50  0.00820  1.19307e+00 | 51  0.00123 -4.51825e-01
 52  0.00586  7.17741e-01 | 53  0.00230 -6.78933e-02 | 54  0.00180 -9.57834e-02
 55  0.00308  3.24900e-01 | 56  0.00441  7.72776e-01 | 57  0.00533  1.13387e+00
 58  0.00220  4.97465e-01 | 59  0.00392  1.05124e+00 | 60 -0.00829 -1.86540e+00
 61 -0.00708 -1.47966e+00 | 62 -0.00676 -1.34526e+00 | 63  0.00626  1.91902e+00
 64 -0.00210 -1.98279e-01 | 65  0.00217  7.81035e-01 | 66 -0.00555 -1.27919e+00
 67  0.00490  1.09339e+00 | 68  0.00392  5.77957e-01 | 69  0.00406  2.80083e-01
 70  0.00553  2.51544e-01 | 71  0.00840  5.07196e-01 | 72  0.00901  1.94916e-01
 73  0.01140  2.69721e-01 | 74  0.01360  2.95112e-01 | 75  0.01511  2.00602e-01
 76  0.01704  2.90092e-01 | 77  0.01806  3.24457e-01 | 78  0.01748  1.80022e-01
 79  0.01735  2.83801e-01 | 80  0.01592  2.34926e-01 | 81  0.01372  1.13661e-01
 82  0.01169  1.06769e-01 | 83  0.00990  2.26325e-01 | 84  0.00564 -1.57766e-01
 85  0.00353  1.75788e-02 | 86 -0.00147 -4.79720e-01 | 87  0.00288  1.30919e+00
 88 -0.00451  1.80425e-02 | 89 -0.00607 -3.10099e-02 | 90 -0.00494  3.82544e-01
 91 -0.00514  2.91694e-01 | 92 -0.00561  9.55981e-02 | 93 -0.00531  1.40977e-01
 94 -0.00508  1.31862e-01 | 95 -0.00423  2.02051e-01 | 96 -0.00287  4.96814e-01
 97 -0.00410 -3.25417e-02 | 98  0.00132  8.43636e-01 | 99  0.00261  3.34807e-01
100  0.00367  6.67823e-01 |101  0.00083  6.20009e-01 |102 -0.00260  9.42913e-01
103 -0.01299  9.98218e-01 |104 -0.01654  8.40879e-01 |105 -0.00562  1.09634e+00
106 -0.01300  9.63434e-01 |107 -0.03309  8.41399e-01 |108 -0.01984  9.39621e-01
109  0.02953  1.14063e+00 |110 -0.00275  5.14793e-01 |111 -0.04061 -8.43655e-04
112 -0.02740 -1.72720e-01 |113 -0.01102 -9.10796e-01 |114  0.00730 -2.20688e+00
115 -0.01323 -2.75075e+00 |116 -0.07182 -2.40397e+00 |117 -0.08544 -2.50376e+00
118 -0.07873 -2.93018e+00 |119 -0.04140 -3.44278e+00 |120  0.09779 -8.97470e+00
121  0.05540 -5.96876e+00 |122  0.03888 -4.56226e+00 |123 -0.01595 -2.00010e+00
124 -0.05613 -1.98736e-01 |125 -0.00215  1.67667e+00 |126  0.01222  3.80443e+00
127 -0.03311  3.86591e+00 |128  0.01359  5.30628e+00 |129  0.05960  5.34859e+00
130 -0.01107  8.98090e-01 |131  0.06688 -3.35666e-01 |132 -0.00325 -4.25510e-01
133  0.12082 -8.40486e-01 |134 -0.00471 -2.58099e-01 |135 -0.05035 -7.57181e-03
136 -0.06326 -2.10750e-02 |137 -0.02918  9.37854e-03 |138  0.08878 -1.67931e-02
139  0.02378 -8.34865e-02 |140  0.01491 -2.83816e-02 |141 -0.03524 -5.32736e-02
142 -0.01590 -1.06178e-02 |143 -0.00314  1.58759e-01 |144  0.00777  2.02220e+00
145  0.43593 -4.97891e-01 |146  0.33376  2.15298e+00 |147 -0.18554 -4.47483e-03
148 -0.22900 -1.18152e-03 |149 -0.32957 -1.78917e-03 |150 -0.76978 -8.47290e-03
151 -0.19999 -4.38614e-02 |152 -0.14776  4.53432e-05 |153 -0.26402 -1.56405e-03
154 -0.30633  1.03665e-03 |155  0.22796  1.26049e-03 |156 -0.33321 -1.81303e-03
157  0.16728 -1.46654e-02 |158 -0.09086 -3.48642e-04 |159 -0.18159 -9.21306e-04
160 -0.50095 -1.91178e-03 |161 -0.38161 -1.28379e-02 |162 -0.02003 -3.26481e-04
163  0.14810 -5.67796e-01 |164 -0.09553  2.88198e-02 |165 -0.33264 -2.26433e-01
166  0.24552  1.59033e-01 |167  0.05067 -9.21823e-01 |168 -0.18219 -1.94565e+00
169  0.18239 -1.61814e-02 |170  0.31056  3.09826e-01 |171  0.07924 -9.90059e-01
172 -0.54695  5.27252e-05 |173 -0.36707  5.74438e-02 |174  0.23984  2.57166e-02
175  0.06881  1.05856e+00 |176 -0.10810 -6.67011e+00 |177  0.01881  6.16816e-01
178  0.28552  7.05858e-04 |179 -0.16472 -8.58425e-04 |180  0.00208  1.91824e-03
181 -0.10393  1.12200e-01 |182 -0.37681 -2.11213e-03 |183 -0.24516  8.70064e-01
184 -0.35051  4.81743e-03 |185 -1.37784 -5.73383e-01 |186  0.20357  2.47770e-02
187  0.07722  1.96464e+00 |188 -0.26797  2.25927e-01 |189  0.73977  2.80755e+00
190  0.10567  8.78420e+00 |191  0.16117 -1.54806e+00 |192  0.07021  3.27777e-01
193  0.08990  4.44068e-04 |194 -0.28807 -1.85353e-01 |195  0.28232  1.48811e-03
196 -0.73347 -7.02523e-03 |197 -0.55943  3.27996e-01 |198  0.17010  2.71542e-01
199  0.09260  6.04082e+00 |200 -0.25320  1.74048e+00 |
200 variables; iteration 240; function evaluation 342; phase 4
Function value 6.8802876e+03; maximum gradient component mag 9.8478e+00
Var    Value     Gradient |Var    Value     Gradient |Var    Value     Gradient
  1 -0.41044 -9.54691e-01 |  2  0.34740  1.26192e+00 |  3 -0.19350  9.43232e+00
  4  0.07594  2.61328e+00 |  5 -0.60655  2.98771e-01 |  6 -0.64827  5.43597e+00
  7  0.35999  1.05105e+00 |  8 -0.21763  9.84784e+00 |  9  0.08712  2.23452e+00
 10 -0.52625  4.76421e-01 | 11 -0.65879  6.86305e+00 | 12 -0.18927  6.80754e+00
 13 -0.00116 -3.98025e-02 | 14 -0.00036  1.57927e-01 | 15 -0.00048  1.28108e-01
 16 -0.00073  6.33589e-02 | 17 -0.00127 -7.26171e-02 | 18 -0.00152 -1.39878e-01
 19 -0.00109 -4.08673e-02 | 20 -0.00071  4.63989e-02 | 21 -0.00117 -7.77319e-02
 22 -0.00149 -1.72022e-01 | 23  0.00030  2.56698e-01 | 24 -0.00070 -9.29805e-03
 25 -0.00047  2.63753e-02 | 26 -0.00094 -1.12592e-01 | 27 -0.00120 -2.03751e-01
 28 -0.00025  1.70514e-03 | 29  0.00062  1.81854e-01 | 30  0.00035  7.92250e-02
 31  0.00058  9.65974e-02 | 32  0.00092  1.37944e-01 | 33  0.00256  4.94564e-01
 34  0.00060 -3.39299e-02 | 35  0.00198  2.53292e-01 | 36  0.00110 -1.62680e-02
 37  0.00081 -1.40964e-01 | 38  0.00147 -3.87575e-02 | 39  0.00178 -2.02099e-02
 40  0.00269  1.40840e-01 | 41  0.00190 -1.12723e-01 | 42  0.00264  6.34035e-03
 43  0.00335  1.19051e-01 | 44  0.00278 -7.47844e-02 | 45  0.00303 -6.54317e-02
 46  0.00390  9.95839e-02 | 47  0.00315 -1.12424e-01 | 48  0.00362 -2.08742e-02
 49  0.00396  5.54055e-02 | 50  0.00351 -3.87395e-02 | 51  0.00392  9.18923e-02
 52  0.00358  6.38490e-02 | 53  0.00301 -6.39365e-04 | 54  0.00272  2.48027e-02
 55  0.00202 -3.46386e-02 | 56  0.00230  1.60412e-01 | 57  0.00094 -3.84101e-02
 58  0.00175  2.92413e-01 | 59  0.00098  2.33568e-01 | 60 -0.00141 -2.44449e-01
 61 -0.00053  6.34536e-02 | 62 -0.00018  2.09546e-01 | 63 -0.00025  2.12388e-01
 64 -0.00181 -2.06256e-01 | 65 -0.00102 -9.46105e-02 | 66  0.00080  2.09501e-01
 67  0.00082  5.40876e-03 | 68  0.00211  4.75056e-02 | 69  0.00330  7.50504e-03
 70  0.00500  3.22937e-02 | 71  0.00676  2.64206e-02 | 72  0.00869  2.09625e-02
 73  0.01058 -1.91125e-02 | 74  0.01281  1.22858e-02 | 75  0.01491  4.32721e-02
 76  0.01642  3.70539e-02 | 77  0.01730  3.82286e-02 | 78  0.01726  7.56042e-03
 79  0.01654 -1.83163e-02 | 80  0.01546  3.71004e-03 | 81  0.01392  2.37688e-02
 82  0.01181 -3.59213e-03 | 83  0.00949 -1.25766e-02 | 84  0.00682 -3.90086e-02
 85  0.00400 -4.39344e-02 | 86  0.00136  1.95016e-02 | 87 -0.00172 -7.20673e-02
 88 -0.00388 -7.89718e-02 | 89 -0.00503 -5.73968e-02 | 90 -0.00489  5.70575e-02
 91 -0.00477  3.62175e-03 | 92 -0.00417  4.17651e-02 | 93 -0.00414 -2.73105e-02
 94 -0.00369 -2.54811e-02 | 95 -0.00290 -2.02282e-02 | 96 -0.00263 -5.07655e-02
 97 -0.00123  3.95409e-02 | 98  0.00051 -6.82412e-02 | 99  0.00423 -3.17361e-02
100  0.00369 -1.20273e-01 |101  0.00129 -8.03323e-02 |102 -0.00360 -1.23829e-01
103 -0.01417 -8.30837e-02 |104 -0.01748 -1.60451e-01 |105 -0.00753 -1.93258e-01
106 -0.01480 -2.31004e-01 |107 -0.03474 -2.03935e-01 |108 -0.02202 -2.86772e-01
109  0.02578 -5.03480e-01 |110 -0.00524 -4.05675e-01 |111 -0.04235 -2.75809e-01
112 -0.02971 -2.97471e-01 |113 -0.01308 -2.93385e-01 |114  0.00604 -2.04262e-01
115 -0.01362 -5.97208e-02 |116 -0.07092  9.15431e-02 |117 -0.08369  1.90212e-01
118 -0.07577  2.80591e-01 |119 -0.03878  5.44884e-01 |120  0.10123  1.85539e+00
121  0.05915  1.30015e+00 |122  0.04378  1.04688e+00 |123 -0.01105  7.83088e-01
124 -0.05289  5.12100e-01 |125  0.00055  7.24248e-01 |126  0.01195  6.68786e-01
127 -0.03766  2.73042e-01 |128  0.00619  6.47140e-02 |129  0.05299 -1.98078e-01
130 -0.01219 -1.62538e-01 |131  0.06674 -1.76638e-01 |132 -0.00317 -6.18847e-02
133  0.12130 -1.33674e-01 |134 -0.00436  1.54745e-02 |135 -0.05049 -4.57030e-02
136 -0.06311 -3.56935e-02 |137 -0.02879  3.80642e-03 |138  0.08983 -6.09692e-03
139  0.02443 -4.76795e-03 |140  0.01554  1.22123e-03 |141 -0.03475 -7.16851e-04
142 -0.01588 -2.25811e-02 |143 -0.00415 -5.39252e-02 |144 -0.00090 -1.19354e-01
145  0.43895  1.67215e-01 |146  0.33672  7.79688e-01 |147 -0.18219 -4.89621e-03
148 -0.24767 -1.28789e-03 |149 -0.36797 -2.04936e-03 |150 -0.82008 -1.08391e-02
151 -0.19041 -1.10717e-03 |152 -0.16059 -8.09726e-04 |153 -0.24063 -1.24747e-03
154 -0.32191  2.62125e-03 |155  0.23058  1.53515e-03 |156 -0.34375 -1.88306e-03
157  0.17949  1.67335e-03 |158 -0.06600 -3.26861e-04 |159 -0.25096 -1.30687e-03
160 -0.53276 -2.64449e-03 |161 -0.38036 -2.61255e-03 |162 -0.02197 -1.08669e-04
163  0.14580 -2.93700e-01 |164 -0.17536 -8.86769e-04 |165 -0.32955  5.52026e-02
166  0.24606 -3.10491e-02 |167  0.05048  1.22262e-01 |168 -0.18134  7.17272e-01
169  0.18200  3.32336e-02 |170  0.30982 -6.93031e-02 |171  0.07936  2.85778e-01
172 -0.54845  3.53089e-05 |173 -0.36371  1.45791e-01 |174  0.24122 -2.59241e-01
175  0.06793  1.97127e-01 |176 -0.10572  5.40813e-02 |177  0.01912 -9.26781e-02
178  0.28301  1.92620e-03 |179 -0.15826 -7.78747e-04 |180 -0.01886  4.53622e-05
181 -0.11571  1.59199e-02 |182 -0.35995 -1.99339e-03 |183 -0.24880 -7.79812e-01
184 -0.35471  2.89955e-03 |185 -1.33812 -3.56241e-01 |186  0.05597 -5.91640e-02
187  0.07910  1.30437e+00 |188 -0.32538  8.23653e-01 |189  0.73392 -2.88665e+00
190  0.10460 -4.02117e+00 |191  0.15721  8.04096e+00 |192  0.03487  5.64762e-03
193 -0.04848 -2.74692e-04 |194 -0.36377 -3.95791e-03 |195  0.27382  1.37217e-03
196 -0.78747 -9.02786e-03 |197 -0.55854  1.88782e-01 |198  0.17020  5.33023e-02
199  0.09191  2.35170e+00 |200 -0.25129  4.57252e-01 |
200 variables; iteration 260; function evaluation 381; phase 4
Function value 6.8801984e+03; maximum gradient component mag 1.3077e+01
Var    Value     Gradient |Var    Value     Gradient |Var    Value     Gradient
  1 -0.40957 -5.20707e+00 |  2  0.34722  9.69800e-01 |  3 -0.19394  7.24638e+00
  4  0.07662  2.49022e+00 |  5 -0.60661  6.38179e-01 |  6 -0.64839  2.09120e+00
  7  0.36007  1.56989e+00 |  8 -0.21765  1.21302e+01 |  9  0.08704  2.62077e+00
 10 -0.52629  3.93729e-01 | 11 -0.65878  5.70906e+00 | 12 -0.18852  1.30767e+01
 13 -0.00137 -5.89183e-02 | 14 -0.00074  9.80427e-02 | 15 -0.00071  1.06085e-01
 16 -0.00156 -1.06735e-01 | 17 -0.00007  2.61240e-01 | 18 -0.00137 -6.39046e-02
 19 -0.00151 -1.05289e-01 | 20  0.00028  3.34735e-01 | 21 -0.00129 -6.55993e-02
 22 -0.00120 -5.44801e-02 | 23 -0.00036  1.40669e-01 | 24 -0.00067  4.50479e-02
 25 -0.00116 -9.51744e-02 | 26 -0.00014  1.34698e-01 | 27  0.00042  2.48750e-01
 28 -0.00195 -3.66247e-01 | 29  0.00025  1.48155e-01 | 30  0.00205  5.57665e-01
 31 -0.00064 -1.43939e-01 | 32  0.00106  2.34880e-01 | 33  0.00236  5.11051e-01
 34  0.00054  1.80157e-02 | 35  0.00208  3.46447e-01 | 36  0.00124  8.92649e-02
 37  0.00079 -7.34797e-02 | 38  0.00168  9.13542e-02 | 39  0.00188  8.18077e-02
 40  0.00180  6.06640e-03 | 41  0.00217  3.78805e-02 | 42  0.00240  3.57585e-02
 43  0.00305  1.37345e-01 | 44  0.00263 -1.56678e-02 | 45  0.00342  1.26532e-01
 46  0.00325  4.50000e-02 | 47  0.00353  8.47628e-02 | 48  0.00335  2.37654e-02
 49  0.00334  1.90328e-02 | 50  0.00334  3.57757e-02 | 51  0.00355  1.23954e-01
 52  0.00312  7.55778e-02 | 53  0.00286  9.31999e-02 | 54  0.00292  2.04798e-01
 55  0.00197  9.02888e-02 | 56  0.00183  1.86041e-01 | 57  0.00134  2.05689e-01
 58  0.00184  4.68252e-01 | 59 -0.00001  1.43198e-01 | 60 -0.00081  6.37367e-02
 61 -0.00025  2.99342e-01 | 62  0.00022  4.80881e-01 | 63 -0.00135  1.10296e-01
 64 -0.00113  1.41330e-01 | 65 -0.00136  1.57547e-03 | 66  0.00066  3.64743e-01
 67  0.00044  1.03718e-01 | 68  0.00176  1.61617e-01 | 69  0.00330  2.11179e-01
 70  0.00486  2.11383e-01 | 71  0.00649  1.81714e-01 | 72  0.00861  2.28759e-01
 73  0.01054  2.03862e-01 | 74  0.01276  2.39075e-01 | 75  0.01473  2.50664e-01
 76  0.01616  2.35044e-01 | 77  0.01696  2.25441e-01 | 78  0.01699  2.13190e-01
 79  0.01634  2.06035e-01 | 80  0.01512  1.97272e-01 | 81  0.01348  1.94933e-01
 82  0.01148  1.89280e-01 | 83  0.00913  1.71808e-01 | 84  0.00678  2.15845e-01
 85  0.00393  2.00910e-01 | 86  0.00099  1.87118e-01 | 87 -0.00218  6.44300e-02
 88 -0.00362  2.30609e-01 | 89 -0.00492  2.05198e-01 | 90 -0.00578  5.01406e-02
 91 -0.00527  7.86736e-02 | 92 -0.00467  9.15689e-02 | 93 -0.00417  1.10241e-01
 94 -0.00362  1.00538e-01 | 95 -0.00296  3.98134e-02 | 96 -0.00242  4.68528e-02
 97 -0.00132  4.01250e-02 | 98  0.00084  1.95582e-02 | 99  0.00427 -2.85339e-02
100  0.00401 -6.46209e-02 |101  0.00119 -1.38125e-01 |102 -0.00391 -2.44123e-01
103 -0.01426 -1.75350e-01 |104 -0.01735 -2.57540e-01 |105 -0.00773 -4.43731e-01
106 -0.01459 -4.27265e-01 |107 -0.03440 -4.33012e-01 |108 -0.02157 -6.18424e-01
109  0.02665 -1.05977e+00 |110 -0.00461 -1.05669e+00 |111 -0.04158 -8.28504e-01
112 -0.02876 -1.00132e+00 |113 -0.01211 -1.27548e+00 |114  0.00719 -1.50133e+00
115 -0.01220 -1.20663e+00 |116 -0.06963 -6.50895e-01 |117 -0.08245 -5.25241e-01
118 -0.07454 -3.68394e-01 |119 -0.03793 -7.44636e-02 |120  0.10183  1.62625e+00
121  0.05953  2.35441e+00 |122  0.04432  2.65038e+00 |123 -0.01104  1.83863e+00
124 -0.05312  1.09937e+00 |125  0.00011  1.27555e+00 |126  0.01122  8.28184e-01
127 -0.03843  1.34756e-01 |128  0.00564  4.62639e-02 |129  0.05308  1.46072e-01
130 -0.01205  8.62066e-02 |131  0.06704  8.37735e-02 |132 -0.00308 -3.51295e-02
133  0.12156 -1.02725e-01 |134 -0.00431 -2.06457e-02 |135 -0.05044 -8.41233e-02
136 -0.06316 -7.70251e-02 |137 -0.02879 -2.59448e-02 |138  0.08986 -3.28546e-02
139  0.02453 -6.92676e-04 |140  0.01560  1.53342e-02 |141 -0.03457  5.18146e-02
142 -0.01592 -3.03416e-02 |143 -0.00390  6.13582e-03 |144 -0.00077 -8.66800e-02
145  0.43683 -1.91827e-01 |146  0.33406 -1.77721e+00 |147 -0.16088 -1.14804e-01
148 -0.12245 -6.11127e-04 |149 -0.41596 -2.41513e-03 |150 -0.87854 -1.62604e-02
151 -0.17750 -9.61413e-04 |152 -0.14208 -7.13025e-04 |153 -0.18888 -9.71022e-04
154 -0.44632 -2.37447e-03 |155  0.23466  2.19126e-03 |156 -0.27800 -1.46632e-03
157  0.18615  3.87159e-03 |158 -0.13545 -6.78727e-04 |159 -0.23883 -1.23679e-03
160 -0.49954 -1.79573e-03 |161 -0.38235 -4.35105e-03 |162  0.01940 -1.71607e-05
163  0.14632 -3.99348e-01 |164  0.05398  1.71725e-01 |165 -0.32938  3.51077e-02
166  0.24615  3.42327e-02 |167  0.05046  1.18675e-01 |168 -0.18109 -7.15352e-02
169  0.18316 -4.80747e-02 |170  0.30991  7.33871e-02 |171  0.07925 -1.65214e-01
172 -0.54847 -2.48562e-05 |173 -0.36379 -2.31452e-02 |174  0.24125  3.47637e-02
175  0.06785  1.11851e-01 |176 -0.10583  1.61775e+00 |177  0.02031 -2.43459e-01
178  0.27384  2.19418e-03 |179 -0.10692  1.48108e-02 |180 -0.06673 -3.29477e-04
181 -0.18055 -1.58272e-04 |182 -0.16125 -2.19923e-04 |183 -0.24909 -5.45007e-01
184 -0.45507 -2.30106e-03 |185 -1.32513 -2.73449e+00 |186 -0.08391 -7.08029e-02
187  0.08077  6.14713e+00 |188 -0.40557  1.48354e-01 |189  0.72510 -3.15824e+00
190  0.10464 -2.16038e+00 |191  0.15172  7.47767e+00 |192 -0.13994 -6.93494e-04
193 -0.15432 -7.77455e-04 |194 -0.39718 -2.49226e-03 |195  0.21268  5.33092e-04
196 -0.77774 -8.60429e-03 |197 -0.55583 -4.47689e-01 |198  0.17105  1.92771e-02
199  0.09053 -5.91548e+00 |200 -0.24711 -1.13086e+00 |
200 variables; iteration 280; function evaluation 408; phase 4
Function value 6.8801175e+03; maximum gradient component mag -1.1955e+02
Var    Value     Gradient |Var    Value     Gradient |Var    Value     Gradient
  1 -0.41248 -3.05684e+00 |  2  0.34710 -5.35842e-01 |  3 -0.19432 -1.93207e+00
  4  0.07714 -1.32414e+00 |  5 -0.60683 -2.06159e-01 |  6 -0.64845  7.18464e-01
  7  0.35977 -3.04017e-01 |  8 -0.21860 -1.93022e-01 |  9  0.08827 -8.17588e-01
 10 -0.52629 -1.82822e-01 | 11 -0.65895  2.17445e+00 | 12 -0.19085  6.36284e+00
 13 -0.00088  2.00901e-02 | 14 -0.00085  2.61471e-02 | 15 -0.00063  7.97315e-02
 16 -0.00109 -3.57386e-02 | 17 -0.00099 -1.59917e-02 | 18 -0.00032  1.47146e-01
 19 -0.00124 -8.99679e-02 | 20 -0.00099 -3.50937e-02 | 21 -0.00061  4.65750e-02
 22 -0.00102 -6.91363e-02 | 23 -0.00014  1.34319e-01 | 24 -0.00075 -3.48700e-02
 25 -0.00031  5.12591e-02 | 26 -0.00018  5.91174e-02 | 27 -0.00094 -1.55221e-01
 28  0.00066  2.09832e-01 | 29  0.00015  4.89410e-02 | 30 -0.00006 -4.03298e-02
 31  0.00036  2.34701e-02 | 32  0.00057  3.32826e-02 | 33  0.00100  9.09590e-02
 34  0.00087  1.12881e-02 | 35  0.00155  1.26141e-01 | 36  0.00140  3.74192e-02
 37  0.00142 -1.29919e-02 | 38  0.00190  4.46708e-02 | 39  0.00196  9.27513e-04
 40  0.00248  6.69454e-02 | 41  0.00260  3.48995e-02 | 42  0.00299  6.82049e-02
 43  0.00323  6.80831e-02 | 44  0.00338  4.78880e-02 | 45  0.00371  7.77474e-02
 46  0.00396  9.48371e-02 | 47  0.00384  3.20597e-02 | 48  0.00400  5.23232e-02
 49  0.00418  9.02760e-02 | 50  0.00398  5.71083e-02 | 51  0.00399  9.15857e-02
 52  0.00382  1.05774e-01 | 53  0.00329  5.43060e-02 | 54  0.00301  8.35217e-02
 55  0.00249  7.10684e-02 | 56  0.00202  8.34823e-02 | 57  0.00141  7.08175e-02
 58  0.00120  1.57004e-01 | 59  0.00047  1.09636e-01 | 60 -0.00025  5.04244e-02
 61 -0.00061  5.60213e-02 | 62 -0.00086  5.72817e-02 | 63 -0.00094  6.16545e-02
 64 -0.00086  5.81901e-02 | 65 -0.00038  1.00099e-01 | 66  0.00023  1.13709e-01
 67  0.00090  7.58988e-02 | 68  0.00215  1.20884e-01 | 69  0.00332  8.35607e-02
 70  0.00478  6.18782e-02 | 71  0.00709  1.95024e-01 | 72  0.00859  1.03444e-01
 73  0.01058  1.01030e-01 | 74  0.01262  1.07535e-01 | 75  0.01432  6.98503e-02
 76  0.01604  1.29660e-01 | 77  0.01688  1.41781e-01 | 78  0.01675  1.08712e-01
 79  0.01638  1.78074e-01 | 80  0.01504  1.60402e-01 | 81  0.01314  1.17479e-01
 82  0.01113  1.26573e-01 | 83  0.00915  2.05820e-01 | 84  0.00594  6.28105e-02
 85  0.00346  1.45312e-01 | 86  0.00034  9.61952e-02 | 87 -0.00215  1.51172e-01
 88 -0.00461  6.72226e-02 | 89 -0.00562  1.22423e-01 | 90 -0.00594  1.16966e-01
 91 -0.00556  1.29566e-01 | 92 -0.00500  1.52241e-01 | 93 -0.00477  1.31421e-01
 94 -0.00439  1.11206e-01 | 95 -0.00314  2.33699e-01 | 96 -0.00284  2.01227e-01
 97 -0.00177  1.99280e-01 | 98 -0.00004  7.52025e-02 | 99  0.00395  1.65836e-01
100  0.00381  1.49793e-01 |101  0.00124  1.21602e-01 |102 -0.00319  1.62999e-01
103 -0.01403  1.13432e-01 |104 -0.01740  2.17529e-02 |105 -0.00690  1.59155e-01
106 -0.01467 -4.19274e-03 |107 -0.03445  9.08231e-02 |108 -0.02169  7.63992e-02
109  0.02632 -9.77702e-03 |110 -0.00483 -4.60995e-02 |111 -0.04189 -1.78454e-02
112 -0.02917 -6.48872e-02 |113 -0.01216 -1.29168e-02 |114  0.00702 -5.90878e-02
115 -0.01220 -1.97483e-02 |116 -0.06968 -4.44577e-02 |117 -0.08221 -6.67374e-02
118 -0.07418 -1.14963e-01 |119 -0.03744 -1.57395e-01 |120  0.10200 -5.39357e-01
121  0.05850 -5.21117e-01 |122  0.04321 -5.07170e-01 |123 -0.01195 -2.66212e-01
124 -0.05372 -2.07370e-01 |125 -0.00019 -2.69406e-01 |126  0.01124 -2.56683e-01
127 -0.03818 -1.61855e-01 |128  0.00545 -1.62328e-01 |129  0.05200 -1.13328e-01
130 -0.01257 -4.08376e-02 |131  0.06620  4.99226e-02 |132 -0.00342  9.00178e-03
133  0.12105  1.43837e-02 |134 -0.00450  6.08819e-03 |135 -0.05040  1.04320e-03
136 -0.06320 -3.88955e-02 |137 -0.02897 -4.64308e-03 |138  0.08949  1.38428e-02
139  0.02439  3.14211e-02 |140  0.01545  1.90696e-02 |141 -0.03470  2.33285e-02
142 -0.01591 -2.93973e-02 |143 -0.00385  1.21293e-02 |144 -0.00067 -6.09547e-02
145  0.44082  1.29661e-01 |146  0.33930  1.27861e+00 |147 -0.16082  1.18324e+01
148  0.06949  9.06276e-02 |149 -0.43090 -9.22834e-03 |150 -0.94505 -3.62570e-02
151 -0.15917  6.79391e-03 |152 -0.01925 -1.39183e-04 |153  0.01022  8.11336e-03
154 -0.44980 -2.61736e-03 |155  0.23665  2.99977e-03 |156 -0.03198 -1.87504e-04
157  0.17995  1.76407e-03 |158 -0.37956 -2.13187e-03 |159 -0.19535 -8.82577e-04
160 -0.43428  3.84744e-03 |161 -0.39011 -1.88404e-02 |162  0.07543  7.19800e-03
163  0.14448 -1.98314e-01 |164 -0.20008 -1.02124e-03 |165 -0.32966  5.86802e-02
166  0.24606 -9.50231e-02 |167  0.05043  7.94727e-02 |168 -0.18109  3.44294e-01
169  0.18306 -1.77181e-02 |170  0.30989  5.01100e-02 |171  0.07932  7.17643e-02
172 -0.54746  7.44334e-05 |173 -0.36206 -2.58114e-02 |174  0.24169  7.47981e-03
175  0.06739 -8.53828e-02 |176 -0.10610 -2.36960e-01 |177  0.02113  6.34748e-01
178  0.25937 -9.89073e-02 |179 -0.06112 -6.42861e-02 |180 -0.20633 -1.05545e-03
181 -0.31879 -1.71937e-03 |182 -0.25976 -1.35812e-03 |183 -0.24331  4.41261e-01
184 -0.47072 -2.46873e-03 |185 -1.31882  4.83864e-01 |186 -0.39528 -2.24712e-03
187  0.08128 -8.22383e-01 |188 -0.60451 -3.30858e-03 |189  0.70240 -1.40675e+00
190  0.10475 -1.19555e+02 |191  0.13784  3.03109e+00 |192 -0.56597  1.12181e-01
193 -0.32508 -2.56656e-03 |194 -0.45661 -8.24047e-02 |195  0.13994 -5.13572e-03
196 -0.77559 -8.49786e-03 |197 -0.55943  3.10278e-01 |198  0.16994  7.42993e-02
199  0.09250  4.09967e+00 |200 -0.25318  6.66206e-01 |
200 variables; iteration 300; function evaluation 435; phase 4
Function value 6.8800808e+03; maximum gradient component mag -1.2434e+02
Var    Value     Gradient |Var    Value     Gradient |Var    Value     Gradient
  1 -0.41191  5.47440e+00 |  2  0.34681  4.29465e-01 |  3 -0.19466  3.91644e+00
  4  0.07795  1.15678e+00 |  5 -0.60635  3.63654e-02 |  6 -0.64873  2.03264e+00
  7  0.35953 -1.05275e-01 |  8 -0.21859  7.79055e+00 |  9  0.08866  1.38622e+00
 10 -0.52575  4.26659e-01 | 11 -0.65917  3.79142e+00 | 12 -0.19046 -6.35167e+00
 13 -0.00051  4.85752e-02 | 14 -0.00071 -3.47554e-03 | 15 -0.00021  1.17182e-01
 16 -0.00204 -3.39558e-01 | 17 -0.00109 -1.09196e-01 | 18 -0.00120 -1.44499e-01
 19 -0.00163 -2.61563e-01 | 20 -0.00123 -1.73875e-01 | 21 -0.00062 -3.49792e-02
 22 -0.00078 -9.10215e-02 | 23  0.00003  9.05968e-02 | 24 -0.00083 -1.43776e-01
 25 -0.00059 -1.08389e-01 | 26 -0.00034 -7.51578e-02 | 27 -0.00175 -4.51460e-01
 28  0.00126  2.55542e-01 | 29  0.00005 -7.91356e-02 | 30 -0.00033 -2.14051e-01
 31  0.00023 -1.18943e-01 | 32  0.00053 -9.06187e-02 | 33  0.00073 -9.25169e-02
 34  0.00083 -1.19021e-01 | 35  0.00179  5.87840e-02 | 36  0.00108 -1.71261e-01
 37  0.00130 -1.77584e-01 | 38  0.00181 -1.14510e-01 | 39  0.00149 -2.56539e-01
 40  0.00257 -5.98211e-02 | 41  0.00263 -1.10871e-01 | 42  0.00255 -1.95595e-01
 43  0.00363 -3.99593e-04 | 44  0.00312 -1.84293e-01 | 45  0.00371 -9.98898e-02
 46  0.00364 -1.65020e-01 | 47  0.00350 -2.35755e-01 | 48  0.00386 -1.76760e-01
 49  0.00408 -1.36431e-01 | 50  0.00346 -2.75558e-01 | 51  0.00382 -1.64920e-01
 52  0.00396 -8.45810e-02 | 53  0.00339 -1.51515e-01 | 54  0.00297 -1.64242e-01
 55  0.00282 -9.35250e-02 | 56  0.00172 -2.39940e-01 | 57  0.00115 -2.50742e-01
 58  0.00108 -1.39102e-01 | 59  0.00048 -1.62935e-01 | 60  0.00018 -1.29964e-01
 61 -0.00029 -1.59302e-01 | 62 -0.00015 -7.08732e-02 | 63 -0.00240 -6.13095e-01
 64 -0.00112 -3.31247e-01 | 65 -0.00028 -2.15874e-01 | 66  0.00011 -2.69001e-01
 67  0.00094 -2.81240e-01 | 68  0.00207 -2.84173e-01 | 69  0.00309 -3.71333e-01
 70  0.00461 -3.94506e-01 | 71  0.00684 -2.99917e-01 | 72  0.00865 -3.39127e-01
 73  0.01064 -3.66277e-01 | 74  0.01245 -4.35657e-01 | 75  0.01475 -3.65534e-01
 76  0.01624 -3.78628e-01 | 77  0.01713 -3.74019e-01 | 78  0.01700 -4.17614e-01
 79  0.01646 -3.93825e-01 | 80  0.01533 -3.68440e-01 | 81  0.01369 -3.51956e-01
 82  0.01148 -3.80451e-01 | 83  0.00931 -3.34970e-01 | 84  0.00594 -5.01223e-01
 85  0.00389 -3.03790e-01 | 86  0.00070 -3.50785e-01 | 87 -0.00140 -1.79023e-01
 88 -0.00458 -4.22465e-01 | 89 -0.00527 -2.69477e-01 | 90 -0.00518 -1.56202e-01
 91 -0.00469 -1.01785e-01 | 92 -0.00434 -1.20827e-01 | 93 -0.00426 -1.70134e-01
 94 -0.00362 -1.06931e-01 | 95 -0.00257 -1.32346e-02 | 96 -0.00223  7.62316e-03
 97 -0.00144 -5.16321e-03 | 98  0.00050  2.74557e-03 | 99  0.00458  2.15223e-01
100  0.00416  2.53996e-01 |101  0.00132  2.96238e-01 |102 -0.00325  4.36889e-01
103 -0.01414  4.54465e-01 |104 -0.01774  3.53080e-01 |105 -0.00684  7.26559e-01
106 -0.01494  4.82526e-01 |107 -0.03446  5.40085e-01 |108 -0.02189  5.15944e-01
109  0.02622  7.29984e-01 |110 -0.00463  6.11205e-01 |111 -0.04140  5.73472e-01
112 -0.02924  3.73830e-01 |113 -0.01241  4.40628e-01 |114  0.00728  6.64280e-01
115 -0.01243  4.99225e-01 |116 -0.06985  3.10894e-01 |117 -0.08239  3.11335e-01
118 -0.07444  2.74315e-01 |119 -0.03775  3.95834e-01 |120  0.10207  1.40077e+00
121  0.05822  7.17735e-01 |122  0.04285  4.80199e-01 |123 -0.01211  3.78633e-01
124 -0.05370  2.72680e-01 |125  0.00004  4.87562e-01 |126  0.01207  6.30331e-01
127 -0.03735  3.66915e-01 |128  0.00610  2.22885e-01 |129  0.05223  4.64524e-02
130 -0.01237 -6.71818e-02 |131  0.06582 -2.75855e-01 |132 -0.00320  2.70560e-02
133  0.12089 -1.40863e-01 |134 -0.00426  6.88259e-02 |135 -0.05041 -1.36769e-02
136 -0.06308  1.50982e-02 |137 -0.02901  2.49087e-02 |138  0.08930 -4.05881e-03
139  0.02427 -2.17605e-02 |140  0.01545  1.89861e-02 |141 -0.03454  7.56059e-02
142 -0.01584 -3.34218e-02 |143 -0.00392 -1.22763e-02 |144 -0.00079 -9.08293e-02
145  0.44031  3.69157e-01 |146  0.33635 -9.57640e-01 |147 -0.16088 -1.24341e+02
148 -0.16937 -8.29894e-04 |149 -0.65578 -1.35052e-02 |150 -0.59333 -4.26928e-03
151 -0.13988 -7.94298e-03 |152  0.18405  3.83656e-03 |153 -0.11984 -1.59308e-03
154 -0.35902 -1.15155e-03 |155  0.23469  2.61742e-03 |156 -0.42541 -2.47994e-03
157  0.19183  1.68930e-01 |158 -0.33841 -1.84737e-03 |159 -0.31528 -1.69692e-03
160 -0.56744 -3.41879e-03 |161 -0.40204 -2.28038e-03 |162 -0.22046 -1.13362e-03
163  0.15164 -3.34427e+00 |164 -0.48140 -5.20601e-04 |165 -0.32933  1.89134e-01
166  0.24618 -1.65672e-01 |167  0.05036  1.35145e-01 |168 -0.18117  1.41556e+00
169  0.18242  2.06568e-01 |170  0.30982 -1.11803e-01 |171  0.07939  1.34245e+00
172 -0.54897  8.82065e-06 |173 -0.35968  1.00546e-01 |174  0.24239 -7.33143e-02
175  0.06692 -1.91775e-01 |176 -0.10649 -9.02085e-01 |177  0.02031  1.66119e-01
178  0.27528  1.52188e-03 |179 -0.13724 -1.07534e-03 |180 -0.34485 -1.89043e-03
181 -0.46178 -2.78534e-03 |182 -0.56472 -3.85533e-03 |183 -0.24788  1.73755e+00
184 -0.43094 -1.25544e-03 |185 -1.31742 -7.69462e-01 |186 -0.63875 -4.92888e-03
187  0.08180  2.46968e+00 |188 -0.87400 -1.56239e-02 |189  0.68055 -2.00763e+00
190  0.10494 -1.87438e+01 |191  0.11815  2.56101e+00 |192 -0.79936 -9.63469e-03
193  0.17660  8.94534e-04 |194 -0.20471 -2.56410e-03 |195  0.43638  2.56894e-03
196 -0.92863 -2.78748e-02 |197 -0.55705 -2.19059e-01 |198  0.17074  5.64518e-02
199  0.09111 -2.66434e+00 |200 -0.24807 -2.67606e-01 |
200 variables; iteration 320; function evaluation 456; phase 4
Function value 6.8800396e+03; maximum gradient component mag -1.5455e+01
Var    Value     Gradient |Var    Value     Gradient |Var    Value     Gradient
  1 -0.41330 -2.47079e-01 |  2  0.34689 -1.02264e-01 |  3 -0.19434  1.13948e+00
  4  0.07755  6.23464e-02 |  5 -0.60626 -7.92964e-03 |  6 -0.64865  9.40113e-01
  7  0.35947 -2.11218e-02 |  8 -0.21872  1.84311e+00 |  9  0.08887  1.44604e-01
 10 -0.52579  5.02321e-02 | 11 -0.65921  1.48045e+00 | 12 -0.19147  9.75694e-01
 13 -0.00078  3.68716e-02 | 14 -0.00100 -1.76944e-02 | 15 -0.00087  1.26923e-02
 16 -0.00080  2.78320e-02 | 17 -0.00101 -2.89636e-02 | 18 -0.00109 -5.47240e-02
 19 -0.00087 -6.66657e-03 | 20 -0.00073  1.68104e-02 | 21 -0.00081 -1.38288e-02
 22 -0.00042  6.83504e-02 | 23 -0.00063 -4.86646e-04 | 24 -0.00048  1.86591e-02
 25 -0.00055 -2.27378e-02 | 26 -0.00052 -3.96425e-02 | 27  0.00005  7.14634e-02
 28 -0.00032 -5.02154e-02 | 29  0.00005  6.62905e-03 | 30  0.00028  2.47249e-02
 31  0.00019 -3.95734e-02 | 32  0.00043 -2.22798e-02 | 33  0.00065 -1.63720e-02
 34  0.00098  1.35878e-02 | 35  0.00090 -5.69446e-02 | 36  0.00139  7.77783e-03
 37  0.00169  2.29094e-02 | 38  0.00189  1.17087e-02 | 39  0.00210  3.83050e-03
 40  0.00257  5.55543e-02 | 41  0.00252 -2.02433e-02 | 42  0.00288  3.41960e-03
 43  0.00320  2.11265e-02 | 44  0.00338  6.16777e-03 | 45  0.00343 -3.55264e-02
 46  0.00383  1.53679e-02 | 47  0.00386 -1.32809e-02 | 48  0.00405  1.08321e-02
 49  0.00413  2.24314e-02 | 50  0.00396 -8.70212e-03 | 51  0.00388  3.06440e-03
 52  0.00373  1.81552e-02 | 53  0.00345  2.44805e-02 | 54  0.00291 -1.39178e-02
 55  0.00257  1.48346e-02 | 56  0.00205  1.26965e-02 | 57  0.00147  3.95666e-03
 58  0.00078 -3.08282e-02 | 59  0.00045  1.50859e-02 | 60 -0.00011 -1.00532e-02
 61 -0.00029  3.67222e-02 | 62 -0.00057  2.73698e-02 | 63 -0.00047  7.28658e-02
 64 -0.00058  1.74545e-02 | 65 -0.00016  3.75552e-02 | 66  0.00022 -1.33238e-02
 67  0.00129  4.38648e-02 | 68  0.00222  1.41460e-03 | 69  0.00350 -1.40465e-02
 70  0.00493 -4.95821e-02 | 71  0.00714  5.46109e-02 | 72  0.00881 -7.98371e-03
 73  0.01077 -2.71289e-02 | 74  0.01279 -3.85783e-02 | 75  0.01483 -1.39599e-02
 76  0.01635 -1.20252e-02 | 77  0.01746  4.69151e-02 | 78  0.01721 -1.97320e-02
 79  0.01652 -3.07452e-02 | 80  0.01547  6.30239e-03 | 81  0.01381  1.06916e-02
 82  0.01165 -2.17315e-02 | 83  0.00947  5.70748e-03 | 84  0.00672 -3.67371e-02
 85  0.00397 -2.28603e-02 | 86  0.00100 -4.16088e-02 | 87 -0.00136  3.89413e-02
 88 -0.00388 -6.67848e-02 | 89 -0.00498 -4.17673e-02 | 90 -0.00524 -4.27164e-02
 91 -0.00479 -2.28506e-02 | 92 -0.00431 -3.01862e-02 | 93 -0.00405 -5.46279e-02
 94 -0.00362 -6.45983e-02 | 95 -0.00270 -3.31339e-02 | 96 -0.00234 -4.38863e-02
 97 -0.00137 -5.95980e-02 | 98  0.00068 -8.47162e-02 | 99  0.00438 -4.87916e-02
100  0.00383 -1.22744e-01 |101  0.00120 -1.12484e-01 |102 -0.00345 -6.45686e-02
103 -0.01420 -2.52106e-02 |104 -0.01764 -9.61140e-02 |105 -0.00751 -1.86681e-02
106 -0.01499 -5.15938e-02 |107 -0.03494  3.78736e-03 |108 -0.02222 -2.89686e-03
109  0.02574 -1.19606e-02 |110 -0.00542 -1.63624e-02 |111 -0.04243  1.15346e-02
112 -0.02968  5.17708e-02 |113 -0.01288  1.07621e-01 |114  0.00622  1.27388e-01
115 -0.01325  1.23017e-01 |116 -0.07039  1.62729e-01 |117 -0.08306  1.18104e-01
118 -0.07495  9.75430e-02 |119 -0.03812  1.31345e-01 |120  0.10120  4.97450e-01
121  0.05807  3.09716e-01 |122  0.04263  1.65158e-01 |123 -0.01194  2.01071e-01
124 -0.05351  1.05935e-01 |125  0.00017  8.83670e-02 |126  0.01180  3.16360e-02
127 -0.03777 -1.76939e-02 |128  0.00566 -6.31118e-02 |129  0.05151 -1.40121e-01
130 -0.01279 -8.10841e-02 |131  0.06567 -4.77157e-02 |132 -0.00361  1.63667e-02
133  0.12063 -5.91222e-02 |134 -0.00454  1.21477e-02 |135 -0.05047  1.04799e-02
136 -0.06335 -6.29169e-02 |137 -0.02914 -1.38591e-02 |138  0.08928  4.71122e-03
139  0.02426 -7.79271e-04 |140  0.01528 -3.88270e-02 |141 -0.03469  3.57083e-02
142 -0.01573  2.94747e-03 |143 -0.00381  1.46898e-02 |144 -0.00035  1.77333e-02
145  0.44247  1.28058e-01 |146  0.33955  1.03739e-01 |147 -0.16088 -4.89126e+00
148 -0.28003 -1.27263e-03 |149 -0.48353 -3.46584e-03 |150 -0.60169 -4.44603e-03
151 -0.14055 -4.33208e-03 |152 -0.12944 -6.47746e-04 |153 -0.08460 -1.41134e-03
154 -0.28682  5.77263e-03 |155  0.23804  6.10311e-03 |156 -0.26509 -1.38943e-03
157  0.16796 -8.36140e-03 |158 -0.07537  4.58884e-04 |159 -0.15118  8.30922e-04
160 -0.44341  3.22490e-03 |161 -0.40143 -5.86200e-03 |162  0.00869  1.10282e-03
163  0.15178 -5.06091e+00 |164 -0.58346 -2.09326e-03 |165 -0.32959  8.06907e-02
166  0.24608 -5.80182e-02 |167  0.05045  1.06593e-01 |168 -0.18141  4.89729e-01
169  0.18197  2.23868e-02 |170  0.30980  1.52281e-02 |171  0.07936  1.94788e-01
172 -0.55034 -1.32750e-04 |173 -0.36132 -4.97092e-03 |174  0.24188  1.43558e-02
175  0.06757 -8.16654e-02 |176 -0.10628  2.36421e-01 |177  0.01951  2.27267e-02
178  0.28025  1.81104e-03 |179 -0.15826 -7.96404e-04 |180 -0.20368 -1.04091e-03
181 -0.39896 -2.27472e-03 |182 -0.29470 -1.56793e-03 |183 -0.24742 -3.99990e-01
184 -0.34289  5.13482e-03 |185 -1.31769 -2.23828e-03 |186 -0.55342 -3.71864e-03
187  0.08105  4.20937e-01 |188 -0.80643 -9.93665e-03 |189  0.68148 -8.49953e-01
190  0.10620 -1.54551e+01 |191  0.11941  1.52305e+00 |192 -0.42743 -2.49615e-03
193  0.21636  9.83673e-04 |194 -0.10055  4.06075e-02 |195  0.01882 -4.25080e-03
196 -0.45190  1.64011e-02 |197 -0.55919  3.12451e-03 |198  0.16991  1.79084e-02
199  0.09181  3.43917e-01 |200 -0.25120 -6.80016e-02 |
200 variables; iteration 340; function evaluation 481; phase 4
Function value 6.8800127e+03; maximum gradient component mag -5.6456e+00
Var    Value     Gradient |Var    Value     Gradient |Var    Value     Gradient
  1 -0.41425  4.88949e-01 |  2  0.34657  6.47032e-02 |  3 -0.19460  1.10723e+00
  4  0.07837  2.13451e-01 |  5 -0.60592 -1.71994e-02 |  6 -0.64886  7.07709e-01
  7  0.35901  8.29353e-02 |  8 -0.21925  1.00903e+00 |  9  0.09016  2.54551e-01
 10 -0.52541 -2.98142e-02 | 11 -0.65953 -2.15535e-02 | 12 -0.19178 -9.06711e-01
 13 -0.00089  2.38250e-03 | 14 -0.00097 -1.64883e-02 | 15 -0.00091 -4.47215e-03
 16 -0.00081  1.89678e-02 | 17 -0.00088 -4.11742e-03 | 18 -0.00089 -1.15634e-02
 19 -0.00071  2.45118e-02 | 20 -0.00074  5.66844e-03 | 21 -0.00073 -3.86390e-03
 22 -0.00062  9.72931e-03 | 23 -0.00065 -1.40678e-02 | 24 -0.00042  2.22106e-02
 25 -0.00040  4.02836e-03 | 26 -0.00040 -2.22246e-02 | 27 -0.00005  3.48596e-02
 28 -0.00023 -3.95037e-02 | 29  0.00009  2.79815e-03 | 30  0.00031  1.80253e-02
 31  0.00040 -1.89394e-03 | 32  0.00056 -6.51106e-03 | 33  0.00076 -6.80388e-03
 34  0.00094 -1.18575e-02 | 35  0.00105 -3.82092e-02 | 36  0.00148  9.99506e-03
 37  0.00172  9.10553e-03 | 38  0.00197  9.38502e-03 | 39  0.00223  1.03575e-02
 40  0.00250  1.20550e-02 | 41  0.00263 -1.97879e-02 | 42  0.00303  1.18285e-02
 43  0.00317 -1.56753e-02 | 44  0.00347 -2.38808e-03 | 45  0.00357 -3.40154e-02
 46  0.00380 -2.66170e-02 | 47  0.00404 -6.78534e-03 | 48  0.00420  7.98478e-03
 49  0.00417 -8.41081e-03 | 50  0.00420  7.38915e-03 | 51  0.00399 -1.40855e-02
 52  0.00381 -8.85053e-03 | 53  0.00353 -3.76386e-03 | 54  0.00308 -2.25596e-02
 55  0.00271 -3.24771e-03 | 56  0.00217 -1.17883e-02 | 57  0.00164 -1.17314e-02
 58  0.00100 -3.67084e-02 | 59  0.00059 -9.74701e-03 | 60  0.00005 -3.28769e-02
 61 -0.00022 -8.31534e-03 | 62 -0.00047 -1.21370e-02 | 63 -0.00042  1.81095e-02
 64 -0.00038 -3.22177e-03 | 65 -0.00006 -8.97525e-03 | 66  0.00043 -3.26455e-02
 67  0.00140 -1.94790e-03 | 68  0.00236 -3.82256e-02 | 69  0.00372 -3.58669e-02
 70  0.00530 -3.69669e-02 | 71  0.00710 -3.34840e-02 | 72  0.00912 -1.60486e-02
 73  0.01100 -5.49546e-02 | 74  0.01312 -4.66946e-02 | 75  0.01518 -2.03104e-02
 76  0.01662 -3.37696e-02 | 77  0.01741 -4.49966e-02 | 78  0.01746 -4.61379e-02
 79  0.01670 -6.82042e-02 | 80  0.01546 -6.70764e-02 | 81  0.01385 -4.97416e-02
 82  0.01173 -6.48104e-02 | 83  0.00936 -7.36872e-02 | 84  0.00670 -8.71664e-02
 85  0.00397 -6.29246e-02 | 86  0.00106 -5.92332e-02 | 87 -0.00158 -3.73044e-02
 88 -0.00386 -7.62470e-02 | 89 -0.00500 -5.27222e-02 | 90 -0.00522 -3.91032e-02
 91 -0.00495 -6.06827e-02 | 92 -0.00440 -4.76138e-02 | 93 -0.00410 -6.05944e-02
 94 -0.00366 -6.91415e-02 | 95 -0.00289 -7.40758e-02 | 96 -0.00256 -9.17684e-02
 97 -0.00140 -5.48070e-02 | 98  0.00085 -3.30336e-02 | 99  0.00440 -3.07833e-02
100  0.00397 -7.98380e-02 |101  0.00155 -2.16018e-02 |102 -0.00335 -3.28941e-02
103 -0.01403  2.09201e-02 |104 -0.01712  4.34499e-02 |105 -0.00721  6.51899e-02
106 -0.01446  1.14281e-01 |107 -0.03450  1.42593e-01 |108 -0.02184  1.47572e-01
109  0.02628  2.19204e-01 |110 -0.00503  1.79829e-01 |111 -0.04208  1.63472e-01
112 -0.02954  1.54732e-01 |113 -0.01291  1.62905e-01 |114  0.00627  2.13437e-01
115 -0.01355  1.27685e-01 |116 -0.07087  8.75178e-02 |117 -0.08362  5.52584e-02
118 -0.07560  3.43804e-02 |119 -0.03872  5.66507e-02 |120  0.09992  1.39886e-01
121  0.05686  3.62851e-02 |122  0.04145 -5.44715e-02 |123 -0.01277  1.22589e-02
124 -0.05409 -4.21996e-02 |125 -0.00004 -5.55459e-02 |126  0.01197 -7.60108e-02
127 -0.03766 -9.14815e-02 |128  0.00561 -8.99786e-02 |129  0.05097 -7.73155e-02
130 -0.01291 -3.14263e-02 |131  0.06515  7.67522e-05 |132 -0.00384  5.24663e-02
133  0.12027  2.70071e-02 |134 -0.00462  1.48866e-02 |135 -0.05061 -8.45055e-03
136 -0.06335 -2.10931e-02 |137 -0.02933  8.74735e-05 |138  0.08891  1.63899e-02
139  0.02408 -6.80313e-03 |140  0.01521 -1.65598e-02 |141 -0.03483  1.25441e-02
142 -0.01563  2.11131e-02 |143 -0.00391 -2.16268e-02 |144 -0.00040  5.31831e-03
145  0.44341 -1.16097e-02 |146  0.33958 -1.79442e-02 |147 -0.16089  2.27880e-01
148 -0.18727 -8.82366e-04 |149 -0.23997 -1.25317e-03 |150 -0.29618  6.27540e-02
151 -0.17731 -6.08098e-03 |152 -0.22006 -1.13141e-03 |153 -0.05924 -1.89935e-03
154 -0.31614  1.60797e-03 |155  0.22907  1.44318e-03 |156 -0.12337 -6.16542e-04
157  0.16350 -4.68354e-02 |158 -0.10774  4.88964e-05 |159 -0.30530 -1.63381e-03
160 -0.48736 -7.22356e-04 |161 -0.40581 -2.33398e-03 |162 -0.06960 -3.44828e-04
163  0.15186  3.43929e+00 |164 -0.78594 -7.40578e-03 |165 -0.33026  5.70974e-02
166  0.24596 -4.03033e-02 |167  0.05052  1.01312e-01 |168 -0.18172 -3.71870e-03
169  0.18118 -5.82319e-02 |170  0.30983  4.93540e-02 |171  0.07942 -1.26840e-01
172 -0.55232 -2.94407e-04 |173 -0.36040 -3.20106e-02 |174  0.24207  6.95301e-02
175  0.06775 -7.98751e-02 |176 -0.10692 -1.31928e-01 |177  0.01798  9.65953e-02
178  0.28011  2.52018e-02 |179 -0.18549 -9.42434e-04 |180 -0.17160 -8.67972e-04
181 -0.32852 -1.78227e-03 |182 -0.17527  5.32986e-03 |183 -0.24595 -5.29694e-02
184 -0.34356  5.13723e-03 |185 -1.31614  1.84907e-01 |186 -0.57363 -3.96754e-03
187  0.08059 -2.43233e-01 |188 -0.82366 -1.09873e-02 |189  0.67620 -3.03197e-01
190  0.10815 -5.64560e+00 |191  0.11467  9.34083e-01 |192 -0.21131  4.91442e-03
193  0.04822 -1.36460e-03 |194 -0.12088  8.12525e-03 |195  0.11167 -1.35319e-03
196 -0.47563  1.06762e-02 |197 -0.55852 -6.20764e-04 |198  0.17013 -1.51269e-02
199  0.09170 -2.07878e-01 |200 -0.25091 -1.17232e-02 |
200 variables; iteration 360; function evaluation 511; phase 4
Function value 6.8799512e+03; maximum gradient component mag 6.1481e+00
Var    Value     Gradient |Var    Value     Gradient |Var    Value     Gradient
  1 -0.41568 -1.40672e+00 |  2  0.34584 -1.77238e-01 |  3 -0.19689  1.65837e-01
  4  0.08142 -2.91732e-01 |  5 -0.60600 -3.92658e-02 |  6 -0.64931  8.94588e-01
  7  0.35843 -9.68551e-02 |  8 -0.22154  8.15423e-01 |  9  0.09291 -1.15966e-01
 10 -0.52517 -3.32700e-02 | 11 -0.65978  1.25072e+00 | 12 -0.19398  2.15070e+00
 13 -0.00090  7.10773e-03 | 14 -0.00093 -1.77498e-03 | 15 -0.00088  9.79299e-03
 16 -0.00084  1.65048e-02 | 17 -0.00087  6.45272e-03 | 18 -0.00078  2.17196e-02
 19 -0.00075  2.06727e-02 | 20 -0.00076  9.33193e-03 | 21 -0.00070  1.19237e-02
 22 -0.00071 -4.33804e-03 | 23 -0.00060  6.06932e-03 | 24 -0.00047  1.83615e-02
 25 -0.00035  2.47495e-02 | 26 -0.00030  1.16134e-02 | 27 -0.00015  2.00073e-02
 28 -0.00001  2.36431e-02 | 29  0.00011  1.66021e-02 | 30  0.00027  1.89850e-02
 31  0.00046  2.42140e-02 | 32  0.00059  1.05075e-02 | 33  0.00074  8.43515e-04
 34  0.00094 -1.33518e-03 | 35  0.00121  1.13885e-02 | 36  0.00147  1.98622e-02
 37  0.00170  1.73027e-02 | 38  0.00197  2.29060e-02 | 39  0.00225  3.10818e-02
 40  0.00246  1.83961e-02 | 41  0.00274  2.12724e-02 | 42  0.00301  2.39942e-02
 43  0.00322  1.43181e-02 | 44  0.00350  2.12901e-02 | 45  0.00377  3.38180e-02
 46  0.00396  3.37049e-02 | 47  0.00409  2.80305e-02 | 48  0.00422  3.53716e-02
 49  0.00420  2.26419e-02 | 50  0.00420  3.35461e-02 | 51  0.00407  3.13720e-02
 52  0.00384  2.71775e-02 | 53  0.00355  3.13762e-02 | 54  0.00323  4.59283e-02
 55  0.00275  4.07329e-02 | 56  0.00223  3.70116e-02 | 57  0.00167  3.40121e-02
 58  0.00110  2.79887e-02 | 59  0.00065  4.55588e-02 | 60  0.00018  4.33134e-02
 61 -0.00022  3.84531e-02 | 62 -0.00043  4.58201e-02 | 63 -0.00054  3.97385e-02
 64 -0.00042  4.29025e-02 | 65 -0.00009  4.26078e-02 | 66  0.00049  4.68265e-02
 67  0.00126  3.26941e-02 | 68  0.00239  4.27976e-02 | 69  0.00373  4.43087e-02
 70  0.00521  2.64151e-02 | 71  0.00710  5.73071e-02 | 72  0.00894  4.23586e-02
 73  0.01099  4.83096e-02 | 74  0.01298  3.27900e-02 | 75  0.01489  3.51507e-02
 76  0.01635  3.16251e-02 | 77  0.01722  4.54911e-02 | 78  0.01721  3.56592e-02
 79  0.01659  4.74771e-02 | 80  0.01534  4.78756e-02 | 81  0.01360  3.91690e-02
 82  0.01154  3.67647e-02 | 83  0.00923  3.93128e-02 | 84  0.00658  2.66632e-02
 85  0.00380  3.50638e-02 | 86  0.00083  1.60584e-02 | 87 -0.00180  3.02491e-02
 88 -0.00392  2.21169e-02 | 89 -0.00506  3.32979e-02 | 90 -0.00544 -3.55472e-03
 91 -0.00499  9.63849e-03 | 92 -0.00447  9.55854e-03 | 93 -0.00408  1.49090e-02
 94 -0.00363  8.07354e-03 | 95 -0.00273  3.48648e-02 | 96 -0.00237  2.66096e-02
 97 -0.00139  1.84173e-02 | 98  0.00071  3.21627e-03 | 99  0.00437  1.95061e-02
100  0.00423  2.77134e-02 |101  0.00159  1.46498e-02 |102 -0.00315  1.56741e-02
103 -0.01395  1.70714e-02 |104 -0.01701  1.85780e-02 |105 -0.00689  3.90774e-02
106 -0.01422  2.97347e-02 |107 -0.03430  3.28931e-02 |108 -0.02145  2.60852e-02
109  0.02737  4.53654e-02 |110 -0.00390  4.57864e-02 |111 -0.04105  1.81569e-02
112 -0.02822  1.41028e-02 |113 -0.01133  1.59341e-02 |114  0.00812 -3.57961e-04
115 -0.01160 -2.02749e-02 |116 -0.06940 -3.74987e-02 |117 -0.08222 -4.12485e-02
118 -0.07470 -6.60446e-02 |119 -0.03845 -7.17636e-02 |120  0.09812 -2.68632e-01
121  0.05409 -2.06920e-01 |122  0.03866 -1.71922e-01 |123 -0.01478 -1.20330e-01
124 -0.05544 -9.41936e-02 |125 -0.00035 -1.34599e-01 |126  0.01247 -1.30336e-01
127 -0.03718 -6.50789e-02 |128  0.00510 -5.08766e-02 |129  0.04918 -5.83693e-03
130 -0.01357  1.35041e-02 |131  0.06398  8.26009e-03 |132 -0.00440  1.29849e-02
133  0.11959  1.88423e-02 |134 -0.00486 -7.73362e-03 |135 -0.05070  4.69744e-03
136 -0.06351  3.60985e-03 |137 -0.02975 -7.28104e-03 |138  0.08806 -2.39602e-03
139  0.02379 -1.06112e-02 |140  0.01494 -1.12761e-02 |141 -0.03497 -1.23163e-02
142 -0.01566  4.98134e-03 |143 -0.00373  4.69354e-03 |144 -0.00047 -1.14841e-02
145  0.44676 -2.08165e-02 |146  0.34281 -4.53859e-02 |147 -0.16089  1.37797e-01
148  0.01161  5.64115e-05 |149  0.02527 -1.22171e-01 |150 -0.43965  4.25750e-03
151 -0.17128 -5.70772e-03 |152  0.01655  1.23187e-04 |153 -0.20057 -1.63144e-03
154 -0.33277  2.59403e-03 |155  0.22569  1.24354e-03 |156 -0.11517 -5.74625e-04
157  0.17036 -3.08165e-03 |158 -0.33352 -1.81506e-03 |159 -0.42204 -2.45305e-03
160 -0.43952  3.02463e-03 |161 -0.41213 -2.45862e-03 |162 -0.22047 -1.13369e-03
163  0.15187  6.14807e+00 |164 -0.78996 -6.65860e-03 |165 -0.33098  1.47940e-02
166  0.24595 -2.05179e-02 |167  0.05034  2.45082e-02 |168 -0.18130  5.88715e-03
169  0.18298 -1.87685e-03 |170  0.31011  1.90756e-02 |171  0.07946  5.08773e-03
172 -0.54414  2.70925e-04 |173 -0.35649 -2.09169e-02 |174  0.24307  3.42539e-02
175  0.06674 -2.52428e-02 |176 -0.10755 -2.41970e-02 |177  0.01820  4.24533e-03
178  0.26840 -2.34020e-03 |179 -0.16585 -8.37098e-04 |180 -0.13104 -6.55984e-04
181 -0.25763 -1.34324e-03 |182 -0.27427 -1.44393e-03 |183 -0.24569 -2.49868e-02
184 -0.37563  9.52448e-04 |185 -1.31439  1.76581e-01 |186 -0.69793 -6.11620e-03
187  0.07788 -5.38897e-01 |188 -0.88014 -1.64483e-02 |189  0.66522 -1.08408e+00
190  0.11033 -1.64599e+00 |191  0.10963  1.53753e+00 |192 -0.26331 -1.37894e-03
193 -0.22574 -1.16318e-03 |194 -0.27204 -1.44305e-03 |195  0.38559  2.15412e-03
196 -0.53124  3.35529e-04 |197 -0.55883 -2.57767e-03 |198  0.17001 -1.45914e-02
199  0.09188 -5.36106e-02 |200 -0.25166 -7.13978e-02 |
200 variables; iteration 380; function evaluation 533; phase 4
Function value 6.8799437e+03; maximum gradient component mag 2.2512e+00
Var    Value     Gradient |Var    Value     Gradient |Var    Value     Gradient
  1 -0.41541 -2.20430e-01 |  2  0.34585 -1.19315e-01 |  3 -0.19693  1.36727e+00
  4  0.08142 -4.70087e-02 |  5 -0.60603  9.80178e-03 |  6 -0.64930  2.25124e+00
  7  0.35852 -2.63107e-01 |  8 -0.22148  9.65640e-01 |  9  0.09270 -2.64236e-01
 10 -0.52519  2.54000e-02 | 11 -0.65973  2.23823e+00 | 12 -0.19389  1.40414e+00
 13 -0.00067  5.57725e-02 | 14 -0.00071  4.50647e-02 | 15 -0.00081  1.61862e-02
 16 -0.00092 -1.23074e-02 | 17 -0.00103 -4.63881e-02 | 18 -0.00111 -7.07847e-02
 19 -0.00106 -6.64425e-02 | 20 -0.00090 -3.76922e-02 | 21 -0.00065  1.19822e-02
 22 -0.00036  7.05661e-02 | 23 -0.00035  5.57718e-02 | 24 -0.00051 -6.00333e-03
 25 -0.00059 -4.85851e-02 | 26 -0.00050 -5.01711e-02 | 27 -0.00016  4.71217e-03
 28  0.00003  1.91470e-02 | 29  0.00015  1.09589e-02 | 30  0.00010 -4.00107e-02
 31  0.00018 -6.15670e-02 | 32  0.00063  3.79307e-03 | 33  0.00095  3.52602e-02
 34  0.00119  4.19359e-02 | 35  0.00124  2.79105e-04 | 36  0.00143 -8.70922e-03
 37  0.00176  1.39177e-02 | 38  0.00186 -2.16298e-02 | 39  0.00193 -6.73411e-02
 40  0.00274  6.57503e-02 | 41  0.00268 -1.33873e-02 | 42  0.00290 -2.41774e-02
 43  0.00344  4.55389e-02 | 44  0.00357  1.68031e-02 | 45  0.00373  1.66662e-03
 46  0.00398  1.40616e-02 | 47  0.00396 -2.59143e-02 | 48  0.00400 -4.06894e-02
 49  0.00457  8.76760e-02 | 50  0.00395 -5.12524e-02 | 51  0.00407  7.62363e-03
 52  0.00391  1.94701e-02 | 53  0.00367  3.34138e-02 | 54  0.00299 -3.92054e-02
 55  0.00269 -3.01827e-04 | 56  0.00210 -1.95357e-02 | 57  0.00163 -2.48747e-03
 58  0.00108 -3.79613e-03 | 59  0.00060  4.30758e-03 | 60 -0.00006 -4.35815e-02
 61 -0.00013  3.14367e-02 | 62 -0.00054 -1.10727e-02 | 63 -0.00046  3.01923e-02
 64 -0.00059 -2.93913e-02 | 65 -0.00001  3.15501e-02 | 66  0.00027 -3.92970e-02
 67  0.00137  2.70109e-02 | 68  0.00239  8.87110e-03 | 69  0.00369 -1.12225e-03
 70  0.00524 -4.30708e-03 | 71  0.00693 -1.81696e-02 | 72  0.00885 -1.73436e-02
 73  0.01095  6.62546e-05 | 74  0.01300 -3.34716e-03 | 75  0.01493  3.66413e-03
 76  0.01644  8.53863e-03 | 77  0.01717 -7.56818e-03 | 78  0.01722 -5.73481e-03
 79  0.01661  1.02885e-02 | 80  0.01524 -1.35197e-02 | 81  0.01352 -1.67169e-02
 82  0.01145 -1.99675e-02 | 83  0.00925  1.24414e-02 | 84  0.00666  1.41246e-02
 85  0.00380  5.66613e-03 | 86  0.00101  3.65600e-02 | 87 -0.00174  2.21574e-02
 88 -0.00389  1.03733e-02 | 89 -0.00509  8.45166e-03 | 90 -0.00519  4.85280e-02
 91 -0.00481  4.86252e-02 | 92 -0.00432  4.43259e-02 | 93 -0.00396  4.85904e-02
 94 -0.00347  5.60699e-02 | 95 -0.00267  6.41929e-02 | 96 -0.00223  8.56469e-02
 97 -0.00123  8.90694e-02 | 98  0.00099  1.12534e-01 | 99  0.00452  1.10166e-01
100  0.00439  1.27152e-01 |101  0.00168  1.04975e-01 |102 -0.00305  1.13405e-01
103 -0.01381  1.21383e-01 |104 -0.01693  1.06685e-01 |105 -0.00693  1.00316e-01
106 -0.01415  1.10864e-01 |107 -0.03432  8.28898e-02 |108 -0.02143  1.01311e-01
109  0.02741  1.68333e-01 |110 -0.00386  1.51166e-01 |111 -0.04100  1.15061e-01
112 -0.02813  1.40164e-01 |113 -0.01130  1.39066e-01 |114  0.00819  1.49081e-01
115 -0.01150  1.03090e-01 |116 -0.06929  3.16103e-02 |117 -0.08207  1.35144e-02
118 -0.07456 -3.06653e-02 |119 -0.03849 -8.14591e-02 |120  0.09796 -3.47637e-01
121  0.05421 -2.44298e-01 |122  0.03883 -1.97921e-01 |123 -0.01471 -1.39839e-01
124 -0.05550 -1.09381e-01 |125 -0.00068 -1.70972e-01 |126  0.01193 -1.45396e-01
127 -0.03772 -6.77011e-02 |128  0.00468 -4.39873e-02 |129  0.04931  4.36849e-02
130 -0.01350  2.64583e-02 |131  0.06418  2.08577e-02 |132 -0.00436 -6.05705e-03
133  0.11972  1.67608e-02 |134 -0.00480  6.90734e-03 |135 -0.05068 -2.84757e-03
136 -0.06348  4.18568e-03 |137 -0.02968 -1.10815e-03 |138  0.08818  2.54055e-03
139  0.02385 -8.69780e-03 |140  0.01502  4.80662e-03 |141 -0.03493 -2.14415e-03
142 -0.01571 -5.97431e-03 |143 -0.00375  2.48741e-03 |144 -0.00025  4.50647e-02
145  0.44652 -4.20169e-02 |146  0.34258  1.51250e-01 |147 -0.16088  1.06762e-01
148 -0.06509 -3.24360e-04 |149  0.02434 -1.59464e-01 |150 -0.56992 -3.45356e-03
151 -0.11754  9.24567e-03 |152  0.01670 -9.68068e-05 |153 -0.09494  8.22163e-04
154 -0.31826  1.20364e-03 |155  0.23224  1.79768e-03 |156 -0.24153 -1.25262e-03
157  0.18319  3.68106e-03 |158 -0.17644 -8.93729e-04 |159 -0.28015 -1.47923e-03
160 -0.51650 -2.21425e-03 |161 -0.41655 -3.26540e-03 |162 -0.08838 -3.74986e-04
163  0.15184  4.89833e-01 |164 -0.67835 -2.05996e-03 |165 -0.33093 -3.14806e-02
166  0.24598  2.74354e-02 |167  0.05033 -7.96101e-02 |168 -0.18126 -7.80948e-02
169  0.18321  5.05239e-02 |170  0.31014 -2.11052e-02 |171  0.07943  6.12219e-02
172 -0.53948  6.91816e-04 |173 -0.35670 -1.85860e-03 |174  0.24305  1.73874e-02
175  0.06678  1.68938e-02 |176 -0.10744  1.68303e-01 |177  0.01841  9.18363e-02
178  0.27125 -1.75539e-02 |179 -0.16420 -8.57745e-04 |180 -0.04124  3.86158e-03
181 -0.19032 -2.15189e-03 |182 -0.24015 -1.24473e-03 |183 -0.24604  3.11287e-01
184 -0.60637 -4.39131e-03 |185 -1.31815  4.80905e-02 |186 -0.51481 -3.29133e-03
187  0.07717 -5.04842e-01 |188 -0.89631 -1.90806e-02 |189  0.66087 -1.51796e+00
190  0.11233 -5.37144e-01 |191  0.10308  1.55454e+00 |192 -0.14372  8.71594e-04
193  0.16855  7.46037e-04 |194 -0.23869 -1.24271e-03 |195  0.08119 -6.10727e-04
196 -0.52200  1.30295e-03 |197 -0.55899  1.81806e-02 |198  0.17002  3.26755e-02
199  0.09189  5.25170e-01 |200 -0.25151  1.09548e-01 |
200 variables; iteration 400; function evaluation 553; phase 4
Function value 6.8799380e+03; maximum gradient component mag 1.0712e+01
Var    Value     Gradient |Var    Value     Gradient |Var    Value     Gradient
  1 -0.41600 -6.90078e-01 |  2  0.34567 -2.40626e-01 |  3 -0.19739 -1.27387e+00
  4  0.08209 -5.10960e-01 |  5 -0.60570 -5.60162e-02 |  6 -0.64948 -3.20463e-01
  7  0.35835 -2.48392e-01 |  8 -0.22195 -9.55012e-01 |  9  0.09337 -4.41963e-01
 10 -0.52497 -5.81606e-02 | 11 -0.65989 -2.59618e-02 | 12 -0.19455  1.21325e+00
 13 -0.00092 -5.35565e-03 | 14 -0.00095 -1.39863e-02 | 15 -0.00089 -2.69487e-03
 16 -0.00084  7.08525e-03 | 17 -0.00080  1.19266e-02 | 18 -0.00076  1.51697e-02
 19 -0.00076  8.99169e-03 | 20 -0.00072  6.76027e-03 | 21 -0.00077 -1.66755e-02
 22 -0.00076 -2.93387e-02 | 23 -0.00065 -1.93050e-02 | 24 -0.00049  3.56850e-04
 25 -0.00033  1.70048e-02 | 26 -0.00027  6.60763e-03 | 27 -0.00018 -1.18359e-03
 28 -0.00002  5.61288e-03 | 29  0.00012  5.73028e-03 | 30  0.00034  2.12070e-02
 31  0.00045  5.91523e-03 | 32  0.00060 -1.95464e-03 | 33  0.00076 -1.15417e-02
 34  0.00093 -2.05026e-02 | 35  0.00124  2.50577e-03 | 36  0.00150  9.52878e-03
 37  0.00169 -2.96809e-03 | 38  0.00199  9.02834e-03 | 39  0.00229  2.00424e-02
 40  0.00247  1.32092e-03 | 41  0.00281  1.88982e-02 | 42  0.00308  2.09208e-02
 43  0.00324 -1.13375e-03 | 44  0.00349 -1.30306e-04 | 45  0.00385  3.06652e-02
 46  0.00395  8.62080e-03 | 47  0.00411  1.16840e-02 | 48  0.00424  2.03538e-02
 49  0.00415 -1.09148e-02 | 50  0.00426  2.74927e-02 | 51  0.00410  1.81926e-02
 52  0.00380 -3.13662e-03 | 53  0.00352  3.23026e-03 | 54  0.00327  3.48633e-02
 55  0.00280  3.24534e-02 | 56  0.00224  1.97626e-02 | 57  0.00170  2.04190e-02
 58  0.00111  1.05475e-02 | 59  0.00063  2.19667e-02 | 60  0.00017  2.15956e-02
 61 -0.00025  1.13923e-02 | 62 -0.00040  3.52922e-02 | 63 -0.00069 -1.30172e-02
 64 -0.00039  3.54745e-02 | 65 -0.00014  1.53891e-02 | 66  0.00051  3.64560e-02
 67  0.00122  9.40078e-03 | 68  0.00240  3.23808e-02 | 69  0.00372  3.05785e-02
 70  0.00525  2.63526e-02 | 71  0.00698  2.20871e-02 | 72  0.00884  1.32707e-02
 73  0.01097  3.84569e-02 | 74  0.01299  3.31667e-02 | 75  0.01480  1.58613e-02
 76  0.01632  2.80793e-02 | 77  0.01715  3.58944e-02 | 78  0.01714  2.94054e-02
 79  0.01654  4.87816e-02 | 80  0.01527  4.65722e-02 | 81  0.01347  2.82911e-02
 82  0.01147  3.97025e-02 | 83  0.00917  4.72761e-02 | 84  0.00662  5.79156e-02
 85  0.00379  5.32939e-02 | 86  0.00088  4.89019e-02 | 87 -0.00187  2.95044e-02
 88 -0.00381  6.31915e-02 | 89 -0.00507  3.97372e-02 | 90 -0.00535  2.52067e-02
 91 -0.00488  3.89163e-02 | 92 -0.00438  3.20950e-02 | 93 -0.00394  4.79241e-02
 94 -0.00347  4.57558e-02 | 95 -0.00259  7.04135e-02 | 96 -0.00217  7.81320e-02
 97 -0.00119  6.83447e-02 | 98  0.00089  4.47923e-02 | 99  0.00448  4.55507e-02
100  0.00442  6.93629e-02 |101  0.00171  3.72512e-02 |102 -0.00296  5.59520e-02
103 -0.01388  2.59360e-02 |104 -0.01699  1.47628e-02 |105 -0.00691  2.12742e-02
106 -0.01424  1.08084e-02 |107 -0.03443 -1.38929e-02 |108 -0.02158 -1.63986e-02
109  0.02724 -1.19150e-02 |110 -0.00404 -7.87822e-03 |111 -0.04114 -1.31599e-02
112 -0.02832 -1.26997e-02 |113 -0.01139  1.68813e-04 |114  0.00801 -1.83348e-02
115 -0.01159 -4.54044e-03 |116 -0.06939 -1.83595e-02 |117 -0.08219 -2.29492e-02
118 -0.07468 -6.05505e-02 |119 -0.03855 -9.78506e-02 |120  0.09803 -3.03736e-01
121  0.05411 -1.98612e-01 |122  0.03870 -1.41837e-01 |123 -0.01477 -9.27079e-02
124 -0.05547 -7.85064e-02 |125 -0.00053 -1.23970e-01 |126  0.01219 -1.31197e-01
127 -0.03745 -7.19580e-02 |128  0.00485 -6.50426e-02 |129  0.04907 -1.30433e-02
130 -0.01359  1.72764e-02 |131  0.06399  2.85251e-02 |132 -0.00445  2.62049e-03
133  0.11956  1.59714e-02 |134 -0.00481  1.15223e-02 |135 -0.05068  5.34833e-03
136 -0.06350  6.15093e-03 |137 -0.02975 -7.60597e-03 |138  0.08807  2.26494e-03
139  0.02383 -7.86564e-04 |140  0.01497 -2.19736e-03 |141 -0.03494  7.54575e-04
142 -0.01569 -7.16255e-03 |143 -0.00370  9.38199e-03 |144 -0.00053 -2.51041e-02
145  0.44781  8.50936e-03 |146  0.34371  2.98265e-01 |147 -0.16088  1.15295e-01
148 -0.10740 -5.42830e-04 |149  0.02619 -9.88412e-02 |150 -0.59003 -3.86762e-03
151 -0.16393 -1.76901e-03 |152  0.01989  1.02974e-04 |153 -0.10212 -5.05678e-04
154 -0.40906 -1.94756e-03 |155  0.23659  3.97419e-03 |156 -0.17526 -8.87416e-04
157  0.17308  3.50473e-02 |158 -0.08362 -4.14979e-04 |159 -0.15034  1.20645e-02
160 -0.47812 -5.00797e-04 |161 -0.42495 -2.93626e-02 |162 -0.17903 -7.54096e-04
163  0.15183  1.07118e+01 |164 -0.63886  4.63411e-03 |165 -0.33092 -2.59090e-03
166  0.24597 -1.20701e-02 |167  0.05029 -3.97638e-02 |168 -0.18125  4.81337e-02
169  0.18300  2.79523e-02 |170  0.31011  5.68118e-03 |171  0.07948  8.77247e-02
172 -0.54216  4.34238e-04 |173 -0.35640 -8.88013e-03 |174  0.24312  2.22659e-02
175  0.06663 -2.89520e-02 |176 -0.10742  1.09903e-01 |177  0.01766 -1.33376e-02
178  0.27396 -1.17166e-03 |179 -0.17641 -8.92116e-04 |180 -0.04293  2.70790e-04
181 -0.14667 -8.46055e-04 |182 -0.19294 -9.81944e-04 |183 -0.24553  2.84619e-02
184 -0.37431  1.08674e-03 |185 -1.31617  1.00192e-01 |186 -0.32646 -1.76886e-03
187  0.07781 -2.47378e-01 |188 -0.95282 -4.22155e-02 |189  0.65387  1.61454e-01
190  0.11484 -2.41301e-01 |191  0.09342  3.16177e-01 |192 -0.10525  9.68438e-03
193  0.23479  1.18677e-03 |194 -0.22268 -1.14638e-03 |195  0.06803 -1.11415e-03
196 -0.63384 -4.28544e-03 |197 -0.55923  7.41454e-02 |198  0.16991  5.30227e-03
199  0.09199  1.05371e+00 |200 -0.25197  1.57405e-01 |
200 variables; iteration 420; function evaluation 575; phase 4
Function value 6.8799351e+03; maximum gradient component mag -2.1399e+00
Var    Value     Gradient |Var    Value     Gradient |Var    Value     Gradient
  1 -0.41612 -4.66849e-01 |  2  0.34565 -1.05232e-01 |  3 -0.19739 -5.75808e-01
  4  0.08213 -2.07739e-01 |  5 -0.60566 -1.63812e-02 |  6 -0.64949 -1.69417e-01
  7  0.35831 -6.29381e-02 |  8 -0.22198 -2.50388e-01 |  9  0.09346 -1.27676e-01
 10 -0.52496 -2.81849e-02 | 11 -0.65990  6.19083e-02 | 12 -0.19464  5.83167e-01
 13 -0.00088  1.08858e-03 | 14 -0.00089 -6.72262e-04 | 15 -0.00085  6.52736e-03
 16 -0.00082  1.02484e-02 | 17 -0.00079  1.22053e-02 | 18 -0.00078  9.24423e-03
 19 -0.00074  9.73577e-03 | 20 -0.00072  6.25698e-03 | 21 -0.00072 -6.47333e-03
 22 -0.00066 -6.99109e-03 | 23 -0.00060 -8.13023e-03 | 24 -0.00046  5.93733e-03
 25 -0.00034  1.17191e-02 | 26 -0.00024  1.11366e-02 | 27 -0.00012  1.11477e-02
 28 -0.00003 -3.86966e-04 | 29  0.00013  4.66661e-03 | 30  0.00032  1.23319e-02
 31  0.00046  5.05485e-03 | 32  0.00064  2.69592e-03 | 33  0.00082 -6.82553e-04
 34  0.00103  2.72228e-04 | 35  0.00126  2.91929e-03 | 36  0.00150  5.94172e-03
 37  0.00175  6.76269e-03 | 38  0.00198  2.71498e-03 | 39  0.00229  1.69708e-02
 40  0.00249  6.52721e-04 | 41  0.00280  1.22658e-02 | 42  0.00305  9.58987e-03
 43  0.00327 -1.14735e-03 | 44  0.00354  6.56290e-03 | 45  0.00380  1.36358e-02
 46  0.00399  1.39917e-02 | 47  0.00413  1.03672e-02 | 48  0.00424  1.20062e-02
 49  0.00424  4.72050e-03 | 50  0.00425  1.80371e-02 | 51  0.00412  1.52210e-02
 52  0.00386  3.40568e-03 | 53  0.00356  3.79280e-03 | 54  0.00322  1.53264e-02
 55  0.00274  9.06877e-03 | 56  0.00226  1.60072e-02 | 57  0.00171  1.48735e-02
 58  0.00113  5.91387e-03 | 59  0.00064  1.44141e-02 | 60  0.00016  1.05437e-02
 61 -0.00023  6.56025e-03 | 62 -0.00047  1.01450e-02 | 63 -0.00055  1.19172e-02
 64 -0.00043  1.48339e-02 | 65 -0.00009  1.88103e-02 | 66  0.00049  2.16746e-02
 67  0.00124  2.98963e-03 | 68  0.00239  1.94323e-02 | 69  0.00373  2.14471e-02
 70  0.00528  2.23047e-02 | 71  0.00696  4.66393e-03 | 72  0.00891  1.70538e-02
 73  0.01094  1.88149e-02 | 74  0.01299  2.02118e-02 | 75  0.01487  1.70311e-02
 76  0.01632  1.33348e-02 | 77  0.01710  1.01639e-02 | 78  0.01716  1.65578e-02
 79  0.01645  1.31115e-02 | 80  0.01519  1.27036e-02 | 81  0.01345  6.30454e-03
 82  0.01142  1.28148e-02 | 83  0.00906  7.60750e-03 | 84  0.00655  2.57101e-02
 85  0.00370  1.84104e-02 | 86  0.00082  2.10710e-02 | 87 -0.00193  2.46354e-03
 88 -0.00389  3.02047e-02 | 89 -0.00512  1.45518e-02 | 90 -0.00537  7.03508e-03
 91 -0.00496  6.18791e-03 | 92 -0.00440  7.86714e-03 | 93 -0.00398  1.83984e-02
 94 -0.00349  1.51503e-02 | 95 -0.00269  1.57317e-02 | 96 -0.00230  1.44244e-02
 97 -0.00125  2.18322e-02 | 98  0.00090  1.80274e-02 | 99  0.00446  1.12041e-02
100  0.00433  2.17663e-02 |101  0.00171  1.65714e-02 |102 -0.00304  1.97991e-02
103 -0.01392  6.76472e-03 |104 -0.01696  1.55949e-02 |105 -0.00699 -2.11177e-05
106 -0.01425  1.43858e-02 |107 -0.03441 -1.61286e-03 |108 -0.02155 -2.12244e-03
109  0.02721 -9.91246e-03 |110 -0.00407 -1.13401e-02 |111 -0.04113 -9.86923e-03
112 -0.02832 -1.58802e-02 |113 -0.01144 -2.44498e-02 |114  0.00800 -3.86270e-02
115 -0.01167 -3.60561e-02 |116 -0.06943 -2.68990e-02 |117 -0.08227 -2.92638e-02
118 -0.07470 -3.33077e-02 |119 -0.03850 -5.62443e-02 |120  0.09815 -1.60142e-01
121  0.05411 -1.00551e-01 |122  0.03864 -7.42386e-02 |123 -0.01473 -3.77098e-02
124 -0.05534 -1.84988e-02 |125 -0.00019 -8.26885e-03 |126  0.01270  8.11289e-04
127 -0.03703  3.86894e-03 |128  0.00518  4.78204e-03 |129  0.04907  1.20122e-02
130 -0.01366  2.35050e-03 |131  0.06390  4.15859e-03 |132 -0.00449 -3.28833e-03
133  0.11950  2.77532e-03 |134 -0.00483  1.79302e-03 |135 -0.05070 -1.55796e-03
136 -0.06352  3.22818e-03 |137 -0.02976 -1.37990e-03 |138  0.08803  2.27522e-03
139  0.02382  3.06929e-04 |140  0.01497 -1.17449e-04 |141 -0.03494  2.01692e-03
142 -0.01566 -6.49617e-04 |143 -0.00374 -1.45892e-03 |144 -0.00045 -6.11278e-03
145  0.44800  1.80474e-02 |146  0.34369  3.74588e-02 |147 -0.16089  1.59699e-01
148 -0.05998 -3.04598e-04 |149  0.02644 -3.94006e-02 |150 -0.64213 -4.86031e-03
151 -0.17078 -1.13236e-02 |152 -0.12105 -6.04691e-04 |153 -0.12653 -2.02774e-03
154 -0.34479  4.31951e-04 |155  0.23127 -9.63534e-03 |156  0.00991  3.77393e-03
157  0.17720  7.26677e-04 |158 -0.05230 -2.50801e-04 |159 -0.21069 -1.07944e-03
160 -0.49969 -1.59665e-03 |161 -0.42693 -1.64948e-01 |162 -0.19301  1.65643e-03
163  0.15177 -2.13994e+00 |164 -0.56384  2.95371e-03 |165 -0.33097 -5.45194e-03
166  0.24595  1.20263e-02 |167  0.05030 -1.56086e-03 |168 -0.18126  5.88795e-02
169  0.18289  3.79872e-03 |170  0.31009  3.77394e-03 |171  0.07950  4.31447e-02
172 -0.54200  4.50186e-04 |173 -0.35617  6.74723e-03 |174  0.24316 -1.28463e-02
175  0.06659 -6.99080e-03 |176 -0.10745  3.52971e-03 |177  0.01737  2.02803e-03
178  0.27413  4.58578e-04 |179 -0.17499 -8.86795e-04 |180 -0.05098 -1.83107e-04
181 -0.12150 -1.31774e-04 |182 -0.18865 -9.56358e-04 |183 -0.24506  6.35089e-02
184 -0.40868 -9.21905e-04 |185 -1.31409  1.14731e-01 |186 -0.07843 -9.24096e-04
187  0.07811 -7.26738e-02 |188 -0.91285 -2.27674e-02 |189  0.65170  1.03239e-01
190  0.11651 -1.29939e-01 |191  0.08935  2.68238e-01 |192 -0.09262  7.30864e-03
193 -0.11545 -9.78970e-04 |194 -0.27397 -1.44214e-03 |195  0.20471 -8.29695e-04
196 -0.55897 -1.55868e-03 |197 -0.55886  1.23547e-02 |198  0.17003 -5.09476e-03
199  0.09183  1.35727e-01 |200 -0.25149  3.39273e-02 |
200 variables; iteration 440; function evaluation 595; phase 4
Function value 6.8799326e+03; maximum gradient component mag -6.1662e+00
Var    Value     Gradient |Var    Value     Gradient |Var    Value     Gradient
  1 -0.41618 -1.55314e-01 |  2  0.34564 -7.46655e-02 |  3 -0.19741 -1.58640e-01
  4  0.08216 -1.16896e-01 |  5 -0.60564 -1.26886e-02 |  6 -0.64950  1.01602e-01
  7  0.35830 -2.81555e-02 |  8 -0.22200 -5.92324e-02 |  9  0.09349 -7.20970e-02
 10 -0.52493 -1.08989e-02 | 11 -0.65991  1.87636e-01 | 12 -0.19470  3.39531e-02
 13 -0.00087  1.80023e-03 | 14 -0.00086  2.09614e-03 | 15 -0.00085  2.75223e-03
 16 -0.00082  5.91147e-03 | 17 -0.00082  1.06548e-03 | 18 -0.00080  1.53260e-03
 19 -0.00076  3.12944e-03 | 20 -0.00072  1.03666e-03 | 21 -0.00066  3.63170e-03
 22 -0.00061  3.21621e-03 | 23 -0.00054  1.54001e-03 | 24 -0.00046  1.77833e-03
 25 -0.00036  3.14040e-03 | 26 -0.00024  5.27481e-03 | 27 -0.00012  7.62674e-03
 28 -0.00001 -7.20339e-05 | 29  0.00013  9.67659e-04 | 30  0.00030  2.14330e-03
 31  0.00048  5.18885e-03 | 32  0.00066  3.27623e-03 | 33  0.00085  1.18371e-03
 34  0.00106  1.89170e-03 | 35  0.00128  1.68173e-03 | 36  0.00152  3.40030e-03
 37  0.00176  3.67729e-03 | 38  0.00199 -1.62886e-04 | 39  0.00228  7.35086e-03
 40  0.00250 -1.73179e-03 | 41  0.00278  1.26473e-03 | 42  0.00303 -2.77753e-03
 43  0.00330  1.00509e-03 | 44  0.00356  2.75469e-03 | 45  0.00377  1.63306e-04
 46  0.00399  6.06270e-03 | 47  0.00414  4.84131e-03 | 48  0.00423  3.93169e-03
 49  0.00428  5.52046e-03 | 50  0.00423  4.89244e-03 | 51  0.00411  5.25326e-03
 52  0.00389  2.74944e-03 | 53  0.00359  2.99149e-03 | 54  0.00321  4.13742e-03
 55  0.00273 -7.80326e-04 | 56  0.00226  6.92136e-03 | 57  0.00171  5.70066e-03
 58  0.00115  2.75739e-03 | 59  0.00063  4.87547e-03 | 60  0.00017  4.63598e-03
 61 -0.00021  3.07127e-03 | 62 -0.00047  5.97317e-04 | 63 -0.00051  1.09057e-02
 64 -0.00045  9.49648e-04 | 65 -0.00010  6.33489e-03 | 66  0.00046  4.77716e-03
 67  0.00127  1.26656e-03 | 68  0.00236  3.15644e-03 | 69  0.00369  2.16529e-03
 70  0.00525  3.76830e-03 | 71  0.00700  2.88251e-03 | 72  0.00892  6.35305e-03
 73  0.01091  8.59270e-04 | 74  0.01296  1.56922e-03 | 75  0.01487  5.75280e-03
 76  0.01634  5.01379e-03 | 77  0.01712  1.02332e-03 | 78  0.01713 -9.41556e-04
 79  0.01643 -4.48241e-03 | 80  0.01517 -4.10341e-03 | 81  0.01346 -1.41922e-03
 82  0.01140 -2.64131e-03 | 83  0.00905 -6.45126e-03 | 84  0.00647 -3.62404e-03
 85  0.00365 -4.51538e-03 | 86  0.00077 -3.18719e-03 | 87 -0.00192 -4.90426e-03
 88 -0.00397 -8.97201e-04 | 89 -0.00513 -6.80808e-04 | 90 -0.00536 -5.78532e-03
 91 -0.00494 -6.09228e-03 | 92 -0.00438 -5.15666e-03 | 93 -0.00398 -3.58152e-03
 94 -0.00347 -3.54356e-03 | 95 -0.00267 -5.98699e-03 | 96 -0.00227 -8.35263e-03
 97 -0.00122 -1.11488e-03 | 98  0.00096  1.82009e-03 | 99  0.00455  1.83166e-03
100  0.00435 -4.32065e-03 |101  0.00179  7.49804e-03 |102 -0.00302  1.71954e-03
103 -0.01385  1.01173e-02 |104 -0.01693  1.33896e-02 |105 -0.00693  1.31776e-02
106 -0.01424  2.30240e-02 |107 -0.03436  2.56218e-02 |108 -0.02153  2.61428e-02
109  0.02721  3.70610e-02 |110 -0.00408  3.03154e-02 |111 -0.04113  2.78620e-02
112 -0.02834  2.07254e-02 |113 -0.01147  2.02520e-02 |114  0.00800  2.26740e-02
115 -0.01169  8.95020e-03 |116 -0.06944  4.58591e-03 |117 -0.08228 -2.27944e-03
118 -0.07472 -1.06011e-02 |119 -0.03851 -2.37931e-02 |120  0.09818 -7.42453e-02
121  0.05412 -5.30390e-02 |122  0.03864 -4.60976e-02 |123 -0.01474 -2.39704e-02
124 -0.05536 -2.67324e-02 |125 -0.00024 -3.93764e-02 |126  0.01265 -4.47967e-02
127 -0.03707 -3.38681e-02 |128  0.00517 -2.23159e-02 |129  0.04905 -1.50826e-03
130 -0.01368  3.70483e-04 |131  0.06388  1.01548e-02 |132 -0.00448  8.59309e-03
133  0.11949  4.86482e-03 |134 -0.00483  6.86258e-03 |135 -0.05071 -7.69564e-04
136 -0.06354 -4.60728e-03 |137 -0.02975  1.19897e-03 |138  0.08802  2.85477e-03
139  0.02381 -7.63544e-05 |140  0.01497 -4.53933e-05 |141 -0.03494  3.62505e-03
142 -0.01565  6.75092e-04 |143 -0.00374 -1.63867e-03 |144 -0.00041  5.21247e-03
145  0.44810  2.19454e-03 |146  0.34369 -3.18407e-02 |147 -0.16091  1.68061e-01
148 -0.03042 -1.58122e-04 |149  0.02664 -2.35569e-02 |150 -0.48287 -1.64465e-04
151 -0.15006  5.68738e-04 |152  0.01747 -6.74377e-05 |153 -0.16070 -8.10977e-04
154 -0.34741  4.28122e-04 |155  0.21977  8.78567e-04 |156 -0.23648 -1.22380e-03
157  0.17847  1.45278e-03 |158 -0.10076 -5.01425e-04 |159 -0.19208 -8.92436e-04
160 -0.48624 -9.40584e-04 |161 -0.42414 -5.35658e-02 |162 -0.13344  1.46248e-03
163  0.15183 -6.16624e+00 |164 -0.68280 -4.53825e-03 |165 -0.33095  4.21672e-03
166  0.24596  5.65210e-03 |167  0.05030  6.89954e-03 |168 -0.18126  3.41778e-03
169  0.18291 -5.47443e-03 |170  0.31010  9.15543e-03 |171  0.07949 -5.43279e-03
172 -0.54270  3.84365e-04 |173 -0.35626 -7.00094e-03 |174  0.24313  1.04889e-02
175  0.06660 -1.69441e-02 |176 -0.10744  2.49355e-02 |177  0.01690 -1.94886e-02
178  0.28062  1.76052e-03 |179 -0.18354 -9.26636e-04 |180 -0.08271 -4.10460e-04
181 -0.13368 -7.64874e-04 |182 -0.22312 -1.14846e-03 |183 -0.24490  3.82126e-02
184 -0.37574  1.00201e-03 |185 -1.31897  1.49114e-01 |186  0.03717  6.19393e-03
187  0.07767 -2.36740e-01 |188 -0.89032 -1.80147e-02 |189  0.65044 -3.04663e-02
190  0.11716 -5.14293e-02 |191  0.08689  2.88758e-01 |192 -0.10965 -4.41770e-04
193  0.15750  7.93000e-04 |194 -0.24859 -1.29314e-03 |195  0.30486  1.62790e-03
196 -0.54031 -3.19076e-04 |197 -0.55881 -8.74935e-03 |198  0.17005  2.13145e-03
199  0.09180 -1.05961e-01 |200 -0.25139 -1.89905e-02 |
200 variables; iteration 460; function evaluation 615; phase 4
Function value 6.8799306e+03; maximum gradient component mag -3.8241e+00
Var    Value     Gradient |Var    Value     Gradient |Var    Value     Gradient
  1 -0.41614 -5.65223e-01 |  2  0.34565 -5.00625e-02 |  3 -0.19741 -1.68332e-01
  4  0.08214 -1.32561e-01 |  5 -0.60567 -2.77954e-02 |  6 -0.64950 -2.77676e-03
  7  0.35834 -6.05129e-02 |  8 -0.22199  9.32766e-02 |  9  0.09343 -8.47400e-02
 10 -0.52490  1.00472e-03 | 11 -0.65991  4.04063e-01 | 12 -0.19467  7.51529e-01
 13 -0.00089  2.23397e-03 | 14 -0.00088  4.08711e-03 | 15 -0.00089  3.86274e-04
 16 -0.00088 -1.38102e-03 | 17 -0.00085  1.46205e-03 | 18 -0.00080  6.48985e-03
 19 -0.00079  2.66312e-03 | 20 -0.00075  9.32148e-04 | 21 -0.00069  5.61313e-03
 22 -0.00066 -1.77843e-03 | 23 -0.00057  2.70536e-03 | 24 -0.00050  3.25845e-04
 25 -0.00038  6.19841e-03 | 26 -0.00028  5.12744e-03 | 27 -0.00020 -4.61554e-03
 28 -0.00002  8.33486e-03 | 29  0.00010  1.01533e-03 | 30  0.00026  2.39818e-03
 31  0.00047  1.09893e-02 | 32  0.00064  7.53771e-03 | 33  0.00083  6.19298e-03
 34  0.00101 -4.26714e-04 | 35  0.00129  1.44942e-02 | 36  0.00151  1.18248e-02
 37  0.00172  6.63930e-03 | 38  0.00200  1.25884e-02 | 39  0.00223  7.97813e-03
 40  0.00249  5.49857e-03 | 41  0.00280  1.68792e-02 | 42  0.00304  1.20910e-02
 43  0.00331  1.46175e-02 | 44  0.00353  7.42540e-03 | 45  0.00377  1.24574e-02
 46  0.00392  1.53361e-03 | 47  0.00410  7.74083e-03 | 48  0.00423  1.46392e-02
 49  0.00422  3.82502e-03 | 50  0.00422  1.38609e-02 | 51  0.00409  1.34699e-02
 52  0.00387  1.18250e-02 | 53  0.00356  7.55470e-03 | 54  0.00319  1.22723e-02
 55  0.00277  1.99203e-02 | 56  0.00223  1.33343e-02 | 57  0.00169  1.46573e-02
 58  0.00116  1.73421e-02 | 59  0.00063  1.68489e-02 | 60  0.00016  1.54153e-02
 61 -0.00021  1.47027e-02 | 62 -0.00040  3.08019e-02 | 63 -0.00063 -5.52643e-03
 64 -0.00041  2.31296e-02 | 65 -0.00011  1.58010e-02 | 66  0.00050  2.58762e-02
 67  0.00133  2.74397e-02 | 68  0.00239  2.26366e-02 | 69  0.00372  2.22904e-02
 70  0.00529  2.77322e-02 | 71  0.00704  2.71812e-02 | 72  0.00892  2.30356e-02
 73  0.01098  3.07169e-02 | 74  0.01303  3.18711e-02 | 75  0.01493  3.30937e-02
 76  0.01643  3.90428e-02 | 77  0.01723  3.94230e-02 | 78  0.01725  3.77876e-02
 79  0.01660  4.35662e-02 | 80  0.01531  3.78071e-02 | 81  0.01361  3.90291e-02
 82  0.01155  3.67012e-02 | 83  0.00926  4.37694e-02 | 84  0.00663  3.31385e-02
 85  0.00380  2.62917e-02 | 86  0.00094  3.31120e-02 | 87 -0.00172  3.34608e-02
 88 -0.00387  1.25624e-02 | 89 -0.00504  1.13443e-02 | 90 -0.00519  2.69187e-02
 91 -0.00479  2.00418e-02 | 92 -0.00426  1.56975e-02 | 93 -0.00393  1.64397e-03
 94 -0.00343 -6.90471e-04 | 95 -0.00263 -2.54359e-03 | 96 -0.00223 -4.49623e-03
 97 -0.00125 -1.33343e-02 | 98  0.00088 -2.64612e-02 | 99  0.00447 -2.75047e-02
100  0.00429 -3.01440e-02 |101  0.00164 -4.15001e-02 |102 -0.00313 -3.85585e-02
103 -0.01397 -3.86330e-02 |104 -0.01706 -4.16448e-02 |105 -0.00704 -4.40992e-02
106 -0.01436 -4.56202e-02 |107 -0.03447 -3.97749e-02 |108 -0.02158 -2.78741e-02
109  0.02720 -2.47730e-02 |110 -0.00405 -7.91186e-03 |111 -0.04116 -1.18500e-02
112 -0.02831  3.27030e-03 |113 -0.01142  1.07062e-02 |114  0.00804  1.01739e-02
115 -0.01161  7.90272e-03 |116 -0.06937 -3.05319e-03 |117 -0.08219 -4.31761e-03
118 -0.07467 -1.59689e-02 |119 -0.03853 -1.22163e-02 |120  0.09812 -5.46862e-02
121  0.05419 -5.33523e-02 |122  0.03873 -5.18736e-02 |123 -0.01477 -4.30062e-02
124 -0.05545 -2.63881e-02 |125 -0.00059 -5.39280e-02 |126  0.01212 -5.31106e-02
127 -0.03749 -2.14301e-02 |128  0.00484 -1.94070e-02 |129  0.04903 -1.36340e-02
130 -0.01364  1.80435e-04 |131  0.06396  5.42097e-03 |132 -0.00446 -4.61199e-04
133  0.11954  2.09739e-03 |134 -0.00485 -6.29799e-03 |135 -0.05067  8.83109e-03
136 -0.06352  3.66792e-03 |137 -0.02973  1.37251e-03 |138  0.08806 -7.25020e-04
139  0.02383 -1.80899e-03 |140  0.01497 -1.53760e-03 |141 -0.03496 -5.18404e-03
142 -0.01568 -3.11123e-03 |143 -0.00374  8.12091e-04 |144 -0.00045 -6.32441e-03
145  0.44798  3.11092e-02 |146  0.34373 -6.71063e-02 |147 -0.16093  1.94921e-01
148  0.03668  1.27431e-04 |149  0.02695  1.02110e-02 |150 -0.48538 -3.26416e-04
151 -0.14130  1.06729e-03 |152  0.14172  1.36539e-03 |153 -0.10605  1.24234e-04
154 -0.32784  7.41433e-04 |155  0.22662  1.29330e-03 |156 -0.18381 -9.33167e-04
157  0.18665  4.77793e-02 |158 -0.15415 -7.75958e-04 |159 -0.20838  5.29377e-03
160 -0.44117  2.90141e-03 |161 -0.41963 -1.20913e-02 |162 -0.08990  4.29053e-04
163  0.15184 -3.82406e+00 |164 -0.70834 -4.61699e-03 |165 -0.33097 -6.97305e-03
166  0.24596  1.70813e-02 |167  0.05032  1.70243e-02 |168 -0.18124  8.52382e-02
169  0.18290  9.21378e-03 |170  0.31008 -9.02440e-03 |171  0.07949  5.27432e-02
172 -0.53886  7.45703e-04 |173 -0.35654 -2.55409e-03 |174  0.24308  6.48729e-03
175  0.06668  9.60468e-03 |176 -0.10741  3.77616e-02 |177  0.01770 -6.79106e-02
178  0.27786  3.72073e-03 |179 -0.17283 -8.55285e-04 |180 -0.03829 -1.26917e-04
181 -0.10735  4.64282e-03 |182 -0.17825 -1.31188e-04 |183 -0.24526 -1.21487e-01
184 -0.40821 -9.39266e-04 |185 -1.33101  8.05201e-02 |186  0.05590  6.37205e-03
187  0.07625 -1.46698e-01 |188 -0.83835 -1.20376e-02 |189  0.65011 -1.58442e-01
190  0.11777 -3.91176e-02 |191  0.08612  3.33084e-01 |192 -0.11612 -5.74733e-04
193  0.17200  7.46268e-04 |194 -0.27676 -1.45888e-03 |195  0.07768 -8.75428e-04
196 -0.50115  4.06072e-03 |197 -0.55877 -2.27745e-02 |198  0.17006  9.15876e-03
199  0.09176 -2.03875e-01 |200 -0.25135 -4.08020e-02 |
200 variables; iteration 480; function evaluation 635; phase 4
Function value 6.8799284e+03; maximum gradient component mag 3.6212e-01
Var    Value     Gradient |Var    Value     Gradient |Var    Value     Gradient
  1 -0.41622  6.59149e-02 |  2  0.34565  3.10804e-03 |  3 -0.19752  2.55435e-01
  4  0.08224  2.63368e-02 |  5 -0.60561  4.18522e-03 |  6 -0.64953  3.51132e-01
  7  0.35838 -2.22536e-02 |  8 -0.22208  2.69703e-01 |  9  0.09344  9.48539e-03
 10 -0.52480  1.69830e-02 | 11 -0.65994  3.62119e-01 | 12 -0.19476  9.70587e-02
 13 -0.00088 -1.37103e-03 | 14 -0.00087 -1.08714e-03 | 15 -0.00085  2.26844e-03
 16 -0.00087 -5.64305e-03 | 17 -0.00084 -4.29559e-03 | 18 -0.00079  3.15836e-03
 19 -0.00077 -1.34538e-03 | 20 -0.00073 -1.69921e-03 | 21 -0.00064  9.86021e-03
 22 -0.00062 -1.98390e-03 | 23 -0.00052  5.23732e-03 | 24 -0.00049 -7.65629e-03
 25 -0.00038 -3.21231e-03 | 26 -0.00026 -3.88830e-04 | 27 -0.00019 -1.14528e-02
 28  0.00001  5.05299e-03 | 29  0.00012 -4.69574e-03 | 30  0.00026 -7.55629e-03
 31  0.00049  6.18275e-03 | 32  0.00066  2.70630e-03 | 33  0.00085  4.34073e-04
 34  0.00105 -3.13053e-03 | 35  0.00129  1.92506e-03 | 36  0.00152  1.95172e-03
 37  0.00174 -3.50748e-03 | 38  0.00198 -4.46596e-03 | 39  0.00224 -5.45192e-03
 40  0.00250 -5.63475e-03 | 41  0.00277 -3.63435e-03 | 42  0.00303 -4.33363e-03
 43  0.00331 -5.52392e-04 | 44  0.00354 -4.97386e-03 | 45  0.00375 -8.72760e-03
 46  0.00396 -5.78562e-03 | 47  0.00411 -6.24339e-03 | 48  0.00420 -7.57152e-03
 49  0.00426 -2.73108e-03 | 50  0.00423 -9.13545e-04 | 51  0.00410 -1.57105e-03
 52  0.00389 -2.92829e-03 | 53  0.00360 -8.91715e-04 | 54  0.00319 -6.88046e-03
 55  0.00272 -1.06625e-02 | 56  0.00226  9.26977e-04 | 57  0.00169 -4.55754e-03
 58  0.00116 -1.18513e-03 | 59  0.00063 -3.15106e-03 | 60  0.00017 -2.01116e-03
 61 -0.00023 -1.00030e-02 | 62 -0.00047 -7.90174e-03 | 63 -0.00055 -6.68693e-03
 64 -0.00045 -8.28166e-03 | 65 -0.00010 -2.72356e-03 | 66  0.00046 -4.22435e-03
 67  0.00132  3.57090e-03 | 68  0.00238 -2.04188e-03 | 69  0.00371 -3.77982e-03
 70  0.00526 -3.61593e-03 | 71  0.00700 -7.09368e-03 | 72  0.00892 -2.82852e-03
 73  0.01093 -5.73594e-03 | 74  0.01299 -3.36310e-03 | 75  0.01490  2.19088e-04
 76  0.01635 -5.31005e-03 | 77  0.01716 -3.87449e-03 | 78  0.01720 -1.08044e-03
 79  0.01650 -4.25333e-03 | 80  0.01525 -2.73947e-03 | 81  0.01354 -1.14568e-03
 82  0.01147 -4.54443e-03 | 83  0.00915 -2.66189e-03 | 84  0.00656 -2.20419e-03
 85  0.00375 -1.91045e-03 | 86  0.00088  3.32508e-03 | 87 -0.00179  4.64093e-03
 88 -0.00389 -8.57863e-04 | 89 -0.00504  2.81409e-04 | 90 -0.00521  1.16805e-02
 91 -0.00481  7.18135e-03 | 92 -0.00425  1.04574e-02 | 93 -0.00387  8.17072e-03
 94 -0.00337  8.43537e-03 | 95 -0.00258  6.99121e-03 | 96 -0.00219  5.31643e-03
 97 -0.00114  1.67218e-02 | 98  0.00103  2.02556e-02 | 99  0.00459  1.76022e-02
100  0.00437  1.03088e-02 |101  0.00177  1.58278e-02 |102 -0.00304  1.48487e-02
103 -0.01389  1.57999e-02 |104 -0.01698  1.77386e-02 |105 -0.00699  1.51165e-02
106 -0.01430  1.85824e-02 |107 -0.03440  1.98221e-02 |108 -0.02156  1.70205e-02
109  0.02718  2.64130e-02 |110 -0.00403  2.34877e-02 |111 -0.04112  1.76252e-02
112 -0.02828  2.40522e-02 |113 -0.01142  2.22267e-02 |114  0.00810  3.17975e-02
115 -0.01147  2.29064e-02 |116 -0.06920  9.22318e-03 |117 -0.08197  6.81352e-03
118 -0.07446  1.55408e-03 |119 -0.03856  3.44307e-03 |120  0.09803 -1.22402e-02
121  0.05447 -3.14589e-02 |122  0.03910 -3.76445e-02 |123 -0.01458 -2.28071e-02
124 -0.05551 -1.03663e-02 |125 -0.00100  2.51325e-03 |126  0.01129  1.62797e-02
127 -0.03838  1.57700e-02 |128  0.00418  1.12413e-02 |129  0.04906 -6.35047e-04
130 -0.01355 -5.65403e-03 |131  0.06416 -1.10133e-02 |132 -0.00434 -3.81531e-03
133  0.11968 -2.94467e-03 |134 -0.00479 -4.86685e-04 |135 -0.05066 -3.23194e-03
136 -0.06349  9.65922e-04 |137 -0.02968 -9.78657e-04 |138  0.08816 -1.90011e-03
139  0.02387 -3.68903e-03 |140  0.01499 -1.28276e-03 |141 -0.03496 -4.58003e-03
142 -0.01568  1.56779e-03 |143 -0.00377 -5.14580e-03 |144 -0.00040  7.78564e-03
145  0.44796  7.90710e-03 |146  0.34381 -5.45954e-03 |147 -0.16097  1.92597e-01
148  0.06809 -1.53243e-03 |149  0.02686 -1.74895e-03 |150 -0.47436  5.35466e-04
151 -0.16219 -7.57505e-04 |152 -0.13699 -7.29725e-04 |153 -0.05287  8.77741e-04
154 -0.32845  6.62344e-04 |155  0.24092 -1.86384e-03 |156  0.03143  2.42213e-03
157  0.17134 -2.77568e-04 |158 -0.15639 -7.87679e-04 |159 -0.16273 -1.93477e-04
160 -0.44865  2.05808e-03 |161 -0.42003 -9.71448e-03 |162 -0.09716  1.03192e-04
163  0.15183 -1.03456e-01 |164 -0.66478 -1.67179e-03 |165 -0.33077  6.16749e-03
166  0.24603 -1.29261e-02 |167  0.05030  2.96294e-03 |168 -0.18119  2.81870e-02
169  0.18295  7.52609e-03 |170  0.31008 -5.83246e-03 |171  0.07949  4.67232e-03
172 -0.54182  4.56982e-04 |173 -0.35687  1.33254e-03 |174  0.24303 -5.16769e-03
175  0.06671 -2.94019e-05 |176 -0.10730 -2.80036e-02 |177  0.01792  1.01245e-02
178  0.27759  1.32335e-03 |179 -0.17267 -8.74830e-04 |180 -0.05367 -2.64666e-04
181 -0.12360  3.27940e-04 |182 -0.20127 -1.02606e-03 |183 -0.24549  4.30354e-02
184 -0.38328  4.70628e-04 |185 -1.34643 -7.21692e-02 |186  0.08413 -8.69698e-03
187  0.07397 -4.13814e-03 |188 -0.82366 -1.09645e-02 |189  0.64582 -2.98379e-01
190  0.12045 -1.37042e-02 |191  0.07680  2.51648e-01 |192 -0.12475 -6.23618e-04
193  0.18589  9.20361e-04 |194 -0.29677 -1.58070e-03 |195  0.12614  2.85791e-04
196 -0.52944  6.20823e-04 |197 -0.55882 -4.09929e-03 |198  0.17004 -1.78811e-03
199  0.09177 -3.77643e-02 |200 -0.25134 -2.41259e-03 |
200 variables; iteration 500; function evaluation 655; phase 4
Function value 6.8799278e+03; maximum gradient component mag -1.1712e+00
Var    Value     Gradient |Var    Value     Gradient |Var    Value     Gradient
  1 -0.41634 -7.99055e-02 |  2  0.34565 -2.93428e-02 |  3 -0.19752 -7.45857e-02
  4  0.08223 -6.25625e-02 |  5 -0.60559 -1.13733e-02 |  6 -0.64953  4.26854e-02
  7  0.35839 -3.56586e-02 |  8 -0.22211 -6.49223e-02 |  9  0.09346 -5.49448e-02
 10 -0.52477 -4.29239e-03 | 11 -0.65995  1.01543e-01 | 12 -0.19485  1.67685e-01
 13 -0.00087  5.26439e-04 | 14 -0.00087  3.63815e-04 | 15 -0.00085  3.15620e-03
 16 -0.00087 -4.04010e-03 | 17 -0.00083 -1.09778e-03 | 18 -0.00080  9.20647e-05
 19 -0.00077 -7.85876e-04 | 20 -0.00073  6.21988e-04 | 21 -0.00066  3.93381e-03
 22 -0.00061  1.34747e-03 | 23 -0.00054  2.41034e-03 | 24 -0.00048 -4.40453e-03
 25 -0.00038 -2.79890e-03 | 26 -0.00026  3.27490e-04 | 27 -0.00017 -5.82601e-03
 28 -0.00000  2.53848e-03 | 29  0.00012 -2.81092e-03 | 30  0.00028 -2.34901e-03
 31  0.00048  3.18574e-03 | 32  0.00065  1.59121e-03 | 33  0.00085  6.62799e-04
 34  0.00106  7.00832e-04 | 35  0.00128  1.96818e-03 | 36  0.00151  2.39263e-03
 37  0.00175  7.33665e-04 | 38  0.00199 -3.78473e-04 | 39  0.00225 -6.58838e-04
 40  0.00251 -5.56400e-05 | 41  0.00278  1.21619e-04 | 42  0.00305  2.06767e-05
 43  0.00332  2.17600e-03 | 44  0.00355 -3.32941e-04 | 45  0.00377 -2.26378e-03
 46  0.00398  1.04830e-03 | 47  0.00412 -1.97255e-03 | 48  0.00422 -1.40608e-03
 49  0.00427  2.06354e-03 | 50  0.00424  3.25597e-03 | 51  0.00412  3.38123e-03
 52  0.00390  1.94890e-03 | 53  0.00360  2.25520e-03 | 54  0.00321 -1.04883e-03
 55  0.00274 -3.22586e-03 | 56  0.00227  6.14881e-03 | 57  0.00170  1.03738e-04
 58  0.00116  1.08851e-03 | 59  0.00064  1.26048e-03 | 60  0.00019  3.96089e-03
 61 -0.00021 -1.00216e-03 | 62 -0.00046 -2.33444e-03 | 63 -0.00053  2.05992e-03
 64 -0.00044 -1.57562e-03 | 65 -0.00008  4.78364e-03 | 66  0.00048  2.83038e-03
 67  0.00132  7.07912e-03 | 68  0.00240  6.02380e-03 | 69  0.00372  3.15507e-03
 70  0.00528  4.97216e-03 | 71  0.00702  4.20286e-03 | 72  0.00893  3.86838e-03
 73  0.01095  5.82222e-03 | 74  0.01300  6.97648e-03 | 75  0.01490  7.71180e-03
 76  0.01638  8.19000e-03 | 77  0.01718  8.66449e-03 | 78  0.01721  8.89377e-03
 79  0.01653  1.06641e-02 | 80  0.01526  9.48814e-03 | 81  0.01355  1.09360e-02
 82  0.01149  1.01412e-02 | 83  0.00917  1.14513e-02 | 84  0.00658  1.15827e-02
 85  0.00376  1.03493e-02 | 86  0.00089  1.40745e-02 | 87 -0.00179  1.18513e-02
 88 -0.00387  9.00074e-03 | 89 -0.00504  6.32905e-03 | 90 -0.00522  1.46236e-02
 91 -0.00481  1.10845e-02 | 92 -0.00427  1.09933e-02 | 93 -0.00389  7.38045e-03
 94 -0.00339  7.58747e-03 | 95 -0.00259  7.00834e-03 | 96 -0.00220  6.71680e-03
 97 -0.00118  8.85886e-03 | 98  0.00097  5.02004e-03 | 99  0.00454  2.62079e-03
100  0.00434 -7.16029e-04 |101  0.00173 -1.17320e-03 |102 -0.00306 -1.36903e-03
103 -0.01391 -2.63134e-03 |104 -0.01701 -3.77023e-03 |105 -0.00701 -6.54405e-03
106 -0.01433 -6.90981e-03 |107 -0.03444 -5.91549e-03 |108 -0.02158 -3.83693e-03
109  0.02715 -4.75301e-03 |110 -0.00405 -4.24357e-04 |111 -0.04114 -1.86135e-03
112 -0.02831  4.17306e-03 |113 -0.01143  6.04280e-03 |114  0.00807  8.38571e-03
115 -0.01148  8.30454e-03 |116 -0.06920  1.35782e-03 |117 -0.08197  2.62208e-04
118 -0.07448 -4.79052e-03 |119 -0.03861 -3.78796e-03 |120  0.09798 -2.43162e-02
121  0.05452 -2.81078e-02 |122  0.03916 -2.91874e-02 |123 -0.01455 -2.18490e-02
124 -0.05551 -1.48467e-02 |125 -0.00109 -1.97863e-02 |126  0.01112 -1.71602e-02
127 -0.03853 -6.79498e-03 |128  0.00408 -6.51330e-03 |129  0.04907 -2.41117e-03
130 -0.01353 -3.81683e-05 |131  0.06421  1.21397e-03 |132 -0.00433  1.17224e-04
133  0.11970  1.33147e-03 |134 -0.00478 -1.39814e-03 |135 -0.05065  5.82508e-04
136 -0.06349  9.47677e-04 |137 -0.02967  1.25471e-04 |138  0.08819  4.03040e-04
139  0.02388 -7.52870e-04 |140  0.01500  5.52568e-04 |141 -0.03495 -2.48249e-03
142 -0.01569 -6.84320e-04 |143 -0.00376 -2.27921e-03 |144 -0.00041  3.10755e-03
145  0.44809  1.02718e-02 |146  0.34396  1.08600e-02 |147 -0.16098  1.90919e-01
148  0.08736 -2.27830e-03 |149  0.02743  3.98197e-03 |150 -0.46958  9.24572e-04
151 -0.15755 -1.60183e-03 |152 -0.09204 -4.20110e-04 |153 -0.10504 -3.24796e-04
154 -0.36908 -6.98182e-04 |155  0.23102  1.62962e-03 |156 -0.10413 -5.18523e-04
157  0.17209 -1.09384e-03 |158 -0.06227 -1.57206e-04 |159 -0.16723 -4.99022e-04
160 -0.47066  4.56739e-05 |161 -0.41929 -1.23081e-02 |162 -0.08400  5.49826e-04
163  0.15181 -1.17123e+00 |164 -0.61180  4.88898e-04 |165 -0.33076 -3.70180e-04
166  0.24604 -8.44446e-04 |167  0.05030  3.03978e-03 |168 -0.18119  3.05092e-02
169  0.18290  2.90048e-03 |170  0.31007 -1.15276e-03 |171  0.07950  1.60098e-02
172 -0.54551  1.30496e-04 |173 -0.35698 -3.23101e-03 |174  0.24301 -2.44240e-04
175  0.06674 -9.59666e-03 |176 -0.10726  4.58343e-03 |177  0.01807 -1.16805e-02
178  0.27749  5.57119e-03 |179 -0.16952 -8.54453e-04 |180 -0.04920 -2.39202e-04
181 -0.12030  7.09382e-04 |182 -0.17476  4.05412e-04 |183 -0.24539  5.27420e-03
184 -0.38171  5.46833e-04 |185 -1.34933 -4.88175e-02 |186  0.09024  8.63713e-05
187  0.07362 -6.45209e-02 |188 -0.79658 -9.37391e-03 |189  0.64510 -1.15696e-02
190  0.12113 -1.05971e-02 |191  0.07514  1.18745e-01 |192 -0.10296 -5.12329e-04
193  0.08572  7.10352e-05 |194 -0.29603 -1.57613e-03 |195  0.14118  1.92806e-04
196 -0.54595 -7.09890e-04 |197 -0.55883  1.68048e-03 |198  0.17004  8.19897e-04
199  0.09179  3.55155e-02 |200 -0.25144  2.37643e-03 |
200 variables; iteration 520; function evaluation 675; phase 4
Function value 6.8799272e+03; maximum gradient component mag 2.7897e+00
Var    Value     Gradient |Var    Value     Gradient |Var    Value     Gradient
  1 -0.41633 -2.91467e-01 |  2  0.34567  4.60719e-02 |  3 -0.19747  4.46073e-01
  4  0.08217  1.09780e-01 |  5 -0.60560  1.64698e-02 |  6 -0.64952  3.06074e-01
  7  0.35840  4.00158e-02 |  8 -0.22207  5.56295e-01 |  9  0.09340  9.42965e-02
 10 -0.52478  2.42826e-02 | 11 -0.65994  4.77296e-01 | 12 -0.19482  6.89778e-01
 13 -0.00086  5.55633e-03 | 14 -0.00086  5.17503e-03 | 15 -0.00085  4.46848e-03
 16 -0.00086 -5.22503e-04 | 17 -0.00084 -9.50580e-04 | 18 -0.00081  1.55303e-03
 19 -0.00077  1.63888e-03 | 20 -0.00072  5.90669e-03 | 21 -0.00065  1.11465e-02
 22 -0.00061  5.81876e-03 | 23 -0.00054  6.03105e-03 | 24 -0.00049 -2.76237e-03
 25 -0.00039 -1.99817e-03 | 26 -0.00028  9.71799e-04 | 27 -0.00017 -2.11394e-03
 28 -0.00001  3.55224e-03 | 29  0.00011 -1.38362e-03 | 30  0.00028  2.27228e-03
 31  0.00049  1.04285e-02 | 32  0.00067  9.77862e-03 | 33  0.00085  5.90792e-03
 34  0.00105  4.28573e-03 | 35  0.00130  1.00533e-02 | 36  0.00152  9.34619e-03
 37  0.00175  5.72422e-03 | 38  0.00199  2.73355e-03 | 39  0.00224  7.79869e-04
 40  0.00250  1.33433e-03 | 41  0.00280  8.57200e-03 | 42  0.00304  3.47471e-03
 43  0.00333  1.01808e-02 | 44  0.00355  4.58736e-03 | 45  0.00378  5.46196e-03
 46  0.00397  4.02730e-03 | 47  0.00412  4.03041e-03 | 48  0.00421  3.08209e-03
 49  0.00427  8.06669e-03 | 50  0.00425  1.24694e-02 | 51  0.00413  1.25887e-02
 52  0.00390  9.29767e-03 | 53  0.00362  1.37273e-02 | 54  0.00321  8.28062e-03
 55  0.00274  4.55510e-03 | 56  0.00227  1.39662e-02 | 57  0.00170  6.96868e-03
 58  0.00116  7.80104e-03 | 59  0.00065  1.07686e-02 | 60  0.00019  1.32384e-02
 61 -0.00022  4.84243e-03 | 62 -0.00044  9.92007e-03 | 63 -0.00057 -2.04954e-04
 64 -0.00044  6.09683e-03 | 65 -0.00008  1.38642e-02 | 66  0.00048  1.18976e-02
 67  0.00133  1.83218e-02 | 68  0.00240  1.60801e-02 | 69  0.00372  1.16946e-02
 70  0.00528  1.34390e-02 | 71  0.00702  1.17092e-02 | 72  0.00893  1.39143e-02
 73  0.01095  1.26550e-02 | 74  0.01300  1.39461e-02 | 75  0.01491  1.64415e-02
 76  0.01638  1.54964e-02 | 77  0.01717  1.29108e-02 | 78  0.01720  1.43628e-02
 79  0.01651  1.34604e-02 | 80  0.01524  1.09144e-02 | 81  0.01355  1.45401e-02
 82  0.01148  1.11893e-02 | 83  0.00916  1.16939e-02 | 84  0.00655  7.88453e-03
 85  0.00375  8.52170e-03 | 86  0.00089  1.62183e-02 | 87 -0.00181  8.40903e-03
 88 -0.00389  5.34931e-03 | 89 -0.00506  2.14382e-03 | 90 -0.00522  1.55470e-02
 91 -0.00482  1.06649e-02 | 92 -0.00427  9.05435e-03 | 93 -0.00390  5.01048e-03
 94 -0.00341  2.46798e-03 | 95 -0.00260  2.13743e-03 | 96 -0.00223 -4.38599e-03
 97 -0.00116  6.83167e-03 | 98  0.00098  5.72541e-04 | 99  0.00455 -2.84534e-03
100  0.00433 -1.10955e-02 |101  0.00174 -6.69230e-03 |102 -0.00306 -1.01800e-02
103 -0.01391 -1.29757e-02 |104 -0.01701 -1.52750e-02 |105 -0.00702 -2.50895e-02
106 -0.01432 -2.47905e-02 |107 -0.03443 -2.19922e-02 |108 -0.02158 -2.68947e-02
109  0.02714 -4.50513e-02 |110 -0.00405 -3.33498e-02 |111 -0.04113 -2.26936e-02
112 -0.02832 -3.00159e-02 |113 -0.01145 -3.74021e-02 |114  0.00806 -3.83700e-02
115 -0.01151 -3.17095e-02 |116 -0.06923 -1.81168e-02 |117 -0.08200 -9.31145e-03
118 -0.07449 -3.12989e-03 |119 -0.03862  1.92311e-03 |120  0.09801  3.14672e-02
121  0.05455  3.26464e-02 |122  0.03919  3.49047e-02 |123 -0.01454  2.24771e-02
124 -0.05549  2.13285e-02 |125 -0.00107  3.75597e-02 |126  0.01116  4.53973e-02
127 -0.03849  2.88914e-02 |128  0.00414  3.31492e-02 |129  0.04913  2.83744e-02
130 -0.01352  5.29998e-03 |131  0.06423 -3.67707e-03 |132 -0.00431 -2.33371e-03
133  0.11972 -4.98478e-03 |134 -0.00477  2.74767e-04 |135 -0.05065 -1.40273e-03
136 -0.06348  1.77562e-03 |137 -0.02966  1.41611e-03 |138  0.08819 -3.26468e-03
139  0.02388 -1.64969e-03 |140  0.01501  2.78511e-03 |141 -0.03496 -3.67929e-03
142 -0.01569 -1.21596e-03 |143 -0.00376 -3.34110e-03 |144 -0.00040  6.24578e-03
145  0.44804  6.98133e-03 |146  0.34388 -1.89947e-02 |147 -0.16100  2.16890e-01
148  0.09091 -4.40405e-03 |149  0.02719  4.33104e-02 |150 -0.46298  1.61178e-03
151 -0.16324 -6.91290e-04 |152  0.03395  1.78324e-04 |153 -0.07534  4.07231e-05
154 -0.34270 -3.62466e-06 |155  0.21717 -3.72360e-03 |156 -0.05936  4.60053e-04
157  0.16833 -1.04728e-02 |158 -0.07496  2.70906e-04 |159 -0.17712 -8.96845e-04
160 -0.47888 -5.11728e-04 |161 -0.41871 -4.61384e-03 |162 -0.09735 -3.25426e-04
163  0.15181  2.78965e+00 |164 -0.61060  2.83687e-03 |165 -0.33074  1.31630e-03
166  0.24604  2.07760e-03 |167  0.05030 -1.40180e-03 |168 -0.18119  1.03488e-02
169  0.18290  3.66378e-03 |170  0.31007 -1.26262e-03 |171  0.07949  4.28187e-03
172 -0.55053 -2.81635e-04 |173 -0.35703  4.97739e-03 |174  0.24300 -6.68902e-03
175  0.06676  1.55201e-02 |176 -0.10726  6.82531e-03 |177  0.01811 -3.79235e-02
178  0.27840  1.39548e-03 |179 -0.16892 -8.46511e-04 |180 -0.04827 -2.36533e-04
181 -0.12620 -8.02618e-05 |182 -0.21054 -1.07849e-03 |183 -0.24539 -5.33176e-02
184 -0.37987  6.48455e-04 |185 -1.34894 -1.11053e-01 |186  0.09003 -7.17700e-03
187  0.07376  2.35185e-01 |188 -0.75917 -7.69962e-03 |189  0.64407 -3.96848e-01
190  0.12218 -4.13748e-02 |191  0.07225  2.37798e-01 |192 -0.05687  6.06718e-03
193 -0.00304 -5.02744e-04 |194 -0.29059 -1.54268e-03 |195  0.19505  2.29229e-04
196 -0.51523  2.12337e-03 |197 -0.55879 -7.05341e-03 |198  0.17006  3.56503e-03
199  0.09177 -7.11207e-02 |200 -0.25137 -1.21329e-02 |
200 variables; iteration 540; function evaluation 696; phase 4
Function value 6.8799255e+03; maximum gradient component mag -1.3705e+00
Var    Value     Gradient |Var    Value     Gradient |Var    Value     Gradient
  1 -0.41638 -4.99592e-01 |  2  0.34560 -8.32518e-03 |  3 -0.19759  6.79865e-01
  4  0.08238  3.82291e-02 |  5 -0.60549  1.06634e-02 |  6 -0.64957  8.03247e-01
  7  0.35831  4.10612e-03 |  8 -0.22217  8.15649e-01 |  9  0.09361  3.43892e-02
 10 -0.52475  1.73957e-02 | 11 -0.65998  1.01632e+00 | 12 -0.19495  1.16658e+00
 13 -0.00087  4.16044e-03 | 14 -0.00088  1.57222e-03 | 15 -0.00085  7.00004e-03
 16 -0.00086 -2.34582e-04 | 17 -0.00084  1.59207e-03 | 18 -0.00080  5.51106e-03
 19 -0.00076  6.24693e-03 | 20 -0.00070  1.13757e-02 | 21 -0.00064  1.24538e-02
 22 -0.00061  5.89912e-03 | 23 -0.00054  4.71200e-03 | 24 -0.00049 -2.28199e-03
 25 -0.00039  6.43205e-04 | 26 -0.00026  5.83561e-03 | 27 -0.00017 -1.27897e-03
 28 -0.00001  4.59573e-03 | 29  0.00011 -6.83577e-04 | 30  0.00030  6.52207e-03
 31  0.00050  1.48581e-02 | 32  0.00067  1.03420e-02 | 33  0.00084  5.19152e-03
 34  0.00105  4.91044e-03 | 35  0.00129  8.91658e-03 | 36  0.00154  1.38120e-02
 37  0.00175  8.53858e-03 | 38  0.00200  7.20731e-03 | 39  0.00226  8.54361e-03
 40  0.00250  3.20344e-03 | 41  0.00279  9.83786e-03 | 42  0.00305  9.14006e-03
 43  0.00332  1.14950e-02 | 44  0.00355  6.92594e-03 | 45  0.00377  5.62668e-03
 46  0.00397  8.17796e-03 | 47  0.00412  8.02459e-03 | 48  0.00423  9.58097e-03
 49  0.00426  9.34861e-03 | 50  0.00427  2.05305e-02 | 51  0.00413  1.66773e-02
 52  0.00390  1.28743e-02 | 53  0.00362  1.79348e-02 | 54  0.00322  1.36073e-02
 55  0.00274  8.25287e-03 | 56  0.00229  2.32354e-02 | 57  0.00170  1.26105e-02
 58  0.00115  1.20391e-02 | 59  0.00064  1.55230e-02 | 60  0.00020  2.20805e-02
 61 -0.00022  8.74554e-03 | 62 -0.00046  1.28914e-02 | 63 -0.00055  1.06527e-02
 64 -0.00044  1.20903e-02 | 65 -0.00009  1.96199e-02 | 66  0.00048  1.81617e-02
 67  0.00133  2.51706e-02 | 68  0.00240  2.16306e-02 | 69  0.00371  1.65978e-02
 70  0.00526  1.66285e-02 | 71  0.00701  1.84561e-02 | 72  0.00892  1.80957e-02
 73  0.01093  1.61412e-02 | 74  0.01298  1.65629e-02 | 75  0.01488  1.82601e-02
 76  0.01638  2.26000e-02 | 77  0.01717  1.94303e-02 | 78  0.01717  1.38512e-02
 79  0.01650  1.65595e-02 | 80  0.01522  1.16684e-02 | 81  0.01353  1.50698e-02
 82  0.01147  1.17631e-02 | 83  0.00915  1.36249e-02 | 84  0.00655  8.84926e-03
 85  0.00374  8.66152e-03 | 86  0.00089  1.76414e-02 | 87 -0.00179  1.34713e-02
 88 -0.00388  6.17151e-03 | 89 -0.00505  4.31062e-03 | 90 -0.00520  1.80549e-02
 91 -0.00479  1.38654e-02 | 92 -0.00424  1.36160e-02 | 93 -0.00387  8.83083e-03
 94 -0.00338  6.15879e-03 | 95 -0.00257  8.93811e-03 | 96 -0.00220  2.57370e-03
 97 -0.00114  1.43608e-02 | 98  0.00099  6.60654e-03 | 99  0.00455  3.71957e-03
100  0.00434 -2.24814e-03 |101  0.00173 -4.17779e-04 |102 -0.00307 -2.08255e-04
103 -0.01394 -5.37638e-03 |104 -0.01704 -5.28009e-03 |105 -0.00705 -7.87747e-03
106 -0.01436 -4.84954e-03 |107 -0.03447 -4.52093e-03 |108 -0.02162 -7.62042e-03
109  0.02707 -2.10107e-02 |110 -0.00413 -1.47638e-02 |111 -0.04118 -6.59943e-03
112 -0.02839 -1.24736e-02 |113 -0.01150 -9.39953e-03 |114  0.00798 -3.66679e-03
115 -0.01164 -3.62438e-03 |116 -0.06936  6.62411e-04 |117 -0.08217  3.57445e-03
118 -0.07466 -5.76285e-03 |119 -0.03861  4.63158e-03 |120  0.09808  2.92847e-02
121  0.05439  1.63002e-02 |122  0.03895  4.27005e-03 |123 -0.01459  1.12877e-02
124 -0.05541  8.85261e-04 |125 -0.00070  2.58337e-03 |126  0.01184  4.67849e-04
127 -0.03788 -1.21753e-02 |128  0.00457 -9.99078e-03 |129  0.04905 -1.02581e-02
130 -0.01359 -2.01778e-03 |131  0.06405 -1.23019e-03 |132 -0.00439  7.41218e-03
133  0.11959 -1.79016e-03 |134 -0.00480  4.97138e-03 |135 -0.05067  8.99211e-04
136 -0.06353 -3.96503e-03 |137 -0.02972 -6.65867e-04 |138  0.08811  2.84601e-03
139  0.02384 -4.64267e-03 |140  0.01498 -5.82404e-04 |141 -0.03496 -1.27576e-03
142 -0.01567  1.00178e-03 |143 -0.00376 -4.73382e-03 |144 -0.00040  6.16370e-03
145  0.44844  2.09893e-02 |146  0.34411 -2.27960e-02 |147 -0.16109  1.69700e-01
148  0.09697  3.14918e-03 |149  0.02783  5.29516e-03 |150 -0.47751  2.61303e-04
151 -0.15545  6.02501e-04 |152  0.02024  7.85699e-05 |153 -0.09077  4.16030e-05
154 -0.34681 -5.50239e-05 |155  0.21417 -1.06090e-03 |156 -0.12178 -6.08407e-04
157  0.16764 -8.78208e-03 |158 -0.12152 -6.07084e-04 |159 -0.16542 -8.11353e-04
160 -0.45340  1.55540e-03 |161 -0.42024 -1.29138e-02 |162 -0.09535  3.92431e-04
163  0.15181 -8.28328e-01 |164 -0.61240  6.13201e-04 |165 -0.33082  8.17974e-03
166  0.24600 -1.10711e-02 |167  0.05029  1.00243e-02 |168 -0.18122  5.69521e-02
169  0.18280  1.19210e-03 |170  0.31007  2.82062e-03 |171  0.07951  2.01035e-02
172 -0.56267 -1.14677e-03 |173 -0.35665  2.84542e-03 |174  0.24307 -5.60372e-03
175  0.06666 -1.18258e-02 |176 -0.10730  2.73888e-02 |177  0.01863 -1.41264e-02
178  0.28000  1.77482e-03 |179 -0.15688 -7.78465e-04 |180 -0.11287 -5.62890e-04
181 -0.18961 -8.31519e-04 |182 -0.20075 -9.95410e-04 |183 -0.24579 -4.12997e-02
184 -0.39162 -8.05533e-05 |185 -1.33695 -1.18246e-02 |186  0.06665 -8.69008e-04
187  0.07552  5.52850e-02 |188 -0.67936 -5.04668e-03 |189  0.63855 -1.37049e+00
190  0.12646 -2.48654e-02 |191  0.05706  4.45459e-01 |192 -0.03716  5.32022e-03
193  0.04155 -9.27060e-05 |194 -0.22720 -1.17139e-03 |195  0.19330  6.31311e-04
196 -0.53063  5.29146e-04 |197 -0.55881 -7.06106e-03 |198  0.17005  1.88128e-03
199  0.09176 -7.75279e-02 |200 -0.25137 -1.88215e-02 |
200 variables; iteration 560; function evaluation 717; phase 4
Function value 6.8799249e+03; maximum gradient component mag -7.1439e-01
Var    Value     Gradient |Var    Value     Gradient |Var    Value     Gradient
  1 -0.41629  1.31598e-01 |  2  0.34558  6.79377e-03 |  3 -0.19763 -1.60704e-02
  4  0.08244  1.44750e-02 |  5 -0.60548  3.88705e-03 |  6 -0.64959 -5.64571e-02
  7  0.35830 -9.18220e-04 |  8 -0.22218 -9.21627e-02 |  9  0.09365 -6.48294e-04
 10 -0.52476  2.61759e-03 | 11 -0.65998 -1.26497e-01 | 12 -0.19489 -1.63985e-01
 13 -0.00088 -1.72027e-03 | 14 -0.00087 -4.60337e-04 | 15 -0.00086 -1.50924e-03
 16 -0.00084 -1.00361e-04 | 17 -0.00082  6.47875e-04 | 18 -0.00080  2.81842e-04
 19 -0.00076  2.09637e-04 | 20 -0.00072  3.17820e-05 | 21 -0.00068 -1.13236e-03
 22 -0.00062 -2.06601e-03 | 23 -0.00055 -2.40391e-03 | 24 -0.00046 -1.62274e-03
 25 -0.00037 -1.32333e-03 | 26 -0.00026 -7.44562e-04 | 27 -0.00014 -1.35139e-03
 28 -0.00002 -2.55630e-03 | 29  0.00013 -1.61004e-03 | 30  0.00030 -6.08607e-04
 31  0.00047 -5.27794e-04 | 32  0.00065 -9.01819e-04 | 33  0.00085 -1.40915e-03
 34  0.00106 -2.18416e-03 | 35  0.00128 -1.64877e-03 | 36  0.00151 -2.24190e-03
 37  0.00175 -2.64941e-03 | 38  0.00199 -3.52951e-03 | 39  0.00225 -2.36110e-03
 40  0.00251 -4.70534e-03 | 41  0.00278 -2.40807e-03 | 42  0.00304 -3.58282e-03
 43  0.00330 -4.57783e-03 | 44  0.00355 -3.28869e-03 | 45  0.00378 -2.37690e-03
 46  0.00398 -2.91940e-03 | 47  0.00413 -2.29833e-03 | 48  0.00423 -4.00915e-03
 49  0.00426 -3.73981e-03 | 50  0.00423 -1.40591e-03 | 51  0.00410 -2.87375e-03
 52  0.00389 -4.16124e-03 | 53  0.00359 -3.35925e-03 | 54  0.00322 -2.00084e-03
 55  0.00275 -4.42422e-03 | 56  0.00225 -3.05569e-03 | 57  0.00170 -3.77774e-03
 58  0.00115 -4.18398e-03 | 59  0.00063 -4.43627e-03 | 60  0.00017 -3.46506e-03
 61 -0.00021 -4.71331e-03 | 62 -0.00046 -4.98747e-03 | 63 -0.00054 -4.16394e-03
 64 -0.00043 -3.57779e-03 | 65 -0.00010 -4.13381e-03 | 66  0.00047 -3.52197e-03
 67  0.00128 -5.68354e-03 | 68  0.00238 -3.60698e-03 | 69  0.00370 -4.35224e-03
 70  0.00526 -3.73510e-03 | 71  0.00700 -5.18460e-03 | 72  0.00892 -2.98060e-03
 73  0.01093 -4.75439e-03 | 74  0.01299 -3.94489e-03 | 75  0.01489 -3.02786e-03
 76  0.01636 -3.73944e-03 | 77  0.01715 -5.68223e-03 | 78  0.01719 -3.35423e-03
 79  0.01650 -4.24237e-03 | 80  0.01524 -4.63991e-03 | 81  0.01354 -3.43852e-03
 82  0.01148 -3.27069e-03 | 83  0.00915 -3.80434e-03 | 84  0.00657 -1.82536e-03
 85  0.00377 -6.72396e-04 | 86  0.00089  1.11622e-03 | 87 -0.00180 -2.53797e-03
 88 -0.00384  3.11108e-03 | 89 -0.00501  2.53209e-03 | 90 -0.00523  6.51034e-04
 91 -0.00480  1.48477e-03 | 92 -0.00425  2.56090e-03 | 93 -0.00386  4.34609e-03
 94 -0.00337  4.49329e-03 | 95 -0.00258  4.01349e-03 | 96 -0.00220  2.02596e-03
 97 -0.00118  7.59704e-03 | 98  0.00097  8.09497e-03 | 99  0.00453  7.08867e-03
100  0.00433  6.11114e-03 |101  0.00171  9.16537e-03 |102 -0.00310  8.00696e-03
103 -0.01395  8.26888e-03 |104 -0.01705  7.37666e-03 |105 -0.00706  4.38540e-03
106 -0.01438  3.26893e-03 |107 -0.03447  2.85788e-03 |108 -0.02162  1.63210e-03
109  0.02711 -1.13403e-03 |110 -0.00410 -3.58677e-04 |111 -0.04116  7.24124e-05
112 -0.02835 -4.29649e-03 |113 -0.01147 -7.70109e-03 |114  0.00801 -8.44317e-03
115 -0.01160 -8.07241e-03 |116 -0.06933 -5.37682e-03 |117 -0.08214 -2.59415e-03
118 -0.07460 -2.11651e-04 |119 -0.03858 -3.13688e-03 |120  0.09808 -2.15979e-03
121  0.05435  5.81766e-03 |122  0.03894  1.04958e-02 |123 -0.01463  5.56094e-03
124 -0.05542  4.55658e-03 |125 -0.00068  8.76511e-03 |126  0.01187  8.69464e-03
127 -0.03781  5.66199e-03 |128  0.00460  7.37055e-03 |129  0.04905  1.04158e-02
130 -0.01360  1.91150e-03 |131  0.06403 -8.49020e-05 |132 -0.00442 -1.77690e-03
133  0.11958  5.58944e-04 |134 -0.00481  4.60098e-04 |135 -0.05068 -1.12153e-03
136 -0.06351  1.00689e-03 |137 -0.02972  1.10259e-03 |138  0.08809 -1.84482e-03
139  0.02385  4.90225e-04 |140  0.01499  1.77976e-03 |141 -0.03495 -6.26167e-05
142 -0.01567 -7.99996e-05 |143 -0.00374 -1.43386e-03 |144 -0.00043  4.69825e-04
145  0.44833 -3.32531e-03 |146  0.34406  1.13937e-02 |147 -0.16119  1.87009e-01
148  0.08374 -1.42853e-03 |149  0.02765  9.69481e-03 |150 -0.48747 -4.40420e-04
151 -0.16083 -4.03874e-04 |152  0.05881  3.92405e-04 |153 -0.08223 -5.18975e-05
154 -0.34339 -4.22480e-05 |155  0.23209  1.71056e-03 |156 -0.02157 -9.55180e-05
157  0.17172 -6.71014e-04 |158 -0.12376 -6.18533e-04 |159 -0.16627 -4.92674e-04
160 -0.47455 -2.16777e-04 |161 -0.41845 -6.73515e-03 |162 -0.08713 -1.61216e-05
163  0.15181 -7.14395e-01 |164 -0.61775  3.99050e-04 |165 -0.33084 -6.11490e-04
166  0.24600  2.74046e-04 |167  0.05029 -4.84349e-03 |168 -0.18121 -4.57054e-03
169  0.18282  1.79419e-03 |170  0.31007 -9.04209e-04 |171  0.07951  3.98109e-03
172 -0.54718 -1.45505e-05 |173 -0.35663  1.17367e-03 |174  0.24307 -2.50444e-03
175  0.06666  2.90988e-03 |176 -0.10733 -2.83553e-04 |177  0.01959  1.77683e-03
178  0.28054  8.12619e-03 |179 -0.13897 -7.13821e-04 |180 -0.14806 -7.44112e-04
181 -0.21123 -1.11653e-03 |182 -0.18450  7.10004e-04 |183 -0.24595  3.61781e-02
184 -0.39135 -4.80319e-05 |185 -1.33640 -1.59660e-02 |186  0.06491 -2.74535e-03
187  0.07550  3.57173e-02 |188 -0.57759 -1.27819e-04 |189  0.63493  1.87688e-01
190  0.13026  1.01574e-03 |191  0.04458 -4.70253e-02 |192 -0.03478  3.56909e-04
193  0.10449  1.64436e-04 |194 -0.18570 -3.87059e-04 |195  0.12398 -8.07076e-05
196 -0.53157  4.32980e-04 |197 -0.55880  3.87200e-03 |198  0.17005  9.41993e-04
199  0.09177  4.14225e-02 |200 -0.25140  9.37958e-03 |
200 variables; iteration 580; function evaluation 737; phase 4
Function value 6.8799248e+03; maximum gradient component mag 3.0942e-01
Var    Value     Gradient |Var    Value     Gradient |Var    Value     Gradient
  1 -0.41630  5.11292e-02 |  2  0.34558  1.56716e-02 |  3 -0.19762  9.83096e-02
  4  0.08244  2.96309e-02 |  5 -0.60548  2.94509e-03 |  6 -0.64959  5.01594e-02
  7  0.35829  1.01060e-02 |  8 -0.22218  1.44878e-02 |  9  0.09366  1.87963e-02
 10 -0.52476 -5.69911e-03 | 11 -0.65998 -7.81849e-02 | 12 -0.19489 -2.86454e-02
 13 -0.00088 -5.68525e-04 | 14 -0.00087 -1.15951e-03 | 15 -0.00086 -3.21955e-05
 16 -0.00085 -9.11076e-04 | 17 -0.00083 -1.31457e-03 | 18 -0.00081 -1.55322e-03
 19 -0.00078 -2.05698e-03 | 20 -0.00074 -2.87358e-03 | 21 -0.00069 -2.55447e-03
 22 -0.00062 -3.24068e-04 | 23 -0.00054  5.35179e-04 | 24 -0.00045  2.27538e-03
 25 -0.00036  9.29303e-04 | 26 -0.00026 -2.09850e-04 | 27 -0.00014  5.30897e-04
 28 -0.00000  1.73772e-03 | 29  0.00014  1.52873e-03 | 30  0.00029 -1.91123e-03
 31  0.00045 -3.50244e-03 | 32  0.00064 -2.61046e-03 | 33  0.00084 -1.25091e-03
 34  0.00106  6.49917e-04 | 35  0.00127 -2.11390e-03 | 36  0.00150 -2.90216e-03
 37  0.00175 -7.48004e-04 | 38  0.00200  4.09952e-04 | 39  0.00226 -2.85679e-04
 40  0.00253  2.50634e-03 | 41  0.00278 -2.59229e-03 | 42  0.00305  4.07074e-05
 43  0.00331 -5.40996e-04 | 44  0.00356  3.15775e-04 | 45  0.00378 -5.61082e-04
 46  0.00398 -8.54149e-05 | 47  0.00413 -7.56918e-04 | 48  0.00424  2.37529e-04
 49  0.00427 -1.12396e-04 | 50  0.00421 -5.39623e-03 | 51  0.00409 -3.23571e-03
 52  0.00390 -5.25792e-04 | 53  0.00359 -2.31184e-03 | 54  0.00321 -2.48566e-03
 55  0.00276  5.23672e-04 | 56  0.00223 -4.38065e-03 | 57  0.00170 -1.11535e-03
 58  0.00116 -1.72137e-05 | 59  0.00064 -1.29886e-03 | 60  0.00017 -2.00473e-03
 61 -0.00019  1.38109e-03 | 62 -0.00045 -1.02116e-03 | 63 -0.00052  2.03549e-03
 64 -0.00043 -1.25128e-03 | 65 -0.00011 -2.58920e-03 | 66  0.00046 -2.82198e-03
 67  0.00129 -2.93708e-03 | 68  0.00237 -3.82559e-03 | 69  0.00371 -1.89017e-03
 70  0.00525 -3.54416e-03 | 71  0.00702  1.07326e-03 | 72  0.00891 -2.32994e-03
 73  0.01094 -1.88114e-03 | 74  0.01299 -2.14991e-03 | 75  0.01487 -4.49182e-03
 76  0.01635 -3.25921e-03 | 77  0.01717 -1.59424e-04 | 78  0.01719 -1.96575e-03
 79  0.01651 -4.11167e-04 | 80  0.01526  1.58032e-03 | 81  0.01354 -8.96651e-04
 82  0.01149  1.00538e-04 | 83  0.00917  9.21788e-04 | 84  0.00657 -1.73984e-03
 85  0.00377  5.93921e-05 | 86  0.00086 -5.60285e-03 | 87 -0.00178  1.95408e-03
 88 -0.00386 -2.23235e-03 | 89 -0.00501  2.43732e-03 | 90 -0.00523 -1.96005e-03
 91 -0.00481 -4.20203e-04 | 92 -0.00426  5.24804e-04 | 93 -0.00388  2.50732e-04
 94 -0.00338  1.52173e-03 | 95 -0.00259  1.98850e-03 | 96 -0.00219  5.28053e-03
 97 -0.00121 -2.38988e-03 | 98  0.00095  3.88138e-04 | 99  0.00452  3.30416e-03
100  0.00434  5.94934e-03 |101  0.00169  1.79416e-03 |102 -0.00311  2.99263e-03
103 -0.01396  3.09346e-03 |104 -0.01707  2.48274e-03 |105 -0.00704  9.40790e-03
106 -0.01438  4.66610e-03 |107 -0.03448  5.80985e-03 |108 -0.02163  4.67718e-03
109  0.02712  7.62693e-03 |110 -0.00411  2.69942e-03 |111 -0.04117 -1.23873e-03
112 -0.02835  5.93548e-04 |113 -0.01146  2.94523e-04 |114  0.00801 -3.33955e-03
115 -0.01160 -4.30191e-03 |116 -0.06934 -3.80045e-03 |117 -0.08215 -5.16958e-03
118 -0.07462 -4.18497e-03 |119 -0.03858  5.49610e-04 |120  0.09808  1.23542e-04
121  0.05435 -1.86412e-03 |122  0.03893 -2.84885e-03 |123 -0.01463  3.10672e-04
124 -0.05542  2.18607e-03 |125 -0.00068  5.62720e-03 |126  0.01187  7.48978e-03
127 -0.03781  5.56590e-03 |128  0.00461  1.75792e-03 |129  0.04903 -5.45908e-03
130 -0.01360 -1.36126e-03 |131  0.06403 -1.03799e-03 |132 -0.00442  5.29895e-04
133  0.11958 -5.73448e-04 |134 -0.00481 -2.06871e-03 |135 -0.05068  1.24261e-04
136 -0.06352 -5.22146e-04 |137 -0.02973 -7.85239e-04 |138  0.08809  1.67649e-03
139  0.02385  1.85935e-04 |140  0.01498 -1.32555e-03 |141 -0.03495  9.65160e-05
142 -0.01566  7.61301e-04 |143 -0.00373  2.49132e-03 |144 -0.00043 -1.82491e-03
145  0.44832 -9.73802e-03 |146  0.34407  7.79356e-04 |147 -0.16119  1.78583e-01
148  0.08658 -5.06295e-04 |149  0.02767 -9.88428e-04 |150 -0.48482 -2.73883e-04
151 -0.15818  1.00113e-04 |152 -0.00187 -1.47428e-05 |153 -0.08859 -8.80889e-05
154 -0.34412 -9.60967e-06 |155  0.22467  1.93112e-04 |156 -0.03194  1.09022e-04
157  0.17672  4.18492e-03 |158 -0.04131  9.20751e-06 |159 -0.17507  4.41355e-04
160 -0.47227 -5.97639e-05 |161 -0.41806 -6.78874e-03 |162 -0.08317  3.93122e-05
163  0.15182  3.09422e-01 |164 -0.63127  2.04418e-04 |165 -0.33086  3.74422e-04
166  0.24599 -5.57792e-03 |167  0.05030 -6.24546e-04 |168 -0.18122 -3.01754e-02
169  0.18279 -6.14350e-03 |170  0.31007  3.48813e-03 |171  0.07951 -2.39641e-02
172 -0.54587  9.57530e-05 |173 -0.35663 -1.79355e-03 |174  0.24307  4.08869e-03
175  0.06666 -2.10338e-03 |176 -0.10734 -2.40824e-02 |177  0.01978  1.66069e-03
178  0.27988  6.77631e-03 |179 -0.13662 -6.95853e-04 |180 -0.12384 -6.18991e-04
181 -0.18898 -9.99294e-04 |182 -0.18307  4.43566e-04 |183 -0.24589  2.16563e-02
184 -0.38770  1.72772e-04 |185 -1.33652 -7.84069e-03 |186  0.06621 -2.51328e-05
187  0.07551  1.97246e-02 |188 -0.57465  1.20800e-04 |189  0.63509 -2.78936e-02
190  0.13014 -1.39711e-03 |191  0.04512  1.16615e-02 |192 -0.03146  9.89921e-04
193  0.08777 -1.30848e-05 |194 -0.18537 -4.00107e-04 |195  0.13556  1.52992e-05
196 -0.53700 -3.02707e-05 |197 -0.55882  2.57941e-04 |198  0.17003 -2.79054e-03
199  0.09177 -1.80784e-03 |200 -0.25141 -6.74090e-04 |
200 variables; iteration 600; function evaluation 757; phase 4
Function value 6.8799248e+03; maximum gradient component mag -1.8677e-01
Var    Value     Gradient |Var    Value     Gradient |Var    Value     Gradient
  1 -0.41631  1.84342e-02 |  2  0.34558 -2.11047e-03 |  3 -0.19762 -2.38064e-02
  4  0.08244 -4.51800e-03 |  5 -0.60549 -1.29092e-03 |  6 -0.64959 -7.62762e-03
  7  0.35830 -6.24829e-04 |  8 -0.22218 -1.84468e-02 |  9  0.09365 -4.71757e-03
 10 -0.52476 -6.68764e-05 | 11 -0.65998 -5.19761e-03 | 12 -0.19490 -4.21666e-02
 13 -0.00087  5.69786e-04 | 14 -0.00087  5.30339e-04 | 15 -0.00086  1.56299e-04
 16 -0.00085 -1.08295e-06 | 17 -0.00083 -6.01226e-04 | 18 -0.00080 -4.41261e-04
 19 -0.00077 -1.13275e-03 | 20 -0.00073 -1.51070e-03 | 21 -0.00068 -4.70316e-04
 22 -0.00062 -6.66096e-04 | 23 -0.00054  2.72296e-04 | 24 -0.00046 -3.16024e-04
 25 -0.00037 -5.04408e-04 | 26 -0.00027 -1.08882e-03 | 27 -0.00015 -9.48536e-04
 28 -0.00001  2.56711e-04 | 29  0.00013 -1.95848e-04 | 30  0.00029 -1.35147e-03
 31  0.00046 -1.20630e-03 | 32  0.00065 -6.20790e-04 | 33  0.00085  2.83052e-05
 34  0.00106 -2.73262e-04 | 35  0.00128  1.38379e-04 | 36  0.00151 -7.66969e-04
 37  0.00175 -6.05239e-04 | 38  0.00200 -8.82235e-04 | 39  0.00225 -1.53056e-03
 40  0.00252  1.19705e-04 | 41  0.00278 -5.67814e-04 | 42  0.00305 -6.40194e-04
 43  0.00331 -3.80587e-04 | 44  0.00355 -6.32311e-04 | 45  0.00378 -1.47650e-05
 46  0.00398  9.97963e-05 | 47  0.00413 -1.18723e-03 | 48  0.00423 -1.03021e-03
 49  0.00427  2.51393e-04 | 50  0.00422 -1.19698e-03 | 51  0.00410 -3.73902e-04
 52  0.00389 -6.22970e-04 | 53  0.00359 -9.30040e-04 | 54  0.00321 -8.38786e-04
 55  0.00276 -6.24667e-04 | 56  0.00224 -1.00829e-03 | 57  0.00170 -1.05292e-03
 58  0.00116 -1.01656e-03 | 59  0.00064 -7.51998e-04 | 60  0.00017 -2.05749e-03
 61 -0.00020 -8.85077e-04 | 62 -0.00045 -1.13444e-03 | 63 -0.00053 -7.34730e-04
 64 -0.00043 -1.22389e-03 | 65 -0.00010 -5.13266e-04 | 66  0.00047 -7.80136e-04
 67  0.00129 -1.28093e-03 | 68  0.00238 -5.36146e-04 | 69  0.00371 -7.87129e-04
 70  0.00526 -8.15653e-04 | 71  0.00701 -7.40555e-04 | 72  0.00892 -1.33875e-03
 73  0.01094 -4.15052e-05 | 74  0.01299 -6.95931e-04 | 75  0.01489 -1.27729e-03
 76  0.01637 -1.04105e-03 | 77  0.01717 -9.19531e-04 | 78  0.01720 -9.98110e-04
 79  0.01652 -6.74578e-05 | 80  0.01526 -5.06942e-04 | 81  0.01355 -2.35189e-04
 82  0.01150 -1.24563e-04 | 83  0.00917  4.55415e-04 | 84  0.00659  5.80934e-04
 85  0.00378  1.98679e-04 | 86  0.00090  1.18654e-03 | 87 -0.00178 -3.14842e-04
 88 -0.00384  6.06829e-04 | 89 -0.00501 -2.12362e-04 | 90 -0.00522  1.72182e-04
 91 -0.00479  3.80091e-04 | 92 -0.00425  4.28657e-05 | 93 -0.00387  3.99199e-04
 94 -0.00337  4.49407e-04 | 95 -0.00258  1.06748e-03 | 96 -0.00219  1.54919e-03
 97 -0.00119  1.34257e-03 | 98  0.00096  4.69584e-04 | 99  0.00452  3.53089e-04
100  0.00432  1.72773e-03 |101  0.00169  9.80628e-04 |102 -0.00311  1.24803e-03
103 -0.01398 -7.68288e-05 |104 -0.01707  5.66861e-04 |105 -0.00707 -7.21832e-05
106 -0.01439  5.92467e-04 |107 -0.03449 -3.82380e-04 |108 -0.02164  6.67576e-04
109  0.02710  1.79915e-03 |110 -0.00411  1.76617e-03 |111 -0.04117  2.23103e-03
112 -0.02835  3.56173e-03 |113 -0.01147  4.78780e-03 |114  0.00801  4.95767e-03
115 -0.01159  5.68552e-03 |116 -0.06933  2.54264e-03 |117 -0.08213  2.35101e-03
118 -0.07460  1.56409e-03 |119 -0.03857  3.71923e-04 |120  0.09808 -3.87317e-03
121  0.05436 -3.87631e-03 |122  0.03895 -2.59802e-03 |123 -0.01463 -3.76810e-03
124 -0.05542 -3.28920e-03 |125 -0.00071 -5.68610e-03 |126  0.01183 -5.68127e-03
127 -0.03785 -3.19495e-03 |128  0.00458 -1.00258e-03 |129  0.04904  1.38740e-03
130 -0.01360  1.28538e-03 |131  0.06404  9.46513e-04 |132 -0.00441 -2.47433e-04
133  0.11959  1.21253e-03 |134 -0.00481 -6.83916e-05 |135 -0.05067  1.72488e-04
136 -0.06352  1.38693e-04 |137 -0.02972 -1.71393e-04 |138  0.08809 -4.57783e-04
139  0.02385 -1.76713e-04 |140  0.01498  6.57596e-04 |141 -0.03495 -6.81775e-04
142 -0.01567 -1.93753e-04 |143 -0.00374  6.92284e-04 |144 -0.00043 -6.33191e-04
145  0.44834 -2.10046e-03 |146  0.34409 -5.36785e-03 |147 -0.16120  1.78828e-01
148  0.08379 -7.70999e-04 |149  0.02759 -2.53148e-03 |150 -0.49473 -8.80838e-04
151 -0.15638  3.99986e-04 |152  0.00434  2.86643e-06 |153 -0.09230 -6.31465e-05
154 -0.34572  2.83208e-06 |155  0.21655 -7.38746e-04 |156 -0.07211 -1.85559e-04
157  0.17139 -2.63320e-03 |158 -0.05962  2.51756e-04 |159 -0.16233 -1.00138e-04
160 -0.46872  2.00957e-04 |161 -0.41667 -5.28577e-03 |162 -0.07519 -3.06353e-05
163  0.15183 -1.86774e-01 |164 -0.65073 -1.02723e-03 |165 -0.33084 -5.78991e-04
166  0.24600  3.45761e-04 |167  0.05030 -2.50180e-03 |168 -0.18121 -6.95155e-03
169  0.18282  1.10270e-03 |170  0.31007 -4.14214e-04 |171  0.07951 -2.86750e-03
172 -0.54703 -1.85021e-06 |173 -0.35665  7.28814e-05 |174  0.24307  4.54191e-04
175  0.06666  2.35567e-03 |176 -0.10733  7.93242e-04 |177  0.02033  1.33292e-03
178  0.27695  4.64416e-03 |179 -0.13016 -6.58098e-04 |180 -0.07589 -3.76277e-04
181 -0.14354 -6.85196e-04 |182 -0.17442  1.68117e-04 |183 -0.24587  7.92995e-03
184 -0.39072 -1.61552e-05 |185 -1.33700 -1.63110e-03 |186  0.06725  6.82824e-04
187  0.07543 -1.90859e-02 |188 -0.56675  8.86681e-04 |189  0.63524  2.49221e-02
190  0.13002  1.71942e-03 |191  0.04570 -2.51390e-03 |192 -0.03947  3.23033e-05
193  0.08675 -1.01397e-04 |194 -0.18539 -4.56216e-04 |195  0.13039 -1.24488e-04
196 -0.54091 -3.34150e-04 |197 -0.55880 -1.80673e-03 |198  0.17005  8.13954e-04
199  0.09176 -1.94347e-02 |200 -0.25139 -3.96326e-03 |
200 variables; iteration 620; function evaluation 778; phase 4
Function value 6.8799247e+03; maximum gradient component mag 1.7708e-01
Var    Value     Gradient |Var    Value     Gradient |Var    Value     Gradient
  1 -0.41631  5.13486e-04 |  2  0.34558  1.12132e-03 |  3 -0.19762  1.41024e-02
  4  0.08244  3.40834e-03 |  5 -0.60548  5.39122e-04 |  6 -0.64959  1.14311e-02
  7  0.35830  6.32160e-04 |  8 -0.22218  1.93490e-02 |  9  0.09365  3.26876e-03
 10 -0.52476  9.37772e-04 | 11 -0.65998  1.73464e-02 | 12 -0.19490  4.88517e-03
 13 -0.00087  1.80259e-04 | 14 -0.00087  1.30996e-04 | 15 -0.00086  1.23167e-04
 16 -0.00085 -2.61313e-04 | 17 -0.00083 -2.33598e-04 | 18 -0.00080 -2.11319e-04
 19 -0.00077 -4.05079e-04 | 20 -0.00073 -1.72841e-04 | 21 -0.00068  5.41095e-05
 22 -0.00062 -1.30502e-05 | 23 -0.00055  1.79226e-04 | 24 -0.00046  8.99726e-05
 25 -0.00037  2.90192e-04 | 26 -0.00026  5.09284e-04 | 27 -0.00014  2.29295e-04
 28 -0.00001  4.05702e-04 | 29  0.00013 -2.65445e-05 | 30  0.00029 -1.38579e-04
 31  0.00046 -8.12631e-05 | 32  0.00065 -5.29329e-05 | 33  0.00085 -2.06409e-05
 34  0.00105 -1.77205e-04 | 35  0.00127  7.62096e-06 | 36  0.00151 -3.61443e-05
 37  0.00175 -1.01254e-04 | 38  0.00200 -1.27201e-04 | 39  0.00225  2.01166e-04
 40  0.00252  2.79479e-05 | 41  0.00278 -2.37425e-04 | 42  0.00305 -5.20239e-04
 43  0.00331  1.02625e-04 | 44  0.00355  2.25493e-06 | 45  0.00378 -7.94310e-05
 46  0.00398  4.13584e-05 | 47  0.00413 -8.99437e-05 | 48  0.00423  1.34423e-04
 49  0.00426  8.28211e-06 | 50  0.00422 -5.79372e-04 | 51  0.00410 -2.51100e-04
 52  0.00389 -1.99807e-04 | 53  0.00359 -2.58632e-05 | 54  0.00321 -1.57875e-04
 55  0.00275 -6.79849e-05 | 56  0.00224 -2.33311e-04 | 57  0.00170  2.66667e-04
 58  0.00116  9.61870e-05 | 59  0.00064  1.02290e-04 | 60  0.00017  5.09972e-05
 61 -0.00020  2.48328e-04 | 62 -0.00045  1.61949e-04 | 63 -0.00053  3.03315e-05
 64 -0.00043 -4.89207e-04 | 65 -0.00010 -2.51251e-04 | 66  0.00047 -1.85911e-04
 67  0.00129 -4.65197e-04 | 68  0.00238 -3.92710e-04 | 69  0.00371 -1.77704e-04
 70  0.00526 -4.62895e-04 | 71  0.00702 -7.07616e-05 | 72  0.00892 -2.65043e-04
 73  0.01094 -3.05279e-04 | 74  0.01299 -4.45055e-04 | 75  0.01489 -4.26738e-04
 76  0.01637 -4.19323e-04 | 77  0.01718 -2.59629e-04 | 78  0.01720 -4.09501e-04
 79  0.01652 -3.23649e-04 | 80  0.01527 -2.93618e-04 | 81  0.01356 -5.24137e-04
 82  0.01150 -4.95271e-04 | 83  0.00918 -2.85958e-04 | 84  0.00659 -3.76123e-04
 85  0.00378 -4.56653e-04 | 86  0.00090 -1.03085e-03 | 87 -0.00177  5.56252e-06
 88 -0.00384 -4.47364e-04 | 89 -0.00499  2.50678e-04 | 90 -0.00521 -6.48392e-04
 91 -0.00479 -3.75683e-04 | 92 -0.00424 -1.19515e-04 | 93 -0.00386 -8.20248e-05
 94 -0.00337  1.97918e-04 | 95 -0.00258  6.00490e-07 | 96 -0.00220  2.79426e-04
 97 -0.00120 -3.43573e-04 | 98  0.00095  2.21303e-04 | 99  0.00451  5.00422e-04
100  0.00431  6.48631e-04 |101  0.00168  3.86327e-04 |102 -0.00313  1.66827e-04
103 -0.01398  4.83542e-04 |104 -0.01708  3.74086e-04 |105 -0.00708  5.67706e-04
106 -0.01440  3.05221e-04 |107 -0.03450  4.45030e-04 |108 -0.02164  1.41449e-04
109  0.02710  2.70456e-04 |110 -0.00412 -2.35999e-04 |111 -0.04117 -3.51451e-04
112 -0.02836 -2.56505e-04 |113 -0.01148 -3.02222e-04 |114  0.00800 -4.58233e-04
115 -0.01161 -1.77274e-04 |116 -0.06934  2.35429e-04 |117 -0.08215  1.29005e-04
118 -0.07462  2.07162e-04 |119 -0.03858  1.05593e-03 |120  0.09809  3.87166e-03
121  0.05435  1.63596e-03 |122  0.03893  3.13387e-04 |123 -0.01463  4.93656e-04
124 -0.05541  8.77436e-04 |125 -0.00067  2.02713e-03 |126  0.01189  2.82301e-03
127 -0.03779  2.06297e-03 |128  0.00462  1.52688e-03 |129  0.04904 -2.13740e-04
130 -0.01360 -5.63952e-04 |131  0.06403 -1.04493e-03 |132 -0.00442 -4.12796e-04
133  0.11958 -9.66499e-04 |134 -0.00481 -4.73495e-05 |135 -0.05068  2.66781e-06
136 -0.06352 -2.49243e-04 |137 -0.02973 -9.11190e-05 |138  0.08809  7.87080e-05
139  0.02385  8.89102e-05 |140  0.01498 -2.09705e-04 |141 -0.03495  3.49605e-04
142 -0.01567  1.10031e-05 |143 -0.00374  2.45196e-04 |144 -0.00043  3.19333e-04
145  0.44836  9.12562e-04 |146  0.34410 -2.35116e-03 |147 -0.16121  1.77077e-01
148  0.08727 -1.57021e-04 |149  0.02768 -1.79709e-04 |150 -0.48155 -4.00633e-05
151 -0.16147 -2.30943e-04 |152 -0.00955 -4.73169e-05 |153 -0.07857  2.06749e-05
154 -0.34228  9.46100e-06 |155  0.22403  7.52880e-04 |156 -0.03943 -8.55928e-05
157  0.17317  1.71520e-03 |158 -0.05744 -1.36651e-04 |159 -0.16538  2.36703e-04
160 -0.47064  5.87902e-05 |161 -0.41634 -5.31993e-03 |162 -0.07231  3.99434e-06
163  0.15182  5.73335e-02 |164 -0.63452 -1.00571e-04 |165 -0.33085  2.17805e-04
166  0.24600 -5.01011e-04 |167  0.05030  5.61435e-04 |168 -0.18122  3.25225e-03
169  0.18279  4.63105e-04 |170  0.31007 -6.82442e-04 |171  0.07951  1.54926e-03
172 -0.54721 -1.60680e-05 |173 -0.35663  4.18204e-05 |174  0.24307 -3.93293e-05
175  0.06666 -2.18208e-05 |176 -0.10733 -1.89897e-03 |177  0.02059  3.97225e-03
178  0.27568  3.44503e-03 |179 -0.12705 -6.42617e-04 |180 -0.05585 -2.72789e-04
181 -0.12860  7.04063e-04 |182 -0.17199 -8.31891e-05 |183 -0.24587 -4.29112e-04
184 -0.39041  6.22577e-07 |185 -1.33615 -3.31368e-03 |186  0.06504 -5.50943e-04
187  0.07556  5.65851e-03 |188 -0.56943  6.13432e-04 |189  0.63537 -1.14613e-02
190  0.12984  3.82723e-03 |191  0.04618  7.75335e-03 |192 -0.04246 -7.98995e-05
193  0.08165 -6.48650e-05 |194 -0.18173  1.00623e-04 |195  0.14097  6.60043e-05
196 -0.53668 -2.32247e-09 |197 -0.55880 -5.52593e-04 |198  0.17005 -3.63498e-05
199  0.09176 -6.81648e-03 |200 -0.25140 -1.69697e-03 |
200 variables; iteration 640; function evaluation 798; phase 4
Function value 6.8799247e+03; maximum gradient component mag -2.4902e-01
Var    Value     Gradient |Var    Value     Gradient |Var    Value     Gradient
  1 -0.41630  2.61021e-03 |  2  0.34558  7.86125e-03 |  3 -0.19762  8.64548e-02
  4  0.08244  1.78899e-02 |  5 -0.60548  2.26905e-03 |  6 -0.64959  6.41557e-02
  7  0.35829  5.15996e-03 |  8 -0.22218  4.69905e-02 |  9  0.09366  1.10673e-02
 10 -0.52476 -1.04163e-04 | 11 -0.65998  1.92144e-02 | 12 -0.19489  3.19806e-02
 13 -0.00088  5.44431e-05 | 14 -0.00087 -9.58872e-05 | 15 -0.00086  1.19537e-04
 16 -0.00085  2.95578e-04 | 17 -0.00083  2.93482e-04 | 18 -0.00080 -1.20561e-04
 19 -0.00077 -1.33145e-05 | 20 -0.00073 -5.94920e-04 | 21 -0.00068 -9.74163e-04
 22 -0.00062 -2.53745e-04 | 23 -0.00055 -2.96936e-04 | 24 -0.00046  4.62116e-04
 25 -0.00037  1.96754e-05 | 26 -0.00027 -5.05994e-04 | 27 -0.00015  1.04605e-04
 28 -0.00001 -1.83845e-04 | 29  0.00013  4.03946e-04 | 30  0.00029 -1.03013e-04
 31  0.00046 -6.70331e-04 | 32  0.00065 -4.06788e-04 | 33  0.00084 -1.81396e-04
 34  0.00106  8.50940e-04 | 35  0.00127 -1.47662e-04 | 36  0.00150 -2.34817e-04
 37  0.00175  4.80973e-06 | 38  0.00200  1.86572e-04 | 39  0.00225 -2.89677e-04
 40  0.00252  7.72268e-04 | 41  0.00278 -3.24415e-04 | 42  0.00305  9.78316e-04
 43  0.00331 -1.88117e-04 | 44  0.00356  3.11213e-04 | 45  0.00378  7.17524e-04
 46  0.00398  4.64067e-04 | 47  0.00413  2.20124e-05 | 48  0.00423  2.33369e-04
 49  0.00427  4.48351e-04 | 50  0.00422  1.14488e-04 | 51  0.00410  4.53335e-04
 52  0.00389  1.58949e-04 | 53  0.00359  1.13164e-04 | 54  0.00321  2.55379e-04
 55  0.00276  6.19069e-04 | 56  0.00224 -1.57549e-04 | 57  0.00170 -1.66542e-04
 58  0.00116 -9.28534e-05 | 59  0.00063 -2.73857e-05 | 60  0.00017 -6.85943e-05
 61 -0.00020  3.35550e-04 | 62 -0.00045 -4.49318e-04 | 63 -0.00053  1.08756e-03
 64 -0.00043  3.42824e-04 | 65 -0.00010  1.99421e-04 | 66  0.00047  7.37414e-05
 67  0.00129 -3.89142e-04 | 68  0.00238  8.21392e-05 | 69  0.00371 -3.79487e-04
 70  0.00526 -7.37369e-04 | 71  0.00702  5.97625e-04 | 72  0.00892 -5.48504e-04
 73  0.01094 -7.52156e-04 | 74  0.01299 -5.95558e-04 | 75  0.01489 -1.57984e-03
 76  0.01637 -1.18098e-03 | 77  0.01718 -4.64613e-04 | 78  0.01720 -1.20989e-03
 79  0.01652 -8.14059e-04 | 80  0.01527 -3.02104e-04 | 81  0.01355 -9.63584e-04
 82  0.01150 -7.81860e-04 | 83  0.00918 -7.91087e-04 | 84  0.00659 -1.61957e-03
 85  0.00379 -5.56638e-04 | 86  0.00090 -1.46206e-03 | 87 -0.00177 -1.45443e-03
 88 -0.00384 -1.17337e-03 | 89 -0.00500 -1.05749e-03 | 90 -0.00521 -1.22498e-03
 91 -0.00479 -7.17602e-04 | 92 -0.00425 -7.88855e-04 | 93 -0.00387 -7.85073e-04
 94 -0.00338 -6.66806e-04 | 95 -0.00258  3.86568e-04 | 96 -0.00220  7.64262e-04
 97 -0.00120  5.02828e-04 | 98  0.00094 -2.36968e-04 | 99  0.00451  1.03876e-03
100  0.00431  1.40690e-03 |101  0.00168  1.26244e-03 |102 -0.00312  2.53570e-03
103 -0.01398  1.70511e-03 |104 -0.01708  1.60327e-03 |105 -0.00707  4.39817e-03
106 -0.01440  2.84820e-03 |107 -0.03449  3.16663e-03 |108 -0.02164  2.58359e-03
109  0.02710  3.38005e-03 |110 -0.00411  2.36001e-03 |111 -0.04117  1.19793e-03
112 -0.02836  1.52898e-04 |113 -0.01147  1.91909e-04 |114  0.00800 -7.67465e-04
115 -0.01161 -1.79702e-03 |116 -0.06935 -1.35268e-03 |117 -0.08216 -1.01539e-03
118 -0.07463 -7.56618e-04 |119 -0.03859 -4.37220e-04 |120  0.09808 -4.51709e-04
121  0.05434  4.83901e-04 |122  0.03892  1.20588e-03 |123 -0.01463  2.01079e-03
124 -0.05541  1.19359e-03 |125 -0.00066  1.71902e-03 |126  0.01191  1.08545e-03
127 -0.03778 -4.12203e-04 |128  0.00463 -1.14126e-03 |129  0.04904 -1.66801e-03
130 -0.01360 -1.28383e-04 |131  0.06403  3.34648e-04 |132 -0.00442  1.09388e-03
133  0.11958  7.35965e-04 |134 -0.00481  3.47473e-04 |135 -0.05068  9.05765e-05
136 -0.06352 -1.98028e-04 |137 -0.02973 -1.95527e-04 |138  0.08809  6.16585e-04
139  0.02385 -1.35790e-04 |140  0.01498 -3.63070e-04 |141 -0.03495 -4.32674e-05
142 -0.01567  1.20507e-04 |143 -0.00374  2.26674e-04 |144 -0.00043 -1.06884e-03
145  0.44834 -4.58744e-03 |146  0.34409  1.87906e-03 |147 -0.16124  1.75336e-01
148  0.08835  1.54792e-04 |149  0.02777  1.95296e-04 |150 -0.47986  8.02690e-05
151 -0.15868  5.13305e-04 |152  0.00591  2.06813e-05 |153 -0.08110  6.46082e-05
154 -0.33859  2.27884e-04 |155  0.22048 -5.91764e-04 |156 -0.04805  9.86660e-05
157  0.17231 -7.07244e-04 |158 -0.05743  6.50590e-05 |159 -0.16458 -7.27149e-05
160 -0.47128  1.27434e-05 |161 -0.41584 -5.23759e-03 |162 -0.06857  3.34314e-05
163  0.15182 -2.49022e-01 |164 -0.62992 -9.73691e-06 |165 -0.33085  4.12092e-04
166  0.24600 -1.25845e-03 |167  0.05030  1.29398e-05 |168 -0.18122 -1.04166e-02
169  0.18278 -2.23506e-03 |170  0.31007  1.62070e-03 |171  0.07951 -7.90237e-03
172 -0.54707 -5.07079e-06 |173 -0.35662 -1.46317e-04 |174  0.24307  1.43363e-03
175  0.06666  1.75598e-04 |176 -0.10733 -5.49006e-03 |177  0.02099  2.82384e-03
178  0.27267  2.78008e-04 |179 -0.12120 -6.19524e-04 |180 -0.04632  4.23237e-04
181 -0.13360 -2.33793e-05 |182 -0.16238  1.10981e-04 |183 -0.24589  3.14156e-03
184 -0.39104 -3.46428e-05 |185 -1.33593  1.60597e-04 |186  0.06458 -2.63309e-04
187  0.07559  4.01799e-04 |188 -0.57036  5.17890e-04 |189  0.63483 -8.08716e-02
190  0.13029  4.60508e-03 |191  0.04418  2.54649e-02 |192 -0.06761 -3.34870e-04
193  0.09213  4.57013e-05 |194 -0.18333  8.58202e-05 |195  0.13358  1.82373e-05
196 -0.53705 -3.02466e-05 |197 -0.55880  5.28628e-04 |198  0.17004 -5.45601e-04
199  0.09176  4.93349e-03 |200 -0.25141  1.37850e-03 |
200 variables; iteration 660; function evaluation 818; phase 4
Function value 6.8799246e+03; maximum gradient component mag 1.7181e-01
Var    Value     Gradient |Var    Value     Gradient |Var    Value     Gradient
  1 -0.41633 -2.38122e-02 |  2  0.34558 -1.25797e-03 |  3 -0.19763  3.62209e-02
  4  0.08245  1.61445e-03 |  5 -0.60547  5.31248e-04 |  6 -0.64959  4.75282e-02
  7  0.35830  8.51149e-04 |  8 -0.22219  6.41959e-02 |  9  0.09366  4.27463e-03
 10 -0.52475  1.40566e-03 | 11 -0.65999  7.84376e-02 | 12 -0.19492  5.69642e-02
 13 -0.00087  4.18534e-04 | 14 -0.00087  2.52681e-04 | 15 -0.00086  3.95787e-04
 16 -0.00085  1.55882e-04 | 17 -0.00083 -6.62491e-05 | 18 -0.00080  8.39942e-05
 19 -0.00077 -2.45172e-04 | 20 -0.00073 -2.13034e-04 | 21 -0.00068  1.06760e-04
 22 -0.00062  5.47292e-05 | 23 -0.00055  3.51989e-04 | 24 -0.00046  3.47374e-04
 25 -0.00037  5.50909e-04 | 26 -0.00026  5.55568e-04 | 27 -0.00014  4.59844e-04
 28 -0.00001  8.01689e-04 | 29  0.00013  3.90429e-04 | 30  0.00029 -5.51650e-05
 31  0.00046 -2.06238e-06 | 32  0.00065  1.26370e-04 | 33  0.00085  2.37462e-04
 34  0.00106  1.11714e-04 | 35  0.00128  2.68829e-04 | 36  0.00151  1.52326e-04
 37  0.00175  3.06190e-04 | 38  0.00200  7.54023e-05 | 39  0.00226  4.57446e-04
 40  0.00252  5.61722e-04 | 41  0.00278  2.79106e-04 | 42  0.00305 -1.48348e-04
 43  0.00331  4.72137e-04 | 44  0.00356  2.82536e-04 | 45  0.00378  4.32727e-04
 46  0.00398  6.89604e-04 | 47  0.00413  2.71987e-04 | 48  0.00423  4.39089e-04
 49  0.00427  6.31877e-04 | 50  0.00422 -1.80273e-04 | 51  0.00410  2.39007e-04
 52  0.00389  1.78203e-04 | 53  0.00359  2.08795e-04 | 54  0.00321  4.00261e-04
 55  0.00276  4.57433e-04 | 56  0.00225  2.01593e-04 | 57  0.00171  7.92656e-04
 58  0.00116  5.12585e-04 | 59  0.00064  6.41060e-04 | 60  0.00017  2.81981e-04
 61 -0.00020  7.53193e-04 | 62 -0.00044  7.77252e-04 | 63 -0.00053  7.02188e-04
 64 -0.00043  3.58659e-04 | 65 -0.00010  5.18457e-04 | 66  0.00047  5.21983e-04
 67  0.00130  1.03362e-04 | 68  0.00238  3.24516e-04 | 69  0.00371  6.32428e-04
 70  0.00527  4.05184e-04 | 71  0.00701  1.01817e-04 | 72  0.00892  2.20599e-04
 73  0.01094  5.57240e-04 | 74  0.01299  2.00896e-04 | 75  0.01489  1.96435e-04
 76  0.01637  9.40491e-05 | 77  0.01717 -6.51508e-05 | 78  0.01720 -7.30602e-05
 79  0.01652  3.32502e-05 | 80  0.01526 -2.79064e-04 | 81  0.01355 -2.88849e-04
 82  0.01150 -2.03015e-04 | 83  0.00917 -3.31027e-04 | 84  0.00659  2.87296e-04
 85  0.00378 -2.74544e-04 | 86  0.00090 -1.43971e-04 | 87 -0.00177  1.21340e-04
 88 -0.00384  5.24482e-04 | 89 -0.00500  5.37998e-04 | 90 -0.00521 -3.54152e-04
 91 -0.00479 -1.21375e-06 | 92 -0.00424  7.75371e-06 | 93 -0.00386  6.52563e-04
 94 -0.00337  7.29391e-04 | 95 -0.00258  5.94916e-04 | 96 -0.00220  9.14556e-04
 97 -0.00120  5.10760e-04 | 98  0.00095  1.28676e-03 | 99  0.00452  1.00218e-03
100  0.00432  1.53926e-03 |101  0.00168  9.03725e-04 |102 -0.00313  4.22589e-04
103 -0.01398  2.64002e-04 |104 -0.01708  6.01131e-04 |105 -0.00709 -4.40579e-04
106 -0.01440  2.00302e-04 |107 -0.03450 -5.81654e-04 |108 -0.02165 -8.12871e-04
109  0.02709 -8.88294e-04 |110 -0.00412 -5.23111e-04 |111 -0.04118 -1.75197e-04
112 -0.02836  3.84504e-04 |113 -0.01148  1.00059e-03 |114  0.00800  1.96109e-03
115 -0.01160  2.73159e-03 |116 -0.06934  2.13822e-03 |117 -0.08215  2.11534e-03
118 -0.07462  2.17152e-03 |119 -0.03859  3.16524e-03 |120  0.09808  6.78305e-03
121  0.05437  3.28122e-03 |122  0.03895  1.53588e-03 |123 -0.01462 -3.77555e-04
124 -0.05541 -8.44019e-04 |125 -0.00069 -1.68186e-03 |126  0.01186 -1.54667e-03
127 -0.03783 -7.46067e-04 |128  0.00459 -5.68054e-04 |129  0.04904 -6.34318e-04
130 -0.01360 -3.98546e-05 |131  0.06404 -8.22425e-04 |132 -0.00442 -6.47659e-04
133  0.11958 -2.27404e-04 |134 -0.00481  6.95142e-05 |135 -0.05068  6.49866e-05
136 -0.06352 -6.81578e-05 |137 -0.02972 -1.20409e-04 |138  0.08809 -4.68713e-05
139  0.02385 -7.39393e-05 |140  0.01498 -5.06205e-05 |141 -0.03495  1.72478e-04
142 -0.01567  1.49567e-04 |143 -0.00374  5.15161e-05 |144 -0.00043  2.14483e-04
145  0.44839  1.82319e-03 |146  0.34413  6.59930e-04 |147 -0.16138  1.71811e-01
148  0.08827  3.33996e-04 |149  0.02782 -1.26032e-03 |150 -0.48274 -1.23073e-04
151 -0.16065 -1.15697e-04 |152  0.00469  2.31230e-05 |153 -0.08203 -3.71343e-05
154 -0.34431 -8.57052e-05 |155  0.22400  1.17655e-03 |156 -0.06029 -2.97703e-04
157  0.17308  4.02117e-04 |158 -0.05789 -1.40791e-04 |159 -0.16760 -2.25502e-04
160 -0.47147  2.54099e-06 |161 -0.41407 -4.11059e-03 |162 -0.06053 -4.02057e-05
163  0.15182 -9.78323e-03 |164 -0.63388 -1.10451e-04 |165 -0.33084 -1.22556e-04
166  0.24600 -7.09185e-04 |167  0.05030  8.02341e-05 |168 -0.18122  4.53940e-03
169  0.18279  9.19887e-04 |170  0.31006 -7.32070e-04 |171  0.07951  2.14321e-03
172 -0.54710 -7.09425e-06 |173 -0.35665 -4.21123e-04 |174  0.24307  5.71086e-04
175  0.06666 -1.25256e-03 |176 -0.10732  1.62300e-03 |177  0.02155  2.82260e-03
178  0.26760 -4.10594e-03 |179 -0.10114 -6.00626e-04 |180 -0.07151  7.76448e-05
181 -0.13586 -1.73050e-04 |182 -0.15164 -1.25498e-04 |183 -0.24587  2.11008e-03
184 -0.39026  1.12258e-05 |185 -1.33678 -3.31402e-03 |186  0.06662  1.40917e-04
187  0.07548 -3.66257e-03 |188 -0.58007 -3.48672e-04 |189  0.63312 -1.30768e-01
190  0.13218  1.05390e-02 |191  0.03771  3.47464e-02 |192 -0.03011  1.83943e-04
193  0.08304 -7.74773e-05 |194 -0.18629  1.50413e-03 |195  0.13906  1.94895e-05
196 -0.53771 -8.01464e-05 |197 -0.55881  2.49508e-04 |198  0.17004 -1.91068e-04
199  0.09176  1.61741e-03 |200 -0.25140  3.26555e-04 |
200 variables; iteration 680; function evaluation 838; phase 4
Function value 6.8799246e+03; maximum gradient component mag 1.7204e-01
Var    Value     Gradient |Var    Value     Gradient |Var    Value     Gradient
  1 -0.41631  3.35538e-02 |  2  0.34558 -9.31053e-03 |  3 -0.19762 -1.25060e-02
  4  0.08244 -1.09135e-02 |  5 -0.60548  4.92479e-04 |  6 -0.64959  2.25864e-02
  7  0.35830 -7.02955e-03 |  8 -0.22218 -8.85813e-03 |  9  0.09365 -6.39753e-03
 10 -0.52476  4.33595e-04 | 11 -0.65998  1.02936e-02 | 12 -0.19491 -1.95619e-02
 13 -0.00087 -4.75296e-04 | 14 -0.00087 -7.06137e-04 | 15 -0.00086 -5.74592e-04
 16 -0.00085 -6.18437e-04 | 17 -0.00083 -6.29476e-04 | 18 -0.00080 -6.13320e-04
 19 -0.00077 -6.27030e-04 | 20 -0.00073 -6.56573e-04 | 21 -0.00068 -5.83932e-04
 22 -0.00062 -6.96914e-04 | 23 -0.00055 -6.42680e-04 | 24 -0.00046 -7.26088e-04
 25 -0.00037 -5.09330e-04 | 26 -0.00026 -4.70539e-04 | 27 -0.00014 -4.67453e-04
 28 -0.00001 -6.71849e-04 | 29  0.00013 -8.16886e-04 | 30  0.00029 -7.78234e-04
 31  0.00047 -7.54459e-04 | 32  0.00065 -9.08784e-04 | 33  0.00085 -1.08127e-03
 34  0.00106 -1.09362e-03 | 35  0.00128 -1.08334e-03 | 36  0.00151 -8.82978e-04
 37  0.00175 -1.10828e-03 | 38  0.00200 -1.01430e-03 | 39  0.00226 -8.97134e-04
 40  0.00252 -1.07861e-03 | 41  0.00278 -1.24912e-03 | 42  0.00305 -1.35932e-03
 43  0.00331 -1.16835e-03 | 44  0.00356 -1.30661e-03 | 45  0.00378 -1.38404e-03
 46  0.00398 -1.38665e-03 | 47  0.00413 -1.38037e-03 | 48  0.00423 -1.26451e-03
 49  0.00426 -1.63206e-03 | 50  0.00422 -1.69073e-03 | 51  0.00410 -1.69013e-03
 52  0.00389 -1.75635e-03 | 53  0.00359 -1.56015e-03 | 54  0.00321 -1.60048e-03
 55  0.00276 -1.69734e-03 | 56  0.00224 -1.84253e-03 | 57  0.00170 -1.48985e-03
 58  0.00116 -1.68686e-03 | 59  0.00064 -1.64238e-03 | 60  0.00017 -1.52283e-03
 61 -0.00020 -1.77092e-03 | 62 -0.00045 -1.62214e-03 | 63 -0.00053 -1.67121e-03
 64 -0.00043 -1.93829e-03 | 65 -0.00010 -2.02147e-03 | 66  0.00047 -1.90576e-03
 67  0.00129 -1.92140e-03 | 68  0.00238 -2.04845e-03 | 69  0.00371 -1.89495e-03
 70  0.00526 -2.22551e-03 | 71  0.00701 -1.91908e-03 | 72  0.00892 -1.97329e-03
 73  0.01094 -1.99650e-03 | 74  0.01299 -2.00328e-03 | 75  0.01489 -1.79991e-03
 76  0.01636 -1.91223e-03 | 77  0.01717 -1.67655e-03 | 78  0.01720 -1.40756e-03
 79  0.01651 -1.23136e-03 | 80  0.01525 -9.80560e-04 | 81  0.01354 -8.47043e-04
 82  0.01149 -5.73685e-04 | 83  0.00917  6.76776e-05 | 84  0.00658  1.62167e-04
 85  0.00377  7.46327e-04 | 86  0.00089  7.46345e-04 | 87 -0.00178  1.80616e-03
 88 -0.00385  1.90527e-03 | 89 -0.00501  2.67710e-03 | 90 -0.00522  2.42380e-03
 91 -0.00480  3.17888e-03 | 92 -0.00425  3.60678e-03 | 93 -0.00387  4.32064e-03
 94 -0.00338  4.76281e-03 | 95 -0.00258  5.51152e-03 | 96 -0.00219  6.03603e-03
 97 -0.00119  6.43098e-03 | 98  0.00096  7.47549e-03 | 99  0.00453  8.39711e-03
100  0.00433  8.89965e-03 |101  0.00170  8.66218e-03 |102 -0.00311  8.45480e-03
103 -0.01396  7.94248e-03 |104 -0.01706  7.47051e-03 |105 -0.00706  7.59895e-03
106 -0.01439  6.26324e-03 |107 -0.03449  4.51673e-03 |108 -0.02163  3.53878e-03
109  0.02710  3.29021e-03 |110 -0.00412  9.78137e-04 |111 -0.04117 -3.82949e-04
112 -0.02836 -1.34313e-03 |113 -0.01148 -2.83010e-03 |114  0.00800 -4.07398e-03
115 -0.01161 -4.16944e-03 |116 -0.06935 -2.50497e-03 |117 -0.08216 -2.38914e-03
118 -0.07462 -2.14544e-03 |119 -0.03858 -2.03114e-03 |120  0.09809 -4.60788e-03
121  0.05435 -3.28959e-03 |122  0.03892 -3.15160e-03 |123 -0.01463 -1.69238e-03
124 -0.05541 -8.05344e-04 |125 -0.00067 -7.45191e-04 |126  0.01190 -2.66331e-04
127 -0.03778 -9.15083e-06 |128  0.00463 -5.96864e-04 |129  0.04904 -1.08412e-03
130 -0.01360 -3.80960e-04 |131  0.06402 -7.48408e-04 |132 -0.00442 -1.56649e-04
133  0.11957 -3.40875e-04 |134 -0.00481 -8.07784e-05 |135 -0.05068 -1.66689e-04
136 -0.06352 -1.70101e-04 |137 -0.02973 -1.33000e-04 |138  0.08809  2.91968e-05
139  0.02385 -6.09501e-05 |140  0.01498 -1.95599e-04 |141 -0.03495  2.27624e-04
142 -0.01567  1.00127e-04 |143 -0.00374 -2.16354e-05 |144 -0.00043  1.63734e-04
145  0.44837  1.92124e-03 |146  0.34410  5.41666e-04 |147 -0.16146  1.72037e-01
148  0.08636 -5.21333e-05 |149  0.02779 -2.74544e-03 |150 -0.47896  1.50113e-04
151 -0.15884  2.30914e-04 |152  0.00223  7.17116e-06 |153 -0.08329  1.30834e-05
154 -0.34310 -4.25341e-06 |155  0.22284  5.58539e-04 |156 -0.04302 -7.61697e-05
157  0.17262  2.83084e-04 |158 -0.05652  3.42940e-05 |159 -0.16431  1.40707e-04
160 -0.47115  2.30764e-05 |161 -0.41243 -3.96430e-03 |162 -0.05066  2.30033e-05
163  0.15182  4.07036e-02 |164 -0.63315 -3.81706e-05 |165 -0.33085  1.91584e-04
166  0.24600 -4.25858e-04 |167  0.05030  1.12482e-03 |168 -0.18122  8.29418e-03
169  0.18280  1.52580e-03 |170  0.31007 -1.92683e-03 |171  0.07951  3.92280e-03
172 -0.54691  9.33567e-06 |173 -0.35663  1.50092e-04 |174  0.24307 -5.17816e-04
175  0.06666 -1.33731e-03 |176 -0.10733  3.49331e-03 |177  0.02187  1.27132e-02
178  0.26582 -5.92263e-03 |179 -0.08793 -1.41575e-03 |180 -0.09032 -3.92578e-04
181 -0.13316  1.98003e-04 |182 -0.14734 -5.98658e-05 |183 -0.24576  3.87169e-02
184 -0.39053  3.90618e-06 |185 -1.33594  1.13649e-03 |186  0.06465 -9.10061e-05
187  0.07560 -4.23328e-03 |188 -0.57249  3.07343e-04 |189  0.63239 -4.63358e-03
190  0.13307  4.14848e-03 |191  0.03469  2.74805e-03 |192 -0.02770  1.55416e-04
193  0.09101  9.65780e-06 |194 -0.19645 -4.64943e-04 |195  0.13379 -1.40938e-05
196 -0.53516  1.26340e-04 |197 -0.55881  6.84936e-05 |198  0.17004 -2.08564e-04
199  0.09177  1.59330e-03 |200 -0.25140  2.50805e-04 |
200 variables; iteration 700; function evaluation 860; phase 4
Function value 6.8799246e+03; maximum gradient component mag 1.7317e-01
Var    Value     Gradient |Var    Value     Gradient |Var    Value     Gradient
  1 -0.41633  1.28543e-02 |  2  0.34558  2.23893e-03 |  3 -0.19762  5.67956e-03
  4  0.08243  3.99408e-03 |  5 -0.60548  5.34712e-04 |  6 -0.64958 -5.46714e-03
  7  0.35830  2.08580e-03 |  8 -0.22218  6.03336e-03 |  9  0.09365  5.61398e-03
 10 -0.52476  6.93528e-04 | 11 -0.65998 -1.41639e-02 | 12 -0.19492 -1.58682e-02
 13 -0.00087  8.91138e-05 | 14 -0.00087 -1.04382e-04 | 15 -0.00086  1.27315e-04
 16 -0.00085 -5.15114e-05 | 17 -0.00083 -1.07390e-04 | 18 -0.00080 -1.64107e-04
 19 -0.00077 -6.40595e-05 | 20 -0.00072 -5.92138e-05 | 21 -0.00068 -3.07456e-04
 22 -0.00061 -9.86010e-05 | 23 -0.00054 -4.00189e-04 | 24 -0.00046 -2.08427e-04
 25 -0.00037 -3.61593e-04 | 26 -0.00026 -4.65039e-04 | 27 -0.00014 -2.81845e-04
 28 -0.00001 -4.71570e-04 | 29  0.00014 -3.49040e-04 | 30  0.00030 -1.56549e-04
 31  0.00047 -1.85077e-04 | 32  0.00065 -2.31093e-04 | 33  0.00085 -4.04553e-04
 34  0.00106 -6.15268e-05 | 35  0.00128 -2.73616e-04 | 36  0.00151 -1.46206e-04
 37  0.00175 -9.54876e-05 | 38  0.00200 -2.66744e-04 | 39  0.00226 -2.98499e-04
 40  0.00252 -1.65351e-04 | 41  0.00279 -2.01783e-04 | 42  0.00305  1.36409e-05
 43  0.00331 -3.68045e-04 | 44  0.00356 -2.85927e-04 | 45  0.00378 -2.54309e-04
 46  0.00398 -1.39517e-04 | 47  0.00413 -5.14982e-04 | 48  0.00423 -3.52892e-04
 49  0.00427 -2.59741e-04 | 50  0.00423  9.37896e-05 | 51  0.00411  2.68081e-05
 52  0.00389 -3.40918e-04 | 53  0.00360 -3.00049e-04 | 54  0.00321 -4.36385e-04
 55  0.00276 -5.75568e-04 | 56  0.00225 -8.32295e-05 | 57  0.00170 -6.70817e-04
 58  0.00116 -8.99965e-04 | 59  0.00064 -5.09688e-04 | 60  0.00017 -4.77748e-04
 61 -0.00020 -7.37861e-04 | 62 -0.00045 -8.65536e-04 | 63 -0.00054 -4.73309e-04
 64 -0.00043 -6.23940e-04 | 65 -0.00010 -1.69491e-04 | 66  0.00047 -4.42117e-04
 67  0.00129 -4.80888e-04 | 68  0.00238 -3.43793e-04 | 69  0.00371 -6.70206e-04
 70  0.00526 -6.59820e-04 | 71  0.00701 -6.79525e-04 | 72  0.00891 -8.71751e-04
 73  0.01093 -8.49424e-04 | 74  0.01298 -8.96639e-04 | 75  0.01488 -9.93953e-04
 76  0.01635 -8.83494e-04 | 77  0.01715 -7.27686e-04 | 78  0.01718 -1.05018e-03
 79  0.01649 -9.97362e-04 | 80  0.01523 -7.51871e-04 | 81  0.01352 -5.48734e-04
 82  0.01147 -4.78969e-04 | 83  0.00914 -6.81824e-04 | 84  0.00655 -5.59605e-04
 85  0.00374 -4.88819e-04 | 86  0.00086 -1.43093e-04 | 87 -0.00181 -6.26435e-04
 88 -0.00388 -3.54248e-04 | 89 -0.00504 -7.29487e-04 | 90 -0.00524 -1.91298e-05
 91 -0.00482 -1.25632e-04 | 92 -0.00427 -1.66687e-04 | 93 -0.00388 -1.47541e-04
 94 -0.00338 -2.69662e-04 | 95 -0.00258  2.54184e-04 | 96 -0.00219  1.25670e-04
 97 -0.00118  8.14821e-04 | 98  0.00098  2.96895e-04 | 99  0.00455  6.14685e-04
100  0.00435  2.61147e-04 |101  0.00173  1.05199e-03 |102 -0.00307  1.17034e-03
103 -0.01393  6.10251e-04 |104 -0.01703  8.90580e-04 |105 -0.00703  1.07457e-03
106 -0.01436  9.98248e-04 |107 -0.03447  5.47792e-04 |108 -0.02162  3.14062e-04
109  0.02711  8.57029e-05 |110 -0.00412 -4.23864e-04 |111 -0.04118 -5.02762e-04
112 -0.02837 -1.26983e-03 |113 -0.01149 -1.43643e-03 |114  0.00799 -2.02316e-03
115 -0.01162 -1.83218e-03 |116 -0.06935 -8.46696e-04 |117 -0.08216 -5.19135e-04
118 -0.07462 -5.91441e-05 |119 -0.03858  7.61519e-04 |120  0.09809  4.27343e-03
121  0.05436  3.05636e-03 |122  0.03894  2.35598e-03 |123 -0.01462  1.98502e-03
124 -0.05541  1.51955e-03 |125 -0.00067  2.20686e-03 |126  0.01189  2.31154e-03
127 -0.03780  9.72879e-04 |128  0.00461  8.47975e-04 |129  0.04903 -1.73474e-04
130 -0.01361 -2.38638e-04 |131  0.06403 -5.22529e-04 |132 -0.00442  1.98435e-04
133  0.11958 -3.25469e-04 |134 -0.00481  1.12611e-04 |135 -0.05068  3.23313e-05
136 -0.06352 -1.79050e-04 |137 -0.02972 -8.70364e-05 |138  0.08809  5.01739e-05
139  0.02385  4.92162e-06 |140  0.01498 -1.19069e-04 |141 -0.03495 -1.95871e-05
142 -0.01567 -1.29789e-04 |143 -0.00374 -5.77908e-05 |144 -0.00043 -2.28824e-04
145  0.44839  5.26380e-05 |146  0.34408 -7.45926e-04 |147 -0.16153  1.73166e-01
148  0.08623 -1.16189e-04 |149  0.02774  1.16649e-04 |150 -0.47957  1.11258e-04
151 -0.16148 -2.52431e-04 |152 -0.00438 -2.17582e-05 |153 -0.07910  5.19494e-06
154 -0.34254 -1.40396e-06 |155  0.21831 -8.69624e-04 |156 -0.05931  6.16494e-06
157  0.17322  7.28037e-04 |158 -0.05572 -6.76957e-05 |159 -0.16682 -3.75675e-05
160 -0.47099  3.35980e-05 |161 -0.41102 -3.43121e-03 |162 -0.04593 -2.77363e-05
163  0.15182  7.71624e-03 |164 -0.62912  1.72953e-04 |165 -0.33084  6.34754e-04
166  0.24600 -5.75702e-04 |167  0.05029  1.43980e-03 |168 -0.18121  3.01663e-03
169  0.18282  1.07729e-04 |170  0.31007 -5.66908e-04 |171  0.07951  9.43418e-04
172 -0.54732 -2.52316e-05 |173 -0.35664 -1.52780e-06 |174  0.24307  1.17594e-04
175  0.06666  1.40141e-04 |176 -0.10732 -7.67266e-04 |177  0.02209 -7.85217e-03
178  0.26771 -1.51449e-03 |179 -0.07709  6.48796e-04 |180 -0.09444 -4.68712e-04
181 -0.13078  4.42135e-04 |182 -0.15105 -2.54270e-05 |183 -0.24549  1.48309e-03
184 -0.38984  2.98102e-05 |185 -1.33628 -3.04981e-03 |186  0.06551 -1.05336e-04
187  0.07555  6.75570e-03 |188 -0.57622 -2.23085e-05 |189  0.63191  1.30889e-02
190  0.13359  9.25213e-03 |191  0.03267 -1.63706e-03 |192 -0.03610 -1.56468e-04
193  0.09083  1.19930e-05 |194 -0.19455  4.08267e-04 |195  0.13456 -2.68906e-06
196 -0.53475  1.61593e-04 |197 -0.55883  3.70343e-05 |198  0.17004 -1.90083e-04
199  0.09177 -2.17633e-03 |200 -0.25140 -2.60181e-04 |
200 variables; iteration 720; function evaluation 881; phase 4
Function value 6.8799246e+03; maximum gradient component mag 1.7224e-01
Var    Value     Gradient |Var    Value     Gradient |Var    Value     Gradient
  1 -0.41635 -5.75996e-03 |  2  0.34558  1.57028e-03 |  3 -0.19761  2.08186e-03
  4  0.08242  2.21535e-03 |  5 -0.60548 -3.80944e-05 |  6 -0.64958 -4.84174e-03
  7  0.35830  1.26963e-03 |  8 -0.22218 -7.45362e-04 |  9  0.09365  1.40056e-03
 10 -0.52476 -1.20003e-04 | 11 -0.65998 -5.85087e-03 | 12 -0.19493  3.76146e-03
 13 -0.00087  1.60009e-04 | 14 -0.00087  1.49562e-04 | 15 -0.00086  1.23142e-04
 16 -0.00084  1.06175e-04 | 17 -0.00082  5.24934e-05 | 18 -0.00080 -7.55115e-05
 19 -0.00077  9.45926e-05 | 20 -0.00072 -2.63122e-05 | 21 -0.00067 -9.28517e-05
 22 -0.00061  1.35833e-04 | 23 -0.00054 -2.42250e-05 | 24 -0.00046  2.16103e-04
 25 -0.00037  1.26839e-04 | 26 -0.00026  1.11400e-04 | 27 -0.00014  2.66023e-04
 28 -0.00001  6.60558e-05 | 29  0.00014  9.15811e-05 | 30  0.00030  5.00845e-05
 31  0.00047  2.15892e-05 | 32  0.00065  3.57455e-05 | 33  0.00085  2.45208e-05
 34  0.00106  2.08471e-04 | 35  0.00128  3.38181e-05 | 36  0.00151  1.43064e-04
 37  0.00175  2.34209e-04 | 38  0.00200  1.71213e-04 | 39  0.00226  2.13833e-04
 40  0.00252  2.54984e-04 | 41  0.00279  2.00110e-04 | 42  0.00305  2.25550e-04
 43  0.00331  1.93861e-04 | 44  0.00356  2.21000e-04 | 45  0.00379  2.72651e-04
 46  0.00398  2.54748e-04 | 47  0.00414  1.61800e-04 | 48  0.00424  3.01851e-04
 49  0.00427  2.97773e-04 | 50  0.00423  1.69417e-04 | 51  0.00411  2.67038e-04
 52  0.00390  2.08762e-04 | 53  0.00360  1.94889e-04 | 54  0.00321  2.02373e-04
 55  0.00276  3.59692e-04 | 56  0.00225  2.10601e-04 | 57  0.00171  2.98644e-04
 58  0.00116  1.61036e-04 | 59  0.00064  3.03937e-04 | 60  0.00017  2.80360e-04
 61 -0.00020  3.95377e-04 | 62 -0.00045  3.51193e-04 | 63 -0.00054  3.67341e-04
 64 -0.00043  3.67702e-04 | 65 -0.00010  4.37173e-04 | 66  0.00047  3.76411e-04
 67  0.00129  2.84467e-04 | 68  0.00237  3.67342e-04 | 69  0.00370  3.56083e-04
 70  0.00526  3.82631e-04 | 71  0.00701  4.30444e-04 | 72  0.00891  4.05855e-04
 73  0.01093  4.40730e-04 | 74  0.01298  4.18257e-04 | 75  0.01487  3.87457e-04
 76  0.01634  3.89709e-04 | 77  0.01715  4.40844e-04 | 78  0.01717  4.31683e-04
 79  0.01649  4.33124e-04 | 80  0.01522  4.26220e-04 | 81  0.01351  3.47315e-04
 82  0.01146  3.17890e-04 | 83  0.00913  2.92206e-04 | 84  0.00654  2.34321e-04
 85  0.00373  1.59759e-04 | 86  0.00084  1.26588e-04 | 87 -0.00183  8.35021e-05
 88 -0.00389 -6.63212e-05 | 89 -0.00505 -1.44283e-04 | 90 -0.00526 -1.90915e-04
 91 -0.00483 -2.63324e-04 | 92 -0.00428 -3.73356e-04 | 93 -0.00389 -5.13473e-04
 94 -0.00339 -5.91892e-04 | 95 -0.00258 -7.07370e-04 | 96 -0.00219 -7.67296e-04
 97 -0.00118 -1.03163e-03 | 98  0.00098 -1.23886e-03 | 99  0.00456 -1.36166e-03
100  0.00437 -1.40649e-03 |101  0.00175 -1.64851e-03 |102 -0.00305 -1.56580e-03
103 -0.01391 -1.56959e-03 |104 -0.01701 -1.64494e-03 |105 -0.00702 -1.70310e-03
106 -0.01435 -1.58982e-03 |107 -0.03446 -1.27048e-03 |108 -0.02162 -1.26829e-03
109  0.02711 -1.60065e-03 |110 -0.00412 -9.28863e-04 |111 -0.04118 -4.76293e-04
112 -0.02837 -3.08566e-04 |113 -0.01149 -6.71965e-05 |114  0.00798  1.13758e-04
115 -0.01162  3.01767e-04 |116 -0.06935  2.42001e-04 |117 -0.08216  3.41614e-04
118 -0.07462  3.39485e-04 |119 -0.03858  3.53115e-04 |120  0.09809  1.03096e-03
121  0.05436  8.13805e-04 |122  0.03894  8.15743e-04 |123 -0.01462  5.48393e-04
124 -0.05541  4.00777e-04 |125 -0.00067  6.26053e-04 |126  0.01189  5.97401e-04
127 -0.03780  3.61668e-04 |128  0.00462  3.28514e-04 |129  0.04903  2.02605e-04
130 -0.01361  4.62969e-05 |131  0.06402 -8.34185e-06 |132 -0.00442 -4.70150e-06
133  0.11957  1.32001e-05 |134 -0.00481 -1.02803e-06 |135 -0.05068  2.45228e-05
136 -0.06352  5.03894e-05 |137 -0.02972  2.56645e-05 |138  0.08809  1.98246e-05
139  0.02385 -3.02874e-05 |140  0.01498  1.02150e-05 |141 -0.03495 -2.65407e-05
142 -0.01567  3.03427e-05 |143 -0.00374  6.93447e-07 |144 -0.00043 -8.33100e-05
145  0.44840 -4.77750e-05 |146  0.34408 -1.27679e-03 |147 -0.16159  1.72244e-01
148  0.08598 -4.10479e-05 |149  0.02774 -4.69401e-04 |150 -0.47974  9.93571e-05
151 -0.15992  5.70776e-05 |152  0.00086  3.60890e-06 |153 -0.08180 -5.72830e-06
154 -0.34247  5.75823e-06 |155  0.22173  1.24510e-04 |156 -0.04516 -8.73464e-06
157  0.17227 -3.73371e-04 |158 -0.05843  5.75184e-06 |159 -0.16419 -2.59439e-05
160 -0.47172 -1.93934e-05 |161 -0.40942 -3.25075e-03 |162 -0.03873 -6.28198e-06
163  0.15182  2.04161e-02 |164 -0.63348 -4.44640e-05 |165 -0.33084 -6.34727e-05
166  0.24600  1.31673e-04 |167  0.05029 -2.47473e-04 |168 -0.18121 -9.22161e-04
169  0.18283 -1.44750e-04 |170  0.31007  3.24971e-04 |171  0.07951 -2.49529e-04
172 -0.54701  1.47872e-06 |173 -0.35663  9.17607e-05 |174  0.24307 -7.50989e-05
175  0.06666  3.51169e-04 |176 -0.10732 -8.46490e-04 |177  0.02231 -2.22568e-02
178  0.27206  2.54372e-04 |179 -0.07290  2.11663e-03 |180 -0.05039  2.32665e-04
181 -0.13407 -1.10414e-04 |182 -0.16145 -2.60431e-05 |183 -0.24539 -4.81871e-03
184 -0.39031 -2.92021e-06 |185 -1.33614 -7.75008e-04 |186  0.06518 -4.50937e-06
187  0.07557  1.68309e-03 |188 -0.57619 -2.39547e-05 |189  0.63184  5.79896e-03
190  0.13370  7.34953e-03 |191  0.03240  7.60467e-05 |192 -0.02930 -2.19866e-05
193  0.08945 -1.93144e-06 |194 -0.19653 -1.45723e-05 |195  0.13569  6.78547e-06
196 -0.53637  2.59918e-05 |197 -0.55884 -3.50387e-04 |198  0.17004 -1.94698e-08
199  0.09178 -4.32810e-03 |200 -0.25139 -5.80538e-04 |
200 variables; iteration 740; function evaluation 902; phase 4
Function value 6.8799244e+03; maximum gradient component mag -4.0852e-01
Var    Value     Gradient |Var    Value     Gradient |Var    Value     Gradient
  1 -0.41630 -1.43750e-01 |  2  0.34558  2.34247e-02 |  3 -0.19762  1.93521e-01
  4  0.08244  4.41617e-02 |  5 -0.60548  4.18232e-03 |  6 -0.64959  1.25412e-01
  7  0.35830  1.64104e-02 |  8 -0.22218  1.92864e-01 |  9  0.09365  3.02208e-02
 10 -0.52476  2.36431e-03 | 11 -0.65998  1.42373e-01 | 12 -0.19490  2.52128e-01
 13 -0.00087  1.92243e-03 | 14 -0.00087  1.75426e-03 | 15 -0.00086  2.18257e-03
 16 -0.00085  1.89866e-03 | 17 -0.00083  2.24442e-03 | 18 -0.00080  1.87620e-03
 19 -0.00077  1.72912e-03 | 20 -0.00073  1.69221e-03 | 21 -0.00068  1.11558e-03
 22 -0.00062  1.71938e-03 | 23 -0.00055  1.24036e-03 | 24 -0.00047  1.44063e-03
 25 -0.00038  8.11139e-04 | 26 -0.00027  2.96109e-04 | 27 -0.00015  8.21170e-04
 28 -0.00002  1.16936e-03 | 29  0.00013  2.07535e-03 | 30  0.00029  2.32790e-03
 31  0.00046  2.01796e-03 | 32  0.00065  2.56848e-03 | 33  0.00085  2.63271e-03
 34  0.00106  3.74441e-03 | 35  0.00128  3.20694e-03 | 36  0.00151  3.12461e-03
 37  0.00175  3.35368e-03 | 38  0.00199  2.72950e-03 | 39  0.00225  1.74091e-03
 40  0.00252  3.60333e-03 | 41  0.00278  3.60739e-03 | 42  0.00305  4.85255e-03
 43  0.00330  3.14007e-03 | 44  0.00355  3.80339e-03 | 45  0.00378  4.66449e-03
 46  0.00398  4.74627e-03 | 47  0.00413  3.42748e-03 | 48  0.00423  3.50744e-03
 49  0.00427  5.31796e-03 | 50  0.00423  6.45133e-03 | 51  0.00411  6.44922e-03
 52  0.00389  5.01946e-03 | 53  0.00359  5.22333e-03 | 54  0.00321  5.22681e-03
 55  0.00275  4.80546e-03 | 56  0.00225  6.47175e-03 | 57  0.00170  4.00166e-03
 58  0.00115  3.92002e-03 | 59  0.00063  5.14136e-03 | 60  0.00017  4.88754e-03
 61 -0.00021  4.44366e-03 | 62 -0.00046  3.75307e-03 | 63 -0.00053  6.28784e-03
 64 -0.00043  5.70765e-03 | 65 -0.00009  7.45584e-03 | 66  0.00047  6.62976e-03
 67  0.00130  6.66615e-03 | 68  0.00238  7.80395e-03 | 69  0.00371  6.01302e-03
 70  0.00526  6.01553e-03 | 71  0.00701  6.42788e-03 | 72  0.00892  5.52612e-03
 73  0.01094  5.57504e-03 | 74  0.01299  6.16246e-03 | 75  0.01489  4.90138e-03
 76  0.01636  5.01466e-03 | 77  0.01717  5.13298e-03 | 78  0.01720  4.31149e-03
 79  0.01652  4.29023e-03 | 80  0.01526  3.84420e-03 | 81  0.01355  2.66838e-03
 82  0.01150  2.10255e-03 | 83  0.00917  1.88901e-03 | 84  0.00658  4.53732e-04
 85  0.00378  7.97287e-04 | 86  0.00090  1.32780e-03 | 87 -0.00179 -3.13344e-03
 88 -0.00385 -1.92194e-03 | 89 -0.00501 -4.80770e-03 | 90 -0.00521 -2.35844e-03
 91 -0.00480 -3.74726e-03 | 92 -0.00425 -5.22616e-03 | 93 -0.00387 -6.27043e-03
 94 -0.00338 -7.94946e-03 | 95 -0.00258 -7.16871e-03 | 96 -0.00220 -9.19315e-03
 97 -0.00119 -7.13287e-03 | 98  0.00095 -1.14719e-02 | 99  0.00452 -1.21242e-02
100  0.00432 -1.36916e-02 |101  0.00169 -1.31322e-02 |102 -0.00311 -1.09170e-02
103 -0.01397 -1.17606e-02 |104 -0.01707 -1.06268e-02 |105 -0.00707 -8.98839e-03
106 -0.01439 -7.21361e-03 |107 -0.03449 -3.97456e-03 |108 -0.02163 -2.64364e-03
109  0.02710 -1.67732e-03 |110 -0.00411  1.91931e-03 |111 -0.04117  2.17987e-03
112 -0.02836  2.34614e-03 |113 -0.01148  3.16563e-03 |114  0.00800  3.02898e-03
115 -0.01162  1.50678e-03 |116 -0.06935  3.37265e-04 |117 -0.08216  6.26184e-05
118 -0.07463  1.45694e-04 |119 -0.03858  5.93931e-04 |120  0.09809  2.46711e-03
121  0.05435  2.17493e-03 |122  0.03893  2.40917e-03 |123 -0.01463  2.36187e-03
124 -0.05541  1.65171e-03 |125 -0.00066  3.18279e-03 |126  0.01191  3.69796e-03
127 -0.03778  1.73425e-03 |128  0.00463  1.34122e-03 |129  0.04904  1.60086e-03
130 -0.01360  8.10802e-04 |131  0.06403  7.36378e-04 |132 -0.00442  6.92672e-04
133  0.11958  1.13529e-03 |134 -0.00481  7.56007e-04 |135 -0.05068  1.52555e-04
136 -0.06352  3.04227e-05 |137 -0.02973  2.49639e-05 |138  0.08809  4.33932e-04
139  0.02385 -2.38352e-04 |140  0.01498 -2.12892e-04 |141 -0.03495 -1.65335e-04
142 -0.01567 -3.94885e-04 |143 -0.00374 -9.68014e-04 |144 -0.00043 -1.17995e-03
145  0.44835 -7.45098e-03 |146  0.34408 -2.74268e-03 |147 -0.16234  1.73673e-01
148  0.08318 -1.18738e-04 |149  0.02810  3.93826e-03 |150 -0.47814  2.29114e-04
151 -0.16157 -2.31973e-04 |152 -0.00581 -2.90269e-05 |153 -0.07703  4.81370e-05
154 -0.33995  1.25292e-04 |155  0.21826  4.13142e-04 |156 -0.06938 -2.94606e-04
157  0.17311  9.44680e-04 |158 -0.05795 -1.47250e-04 |159 -0.16655 -4.25684e-05
160 -0.47071  5.18813e-05 |161 -0.39276 -1.96485e-03 |162  0.00281  1.88542e-05
163  0.15182 -6.23587e-02 |164 -0.62947  1.25278e-04 |165 -0.33085  1.10158e-04
166  0.24600 -5.64210e-04 |167  0.05030 -9.54409e-04 |168 -0.18122 -1.97905e-02
169  0.18279 -4.40006e-03 |170  0.31007  5.64909e-03 |171  0.07951 -1.11707e-02
172 -0.54723 -1.78698e-05 |173 -0.35663  1.22439e-04 |174  0.24307  2.18451e-03
175  0.06666  3.25587e-03 |176 -0.10733 -9.26119e-03 |177  0.02353 -1.54014e-02
178  0.27771  2.40508e-03 |179 -0.07148  1.77256e-03 |180 -0.03035  2.59713e-04
181 -0.13458  5.58975e-04 |182 -0.17875 -1.82804e-04 |183 -0.24576 -7.38496e-02
184 -0.39007 -2.57025e-06 |185 -1.33587 -2.02849e-03 |186  0.06452 -3.13042e-04
187  0.07561  1.31584e-02 |188 -0.57906 -2.70756e-04 |189  0.62893 -4.08519e-01
190  0.13736  1.32664e-02 |191  0.01909  8.41738e-02 |192 -0.01755  5.43130e-05
193  0.08833 -1.87764e-05 |194 -0.21913 -8.64586e-04 |195  0.13762  1.38547e-05
196 -0.53433  1.95227e-04 |197 -0.55881 -8.09650e-04 |198  0.17004 -2.51424e-04
199  0.09176 -8.47695e-03 |200 -0.25140 -2.14305e-03 |
200 variables; iteration 760; function evaluation 923; phase 4
Function value 6.8799244e+03; maximum gradient component mag 1.7419e-01
Var    Value     Gradient |Var    Value     Gradient |Var    Value     Gradient
  1 -0.41630  1.73541e-02 |  2  0.34557 -1.12592e-03 |  3 -0.19762 -2.90719e-02
  4  0.08245 -2.67843e-03 |  5 -0.60547 -2.46992e-04 |  6 -0.64959 -3.04994e-02
  7  0.35829 -1.53964e-03 |  8 -0.22218 -3.38353e-02 |  9  0.09366 -2.49197e-03
 10 -0.52475 -3.44742e-04 | 11 -0.65999 -3.94051e-02 | 12 -0.19490 -3.97634e-02
 13 -0.00088 -6.54045e-05 | 14 -0.00087 -1.03914e-04 | 15 -0.00086 -9.52172e-05
 16 -0.00085 -1.93031e-04 | 17 -0.00083 -1.09274e-04 | 18 -0.00080 -2.11752e-04
 19 -0.00077 -2.12248e-04 | 20 -0.00073 -6.08735e-06 | 21 -0.00068 -1.22906e-04
 22 -0.00062 -6.72761e-05 | 23 -0.00055 -1.38037e-04 | 24 -0.00047 -1.95300e-04
 25 -0.00037 -2.30297e-04 | 26 -0.00026 -1.18207e-04 | 27 -0.00015 -1.76287e-04
 28 -0.00001 -2.39329e-04 | 29  0.00013 -2.16978e-04 | 30  0.00029 -1.25243e-04
 31  0.00046 -2.52955e-04 | 32  0.00065 -1.32629e-04 | 33  0.00085 -1.25812e-04
 34  0.00105 -1.80996e-04 | 35  0.00127 -2.26627e-04 | 36  0.00151 -1.77055e-04
 37  0.00175 -2.13624e-04 | 38  0.00200 -2.93493e-04 | 39  0.00225 -2.74344e-04
 40  0.00252 -3.55069e-04 | 41  0.00278 -3.34680e-04 | 42  0.00305 -3.11595e-04
 43  0.00331 -2.90848e-04 | 44  0.00355 -3.38827e-04 | 45  0.00378 -3.41294e-04
 46  0.00398 -4.17618e-04 | 47  0.00413 -3.58263e-04 | 48  0.00423 -4.21483e-04
 49  0.00426 -2.73220e-04 | 50  0.00422 -3.61521e-04 | 51  0.00410 -3.63147e-04
 52  0.00389 -3.91677e-04 | 53  0.00359 -3.41889e-04 | 54  0.00321 -4.50685e-04
 55  0.00276 -4.58440e-04 | 56  0.00225 -4.53244e-04 | 57  0.00170 -4.75561e-04
 58  0.00116 -4.96740e-04 | 59  0.00064 -5.36992e-04 | 60  0.00017 -4.67266e-04
 61 -0.00020 -5.45886e-04 | 62 -0.00045 -5.48430e-04 | 63 -0.00053 -5.87619e-04
 64 -0.00043 -6.50976e-04 | 65 -0.00010 -5.63148e-04 | 66  0.00047 -6.31040e-04
 67  0.00130 -6.10185e-04 | 68  0.00238 -6.47552e-04 | 69  0.00371 -7.00397e-04
 70  0.00527 -7.49983e-04 | 71  0.00702 -6.05018e-04 | 72  0.00892 -7.11711e-04
 73  0.01095 -8.29194e-04 | 74  0.01300 -7.83224e-04 | 75  0.01490 -7.98102e-04
 76  0.01638 -7.27771e-04 | 77  0.01718 -7.78129e-04 | 78  0.01721 -7.87640e-04
 79  0.01653 -7.44903e-04 | 80  0.01527 -7.54950e-04 | 81  0.01356 -7.02771e-04
 82  0.01151 -7.37914e-04 | 83  0.00919 -4.98513e-04 | 84  0.00660 -7.03977e-04
 85  0.00379 -5.75016e-04 | 86  0.00091 -4.33259e-04 | 87 -0.00176 -3.70149e-04
 88 -0.00383 -5.25981e-04 | 89 -0.00499 -2.68325e-04 | 90 -0.00520 -1.88276e-04
 91 -0.00478 -2.05243e-04 | 92 -0.00424 -3.28834e-05 | 93 -0.00386 -9.37119e-05
 94 -0.00337 -5.46206e-05 | 95 -0.00258  9.00144e-05 | 96 -0.00220  3.39728e-05
 97 -0.00120  3.12065e-04 | 98  0.00095  3.43967e-04 | 99  0.00451  4.84516e-04
100  0.00430  6.58869e-04 |101  0.00167  6.94037e-04 |102 -0.00314  8.15939e-04
103 -0.01400  8.00385e-04 |104 -0.01709  6.92019e-04 |105 -0.00710  8.19381e-04
106 -0.01441  5.23840e-04 |107 -0.03451  3.53171e-04 |108 -0.02165  2.39498e-04
109  0.02708 -1.37814e-05 |110 -0.00412 -8.42150e-05 |111 -0.04118 -3.45431e-04
112 -0.02837 -6.10829e-04 |113 -0.01148 -9.08430e-04 |114  0.00799 -1.21319e-03
115 -0.01162 -1.28973e-03 |116 -0.06935 -8.58114e-04 |117 -0.08216 -6.68902e-04
118 -0.07462 -6.76594e-04 |119 -0.03858 -6.71518e-04 |120  0.09810 -1.26312e-03
121  0.05435 -6.20343e-04 |122  0.03893 -2.60469e-04 |123 -0.01463  1.05076e-04
124 -0.05541  4.16711e-04 |125 -0.00066  1.06579e-03 |126  0.01191  1.53044e-03
127 -0.03778  1.07322e-03 |128  0.00464  1.09359e-03 |129  0.04904  8.94579e-04
130 -0.01360  1.07378e-04 |131  0.06402 -1.10490e-04 |132 -0.00442 -1.00888e-04
133  0.11957 -1.58659e-04 |134 -0.00481  2.56782e-06 |135 -0.05068  3.58118e-05
136 -0.06352  2.01652e-05 |137 -0.02973  7.53942e-05 |138  0.08809 -3.11359e-06
139  0.02385 -4.62707e-05 |140  0.01498  8.49668e-06 |141 -0.03495 -8.67127e-05
142 -0.01567  1.56203e-07 |143 -0.00374 -5.17788e-05 |144 -0.00043  1.00879e-04
145  0.44836  1.17132e-04 |146  0.34411  2.15979e-04 |147 -0.16289  1.74193e-01
148  0.08020 -6.67714e-05 |149  0.02831 -1.80087e-04 |150 -0.47920  1.55742e-04
151 -0.15974  1.21227e-04 |152 -0.00204 -1.12109e-05 |153 -0.08145  1.01395e-05
154 -0.34218  2.02667e-05 |155  0.22098  2.09562e-04 |156 -0.04960 -6.93886e-05
157  0.17268  3.38786e-04 |158 -0.05749 -4.55891e-05 |159 -0.16512  1.40043e-05
160 -0.47127  1.70763e-05 |161 -0.38022 -7.69841e-04 |162 -0.00557 -2.88898e-05
163  0.15182  3.75471e-02 |164 -0.63103  6.14292e-05 |165 -0.33084 -3.08322e-05
166  0.24600  1.12974e-04 |167  0.05030 -9.58487e-05 |168 -0.18122  8.75230e-04
169  0.18277  3.14726e-04 |170  0.31006 -2.10963e-04 |171  0.07951  7.34817e-04
172 -0.54705 -2.60574e-06 |173 -0.35663  2.02585e-04 |174  0.24307 -3.83271e-04
175  0.06666  2.10472e-04 |176 -0.10733 -6.52182e-04 |177  0.02450  4.12869e-03
178  0.27326  1.62296e-03 |179 -0.07569 -5.70017e-04 |180 -0.04748  8.67272e-05
181 -0.13901  2.92610e-04 |182 -0.16455  1.10836e-05 |183 -0.24593  2.88980e-03
184 -0.39041  2.93276e-06 |185 -1.33581 -8.27236e-05 |186  0.06437 -2.12449e-04
187  0.07562  4.94762e-03 |188 -0.58032 -3.81673e-04 |189  0.62693  6.83718e-02
190  0.14018  4.27074e-02 |191  0.00871 -1.15453e-02 |192 -0.02434 -1.20577e-04
193  0.08943 -1.88580e-05 |194 -0.23123 -3.74171e-04 |195  0.13722 -5.66489e-06
196 -0.53510  1.32345e-04 |197 -0.55880 -4.26947e-05 |198  0.17005  8.09214e-05
199  0.09176  1.31406e-03 |200 -0.25140  1.48687e-04 |
200 variables; iteration 780; function evaluation 943; phase 4
Function value 6.8799243e+03; maximum gradient component mag 1.7448e-01
Var    Value     Gradient |Var    Value     Gradient |Var    Value     Gradient
  1 -0.41630 -3.99253e-02 |  2  0.34558  1.82331e-03 |  3 -0.19762  4.77912e-02
  4  0.08244  6.42168e-03 |  5 -0.60548  1.26442e-03 |  6 -0.64959  4.85935e-02
  7  0.35830  2.36480e-03 |  8 -0.22218  6.36433e-02 |  9  0.09365  6.62188e-03
 10 -0.52476  1.43598e-03 | 11 -0.65998  6.63979e-02 | 12 -0.19490  7.32093e-02
 13 -0.00088  2.51085e-04 | 14 -0.00087  2.16956e-04 | 15 -0.00086  3.56841e-04
 16 -0.00085  3.42516e-04 | 17 -0.00083  4.02893e-04 | 18 -0.00080  5.26028e-04
 19 -0.00077  6.68454e-04 | 20 -0.00073  7.36989e-04 | 21 -0.00068  7.79366e-04
 22 -0.00062  7.16891e-04 | 23 -0.00055  5.68467e-04 | 24 -0.00047  4.20956e-04
 25 -0.00037  4.72617e-04 | 26 -0.00027  5.54385e-04 | 27 -0.00015  6.15853e-04
 28 -0.00001  4.96727e-04 | 29  0.00013  5.39094e-04 | 30  0.00029  7.95584e-04
 31  0.00046  8.90784e-04 | 32  0.00065  7.84742e-04 | 33  0.00084  6.36033e-04
 34  0.00105  6.25993e-04 | 35  0.00127  7.24948e-04 | 36  0.00151  8.87050e-04
 37  0.00175  8.89255e-04 | 38  0.00200  9.74741e-04 | 39  0.00225  9.63913e-04
 40  0.00251  6.58257e-04 | 41  0.00278  9.98613e-04 | 42  0.00305  8.90621e-04
 43  0.00331  1.04684e-03 | 44  0.00355  1.00432e-03 | 45  0.00378  8.66508e-04
 46  0.00397  9.11048e-04 | 47  0.00413  1.23715e-03 | 48  0.00423  1.15715e-03
 49  0.00426  9.77706e-04 | 50  0.00423  1.30690e-03 | 51  0.00410  1.14048e-03
 52  0.00389  1.35744e-03 | 53  0.00359  1.33277e-03 | 54  0.00321  1.33094e-03
 55  0.00275  1.26220e-03 | 56  0.00225  1.36039e-03 | 57  0.00170  1.18996e-03
 58  0.00116  1.30920e-03 | 59  0.00064  1.31775e-03 | 60  0.00017  1.50229e-03
 61 -0.00020  1.15334e-03 | 62 -0.00045  1.39942e-03 | 63 -0.00053  1.09107e-03
 64 -0.00043  1.33777e-03 | 65 -0.00010  1.15195e-03 | 66  0.00047  1.18941e-03
 67  0.00130  1.49149e-03 | 68  0.00238  1.13057e-03 | 69  0.00371  1.08037e-03
 70  0.00527  9.43208e-04 | 71  0.00702  1.32373e-03 | 72  0.00892  1.12083e-03
 73  0.01095  8.21344e-04 | 74  0.01300  7.83690e-04 | 75  0.01490  9.37190e-04
 76  0.01638  7.12483e-04 | 77  0.01718  6.81114e-04 | 78  0.01721  4.69749e-04
 79  0.01653  1.88621e-04 | 80  0.01527  1.14689e-04 | 81  0.01357  2.09584e-05
 82  0.01151 -3.26130e-04 | 83  0.00919 -2.72755e-04 | 84  0.00660 -8.93394e-04
 85  0.00380 -7.38517e-04 | 86  0.00091 -9.68577e-04 | 87 -0.00176 -5.68566e-04
 88 -0.00383 -1.31041e-03 | 89 -0.00499 -9.87402e-04 | 90 -0.00520 -8.60907e-04
 91 -0.00478 -8.40863e-04 | 92 -0.00424 -8.83642e-04 | 93 -0.00386 -1.06106e-03
 94 -0.00337 -1.10209e-03 | 95 -0.00258 -8.96970e-04 | 96 -0.00220 -1.11354e-03
 97 -0.00120 -9.37654e-04 | 98  0.00094 -9.67955e-04 | 99  0.00450 -6.09097e-04
100  0.00430 -7.80790e-04 |101  0.00166 -5.56634e-04 |102 -0.00314 -3.91428e-04
103 -0.01400  1.20191e-04 |104 -0.01710 -6.08334e-05 |105 -0.00710  3.84292e-04
106 -0.01442  2.89863e-05 |107 -0.03451  3.31991e-04 |108 -0.02165  3.32062e-04
109  0.02708  1.79591e-04 |110 -0.00412  2.11232e-04 |111 -0.04118 -1.40721e-04
112 -0.02836 -4.43916e-05 |113 -0.01148 -2.72474e-04 |114  0.00800 -2.76937e-04
115 -0.01161 -5.22752e-04 |116 -0.06935 -1.69518e-04 |117 -0.08216 -2.04003e-04
118 -0.07462 -1.12105e-05 |119 -0.03858  2.54278e-04 |120  0.09810  1.43912e-03
121  0.05436  1.20126e-03 |122  0.03893  9.04679e-04 |123 -0.01463  6.79592e-04
124 -0.05541  3.95419e-04 |125 -0.00066  2.30474e-04 |126  0.01190  2.03765e-04
127 -0.03778  2.74649e-04 |128  0.00463  1.16117e-04 |129  0.04904  2.69924e-04
130 -0.01360 -4.45460e-05 |131  0.06403 -7.02130e-05 |132 -0.00442 -6.72865e-07
133  0.11958 -2.13573e-04 |134 -0.00481 -1.29321e-04 |135 -0.05068  6.71588e-06
136 -0.06352 -1.21109e-04 |137 -0.02973  2.26833e-05 |138  0.08809 -3.23309e-05
139  0.02385 -1.95530e-05 |140  0.01498 -1.83704e-04 |141 -0.03495  5.60821e-05
142 -0.01567  1.37267e-06 |143 -0.00374 -1.34752e-04 |144 -0.00043  1.53582e-04
145  0.44836  7.12743e-04 |146  0.34411 -7.58651e-04 |147 -0.16283  1.74483e-01
148  0.08086 -8.61366e-05 |149  0.02831  9.03353e-04 |150 -0.48146 -1.51356e-05
151 -0.16029  1.09279e-05 |152 -0.00161 -8.16205e-06 |153 -0.08094  5.56044e-07
154 -0.34243  2.32947e-06 |155  0.22188  1.89319e-04 |156 -0.04484 -1.84718e-05
157  0.17265  1.24866e-04 |158 -0.05721 -2.04590e-05 |159 -0.16518 -1.53587e-05
160 -0.47196 -3.36589e-05 |161 -0.37979  5.13000e-03 |162  0.00545 -1.07401e-05
163  0.15182 -6.19807e-02 |164 -0.63125  6.76230e-06 |165 -0.33084 -6.72101e-05
166  0.24600  4.43352e-04 |167  0.05030  6.37269e-04 |168 -0.18122  1.71421e-03
169  0.18277 -1.24326e-04 |170  0.31006 -9.59536e-05 |171  0.07951  2.16361e-04
172 -0.54690  9.62698e-06 |173 -0.35664  4.53374e-05 |174  0.24307 -2.80895e-04
175  0.06666 -2.44009e-04 |176 -0.10733  1.43534e-03 |177  0.02352  2.43596e-03
178  0.27103  6.55181e-04 |179 -0.11827 -5.90588e-04 |180 -0.05737 -6.42454e-06
181 -0.13777  1.81301e-04 |182 -0.15864  3.03916e-05 |183 -0.24597 -1.07464e-02
184 -0.39036  3.14506e-06 |185 -1.33589  4.35575e-04 |186  0.06461  5.23377e-06
187  0.07561  3.51391e-03 |188 -0.57919 -2.86812e-04 |189  0.62882 -1.37415e-01
190  0.13716  1.67089e-02 |191  0.01857  2.88099e-02 |192 -0.02191 -5.45618e-05
193  0.09003 -5.52803e-06 |194 -0.21247 -4.61352e-05 |195  0.13616 -3.49147e-06
196 -0.53664  4.89257e-06 |197 -0.55880 -2.17788e-04 |198  0.17005 -1.83981e-05
199  0.09176 -1.84743e-03 |200 -0.25141 -9.09028e-04 |
200 variables; iteration 800; function evaluation 965; phase 4
Function value 6.8799243e+03; maximum gradient component mag -6.2843e-01
Var    Value     Gradient |Var    Value     Gradient |Var    Value     Gradient
  1 -0.41629 -1.22675e-01 |  2  0.34558  1.23728e-02 |  3 -0.19761  2.69511e-01
  4  0.08244  3.19832e-02 |  5 -0.60548  3.52959e-03 |  6 -0.64959  2.65739e-01
  7  0.35830  1.02275e-02 |  8 -0.22217  2.73932e-01 |  9  0.09365  2.39922e-02
 10 -0.52476  3.53987e-03 | 11 -0.65998  2.93776e-01 | 12 -0.19489  3.46914e-01
 13 -0.00088  8.84498e-04 | 14 -0.00087  6.38894e-04 | 15 -0.00086  1.02719e-03
 16 -0.00085  1.18983e-03 | 17 -0.00083  1.00288e-03 | 18 -0.00080  8.37785e-04
 19 -0.00077  9.07182e-04 | 20 -0.00073  4.43057e-04 | 21 -0.00068 -3.08330e-06
 22 -0.00062  6.71777e-04 | 23 -0.00055  5.42648e-04 | 24 -0.00046  1.48340e-03
 25 -0.00037  1.02690e-03 | 26 -0.00027  4.46311e-04 | 27 -0.00015  1.06981e-03
 28 -0.00001  9.96246e-04 | 29  0.00013  1.59518e-03 | 30  0.00029  1.10305e-03
 31  0.00046  5.11591e-04 | 32  0.00065  9.11059e-04 | 33  0.00084  1.16352e-03
 34  0.00106  2.01743e-03 | 35  0.00127  1.26820e-03 | 36  0.00150  1.14620e-03
 37  0.00175  1.66327e-03 | 38  0.00199  1.60788e-03 | 39  0.00225  1.38072e-03
 40  0.00252  2.28291e-03 | 41  0.00278  1.68035e-03 | 42  0.00305  2.65790e-03
 43  0.00330  1.57468e-03 | 44  0.00355  2.17070e-03 | 45  0.00378  2.87250e-03
 46  0.00398  2.74860e-03 | 47  0.00413  2.31182e-03 | 48  0.00423  2.45703e-03
 49  0.00426  2.93121e-03 | 50  0.00422  2.78689e-03 | 51  0.00410  3.00731e-03
 52  0.00389  2.84474e-03 | 53  0.00359  2.80159e-03 | 54  0.00321  3.33912e-03
 55  0.00276  3.63817e-03 | 56  0.00224  2.98928e-03 | 57  0.00170  2.93793e-03
 58  0.00115  2.92261e-03 | 59  0.00063  3.35786e-03 | 60  0.00017  3.19058e-03
 61 -0.00020  3.89300e-03 | 62 -0.00045  3.39494e-03 | 63 -0.00053  4.72371e-03
 64 -0.00042  4.58428e-03 | 65 -0.00010  4.65015e-03 | 66  0.00047  4.50164e-03
 67  0.00130  4.14517e-03 | 68  0.00238  4.97714e-03 | 69  0.00371  4.66739e-03
 70  0.00527  4.62564e-03 | 71  0.00702  5.81555e-03 | 72  0.00892  5.13031e-03
 73  0.01095  5.50843e-03 | 74  0.01300  5.44060e-03 | 75  0.01490  4.83016e-03
 76  0.01638  5.53973e-03 | 77  0.01718  5.96805e-03 | 78  0.01721  5.43292e-03
 79  0.01653  6.06835e-03 | 80  0.01527  6.08544e-03 | 81  0.01357  5.70001e-03
 82  0.01152  5.79084e-03 | 83  0.00919  5.58760e-03 | 84  0.00660  4.99846e-03
 85  0.00380  5.46308e-03 | 86  0.00091  5.14845e-03 | 87 -0.00176  4.17568e-03
 88 -0.00383  4.91183e-03 | 89 -0.00499  4.51537e-03 | 90 -0.00520  4.11885e-03
 91 -0.00478  4.51166e-03 | 92 -0.00424  4.15810e-03 | 93 -0.00386  4.27430e-03
 94 -0.00337  3.89773e-03 | 95 -0.00258  4.63714e-03 | 96 -0.00220  4.31947e-03
 97 -0.00120  3.95084e-03 | 98  0.00094  2.50553e-03 | 99  0.00450  2.54426e-03
100  0.00429  2.31650e-03 |101  0.00166  1.53912e-03 |102 -0.00314  1.45381e-03
103 -0.01400 -1.74367e-04 |104 -0.01710 -4.96049e-04 |105 -0.00710  5.94240e-04
106 -0.01441 -2.81255e-04 |107 -0.03450 -6.27296e-05 |108 -0.02165 -5.29938e-04
109  0.02709 -4.37294e-04 |110 -0.00412  3.71182e-04 |111 -0.04117  5.49079e-04
112 -0.02836 -3.06090e-04 |113 -0.01148  5.79118e-04 |114  0.00800  2.10953e-04
115 -0.01161 -1.03160e-04 |116 -0.06935 -5.78606e-04 |117 -0.08216 -1.62856e-04
118 -0.07462 -6.19288e-04 |119 -0.03858 -1.26604e-03 |120  0.09810 -5.74246e-03
121  0.05435 -4.29281e-03 |122  0.03893 -2.88008e-03 |123 -0.01463 -1.74814e-03
124 -0.05541 -1.54697e-03 |125 -0.00067 -1.64099e-03 |126  0.01190 -1.45122e-03
127 -0.03779 -1.35370e-03 |128  0.00463 -2.55602e-04 |129  0.04905  3.70549e-04
130 -0.01360  7.12275e-04 |131  0.06403  6.22088e-04 |132 -0.00442  7.81749e-04
133  0.11958  1.08123e-03 |134 -0.00481  5.76062e-04 |135 -0.05068  2.38347e-04
136 -0.06352  8.01681e-05 |137 -0.02973 -3.12320e-05 |138  0.08809  2.91515e-04
139  0.02385 -2.35331e-04 |140  0.01498  5.37164e-06 |141 -0.03495 -3.80950e-04
142 -0.01567  1.33574e-04 |143 -0.00374  2.03453e-04 |144 -0.00043 -1.01324e-03
145  0.44833 -2.71011e-03 |146  0.34410  1.39378e-03 |147 -0.16283  1.71918e-01
148  0.08162  1.66635e-04 |149  0.02832 -2.66804e-03 |150 -0.48119 -1.28272e-06
151 -0.16102 -1.94214e-04 |152  0.00309  1.52437e-05 |153 -0.08145 -3.99965e-05
154 -0.34343 -4.42625e-05 |155  0.22627  1.21676e-03 |156 -0.03970 -1.78213e-04
157  0.17277  1.08617e-04 |158 -0.05638  1.40631e-06 |159 -0.16554 -2.53501e-05
160 -0.47019  9.33250e-05 |161 -0.37985  4.91965e-03 |162  0.00042 -3.08660e-05
163  0.15182  1.16900e-01 |164 -0.63218  4.70497e-05 |165 -0.33084  5.79107e-04
166  0.24600 -1.26678e-03 |167  0.05030 -2.79834e-04 |168 -0.18122 -5.61114e-03
169  0.18278 -6.12078e-04 |170  0.31006  1.27280e-03 |171  0.07951 -2.62291e-03
172 -0.54751 -4.11741e-05 |173 -0.35664 -4.75384e-04 |174  0.24307  1.52091e-03
175  0.06666 -1.53270e-04 |176 -0.10733 -5.22282e-03 |177  0.02374  1.51489e-03
178  0.27041 -2.33124e-04 |179 -0.10411 -5.23008e-04 |180 -0.06019 -2.54171e-05
181 -0.14175 -3.04452e-04 |182 -0.15851 -1.65105e-04 |183 -0.24597  7.07432e-03
184 -0.39077 -1.32782e-05 |185 -1.33596  2.07258e-03 |186  0.06471  4.10070e-05
187  0.07560 -8.04160e-03 |188 -0.57851 -2.34600e-04 |189  0.63144 -6.28426e-01
190  0.13346  6.65378e-03 |191  0.03064  1.46939e-01 |192 -0.02766  8.30048e-05
193  0.09043  2.59145e-05 |194 -0.19557 -2.16687e-05 |195  0.13638  3.58479e-05
196 -0.53588  6.68913e-05 |197 -0.55879  5.01331e-04 |198  0.17005 -3.51832e-04
199  0.09176  3.54802e-03 |200 -0.25141  1.28822e-03 |
200 variables; iteration 820; function evaluation 988; phase 4
Function value 6.8799243e+03; maximum gradient component mag 1.7348e-01
Var    Value     Gradient |Var    Value     Gradient |Var    Value     Gradient
  1 -0.41632  1.77269e-02 |  2  0.34558 -3.14638e-03 |  3 -0.19761 -5.06382e-03
  4  0.08242 -3.80252e-03 |  5 -0.60548  1.17211e-04 |  6 -0.64958  8.37438e-03
  7  0.35830 -2.45017e-03 |  8 -0.22217 -9.08544e-03 |  9  0.09364 -2.80088e-03
 10 -0.52476  5.95398e-05 | 11 -0.65998 -4.07321e-04 | 12 -0.19491 -2.02635e-02
 13 -0.00087 -3.76355e-04 | 14 -0.00087 -3.25234e-04 | 15 -0.00086 -3.20784e-04
 16 -0.00085 -2.00616e-04 | 17 -0.00083 -1.70121e-04 | 18 -0.00080 -1.39859e-04
 19 -0.00077 -8.82607e-05 | 20 -0.00073 -1.19149e-04 | 21 -0.00068 -1.38719e-04
 22 -0.00061 -1.45899e-04 | 23 -0.00054 -2.16213e-04 | 24 -0.00046 -1.96653e-04
 25 -0.00037 -3.00773e-04 | 26 -0.00026 -3.90077e-04 | 27 -0.00014 -3.33979e-04
 28 -0.00001 -2.71095e-04 | 29  0.00014 -1.86689e-04 | 30  0.00030 -2.35140e-04
 31  0.00047 -2.89083e-04 | 32  0.00065 -3.40873e-04 | 33  0.00085 -3.72472e-04
 34  0.00106 -3.52287e-04 | 35  0.00128 -4.34688e-04 | 36  0.00151 -5.16925e-04
 37  0.00175 -3.93161e-04 | 38  0.00200 -3.14064e-04 | 39  0.00226 -4.10909e-04
 40  0.00252 -4.28822e-04 | 41  0.00279 -4.35185e-04 | 42  0.00305 -4.09765e-04
 43  0.00331 -5.23749e-04 | 44  0.00356 -4.66732e-04 | 45  0.00378 -5.62966e-04
 46  0.00398 -5.94674e-04 | 47  0.00413 -3.93543e-04 | 48  0.00423 -6.09563e-04
 49  0.00427 -6.63381e-04 | 50  0.00423 -6.40701e-04 | 51  0.00410 -7.78347e-04
 52  0.00389 -5.22269e-04 | 53  0.00360 -6.54574e-04 | 54  0.00321 -6.37217e-04
 55  0.00276 -6.38644e-04 | 56  0.00225 -7.50219e-04 | 57  0.00170 -8.04579e-04
 58  0.00116 -6.26290e-04 | 59  0.00064 -8.26119e-04 | 60  0.00017 -7.35989e-04
 61 -0.00020 -7.38253e-04 | 62 -0.00045 -8.04213e-04 | 63 -0.00053 -8.51062e-04
 64 -0.00043 -7.33313e-04 | 65 -0.00010 -1.02302e-03 | 66  0.00047 -1.06425e-03
 67  0.00129 -8.50021e-04 | 68  0.00238 -1.08844e-03 | 69  0.00371 -1.04302e-03
 70  0.00526 -1.07835e-03 | 71  0.00701 -1.06347e-03 | 72  0.00892 -1.10391e-03
 73  0.01094 -1.12874e-03 | 74  0.01298 -1.20447e-03 | 75  0.01488 -1.20841e-03
 76  0.01636 -1.22458e-03 | 77  0.01716 -1.22406e-03 | 78  0.01719 -1.19817e-03
 79  0.01650 -1.14078e-03 | 80  0.01524 -1.09573e-03 | 81  0.01353 -1.00092e-03
 82  0.01148 -8.99783e-04 | 83  0.00915 -8.83951e-04 | 84  0.00656 -7.16078e-04
 85  0.00376 -5.66324e-04 | 86  0.00087 -5.35283e-04 | 87 -0.00180 -2.07765e-04
 88 -0.00387 -7.40842e-05 | 89 -0.00502  1.42609e-04 | 90 -0.00523  2.53531e-04
 91 -0.00481  5.21861e-04 | 92 -0.00426  7.10590e-04 | 93 -0.00388  9.98536e-04
 94 -0.00338  1.31074e-03 | 95 -0.00258  1.53639e-03 | 96 -0.00219  1.99027e-03
 97 -0.00119  2.13397e-03 | 98  0.00097  2.76751e-03 | 99  0.00454  3.15635e-03
100  0.00434  3.54194e-03 |101  0.00171  3.71502e-03 |102 -0.00309  3.70191e-03
103 -0.01395  3.57925e-03 |104 -0.01705  3.50987e-03 |105 -0.00705  3.72088e-03
106 -0.01437  3.20605e-03 |107 -0.03448  2.39603e-03 |108 -0.02163  2.04917e-03
109  0.02710  2.32929e-03 |110 -0.00412  1.18383e-03 |111 -0.04118  4.28544e-04
112 -0.02837 -3.82680e-05 |113 -0.01149 -4.32010e-04 |114  0.00799 -7.93537e-04
115 -0.01162 -9.58563e-04 |116 -0.06935 -7.49480e-04 |117 -0.08216 -6.39701e-04
118 -0.07462 -6.49758e-04 |119 -0.03858 -8.40422e-04 |120  0.09810 -2.67287e-03
121  0.05436 -1.76661e-03 |122  0.03894 -1.26148e-03 |123 -0.01462 -8.36660e-04
124 -0.05541 -5.72799e-04 |125 -0.00066 -7.83565e-04 |126  0.01190 -7.76179e-04
127 -0.03779 -4.48868e-04 |128  0.00463 -3.29437e-04 |129  0.04904 -1.20277e-04
130 -0.01361  7.45388e-05 |131  0.06403  4.86973e-05 |132 -0.00442  8.26350e-05
133  0.11957  1.12734e-04 |134 -0.00481  1.50608e-05 |135 -0.05068  1.55880e-05
136 -0.06352  5.25497e-05 |137 -0.02972 -4.64662e-07 |138  0.08809  2.47733e-06
139  0.02385 -3.86534e-05 |140  0.01498 -1.04371e-05 |141 -0.03495 -5.39591e-05
142 -0.01567  5.22777e-05 |143 -0.00374  4.32048e-05 |144 -0.00043  2.79735e-06
145  0.44837  8.98374e-05 |146  0.34408  9.64509e-04 |147 -0.16290  1.73476e-01
148  0.08101  6.83944e-05 |149  0.02828 -1.43573e-03 |150 -0.48234 -7.89064e-05
151 -0.16070 -7.59839e-05 |152  0.00035  1.70507e-06 |153 -0.08048 -5.13894e-06
154 -0.34235  4.90724e-06 |155  0.22125 -1.55782e-04 |156 -0.04603  3.75680e-05
157  0.17259 -1.49584e-04 |158 -0.05660  3.87181e-05 |159 -0.16493 -2.66324e-06
160 -0.47162 -1.02188e-05 |161 -0.37957  7.31461e-03 |162  0.01369 -4.85227e-07
163  0.15182 -3.98041e-02 |164 -0.63213 -1.91681e-05 |165 -0.33084  7.30736e-05
166  0.24600 -2.07508e-04 |167  0.05030  1.06866e-04 |168 -0.18122  9.80866e-04
169  0.18281  5.12979e-04 |170  0.31007 -8.01091e-04 |171  0.07951 -1.20222e-05
172 -0.54700  1.51544e-06 |173 -0.35664 -8.86924e-05 |174  0.24307  8.21322e-05
175  0.06666 -4.11694e-04 |176 -0.10732  6.19255e-04 |177  0.02466  3.67649e-03
178  0.26999 -1.84559e-04 |179 -0.05844 -5.61885e-04 |180 -0.06185 -1.73260e-05
181 -0.13990 -1.10476e-05 |182 -0.15605  2.87883e-05 |183 -0.24562  1.44892e-02
184 -0.39039  3.74082e-06 |185 -1.33594  1.54940e-03 |186  0.06472  9.31713e-05
187  0.07560 -3.47587e-03 |188 -0.57870 -2.48546e-04 |189  0.63209  1.17474e-02
190  0.13258  6.19465e-03 |191  0.03339 -1.29098e-03 |192 -0.03141  2.56011e-05
193  0.08988  2.36084e-06 |194 -0.19154  1.12522e-04 |195  0.13523  3.01725e-06
196 -0.53719 -4.00166e-05 |197 -0.55882  2.84977e-04 |198  0.17004 -5.78744e-05
199  0.09177  3.03135e-03 |200 -0.25140  6.16314e-04 |
200 variables; iteration 840; function evaluation 1010; phase 4
Function value 6.8799241e+03; maximum gradient component mag 2.0405e-01
Var    Value     Gradient |Var    Value     Gradient |Var    Value     Gradient
  1 -0.41630 -8.38586e-02 |  2  0.34558  1.98381e-02 |  3 -0.19762  9.95532e-02
  4  0.08244  3.16269e-02 |  5 -0.60548  2.12292e-03 |  6 -0.64959  5.66011e-02
  7  0.35830  1.40224e-02 |  8 -0.22218  8.28836e-02 |  9  0.09365  1.91696e-02
 10 -0.52476 -5.88000e-04 | 11 -0.65999  3.32427e-02 | 12 -0.19490  6.24651e-02
 13 -0.00088  1.27809e-03 | 14 -0.00087  1.61128e-03 | 15 -0.00086  1.57927e-03
 16 -0.00085  2.19726e-03 | 17 -0.00083  2.16197e-03 | 18 -0.00080  2.09723e-03
 19 -0.00077  1.99522e-03 | 20 -0.00073  1.50493e-03 | 21 -0.00068  1.26241e-03
 22 -0.00062  1.86593e-03 | 23 -0.00055  1.79385e-03 | 24 -0.00046  2.04193e-03
 25 -0.00037  1.06730e-03 | 26 -0.00027  3.32468e-04 | 27 -0.00015  1.04145e-03
 28 -0.00001  1.84173e-03 | 29  0.00014  2.79613e-03 | 30  0.00029  2.12391e-03
 31  0.00046  1.77144e-03 | 32  0.00065  2.19070e-03 | 33  0.00085  2.88518e-03
 34  0.00106  3.59713e-03 | 35  0.00128  2.64855e-03 | 36  0.00150  2.14991e-03
 37  0.00175  2.90423e-03 | 38  0.00200  2.87020e-03 | 39  0.00225  1.63788e-03
 40  0.00252  3.87014e-03 | 41  0.00278  3.00921e-03 | 42  0.00305  4.42205e-03
 43  0.00330  2.60258e-03 | 44  0.00356  3.53188e-03 | 45  0.00378  3.87113e-03
 46  0.00398  4.37027e-03 | 47  0.00413  3.38457e-03 | 48  0.00423  2.88858e-03
 49  0.00427  4.44399e-03 | 50  0.00423  4.73967e-03 | 51  0.00411  4.47454e-03
 52  0.00389  4.56594e-03 | 53  0.00359  3.97410e-03 | 54  0.00321  4.21606e-03
 55  0.00275  4.07473e-03 | 56  0.00225  4.43119e-03 | 57  0.00170  2.81272e-03
 58  0.00115  3.44772e-03 | 59  0.00063  3.43315e-03 | 60  0.00017  2.97003e-03
 61 -0.00020  3.60227e-03 | 62 -0.00045  2.30573e-03 | 63 -0.00053  4.68859e-03
 64 -0.00043  4.23444e-03 | 65 -0.00010  4.19985e-03 | 66  0.00047  3.12331e-03
 67  0.00129  3.28027e-03 | 68  0.00238  3.80014e-03 | 69  0.00371  2.69570e-03
 70  0.00526  2.58600e-03 | 71  0.00701  2.51639e-03 | 72  0.00892  1.50451e-03
 73  0.01094  1.30133e-03 | 74  0.01299  1.04965e-03 | 75  0.01489 -3.84362e-04
 76  0.01637 -2.61275e-04 | 77  0.01717 -9.67126e-04 | 78  0.01720 -2.45432e-03
 79  0.01652 -2.97909e-03 | 80  0.01526 -3.68716e-03 | 81  0.01355 -4.86242e-03
 82  0.01150 -5.50704e-03 | 83  0.00917 -6.61148e-03 | 84  0.00659 -7.22846e-03
 85  0.00378 -7.54972e-03 | 86  0.00090 -7.47795e-03 | 87 -0.00178 -1.07587e-02
 88 -0.00384 -9.28680e-03 | 89 -0.00501 -1.13955e-02 | 90 -0.00521 -1.07101e-02
 91 -0.00479 -1.13517e-02 | 92 -0.00425 -1.21405e-02 | 93 -0.00387 -1.21696e-02
 94 -0.00338 -1.31799e-02 | 95 -0.00258 -1.22320e-02 | 96 -0.00220 -1.28583e-02
 97 -0.00119 -1.15090e-02 | 98  0.00095 -1.34324e-02 | 99  0.00452 -1.36162e-02
100  0.00432 -1.29730e-02 |101  0.00169 -1.09991e-02 |102 -0.00311 -8.08227e-03
103 -0.01398 -6.96537e-03 |104 -0.01708 -5.06563e-03 |105 -0.00707 -2.19680e-03
106 -0.01440 -2.67064e-05 |107 -0.03449  1.90756e-03 |108 -0.02164  5.04280e-03
109  0.02709  9.61364e-03 |110 -0.00412  9.71713e-03 |111 -0.04118  8.21546e-03
112 -0.02837  9.25261e-03 |113 -0.01148  1.16239e-02 |114  0.00799  1.23404e-02
115 -0.01162  9.99743e-03 |116 -0.06935  4.99322e-03 |117 -0.08216  3.53794e-03
118 -0.07462  1.89544e-03 |119 -0.03858  6.05732e-04 |120  0.09810 -3.40922e-03
121  0.05436 -3.59849e-03 |122  0.03893 -3.23015e-03 |123 -0.01462 -1.12646e-03
124 -0.05541 -1.20845e-03 |125 -0.00066 -1.22487e-03 |126  0.01190 -1.45538e-03
127 -0.03778 -1.27294e-03 |128  0.00463 -7.05717e-04 |129  0.04904  4.90345e-04
130 -0.01360  2.26115e-04 |131  0.06403  2.14338e-03 |132 -0.00442  1.12047e-03
133  0.11957  1.96000e-03 |134 -0.00481  4.65447e-04 |135 -0.05068  4.34061e-04
136 -0.06352  4.75890e-05 |137 -0.02973  2.37017e-04 |138  0.08809  4.99056e-04
139  0.02385  1.23156e-04 |140  0.01498  1.92384e-04 |141 -0.03495 -1.34252e-04
142 -0.01567 -2.61251e-04 |143 -0.00374  1.13834e-04 |144 -0.00043 -1.21913e-03
145  0.44835 -9.79857e-03 |146  0.34409 -8.25762e-04 |147 -0.16392  1.76685e-01
148  0.07714  4.05164e-04 |149  0.02875  1.22634e-03 |150 -0.48625 -3.35342e-04
151 -0.16207 -4.54751e-04 |152  0.00971  4.77276e-05 |153 -0.07876 -1.65863e-05
154 -0.34255  1.85678e-06 |155  0.22185  2.05652e-06 |156 -0.04385  2.92287e-05
157  0.17243  2.29379e-04 |158 -0.05762  1.44637e-05 |159 -0.16374  1.55352e-04
160 -0.47201 -3.64001e-05 |161 -0.37935  1.52536e-02 |162  0.00005 -1.60182e-04
163  0.15182  2.04046e-01 |164 -0.63483 -4.89646e-05 |165 -0.33084 -3.96044e-05
166  0.24600 -1.32426e-03 |167  0.05030 -3.62506e-03 |168 -0.18122 -3.09315e-02
169  0.18278 -4.29461e-03 |170  0.31006  3.41888e-03 |171  0.07951 -1.94390e-02
172 -0.54819 -9.76918e-05 |173 -0.35663 -2.85482e-04 |174  0.24307  3.29230e-03
175  0.06666  3.73064e-03 |176 -0.10733 -1.46727e-02 |177  0.02609 -7.81730e-03
178  0.26808 -2.10064e-03 |179 -0.05469  1.34814e-03 |180 -0.07948 -3.54166e-04
181 -0.14161  5.00296e-04 |182 -0.15561 -4.40935e-04 |183 -0.24583 -9.01320e-02
184 -0.39070 -3.89989e-05 |185 -1.33586  2.95003e-03 |186  0.06451  7.46584e-05
187  0.07561 -1.03513e-02 |188 -0.58052 -4.00539e-04 |189  0.62956 -1.57737e-01
190  0.13520  1.20599e-02 |191  0.02215  3.42982e-02 |192 -0.02667 -5.98498e-05
193  0.08912 -1.63894e-05 |194 -0.20160  3.69363e-04 |195  0.13629 -3.83662e-06
196 -0.54055 -3.01908e-04 |197 -0.55881 -8.90967e-06 |198  0.17005  3.98799e-04
199  0.09176 -4.37209e-04 |200 -0.25140 -1.41079e-03 |
200 variables; iteration 860; function evaluation 1037; phase 4
Function value 6.8799210e+03; maximum gradient component mag 1.3751e-01
Var    Value     Gradient |Var    Value     Gradient |Var    Value     Gradient
  1 -0.41625 -6.08152e-02 |  2  0.34561  4.11570e-03 |  3 -0.19752 -6.17260e-03
  4  0.08231 -1.44316e-03 |  5 -0.60547 -1.34247e-03 |  6 -0.64957 -2.44153e-02
  7  0.35832  1.94794e-03 |  8 -0.22208  2.70338e-02 |  9  0.09354  5.28797e-05
 10 -0.52476  5.02897e-04 | 11 -0.65998  3.32982e-02 | 12 -0.19484  1.22759e-01
 13 -0.00088  2.35219e-04 | 14 -0.00088 -8.09909e-06 | 15 -0.00087  1.19060e-04
 16 -0.00086  4.72446e-04 | 17 -0.00084  1.33913e-04 | 18 -0.00081  4.91008e-04
 19 -0.00078  3.65138e-04 | 20 -0.00074  5.60659e-04 | 21 -0.00069  1.38730e-04
 22 -0.00063 -1.13195e-04 | 23 -0.00056  3.14742e-04 | 24 -0.00047  8.19881e-04
 25 -0.00038  1.20259e-03 | 26 -0.00027  1.33665e-03 | 27 -0.00016  9.87936e-04
 28 -0.00002  5.87172e-04 | 29  0.00012  6.00267e-04 | 30  0.00028  7.79140e-04
 31  0.00045  5.07751e-04 | 32  0.00064  5.50595e-04 | 33  0.00083  5.79088e-04
 34  0.00104  8.20120e-05 | 35  0.00126  4.61326e-04 | 36  0.00149  8.85070e-04
 37  0.00173  6.57284e-04 | 38  0.00198  7.48233e-04 | 39  0.00224  1.38802e-03
 40  0.00250  4.08806e-04 | 41  0.00277  8.72769e-04 | 42  0.00303  7.06218e-04
 43  0.00330  1.04864e-03 | 44  0.00354  7.05119e-04 | 45  0.00377  9.46502e-04
 46  0.00396  5.96250e-04 | 47  0.00412  1.39966e-03 | 48  0.00422  1.73532e-03
 49  0.00426  1.00209e-03 | 50  0.00422  9.09936e-04 | 51  0.00409  8.61062e-04
 52  0.00389  9.98667e-04 | 53  0.00359  1.30342e-03 | 54  0.00321  1.79597e-03
 55  0.00276  2.08734e-03 | 56  0.00224  1.25053e-03 | 57  0.00171  2.58435e-03
 58  0.00116  2.28514e-03 | 59  0.00064  2.22969e-03 | 60  0.00018  2.19256e-03
 61 -0.00019  2.64286e-03 | 62 -0.00043  3.62867e-03 | 63 -0.00052  2.09931e-03
 64 -0.00041  3.09403e-03 | 65 -0.00008  2.61026e-03 | 66  0.00049  3.23942e-03
 67  0.00132  3.08630e-03 | 68  0.00241  3.12378e-03 | 69  0.00375  4.16702e-03
 70  0.00530  4.39901e-03 | 71  0.00705  3.87320e-03 | 72  0.00897  5.21820e-03
 73  0.01100  5.82161e-03 | 74  0.01306  5.37371e-03 | 75  0.01497  6.40560e-03
 76  0.01645  6.62043e-03 | 77  0.01726  6.35411e-03 | 78  0.01730  7.16162e-03
 79  0.01663  7.55734e-03 | 80  0.01537  7.24238e-03 | 81  0.01367  7.74032e-03
 82  0.01162  7.64456e-03 | 83  0.00930  7.31890e-03 | 84  0.00672  7.63484e-03
 85  0.00391  6.55806e-03 | 86  0.00102  6.76358e-03 | 87 -0.00165  7.11935e-03
 88 -0.00373  5.82302e-03 | 89 -0.00489  6.21442e-03 | 90 -0.00512  4.63213e-03
 91 -0.00472  4.06229e-03 | 92 -0.00419  3.61011e-03 | 93 -0.00383  2.88631e-03
 94 -0.00336  2.04168e-03 | 95 -0.00259  5.35560e-04 | 96 -0.00223 -5.86469e-04
 97 -0.00125 -2.73463e-03 | 98  0.00088 -3.05116e-03 | 99  0.00442 -5.40478e-03
100  0.00420 -6.48016e-03 |101  0.00156 -7.93260e-03 |102 -0.00326 -1.04075e-02
103 -0.01411 -1.04883e-02 |104 -0.01720 -1.03685e-02 |105 -0.00721 -1.24410e-02
106 -0.01451 -9.95140e-03 |107 -0.03459 -8.58472e-03 |108 -0.02173 -8.97705e-03
109  0.02697 -1.02892e-02 |110 -0.00421 -6.09995e-03 |111 -0.04126 -2.70334e-03
112 -0.02846 -3.90487e-03 |113 -0.01159 -3.81555e-03 |114  0.00787 -3.93088e-03
115 -0.01173 -3.07714e-03 |116 -0.06945 -1.90576e-03 |117 -0.08224 -7.22809e-04
118 -0.07467 -4.33693e-04 |119 -0.03859  3.90549e-04 |120  0.09820  3.43797e-03
121  0.05449  3.65261e-03 |122  0.03907  3.83371e-03 |123 -0.01454  1.51486e-03
124 -0.05535  9.54340e-04 |125 -0.00067  2.03187e-03 |126  0.01186  2.40024e-03
127 -0.03782  6.34909e-04 |128  0.00463  1.35173e-03 |129  0.04910  5.72235e-04
130 -0.01358  5.54408e-04 |131  0.06406 -1.58832e-03 |132 -0.00441 -8.57218e-04
133  0.11959 -3.40827e-04 |134 -0.00481 -1.11624e-04 |135 -0.05068 -7.48792e-04
136 -0.06351  1.11008e-04 |137 -0.02971 -2.52328e-04 |138  0.08812 -5.25581e-04
139  0.02386 -5.43615e-04 |140  0.01499  4.69608e-04 |141 -0.03495 -2.08491e-04
142 -0.01567  3.28591e-04 |143 -0.00374  3.11740e-05 |144 -0.00043  3.69836e-04
145  0.44828  3.64510e-03 |146  0.34411 -6.00032e-04 |147 -0.18565  1.37508e-01
148 -0.04287  1.93613e-04 |149  0.03627  9.90120e-03 |150 -0.48441  5.81910e-05
151 -0.15946  1.62241e-04 |152 -0.00204 -1.17484e-05 |153 -0.07938  3.46797e-05
154 -0.34165  2.81970e-05 |155  0.21925 -1.24402e-03 |156 -0.05245  1.62077e-04
157  0.17244 -7.19198e-04 |158 -0.05631  1.07480e-04 |159 -0.16503 -6.51650e-05
160 -0.47075  7.91047e-05 |161 -0.38260 -3.64146e-03 |162  0.02581  3.46200e-05
163  0.15182  8.40035e-02 |164 -0.62961  6.20229e-05 |165 -0.33080  5.93383e-04
166  0.24600 -3.07489e-04 |167  0.05031  1.01240e-03 |168 -0.18125  7.43977e-03
169  0.18263 -6.48387e-04 |170  0.31004  3.42719e-03 |171  0.07951  4.98229e-03
172 -0.54676  2.69403e-05 |173 -0.35683 -3.43221e-04 |174  0.24302 -8.29419e-04
175  0.06671 -1.70868e-03 |176 -0.10730  2.56438e-03 |177  0.05115  8.26685e-02
178  0.27852  5.64336e-03 |179 -0.09305 -4.39593e-04 |180 -0.14500 -7.28192e-04
181 -0.26501 -6.78694e-04 |182 -0.17912  2.89932e-04 |183 -0.24633 -1.96278e-02
184 -0.38972  4.86387e-05 |185 -1.33601 -3.96385e-03 |186  0.06477 -4.46578e-04
187  0.07572  2.14680e-02 |188 -0.57772 -1.97684e-04 |189  0.62845 -3.32625e-02
190  0.12036 -1.96091e-02 |191  0.01622  7.55485e-03 |192 -0.07811  5.46035e-04
193  0.09188  9.22618e-06 |194 -0.16597 -7.91745e-04 |195  0.13481 -2.14534e-05
196 -0.53622  7.51326e-05 |197 -0.55875  4.99874e-04 |198  0.17006 -6.29160e-04
199  0.09173 -9.37791e-04 |200 -0.25141 -2.55101e-03 |
200 variables; iteration 880; function evaluation 1058; phase 4
Function value 6.8799209e+03; maximum gradient component mag -3.2656e-01
Var    Value     Gradient |Var    Value     Gradient |Var    Value     Gradient
  1 -0.41625 -1.51234e-02 |  2  0.34560 -1.08343e-03 |  3 -0.19752  9.87991e-02
  4  0.08232  5.90298e-03 |  5 -0.60546  1.30741e-03 |  6 -0.64958  1.32714e-01
  7  0.35832 -1.74643e-03 |  8 -0.22208  8.93366e-02 |  9  0.09354  1.55328e-03
 10 -0.52475  1.46732e-03 | 11 -0.65999  1.28266e-01 | 12 -0.19484  7.80109e-02
 13 -0.00088  1.53724e-04 | 14 -0.00088  1.60949e-04 | 15 -0.00087  1.71074e-04
 16 -0.00086  3.20837e-05 | 17 -0.00084  6.78949e-05 | 18 -0.00081 -6.04688e-05
 19 -0.00078 -1.18656e-04 | 20 -0.00074 -1.44322e-04 | 21 -0.00069 -8.45140e-05
 22 -0.00063  7.25324e-05 | 23 -0.00056  7.46768e-05 | 24 -0.00048  2.55149e-04
 25 -0.00038  1.71584e-04 | 26 -0.00028  2.04396e-04 | 27 -0.00016  2.62607e-04
 28 -0.00002  2.78278e-04 | 29  0.00012  1.97652e-04 | 30  0.00028 -7.32737e-05
 31  0.00045 -6.17552e-05 | 32  0.00064 -2.88591e-05 | 33  0.00083  7.36358e-05
 34  0.00104  2.01670e-04 | 35  0.00126  3.95279e-05 | 36  0.00149 -2.87884e-05
 37  0.00173  4.97609e-05 | 38  0.00198  2.86010e-05 | 39  0.00224  3.06739e-05
 40  0.00250  2.48728e-04 | 41  0.00277 -2.34240e-04 | 42  0.00303 -9.55372e-05
 43  0.00330 -3.89971e-05 | 44  0.00354  1.48180e-04 | 45  0.00377  2.36089e-04
 46  0.00397  4.17742e-04 | 47  0.00412  3.31676e-05 | 48  0.00422  1.57043e-04
 49  0.00426  1.96414e-04 | 50  0.00422 -2.23406e-04 | 51  0.00410 -3.92027e-05
 52  0.00389 -8.99615e-06 | 53  0.00359  1.51671e-05 | 54  0.00321  1.26232e-04
 55  0.00276  1.58379e-04 | 56  0.00225 -1.59607e-04 | 57  0.00171 -9.19754e-05
 58  0.00116 -1.25416e-04 | 59  0.00064 -4.80256e-05 | 60  0.00018 -5.97801e-05
 61 -0.00019  1.27274e-04 | 62 -0.00043 -1.95785e-04 | 63 -0.00052  2.39663e-04
 64 -0.00041 -2.51069e-04 | 65 -0.00008 -2.86718e-04 | 66  0.00049 -3.31327e-04
 67  0.00132 -7.15326e-04 | 68  0.00241 -3.33615e-04 | 69  0.00375 -2.43642e-04
 70  0.00530 -4.91239e-04 | 71  0.00706 -5.50403e-04 | 72  0.00897 -5.00124e-04
 73  0.01100 -3.93680e-04 | 74  0.01306 -8.62017e-04 | 75  0.01497 -8.38484e-04
 76  0.01645 -8.31592e-04 | 77  0.01726 -8.98829e-04 | 78  0.01730 -1.08600e-03
 79  0.01663 -9.46172e-04 | 80  0.01537 -9.10701e-04 | 81  0.01367 -1.00685e-03
 82  0.01162 -1.02311e-03 | 83  0.00930 -7.32437e-04 | 84  0.00672 -7.56724e-04
 85  0.00391 -7.26037e-04 | 86  0.00102 -4.17379e-04 | 87 -0.00165 -2.07739e-04
 88 -0.00373  3.66448e-05 | 89 -0.00489  7.77133e-04 | 90 -0.00512  3.38930e-04
 91 -0.00472  1.04341e-03 | 92 -0.00419  1.50623e-03 | 93 -0.00383  2.03259e-03
 94 -0.00336  2.43330e-03 | 95 -0.00259  3.13125e-03 | 96 -0.00222  3.52571e-03
 97 -0.00125  3.77197e-03 | 98  0.00088  4.52917e-03 | 99  0.00442  5.06014e-03
100  0.00420  6.08708e-03 |101  0.00156  6.27858e-03 |102 -0.00326  5.92686e-03
103 -0.01411  5.84158e-03 |104 -0.01720  6.04409e-03 |105 -0.00721  6.93461e-03
106 -0.01451  7.20001e-03 |107 -0.03459  5.98285e-03 |108 -0.02173  6.19660e-03
109  0.02697  8.84909e-03 |110 -0.00421  6.99245e-03 |111 -0.04126  5.44130e-03
112 -0.02846  5.25749e-03 |113 -0.01159  6.12756e-03 |114  0.00787  6.40261e-03
115 -0.01174  4.73517e-03 |116 -0.06945  2.00774e-03 |117 -0.08225  7.19728e-04
118 -0.07467 -4.45559e-04 |119 -0.03859 -1.94164e-03 |120  0.09820 -1.11316e-02
121  0.05449 -1.07453e-02 |122  0.03907 -1.06563e-02 |123 -0.01454 -6.60940e-03
124 -0.05535 -4.43575e-03 |125 -0.00067 -4.60194e-03 |126  0.01185 -3.14078e-03
127 -0.03782 -1.40757e-03 |128  0.00463 -4.70591e-04 |129  0.04910 -4.33099e-04
130 -0.01358  6.65894e-05 |131  0.06406  3.17135e-04 |132 -0.00441  2.10783e-04
133  0.11959  1.03487e-03 |134 -0.00480  5.19272e-04 |135 -0.05068 -6.64841e-05
136 -0.06351 -7.05472e-05 |137 -0.02971 -1.28138e-04 |138  0.08812  2.80568e-04
139  0.02386 -1.44650e-04 |140  0.01499  3.70263e-05 |141 -0.03495 -2.25016e-05
142 -0.01567  3.71701e-05 |143 -0.00374  3.37418e-05 |144 -0.00043 -1.05197e-04
145  0.44828 -1.03706e-03 |146  0.34411 -1.70569e-04 |147 -0.18658  1.25313e-01
148 -0.04206  7.56348e-04 |149  0.03659 -5.87490e-03 |150 -0.48538 -6.39530e-06
151 -0.15823  2.89162e-04 |152  0.00130  3.75770e-07 |153 -0.08199  3.28092e-05
154 -0.34255  2.13954e-05 |155  0.22036  9.60575e-06 |156 -0.05162 -5.29676e-05
157  0.17252  2.38788e-05 |158 -0.05722  1.20448e-05 |159 -0.16475  3.14898e-05
160 -0.47168  1.93992e-05 |161 -0.37953  7.93913e-03 |162  0.01323 -1.05961e-05
163  0.15182  5.62734e-02 |164 -0.63044 -3.30988e-05 |165 -0.33080  2.28178e-04
166  0.24600 -6.69812e-04 |167  0.05031 -6.25628e-04 |168 -0.18125 -3.04296e-03
169  0.18262  5.84150e-04 |170  0.31004 -3.58976e-04 |171  0.07951 -2.08168e-03
172 -0.54718 -9.31455e-06 |173 -0.35682 -2.54730e-05 |174  0.24302  5.24560e-04
175  0.06671 -2.57620e-05 |176 -0.10730 -6.00887e-03 |177  0.05122  1.11762e-01
178  0.27473  2.75620e-03 |179 -0.12853 -6.47051e-04 |180 -0.08695 -4.31774e-04
181 -0.26358 -1.54366e-04 |182 -0.17066 -2.33245e-04 |183 -0.24636  1.57662e-02
184 -0.38960  7.97192e-05 |185 -1.33607  4.16547e-03 |186  0.06495  2.49425e-04
187  0.07571 -2.08215e-02 |188 -0.57876 -3.01417e-04 |189  0.62655 -3.26555e-01
190  0.12309 -8.75600e-03 |191  0.00608  5.85449e-02 |192 -0.06433  3.90860e-04
193  0.09119 -2.75491e-06 |194 -0.24787 -1.28899e-03 |195  0.13596 -1.93616e-05
196 -0.53676  3.75459e-05 |197 -0.55876 -4.38990e-05 |198  0.17005 -2.17792e-04
199  0.09173 -1.45445e-03 |200 -0.25141 -4.18884e-04 |
200 variables; iteration 900; function evaluation 1081; phase 4
Function value 6.8799205e+03; maximum gradient component mag 1.3084e-01
Var    Value     Gradient |Var    Value     Gradient |Var    Value     Gradient
  1 -0.41627  3.41602e-02 |  2  0.34561  5.90261e-03 |  3 -0.19749  8.14148e-02
  4  0.08228  2.30467e-02 |  5 -0.60546  5.56429e-03 |  6 -0.64957  4.58571e-02
  7  0.35832  1.02334e-02 |  8 -0.22206  9.03887e-02 |  9  0.09351  2.48705e-02
 10 -0.52475  4.59722e-03 | 11 -0.65998  4.11949e-02 | 12 -0.19484  2.46089e-02
 13 -0.00088 -5.99018e-04 | 14 -0.00088 -9.22651e-04 | 15 -0.00087 -5.83101e-04
 16 -0.00086 -7.19750e-04 | 17 -0.00084 -6.38483e-04 | 18 -0.00081 -7.32922e-04
 19 -0.00078 -1.95535e-04 | 20 -0.00074 -8.54105e-04 | 21 -0.00069 -4.11753e-04
 22 -0.00063 -4.05503e-04 | 23 -0.00056 -6.21730e-04 | 24 -0.00047 -1.54202e-04
 25 -0.00038  4.81409e-04 | 26 -0.00027  2.61319e-04 | 27 -0.00015  9.13132e-04
 28 -0.00002 -3.33179e-04 | 29  0.00012 -5.04931e-04 | 30  0.00028 -6.59070e-04
 31  0.00045 -8.07203e-04 | 32  0.00064 -1.01615e-03 | 33  0.00083 -1.34796e-03
 34  0.00104 -1.18473e-03 | 35  0.00126 -1.27112e-03 | 36  0.00149 -8.48059e-04
 37  0.00174 -8.68506e-04 | 38  0.00199 -4.85025e-04 | 39  0.00225 -6.16642e-05
 40  0.00250 -9.85205e-04 | 41  0.00277 -1.10970e-03 | 42  0.00304 -1.49159e-03
 43  0.00330 -7.89132e-04 | 44  0.00355 -7.77501e-04 | 45  0.00377 -1.05335e-03
 46  0.00397 -1.44121e-03 | 47  0.00412 -5.77165e-04 | 48  0.00423 -2.40499e-04
 49  0.00426 -1.79391e-03 | 50  0.00422 -2.25994e-03 | 51  0.00410 -2.07303e-03
 52  0.00389 -1.50806e-03 | 53  0.00359 -1.47712e-03 | 54  0.00321 -1.22178e-03
 55  0.00276 -5.75874e-04 | 56  0.00224 -2.54500e-03 | 57  0.00171 -8.90512e-04
 58  0.00117 -1.23544e-03 | 59  0.00065 -1.19899e-03 | 60  0.00019 -1.12049e-03
 61 -0.00018 -1.26458e-03 | 62 -0.00043 -5.94714e-04 | 63 -0.00051 -1.54513e-03
 64 -0.00040 -1.37013e-03 | 65 -0.00008 -2.79578e-03 | 66  0.00050 -2.02408e-03
 67  0.00132 -2.26475e-03 | 68  0.00241 -2.91176e-03 | 69  0.00375 -2.02394e-03
 70  0.00530 -2.57375e-03 | 71  0.00706 -1.75869e-03 | 72  0.00897 -1.67170e-03
 73  0.01100 -1.86632e-03 | 74  0.01306 -2.51151e-03 | 75  0.01497 -1.72547e-03
 76  0.01645 -2.24457e-03 | 77  0.01727 -1.41746e-03 | 78  0.01730 -1.54853e-03
 79  0.01663 -1.51861e-03 | 80  0.01538 -7.07394e-04 | 81  0.01367 -2.44347e-04
 82  0.01163 -3.24534e-04 | 83  0.00930  2.38896e-04 | 84  0.00671 -3.22283e-04
 85  0.00391  5.15322e-04 | 86  0.00102 -3.47959e-04 | 87 -0.00165  2.89300e-03
 88 -0.00373  1.17574e-03 | 89 -0.00489  3.63425e-03 | 90 -0.00512  1.94481e-03
 91 -0.00472  3.50689e-03 | 92 -0.00419  4.21874e-03 | 93 -0.00383  4.62455e-03
 94 -0.00335  5.76250e-03 | 95 -0.00258  6.05083e-03 | 96 -0.00222  6.94029e-03
 97 -0.00125  5.32577e-03 | 98  0.00089  7.31468e-03 | 99  0.00443  8.52230e-03
100  0.00421  8.99443e-03 |101  0.00156  7.81209e-03 |102 -0.00325  6.14200e-03
103 -0.01411  5.64327e-03 |104 -0.01720  4.34101e-03 |105 -0.00721  3.89585e-03
106 -0.01452  1.53430e-03 |107 -0.03459 -4.66584e-04 |108 -0.02174 -4.06491e-03
109  0.02695 -9.12839e-03 |110 -0.00424 -9.94535e-03 |111 -0.04129 -8.04341e-03
112 -0.02849 -1.06864e-02 |113 -0.01162 -1.27439e-02 |114  0.00783 -1.41016e-02
115 -0.01178 -1.16966e-02 |116 -0.06948 -5.38853e-03 |117 -0.08228 -3.30084e-03
118 -0.07469  1.57221e-04 |119 -0.03860  4.03599e-03 |120  0.09822  2.21835e-02
121  0.05454  2.07106e-02 |122  0.03912  1.90420e-02 |123 -0.01451  1.23230e-02
124 -0.05533  7.50033e-03 |125 -0.00067  9.18659e-03 |126  0.01183  8.13865e-03
127 -0.03785  3.73928e-03 |128  0.00462  3.50890e-03 |129  0.04912  1.71637e-03
130 -0.01357  6.42071e-04 |131  0.06407 -1.52001e-03 |132 -0.00440 -1.25479e-04
133  0.11960 -1.52826e-03 |134 -0.00480 -1.68255e-04 |135 -0.05068 -7.35506e-04
136 -0.06351 -8.49339e-04 |137 -0.02971 -8.22071e-04 |138  0.08813 -3.32185e-04
139  0.02386 -4.51739e-04 |140  0.01499 -7.51018e-04 |141 -0.03495  2.98498e-04
142 -0.01567  3.46799e-04 |143 -0.00374  1.60142e-04 |144 -0.00043  1.27610e-04
145  0.44831  4.15461e-03 |146  0.34411  1.06472e-03 |147 -0.19140  1.30839e-01
148 -0.12246 -6.11738e-04 |149  0.03812  1.76177e-02 |150 -0.48670 -2.35634e-05
151 -0.15563  4.98774e-04 |152  0.00290 -3.71892e-06 |153 -0.09053  1.90410e-05
154 -0.34747 -5.36504e-05 |155  0.21958 -8.75606e-04 |156 -0.05177  1.05409e-04
157  0.17239 -1.16304e-04 |158 -0.05814 -1.21249e-05 |159 -0.16467 -1.56402e-05
160 -0.47116  6.13603e-05 |161 -0.37637  1.70314e-02 |162  0.07026  4.38429e-04
163  0.15182  6.47302e-02 |164 -0.62982 -1.78003e-05 |165 -0.33079  3.20348e-04
166  0.24600  6.20348e-04 |167  0.05031  2.58661e-03 |168 -0.18125  1.34694e-02
169  0.18259  2.24498e-03 |170  0.31003 -2.98326e-03 |171  0.07952  5.93241e-03
172 -0.54732 -1.87705e-05 |173 -0.35688  7.55454e-04 |174  0.24300 -1.92398e-03
175  0.06672 -4.05851e-04 |176 -0.10728  9.74731e-03 |177  0.05115  1.04678e-01
178  0.28034  5.69075e-03 |179 -0.30054 -1.60413e-03 |180 -0.17562 -8.89333e-04
181 -0.26499 -5.77178e-04 |182 -0.18684  7.56043e-05 |183 -0.24633  3.27481e-02
184 -0.38946  8.74741e-05 |185 -1.33633 -1.37353e-02 |186  0.06544 -1.13470e-03
187  0.07571  6.11941e-02 |188 -0.57756 -1.72677e-04 |189  0.62355 -1.08542e-01
190  0.12526 -3.33060e-03 |191 -0.01281  1.60711e-02 |192 -0.05350  4.92163e-04
193  0.09090  1.25524e-05 |194 -0.16881 -6.61866e-05 |195  0.13959  3.16406e-05
196 -0.53711  1.53589e-05 |197 -0.55877  2.24005e-04 |198  0.17005 -7.37453e-04
199  0.09173  1.65076e-03 |200 -0.25140  8.48684e-04 |
200 variables; iteration 920; function evaluation 1103; phase 4
Function value 6.8799202e+03; maximum gradient component mag 1.5283e-01
Var    Value     Gradient |Var    Value     Gradient |Var    Value     Gradient
  1 -0.41628  6.58395e-02 |  2  0.34562 -1.33256e-02 |  3 -0.19747 -4.25612e-02
  4  0.08225 -1.78895e-02 |  5 -0.60545  2.18766e-05 |  6 -0.64957  1.79524e-03
  7  0.35833 -9.45636e-03 |  8 -0.22205 -5.11446e-02 |  9  0.09350 -1.30350e-02
 10 -0.52475  1.21049e-03 | 11 -0.65998 -7.23056e-03 | 12 -0.19485 -6.57247e-02
 13 -0.00088 -1.48189e-03 | 14 -0.00088 -1.33717e-03 | 15 -0.00087 -1.44930e-03
 16 -0.00086 -1.16878e-03 | 17 -0.00084 -9.21092e-04 | 18 -0.00081 -5.46475e-04
 19 -0.00078 -5.41206e-04 | 20 -0.00073 -7.96382e-04 | 21 -0.00068 -4.02892e-04
 22 -0.00063 -1.18112e-03 | 23 -0.00055 -5.22407e-04 | 24 -0.00047 -5.36383e-04
 25 -0.00037  5.59510e-04 | 26 -0.00026  9.03667e-04 | 27 -0.00015  1.29513e-04
 28 -0.00002 -1.92072e-04 | 29  0.00013 -7.61611e-04 | 30  0.00028 -9.30092e-04
 31  0.00046 -9.82922e-04 | 32  0.00064 -1.34620e-03 | 33  0.00084 -1.25614e-03
 34  0.00104 -2.22395e-03 | 35  0.00127 -1.81363e-03 | 36  0.00150 -1.40953e-03
 37  0.00174 -1.95126e-03 | 38  0.00199 -1.11945e-03 | 39  0.00225 -4.56683e-04
 40  0.00251 -2.23059e-03 | 41  0.00277 -1.89961e-03 | 42  0.00304 -2.54996e-03
 43  0.00330 -1.65318e-03 | 44  0.00355 -1.86161e-03 | 45  0.00377 -2.31714e-03
 46  0.00397 -3.03671e-03 | 47  0.00413 -1.05873e-03 | 48  0.00423 -1.16000e-03
 49  0.00426 -3.05639e-03 | 50  0.00422 -3.71210e-03 | 51  0.00410 -3.96114e-03
 52  0.00389 -2.63222e-03 | 53  0.00359 -2.57543e-03 | 54  0.00321 -2.22844e-03
 55  0.00276 -1.56105e-03 | 56  0.00224 -4.16141e-03 | 57  0.00172 -1.22954e-03
 58  0.00117 -1.16227e-03 | 59  0.00065 -2.40470e-03 | 60  0.00019 -2.20311e-03
 61 -0.00018 -1.98327e-03 | 62 -0.00042 -9.39535e-04 | 63 -0.00052 -3.18592e-03
 64 -0.00040 -2.25898e-03 | 65 -0.00008 -4.65877e-03 | 66  0.00049 -3.48985e-03
 67  0.00132 -3.55796e-03 | 68  0.00240 -4.64112e-03 | 69  0.00374 -3.13040e-03
 70  0.00530 -3.54831e-03 | 71  0.00706 -2.94867e-03 | 72  0.00897 -2.23392e-03
 73  0.01100 -2.78614e-03 | 74  0.01305 -3.45510e-03 | 75  0.01496 -2.30974e-03
 76  0.01645 -2.45930e-03 | 77  0.01725 -2.46686e-03 | 78  0.01729 -1.98258e-03
 79  0.01661 -1.86682e-03 | 80  0.01536 -1.53313e-03 | 81  0.01366 -6.82370e-04
 82  0.01161 -5.94245e-04 | 83  0.00928 -3.26542e-04 | 84  0.00669 -4.23721e-04
 85  0.00389  2.23995e-04 | 86  0.00100 -7.42273e-04 | 87 -0.00166  3.72576e-03
 88 -0.00375  1.62531e-03 | 89 -0.00490  5.13673e-03 | 90 -0.00514  2.12055e-03
 91 -0.00473  3.75978e-03 | 92 -0.00419  5.07659e-03 | 93 -0.00383  5.60938e-03
 94 -0.00335  7.00811e-03 | 95 -0.00258  6.63813e-03 | 96 -0.00221  7.80724e-03
 97 -0.00124  5.83550e-03 | 98  0.00091  9.44520e-03 | 99  0.00445  1.03353e-02
100  0.00423  1.14870e-02 |101  0.00159  1.06528e-02 |102 -0.00323  8.64152e-03
103 -0.01408  9.13843e-03 |104 -0.01718  7.99236e-03 |105 -0.00720  7.69291e-03
106 -0.01451  5.67455e-03 |107 -0.03459  3.69038e-03 |108 -0.02174  1.41757e-03
109  0.02694  2.71680e-04 |110 -0.00425 -1.78373e-03 |111 -0.04130 -1.27606e-03
112 -0.02851 -3.83518e-03 |113 -0.01164 -5.08281e-03 |114  0.00780 -5.25701e-03
115 -0.01180 -4.98215e-03 |116 -0.06950 -2.45936e-03 |117 -0.08230 -1.00106e-03
118 -0.07471 -2.18590e-04 |119 -0.03861 -4.44775e-04 |120  0.09822  4.13476e-04
121  0.05455  1.70465e-03 |122  0.03913  2.12168e-03 |123 -0.01450  7.84705e-04
124 -0.05532 -1.10906e-04 |125 -0.00066 -9.55997e-04 |126  0.01184 -1.96905e-03
127 -0.03784 -1.99021e-03 |128  0.00463 -1.12424e-03 |129  0.04913 -5.84222e-04
130 -0.01357  1.26136e-04 |131  0.06408 -1.32929e-03 |132 -0.00440 -1.79483e-05
133  0.11960 -7.35640e-04 |134 -0.00480 -1.40400e-04 |135 -0.05068 -5.03914e-04
136 -0.06351 -2.62175e-05 |137 -0.02970 -2.19131e-04 |138  0.08814 -4.98059e-04
139  0.02386 -3.61983e-04 |140  0.01500  9.24170e-05 |141 -0.03495 -1.10179e-04
142 -0.01567  5.70306e-04 |143 -0.00374  6.55269e-04 |144 -0.00042  8.28480e-04
145  0.44832  6.25434e-03 |146  0.34409  2.51063e-03 |147 -0.19487  9.80623e-02
148 -0.12138 -8.70594e-05 |149  0.03925  1.04385e-03 |150 -0.48735 -3.59147e-05
151 -0.16067 -7.10942e-05 |152  0.00008  4.06685e-07 |153 -0.07735  1.60437e-05
154 -0.34280 -4.71881e-05 |155  0.21981 -1.37068e-03 |156 -0.04891  2.33646e-04
157  0.17249  1.44057e-04 |158 -0.05803 -3.26783e-05 |159 -0.16482  1.24268e-05
160 -0.47200  5.35297e-06 |161 -0.38018 -3.67634e-04 |162 -0.00074 -6.12987e-06
163  0.15182 -4.37672e-02 |164 -0.63010 -1.03554e-04 |165 -0.33079  4.36779e-04
166  0.24600  3.64855e-04 |167  0.05031  1.64329e-03 |168 -0.18126  1.77775e-02
169  0.18257  2.80620e-03 |170  0.31003 -2.85738e-03 |171  0.07952  9.12739e-03
172 -0.54724 -1.02014e-05 |173 -0.35691  4.40477e-04 |174  0.24300 -2.53531e-03
175  0.06673 -3.52262e-03 |176 -0.10728  1.06232e-02 |177  0.05057  8.05181e-02
178  0.27134  2.16956e-03 |179 -0.46079 -2.77662e-03 |180 -0.08182 -4.05834e-04
181 -0.25561 -7.24716e-05 |182 -0.15955  6.45595e-05 |183 -0.24623  4.87348e-02
184 -0.38983  6.75208e-05 |185 -1.33625  2.64487e-04 |186  0.06519 -2.07086e-04
187  0.07575  1.15076e-03 |188 -0.57739 -1.87352e-04 |189  0.62206  1.52831e-01
190  0.12626 -1.74327e-03 |191 -0.02401 -1.88243e-02 |192 -0.05158  1.89883e-04
193  0.09052 -2.14251e-06 |194 -0.17363 -3.90623e-04 |195  0.13994  1.92547e-05
196 -0.53755 -1.28801e-05 |197 -0.55878  9.02219e-04 |198  0.17005 -1.17856e-04
199  0.09174  9.32585e-03 |200 -0.25140  1.19676e-03 |
200 variables; iteration 940; function evaluation 1125; phase 4
Function value 6.8799201e+03; maximum gradient component mag 6.4138e-01
Var    Value     Gradient |Var    Value     Gradient |Var    Value     Gradient
  1 -0.41628  1.31225e-01 |  2  0.34562 -3.17065e-02 |  3 -0.19746 -1.63581e-01
  4  0.08223 -5.45099e-02 |  5 -0.60546 -4.77889e-03 |  6 -0.64956 -5.66589e-02
  7  0.35833 -2.44594e-02 |  8 -0.22204 -2.44294e-01 |  9  0.09348 -5.51721e-02
 10 -0.52476 -1.50892e-03 | 11 -0.65998 -6.65832e-02 | 12 -0.19484 -1.76657e-01
 13 -0.00089 -4.48828e-03 | 14 -0.00088 -2.24336e-03 | 15 -0.00088 -4.24746e-03
 16 -0.00086 -3.82375e-03 | 17 -0.00084 -1.97934e-03 | 18 -0.00081 -1.57938e-03
 19 -0.00078 -1.63077e-03 | 20 -0.00074 -2.26618e-03 | 21 -0.00068  7.22156e-04
 22 -0.00062 -1.46801e-03 | 23 -0.00054  1.16118e-03 | 24 -0.00046  1.50765e-03
 25 -0.00035  5.50189e-03 | 26 -0.00023  7.97962e-03 | 27 -0.00012  4.99610e-03
 28  0.00001  4.46686e-03 | 29  0.00014  9.91582e-04 | 30  0.00029 -1.35242e-03
 31  0.00046 -1.52200e-03 | 32  0.00064 -2.70995e-03 | 33  0.00084 -1.82164e-03
 34  0.00103 -5.76112e-03 | 35  0.00126 -4.39282e-03 | 36  0.00149 -4.04608e-03
 37  0.00173 -4.83412e-03 | 38  0.00199 -1.58043e-03 | 39  0.00227  2.76524e-03
 40  0.00250 -4.16227e-03 | 41  0.00277 -4.97801e-03 | 42  0.00302 -9.47752e-03
 43  0.00330 -2.89029e-03 | 44  0.00355 -2.24558e-03 | 45  0.00377 -4.30441e-03
 46  0.00396 -5.83534e-03 | 47  0.00415  1.38192e-03 | 48  0.00424  8.66640e-05
 49  0.00425 -6.14983e-03 | 50  0.00419 -1.32561e-02 | 51  0.00407 -1.22983e-02
 52  0.00389 -5.23622e-03 | 53  0.00359 -4.61932e-03 | 54  0.00322 -3.18146e-03
 55  0.00278 -3.76907e-04 | 56  0.00222 -1.18138e-02 | 57  0.00174  2.57065e-03
 58  0.00120  3.18996e-03 | 59  0.00065 -2.63561e-03 | 60  0.00020 -1.24690e-03
 61 -0.00016  1.99138e-03 | 62 -0.00040  3.21634e-03 | 63 -0.00051 -2.88810e-03
 64 -0.00040 -3.30864e-03 | 65 -0.00011 -1.24089e-02 | 66  0.00048 -7.75614e-03
 67  0.00130 -9.42281e-03 | 68  0.00238 -1.21620e-02 | 69  0.00374 -4.68564e-03
 70  0.00529 -7.25578e-03 | 71  0.00707 -1.98320e-03 | 72  0.00899 -2.13011e-04
 73  0.01101 -1.96647e-03 | 74  0.01305 -5.28110e-03 | 75  0.01497 -1.73251e-03
 76  0.01645 -1.87686e-03 | 77  0.01725 -2.71340e-03 | 78  0.01730 -9.09818e-04
 79  0.01662  8.34039e-05 | 80  0.01536 -3.78550e-04 | 81  0.01366  1.25073e-03
 82  0.01161  1.21690e-03 | 83  0.00928  1.05016e-03 | 84  0.00669 -4.15460e-04
 85  0.00389  1.32576e-03 | 86  0.00096 -7.74274e-03 | 87 -0.00164  1.21303e-02
 88 -0.00375  3.96359e-03 | 89 -0.00486  1.88059e-02 | 90 -0.00517 -3.31750e-03
 91 -0.00474  3.91961e-03 | 92 -0.00419  7.78940e-03 | 93 -0.00383  9.96546e-03
 94 -0.00334  1.46161e-02 | 95 -0.00258  9.58941e-03 | 96 -0.00220  1.35607e-02
 97 -0.00128 -1.19099e-03 | 98  0.00091  1.39589e-02 | 99  0.00445  1.46895e-02
100  0.00426  2.03316e-02 |101  0.00159  1.39808e-02 |102 -0.00325  5.04528e-03
103 -0.01408  1.17828e-02 |104 -0.01718  8.97964e-03 |105 -0.00719  8.94879e-03
106 -0.01451  4.35350e-03 |107 -0.03458  4.30396e-03 |108 -0.02175 -1.29647e-03
109  0.02694  6.89710e-04 |110 -0.00426 -1.84488e-03 |111 -0.04129  2.63582e-03
112 -0.02851 -3.58136e-03 |113 -0.01165 -4.75237e-03 |114  0.00780 -1.84981e-03
115 -0.01181 -3.96770e-03 |116 -0.06951 -2.37576e-03 |117 -0.08229  2.13744e-03
118 -0.07471  2.74477e-03 |119 -0.03861 -9.16433e-04 |120  0.09821 -9.63288e-03
121  0.05455 -7.18623e-03 |122  0.03914 -4.78519e-03 |123 -0.01450 -8.39807e-03
124 -0.05532 -6.48528e-03 |125 -0.00066 -8.58538e-03 |126  0.01184 -1.01216e-02
127 -0.03785 -6.12685e-03 |128  0.00463 -1.06581e-03 |129  0.04913  2.27933e-03
130 -0.01357  1.55409e-03 |131  0.06407 -4.80901e-03 |132 -0.00440  4.49189e-04
133  0.11960 -1.89827e-03 |134 -0.00480 -7.02266e-06 |135 -0.05068 -1.41131e-03
136 -0.06350  9.28138e-04 |137 -0.02970 -1.29396e-04 |138  0.08813 -1.09100e-03
139  0.02386 -6.85594e-04 |140  0.01500  1.51166e-03 |141 -0.03495 -7.50049e-04
142 -0.01566  3.51860e-03 |143 -0.00372  4.93589e-03 |144 -0.00041  4.88934e-03
145  0.44832  1.28662e-02 |146  0.34408  1.31620e-02 |147 -0.19511  8.86933e-02
148 -0.12159  1.63991e-04 |149  0.03932 -5.40928e-03 |150 -0.48839 -1.12636e-04
151 -0.15273  3.15188e-03 |152  0.00308 -1.42874e-04 |153 -0.08813  4.90648e-04
154 -0.34936  4.11155e-05 |155  0.22021 -6.16377e-04 |156 -0.04933  8.82286e-05
157  0.17221 -1.96144e-04 |158 -0.05859  7.22381e-06 |159 -0.16391  4.69674e-05
160 -0.47369 -1.13528e-04 |161 -0.41203 -4.50975e-03 |162 -0.04526  1.60282e-04
163  0.15182 -3.31469e-01 |164 -0.63143 -3.13969e-04 |165 -0.33078 -9.43211e-04
166  0.24600  3.04363e-03 |167  0.05031 -3.37895e-03 |168 -0.18126  2.29082e-02
169  0.18257  3.64375e-03 |170  0.31003 -3.01359e-03 |171  0.07952  1.19170e-02
172 -0.54829 -9.71843e-05 |173 -0.35690 -6.61594e-04 |174  0.24300 -3.19586e-03
175  0.06673 -9.98110e-03 |176 -0.10728  3.37821e-03 |177  0.05052  7.82309e-02
178  0.27191  1.04323e-03 |179 -0.37193 -2.07736e-03 |180 -0.06646 -3.17841e-04
181 -0.25623 -3.20260e-04 |182 -0.16546 -4.76051e-04 |183 -0.24622  7.13133e-02
184 -0.38974  7.82748e-05 |185 -1.33620  7.63496e-03 |186  0.06470 -4.64834e-04
187  0.07574 -4.30713e-02 |188 -0.57457  4.61520e-05 |189  0.62151  6.41376e-01
190  0.12739 -4.99045e-05 |191 -0.02858 -7.63287e-02 |192 -0.04699  1.89767e-04
193  0.08726 -3.05994e-06 |194 -0.17562 -1.86914e-04 |195  0.14564  1.03539e-04
196 -0.53747 -6.37482e-06 |197 -0.55880  4.14480e-03 |198  0.17004 -4.20177e-04
199  0.09175  5.19229e-02 |200 -0.25142  7.69871e-03 |
200 variables; iteration 960; function evaluation 1146; phase 4
Function value 6.8799196e+03; maximum gradient component mag -1.6654e+00
Var    Value     Gradient |Var    Value     Gradient |Var    Value     Gradient
  1 -0.41631 -3.09254e-01 |  2  0.34562  3.52011e-02 |  3 -0.19747  2.90323e-01
  4  0.08225  5.31002e-02 |  5 -0.60545  1.31185e-03 |  6 -0.64957  1.85884e-01
  7  0.35833  3.00888e-02 |  8 -0.22205  3.55720e-01 |  9  0.09350  4.23857e-02
 10 -0.52475  1.81593e-03 | 11 -0.65998  3.10871e-01 | 12 -0.19486  5.73171e-01
 13 -0.00088  2.66092e-03 | 14 -0.00087  2.41961e-03 | 15 -0.00087  2.66670e-03
 16 -0.00085  3.48035e-03 | 17 -0.00083  3.20554e-03 | 18 -0.00080  3.33514e-03
 19 -0.00077  3.42136e-03 | 20 -0.00073  2.99022e-03 | 21 -0.00068  2.77691e-03
 22 -0.00062  3.01240e-03 | 23 -0.00055  3.13333e-03 | 24 -0.00047  3.68770e-03
 25 -0.00037  3.88558e-03 | 26 -0.00027  3.23127e-03 | 27 -0.00015  4.09030e-03
 28 -0.00002  3.55926e-03 | 29  0.00013  4.45463e-03 | 30  0.00029  4.56103e-03
 31  0.00046  3.99115e-03 | 32  0.00064  4.37889e-03 | 33  0.00084  4.84753e-03
 34  0.00105  5.14604e-03 | 35  0.00127  5.06057e-03 | 36  0.00150  5.49466e-03
 37  0.00174  5.53418e-03 | 38  0.00199  5.85951e-03 | 39  0.00225  5.46464e-03
 40  0.00252  6.29233e-03 | 41  0.00278  6.48204e-03 | 42  0.00305  7.43425e-03
 43  0.00330  6.45478e-03 | 44  0.00355  7.05373e-03 | 45  0.00378  7.65303e-03
 46  0.00398  7.62179e-03 | 47  0.00413  7.85684e-03 | 48  0.00423  8.26013e-03
 49  0.00427  8.43228e-03 | 50  0.00423  9.21713e-03 | 51  0.00411  9.22909e-03
 52  0.00390  9.31195e-03 | 53  0.00360  9.45577e-03 | 54  0.00322  1.01581e-02
 55  0.00276  1.07556e-02 | 56  0.00225  1.00965e-02 | 57  0.00171  1.04097e-02
 58  0.00116  1.05350e-02 | 59  0.00065  1.12232e-02 | 60  0.00018  1.07728e-02
 61 -0.00019  1.14369e-02 | 62 -0.00043  1.22421e-02 | 63 -0.00052  1.26676e-02
 64 -0.00041  1.36992e-02 | 65 -0.00008  1.35497e-02 | 66  0.00049  1.39434e-02
 67  0.00132  1.41589e-02 | 68  0.00240  1.48462e-02 | 69  0.00373  1.51268e-02
 70  0.00529  1.54689e-02 | 71  0.00704  1.61561e-02 | 72  0.00895  1.67264e-02
 73  0.01098  1.69871e-02 | 74  0.01303  1.73874e-02 | 75  0.01493  1.79713e-02
 76  0.01641  1.80299e-02 | 77  0.01722  1.84223e-02 | 78  0.01725  1.79839e-02
 79  0.01657  1.72734e-02 | 80  0.01532  1.71535e-02 | 81  0.01361  1.62868e-02
 82  0.01156  1.50874e-02 | 83  0.00924  1.38243e-02 | 84  0.00665  1.20294e-02
 85  0.00385  1.10235e-02 | 86  0.00096  9.65555e-03 | 87 -0.00171  7.25258e-03
 88 -0.00378  5.50239e-03 | 89 -0.00495  3.53564e-03 | 90 -0.00516  1.93733e-03
 91 -0.00475  3.39293e-06 | 92 -0.00421 -2.33501e-03 | 93 -0.00384 -4.76413e-03
 94 -0.00336 -7.84026e-03 | 95 -0.00257 -1.00539e-02 | 96 -0.00220 -1.40095e-02
 97 -0.00120 -1.68215e-02 | 98  0.00094 -2.16947e-02 | 99  0.00449 -2.57036e-02
100  0.00428 -2.97095e-02 |101  0.00164 -3.13904e-02 |102 -0.00318 -3.21571e-02
103 -0.01404 -3.10648e-02 |104 -0.01714 -3.06250e-02 |105 -0.00716 -3.12249e-02
106 -0.01448 -2.69939e-02 |107 -0.03457 -1.98179e-02 |108 -0.02172 -1.78328e-02
109  0.02695 -1.95299e-02 |110 -0.00425 -9.62968e-03 |111 -0.04130 -3.03713e-03
112 -0.02851 -8.45716e-04 |113 -0.01165  2.13048e-03 |114  0.00779  4.86488e-03
115 -0.01181  5.61126e-03 |116 -0.06951  4.79375e-03 |117 -0.08230  4.69735e-03
118 -0.07471  5.70630e-03 |119 -0.03861  6.61230e-03 |120  0.09823  1.93210e-02
121  0.05456  1.37816e-02 |122  0.03914  1.06551e-02 |123 -0.01449  6.28645e-03
124 -0.05532  2.47724e-03 |125 -0.00066  1.27735e-03 |126  0.01183 -7.96739e-04
127 -0.03785 -2.13720e-03 |128  0.00462 -2.18422e-03 |129  0.04913 -1.37298e-03
130 -0.01357 -1.97862e-04 |131  0.06408  2.98327e-04 |132 -0.00440  5.88120e-04
133  0.11960  8.15482e-04 |134 -0.00480  2.98536e-04 |135 -0.05068 -4.96029e-04
136 -0.06351 -4.45939e-04 |137 -0.02970 -2.17719e-04 |138  0.08814  8.12947e-05
139  0.02386 -8.60192e-06 |140  0.01500 -9.69778e-05 |141 -0.03495  3.04373e-04
142 -0.01567 -1.59238e-05 |143 -0.00374 -1.91295e-04 |144 -0.00043 -9.53781e-04
145  0.44833 -2.25093e-03 |146  0.34406 -3.10290e-03 |147 -0.19551  9.18672e-02
148 -0.12822  1.79750e-05 |149  0.03944  1.52190e-02 |150 -0.48683  1.62204e-05
151 -0.15835  2.28212e-05 |152 -0.00565 -2.89902e-05 |153 -0.08331 -1.31970e-05
154 -0.34501 -9.26244e-05 |155  0.22062  4.42664e-04 |156 -0.05351 -1.49148e-04
157  0.17219 -2.00777e-04 |158 -0.05921 -2.59051e-05 |159 -0.16404  1.57905e-06
160 -0.47161  2.37001e-05 |161 -0.39821 -3.68289e-03 |162  0.01217  5.42559e-04
163  0.15182  1.83161e-01 |164 -0.62962  9.68260e-05 |165 -0.33078  9.65735e-05
166  0.24600  1.01185e-03 |167  0.05031  6.21245e-04 |168 -0.18126 -1.02098e-02
169  0.18258 -5.82904e-03 |170  0.31003  7.57037e-03 |171  0.07952 -5.61744e-03
172 -0.54731 -1.47851e-05 |173 -0.35692 -6.26395e-04 |174  0.24300  2.05359e-03
175  0.06674  5.05207e-04 |176 -0.10727 -3.99117e-03 |177  0.04735  4.16710e-03
178  0.27034  4.82044e-04 |179 -0.17372 -8.79215e-04 |180 -0.07297 -3.49092e-04
181 -0.23631 -1.09323e-03 |182 -0.15941 -3.23554e-04 |183 -0.24605 -1.30860e-01
184 -0.38953  1.63629e-05 |185 -1.33627 -1.99667e-03 |186  0.06534 -1.47662e-04
187  0.07576  2.10636e-02 |188 -0.57761 -1.95080e-04 |189  0.61951 -1.66543e+00
190  0.13344  5.15350e-03 |191 -0.04699  1.61063e-01 |192 -0.02561  2.25669e-04
193  0.09148 -2.33897e-07 |194 -0.19746 -3.45463e-04 |195  0.13949  4.80566e-06
196 -0.53699  2.92819e-05 |197 -0.55880 -4.44849e-04 |198  0.17004 -4.95529e-04
199  0.09174 -9.56879e-03 |200 -0.25137 -3.39269e-03 |
200 variables; iteration 980; function evaluation 1167; phase 4
Function value 6.8799194e+03; maximum gradient component mag -1.9044e-01
Var    Value     Gradient |Var    Value     Gradient |Var    Value     Gradient
  1 -0.41633 -3.15320e-02 |  2  0.34562  7.47130e-04 |  3 -0.19746  1.37888e-02
  4  0.08224  1.15221e-03 |  5 -0.60544  2.47456e-05 |  6 -0.64957  1.34537e-02
  7  0.35832  1.17319e-03 |  8 -0.22205  3.57564e-02 |  9  0.09350  2.60572e-03
 10 -0.52474  4.56962e-04 | 11 -0.65999  3.83185e-02 | 12 -0.19487  5.32372e-02
 13 -0.00088  1.99635e-04 | 14 -0.00087  1.85943e-04 | 15 -0.00087  1.18711e-04
 16 -0.00085  2.98770e-04 | 17 -0.00083  2.55946e-04 | 18 -0.00081  2.49442e-04
 19 -0.00077  3.31198e-04 | 20 -0.00073  3.60522e-04 | 21 -0.00068  4.42822e-04
 22 -0.00062  4.31515e-04 | 23 -0.00055  5.34740e-04 | 24 -0.00047  4.91857e-04
 25 -0.00037  6.53574e-04 | 26 -0.00027  7.17411e-04 | 27 -0.00015  7.96756e-04
 28 -0.00001  4.98954e-04 | 29  0.00013  5.35470e-04 | 30  0.00029  5.67257e-04
 31  0.00046  4.64994e-04 | 32  0.00065  5.31169e-04 | 33  0.00084  5.99165e-04
 34  0.00105  3.13385e-04 | 35  0.00127  4.35114e-04 | 36  0.00150  5.51537e-04
 37  0.00175  5.69921e-04 | 38  0.00200  6.64233e-04 | 39  0.00225  8.77297e-04
 40  0.00252  5.70556e-04 | 41  0.00278  6.41006e-04 | 42  0.00305  4.32062e-04
 43  0.00331  8.23050e-04 | 44  0.00356  7.26139e-04 | 45  0.00378  5.52598e-04
 46  0.00398  5.65881e-04 | 47  0.00413  9.57715e-04 | 48  0.00423  9.48675e-04
 49  0.00427  7.27421e-04 | 50  0.00423  5.01100e-04 | 51  0.00411  5.60865e-04
 52  0.00390  8.55849e-04 | 53  0.00360  8.52460e-04 | 54  0.00322  8.74759e-04
 55  0.00276  1.04826e-03 | 56  0.00225  7.24585e-04 | 57  0.00171  1.29515e-03
 58  0.00117  1.29522e-03 | 59  0.00065  1.12939e-03 | 60  0.00019  1.04996e-03
 61 -0.00019  1.26630e-03 | 62 -0.00043  1.52701e-03 | 63 -0.00052  1.08977e-03
 64 -0.00041  1.21730e-03 | 65 -0.00008  8.73090e-04 | 66  0.00049  1.07203e-03
 67  0.00132  1.13879e-03 | 68  0.00240  8.83359e-04 | 69  0.00374  1.38869e-03
 70  0.00529  1.39101e-03 | 71  0.00704  1.01957e-03 | 72  0.00895  1.49982e-03
 73  0.01098  1.43184e-03 | 74  0.01303  1.41027e-03 | 75  0.01494  1.78544e-03
 76  0.01642  1.56095e-03 | 77  0.01722  1.40880e-03 | 78  0.01726  1.51670e-03
 79  0.01658  1.15110e-03 | 80  0.01532  1.12038e-03 | 81  0.01361  1.11030e-03
 82  0.01156  9.47751e-04 | 83  0.00924  8.10720e-04 | 84  0.00665  8.98047e-04
 85  0.00385  5.13926e-04 | 86  0.00096  3.11349e-04 | 87 -0.00171  8.58216e-04
 88 -0.00378  2.70376e-04 | 89 -0.00494  5.94274e-04 | 90 -0.00516 -9.42664e-06
 91 -0.00475 -1.13030e-04 | 92 -0.00421 -7.02306e-05 | 93 -0.00384 -1.73037e-04
 94 -0.00335 -1.91254e-04 | 95 -0.00257 -8.43430e-04 | 96 -0.00219 -9.49784e-04
 97 -0.00120 -1.58381e-03 | 98  0.00094 -1.03823e-03 | 99  0.00450 -1.57581e-03
100  0.00428 -1.66242e-03 |101  0.00164 -2.00310e-03 |102 -0.00317 -2.39109e-03
103 -0.01403 -1.82589e-03 |104 -0.01714 -1.77859e-03 |105 -0.00716 -2.36257e-03
106 -0.01448 -1.64439e-03 |107 -0.03457 -1.52014e-03 |108 -0.02173 -1.33842e-03
109  0.02694 -1.48572e-03 |110 -0.00426 -1.07463e-03 |111 -0.04131 -2.99901e-04
112 -0.02852  3.68877e-05 |113 -0.01166  5.50379e-06 |114  0.00777  3.38111e-04
115 -0.01183  4.40905e-04 |116 -0.06953  7.22559e-04 |117 -0.08232  4.36585e-04
118 -0.07474  5.90233e-04 |119 -0.03863  6.09973e-04 |120  0.09821  1.88023e-03
121  0.05457  1.15916e-03 |122  0.03915  2.95886e-04 |123 -0.01448  2.28923e-04
124 -0.05531  6.70678e-05 |125 -0.00066 -1.23249e-04 |126  0.01183 -4.16510e-05
127 -0.03785  7.42380e-05 |128  0.00462  1.32468e-05 |129  0.04914 -5.04593e-05
130 -0.01357 -1.60279e-04 |131  0.06409 -2.55188e-04 |132 -0.00440 -2.87436e-04
133  0.11960 -2.14621e-04 |134 -0.00480 -6.26590e-05 |135 -0.05068 -1.50354e-04
136 -0.06351 -1.59298e-04 |137 -0.02970 -7.90380e-05 |138  0.08814 -5.88947e-05
139  0.02386  9.35447e-05 |140  0.01500 -6.09795e-05 |141 -0.03495  3.38764e-04
142 -0.01567  7.03733e-05 |143 -0.00374  4.31526e-05 |144 -0.00043  2.84949e-04
145  0.44836  1.14260e-03 |146  0.34406  1.39018e-04 |147 -0.19732  1.84110e-02
148 -0.15761 -8.73470e-06 |149  0.04013  1.26696e-03 |150 -0.48730 -4.32179e-06
151 -0.15972  8.07011e-05 |152 -0.00171 -9.23283e-06 |153 -0.07769  3.09319e-05
154 -0.34131  3.14989e-05 |155  0.22058 -1.77070e-04 |156 -0.04931  6.33797e-06
157  0.17247 -2.57826e-05 |158 -0.05771 -7.56436e-06 |159 -0.16488 -6.51572e-06
160 -0.47201  5.90828e-06 |161 -0.38029 -1.33997e-03 |162 -0.03436 -1.70022e-04
163  0.15182 -7.97975e-02 |164 -0.62856 -3.97311e-05 |165 -0.33078 -1.32478e-04
166  0.24600  3.14182e-04 |167  0.05031  2.46928e-04 |168 -0.18126  2.95647e-03
169  0.18256  1.60013e-05 |170  0.31003  6.27983e-05 |171  0.07952  1.68645e-03
172 -0.54707  5.63701e-06 |173 -0.35694  1.61308e-04 |174  0.24299 -2.84366e-04
175  0.06675 -2.02268e-04 |176 -0.10727  8.33983e-04 |177  0.04762  1.85099e-02
178  0.27051 -3.37380e-04 |179 -0.07226 -3.56859e-04 |180 -0.05846  6.56925e-05
181 -0.22884 -7.74200e-05 |182 -0.15829 -9.57412e-05 |183 -0.24603 -1.23672e-02
184 -0.39053 -1.16883e-06 |185 -1.33645  2.93300e-04 |186  0.06574  4.87592e-05
187  0.07576  2.05137e-03 |188 -0.57615 -8.08077e-05 |189  0.61875 -1.90436e-01
190  0.13503  9.64802e-03 |191 -0.05530  1.68159e-02 |192 -0.02826 -8.54390e-05
193  0.09327  1.49018e-05 |194 -0.20332 -1.90247e-04 |195  0.13866 -8.27133e-06
196 -0.53735  9.65484e-06 |197 -0.55881  1.83558e-05 |198  0.17004  7.19915e-05
199  0.09174  2.23556e-04 |200 -0.25137 -9.04962e-05 |
  ic > imax  in fminim is answer attained ?
Var    Value     Gradient |Var    Value     Gradient |Var    Value     Gradient
  1 -0.41634  1.33227e-02 |  2  0.34562 -6.82877e-04 |  3 -0.19746 -1.51541e-02
  4  0.08224 -1.75506e-03 |  5 -0.60544 -2.69969e-04 |  6 -0.64957 -1.58348e-02
  7  0.35832 -6.57735e-04 |  8 -0.22205 -1.94883e-02 |  9  0.09350 -1.56790e-03
 10 -0.52474 -3.29978e-04 | 11 -0.65999 -2.17229e-02 | 12 -0.19487 -2.57813e-02
 13 -0.00088 -9.01174e-05 | 14 -0.00087 -1.06270e-04 | 15 -0.00086 -9.20730e-05
 16 -0.00085 -1.03520e-04 | 17 -0.00083 -1.16020e-04 | 18 -0.00080 -1.30737e-04
 19 -0.00077 -1.41682e-04 | 20 -0.00073 -1.51977e-04 | 21 -0.00068 -1.85585e-04
 22 -0.00062 -1.75302e-04 | 23 -0.00055 -1.97058e-04 | 24 -0.00047 -1.73735e-04
 25 -0.00037 -2.02080e-04 | 26 -0.00027 -2.25437e-04 | 27 -0.00015 -2.17990e-04
 28 -0.00001 -2.23141e-04 | 29  0.00013 -2.06690e-04 | 30  0.00029 -2.09498e-04
 31  0.00046 -2.17905e-04 | 32  0.00065 -2.14233e-04 | 33  0.00085 -2.24167e-04
 34  0.00105 -1.85865e-04 | 35  0.00128 -2.15354e-04 | 36  0.00151 -2.31353e-04
 37  0.00175 -2.36507e-04 | 38  0.00200 -2.76294e-04 | 39  0.00225 -2.99507e-04
 40  0.00252 -2.78661e-04 | 41  0.00278 -2.82142e-04 | 42  0.00305 -2.40987e-04
 43  0.00331 -3.25226e-04 | 44  0.00356 -3.21125e-04 | 45  0.00378 -2.83826e-04
 46  0.00398 -3.00038e-04 | 47  0.00413 -3.69468e-04 | 48  0.00423 -3.68633e-04
 49  0.00427 -3.21640e-04 | 50  0.00423 -2.99611e-04 | 51  0.00411 -3.07305e-04
 52  0.00390 -3.82453e-04 | 53  0.00360 -3.90392e-04 | 54  0.00322 -3.88677e-04
 55  0.00276 -4.16599e-04 | 56  0.00225 -3.77791e-04 | 57  0.00171 -4.64442e-04
 58  0.00117 -4.88734e-04 | 59  0.00065 -4.52869e-04 | 60  0.00018 -4.61241e-04
 61 -0.00019 -4.85955e-04 | 62 -0.00043 -5.11007e-04 | 63 -0.00052 -4.41101e-04
 64 -0.00041 -4.65924e-04 | 65 -0.00008 -4.01763e-04 | 66  0.00049 -4.29374e-04
 67  0.00132 -4.68202e-04 | 68  0.00240 -4.14296e-04 | 69  0.00373 -4.76200e-04
 70  0.00529 -4.69830e-04 | 71  0.00704 -4.92647e-04 | 72  0.00895 -4.81411e-04
 73  0.01097 -4.85325e-04 | 74  0.01303 -4.77056e-04 | 75  0.01493 -4.65498e-04
 76  0.01641 -4.37706e-04 | 77  0.01722 -3.97430e-04 | 78  0.01725 -3.91435e-04
 79  0.01657 -3.47865e-04 | 80  0.01531 -2.75521e-04 | 81  0.01360 -2.32079e-04
 82  0.01155 -1.91698e-04 | 83  0.00923 -1.43267e-04 | 84  0.00664 -9.75817e-05
 85  0.00384 -5.40503e-05 | 86  0.00095  6.71867e-05 | 87 -0.00172 -4.60002e-05
 88 -0.00379  4.34694e-05 | 89 -0.00496  1.20176e-05 | 90 -0.00517  1.25593e-04
 91 -0.00476  1.30983e-04 | 92 -0.00422  1.44941e-04 | 93 -0.00384  1.53595e-04
 94 -0.00335  1.40930e-04 | 95 -0.00257  2.29704e-04 | 96 -0.00219  2.03620e-04
 97 -0.00119  3.42842e-04 | 98  0.00095  2.69629e-04 | 99  0.00451  2.99606e-04
100  0.00429  2.69451e-04 |101  0.00165  3.34875e-04 |102 -0.00316  3.30378e-04
103 -0.01402  2.48747e-04 |104 -0.01713  2.38050e-04 |105 -0.00715  2.75917e-04
106 -0.01447  2.74194e-04 |107 -0.03456  2.05148e-04 |108 -0.02172  1.41388e-04
109  0.02694  9.46036e-05 |110 -0.00426  8.85722e-05 |111 -0.04131  4.49792e-05
112 -0.02853 -5.94902e-05 |113 -0.01166 -6.50399e-05 |114  0.00777 -1.16647e-04
115 -0.01183 -1.29847e-04 |116 -0.06953 -8.52376e-05 |117 -0.08233 -8.71669e-05
118 -0.07474 -5.78414e-05 |119 -0.03864 -2.11561e-05 |120  0.09821 -5.55353e-05
121  0.05457 -8.52539e-06 |122  0.03915 -1.12200e-05 |123 -0.01448  4.19127e-05
124 -0.05531 -1.72109e-05 |125 -0.00067  5.80384e-05 |126  0.01182  9.71904e-05
127 -0.03786 -1.60593e-06 |128  0.00462  2.61491e-05 |129  0.04914  2.21619e-05
130 -0.01357  7.88675e-06 |131  0.06409  3.15157e-06 |132 -0.00440  6.50149e-06
133  0.11960  2.90727e-05 |134 -0.00480  2.86383e-05 |135 -0.05068 -3.59761e-05
136 -0.06351 -3.22303e-05 |137 -0.02970 -2.44725e-05 |138  0.08814  1.21191e-05
139  0.02386 -3.73568e-05 |140  0.01500 -1.63709e-05 |141 -0.03495 -7.38156e-06
142 -0.01567 -1.55938e-05 |143 -0.00374 -4.88373e-05 |144 -0.00043 -5.40000e-05
145  0.44836 -4.02517e-05 |146  0.34405  1.06058e-04 |147 -0.19756 -2.52992e-04
148 -0.16219 -5.63707e-08 |149  0.04023  1.56173e-05 |150 -0.48713  1.02248e-05
151 -0.15978  6.43785e-06 |152  0.00023  7.16140e-07 |153 -0.07878  1.50090e-06
154 -0.34203 -9.38928e-07 |155  0.22120 -5.46962e-06 |156 -0.04701 -1.78674e-06
157  0.17252 -3.11695e-07 |158 -0.05737  1.06738e-06 |159 -0.16498 -3.21840e-07
160 -0.47210  1.36068e-07 |161 -0.38017 -3.12518e-04 |162  0.00165  5.38624e-06
163  0.15182  7.12881e-03 |164 -0.62861 -3.97676e-06 |165 -0.33078  4.32812e-05
166  0.24600 -8.55559e-05 |167  0.05031  5.18018e-05 |168 -0.18127  4.67809e-05
169  0.18256  2.25260e-05 |170  0.31003 -7.68200e-06 |171  0.07952 -7.43542e-05
172 -0.54714 -6.87243e-07 |173 -0.35695  9.80785e-06 |174  0.24299  2.84479e-06
175  0.06675 -3.08514e-05 |176 -0.10727  1.52966e-05 |177  0.04517  1.00683e-02
178  0.27031  2.63923e-04 |179 -0.03565 -1.76657e-04 |180 -0.06120 -6.33149e-05
181 -0.21243 -2.50069e-05 |182 -0.15718 -3.67573e-07 |183 -0.24598  3.05109e-03
184 -0.39041  8.94305e-06 |185 -1.33654  1.02495e-04 |186  0.06588 -5.85040e-06
187  0.07575  1.82087e-04 |188 -0.57636 -9.89123e-05 |189  0.61824  7.35396e-02
190  0.13696  1.68813e-02 |191 -0.06134 -5.98449e-03 |192 -0.02055 -1.29200e-05
193  0.09198  3.24705e-07 |194 -0.21164  1.24616e-06 |195  0.13990  1.30029e-07
196 -0.53745  2.06050e-06 |197 -0.55882  3.75659e-05 |198  0.17004 -3.52062e-05
199  0.09175  2.08697e-04 |200 -0.25137  1.74153e-05 |
Function minimizer not making progress ... is minimum attained?
Minimprove criterion = 0.0000e+00

 - final statistics:
200 variables; iteration 993; function evaluation 1210
Function value 6.8799e+03; maximum gradient component mag 7.3540e-02
Exit code = 1;  converg criter 1.0000e-03
Var    Value     Gradient |Var    Value     Gradient |Var    Value     Gradient
  1 -0.41634  1.33227e-02 |  2  0.34562 -6.82877e-04 |  3 -0.19746 -1.51541e-02
  4  0.08224 -1.75506e-03 |  5 -0.60544 -2.69969e-04 |  6 -0.64957 -1.58348e-02
  7  0.35832 -6.57735e-04 |  8 -0.22205 -1.94883e-02 |  9  0.09350 -1.56790e-03
 10 -0.52474 -3.29978e-04 | 11 -0.65999 -2.17229e-02 | 12 -0.19487 -2.57813e-02
 13 -0.00088 -9.01174e-05 | 14 -0.00087 -1.06270e-04 | 15 -0.00086 -9.20730e-05
 16 -0.00085 -1.03520e-04 | 17 -0.00083 -1.16020e-04 | 18 -0.00080 -1.30737e-04
 19 -0.00077 -1.41682e-04 | 20 -0.00073 -1.51977e-04 | 21 -0.00068 -1.85585e-04
 22 -0.00062 -1.75302e-04 | 23 -0.00055 -1.97058e-04 | 24 -0.00047 -1.73735e-04
 25 -0.00037 -2.02080e-04 | 26 -0.00027 -2.25437e-04 | 27 -0.00015 -2.17990e-04
 28 -0.00001 -2.23141e-04 | 29  0.00013 -2.06690e-04 | 30  0.00029 -2.09498e-04
 31  0.00046 -2.17905e-04 | 32  0.00065 -2.14233e-04 | 33  0.00085 -2.24167e-04
 34  0.00105 -1.85865e-04 | 35  0.00128 -2.15354e-04 | 36  0.00151 -2.31353e-04
 37  0.00175 -2.36507e-04 | 38  0.00200 -2.76294e-04 | 39  0.00225 -2.99507e-04
 40  0.00252 -2.78661e-04 | 41  0.00278 -2.82142e-04 | 42  0.00305 -2.40987e-04
 43  0.00331 -3.25226e-04 | 44  0.00356 -3.21125e-04 | 45  0.00378 -2.83826e-04
 46  0.00398 -3.00038e-04 | 47  0.00413 -3.69468e-04 | 48  0.00423 -3.68633e-04
 49  0.00427 -3.21640e-04 | 50  0.00423 -2.99611e-04 | 51  0.00411 -3.07305e-04
 52  0.00390 -3.82453e-04 | 53  0.00360 -3.90392e-04 | 54  0.00322 -3.88677e-04
 55  0.00276 -4.16599e-04 | 56  0.00225 -3.77791e-04 | 57  0.00171 -4.64442e-04
 58  0.00117 -4.88734e-04 | 59  0.00065 -4.52869e-04 | 60  0.00018 -4.61241e-04
 61 -0.00019 -4.85955e-04 | 62 -0.00043 -5.11007e-04 | 63 -0.00052 -4.41101e-04
 64 -0.00041 -4.65924e-04 | 65 -0.00008 -4.01763e-04 | 66  0.00049 -4.29374e-04
 67  0.00132 -4.68202e-04 | 68  0.00240 -4.14296e-04 | 69  0.00373 -4.76200e-04
 70  0.00529 -4.69830e-04 | 71  0.00704 -4.92647e-04 | 72  0.00895 -4.81411e-04
 73  0.01097 -4.85325e-04 | 74  0.01303 -4.77056e-04 | 75  0.01493 -4.65498e-04
 76  0.01641 -4.37706e-04 | 77  0.01722 -3.97430e-04 | 78  0.01725 -3.91435e-04
 79  0.01657 -3.47865e-04 | 80  0.01531 -2.75521e-04 | 81  0.01360 -2.32079e-04
 82  0.01155 -1.91698e-04 | 83  0.00923 -1.43267e-04 | 84  0.00664 -9.75817e-05
 85  0.00384 -5.40503e-05 | 86  0.00095  6.71867e-05 | 87 -0.00172 -4.60002e-05
 88 -0.00379  4.34694e-05 | 89 -0.00496  1.20176e-05 | 90 -0.00517  1.25593e-04
 91 -0.00476  1.30983e-04 | 92 -0.00422  1.44941e-04 | 93 -0.00384  1.53595e-04
 94 -0.00335  1.40930e-04 | 95 -0.00257  2.29704e-04 | 96 -0.00219  2.03620e-04
 97 -0.00119  3.42842e-04 | 98  0.00095  2.69629e-04 | 99  0.00451  2.99606e-04
100  0.00429  2.69451e-04 |101  0.00165  3.34875e-04 |102 -0.00316  3.30378e-04
103 -0.01402  2.48747e-04 |104 -0.01713  2.38050e-04 |105 -0.00715  2.75917e-04
106 -0.01447  2.74194e-04 |107 -0.03456  2.05148e-04 |108 -0.02172  1.41388e-04
109  0.02694  9.46036e-05 |110 -0.00426  8.85722e-05 |111 -0.04131  4.49792e-05
112 -0.02853 -5.94902e-05 |113 -0.01166 -6.50399e-05 |114  0.00777 -1.16647e-04
115 -0.01183 -1.29847e-04 |116 -0.06953 -8.52376e-05 |117 -0.08233 -8.71669e-05
118 -0.07474 -5.78414e-05 |119 -0.03864 -2.11561e-05 |120  0.09821 -5.55353e-05
121  0.05457 -8.52539e-06 |122  0.03915 -1.12200e-05 |123 -0.01448  4.19127e-05
124 -0.05531 -1.72109e-05 |125 -0.00067  5.80384e-05 |126  0.01182  9.71904e-05
127 -0.03786 -1.60593e-06 |128  0.00462  2.61491e-05 |129  0.04914  2.21619e-05
130 -0.01357  7.88675e-06 |131  0.06409  3.15157e-06 |132 -0.00440  6.50149e-06
133  0.11960  2.90727e-05 |134 -0.00480  2.86383e-05 |135 -0.05068 -3.59761e-05
136 -0.06351 -3.22303e-05 |137 -0.02970 -2.44725e-05 |138  0.08814  1.21191e-05
139  0.02386 -3.73568e-05 |140  0.01500 -1.63709e-05 |141 -0.03495 -7.38156e-06
142 -0.01567 -1.55938e-05 |143 -0.00374 -4.88373e-05 |144 -0.00043 -5.40000e-05
145  0.44836 -4.02517e-05 |146  0.34405  1.06058e-04 |147 -0.19756 -2.52992e-04
148 -0.16219 -5.63707e-08 |149  0.04023  1.56173e-05 |150 -0.48713  1.02248e-05
151 -0.15978  6.43785e-06 |152  0.00023  7.16140e-07 |153 -0.07878  1.50090e-06
154 -0.34203 -9.38928e-07 |155  0.22120 -5.46962e-06 |156 -0.04701 -1.78674e-06
157  0.17252 -3.11695e-07 |158 -0.05737  1.06738e-06 |159 -0.16498 -3.21840e-07
160 -0.47210  1.36068e-07 |161 -0.38017 -3.12518e-04 |162  0.00165  5.38624e-06
163  0.15182  7.12881e-03 |164 -0.62861 -3.97676e-06 |165 -0.33078  4.32812e-05
166  0.24600 -8.55559e-05 |167  0.05031  5.18018e-05 |168 -0.18127  4.67809e-05
169  0.18256  2.25260e-05 |170  0.31003 -7.68200e-06 |171  0.07952 -7.43542e-05
172 -0.54714 -6.87243e-07 |173 -0.35695  9.80785e-06 |174  0.24299  2.84479e-06
175  0.06675 -3.08514e-05 |176 -0.10727  1.52966e-05 |177  0.04517  1.00683e-02
178  0.27031  2.63923e-04 |179 -0.03565 -1.76657e-04 |180 -0.06120 -6.33149e-05
181 -0.21243 -2.50069e-05 |182 -0.15718 -3.67573e-07 |183 -0.24598  3.05109e-03
184 -0.39041  8.94305e-06 |185 -1.33654  1.02495e-04 |186  0.06588 -5.85040e-06
187  0.07575  1.82087e-04 |188 -0.57636 -9.89123e-05 |189  0.61824  7.35396e-02
190  0.13696  1.68813e-02 |191 -0.06134 -5.98449e-03 |192 -0.02055 -1.29200e-05
193  0.09198  3.24705e-07 |194 -0.21164  1.24616e-06 |195  0.13990  1.30029e-07
196 -0.53745  2.06050e-06 |197 -0.55882  3.75659e-05 |198  0.17004 -3.52062e-05
199  0.09175  2.08697e-04 |200 -0.25137  1.74153e-05 |

Initial statistics: 213 variables; iteration 0; function evaluation 0; phase 5
Function value 6.8799194e+03; maximum gradient component mag 7.3539e-02
Var    Value     Gradient |Var    Value     Gradient |Var    Value     Gradient
  1 -0.41634  1.33227e-02 |  2  0.34562 -6.82825e-04 |  3 -0.19746 -1.51538e-02
  4  0.08224 -1.75498e-03 |  5 -0.60544 -2.69979e-04 |  6 -0.64957 -1.58348e-02
  7  0.35832 -6.57708e-04 |  8 -0.22205 -1.94880e-02 |  9  0.09350 -1.56790e-03
 10 -0.52474 -3.29984e-04 | 11 -0.65999 -2.17222e-02 | 12 -0.19487 -2.57813e-02
 13 -0.00088 -9.01205e-05 | 14 -0.00087 -1.06274e-04 | 15 -0.00086 -9.20699e-05
 16 -0.00085 -1.03515e-04 | 17 -0.00083 -1.16008e-04 | 18 -0.00080 -1.30727e-04
 19 -0.00077 -1.41670e-04 | 20 -0.00073 -1.51973e-04 | 21 -0.00068 -1.85583e-04
 22 -0.00062 -1.75303e-04 | 23 -0.00055 -1.97057e-04 | 24 -0.00047 -1.73732e-04
 25 -0.00037 -2.02072e-04 | 26 -0.00027 -2.25428e-04 | 27 -0.00015 -2.17985e-04
 28 -0.00001 -2.23141e-04 | 29  0.00013 -2.06685e-04 | 30  0.00029 -2.09492e-04
 31  0.00046 -2.17899e-04 | 32  0.00065 -2.14229e-04 | 33  0.00085 -2.24160e-04
 34  0.00105 -1.85857e-04 | 35  0.00128 -2.15351e-04 | 36  0.00151 -2.31347e-04
 37  0.00175 -2.36504e-04 | 38  0.00200 -2.76288e-04 | 39  0.00225 -2.99500e-04
 40  0.00252 -2.78661e-04 | 41  0.00278 -2.82139e-04 | 42  0.00305 -2.40976e-04
 43  0.00331 -3.25230e-04 | 44  0.00356 -3.21118e-04 | 45  0.00378 -2.83818e-04
 46  0.00398 -3.00031e-04 | 47  0.00413 -3.69456e-04 | 48  0.00423 -3.68624e-04
 49  0.00427 -3.21634e-04 | 50  0.00423 -2.99596e-04 | 51  0.00411 -3.07297e-04
 52  0.00390 -3.82445e-04 | 53  0.00360 -3.90384e-04 | 54  0.00322 -3.88663e-04
 55  0.00276 -4.16588e-04 | 56  0.00225 -3.77783e-04 | 57  0.00171 -4.64433e-04
 58  0.00117 -4.88723e-04 | 59  0.00065 -4.52862e-04 | 60  0.00018 -4.61232e-04
 61 -0.00019 -4.85950e-04 | 62 -0.00043 -5.11006e-04 | 63 -0.00052 -4.41079e-04
 64 -0.00041 -4.65908e-04 | 65 -0.00008 -4.01757e-04 | 66  0.00049 -4.29364e-04
 67  0.00132 -4.68196e-04 | 68  0.00240 -4.14287e-04 | 69  0.00373 -4.76196e-04
 70  0.00529 -4.69830e-04 | 71  0.00704 -4.92628e-04 | 72  0.00895 -4.81398e-04
 73  0.01097 -4.85322e-04 | 74  0.01303 -4.77054e-04 | 75  0.01493 -4.65497e-04
 76  0.01641 -4.37699e-04 | 77  0.01722 -3.97423e-04 | 78  0.01725 -3.91434e-04
 79  0.01657 -3.47864e-04 | 80  0.01531 -2.75521e-04 | 81  0.01360 -2.32079e-04
 82  0.01155 -1.91703e-04 | 83  0.00923 -1.43273e-04 | 84  0.00664 -9.76032e-05
 85  0.00384 -5.40597e-05 | 86  0.00095  6.71701e-05 | 87 -0.00172 -4.60170e-05
 88 -0.00379  4.34467e-05 | 89 -0.00496  1.20005e-05 | 90 -0.00517  1.25560e-04
 91 -0.00476  1.30955e-04 | 92 -0.00422  1.44910e-04 | 93 -0.00384  1.53561e-04
 94 -0.00335  1.40889e-04 | 95 -0.00257  2.29669e-04 | 96 -0.00219  2.03571e-04
 97 -0.00119  3.42796e-04 | 98  0.00095  2.69568e-04 | 99  0.00451  2.99546e-04
100  0.00429  2.69385e-04 |101  0.00165  3.34817e-04 |102 -0.00316  3.30328e-04
103 -0.01402  2.48700e-04 |104 -0.01713  2.38003e-04 |105 -0.00715  2.75893e-04
106 -0.01447  2.74165e-04 |107 -0.03456  2.05146e-04 |108 -0.02172  1.41392e-04
109  0.02694  9.46194e-05 |110 -0.00426  8.86080e-05 |111 -0.04131  4.50239e-05
112 -0.02853 -5.94527e-05 |113 -0.01166 -6.49792e-05 |114  0.00777 -1.16567e-04
115 -0.01183 -1.29782e-04 |116 -0.06953 -8.51952e-05 |117 -0.08233 -8.71238e-05
118 -0.07474 -5.78095e-05 |119 -0.03864 -2.11426e-05 |120  0.09821 -5.55283e-05
121  0.05457 -8.53992e-06 |122  0.03915 -1.12419e-05 |123 -0.01448  4.19051e-05
124 -0.05531 -1.72251e-05 |125 -0.00067  5.80220e-05 |126  0.01182  9.71650e-05
127 -0.03786 -1.63141e-06 |128  0.00462  2.61369e-05 |129  0.04914  2.21596e-05
130 -0.01357  7.88481e-06 |131  0.06409  3.15364e-06 |132 -0.00440  6.51377e-06
133  0.11960  2.90792e-05 |134 -0.00480  2.86481e-05 |135 -0.05068 -3.59729e-05
136 -0.06351 -3.22323e-05 |137 -0.02970 -2.44691e-05 |138  0.08814  1.21218e-05
139  0.02386 -3.73576e-05 |140  0.01500 -1.63705e-05 |141 -0.03495 -7.38123e-06
142 -0.01567 -1.55918e-05 |143 -0.00374 -4.88371e-05 |144 -0.00043 -5.40041e-05
145  0.00000  0.00000e+00 |146  0.00000  0.00000e+00 |147  0.00000  0.00000e+00
148  0.00000  0.00000e+00 |149  0.00000  0.00000e+00 |150  0.00000  0.00000e+00
151  0.00000  0.00000e+00 |152  0.00000  0.00000e+00 |153  0.00000  0.00000e+00
154  0.00000  0.00000e+00 |155  0.00000  0.00000e+00 |156  0.00000  0.00000e+00
157  0.00000  0.00000e+00 |158  0.44836 -4.02615e-05 |159  0.34405  1.06071e-04
160 -0.19756 -2.53040e-04 |161 -0.16219 -5.55985e-08 |162  0.04023  1.56123e-05
163 -0.48713  1.02252e-05 |164 -0.15978  6.43488e-06 |165  0.00023  7.16716e-07
166 -0.07878  1.49891e-06 |167 -0.34203 -9.38892e-07 |168  0.22120 -5.46495e-06
169 -0.04701 -1.78711e-06 |170  0.17252 -3.09527e-07 |171 -0.05737  1.06733e-06
172 -0.16498 -3.22316e-07 |173 -0.47210  1.36378e-07 |174 -0.38017 -3.12572e-04
175  0.00165  5.38589e-06 |176  0.15182  7.12804e-03 |177 -0.62861 -3.97753e-06
178 -0.33078  4.32892e-05 |179  0.24600 -8.55648e-05 |180  0.05031  5.17983e-05
181 -0.18127  4.67391e-05 |182  0.18256  2.25085e-05 |183  0.31003 -7.66019e-06
184  0.07952 -7.43696e-05 |185 -0.54714 -6.87509e-07 |186 -0.35695  9.81107e-06
187  0.24299  2.84664e-06 |188  0.06675 -3.08582e-05 |189 -0.10727  1.52408e-05
190  0.04517  1.00683e-02 |191  0.27031  2.63931e-04 |192 -0.03565 -1.76656e-04
193 -0.06120 -6.33123e-05 |194 -0.21243 -2.50089e-05 |195 -0.15718 -3.62671e-07
196 -0.24598  3.05080e-03 |197 -0.39041  8.94290e-06 |198 -0.66346 -1.02519e-04
199  0.06588 -5.85063e-06 |200  0.07575  1.81942e-04 |201 -0.57636 -9.89130e-05
202  0.61824  7.35391e-02 |203  0.13696  1.68813e-02 |204 -0.06134 -5.98445e-03
205 -0.02055 -1.29233e-05 |206  0.09198  3.25156e-07 |207 -0.21164  1.24588e-06
208  0.13990  1.30793e-07 |209 -0.53745  2.06048e-06 |210 -0.55882  3.75738e-05
211  0.17004 -3.52040e-05 |212  0.09175  2.08767e-04 |213 -0.25137  1.74275e-05
  ic > imax  in fminim is answer attained ?
Var    Value     Gradient |Var    Value     Gradient |Var    Value     Gradient
  1 -0.41634  1.33227e-02 |  2  0.34562 -6.82825e-04 |  3 -0.19746 -1.51538e-02
  4  0.08224 -1.75498e-03 |  5 -0.60544 -2.69979e-04 |  6 -0.64957 -1.58348e-02
  7  0.35832 -6.57708e-04 |  8 -0.22205 -1.94880e-02 |  9  0.09350 -1.56790e-03
 10 -0.52474 -3.29984e-04 | 11 -0.65999 -2.17222e-02 | 12 -0.19487 -2.57813e-02
 13 -0.00088 -9.01205e-05 | 14 -0.00087 -1.06274e-04 | 15 -0.00086 -9.20699e-05
 16 -0.00085 -1.03515e-04 | 17 -0.00083 -1.16008e-04 | 18 -0.00080 -1.30727e-04
 19 -0.00077 -1.41670e-04 | 20 -0.00073 -1.51973e-04 | 21 -0.00068 -1.85583e-04
 22 -0.00062 -1.75303e-04 | 23 -0.00055 -1.97057e-04 | 24 -0.00047 -1.73732e-04
 25 -0.00037 -2.02072e-04 | 26 -0.00027 -2.25428e-04 | 27 -0.00015 -2.17985e-04
 28 -0.00001 -2.23141e-04 | 29  0.00013 -2.06685e-04 | 30  0.00029 -2.09492e-04
 31  0.00046 -2.17899e-04 | 32  0.00065 -2.14229e-04 | 33  0.00085 -2.24160e-04
 34  0.00105 -1.85857e-04 | 35  0.00128 -2.15351e-04 | 36  0.00151 -2.31347e-04
 37  0.00175 -2.36504e-04 | 38  0.00200 -2.76288e-04 | 39  0.00225 -2.99500e-04
 40  0.00252 -2.78661e-04 | 41  0.00278 -2.82139e-04 | 42  0.00305 -2.40976e-04
 43  0.00331 -3.25230e-04 | 44  0.00356 -3.21118e-04 | 45  0.00378 -2.83818e-04
 46  0.00398 -3.00031e-04 | 47  0.00413 -3.69456e-04 | 48  0.00423 -3.68624e-04
 49  0.00427 -3.21634e-04 | 50  0.00423 -2.99596e-04 | 51  0.00411 -3.07297e-04
 52  0.00390 -3.82445e-04 | 53  0.00360 -3.90384e-04 | 54  0.00322 -3.88663e-04
 55  0.00276 -4.16588e-04 | 56  0.00225 -3.77783e-04 | 57  0.00171 -4.64433e-04
 58  0.00117 -4.88723e-04 | 59  0.00065 -4.52862e-04 | 60  0.00018 -4.61232e-04
 61 -0.00019 -4.85950e-04 | 62 -0.00043 -5.11006e-04 | 63 -0.00052 -4.41079e-04
 64 -0.00041 -4.65908e-04 | 65 -0.00008 -4.01757e-04 | 66  0.00049 -4.29364e-04
 67  0.00132 -4.68196e-04 | 68  0.00240 -4.14287e-04 | 69  0.00373 -4.76196e-04
 70  0.00529 -4.69830e-04 | 71  0.00704 -4.92628e-04 | 72  0.00895 -4.81398e-04
 73  0.01097 -4.85322e-04 | 74  0.01303 -4.77054e-04 | 75  0.01493 -4.65497e-04
 76  0.01641 -4.37699e-04 | 77  0.01722 -3.97423e-04 | 78  0.01725 -3.91434e-04
 79  0.01657 -3.47864e-04 | 80  0.01531 -2.75521e-04 | 81  0.01360 -2.32079e-04
 82  0.01155 -1.91703e-04 | 83  0.00923 -1.43273e-04 | 84  0.00664 -9.76032e-05
 85  0.00384 -5.40597e-05 | 86  0.00095  6.71701e-05 | 87 -0.00172 -4.60170e-05
 88 -0.00379  4.34467e-05 | 89 -0.00496  1.20005e-05 | 90 -0.00517  1.25560e-04
 91 -0.00476  1.30955e-04 | 92 -0.00422  1.44910e-04 | 93 -0.00384  1.53561e-04
 94 -0.00335  1.40889e-04 | 95 -0.00257  2.29669e-04 | 96 -0.00219  2.03571e-04
 97 -0.00119  3.42796e-04 | 98  0.00095  2.69568e-04 | 99  0.00451  2.99546e-04
100  0.00429  2.69385e-04 |101  0.00165  3.34817e-04 |102 -0.00316  3.30328e-04
103 -0.01402  2.48700e-04 |104 -0.01713  2.38003e-04 |105 -0.00715  2.75893e-04
106 -0.01447  2.74165e-04 |107 -0.03456  2.05146e-04 |108 -0.02172  1.41392e-04
109  0.02694  9.46194e-05 |110 -0.00426  8.86080e-05 |111 -0.04131  4.50239e-05
112 -0.02853 -5.94527e-05 |113 -0.01166 -6.49792e-05 |114  0.00777 -1.16567e-04
115 -0.01183 -1.29782e-04 |116 -0.06953 -8.51952e-05 |117 -0.08233 -8.71238e-05
118 -0.07474 -5.78095e-05 |119 -0.03864 -2.11426e-05 |120  0.09821 -5.55283e-05
121  0.05457 -8.53992e-06 |122  0.03915 -1.12419e-05 |123 -0.01448  4.19051e-05
124 -0.05531 -1.72251e-05 |125 -0.00067  5.80220e-05 |126  0.01182  9.71650e-05
127 -0.03786 -1.63141e-06 |128  0.00462  2.61369e-05 |129  0.04914  2.21596e-05
130 -0.01357  7.88481e-06 |131  0.06409  3.15364e-06 |132 -0.00440  6.51377e-06
133  0.11960  2.90792e-05 |134 -0.00480  2.86481e-05 |135 -0.05068 -3.59729e-05
136 -0.06351 -3.22323e-05 |137 -0.02970 -2.44691e-05 |138  0.08814  1.21218e-05
139  0.02386 -3.73576e-05 |140  0.01500 -1.63705e-05 |141 -0.03495 -7.38123e-06
142 -0.01567 -1.55918e-05 |143 -0.00374 -4.88371e-05 |144 -0.00043 -5.40041e-05
145  0.00000  0.00000e+00 |146  0.00000  0.00000e+00 |147  0.00000  0.00000e+00
148  0.00000  0.00000e+00 |149  0.00000  0.00000e+00 |150  0.00000  0.00000e+00
151  0.00000  0.00000e+00 |152  0.00000  0.00000e+00 |153  0.00000  0.00000e+00
154  0.00000  0.00000e+00 |155  0.00000  0.00000e+00 |156  0.00000  0.00000e+00
157  0.00000  0.00000e+00 |158  0.44836 -4.02615e-05 |159  0.34405  1.06071e-04
160 -0.19756 -2.53040e-04 |161 -0.16219 -5.55985e-08 |162  0.04023  1.56123e-05
163 -0.48713  1.02252e-05 |164 -0.15978  6.43488e-06 |165  0.00023  7.16716e-07
166 -0.07878  1.49891e-06 |167 -0.34203 -9.38892e-07 |168  0.22120 -5.46495e-06
169 -0.04701 -1.78711e-06 |170  0.17252 -3.09527e-07 |171 -0.05737  1.06733e-06
172 -0.16498 -3.22316e-07 |173 -0.47210  1.36378e-07 |174 -0.38017 -3.12572e-04
175  0.00165  5.38589e-06 |176  0.15182  7.12804e-03 |177 -0.62861 -3.97753e-06
178 -0.33078  4.32892e-05 |179  0.24600 -8.55648e-05 |180  0.05031  5.17983e-05
181 -0.18127  4.67391e-05 |182  0.18256  2.25085e-05 |183  0.31003 -7.66019e-06
184  0.07952 -7.43696e-05 |185 -0.54714 -6.87509e-07 |186 -0.35695  9.81107e-06
187  0.24299  2.84664e-06 |188  0.06675 -3.08582e-05 |189 -0.10727  1.52408e-05
190  0.04517  1.00683e-02 |191  0.27031  2.63931e-04 |192 -0.03565 -1.76656e-04
193 -0.06120 -6.33123e-05 |194 -0.21243 -2.50089e-05 |195 -0.15718 -3.62671e-07
196 -0.24598  3.05080e-03 |197 -0.39041  8.94290e-06 |198 -0.66346 -1.02519e-04
199  0.06588 -5.85063e-06 |200  0.07575  1.81942e-04 |201 -0.57636 -9.89130e-05
202  0.61824  7.35391e-02 |203  0.13696  1.68813e-02 |204 -0.06134 -5.98445e-03
205 -0.02055 -1.29233e-05 |206  0.09198  3.25156e-07 |207 -0.21164  1.24588e-06
208  0.13990  1.30793e-07 |209 -0.53745  2.06048e-06 |210 -0.55882  3.75738e-05
211  0.17004 -3.52040e-05 |212  0.09175  2.08767e-04 |213 -0.25137  1.74275e-05
Function minimizer not making progress ... is minimum attained?
Minimprove criterion = 0.0000e+00

 - final statistics:
213 variables; iteration 1; function evaluation 30
Function value 6.8799e+03; maximum gradient component mag 7.3539e-02
Exit code = 1;  converg criter 1.0000e-03
Var    Value     Gradient |Var    Value     Gradient |Var    Value     Gradient
  1 -0.41634  1.33227e-02 |  2  0.34562 -6.82825e-04 |  3 -0.19746 -1.51538e-02
  4  0.08224 -1.75498e-03 |  5 -0.60544 -2.69979e-04 |  6 -0.64957 -1.58348e-02
  7  0.35832 -6.57708e-04 |  8 -0.22205 -1.94880e-02 |  9  0.09350 -1.56790e-03
 10 -0.52474 -3.29984e-04 | 11 -0.65999 -2.17222e-02 | 12 -0.19487 -2.57813e-02
 13 -0.00088 -9.01205e-05 | 14 -0.00087 -1.06274e-04 | 15 -0.00086 -9.20699e-05
 16 -0.00085 -1.03515e-04 | 17 -0.00083 -1.16008e-04 | 18 -0.00080 -1.30727e-04
 19 -0.00077 -1.41670e-04 | 20 -0.00073 -1.51973e-04 | 21 -0.00068 -1.85583e-04
 22 -0.00062 -1.75303e-04 | 23 -0.00055 -1.97057e-04 | 24 -0.00047 -1.73732e-04
 25 -0.00037 -2.02072e-04 | 26 -0.00027 -2.25428e-04 | 27 -0.00015 -2.17985e-04
 28 -0.00001 -2.23141e-04 | 29  0.00013 -2.06685e-04 | 30  0.00029 -2.09492e-04
 31  0.00046 -2.17899e-04 | 32  0.00065 -2.14229e-04 | 33  0.00085 -2.24160e-04
 34  0.00105 -1.85857e-04 | 35  0.00128 -2.15351e-04 | 36  0.00151 -2.31347e-04
 37  0.00175 -2.36504e-04 | 38  0.00200 -2.76288e-04 | 39  0.00225 -2.99500e-04
 40  0.00252 -2.78661e-04 | 41  0.00278 -2.82139e-04 | 42  0.00305 -2.40976e-04
 43  0.00331 -3.25230e-04 | 44  0.00356 -3.21118e-04 | 45  0.00378 -2.83818e-04
 46  0.00398 -3.00031e-04 | 47  0.00413 -3.69456e-04 | 48  0.00423 -3.68624e-04
 49  0.00427 -3.21634e-04 | 50  0.00423 -2.99596e-04 | 51  0.00411 -3.07297e-04
 52  0.00390 -3.82445e-04 | 53  0.00360 -3.90384e-04 | 54  0.00322 -3.88663e-04
 55  0.00276 -4.16588e-04 | 56  0.00225 -3.77783e-04 | 57  0.00171 -4.64433e-04
 58  0.00117 -4.88723e-04 | 59  0.00065 -4.52862e-04 | 60  0.00018 -4.61232e-04
 61 -0.00019 -4.85950e-04 | 62 -0.00043 -5.11006e-04 | 63 -0.00052 -4.41079e-04
 64 -0.00041 -4.65908e-04 | 65 -0.00008 -4.01757e-04 | 66  0.00049 -4.29364e-04
 67  0.00132 -4.68196e-04 | 68  0.00240 -4.14287e-04 | 69  0.00373 -4.76196e-04
 70  0.00529 -4.69830e-04 | 71  0.00704 -4.92628e-04 | 72  0.00895 -4.81398e-04
 73  0.01097 -4.85322e-04 | 74  0.01303 -4.77054e-04 | 75  0.01493 -4.65497e-04
 76  0.01641 -4.37699e-04 | 77  0.01722 -3.97423e-04 | 78  0.01725 -3.91434e-04
 79  0.01657 -3.47864e-04 | 80  0.01531 -2.75521e-04 | 81  0.01360 -2.32079e-04
 82  0.01155 -1.91703e-04 | 83  0.00923 -1.43273e-04 | 84  0.00664 -9.76032e-05
 85  0.00384 -5.40597e-05 | 86  0.00095  6.71701e-05 | 87 -0.00172 -4.60170e-05
 88 -0.00379  4.34467e-05 | 89 -0.00496  1.20005e-05 | 90 -0.00517  1.25560e-04
 91 -0.00476  1.30955e-04 | 92 -0.00422  1.44910e-04 | 93 -0.00384  1.53561e-04
 94 -0.00335  1.40889e-04 | 95 -0.00257  2.29669e-04 | 96 -0.00219  2.03571e-04
 97 -0.00119  3.42796e-04 | 98  0.00095  2.69568e-04 | 99  0.00451  2.99546e-04
100  0.00429  2.69385e-04 |101  0.00165  3.34817e-04 |102 -0.00316  3.30328e-04
103 -0.01402  2.48700e-04 |104 -0.01713  2.38003e-04 |105 -0.00715  2.75893e-04
106 -0.01447  2.74165e-04 |107 -0.03456  2.05146e-04 |108 -0.02172  1.41392e-04
109  0.02694  9.46194e-05 |110 -0.00426  8.86080e-05 |111 -0.04131  4.50239e-05
112 -0.02853 -5.94527e-05 |113 -0.01166 -6.49792e-05 |114  0.00777 -1.16567e-04
115 -0.01183 -1.29782e-04 |116 -0.06953 -8.51952e-05 |117 -0.08233 -8.71238e-05
118 -0.07474 -5.78095e-05 |119 -0.03864 -2.11426e-05 |120  0.09821 -5.55283e-05
121  0.05457 -8.53992e-06 |122  0.03915 -1.12419e-05 |123 -0.01448  4.19051e-05
124 -0.05531 -1.72251e-05 |125 -0.00067  5.80220e-05 |126  0.01182  9.71650e-05
127 -0.03786 -1.63141e-06 |128  0.00462  2.61369e-05 |129  0.04914  2.21596e-05
130 -0.01357  7.88481e-06 |131  0.06409  3.15364e-06 |132 -0.00440  6.51377e-06
133  0.11960  2.90792e-05 |134 -0.00480  2.86481e-05 |135 -0.05068 -3.59729e-05
136 -0.06351 -3.22323e-05 |137 -0.02970 -2.44691e-05 |138  0.08814  1.21218e-05
139  0.02386 -3.73576e-05 |140  0.01500 -1.63705e-05 |141 -0.03495 -7.38123e-06
142 -0.01567 -1.55918e-05 |143 -0.00374 -4.88371e-05 |144 -0.00043 -5.40041e-05
145  0.00000  0.00000e+00 |146  0.00000  0.00000e+00 |147  0.00000  0.00000e+00
148  0.00000  0.00000e+00 |149  0.00000  0.00000e+00 |150  0.00000  0.00000e+00
151  0.00000  0.00000e+00 |152  0.00000  0.00000e+00 |153  0.00000  0.00000e+00
154  0.00000  0.00000e+00 |155  0.00000  0.00000e+00 |156  0.00000  0.00000e+00
157  0.00000  0.00000e+00 |158  0.44836 -4.02615e-05 |159  0.34405  1.06071e-04
160 -0.19756 -2.53040e-04 |161 -0.16219 -5.55985e-08 |162  0.04023  1.56123e-05
163 -0.48713  1.02252e-05 |164 -0.15978  6.43488e-06 |165  0.00023  7.16716e-07
166 -0.07878  1.49891e-06 |167 -0.34203 -9.38892e-07 |168  0.22120 -5.46495e-06
169 -0.04701 -1.78711e-06 |170  0.17252 -3.09527e-07 |171 -0.05737  1.06733e-06
172 -0.16498 -3.22316e-07 |173 -0.47210  1.36378e-07 |174 -0.38017 -3.12572e-04
175  0.00165  5.38589e-06 |176  0.15182  7.12804e-03 |177 -0.62861 -3.97753e-06
178 -0.33078  4.32892e-05 |179  0.24600 -8.55648e-05 |180  0.05031  5.17983e-05
181 -0.18127  4.67391e-05 |182  0.18256  2.25085e-05 |183  0.31003 -7.66019e-06
184  0.07952 -7.43696e-05 |185 -0.54714 -6.87509e-07 |186 -0.35695  9.81107e-06
187  0.24299  2.84664e-06 |188  0.06675 -3.08582e-05 |189 -0.10727  1.52408e-05
190  0.04517  1.00683e-02 |191  0.27031  2.63931e-04 |192 -0.03565 -1.76656e-04
193 -0.06120 -6.33123e-05 |194 -0.21243 -2.50089e-05 |195 -0.15718 -3.62671e-07
196 -0.24598  3.05080e-03 |197 -0.39041  8.94290e-06 |198 -0.66346 -1.02519e-04
199  0.06588 -5.85063e-06 |200  0.07575  1.81942e-04 |201 -0.57636 -9.89130e-05
202  0.61824  7.35391e-02 |203  0.13696  1.68813e-02 |204 -0.06134 -5.98445e-03
205 -0.02055 -1.29233e-05 |206  0.09198  3.25156e-07 |207 -0.21164  1.24588e-06
208  0.13990  1.30793e-07 |209 -0.53745  2.06048e-06 |210 -0.55882  3.75738e-05
211  0.17004 -3.52040e-05 |212  0.09175  2.08767e-04 |213 -0.25137  1.74275e-05
size of file gradfil1.tmp = 0
size of file gradfil2.tmp = 0
size of file varssave.tmp = 0
size of file cmpdiff.tmp = 1000000040
