
Initial statistics: 136 variables; iteration 0; function evaluation 0; phase 1
Function value 7.2749933e+03; maximum gradient component mag -3.1991e+01
Var    Value     Gradient |Var    Value     Gradient |Var    Value     Gradient
  1 -0.42334 -3.19908e+01 |  2 -0.09289 -1.02761e+01 |  3 -0.01009 -8.20484e-02
  4 -0.01031 -8.43054e-02 |  5 -0.01053 -8.66172e-02 |  6 -0.01074 -8.89949e-02
  7 -0.01095 -9.14435e-02 |  8 -0.01115 -9.39519e-02 |  9 -0.01135 -9.65312e-02
 10 -0.01153 -9.91866e-02 | 11 -0.01171 -1.01910e-01 | 12 -0.01187 -1.04713e-01
 13 -0.01203 -1.07607e-01 | 14 -0.01217 -1.10578e-01 | 15 -0.01229 -1.13642e-01
 16 -0.01240 -1.16800e-01 | 17 -0.01249 -1.20060e-01 | 18 -0.01255 -1.23418e-01
 19 -0.01260 -1.26885e-01 | 20 -0.01262 -1.30455e-01 | 21 -0.01262 -1.34138e-01
 22 -0.01260 -1.37945e-01 | 23 -0.01254 -1.41880e-01 | 24 -0.01246 -1.45957e-01
 25 -0.01235 -1.50193e-01 | 26 -0.01220 -1.54583e-01 | 27 -0.01202 -1.59140e-01
 28 -0.01180 -1.63866e-01 | 29 -0.01154 -1.68761e-01 | 30 -0.01124 -1.73813e-01
 31 -0.01091 -1.79047e-01 | 32 -0.01054 -1.84468e-01 | 33 -0.01013 -1.90072e-01
 34 -0.00969 -1.95872e-01 | 35 -0.00923 -2.01867e-01 | 36 -0.00876 -2.08037e-01
 37 -0.00827 -2.14389e-01 | 38 -0.00779 -2.20903e-01 | 39 -0.00732 -2.27582e-01
 40 -0.00687 -2.34426e-01 | 41 -0.00646 -2.41424e-01 | 42 -0.00610 -2.48564e-01
 43 -0.00578 -2.55815e-01 | 44 -0.00550 -2.63137e-01 | 45 -0.00527 -2.70536e-01
 46 -0.00505 -2.78067e-01 | 47 -0.00484 -2.85769e-01 | 48 -0.00461 -2.93705e-01
 49 -0.00433 -3.01996e-01 | 50 -0.00397 -3.10689e-01 | 51 -0.00351 -3.19878e-01
 52 -0.00290 -3.29688e-01 | 53 -0.00211 -3.40179e-01 | 54 -0.00112 -3.51530e-01
 55  0.00012 -3.63794e-01 | 56  0.00162 -3.77403e-01 | 57  0.00342 -3.92421e-01
 58  0.00553 -4.08940e-01 | 59  0.00797 -4.27188e-01 | 60  0.01071 -4.47269e-01
 61  0.01374 -4.69203e-01 | 62  0.01700 -4.92783e-01 | 63  0.02037 -5.17710e-01
 64  0.02373 -5.43416e-01 | 65  0.02687 -5.69015e-01 | 66  0.02959 -5.93464e-01
 67  0.03168 -6.15648e-01 | 68  0.03301 -6.34565e-01 | 69  0.03358 -6.49707e-01
 70  0.03344 -6.61025e-01 | 71  0.03272 -6.68684e-01 | 72  0.03145 -6.72563e-01
 73  0.02960 -6.72136e-01 | 74  0.02705 -6.66634e-01 | 75  0.02380 -6.55740e-01
 76  0.01999 -6.40131e-01 | 77  0.01602 -6.21624e-01 | 78  0.01239 -6.02418e-01
 79  0.00955 -5.84217e-01 | 80  0.00761 -5.66798e-01 | 81  0.00637 -5.48546e-01
 82  0.00544 -5.26787e-01 | 83  0.00468 -5.00188e-01 | 84  0.00458 -4.69728e-01
 85  0.00522 -4.34572e-01 | 86  0.00545 -3.89535e-01 | 87  0.00713 -3.39049e-01
 88  0.00970 -2.78444e-01 | 89  0.01366 -2.04839e-01 | 90  0.01376 -1.08640e-01
 91  0.01250  2.36769e-03 | 92  0.01081  1.23146e-01 | 93  0.00275  2.35780e-01
 94  0.00360  3.54711e-01 | 95  0.02294  5.23070e-01 | 96  0.02140  5.71056e-01
 97 -0.00268  4.51098e-01 | 98  0.01577  4.24435e-01 | 99  0.08374  5.06147e-01
100  0.02820  2.11125e-01 |101 -0.01452  7.85152e-02 |102  0.00430 -3.79513e-03
103  0.01938 -1.56036e-01 |104  0.03866 -4.39646e-01 |105  0.00285 -5.88219e-01
106 -0.06248 -5.24745e-01 |107 -0.07893 -6.02614e-01 |108 -0.07730 -6.99398e-01
109 -0.03457 -9.85273e-01 |110  0.06971 -1.91773e+00 |111  0.02361 -9.57460e-01
112  0.01375 -3.67045e-01 |113 -0.02797  2.61573e-01 |114 -0.06716  6.75431e-01
115 -0.00654  1.93971e+00 |116  0.00456  2.85961e+00 |117 -0.02731  2.53369e+00
118  0.02817  3.88160e+00 |119  0.07344  4.76439e+00 |120  0.01038  2.28746e+00
121  0.08254  2.79570e+00 |122  0.00575  9.66049e-01 |123  0.13287  1.71103e+00
124 -0.00532  4.41707e-01 |125 -0.04646  2.56214e-01 |126 -0.05671  2.10741e-01
127 -0.02192  3.03186e-01 |128  0.09420  4.09033e-01 |129  0.03190  3.59118e-02
130  0.01685 -5.14604e-05 |131 -0.02798 -1.18235e-04 |132 -0.01758 -3.96482e-05
133 -0.00588 -2.39671e-04 |134 -0.00040 -1.75987e-05 |135  0.27670 -1.33095e-04
136  0.18753  3.27385e-04 |

 - final statistics:
136 variables; iteration 17; function evaluation 20
Function value 7.2749e+03; maximum gradient component mag -8.7455e+00
Exit code = 1;  converg criter 1.0000e+01
Var    Value     Gradient |Var    Value     Gradient |Var    Value     Gradient
  1 -0.42203 -8.74546e+00 |  2 -0.08435  4.83825e+00 |  3 -0.00987 -7.15971e-04
  4 -0.01008  1.19355e-04 |  5 -0.01029  9.79021e-04 |  6 -0.01049  1.85163e-03
  7 -0.01070  2.73357e-03 |  8 -0.01089  3.62934e-03 |  9 -0.01108  4.52590e-03
 10 -0.01126  5.41596e-03 | 11 -0.01143  6.30185e-03 | 12 -0.01159  7.17091e-03
 13 -0.01173  8.01129e-03 | 14 -0.01186  8.83003e-03 | 15 -0.01198  9.61220e-03
 16 -0.01208  1.03541e-02 | 17 -0.01217  1.10481e-02 | 18 -0.01223  1.16910e-02
 19 -0.01227  1.22679e-02 | 20 -0.01229  1.27751e-02 | 21 -0.01228  1.31994e-02
 22 -0.01225  1.35281e-02 | 23 -0.01220  1.37552e-02 | 24 -0.01211  1.38701e-02
 25 -0.01200  1.38587e-02 | 26 -0.01185  1.37227e-02 | 27 -0.01166  1.34486e-02
 28 -0.01144  1.30326e-02 | 29 -0.01119  1.24659e-02 | 30 -0.01089  1.17409e-02
 31 -0.01056  1.08543e-02 | 32 -0.01019  9.79539e-03 | 33 -0.00979  8.57116e-03
 34 -0.00936  7.17695e-03 | 35 -0.00890  5.61010e-03 | 36 -0.00843  3.87831e-03
 37 -0.00795  1.96650e-03 | 38 -0.00748 -1.22926e-04 | 39 -0.00702 -2.40173e-03
 40 -0.00659 -4.86423e-03 | 41 -0.00619 -7.49448e-03 | 42 -0.00584 -1.02952e-02
 43 -0.00553 -1.32508e-02 | 44 -0.00527 -1.63464e-02 | 45 -0.00505 -1.95905e-02
 46 -0.00486 -2.29602e-02 | 47 -0.00466 -2.63601e-02 | 48 -0.00445 -2.97362e-02
 49 -0.00418 -3.30484e-02 | 50 -0.00384 -3.61909e-02 | 51 -0.00340 -3.90721e-02
 52 -0.00281 -4.17145e-02 | 53 -0.00204 -4.40110e-02 | 54 -0.00106 -4.59741e-02
 55  0.00015 -4.75775e-02 | 56  0.00164 -4.88720e-02 | 57  0.00342 -4.98723e-02
 58  0.00551 -5.05657e-02 | 59  0.00792 -5.10563e-02 | 60  0.01064 -5.14523e-02
 61  0.01365 -5.17458e-02 | 62  0.01687 -5.17622e-02 | 63  0.02021 -5.13556e-02
 64  0.02353 -5.01846e-02 | 65  0.02663 -4.78710e-02 | 66  0.02929 -4.46145e-02
 67  0.03133 -4.03897e-02 | 68  0.03261 -3.47386e-02 | 69  0.03311 -2.75974e-02
 70  0.03292 -1.85493e-02 | 71  0.03215 -8.03856e-03 | 72  0.03083  3.76578e-03
 73  0.02893  1.62608e-02 | 74  0.02635  2.88402e-02 | 75  0.02305  4.09548e-02
 76  0.01920  5.23752e-02 | 77  0.01519  6.34166e-02 | 78  0.01153  7.44777e-02
 79  0.00864  8.64581e-02 | 80  0.00666  1.00516e-01 | 81  0.00540  1.17446e-01
 82  0.00445  1.37373e-01 | 83  0.00369  1.59780e-01 | 84  0.00360  1.84433e-01
 85  0.00427  2.10074e-01 | 86  0.00454  2.32710e-01 | 87  0.00625  2.53543e-01
 88  0.00884  2.68974e-01 | 89  0.01280  2.78393e-01 | 90  0.01295  2.83616e-01
 91  0.01173  2.71556e-01 | 92  0.01005  2.44283e-01 | 93  0.00205  2.02488e-01
 94  0.00287  1.62749e-01 | 95  0.02227  1.85612e-01 | 96  0.02092  1.98019e-01
 97 -0.00275  2.56694e-01 | 98  0.01617  4.22363e-01 | 99  0.08511  9.23653e-01
100  0.02929  7.27151e-01 |101 -0.01368  5.13145e-01 |102  0.00523  5.82524e-01
103  0.02047  6.42980e-01 |104  0.04018  6.05952e-01 |105  0.00414  1.05706e-01
106 -0.06179 -4.40296e-01 |107 -0.07849 -7.78423e-01 |108 -0.07671 -7.71628e-01
109 -0.03353 -5.50596e-01 |110  0.07197 -2.94558e-01 |111  0.02535 -1.07803e-01
112  0.01520 -2.49802e-01 |113 -0.02697 -1.26688e-01 |114 -0.06635  4.18346e-02
115 -0.00605  1.69289e-01 |116  0.00428  2.83370e-01 |117 -0.02800  2.73654e-01
118  0.02715  4.82281e-01 |119  0.07200  5.40125e-01 |120  0.00939  1.74325e-01
121  0.08080 -5.50446e-02 |122  0.00491 -9.99258e-02 |123  0.13065 -9.45647e-01
124 -0.00589  9.28178e-02 |125 -0.04689  1.03960e-01 |126 -0.05730  1.67068e-02
127 -0.02263  4.43036e-02 |128  0.09369  1.41031e-01 |129  0.03192  1.90345e-02
130  0.01680 -2.01597e-02 |131 -0.02777  5.82259e-02 |132 -0.01727  8.29947e-02
133 -0.00573  3.45887e-02 |134 -0.00038  4.16177e-03 |135  0.26486  1.06257e-01
136  0.17815  3.78727e+00 |

Initial statistics: 146 variables; iteration 0; function evaluation 0; phase 2
Function value 7.2749135e+03; maximum gradient component mag -7.4748e+01
Var    Value     Gradient |Var    Value     Gradient |Var    Value     Gradient
  1 -0.42203 -8.74546e+00 |  2  0.37110 -1.76346e+00 |  3 -0.12614 -2.17623e+01
  4 -0.01321 -1.91869e+00 |  5 -0.70915 -3.51377e-01 |  6 -0.60419 -4.05505e+00
  7  0.37628 -7.85365e+00 |  8 -0.18524 -7.47481e+01 |  9  0.03399 -1.74728e+01
 10 -0.60948 -1.30144e+00 | 11 -0.62338 -1.55079e+01 | 12 -0.08435  4.83825e+00
 13 -0.00987 -7.15971e-04 | 14 -0.01008  1.19355e-04 | 15 -0.01029  9.79021e-04
 16 -0.01049  1.85163e-03 | 17 -0.01070  2.73357e-03 | 18 -0.01089  3.62934e-03
 19 -0.01108  4.52590e-03 | 20 -0.01126  5.41596e-03 | 21 -0.01143  6.30185e-03
 22 -0.01159  7.17091e-03 | 23 -0.01173  8.01129e-03 | 24 -0.01186  8.83003e-03
 25 -0.01198  9.61220e-03 | 26 -0.01208  1.03541e-02 | 27 -0.01217  1.10481e-02
 28 -0.01223  1.16910e-02 | 29 -0.01227  1.22679e-02 | 30 -0.01229  1.27751e-02
 31 -0.01228  1.31994e-02 | 32 -0.01225  1.35281e-02 | 33 -0.01220  1.37552e-02
 34 -0.01211  1.38701e-02 | 35 -0.01200  1.38587e-02 | 36 -0.01185  1.37227e-02
 37 -0.01166  1.34486e-02 | 38 -0.01144  1.30326e-02 | 39 -0.01119  1.24659e-02
 40 -0.01089  1.17409e-02 | 41 -0.01056  1.08543e-02 | 42 -0.01019  9.79539e-03
 43 -0.00979  8.57116e-03 | 44 -0.00936  7.17695e-03 | 45 -0.00890  5.61010e-03
 46 -0.00843  3.87831e-03 | 47 -0.00795  1.96650e-03 | 48 -0.00748 -1.22926e-04
 49 -0.00702 -2.40173e-03 | 50 -0.00659 -4.86423e-03 | 51 -0.00619 -7.49448e-03
 52 -0.00584 -1.02952e-02 | 53 -0.00553 -1.32508e-02 | 54 -0.00527 -1.63464e-02
 55 -0.00505 -1.95905e-02 | 56 -0.00486 -2.29602e-02 | 57 -0.00466 -2.63601e-02
 58 -0.00445 -2.97362e-02 | 59 -0.00418 -3.30484e-02 | 60 -0.00384 -3.61909e-02
 61 -0.00340 -3.90721e-02 | 62 -0.00281 -4.17145e-02 | 63 -0.00204 -4.40110e-02
 64 -0.00106 -4.59741e-02 | 65  0.00015 -4.75775e-02 | 66  0.00164 -4.88720e-02
 67  0.00342 -4.98723e-02 | 68  0.00551 -5.05657e-02 | 69  0.00792 -5.10563e-02
 70  0.01064 -5.14523e-02 | 71  0.01365 -5.17458e-02 | 72  0.01687 -5.17622e-02
 73  0.02021 -5.13556e-02 | 74  0.02353 -5.01846e-02 | 75  0.02663 -4.78710e-02
 76  0.02929 -4.46145e-02 | 77  0.03133 -4.03897e-02 | 78  0.03261 -3.47386e-02
 79  0.03311 -2.75974e-02 | 80  0.03292 -1.85493e-02 | 81  0.03215 -8.03856e-03
 82  0.03083  3.76578e-03 | 83  0.02893  1.62608e-02 | 84  0.02635  2.88402e-02
 85  0.02305  4.09548e-02 | 86  0.01920  5.23752e-02 | 87  0.01519  6.34166e-02
 88  0.01153  7.44777e-02 | 89  0.00864  8.64581e-02 | 90  0.00666  1.00516e-01
 91  0.00540  1.17446e-01 | 92  0.00445  1.37373e-01 | 93  0.00369  1.59780e-01
 94  0.00360  1.84433e-01 | 95  0.00427  2.10074e-01 | 96  0.00454  2.32710e-01
 97  0.00625  2.53543e-01 | 98  0.00884  2.68974e-01 | 99  0.01280  2.78393e-01
100  0.01295  2.83616e-01 |101  0.01173  2.71556e-01 |102  0.01005  2.44283e-01
103  0.00205  2.02488e-01 |104  0.00287  1.62749e-01 |105  0.02227  1.85612e-01
106  0.02092  1.98019e-01 |107 -0.00275  2.56694e-01 |108  0.01617  4.22363e-01
109  0.08511  9.23653e-01 |110  0.02929  7.27151e-01 |111 -0.01368  5.13145e-01
112  0.00523  5.82524e-01 |113  0.02047  6.42980e-01 |114  0.04018  6.05952e-01
115  0.00414  1.05706e-01 |116 -0.06179 -4.40296e-01 |117 -0.07849 -7.78423e-01
118 -0.07671 -7.71628e-01 |119 -0.03353 -5.50596e-01 |120  0.07197 -2.94558e-01
121  0.02535 -1.07803e-01 |122  0.01520 -2.49802e-01 |123 -0.02697 -1.26688e-01
124 -0.06635  4.18346e-02 |125 -0.00605  1.69289e-01 |126  0.00428  2.83370e-01
127 -0.02800  2.73654e-01 |128  0.02715  4.82281e-01 |129  0.07200  5.40125e-01
130  0.00939  1.74325e-01 |131  0.08080 -5.50446e-02 |132  0.00491 -9.99258e-02
133  0.13065 -9.45647e-01 |134 -0.00589  9.28178e-02 |135 -0.04689  1.03960e-01
136 -0.05730  1.67068e-02 |137 -0.02263  4.43036e-02 |138  0.09369  1.41031e-01
139  0.03192  1.90345e-02 |140  0.01680 -2.01597e-02 |141 -0.02777  5.82259e-02
142 -0.01727  8.29947e-02 |143 -0.00573  3.45887e-02 |144 -0.00038  4.16177e-03
145  0.26486  1.06257e-01 |146  0.17815  3.78727e+00 |

Intermediate statistics: 146 variables; iteration 20; function evaluation 25; phase 2
Function value 7.2748531e+03; maximum gradient component mag -5.0979e+01
Var    Value     Gradient |Var    Value     Gradient |Var    Value     Gradient
  1 -0.42186 -6.33103e+00 |  2  0.37119 -5.68344e+00 |  3 -0.12541 -4.42832e+00
  4 -0.01398  1.35105e+00 |  5 -0.70882  1.55095e-01 |  6 -0.60412 -1.04037e+00
  7  0.37647 -2.51537e+01 |  8 -0.18401 -5.09786e+01 |  9  0.03218 -2.28595e+01
 10 -0.60909 -2.75722e-01 | 11 -0.62302 -5.15539e+00 | 12 -0.08189 -1.37585e+00
 13 -0.00988 -6.82326e-03 | 14 -0.01009 -6.49095e-03 | 15 -0.01030 -6.13508e-03
 16 -0.01051 -5.76125e-03 | 17 -0.01071 -5.36996e-03 | 18 -0.01091 -4.95784e-03
 19 -0.01110 -4.53162e-03 | 20 -0.01128 -4.09437e-03 | 21 -0.01145 -3.64332e-03
 22 -0.01161 -3.18444e-03 | 23 -0.01176 -2.72313e-03 | 24 -0.01189 -2.25317e-03
 25 -0.01201 -1.78168e-03 | 26 -0.01211 -1.30940e-03 | 27 -0.01220 -8.40209e-04
 28 -0.01226 -3.75592e-04 | 29 -0.01230  7.63161e-05 | 30 -0.01232  5.15319e-04
 31 -0.01232  9.36800e-04 | 32 -0.01229  1.33682e-03 | 33 -0.01223  1.71554e-03
 34 -0.01215  2.06997e-03 | 35 -0.01203  2.39392e-03 | 36 -0.01188  2.68984e-03
 37 -0.01170  2.94965e-03 | 38 -0.01148  3.17105e-03 | 39 -0.01122  3.34837e-03
 40 -0.01092  3.47458e-03 | 41 -0.01059  3.55265e-03 | 42 -0.01022  3.57530e-03
 43 -0.00981  3.54641e-03 | 44 -0.00938  3.46217e-03 | 45 -0.00892  3.31801e-03
 46 -0.00845  3.11409e-03 | 47 -0.00796  2.83802e-03 | 48 -0.00749  2.48666e-03
 49 -0.00702  2.04987e-03 | 50 -0.00659  1.52673e-03 | 51 -0.00619  9.18866e-04
 52 -0.00583  2.12940e-04 | 53 -0.00552 -5.97794e-04 | 54 -0.00526 -1.52497e-03
 55 -0.00503 -2.59322e-03 | 56 -0.00483 -3.80830e-03 | 57 -0.00464 -5.13696e-03
 58 -0.00442 -6.56996e-03 | 59 -0.00415 -8.10240e-03 | 60 -0.00381 -9.69839e-03
 61 -0.00336 -1.13280e-02 | 62 -0.00277 -1.30196e-02 | 63 -0.00201 -1.47384e-02
 64 -0.00104 -1.65080e-02 | 65  0.00017 -1.83382e-02 | 66  0.00165 -2.02756e-02
 67  0.00342 -2.23589e-02 | 68  0.00551 -2.46168e-02 | 69  0.00791 -2.71169e-02
 70  0.01062 -2.98971e-02 | 71  0.01361 -3.29375e-02 | 72  0.01682 -3.61701e-02
 73  0.02015 -3.95467e-02 | 74  0.02345 -4.30534e-02 | 75  0.02654 -4.67478e-02
 76  0.02918 -5.05649e-02 | 77  0.03120 -5.44316e-02 | 78  0.03245 -5.84613e-02
 79  0.03293 -6.26690e-02 | 80  0.03270 -6.72399e-02 | 81  0.03188 -7.19106e-02
 82  0.03052 -7.64820e-02 | 83  0.02859 -8.05621e-02 | 84  0.02597 -8.38881e-02
 85  0.02266 -8.65400e-02 | 86  0.01880 -8.90348e-02 | 87  0.01477 -9.20974e-02
 88  0.01110 -9.62224e-02 | 89  0.00819 -1.01480e-01 | 90  0.00620 -1.07300e-01
 91  0.00491 -1.12867e-01 | 92  0.00395 -1.17326e-01 | 93  0.00318 -1.20616e-01
 94  0.00308 -1.24181e-01 | 95  0.00375 -1.27631e-01 | 96  0.00403 -1.28063e-01
 97  0.00575 -1.34229e-01 | 98  0.00834 -1.44506e-01 | 99  0.01228 -1.59413e-01
100  0.01247 -1.55562e-01 |101  0.01129 -1.52614e-01 |102  0.00968 -1.41627e-01
103  0.00181 -1.19799e-01 |104  0.00272 -1.30009e-01 |105  0.02207 -1.13577e-01
106  0.02094  1.34436e-02 |107 -0.00269  1.32168e-01 |108  0.01638  3.18784e-01
109  0.08484  6.51607e-01 |110  0.02953  7.29118e-01 |111 -0.01374  3.95675e-01
112  0.00515  3.70681e-01 |113  0.02031  4.13938e-01 |114  0.04019  5.78449e-01
115  0.00430  4.03487e-01 |116 -0.06127 -2.82463e-04 |117 -0.07777 -2.38619e-01
118 -0.07610 -3.55503e-01 |119 -0.03319 -3.46602e-01 |120  0.07212 -2.73451e-01
121  0.02552  2.26314e-02 |122  0.01538 -2.29073e-01 |123 -0.02677 -7.40985e-02
124 -0.06619 -8.02322e-02 |125 -0.00579  4.22049e-02 |126  0.00465  2.59899e-01
127 -0.02769  2.11251e-01 |128  0.02695  1.47340e-01 |129  0.07265  4.22707e-01
130  0.00896 -7.49556e-02 |131  0.08162  1.70639e-01 |132  0.00527  8.52756e-02
133  0.13173 -3.84762e-01 |134 -0.00590 -3.70244e-02 |135 -0.04686  3.48451e-02
136 -0.05725 -3.70392e-02 |137 -0.02252  5.40232e-02 |138  0.09390  1.33377e-01
139  0.03198 -2.17364e-02 |140  0.01688 -5.07316e-02 |141 -0.02788 -5.40621e-03
142 -0.01741  6.84203e-03 |143 -0.00612 -7.01068e-02 |144 -0.00039  1.02500e-03
145  0.26111 -1.19840e+00 |146  0.17471  1.37067e-01 |

 - final statistics:
146 variables; iteration 32; function evaluation 42
Function value 7.2748e+03; maximum gradient component mag -1.7951e+00
Exit code = 1;  converg criter 1.0000e+01
Var    Value     Gradient |Var    Value     Gradient |Var    Value     Gradient
  1 -0.42145 -2.03695e-01 |  2  0.37172 -9.50029e-02 |  3 -0.12488 -1.45450e-01
  4 -0.01517  4.58314e-02 |  5 -0.70801  4.57181e-01 |  6 -0.60408 -7.61314e-02
  7  0.37729 -8.91376e-01 |  8 -0.18275 -1.79512e+00 |  9  0.03050 -7.26377e-01
 10 -0.60921 -1.43531e-01 | 11 -0.62284 -2.44322e-01 | 12 -0.08310 -8.64162e-02
 13 -0.00981 -1.13059e-02 | 14 -0.01003 -1.24682e-02 | 15 -0.01024 -1.36564e-02
 16 -0.01045 -1.48601e-02 | 17 -0.01066 -1.60735e-02 | 18 -0.01086 -1.72928e-02
 19 -0.01106 -1.85057e-02 | 20 -0.01124 -1.97026e-02 | 21 -0.01142 -2.08785e-02
 22 -0.01158 -2.20211e-02 | 23 -0.01173 -2.31188e-02 | 24 -0.01187 -2.41691e-02
 25 -0.01199 -2.51594e-02 | 26 -0.01210 -2.60827e-02 | 27 -0.01219 -2.69304e-02
 28 -0.01225 -2.76960e-02 | 29 -0.01230 -2.83680e-02 | 30 -0.01232 -2.89386e-02
 31 -0.01232 -2.93962e-02 | 32 -0.01229 -2.97291e-02 | 33 -0.01223 -2.99290e-02
 34 -0.01215 -2.99873e-02 | 35 -0.01203 -2.98947e-02 | 36 -0.01189 -2.96515e-02
 37 -0.01170 -2.92525e-02 | 38 -0.01148 -2.86992e-02 | 39 -0.01122 -2.79910e-02
 40 -0.01092 -2.71280e-02 | 41 -0.01058 -2.61158e-02 | 42 -0.01021 -2.49554e-02
 43 -0.00980 -2.36587e-02 | 44 -0.00936 -2.22343e-02 | 45 -0.00890 -2.06912e-02
 46 -0.00842 -1.90422e-02 | 47 -0.00794 -1.72858e-02 | 48 -0.00745 -1.54277e-02
 49 -0.00698 -1.34688e-02 | 50 -0.00654 -1.14260e-02 | 51 -0.00613 -9.32994e-03
 52 -0.00577 -7.20417e-03 | 53 -0.00546 -5.07701e-03 | 54 -0.00519 -2.96786e-03
 55 -0.00496 -8.84793e-04 | 56 -0.00475  1.13321e-03 | 57 -0.00455  2.99548e-03
 58 -0.00432  4.62824e-03 | 59 -0.00405  5.96825e-03 | 60 -0.00371  6.93026e-03
 61 -0.00326  7.45352e-03 | 62 -0.00267  7.55330e-03 | 63 -0.00191  7.21021e-03
 64 -0.00094  6.48048e-03 | 65  0.00027  5.42880e-03 | 66  0.00174  4.14975e-03
 67  0.00351  2.72602e-03 | 68  0.00559  1.20347e-03 | 69  0.00799 -4.77572e-04
 70  0.01069 -2.58142e-03 | 71  0.01367 -5.44278e-03 | 72  0.01687 -9.08001e-03
 73  0.02019 -1.28469e-02 | 74  0.02348 -1.54229e-02 | 75  0.02657 -1.62041e-02
 76  0.02923 -1.36116e-02 | 77  0.03129 -6.39547e-03 | 78  0.03258  6.45992e-04
 79  0.03308  3.70444e-03 | 80  0.03282 -3.37750e-03 | 81  0.03195 -1.37833e-02
 82  0.03055 -2.26155e-02 | 83  0.02861 -2.34098e-02 | 84  0.02604 -1.59962e-02
 85  0.02277 -6.27788e-03 | 86  0.01892 -5.40091e-04 | 87  0.01491  1.43031e-03
 88  0.01124  3.71072e-03 | 89  0.00835  7.99212e-03 | 90  0.00638  1.28937e-02
 91  0.00510  1.63177e-02 | 92  0.00413  1.67439e-02 | 93  0.00334  1.38061e-02
 94  0.00322  9.66002e-03 | 95  0.00385  4.60102e-03 | 96  0.00408 -7.19482e-03
 97  0.00577 -1.16578e-02 | 98  0.00836 -1.57739e-02 | 99  0.01230 -1.52697e-02
100  0.01246 -1.73649e-02 |101  0.01127 -1.69813e-02 |102  0.00967 -9.52932e-03
103  0.00181 -4.31711e-03 |104  0.00277  1.12341e-02 |105  0.02215  3.13743e-02
106  0.02082  5.58483e-03 |107 -0.00304 -3.58634e-02 |108  0.01609  3.88406e-02
109  0.08406  9.28140e-03 |110  0.02882  3.77382e-02 |111 -0.01408  1.34549e-02
112  0.00459 -6.18590e-02 |113  0.01971 -6.05725e-02 |114  0.03945  4.09556e-02
115  0.00379  1.18849e-01 |116 -0.06167 -1.44781e-02 |117 -0.07798 -6.97338e-02
118 -0.07621  1.85220e-02 |119 -0.03326  1.30481e-01 |120  0.07141 -7.30235e-02
121  0.02492 -3.04143e-02 |122  0.01507  8.39829e-02 |123 -0.02726  1.09463e-02
124 -0.06685 -2.38681e-02 |125 -0.00628  8.02567e-02 |126  0.00392 -4.01169e-02
127 -0.02835 -1.37504e-02 |128  0.02585 -2.33625e-01 |129  0.07175 -1.02470e-01
130  0.00882  1.46151e-01 |131  0.08150  2.66103e-01 |132  0.00536  1.52772e-01
133  0.13161 -2.02821e-01 |134 -0.00644  1.15701e-02 |135 -0.04788 -1.79178e-01
136 -0.05721  1.11466e-01 |137 -0.02255  5.14404e-02 |138  0.09349 -1.11846e-01
139  0.03190  7.08075e-02 |140  0.01699  7.46011e-02 |141 -0.02800  1.82146e-02
142 -0.01768 -6.66664e-02 |143 -0.00628  7.49517e-03 |144 -0.00041 -7.70636e-04
145  0.26324 -4.45024e-02 |146  0.17617  2.81557e-03 |

Initial statistics: 176 variables; iteration 0; function evaluation 0; phase 3
Function value 7.2748221e+03; maximum gradient component mag -1.5770e+01
Var    Value     Gradient |Var    Value     Gradient |Var    Value     Gradient
  1 -0.42145 -2.03695e-01 |  2  0.37172 -9.50029e-02 |  3 -0.12488 -1.45450e-01
  4 -0.01517  4.58314e-02 |  5 -0.70801  4.57181e-01 |  6 -0.60408 -7.61314e-02
  7  0.37729 -8.91376e-01 |  8 -0.18275 -1.79512e+00 |  9  0.03050 -7.26377e-01
 10 -0.60921 -1.43531e-01 | 11 -0.62284 -2.44322e-01 | 12 -0.08310 -8.64162e-02
 13 -0.00981 -1.13059e-02 | 14 -0.01003 -1.24682e-02 | 15 -0.01024 -1.36564e-02
 16 -0.01045 -1.48601e-02 | 17 -0.01066 -1.60735e-02 | 18 -0.01086 -1.72928e-02
 19 -0.01106 -1.85057e-02 | 20 -0.01124 -1.97026e-02 | 21 -0.01142 -2.08785e-02
 22 -0.01158 -2.20211e-02 | 23 -0.01173 -2.31188e-02 | 24 -0.01187 -2.41691e-02
 25 -0.01199 -2.51594e-02 | 26 -0.01210 -2.60827e-02 | 27 -0.01219 -2.69304e-02
 28 -0.01225 -2.76960e-02 | 29 -0.01230 -2.83680e-02 | 30 -0.01232 -2.89386e-02
 31 -0.01232 -2.93962e-02 | 32 -0.01229 -2.97291e-02 | 33 -0.01223 -2.99290e-02
 34 -0.01215 -2.99873e-02 | 35 -0.01203 -2.98947e-02 | 36 -0.01189 -2.96515e-02
 37 -0.01170 -2.92525e-02 | 38 -0.01148 -2.86992e-02 | 39 -0.01122 -2.79910e-02
 40 -0.01092 -2.71280e-02 | 41 -0.01058 -2.61158e-02 | 42 -0.01021 -2.49554e-02
 43 -0.00980 -2.36587e-02 | 44 -0.00936 -2.22343e-02 | 45 -0.00890 -2.06912e-02
 46 -0.00842 -1.90422e-02 | 47 -0.00794 -1.72858e-02 | 48 -0.00745 -1.54277e-02
 49 -0.00698 -1.34688e-02 | 50 -0.00654 -1.14260e-02 | 51 -0.00613 -9.32994e-03
 52 -0.00577 -7.20417e-03 | 53 -0.00546 -5.07701e-03 | 54 -0.00519 -2.96786e-03
 55 -0.00496 -8.84793e-04 | 56 -0.00475  1.13321e-03 | 57 -0.00455  2.99548e-03
 58 -0.00432  4.62824e-03 | 59 -0.00405  5.96825e-03 | 60 -0.00371  6.93026e-03
 61 -0.00326  7.45352e-03 | 62 -0.00267  7.55330e-03 | 63 -0.00191  7.21021e-03
 64 -0.00094  6.48048e-03 | 65  0.00027  5.42880e-03 | 66  0.00174  4.14975e-03
 67  0.00351  2.72602e-03 | 68  0.00559  1.20347e-03 | 69  0.00799 -4.77572e-04
 70  0.01069 -2.58142e-03 | 71  0.01367 -5.44278e-03 | 72  0.01687 -9.08001e-03
 73  0.02019 -1.28469e-02 | 74  0.02348 -1.54229e-02 | 75  0.02657 -1.62041e-02
 76  0.02923 -1.36116e-02 | 77  0.03129 -6.39547e-03 | 78  0.03258  6.45992e-04
 79  0.03308  3.70444e-03 | 80  0.03282 -3.37750e-03 | 81  0.03195 -1.37833e-02
 82  0.03055 -2.26155e-02 | 83  0.02861 -2.34098e-02 | 84  0.02604 -1.59962e-02
 85  0.02277 -6.27788e-03 | 86  0.01892 -5.40091e-04 | 87  0.01491  1.43031e-03
 88  0.01124  3.71072e-03 | 89  0.00835  7.99212e-03 | 90  0.00638  1.28937e-02
 91  0.00510  1.63177e-02 | 92  0.00413  1.67439e-02 | 93  0.00334  1.38061e-02
 94  0.00322  9.66002e-03 | 95  0.00385  4.60102e-03 | 96  0.00408 -7.19482e-03
 97  0.00577 -1.16578e-02 | 98  0.00836 -1.57739e-02 | 99  0.01230 -1.52697e-02
100  0.01246 -1.73649e-02 |101  0.01127 -1.69813e-02 |102  0.00967 -9.52932e-03
103  0.00181 -4.31711e-03 |104  0.00277  1.12341e-02 |105  0.02215  3.13743e-02
106  0.02082  5.58483e-03 |107 -0.00304 -3.58634e-02 |108  0.01609  3.88406e-02
109  0.08406  9.28140e-03 |110  0.02882  3.77382e-02 |111 -0.01408  1.34549e-02
112  0.00459 -6.18590e-02 |113  0.01971 -6.05725e-02 |114  0.03945  4.09556e-02
115  0.00379  1.18849e-01 |116 -0.06167 -1.44781e-02 |117 -0.07798 -6.97338e-02
118 -0.07621  1.85220e-02 |119 -0.03326  1.30481e-01 |120  0.07141 -7.30235e-02
121  0.02492 -3.04143e-02 |122  0.01507  8.39829e-02 |123 -0.02726  1.09463e-02
124 -0.06685 -2.38681e-02 |125 -0.00628  8.02567e-02 |126  0.00392 -4.01169e-02
127 -0.02835 -1.37504e-02 |128  0.02585 -2.33625e-01 |129  0.07175 -1.02470e-01
130  0.00882  1.46151e-01 |131  0.08150  2.66103e-01 |132  0.00536  1.52772e-01
133  0.13161 -2.02821e-01 |134 -0.00644  1.15701e-02 |135 -0.04788 -1.79178e-01
136 -0.05721  1.11466e-01 |137 -0.02255  5.14404e-02 |138  0.09349 -1.11846e-01
139  0.03190  7.08075e-02 |140  0.01699  7.46011e-02 |141 -0.02800  1.82146e-02
142 -0.01768 -6.66664e-02 |143 -0.00628  7.49517e-03 |144 -0.00041 -7.70636e-04
145  0.26324 -4.45024e-02 |146  0.17617  2.81557e-03 |147  0.04662  7.21992e+00
148  0.29671 -9.88714e+00 |149 -0.47543  2.00083e-01 |150  0.31377 -3.24873e-02
151  0.18255  9.99268e+00 |152  0.25986 -1.57702e+01 |153  0.17459  2.04595e+00
154  0.25418 -2.87811e+00 |155  0.10351  1.50768e-01 |156  0.29677 -2.31257e-01
157  0.16893  3.81612e+00 |158  0.24623 -4.52153e+00 |159 -0.35197 -5.11558e-01
160  0.24281  4.94373e-01 |161  0.20265 -2.47536e-01 |162  0.31675  1.20497e+00
163 -0.38040  2.91390e-01 |164  0.23607 -1.30188e+00 |165  0.05118  2.91335e-01
166  0.11969  4.17391e-02 |167  0.32140 -4.45777e-01 |168  0.27252 -6.06562e-02
169  0.01343 -1.27866e-01 |170  0.39319  7.06881e-02 |171  0.09932  4.57708e+00
172  0.16368  6.32614e+00 |173  0.21870 -1.18629e+00 |174  0.25726 -1.14702e+01
175 -0.55411 -1.63136e-01 |176  0.17113  1.27385e-01 |

Intermediate statistics: 176 variables; iteration 20; function evaluation 24; phase 3
Function value 7.2747995e+03; maximum gradient component mag -1.3011e+01
Var    Value     Gradient |Var    Value     Gradient |Var    Value     Gradient
  1 -0.42160 -2.77935e+00 |  2  0.37137 -1.30112e+01 |  3 -0.12490 -7.22379e+00
  4 -0.01476 -7.62986e+00 |  5 -0.70819  3.57538e-01 |  6 -0.60416  1.63548e+00
  7  0.37683 -4.60751e+00 |  8 -0.18270 -2.28735e+00 |  9  0.03113 -2.92443e+00
 10 -0.60963 -4.72639e-02 | 11 -0.62294  8.60805e-01 | 12 -0.08144  1.17279e+00
 13 -0.00972  1.96135e-02 | 14 -0.00993  2.00352e-02 | 15 -0.01014  2.04696e-02
 16 -0.01035  2.09186e-02 | 17 -0.01055  2.13837e-02 | 18 -0.01075  2.18656e-02
 19 -0.01094  2.23667e-02 | 20 -0.01112  2.28886e-02 | 21 -0.01129  2.34324e-02
 22 -0.01145  2.40001e-02 | 23 -0.01159  2.45936e-02 | 24 -0.01173  2.52134e-02
 25 -0.01184  2.58615e-02 | 26 -0.01195  2.65392e-02 | 27 -0.01203  2.72480e-02
 28 -0.01209  2.79892e-02 | 29 -0.01213  2.87645e-02 | 30 -0.01215  2.95745e-02
 31 -0.01215  3.04207e-02 | 32 -0.01212  3.13045e-02 | 33 -0.01206  3.22275e-02
 34 -0.01197  3.31912e-02 | 35 -0.01185  3.41974e-02 | 36 -0.01170  3.52459e-02
 37 -0.01152  3.63366e-02 | 38 -0.01130  3.74679e-02 | 39 -0.01104  3.86372e-02
 40 -0.01074  3.98396e-02 | 41 -0.01040  4.10746e-02 | 42 -0.01003  4.23381e-02
 43 -0.00962  4.36255e-02 | 44 -0.00919  4.49326e-02 | 45 -0.00873  4.62534e-02
 46 -0.00825  4.75793e-02 | 47 -0.00777  4.89043e-02 | 48 -0.00729  5.02188e-02
 49 -0.00683  5.15143e-02 | 50 -0.00639  5.27781e-02 | 51 -0.00599  5.39911e-02
 52 -0.00563  5.51299e-02 | 53 -0.00532  5.61709e-02 | 54 -0.00506  5.70941e-02
 55 -0.00484  5.78882e-02 | 56 -0.00464  5.85490e-02 | 57 -0.00444  5.90686e-02
 58 -0.00422  5.94367e-02 | 59 -0.00396  5.96515e-02 | 60 -0.00362  5.97037e-02
 61 -0.00317  5.95929e-02 | 62 -0.00259  5.93240e-02 | 63 -0.00182  5.89005e-02
 64 -0.00086  5.83427e-02 | 65  0.00035  5.76543e-02 | 66  0.00182  5.68923e-02
 67  0.00359  5.60570e-02 | 68  0.00567  5.51457e-02 | 69  0.00807  5.41435e-02
 70  0.01077  5.29716e-02 | 71  0.01376  5.15230e-02 | 72  0.01696  4.97252e-02
 73  0.02028  4.76568e-02 | 74  0.02357  4.55873e-02 | 75  0.02665  4.36482e-02
 76  0.02929  4.22531e-02 | 77  0.03131  4.17848e-02 | 78  0.03256  4.08894e-02
 79  0.03303  3.84055e-02 | 80  0.03279  3.25856e-02 | 81  0.03195  2.55328e-02
 82  0.03057  1.88044e-02 | 83  0.02862  1.42588e-02 | 84  0.02600  1.18563e-02
 85  0.02268  9.98479e-03 | 86  0.01882  7.23412e-03 | 87  0.01479  4.01323e-03
 88  0.01111  1.48664e-03 | 89  0.00821  9.86995e-05 | 90  0.00622 -4.05692e-04
 91  0.00494 -4.28414e-04 | 92  0.00397 -3.87042e-04 | 93  0.00320 -7.47884e-04
 94  0.00309 -1.51879e-03 | 95  0.00375 -2.58720e-03 | 96  0.00402 -5.91303e-03
 97  0.00574 -1.10584e-02 | 98  0.00836 -1.98373e-02 | 99  0.01235 -3.02817e-02
100  0.01254 -4.27970e-02 |101  0.01137 -6.37960e-02 |102  0.00978 -8.77638e-02
103  0.00190 -1.14100e-01 |104  0.00286 -1.68734e-01 |105  0.02224 -2.57842e-01
106  0.02093 -3.10096e-01 |107 -0.00285 -3.37623e-01 |108  0.01603 -4.48641e-01
109  0.08427 -8.54938e-01 |110  0.02878 -5.02125e-01 |111 -0.01403 -4.10253e-01
112  0.00484 -4.87002e-01 |113  0.01997 -4.89825e-01 |114  0.03959 -4.28758e-01
115  0.00388 -1.52782e-01 |116 -0.06145 -6.78561e-02 |117 -0.07778 -5.01308e-02
118 -0.07609 -2.65669e-02 |119 -0.03334  2.63613e-02 |120  0.07161  4.32308e-01
121  0.02504  4.93922e-01 |122  0.01507  4.24969e-01 |123 -0.02732  3.05311e-01
124 -0.06690  4.06478e-02 |125 -0.00668  2.51563e-01 |126  0.00345  2.31416e-01
127 -0.02893  1.38883e-01 |128  0.02568  1.51956e-01 |129  0.07080  3.48582e-01
130  0.00815  1.44125e-01 |131  0.08011  2.54403e-01 |132  0.00431  7.04476e-02
133  0.13063 -1.95816e-01 |134 -0.00688 -7.85232e-02 |135 -0.04773 -1.19660e-01
136 -0.05764 -2.33939e-02 |137 -0.02289 -1.88567e-02 |138  0.09330 -4.96823e-02
139  0.03169  6.40401e-03 |140  0.01673 -6.32169e-02 |141 -0.02809 -4.01192e-02
142 -0.01758 -1.06264e-02 |143 -0.00620 -5.59931e-02 |144 -0.00041 -1.49002e-03
145  0.26074  3.89647e-03 |146  0.17430  1.46065e+00 |147  0.04623  2.69662e+00
148  0.29719 -9.82311e-01 |149 -0.47626  2.69447e-02 |150  0.31387  1.84330e-02
151  0.18048  1.50438e-01 |152  0.26001  1.40723e+00 |153  0.17411  8.22285e-02
154  0.25437 -2.50213e-01 |155  0.10263  1.42876e-01 |156  0.29814 -2.24460e-01
157  0.16745 -5.60996e-01 |158  0.24604  1.22789e+00 |159 -0.35148 -4.59059e-01
160  0.24310  9.05596e-01 |161  0.20211 -3.39055e-01 |162  0.31663  1.13764e+00
163 -0.37921  4.73594e-01 |164  0.23659 -1.48135e+00 |165  0.05111  2.74729e-01
166  0.11952 -9.97492e-02 |167  0.32142 -4.37918e-01 |168  0.27258  2.95762e-01
169  0.01330 -1.68500e-01 |170  0.39369  2.87259e-01 |171  0.09914  4.99717e+00
172  0.16347 -1.63078e+00 |173  0.21856 -2.99189e+00 |174  0.25756  1.21611e+00
175 -0.55387  1.64115e-01 |176  0.17113  6.23346e-02 |
176 variables; iteration 40; function evaluation 46; phase 3
Function value 7.2747810e+03; maximum gradient component mag -7.5499e+00
Var    Value     Gradient |Var    Value     Gradient |Var    Value     Gradient
  1 -0.42155 -1.12941e+00 |  2  0.37141 -7.54988e+00 |  3 -0.12485 -3.76930e+00
  4 -0.01474 -4.59223e+00 |  5 -0.70866 -1.08035e-01 |  6 -0.60418  1.17075e+00
  7  0.37689 -2.67067e+00 |  8 -0.18267 -1.24502e+00 |  9  0.03111 -1.63796e+00
 10 -0.60903  2.57760e-01 | 11 -0.62302  6.09720e-01 | 12 -0.07960  2.29542e-01
 13 -0.00980 -4.77216e-03 | 14 -0.01002 -5.57652e-03 | 15 -0.01023 -6.38167e-03
 16 -0.01044 -7.17556e-03 | 17 -0.01065 -7.95006e-03 | 18 -0.01085 -8.70039e-03
 19 -0.01104 -9.41263e-03 | 20 -0.01123 -1.00757e-02 | 21 -0.01140 -1.06830e-02
 22 -0.01156 -1.12206e-02 | 23 -0.01171 -1.16753e-02 | 24 -0.01185 -1.20428e-02
 25 -0.01197 -1.23091e-02 | 26 -0.01208 -1.24666e-02 | 27 -0.01216 -1.25070e-02
 28 -0.01223 -1.24253e-02 | 29 -0.01227 -1.22100e-02 | 30 -0.01229 -1.18530e-02
 31 -0.01228 -1.13404e-02 | 32 -0.01225 -1.06596e-02 | 33 -0.01219 -9.80193e-03
 34 -0.01211 -8.75918e-03 | 35 -0.01199 -7.52464e-03 | 36 -0.01184 -6.10249e-03
 37 -0.01165 -4.49285e-03 | 38 -0.01142 -2.70207e-03 | 39 -0.01116 -7.34564e-04
 40 -0.01086  1.40251e-03 | 41 -0.01052  3.70564e-03 | 42 -0.01014  6.16821e-03
 43 -0.00973  8.77196e-03 | 44 -0.00929  1.15008e-02 | 45 -0.00882  1.43355e-02
 46 -0.00834  1.72519e-02 | 47 -0.00785  2.02403e-02 | 48 -0.00737  2.32807e-02
 49 -0.00690  2.63563e-02 | 50 -0.00645  2.94301e-02 | 51 -0.00605  3.24489e-02
 52 -0.00568  3.53669e-02 | 53 -0.00537  3.81438e-02 | 54 -0.00510  4.07535e-02
 55 -0.00487  4.31840e-02 | 56 -0.00466  4.53976e-02 | 57 -0.00446  4.73116e-02
 58 -0.00424  4.88643e-02 | 59 -0.00398  5.00212e-02 | 60 -0.00364  5.07326e-02
 61 -0.00320  5.09879e-02 | 62 -0.00261  5.08534e-02 | 63 -0.00186  5.03724e-02
 64 -0.00090  4.96688e-02 | 65  0.00030  4.88617e-02 | 66  0.00177  4.81306e-02
 67  0.00353  4.75911e-02 | 68  0.00560  4.73168e-02 | 69  0.00799  4.72873e-02
 70  0.01068  4.73215e-02 | 71  0.01366  4.72586e-02 | 72  0.01685  4.72360e-02
 73  0.02017  4.77593e-02 | 74  0.02346  4.93949e-02 | 75  0.02653  5.19665e-02
 76  0.02917  5.55731e-02 | 77  0.03119  6.01793e-02 | 78  0.03244  6.40360e-02
 79  0.03291  6.61364e-02 | 80  0.03266  6.46228e-02 | 81  0.03182  6.14437e-02
 82  0.03044  5.78617e-02 | 83  0.02849  5.60127e-02 | 84  0.02588  5.65112e-02
 85  0.02258  5.78301e-02 | 86  0.01872  5.71045e-02 | 87  0.01470  5.33955e-02
 88  0.01102  4.84213e-02 | 89  0.00812  4.31879e-02 | 90  0.00613  3.64062e-02
 91  0.00483  2.60851e-02 | 92  0.00383  1.09046e-02 | 93  0.00301 -9.43900e-03
 94  0.00285 -3.36127e-02 | 95  0.00346 -6.13709e-02 | 96  0.00369 -9.49866e-02
 97  0.00541 -1.26421e-01 | 98  0.00805 -1.61938e-01 | 99  0.01201 -2.00406e-01
100  0.01220 -2.28503e-01 |101  0.01109 -2.50207e-01 |102  0.00949 -2.62651e-01
103  0.00179 -2.42554e-01 |104  0.00306 -2.32819e-01 |105  0.02226 -2.83346e-01
106  0.02120 -2.57481e-01 |107 -0.00223 -2.34897e-01 |108  0.01616 -3.40170e-01
109  0.08420 -6.93208e-01 |110  0.02915 -4.07028e-01 |111 -0.01395 -2.81722e-01
112  0.00488 -2.47605e-01 |113  0.02053  5.51680e-02 |114  0.04038  2.27235e-01
115  0.00403  1.17133e-03 |116 -0.06148 -2.15441e-01 |117 -0.07779 -2.47185e-01
118 -0.07577 -7.97169e-02 |119 -0.03321 -1.24405e-01 |120  0.07198  1.57182e-01
121  0.02513  2.32445e-01 |122  0.01576  6.08998e-01 |123 -0.02661  5.41422e-01
124 -0.06665  9.53324e-02 |125 -0.00641  1.97813e-01 |126  0.00382  2.08438e-01
127 -0.02856  1.09488e-01 |128  0.02554 -7.58288e-02 |129  0.07126  1.49653e-01
130  0.00787 -5.48064e-02 |131  0.08053  1.67298e-01 |132  0.00408 -1.25914e-01
133  0.13102 -3.98341e-02 |134 -0.00676 -5.43929e-02 |135 -0.04733  3.26827e-02
136 -0.05723  1.07045e-01 |137 -0.02246  1.00689e-01 |138  0.09339 -8.09266e-02
139  0.03189  5.07948e-03 |140  0.01743  1.95089e-01 |141 -0.02773  6.35066e-02
142 -0.01737  4.58605e-02 |143 -0.00640 -9.59051e-02 |144 -0.00041 -1.09146e-03
145  0.25804 -3.29434e-01 |146  0.17084  5.18997e-01 |147  0.04587  1.46557e+00
148  0.29707 -9.33282e-01 |149 -0.47576  1.82599e-01 |150  0.31400 -2.72829e-02
151  0.18008  3.43050e-01 |152  0.25988  6.44688e-01 |153  0.17431  3.10888e-01
154  0.25458  1.13690e-01 |155  0.04858  3.35539e-02 |156  0.38569 -8.58223e-03
157  0.16766 -6.53739e-02 |158  0.24618  8.81656e-01 |159 -0.35093 -1.22298e-01
160  0.24320  5.90625e-01 |161  0.20241  5.43583e-02 |162  0.31657  4.46790e-01
163 -0.37916  3.45807e-01 |164  0.23667 -1.21755e+00 |165  0.05124  1.29340e-01
166  0.11917 -5.26453e-01 |167  0.32168  3.23829e-01 |168  0.27226 -8.97711e-01
169  0.01282 -9.40888e-01 |170  0.39352  4.33274e-01 |171  0.09906  2.87111e+00
172  0.16342 -1.00487e+00 |173  0.21854 -1.83960e+00 |174  0.25756  4.28337e-01
175 -0.54801  3.90474e-01 |176  0.17376  1.18427e-01 |

 - final statistics:
176 variables; iteration 51; function evaluation 61
Function value 7.2748e+03; maximum gradient component mag -5.1388e-01
Exit code = 1;  converg criter 1.0000e+00
Var    Value     Gradient |Var    Value     Gradient |Var    Value     Gradient
  1 -0.42152  1.11088e-01 |  2  0.37146 -5.13882e-01 |  3 -0.12485 -1.41276e-01
  4 -0.01466 -2.73014e-01 |  5 -0.70823  8.09431e-02 |  6 -0.60428  8.79100e-02
  7  0.37684 -1.66437e-01 |  8 -0.18269 -1.57677e-02 |  9  0.03129 -1.03361e-01
 10 -0.60917  1.28829e-01 | 11 -0.62306  8.55363e-02 | 12 -0.07977 -1.44506e-01
 13 -0.00975 -2.35088e-04 | 14 -0.00997 -3.52643e-04 | 15 -0.01018 -4.48574e-04
 16 -0.01038 -5.20095e-04 | 17 -0.01059 -5.66208e-04 | 18 -0.01078 -5.87708e-04
 19 -0.01097 -5.83401e-04 | 20 -0.01115 -5.53579e-04 | 21 -0.01132 -5.00309e-04
 22 -0.01148 -4.24249e-04 | 23 -0.01163 -3.26730e-04 | 24 -0.01176 -2.11491e-04
 25 -0.01188 -8.00521e-05 | 26 -0.01198  6.45728e-05 | 27 -0.01207  2.19439e-04
 28 -0.01213  3.80751e-04 | 29 -0.01217  5.45605e-04 | 30 -0.01219  7.10288e-04
 31 -0.01219  8.72639e-04 | 32 -0.01216  1.03073e-03 | 33 -0.01210  1.18252e-03
 34 -0.01201  1.32677e-03 | 35 -0.01190  1.46300e-03 | 36 -0.01175  1.58951e-03
 37 -0.01156  1.70646e-03 | 38 -0.01134  1.81357e-03 | 39 -0.01108  1.91175e-03
 40 -0.01079  2.00215e-03 | 41 -0.01045  2.08871e-03 | 42 -0.01008  2.17578e-03
 43 -0.00968  2.26588e-03 | 44 -0.00924  2.36309e-03 | 45 -0.00878  2.47028e-03
 46 -0.00831  2.58735e-03 | 47 -0.00783  2.71828e-03 | 48 -0.00735  2.86232e-03
 49 -0.00689  3.02037e-03 | 50 -0.00645  3.18581e-03 | 51 -0.00605  3.34580e-03
 52 -0.00570  3.49318e-03 | 53 -0.00539  3.62247e-03 | 54 -0.00513  3.73806e-03
 55 -0.00490  3.85761e-03 | 56 -0.00470  3.98970e-03 | 57 -0.00450  4.12073e-03
 58 -0.00428  4.25403e-03 | 59 -0.00402  4.40153e-03 | 60 -0.00368  4.55801e-03
 61 -0.00323  4.72198e-03 | 62 -0.00264  4.92497e-03 | 63 -0.00188  5.15413e-03
 64 -0.00091  5.42668e-03 | 65  0.00030  5.74943e-03 | 66  0.00178  6.14276e-03
 67  0.00355  6.60972e-03 | 68  0.00563  7.10978e-03 | 69  0.00803  7.50516e-03
 70  0.01073  7.56223e-03 | 71  0.01372  7.34791e-03 | 72  0.01693  7.74714e-03
 73  0.02027  9.97213e-03 | 74  0.02358  1.34909e-02 | 75  0.02667  1.56065e-02
 76  0.02929  1.09902e-02 | 77  0.03121 -5.26850e-03 | 78  0.03235 -2.33750e-02
 79  0.03277 -3.28619e-02 | 80  0.03261 -1.95002e-02 | 81  0.03189  7.30019e-04
 82  0.03061  1.55634e-02 | 83  0.02864  1.25395e-02 | 84  0.02594 -3.11918e-03
 85  0.02255 -1.52486e-02 | 86  0.01867 -1.74558e-02 | 87  0.01464 -1.73913e-02
 88  0.01096 -1.87590e-02 | 89  0.00806 -1.98882e-02 | 90  0.00607 -2.05127e-02
 91  0.00478 -2.13881e-02 | 92  0.00381 -2.27552e-02 | 93  0.00304 -2.38016e-02
 94  0.00295 -2.25573e-02 | 95  0.00362 -1.98198e-02 | 96  0.00391 -2.09729e-02
 97  0.00567 -1.55417e-02 | 98  0.00832 -1.44792e-02 | 99  0.01233 -1.30956e-02
100  0.01253 -1.70984e-02 |101  0.01138 -2.05578e-02 |102  0.00978 -2.26875e-02
103  0.00192 -2.52631e-02 |104  0.00291 -3.05145e-02 |105  0.02237 -2.03318e-02
106  0.02116 -4.61666e-03 |107 -0.00254 -3.87335e-03 |108  0.01587 -1.07019e-01
109  0.08500 -1.44626e-02 |110  0.02858 -1.63834e-01 |111 -0.01376 -1.95450e-02
112  0.00526  4.68239e-02 |113  0.02041  8.56660e-02 |114  0.04002  8.63898e-02
115  0.00408 -8.32258e-03 |116 -0.06124 -2.38860e-02 |117 -0.07746  1.24888e-02
118 -0.07589 -2.48487e-02 |119 -0.03323 -1.48277e-02 |120  0.07197  1.23703e-01
121  0.02528  5.86226e-02 |122  0.01512 -5.27795e-02 |123 -0.02732 -8.70018e-02
124 -0.06688 -4.30494e-02 |125 -0.00649  1.32431e-01 |126  0.00381  1.82084e-01
127 -0.02881  4.44391e-02 |128  0.02547 -1.25350e-01 |129  0.07061 -1.04036e-01
130  0.00793 -7.57240e-02 |131  0.08001  2.28306e-02 |132  0.00433 -2.01572e-03
133  0.13069 -9.20016e-02 |134 -0.00678 -2.56680e-02 |135 -0.04746  5.21403e-02
136 -0.05749  4.34007e-02 |137 -0.02289 -1.39320e-02 |138  0.09324 -1.26719e-01
139  0.03159 -7.07288e-02 |140  0.01685  2.90419e-02 |141 -0.02834 -9.12415e-02
142 -0.01750  1.41566e-02 |143 -0.00618 -2.41335e-03 |144 -0.00041  1.90454e-03
145  0.25832 -6.48118e-02 |146  0.17187 -1.29183e-02 |147  0.04555  7.94172e-02
148  0.29702 -8.37613e-02 |149 -0.47575  1.49833e-01 |150  0.31445  1.76205e-02
151  0.17948  8.08197e-02 |152  0.25964  1.18062e-01 |153  0.17401  1.97669e-02
154  0.25443  1.69546e-02 |155  0.01699  2.61006e-02 |156  0.38293  1.29296e-02
157  0.16728  7.52168e-02 |158  0.24593  1.34641e-01 |159 -0.35121 -1.28401e-02
160  0.24303  3.89839e-02 |161  0.20210 -1.58529e-02 |162  0.31644  1.99146e-02
163 -0.37853  3.86825e-02 |164  0.23716 -8.20489e-02 |165  0.05083 -1.85192e-01
166  0.11937 -1.38953e-01 |167  0.32145 -9.60745e-02 |168  0.27248 -1.35057e-01
169  0.01320 -3.78050e-02 |170  0.39351  4.04446e-03 |171  0.09899  1.76437e-01
172  0.16340 -1.03601e-01 |173  0.21854 -1.34376e-01 |174  0.25759  3.37358e-02
175 -0.55317  3.06510e-03 |176  0.17127 -1.15195e-01 |

Initial statistics: 200 variables; iteration 0; function evaluation 0; phase 4
Function value 7.2747764e+03; maximum gradient component mag 3.3877e+01
Var    Value     Gradient |Var    Value     Gradient |Var    Value     Gradient
  1 -0.42152  1.11088e-01 |  2  0.37146 -5.13882e-01 |  3 -0.12485 -1.41276e-01
  4 -0.01466 -2.73014e-01 |  5 -0.70823  8.09431e-02 |  6 -0.60428  8.79100e-02
  7  0.37684 -1.66437e-01 |  8 -0.18269 -1.57677e-02 |  9  0.03129 -1.03361e-01
 10 -0.60917  1.28829e-01 | 11 -0.62306  8.55363e-02 | 12 -0.07977 -1.44506e-01
 13 -0.00975 -2.35088e-04 | 14 -0.00997 -3.52643e-04 | 15 -0.01018 -4.48574e-04
 16 -0.01038 -5.20095e-04 | 17 -0.01059 -5.66208e-04 | 18 -0.01078 -5.87708e-04
 19 -0.01097 -5.83401e-04 | 20 -0.01115 -5.53579e-04 | 21 -0.01132 -5.00309e-04
 22 -0.01148 -4.24249e-04 | 23 -0.01163 -3.26730e-04 | 24 -0.01176 -2.11491e-04
 25 -0.01188 -8.00521e-05 | 26 -0.01198  6.45728e-05 | 27 -0.01207  2.19439e-04
 28 -0.01213  3.80751e-04 | 29 -0.01217  5.45605e-04 | 30 -0.01219  7.10288e-04
 31 -0.01219  8.72639e-04 | 32 -0.01216  1.03073e-03 | 33 -0.01210  1.18252e-03
 34 -0.01201  1.32677e-03 | 35 -0.01190  1.46300e-03 | 36 -0.01175  1.58951e-03
 37 -0.01156  1.70646e-03 | 38 -0.01134  1.81357e-03 | 39 -0.01108  1.91175e-03
 40 -0.01079  2.00215e-03 | 41 -0.01045  2.08871e-03 | 42 -0.01008  2.17578e-03
 43 -0.00968  2.26588e-03 | 44 -0.00924  2.36309e-03 | 45 -0.00878  2.47028e-03
 46 -0.00831  2.58735e-03 | 47 -0.00783  2.71828e-03 | 48 -0.00735  2.86232e-03
 49 -0.00689  3.02037e-03 | 50 -0.00645  3.18581e-03 | 51 -0.00605  3.34580e-03
 52 -0.00570  3.49318e-03 | 53 -0.00539  3.62247e-03 | 54 -0.00513  3.73806e-03
 55 -0.00490  3.85761e-03 | 56 -0.00470  3.98970e-03 | 57 -0.00450  4.12073e-03
 58 -0.00428  4.25403e-03 | 59 -0.00402  4.40153e-03 | 60 -0.00368  4.55801e-03
 61 -0.00323  4.72198e-03 | 62 -0.00264  4.92497e-03 | 63 -0.00188  5.15413e-03
 64 -0.00091  5.42668e-03 | 65  0.00030  5.74943e-03 | 66  0.00178  6.14276e-03
 67  0.00355  6.60972e-03 | 68  0.00563  7.10978e-03 | 69  0.00803  7.50516e-03
 70  0.01073  7.56223e-03 | 71  0.01372  7.34791e-03 | 72  0.01693  7.74714e-03
 73  0.02027  9.97213e-03 | 74  0.02358  1.34909e-02 | 75  0.02667  1.56065e-02
 76  0.02929  1.09902e-02 | 77  0.03121 -5.26850e-03 | 78  0.03235 -2.33750e-02
 79  0.03277 -3.28619e-02 | 80  0.03261 -1.95002e-02 | 81  0.03189  7.30019e-04
 82  0.03061  1.55634e-02 | 83  0.02864  1.25395e-02 | 84  0.02594 -3.11918e-03
 85  0.02255 -1.52486e-02 | 86  0.01867 -1.74558e-02 | 87  0.01464 -1.73913e-02
 88  0.01096 -1.87590e-02 | 89  0.00806 -1.98882e-02 | 90  0.00607 -2.05127e-02
 91  0.00478 -2.13881e-02 | 92  0.00381 -2.27552e-02 | 93  0.00304 -2.38016e-02
 94  0.00295 -2.25573e-02 | 95  0.00362 -1.98198e-02 | 96  0.00391 -2.09729e-02
 97  0.00567 -1.55417e-02 | 98  0.00832 -1.44792e-02 | 99  0.01233 -1.30956e-02
100  0.01253 -1.70984e-02 |101  0.01138 -2.05578e-02 |102  0.00978 -2.26875e-02
103  0.00192 -2.52631e-02 |104  0.00291 -3.05145e-02 |105  0.02237 -2.03318e-02
106  0.02116 -4.61666e-03 |107 -0.00254 -3.87335e-03 |108  0.01587 -1.07019e-01
109  0.08500 -1.44626e-02 |110  0.02858 -1.63834e-01 |111 -0.01376 -1.95450e-02
112  0.00526  4.68239e-02 |113  0.02041  8.56660e-02 |114  0.04002  8.63898e-02
115  0.00408 -8.32258e-03 |116 -0.06124 -2.38860e-02 |117 -0.07746  1.24888e-02
118 -0.07589 -2.48487e-02 |119 -0.03323 -1.48277e-02 |120  0.07197  1.23703e-01
121  0.02528  5.86226e-02 |122  0.01512 -5.27795e-02 |123 -0.02732 -8.70018e-02
124 -0.06688 -4.30494e-02 |125 -0.00649  1.32431e-01 |126  0.00381  1.82084e-01
127 -0.02881  4.44391e-02 |128  0.02547 -1.25350e-01 |129  0.07061 -1.04036e-01
130  0.00793 -7.57240e-02 |131  0.08001  2.28306e-02 |132  0.00433 -2.01572e-03
133  0.13069 -9.20016e-02 |134 -0.00678 -2.56680e-02 |135 -0.04746  5.21403e-02
136 -0.05749  4.34007e-02 |137 -0.02289 -1.39320e-02 |138  0.09324 -1.26719e-01
139  0.03159 -7.07288e-02 |140  0.01685  2.90419e-02 |141 -0.02834 -9.12415e-02
142 -0.01750  1.41566e-02 |143 -0.00618 -2.41335e-03 |144 -0.00041  1.90454e-03
145  0.25832 -6.48118e-02 |146  0.17187 -1.29183e-02 |147  0.04555  7.94172e-02
148  0.29702 -8.37613e-02 |149  0.01638  9.32855e-01 |150 -0.11477  1.11080e+01
151 -0.47575  1.49833e-01 |152  0.31445  1.76205e-02 |153  0.04878  4.27819e-01
154 -0.23502  5.46224e-01 |155  0.17948  8.08197e-02 |156  0.25964  1.18062e-01
157  0.17401  1.97669e-02 |158  0.25443  1.69546e-02 |159  0.00587  1.28497e-02
160 -0.09827  6.14436e+00 |161  0.01699  2.61006e-02 |162  0.38293  1.29296e-02
163  0.16728  7.52168e-02 |164  0.24593  1.34641e-01 |165 -0.35121 -1.28401e-02
166  0.24303  3.89839e-02 |167  0.05275 -4.47458e-01 |168 -0.18762  2.32399e-01
169  0.20210 -1.58529e-02 |170  0.31644  1.99146e-02 |171  0.07774  1.25663e+00
172 -0.53183 -1.19566e-04 |173 -0.37853  3.86825e-02 |174  0.23716 -8.20489e-02
175  0.07820 -1.73810e+00 |176 -0.12196  1.03823e+01 |177  0.05083 -1.85192e-01
178  0.11937 -1.38953e-01 |179  0.32145 -9.60745e-02 |180  0.27248 -1.35057e-01
181  0.00546 -2.17507e-01 |182  0.00907  1.90009e-01 |183 -0.15012  4.71927e+00
184 -0.12571  8.27723e+00 |185  0.01320 -3.78050e-02 |186  0.39351  4.04446e-03
187  0.01863  2.64041e-01 |188 -0.15435  1.27524e+00 |189  0.09899  1.76437e-01
190  0.16340 -1.03601e-01 |191  0.21854 -1.34376e-01 |192  0.25759  3.37358e-02
193  0.02453  4.96887e+00 |194 -0.00648 -9.83350e-02 |195 -0.17628  1.48266e+01
196 -0.11429  3.38765e+01 |197 -0.55317  3.06510e-03 |198  0.17127 -1.15195e-01
199  0.09511 -5.34231e-01 |200 -0.25343  2.20905e-01 |

Intermediate statistics: 200 variables; iteration 20; function evaluation 21; phase 4
Function value 7.2746855e+03; maximum gradient component mag 3.4107e+01
Var    Value     Gradient |Var    Value     Gradient |Var    Value     Gradient
  1 -0.42239 -1.28485e+01 |  2  0.37170 -3.08476e+00 |  3 -0.12279 -7.80495e+00
  4 -0.01637 -6.07861e+00 |  5 -0.70702 -3.18108e-01 |  6 -0.60453 -4.69733e+00
  7  0.37708  1.87198e+01 |  8 -0.18043  2.94267e+01 |  9  0.02984  1.72404e+01
 10 -0.60831  7.70396e-01 | 11 -0.62314 -1.91150e+00 | 12 -0.07411  7.64769e+00
 13 -0.00960  4.88401e-02 | 14 -0.00981  5.02790e-02 | 15 -0.01001  5.17619e-02
 16 -0.01021  5.32906e-02 | 17 -0.01041  5.48660e-02 | 18 -0.01060  5.64908e-02
 19 -0.01079  5.81668e-02 | 20 -0.01096  5.98962e-02 | 21 -0.01113  6.16807e-02
 22 -0.01128  6.35225e-02 | 23 -0.01142  6.54234e-02 | 24 -0.01155  6.73860e-02
 25 -0.01166  6.94129e-02 | 26 -0.01176  7.15077e-02 | 27 -0.01184  7.36747e-02
 28 -0.01189  7.59179e-02 | 29 -0.01193  7.82402e-02 | 30 -0.01194  8.06445e-02
 31 -0.01193  8.31341e-02 | 32 -0.01189  8.57131e-02 | 33 -0.01183  8.83863e-02
 34 -0.01173  9.11591e-02 | 35 -0.01161  9.40365e-02 | 36 -0.01145  9.70226e-02
 37 -0.01126  1.00120e-01 | 38 -0.01103  1.03332e-01 | 39 -0.01076  1.06658e-01
 40 -0.01046  1.10100e-01 | 41 -0.01011  1.13664e-01 | 42 -0.00973  1.17354e-01
 43 -0.00932  1.21176e-01 | 44 -0.00887  1.25135e-01 | 45 -0.00840  1.29233e-01
 46 -0.00792  1.33470e-01 | 47 -0.00743  1.37847e-01 | 48 -0.00694  1.42357e-01
 49 -0.00647  1.46990e-01 | 50 -0.00603  1.51720e-01 | 51 -0.00562  1.56505e-01
 52 -0.00525  1.61295e-01 | 53 -0.00493  1.66056e-01 | 54 -0.00466  1.70779e-01
 55 -0.00443  1.75483e-01 | 56 -0.00422  1.80210e-01 | 57 -0.00402  1.85005e-01
 58 -0.00380  1.89900e-01 | 59 -0.00353  1.94951e-01 | 60 -0.00319  2.00208e-01
 61 -0.00274  2.05745e-01 | 62 -0.00215  2.11621e-01 | 63 -0.00138  2.17919e-01
 64 -0.00041  2.24744e-01 | 65  0.00079  2.32144e-01 | 66  0.00227  2.40366e-01
 67  0.00404  2.49470e-01 | 68  0.00611  2.59535e-01 | 69  0.00851  2.70685e-01
 70  0.01121  2.82963e-01 | 71  0.01420  2.96419e-01 | 72  0.01740  3.11068e-01
 73  0.02073  3.26969e-01 | 74  0.02402  3.43917e-01 | 75  0.02709  3.61117e-01
 76  0.02972  3.76910e-01 | 77  0.03169  3.89450e-01 | 78  0.03290  3.99718e-01
 79  0.03333  4.09480e-01 | 80  0.03308  4.21568e-01 | 81  0.03225  4.32830e-01
 82  0.03086  4.40766e-01 | 83  0.02888  4.43009e-01 | 84  0.02621  4.40551e-01
 85  0.02285  4.36139e-01 | 86  0.01895  4.31000e-01 | 87  0.01490  4.25375e-01
 88  0.01121  4.20608e-01 | 89  0.00829  4.18321e-01 | 90  0.00629  4.18786e-01
 91  0.00499  4.21356e-01 | 92  0.00401  4.24576e-01 | 93  0.00323  4.27637e-01
 94  0.00311  4.31115e-01 | 95  0.00374  4.32666e-01 | 96  0.00398  4.25633e-01
 97  0.00567  4.17473e-01 | 98  0.00825  4.03193e-01 | 99  0.01221  3.84090e-01
100  0.01238  3.43320e-01 |101  0.01123  2.93251e-01 |102  0.00963  2.32848e-01
103  0.00178  1.67295e-01 |104  0.00282  1.21207e-01 |105  0.02223  6.44806e-02
106  0.02090 -2.99182e-02 |107 -0.00274 -1.02076e-01 |108  0.01615 -2.18904e-01
109  0.08445 -5.72859e-01 |110  0.02862 -6.01381e-01 |111 -0.01413 -5.07890e-01
112  0.00470 -6.66761e-01 |113  0.01986 -8.94895e-01 |114  0.03937 -1.27188e+00
115  0.00336 -1.12290e+00 |116 -0.06196 -7.81002e-01 |117 -0.07842 -7.37927e-01
118 -0.07680 -6.72116e-01 |119 -0.03399 -7.65071e-01 |120  0.07099 -1.69073e+00
121  0.02425 -1.30915e+00 |122  0.01409 -1.12508e+00 |123 -0.02822 -7.51206e-01
124 -0.06754 -4.10279e-01 |125 -0.00800 -5.93463e-01 |126  0.00205 -5.51861e-01
127 -0.03005 -2.27876e-01 |128  0.02432 -1.42083e-01 |129  0.06888 -1.86029e-01
130  0.00684  5.23602e-02 |131  0.07825 -1.56251e-01 |132  0.00331 -3.02075e-02
133  0.12929  1.06943e-01 |134 -0.00765  9.97658e-02 |135 -0.04825  6.05311e-02
136 -0.05815  6.89133e-02 |137 -0.02335  2.24965e-02 |138  0.09271  2.14272e-02
139  0.03117  9.39731e-02 |140  0.01639  3.70643e-02 |141 -0.02822  7.79727e-02
142 -0.01754  2.89753e-02 |143 -0.00625  1.80108e-02 |144 -0.00042 -6.28946e-04
145  0.25242  1.90040e+00 |146  0.16703  3.43446e+00 |147  0.04429  3.36882e-03
148  0.29671  3.63272e-01 |149  0.01862  3.36599e-01 |150 -0.11823 -8.47199e-01
151 -0.47577  3.88259e-02 |152  0.31409  3.73810e-02 |153  0.04872 -2.88145e-02
154 -0.23710 -4.42482e-03 |155  0.17621 -1.80371e+00 |156  0.25900  2.98715e+00
157  0.17274 -1.17402e-01 |158  0.25384 -9.79368e-02 |159  0.00748 -1.95342e-01
160 -0.10151 -2.25470e-01 |161  0.01682  2.05319e-02 |162  0.38290  1.57141e-02
163  0.16423 -4.64652e-01 |164  0.24497  1.55280e-01 |165 -0.35184  2.21099e-01
166  0.24275 -1.43305e-01 |167  0.05299  3.83729e-01 |168 -0.18858  2.37035e+00
169  0.20272  7.79125e-01 |170  0.31667 -4.97451e-01 |171  0.07755  4.47637e+00
172 -0.53183 -6.84761e-06 |173 -0.38018  3.90457e-01 |174  0.23631 -1.74675e-01
175  0.07988 -4.57937e-01 |176 -0.12388 -1.65322e-01 |177  0.04986 -1.78845e-01
178  0.11818  1.92815e+00 |179  0.32114  1.74415e-01 |180  0.27182 -2.62117e+00
181  0.00691 -4.32343e-01 |182  0.01129  1.12555e+00 |183 -0.15317  6.52762e-01
184 -0.12840 -5.24174e-01 |185  0.01264  5.45335e-02 |186  0.39380  4.38878e-02
187  0.01912 -1.16149e-01 |188 -0.15669 -1.89189e-01 |189  0.09838 -8.95069e+00
190  0.16226  1.33645e+01 |191  0.21853  9.06611e+00 |192  0.25725 -7.65862e+00
193  0.02499 -2.19202e+00 |194 -0.00378  8.56840e+00 |195 -0.17860 -6.02401e-01
196 -0.11624  3.41069e+01 |197 -0.55326  5.23832e-01 |198  0.17130  8.22112e-02
199  0.09512  6.55227e+00 |200 -0.25572  2.24599e+00 |
200 variables; iteration 40; function evaluation 41; phase 4
Function value 7.2746681e+03; maximum gradient component mag 3.1007e+01
Var    Value     Gradient |Var    Value     Gradient |Var    Value     Gradient
  1 -0.42245 -7.84853e+00 |  2  0.37154 -1.39636e+00 |  3 -0.12268 -4.24358e+00
  4 -0.01604 -3.37265e+00 |  5 -0.70664 -6.71835e-01 |  6 -0.60489 -1.01731e+01
  7  0.37686  1.97499e+01 |  8 -0.18020  3.10066e+01 |  9  0.03009  1.83569e+01
 10 -0.60883  4.98896e-01 | 11 -0.62313 -2.08970e+00 | 12 -0.06345  3.16996e+00
 13 -0.00970  1.57733e-02 | 14 -0.00991  1.62718e-02 | 15 -0.01012  1.68015e-02
 16 -0.01032  1.73648e-02 | 17 -0.01052  1.79633e-02 | 18 -0.01072  1.85986e-02
 19 -0.01091  1.92729e-02 | 20 -0.01108  1.99879e-02 | 21 -0.01125  2.07455e-02
 22 -0.01141  2.15476e-02 | 23 -0.01155  2.23967e-02 | 24 -0.01168  2.32943e-02
 25 -0.01180  2.42430e-02 | 26 -0.01190  2.52445e-02 | 27 -0.01198  2.63006e-02
 28 -0.01204  2.74123e-02 | 29 -0.01207  2.85822e-02 | 30 -0.01209  2.98136e-02
 31 -0.01208  3.11110e-02 | 32 -0.01204  3.24783e-02 | 33 -0.01198  3.39188e-02
 34 -0.01189  3.54347e-02 | 35 -0.01177  3.70272e-02 | 36 -0.01161  3.86963e-02
 37 -0.01142  4.04417e-02 | 38 -0.01119  4.22638e-02 | 39 -0.01092  4.41640e-02
 40 -0.01062  4.61432e-02 | 41 -0.01027  4.82073e-02 | 42 -0.00989  5.03579e-02
 43 -0.00948  5.25937e-02 | 44 -0.00903  5.49111e-02 | 45 -0.00856  5.73033e-02
 46 -0.00808  5.97600e-02 | 47 -0.00759  6.22707e-02 | 48 -0.00710  6.48172e-02
 49 -0.00663  6.73750e-02 | 50 -0.00618  6.99071e-02 | 51 -0.00577  7.23667e-02
 52 -0.00540  7.47090e-02 | 53 -0.00508  7.69058e-02 | 54 -0.00481  7.89453e-02
 55 -0.00458  8.08241e-02 | 56 -0.00437  8.25332e-02 | 57 -0.00417  8.40513e-02
 58 -0.00394  8.53564e-02 | 59 -0.00367  8.64415e-02 | 60 -0.00333  8.72917e-02
 61 -0.00288  8.79041e-02 | 62 -0.00230  8.82814e-02 | 63 -0.00154  8.84219e-02
 64 -0.00058  8.83408e-02 | 65  0.00061  8.80292e-02 | 66  0.00207  8.75534e-02
 67  0.00383  8.69000e-02 | 68  0.00588  8.60444e-02 | 69  0.00826  8.49334e-02
 70  0.01094  8.34425e-02 | 71  0.01389  8.15433e-02 | 72  0.01706  7.94818e-02
 73  0.02035  7.76169e-02 | 74  0.02361  7.56108e-02 | 75  0.02663  7.22888e-02
 76  0.02919  6.55714e-02 | 77  0.03109  5.37187e-02 | 78  0.03221  4.04159e-02
 79  0.03257  2.94503e-02 | 80  0.03227  2.60572e-02 | 81  0.03139  2.46968e-02
 82  0.02997  2.11168e-02 | 83  0.02793  1.07682e-02 | 84  0.02521 -4.40568e-03
 85  0.02179 -1.80610e-02 | 86  0.01786 -2.73016e-02 | 87  0.01378 -3.46700e-02
 88  0.01005 -4.12977e-02 | 89  0.00710 -4.63171e-02 | 90  0.00507 -4.94042e-02
 91  0.00374 -5.04932e-02 | 92  0.00275 -4.93553e-02 | 93  0.00197 -4.58524e-02
 94  0.00187 -4.03681e-02 | 95  0.00256 -3.55927e-02 | 96  0.00291 -3.60861e-02
 97  0.00472 -3.73038e-02 | 98  0.00744 -4.47315e-02 | 99  0.01152 -5.40623e-02
100  0.01183 -6.60124e-02 |101  0.01078 -7.71710e-02 |102  0.00930 -8.88689e-02
103  0.00162 -8.73175e-02 |104  0.00276 -7.78997e-02 |105  0.02235 -6.61106e-02
106  0.02130 -5.29381e-02 |107 -0.00237 -3.69523e-02 |108  0.01635 -6.97782e-02
109  0.08570 -9.01013e-02 |110  0.02944 -2.23952e-01 |111 -0.01326 -1.36897e-01
112  0.00575 -1.52798e-01 |113  0.02101 -2.16434e-01 |114  0.04077 -4.01455e-01
115  0.00477 -4.25335e-01 |116 -0.06069 -3.07091e-01 |117 -0.07712 -3.37703e-01
118 -0.07556 -3.47051e-01 |119 -0.03283 -3.08367e-01 |120  0.07275 -5.32775e-01
121  0.02581 -3.88313e-01 |122  0.01582 -2.76718e-01 |123 -0.02671 -1.71614e-01
124 -0.06627  1.76494e-02 |125 -0.00632  1.08350e-01 |126  0.00375  1.20971e-01
127 -0.02869  2.39002e-01 |128  0.02579  4.21287e-01 |129  0.07034  5.03359e-01
130  0.00798  3.82284e-01 |131  0.07935  2.84474e-01 |132  0.00404  1.75301e-01
133  0.12993  3.04886e-01 |134 -0.00708  1.78761e-01 |135 -0.04769  1.68540e-01
136 -0.05756  1.81460e-01 |137 -0.02277  1.23682e-01 |138  0.09347  1.57213e-01
139  0.03163  1.82288e-01 |140  0.01671  1.12178e-01 |141 -0.02821  8.44088e-02
142 -0.01756  4.18361e-02 |143 -0.00612  2.81677e-02 |144 -0.00038  2.80746e-03
145  0.23693  8.52977e-01 |146  0.15226  2.25147e+00 |147  0.04435 -3.60862e-01
148  0.29699  2.85586e+00 |149  0.01862 -2.38655e-01 |150 -0.11873 -3.95924e+00
151 -0.47718 -6.94226e-03 |152  0.31354  2.74273e-02 |153  0.04915 -1.35448e-02
154 -0.23726  7.16500e-02 |155  0.17586 -2.83132e+00 |156  0.25926  5.79083e+00
157  0.17257  6.54324e-01 |158  0.25382 -7.57801e-01 |159  0.00768  2.86130e-01
160 -0.10162  6.22987e-01 |161  0.01609  1.85260e-02 |162  0.38250  1.23454e-02
163  0.16386 -2.83602e+00 |164  0.24531  4.25917e+00 |165 -0.35205 -5.87580e-01
166  0.24301  1.40357e+00 |167  0.05311 -7.38495e-01 |168 -0.18831  1.97503e+00
169  0.20248 -8.13578e-01 |170  0.31658  5.41179e-01 |171  0.07718 -4.60547e+00
172 -0.53181 -7.32034e-04 |173 -0.38797 -2.11177e-01 |174  0.23391  7.74508e-01
175  0.08197 -9.23847e-02 |176 -0.12420 -1.32249e+00 |177  0.04807  7.02665e-02
178  0.11814  7.73539e-01 |179  0.32045 -1.81337e-01 |180  0.27196 -1.30294e+00
181  0.00874 -6.87808e-02 |182  0.01091  3.81970e-03 |183 -0.15446 -2.14433e-01
184 -0.12848 -3.60867e-01 |185  0.01261  4.29779e-01 |186  0.39381  1.83457e-02
187  0.01915  3.81336e-01 |188 -0.15666  3.27202e-01 |189  0.09809 -1.17695e+01
190  0.16190  1.10986e+01 |191  0.21827  7.25563e+00 |192  0.25726 -2.45875e+00
193  0.02495 -7.55001e+00 |194 -0.00321  9.64622e+00 |195 -0.17881 -1.48239e+00
196 -0.11657  3.00885e+01 |197 -0.55336  4.62850e-01 |198  0.17137  7.34731e-03
199  0.09584  5.89130e+00 |200 -0.25544  1.93636e+00 |
200 variables; iteration 60; function evaluation 61; phase 4
Function value 7.2746424e+03; maximum gradient component mag 1.6602e+00
Var    Value     Gradient |Var    Value     Gradient |Var    Value     Gradient
  1 -0.42224  1.24922e-01 |  2  0.37156  2.97941e-01 |  3 -0.12252  2.14930e-01
  4 -0.01615 -2.31518e-01 |  5 -0.70674  1.21068e-01 |  6 -0.60463 -2.60999e-01
  7  0.37664  4.81540e-01 |  8 -0.18048  7.20045e-01 |  9  0.03013  1.02998e+00
 10 -0.60906  1.62597e-01 | 11 -0.62303  1.92891e-02 | 12 -0.06158 -3.15648e-02
 13 -0.00967  1.03569e-02 | 14 -0.00988  1.06954e-02 | 15 -0.01009  1.10408e-02
 16 -0.01029  1.13928e-02 | 17 -0.01049  1.17513e-02 | 18 -0.01069  1.21165e-02
 19 -0.01087  1.24883e-02 | 20 -0.01105  1.28667e-02 | 21 -0.01122  1.32520e-02
 22 -0.01138  1.36441e-02 | 23 -0.01152  1.40432e-02 | 24 -0.01165  1.44497e-02
 25 -0.01177  1.48641e-02 | 26 -0.01187  1.52869e-02 | 27 -0.01195  1.57195e-02
 28 -0.01201  1.61628e-02 | 29 -0.01205  1.66179e-02 | 30 -0.01206  1.70851e-02
 31 -0.01205  1.75650e-02 | 32 -0.01202  1.80582e-02 | 33 -0.01196  1.85659e-02
 34 -0.01187  1.90897e-02 | 35 -0.01175  1.96315e-02 | 36 -0.01159  2.01939e-02
 37 -0.01140  2.07791e-02 | 38 -0.01118  2.13898e-02 | 39 -0.01091  2.20279e-02
 40 -0.01061  2.26952e-02 | 41 -0.01027  2.33951e-02 | 42 -0.00989  2.41304e-02
 43 -0.00948  2.49053e-02 | 44 -0.00904  2.57247e-02 | 45 -0.00857  2.65934e-02
 46 -0.00809  2.75161e-02 | 47 -0.00760  2.84975e-02 | 48 -0.00712  2.95420e-02
 49 -0.00665  3.06539e-02 | 50 -0.00621  3.18373e-02 | 51 -0.00580  3.30948e-02
 52 -0.00544  3.44255e-02 | 53 -0.00512  3.58294e-02 | 54 -0.00485  3.73077e-02
 55 -0.00462  3.88665e-02 | 56 -0.00441  4.05201e-02 | 57 -0.00421  4.22872e-02
 58 -0.00399  4.41826e-02 | 59 -0.00372  4.62246e-02 | 60 -0.00338  4.84294e-02
 61 -0.00293  5.08150e-02 | 62 -0.00234  5.33917e-02 | 63 -0.00158  5.61737e-02
 64 -0.00062  5.91765e-02 | 65  0.00058  6.24035e-02 | 66  0.00204  6.59024e-02
 67  0.00380  6.96901e-02 | 68  0.00586  7.37985e-02 | 69  0.00824  7.82672e-02
 70  0.01092  8.30738e-02 | 71  0.01389  8.82163e-02 | 72  0.01707  9.40952e-02
 73  0.02037  1.01831e-01 | 74  0.02365  1.11788e-01 | 75  0.02671  1.21429e-01
 76  0.02927  1.23019e-01 | 77  0.03111  1.07311e-01 | 78  0.03214  8.58071e-02
 79  0.03245  7.45761e-02 | 80  0.03224  9.41864e-02 | 81  0.03148  1.20739e-01
 82  0.03012  1.35693e-01 | 83  0.02805  1.24177e-01 | 84  0.02524  9.73732e-02
 85  0.02177  7.58516e-02 | 86  0.01782  6.29889e-02 | 87  0.01373  5.05349e-02
 88  0.00998  3.68691e-02 | 89  0.00701  2.30142e-02 | 90  0.00495  8.83959e-03
 91  0.00359 -5.82588e-03 | 92  0.00257 -2.09643e-02 | 93  0.00176 -3.67328e-02
 94  0.00164 -5.39958e-02 | 95  0.00231 -7.43449e-02 | 96  0.00266 -9.98331e-02
 97  0.00448 -1.30311e-01 | 98  0.00721 -1.67064e-01 | 99  0.01132 -2.07657e-01
100  0.01164 -2.56329e-01 |101  0.01061 -3.00754e-01 |102  0.00918 -3.38136e-01
103  0.00160 -3.41092e-01 |104  0.00273 -3.67257e-01 |105  0.02230 -4.47051e-01
106  0.02124 -4.45204e-01 |107 -0.00256 -3.42826e-01 |108  0.01611 -3.33436e-01
109  0.08601 -2.08273e-01 |110  0.02947 -7.47754e-02 |111 -0.01290  1.47235e-01
112  0.00616  2.46073e-01 |113  0.02134  2.88225e-01 |114  0.04099  3.36577e-01
115  0.00517  2.60328e-01 |116 -0.06045  5.62902e-02 |117 -0.07705 -1.10325e-01
118 -0.07520 -9.95050e-02 |119 -0.03262 -1.77464e-01 |120  0.07266 -5.79776e-01
121  0.02579 -3.04241e-01 |122  0.01623 -9.05790e-02 |123 -0.02649 -8.79750e-02
124 -0.06603  1.11154e-02 |125 -0.00596  1.06774e-01 |126  0.00423  1.52320e-01
127 -0.02850  1.17467e-01 |128  0.02624  2.03270e-01 |129  0.07063  2.44534e-01
130  0.00814  1.26206e-01 |131  0.07983  2.29018e-01 |132  0.00383 -2.02798e-02
133  0.13017  1.09208e-01 |134 -0.00685  1.01631e-01 |135 -0.04821 -9.03649e-02
136 -0.05812 -8.22298e-02 |137 -0.02335 -9.42849e-02 |138  0.09261 -3.02250e-01
139  0.03108 -1.10142e-01 |140  0.01635 -4.66672e-02 |141 -0.02836  2.28181e-02
142 -0.01757 -4.94708e-03 |143 -0.00615  1.81048e-02 |144 -0.00039  1.85693e-03
145  0.23438  1.33981e-01 |146  0.14969 -9.06220e-02 |147  0.04398 -1.60721e-01
148  0.29676  1.13938e-01 |149  0.01866  1.80076e-01 |150 -0.11831 -2.42097e-01
151 -0.47889 -2.71232e-02 |152  0.31281  6.11152e-02 |153  0.04986  1.92435e-01
154 -0.23773 -5.79731e-02 |155  0.17606 -7.05915e-02 |156  0.25907  2.94828e-01
157  0.17279 -1.58490e-01 |158  0.25396 -2.67744e-01 |159  0.00707 -7.43331e-01
160 -0.10153  1.99123e-01 |161 -0.00174  2.34759e-02 |162  0.36685  5.92257e-05
163  0.16428 -1.05754e-01 |164  0.24517  1.98515e-01 |165 -0.35093  1.79880e-01
166  0.24310  2.61652e-02 |167  0.05296 -1.18134e-01 |168 -0.18839 -9.89755e-02
169  0.20212 -1.07293e-01 |170  0.31639 -2.03588e-01 |171  0.07738 -2.45842e-01
172 -0.53143 -3.33551e-04 |173 -0.38787  2.22812e-01 |174  0.23404  6.40648e-01
175  0.08255  1.66021e+00 |176 -0.12409  1.68587e-01 |177  0.04676  4.07950e-01
178  0.11812  7.00706e-02 |179  0.32028  6.25163e-01 |180  0.27211  6.87373e-02
181  0.01041  1.00687e+00 |182  0.01102  9.78919e-02 |183 -0.15477 -1.80504e-01
184 -0.12840 -1.42185e-01 |185  0.01211 -1.29449e-01 |186  0.39369  7.12755e-02
187  0.01919  1.26126e-02 |188 -0.15619  8.23507e-01 |189  0.09832 -5.62931e-01
190  0.16183  3.67990e-01 |191  0.21824  3.07038e-01 |192  0.25709  4.91618e-01
193  0.02497 -4.80524e-01 |194 -0.00371 -7.68737e-01 |195 -0.17883 -1.38457e-01
196 -0.11721  2.19760e-01 |197 -0.55510 -7.52869e-02 |198  0.17082  8.57849e-02
199  0.09617  5.89489e-01 |200 -0.25609  1.33106e-01 |
200 variables; iteration 80; function evaluation 85; phase 4
Function value 7.2746388e+03; maximum gradient component mag -4.7627e-01
Var    Value     Gradient |Var    Value     Gradient |Var    Value     Gradient
  1 -0.42226  6.04523e-03 |  2  0.37154 -2.19958e-02 |  3 -0.12256 -3.38629e-02
  4 -0.01609  9.62719e-03 |  5 -0.70686  5.98542e-03 |  6 -0.60461  1.38077e-01
  7  0.37674 -2.98646e-01 |  8 -0.18045 -4.76267e-01 |  9  0.02993 -2.97412e-01
 10 -0.60914 -5.09287e-02 | 11 -0.62301  5.99346e-03 | 12 -0.06165  1.36879e-01
 13 -0.00971 -5.03835e-03 | 14 -0.00992 -5.05025e-03 | 15 -0.01013 -5.04535e-03
 16 -0.01033 -5.02311e-03 | 17 -0.01053 -4.98377e-03 | 18 -0.01072 -4.92784e-03
 19 -0.01091 -4.85570e-03 | 20 -0.01109 -4.76825e-03 | 21 -0.01126 -4.66689e-03
 22 -0.01141 -4.55285e-03 | 23 -0.01156 -4.42753e-03 | 24 -0.01169 -4.29283e-03
 25 -0.01180 -4.15016e-03 | 26 -0.01190 -4.00127e-03 | 27 -0.01198 -3.84807e-03
 28 -0.01204 -3.69288e-03 | 29 -0.01208 -3.53793e-03 | 30 -0.01210 -3.38535e-03
 31 -0.01209 -3.23693e-03 | 32 -0.01206 -3.09419e-03 | 33 -0.01199 -2.95869e-03
 34 -0.01190 -2.83185e-03 | 35 -0.01178 -2.71505e-03 | 36 -0.01163 -2.60990e-03
 37 -0.01144 -2.51771e-03 | 38 -0.01121 -2.43971e-03 | 39 -0.01095 -2.37633e-03
 40 -0.01065 -2.32678e-03 | 41 -0.01030 -2.29075e-03 | 42 -0.00993 -2.26577e-03
 43 -0.00951 -2.25014e-03 | 44 -0.00907 -2.24212e-03 | 45 -0.00861 -2.24053e-03
 46 -0.00813 -2.24547e-03 | 47 -0.00764 -2.25710e-03 | 48 -0.00716 -2.27759e-03
 49 -0.00669 -2.31034e-03 | 50 -0.00624 -2.36201e-03 | 51 -0.00584 -2.44079e-03
 52 -0.00548 -2.55075e-03 | 53 -0.00516 -2.69163e-03 | 54 -0.00489 -2.85584e-03
 55 -0.00466 -3.02941e-03 | 56 -0.00446 -3.20012e-03 | 57 -0.00425 -3.35965e-03
 58 -0.00403 -3.49026e-03 | 59 -0.00377 -3.56898e-03 | 60 -0.00343 -3.57302e-03
 61 -0.00298 -3.47636e-03 | 62 -0.00239 -3.24176e-03 | 63 -0.00164 -2.84538e-03
 64 -0.00068 -2.26041e-03 | 65  0.00052 -1.47051e-03 | 66  0.00199 -4.76996e-04
 67  0.00374  6.89889e-04 | 68  0.00581  1.95206e-03 | 69  0.00818  3.19229e-03
 70  0.01087  4.31599e-03 | 71  0.01383  5.28999e-03 | 72  0.01700  5.95463e-03
 73  0.02028  6.01314e-03 | 74  0.02353  5.93414e-03 | 75  0.02655  6.96008e-03
 76  0.02914  9.32426e-03 | 77  0.03107  1.05120e-02 | 78  0.03222  8.96258e-03
 79  0.03258  7.48702e-03 | 80  0.03227  8.97320e-03 | 81  0.03135  9.77314e-03
 82  0.02988  7.45256e-03 | 83  0.02784  4.14450e-03 | 84  0.02514  3.99753e-03
 85  0.02175  5.62036e-03 | 86  0.01782  5.59182e-03 | 87  0.01374  5.02906e-03
 88  0.01000  4.23769e-03 | 89  0.00704  2.82559e-03 | 90  0.00498  1.31270e-03
 91  0.00364  1.42634e-04 | 92  0.00261 -4.42107e-04 | 93  0.00180  7.19008e-06
 94  0.00168  2.38697e-03 | 95  0.00235  6.52036e-03 | 96  0.00269  1.06850e-02
 97  0.00451  1.66873e-02 | 98  0.00724  2.19808e-02 | 99  0.01134  2.76301e-02
100  0.01173  3.52861e-02 |101  0.01076  4.01737e-02 |102  0.00935  4.08826e-02
103  0.00166  2.56107e-02 |104  0.00281  1.76464e-02 |105  0.02246  2.58237e-02
106  0.02136  1.32471e-02 |107 -0.00234  9.44763e-03 |108  0.01666  3.74507e-02
109  0.08570 -1.45299e-02 |110  0.02989  9.01659e-03 |111 -0.01310 -1.36782e-02
112  0.00596 -1.33028e-02 |113  0.02125 -2.39076e-02 |114  0.04102 -1.73139e-02
115  0.00499 -1.20708e-02 |116 -0.06046 -1.66771e-02 |117 -0.07683 -2.16197e-02
118 -0.07514 -7.03998e-04 |119 -0.03247  5.87079e-02 |120  0.07297  1.06753e-02
121  0.02590 -1.91912e-03 |122  0.01614 -1.71777e-02 |123 -0.02631  1.71907e-02
124 -0.06607 -2.58698e-02 |125 -0.00601 -1.32513e-03 |126  0.00422  8.64038e-03
127 -0.02852 -2.01183e-02 |128  0.02601 -5.59446e-02 |129  0.07065 -3.71271e-03
130  0.00810 -1.91285e-02 |131  0.07959 -4.54188e-02 |132  0.00407  2.36132e-02
133  0.13009 -2.53403e-02 |134 -0.00695  4.66823e-02 |135 -0.04796 -1.07697e-02
136 -0.05779  2.08591e-02 |137 -0.02304  1.18585e-02 |138  0.09338  7.30556e-02
139  0.03123 -1.58010e-02 |140  0.01643 -5.49664e-03 |141 -0.02862 -6.26320e-02
142 -0.01734  7.70932e-02 |143 -0.00613  1.18209e-02 |144 -0.00038  1.65530e-03
145  0.23432  1.12575e-02 |146  0.15049  8.83447e-02 |147  0.04410  2.92201e-02
148  0.29680 -5.76729e-02 |149  0.01849  5.90331e-03 |150 -0.11823  8.90246e-02
151 -0.47832 -4.62817e-02 |152  0.31283  3.04147e-02 |153  0.04952 -4.12032e-03
154 -0.23764 -4.66078e-02 |155  0.17602  7.87300e-02 |156  0.25905 -9.59784e-02
157  0.17257 -3.99393e-04 |158  0.25390  2.44691e-02 |159  0.00770  6.50339e-02
160 -0.10162 -1.21894e-02 |161 -0.02948  1.82870e-02 |162  0.36379  1.49041e-02
163  0.16433  5.78546e-02 |164  0.24516 -6.43612e-02 |165 -0.35207  3.15830e-02
166  0.24273 -2.81819e-03 |167  0.05323  2.93084e-02 |168 -0.18834  6.20025e-02
169  0.20291  5.17232e-02 |170  0.31663  1.33534e-02 |171  0.07729  8.16799e-02
172 -0.53101 -3.25432e-04 |173 -0.38975 -6.76977e-02 |174  0.23318 -5.96612e-02
175  0.08227 -1.24908e-01 |176 -0.12411  3.60685e-02 |177  0.04766 -4.09469e-02
178  0.11809 -1.59563e-02 |179  0.32038 -3.24873e-02 |180  0.27208 -3.45972e-03
181  0.00905 -7.42967e-02 |182  0.01100  1.83032e-02 |183 -0.15453  1.10986e-02
184 -0.12835  3.02447e-02 |185  0.01221 -1.88447e-03 |186  0.39356 -2.84510e-03
187  0.01935 -4.36603e-02 |188 -0.15680 -4.21952e-02 |189  0.09833  2.34514e-01
190  0.16162 -1.03880e-01 |191  0.21825 -1.36256e-01 |192  0.25697 -4.46455e-02
193  0.02498  1.79049e-01 |194 -0.00338 -6.29027e-02 |195 -0.17880  6.65034e-02
196 -0.11724 -3.00055e-01 |197 -0.55378 -1.28567e-02 |198  0.17119  2.41103e-02
199  0.09591  1.18160e-01 |200 -0.25655  5.06895e-03 |
200 variables; iteration 100; function evaluation 116; phase 4
Function value 7.2746363e+03; maximum gradient component mag -4.0962e-01
Var    Value     Gradient |Var    Value     Gradient |Var    Value     Gradient
  1 -0.42227  2.46478e-02 |  2  0.37155 -8.28874e-02 |  3 -0.12255 -2.30196e-02
  4 -0.01610  3.33535e-02 |  5 -0.70672  3.40089e-02 |  6 -0.60462  6.37916e-02
  7  0.37686 -1.10507e-01 |  8 -0.18039 -1.97695e-01 |  9  0.02972 -2.83036e-01
 10 -0.60862  1.49240e-01 | 11 -0.62305  5.14213e-03 | 12 -0.06123 -1.48948e-01
 13 -0.00959  2.39657e-02 | 14 -0.00981  2.18192e-02 | 15 -0.01003  1.94552e-02
 16 -0.01025  1.68927e-02 | 17 -0.01046  1.41605e-02 | 18 -0.01066  1.12921e-02
 19 -0.01086  8.31884e-03 | 20 -0.01105  5.27662e-03 | 21 -0.01123  2.20410e-03
 22 -0.01140 -8.64371e-04 | 23 -0.01155 -3.89591e-03 | 24 -0.01170 -6.85751e-03
 25 -0.01182 -9.72432e-03 | 26 -0.01193 -1.24727e-02 | 27 -0.01202 -1.50807e-02
 28 -0.01209 -1.75259e-02 | 29 -0.01214 -1.97887e-02 | 30 -0.01216 -2.18521e-02
 31 -0.01216 -2.37041e-02 | 32 -0.01213 -2.53360e-02 | 33 -0.01208 -2.67411e-02
 34 -0.01199 -2.79164e-02 | 35 -0.01188 -2.88618e-02 | 36 -0.01172 -2.95776e-02
 37 -0.01154 -3.00694e-02 | 38 -0.01131 -3.03449e-02 | 39 -0.01105 -3.04208e-02
 40 -0.01074 -3.03321e-02 | 41 -0.01040 -3.01039e-02 | 42 -0.01002 -2.97938e-02
 43 -0.00961 -2.94506e-02 | 44 -0.00917 -2.91199e-02 | 45 -0.00870 -2.88319e-02
 46 -0.00822 -2.85854e-02 | 47 -0.00773 -2.83593e-02 | 48 -0.00724 -2.80845e-02
 49 -0.00677 -2.76523e-02 | 50 -0.00633 -2.68824e-02 | 51 -0.00592 -2.55532e-02
 52 -0.00554 -2.35068e-02 | 53 -0.00522 -2.06702e-02 | 54 -0.00494 -1.71171e-02
 55 -0.00469 -1.30457e-02 | 56 -0.00446 -8.62073e-03 | 57 -0.00424 -3.91540e-03
 58 -0.00400  8.69217e-04 | 59 -0.00371  5.47291e-03 | 60 -0.00335  9.66688e-03
 61 -0.00289  1.31664e-02 | 62 -0.00230  1.54504e-02 | 63 -0.00153  1.61447e-02
 64 -0.00057  1.47026e-02 | 65  0.00061  1.06893e-02 | 66  0.00205  4.05237e-03
 67  0.00377 -4.45784e-03 | 68  0.00580 -1.30349e-02 | 69  0.00815 -1.96724e-02
 70  0.01082 -2.39012e-02 | 71  0.01378 -2.66877e-02 | 72  0.01695 -2.83322e-02
 73  0.02023 -3.00839e-02 | 74  0.02347 -3.41443e-02 | 75  0.02652 -3.01575e-02
 76  0.02923 -5.75234e-03 | 77  0.03110 -1.78161e-02 | 78  0.03182 -9.96522e-02
 79  0.03188 -1.57173e-01 | 80  0.03198 -7.80318e-02 | 81  0.03148  2.26511e-03
 82  0.02999 -1.14091e-03 | 83  0.02771 -4.50987e-02 | 84  0.02500 -4.36581e-02
 85  0.02168 -2.56316e-02 | 86  0.01777 -1.62231e-02 | 87  0.01369 -9.08546e-03
 88  0.00996 -5.50561e-03 | 89  0.00702  3.39974e-03 | 90  0.00501  1.88227e-02
 91  0.00372  3.57702e-02 | 92  0.00275  5.06478e-02 | 93  0.00196  5.77082e-02
 94  0.00177  4.58891e-02 | 95  0.00233  2.32522e-02 | 96  0.00264  1.84881e-02
 97  0.00440  9.94446e-03 | 98  0.00719  2.67629e-02 | 99  0.01129  3.07745e-02
100  0.01161  2.29848e-02 |101  0.01061  2.11214e-02 |102  0.00919  2.96890e-02
103  0.00185  1.00094e-01 |104  0.00296  7.61955e-02 |105  0.02231  5.46971e-02
106  0.02145  1.10782e-01 |107 -0.00188  1.64486e-01 |108  0.01624  1.11591e-02
109  0.08591  1.58320e-01 |110  0.02996  4.01438e-02 |111 -0.01318 -4.95472e-02
112  0.00563 -1.23410e-01 |113  0.02138 -3.22042e-02 |114  0.04099 -1.00878e-01
115  0.00500 -3.92044e-02 |116 -0.06047 -1.38769e-02 |117 -0.07643  1.68908e-01
118 -0.07492  1.07424e-01 |119 -0.03314 -1.87769e-01 |120  0.07339  2.16861e-01
121  0.02591  4.35727e-02 |122  0.01609 -3.54073e-02 |123 -0.02627  9.13328e-03
124 -0.06603 -2.35406e-03 |125 -0.00562  9.29581e-02 |126  0.00396 -1.60108e-01
127 -0.02879 -1.64477e-01 |128  0.02613 -5.50429e-02 |129  0.07079 -2.21945e-02
130  0.00814  4.28022e-02 |131  0.07982 -1.02164e-02 |132  0.00415  2.85203e-02
133  0.13026 -1.09274e-02 |134 -0.00740 -1.62211e-01 |135 -0.04754  1.69186e-01
136 -0.05794 -1.16556e-02 |137 -0.02321 -4.15827e-02 |138  0.09306 -7.57408e-02
139  0.03137  2.53184e-02 |140  0.01648  8.02531e-03 |141 -0.02807  1.29145e-01
142 -0.01852 -2.63468e-01 |143 -0.00782 -4.09624e-01 |144 -0.00052 -3.10490e-02
145  0.23376 -5.43780e-02 |146  0.14970 -1.57146e-01 |147  0.04413  9.64380e-02
148  0.29681 -1.13379e-01 |149  0.01845 -3.84295e-02 |150 -0.11824  6.05656e-02
151 -0.47679  4.55941e-02 |152  0.31336 -1.50257e-02 |153  0.04898 -1.73265e-02
154 -0.23749 -2.09813e-02 |155  0.17596  8.15418e-02 |156  0.25902 -1.67191e-01
157  0.17267  9.90925e-02 |158  0.25396  6.04236e-02 |159  0.00766  1.06086e-01
160 -0.10165 -5.94277e-02 |161 -0.21200  6.92636e-03 |162  0.26912  1.20075e-02
163  0.16424  6.20152e-03 |164  0.24512 -7.26402e-02 |165 -0.35326 -1.40166e-01
166  0.24233 -3.71941e-02 |167  0.05348  2.13844e-02 |168 -0.18835 -7.17628e-02
169  0.20100 -2.12723e-01 |170  0.31622 -8.04310e-03 |171  0.07757  6.26011e-02
172 -0.52824 -5.44529e-06 |173 -0.38722  9.15023e-02 |174  0.23403 -9.91817e-02
175  0.08164 -3.02720e-01 |176 -0.12414 -5.39368e-02 |177  0.04751 -8.03749e-02
178  0.11810 -2.25654e-02 |179  0.32031 -1.54093e-01 |180  0.27208 -3.75699e-03
181  0.00913 -1.36249e-01 |182  0.01097 -3.85924e-02 |183 -0.15456  4.92756e-02
184 -0.12836  2.81731e-03 |185  0.01215  3.00263e-02 |186  0.39343 -8.65281e-02
187  0.01942 -1.40524e-02 |188 -0.15689 -1.12464e-01 |189  0.09832  4.89365e-02
190  0.16157 -5.30907e-02 |191  0.21824 -4.51612e-02 |192  0.25695 -1.87956e-01
193  0.02499  3.32688e-02 |194 -0.00330  1.68585e-01 |195 -0.17882 -2.42113e-02
196 -0.11726 -1.46496e-01 |197 -0.55153  8.04160e-02 |198  0.17208 -4.73523e-02
199  0.09571 -3.52967e-01 |200 -0.25616 -1.14659e-01 |
200 variables; iteration 120; function evaluation 147; phase 4
Function value 7.2746338e+03; maximum gradient component mag 9.5314e-02
Var    Value     Gradient |Var    Value     Gradient |Var    Value     Gradient
  1 -0.42226 -6.79310e-02 |  2  0.37154 -2.01302e-02 |  3 -0.12256 -5.67807e-02
  4 -0.01610 -5.21834e-02 |  5 -0.70685  3.48735e-03 |  6 -0.60461 -1.81831e-02
  7  0.37676  6.31779e-03 |  8 -0.18044 -9.34510e-03 |  9  0.02989 -3.08357e-04
 10 -0.60902  2.19963e-03 | 11 -0.62302 -1.49951e-02 | 12 -0.06195  9.53137e-02
 13 -0.00972 -7.73625e-03 | 14 -0.00993 -7.59262e-03 | 15 -0.01014 -7.37110e-03
 16 -0.01034 -7.06726e-03 | 17 -0.01054 -6.68020e-03 | 18 -0.01074 -6.21201e-03
 19 -0.01092 -5.66669e-03 | 20 -0.01110 -5.05172e-03 | 21 -0.01126 -4.37776e-03
 22 -0.01142 -3.65664e-03 | 23 -0.01156 -2.90163e-03 | 24 -0.01169 -2.12740e-03
 25 -0.01180 -1.34737e-03 | 26 -0.01190 -5.75020e-04 | 27 -0.01198  1.76721e-04
 28 -0.01204  8.95540e-04 | 29 -0.01207  1.57142e-03 | 30 -0.01209  2.19700e-03
 31 -0.01208  2.76792e-03 | 32 -0.01204  3.28205e-03 | 33 -0.01198  3.73905e-03
 34 -0.01189  4.14051e-03 | 35 -0.01177  4.48953e-03 | 36 -0.01161  4.78996e-03
 37 -0.01142  5.04721e-03 | 38 -0.01120  5.26724e-03 | 39 -0.01093  5.45740e-03
 40 -0.01063  5.62656e-03 | 41 -0.01029  5.77961e-03 | 42 -0.00991  5.92202e-03
 43 -0.00950  6.05167e-03 | 44 -0.00905  6.16105e-03 | 45 -0.00859  6.23746e-03
 46 -0.00811  6.26441e-03 | 47 -0.00762  6.22665e-03 | 48 -0.00714  6.10693e-03
 49 -0.00667  5.88710e-03 | 50 -0.00623  5.54441e-03 | 51 -0.00582  5.05666e-03
 52 -0.00546  4.41384e-03 | 53 -0.00515  3.62100e-03 | 54 -0.00488  2.69874e-03
 55 -0.00466  1.67626e-03 | 56 -0.00445  5.82257e-04 | 57 -0.00425 -5.51709e-04
 58 -0.00404 -1.67731e-03 | 59 -0.00377 -2.72850e-03 | 60 -0.00343 -3.61732e-03
 61 -0.00299 -4.22438e-03 | 62 -0.00241 -4.41109e-03 | 63 -0.00165 -4.04472e-03
 64 -0.00068 -3.15989e-03 | 65  0.00052 -2.28225e-03 | 66  0.00198 -2.69950e-03
 67  0.00372 -5.48465e-03 | 68  0.00576 -8.40561e-03 | 69  0.00814 -6.38865e-03
 70  0.01085 -9.22789e-04 | 71  0.01382  2.59155e-03 | 72  0.01703  1.06314e-02
 73  0.02031  1.03663e-02 | 74  0.02349 -3.05374e-03 | 75  0.02645 -1.44864e-02
 76  0.02917  1.34950e-02 | 77  0.03102 -2.88724e-04 | 78  0.03223  9.27046e-03
 79  0.03260  9.36639e-03 | 80  0.03228  1.08201e-02 | 81  0.03133  4.40251e-03
 82  0.02997  2.17612e-02 | 83  0.02784  2.89789e-03 | 84  0.02525  2.39970e-02
 85  0.02169 -7.83402e-03 | 86  0.01789  1.85238e-02 | 87  0.01374  3.02794e-03
 88  0.01003  7.05735e-03 | 89  0.00705 -1.24437e-04 | 90  0.00498 -4.55217e-03
 91  0.00365 -3.63818e-03 | 92  0.00265 -1.31209e-03 | 93  0.00185 -4.47586e-04
 94  0.00171 -4.28939e-03 | 95  0.00234 -1.08638e-02 | 96  0.00267 -1.02640e-02
 97  0.00447 -1.12318e-02 | 98  0.00729  1.07344e-02 | 99  0.01143  2.14122e-02
100  0.01175  1.22171e-02 |101  0.01070 -2.26650e-03 |102  0.00926 -8.75102e-03
103  0.00171  1.11563e-02 |104  0.00272 -3.01415e-02 |105  0.02256  2.31160e-02
106  0.02128 -2.79471e-02 |107 -0.00234 -1.09905e-02 |108  0.01650 -1.05629e-02
109  0.08575 -3.00376e-03 |110  0.02978 -7.93464e-03 |111 -0.01309  1.94898e-03
112  0.00588 -7.53305e-03 |113  0.02131  2.23513e-02 |114  0.04091 -1.93750e-02
115  0.00499  9.61290e-03 |116 -0.06044  1.13001e-02 |117 -0.07691 -4.24634e-02
118 -0.07513  7.57438e-03 |119 -0.03264 -2.12104e-02 |120  0.07297 -2.42001e-02
121  0.02588 -1.95457e-02 |122  0.01612 -2.00883e-02 |123 -0.02634  3.62290e-03
124 -0.06611 -3.31454e-02 |125 -0.00603 -1.33436e-03 |126  0.00418  1.05564e-02
127 -0.02856 -9.62658e-03 |128  0.02601 -2.16638e-02 |129  0.07062  6.78013e-03
130  0.00804 -7.65966e-03 |131  0.07967  6.72407e-04 |132  0.00397 -1.28942e-02
133  0.13014  2.40308e-03 |134 -0.00706  4.94659e-03 |135 -0.04799 -1.35647e-02
136 -0.05782  1.84337e-02 |137 -0.02314 -2.08051e-02 |138  0.09324  1.17331e-02
139  0.03129  3.51425e-03 |140  0.01645 -1.40112e-03 |141 -0.02845 -7.35695e-03
142 -0.01755  1.20067e-02 |143 -0.00618  2.68272e-03 |144 -0.00043 -1.08031e-02
145  0.23474  1.47475e-02 |146  0.15072  3.41125e-02 |147  0.04411  2.45599e-02
148  0.29680 -2.12469e-02 |149  0.01850  1.91703e-02 |150 -0.11824  1.35210e-02
151 -0.47774 -4.05086e-03 |152  0.31298  2.97074e-03 |153  0.04932  2.56822e-03
154 -0.23746  7.49094e-03 |155  0.17601  1.67718e-02 |156  0.25904 -2.59269e-02
157  0.17261 -1.94245e-04 |158  0.25391 -1.23317e-02 |159  0.00763 -9.20448e-03
160 -0.10161  8.00280e-03 |161 -0.30557 -4.33502e-03 |162  0.18039  7.07682e-03
163  0.16431  1.26691e-03 |164  0.24515 -1.13404e-03 |165 -0.35216  9.35659e-03
166  0.24270  4.68133e-04 |167  0.05324  3.79807e-03 |168 -0.18834  3.42460e-02
169  0.20276  1.41877e-02 |170  0.31659 -9.59915e-05 |171  0.07731 -3.21329e-03
172 -0.52645  3.56045e-05 |173 -0.38901 -7.72397e-03 |174  0.23345  1.11700e-02
175  0.08216  2.23855e-02 |176 -0.12409  1.87504e-02 |177  0.04766  7.71459e-03
178  0.11812  8.57919e-03 |179  0.32039  1.16918e-02 |180  0.27209 -3.94746e-03
181  0.00910  1.26664e-02 |182  0.01098  9.45506e-03 |183 -0.15452  4.82047e-04
184 -0.12835  5.51288e-03 |185  0.01218 -6.45115e-04 |186  0.39355  7.20067e-03
187  0.01939 -2.75035e-03 |188 -0.15678  9.12617e-03 |189  0.09833  1.36111e-02
190  0.16164  7.22054e-02 |191  0.21825 -7.65173e-03 |192  0.25698 -4.85092e-02
193  0.02498  1.45078e-02 |194 -0.00340  1.35996e-02 |195 -0.17880  1.61312e-02
196 -0.11723  8.90848e-02 |197 -0.55358 -3.92708e-04 |198  0.17126  3.07492e-03
199  0.09588  6.81584e-02 |200 -0.25632  1.59965e-02 |
200 variables; iteration 140; function evaluation 181; phase 4
Function value 7.2746334e+03; maximum gradient component mag -4.5490e-02
Var    Value     Gradient |Var    Value     Gradient |Var    Value     Gradient
  1 -0.42226  2.11030e-02 |  2  0.37154  3.13064e-03 |  3 -0.12256  1.05779e-02
  4 -0.01609  1.22898e-02 |  5 -0.70688 -3.52364e-03 |  6 -0.60461  7.46360e-03
  7  0.37676 -3.80938e-03 |  8 -0.18045  2.81734e-04 |  9  0.02990  2.80707e-04
 10 -0.60906 -7.12433e-03 | 11 -0.62302  4.93268e-03 | 12 -0.06204 -4.54902e-02
 13 -0.00969 -5.62634e-04 | 14 -0.00989  3.46860e-03 | 15 -0.01008  6.80076e-03
 16 -0.01028  9.06240e-03 | 17 -0.01047  1.00240e-02 | 18 -0.01067  9.64473e-03
 19 -0.01086  8.09453e-03 | 20 -0.01105  5.73478e-03 | 21 -0.01123  3.05803e-03
 22 -0.01140  5.99027e-04 | 23 -0.01155 -1.16392e-03 | 24 -0.01168 -1.90106e-03
 25 -0.01180 -1.49183e-03 | 26 -0.01189 -5.06374e-05 | 27 -0.01196  2.09195e-03
 28 -0.01201  4.45251e-03 | 29 -0.01205  6.50071e-03 | 30 -0.01206  7.77822e-03
 31 -0.01205  7.99387e-03 | 32 -0.01202  7.06973e-03 | 33 -0.01197  5.15645e-03
 34 -0.01189  2.60570e-03 | 35 -0.01178 -1.05540e-04 | 36 -0.01163 -2.48074e-03
 37 -0.01145 -4.13304e-03 | 38 -0.01122 -4.89770e-03 | 39 -0.01096 -4.88610e-03
 40 -0.01066 -4.43248e-03 | 41 -0.01031 -3.93084e-03 | 42 -0.00993 -3.63911e-03
 43 -0.00952 -3.55678e-03 | 44 -0.00908 -3.50328e-03 | 45 -0.00861 -3.33421e-03
 46 -0.00813 -3.12633e-03 | 47 -0.00764 -3.12274e-03 | 48 -0.00716 -3.51211e-03
 49 -0.00670 -4.22326e-03 | 50 -0.00626 -4.94882e-03 | 51 -0.00585 -5.34047e-03
 52 -0.00549 -5.22086e-03 | 53 -0.00517 -4.63431e-03 | 54 -0.00490 -3.74099e-03
 55 -0.00466 -2.69091e-03 | 56 -0.00445 -1.57678e-03 | 57 -0.00425 -4.64414e-04
 58 -0.00402  5.73036e-04 | 59 -0.00375  1.43551e-03 | 60 -0.00341  2.00949e-03
 61 -0.00296  2.26406e-03 | 62 -0.00237  2.38861e-03 | 63 -0.00162  2.54637e-03
 64 -0.00066  2.18789e-03 | 65  0.00054  8.12017e-04 | 66  0.00200  2.46994e-03
 67  0.00379  9.37433e-03 | 68  0.00584  7.95300e-03 | 69  0.00821  7.38648e-03
 70  0.01090  9.01283e-03 | 71  0.01384  3.58696e-03 | 72  0.01702  5.60168e-03
 73  0.02027 -2.62725e-03 | 74  0.02358  9.85769e-03 | 75  0.02652 -5.53701e-03
 76  0.02912 -1.96864e-03 | 77  0.03107  1.99095e-03 | 78  0.03223  1.59072e-03
 79  0.03257 -6.06590e-03 | 80  0.03226 -2.26317e-03 | 81  0.03136 -4.45753e-05
 82  0.02986 -8.54561e-03 | 83  0.02787 -9.84689e-04 | 84  0.02510 -1.55712e-02
 85  0.02177 -2.66972e-03 | 86  0.01788  5.02228e-03 | 87  0.01378  2.62470e-03
 88  0.00999 -1.06178e-02 | 89  0.00707 -3.68406e-03 | 90  0.00504  2.55987e-03
 91  0.00370  3.22776e-03 | 92  0.00266 -3.74529e-03 | 93  0.00184 -7.41564e-03
 94  0.00174  4.77435e-04 | 95  0.00247  1.74649e-02 | 96  0.00283  2.41528e-02
 97  0.00458  1.06133e-02 | 98  0.00720 -1.70172e-02 | 99  0.01128 -1.98742e-02
100  0.01171 -4.05302e-03 |101  0.01075  4.31860e-03 |102  0.00936  1.30711e-02
103  0.00160 -1.69756e-02 |104  0.00290  1.57925e-02 |105  0.02241 -2.08353e-03
106  0.02136  1.94989e-03 |107 -0.00231  7.53471e-03 |108  0.01656  1.55039e-02
109  0.08572  3.59854e-03 |110  0.02978 -4.92452e-03 |111 -0.01312 -1.14293e-03
112  0.00597  1.92174e-02 |113  0.02118 -9.02547e-03 |114  0.04101  9.76507e-03
115  0.00493  7.33086e-04 |116 -0.06050 -8.02564e-03 |117 -0.07678  2.28888e-02
118 -0.07520 -9.81449e-03 |119 -0.03258  1.45872e-02 |120  0.07296  7.79842e-03
121  0.02587  1.01512e-03 |122  0.01615  1.08241e-02 |123 -0.02639 -6.64474e-03
124 -0.06600  1.59225e-02 |125 -0.00606 -5.31519e-03 |126  0.00413 -3.39848e-03
127 -0.02854  1.62533e-03 |128  0.02607  2.95171e-03 |129  0.07058 -1.60312e-03
130  0.00807 -4.45136e-03 |131  0.07965 -1.15837e-03 |132  0.00400  3.42124e-03
133  0.13013 -1.28135e-03 |134 -0.00706  4.43205e-03 |135 -0.04793  8.62386e-03
136 -0.05790 -8.02662e-03 |137 -0.02305  9.40089e-03 |138  0.09320 -4.58225e-04
139  0.03128 -4.97164e-03 |140  0.01646  3.51343e-03 |141 -0.02841  3.04140e-03
142 -0.01757  6.64629e-03 |143 -0.00616  7.11275e-03 |144 -0.00035  9.90529e-03
145  0.23485 -9.23798e-03 |146  0.15078 -1.55648e-02 |147  0.04411 -2.08263e-03
148  0.29680 -3.32303e-03 |149  0.01849 -4.32144e-03 |150 -0.11823 -1.47566e-03
151 -0.47769  2.44760e-04 |152  0.31297 -1.27324e-03 |153  0.04930 -1.85250e-03
154 -0.23749 -3.21123e-03 |155  0.17602  4.06325e-03 |156  0.25904 -5.05494e-03
157  0.17262  1.49656e-03 |158  0.25391  6.49848e-04 |159  0.00764  4.18628e-03
160 -0.10160  2.76352e-04 |161 -0.33219  1.27349e-04 |162  0.05983  5.19949e-04
163  0.16432  2.70956e-03 |164  0.24516 -1.81355e-03 |165 -0.35221 -6.82965e-04
166  0.24268  2.07133e-03 |167  0.05325 -4.27869e-03 |168 -0.18834 -2.08194e-02
169  0.20266  6.13464e-04 |170  0.31657  1.00997e-03 |171  0.07733 -2.04752e-03
172 -0.52629  5.47540e-05 |173 -0.38888 -1.41525e-03 |174  0.23349 -2.69718e-03
175  0.08211 -9.21798e-03 |176 -0.12410 -7.21582e-03 |177  0.04767 -2.12065e-03
178  0.11812 -4.69193e-03 |179  0.32039 -3.57961e-03 |180  0.27209  1.13504e-03
181  0.00909 -4.52473e-03 |182  0.01098 -4.50071e-03 |183 -0.15451 -8.57986e-04
184 -0.12835 -3.39196e-03 |185  0.01216 -1.40821e-03 |186  0.39354 -1.05010e-03
187  0.01941  2.68033e-03 |188 -0.15679 -2.71084e-03 |189  0.09833 -1.23708e-02
190  0.16164 -1.64213e-02 |191  0.21825  8.42423e-03 |192  0.25698  6.33986e-03
193  0.02498 -1.19413e-02 |194 -0.00339 -4.73914e-03 |195 -0.17880 -9.73189e-03
196 -0.11723 -2.89204e-02 |197 -0.55344 -2.65985e-03 |198  0.17132 -5.55034e-04
199  0.09586 -3.21879e-02 |200 -0.25625 -7.45561e-03 |
200 variables; iteration 160; function evaluation 213; phase 4
Function value 7.2746334e+03; maximum gradient component mag 9.4709e-03
Var    Value     Gradient |Var    Value     Gradient |Var    Value     Gradient
  1 -0.42226 -4.09291e-03 |  2  0.37154 -4.21961e-04 |  3 -0.12256 -2.25914e-03
  4 -0.01610 -2.22655e-03 |  5 -0.70686  4.43338e-04 |  6 -0.60461 -1.07405e-03
  7  0.37676  9.91924e-04 |  8 -0.18044  2.29663e-04 |  9  0.02989  2.35642e-04
 10 -0.60904  1.06838e-03 | 11 -0.62302 -9.69024e-04 | 12 -0.06199  9.47088e-03
 13 -0.00969 -1.03166e-04 | 14 -0.00991 -1.62927e-03 | 15 -0.01012 -1.84574e-03
 16 -0.01032 -1.22117e-03 | 17 -0.01052 -4.58223e-04 | 18 -0.01071 -1.26205e-04
 19 -0.01090 -3.75458e-04 | 20 -0.01108 -9.12548e-04 | 21 -0.01125 -1.25590e-03
 22 -0.01140 -1.10083e-03 | 23 -0.01155 -5.40163e-04 | 24 -0.01168  1.88866e-05
 25 -0.01179  1.75716e-04 | 26 -0.01189 -1.53993e-04 | 27 -0.01198 -6.91988e-04
 28 -0.01204 -1.05813e-03 | 29 -0.01208 -1.10321e-03 | 30 -0.01209 -9.91178e-04
 31 -0.01209 -9.58971e-04 | 32 -0.01205 -1.02305e-03 | 33 -0.01199 -9.49286e-04
 34 -0.01190 -5.38855e-04 | 35 -0.01178  7.08261e-05 | 36 -0.01162  4.66917e-04
 37 -0.01143  4.04665e-04 | 38 -0.01121  1.44166e-04 | 39 -0.01095  1.89651e-04
 40 -0.01064  6.72916e-04 | 41 -0.01030  1.19781e-03 | 42 -0.00992  1.36295e-03
 43 -0.00951  1.13939e-03 | 44 -0.00907  6.61906e-04 | 45 -0.00861  9.31364e-05
 46 -0.00813 -2.17704e-04 | 47 -0.00764 -2.91196e-05 | 48 -0.00715  3.01967e-04
 49 -0.00668  1.66418e-04 | 50 -0.00624 -4.70622e-04 | 51 -0.00584 -1.03511e-03
 52 -0.00548 -1.05832e-03 | 53 -0.00516 -5.78096e-04 | 54 -0.00489  8.44303e-05
 55 -0.00466  6.60409e-04 | 56 -0.00445  1.02746e-03 | 57 -0.00424  1.13821e-03
 58 -0.00402  9.65828e-04 | 59 -0.00376  5.14776e-04 | 60 -0.00342 -9.73991e-05
 61 -0.00297 -5.64670e-04 | 62 -0.00239 -6.49515e-04 | 63 -0.00163 -6.00657e-04
 64 -0.00067 -2.95849e-04 | 65  0.00053  3.10405e-04 | 66  0.00199 -4.00133e-04
 67  0.00374 -6.60274e-04 | 68  0.00580 -1.32358e-03 | 69  0.00818 -1.40431e-03
 70  0.01085 -1.71455e-03 | 71  0.01382  1.63412e-04 | 72  0.01699 -1.12218e-03
 73  0.02028  1.68453e-04 | 74  0.02352 -1.88931e-03 | 75  0.02655  6.10498e-05
 76  0.02912  2.33721e-04 | 77  0.03105 -3.03739e-04 | 78  0.03221 -6.52341e-04
 79  0.03259  6.59833e-04 | 80  0.03226 -2.30531e-04 | 81  0.03134 -5.70891e-04
 82  0.02989  7.41719e-04 | 83  0.02786  1.23080e-03 | 84  0.02517  1.77209e-03
 85  0.02177  4.43490e-04 | 86  0.01783 -8.80399e-04 | 87  0.01375 -5.32250e-04
 88  0.01003  2.43140e-03 | 89  0.00707  1.20929e-03 | 90  0.00502 -3.78222e-04
 91  0.00368  4.96365e-04 | 92  0.00266  1.59895e-04 | 93  0.00186  5.49411e-06
 94  0.00172 -2.09317e-03 | 95  0.00238 -3.91348e-03 | 96  0.00272 -4.40833e-04
 97  0.00452 -2.95210e-03 | 98  0.00727  3.59223e-03 | 99  0.01137  3.71805e-03
100  0.01171 -2.54926e-04 |101  0.01072 -1.26217e-03 |102  0.00929 -1.69572e-03
103  0.00167  1.22574e-03 |104  0.00283 -2.51719e-03 |105  0.02243  4.05448e-04
106  0.02137  8.73688e-04 |107 -0.00233 -2.18048e-03 |108  0.01651 -2.96324e-03
109  0.08573  2.60092e-04 |110  0.02980 -3.64339e-04 |111 -0.01310  8.95597e-04
112  0.00590 -2.84832e-03 |113  0.02123  1.40002e-03 |114  0.04098 -2.15156e-03
115  0.00495  6.30949e-04 |116 -0.06047  1.18330e-03 |117 -0.07684 -4.27067e-03
118 -0.07516  1.72685e-03 |119 -0.03262 -2.54705e-03 |120  0.07296 -1.34463e-03
121  0.02588 -8.45477e-04 |122  0.01613 -1.77395e-03 |123 -0.02637  7.16230e-04
124 -0.06604 -2.32940e-03 |125 -0.00604  6.45322e-04 |126  0.00413  2.14776e-04
127 -0.02855 -4.05228e-04 |128  0.02605 -1.22915e-03 |129  0.07059  7.90193e-04
130  0.00808  6.98310e-05 |131  0.07966  4.00105e-05 |132  0.00399 -2.93237e-04
133  0.13013  1.06766e-04 |134 -0.00707 -9.29514e-04 |135 -0.04795 -3.93982e-04
136 -0.05787  1.10596e-03 |137 -0.02309 -1.10757e-03 |138  0.09320 -5.81173e-04
139  0.03129 -2.72455e-04 |140  0.01645 -4.30009e-04 |141 -0.02843 -1.36947e-04
142 -0.01760 -1.00441e-03 |143 -0.00620 -2.11909e-03 |144 -0.00040 -3.25064e-03
145  0.23478  1.28649e-03 |146  0.15074  4.35878e-03 |147  0.04411  5.52383e-04
148  0.29680  3.15813e-04 |149  0.01849  7.36938e-04 |150 -0.11823  2.84860e-04
151 -0.47769 -1.79399e-06 |152  0.31299  1.92943e-04 |153  0.04930  2.72351e-04
154 -0.23748  6.03472e-04 |155  0.17602 -2.83221e-04 |156  0.25904  3.20195e-04
157  0.17262 -1.48862e-04 |158  0.25391 -3.93065e-04 |159  0.00763 -7.16502e-04
160 -0.10161  1.52269e-04 |161 -0.33291 -1.86287e-04 |162  0.02012  9.32704e-05
163  0.16432 -3.16869e-04 |164  0.24515  1.38626e-04 |165 -0.35222 -1.23548e-04
166  0.24268 -3.60406e-04 |167  0.05325  6.79601e-04 |168 -0.18834  3.39905e-03
169  0.20265 -2.58940e-04 |170  0.31657 -2.31216e-04 |171  0.07733  1.82523e-04
172 -0.52672  2.02278e-05 |173 -0.38888  2.58480e-04 |174  0.23349  6.11304e-04
175  0.08211  1.63790e-03 |176 -0.12410  8.66955e-04 |177  0.04766  4.50126e-04
178  0.11812  7.56510e-04 |179  0.32038  5.73951e-04 |180  0.27209 -2.05400e-04
181  0.00910  9.26781e-04 |182  0.01098  6.61830e-04 |183 -0.15452  1.53549e-04
184 -0.12835  4.58968e-04 |185  0.01217  5.16515e-04 |186  0.39354  2.38743e-04
187  0.01939 -5.69686e-04 |188 -0.15679  6.19100e-04 |189  0.09833  1.32126e-03
190  0.16164  3.30768e-03 |191  0.21825 -8.12100e-04 |192  0.25698 -1.49096e-03
193  0.02498  1.49478e-03 |194 -0.00339  8.56196e-04 |195 -0.17880  1.29987e-03
196 -0.11723  5.02077e-03 |197 -0.55345  9.57616e-04 |198  0.17132  1.29137e-04
199  0.09586  8.49273e-03 |200 -0.25628  1.36973e-03 |

 - final statistics:
200 variables; iteration 174; function evaluation 236
Function value 7.2746e+03; maximum gradient component mag 7.2753e-04
Exit code = 1;  converg criter 1.0000e-03
Var    Value     Gradient |Var    Value     Gradient |Var    Value     Gradient
  1 -0.42226 -1.92203e-04 |  2  0.37154 -5.98356e-06 |  3 -0.12256 -8.87680e-05
  4 -0.01610 -8.65785e-05 |  5 -0.70687  2.22589e-05 |  6 -0.60461 -4.91376e-05
  7  0.37676  5.90701e-05 |  8 -0.18044  4.77213e-05 |  9  0.02990  4.60280e-05
 10 -0.60904  2.72286e-05 | 11 -0.62302 -4.58062e-05 | 12 -0.06200  5.10389e-04
 13 -0.00969  2.32381e-04 | 14 -0.00990 -1.82260e-04 | 15 -0.01011 -2.40519e-04
 16 -0.01031 -5.62639e-05 | 17 -0.01051  9.36032e-05 | 18 -0.01071  7.27032e-05
 19 -0.01090 -2.28208e-05 | 20 -0.01107 -4.95920e-05 | 21 -0.01124 -1.20864e-05
 22 -0.01140 -1.16672e-05 | 23 -0.01155 -5.39360e-05 | 24 -0.01168 -3.16782e-05
 25 -0.01179  7.22551e-05 | 26 -0.01189  1.01119e-04 | 27 -0.01197 -4.16550e-05
 28 -0.01203 -1.88786e-04 | 29 -0.01207 -1.32435e-04 | 30 -0.01209  3.30474e-05
 31 -0.01208  4.47538e-05 | 32 -0.01205 -1.03304e-04 | 33 -0.01199 -1.57116e-04
 34 -0.01190 -4.03646e-05 | 35 -0.01178  3.99314e-05 | 36 -0.01162 -3.35964e-06
 37 -0.01144 -2.31468e-05 | 38 -0.01121 -3.86592e-07 | 39 -0.01095 -3.44245e-05
 40 -0.01064 -3.16103e-05 | 41 -0.01030  6.13287e-05 | 42 -0.00992  3.99630e-05
 43 -0.00951 -1.76423e-04 | 44 -0.00907 -3.83816e-04 | 45 -0.00861 -3.15266e-04
 46 -0.00812 -3.04650e-06 | 47 -0.00764  1.26569e-04 | 48 -0.00715 -8.71029e-06
 49 -0.00668  1.34495e-05 | 50 -0.00624  2.51281e-04 | 51 -0.00583  3.55215e-04
 52 -0.00547  2.27333e-04 | 53 -0.00516  5.86751e-05 | 54 -0.00489 -1.44680e-05
 55 -0.00466  2.31856e-06 | 56 -0.00445  5.52835e-05 | 57 -0.00425  9.88401e-05
 58 -0.00402  9.93364e-05 | 59 -0.00376  3.50210e-05 | 60 -0.00342 -7.29442e-05
 61 -0.00297 -1.25406e-04 | 62 -0.00238 -7.14965e-05 | 63 -0.00163 -2.48151e-05
 64 -0.00067 -5.58386e-05 | 65  0.00053 -2.77560e-04 | 66  0.00199 -2.66941e-04
 67  0.00375 -2.21637e-04 | 68  0.00581  2.99197e-04 | 69  0.00818 -9.10888e-05
 70  0.01086  1.51152e-04 | 71  0.01382 -5.31429e-05 | 72  0.01699 -4.39822e-05
 73  0.02028 -7.35744e-06 | 74  0.02353 -1.25731e-04 | 75  0.02655 -1.35674e-05
 76  0.02912 -1.20141e-06 | 77  0.03105  2.20331e-05 | 78  0.03221 -2.94067e-05
 79  0.03259  2.11102e-05 | 80  0.03226 -2.67921e-05 | 81  0.03134 -4.44177e-05
 82  0.02989  4.21519e-05 | 83  0.02786  1.21707e-04 | 84  0.02516  9.45325e-05
 85  0.02177  4.04077e-05 | 86  0.01784 -4.03125e-05 | 87  0.01376  1.58692e-04
 88  0.01003  3.42770e-05 | 89  0.00707  6.84815e-06 | 90  0.00502 -3.83841e-05
 91  0.00368 -1.90175e-04 | 92  0.00266 -2.14180e-04 | 93  0.00186 -1.64203e-05
 94  0.00173  3.32008e-05 | 95  0.00239 -2.61514e-04 | 96  0.00273  3.08194e-04
 97  0.00453 -2.89515e-06 | 98  0.00726 -2.71133e-04 | 99  0.01136  7.27527e-04
100  0.01171 -2.48066e-04 |101  0.01073 -3.60423e-05 |102  0.00930 -4.61061e-04
103  0.00167  1.11530e-04 |104  0.00284  1.82092e-04 |105  0.02243 -3.04821e-05
106  0.02136 -6.70949e-05 |107 -0.00232 -2.40726e-05 |108  0.01652 -9.34038e-05
109  0.08573 -3.75731e-05 |110  0.02980 -1.61579e-05 |111 -0.01310  5.14882e-05
112  0.00591 -1.05006e-04 |113  0.02123  2.51839e-05 |114  0.04098 -1.02383e-04
115  0.00494  3.65610e-05 |116 -0.06047  4.01665e-05 |117 -0.07683 -1.98867e-04
118 -0.07517  7.56277e-05 |119 -0.03261 -1.22519e-04 |120  0.07296 -6.07022e-05
121  0.02588 -7.26764e-05 |122  0.01613 -6.63282e-05 |123 -0.02637  2.16256e-05
124 -0.06604 -7.45701e-05 |125 -0.00604  3.61961e-05 |126  0.00413  1.21321e-05
127 -0.02854 -1.95936e-05 |128  0.02606 -3.90387e-05 |129  0.07058  4.17496e-05
130  0.00808  2.14334e-05 |131  0.07966 -1.82844e-05 |132  0.00399  5.03016e-06
133  0.13013 -1.60300e-06 |134 -0.00707 -3.58577e-05 |135 -0.04795  4.02881e-05
136 -0.05788  4.49928e-05 |137 -0.02308 -2.29677e-05 |138  0.09320 -5.28862e-05
139  0.03129 -6.06941e-05 |140  0.01645 -4.90942e-06 |141 -0.02843  2.04147e-05
142 -0.01759 -2.33897e-05 |143 -0.00619 -1.74428e-04 |144 -0.00039 -2.16402e-04
145  0.23479  5.66670e-05 |146  0.15074  2.64442e-04 |147  0.04411  8.26410e-07
148  0.29680  5.71234e-05 |149  0.01849  2.48139e-05 |150 -0.11823  8.58529e-08
151 -0.47769  2.59847e-06 |152  0.31299  7.31565e-06 |153  0.04930  1.13244e-05
154 -0.23748  2.55404e-05 |155  0.17602 -3.48619e-05 |156  0.25904  5.34237e-05
157  0.17262 -1.43044e-05 |158  0.25391 -1.32829e-05 |159  0.00764 -3.05985e-05
160 -0.10161  5.70455e-06 |161 -0.33301  1.32623e-05 |162  0.00020 -4.97514e-06
163  0.16432 -1.86963e-05 |164  0.24516  1.43718e-05 |165 -0.35222 -8.09519e-06
166  0.24268 -1.79869e-05 |167  0.05325  3.39456e-05 |168 -0.18834  1.69372e-04
169  0.20265 -1.45626e-05 |170  0.31657 -1.09232e-05 |171  0.07733  7.43535e-06
172 -0.52700 -3.14480e-06 |173 -0.38888  1.44475e-05 |174  0.23349  2.60054e-05
175  0.08211  8.52493e-05 |176 -0.12410  2.86528e-05 |177  0.04766  1.85452e-05
178  0.11812  3.42902e-05 |179  0.32038  2.59449e-05 |180  0.27209 -8.02500e-06
181  0.00910  4.32327e-05 |182  0.01098  3.06835e-05 |183 -0.15452  6.11380e-06
184 -0.12835  2.13516e-05 |185  0.01217  2.41703e-05 |186  0.39354  1.28262e-05
187  0.01940 -2.84865e-05 |188 -0.15679  2.96882e-05 |189  0.09833  5.10681e-05
190  0.16164  1.33815e-04 |191  0.21825 -2.85485e-05 |192  0.25698 -2.82372e-05
193  0.02498  6.76824e-05 |194 -0.00339  3.83256e-05 |195 -0.17880  6.07057e-05
196 -0.11723  2.37540e-04 |197 -0.55345  4.91430e-05 |198  0.17132 -1.27424e-05
199  0.09586  4.92852e-04 |200 -0.25627  5.77494e-05 |

 - final statistics:
213 variables; iteration 0; function evaluation 0
Function value 7.2746e+03; maximum gradient component mag 7.2753e-04
Exit code = 0;  converg criter 1.0000e-03
Var    Value     Gradient |Var    Value     Gradient |Var    Value     Gradient
  1 -0.42226 -1.92203e-04 |  2  0.37154 -5.98357e-06 |  3 -0.12256 -8.87680e-05
  4 -0.01610 -8.65785e-05 |  5 -0.70687  2.22589e-05 |  6 -0.60461 -4.91376e-05
  7  0.37676  5.90701e-05 |  8 -0.18044  4.77213e-05 |  9  0.02990  4.60280e-05
 10 -0.60904  2.72286e-05 | 11 -0.62302 -4.58062e-05 | 12 -0.06200  5.10389e-04
 13 -0.00969  2.32381e-04 | 14 -0.00990 -1.82260e-04 | 15 -0.01011 -2.40519e-04
 16 -0.01031 -5.62639e-05 | 17 -0.01051  9.36032e-05 | 18 -0.01071  7.27032e-05
 19 -0.01090 -2.28208e-05 | 20 -0.01107 -4.95920e-05 | 21 -0.01124 -1.20864e-05
 22 -0.01140 -1.16672e-05 | 23 -0.01155 -5.39360e-05 | 24 -0.01168 -3.16782e-05
 25 -0.01179  7.22551e-05 | 26 -0.01189  1.01119e-04 | 27 -0.01197 -4.16550e-05
 28 -0.01203 -1.88786e-04 | 29 -0.01207 -1.32435e-04 | 30 -0.01209  3.30474e-05
 31 -0.01208  4.47538e-05 | 32 -0.01205 -1.03304e-04 | 33 -0.01199 -1.57116e-04
 34 -0.01190 -4.03646e-05 | 35 -0.01178  3.99314e-05 | 36 -0.01162 -3.35964e-06
 37 -0.01144 -2.31468e-05 | 38 -0.01121 -3.86592e-07 | 39 -0.01095 -3.44245e-05
 40 -0.01064 -3.16103e-05 | 41 -0.01030  6.13287e-05 | 42 -0.00992  3.99630e-05
 43 -0.00951 -1.76423e-04 | 44 -0.00907 -3.83816e-04 | 45 -0.00861 -3.15266e-04
 46 -0.00812 -3.04650e-06 | 47 -0.00764  1.26569e-04 | 48 -0.00715 -8.71029e-06
 49 -0.00668  1.34495e-05 | 50 -0.00624  2.51281e-04 | 51 -0.00583  3.55215e-04
 52 -0.00547  2.27333e-04 | 53 -0.00516  5.86751e-05 | 54 -0.00489 -1.44680e-05
 55 -0.00466  2.31856e-06 | 56 -0.00445  5.52835e-05 | 57 -0.00425  9.88401e-05
 58 -0.00402  9.93364e-05 | 59 -0.00376  3.50210e-05 | 60 -0.00342 -7.29442e-05
 61 -0.00297 -1.25406e-04 | 62 -0.00238 -7.14965e-05 | 63 -0.00163 -2.48151e-05
 64 -0.00067 -5.58386e-05 | 65  0.00053 -2.77560e-04 | 66  0.00199 -2.66941e-04
 67  0.00375 -2.21637e-04 | 68  0.00581  2.99197e-04 | 69  0.00818 -9.10888e-05
 70  0.01086  1.51152e-04 | 71  0.01382 -5.31429e-05 | 72  0.01699 -4.39822e-05
 73  0.02028 -7.35744e-06 | 74  0.02353 -1.25731e-04 | 75  0.02655 -1.35674e-05
 76  0.02912 -1.20141e-06 | 77  0.03105  2.20331e-05 | 78  0.03221 -2.94067e-05
 79  0.03259  2.11102e-05 | 80  0.03226 -2.67921e-05 | 81  0.03134 -4.44177e-05
 82  0.02989  4.21519e-05 | 83  0.02786  1.21707e-04 | 84  0.02516  9.45325e-05
 85  0.02177  4.04077e-05 | 86  0.01784 -4.03125e-05 | 87  0.01376  1.58692e-04
 88  0.01003  3.42770e-05 | 89  0.00707  6.84815e-06 | 90  0.00502 -3.83841e-05
 91  0.00368 -1.90175e-04 | 92  0.00266 -2.14180e-04 | 93  0.00186 -1.64203e-05
 94  0.00173  3.32008e-05 | 95  0.00239 -2.61514e-04 | 96  0.00273  3.08194e-04
 97  0.00453 -2.89515e-06 | 98  0.00726 -2.71133e-04 | 99  0.01136  7.27527e-04
100  0.01171 -2.48066e-04 |101  0.01073 -3.60423e-05 |102  0.00930 -4.61061e-04
103  0.00167  1.11530e-04 |104  0.00284  1.82092e-04 |105  0.02243 -3.04821e-05
106  0.02136 -6.70949e-05 |107 -0.00232 -2.40726e-05 |108  0.01652 -9.34038e-05
109  0.08573 -3.75731e-05 |110  0.02980 -1.61579e-05 |111 -0.01310  5.14882e-05
112  0.00591 -1.05006e-04 |113  0.02123  2.51840e-05 |114  0.04098 -1.02383e-04
115  0.00494  3.65610e-05 |116 -0.06047  4.01665e-05 |117 -0.07683 -1.98867e-04
118 -0.07517  7.56277e-05 |119 -0.03261 -1.22519e-04 |120  0.07296 -6.07022e-05
121  0.02588 -7.26764e-05 |122  0.01613 -6.63282e-05 |123 -0.02637  2.16256e-05
124 -0.06604 -7.45701e-05 |125 -0.00604  3.61961e-05 |126  0.00413  1.21321e-05
127 -0.02854 -1.95936e-05 |128  0.02606 -3.90387e-05 |129  0.07058  4.17496e-05
130  0.00808  2.14334e-05 |131  0.07966 -1.82844e-05 |132  0.00399  5.03016e-06
133  0.13013 -1.60300e-06 |134 -0.00707 -3.58577e-05 |135 -0.04795  4.02881e-05
136 -0.05788  4.49928e-05 |137 -0.02308 -2.29677e-05 |138  0.09320 -5.28862e-05
139  0.03129 -6.06941e-05 |140  0.01645 -4.90942e-06 |141 -0.02843  2.04147e-05
142 -0.01759 -2.33897e-05 |143 -0.00619 -1.74428e-04 |144 -0.00039 -2.16402e-04
145  0.00000  0.00000e+00 |146  0.00000  0.00000e+00 |147  0.00000  0.00000e+00
148  0.00000  0.00000e+00 |149  0.00000  0.00000e+00 |150  0.00000  0.00000e+00
151  0.00000  0.00000e+00 |152  0.00000  0.00000e+00 |153  0.00000  0.00000e+00
154  0.00000  0.00000e+00 |155  0.00000  0.00000e+00 |156  0.00000  0.00000e+00
157  0.00000  0.00000e+00 |158  0.23479  5.66670e-05 |159  0.15074  2.64442e-04
160  0.04411  8.26411e-07 |161  0.29680  5.71234e-05 |162  0.01849  2.48139e-05
163 -0.11823  8.58533e-08 |164 -0.47769  2.59847e-06 |165  0.31299  7.31565e-06
166  0.04930  1.13244e-05 |167 -0.23748  2.55404e-05 |168  0.17602 -3.48619e-05
169  0.25904  5.34237e-05 |170  0.17262 -1.43044e-05 |171  0.25391 -1.32829e-05
172  0.00764 -3.05985e-05 |173 -0.10161  5.70455e-06 |174 -0.33301  1.32623e-05
175  0.00020 -4.97514e-06 |176  0.16432 -1.86963e-05 |177  0.24516  1.43718e-05
178 -0.35222 -8.09519e-06 |179  0.24268 -1.79869e-05 |180  0.05325  3.39456e-05
181 -0.18834  1.69372e-04 |182  0.20265 -1.45626e-05 |183  0.31657 -1.09232e-05
184  0.07733  7.43535e-06 |185 -0.52700 -3.14480e-06 |186 -0.38888  1.44475e-05
187  0.23349  2.60054e-05 |188  0.08211  8.52493e-05 |189 -0.12410  2.86528e-05
190  0.04766  1.85452e-05 |191  0.11812  3.42902e-05 |192  0.32038  2.59449e-05
193  0.27209 -8.02500e-06 |194  0.00910  4.32327e-05 |195  0.01098  3.06835e-05
196 -0.15452  6.11380e-06 |197 -0.12835  2.13516e-05 |198  0.01217  2.41703e-05
199  0.39354  1.28262e-05 |200  0.01940 -2.84865e-05 |201 -0.15679  2.96882e-05
202  0.09833  5.10681e-05 |203  0.16164  1.33815e-04 |204  0.21825 -2.85485e-05
205  0.25698 -2.82372e-05 |206  0.02498  6.76824e-05 |207 -0.00339  3.83256e-05
208 -0.17880  6.07057e-05 |209 -0.11723  2.37540e-04 |210 -0.55345  4.91430e-05
211  0.17132 -1.27424e-05 |212  0.09586  4.92852e-04 |213 -0.25627  5.77494e-05
size of file gradfil1.tmp = 0
size of file gradfil2.tmp = 0
size of file varssave.tmp = 0
size of file cmpdiff.tmp = 1000000040
