
Initial statistics: 136 variables; iteration 0; function evaluation 0; phase 1
Function value 7.1542910e+03; maximum gradient component mag -2.6310e+02
Var    Value     Gradient |Var    Value     Gradient |Var    Value     Gradient
  1 -0.42334 -2.63104e+02 |  2 -0.09289 -3.52676e+01 |  3 -0.01009 -2.12883e-01
  4 -0.01031 -2.18443e-01 |  5 -0.01053 -2.24135e-01 |  6 -0.01074 -2.29973e-01
  7 -0.01095 -2.35969e-01 |  8 -0.01115 -2.42113e-01 |  9 -0.01135 -2.48417e-01
 10 -0.01153 -2.54888e-01 | 11 -0.01171 -2.61521e-01 | 12 -0.01187 -2.68330e-01
 13 -0.01203 -2.75328e-01 | 14 -0.01217 -2.82505e-01 | 15 -0.01229 -2.89885e-01
 16 -0.01240 -2.97477e-01 | 17 -0.01249 -3.05298e-01 | 18 -0.01255 -3.13352e-01
 19 -0.01260 -3.21647e-01 | 20 -0.01262 -3.30169e-01 | 21 -0.01262 -3.38927e-01
 22 -0.01260 -3.47932e-01 | 23 -0.01254 -3.57201e-01 | 24 -0.01246 -3.66765e-01
 25 -0.01235 -3.76667e-01 | 26 -0.01220 -3.86928e-01 | 27 -0.01202 -3.97587e-01
 28 -0.01180 -4.08659e-01 | 29 -0.01154 -4.20148e-01 | 30 -0.01124 -4.32012e-01
 31 -0.01091 -4.44302e-01 | 32 -0.01054 -4.57001e-01 | 33 -0.01013 -4.70101e-01
 34 -0.00969 -4.83614e-01 | 35 -0.00923 -4.97518e-01 | 36 -0.00876 -5.11755e-01
 37 -0.00827 -5.26286e-01 | 38 -0.00779 -5.41042e-01 | 39 -0.00732 -5.56017e-01
 40 -0.00687 -5.71261e-01 | 41 -0.00646 -5.86857e-01 | 42 -0.00610 -6.02862e-01
 43 -0.00578 -6.19266e-01 | 44 -0.00550 -6.35952e-01 | 45 -0.00527 -6.52840e-01
 46 -0.00505 -6.70029e-01 | 47 -0.00484 -6.87708e-01 | 48 -0.00461 -7.06062e-01
 49 -0.00433 -7.25409e-01 | 50 -0.00397 -7.45973e-01 | 51 -0.00351 -7.68074e-01
 52 -0.00290 -7.91991e-01 | 53 -0.00211 -8.18015e-01 | 54 -0.00112 -8.46647e-01
 55  0.00012 -8.78158e-01 | 56  0.00162 -9.13737e-01 | 57  0.00342 -9.53716e-01
 58  0.00553 -9.98564e-01 | 59  0.00797 -1.04905e+00 | 60  0.01071 -1.10569e+00
 61  0.01374 -1.16892e+00 | 62  0.01700 -1.23871e+00 | 63  0.02037 -1.31479e+00
 64  0.02373 -1.39633e+00 | 65  0.02687 -1.48174e+00 | 66  0.02959 -1.56874e+00
 67  0.03168 -1.65491e+00 | 68  0.03301 -1.73814e+00 | 69  0.03358 -1.81729e+00
 70  0.03344 -1.89266e+00 | 71  0.03272 -1.96475e+00 | 72  0.03145 -2.03342e+00
 73  0.02960 -2.09705e+00 | 74  0.02705 -2.15307e+00 | 75  0.02380 -2.20013e+00
 76  0.01999 -2.24020e+00 | 77  0.01602 -2.27968e+00 | 78  0.01239 -2.32711e+00
 79  0.00955 -2.39118e+00 | 80  0.00761 -2.47553e+00 | 81  0.00637 -2.57946e+00
 82  0.00544 -2.69759e+00 | 83  0.00468 -2.83001e+00 | 84  0.00458 -2.99140e+00
 85  0.00522 -3.18981e+00 | 86  0.00545 -3.39900e+00 | 87  0.00713 -3.66798e+00
 88  0.00970 -3.97894e+00 | 89  0.01366 -4.33057e+00 | 90  0.01376 -4.50135e+00
 91  0.01250 -4.48211e+00 | 92  0.01081 -4.21691e+00 | 93  0.00275 -3.46484e+00
 94  0.00360 -2.62830e+00 | 95  0.02294 -1.66150e+00 | 96  0.02140 -7.48471e-03
 97 -0.00268  1.38528e+00 | 98  0.01577  3.07603e+00 | 99  0.08374  7.48133e+00
100  0.02820  6.54485e+00 |101 -0.01452  6.24468e+00 |102  0.00430  9.51672e+00
103  0.01938  1.31151e+01 |104  0.03866  1.67852e+01 |105  0.00285  1.25517e+01
106 -0.06248  6.56493e+00 |107 -0.07893  4.25326e+00 |108 -0.07730  2.34066e+00
109 -0.03457  4.39217e-01 |110  0.06971 -4.20005e+00 |111  0.02361 -4.88190e+00
112  0.01375 -4.14234e+00 |113 -0.02797 -1.14984e+00 |114 -0.06716  1.10319e+00
115 -0.00654  4.63144e+00 |116  0.00456  6.66403e+00 |117 -0.02731  4.76766e+00
118  0.02817  4.77704e+00 |119  0.07344  2.73591e+00 |120  0.01038 -1.91932e-02
121  0.08254 -1.61499e+00 |122  0.00575 -1.03808e+00 |123  0.13287 -1.48332e+00
124 -0.00532  1.74481e-02 |125 -0.04646  2.76782e-01 |126 -0.05671  2.31419e-01
127 -0.02192  9.07791e-02 |128  0.09420  1.24486e-02 |129  0.03190 -9.31912e-05
130  0.01685  1.90945e-04 |131 -0.02798 -1.10511e-04 |132 -0.01758 -4.11303e-05
133 -0.00588 -2.39766e-04 |134 -0.00040 -1.75986e-05 |135  0.27670 -1.33095e-04
136  0.18753  3.27385e-04 |

Intermediate statistics: 136 variables; iteration 20; function evaluation 30; phase 1
Function value 7.1510756e+03; maximum gradient component mag -2.6853e+01
Var    Value     Gradient |Var    Value     Gradient |Var    Value     Gradient
  1 -0.40520 -2.68531e+01 |  2 -0.06025 -1.88246e+00 |  3 -0.00795  8.39718e-02
  4 -0.00815  8.10596e-02 |  5 -0.00835  7.80903e-02 |  6 -0.00855  7.50963e-02
  7 -0.00874  7.21110e-02 |  8 -0.00892  6.91628e-02 |  9 -0.00910  6.62960e-02
 10 -0.00928  6.35568e-02 | 11 -0.00944  6.09892e-02 | 12 -0.00959  5.86494e-02
 13 -0.00973  5.65953e-02 | 14 -0.00986  5.48742e-02 | 15 -0.00997  5.35430e-02
 16 -0.01007  5.26462e-02 | 17 -0.01014  5.22258e-02 | 18 -0.01020  5.23243e-02
 19 -0.01024  5.30065e-02 | 20 -0.01025  5.43490e-02 | 21 -0.01024  5.64426e-02
 22 -0.01020  5.93713e-02 | 23 -0.01014  6.32064e-02 | 24 -0.01004  6.80045e-02
 25 -0.00992  7.38033e-02 | 26 -0.00976  8.06109e-02 | 27 -0.00957  8.84260e-02
 28 -0.00934  9.72352e-02 | 29 -0.00908  1.07024e-01 | 30 -0.00878  1.17750e-01
 31 -0.00844  1.29423e-01 | 32 -0.00806  1.41977e-01 | 33 -0.00766  1.55314e-01
 34 -0.00723  1.69302e-01 | 35 -0.00677  1.83781e-01 | 36 -0.00631  1.98570e-01
 37 -0.00584  2.13510e-01 | 38 -0.00538  2.28403e-01 | 39 -0.00494  2.43014e-01
 40 -0.00454  2.57003e-01 | 41 -0.00417  2.69917e-01 | 42 -0.00386  2.81256e-01
 43 -0.00361  2.90598e-01 | 44 -0.00341  2.97592e-01 | 45 -0.00326  3.01875e-01
 46 -0.00314  3.02976e-01 | 47 -0.00303  3.00283e-01 | 48 -0.00292  2.93118e-01
 49 -0.00277  2.80919e-01 | 50 -0.00257  2.63108e-01 | 51 -0.00227  2.39272e-01
 52 -0.00184  2.09125e-01 | 53 -0.00126  1.72515e-01 | 54 -0.00049  1.29514e-01
 55  0.00051  8.02120e-02 | 56  0.00176  2.51914e-02 | 57  0.00329 -3.51859e-02
 58  0.00513 -1.00330e-01 | 59  0.00727 -1.69348e-01 | 60  0.00971 -2.41171e-01
 61  0.01244 -3.14579e-01 | 62  0.01539 -3.88311e-01 | 63  0.01845 -4.61004e-01
 64  0.02150 -5.31389e-01 | 65  0.02434 -5.98241e-01 | 66  0.02675 -6.60185e-01
 67  0.02853 -7.16036e-01 | 68  0.02958 -7.65177e-01 | 69  0.02985 -8.07513e-01
 70  0.02943 -8.43295e-01 | 71  0.02843 -8.72801e-01 | 72  0.02689 -8.95845e-01
 73  0.02477 -9.11236e-01 | 74  0.02201 -9.16625e-01 | 75  0.01858 -9.08674e-01
 76  0.01465 -8.84547e-01 | 77  0.01063 -8.43886e-01 | 78  0.00700 -7.90522e-01
 79  0.00414 -7.32017e-01 | 80  0.00217 -6.77691e-01 | 81  0.00087 -6.35011e-01
 82 -0.00015 -6.08937e-01 | 83 -0.00100 -6.03952e-01 | 84 -0.00124 -6.28565e-01
 85 -0.00075 -6.88139e-01 | 86 -0.00062 -7.73496e-01 | 87  0.00098 -8.87204e-01
 88  0.00364 -1.00241e+00 | 89  0.00799 -1.07883e+00 | 90  0.00874 -1.11239e+00
 91  0.00791 -1.13663e+00 | 92  0.00642 -1.09583e+00 | 93 -0.00158 -9.15248e-01
 94 -0.00021 -4.24836e-01 | 95  0.01874  1.37700e-01 | 96  0.01828  1.01386e+00
 97 -0.00531  1.23589e+00 | 98  0.01315  1.50741e+00 | 99  0.07987  2.43795e+00
100  0.02532  1.43983e+00 |101 -0.01744  1.16633e+00 |102  0.00027  1.91555e+00
103  0.01505  2.87889e+00 |104  0.03303  2.83315e+00 |105 -0.00363  4.61781e-01
106 -0.06972 -1.50982e+00 |107 -0.08525 -1.75437e+00 |108 -0.08155 -1.20097e+00
109 -0.03694 -5.18724e-01 |110  0.07020 -2.03817e-02 |111  0.02599 -2.37002e-01
112  0.01480 -1.09049e+00 |113 -0.02935 -1.11397e+00 |114 -0.06928 -6.27597e-01
115 -0.01276 -1.36369e+00 |116 -0.00420 -1.44554e+00 |117 -0.03398 -9.90026e-01
118  0.02194 -1.06079e+00 |119  0.07129 -4.14845e-01 |120  0.01073  2.04479e-01
121  0.08331  4.78999e-01 |122  0.00637  9.63315e-02 |123  0.13196 -8.64784e-01
124 -0.00727 -5.60975e-01 |125 -0.04699  2.92136e-01 |126 -0.05662  4.35740e-01
127 -0.02213  1.77766e-01 |128  0.09290 -2.34354e-01 |129  0.03149  1.68869e-02
130  0.01707  2.89537e-01 |131 -0.02887 -1.91727e-01 |132 -0.01872 -2.74388e-01
133 -0.00636 -1.04922e-01 |134 -0.00046 -1.28567e-02 |135  0.23751 -3.47951e+00
136  0.15340  4.01719e+00 |

 - final statistics:
136 variables; iteration 24; function evaluation 35
Function value 7.1510e+03; maximum gradient component mag -3.1027e+00
Exit code = 1;  converg criter 1.0000e+01
Var    Value     Gradient |Var    Value     Gradient |Var    Value     Gradient
  1 -0.40373 -3.10266e+00 |  2 -0.05962 -1.80293e+00 |  3 -0.00763  6.53466e-02
  4 -0.00781  6.63979e-02 |  5 -0.00798  6.72364e-02 |  6 -0.00815  6.78380e-02
  7 -0.00832  6.81797e-02 |  8 -0.00849  6.82364e-02 |  9 -0.00864  6.79877e-02
 10 -0.00880  6.74159e-02 | 11 -0.00894  6.65050e-02 | 12 -0.00908  6.52446e-02
 13 -0.00921  6.36285e-02 | 14 -0.00932  6.16508e-02 | 15 -0.00942  5.93126e-02
 16 -0.00951  5.66156e-02 | 17 -0.00959  5.35655e-02 | 18 -0.00964  5.01719e-02
 19 -0.00968  4.64546e-02 | 20 -0.00970  4.24378e-02 | 21 -0.00970  3.81504e-02
 22 -0.00968  3.36220e-02 | 23 -0.00963  2.88818e-02 | 24 -0.00956  2.39608e-02
 25 -0.00946  1.88940e-02 | 26 -0.00933  1.37177e-02 | 27 -0.00917  8.47857e-03
 28 -0.00898  3.22868e-03 | 29 -0.00876 -1.97264e-03 | 30 -0.00850 -7.05767e-03
 31 -0.00821 -1.19786e-02 | 32 -0.00788 -1.66771e-02 | 33 -0.00753 -2.11052e-02
 34 -0.00715 -2.52165e-02 | 35 -0.00675 -2.89621e-02 | 36 -0.00634 -3.22939e-02
 37 -0.00593 -3.51640e-02 | 38 -0.00553 -3.75224e-02 | 39 -0.00515 -3.93139e-02
 40 -0.00479 -4.04712e-02 | 41 -0.00448 -4.09070e-02 | 42 -0.00422 -4.05202e-02
 43 -0.00400 -3.92268e-02 | 44 -0.00383 -3.69727e-02 | 45 -0.00370 -3.37498e-02
 46 -0.00359 -2.96063e-02 | 47 -0.00348 -2.46518e-02 | 48 -0.00335 -1.90688e-02
 49 -0.00318 -1.31375e-02 | 50 -0.00292 -7.21152e-03 | 51 -0.00257 -1.69845e-03
 52 -0.00207  2.99318e-03 | 53 -0.00140  6.51727e-03 | 54 -0.00053  8.64168e-03
 55  0.00057  9.30747e-03 | 56  0.00194  8.55094e-03 | 57  0.00360  6.49492e-03
 58  0.00557  3.11008e-03 | 59  0.00785 -2.05473e-03 | 60  0.01043 -1.00613e-02
 61  0.01327 -2.25583e-02 | 62  0.01630 -4.13446e-02 | 63  0.01940 -6.70943e-02
 64  0.02244 -9.77511e-02 | 65  0.02525 -1.27328e-01 | 66  0.02765 -1.45980e-01
 67  0.02951 -1.44653e-01 | 68  0.03070 -1.23608e-01 | 69  0.03115 -9.49300e-02
 70  0.03084 -7.44594e-02 | 71  0.02983 -7.42097e-02 | 72  0.02814 -9.64076e-02
 73  0.02581 -1.33517e-01 | 74  0.02280 -1.70735e-01 | 75  0.01920 -1.91941e-01
 76  0.01516 -1.91669e-01 | 77  0.01105 -1.76865e-01 | 78  0.00729 -1.57101e-01
 79  0.00430 -1.36097e-01 | 80  0.00222 -1.14196e-01 | 81  0.00084 -9.24611e-02
 82 -0.00020 -7.33061e-02 | 83 -0.00102 -6.06409e-02 | 84 -0.00117 -5.98078e-02
 85 -0.00054 -7.48013e-02 | 86 -0.00023 -1.07928e-01 | 87  0.00156 -1.61529e-01
 88  0.00431 -2.37995e-01 | 89  0.00859 -3.15396e-01 | 90  0.00931 -3.70594e-01
 91  0.00859 -4.13245e-01 | 92  0.00734 -3.88116e-01 | 93 -0.00034 -2.64798e-01
 94  0.00046 -8.25382e-02 | 95  0.01930  1.96262e-01 | 96  0.01793  4.77751e-01
 97 -0.00594  3.59186e-01 | 98  0.01206  1.78222e-01 | 99  0.07911  3.22780e-01
100  0.02622  3.87212e-01 |101 -0.01588  6.58690e-01 |102  0.00058  4.73115e-01
103  0.01261  7.79870e-02 |104  0.03131  6.01521e-01 |105 -0.00146  1.05296e+00
106 -0.06755 -1.14093e-01 |107 -0.08482 -1.04630e+00 |108 -0.08100 -4.62201e-01
109 -0.03517  7.40648e-01 |110  0.07004  2.94920e-01 |111  0.02447 -5.68994e-01
112  0.01625  4.36477e-01 |113 -0.02663  9.33361e-01 |114 -0.06955 -3.62943e-01
115 -0.01262 -6.91617e-01 |116 -0.00335 -4.48994e-01 |117 -0.03333 -2.35602e-01
118  0.02323  1.13105e-01 |119  0.07242  6.34891e-01 |120  0.01064  1.31842e-01
121  0.08203 -7.64467e-01 |122  0.00587 -3.66773e-01 |123  0.13332  2.83605e-01
124 -0.00629 -9.57185e-02 |125 -0.04794 -1.24301e-01 |126 -0.05688  3.04073e-01
127 -0.02239  6.97610e-02 |128  0.09317 -1.35475e-01 |129  0.03131 -4.91577e-02
130  0.01680  1.79691e-01 |131 -0.02927 -3.31533e-01 |132 -0.01798 -6.21831e-02
133 -0.00569  6.47150e-02 |134 -0.00040  2.85643e-03 |135  0.23737 -8.51607e-01
136  0.15179  1.91065e-01 |

Initial statistics: 146 variables; iteration 0; function evaluation 0; phase 2
Function value 7.1510282e+03; maximum gradient component mag 3.3471e+02
Var    Value     Gradient |Var    Value     Gradient |Var    Value     Gradient
  1 -0.40373 -3.10266e+00 |  2  0.37110  3.20432e+01 |  3 -0.12614  2.08397e+02
  4 -0.01321  6.04059e+01 |  5 -0.70915  2.28319e+00 |  6 -0.60419  3.34706e+02
  7  0.37628 -4.41886e+01 |  8 -0.18524 -1.38541e+02 |  9  0.03399 -9.42381e+01
 10 -0.60948 -4.24301e+00 | 11 -0.62338  3.21405e+02 | 12 -0.05962 -1.80293e+00
 13 -0.00763  6.53466e-02 | 14 -0.00781  6.63979e-02 | 15 -0.00798  6.72364e-02
 16 -0.00815  6.78380e-02 | 17 -0.00832  6.81797e-02 | 18 -0.00849  6.82364e-02
 19 -0.00864  6.79877e-02 | 20 -0.00880  6.74159e-02 | 21 -0.00894  6.65050e-02
 22 -0.00908  6.52446e-02 | 23 -0.00921  6.36285e-02 | 24 -0.00932  6.16508e-02
 25 -0.00942  5.93126e-02 | 26 -0.00951  5.66156e-02 | 27 -0.00959  5.35655e-02
 28 -0.00964  5.01719e-02 | 29 -0.00968  4.64546e-02 | 30 -0.00970  4.24378e-02
 31 -0.00970  3.81504e-02 | 32 -0.00968  3.36220e-02 | 33 -0.00963  2.88818e-02
 34 -0.00956  2.39608e-02 | 35 -0.00946  1.88940e-02 | 36 -0.00933  1.37177e-02
 37 -0.00917  8.47857e-03 | 38 -0.00898  3.22868e-03 | 39 -0.00876 -1.97264e-03
 40 -0.00850 -7.05767e-03 | 41 -0.00821 -1.19786e-02 | 42 -0.00788 -1.66771e-02
 43 -0.00753 -2.11052e-02 | 44 -0.00715 -2.52165e-02 | 45 -0.00675 -2.89621e-02
 46 -0.00634 -3.22939e-02 | 47 -0.00593 -3.51640e-02 | 48 -0.00553 -3.75224e-02
 49 -0.00515 -3.93139e-02 | 50 -0.00479 -4.04712e-02 | 51 -0.00448 -4.09070e-02
 52 -0.00422 -4.05202e-02 | 53 -0.00400 -3.92268e-02 | 54 -0.00383 -3.69727e-02
 55 -0.00370 -3.37498e-02 | 56 -0.00359 -2.96063e-02 | 57 -0.00348 -2.46518e-02
 58 -0.00335 -1.90688e-02 | 59 -0.00318 -1.31375e-02 | 60 -0.00292 -7.21152e-03
 61 -0.00257 -1.69845e-03 | 62 -0.00207  2.99318e-03 | 63 -0.00140  6.51727e-03
 64 -0.00053  8.64168e-03 | 65  0.00057  9.30747e-03 | 66  0.00194  8.55094e-03
 67  0.00360  6.49492e-03 | 68  0.00557  3.11008e-03 | 69  0.00785 -2.05473e-03
 70  0.01043 -1.00613e-02 | 71  0.01327 -2.25583e-02 | 72  0.01630 -4.13446e-02
 73  0.01940 -6.70943e-02 | 74  0.02244 -9.77511e-02 | 75  0.02525 -1.27328e-01
 76  0.02765 -1.45980e-01 | 77  0.02951 -1.44653e-01 | 78  0.03070 -1.23608e-01
 79  0.03115 -9.49300e-02 | 80  0.03084 -7.44594e-02 | 81  0.02983 -7.42097e-02
 82  0.02814 -9.64076e-02 | 83  0.02581 -1.33517e-01 | 84  0.02280 -1.70735e-01
 85  0.01920 -1.91941e-01 | 86  0.01516 -1.91669e-01 | 87  0.01105 -1.76865e-01
 88  0.00729 -1.57101e-01 | 89  0.00430 -1.36097e-01 | 90  0.00222 -1.14196e-01
 91  0.00084 -9.24611e-02 | 92 -0.00020 -7.33061e-02 | 93 -0.00102 -6.06409e-02
 94 -0.00117 -5.98078e-02 | 95 -0.00054 -7.48013e-02 | 96 -0.00023 -1.07928e-01
 97  0.00156 -1.61529e-01 | 98  0.00431 -2.37995e-01 | 99  0.00859 -3.15396e-01
100  0.00931 -3.70594e-01 |101  0.00859 -4.13245e-01 |102  0.00734 -3.88116e-01
103 -0.00034 -2.64798e-01 |104  0.00046 -8.25382e-02 |105  0.01930  1.96262e-01
106  0.01793  4.77751e-01 |107 -0.00594  3.59186e-01 |108  0.01206  1.78222e-01
109  0.07911  3.22780e-01 |110  0.02622  3.87212e-01 |111 -0.01588  6.58690e-01
112  0.00058  4.73115e-01 |113  0.01261  7.79870e-02 |114  0.03131  6.01521e-01
115 -0.00146  1.05296e+00 |116 -0.06755 -1.14093e-01 |117 -0.08482 -1.04630e+00
118 -0.08100 -4.62201e-01 |119 -0.03517  7.40648e-01 |120  0.07004  2.94920e-01
121  0.02447 -5.68994e-01 |122  0.01625  4.36477e-01 |123 -0.02663  9.33361e-01
124 -0.06955 -3.62943e-01 |125 -0.01262 -6.91617e-01 |126 -0.00335 -4.48994e-01
127 -0.03333 -2.35602e-01 |128  0.02323  1.13105e-01 |129  0.07242  6.34891e-01
130  0.01064  1.31842e-01 |131  0.08203 -7.64467e-01 |132  0.00587 -3.66773e-01
133  0.13332  2.83605e-01 |134 -0.00629 -9.57185e-02 |135 -0.04794 -1.24301e-01
136 -0.05688  3.04073e-01 |137 -0.02239  6.97610e-02 |138  0.09317 -1.35475e-01
139  0.03131 -4.91577e-02 |140  0.01680  1.79691e-01 |141 -0.02927 -3.31533e-01
142 -0.01798 -6.21831e-02 |143 -0.00569  6.47150e-02 |144 -0.00040  2.85643e-03
145  0.23737 -8.51607e-01 |146  0.15179  1.91065e-01 |

Intermediate statistics: 146 variables; iteration 20; function evaluation 27; phase 2
Function value 7.1460022e+03; maximum gradient component mag 3.1954e+02
Var    Value     Gradient |Var    Value     Gradient |Var    Value     Gradient
  1 -0.40424 -2.86252e+01 |  2  0.37117  3.19536e+02 |  3 -0.13418  2.58095e+02
  4 -0.00084  2.11330e+02 |  5 -0.68062 -4.01376e+00 |  6 -0.61608  9.46574e+01
  7  0.37496 -1.61556e+02 |  8 -0.18611 -2.04158e+02 |  9  0.03451 -1.72553e+02
 10 -0.57997 -1.65695e+01 | 11 -0.63650  1.46190e+01 | 12 -0.04002 -3.46083e+01
 13 -0.00783  2.50726e-01 | 14 -0.00801  2.56928e-01 | 15 -0.00819  2.63183e-01
 16 -0.00837  2.69482e-01 | 17 -0.00854  2.75822e-01 | 18 -0.00871  2.82187e-01
 19 -0.00887  2.88565e-01 | 20 -0.00903  2.94947e-01 | 21 -0.00918  3.01326e-01
 22 -0.00932  3.07698e-01 | 23 -0.00945  3.14062e-01 | 24 -0.00956  3.20418e-01
 25 -0.00967  3.26767e-01 | 26 -0.00976  3.33106e-01 | 27 -0.00983  3.39422e-01
 28 -0.00989  3.45694e-01 | 29 -0.00993  3.51906e-01 | 30 -0.00994  3.58054e-01
 31 -0.00994  3.64153e-01 | 32 -0.00992  3.70224e-01 | 33 -0.00987  3.76292e-01
 34 -0.00980  3.82375e-01 | 35 -0.00970  3.88479e-01 | 36 -0.00957  3.94595e-01
 37 -0.00941  4.00700e-01 | 38 -0.00922  4.06763e-01 | 39 -0.00900  4.12754e-01
 40 -0.00874  4.18619e-01 | 41 -0.00845  4.24405e-01 | 42 -0.00813  4.30094e-01
 43 -0.00778  4.35685e-01 | 44 -0.00741  4.41169e-01 | 45 -0.00702  4.46517e-01
 46 -0.00662  4.51684e-01 | 47 -0.00623  4.56643e-01 | 48 -0.00584  4.61367e-01
 49 -0.00547  4.65860e-01 | 50 -0.00513  4.70139e-01 | 51 -0.00484  4.74192e-01
 52 -0.00459  4.77947e-01 | 53 -0.00440  4.81314e-01 | 54 -0.00425  4.84184e-01
 55 -0.00414  4.86489e-01 | 56 -0.00406  4.88251e-01 | 57 -0.00398  4.89521e-01
 58 -0.00388  4.90271e-01 | 59 -0.00374  4.90497e-01 | 60 -0.00352  4.90119e-01
 61 -0.00319  4.89070e-01 | 62 -0.00272  4.87185e-01 | 63 -0.00209  4.84343e-01
 64 -0.00125  4.80451e-01 | 65 -0.00017  4.75306e-01 | 66  0.00117  4.69020e-01
 67  0.00281  4.61264e-01 | 68  0.00474  4.51667e-01 | 69  0.00699  4.39797e-01
 70  0.00954  4.25014e-01 | 71  0.01237  4.06640e-01 | 72  0.01540  3.83976e-01
 73  0.01855  3.56350e-01 | 74  0.02165  3.22726e-01 | 75  0.02451  2.80928e-01
 76  0.02690  2.27036e-01 | 77  0.02860  1.56372e-01 | 78  0.02948  6.67798e-02
 79  0.02955 -3.90958e-02 | 80  0.02891 -1.56066e-01 | 81  0.02771 -2.79830e-01
 82  0.02600 -4.09180e-01 | 83  0.02375 -5.45383e-01 | 84  0.02086 -6.90628e-01
 85  0.01729 -8.46215e-01 | 86  0.01321 -1.01133e+00 | 87  0.00899 -1.18599e+00
 88  0.00512 -1.37369e+00 | 89  0.00201 -1.58021e+00 | 90 -0.00019 -1.80905e+00
 91 -0.00163 -2.06090e+00 | 92 -0.00268 -2.33197e+00 | 93 -0.00344 -2.62368e+00
 94 -0.00358 -2.96316e+00 | 95 -0.00293 -3.35387e+00 | 96 -0.00220 -3.71799e+00
 97 -0.00052 -4.19962e+00 | 98  0.00235 -4.69013e+00 | 99  0.00674 -5.26339e+00
100  0.00859 -5.55480e+00 |101  0.00833 -5.73712e+00 |102  0.00700 -5.82861e+00
103  0.00005 -5.41149e+00 |104  0.00091 -5.08604e+00 |105  0.01887 -5.38597e+00
106  0.01756 -4.74850e+00 |107 -0.00332 -2.54078e+00 |108  0.01505 -1.92507e+00
109  0.07689 -3.04748e+00 |110  0.03653 -4.75010e-01 |111 -0.01353  1.71857e-03
112  0.00122 -3.44084e-02 |113  0.01575  4.63639e-01 |114  0.03484  1.51532e+00
115  0.00079  4.85115e-01 |116 -0.06357  6.24867e-01 |117 -0.08167 -3.74912e-01
118 -0.08088 -9.19525e-01 |119 -0.04123  1.49574e+00 |120  0.07877  5.87561e+00
121  0.03335  3.71127e+00 |122  0.01875  2.29893e+00 |123 -0.02470  5.48651e-01
124 -0.06812  2.19426e+00 |125 -0.00994  9.85750e-01 |126  0.00003  1.28712e+00
127 -0.03228  4.54110e-01 |128  0.01945 -7.21112e-02 |129  0.07869  1.76613e+00
130  0.00189 -1.28073e+00 |131  0.09193  2.80602e+00 |132  0.00808 -7.23048e-02
133  0.13691  1.13656e+00 |134 -0.00406 -9.59025e-01 |135 -0.04800  8.30350e-01
136 -0.05900 -5.61629e-01 |137 -0.02281  2.28761e-01 |138  0.09991  6.39380e-01
139  0.02915 -1.20983e+00 |140  0.01660  6.15770e-01 |141 -0.03229 -3.37381e-01
142 -0.01887 -1.28191e+00 |143 -0.00667  1.09291e+00 |144 -0.00041 -1.22574e-03
145  0.20846 -1.26735e+01 |146  0.12717 -1.17200e+01 |

 - final statistics:
146 variables; iteration 40; function evaluation 57
Function value 7.1439e+03; maximum gradient component mag 9.9278e+00
Exit code = 1;  converg criter 1.0000e+01
Var    Value     Gradient |Var    Value     Gradient |Var    Value     Gradient
  1 -0.39925 -2.32017e-01 |  2  0.36440  9.92783e+00 |  3 -0.14315 -2.14254e+00
  4  0.01112  1.33537e+00 |  5 -0.66383 -7.41634e-01 |  6 -0.62193 -1.61392e+00
  7  0.37199  2.71404e+00 |  8 -0.18660  2.60744e+00 |  9  0.04418  1.98464e+00
 10 -0.57084  6.92974e-01 | 11 -0.63847  1.53740e-01 | 12 -0.04275  4.63470e-01
 13 -0.00787 -1.86857e-02 | 14 -0.00805 -1.89280e-02 | 15 -0.00824 -1.92417e-02
 16 -0.00841 -1.96400e-02 | 17 -0.00859 -2.01328e-02 | 18 -0.00876 -2.07356e-02
 19 -0.00892 -2.14610e-02 | 20 -0.00908 -2.23194e-02 | 21 -0.00923 -2.33205e-02
 22 -0.00937 -2.44704e-02 | 23 -0.00950 -2.57723e-02 | 24 -0.00962 -2.72281e-02
 25 -0.00973 -2.88340e-02 | 26 -0.00982 -3.05823e-02 | 27 -0.00990 -3.24604e-02
 28 -0.00996 -3.44550e-02 | 29 -0.01000 -3.65532e-02 | 30 -0.01002 -3.87449e-02
 31 -0.01002 -4.10133e-02 | 32 -0.01000 -4.33392e-02 | 33 -0.00995 -4.57003e-02
 34 -0.00989 -4.80703e-02 | 35 -0.00979 -5.04192e-02 | 36 -0.00966 -5.27164e-02
 37 -0.00951 -5.49298e-02 | 38 -0.00932 -5.70302e-02 | 39 -0.00910 -5.89940e-02
 40 -0.00885 -6.08104e-02 | 41 -0.00856 -6.24580e-02 | 42 -0.00824 -6.39357e-02
 43 -0.00790 -6.52424e-02 | 44 -0.00753 -6.63790e-02 | 45 -0.00714 -6.73521e-02
 46 -0.00674 -6.81717e-02 | 47 -0.00635 -6.88462e-02 | 48 -0.00596 -6.93797e-02
 49 -0.00560 -6.97589e-02 | 50 -0.00526 -6.99472e-02 | 51 -0.00497 -6.98880e-02
 52 -0.00473 -6.95219e-02 | 53 -0.00454 -6.88045e-02 | 54 -0.00440 -6.77185e-02
 55 -0.00430 -6.62670e-02 | 56 -0.00422 -6.44600e-02 | 57 -0.00415 -6.23147e-02
 58 -0.00406 -5.98690e-02 | 59 -0.00392 -5.71773e-02 | 60 -0.00371 -5.43013e-02
 61 -0.00339 -5.12770e-02 | 62 -0.00293 -4.80800e-02 | 63 -0.00230 -4.45679e-02
 64 -0.00146 -4.04507e-02 | 65 -0.00039 -3.52871e-02 | 66  0.00096 -2.85290e-02
 67  0.00260 -1.96216e-02 | 68  0.00456 -8.13963e-03 | 69  0.00685  5.95701e-03
 70  0.00944  2.18118e-02 | 71  0.01229  3.69692e-02 | 72  0.01534  4.78411e-02
 73  0.01846  5.40303e-02 | 74  0.02154  6.39657e-02 | 75  0.02444  8.78775e-02
 76  0.02692  1.19750e-01 | 77  0.02871  1.44876e-01 | 78  0.02968  1.62893e-01
 79  0.02988  1.82066e-01 | 80  0.02936  1.99822e-01 | 81  0.02826  2.15322e-01
 82  0.02666  2.37966e-01 | 83  0.02452  2.61017e-01 | 84  0.02167  2.66335e-01
 85  0.01811  2.56220e-01 | 86  0.01408  2.50107e-01 | 87  0.00997  2.51700e-01
 88  0.00622  2.50688e-01 | 89  0.00321  2.40968e-01 | 90  0.00110  2.23932e-01
 91 -0.00028  2.04600e-01 | 92 -0.00125  1.87433e-01 | 93 -0.00194  1.73394e-01
 94 -0.00197  1.52104e-01 | 95 -0.00119  1.20417e-01 | 96 -0.00047  9.13717e-02
 97  0.00129  2.01158e-03 | 98  0.00435 -7.21125e-02 | 99  0.00940 -7.00646e-02
100  0.01091 -1.24866e-01 |101  0.01102 -7.53418e-02 |102  0.01042  7.56402e-02
103  0.00323  2.16189e-01 |104  0.00446  3.83767e-01 |105  0.02218  2.57775e-01
106  0.01889  6.76596e-02 |107 -0.00377  6.85533e-02 |108  0.01318 -1.19772e-01
109  0.08211 -6.27062e-02 |110  0.03109 -2.77047e-01 |111 -0.01537 -6.89382e-01
112  0.00286  2.25689e-01 |113  0.01620  3.16910e-02 |114  0.03417  3.09097e-03
115  0.00060  3.08273e-01 |116 -0.06378  3.77934e-01 |117 -0.08212 -2.54562e-01
118 -0.08112 -7.59312e-01 |119 -0.04197 -1.70231e-01 |120  0.07745  6.73299e-01
121  0.03031 -1.43844e-01 |122  0.01783 -1.47595e-01 |123 -0.02602  2.34323e-01
124 -0.06672  5.80116e-01 |125 -0.01321  2.64133e-01 |126 -0.00380 -3.68655e-01
127 -0.03570 -2.03613e-01 |128  0.01941  2.79507e-01 |129  0.07427  1.04644e+00
130  0.00455  2.65873e-01 |131  0.08596 -1.37024e+00 |132  0.00557 -7.53400e-01
133  0.13504  7.98321e-01 |134 -0.00434 -4.21913e-01 |135 -0.04684  1.80749e-01
136 -0.05866  4.71326e-02 |137 -0.02357  1.29112e-02 |138  0.09690 -2.20599e-01
139  0.02971 -2.33572e-01 |140  0.01738  2.58393e-01 |141 -0.03215 -1.02737e-01
142 -0.01733  1.61851e-02 |143 -0.00660 -2.59600e-01 |144 -0.00041 -2.01226e-03
145  0.21637 -1.51402e-02 |146  0.13234  1.14042e-01 |

Initial statistics: 176 variables; iteration 0; function evaluation 0; phase 3
Function value 7.1438782e+03; maximum gradient component mag 6.3235e+01
Var    Value     Gradient |Var    Value     Gradient |Var    Value     Gradient
  1 -0.39925 -2.32017e-01 |  2  0.36440  9.92783e+00 |  3 -0.14315 -2.14254e+00
  4  0.01112  1.33537e+00 |  5 -0.66383 -7.41634e-01 |  6 -0.62193 -1.61392e+00
  7  0.37199  2.71404e+00 |  8 -0.18660  2.60744e+00 |  9  0.04418  1.98464e+00
 10 -0.57084  6.92974e-01 | 11 -0.63847  1.53740e-01 | 12 -0.04275  4.63470e-01
 13 -0.00787 -1.86857e-02 | 14 -0.00805 -1.89280e-02 | 15 -0.00824 -1.92417e-02
 16 -0.00841 -1.96400e-02 | 17 -0.00859 -2.01328e-02 | 18 -0.00876 -2.07356e-02
 19 -0.00892 -2.14610e-02 | 20 -0.00908 -2.23194e-02 | 21 -0.00923 -2.33205e-02
 22 -0.00937 -2.44704e-02 | 23 -0.00950 -2.57723e-02 | 24 -0.00962 -2.72281e-02
 25 -0.00973 -2.88340e-02 | 26 -0.00982 -3.05823e-02 | 27 -0.00990 -3.24604e-02
 28 -0.00996 -3.44550e-02 | 29 -0.01000 -3.65532e-02 | 30 -0.01002 -3.87449e-02
 31 -0.01002 -4.10133e-02 | 32 -0.01000 -4.33392e-02 | 33 -0.00995 -4.57003e-02
 34 -0.00989 -4.80703e-02 | 35 -0.00979 -5.04192e-02 | 36 -0.00966 -5.27164e-02
 37 -0.00951 -5.49298e-02 | 38 -0.00932 -5.70302e-02 | 39 -0.00910 -5.89940e-02
 40 -0.00885 -6.08104e-02 | 41 -0.00856 -6.24580e-02 | 42 -0.00824 -6.39357e-02
 43 -0.00790 -6.52424e-02 | 44 -0.00753 -6.63790e-02 | 45 -0.00714 -6.73521e-02
 46 -0.00674 -6.81717e-02 | 47 -0.00635 -6.88462e-02 | 48 -0.00596 -6.93797e-02
 49 -0.00560 -6.97589e-02 | 50 -0.00526 -6.99472e-02 | 51 -0.00497 -6.98880e-02
 52 -0.00473 -6.95219e-02 | 53 -0.00454 -6.88045e-02 | 54 -0.00440 -6.77185e-02
 55 -0.00430 -6.62670e-02 | 56 -0.00422 -6.44600e-02 | 57 -0.00415 -6.23147e-02
 58 -0.00406 -5.98690e-02 | 59 -0.00392 -5.71773e-02 | 60 -0.00371 -5.43013e-02
 61 -0.00339 -5.12770e-02 | 62 -0.00293 -4.80800e-02 | 63 -0.00230 -4.45679e-02
 64 -0.00146 -4.04507e-02 | 65 -0.00039 -3.52871e-02 | 66  0.00096 -2.85290e-02
 67  0.00260 -1.96216e-02 | 68  0.00456 -8.13963e-03 | 69  0.00685  5.95701e-03
 70  0.00944  2.18118e-02 | 71  0.01229  3.69692e-02 | 72  0.01534  4.78411e-02
 73  0.01846  5.40303e-02 | 74  0.02154  6.39657e-02 | 75  0.02444  8.78775e-02
 76  0.02692  1.19750e-01 | 77  0.02871  1.44876e-01 | 78  0.02968  1.62893e-01
 79  0.02988  1.82066e-01 | 80  0.02936  1.99822e-01 | 81  0.02826  2.15322e-01
 82  0.02666  2.37966e-01 | 83  0.02452  2.61017e-01 | 84  0.02167  2.66335e-01
 85  0.01811  2.56220e-01 | 86  0.01408  2.50107e-01 | 87  0.00997  2.51700e-01
 88  0.00622  2.50688e-01 | 89  0.00321  2.40968e-01 | 90  0.00110  2.23932e-01
 91 -0.00028  2.04600e-01 | 92 -0.00125  1.87433e-01 | 93 -0.00194  1.73394e-01
 94 -0.00197  1.52104e-01 | 95 -0.00119  1.20417e-01 | 96 -0.00047  9.13717e-02
 97  0.00129  2.01158e-03 | 98  0.00435 -7.21125e-02 | 99  0.00940 -7.00646e-02
100  0.01091 -1.24866e-01 |101  0.01102 -7.53418e-02 |102  0.01042  7.56402e-02
103  0.00323  2.16189e-01 |104  0.00446  3.83767e-01 |105  0.02218  2.57775e-01
106  0.01889  6.76596e-02 |107 -0.00377  6.85533e-02 |108  0.01318 -1.19772e-01
109  0.08211 -6.27062e-02 |110  0.03109 -2.77047e-01 |111 -0.01537 -6.89382e-01
112  0.00286  2.25689e-01 |113  0.01620  3.16910e-02 |114  0.03417  3.09097e-03
115  0.00060  3.08273e-01 |116 -0.06378  3.77934e-01 |117 -0.08212 -2.54562e-01
118 -0.08112 -7.59312e-01 |119 -0.04197 -1.70231e-01 |120  0.07745  6.73299e-01
121  0.03031 -1.43844e-01 |122  0.01783 -1.47595e-01 |123 -0.02602  2.34323e-01
124 -0.06672  5.80116e-01 |125 -0.01321  2.64133e-01 |126 -0.00380 -3.68655e-01
127 -0.03570 -2.03613e-01 |128  0.01941  2.79507e-01 |129  0.07427  1.04644e+00
130  0.00455  2.65873e-01 |131  0.08596 -1.37024e+00 |132  0.00557 -7.53400e-01
133  0.13504  7.98321e-01 |134 -0.00434 -4.21913e-01 |135 -0.04684  1.80749e-01
136 -0.05866  4.71326e-02 |137 -0.02357  1.29112e-02 |138  0.09690 -2.20599e-01
139  0.02971 -2.33572e-01 |140  0.01738  2.58393e-01 |141 -0.03215 -1.02737e-01
142 -0.01733  1.61851e-02 |143 -0.00660 -2.59600e-01 |144 -0.00041 -2.01226e-03
145  0.21637 -1.51402e-02 |146  0.13234  1.14042e-01 |147  0.04662  6.32355e+01
148  0.29671 -3.80981e+01 |149 -0.47543 -1.65070e-01 |150  0.31377  3.22040e-01
151  0.18255 -3.99017e-02 |152  0.25986  4.88298e-02 |153  0.17459  2.78997e+01
154  0.25418 -1.82027e+01 |155  0.10351  9.29306e+00 |156  0.29677 -1.78520e+01
157  0.16893  1.30333e+01 |158  0.24623 -1.73251e+01 |159 -0.35197 -1.83386e+00
160  0.24281  1.47954e+00 |161  0.20265  8.10381e+00 |162  0.31675 -7.37274e+00
163 -0.38040 -1.12073e-01 |164  0.23607 -1.98249e+00 |165  0.05118  6.91986e+00
166  0.11969  3.90047e+01 |167  0.32140 -8.38885e+00 |168  0.27252 -1.89940e+01
169  0.01343  1.07920e+01 |170  0.39319 -2.65761e+00 |171  0.09932 -2.79901e+00
172  0.16368  2.92853e-01 |173  0.21870  1.16100e+00 |174  0.25726 -2.24397e-01
175 -0.55411 -6.34245e-01 |176  0.17113  2.70772e-01 |

Intermediate statistics: 176 variables; iteration 20; function evaluation 24; phase 3
Function value 7.1431034e+03; maximum gradient component mag 7.8098e+01
Var    Value     Gradient |Var    Value     Gradient |Var    Value     Gradient
  1 -0.39997 -4.97253e+00 |  2  0.36367  7.80984e+01 |  3 -0.14287  3.58914e+01
  4  0.01420  4.88631e+01 |  5 -0.66146 -1.11873e+00 |  6 -0.62349 -1.47641e+01
  7  0.36831 -1.68670e+01 |  8 -0.18711 -6.59403e+00 |  9  0.05033 -6.38290e+00
 10 -0.57089 -1.80463e+00 | 11 -0.64049 -2.26136e+01 | 12 -0.02928 -1.20490e+01
 13 -0.00720  9.09538e-02 | 14 -0.00736  9.33738e-02 | 15 -0.00753  9.58733e-02
 16 -0.00769  9.84581e-02 | 17 -0.00785  1.01134e-01 | 18 -0.00800  1.03907e-01
 19 -0.00815  1.06780e-01 | 20 -0.00829  1.09755e-01 | 21 -0.00842  1.12835e-01
 22 -0.00854  1.16015e-01 | 23 -0.00865  1.19292e-01 | 24 -0.00875  1.22658e-01
 25 -0.00883  1.26106e-01 | 26 -0.00890  1.29631e-01 | 27 -0.00896  1.33233e-01
 28 -0.00900  1.36911e-01 | 29 -0.00901  1.40650e-01 | 30 -0.00901  1.44426e-01
 31 -0.00899  1.48213e-01 | 32 -0.00895  1.51988e-01 | 33 -0.00888  1.55732e-01
 34 -0.00879  1.59429e-01 | 35 -0.00868  1.63065e-01 | 36 -0.00853  1.66626e-01
 37 -0.00836  1.70090e-01 | 38 -0.00816  1.73426e-01 | 39 -0.00792  1.76594e-01
 40 -0.00765  1.79544e-01 | 41 -0.00736  1.82244e-01 | 42 -0.00703  1.84658e-01
 43 -0.00668  1.86770e-01 | 44 -0.00630  1.88566e-01 | 45 -0.00591  1.90033e-01
 46 -0.00551  1.91155e-01 | 47 -0.00511  1.91928e-01 | 48 -0.00473  1.92350e-01
 49 -0.00437  1.92425e-01 | 50 -0.00405  1.92138e-01 | 51 -0.00377  1.91428e-01
 52 -0.00354  1.90174e-01 | 53 -0.00336  1.88253e-01 | 54 -0.00324  1.85592e-01
 55 -0.00315  1.82215e-01 | 56 -0.00309  1.78216e-01 | 57 -0.00304  1.73700e-01
 58 -0.00296  1.68759e-01 | 59 -0.00284  1.63512e-01 | 60 -0.00265  1.58074e-01
 61 -0.00235  1.52566e-01 | 62 -0.00190  1.47082e-01 | 63 -0.00128  1.41695e-01
 64 -0.00046  1.36427e-01 | 65  0.00061  1.31213e-01 | 66  0.00193  1.26023e-01
 67  0.00355  1.20750e-01 | 68  0.00547  1.15357e-01 | 69  0.00771  1.09979e-01
 70  0.01024  1.05078e-01 | 71  0.01305  1.01729e-01 | 72  0.01608  1.01354e-01
 73  0.01922  1.03999e-01 | 74  0.02230  1.06242e-01 | 75  0.02510  1.04143e-01
 76  0.02740  9.99395e-02 | 77  0.02905  9.87690e-02 | 78  0.02992  1.00336e-01
 79  0.02997  1.01469e-01 | 80  0.02932  1.03167e-01 | 81  0.02806  1.05853e-01
 82  0.02626  1.06063e-01 | 83  0.02389  1.05897e-01 | 84  0.02090  1.11788e-01
 85  0.01728  1.22733e-01 | 86  0.01315  1.31021e-01 | 87  0.00889  1.35152e-01
 88  0.00498  1.39558e-01 | 89  0.00187  1.46971e-01 | 90 -0.00031  1.56293e-01
 91 -0.00175  1.64195e-01 | 92 -0.00279  1.67363e-01 | 93 -0.00358  1.65277e-01
 94 -0.00368  1.63818e-01 | 95 -0.00291  1.65506e-01 | 96 -0.00218  1.67920e-01
 97 -0.00002  2.06309e-01 | 98  0.00354  2.63603e-01 | 99  0.00886  3.06588e-01
100  0.01106  3.61240e-01 |101  0.01126  3.88919e-01 |102  0.01008  3.57177e-01
103  0.00239  2.76388e-01 |104  0.00328  2.67624e-01 |105  0.02206  3.66697e-01
106  0.01893  1.74832e-01 |107 -0.00398  9.20538e-02 |108  0.01324  5.52273e-02
109  0.08097 -5.61971e-01 |110  0.02986 -1.19168e+00 |111 -0.01328 -7.16805e-01
112  0.00022 -1.53781e+00 |113  0.01502 -1.87015e+00 |114  0.03310 -2.17113e+00
115 -0.00093 -2.07848e+00 |116 -0.06594 -1.25199e+00 |117 -0.08384 -1.09423e+00
118 -0.08138 -9.46017e-01 |119 -0.04353 -6.84030e-01 |120  0.07440 -1.96112e+00
121  0.02840 -1.87171e+00 |122  0.01575 -1.67136e+00 |123 -0.02958 -1.67753e+00
124 -0.06972 -3.24719e-01 |125 -0.01842 -1.39686e+00 |126 -0.00779 -1.13823e+00
127 -0.03927 -8.41143e-01 |128  0.01672 -5.30436e-01 |129  0.06540 -7.08992e-01
130  0.00310 -2.88307e-01 |131  0.08098 -2.36056e-01 |132  0.00239 -5.85233e-01
133  0.13022  1.07767e+00 |134 -0.00487 -5.63005e-01 |135 -0.04861 -1.72364e-02
136 -0.05975 -2.68899e-01 |137 -0.02530 -2.00553e-01 |138  0.09520 -5.36155e-01
139  0.02998 -2.19995e-01 |140  0.01676  7.92942e-02 |141 -0.03206 -1.04639e-03
142 -0.01710 -1.40930e-01 |143 -0.00410  4.37120e-01 |144 -0.00046  1.62954e-03
145  0.19701 -4.33704e+00 |146  0.11477 -7.15759e+00 |147  0.04019  3.47037e+01
148  0.29635 -9.91013e+00 |149 -0.47646 -8.51608e-02 |150  0.31139  6.88116e-02
151  0.18318 -3.86624e-02 |152  0.25913  4.57585e-02 |153  0.16203  5.17947e+00
154  0.24916 -6.18369e+00 |155  0.08720 -5.83004e+00 |156  0.29374  7.55565e+00
157  0.16264  1.15420e+01 |158  0.24380 -1.87603e+01 |159 -0.34804  1.06969e-01
160  0.24433 -4.53555e-01 |161  0.19154  4.75808e+00 |162  0.31350 -1.31352e+01
163 -0.36790  6.35272e-01 |164  0.24159 -1.28285e-01 |165  0.04861  2.51218e+00
166  0.11339  2.29053e+01 |167  0.32275 -3.38279e+00 |168  0.27040 -1.59493e+01
169  0.00639  2.43141e+00 |170  0.39420 -6.67664e-01 |171  0.14343 -2.63273e+00
172  0.16087  1.10266e-01 |173  0.20014  1.07569e+00 |174  0.25983 -9.56076e-02
175 -0.55126 -1.57644e+00 |176  0.17198 -1.32002e-01 |
176 variables; iteration 40; function evaluation 60; phase 3
Function value 7.1413874e+03; maximum gradient component mag -1.1410e+02
Var    Value     Gradient |Var    Value     Gradient |Var    Value     Gradient
  1 -0.40811  7.34183e+01 |  2  0.36091  3.61346e+01 |  3 -0.14863 -8.96050e+00
  4  0.02188  4.63780e+01 |  5 -0.64729  1.12284e+01 |  6 -0.62612 -2.60061e+01
  7  0.37898  1.88579e-01 |  8 -0.18451 -1.14101e+02 |  9  0.03185 -8.68427e+01
 10 -0.56436 -1.04122e+01 | 11 -0.64132 -5.73277e+01 | 12 -0.11356 -4.67593e+00
 13 -0.00326  5.26488e-01 | 14 -0.00332  5.40307e-01 | 15 -0.00339  5.54485e-01
 16 -0.00344  5.69061e-01 | 17 -0.00349  5.84104e-01 | 18 -0.00354  5.99657e-01
 19 -0.00358  6.15767e-01 | 20 -0.00360  6.32470e-01 | 21 -0.00362  6.49777e-01
 22 -0.00363  6.67662e-01 | 23 -0.00363  6.86059e-01 | 24 -0.00361  7.04880e-01
 25 -0.00358  7.24056e-01 | 26 -0.00354  7.43599e-01 | 27 -0.00349  7.63609e-01
 28 -0.00341  7.84215e-01 | 29 -0.00332  8.05443e-01 | 30 -0.00322  8.27168e-01
 31 -0.00309  8.49192e-01 | 32 -0.00295  8.71302e-01 | 33 -0.00280  8.93339e-01
 34 -0.00262  9.15230e-01 | 35 -0.00243  9.36991e-01 | 36 -0.00223  9.58700e-01
 37 -0.00200  9.80404e-01 | 38 -0.00175  1.00206e+00 | 39 -0.00149  1.02347e+00
 40 -0.00121  1.04422e+00 | 41 -0.00091  1.06413e+00 | 42 -0.00061  1.08284e+00
 43 -0.00030  1.10017e+00 | 44  0.00000  1.11610e+00 | 45  0.00030  1.13069e+00
 46  0.00058  1.14420e+00 | 47  0.00084  1.15725e+00 | 48  0.00106  1.17073e+00
 49  0.00125  1.18575e+00 | 50  0.00139  1.20323e+00 | 51  0.00147  1.22332e+00
 52  0.00149  1.24517e+00 | 53  0.00144  1.26758e+00 | 54  0.00132  1.28968e+00
 55  0.00114  1.31161e+00 | 56  0.00093  1.33461e+00 | 57  0.00070  1.36020e+00
 58  0.00049  1.38953e+00 | 59  0.00032  1.42393e+00 | 60  0.00023  1.46438e+00
 61  0.00025  1.51189e+00 | 62  0.00043  1.56685e+00 | 63  0.00078  1.62960e+00
 64  0.00135  1.70028e+00 | 65  0.00215  1.77789e+00 | 66  0.00322  1.86375e+00
 67  0.00458  1.95688e+00 | 68  0.00624  2.05748e+00 | 69  0.00822  2.16729e+00
 70  0.01050  2.28768e+00 | 71  0.01305  2.41745e+00 | 72  0.01577  2.54682e+00
 73  0.01850  2.66078e+00 | 74  0.02111  2.76322e+00 | 75  0.02357  2.88524e+00
 76  0.02569  3.02215e+00 | 77  0.02704  3.11870e+00 | 78  0.02749  3.15916e+00
 79  0.02716  3.16924e+00 | 80  0.02611  3.13667e+00 | 81  0.02443  3.05875e+00
 82  0.02236  2.96605e+00 | 83  0.01976  2.82774e+00 | 84  0.01639  2.60106e+00
 85  0.01241  2.31464e+00 | 86  0.00805  1.99455e+00 | 87  0.00357  1.61570e+00
 88 -0.00062  1.17180e+00 | 89 -0.00405  6.81799e-01 | 90 -0.00657  1.47981e-01
 91 -0.00842 -4.47530e-01 | 92 -0.01000 -1.12158e+00 | 93 -0.01143 -1.87094e+00
 94 -0.01215 -2.65566e+00 | 95 -0.01174 -3.44234e+00 | 96 -0.01077 -4.19680e+00
 97 -0.00750 -4.84717e+00 | 98 -0.00238 -5.55298e+00 | 99  0.00318 -6.48719e+00
100  0.00488 -7.52595e+00 |101  0.00555 -8.30040e+00 |102  0.00423 -8.90935e+00
103 -0.00086 -9.02364e+00 |104  0.00558 -9.18784e+00 |105  0.01050 -1.20071e+01
106  0.01704 -1.14434e+01 |107  0.00550 -9.09913e+00 |108  0.01148 -1.15897e+01
109  0.03477 -2.07018e+01 |110  0.04805 -9.11055e+00 |111 -0.02292 -4.64557e+00
112 -0.00921 -1.67910e+00 |113  0.01008  3.37898e+00 |114  0.03062  7.58338e+00
115 -0.00662  4.34160e+00 |116 -0.07466 -3.51931e-01 |117 -0.09387 -1.95852e+00
118 -0.08732  6.32640e-01 |119 -0.04898  2.40502e+00 |120  0.06656  4.17213e+00
121  0.02151  3.32471e+00 |122  0.01337  7.78994e+00 |123 -0.03301  5.25610e+00
124 -0.07243  4.68243e+00 |125 -0.02268  4.86607e+00 |126 -0.01180  3.32267e+00
127 -0.04620  6.80417e-01 |128  0.01086  1.32093e+00 |129  0.05145 -5.41496e+00
130 -0.00006  7.56011e-01 |131  0.07299 -5.14405e+00 |132 -0.00654 -4.26566e+00
133  0.11621 -8.73086e+00 |134 -0.01043  7.59945e-01 |135 -0.05601 -1.15044e+00
136 -0.06427  1.91165e-01 |137 -0.03073 -1.51490e+00 |138  0.08545 -3.85815e+00
139  0.01969 -1.85993e+00 |140  0.00611 -1.58555e+00 |141 -0.04008 -1.09560e+00
142 -0.01978  3.78765e-01 |143 -0.00194  1.01173e+00 |144  0.00033  1.39873e-01
145  0.31304  2.77516e+00 |146  0.19363 -3.28743e+01 |147  0.03810 -3.61018e+00
148  0.29531  2.03349e+01 |149 -0.48345 -6.14943e-01 |150  0.30259 -7.15949e-01
151  0.21441 -1.19137e-01 |152  0.22272  1.34551e-01 |153  0.16814  2.10234e+00
154  0.25364  1.08587e+01 |155  0.06984 -1.44399e+01 |156  0.28372 -3.07015e+00
157  0.16697 -3.55428e+00 |158  0.24745  9.21251e+00 |159 -0.34327 -5.10357e+00
160  0.24986  1.98633e+01 |161  0.18720 -8.40740e+00 |162  0.31618  1.59719e+01
163 -0.43824 -8.47818e+00 |164  0.21331 -8.92391e+00 |165  0.04666 -3.17976e+01
166  0.12614  3.05925e+01 |167  0.33768  5.80316e+01 |168  0.28195  3.87030e+01
169 -0.00278 -2.49386e+01 |170  0.39990  1.16062e+01 |171  0.85345 -3.92509e+00
172  0.03786 -3.40820e-01 |173 -0.00428  1.09499e+00 |174  0.37197  7.77996e-01
175 -0.44915  8.08860e-01 |176  0.21875  1.19380e+00 |
176 variables; iteration 60; function evaluation 86; phase 3
Function value 7.1386892e+03; maximum gradient component mag 1.2538e+02
Var    Value     Gradient |Var    Value     Gradient |Var    Value     Gradient
  1 -0.41304  1.25380e+02 |  2  0.36224 -1.02938e+02 |  3 -0.14334 -3.13915e+01
  4  0.01175 -5.92053e+01 |  5 -0.65912  4.23926e+00 |  6 -0.62316  3.08337e+01
  7  0.37499  1.77369e+01 |  8 -0.18664 -5.82103e+01 |  9  0.04025 -4.11733e+01
 10 -0.56497 -1.48930e+00 | 11 -0.64039  1.76677e+01 | 12 -0.12803  1.72946e+00
 13 -0.00510 -6.65873e-01 | 14 -0.00519 -6.80611e-01 | 15 -0.00527 -6.95605e-01
 16 -0.00536 -7.10852e-01 | 17 -0.00543 -7.26355e-01 | 18 -0.00550 -7.42048e-01
 19 -0.00556 -7.57858e-01 | 20 -0.00562 -7.73714e-01 | 21 -0.00566 -7.89545e-01
 22 -0.00569 -8.05290e-01 | 23 -0.00571 -8.20930e-01 | 24 -0.00572 -8.36505e-01
 25 -0.00571 -8.52094e-01 | 26 -0.00569 -8.67737e-01 | 27 -0.00565 -8.83301e-01
 28 -0.00559 -8.98449e-01 | 29 -0.00552 -9.12794e-01 | 30 -0.00542 -9.26122e-01
 31 -0.00530 -9.38435e-01 | 32 -0.00515 -9.49799e-01 | 33 -0.00499 -9.60295e-01
 34 -0.00480 -9.69933e-01 | 35 -0.00459 -9.78562e-01 | 36 -0.00436 -9.85833e-01
 37 -0.00409 -9.91219e-01 | 38 -0.00380 -9.94160e-01 | 39 -0.00348 -9.94185e-01
 40 -0.00313 -9.90886e-01 | 41 -0.00274 -9.84482e-01 | 42 -0.00233 -9.74999e-01
 43 -0.00191 -9.62529e-01 | 44 -0.00147 -9.47108e-01 | 45 -0.00102 -9.28716e-01
 46 -0.00058 -9.07342e-01 | 47 -0.00016 -8.82914e-01 | 48  0.00023 -8.54953e-01
 49  0.00058 -8.22364e-01 | 50  0.00089 -7.83374e-01 | 51  0.00116 -7.36099e-01
 52  0.00138 -6.79544e-01 | 53  0.00155 -6.14362e-01 | 54  0.00166 -5.42050e-01
 55  0.00173 -4.63584e-01 | 56  0.00176 -3.78880e-01 | 57  0.00177 -2.87365e-01
 58  0.00181 -1.88685e-01 | 59  0.00188 -8.31421e-02 | 60  0.00203  2.87002e-02
 61  0.00227  1.45869e-01 | 62  0.00265  2.67360e-01 | 63  0.00320  3.92211e-01
 64  0.00394  5.19683e-01 | 65  0.00491  6.49324e-01 | 66  0.00615  7.80937e-01
 67  0.00767  9.15264e-01 | 68  0.00951  1.05415e+00 | 69  0.01168  1.19992e+00
 70  0.01416  1.35137e+00 | 71  0.01687  1.49254e+00 | 72  0.01956  1.58391e+00
 73  0.02197  1.59692e+00 | 74  0.02427  1.60107e+00 | 75  0.02687  1.72147e+00
 76  0.02935  1.90431e+00 | 77  0.03066  1.97464e+00 | 78  0.03068  1.92624e+00
 79  0.02989  1.85753e+00 | 80  0.02827  1.74129e+00 | 81  0.02595  1.57536e+00
 82  0.02354  1.47351e+00 | 83  0.02071  1.36829e+00 | 84  0.01671  1.10827e+00
 85  0.01199  7.82979e-01 | 86  0.00739  5.52332e-01 | 87  0.00306  3.78260e-01
 88 -0.00085  1.91858e-01 | 89 -0.00396 -5.11360e-03 | 90 -0.00607 -1.91860e-01
 91 -0.00730 -3.55328e-01 | 92 -0.00798 -4.85087e-01 | 93 -0.00821 -5.72880e-01
 94 -0.00763 -6.31410e-01 | 95 -0.00601 -6.35036e-01 | 96 -0.00356 -4.31741e-01
 97 -0.00042 -4.09645e-01 | 98  0.00331 -5.90383e-01 | 99  0.00925 -6.46039e-01
100  0.00488 -2.23570e+00 |101  0.00494 -2.37557e+00 |102  0.00901 -1.22929e+00
103  0.00386 -5.14877e-01 |104  0.01096  9.69509e-01 |105  0.01038 -3.22329e+00
106  0.01202 -1.93517e+00 |107  0.00812  3.39054e+00 |108  0.00963 -1.01747e+00
109  0.06409 -2.95884e+00 |110  0.03611  1.98055e+00 |111 -0.02992 -3.28426e+00
112 -0.01314 -1.22652e+00 |113  0.01066  5.72233e+00 |114  0.03267  1.03731e+01
115 -0.01451  4.05493e+00 |116 -0.07406  2.53525e+00 |117 -0.08792  4.39124e+00
118 -0.08208  7.01715e+00 |119 -0.04183  8.20107e+00 |120  0.06465  9.87897e+00
121  0.02502  7.39269e+00 |122  0.00839  5.10161e+00 |123 -0.03779  2.61256e+00
124 -0.07683  1.19652e+00 |125 -0.01869  5.80349e+00 |126 -0.00936  4.52045e+00
127 -0.04359  1.28511e+00 |128  0.00494 -9.09592e-01 |129  0.05993 -1.60270e+00
130 -0.00474 -1.02202e-01 |131  0.07457 -3.48199e+00 |132 -0.00582 -3.28701e+00
133  0.11649 -9.45516e+00 |134 -0.01761 -3.28145e+00 |135 -0.05533 -1.64716e+00
136 -0.06007  1.34114e+00 |137 -0.02830 -8.43046e-01 |138  0.08032 -5.76714e+00
139  0.02762  4.70286e-01 |140  0.01874  2.29066e+00 |141 -0.03641 -9.41483e-01
142 -0.01667  8.33855e-01 |143 -0.01009 -1.40160e+00 |144 -0.00034  2.31749e-04
145  0.33151  3.11087e+00 |146  0.23604  1.63671e+00 |147  0.03043 -4.02085e+01
148  0.29112  1.29626e+01 |149 -0.47770 -1.12053e-01 |150  0.31011 -5.62843e-02
151  0.27239  1.20760e-02 |152  0.13842  9.16278e-03 |153  0.16227 -6.09051e+00
154  0.24934  5.54539e+00 |155  0.07212 -1.10782e+01 |156  0.28439 -7.74441e+00
157  0.16693 -1.02721e+01 |158  0.24846  2.02455e+01 |159 -0.34354 -4.93960e+00
160  0.25056  2.23234e+01 |161  0.19460 -6.23346e+00 |162  0.32111  2.73198e+01
163 -0.40061 -2.63916e+00 |164  0.22764 -6.65657e+00 |165  0.04364 -1.92819e+01
166  0.11056 -2.12072e+01 |167  0.32732  2.37492e+01 |168  0.27255  3.19668e+01
169 -0.00750 -3.16154e+01 |170  0.39354  9.39396e+00 |171  0.80617 -2.17139e+00
172 -0.05902 -1.00788e+00 |173  0.06361  2.68031e+00 |174  0.40686  1.00671e+00
175 -0.54633 -9.12597e-01 |176  0.17583  1.40066e+00 |
Maximum number of function evaluations exceeded

 - final statistics:
176 variables; iteration 74; function evaluation 100
Function value 7.1375e+03; maximum gradient component mag 1.4413e+02
Exit code = 3;  converg criter 1.0000e+00
Var    Value     Gradient |Var    Value     Gradient |Var    Value     Gradient
  1 -0.41893  1.44134e+02 |  2  0.36342 -9.33477e+01 |  3 -0.14169  1.20777e+01
  4  0.00867 -4.61631e+01 |  5 -0.66168  2.66434e+00 |  6 -0.62242  4.55144e+01
  7  0.37208  2.05985e+01 |  8 -0.18809 -1.80796e+01 |  9  0.04558 -1.34403e+01
 10 -0.56620  4.88352e-01 | 11 -0.64055  1.18995e+01 | 12 -0.14250 -2.48099e+01
 13 -0.00454 -7.15538e-01 | 14 -0.00467 -7.45105e-01 | 15 -0.00479 -7.75301e-01
 16 -0.00490 -8.06031e-01 | 17 -0.00502 -8.37228e-01 | 18 -0.00512 -8.68803e-01
 19 -0.00522 -9.00704e-01 | 20 -0.00530 -9.32900e-01 | 21 -0.00538 -9.65366e-01
 22 -0.00544 -9.98094e-01 | 23 -0.00550 -1.03105e+00 | 24 -0.00554 -1.06411e+00
 25 -0.00556 -1.09706e+00 | 26 -0.00557 -1.12960e+00 | 27 -0.00555 -1.16155e+00
 28 -0.00552 -1.19295e+00 | 29 -0.00546 -1.22405e+00 | 30 -0.00539 -1.25502e+00
 31 -0.00530 -1.28580e+00 | 32 -0.00518 -1.31615e+00 | 33 -0.00504 -1.34577e+00
 34 -0.00488 -1.37430e+00 | 35 -0.00469 -1.40143e+00 | 36 -0.00447 -1.42703e+00
 37 -0.00422 -1.45110e+00 | 38 -0.00394 -1.47379e+00 | 39 -0.00364 -1.49521e+00
 40 -0.00332 -1.51524e+00 | 41 -0.00296 -1.53372e+00 | 42 -0.00258 -1.55013e+00
 43 -0.00218 -1.56392e+00 | 44 -0.00177 -1.57454e+00 | 45 -0.00134 -1.58144e+00
 46 -0.00090 -1.58396e+00 | 47 -0.00047 -1.58136e+00 | 48 -0.00006 -1.57280e+00
 49  0.00034 -1.55754e+00 | 50  0.00070 -1.53510e+00 | 51  0.00101 -1.50544e+00
 52  0.00129 -1.46890e+00 | 53  0.00150 -1.42593e+00 | 54  0.00168 -1.37667e+00
 55  0.00181 -1.32112e+00 | 56  0.00192 -1.25960e+00 | 57  0.00203 -1.19324e+00
 58  0.00215 -1.12408e+00 | 59  0.00231 -1.05454e+00 | 60  0.00252 -9.87590e-01
 61  0.00282 -9.26170e-01 | 62  0.00322 -8.73829e-01 | 63  0.00375 -8.34189e-01
 64  0.00443 -8.11193e-01 | 65  0.00527 -8.09998e-01 | 66  0.00631 -8.32704e-01
 67  0.00756 -8.82668e-01 | 68  0.00902 -9.57811e-01 | 69  0.01076 -1.04911e+00
 70  0.01280 -1.14676e+00 | 71  0.01506 -1.25982e+00 | 72  0.01733 -1.41494e+00
 73  0.01974 -1.55773e+00 | 74  0.02280 -1.56090e+00 | 75  0.02502 -1.67078e+00
 76  0.02445 -2.18629e+00 | 77  0.02394 -2.54066e+00 | 78  0.02477 -2.49370e+00
 79  0.02476 -2.43637e+00 | 80  0.02416 -2.33699e+00 | 81  0.02265 -2.27327e+00
 82  0.01951 -2.39883e+00 | 83  0.01640 -2.40620e+00 | 84  0.01289 -2.36247e+00
 85  0.00884 -2.30178e+00 | 86  0.00522 -2.05097e+00 | 87  0.00165 -1.76496e+00
 88 -0.00168 -1.51089e+00 | 89 -0.00401 -1.21359e+00 | 90 -0.00515 -8.51873e-01
 91 -0.00541 -4.56006e-01 | 92 -0.00535 -8.04779e-02 | 93 -0.00526  2.26195e-01
 94 -0.00468  4.75440e-01 | 95 -0.00322  7.13268e-01 | 96 -0.00087  1.13930e+00
 97  0.00414  1.82061e+00 | 98  0.00884  1.95966e+00 | 99  0.01121  1.09571e+00
100  0.00248 -1.57002e+00 |101 -0.00146 -2.68091e+00 |102  0.00080 -1.80835e+00
103 -0.00293 -5.49498e-01 |104  0.01621  4.56864e+00 |105  0.00740 -7.94068e-01
106  0.01401  2.58895e+00 |107  0.00633  7.46089e+00 |108  0.01975  7.62336e+00
109  0.05013  4.25333e+00 |110  0.05020  1.61546e+01 |111 -0.02755  3.53835e+00
112 -0.01627  2.87332e+00 |113  0.01466  9.03847e+00 |114  0.01823  4.43040e+00
115 -0.01235  3.27793e+00 |116 -0.07660  1.80012e+00 |117 -0.08712  5.19482e+00
118 -0.08520  5.23509e+00 |119 -0.05085  3.47409e+00 |120  0.06558  8.91784e+00
121  0.01644  3.18839e+00 |122  0.00450  2.89560e+00 |123 -0.03810  3.10183e+00
124 -0.07368  3.25147e+00 |125 -0.02245  4.54863e+00 |126 -0.02077  4.35635e-01
127 -0.04370  2.17484e+00 |128  0.00573  1.35372e+00 |129  0.05649  2.36542e+00
130  0.00304  4.48249e+00 |131  0.07065 -1.12944e+00 |132 -0.00392 -1.60393e+00
133  0.11567 -7.75999e+00 |134 -0.01173 -6.94488e-01 |135 -0.05569 -1.75012e+00
136 -0.05652  2.47062e+00 |137 -0.02487  5.53689e-01 |138  0.08153 -4.85941e+00
139  0.02947  1.05611e+00 |140  0.02049  2.62417e+00 |141 -0.03251  2.45753e-01
142 -0.02285 -1.34791e+00 |143  0.00316  2.06823e+00 |144  0.00002  1.00311e-01
145  0.35245 -1.61711e+00 |146  0.25264  9.66017e+00 |147  0.03119 -4.19344e+01
148  0.29093  1.59880e+01 |149 -0.48219 -1.82318e+00 |150  0.30845  5.33251e-01
151  0.25842  2.60506e-02 |152  0.10422  5.54004e-03 |153  0.16144 -8.55172e+00
154  0.24842  5.53347e+00 |155  0.08375 -8.38441e+00 |156  0.28922 -1.13120e+00
157  0.16728 -1.12492e+01 |158  0.24823  2.05392e+01 |159 -0.34982 -4.97866e+00
160  0.24723  1.56442e+01 |161  0.19466 -6.36786e+00 |162  0.32024  2.01181e+01
163 -0.38682 -8.70275e-01 |164  0.23297 -3.31305e+00 |165  0.04876 -5.12158e+00
166  0.10840 -2.73991e+01 |167  0.32647  1.06702e+01 |168  0.27043  2.38278e+01
169 -0.00557 -2.64473e+01 |170  0.39292  6.75532e+00 |171  0.83616 -1.18742e+00
172  0.12952  1.73909e-01 |173  0.03827  1.22536e-01 |174  0.42400  4.94312e-01
175 -0.53056  1.46879e+00 |176  0.18274  2.61894e+00 |

Initial statistics: 200 variables; iteration 0; function evaluation 0; phase 4
Function value 7.1374939e+03; maximum gradient component mag 1.4413e+02
Var    Value     Gradient |Var    Value     Gradient |Var    Value     Gradient
  1 -0.41893  1.44134e+02 |  2  0.36342 -9.33477e+01 |  3 -0.14169  1.20777e+01
  4  0.00867 -4.61631e+01 |  5 -0.66168  2.66434e+00 |  6 -0.62242  4.55144e+01
  7  0.37208  2.05985e+01 |  8 -0.18809 -1.80796e+01 |  9  0.04558 -1.34403e+01
 10 -0.56620  4.88352e-01 | 11 -0.64055  1.18995e+01 | 12 -0.14250 -2.48099e+01
 13 -0.00454 -7.15538e-01 | 14 -0.00467 -7.45105e-01 | 15 -0.00479 -7.75301e-01
 16 -0.00490 -8.06031e-01 | 17 -0.00502 -8.37228e-01 | 18 -0.00512 -8.68803e-01
 19 -0.00522 -9.00704e-01 | 20 -0.00530 -9.32900e-01 | 21 -0.00538 -9.65366e-01
 22 -0.00544 -9.98094e-01 | 23 -0.00550 -1.03105e+00 | 24 -0.00554 -1.06411e+00
 25 -0.00556 -1.09706e+00 | 26 -0.00557 -1.12960e+00 | 27 -0.00555 -1.16155e+00
 28 -0.00552 -1.19295e+00 | 29 -0.00546 -1.22405e+00 | 30 -0.00539 -1.25502e+00
 31 -0.00530 -1.28580e+00 | 32 -0.00518 -1.31615e+00 | 33 -0.00504 -1.34577e+00
 34 -0.00488 -1.37430e+00 | 35 -0.00469 -1.40143e+00 | 36 -0.00447 -1.42703e+00
 37 -0.00422 -1.45110e+00 | 38 -0.00394 -1.47379e+00 | 39 -0.00364 -1.49521e+00
 40 -0.00332 -1.51524e+00 | 41 -0.00296 -1.53372e+00 | 42 -0.00258 -1.55013e+00
 43 -0.00218 -1.56392e+00 | 44 -0.00177 -1.57454e+00 | 45 -0.00134 -1.58144e+00
 46 -0.00090 -1.58396e+00 | 47 -0.00047 -1.58136e+00 | 48 -0.00006 -1.57280e+00
 49  0.00034 -1.55754e+00 | 50  0.00070 -1.53510e+00 | 51  0.00101 -1.50544e+00
 52  0.00129 -1.46890e+00 | 53  0.00150 -1.42593e+00 | 54  0.00168 -1.37667e+00
 55  0.00181 -1.32112e+00 | 56  0.00192 -1.25960e+00 | 57  0.00203 -1.19324e+00
 58  0.00215 -1.12408e+00 | 59  0.00231 -1.05454e+00 | 60  0.00252 -9.87590e-01
 61  0.00282 -9.26170e-01 | 62  0.00322 -8.73829e-01 | 63  0.00375 -8.34189e-01
 64  0.00443 -8.11193e-01 | 65  0.00527 -8.09998e-01 | 66  0.00631 -8.32704e-01
 67  0.00756 -8.82668e-01 | 68  0.00902 -9.57811e-01 | 69  0.01076 -1.04911e+00
 70  0.01280 -1.14676e+00 | 71  0.01506 -1.25982e+00 | 72  0.01733 -1.41494e+00
 73  0.01974 -1.55773e+00 | 74  0.02280 -1.56090e+00 | 75  0.02502 -1.67078e+00
 76  0.02445 -2.18629e+00 | 77  0.02394 -2.54066e+00 | 78  0.02477 -2.49370e+00
 79  0.02476 -2.43637e+00 | 80  0.02416 -2.33699e+00 | 81  0.02265 -2.27327e+00
 82  0.01951 -2.39883e+00 | 83  0.01640 -2.40620e+00 | 84  0.01289 -2.36247e+00
 85  0.00884 -2.30178e+00 | 86  0.00522 -2.05097e+00 | 87  0.00165 -1.76496e+00
 88 -0.00168 -1.51089e+00 | 89 -0.00401 -1.21359e+00 | 90 -0.00515 -8.51873e-01
 91 -0.00541 -4.56006e-01 | 92 -0.00535 -8.04779e-02 | 93 -0.00526  2.26195e-01
 94 -0.00468  4.75440e-01 | 95 -0.00322  7.13268e-01 | 96 -0.00087  1.13930e+00
 97  0.00414  1.82061e+00 | 98  0.00884  1.95966e+00 | 99  0.01121  1.09571e+00
100  0.00248 -1.57002e+00 |101 -0.00146 -2.68091e+00 |102  0.00080 -1.80835e+00
103 -0.00293 -5.49498e-01 |104  0.01621  4.56864e+00 |105  0.00740 -7.94068e-01
106  0.01401  2.58895e+00 |107  0.00633  7.46089e+00 |108  0.01975  7.62336e+00
109  0.05013  4.25333e+00 |110  0.05020  1.61546e+01 |111 -0.02755  3.53835e+00
112 -0.01627  2.87332e+00 |113  0.01466  9.03847e+00 |114  0.01823  4.43040e+00
115 -0.01235  3.27793e+00 |116 -0.07660  1.80012e+00 |117 -0.08712  5.19482e+00
118 -0.08520  5.23509e+00 |119 -0.05085  3.47409e+00 |120  0.06558  8.91784e+00
121  0.01644  3.18839e+00 |122  0.00450  2.89560e+00 |123 -0.03810  3.10183e+00
124 -0.07368  3.25147e+00 |125 -0.02245  4.54863e+00 |126 -0.02077  4.35635e-01
127 -0.04370  2.17484e+00 |128  0.00573  1.35372e+00 |129  0.05649  2.36542e+00
130  0.00304  4.48249e+00 |131  0.07065 -1.12944e+00 |132 -0.00392 -1.60393e+00
133  0.11567 -7.75999e+00 |134 -0.01173 -6.94488e-01 |135 -0.05569 -1.75012e+00
136 -0.05652  2.47062e+00 |137 -0.02487  5.53689e-01 |138  0.08153 -4.85941e+00
139  0.02947  1.05611e+00 |140  0.02049  2.62417e+00 |141 -0.03251  2.45753e-01
142 -0.02285 -1.34791e+00 |143  0.00316  2.06823e+00 |144  0.00002  1.00311e-01
145  0.35245 -1.61711e+00 |146  0.25264  9.66017e+00 |147  0.03119 -4.19344e+01
148  0.29093  1.59880e+01 |149  0.01638 -1.05982e+01 |150 -0.11477 -6.09547e+01
151 -0.48219 -1.82318e+00 |152  0.30845  5.33251e-01 |153  0.04878 -3.11109e+00
154 -0.23502  4.73149e-01 |155  0.25842  2.60506e-02 |156  0.10422  5.54004e-03
157  0.16144 -8.55172e+00 |158  0.24842  5.53347e+00 |159  0.00587 -5.27860e-01
160 -0.09827 -2.88533e+01 |161  0.08375 -8.38441e+00 |162  0.28922 -1.13120e+00
163  0.16728 -1.12492e+01 |164  0.24823  2.05392e+01 |165 -0.34982 -4.97866e+00
166  0.24723  1.56442e+01 |167  0.05275 -2.59738e+00 |168 -0.18762  1.72474e+00
169  0.19466 -6.36786e+00 |170  0.32024  2.01181e+01 |171  0.07774 -1.39700e+01
172 -0.53183  4.81129e-04 |173 -0.38682 -8.70275e-01 |174  0.23297 -3.31305e+00
175  0.07820 -1.03711e+01 |176 -0.12196  8.14445e+00 |177  0.04876 -5.12158e+00
178  0.10840 -2.73991e+01 |179  0.32647  1.06702e+01 |180  0.27043  2.38278e+01
181  0.00546 -5.06815e-01 |182  0.00907 -3.76252e+00 |183 -0.15012  1.35644e+01
184 -0.12571 -2.76665e+01 |185 -0.00557 -2.64473e+01 |186  0.39292  6.75532e+00
187  0.01863 -2.56420e+01 |188 -0.15435 -1.25343e+01 |189  0.83616 -1.18742e+00
190  0.12952  1.73909e-01 |191  0.03827  1.22536e-01 |192  0.42400  4.94312e-01
193  0.02453 -9.49166e-01 |194 -0.00648  4.02417e-01 |195 -0.17628 -1.31659e-01
196 -0.11429  4.41153e+00 |197 -0.53056  1.46879e+00 |198  0.18274  2.61894e+00
199  0.09511  2.56242e+01 |200 -0.25343  9.38294e+00 |

Intermediate statistics: 200 variables; iteration 20; function evaluation 23; phase 4
Function value 7.1352924e+03; maximum gradient component mag -1.6815e+02
Var    Value     Gradient |Var    Value     Gradient |Var    Value     Gradient
  1 -0.42967  1.33663e+02 |  2  0.36279 -1.68146e+02 |  3 -0.14434 -2.12254e+01
  4  0.00939 -1.01203e+02 |  5 -0.66124 -2.97045e+00 |  6 -0.62399 -7.68256e-01
  7  0.36925  8.86603e+01 |  8 -0.19409  1.06377e+01 |  9  0.05691  5.18440e+01
 10 -0.56678 -4.83510e+00 | 11 -0.64347 -9.11634e+01 | 12 -0.16556 -4.94443e+01
 13 -0.00403 -6.56686e-01 | 14 -0.00410 -6.75755e-01 | 15 -0.00417 -6.95284e-01
 16 -0.00423 -7.15276e-01 | 17 -0.00428 -7.35779e-01 | 18 -0.00432 -7.56766e-01
 19 -0.00436 -7.78230e-01 | 20 -0.00439 -8.00179e-01 | 21 -0.00441 -8.22614e-01
 22 -0.00442 -8.45537e-01 | 23 -0.00441 -8.68952e-01 | 24 -0.00439 -8.92859e-01
 25 -0.00436 -9.17256e-01 | 26 -0.00431 -9.42138e-01 | 27 -0.00425 -9.67499e-01
 28 -0.00417 -9.93332e-01 | 29 -0.00407 -1.01963e+00 | 30 -0.00395 -1.04637e+00
 31 -0.00381 -1.07357e+00 | 32 -0.00365 -1.10118e+00 | 33 -0.00347 -1.12918e+00
 34 -0.00327 -1.15756e+00 | 35 -0.00305 -1.18628e+00 | 36 -0.00281 -1.21532e+00
 37 -0.00255 -1.24465e+00 | 38 -0.00226 -1.27425e+00 | 39 -0.00195 -1.30410e+00
 40 -0.00162 -1.33387e+00 | 41 -0.00127 -1.36398e+00 | 42 -0.00090 -1.39418e+00
 43 -0.00051 -1.42437e+00 | 44 -0.00013 -1.45448e+00 | 45  0.00026 -1.48430e+00
 46  0.00064 -1.51359e+00 | 47  0.00100 -1.54217e+00 | 48  0.00132 -1.56972e+00
 49  0.00160 -1.59601e+00 | 50  0.00182 -1.62086e+00 | 51  0.00197 -1.64415e+00
 52  0.00206 -1.66564e+00 | 53  0.00207 -1.68544e+00 | 54  0.00201 -1.70346e+00
 55  0.00190 -1.71949e+00 | 56  0.00174 -1.73363e+00 | 57  0.00155 -1.74615e+00
 58  0.00137 -1.75689e+00 | 59  0.00122 -1.76634e+00 | 60  0.00114 -1.77460e+00
 61  0.00114 -1.78213e+00 | 62  0.00128 -1.78864e+00 | 63  0.00158 -1.79430e+00
 64  0.00208 -1.79955e+00 | 65  0.00281 -1.80361e+00 | 66  0.00380 -1.80967e+00
 67  0.00508 -1.81659e+00 | 68  0.00666 -1.82382e+00 | 69  0.00854 -1.83154e+00
 70  0.01071 -1.83864e+00 | 71  0.01314 -1.84461e+00 | 72  0.01573 -1.84901e+00
 73  0.01840 -1.84754e+00 | 74  0.02105 -1.82816e+00 | 75  0.02338 -1.80345e+00
 76  0.02501 -1.80026e+00 | 77  0.02599 -1.77002e+00 | 78  0.02638 -1.68442e+00
 79  0.02595 -1.58083e+00 | 80  0.02483 -1.46111e+00 | 81  0.02308 -1.33715e+00
 82  0.02073 -1.22471e+00 | 83  0.01793 -1.09906e+00 | 84  0.01461 -9.69151e-01
 85  0.01078 -8.39739e-01 | 86  0.00666 -7.05885e-01 | 87  0.00257 -5.78549e-01
 88 -0.00102 -4.58020e-01 | 89 -0.00374 -3.38618e-01 | 90 -0.00547 -2.14596e-01
 91 -0.00641 -8.01796e-02 | 92 -0.00693  6.80783e-02 | 93 -0.00719  2.27530e-01
 94 -0.00676  3.96007e-01 | 95 -0.00548  5.77123e-01 | 96 -0.00413  7.69547e-01
 97 -0.00128  9.82436e-01 | 98  0.00298  1.20415e+00 | 99  0.00856  1.42719e+00
100  0.00996  1.46082e+00 |101  0.00990  1.52942e+00 |102  0.00871  1.70105e+00
103  0.00098  1.81478e+00 |104  0.00295  2.29706e+00 |105  0.01658  2.23872e+00
106  0.01443  2.98379e+00 |107 -0.00629  2.94036e+00 |108  0.00955  3.60211e+00
109  0.06600  5.09643e+00 |110  0.02664  6.62141e+00 |111 -0.02306  3.36136e+00
112 -0.00959  3.34627e+00 |113  0.00499  3.46880e+00 |114  0.02025  2.75502e+00
115 -0.01252  2.86308e+00 |116 -0.07496  1.83467e+00 |117 -0.09172  1.79251e+00
118 -0.08897  1.89717e+00 |119 -0.05025  1.03523e+00 |120  0.06290  3.96156e+00
121  0.01840  2.51636e+00 |122  0.00511  1.78086e+00 |123 -0.03781  2.20814e+00
124 -0.07666  3.03122e-01 |125 -0.02658  1.99946e+00 |126 -0.01660  1.65179e+00
127 -0.04620  1.33827e+00 |128  0.00823  2.09760e+00 |129  0.05683  2.13027e+00
130 -0.00324  2.01961e+00 |131  0.07364  8.54608e-01 |132 -0.00124  5.34445e-01
133  0.12063 -1.80129e+00 |134 -0.00801  1.39056e+00 |135 -0.05101 -1.95195e-01
136 -0.06150  3.75101e-01 |137 -0.02688 -3.73302e-02 |138  0.09189  7.62676e-01
139  0.02640  4.47130e-01 |140  0.01447 -1.79063e-01 |141 -0.03361 -2.11723e-01
142 -0.01711  4.13865e-01 |143 -0.00550 -3.34186e-01 |144 -0.00038 -8.51133e-04
145  0.39029 -9.78207e+00 |146  0.28127  2.14599e+01 |147  0.04819  3.77240e+00
148  0.29590 -8.63857e+00 |149 -0.01219 -4.16642e+00 |150 -0.10451 -1.76063e+01
151 -0.47861 -2.34668e-01 |152  0.30718 -5.32295e-02 |153  0.04944  9.13622e-02
154 -0.23584 -3.01267e-01 |155  0.25838  3.68029e-02 |156  0.10412  6.57953e-03
157  0.16729 -4.54062e+00 |158  0.25182  7.38121e+00 |159 -0.00272 -1.13255e+00
160 -0.09081 -1.19404e+01 |161  0.10906 -4.03107e+00 |162  0.29857  1.02121e+01
163  0.17158 -3.13169e+00 |164  0.24799  6.49163e+00 |165 -0.35108 -2.11784e-01
166  0.24268 -1.13037e+00 |167  0.05264 -4.40162e+00 |168 -0.18957 -3.16206e+01
169  0.19359 -5.63621e+00 |170  0.31550 -2.45054e-01 |171  0.07683 -3.83461e+01
172 -0.53184 -1.05561e-03 |173 -0.38684  1.48719e-01 |174  0.23293 -1.42873e+00
175  0.07986  1.42501e-01 |176 -0.12194 -1.48670e+01 |177  0.05168  4.72301e+00
178  0.11764 -1.22376e+01 |179  0.32259 -5.76856e+00 |180  0.27297  1.34666e+01
181  0.00445  4.43661e+00 |182 -0.00358 -5.97155e+00 |183 -0.15039  1.53441e+01
184 -0.12154 -1.98149e+01 |185  0.00830 -1.80053e+00 |186  0.39350  3.56147e-01
187  0.01606 -9.19839e-01 |188 -0.14963 -5.17454e-01 |189  0.84841 -2.23983e+00
190  0.12883  6.89283e-01 |191  0.03667  4.72801e-01 |192  0.41810  7.59453e-01
193  0.03126 -7.68050e-01 |194 -0.00959  1.05689e+00 |195 -0.17538 -1.04098e-01
196 -0.14202  5.34089e+00 |197 -0.53501  5.73541e+00 |198  0.18076  1.06431e+00
199  0.09708  6.40624e+01 |200 -0.25534  1.85827e+01 |
200 variables; iteration 40; function evaluation 47; phase 4
Function value 7.1346292e+03; maximum gradient component mag 1.9740e+02
Var    Value     Gradient |Var    Value     Gradient |Var    Value     Gradient
  1 -0.43133  1.97403e+02 |  2  0.36336 -1.58096e+02 |  3 -0.14477 -4.92658e+01
  4  0.00858 -9.50068e+01 |  5 -0.66173 -3.55739e+00 |  6 -0.62364 -4.75976e+01
  7  0.37163  8.37597e+01 |  8 -0.19308 -3.26593e+01 |  9  0.05163  3.92087e+01
 10 -0.56823 -6.55228e+00 | 11 -0.64211 -1.39535e+02 | 12 -0.17328 -1.35445e+02
 13 -0.00362 -9.37333e-01 | 14 -0.00366 -9.60965e-01 | 15 -0.00370 -9.85184e-01
 16 -0.00373 -1.01003e+00 | 17 -0.00375 -1.03562e+00 | 18 -0.00377 -1.06193e+00
 19 -0.00377 -1.08896e+00 | 20 -0.00377 -1.11675e+00 | 21 -0.00376 -1.14530e+00
 22 -0.00374 -1.17463e+00 | 23 -0.00370 -1.20476e+00 | 24 -0.00365 -1.23574e+00
 25 -0.00358 -1.26763e+00 | 26 -0.00350 -1.30056e+00 | 27 -0.00341 -1.33457e+00
 28 -0.00330 -1.36966e+00 | 29 -0.00317 -1.40572e+00 | 30 -0.00302 -1.44270e+00
 31 -0.00285 -1.48063e+00 | 32 -0.00266 -1.51956e+00 | 33 -0.00246 -1.55959e+00
 34 -0.00223 -1.60081e+00 | 35 -0.00199 -1.64332e+00 | 36 -0.00172 -1.68716e+00
 37 -0.00143 -1.73230e+00 | 38 -0.00113 -1.77874e+00 | 39 -0.00080 -1.82643e+00
 40 -0.00045 -1.87491e+00 | 41 -0.00009 -1.92506e+00 | 42  0.00029 -1.97674e+00
 43  0.00068 -2.03004e+00 | 44  0.00107 -2.08511e+00 | 45  0.00146 -2.14191e+00
 46  0.00183 -2.20034e+00 | 47  0.00216 -2.26049e+00 | 48  0.00246 -2.32220e+00
 49  0.00270 -2.38546e+00 | 50  0.00286 -2.45035e+00 | 51  0.00296 -2.51687e+00
 52  0.00296 -2.58475e+00 | 53  0.00289 -2.65437e+00 | 54  0.00273 -2.72583e+00
 55  0.00250 -2.79902e+00 | 56  0.00221 -2.87436e+00 | 57  0.00188 -2.95235e+00
 58  0.00154 -3.03233e+00 | 59  0.00122 -3.11479e+00 | 60  0.00095 -3.19926e+00
 61  0.00077 -3.28606e+00 | 62  0.00072 -3.37370e+00 | 63  0.00084 -3.46154e+00
 64  0.00116 -3.54943e+00 | 65  0.00173 -3.63410e+00 | 66  0.00257 -3.72206e+00
 67  0.00372 -3.80980e+00 | 68  0.00517 -3.89655e+00 | 69  0.00694 -3.98521e+00
 70  0.00898 -4.07574e+00 | 71  0.01129 -4.16412e+00 | 72  0.01381 -4.24170e+00
 73  0.01639 -4.31392e+00 | 74  0.01880 -4.38832e+00 | 75  0.02103 -4.42546e+00
 76  0.02296 -4.40060e+00 | 77  0.02411 -4.35800e+00 | 78  0.02433 -4.30303e+00
 79  0.02378 -4.20666e+00 | 80  0.02254 -4.07982e+00 | 81  0.02074 -3.92464e+00
 82  0.01856 -3.72877e+00 | 83  0.01587 -3.52347e+00 | 84  0.01265 -3.30677e+00
 85  0.00896 -3.07704e+00 | 86  0.00478 -2.88189e+00 | 87  0.00062 -2.70085e+00
 88 -0.00297 -2.51617e+00 | 89 -0.00571 -2.35051e+00 | 90 -0.00754 -2.20576e+00
 91 -0.00864 -2.06101e+00 | 92 -0.00927 -1.87938e+00 | 93 -0.00949 -1.63016e+00
 94 -0.00890 -1.30699e+00 | 95 -0.00736 -9.00521e-01 | 96 -0.00593 -4.62214e-01
 97 -0.00349 -5.24736e-02 | 98  0.00067  5.44353e-01 | 99  0.00722  1.44514e+00
100  0.01159  2.68076e+00 |101  0.01199  3.35116e+00 |102  0.00922  3.48332e+00
103  0.00035  3.60294e+00 |104 -0.00423  2.82534e+00 |105  0.01841  5.81339e+00
106  0.01504  6.70767e+00 |107 -0.01046  5.08660e+00 |108  0.00545  5.91332e+00
109  0.07106  1.15731e+01 |110  0.01733  7.36430e+00 |111 -0.02340  5.33886e+00
112 -0.00824  6.34102e+00 |113  0.00434  6.82483e+00 |114  0.02425  8.57956e+00
115 -0.01068  6.57741e+00 |116 -0.07241  3.81441e+00 |117 -0.08822  3.32257e+00
118 -0.08511  3.12586e+00 |119 -0.04628  2.21546e+00 |120  0.06891  5.92937e+00
121  0.02331  3.45548e+00 |122  0.01109  3.05683e+00 |123 -0.03280  3.19561e+00
124 -0.07300  7.16087e-01 |125 -0.02432  1.48954e+00 |126 -0.01516  8.34200e-01
127 -0.04776 -1.50673e-01 |128  0.00519 -2.24554e-01 |129  0.05436 -6.55118e-01
130 -0.00721  5.74102e-01 |131  0.07269  6.54424e-01 |132 -0.00172  8.14645e-01
133  0.12201  8.68055e-02 |134 -0.00846  1.64329e+00 |135 -0.05011  2.23522e-01
136 -0.06097  5.53298e-01 |137 -0.02609  4.85938e-02 |138  0.09342  9.11466e-01
139  0.02681  3.37316e-01 |140  0.01576  1.06658e-01 |141 -0.03335 -3.41269e-01
142 -0.01504  1.01179e+00 |143 -0.00890 -1.18776e+00 |144 -0.00053 -4.31889e-02
145  0.39935 -1.02792e+01 |146  0.30060  2.08702e+01 |147  0.04829 -6.22057e+00
148  0.29565  8.25152e+00 |149 -0.00930 -3.64210e+00 |150 -0.10374 -1.36554e+01
151 -0.47098  7.32005e-01 |152  0.31404 -3.31547e-03 |153  0.04696  1.76490e+00
154 -0.23153  7.68312e-01 |155  0.25881  3.81109e-02 |156  0.10253  9.46478e-03
157  0.16611 -1.24769e+01 |158  0.25074  1.22252e+01 |159 -0.00470 -4.85629e+00
160 -0.08887 -8.70719e+00 |161  0.11525 -4.52118e+00 |162  0.30008  1.62460e+01
163  0.17300 -7.59041e+00 |164  0.24807  1.32064e+01 |165 -0.34829 -5.78582e-02
166  0.24371  1.27516e+00 |167  0.05280 -2.85698e-01 |168 -0.18800 -3.66683e+01
169  0.19909 -3.69465e+00 |170  0.31485 -4.67083e+00 |171  0.07671 -3.11932e+01
172 -0.53200 -8.69966e-04 |173 -0.38437  3.29851e+00 |174  0.23256 -9.53007e+00
175  0.07730  2.01801e+00 |176 -0.11942 -1.28943e+01 |177  0.05068  8.62701e+00
178  0.11872 -1.20985e+01 |179  0.31966 -1.58801e+01 |180  0.27266  1.84906e+01
181  0.00470  5.30712e+00 |182 -0.00092 -2.18187e+00 |183 -0.15054  1.78613e+01
184 -0.12114 -2.10369e+01 |185  0.01499 -1.25907e-01 |186  0.39104 -1.06445e+00
187  0.01231 -5.25312e-01 |188 -0.14765  8.85319e-02 |189  0.88327  2.36256e+01
190  0.05950  4.72965e-01 |191  0.04108 -1.71753e+01 |192  0.29298  4.38458e-01
193  0.09820 -4.13519e-01 |194 -0.08189  2.25200e-01 |195 -0.16594 -1.35005e-01
196 -0.27919  1.21281e+00 |197 -0.55791  3.78453e+00 |198  0.17067  7.47246e-01
199  0.09703  5.36953e+01 |200 -0.26000  1.57372e+01 |
200 variables; iteration 60; function evaluation 69; phase 4
Function value 7.1337040e+03; maximum gradient component mag 4.2242e+01
Var    Value     Gradient |Var    Value     Gradient |Var    Value     Gradient
  1 -0.43738  4.22416e+01 |  2  0.36611 -1.41500e+01 |  3 -0.14372  2.13521e+01
  4  0.00668 -7.81037e+00 |  5 -0.66572 -3.54558e+00 |  6 -0.62212  1.24413e+01
  7  0.36981  1.38232e+01 |  8 -0.19261  6.02569e+00 |  9  0.05162  8.37304e+00
 10 -0.57264 -2.51440e+00 | 11 -0.63977 -1.46636e-01 | 12 -0.17840 -2.28808e+01
 13 -0.00338 -2.03598e-01 | 14 -0.00342 -2.06589e-01 | 15 -0.00345 -2.09746e-01
 16 -0.00348 -2.13110e-01 | 17 -0.00350 -2.16736e-01 | 18 -0.00352 -2.20642e-01
 19 -0.00353 -2.24844e-01 | 20 -0.00353 -2.29357e-01 | 21 -0.00352 -2.34190e-01
 22 -0.00349 -2.39347e-01 | 23 -0.00346 -2.44838e-01 | 24 -0.00342 -2.50702e-01
 25 -0.00336 -2.57021e-01 | 26 -0.00329 -2.63905e-01 | 27 -0.00320 -2.71430e-01
 28 -0.00310 -2.79576e-01 | 29 -0.00298 -2.88234e-01 | 30 -0.00285 -2.97319e-01
 31 -0.00270 -3.06839e-01 | 32 -0.00253 -3.16853e-01 | 33 -0.00235 -3.27463e-01
 34 -0.00214 -3.38790e-01 | 35 -0.00193 -3.50924e-01 | 36 -0.00169 -3.63879e-01
 37 -0.00144 -3.77546e-01 | 38 -0.00117 -3.91730e-01 | 39 -0.00088 -4.06188e-01
 40 -0.00057 -4.20627e-01 | 41 -0.00025 -4.35061e-01 | 42  0.00009 -4.49388e-01
 43  0.00044 -4.63578e-01 | 44  0.00079 -4.77574e-01 | 45  0.00114 -4.91288e-01
 46  0.00147 -5.04671e-01 | 47  0.00178 -5.17759e-01 | 48  0.00204 -5.30596e-01
 49  0.00226 -5.43203e-01 | 50  0.00240 -5.55400e-01 | 51  0.00248 -5.66666e-01
 52  0.00249 -5.76155e-01 | 53  0.00243 -5.83071e-01 | 54  0.00230 -5.86884e-01
 55  0.00213 -5.87354e-01 | 56  0.00191 -5.84283e-01 | 57  0.00168 -5.77182e-01
 58  0.00147 -5.65116e-01 | 59  0.00130 -5.47382e-01 | 60  0.00122 -5.23231e-01
 61  0.00125 -4.92433e-01 | 62  0.00144 -4.54749e-01 | 63  0.00182 -4.10428e-01
 64  0.00243 -3.59862e-01 | 65  0.00330 -3.02761e-01 | 66  0.00446 -2.40844e-01
 67  0.00593 -1.75129e-01 | 68  0.00771 -1.11560e-01 | 69  0.00975 -6.27689e-02
 70  0.01198 -4.19503e-02 | 71  0.01440 -4.14816e-02 | 72  0.01705 -3.69145e-02
 73  0.01960 -7.34874e-02 | 74  0.02160 -2.11893e-01 | 75  0.02372 -2.74496e-01
 76  0.02589 -2.33474e-01 | 77  0.02678 -3.17921e-01 | 78  0.02662 -4.54997e-01
 79  0.02565 -5.99648e-01 | 80  0.02375 -7.95343e-01 | 81  0.02112 -1.03273e+00
 82  0.01848 -1.18160e+00 | 83  0.01517 -1.37412e+00 | 84  0.01140 -1.56129e+00
 85  0.00743 -1.68784e+00 | 86  0.00285 -1.87657e+00 | 87 -0.00122 -1.95932e+00
 88 -0.00425 -1.90539e+00 | 89 -0.00624 -1.80097e+00 | 90 -0.00717 -1.66338e+00
 91 -0.00721 -1.48663e+00 | 92 -0.00682 -1.28317e+00 | 93 -0.00634 -1.10435e+00
 94 -0.00565 -1.02543e+00 | 95 -0.00494 -1.13170e+00 | 96 -0.00548 -1.50162e+00
 97 -0.00562 -2.05459e+00 | 98 -0.00439 -2.47756e+00 | 99  0.00048 -2.26383e+00
100  0.00724 -6.79181e-01 |101  0.01078  7.58404e-01 |102  0.01043  1.69421e+00
103  0.00033  1.84055e+00 |104  0.00098  2.74935e+00 |105  0.02189  4.97290e+00
106  0.01179  3.75899e+00 |107 -0.00757  4.15666e+00 |108  0.00847  4.48162e+00
109  0.06312  5.09567e+00 |110  0.02166  4.77299e+00 |111 -0.02354  2.72686e+00
112 -0.01100  1.87559e+00 |113  0.00366  1.90046e+00 |114  0.01956  1.78736e+00
115 -0.01024  1.89061e+00 |116 -0.07437  1.22541e-01 |117 -0.09471 -2.21699e+00
118 -0.08824 -9.08541e-01 |119 -0.04682  6.18483e-01 |120  0.07133  4.69058e+00
121  0.02532  2.30421e+00 |122  0.01363  1.28022e+00 |123 -0.03546 -1.12559e+00
124 -0.07306 -4.95493e-01 |125 -0.02592 -2.18095e+00 |126 -0.01679 -1.70061e+00
127 -0.04684 -5.10387e-01 |128  0.00990  1.43773e+00 |129  0.05358  1.21282e+00
130 -0.00006  2.59939e+00 |131  0.07010  5.97518e-02 |132 -0.00400 -6.89923e-01
133  0.12696  5.53178e+00 |134 -0.00834  6.46168e-01 |135 -0.05466 -1.37939e+00
136 -0.06108  2.41114e-02 |137 -0.02707 -3.61508e-01 |138  0.09143 -6.05325e-01
139  0.02642 -2.11627e-01 |140  0.01556  2.80117e-01 |141 -0.03486 -6.71722e-01
142 -0.01879 -3.62475e-01 |143 -0.00654 -1.58152e-01 |144 -0.00057 -4.04416e-02
145  0.40774 -2.60158e+00 |146  0.30124  1.43794e-01 |147  0.04746 -6.43928e+00
148  0.29481  4.31885e+00 |149 -0.00577 -3.18462e+00 |150 -0.10440 -5.96691e+00
151 -0.47529  3.54005e-01 |152  0.30838 -3.39204e-01 |153  0.04779  7.30171e-01
154 -0.23278  1.21752e-01 |155  0.26758  5.66424e-02 |156  0.08495 -7.55267e-03
157  0.16936  5.01304e-01 |158  0.25079 -2.21573e+00 |159 -0.00333 -1.87044e+00
160 -0.09075 -6.65866e+00 |161  0.10999 -4.34113e-01 |162  0.29676  1.05666e+00
163  0.17339 -1.19199e+00 |164  0.24755  3.57066e+00 |165 -0.34128  1.00088e+00
166  0.24568  3.90953e-01 |167  0.05069 -1.14510e+00 |168 -0.18739 -1.19894e+01
169  0.20441 -7.69903e-01 |170  0.31779  1.61690e+00 |171  0.07681 -8.82949e+00
172 -0.53352  4.80130e-04 |173 -0.38601  1.26396e-01 |174  0.23445  5.52041e-01
175  0.07856  3.09216e+00 |176 -0.11768 -5.47636e+00 |177  0.05344  4.53709e+00
178  0.12012 -4.02881e+00 |179  0.32334 -2.33960e+00 |180  0.27206  4.81514e+00
181  0.00516  4.92458e+00 |182 -0.00316 -2.48921e+00 |183 -0.15053  5.71829e+00
184 -0.12011 -5.96122e+00 |185  0.02282  4.36564e+00 |186  0.39248 -1.06349e+00
187  0.00924 -2.23868e-01 |188 -0.15181 -5.84710e+00 |189  0.90812 -2.67843e+00
190 -0.01185 -2.87689e-02 |191  0.06334  3.30934e+00 |192  0.25263  3.74578e-01
193  0.22004 -1.76330e-03 |194 -0.00316  3.90582e-02 |195 -0.11182 -6.98354e-02
196 -0.29960  6.17600e-01 |197 -0.55417 -4.16265e-02 |198  0.17113 -2.16741e-01
199  0.09704 -8.79806e-01 |200 -0.25932  1.61607e+00 |
200 variables; iteration 80; function evaluation 91; phase 4
Function value 7.1334539e+03; maximum gradient component mag 1.2523e+01
Var    Value     Gradient |Var    Value     Gradient |Var    Value     Gradient
  1 -0.43971  7.35706e+00 |  2  0.36627  1.25232e+01 |  3 -0.14422  7.77488e+00
  4  0.00741  9.31331e+00 |  5 -0.66314 -4.18311e-01 |  6 -0.62221 -2.86977e+00
  7  0.36957 -3.97391e+00 |  8 -0.19283 -3.22843e+00 |  9  0.05161 -1.70025e+00
 10 -0.57003  3.31934e-01 | 11 -0.63990  4.17898e+00 | 12 -0.18066 -9.75304e+00
 13 -0.00336 -4.90334e-03 | 14 -0.00341 -5.17902e-03 | 15 -0.00345 -5.50943e-03
 16 -0.00349 -5.90604e-03 | 17 -0.00352 -6.38135e-03 | 18 -0.00355 -6.95037e-03
 19 -0.00357 -7.62961e-03 | 20 -0.00358 -8.43695e-03 | 21 -0.00357 -9.39167e-03
 22 -0.00356 -1.05147e-02 | 23 -0.00354 -1.18280e-02 | 24 -0.00350 -1.33541e-02
 25 -0.00345 -1.51155e-02 | 26 -0.00339 -1.71340e-02 | 27 -0.00331 -1.94301e-02
 28 -0.00321 -2.20243e-02 | 29 -0.00310 -2.49379e-02 | 30 -0.00297 -2.81910e-02
 31 -0.00283 -3.18019e-02 | 32 -0.00266 -3.57840e-02 | 33 -0.00248 -4.01455e-02
 34 -0.00228 -4.48888e-02 | 35 -0.00207 -5.00112e-02 | 36 -0.00183 -5.55062e-02
 37 -0.00158 -6.13664e-02 | 38 -0.00130 -6.75858e-02 | 39 -0.00101 -7.41530e-02
 40 -0.00070 -8.10175e-02 | 41 -0.00037 -8.81848e-02 | 42 -0.00003 -9.55780e-02
 43  0.00032 -1.03116e-01 | 44  0.00067 -1.10712e-01 | 45  0.00102 -1.18255e-01
 46  0.00135 -1.25619e-01 | 47  0.00166 -1.32681e-01 | 48  0.00194 -1.39293e-01
 49  0.00216 -1.45331e-01 | 50  0.00233 -1.50711e-01 | 51  0.00244 -1.55397e-01
 52  0.00246 -1.59376e-01 | 53  0.00242 -1.62669e-01 | 54  0.00231 -1.65199e-01
 55  0.00214 -1.66781e-01 | 56  0.00193 -1.67234e-01 | 57  0.00169 -1.66393e-01
 58  0.00146 -1.64027e-01 | 59  0.00127 -1.59955e-01 | 60  0.00114 -1.53941e-01
 61  0.00111 -1.45816e-01 | 62  0.00122 -1.35465e-01 | 63  0.00150 -1.23080e-01
 64  0.00198 -1.09263e-01 | 65  0.00269 -9.50097e-02 | 66  0.00366 -8.18732e-02
 67  0.00490 -7.11339e-02 | 68  0.00642 -6.31798e-02 | 69  0.00824 -5.67290e-02
 70  0.01035 -4.94301e-02 | 71  0.01270 -4.25209e-02 | 72  0.01519 -4.37199e-02
 73  0.01777 -4.14328e-02 | 74  0.02056  2.23753e-02 | 75  0.02291  4.94603e-02
 76  0.02356 -1.61838e-01 | 77  0.02386 -3.04963e-01 | 78  0.02445 -2.36461e-01
 79  0.02425 -1.70944e-01 | 80  0.02340 -9.78796e-02 | 81  0.02174 -7.58787e-02
 82  0.01902 -1.75859e-01 | 83  0.01606 -2.37965e-01 | 84  0.01263 -2.99335e-01
 85  0.00872 -3.66932e-01 | 86  0.00462 -4.18454e-01 | 87  0.00052 -4.88013e-01
 88 -0.00309 -5.68735e-01 | 89 -0.00573 -6.29343e-01 | 90 -0.00727 -6.60417e-01
 91 -0.00795 -6.68132e-01 | 92 -0.00820 -6.60252e-01 | 93 -0.00820 -6.45857e-01
 94 -0.00764 -6.46077e-01 | 95 -0.00642 -6.73509e-01 | 96 -0.00529 -7.01354e-01
 97 -0.00275 -7.02898e-01 | 98  0.00118 -6.52019e-01 | 99  0.00667 -5.99362e-01
100  0.00857 -5.69552e-01 |101  0.00895 -4.32281e-01 |102  0.00817 -2.45709e-01
103 -0.00017 -2.18716e-01 |104 -0.00101 -3.18055e-01 |105  0.01504 -2.19970e-01
106  0.01182  1.16241e-01 |107 -0.00841  8.80973e-01 |108  0.00518  2.69739e-01
109  0.06376  5.41333e-02 |110  0.01875  4.77916e-01 |111 -0.02562  9.69417e-02
112 -0.01142  2.28384e-01 |113  0.00252  3.67693e-01 |114  0.01965  7.73551e-01
115 -0.01211  1.01777e+00 |116 -0.07441  5.73809e-01 |117 -0.08997  6.42763e-01
118 -0.08764  2.30310e-02 |119 -0.04783  2.58249e-01 |120  0.07061  1.95657e+00
121  0.02523  7.56663e-01 |122  0.01110 -3.67144e-01 |123 -0.03244  1.35349e-01
124 -0.07263  2.28601e-01 |125 -0.02367 -2.92014e-01 |126 -0.01584 -2.88460e-01
127 -0.04649  1.03234e-01 |128  0.00739  5.63409e-01 |129  0.05250 -2.49939e-01
130 -0.00630  1.00577e-01 |131  0.07014  1.12552e-01 |132 -0.00221  1.66513e-01
133  0.12139  2.40427e-01 |134 -0.00881  1.66663e-01 |135 -0.05201 -9.38669e-02
136 -0.06108  1.06712e-01 |137 -0.02588  1.60556e-01 |138  0.09290  5.58889e-03
139  0.02737  1.72778e-01 |140  0.01538  2.03975e-01 |141 -0.03246  2.04620e-01
142 -0.01790 -2.36311e-01 |143 -0.00645 -3.22525e-02 |144 -0.00041  3.25376e-03
145  0.41079 -2.66206e-01 |146  0.30502 -2.31467e+00 |147  0.04775 -2.56566e+00
148  0.29487  1.90413e+00 |149 -0.00504 -1.01901e+00 |150 -0.10421 -1.78680e+00
151 -0.48397 -3.41915e-01 |152  0.30521 -1.00933e-01 |153  0.05010  6.69099e-02
154 -0.23298  8.02578e-02 |155  0.25171 -1.75791e-02 |156  0.07598  1.40733e-02
157  0.16945  1.13746e+00 |158  0.25101 -1.73127e+00 |159 -0.00319 -7.97858e-01
160 -0.08964 -1.19576e+00 |161  0.10957 -1.28657e-01 |162  0.29644 -4.66165e-01
163  0.17141 -7.43579e-01 |164  0.24603 -2.32457e-01 |165 -0.35031 -3.57006e-02
166  0.24269 -5.06413e-01 |167  0.05268 -4.84267e-01 |168 -0.18667 -1.03607e+00
169  0.19882 -2.26934e-01 |170  0.31624  9.61626e-01 |171  0.07778 -7.27711e-02
172 -0.53522  1.21048e-03 |173 -0.38330 -4.55484e-01 |174  0.23556  1.15239e+00
175  0.07682 -1.35416e-01 |176 -0.11703 -1.19294e+00 |177  0.05158 -1.34198e+00
178  0.12048 -2.15878e-02 |179  0.32186  6.89465e-01 |180  0.27166  1.71948e-01
181  0.00460 -5.88169e-01 |182 -0.00336 -5.43561e-01 |183 -0.15170 -8.57998e-01
184 -0.11975 -2.23234e-01 |185  0.01596 -1.15332e-01 |186  0.39029 -3.32133e-01
187  0.01290 -2.91931e-01 |188 -0.14859 -8.84778e-01 |189  0.88625  1.94853e+00
190 -0.03991  6.25889e-01 |191  0.04188 -1.49538e+00 |192  0.21978 -6.46198e-02
193  0.11350 -9.07774e-03 |194  0.01012  4.37564e-01 |195  0.00363 -3.66552e-02
196 -0.32665  3.17621e-01 |197 -0.55638 -7.33384e-01 |198  0.17135  2.97855e-01
199  0.09768 -7.43641e+00 |200 -0.26296 -1.09643e+00 |
200 variables; iteration 100; function evaluation 117; phase 4
Function value 7.1334250e+03; maximum gradient component mag 4.4422e+00
Var    Value     Gradient |Var    Value     Gradient |Var    Value     Gradient
  1 -0.44058 -2.60782e+00 |  2  0.36623  6.49253e-01 |  3 -0.14426  8.89778e-01
  4  0.00719  2.25218e-01 |  5 -0.66193  2.19717e-01 |  6 -0.62232  8.66296e-01
  7  0.36990 -9.55465e-01 |  8 -0.19274  2.74556e+00 |  9  0.05109 -5.00520e-02
 10 -0.56898  4.46148e-01 | 11 -0.64013  4.44220e+00 | 12 -0.18200  4.15814e+00
 13 -0.00351 -2.01744e-02 | 14 -0.00356 -2.14711e-02 | 15 -0.00361 -2.27841e-02
 16 -0.00366 -2.41071e-02 | 17 -0.00370 -2.54341e-02 | 18 -0.00373 -2.67611e-02
 19 -0.00375 -2.80862e-02 | 20 -0.00376 -2.94091e-02 | 21 -0.00377 -3.07308e-02
 22 -0.00376 -3.20535e-02 | 23 -0.00374 -3.33784e-02 | 24 -0.00370 -3.47003e-02
 25 -0.00366 -3.60054e-02 | 26 -0.00359 -3.72731e-02 | 27 -0.00351 -3.84878e-02
 28 -0.00342 -3.96527e-02 | 29 -0.00330 -4.07857e-02 | 30 -0.00317 -4.18959e-02
 31 -0.00302 -4.29725e-02 | 32 -0.00285 -4.39885e-02 | 33 -0.00266 -4.49040e-02
 34 -0.00246 -4.56715e-02 | 35 -0.00223 -4.62455e-02 | 36 -0.00198 -4.65910e-02
 37 -0.00171 -4.66887e-02 | 38 -0.00142 -4.65274e-02 | 39 -0.00111 -4.60909e-02
 40 -0.00078 -4.53491e-02 | 41 -0.00042 -4.42524e-02 | 42 -0.00006 -4.27500e-02
 43  0.00032 -4.08107e-02 | 44  0.00070 -3.84394e-02 | 45  0.00108 -3.56824e-02
 46  0.00145 -3.26257e-02 | 47  0.00179 -2.93787e-02 | 48  0.00209 -2.60670e-02
 49  0.00235 -2.27926e-02 | 50  0.00254 -1.95991e-02 | 51  0.00266 -1.64577e-02
 52  0.00271 -1.32829e-02 | 53  0.00269 -9.94499e-03 | 54  0.00259 -6.35812e-03
 55  0.00244 -2.51201e-03 | 56  0.00224  1.55365e-03 | 57  0.00201  5.72144e-03
 58  0.00178  9.72392e-03 | 59  0.00158  1.31903e-02 | 60  0.00143  1.56158e-02
 61  0.00137  1.64645e-02 | 62  0.00143  1.51915e-02 | 63  0.00165  1.14930e-02
 64  0.00205  5.68580e-03 | 65  0.00268 -5.36898e-04 | 66  0.00358 -2.76380e-03
 67  0.00481  5.64081e-03 | 68  0.00640  2.91262e-02 | 69  0.00833  6.28094e-02
 70  0.01054  9.68427e-02 | 71  0.01290  1.06148e-01 | 72  0.01493  6.87768e-03
 73  0.01708 -7.66185e-02 | 74  0.01957 -6.34251e-02 | 75  0.02128 -1.53633e-01
 76  0.02388  3.95363e-02 | 77  0.02411 -1.05070e-01 | 78  0.02469 -2.35771e-02
 79  0.02465  9.28999e-02 | 80  0.02294  1.27047e-02 | 81  0.02066 -7.06797e-02
 82  0.01895  6.04915e-02 | 83  0.01667  1.71253e-01 | 84  0.01321  1.32546e-01
 85  0.00869 -4.91552e-02 | 86  0.00472 -4.55232e-02 | 87  0.00109  2.27555e-02
 88 -0.00227  3.40883e-02 | 89 -0.00498 -1.53149e-02 | 90 -0.00666 -5.34457e-02
 91 -0.00753 -7.71379e-02 | 92 -0.00801 -9.43884e-02 | 93 -0.00823 -1.05227e-01
 94 -0.00782 -1.11780e-01 | 95 -0.00659 -1.08018e-01 | 96 -0.00519 -5.17828e-02
 97 -0.00215  8.64083e-02 | 98  0.00201  1.90826e-01 | 99  0.00771  2.80942e-01
100  0.00856  1.81843e-02 |101  0.00877  2.95336e-02 |102  0.00748 -9.53700e-03
103 -0.00011  7.24201e-02 |104 -0.00055 -2.92804e-02 |105  0.01466 -2.44008e-01
106  0.01159 -2.43596e-02 |107 -0.01180 -1.99703e-01 |108  0.00534  2.87025e-01
109  0.06457  4.37570e-01 |110  0.01702  3.53887e-01 |111 -0.02481  5.76038e-01
112 -0.01217  2.58178e-01 |113  0.00196  3.83238e-01 |114  0.01944  6.37053e-01
115 -0.01360  3.32970e-01 |116 -0.07473  3.40478e-01 |117 -0.09055  4.14153e-01
118 -0.08699  3.68523e-01 |119 -0.04728  3.24323e-01 |120  0.07063  9.90135e-01
121  0.02594  3.96713e-01 |122  0.01292 -1.46954e-02 |123 -0.03192 -8.52407e-03
124 -0.07169  1.85387e-01 |125 -0.02218 -1.34731e-01 |126 -0.01487 -5.14215e-01
127 -0.04623 -3.12753e-01 |128  0.00551 -5.67218e-01 |129  0.05470 -2.10642e-02
130 -0.00737 -1.37900e-01 |131  0.07047 -1.23831e-01 |132 -0.00237  1.57235e-02
133  0.12124 -1.83644e-01 |134 -0.00908  8.22558e-02 |135 -0.05176 -1.59132e-02
136 -0.06220 -2.86495e-01 |137 -0.02612  1.14464e-02 |138  0.09346  1.03034e-01
139  0.02707  6.47112e-02 |140  0.01476 -1.08627e-01 |141 -0.03218  3.20342e-01
142 -0.01780 -1.95503e-01 |143 -0.00612  3.96209e-02 |144 -0.00038  7.44102e-03
145  0.41310  4.17046e-01 |146  0.30716  7.97395e-01 |147  0.04797  7.25521e-01
148  0.29471 -1.88520e+00 |149 -0.00525 -4.30244e-02 |150 -0.10410  6.80270e-01
151 -0.47772 -2.53860e-01 |152  0.30971  2.03751e-02 |153  0.04773 -4.80120e-01
154 -0.23215  6.06511e-02 |155  0.24455 -2.64705e-02 |156  0.06082  1.36005e-02
157  0.16825 -1.65729e-01 |158  0.25056 -3.05901e-01 |159 -0.00188 -6.57449e-02
160 -0.08951 -4.72503e-01 |161  0.10985  3.09679e-01 |162  0.29648 -8.42701e-01
163  0.17228  4.18865e-01 |164  0.24648 -6.87793e-01 |165 -0.34942 -7.69893e-02
166  0.24302  8.81671e-02 |167  0.05255 -1.54536e-01 |168 -0.18663  3.77795e-01
169  0.19798 -1.14131e-01 |170  0.31592  1.98145e-01 |171  0.07788  4.54260e-01
172 -0.53771  1.03859e-03 |173 -0.38623 -2.82873e-01 |174  0.23448  2.29143e-01
175  0.07739 -1.00790e-01 |176 -0.11645  5.06370e-01 |177  0.05439  2.80329e-01
178  0.12008  1.16467e-01 |179  0.32252 -5.45513e-01 |180  0.27136 -2.38056e-01
181  0.00237  2.09107e-02 |182 -0.00276  1.09695e-01 |183 -0.15192 -1.20216e-01
184 -0.11983  3.72386e-01 |185  0.01634  1.11468e-01 |186  0.38979 -2.68603e-01
187  0.01250  1.53797e-01 |188 -0.14785  2.50051e-01 |189  0.88410 -4.43063e-01
190 -0.06691 -1.08897e-02 |191  0.04261  3.40006e-01 |192  0.19949  1.86199e-01
193  0.08901 -4.66013e-03 |194  0.01952 -1.95798e-01 |195  0.05080 -1.16152e-02
196 -0.34606  1.95477e-01 |197 -0.55791  2.32635e-01 |198  0.17055  4.42839e-02
199  0.09855  3.48230e+00 |200 -0.26610  6.92376e-01 |
200 variables; iteration 120; function evaluation 150; phase 4
Function value 7.1334028e+03; maximum gradient component mag 2.2008e+00
Var    Value     Gradient |Var    Value     Gradient |Var    Value     Gradient
  1 -0.44080 -4.71196e-01 |  2  0.36613 -4.50144e-01 |  3 -0.14437  1.42144e+00
  4  0.00739 -3.41937e-01 |  5 -0.66197 -1.98880e-01 |  6 -0.62239  2.20082e+00
  7  0.36980 -1.97327e-01 |  8 -0.19276 -7.84242e-01 |  9  0.05125 -4.95577e-01
 10 -0.56958 -1.54158e-01 | 11 -0.64016  4.46934e-01 | 12 -0.18309  1.38674e+00
 13 -0.00332  1.62921e-02 | 14 -0.00337  1.72791e-02 | 15 -0.00341  1.82858e-02
 16 -0.00344  1.93098e-02 | 17 -0.00347  2.03495e-02 | 18 -0.00349  2.14042e-02
 19 -0.00350  2.24756e-02 | 20 -0.00351  2.35664e-02 | 21 -0.00350  2.46801e-02
 22 -0.00348  2.58214e-02 | 23 -0.00345  2.69938e-02 | 24 -0.00341  2.81951e-02
 25 -0.00335  2.94164e-02 | 26 -0.00327  3.06428e-02 | 27 -0.00318  3.18632e-02
 28 -0.00308  3.30818e-02 | 29 -0.00295  3.43151e-02 | 30 -0.00281  3.55737e-02
 31 -0.00265  3.68540e-02 | 32 -0.00247  3.81396e-02 | 33 -0.00227  3.94049e-02
 34 -0.00206  4.06176e-02 | 35 -0.00182  4.17461e-02 | 36 -0.00157  4.27648e-02
 37 -0.00130  4.36574e-02 | 38 -0.00100  4.44089e-02 | 39 -0.00069  4.49896e-02
 40 -0.00036  4.53387e-02 | 41 -0.00001  4.53745e-02 | 42  0.00034  4.49888e-02
 43  0.00071  4.40904e-02 | 44  0.00108  4.26349e-02 | 45  0.00143  4.06471e-02
 46  0.00178  3.82371e-02 | 47  0.00209  3.55848e-02 | 48  0.00237  3.29156e-02
 49  0.00260  3.04267e-02 | 50  0.00277  2.82128e-02 | 51  0.00287  2.62336e-02
 52  0.00289  2.43414e-02 | 53  0.00284  2.23310e-02 | 54  0.00272  2.00697e-02
 55  0.00254  1.75372e-02 | 56  0.00230  1.47797e-02 | 57  0.00205  1.19271e-02
 58  0.00179  9.27285e-03 | 59  0.00156  7.25788e-03 | 60  0.00140  6.47976e-03
 61  0.00133  7.62896e-03 | 62  0.00141  1.14832e-02 | 63  0.00166  1.87209e-02
 64  0.00213  2.93594e-02 | 65  0.00282  4.11720e-02 | 66  0.00375  4.74001e-02
 67  0.00490  3.84411e-02 | 68  0.00629  1.72022e-02 | 69  0.00805  1.39686e-02
 70  0.01027  5.22026e-02 | 71  0.01279  1.00309e-01 | 72  0.01509  6.50028e-02
 73  0.01746  3.02170e-02 | 74  0.01992  3.55951e-02 | 75  0.02206  3.58657e-02
 76  0.02356  8.16889e-03 | 77  0.02502  1.10480e-01 | 78  0.02488  4.92122e-02
 79  0.02391 -1.87477e-02 | 80  0.02287  3.61370e-02 | 81  0.02097  2.99580e-02
 82  0.01864  3.23417e-02 | 83  0.01600  6.43202e-02 | 84  0.01245  2.91298e-03
 85  0.00864 -2.03620e-02 | 86  0.00490  3.93095e-02 | 87  0.00066 -3.90827e-02
 88 -0.00272 -3.83354e-02 | 89 -0.00507  1.19915e-03 | 90 -0.00648  3.18449e-02
 91 -0.00718  5.07193e-02 | 92 -0.00753  6.10651e-02 | 93 -0.00767  6.62562e-02
 94 -0.00716  7.78649e-02 | 95 -0.00589  8.26563e-02 | 96 -0.00486  3.32394e-02
 97 -0.00271 -6.58864e-02 | 98  0.00075 -1.36495e-01 | 99  0.00578 -1.92720e-01
100  0.00883  7.44689e-02 |101  0.00898  1.06847e-01 |102  0.00773  1.14748e-01
103 -0.00078  2.14957e-02 |104 -0.00072  1.07105e-01 |105  0.01586  2.81300e-01
106  0.01122  1.51845e-01 |107 -0.01122  1.22218e-01 |108  0.00423  3.74798e-02
109  0.06358  6.08397e-02 |110  0.01647  5.49269e-02 |111 -0.02636  1.85718e-02
112 -0.01199  1.90585e-01 |113  0.00081 -1.37089e-01 |114  0.01808  3.92586e-02
115 -0.01402  9.29133e-02 |116 -0.07620 -2.13637e-01 |117 -0.09152  3.02676e-02
118 -0.08825 -2.13040e-01 |119 -0.04758 -7.28146e-02 |120  0.06968 -3.69375e-01
121  0.02586 -2.64646e-01 |122  0.01341 -2.19490e-01 |123 -0.03164 -1.86791e-01
124 -0.07166 -7.05048e-02 |125 -0.02220 -2.89505e-01 |126 -0.01380 -9.68227e-02
127 -0.04596 -1.24163e-01 |128  0.00682 -4.25146e-02 |129  0.05379 -1.52056e-01
130 -0.00692  2.21831e-02 |131  0.06974 -6.95013e-02 |132 -0.00267  8.62901e-02
133  0.12106  1.22315e-01 |134 -0.00949 -3.01670e-02 |135 -0.05169  4.52157e-02
136 -0.06152 -2.29860e-02 |137 -0.02629 -1.55196e-02 |138  0.09296 -7.13168e-02
139  0.02716  9.11733e-02 |140  0.01529  9.28995e-02 |141 -0.03301 -5.53653e-04
142 -0.01698  4.88118e-02 |143 -0.00624 -1.40273e-02 |144 -0.00044 -6.32877e-03
145  0.41491 -6.07185e-02 |146  0.30990 -1.32842e-01 |147  0.04791  5.57828e-01
148  0.29468 -1.33090e-01 |149 -0.00507  1.58340e-01 |150 -0.10424 -1.79646e-01
151 -0.47632  2.68850e-02 |152  0.31144  2.75447e-02 |153  0.04775  1.07661e-01
154 -0.23170  1.29269e-01 |155  0.25818  1.00345e-01 |156 -0.02322 -9.18790e-03
157  0.16837  2.61692e-01 |158  0.25072 -2.34555e-01 |159 -0.00200  1.19802e-01
160 -0.08937  3.42507e-01 |161  0.10972  1.86482e-01 |162  0.29643 -2.86454e-01
163  0.17213  7.30707e-02 |164  0.24650 -3.74205e-02 |165 -0.34877  4.05593e-03
166  0.24323  6.45712e-02 |167  0.05249  7.08812e-02 |168 -0.18657  3.64800e-01
169  0.19865  6.80256e-02 |170  0.31613  1.30132e-02 |171  0.07774 -6.43131e-02
172 -0.54788  2.44896e-05 |173 -0.38346  1.46938e-02 |174  0.23533 -2.54292e-02
175  0.07692  8.13892e-03 |176 -0.11624  1.00456e-01 |177  0.05394  7.04567e-02
178  0.11999  6.43841e-02 |179  0.32269  7.01320e-02 |180  0.27134 -1.98960e-01
181  0.00289  1.33431e-01 |182 -0.00285 -6.16182e-02 |183 -0.15195  1.00150e-01
184 -0.11990  7.78155e-02 |185  0.01639 -8.24887e-02 |186  0.38963  1.87150e-01
187  0.01244 -3.14187e-02 |188 -0.14806 -1.31438e-01 |189  0.88206 -9.94976e-01
190 -0.12072 -2.90551e-01 |191  0.04302  7.13216e-01 |192  0.11889  1.44272e-01
193  0.04319 -5.60829e-05 |194  0.04120 -3.16886e-01 |195  0.20636  6.97897e-04
196 -0.40888  4.30650e-02 |197 -0.55785 -2.24786e-02 |198  0.17048 -2.41388e-02
199  0.09837 -5.52596e-01 |200 -0.26746 -2.06518e-01 |
200 variables; iteration 140; function evaluation 185; phase 4
Function value 7.1333963e+03; maximum gradient component mag 7.6572e-01
Var    Value     Gradient |Var    Value     Gradient |Var    Value     Gradient
  1 -0.44069 -4.59914e-01 |  2  0.36616  6.02759e-02 |  3 -0.14427  4.10641e-01
  4  0.00731  1.76269e-01 |  5 -0.66170  1.08018e-01 |  6 -0.62238  4.76863e-01
  7  0.36979 -5.58637e-03 |  8 -0.19270  7.65717e-01 |  9  0.05124  1.38354e-01
 10 -0.56934  7.62173e-02 | 11 -0.64021  5.95888e-01 | 12 -0.18256  6.37227e-01
 13 -0.00336  8.92710e-03 | 14 -0.00341  8.46289e-03 | 15 -0.00346  7.99582e-03
 16 -0.00350  7.52712e-03 | 17 -0.00353  7.05656e-03 | 18 -0.00356  6.58100e-03
 19 -0.00358  6.09520e-03 | 20 -0.00359  5.59208e-03 | 21 -0.00359  5.06285e-03
 22 -0.00358  4.49715e-03 | 23 -0.00355  3.88421e-03 | 24 -0.00351  3.21531e-03
 25 -0.00346  2.48514e-03 | 26 -0.00340  1.69198e-03 | 27 -0.00331  8.32858e-04
 28 -0.00322 -1.01514e-04 | 29 -0.00310 -1.12259e-03 | 30 -0.00297 -2.22768e-03
 31 -0.00282 -3.38674e-03 | 32 -0.00265 -4.53887e-03 | 33 -0.00246 -5.59028e-03
 34 -0.00225 -6.42014e-03 | 35 -0.00202 -6.89709e-03 | 36 -0.00177 -6.90356e-03
 37 -0.00150 -6.36456e-03 | 38 -0.00120 -5.27981e-03 | 39 -0.00089 -3.76415e-03
 40 -0.00055 -2.08866e-03 | 41 -0.00020 -6.52019e-04 | 42  0.00017  8.02698e-05
 43  0.00054 -2.23191e-04 | 44  0.00091 -1.58071e-03 | 45  0.00127 -3.63182e-03
 46  0.00161 -5.76614e-03 | 47  0.00194 -7.41250e-03 | 48  0.00222 -8.28529e-03
 49  0.00246 -8.45483e-03 | 50  0.00265 -8.18996e-03 | 51  0.00276 -7.73011e-03
 52  0.00280 -7.16605e-03 | 53  0.00276 -6.46749e-03 | 54  0.00266 -5.59698e-03
 55  0.00249 -4.58049e-03 | 56  0.00228 -3.50987e-03 | 57  0.00204 -2.50404e-03
 58  0.00180 -1.59310e-03 | 59  0.00158 -5.84366e-04 | 60  0.00143  9.22833e-04
 61  0.00138  3.43279e-03 | 62  0.00146  7.32774e-03 | 63  0.00171  1.21902e-02
 64  0.00215  1.48902e-02 | 65  0.00278  8.73953e-03 | 66  0.00363 -4.87333e-03
 67  0.00484 -5.12084e-04 | 68  0.00639  1.34084e-02 | 69  0.00810 -2.52813e-03
 70  0.01020  6.20553e-03 | 71  0.01227 -4.67546e-02 | 72  0.01492 -8.35855e-03
 73  0.01730 -4.01249e-02 | 74  0.02023  6.32357e-02 | 75  0.02221  2.62094e-02
 76  0.02369 -6.40038e-03 | 77  0.02452 -3.20751e-02 | 78  0.02488  8.75433e-03
 79  0.02433  2.32118e-02 | 80  0.02287 -4.34368e-03 | 81  0.02076 -5.31033e-02
 82  0.01850 -3.68241e-02 | 83  0.01586 -2.24755e-03 | 84  0.01252 -1.73061e-02
 85  0.00882 -1.05031e-02 | 86  0.00476 -2.55487e-02 | 87  0.00088 -1.36548e-02
 88 -0.00231  3.79380e-02 | 89 -0.00494  1.11373e-02 | 90 -0.00650  4.04761e-03
 91 -0.00738 -2.27554e-02 | 92 -0.00775 -1.58694e-02 | 93 -0.00778  1.85134e-02
 94 -0.00734  1.38264e-02 | 95 -0.00629 -3.52826e-02 | 96 -0.00498 -9.50150e-03
 97 -0.00212  7.24357e-02 | 98  0.00134 -4.95534e-04 | 99  0.00696  6.86457e-02
100  0.00863 -8.15760e-03 |101  0.00857 -5.10461e-02 |102  0.00753 -1.77116e-02
103 -0.00048 -1.55779e-02 |104 -0.00053  1.06687e-02 |105  0.01504 -9.78245e-02
106  0.01138  4.46449e-04 |107 -0.01124 -1.16658e-02 |108  0.00454  2.36296e-02
109  0.06389  5.15448e-02 |110  0.01658  3.12114e-02 |111 -0.02602  6.25077e-02
112 -0.01259 -3.06769e-02 |113  0.00154  5.53350e-02 |114  0.01815  4.73272e-02
115 -0.01422  1.76613e-02 |116 -0.07554  7.95807e-02 |117 -0.09163  3.83758e-02
118 -0.08775  7.43802e-02 |119 -0.04767  2.51052e-02 |120  0.07005  7.05941e-02
121  0.02607  2.70244e-02 |122  0.01362  4.52277e-02 |123 -0.03135  4.19405e-02
124 -0.07164  2.32036e-02 |125 -0.02159  7.91355e-02 |126 -0.01379  1.98915e-02
127 -0.04551  8.70285e-02 |128  0.00659 -3.93095e-02 |129  0.05421  4.29004e-02
130 -0.00710  1.87882e-02 |131  0.07001 -2.39532e-02 |132 -0.00279 -2.13864e-02
133  0.12103 -7.01606e-02 |134 -0.00931  1.33182e-02 |135 -0.05179 -2.67979e-03
136 -0.06135  3.69150e-02 |137 -0.02621  1.90605e-02 |138  0.09319  1.64010e-02
139  0.02686 -1.35148e-02 |140  0.01486 -7.59561e-02 |141 -0.03313 -1.97525e-02
142 -0.01717 -8.37597e-03 |143 -0.00620  6.56682e-03 |144 -0.00041  1.24153e-03
145  0.41427  1.70652e-02 |146  0.30861  1.39612e-02 |147  0.04775 -1.19761e-01
148  0.29464 -2.38157e-02 |149 -0.00504 -3.81862e-02 |150 -0.10424  1.98046e-01
151 -0.47696  8.82339e-03 |152  0.31056 -3.13033e-02 |153  0.04786 -1.09424e-02
154 -0.23213 -1.04170e-02 |155  0.22917  1.22692e-03 |156 -0.11191 -5.58047e-04
157  0.16826 -1.14044e-01 |158  0.25068  9.49985e-02 |159 -0.00197 -2.88320e-02
160 -0.08951 -8.29635e-02 |161  0.10939 -5.40305e-02 |162  0.29637  1.08871e-01
163  0.17195  1.23257e-02 |164  0.24643 -2.99943e-02 |165 -0.34897  1.59691e-03
166  0.24310 -4.01576e-02 |167  0.05252 -4.74386e-02 |168 -0.18670 -1.49655e-01
169  0.19769 -3.80143e-02 |170  0.31592 -1.89257e-02 |171  0.07786  5.20204e-02
172 -0.55353 -3.95748e-04 |173 -0.38362  8.92715e-04 |174  0.23528 -2.80480e-03
175  0.07694 -4.26882e-02 |176 -0.11633 -5.78454e-02 |177  0.05413  3.39555e-02
178  0.11991 -1.55430e-03 |179  0.32266 -9.36254e-02 |180  0.27134  7.56965e-02
181  0.00260 -3.14176e-02 |182 -0.00270  4.72861e-02 |183 -0.15194  1.15774e-02
184 -0.11998 -2.25234e-02 |185  0.01641  3.40082e-02 |186  0.38944 -4.82920e-02
187  0.01233  8.66793e-03 |188 -0.14800  6.52579e-02 |189  0.88177 -1.09487e-01
190 -0.13953  1.39167e-02 |191  0.04076  8.98425e-02 |192  0.03970  2.58986e-02
193  0.01772  5.49304e-05 |194  0.04669  2.68073e-01 |195  0.30827  1.60775e-03
196 -0.46609  1.08584e-02 |197 -0.55769 -2.46908e-03 |198  0.17060  2.56977e-02
199  0.09826  1.59826e-01 |200 -0.26610  7.18288e-02 |
200 variables; iteration 160; function evaluation 218; phase 4
Function value 7.1333955e+03; maximum gradient component mag 2.9302e-01
Var    Value     Gradient |Var    Value     Gradient |Var    Value     Gradient
  1 -0.44075 -1.36502e-01 |  2  0.36616 -6.22862e-02 |  3 -0.14427  1.34825e-01
  4  0.00729 -5.93668e-02 |  5 -0.66168 -6.05296e-03 |  6 -0.62239  2.50180e-01
  7  0.36981  1.79900e-04 |  8 -0.19268  4.25501e-02 |  9  0.05119 -2.32927e-02
 10 -0.56938 -4.00090e-03 | 11 -0.64020  1.44647e-01 | 12 -0.18280  2.93021e-01
 13 -0.00339 -2.45482e-03 | 14 -0.00344 -2.21036e-03 | 15 -0.00348 -1.91434e-03
 16 -0.00352 -1.59210e-03 | 17 -0.00355 -1.26808e-03 | 18 -0.00357 -9.61640e-04
 19 -0.00359 -6.85271e-04 | 20 -0.00360 -4.42591e-04 | 21 -0.00359 -2.27519e-04
 22 -0.00358 -2.51318e-05 | 23 -0.00355  1.85439e-04 | 24 -0.00351  4.25100e-04
 25 -0.00345  7.07257e-04 | 26 -0.00338  1.03080e-03 | 27 -0.00329  1.37779e-03
 28 -0.00319  1.71495e-03 | 29 -0.00307  1.99797e-03 | 30 -0.00293  2.18878e-03
 31 -0.00278  2.29818e-03 | 32 -0.00260  2.43177e-03 | 33 -0.00241  2.78723e-03
 34 -0.00219  3.55207e-03 | 35 -0.00196  4.69631e-03 | 36 -0.00170  5.75881e-03
 37 -0.00143  5.83178e-03 | 38 -0.00115  3.94207e-03 | 39 -0.00085 -1.66398e-04
 40 -0.00054 -5.27402e-03 | 41 -0.00021 -8.82759e-03 | 42  0.00015 -8.54673e-03
 43  0.00054 -4.55216e-03 | 44  0.00093  3.67047e-04 | 45  0.00131  3.23816e-03
 46  0.00167  3.58852e-03 | 47  0.00199  3.17112e-03 | 48  0.00229  3.48128e-03
 49  0.00253  4.46229e-03 | 50  0.00271  5.35732e-03 | 51  0.00283  5.77512e-03
 52  0.00286  5.78533e-03 | 53  0.00282  5.62642e-03 | 54  0.00271  5.53382e-03
 55  0.00254  5.65488e-03 | 56  0.00232  5.91575e-03 | 57  0.00207  5.99239e-03
 58  0.00183  5.62732e-03 | 59  0.00161  4.91556e-03 | 60  0.00145  3.95120e-03
 61  0.00138  2.53278e-03 | 62  0.00143  8.71295e-04 | 63  0.00166 -5.79335e-05
 64  0.00207 -3.73564e-03 | 65  0.00267 -1.58167e-02 | 66  0.00370  1.48041e-02
 67  0.00495  2.88569e-02 | 68  0.00640  1.97084e-02 | 69  0.00803 -1.45474e-02
 70  0.01017  3.89342e-03 | 71  0.01246  2.42363e-04 | 72  0.01495  5.96346e-03
 73  0.01742 -7.23413e-03 | 74  0.01991  4.88441e-03 | 75  0.02208  9.62804e-03
 76  0.02368  2.38901e-03 | 77  0.02464  3.50078e-03 | 78  0.02478  1.31847e-03
 79  0.02412 -3.64397e-03 | 80  0.02289  1.34582e-02 | 81  0.02089 -1.04694e-02
 82  0.01862  5.81466e-03 | 83  0.01582  4.30640e-03 | 84  0.01255  5.85814e-03
 85  0.00882  3.89857e-03 | 86  0.00484  9.32768e-03 | 87  0.00087 -2.51601e-03
 88 -0.00254 -7.07502e-03 | 89 -0.00500  5.67336e-03 | 90 -0.00655  1.01967e-03
 91 -0.00736 -1.01181e-02 | 92 -0.00770  5.69619e-03 | 93 -0.00785  6.70394e-03
 94 -0.00739  5.19670e-03 | 95 -0.00618 -1.97063e-03 | 96 -0.00491  1.37232e-02
 97 -0.00242  2.68667e-03 | 98  0.00128 -7.17802e-03 | 99  0.00666  8.76980e-03
100  0.00862  9.22450e-03 |101  0.00876  2.09449e-02 |102  0.00748  4.31011e-03
103 -0.00054  1.08082e-02 |104 -0.00070  1.65220e-02 |105  0.01528  1.71125e-02
106  0.01118  1.02055e-02 |107 -0.01130  1.40944e-02 |108  0.00439  1.46683e-02
109  0.06364  2.64249e-02 |110  0.01646  2.19222e-02 |111 -0.02630  1.05779e-02
112 -0.01255  2.02912e-02 |113  0.00129  1.83333e-02 |114  0.01793  1.61190e-02
115 -0.01431  1.31671e-02 |116 -0.07580 -6.51095e-04 |117 -0.09176 -3.36755e-03
118 -0.08793 -6.19037e-03 |119 -0.04768 -7.86639e-03 |120  0.07006 -3.09498e-02
121  0.02623 -2.56510e-02 |122  0.01374 -3.77451e-02 |123 -0.03121 -2.79311e-02
124 -0.07148 -2.14990e-02 |125 -0.02153 -3.19924e-02 |126 -0.01357 -2.67279e-02
127 -0.04563 -2.36960e-02 |128  0.00685 -1.40697e-02 |129  0.05416 -1.29243e-02
130 -0.00717 -8.16277e-03 |131  0.06999  3.54256e-03 |132 -0.00281  3.92372e-03
133  0.12105  7.64510e-03 |134 -0.00936  6.83213e-04 |135 -0.05178  5.52050e-04
136 -0.06145 -3.84066e-03 |137 -0.02626 -4.50675e-03 |138  0.09319 -1.95540e-03
139  0.02691 -1.70121e-03 |140  0.01508  1.46016e-03 |141 -0.03306 -1.18042e-03
142 -0.01715 -4.30418e-03 |143 -0.00627 -1.34799e-02 |144 -0.00042 -4.54292e-04
145  0.41464  3.55147e-03 |146  0.30916  2.61168e-02 |147  0.04777  7.35322e-02
148  0.29461 -5.54690e-02 |149 -0.00501  1.99939e-02 |150 -0.10428  1.81649e-02
151 -0.47689 -3.17914e-03 |152  0.31092  2.04554e-03 |153  0.04786 -5.89344e-03
154 -0.23202 -5.53743e-03 |155  0.21515 -2.23631e-04 |156 -0.16214 -8.17896e-04
157  0.16828  1.74785e-02 |158  0.25068 -1.92621e-02 |159 -0.00198  5.09168e-04
160 -0.08950  2.26993e-02 |161  0.10936  2.58875e-02 |162  0.29633 -4.46143e-02
163  0.17193  1.91403e-02 |164  0.24642 -1.90269e-02 |165 -0.34883 -3.20554e-03
166  0.24314  1.06372e-02 |167  0.05251  5.54196e-04 |168 -0.18666  1.23164e-02
169  0.19800  3.60886e-03 |170  0.31599  2.86982e-03 |171  0.07781 -8.57432e-03
172 -0.55173 -2.68181e-04 |173 -0.38381 -1.29547e-03 |174  0.23523  6.15491e-04
175  0.07699 -1.92852e-03 |176 -0.11621  1.28674e-02 |177  0.05398  1.63320e-02
178  0.11990 -5.16675e-03 |179  0.32266 -1.89970e-02 |180  0.27131 -6.92466e-03
181  0.00277  1.07107e-02 |182 -0.00272 -6.31186e-03 |183 -0.15198  1.53278e-02
184 -0.11999  1.18995e-02 |185  0.01642 -1.47843e-03 |186  0.38931  7.59811e-03
187  0.01235 -4.39483e-04 |188 -0.14805 -1.45215e-03 |189  0.88000 -1.03425e-01
190 -0.14851 -3.00492e-02 |191  0.03876  8.14785e-02 |192 -0.01134  2.51241e-03
193 -0.00328 -2.80202e-05 |194  0.04796 -7.62886e-02 |195  0.35737  1.95685e-03
196 -0.50479  2.90570e-03 |197 -0.55771  8.35847e-03 |198  0.17055 -2.59905e-03
199  0.09827  6.97779e-02 |200 -0.26640  2.62911e-02 |
200 variables; iteration 180; function evaluation 250; phase 4
Function value 7.1333953e+03; maximum gradient component mag -4.1632e-01
Var    Value     Gradient |Var    Value     Gradient |Var    Value     Gradient
  1 -0.44074  1.48418e-01 |  2  0.36616  5.24186e-02 |  3 -0.14427 -1.07285e-01
  4  0.00729  5.88148e-02 |  5 -0.66172  6.51060e-03 |  6 -0.62238 -2.40576e-01
  7  0.36981 -9.49946e-03 |  8 -0.19269  7.66752e-03 |  9  0.05120  2.80023e-02
 10 -0.56940 -3.12519e-03 | 11 -0.64019 -1.03011e-01 | 12 -0.18277 -4.16323e-01
 13 -0.00327  2.71969e-02 | 14 -0.00336  1.77968e-02 | 15 -0.00343  9.78371e-03
 16 -0.00349  3.90762e-03 | 17 -0.00354  2.68674e-04 | 18 -0.00357 -1.57290e-03
 19 -0.00359 -2.34449e-03 | 20 -0.00360 -2.71916e-03 | 21 -0.00360 -3.05626e-03
 22 -0.00358 -3.35110e-03 | 23 -0.00355 -3.43944e-03 | 24 -0.00351 -3.36243e-03
 25 -0.00346 -3.63215e-03 | 26 -0.00340 -5.07198e-03 | 27 -0.00332 -8.17489e-03
 28 -0.00324 -1.22982e-02 | 29 -0.00313 -1.53308e-02 | 30 -0.00299 -1.47474e-02
 31 -0.00281 -1.03803e-02 | 32 -0.00262 -6.28893e-03 | 33 -0.00244 -7.51591e-03
 34 -0.00224 -1.29233e-02 | 35 -0.00201 -1.34938e-02 | 36 -0.00172 -3.16135e-03
 37 -0.00140  9.56534e-03 | 38 -0.00110  1.07799e-02 | 39 -0.00082  4.33301e-03
 40 -0.00047  7.61424e-03 | 41 -0.00009  1.59413e-02 | 42  0.00022  5.01105e-03
 43  0.00050 -1.77120e-02 | 44  0.00087 -1.96374e-02 | 45  0.00130 -4.48195e-03
 46  0.00168  1.04561e-03 | 47  0.00199 -2.96901e-03 | 48  0.00228 -4.39849e-03
 49  0.00252 -3.28104e-03 | 50  0.00270 -3.13641e-03 | 51  0.00281 -3.86202e-03
 52  0.00285 -4.53917e-03 | 53  0.00281 -5.09238e-03 | 54  0.00269 -5.68241e-03
 55  0.00252 -5.97964e-03 | 56  0.00230 -5.54127e-03 | 57  0.00206 -5.22482e-03
 58  0.00181 -5.99906e-03 | 59  0.00160 -6.22815e-03 | 60  0.00144 -5.12281e-03
 61  0.00138 -5.70645e-03 | 62  0.00143 -8.94784e-03 | 63  0.00167 -5.55465e-03
 64  0.00210 -3.68685e-03 | 65  0.00277  1.16168e-03 | 66  0.00362 -1.34702e-02
 67  0.00473 -3.20125e-02 | 68  0.00632 -7.08463e-03 | 69  0.00815  4.61599e-03
 70  0.01019  7.07004e-05 | 71  0.01250  1.42277e-03 | 72  0.01494 -4.42762e-03
 73  0.01754  1.00891e-02 | 74  0.01989 -6.75204e-03 | 75  0.02202 -1.11837e-02
 76  0.02370 -2.11222e-03 | 77  0.02464 -2.48855e-03 | 78  0.02481 -8.11059e-04
 79  0.02419  2.77496e-03 | 80  0.02277 -1.62551e-02 | 81  0.02103  1.25580e-02
 82  0.01860 -5.42392e-03 | 83  0.01580 -5.79794e-03 | 84  0.01251 -9.15205e-03
 85  0.00880 -5.16515e-03 | 86  0.00477 -1.16924e-02 | 87  0.00093  5.92547e-03
 88 -0.00244  1.24670e-02 | 89 -0.00504 -9.02079e-03 | 90 -0.00659 -1.47922e-02
 91 -0.00725  1.54491e-02 | 92 -0.00770  2.46216e-04 | 93 -0.00788 -5.78200e-03
 94 -0.00740 -3.13771e-03 | 95 -0.00615 -2.58800e-04 | 96 -0.00503 -2.61729e-02
 97 -0.00245 -1.42491e-02 | 98  0.00139  4.76714e-03 | 99  0.00664 -1.34944e-02
100  0.00861 -1.52970e-02 |101  0.00870 -1.93096e-02 |102  0.00755 -1.11645e-02
103 -0.00055 -2.47301e-02 |104 -0.00066 -8.17516e-03 |105  0.01525 -3.18297e-02
106  0.01124 -1.68110e-02 |107 -0.01131 -2.30711e-02 |108  0.00442 -1.22896e-02
109  0.06371 -1.55252e-02 |110  0.01647 -1.42772e-02 |111 -0.02623 -5.89543e-04
112 -0.01252 -1.09605e-02 |113  0.00133 -1.61689e-02 |114  0.01799 -2.04541e-02
115 -0.01427 -1.82067e-02 |116 -0.07573 -5.89156e-03 |117 -0.09172 -8.99266e-03
118 -0.08788  2.59505e-03 |119 -0.04764  1.85280e-02 |120  0.07008  5.67513e-02
121  0.02619  3.94523e-02 |122  0.01372  3.72580e-02 |123 -0.03127  2.20271e-02
124 -0.07153  1.61561e-02 |125 -0.02158  2.46538e-02 |126 -0.01366  1.71508e-02
127 -0.04564  1.92636e-02 |128  0.00679  1.36272e-02 |129  0.05412  1.99386e-02
130 -0.00714  1.28255e-02 |131  0.06999  8.68867e-03 |132 -0.00280 -1.42606e-03
133  0.12106 -3.22600e-03 |134 -0.00935  2.11985e-03 |135 -0.05178 -1.17809e-03
136 -0.06143  1.57753e-03 |137 -0.02624  2.60886e-03 |138  0.09319  1.11748e-03
139  0.02691 -6.02853e-04 |140  0.01505 -8.30990e-03 |141 -0.03305  5.35505e-04
142 -0.01712  4.11590e-03 |143 -0.00617  1.15125e-02 |144 -0.00041  1.20992e-03
145  0.41455 -1.89982e-02 |146  0.30917 -9.22862e-02 |147  0.04777 -7.41079e-02
148  0.29462  4.05503e-02 |149 -0.00501 -2.12856e-02 |150 -0.10427 -2.02345e-02
151 -0.47683 -1.39409e-03 |152  0.31093  2.66487e-03 |153  0.04783 -2.34378e-03
154 -0.23203 -3.24535e-03 |155  0.21335 -1.56805e-03 |156 -0.15147 -7.61921e-04
157  0.16829 -3.10828e-02 |158  0.25068  3.08929e-02 |159 -0.00199 -1.08167e-02
160 -0.08950 -3.22163e-02 |161  0.10938 -2.91403e-02 |162  0.29634  4.02744e-02
163  0.17196 -1.47220e-02 |164  0.24643  2.83488e-02 |165 -0.34885 -1.93959e-03
166  0.24314  1.82544e-03 |167  0.05251 -9.43775e-03 |168 -0.18665 -3.40398e-02
169  0.19797 -5.37133e-03 |170  0.31598  2.23526e-03 |171  0.07782  6.94799e-03
172 -0.53785  9.85996e-04 |173 -0.38371  3.35980e-03 |174  0.23526  2.44099e-03
175  0.07696  1.18907e-02 |176 -0.11624 -1.04600e-02 |177  0.05400 -1.53098e-02
178  0.11991 -7.50773e-03 |179  0.32265  2.28748e-02 |180  0.27132  6.21774e-03
181  0.00275 -1.01203e-02 |182 -0.00272  4.17103e-03 |183 -0.15197 -2.88065e-02
184 -0.11998 -1.35776e-02 |185  0.01642  1.54334e-03 |186  0.38934 -1.03128e-02
187  0.01236 -1.21890e-03 |188 -0.14805 -1.47552e-02 |189  0.87714  1.30140e-01
190 -0.14211  3.87908e-02 |191  0.03421 -7.04599e-02 |192 -0.04196 -2.15624e-04
193 -0.00169 -8.03988e-05 |194  0.04661  9.28559e-02 |195  0.28319  1.37813e-03
196 -0.53076  8.24913e-05 |197 -0.55786 -1.34270e-02 |198  0.17049 -8.49502e-03
199  0.09836 -2.34072e-01 |200 -0.26689 -1.04839e-01 |
200 variables; iteration 200; function evaluation 285; phase 4
Function value 7.1333952e+03; maximum gradient component mag 2.6228e-01
Var    Value     Gradient |Var    Value     Gradient |Var    Value     Gradient
  1 -0.44075 -4.42559e-02 |  2  0.36617 -4.23040e-02 |  3 -0.14427 -1.02870e-01
  4  0.00729 -5.52209e-02 |  5 -0.66169 -2.27407e-03 |  6 -0.62239 -5.95926e-02
  7  0.36981  3.16054e-02 |  8 -0.19269 -1.26833e-02 |  9  0.05119  9.70048e-03
 10 -0.56938  4.43029e-03 | 11 -0.64019 -1.46712e-02 | 12 -0.18279  1.73617e-01
 13 -0.00344 -1.38611e-02 | 14 -0.00346 -7.01693e-03 | 15 -0.00348 -6.37331e-05
 16 -0.00350  2.84037e-03 | 17 -0.00355 -1.79566e-04 | 18 -0.00360 -6.78900e-03
 19 -0.00364 -1.25267e-02 | 20 -0.00365 -1.43482e-02 | 21 -0.00364 -1.18641e-02
 22 -0.00360 -6.66448e-03 | 23 -0.00356 -1.72683e-03 | 24 -0.00351  2.05946e-04
 25 -0.00346 -6.58957e-04 | 26 -0.00339 -1.94279e-03 | 27 -0.00331 -2.55788e-03
 28 -0.00320 -8.23843e-04 | 29 -0.00305  5.96106e-03 | 30 -0.00290  9.37815e-03
 31 -0.00279 -1.50213e-03 | 32 -0.00262 -4.03813e-03 | 33 -0.00234  1.82495e-02
 34 -0.00213  1.88157e-02 | 35 -0.00198 -2.61492e-03 | 36 -0.00170  5.76031e-03
 37 -0.00142  6.32504e-03 | 38 -0.00115  2.43295e-03 | 39 -0.00085 -3.79875e-04
 40 -0.00060 -2.09117e-02 | 41 -0.00011  1.57618e-02 | 42  0.00022  8.35585e-03
 43  0.00053 -7.65753e-03 | 44  0.00094  7.42835e-04 | 45  0.00134  8.70179e-03
 46  0.00159 -1.62612e-02 | 47  0.00197 -4.81896e-03 | 48  0.00222 -1.24157e-02
 49  0.00251 -4.83706e-04 | 50  0.00270  1.06171e-04 | 51  0.00277 -9.03131e-03
 52  0.00283 -2.43964e-03 | 53  0.00283  6.56179e-03 | 54  0.00271  3.35055e-03
 55  0.00250 -4.26078e-03 | 56  0.00231  1.91608e-03 | 57  0.00206  1.81232e-03
 58  0.00183  4.63552e-03 | 59  0.00161  4.62820e-03 | 60  0.00144  8.77345e-04
 61  0.00139  3.63079e-03 | 62  0.00150  1.51837e-02 | 63  0.00171  1.16668e-02
 64  0.00211  6.33409e-03 | 65  0.00267 -1.64633e-02 | 66  0.00362 -7.13288e-03
 67  0.00487  6.26538e-03 | 68  0.00636  8.20250e-03 | 69  0.00810 -8.98939e-04
 70  0.01016  3.27245e-04 | 71  0.01246 -2.04340e-04 | 72  0.01494  2.33141e-03
 73  0.01743 -7.03234e-03 | 74  0.01991  2.17950e-03 | 75  0.02205  2.75961e-03
 76  0.02367 -1.21120e-03 | 77  0.02463  3.88029e-04 | 78  0.02478 -1.51113e-03
 79  0.02413 -3.94190e-03 | 80  0.02286  6.10138e-03 | 81  0.02092 -5.92598e-03
 82  0.01860 -9.10614e-05 | 83  0.01580  1.17419e-04 | 84  0.01253  3.08075e-04
 85  0.00880  5.25907e-04 | 86  0.00485  1.20959e-02 | 87  0.00082 -1.46683e-02
 88 -0.00249  7.46264e-03 | 89 -0.00503 -1.73239e-03 | 90 -0.00654  3.86532e-03
 91 -0.00736 -7.31936e-03 | 92 -0.00773 -1.82875e-03 | 93 -0.00787  1.08212e-03
 94 -0.00741  3.27758e-04 | 95 -0.00616  2.18902e-03 | 96 -0.00490  1.64395e-02
 97 -0.00243  1.82674e-03 | 98  0.00133  4.35247e-03 | 99  0.00663  1.54537e-03
100  0.00861  6.65809e-03 |101  0.00873  1.17842e-02 |102  0.00752  1.24868e-02
103 -0.00056  3.32863e-03 |104 -0.00072  7.55591e-03 |105  0.01528  1.11561e-02
106  0.01118  2.87806e-03 |107 -0.01129  5.11770e-03 |108  0.00440  6.91107e-04
109  0.06364 -4.52577e-03 |110  0.01646 -2.20194e-03 |111 -0.02629 -8.24170e-03
112 -0.01255 -4.40471e-03 |113  0.00130 -3.57344e-03 |114  0.01795 -1.97736e-03
115 -0.01429  2.82042e-03 |116 -0.07578 -2.51253e-03 |117 -0.09173  1.24668e-03
118 -0.08791 -4.28058e-03 |119 -0.04767 -7.51125e-03 |120  0.07007 -1.50221e-02
121  0.02622 -6.57100e-03 |122  0.01374 -8.87509e-03 |123 -0.03122 -3.63925e-03
124 -0.07149 -3.18648e-03 |125 -0.02154 -4.36364e-03 |126 -0.01360 -2.42064e-03
127 -0.04564 -5.53069e-03 |128  0.00683 -2.29728e-03 |129  0.05413 -8.36419e-03
130 -0.00716 -4.50231e-03 |131  0.06997 -8.78089e-03 |132 -0.00280  4.46359e-04
133  0.12105  1.35061e-03 |134 -0.00936 -3.31467e-04 |135 -0.05178  1.39422e-03
136 -0.06145 -2.89429e-03 |137 -0.02625 -2.06758e-03 |138  0.09319 -1.57624e-03
139  0.02692  5.84470e-05 |140  0.01508  2.61191e-03 |141 -0.03306 -1.50267e-03
142 -0.01714 -2.65940e-03 |143 -0.00624 -4.17480e-03 |144 -0.00042 -3.09862e-04
145  0.41464  1.90838e-02 |146  0.30912  9.87945e-02 |147  0.04778  2.75359e-02
148  0.29462 -1.71040e-02 |149 -0.00501  5.75132e-03 |150 -0.10428 -1.35525e-03
151 -0.47689 -1.35595e-03 |152  0.31090 -3.97594e-04 |153  0.04785 -3.43369e-03
154 -0.23202 -6.27000e-05 |155  0.22023  9.13379e-04 |156 -0.12010 -5.99839e-04
157  0.16828  7.17872e-03 |158  0.25068 -1.33664e-02 |159 -0.00198 -8.45701e-04
160 -0.08950  1.17839e-02 |161  0.10939  1.34111e-02 |162  0.29634 -1.11767e-02
163  0.17193  3.69313e-03 |164  0.24642 -8.69466e-03 |165 -0.34883  1.77843e-03
166  0.24314 -3.18936e-04 |167  0.05251  7.40385e-03 |168 -0.18666  3.13224e-02
169  0.19801  4.13788e-03 |170  0.31598 -1.56600e-03 |171  0.07781 -4.72673e-04
172 -0.55673 -6.48639e-04 |173 -0.38377  2.27964e-04 |174  0.23524 -3.11553e-03
175  0.07698 -4.25174e-03 |176 -0.11622  1.50013e-02 |177  0.05398  6.64897e-04
178  0.11991  3.02188e-03 |179  0.32265  2.43065e-04 |180  0.27131 -5.68730e-03
181  0.00276 -1.31167e-04 |182 -0.00273 -3.69757e-03 |183 -0.15198  8.55729e-03
184 -0.11998  9.22644e-03 |185  0.01644  2.28694e-03 |186  0.38932  4.94381e-03
187  0.01234  2.69973e-03 |188 -0.14803  1.09569e-02 |189  0.87499  3.24884e-02
190 -0.14545 -5.24660e-04 |191  0.03076 -9.53980e-03 |192 -0.06501 -3.21975e-04
193  0.00544 -4.11792e-04 |194  0.04723 -2.54013e-02 |195  0.21041  3.62913e-04
196 -0.54797 -1.13353e-03 |197 -0.55769  1.66774e-02 |198  0.17056  6.76039e-03
199  0.09823  2.62280e-01 |200 -0.26618  1.00253e-01 |
200 variables; iteration 220; function evaluation 319; phase 4
Function value 7.1333951e+03; maximum gradient component mag 1.6876e-01
Var    Value     Gradient |Var    Value     Gradient |Var    Value     Gradient
  1 -0.44075 -3.40748e-02 |  2  0.36616  1.69770e-02 |  3 -0.14427  1.68763e-01
  4  0.00729  4.49284e-02 |  5 -0.66168  5.15533e-03 |  6 -0.62239  1.66295e-01
  7  0.36980 -5.29135e-03 |  8 -0.19268  6.68500e-02 |  9  0.05120  5.86794e-03
 10 -0.56939 -1.79165e-03 | 11 -0.64020  7.90791e-02 | 12 -0.18279  3.74300e-02
 13 -0.00338  7.01443e-05 | 14 -0.00345 -4.17010e-03 | 15 -0.00346  2.35741e-03
 16 -0.00349  5.01631e-03 | 17 -0.00354  1.07860e-03 | 18 -0.00357 -1.01734e-03
 19 -0.00358  1.97274e-03 | 20 -0.00357  4.48941e-03 | 21 -0.00358  2.48386e-03
 22 -0.00358 -6.93637e-04 | 23 -0.00355  4.59325e-04 | 24 -0.00349  3.91280e-03
 25 -0.00344  3.52796e-03 | 26 -0.00339 -7.83981e-04 | 27 -0.00333 -7.50586e-03
 28 -0.00322 -6.83237e-03 | 29 -0.00306  2.42643e-03 | 30 -0.00294 -1.48253e-03
 31 -0.00278 -4.86992e-04 | 32 -0.00261 -1.45956e-03 | 33 -0.00242 -2.76389e-03
 34 -0.00222 -4.53811e-03 | 35 -0.00195  5.79777e-03 | 36 -0.00173 -3.66421e-03
 37 -0.00145 -1.49876e-03 | 38 -0.00117 -3.47136e-03 | 39 -0.00084  1.79345e-03
 40 -0.00049  6.97342e-03 | 41 -0.00018 -2.23247e-03 | 42  0.00018 -3.48416e-03
 43  0.00057  1.36296e-03 | 44  0.00095  2.61302e-03 | 45  0.00133  5.78502e-03
 46  0.00168  4.45462e-03 | 47  0.00199 -7.18588e-04 | 48  0.00229  2.64500e-03
 49  0.00255  8.13769e-03 | 50  0.00269 -3.32183e-03 | 51  0.00283  4.63269e-03
 52  0.00284 -6.08554e-04 | 53  0.00282  2.09630e-03 | 54  0.00268 -4.05962e-03
 55  0.00254  4.03301e-03 | 56  0.00229 -3.29138e-03 | 57  0.00204 -4.62998e-03
 58  0.00181 -1.56340e-03 | 59  0.00160 -7.57970e-05 | 60  0.00144 -9.64212e-04
 61  0.00138 -9.14848e-04 | 62  0.00144  7.92190e-05 | 63  0.00166 -2.08382e-03
 64  0.00210  1.42718e-03 | 65  0.00276  4.55538e-03 | 66  0.00367  3.99493e-03
 67  0.00485  3.50452e-04 | 68  0.00632 -2.95365e-03 | 69  0.00811  1.36549e-04
 70  0.01017  6.87168e-04 | 71  0.01247  2.75227e-04 | 72  0.01494 -2.27065e-04
 73  0.01748  2.02815e-03 | 74  0.01990  2.81683e-04 | 75  0.02205  2.45245e-04
 76  0.02369  5.63837e-04 | 77  0.02464  4.83445e-04 | 78  0.02479  9.17993e-04
 79  0.02416  2.46405e-04 | 80  0.02283 -1.42496e-03 | 81  0.02096  5.17315e-04
 82  0.01861  3.01341e-04 | 83  0.01581 -2.46257e-04 | 84  0.01254  4.11093e-04
 85  0.00881 -5.66999e-04 | 86  0.00479 -3.90243e-03 | 87  0.00091  3.43073e-03
 88 -0.00251 -2.57236e-03 | 89 -0.00501  7.60008e-04 | 90 -0.00655 -1.20761e-03
 91 -0.00731  1.01199e-03 | 92 -0.00771 -2.73499e-04 | 93 -0.00787 -6.77563e-04
 94 -0.00740 -3.87468e-04 | 95 -0.00616 -1.18016e-03 | 96 -0.00496 -4.66457e-03
 97 -0.00241 -1.94372e-04 | 98  0.00132 -4.44955e-03 | 99  0.00665 -3.15301e-03
100  0.00862 -2.19468e-03 |101  0.00872 -3.97449e-03 |102  0.00751 -5.87498e-03
103 -0.00053 -3.62602e-03 |104 -0.00071 -5.14674e-03 |105  0.01527 -5.88573e-03
106  0.01120 -6.18160e-03 |107 -0.01130 -4.67130e-03 |108  0.00439 -3.73032e-03
109  0.06365 -3.20936e-03 |110  0.01644 -1.62999e-03 |111 -0.02629  5.52818e-05
112 -0.01256  4.77773e-05 |113  0.00128 -4.30890e-04 |114  0.01793  4.13599e-04
115 -0.01432  5.24628e-04 |116 -0.07579  8.47055e-04 |117 -0.09176  4.24592e-04
118 -0.08792  1.64400e-03 |119 -0.04768  6.78141e-03 |120  0.07007  2.02387e-02
121  0.02622  1.26127e-02 |122  0.01376  7.99681e-03 |123 -0.03121  3.31293e-03
124 -0.07147  1.77882e-03 |125 -0.02151  2.89257e-03 |126 -0.01357  6.46195e-04
127 -0.04560  2.85539e-04 |128  0.00685  1.40268e-04 |129  0.05416  7.83165e-04
130 -0.00715 -3.87544e-04 |131  0.06998  1.54140e-03 |132 -0.00281 -1.70662e-04
133  0.12105 -8.51670e-04 |134 -0.00936 -3.30841e-04 |135 -0.05178 -1.05939e-05
136 -0.06144 -1.53677e-04 |137 -0.02625 -5.68107e-04 |138  0.09319 -7.01408e-04
139  0.02691 -1.03748e-03 |140  0.01507 -9.15861e-04 |141 -0.03305 -1.02737e-04
142 -0.01713  1.89632e-04 |143 -0.00622  8.22993e-04 |144 -0.00039  6.62079e-03
145  0.41463 -7.29254e-03 |146  0.30918 -3.80960e-02 |147  0.04776 -8.51564e-03
148  0.29461 -2.98376e-03 |149 -0.00500 -2.75877e-03 |150 -0.10428 -5.38916e-03
151 -0.47691 -5.38077e-04 |152  0.31089 -7.23478e-04 |153  0.04787  6.48709e-04
154 -0.23202 -1.33720e-03 |155  0.23091  1.26669e-03 |156 -0.07644 -3.79055e-04
157  0.16827  1.12514e-03 |158  0.25068 -3.55473e-03 |159 -0.00198 -4.76381e-04
160 -0.08951 -1.11741e-02 |161  0.10934 -4.35087e-03 |162  0.29633 -1.76912e-04
163  0.17192 -1.67538e-03 |164  0.24642  2.98470e-03 |165 -0.34884  2.72167e-04
166  0.24314 -1.82320e-03 |167  0.05251  1.41216e-03 |168 -0.18666 -7.20636e-03
169  0.19796  3.00834e-05 |170  0.31598  4.84872e-04 |171  0.07782  5.35390e-06
172 -0.55154 -2.51152e-04 |173 -0.38379 -1.97291e-04 |174  0.23523  2.55640e-03
175  0.07699  1.79057e-03 |176 -0.11622 -3.91413e-03 |177  0.05399 -9.06125e-04
178  0.11990  1.48155e-04 |179  0.32266  3.77855e-03 |180  0.27131  2.18890e-03
181  0.00276 -8.29725e-04 |182 -0.00272  2.64714e-03 |183 -0.15198 -8.90908e-03
184 -0.11999 -1.24193e-03 |185  0.01642  2.10978e-03 |186  0.38930 -1.57206e-03
187  0.01235  5.63804e-04 |188 -0.14805 -2.74725e-03 |189  0.87449 -6.62129e-02
190 -0.14866  2.62841e-03 |191  0.02991  4.78931e-02 |192 -0.04700 -2.30970e-04
193  0.01647 -8.56688e-04 |194  0.04807  7.21911e-03 |195  0.17777 -5.15694e-04
196 -0.53231  9.84149e-06 |197 -0.55782 -6.38884e-03 |198  0.17051 -5.06496e-03
199  0.09831 -9.98024e-02 |200 -0.26661 -3.91658e-02 |
200 variables; iteration 240; function evaluation 353; phase 4
Function value 7.1333951e+03; maximum gradient component mag 3.1473e-01
Var    Value     Gradient |Var    Value     Gradient |Var    Value     Gradient
  1 -0.44075 -1.59481e-01 |  2  0.36616 -2.13920e-02 |  3 -0.14427  7.89013e-02
  4  0.00729 -1.91106e-02 |  5 -0.66167  3.91271e-03 |  6 -0.62239  1.62951e-01
  7  0.36980  1.45240e-02 |  8 -0.19268  8.49783e-02 |  9  0.05120  7.74230e-03
 10 -0.56938  5.20632e-03 | 11 -0.64020  1.22679e-01 | 12 -0.18279  3.14734e-01
 13 -0.00336  5.91692e-03 | 14 -0.00343  2.39038e-04 | 15 -0.00350 -6.36684e-03
 16 -0.00351  4.52652e-04 | 17 -0.00356 -4.24592e-03 | 18 -0.00358 -1.43107e-03
 19 -0.00359  7.24494e-04 | 20 -0.00363 -7.48083e-03 | 21 -0.00360 -1.10159e-03
 22 -0.00358  3.90591e-04 | 23 -0.00357 -4.09540e-03 | 24 -0.00351 -1.36029e-04
 25 -0.00348 -6.16515e-03 | 26 -0.00340 -2.71349e-03 | 27 -0.00325  1.37016e-02
 28 -0.00315  1.15317e-02 | 29 -0.00310 -5.45373e-03 | 30 -0.00293  3.24022e-03
 31 -0.00279 -9.09982e-04 | 32 -0.00262 -6.87244e-04 | 33 -0.00243 -1.87703e-03
 34 -0.00218  6.68251e-03 | 35 -0.00196  3.59024e-03 | 36 -0.00170  6.30577e-03
 37 -0.00143  5.65855e-03 | 38 -0.00115  4.23740e-03 | 39 -0.00087 -3.96474e-03
 40 -0.00053 -1.08597e-03 | 41 -0.00016  4.64406e-03 | 42  0.00021  7.25878e-03
 43  0.00056  5.72836e-04 | 44  0.00092 -2.83340e-03 | 45  0.00128 -4.51259e-03
 46  0.00163 -4.45583e-03 | 47  0.00198  1.34369e-03 | 48  0.00229  5.57473e-03
 49  0.00251  1.63034e-04 | 50  0.00270  2.29348e-03 | 51  0.00282  4.71899e-03
 52  0.00285  2.47261e-03 | 53  0.00282  6.38219e-03 | 54  0.00271  4.87629e-03
 55  0.00250 -4.28109e-03 | 56  0.00230  7.97304e-04 | 57  0.00209  9.43392e-03
 58  0.00182  2.74377e-03 | 59  0.00159 -3.55024e-04 | 60  0.00146  7.78222e-03
 61  0.00139  5.84863e-03 | 62  0.00145  4.88376e-03 | 63  0.00168  4.44105e-03
 64  0.00209  3.22171e-03 | 65  0.00272 -2.55099e-03 | 66  0.00364 -1.69706e-03
 67  0.00485  4.24674e-03 | 68  0.00636  1.05354e-02 | 69  0.00811  4.16158e-03
 70  0.01017  3.50867e-03 | 71  0.01247  4.15068e-03 | 72  0.01495  4.23056e-03
 73  0.01746  1.11895e-03 | 74  0.01991  3.28884e-03 | 75  0.02205  3.19435e-03
 76  0.02368  2.11057e-03 | 77  0.02463  2.31759e-03 | 78  0.02478  1.09734e-03
 79  0.02415  8.22281e-04 | 80  0.02284  2.84355e-03 | 81  0.02094 -4.91731e-04
 82  0.01860  1.85986e-05 | 83  0.01580 -4.92991e-05 | 84  0.01252 -8.85065e-04
 85  0.00880 -5.37780e-04 | 86  0.00483  6.10852e-03 | 87  0.00088 -1.28184e-03
 88 -0.00249  5.28499e-03 | 89 -0.00503 -2.25932e-04 | 90 -0.00654  3.04371e-03
 91 -0.00733 -5.08214e-04 | 92 -0.00771  1.80345e-03 | 93 -0.00787  2.51922e-03
 94 -0.00740  2.38030e-03 | 95 -0.00616  4.11037e-03 | 96 -0.00492  9.96291e-03
 97 -0.00242  3.21101e-03 | 98  0.00134  6.68073e-03 | 99  0.00665  6.11565e-03
100  0.00862  6.89009e-03 |101  0.00872  9.47278e-03 |102  0.00752  1.12670e-02
103 -0.00055  5.84629e-03 |104 -0.00070  1.17003e-02 |105  0.01526  8.07305e-03
106  0.01120  8.45838e-03 |107 -0.01130  7.61460e-03 |108  0.00440  8.64105e-03
109  0.06363  7.96284e-03 |110  0.01645  6.47624e-03 |111 -0.02630  1.10640e-03
112 -0.01258  2.31279e-04 |113  0.00128  1.67789e-03 |114  0.01792  3.73400e-04
115 -0.01433  2.15066e-03 |116 -0.07580 -8.76418e-04 |117 -0.09177 -1.86078e-03
118 -0.08794 -5.07277e-03 |119 -0.04770 -1.09444e-02 |120  0.07005 -2.98740e-02
121  0.02622 -1.93257e-02 |122  0.01376 -1.66909e-02 |123 -0.03120 -9.18805e-03
124 -0.07146 -6.09343e-03 |125 -0.02150 -5.76918e-03 |126 -0.01355 -3.32424e-03
127 -0.04559 -1.91397e-03 |128  0.00687 -6.35657e-04 |129  0.05416 -1.83225e-03
130 -0.00714  6.06680e-04 |131  0.06997 -3.64089e-03 |132 -0.00281  5.34391e-04
133  0.12104 -3.33008e-04 |134 -0.00936  3.05805e-04 |135 -0.05178  8.99607e-04
136 -0.06144 -2.30316e-04 |137 -0.02625 -3.64593e-04 |138  0.09319  6.69847e-05
139  0.02692  1.84466e-04 |140  0.01508  7.00103e-04 |141 -0.03306 -9.57143e-04
142 -0.01714 -1.49082e-03 |143 -0.00622  1.87767e-04 |144 -0.00047 -1.43792e-02
145  0.41465  1.19127e-02 |146  0.30912  6.70222e-02 |147  0.04776  1.75798e-02
148  0.29461 -6.13918e-03 |149 -0.00501  5.61478e-03 |150 -0.10428  1.73831e-02
151 -0.47689 -7.21439e-04 |152  0.31092 -1.30579e-04 |153  0.04786 -2.52513e-03
154 -0.23201  1.71821e-04 |155  0.23177  1.29020e-03 |156 -0.05284 -2.61383e-04
157  0.16827  3.43790e-03 |158  0.25068 -6.82959e-03 |159 -0.00198 -1.03134e-03
160 -0.08951  1.13005e-02 |161  0.10935  8.88309e-03 |162  0.29633 -3.99234e-03
163  0.17192  5.93489e-03 |164  0.24642 -8.26991e-03 |165 -0.34883  1.23875e-03
166  0.24314 -7.44584e-04 |167  0.05251  1.60207e-03 |168 -0.18667  1.18086e-02
169  0.19796  1.98891e-03 |170  0.31598 -7.48564e-04 |171  0.07782 -4.87915e-04
172 -0.53869  8.99459e-04 |173 -0.38381  3.49399e-04 |174  0.23522 -2.54988e-03
175  0.07700 -3.21018e-03 |176 -0.11622  4.33350e-03 |177  0.05398  6.82702e-03
178  0.11990  5.51049e-04 |179  0.32266 -9.91903e-03 |180  0.27131 -1.06671e-03
181  0.00277  2.65498e-03 |182 -0.00272 -7.63333e-04 |183 -0.15198  1.11846e-02
184 -0.11999  7.44060e-03 |185  0.01641 -6.59889e-04 |186  0.38929  1.66787e-03
187  0.01236  1.12604e-03 |188 -0.14805  6.14684e-03 |189  0.87314 -7.23304e-02
190 -0.15077 -7.38833e-03 |191  0.02754  4.95050e-02 |192 -0.04501 -2.01162e-04
193  0.02304 -6.81725e-04 |194  0.04860 -1.70654e-02 |195  0.18156 -2.22701e-04
196 -0.53029  1.86134e-04 |197 -0.55771  1.14052e-02 |198  0.17056  5.81028e-03
199  0.09825  1.81047e-01 |200 -0.26628  6.79204e-02 |
200 variables; iteration 260; function evaluation 388; phase 4
Function value 7.1333950e+03; maximum gradient component mag -1.9762e-02
Var    Value     Gradient |Var    Value     Gradient |Var    Value     Gradient
  1 -0.44075 -4.44870e-03 |  2  0.36616  4.03700e-03 |  3 -0.14427  1.62356e-02
  4  0.00729  6.38272e-03 |  5 -0.66168  9.14057e-04 |  6 -0.62239  1.97189e-02
  7  0.36980 -2.34988e-03 |  8 -0.19268 -1.80541e-03 |  9  0.05120 -2.43954e-03
 10 -0.56939 -1.35791e-03 | 11 -0.64020  6.50533e-03 | 12 -0.18279  1.87799e-03
 13 -0.00339 -1.73390e-03 | 14 -0.00343 -2.90820e-05 | 15 -0.00347  2.08008e-03
 16 -0.00351 -3.72039e-04 | 17 -0.00353  3.17008e-03 | 18 -0.00357 -4.22816e-04
 19 -0.00358  4.69359e-04 | 20 -0.00360 -3.43009e-03 | 21 -0.00356  7.06104e-03
 22 -0.00359 -3.27702e-03 | 23 -0.00355  2.74896e-04 | 24 -0.00351 -2.64490e-04
 25 -0.00346 -2.49777e-03 | 26 -0.00338  3.00532e-04 | 27 -0.00330 -3.47350e-04
 28 -0.00320 -5.87139e-04 | 29 -0.00307  4.04024e-04 | 30 -0.00293  6.17636e-04
 31 -0.00278 -3.65596e-04 | 32 -0.00260  8.85521e-04 | 33 -0.00241  2.49413e-04
 34 -0.00220  5.11277e-04 | 35 -0.00197 -3.40771e-04 | 36 -0.00172 -5.36339e-04
 37 -0.00145 -5.98582e-04 | 38 -0.00115  3.25588e-04 | 39 -0.00084  9.24567e-04
 40 -0.00051  7.97291e-04 | 41 -0.00017  3.26584e-04 | 42  0.00019 -2.45250e-04
 43  0.00057  3.39619e-04 | 44  0.00094  1.12534e-03 | 45  0.00131  8.59682e-04
 46  0.00166  6.51455e-04 | 47  0.00199  9.41698e-05 | 48  0.00228 -1.24757e-03
 49  0.00252 -1.12901e-03 | 50  0.00270 -8.15535e-04 | 51  0.00281 -6.29524e-04
 52  0.00285  4.42010e-05 | 53  0.00281 -2.87556e-05 | 54  0.00270 -3.59109e-04
 55  0.00253  3.99032e-04 | 56  0.00230 -1.96657e-03 | 57  0.00207  1.05504e-03
 58  0.00184  4.12533e-03 | 59  0.00160  8.64941e-05 | 60  0.00145  1.36852e-03
 61  0.00137 -2.42289e-03 | 62  0.00144 -3.89128e-04 | 63  0.00167  5.21655e-04
 64  0.00210  6.46347e-04 | 65  0.00275  9.20857e-04 | 66  0.00366  6.17346e-04
 67  0.00485  1.02816e-04 | 68  0.00633 -7.35643e-04 | 69  0.00811  4.07947e-04
 70  0.01017  4.13749e-04 | 71  0.01247  5.05205e-04 | 72  0.01494  4.32618e-04
 73  0.01747  6.10193e-04 | 74  0.01991  3.63402e-04 | 75  0.02205  2.07172e-04
 76  0.02369  7.52505e-04 | 77  0.02463  2.85605e-04 | 78  0.02479  2.86880e-04
 79  0.02416  9.80690e-04 | 80  0.02284  2.46821e-04 | 81  0.02096  5.32721e-04
 82  0.01861 -4.79190e-05 | 83  0.01581  7.86051e-05 | 84  0.01253 -5.19020e-05
 85  0.00881  3.93262e-04 | 86  0.00480 -1.07920e-03 | 87  0.00089 -5.34756e-04
 88 -0.00251 -7.77293e-04 | 89 -0.00502  4.19480e-04 | 90 -0.00655 -9.23837e-05
 91 -0.00732  6.13755e-04 | 92 -0.00771  3.07156e-04 | 93 -0.00787  4.52070e-04
 94 -0.00740  4.28572e-04 | 95 -0.00616  2.02075e-04 | 96 -0.00495 -4.46703e-04
 97 -0.00242  4.51192e-04 | 98  0.00134  8.33476e-05 | 99  0.00665  4.34695e-04
100  0.00862 -1.59869e-04 |101  0.00872 -1.49788e-04 |102  0.00752  4.59586e-04
103 -0.00053  7.36458e-05 |104 -0.00071 -7.85976e-04 |105  0.01528  4.23082e-04
106  0.01120 -5.56360e-04 |107 -0.01130  5.12968e-05 |108  0.00440  9.06083e-04
109  0.06365 -2.24826e-04 |110  0.01645  4.03363e-04 |111 -0.02629  3.20885e-04
112 -0.01257 -9.99213e-04 |113  0.00129 -4.35369e-04 |114  0.01793 -5.76518e-04
115 -0.01432 -6.14787e-04 |116 -0.07579 -2.57642e-04 |117 -0.09176 -9.78401e-04
118 -0.08792 -1.81469e-03 |119 -0.04768 -1.85246e-03 |120  0.07007 -5.47227e-05
121  0.02622 -8.82729e-04 |122  0.01376 -2.70136e-03 |123 -0.03120 -1.57249e-03
124 -0.07147 -5.31074e-05 |125 -0.02151 -3.01455e-04 |126 -0.01357 -1.03100e-04
127 -0.04560  8.93046e-05 |128  0.00685  9.26799e-04 |129  0.05416  1.33236e-03
130 -0.00714  1.62012e-03 |131  0.06998  3.77138e-04 |132 -0.00281  1.78537e-04
133  0.12105  9.15249e-05 |134 -0.00936  3.62975e-04 |135 -0.05178  6.74247e-06
136 -0.06144 -7.99112e-05 |137 -0.02624 -1.91989e-04 |138  0.09319 -4.09130e-04
139  0.02692 -1.97575e-05 |140  0.01507 -8.55328e-04 |141 -0.03305  1.74762e-04
142 -0.01714 -6.18963e-04 |143 -0.00622  3.51114e-04 |144 -0.00041  3.33777e-04
145  0.41463 -1.59248e-03 |146  0.30916 -7.00485e-03 |147  0.04776 -1.58553e-03
148  0.29461  1.93315e-03 |149 -0.00500 -1.61476e-04 |150 -0.10428 -5.76193e-06
151 -0.47690  2.30648e-04 |152  0.31090 -1.33458e-03 |153  0.04786  5.75061e-04
154 -0.23202 -4.12417e-04 |155  0.22801 -1.10884e-03 |156 -0.01302  6.26207e-04
157  0.16827  1.59962e-03 |158  0.25068 -3.81315e-03 |159 -0.00198 -6.25219e-04
160 -0.08951 -1.95261e-03 |161  0.10934 -4.16993e-04 |162  0.29633  2.53475e-04
163  0.17192 -3.82563e-04 |164  0.24642  5.63977e-04 |165 -0.34884  2.61682e-04
166  0.24314 -1.45933e-03 |167  0.05251  1.04085e-03 |168 -0.18666 -1.29900e-03
169  0.19795 -2.96622e-04 |170  0.31598  7.44971e-05 |171  0.07782 -8.93611e-04
172 -0.54811  3.05838e-05 |173 -0.38381 -6.47255e-04 |174  0.23522  6.15549e-04
175  0.07700  7.48596e-04 |176 -0.11622 -2.72033e-03 |177  0.05398  3.89958e-04
178  0.11990 -1.54478e-05 |179  0.32266  5.60745e-04 |180  0.27131  1.10119e-03
181  0.00277  1.84585e-04 |182 -0.00272  1.64172e-04 |183 -0.15198  1.27700e-03
184 -0.11999 -6.75797e-05 |185  0.01642  1.24027e-03 |186  0.38930  8.26434e-04
187  0.01235 -3.12221e-04 |188 -0.14805 -8.46838e-04 |189  0.87025  4.09464e-03
190 -0.14917 -2.04208e-04 |191  0.02217  5.82316e-03 |192 -0.04926 -2.42350e-04
193  0.04047 -4.58741e-04 |194  0.04821 -4.51975e-04 |195  0.17940  2.70012e-05
196 -0.53456 -1.70355e-04 |197 -0.55778 -1.13282e-03 |198  0.17053 -1.22959e-03
199  0.09829 -1.97619e-02 |200 -0.26650 -6.62420e-03 |
200 variables; iteration 280; function evaluation 414; phase 4
Function value 7.1333949e+03; maximum gradient component mag 3.2960e-01
Var    Value     Gradient |Var    Value     Gradient |Var    Value     Gradient
  1 -0.44075 -1.46865e-01 |  2  0.36616  1.14247e-02 |  3 -0.14427  2.88027e-01
  4  0.00729  4.25929e-02 |  5 -0.66168  6.50939e-03 |  6 -0.62239  3.29604e-01
  7  0.36980  2.73134e-03 |  8 -0.19268  1.32565e-01 |  9  0.05120  1.03864e-02
 10 -0.56939  1.70904e-03 | 11 -0.64020  1.77574e-01 | 12 -0.18279  2.68221e-01
 13 -0.00339 -1.18878e-03 | 14 -0.00343  5.11952e-04 | 15 -0.00348  1.86662e-04
 16 -0.00351  2.26583e-04 | 17 -0.00354  1.59455e-03 | 18 -0.00357  2.51467e-04
 19 -0.00358  2.44604e-03 | 20 -0.00360 -1.19855e-03 | 21 -0.00359  1.23240e-03
 22 -0.00358 -8.14160e-04 | 23 -0.00355  8.34194e-04 | 24 -0.00351  5.25236e-04
 25 -0.00345  6.06683e-04 | 26 -0.00338  2.34127e-03 | 27 -0.00329  3.76962e-03
 28 -0.00319  2.81613e-03 | 29 -0.00307  1.53836e-03 | 30 -0.00293  3.12145e-03
 31 -0.00279 -7.66118e-06 | 32 -0.00260  2.13186e-03 | 33 -0.00241  2.71034e-03
 34 -0.00219  5.05109e-03 | 35 -0.00197  1.10331e-03 | 36 -0.00172  1.03990e-03
 37 -0.00145  9.47368e-04 | 38 -0.00115  2.94908e-03 | 39 -0.00084  2.82497e-03
 40 -0.00051  2.06955e-03 | 41 -0.00016  3.41694e-03 | 42  0.00020  2.80626e-03
 43  0.00056  1.64934e-03 | 44  0.00094  3.65699e-03 | 45  0.00130  1.94248e-03
 46  0.00165 -1.96036e-04 | 47  0.00199  2.71936e-03 | 48  0.00228  1.47196e-03
 49  0.00251  8.62117e-04 | 50  0.00270  1.69113e-03 | 51  0.00281  1.61967e-03
 52  0.00285  2.26651e-03 | 53  0.00281  3.57510e-03 | 54  0.00270  2.94582e-03
 55  0.00252  2.67161e-03 | 56  0.00230  2.40112e-03 | 57  0.00207  4.97854e-03
 58  0.00183  6.50332e-03 | 59  0.00160  3.08953e-03 | 60  0.00145  4.04325e-03
 61  0.00138  3.46430e-03 | 62  0.00145  4.41376e-03 | 63  0.00168  5.48518e-03
 64  0.00210  4.57290e-03 | 65  0.00274  2.77073e-03 | 66  0.00366  3.45908e-03
 67  0.00485  3.34643e-03 | 68  0.00632  1.65641e-03 | 69  0.00811  3.02054e-03
 70  0.01017  3.39775e-03 | 71  0.01247  3.24479e-03 | 72  0.01494  3.20784e-03
 73  0.01747  3.22951e-03 | 74  0.01990  3.18939e-03 | 75  0.02205  3.20305e-03
 76  0.02369  3.11650e-03 | 77  0.02463  2.61250e-03 | 78  0.02479  2.57936e-03
 79  0.02416  2.29319e-03 | 80  0.02284  1.87110e-03 | 81  0.02095  1.50481e-03
 82  0.01861  1.83156e-03 | 83  0.01581  1.14182e-03 | 84  0.01254  1.36111e-03
 85  0.00881  1.48512e-03 | 86  0.00481  2.98203e-04 | 87  0.00088 -2.15167e-03
 88 -0.00250  1.44634e-03 | 89 -0.00502  5.51583e-04 | 90 -0.00655  2.02259e-04
 91 -0.00732  4.07385e-04 | 92 -0.00771  2.10955e-04 | 93 -0.00787  4.27379e-04
 94 -0.00740  3.24334e-04 | 95 -0.00616  8.51311e-05 | 96 -0.00495  2.00701e-04
 97 -0.00242  7.08663e-04 | 98  0.00134  6.94602e-04 | 99  0.00665  3.92001e-04
100  0.00862  4.76909e-04 |101  0.00872  5.00578e-05 |102  0.00751 -9.05089e-05
103 -0.00053  1.24707e-04 |104 -0.00072 -8.16549e-04 |105  0.01527  3.82966e-04
106  0.01120 -9.95561e-04 |107 -0.01130  3.06678e-05 |108  0.00440  8.80663e-04
109  0.06365  1.22838e-03 |110  0.01644  1.58619e-03 |111 -0.02629  1.03686e-03
112 -0.01257  6.23416e-04 |113  0.00128  1.52266e-03 |114  0.01793  1.69101e-03
115 -0.01432  1.32298e-03 |116 -0.07579  8.88670e-04 |117 -0.09176  4.00461e-04
118 -0.08793  6.53494e-05 |119 -0.04768  1.20748e-04 |120  0.07007  1.73744e-03
121  0.02622  6.40727e-04 |122  0.01376 -1.25183e-03 |123 -0.03120 -8.49536e-04
124 -0.07147 -5.90505e-04 |125 -0.02150 -8.54600e-05 |126 -0.01356 -5.78961e-04
127 -0.04560 -3.82688e-04 |128  0.00686 -1.16723e-04 |129  0.05416  4.30205e-04
130 -0.00715  6.91833e-05 |131  0.06998  1.28440e-04 |132 -0.00281  7.53522e-05
133  0.12105 -9.17323e-04 |134 -0.00936  1.38924e-04 |135 -0.05178  3.47757e-04
136 -0.06144 -1.75926e-04 |137 -0.02625 -4.99756e-04 |138  0.09319 -1.23987e-04
139  0.02692 -5.31887e-04 |140  0.01507 -6.84465e-04 |141 -0.03305 -1.08394e-04
142 -0.01713 -2.36552e-04 |143 -0.00622  4.49288e-04 |144 -0.00042 -1.63308e-03
145  0.41464 -3.90164e-04 |146  0.30916 -4.34414e-03 |147  0.04776  5.45099e-04
148  0.29461 -9.48174e-04 |149 -0.00501 -5.77074e-05 |150 -0.10428  9.69583e-04
151 -0.47690  1.12256e-04 |152  0.31090 -1.00754e-03 |153  0.04786  6.22759e-04
154 -0.23201 -6.83262e-04 |155  0.22387  7.96674e-04 |156 -0.04115 -1.25321e-04
157  0.16827  3.76050e-04 |158  0.25068 -6.10879e-04 |159 -0.00198 -2.26077e-04
160 -0.08951 -1.76593e-03 |161  0.10934  4.13487e-05 |162  0.29633  8.03251e-06
163  0.17192  5.58487e-04 |164  0.24642 -7.49711e-04 |165 -0.34884 -3.66044e-04
166  0.24314 -2.07303e-04 |167  0.05251 -6.89448e-05 |168 -0.18666 -1.74742e-03
169  0.19795 -4.11277e-04 |170  0.31598  1.51366e-04 |171  0.07782 -3.98844e-04
172 -0.54506  2.96453e-04 |173 -0.38380 -2.42919e-04 |174  0.23523  1.13916e-03
175  0.07700  5.85902e-04 |176 -0.11622  8.05245e-05 |177  0.05398  2.64547e-04
178  0.11990  6.02175e-04 |179  0.32266 -9.89736e-04 |180  0.27131  1.10004e-04
181  0.00277 -1.24980e-03 |182 -0.00272  3.86649e-04 |183 -0.15198 -8.74584e-03
184 -0.11999 -1.02231e-03 |185  0.01642  1.75983e-03 |186  0.38930  1.02550e-04
187  0.01235  6.28507e-04 |188 -0.14805  8.85553e-04 |189  0.86261 -2.19394e-01
190 -0.14943 -1.19664e-03 |191  0.00565  9.57767e-02 |192 -0.05031 -2.47600e-04
193  0.13972  6.03494e-04 |194  0.04826 -2.49164e-03 |195  0.14426  2.25844e-06
196 -0.53656 -3.20010e-04 |197 -0.55778 -6.57993e-04 |198  0.17053 -1.06941e-03
199  0.09829 -1.08624e-02 |200 -0.26650 -4.05600e-03 |
200 variables; iteration 300; function evaluation 435; phase 4
Function value 7.1333948e+03; maximum gradient component mag 5.0944e-01
Var    Value     Gradient |Var    Value     Gradient |Var    Value     Gradient
  1 -0.44075 -2.61943e-01 |  2  0.36616  8.53403e-03 |  3 -0.14427  3.90388e-01
  4  0.00729  4.83329e-02 |  5 -0.66168  8.20010e-03 |  6 -0.62239  4.67582e-01
  7  0.36981  2.41620e-02 |  8 -0.19268  2.21536e-01 |  9  0.05119  3.12630e-02
 10 -0.56939  4.31179e-03 | 11 -0.64020  2.78670e-01 | 12 -0.18280  5.09438e-01
 13 -0.00339 -1.43541e-04 | 14 -0.00344 -7.85172e-04 | 15 -0.00349 -2.51927e-03
 16 -0.00352  3.07087e-04 | 17 -0.00355  1.05121e-03 | 18 -0.00357  2.42600e-03
 19 -0.00358  2.59880e-03 | 20 -0.00362 -5.86959e-03 | 21 -0.00359  1.26686e-03
 22 -0.00360 -4.84699e-03 | 23 -0.00356 -1.02004e-04 | 24 -0.00352 -2.09965e-03
 25 -0.00348 -4.14372e-03 | 26 -0.00340 -1.15994e-03 | 27 -0.00326  1.16158e-02
 28 -0.00312  2.13783e-02 | 29 -0.00307  3.41250e-03 | 30 -0.00295 -1.77818e-03
 31 -0.00276  7.92970e-03 | 32 -0.00264 -6.44606e-03 | 33 -0.00238  1.05860e-02
 34 -0.00215  1.46195e-02 | 35 -0.00194  9.67978e-03 | 36 -0.00172  3.17294e-03
 37 -0.00145  3.06183e-03 | 38 -0.00115  6.04307e-03 | 39 -0.00086 -2.52870e-05
 40 -0.00054 -2.60813e-03 | 41 -0.00016  6.55605e-03 | 42  0.00021  8.72394e-03
 43  0.00055  1.18515e-03 | 44  0.00094  5.39696e-03 | 45  0.00131  4.47467e-03
 46  0.00163 -2.20238e-03 | 47  0.00196 -3.27463e-03 | 48  0.00229  7.95908e-03
 49  0.00251  3.07914e-03 | 50  0.00269  2.93360e-03 | 51  0.00280  3.18069e-03
 52  0.00284  3.86482e-03 | 53  0.00281  5.43794e-03 | 54  0.00271  8.19799e-03
 55  0.00249 -2.89696e-03 | 56  0.00229  1.28625e-03 | 57  0.00205  3.29191e-03
 58  0.00184  1.10675e-02 | 59  0.00162  9.87793e-03 | 60  0.00148  1.43497e-02
 61  0.00140  1.14364e-02 | 62  0.00148  1.39880e-02 | 63  0.00168  7.58761e-03
 64  0.00211  9.35565e-03 | 65  0.00270 -3.93008e-03 | 66  0.00365  6.08325e-03
 67  0.00487  1.07994e-02 | 68  0.00634  7.68750e-03 | 69  0.00810  4.02874e-03
 70  0.01016  3.89768e-03 | 71  0.01247  5.89139e-03 | 72  0.01494  6.15016e-03
 73  0.01747  5.95845e-03 | 74  0.01990  6.49339e-03 | 75  0.02205  5.69415e-03
 76  0.02368  5.53990e-03 | 77  0.02464  5.96588e-03 | 78  0.02479  5.11429e-03
 79  0.02416  4.50399e-03 | 80  0.02284  4.56540e-03 | 81  0.02095  3.67543e-03
 82  0.01860  2.71806e-03 | 83  0.01581  3.62651e-03 | 84  0.01254  3.26416e-03
 85  0.00881  1.47213e-03 | 86  0.00482  4.02876e-03 | 87  0.00083 -1.17861e-02
 88 -0.00249  5.02499e-03 | 89 -0.00503 -1.83183e-03 | 90 -0.00654  2.36897e-03
 91 -0.00733 -1.77814e-03 | 92 -0.00771  2.28779e-03 | 93 -0.00787  1.73711e-03
 94 -0.00740  1.51274e-03 | 95 -0.00615  3.04452e-03 | 96 -0.00493  5.86542e-03
 97 -0.00242  2.05083e-03 | 98  0.00133 -2.60414e-04 | 99  0.00665  2.19157e-03
100  0.00862  2.77134e-03 |101  0.00873  5.91006e-03 |102  0.00751  3.43024e-03
103 -0.00054  3.12645e-03 |104 -0.00072  1.40640e-03 |105  0.01528  4.60998e-03
106  0.01119 -9.76984e-04 |107 -0.01130  2.03636e-04 |108  0.00440 -1.27623e-03
109  0.06364 -7.81841e-03 |110  0.01645 -4.82492e-03 |111 -0.02629 -5.13291e-03
112 -0.01256 -5.97194e-03 |113  0.00128 -6.70086e-03 |114  0.01793 -4.97024e-03
115 -0.01432 -9.87134e-04 |116 -0.07579 -9.38970e-04 |117 -0.09175 -6.12139e-04
118 -0.08792 -2.69451e-03 |119 -0.04768  3.16745e-04 |120  0.07007  1.16768e-02
121  0.02622  8.73938e-03 |122  0.01375  4.98022e-03 |123 -0.03121  2.93404e-03
124 -0.07147  2.93577e-03 |125 -0.02152  2.00808e-03 |126 -0.01358  1.39125e-03
127 -0.04561 -4.75313e-04 |128  0.00685  1.29770e-03 |129  0.05414 -4.03251e-03
130 -0.00714  6.98300e-04 |131  0.06997 -4.93183e-03 |132 -0.00281 -5.43049e-04
133  0.12105  2.56851e-03 |134 -0.00936  6.81974e-04 |135 -0.05178  2.22131e-04
136 -0.06144 -1.23908e-03 |137 -0.02625 -9.44936e-04 |138  0.09319 -1.62978e-03
139  0.02692 -3.98165e-05 |140  0.01507 -1.23748e-04 |141 -0.03305 -5.15134e-05
142 -0.01714 -9.90207e-04 |143 -0.00621  1.58913e-03 |144 -0.00044 -7.08847e-03
145  0.41465  9.75070e-03 |146  0.30916  5.56806e-02 |147  0.04777  2.69207e-03
148  0.29461 -5.69149e-03 |149 -0.00501 -2.03873e-03 |150 -0.10428 -6.96806e-03
151 -0.47691 -3.47248e-04 |152  0.31088 -2.20738e-03 |153  0.04786 -1.49899e-03
154 -0.23202 -4.19230e-04 |155  0.22665 -1.29222e-03 |156 -0.01755  6.14493e-04
157  0.16828  1.05367e-03 |158  0.25068 -7.13601e-03 |159 -0.00198 -3.37291e-03
160 -0.08951 -2.90001e-03 |161  0.10936  2.01912e-03 |162  0.29633 -7.92720e-04
163  0.17193 -7.72286e-04 |164  0.24642  1.42506e-03 |165 -0.34884  9.84661e-04
166  0.24313 -2.71833e-03 |167  0.05251  4.66180e-03 |168 -0.18666  1.84176e-02
169  0.19798  2.23876e-03 |170  0.31598 -2.80064e-04 |171  0.07782  1.70315e-03
172 -0.54876 -2.46134e-05 |173 -0.38380  2.87675e-04 |174  0.23523 -1.32440e-03
175  0.07699  1.59096e-03 |176 -0.11622  5.49080e-03 |177  0.05399 -4.81388e-03
178  0.11991  5.09294e-03 |179  0.32266  9.63061e-03 |180  0.27131 -5.46691e-03
181  0.00276 -3.84219e-03 |182 -0.00272  1.09651e-04 |183 -0.15198 -1.72475e-02
184 -0.11999  2.29808e-03 |185  0.01643  4.85590e-03 |186  0.38931  1.89931e-03
187  0.01235  2.39590e-03 |188 -0.14804  2.86718e-03 |189  0.85787 -3.93511e-01
190 -0.14795  1.85079e-03 |191 -0.00688  1.40596e-01 |192 -0.01927  4.49159e-04
193  0.10444  2.39251e-04 |194  0.04790  6.11359e-03 |195  0.14505 -1.50824e-04
196 -0.54248 -7.53898e-04 |197 -0.55774  1.00637e-02 |198  0.17054  2.14813e-03
199  0.09826  1.47209e-01 |200 -0.26634  5.23118e-02 |
200 variables; iteration 320; function evaluation 455; phase 4
Function value 7.1333948e+03; maximum gradient component mag 3.6972e-01
Var    Value     Gradient |Var    Value     Gradient |Var    Value     Gradient
  1 -0.44075 -1.87915e-01 |  2  0.36616  1.31453e-02 |  3 -0.14427  3.05989e-01
  4  0.00729  4.22435e-02 |  5 -0.66169  6.56487e-03 |  6 -0.62239  3.69719e-01
  7  0.36981  7.72098e-04 |  8 -0.19268  1.43977e-01 |  9  0.05120  8.64736e-03
 10 -0.56939  1.17887e-03 | 11 -0.64020  2.05328e-01 | 12 -0.18279  3.33637e-01
 13 -0.00339 -6.63636e-05 | 14 -0.00343  6.83135e-04 | 15 -0.00347  1.74863e-03
 16 -0.00351  1.44620e-03 | 17 -0.00354  2.83360e-03 | 18 -0.00356  2.32922e-03
 19 -0.00357  4.66983e-03 | 20 -0.00360 -1.77653e-04 | 21 -0.00358  3.02288e-03
 22 -0.00359 -2.19516e-03 | 23 -0.00354  1.99170e-03 | 24 -0.00351  8.88186e-04
 25 -0.00346  6.65470e-04 | 26 -0.00338  2.46078e-03 | 27 -0.00329  2.20927e-03
 28 -0.00319  2.76808e-03 | 29 -0.00307  3.42942e-03 | 30 -0.00293  2.21949e-03
 31 -0.00278  9.63701e-04 | 32 -0.00260  3.15727e-03 | 33 -0.00241  3.45157e-03
 34 -0.00220  3.11387e-03 | 35 -0.00197  2.57708e-03 | 36 -0.00173  3.59060e-04
 37 -0.00145  9.57533e-04 | 38 -0.00115  3.37184e-03 | 39 -0.00084  3.71997e-03
 40 -0.00051  4.10371e-03 | 41 -0.00017  2.53744e-03 | 42  0.00019  2.57816e-03
 43  0.00056  2.52777e-03 | 44  0.00094  4.33445e-03 | 45  0.00131  3.37417e-03
 46  0.00166  2.20123e-03 | 47  0.00199  2.83243e-03 | 48  0.00228  2.57376e-03
 49  0.00251  1.60660e-03 | 50  0.00269  1.82880e-03 | 51  0.00281  3.03589e-03
 52  0.00285  3.19857e-03 | 53  0.00281  2.79952e-03 | 54  0.00270  3.24813e-03
 55  0.00253  4.35861e-03 | 56  0.00230  2.42265e-03 | 57  0.00207  4.86188e-03
 58  0.00183  7.34933e-03 | 59  0.00160  4.77446e-03 | 60  0.00145  5.47737e-03
 61  0.00138  3.31346e-03 | 62  0.00145  5.51880e-03 | 63  0.00167  5.10549e-03
 64  0.00210  5.64858e-03 | 65  0.00275  5.60358e-03 | 66  0.00366  5.20351e-03
 67  0.00485  4.01977e-03 | 68  0.00632  2.10520e-03 | 69  0.00811  4.73405e-03
 70  0.01017  4.30913e-03 | 71  0.01247  5.02855e-03 | 72  0.01494  4.57976e-03
 73  0.01748  6.06890e-03 | 74  0.01990  3.80404e-03 | 75  0.02205  3.45371e-03
 76  0.02369  4.71057e-03 | 77  0.02463  3.69933e-03 | 78  0.02479  3.88505e-03
 79  0.02416  4.20155e-03 | 80  0.02283  1.33740e-03 | 81  0.02096  3.89065e-03
 82  0.01861  2.63797e-03 | 83  0.01581  1.51372e-03 | 84  0.01253  1.45510e-03
 85  0.00881  2.09186e-03 | 86  0.00480 -8.95158e-04 | 87  0.00088 -6.45195e-04
 88 -0.00251  7.65856e-04 | 89 -0.00502  7.85530e-04 | 90 -0.00655  1.28530e-04
 91 -0.00731  2.15457e-03 | 92 -0.00771  1.80076e-03 | 93 -0.00787  1.35007e-03
 94 -0.00740  1.09602e-03 | 95 -0.00616  1.36861e-03 | 96 -0.00495 -3.71996e-04
 97 -0.00241  2.25618e-03 | 98  0.00134  1.57911e-03 | 99  0.00666  2.39170e-03
100  0.00862  6.29666e-04 |101  0.00872  9.49939e-04 |102  0.00751  9.67414e-04
103 -0.00053  2.24116e-03 |104 -0.00072 -2.75701e-04 |105  0.01528  1.67777e-03
106  0.01120  2.39411e-04 |107 -0.01130  5.48481e-04 |108  0.00440  2.14822e-03
109  0.06365  6.44872e-04 |110  0.01645  3.26875e-04 |111 -0.02628  9.55974e-04
112 -0.01256 -1.16299e-03 |113  0.00129 -1.13617e-05 |114  0.01795  9.05811e-06
115 -0.01431 -6.12110e-04 |116 -0.07578  8.21296e-04 |117 -0.09175 -8.44884e-04
118 -0.08791 -7.56536e-04 |119 -0.04768 -8.70866e-04 |120  0.07007  3.41182e-03
121  0.02621  1.10051e-03 |122  0.01375 -1.02883e-03 |123 -0.03122 -1.00558e-03
124 -0.07148 -4.34586e-04 |125 -0.02152 -5.93010e-04 |126 -0.01359 -1.64240e-03
127 -0.04561 -6.33824e-04 |128  0.00684 -7.86271e-04 |129  0.05415 -9.48504e-04
130 -0.00715  9.45017e-04 |131  0.06998 -9.76389e-04 |132 -0.00281 -4.83700e-04
133  0.12105  6.15549e-04 |134 -0.00936  5.36523e-04 |135 -0.05178 -2.39581e-04
136 -0.06144  3.28166e-05 |137 -0.02624 -2.43787e-04 |138  0.09319 -1.40858e-04
139  0.02692 -1.82354e-04 |140  0.01507 -1.66443e-03 |141 -0.03305  3.74136e-04
142 -0.01713 -2.25393e-04 |143 -0.00621  1.77283e-03 |144 -0.00042 -3.95015e-05
145  0.41463  1.35575e-03 |146  0.30916  8.00191e-03 |147  0.04777  3.39532e-03
148  0.29462 -5.68607e-03 |149 -0.00501  9.85202e-04 |150 -0.10428  4.81663e-03
151 -0.47690  2.05360e-04 |152  0.31089 -1.73535e-03 |153  0.04786 -2.35418e-04
154 -0.23202 -7.62648e-04 |155  0.21669 -7.74989e-04 |156 -0.06971 -1.46014e-04
157  0.16828  2.22510e-03 |158  0.25068 -5.83213e-03 |159 -0.00198 -1.41715e-03
160 -0.08951 -3.04812e-03 |161  0.10936  1.07612e-03 |162  0.29633 -2.97223e-03
163  0.17193  6.38870e-04 |164  0.24642 -1.10416e-03 |165 -0.34884  1.92591e-04
166  0.24313 -2.17587e-03 |167  0.05251  1.34028e-03 |168 -0.18666  3.26322e-03
169  0.19796 -8.26216e-04 |170  0.31598 -1.51277e-04 |171  0.07782  1.57453e-03
172 -0.54652  1.66844e-04 |173 -0.38379  2.29519e-05 |174  0.23523  1.22487e-04
175  0.07699  8.65037e-04 |176 -0.11622 -1.46994e-03 |177  0.05398 -1.73923e-03
178  0.11991  2.78229e-03 |179  0.32265  1.73640e-03 |180  0.27131 -1.77812e-03
181  0.00276 -2.32268e-03 |182 -0.00272  1.09037e-03 |183 -0.15198 -1.01027e-02
184 -0.11999  5.21500e-04 |185  0.01642  2.60815e-03 |186  0.38931  5.41165e-04
187  0.01235  8.66001e-04 |188 -0.14805 -2.09132e-04 |189  0.85530 -3.26337e-01
190 -0.14766  3.77760e-04 |191 -0.01478  1.05608e-01 |192 -0.01551  7.89573e-04
193  0.08007 -7.23666e-05 |194  0.04786  4.12237e-03 |195  0.15503 -1.13753e-04
196 -0.55039 -1.26133e-03 |197 -0.55777  1.71357e-03 |198  0.17053 -5.76741e-04
199  0.09829  2.15957e-02 |200 -0.26648  5.16354e-03 |
200 variables; iteration 340; function evaluation 478; phase 4
Function value 7.1333947e+03; maximum gradient component mag -9.9486e-02
Var    Value     Gradient |Var    Value     Gradient |Var    Value     Gradient
  1 -0.44075 -4.19480e-02 |  2  0.36616  5.40259e-03 |  3 -0.14427  8.85309e-02
  4  0.00729  1.59522e-02 |  5 -0.66168  1.89592e-03 |  6 -0.62239  9.63215e-02
  7  0.36980  2.04931e-03 |  8 -0.19268  4.30038e-02 |  9  0.05120  5.05388e-03
 10 -0.56939  1.20590e-03 | 11 -0.64020  5.16398e-02 | 12 -0.18279  7.21613e-02
 13 -0.00338  4.98290e-04 | 14 -0.00343  4.74621e-04 | 15 -0.00347  3.41571e-04
 16 -0.00351  4.77883e-04 | 17 -0.00354  1.41249e-04 | 18 -0.00357  5.22335e-04
 19 -0.00359 -3.90160e-04 | 20 -0.00359  1.03635e-03 | 21 -0.00359 -2.71246e-05
 22 -0.00357  1.09878e-03 | 23 -0.00355  2.16140e-04 | 24 -0.00351  5.81179e-04
 25 -0.00345  8.61380e-04 | 26 -0.00338  4.76816e-04 | 27 -0.00330 -5.03254e-05
 28 -0.00320 -5.70231e-04 | 29 -0.00307  6.16577e-05 | 30 -0.00294  5.61545e-04
 31 -0.00278  7.51795e-04 | 32 -0.00261  5.58139e-04 | 33 -0.00242 -1.62333e-05
 34 -0.00220  2.42449e-05 | 35 -0.00197  2.06746e-04 | 36 -0.00172  1.09077e-03
 37 -0.00145  9.16374e-04 | 38 -0.00116  2.27021e-04 | 39 -0.00084  5.81447e-04
 40 -0.00052  4.60633e-04 | 41 -0.00017  6.37155e-04 | 42  0.00019  4.85393e-04
 43  0.00056  9.95438e-04 | 44  0.00094  4.65827e-04 | 45  0.00131  7.37280e-04
 46  0.00166  1.36749e-03 | 47  0.00199  1.19539e-03 | 48  0.00228  8.28184e-04
 49  0.00252  1.43011e-03 | 50  0.00270  1.41506e-03 | 51  0.00281  9.89550e-04
 52  0.00285  1.07306e-03 | 53  0.00281  1.19983e-03 | 54  0.00270  9.93498e-04
 55  0.00253  1.13714e-03 | 56  0.00231  1.49602e-03 | 57  0.00206  8.36897e-04
 58  0.00181 -4.06098e-05 | 59  0.00160  7.69483e-04 | 60  0.00144  2.95457e-04
 61  0.00138  9.49736e-04 | 62  0.00144  4.72920e-04 | 63  0.00167  8.63488e-04
 64  0.00209  6.10819e-04 | 65  0.00275  1.11127e-03 | 66  0.00366  9.46487e-04
 67  0.00485  1.02909e-03 | 68  0.00633  1.46739e-03 | 69  0.00811  9.10553e-04
 70  0.01017  1.09800e-03 | 71  0.01247  6.71688e-04 | 72  0.01494  9.66774e-04
 73  0.01747  3.80788e-04 | 74  0.01991  1.03312e-03 | 75  0.02205  1.05319e-03
 76  0.02369  5.03113e-04 | 77  0.02463  7.28309e-04 | 78  0.02479  5.22452e-04
 79  0.02416  2.22858e-04 | 80  0.02284  9.63073e-04 | 81  0.02095 -9.41624e-05
 82  0.01861  2.85654e-04 | 83  0.01581  4.95199e-04 | 84  0.01254  2.76030e-04
 85  0.00881  2.02597e-05 | 86  0.00481  6.25679e-04 | 87  0.00089  9.15147e-04
 88 -0.00251 -2.03013e-05 | 89 -0.00502  3.83237e-04 | 90 -0.00655  3.87407e-04
 91 -0.00732 -1.79677e-04 | 92 -0.00771 -1.92145e-04 | 93 -0.00787  1.75216e-05
 94 -0.00740  1.44727e-04 | 95 -0.00616 -1.36319e-04 | 96 -0.00495  2.27116e-04
 97 -0.00242 -2.12503e-04 | 98  0.00134 -7.95607e-05 | 99  0.00665 -3.08492e-04
100  0.00862  8.26394e-05 |101  0.00872 -3.68488e-04 |102  0.00751 -3.02561e-04
103 -0.00053 -5.05994e-04 |104 -0.00071  4.09768e-04 |105  0.01527 -5.83984e-04
106  0.01121  1.08930e-04 |107 -0.01130 -2.77402e-05 |108  0.00439 -3.95462e-04
109  0.06365  4.46721e-04 |110  0.01645  3.16133e-04 |111 -0.02629 -1.02103e-04
112 -0.01256  7.03397e-04 |113  0.00129  2.72885e-04 |114  0.01793  1.85002e-04
115 -0.01432  1.80519e-04 |116 -0.07579 -2.65491e-04 |117 -0.09176  2.43195e-04
118 -0.08792  3.42458e-04 |119 -0.04768  1.62155e-04 |120  0.07006 -2.28881e-03
121  0.02622 -1.09891e-03 |122  0.01376  5.59276e-05 |123 -0.03120  2.11492e-04
124 -0.07147  5.97661e-05 |125 -0.02151  2.68540e-04 |126 -0.01357  8.15140e-04
127 -0.04560  4.28478e-04 |128  0.00685  4.09744e-04 |129  0.05416  8.43206e-04
130 -0.00715 -4.19497e-04 |131  0.06998  6.01910e-04 |132 -0.00281  1.78533e-04
133  0.12105 -4.26208e-04 |134 -0.00936 -2.69294e-04 |135 -0.05178  1.20221e-04
136 -0.06144  9.51165e-05 |137 -0.02624  2.36038e-04 |138  0.09319  1.39700e-04
139  0.02692  1.55847e-04 |140  0.01507  5.37399e-04 |141 -0.03305 -8.96149e-05
142 -0.01713  1.32321e-04 |143 -0.00622 -5.99021e-04 |144 -0.00041  3.95167e-04
145  0.41463 -1.07558e-03 |146  0.30915 -5.68229e-03 |147  0.04776 -2.01916e-03
148  0.29461  3.05074e-03 |149 -0.00500 -2.81527e-04 |150 -0.10428 -1.07664e-03
151 -0.47688 -2.94310e-05 |152  0.31092  7.03460e-04 |153  0.04786  2.72756e-04
154 -0.23201  2.42819e-04 |155  0.22143 -5.99599e-04 |156 -0.04248  1.53341e-04
157  0.16827 -1.00651e-03 |158  0.25068  2.53375e-03 |159 -0.00198  6.77244e-04
160 -0.08951  9.80632e-04 |161  0.10935 -7.81710e-04 |162  0.29633  1.61069e-03
163  0.17192 -4.44823e-04 |164  0.24642  5.55038e-04 |165 -0.34883 -1.04520e-04
166  0.24314  7.22804e-04 |167  0.05251 -7.92389e-04 |168 -0.18666 -2.80350e-03
169  0.19796  1.24715e-04 |170  0.31598  6.33786e-05 |171  0.07782 -6.75960e-04
172 -0.54881 -2.84277e-05 |173 -0.38380 -5.19616e-05 |174  0.23523  1.11763e-04
175  0.07699 -4.31686e-04 |176 -0.11622 -2.92192e-04 |177  0.05398 -3.66620e-04
178  0.11990 -1.41751e-03 |179  0.32265 -4.50439e-04 |180  0.27131  1.22559e-03
181  0.00277 -4.28303e-04 |182 -0.00272 -4.22262e-04 |183 -0.15198 -2.95299e-03
184 -0.11999 -6.04077e-04 |185  0.01641 -1.24443e-03 |186  0.38930 -2.14392e-04
187  0.01236 -4.72122e-04 |188 -0.14805 -5.80780e-05 |189  0.85024 -9.94856e-02
190 -0.14897 -2.30118e-04 |191 -0.03310  2.73933e-02 |192 -0.03326 -9.37836e-05
193  0.07742 -7.01894e-05 |194  0.04815 -6.40694e-04 |195  0.16069 -1.19529e-05
196 -0.52864  3.16013e-04 |197 -0.55777 -1.18405e-03 |198  0.17053  1.13035e-04
199  0.09829 -1.47807e-02 |200 -0.26649 -4.45817e-03 |
200 variables; iteration 360; function evaluation 501; phase 4
Function value 7.1333947e+03; maximum gradient component mag 2.1725e-02
Var    Value     Gradient |Var    Value     Gradient |Var    Value     Gradient
  1 -0.44075  4.20643e-03 |  2  0.36616  1.39060e-03 |  3 -0.14427 -2.14905e-03
  4  0.00729  1.98484e-03 |  5 -0.66168  1.22192e-04 |  6 -0.62239 -6.33730e-03
  7  0.36980  5.84278e-04 |  8 -0.19268  1.55760e-03 |  9  0.05120  1.50668e-03
 10 -0.56939  4.65959e-04 | 11 -0.64020 -2.27934e-03 | 12 -0.18279 -9.15894e-03
 13 -0.00338  5.43688e-05 | 14 -0.00343  1.44480e-05 | 15 -0.00347  3.53321e-05
 16 -0.00351  3.22266e-05 | 17 -0.00354 -1.94891e-05 | 18 -0.00357  2.72183e-05
 19 -0.00358 -3.96311e-05 | 20 -0.00359  1.12911e-04 | 21 -0.00359 -3.66099e-06
 22 -0.00357  3.65495e-05 | 23 -0.00355 -1.19644e-05 | 24 -0.00351  1.06629e-05
 25 -0.00345  2.74281e-05 | 26 -0.00338 -4.30995e-05 | 27 -0.00330 -2.06129e-04
 28 -0.00319 -2.40108e-04 | 29 -0.00307  2.55285e-06 | 30 -0.00294 -5.90850e-05
 31 -0.00278 -7.86961e-05 | 32 -0.00261  5.59810e-05 | 33 -0.00241 -1.37708e-04
 34 -0.00220 -2.95623e-04 | 35 -0.00197 -7.68590e-05 | 36 -0.00172 -6.97296e-05
 37 -0.00145 -3.30987e-05 | 38 -0.00116 -8.52151e-05 | 39 -0.00084 -5.67782e-05
 40 -0.00051  2.03208e-05 | 41 -0.00017 -1.57359e-04 | 42  0.00019 -1.21765e-04
 43  0.00056 -3.71947e-05 | 44  0.00094 -1.10442e-04 | 45  0.00131 -5.64385e-05
 46  0.00166  4.61464e-05 | 47  0.00199 -1.90157e-05 | 48  0.00228 -7.09697e-05
 49  0.00252 -4.33048e-05 | 50  0.00270 -7.81251e-05 | 51  0.00281 -2.85304e-05
 52  0.00285 -7.35610e-05 | 53  0.00281 -1.59336e-04 | 54  0.00270 -1.42350e-04
 55  0.00253  7.37843e-06 | 56  0.00231 -5.32076e-05 | 57  0.00206 -1.34806e-04
 58  0.00182 -2.47491e-04 | 59  0.00160 -1.15089e-04 | 60  0.00144 -2.01675e-04
 61  0.00138 -1.66909e-04 | 62  0.00145 -1.92692e-04 | 63  0.00167 -1.94752e-04
 64  0.00210 -1.53399e-04 | 65  0.00275  4.64185e-05 | 66  0.00366 -8.74302e-05
 67  0.00485 -1.40458e-04 | 68  0.00633 -7.31964e-05 | 69  0.00811 -5.93623e-05
 70  0.01017 -8.44428e-05 | 71  0.01247 -1.21970e-04 | 72  0.01494 -5.73776e-05
 73  0.01747 -9.86127e-05 | 74  0.01990 -1.11327e-04 | 75  0.02205 -1.09979e-04
 76  0.02369 -1.26393e-04 | 77  0.02463 -1.03237e-04 | 78  0.02479 -1.14954e-04
 79  0.02416 -1.07694e-04 | 80  0.02284 -8.88136e-05 | 81  0.02095 -1.04347e-04
 82  0.01861 -1.07150e-04 | 83  0.01581 -8.41480e-05 | 84  0.01253 -1.53964e-04
 85  0.00881 -1.12162e-04 | 86  0.00481 -1.14356e-04 | 87  0.00089  6.45634e-05
 88 -0.00251 -1.63249e-04 | 89 -0.00502 -5.30599e-05 | 90 -0.00655 -9.03533e-05
 91 -0.00732 -6.11766e-05 | 92 -0.00771 -7.70230e-05 | 93 -0.00787 -5.31533e-05
 94 -0.00740 -3.85041e-05 | 95 -0.00616 -8.89487e-05 | 96 -0.00495 -1.54004e-04
 97 -0.00242 -1.04792e-04 | 98  0.00134 -1.44644e-04 | 99  0.00665 -1.41668e-04
100  0.00862 -1.42983e-04 |101  0.00872 -1.41974e-04 |102  0.00751 -8.15777e-05
103 -0.00053 -7.72299e-05 |104 -0.00071 -4.97065e-06 |105  0.01527 -9.21265e-05
106  0.01120  2.20138e-05 |107 -0.01130  2.25411e-05 |108  0.00440 -1.83630e-05
109  0.06365 -1.15937e-04 |110  0.01645 -2.78934e-05 |111 -0.02629 -5.57617e-05
112 -0.01256  4.59658e-06 |113  0.00129 -9.00865e-05 |114  0.01793 -1.88128e-04
115 -0.01432 -1.73966e-04 |116 -0.07579 -5.43959e-05 |117 -0.09176 -1.74856e-05
118 -0.08792  1.46379e-05 |119 -0.04768 -1.41998e-04 |120  0.07006 -7.35493e-04
121  0.02622 -3.62174e-04 |122  0.01376  1.33508e-04 |123 -0.03120  2.39943e-04
124 -0.07147  2.71857e-04 |125 -0.02151  4.52720e-04 |126 -0.01357  6.18025e-04
127 -0.04560  4.42760e-04 |128  0.00685  5.52563e-04 |129  0.05416  5.60053e-04
130 -0.00715  2.87499e-04 |131  0.06998  2.52802e-04 |132 -0.00281  2.44960e-05
133  0.12105 -1.67207e-04 |134 -0.00936 -6.02620e-05 |135 -0.05178 -4.12785e-05
136 -0.06144  6.86829e-05 |137 -0.02624  7.39791e-05 |138  0.09319 -5.20154e-05
139  0.02692  5.25469e-05 |140  0.01507  4.87463e-05 |141 -0.03305 -1.26734e-05
142 -0.01713 -1.08623e-05 |143 -0.00622 -1.87043e-05 |144 -0.00041  1.19295e-04
145  0.41463 -3.09523e-04 |146  0.30915 -1.14188e-03 |147  0.04776 -2.09873e-03
148  0.29461  2.24724e-03 |149 -0.00500 -6.27261e-04 |150 -0.10428 -1.06155e-03
151 -0.47689  1.06049e-04 |152  0.31092  2.38167e-05 |153  0.04786  2.14202e-04
154 -0.23201  6.83144e-05 |155  0.22040 -1.83820e-04 |156 -0.04966 -5.22859e-06
157  0.16827 -7.48753e-04 |158  0.25068  1.48102e-03 |159 -0.00198  7.30977e-05
160 -0.08951  1.66166e-04 |161  0.10934 -6.53680e-04 |162  0.29633  1.47377e-03
163  0.17192 -3.71278e-04 |164  0.24642  7.58357e-04 |165 -0.34883  6.60200e-05
166  0.24314  9.90075e-06 |167  0.05251 -2.47177e-04 |168 -0.18666 -2.39590e-04
169  0.19795  4.10439e-05 |170  0.31598  8.55377e-05 |171  0.07782 -1.06090e-04
172 -0.54863 -1.34290e-05 |173 -0.38380  5.17822e-05 |174  0.23523 -1.50648e-04
175  0.07699  2.17407e-05 |176 -0.11622  1.41665e-04 |177  0.05398  5.52939e-05
178  0.11990 -3.19644e-04 |179  0.32266  1.68889e-06 |180  0.27131  4.19601e-04
181  0.00277  1.84149e-04 |182 -0.00272  3.30194e-05 |183 -0.15198  2.36008e-04
184 -0.11999  2.74829e-04 |185  0.01641 -3.89471e-04 |186  0.38930  4.81844e-05
187  0.01235 -3.10196e-04 |188 -0.14805  2.92490e-05 |189  0.84757  2.17253e-02
190 -0.14911 -9.85389e-05 |191 -0.04486 -2.12788e-03 |192 -0.08237 -4.08788e-04
193  0.06803 -2.15676e-04 |194  0.04819 -4.73091e-05 |195  0.16461 -4.04996e-05
196 -0.52405  7.34272e-04 |197 -0.55777 -1.08170e-04 |198  0.17053  1.69391e-04
199  0.09829 -2.61013e-03 |200 -0.26649 -5.79151e-04 |
200 variables; iteration 380; function evaluation 523; phase 4
Function value 7.1333947e+03; maximum gradient component mag -3.7320e-01
Var    Value     Gradient |Var    Value     Gradient |Var    Value     Gradient
  1 -0.44075 -9.80739e-02 |  2  0.36616  1.13773e-02 |  3 -0.14427  2.12285e-01
  4  0.00729  3.76557e-02 |  5 -0.66168  4.02450e-03 |  6 -0.62239  2.27702e-01
  7  0.36981  8.82708e-03 |  8 -0.19268  1.06609e-01 |  9  0.05119  1.56829e-02
 10 -0.56939  2.66200e-03 | 11 -0.64020  1.25969e-01 | 12 -0.18279  1.86130e-01
 13 -0.00338  7.62398e-04 | 14 -0.00343  1.15085e-03 | 15 -0.00348  2.34035e-04
 16 -0.00351 -1.15367e-04 | 17 -0.00355 -1.45367e-04 | 18 -0.00357 -9.81088e-04
 19 -0.00359 -6.38777e-04 | 20 -0.00359  1.32498e-03 | 21 -0.00359  1.54871e-04
 22 -0.00356  3.76015e-03 | 23 -0.00355  1.17977e-03 | 24 -0.00350  1.83399e-03
 25 -0.00345  1.68448e-03 | 26 -0.00338  1.61823e-03 | 27 -0.00329  2.10258e-03
 28 -0.00320 -1.45197e-04 | 29 -0.00308 -1.81042e-04 | 30 -0.00293  2.82459e-03
 31 -0.00278  6.30587e-05 | 32 -0.00260  2.02889e-03 | 33 -0.00242  2.93604e-04
 34 -0.00220  2.16779e-03 | 35 -0.00197  3.39509e-04 | 36 -0.00171  2.35517e-03
 37 -0.00145  1.49804e-03 | 38 -0.00116  6.96673e-04 | 39 -0.00085  6.77727e-04
 40 -0.00052  6.20555e-04 | 41 -0.00017  1.82447e-03 | 42  0.00019  1.65245e-03
 43  0.00056  1.92162e-03 | 44  0.00094  1.40019e-03 | 45  0.00130  8.12705e-04
 46  0.00166  9.60068e-04 | 47  0.00199  3.01702e-03 | 48  0.00228  1.29232e-03
 49  0.00252  1.85839e-03 | 50  0.00270  2.58267e-03 | 51  0.00281  1.92889e-03
 52  0.00285  2.03320e-03 | 53  0.00281  3.19800e-03 | 54  0.00270  2.19143e-03
 55  0.00253  2.29458e-03 | 56  0.00231  3.31823e-03 | 57  0.00207  3.65749e-03
 58  0.00182  2.08180e-03 | 59  0.00160  1.15745e-03 | 60  0.00144  1.35680e-03
 61  0.00138  2.50280e-03 | 62  0.00144  1.38790e-03 | 63  0.00168  3.32722e-03
 64  0.00209  1.94374e-03 | 65  0.00274  1.71835e-03 | 66  0.00366  2.62841e-03
 67  0.00485  3.34488e-03 | 68  0.00634  3.62214e-03 | 69  0.00811  2.22551e-03
 70  0.01017  2.29898e-03 | 71  0.01247  2.04957e-03 | 72  0.01494  2.35484e-03
 73  0.01747  1.75036e-03 | 74  0.01991  2.31777e-03 | 75  0.02205  2.27176e-03
 76  0.02369  1.71001e-03 | 77  0.02463  1.73706e-03 | 78  0.02479  1.48809e-03
 79  0.02415  9.08776e-04 | 80  0.02284  1.58437e-03 | 81  0.02095  3.27959e-04
 82  0.01861  7.68495e-04 | 83  0.01581  7.42387e-04 | 84  0.01254  6.41335e-04
 85  0.00881 -5.80328e-05 | 86  0.00481  1.03747e-03 | 87  0.00089  1.92166e-04
 88 -0.00251  1.96504e-04 | 89 -0.00502 -3.82725e-04 | 90 -0.00655  1.84271e-04
 91 -0.00732 -9.75598e-04 | 92 -0.00771 -2.87995e-04 | 93 -0.00787 -1.84353e-04
 94 -0.00740 -2.19521e-04 | 95 -0.00616 -3.29717e-04 | 96 -0.00494  5.81571e-04
 97 -0.00242 -4.64612e-04 | 98  0.00133 -1.20582e-03 | 99  0.00665 -9.92064e-04
100  0.00862 -4.09557e-04 |101  0.00872 -4.44156e-05 |102  0.00751 -6.20601e-04
103 -0.00054 -1.11575e-03 |104 -0.00071 -6.46202e-04 |105  0.01527 -8.13834e-04
106  0.01120 -8.79480e-04 |107 -0.01130 -9.02374e-04 |108  0.00439 -2.17766e-03
109  0.06365 -2.96870e-03 |110  0.01645 -2.44586e-03 |111 -0.02629 -1.85204e-03
112 -0.01256 -9.76165e-04 |113  0.00129 -1.19065e-03 |114  0.01794 -4.98825e-04
115 -0.01432  2.47636e-05 |116 -0.07578  1.22364e-04 |117 -0.09175  1.19443e-03
118 -0.08792  1.33937e-03 |119 -0.04768  2.10023e-03 |120  0.07007  5.53434e-03
121  0.02622  4.60407e-03 |122  0.01376  5.01852e-03 |123 -0.03121  3.45381e-03
124 -0.07147  2.22381e-03 |125 -0.02151  2.45835e-03 |126 -0.01357  2.25129e-03
127 -0.04561  7.22235e-04 |128  0.00685  8.34105e-04 |129  0.05415 -3.04858e-04
130 -0.00715 -6.78540e-04 |131  0.06998 -5.39314e-04 |132 -0.00281 -1.77774e-04
133  0.12105  8.30585e-05 |134 -0.00936 -3.09234e-04 |135 -0.05178 -1.19711e-04
136 -0.06144 -1.69813e-04 |137 -0.02624 -3.59054e-05 |138  0.09319 -1.73265e-04
139  0.02692  9.65000e-05 |140  0.01507  5.65248e-04 |141 -0.03305 -6.39527e-05
142 -0.01713 -2.95075e-05 |143 -0.00622 -6.98156e-04 |144 -0.00042 -1.04892e-03
145  0.41463 -2.29577e-04 |146  0.30915  1.18152e-03 |147  0.04776 -4.70238e-03
148  0.29461  3.87241e-03 |149 -0.00501 -2.06673e-03 |150 -0.10428 -7.71915e-03
151 -0.47688  2.45548e-04 |152  0.31092  2.55899e-04 |153  0.04785  5.60787e-04
154 -0.23201  3.82444e-04 |155  0.21845 -5.32713e-04 |156 -0.05907 -4.88909e-05
157  0.16827 -1.55343e-03 |158  0.25068  2.55437e-03 |159 -0.00198  2.59185e-04
160 -0.08951 -4.53313e-04 |161  0.10935 -1.79746e-03 |162  0.29633  2.85738e-03
163  0.17192 -2.23481e-03 |164  0.24642  2.57172e-03 |165 -0.34883  8.68441e-05
166  0.24314  2.18346e-04 |167  0.05251  2.09666e-04 |168 -0.18666  1.45922e-04
169  0.19796  1.64022e-04 |170  0.31598 -1.06174e-04 |171  0.07782 -1.31775e-03
172 -0.54850 -2.51875e-06 |173 -0.38379  8.51415e-05 |174  0.23523 -4.34675e-04
175  0.07699 -6.25189e-05 |176 -0.11622  7.01511e-04 |177  0.05398 -3.50262e-03
178  0.11990 -4.92964e-04 |179  0.32265  4.01237e-03 |180  0.27131  4.20859e-04
181  0.00277 -2.33583e-03 |182 -0.00272 -5.71946e-04 |183 -0.15198 -1.07466e-02
184 -0.11999 -1.00452e-03 |185  0.01642 -7.17872e-04 |186  0.38930  8.24535e-05
187  0.01235 -2.93620e-04 |188 -0.14805  1.90934e-04 |189  0.84409 -3.73202e-01
190 -0.14834  2.25070e-03 |191 -0.06327  6.43319e-02 |192 -0.06219 -3.07897e-04
193  0.07604 -9.40307e-05 |194  0.04799  3.67204e-03 |195  0.16207 -1.22129e-05
196 -0.52694  4.61490e-04 |197 -0.55777  5.49516e-05 |198  0.17053  4.21626e-04
199  0.09828  2.01204e-03 |200 -0.26648  1.55462e-03 |
200 variables; iteration 400; function evaluation 544; phase 4
Function value 7.1333946e+03; maximum gradient component mag -3.4790e-01
Var    Value     Gradient |Var    Value     Gradient |Var    Value     Gradient
  1 -0.44075 -8.16825e-02 |  2  0.36616  6.72297e-03 |  3 -0.14427  1.67569e-01
  4  0.00729  2.57863e-02 |  5 -0.66168  2.86448e-03 |  6 -0.62239  1.88239e-01
  7  0.36981  3.58068e-03 |  8 -0.19268  7.69623e-02 |  9  0.05120  7.39816e-03
 10 -0.56939  1.26118e-03 | 11 -0.64020  1.01543e-01 | 12 -0.18279  1.53593e-01
 13 -0.00338  5.65837e-04 | 14 -0.00343  5.93968e-04 | 15 -0.00347  2.71401e-04
 16 -0.00351  1.61913e-04 | 17 -0.00354  1.65560e-04 | 18 -0.00357 -9.55226e-05
 19 -0.00359  1.53061e-04 | 20 -0.00359  5.31094e-04 | 21 -0.00359  4.18704e-04
 22 -0.00357  1.37196e-03 | 23 -0.00355  7.10722e-04 | 24 -0.00351  8.46412e-04
 25 -0.00345  7.61968e-04 | 26 -0.00338  7.42973e-04 | 27 -0.00329  1.41737e-03
 28 -0.00319  1.59140e-03 | 29 -0.00307  9.61063e-04 | 30 -0.00293  1.08535e-03
 31 -0.00278  7.53262e-04 | 32 -0.00261  8.36624e-04 | 33 -0.00241  1.12842e-03
 34 -0.00220  1.42026e-03 | 35 -0.00197  1.17089e-03 | 36 -0.00172  1.37094e-03
 37 -0.00145  1.49198e-03 | 38 -0.00115  1.39019e-03 | 39 -0.00085  5.43350e-04
 40 -0.00052  5.67748e-04 | 41 -0.00017  1.40766e-03 | 42  0.00020  1.87630e-03
 43  0.00056  1.15535e-03 | 44  0.00094  1.27853e-03 | 45  0.00131  1.24459e-03
 46  0.00166  9.10603e-04 | 47  0.00199  1.40444e-03 | 48  0.00228  1.67829e-03
 49  0.00252  1.45202e-03 | 50  0.00270  1.61695e-03 | 51  0.00281  1.72489e-03
 52  0.00285  1.68150e-03 | 53  0.00281  1.86095e-03 | 54  0.00270  1.87494e-03
 55  0.00253  1.62908e-03 | 56  0.00231  1.98869e-03 | 57  0.00206  2.04152e-03
 58  0.00182  2.00875e-03 | 59  0.00160  1.91110e-03 | 60  0.00145  2.12684e-03
 61  0.00138  2.31627e-03 | 62  0.00145  2.14329e-03 | 63  0.00167  2.08182e-03
 64  0.00210  1.96285e-03 | 65  0.00274  1.35341e-03 | 66  0.00366  1.79773e-03
 67  0.00485  2.51911e-03 | 68  0.00633  2.75516e-03 | 69  0.00811  2.00344e-03
 70  0.01017  2.14518e-03 | 71  0.01247  1.76375e-03 | 72  0.01494  2.05105e-03
 73  0.01747  1.35807e-03 | 74  0.01991  2.02640e-03 | 75  0.02205  2.11142e-03
 76  0.02369  1.62048e-03 | 77  0.02463  1.43843e-03 | 78  0.02479  1.31248e-03
 79  0.02415  9.47855e-04 | 80  0.02284  1.59663e-03 | 81  0.02095  1.79125e-04
 82  0.01861  8.65492e-04 | 83  0.01581  6.31426e-04 | 84  0.01254  6.55056e-04
 85  0.00881  3.18111e-04 | 86  0.00481  1.08539e-03 | 87  0.00089 -2.00728e-04
 88 -0.00251  4.55214e-04 | 89 -0.00502  2.46559e-04 | 90 -0.00655  3.56955e-04
 91 -0.00732 -5.82262e-04 | 92 -0.00771 -1.73320e-04 | 93 -0.00787  1.73244e-04
 94 -0.00740  1.12690e-04 | 95 -0.00616 -1.70262e-04 | 96 -0.00495  8.02684e-04
 97 -0.00242 -1.00260e-04 | 98  0.00133 -1.39714e-04 | 99  0.00665 -3.23820e-04
100  0.00862  1.36341e-04 |101  0.00872  3.55307e-04 |102  0.00751  2.12106e-04
103 -0.00054 -2.41765e-04 |104 -0.00071 -8.35818e-05 |105  0.01527  1.61660e-04
106  0.01120  1.22372e-04 |107 -0.01130  1.25925e-04 |108  0.00439 -3.84330e-04
109  0.06365 -9.72263e-05 |110  0.01645 -1.58362e-04 |111 -0.02629 -1.35886e-04
112 -0.01256  4.37456e-04 |113  0.00129  5.99816e-04 |114  0.01794  1.04440e-03
115 -0.01432  7.43323e-04 |116 -0.07579  3.89969e-04 |117 -0.09175  8.06652e-04
118 -0.08792  5.50693e-04 |119 -0.04768  5.29027e-04 |120  0.07007  1.49486e-03
121  0.02622  1.00141e-03 |122  0.01376  5.46653e-04 |123 -0.03121  3.28966e-04
124 -0.07147  1.15286e-04 |125 -0.02151 -1.78194e-04 |126 -0.01357 -2.24621e-04
127 -0.04560 -6.68276e-04 |128  0.00685 -4.32902e-04 |129  0.05416 -7.24538e-04
130 -0.00715 -6.07467e-04 |131  0.06998 -1.49616e-04 |132 -0.00281  3.16348e-05
133  0.12105  1.82456e-04 |134 -0.00936 -9.87896e-05 |135 -0.05178  1.35175e-05
136 -0.06144 -1.76683e-04 |137 -0.02624 -1.73374e-04 |138  0.09319 -1.12111e-04
139  0.02692 -3.73287e-05 |140  0.01507  1.91326e-04 |141 -0.03305 -4.64012e-05
142 -0.01713 -1.84144e-04 |143 -0.00622 -6.84143e-04 |144 -0.00042 -4.58315e-04
145  0.41463 -5.59256e-04 |146  0.30915 -1.30318e-03 |147  0.04776  6.42297e-04
148  0.29461 -4.95190e-04 |149 -0.00501 -7.81775e-05 |150 -0.10428 -2.41038e-03
151 -0.47689  6.85899e-05 |152  0.31091 -1.84771e-05 |153  0.04786  2.29677e-04
154 -0.23201  4.47834e-05 |155  0.22044 -2.01244e-04 |156 -0.04936  1.14663e-06
157  0.16827  7.80847e-04 |158  0.25068 -6.25839e-04 |159 -0.00198  3.91751e-04
160 -0.08951 -7.85823e-05 |161  0.10935  2.53970e-04 |162  0.29633 -7.93121e-04
163  0.17192 -3.67146e-04 |164  0.24642  1.22280e-04 |165 -0.34884 -4.82661e-05
166  0.24314  1.64622e-04 |167  0.05251  3.34508e-04 |168 -0.18666 -5.38452e-04
169  0.19796 -8.87000e-05 |170  0.31598 -3.40964e-05 |171  0.07782 -1.09667e-03
172 -0.54880 -2.80682e-05 |173 -0.38380 -1.59805e-04 |174  0.23523  1.29861e-04
175  0.07699 -1.99674e-04 |176 -0.11622 -1.29437e-04 |177  0.05398 -1.09486e-03
178  0.11990 -2.53427e-04 |179  0.32265  8.70611e-04 |180  0.27131  3.78819e-04
181  0.00277 -9.22027e-04 |182 -0.00272 -4.01996e-04 |183 -0.15198 -6.09062e-03
184 -0.11999 -5.19086e-04 |185  0.01642 -2.08424e-04 |186  0.38930  4.28449e-04
187  0.01235 -8.60261e-05 |188 -0.14805  1.42961e-04 |189  0.84247 -3.47896e-01
190 -0.14863 -6.16977e-04 |191 -0.07354  5.29201e-02 |192 -0.02687  7.47288e-05
193  0.08571  4.42489e-05 |194  0.04806 -2.38242e-03 |195  0.15911  9.81343e-06
196 -0.53318 -6.56975e-05 |197 -0.55777 -3.36159e-04 |198  0.17053 -1.78307e-04
199  0.09829 -4.61595e-03 |200 -0.26649 -9.81256e-04 |
200 variables; iteration 420; function evaluation 568; phase 4
Function value 7.1333946e+03; maximum gradient component mag -5.0306e-01
Var    Value     Gradient |Var    Value     Gradient |Var    Value     Gradient
  1 -0.44075 -1.09108e-01 |  2  0.36616  8.60980e-03 |  3 -0.14427  1.98824e-01
  4  0.00729  3.00851e-02 |  5 -0.66168  4.02753e-03 |  6 -0.62239  2.28705e-01
  7  0.36980  3.61422e-03 |  8 -0.19268  9.80523e-02 |  9  0.05120  9.34997e-03
 10 -0.56939  1.72646e-03 | 11 -0.64020  1.28116e-01 | 12 -0.18279  1.95440e-01
 13 -0.00338  7.10760e-04 | 14 -0.00343  7.08750e-04 | 15 -0.00347  7.37310e-04
 16 -0.00351  7.54941e-04 | 17 -0.00354  7.81072e-04 | 18 -0.00357  7.73890e-04
 19 -0.00358  8.56868e-04 | 20 -0.00359  8.56715e-04 | 21 -0.00359  9.18665e-04
 22 -0.00357  9.56044e-04 | 23 -0.00355  9.68643e-04 | 24 -0.00351  9.86268e-04
 25 -0.00345  9.98842e-04 | 26 -0.00338  1.01734e-03 | 27 -0.00330  1.10939e-03
 28 -0.00319  1.22322e-03 | 29 -0.00307  1.18946e-03 | 30 -0.00294  1.15442e-03
 31 -0.00278  1.18165e-03 | 32 -0.00261  1.23018e-03 | 33 -0.00241  1.33952e-03
 34 -0.00220  1.35271e-03 | 35 -0.00197  1.42351e-03 | 36 -0.00172  1.35163e-03
 37 -0.00145  1.41760e-03 | 38 -0.00116  1.52018e-03 | 39 -0.00084  1.50557e-03
 40 -0.00051  1.58680e-03 | 41 -0.00017  1.61235e-03 | 42  0.00019  1.71192e-03
 43  0.00056  1.71723e-03 | 44  0.00094  1.81931e-03 | 45  0.00131  1.85729e-03
 46  0.00166  1.83764e-03 | 47  0.00199  1.91090e-03 | 48  0.00228  2.03939e-03
 49  0.00252  2.02162e-03 | 50  0.00270  2.06493e-03 | 51  0.00281  2.17951e-03
 52  0.00285  2.20484e-03 | 53  0.00281  2.22770e-03 | 54  0.00270  2.31115e-03
 55  0.00253  2.34353e-03 | 56  0.00231  2.37063e-03 | 57  0.00206  2.41755e-03
 58  0.00182  2.50596e-03 | 59  0.00160  2.52003e-03 | 60  0.00145  2.58709e-03
 61  0.00138  2.59910e-03 | 62  0.00145  2.63524e-03 | 63  0.00167  2.59460e-03
 64  0.00210  2.64521e-03 | 65  0.00275  2.59957e-03 | 66  0.00366  2.66544e-03
 67  0.00485  2.67788e-03 | 68  0.00633  2.61876e-03 | 69  0.00811  2.62179e-03
 70  0.01017  2.59818e-03 | 71  0.01247  2.58494e-03 | 72  0.01494  2.54258e-03
 73  0.01747  2.52639e-03 | 74  0.01990  2.41210e-03 | 75  0.02205  2.30656e-03
 76  0.02369  2.19652e-03 | 77  0.02463  2.03263e-03 | 78  0.02479  1.86830e-03
 79  0.02416  1.68063e-03 | 80  0.02284  1.43734e-03 | 81  0.02095  1.28402e-03
 82  0.01861  1.08079e-03 | 83  0.01581  9.01656e-04 | 84  0.01253  7.61697e-04
 85  0.00881  6.08269e-04 | 86  0.00481  4.99003e-04 | 87  0.00089  3.38741e-04
 88 -0.00251  4.10738e-04 | 89 -0.00502  3.27948e-04 | 90 -0.00655  3.34914e-04
 91 -0.00732  3.22025e-04 | 92 -0.00771  3.56607e-04 | 93 -0.00787  3.49707e-04
 94 -0.00740  3.51926e-04 | 95 -0.00616  3.59912e-04 | 96 -0.00495  3.45054e-04
 97 -0.00242  3.85337e-04 | 98  0.00134  3.18389e-04 | 99  0.00665  3.57816e-04
100  0.00862  3.43791e-04 |101  0.00872  3.58669e-04 |102  0.00751  2.98712e-04
103 -0.00053  3.11258e-04 |104 -0.00071  2.61598e-04 |105  0.01527  3.39141e-04
106  0.01120  3.08877e-04 |107 -0.01130  2.63812e-04 |108  0.00440  2.99891e-04
109  0.06365  4.55282e-04 |110  0.01645  3.25219e-04 |111 -0.02629  2.54750e-04
112 -0.01256  2.57716e-04 |113  0.00129  2.49681e-04 |114  0.01793  2.87282e-04
115 -0.01432  1.92434e-04 |116 -0.07579  1.36204e-04 |117 -0.09175  8.55164e-05
118 -0.08792  8.83146e-05 |119 -0.04768  1.52977e-04 |120  0.07007  4.46318e-04
121  0.02622  2.81475e-04 |122  0.01376  2.21878e-04 |123 -0.03121  1.12251e-04
124 -0.07147  7.21056e-05 |125 -0.02151  7.43051e-05 |126 -0.01357  4.81924e-05
127 -0.04560  3.70775e-05 |128  0.00685  4.10545e-05 |129  0.05416  2.16113e-05
130 -0.00715  4.76505e-05 |131  0.06998  3.10305e-05 |132 -0.00281 -4.60573e-06
133  0.12105  8.08942e-05 |134 -0.00936  9.85061e-06 |135 -0.05178 -8.22872e-06
136 -0.06144  6.91368e-06 |137 -0.02624 -4.64966e-06 |138  0.09319 -1.53146e-05
139  0.02692 -7.48133e-06 |140  0.01507 -1.91736e-05 |141 -0.03305 -2.39220e-06
142 -0.01713  2.62336e-06 |143 -0.00622  4.42789e-05 |144 -0.00042 -3.80197e-05
145  0.41463 -1.29289e-04 |146  0.30915  2.85034e-04 |147  0.04776 -3.96009e-04
148  0.29461  2.60274e-04 |149 -0.00501 -1.81675e-04 |150 -0.10428 -4.16863e-04
151 -0.47689 -1.72487e-05 |152  0.31091 -6.74865e-06 |153  0.04786 -6.10601e-05
154 -0.23201 -1.16374e-05 |155  0.22102 -8.82430e-05 |156 -0.04692  4.55518e-06
157  0.16827 -1.70643e-04 |158  0.25068  1.03330e-04 |159 -0.00198 -1.05451e-04
160 -0.08951 -3.25872e-04 |161  0.10935 -1.88538e-04 |162  0.29633  2.95935e-04
163  0.17192 -2.08369e-04 |164  0.24642  3.07641e-04 |165 -0.34884  6.64197e-06
166  0.24314 -2.26928e-05 |167  0.05251 -9.94296e-08 |168 -0.18666 -4.47066e-04
169  0.19796 -4.90930e-05 |170  0.31598  2.81299e-05 |171  0.07782 -3.55323e-04
172 -0.54851 -3.14579e-06 |173 -0.38380  1.27802e-05 |174  0.23523  9.32701e-06
175  0.07699  1.37709e-04 |176 -0.11622 -2.92949e-04 |177  0.05398 -1.02253e-03
178  0.11990 -6.50725e-05 |179  0.32265  6.38916e-04 |180  0.27131  7.78602e-05
181  0.00277 -1.13475e-03 |182 -0.00272 -1.70200e-05 |183 -0.15198 -6.93969e-03
184 -0.11999 -2.01764e-04 |185  0.01642  3.02288e-05 |186  0.38930  2.65406e-05
187  0.01235 -2.72651e-06 |188 -0.14805 -2.65902e-05 |189  0.84046 -5.03060e-01
190 -0.14879  4.50254e-05 |191 -0.08840  6.34582e-02 |192 -0.02957 -1.10527e-05
193  0.08251 -2.81414e-06 |194  0.04811  2.35042e-04 |195  0.16033  1.96394e-06
196 -0.53209  2.40629e-05 |197 -0.55777  5.85537e-05 |198  0.17053  8.60364e-06
199  0.09829  6.39742e-04 |200 -0.26649  2.86910e-04 |
200 variables; iteration 440; function evaluation 590; phase 4
Function value 7.1333946e+03; maximum gradient component mag -3.8308e-01
Var    Value     Gradient |Var    Value     Gradient |Var    Value     Gradient
  1 -0.44075 -6.93556e-02 |  2  0.36616  5.57033e-03 |  3 -0.14427  1.28070e-01
  4  0.00729  1.94926e-02 |  5 -0.66168  2.54385e-03 |  6 -0.62239  1.46644e-01
  7  0.36980  2.56608e-03 |  8 -0.19268  6.29698e-02 |  9  0.05120  6.21791e-03
 10 -0.56939  1.11666e-03 | 11 -0.64020  8.19435e-02 | 12 -0.18279  1.25318e-01
 13 -0.00338  4.43110e-04 | 14 -0.00343  4.74782e-04 | 15 -0.00347  4.38323e-04
 16 -0.00351  4.19814e-04 | 17 -0.00354  4.38056e-04 | 18 -0.00357  3.74008e-04
 19 -0.00358  4.59525e-04 | 20 -0.00359  5.51788e-04 | 21 -0.00359  5.42500e-04
 22 -0.00357  7.83978e-04 | 23 -0.00355  6.45102e-04 | 24 -0.00351  6.82315e-04
 25 -0.00345  6.65447e-04 | 26 -0.00338  6.81502e-04 | 27 -0.00330  8.16527e-04
 28 -0.00319  7.52207e-04 | 29 -0.00307  6.72725e-04 | 30 -0.00294  8.49430e-04
 31 -0.00278  6.89231e-04 | 32 -0.00261  8.19661e-04 | 33 -0.00241  8.13432e-04
 34 -0.00220  9.69299e-04 | 35 -0.00197  8.53527e-04 | 36 -0.00172  9.21358e-04
 37 -0.00145  9.04360e-04 | 38 -0.00116  9.34927e-04 | 39 -0.00084  9.16081e-04
 40 -0.00051  9.42209e-04 | 41 -0.00017  1.06262e-03 | 42  0.00019  1.10237e-03
 43  0.00056  1.10060e-03 | 44  0.00094  1.14879e-03 | 45  0.00131  1.11576e-03
 46  0.00166  1.08135e-03 | 47  0.00199  1.27170e-03 | 48  0.00228  1.26147e-03
 49  0.00252  1.26811e-03 | 50  0.00270  1.34409e-03 | 51  0.00281  1.36780e-03
 52  0.00285  1.39113e-03 | 53  0.00281  1.49631e-03 | 54  0.00270  1.48246e-03
 55  0.00253  1.47678e-03 | 56  0.00231  1.57466e-03 | 57  0.00206  1.63753e-03
 58  0.00182  1.60672e-03 | 59  0.00160  1.53873e-03 | 60  0.00144  1.61844e-03
 61  0.00138  1.67958e-03 | 62  0.00145  1.64421e-03 | 63  0.00167  1.74149e-03
 64  0.00210  1.67691e-03 | 65  0.00275  1.59759e-03 | 66  0.00366  1.71234e-03
 67  0.00485  1.77579e-03 | 68  0.00633  1.74431e-03 | 69  0.00811  1.67107e-03
 70  0.01017  1.65024e-03 | 71  0.01247  1.64669e-03 | 72  0.01494  1.62553e-03
 73  0.01747  1.60403e-03 | 74  0.01990  1.54517e-03 | 75  0.02205  1.47992e-03
 76  0.02369  1.40340e-03 | 77  0.02463  1.28892e-03 | 78  0.02479  1.18886e-03
 79  0.02416  1.05571e-03 | 80  0.02284  9.19014e-04 | 81  0.02095  7.88043e-04
 82  0.01861  6.83298e-04 | 83  0.01581  5.60976e-04 | 84  0.01253  4.85773e-04
 85  0.00881  3.57099e-04 | 86  0.00481  3.43943e-04 | 87  0.00089  1.63046e-04
 88 -0.00251  2.64684e-04 | 89 -0.00502  1.50792e-04 | 90 -0.00655  1.94180e-04
 91 -0.00732  1.27682e-04 | 92 -0.00771  2.00783e-04 | 93 -0.00787  1.96686e-04
 94 -0.00740  1.87772e-04 | 95 -0.00616  1.97399e-04 | 96 -0.00495  2.42087e-04
 97 -0.00242  2.09800e-04 | 98  0.00134  1.15170e-04 | 99  0.00665  1.67088e-04
100  0.00862  1.77776e-04 |101  0.00872  2.44150e-04 |102  0.00751  1.67118e-04
103 -0.00053  1.43115e-04 |104 -0.00071  9.16251e-05 |105  0.01527  1.95803e-04
106  0.01120  1.35100e-04 |107 -0.01130  1.10548e-04 |108  0.00440  6.57274e-05
109  0.06365  7.55183e-05 |110  0.01645  2.48919e-05 |111 -0.02629  5.15988e-05
112 -0.01256  7.04724e-05 |113  0.00129  8.81309e-05 |114  0.01793  1.68403e-04
115 -0.01432  1.27143e-04 |116 -0.07579  1.14896e-04 |117 -0.09175  1.31574e-04
118 -0.08792  1.25843e-04 |119 -0.04768  2.10828e-04 |120  0.07007  7.46117e-04
121  0.02622  5.10066e-04 |122  0.01376  4.11790e-04 |123 -0.03121  2.48455e-04
124 -0.07147  1.59931e-04 |125 -0.02151  1.45422e-04 |126 -0.01357  8.06249e-05
127 -0.04560  6.95127e-06 |128  0.00685  1.95730e-05 |129  0.05416 -9.36263e-05
130 -0.00715 -3.88165e-06 |131  0.06998 -6.15134e-05 |132 -0.00281 -2.31191e-05
133  0.12105  8.40142e-05 |134 -0.00936  3.58015e-06 |135 -0.05178 -1.70270e-05
136 -0.06144 -1.85618e-05 |137 -0.02624 -2.45218e-05 |138  0.09319 -2.95185e-05
139  0.02692 -1.02543e-05 |140  0.01507 -8.56697e-06 |141 -0.03305 -1.22172e-06
142 -0.01713 -1.26249e-05 |143 -0.00622  5.25220e-06 |144 -0.00042 -1.17892e-04
145  0.41463 -2.82937e-05 |146  0.30915  5.69728e-04 |147  0.04776 -2.99062e-04
148  0.29461  1.20221e-04 |149 -0.00501 -1.92838e-04 |150 -0.10428 -6.57260e-04
151 -0.47689  7.73469e-06 |152  0.31091 -3.20940e-05 |153  0.04786 -1.83764e-05
154 -0.23201  1.93862e-06 |155  0.22127  1.93148e-05 |156 -0.04628 -1.01017e-05
157  0.16827 -9.66104e-05 |158  0.25068  2.79820e-05 |159 -0.00198 -7.45672e-05
160 -0.08951 -2.65347e-04 |161  0.10935 -1.33749e-04 |162  0.29633  1.78677e-04
163  0.17192 -2.21824e-04 |164  0.24642  2.72919e-04 |165 -0.34884  1.14252e-05
166  0.24314 -3.44257e-05 |167  0.05251  6.37768e-05 |168 -0.18666 -8.22449e-05
169  0.19796 -3.16979e-05 |170  0.31598  7.55893e-06 |171  0.07782 -2.60382e-04
172 -0.54848 -8.18807e-07 |173 -0.38380  9.15344e-06 |174  0.23523 -2.10178e-05
175  0.07699  9.41003e-05 |176 -0.11622 -1.10858e-04 |177  0.05398 -8.16188e-04
178  0.11990  2.32426e-05 |179  0.32265  6.48862e-04 |180  0.27131 -1.03824e-05
181  0.00277 -8.05881e-04 |182 -0.00272 -3.49312e-05 |183 -0.15198 -4.67830e-03
184 -0.11999 -1.56234e-04 |185  0.01642  4.70344e-05 |186  0.38930  4.85659e-05
187  0.01235  1.41397e-05 |188 -0.14805  8.09142e-06 |189  0.83860 -3.83084e-01
190 -0.14874  1.18447e-04 |191 -0.10486  4.00579e-02 |192 -0.02925 -4.79405e-06
193  0.08293  1.89096e-06 |194  0.04810  2.74767e-04 |195  0.16058  4.07309e-06
196 -0.53223  1.21507e-05 |197 -0.55777  1.04993e-04 |198  0.17053  2.14412e-05
199  0.09829  1.31546e-03 |200 -0.26648  5.22747e-04 |
200 variables; iteration 460; function evaluation 613; phase 4
Function value 7.1333946e+03; maximum gradient component mag -1.5394e-01
Var    Value     Gradient |Var    Value     Gradient |Var    Value     Gradient
  1 -0.44075 -2.49212e-02 |  2  0.36616  2.92114e-03 |  3 -0.14427  4.41364e-02
  4  0.00729  6.72114e-03 |  5 -0.66168  1.00567e-03 |  6 -0.62239  5.18898e-02
  7  0.36980 -2.47012e-04 |  8 -0.19268  1.94661e-02 |  9  0.05120  9.26585e-04
 10 -0.56939  2.51705e-04 | 11 -0.64020  2.71753e-02 | 12 -0.18279  4.29764e-02
 13 -0.00338  2.19948e-04 | 14 -0.00343  1.43572e-04 | 15 -0.00347  2.85960e-04
 16 -0.00351  3.83795e-04 | 17 -0.00354  3.77880e-04 | 18 -0.00357  5.87654e-04
 19 -0.00358  4.43391e-04 | 20 -0.00359  1.99314e-04 | 21 -0.00359  3.17173e-04
 22 -0.00358 -3.39371e-04 | 23 -0.00355  1.21366e-04 | 24 -0.00351  6.54453e-05
 25 -0.00345  1.59038e-04 | 26 -0.00338  1.69511e-04 | 27 -0.00330 -1.16539e-04
 28 -0.00319  2.24280e-04 | 29 -0.00307  4.86841e-04 | 30 -0.00294 -4.89046e-05
 31 -0.00278  5.08318e-04 | 32 -0.00261  2.14497e-04 | 33 -0.00241  3.59111e-04
 34 -0.00220 -7.03666e-05 | 35 -0.00197  4.25879e-04 | 36 -0.00172  2.40659e-04
 37 -0.00145  4.23270e-04 | 38 -0.00116  4.53064e-04 | 39 -0.00084  5.14639e-04
 40 -0.00051  5.78593e-04 | 41 -0.00017  3.20672e-04 | 42  0.00019  3.74391e-04
 43  0.00056  4.05588e-04 | 44  0.00094  3.99832e-04 | 45  0.00131  6.22183e-04
 46  0.00166  7.97066e-04 | 47  0.00199  3.50079e-04 | 48  0.00228  5.63799e-04
 49  0.00252  5.95646e-04 | 50  0.00270  4.73172e-04 | 51  0.00281  5.75278e-04
 52  0.00285  5.84740e-04 | 53  0.00281  3.38143e-04 | 54  0.00270  5.14809e-04
 55  0.00253  6.22273e-04 | 56  0.00231  4.02913e-04 | 57  0.00206  3.09953e-04
 58  0.00182  5.22472e-04 | 59  0.00160  7.89492e-04 | 60  0.00145  6.39787e-04
 61  0.00138  4.96680e-04 | 62  0.00145  6.59565e-04 | 63  0.00167  3.42363e-04
 64  0.00210  6.08504e-04 | 65  0.00275  8.28317e-04 | 66  0.00366  5.18031e-04
 67  0.00485  3.69071e-04 | 68  0.00633  4.70284e-04 | 69  0.00811  6.59638e-04
 70  0.01017  6.76574e-04 | 71  0.01247  6.35792e-04 | 72  0.01494  6.12363e-04
 73  0.01747  5.43956e-04 | 74  0.01990  5.45980e-04 | 75  0.02205  5.33661e-04
 76  0.02369  4.88520e-04 | 77  0.02463  4.85226e-04 | 78  0.02479  4.09272e-04
 79  0.02416  3.88094e-04 | 80  0.02284  3.75703e-04 | 81  0.02095  3.26226e-04
 82  0.01861  2.58083e-04 | 83  0.01581  2.28580e-04 | 84  0.01253  1.33234e-04
 85  0.00881  2.49446e-04 | 86  0.00481  8.84448e-05 | 87  0.00089  4.02290e-04
 88 -0.00251  3.21881e-05 | 89 -0.00502  2.86313e-04 | 90 -0.00655  1.21822e-04
 91 -0.00732  3.05439e-04 | 92 -0.00771  1.11842e-04 | 93 -0.00787  1.43715e-04
 94 -0.00740  1.72685e-04 | 95 -0.00616  1.54600e-04 | 96 -0.00495  4.80980e-05
 97 -0.00242  1.02481e-04 | 98  0.00134  3.78639e-04 | 99  0.00665  2.08074e-04
100  0.00862  1.65226e-04 |101  0.00872 -1.83237e-05 |102  0.00751  1.62392e-04
103 -0.00053  1.60427e-04 |104 -0.00071  2.64874e-04 |105  0.01527  8.25169e-05
106  0.01120  2.03985e-04 |107 -0.01130  1.99272e-04 |108  0.00440  4.18839e-04
109  0.06365  7.31271e-04 |110  0.01645  5.85134e-04 |111 -0.02629  3.43277e-04
112 -0.01256  3.48776e-04 |113  0.00129  3.47946e-04 |114  0.01793  1.89122e-04
115 -0.01432  1.24948e-04 |116 -0.07579 -3.83171e-05 |117 -0.09176 -1.51748e-04
118 -0.08792 -1.51247e-04 |119 -0.04768 -3.29228e-04 |120  0.07006 -1.47556e-03
121  0.02622 -1.06173e-03 |122  0.01376 -8.88436e-04 |123 -0.03121 -5.43866e-04
124 -0.07147 -3.51688e-04 |125 -0.02151 -3.14593e-04 |126 -0.01357 -1.35899e-04
127 -0.04560  1.81685e-05 |128  0.00685  3.43674e-05 |129  0.05416  3.35168e-04
130 -0.00715  5.93826e-05 |131  0.06998  2.31437e-04 |132 -0.00281  9.07952e-05
133  0.12105 -1.50226e-04 |134 -0.00936  8.14478e-06 |135 -0.05178  5.28216e-05
136 -0.06144  3.89906e-05 |137 -0.02624  6.20920e-05 |138  0.09319  8.70591e-05
139  0.02692  3.46059e-05 |140  0.01507  1.54502e-05 |141 -0.03305  1.44979e-05
142 -0.01713  2.24946e-05 |143 -0.00622 -2.23407e-05 |144 -0.00041  3.24454e-04
145  0.41463 -2.51142e-04 |146  0.30915 -1.39496e-03 |147  0.04776  2.27502e-04
148  0.29461  2.73539e-04 |149 -0.00501  2.80279e-04 |150 -0.10428  9.77799e-04
151 -0.47689 -1.78277e-05 |152  0.31091  7.27972e-05 |153  0.04786  6.21613e-05
154 -0.23201 -5.06575e-05 |155  0.22144 -1.20084e-04 |156 -0.04465  3.37228e-05
157  0.16827 -9.21931e-05 |158  0.25068  3.18018e-04 |159 -0.00198  9.12196e-05
160 -0.08951  2.69561e-04 |161  0.10935  8.60158e-05 |162  0.29633  6.48304e-06
163  0.17192  2.31264e-04 |164  0.24642 -2.92337e-04 |165 -0.34884 -8.14783e-05
166  0.24314  1.50650e-04 |167  0.05251 -3.24982e-04 |168 -0.18666 -8.71870e-04
169  0.19796 -2.70848e-05 |170  0.31598  1.01166e-04 |171  0.07782  3.67060e-05
172 -0.54849 -1.57214e-06 |173 -0.38380 -4.24148e-05 |174  0.23523  1.93136e-04
175  0.07699 -3.68188e-05 |176 -0.11622 -2.20861e-04 |177  0.05398  2.01419e-04
178  0.11990 -3.14024e-04 |179  0.32265 -6.47016e-04 |180  0.27131  2.24615e-04
181  0.00277 -9.52975e-05 |182 -0.00272 -9.20736e-05 |183 -0.15198 -9.43430e-04
184 -0.11999 -1.03902e-04 |185  0.01642 -1.59655e-04 |186  0.38930 -4.88964e-05
187  0.01235 -5.34204e-05 |188 -0.14805 -3.72053e-05 |189  0.83710 -1.53942e-01
190 -0.14884 -3.15759e-04 |191 -0.12084  1.36810e-02 |192 -0.02948 -2.11774e-06
193  0.08272 -5.20075e-06 |194  0.04813 -6.61442e-04 |195  0.16069 -3.05101e-06
196 -0.53261 -1.82649e-05 |197 -0.55777 -2.49562e-04 |198  0.17053 -6.48238e-05
199  0.09829 -3.06163e-03 |200 -0.26649 -1.30508e-03 |
200 variables; iteration 480; function evaluation 640; phase 4
Function value 7.1333946e+03; maximum gradient component mag -2.2927e-01
Var    Value     Gradient |Var    Value     Gradient |Var    Value     Gradient
  1 -0.44075 -3.16311e-02 |  2  0.36616  2.93767e-03 |  3 -0.14427  5.80868e-02
  4  0.00729  8.89196e-03 |  5 -0.66168  1.19902e-03 |  6 -0.62239  6.68280e-02
  7  0.36980  8.09146e-04 |  8 -0.19268  2.77161e-02 |  9  0.05120  2.43678e-03
 10 -0.56939  4.61048e-04 | 11 -0.64020  3.65846e-02 | 12 -0.18279  5.65904e-02
 13 -0.00338  2.17035e-04 | 14 -0.00343  2.12823e-04 | 15 -0.00347  2.41848e-04
 16 -0.00351  2.64918e-04 | 17 -0.00354  2.69675e-04 | 18 -0.00357  3.15636e-04
 19 -0.00358  2.89209e-04 | 20 -0.00359  2.57022e-04 | 21 -0.00359  2.79066e-04
 22 -0.00357  1.72601e-04 | 23 -0.00355  2.60301e-04 | 24 -0.00351  2.59624e-04
 25 -0.00345  2.85250e-04 | 26 -0.00338  2.96603e-04 | 27 -0.00330  2.47469e-04
 28 -0.00319  2.99688e-04 | 29 -0.00307  3.62477e-04 | 30 -0.00294  2.93380e-04
 31 -0.00278  3.96767e-04 | 32 -0.00261  3.55660e-04 | 33 -0.00241  3.78666e-04
 34 -0.00220  3.21285e-04 | 35 -0.00197  4.09848e-04 | 36 -0.00172  4.05604e-04
 37 -0.00145  4.42544e-04 | 38 -0.00116  4.50899e-04 | 39 -0.00084  4.84861e-04
 40 -0.00051  5.02863e-04 | 41 -0.00017  4.73473e-04 | 42  0.00019  4.86681e-04
 43  0.00056  5.14740e-04 | 44  0.00094  5.19709e-04 | 45  0.00131  5.72405e-04
 46  0.00166  6.26575e-04 | 47  0.00199  5.62689e-04 | 48  0.00228  6.00167e-04
 49  0.00252  6.30270e-04 | 50  0.00270  6.24504e-04 | 51  0.00281  6.45126e-04
 52  0.00285  6.63260e-04 | 53  0.00281  6.38249e-04 | 54  0.00270  6.73845e-04
 55  0.00253  7.04723e-04 | 56  0.00231  6.80243e-04 | 57  0.00206  6.73772e-04
 58  0.00182  7.10908e-04 | 59  0.00160  7.65559e-04 | 60  0.00144  7.42988e-04
 61  0.00138  7.27996e-04 | 62  0.00145  7.59120e-04 | 63  0.00167  7.20914e-04
 64  0.00210  7.64045e-04 | 65  0.00275  8.12064e-04 | 66  0.00366  7.55053e-04
 67  0.00485  7.27772e-04 | 68  0.00633  7.50908e-04 | 69  0.00811  7.79945e-04
 70  0.01017  7.79407e-04 | 71  0.01247  7.64645e-04 | 72  0.01494  7.50643e-04
 73  0.01747  7.20815e-04 | 74  0.01990  7.04818e-04 | 75  0.02205  6.76510e-04
 76  0.02369  6.33624e-04 | 77  0.02463  5.95929e-04 | 78  0.02479  5.36689e-04
 79  0.02416  4.83135e-04 | 80  0.02284  4.34408e-04 | 81  0.02095  3.73133e-04
 82  0.01861  3.13620e-04 | 83  0.01581  2.66854e-04 | 84  0.01253  2.08947e-04
 85  0.00881  1.98657e-04 | 86  0.00481  1.44176e-04 | 87  0.00089  1.91265e-04
 88 -0.00251  9.80881e-05 | 89 -0.00502  1.39214e-04 | 90 -0.00655  1.05794e-04
 91 -0.00732  1.38495e-04 | 92 -0.00771  1.01702e-04 | 93 -0.00787  1.08615e-04
 94 -0.00740  1.15715e-04 | 95 -0.00616  1.13303e-04 | 96 -0.00495  9.35672e-05
 97 -0.00242  9.88039e-05 | 98  0.00134  1.51835e-04 | 99  0.00665  1.19012e-04
100  0.00862  1.06984e-04 |101  0.00872  6.59388e-05 |102  0.00751  9.77427e-05
103 -0.00053  8.60291e-05 |104 -0.00071  1.07986e-04 |105  0.01527  7.63705e-05
106  0.01120  9.58249e-05 |107 -0.01130  8.66343e-05 |108  0.00440  1.36090e-04
109  0.06365  2.34396e-04 |110  0.01645  1.74457e-04 |111 -0.02629  1.12671e-04
112 -0.01256  1.22878e-04 |113  0.00129  1.31309e-04 |114  0.01793  1.08600e-04
115 -0.01432  8.16854e-05 |116 -0.07579  2.48046e-05 |117 -0.09175  2.67274e-06
118 -0.08792  3.77772e-06 |119 -0.04768 -1.98606e-05 |120  0.07007 -1.89646e-04
121  0.02622 -1.39792e-04 |122  0.01376 -1.13236e-04 |123 -0.03121 -6.60777e-05
124 -0.07147 -4.27571e-05 |125 -0.02151 -3.06075e-05 |126 -0.01357  1.43927e-06
127 -0.04560  1.92037e-05 |128  0.00685  2.50461e-05 |129  0.05416  7.91909e-05
130 -0.00715  1.45965e-05 |131  0.06998  4.68939e-05 |132 -0.00281  2.04759e-05
133  0.12105 -2.62250e-05 |134 -0.00936  2.65635e-06 |135 -0.05178  1.31291e-05
136 -0.06144  4.53718e-06 |137 -0.02624  1.23467e-05 |138  0.09319  1.97345e-05
139  0.02692  8.14451e-06 |140  0.01507  4.14323e-06 |141 -0.03305  4.31272e-06
142 -0.01713  3.93958e-06 |143 -0.00622 -7.47040e-06 |144 -0.00042  5.97647e-05
145  0.41463 -8.62552e-05 |146  0.30915 -2.63249e-04 |147  0.04776 -5.53321e-05
148  0.29461  1.52603e-04 |149 -0.00501  1.29352e-05 |150 -0.10428  6.11669e-05
151 -0.47689 -1.19322e-06 |152  0.31091  1.48088e-05 |153  0.04786  1.85399e-05
154 -0.23201 -1.44715e-05 |155  0.22146  5.63675e-06 |156 -0.04522  2.93700e-06
157  0.16827 -8.77593e-05 |158  0.25068  1.52018e-04 |159 -0.00198  5.19446e-06
160 -0.08951 -4.06738e-06 |161  0.10935 -2.84307e-05 |162  0.29633  8.39768e-05
163  0.17192 -1.05433e-05 |164  0.24642  4.97642e-06 |165 -0.34884 -2.73713e-05
166  0.24314  4.30168e-05 |167  0.05251 -9.56868e-05 |168 -0.18666 -3.17133e-04
169  0.19796 -2.06951e-05 |170  0.31598  3.69381e-05 |171  0.07782 -6.87124e-05
172 -0.54847  3.10208e-07 |173 -0.38380 -1.11658e-05 |174  0.23523  5.80044e-05
175  0.07699  1.84403e-05 |176 -0.11622 -9.64764e-05 |177  0.05398 -2.39347e-04
178  0.11990 -9.90534e-05 |179  0.32265  3.17972e-05 |180  0.27131  6.98423e-05
181  0.00277 -3.26367e-04 |182 -0.00272 -5.11529e-05 |183 -0.15198 -1.93890e-03
184 -0.11999 -1.06878e-04 |185  0.01642 -3.78881e-05 |186  0.38930 -2.61670e-06
187  0.01235 -9.06050e-06 |188 -0.14805 -3.57625e-06 |189  0.83609 -2.29265e-01
190 -0.14877 -4.51484e-05 |191 -0.13333  1.75206e-02 |192 -0.02915  1.74737e-06
193  0.08309  6.68099e-07 |194  0.04811 -7.51957e-05 |195  0.16083  1.14757e-06
196 -0.53247 -7.08794e-06 |197 -0.55777 -4.72068e-05 |198  0.17053 -1.00332e-05
199  0.09829 -5.52243e-04 |200 -0.26649 -2.46856e-04 |
200 variables; iteration 500; function evaluation 667; phase 4
Function value 7.1333946e+03; maximum gradient component mag -1.3424e-01
Var    Value     Gradient |Var    Value     Gradient |Var    Value     Gradient
  1 -0.44075 -1.68844e-02 |  2  0.36616  1.43755e-03 |  3 -0.14427  3.09620e-02
  4  0.00729  4.72518e-03 |  5 -0.66168  6.33899e-04 |  6 -0.62239  3.55703e-02
  7  0.36980  5.18090e-04 |  8 -0.19268  1.50506e-02 |  9  0.05120  1.39963e-03
 10 -0.56939  2.60431e-04 | 11 -0.64020  1.97262e-02 | 12 -0.18279  3.02607e-02
 13 -0.00338  1.12080e-04 | 14 -0.00343  1.14347e-04 | 15 -0.00347  1.21537e-04
 16 -0.00351  1.27682e-04 | 17 -0.00354  1.31181e-04 | 18 -0.00357  1.41097e-04
 19 -0.00358  1.39046e-04 | 20 -0.00359  1.37298e-04 | 21 -0.00359  1.42742e-04
 22 -0.00357  1.28895e-04 | 23 -0.00355  1.45822e-04 | 24 -0.00351  1.49239e-04
 25 -0.00345  1.56866e-04 | 26 -0.00338  1.62438e-04 | 27 -0.00330  1.54834e-04
 28 -0.00319  1.61854e-04 | 29 -0.00307  1.79251e-04 | 30 -0.00294  1.76626e-04
 31 -0.00278  1.94468e-04 | 32 -0.00261  1.94864e-04 | 33 -0.00241  1.98019e-04
 34 -0.00220  1.94903e-04 | 35 -0.00197  2.11758e-04 | 36 -0.00172  2.18580e-04
 37 -0.00145  2.27119e-04 | 38 -0.00116  2.32466e-04 | 39 -0.00084  2.47893e-04
 40 -0.00051  2.55735e-04 | 41 -0.00017  2.54009e-04 | 42  0.00019  2.58665e-04
 43  0.00056  2.73351e-04 | 44  0.00094  2.78290e-04 | 45  0.00131  2.92005e-04
 46  0.00166  3.09213e-04 | 47  0.00199  3.05572e-04 | 48  0.00228  3.12834e-04
 49  0.00252  3.26103e-04 | 50  0.00270  3.31472e-04 | 51  0.00281  3.38606e-04
 52  0.00285  3.47645e-04 | 53  0.00281  3.50079e-04 | 54  0.00270  3.59007e-04
 55  0.00253  3.70400e-04 | 56  0.00231  3.70693e-04 | 57  0.00206  3.74664e-04
 58  0.00182  3.82316e-04 | 59  0.00160  3.93301e-04 | 60  0.00144  3.92101e-04
 61  0.00138  3.93360e-04 | 62  0.00145  4.00098e-04 | 63  0.00167  3.99869e-04
 64  0.00210  4.06725e-04 | 65  0.00275  4.18549e-04 | 66  0.00366  4.09212e-04
 67  0.00485  4.02478e-04 | 68  0.00633  4.05521e-04 | 69  0.00811  4.10977e-04
 70  0.01017  4.08331e-04 | 71  0.01247  4.04768e-04 | 72  0.01494  3.96683e-04
 73  0.01747  3.88219e-04 | 74  0.01990  3.74348e-04 | 75  0.02205  3.57875e-04
 76  0.02369  3.38282e-04 | 77  0.02463  3.15910e-04 | 78  0.02479  2.86930e-04
 79  0.02416  2.57869e-04 | 80  0.02284  2.25355e-04 | 81  0.02095  1.99050e-04
 82  0.01861  1.65350e-04 | 83  0.01581  1.39808e-04 | 84  0.01253  1.13157e-04
 85  0.00881  9.81228e-05 | 86  0.00481  7.53695e-05 | 87  0.00089  8.06326e-05
 88 -0.00251  5.56700e-05 | 89 -0.00502  5.90617e-05 | 90 -0.00655  5.22576e-05
 91 -0.00732  6.05404e-05 | 92 -0.00771  5.36103e-05 | 93 -0.00787  5.35530e-05
 94 -0.00740  5.55980e-05 | 95 -0.00616  5.70954e-05 | 96 -0.00495  5.01854e-05
 97 -0.00242  5.39348e-05 | 98  0.00134  6.19800e-05 | 99  0.00665  5.76286e-05
100  0.00862  5.24260e-05 |101  0.00872  4.30020e-05 |102  0.00751  4.62000e-05
103 -0.00053  4.26250e-05 |104 -0.00071  4.52531e-05 |105  0.01527  4.21846e-05
106  0.01120  4.49320e-05 |107 -0.01130  3.89658e-05 |108  0.00440  5.23103e-05
109  0.06365  8.51813e-05 |110  0.01645  6.16448e-05 |111 -0.02629  4.23065e-05
112 -0.01256  4.44777e-05 |113  0.00129  4.81756e-05 |114  0.01793  4.67398e-05
115 -0.01432  3.61046e-05 |116 -0.07579  1.79455e-05 |117 -0.09175  1.10699e-05
118 -0.08792  1.23503e-05 |119 -0.04768  1.31122e-05 |120  0.07007  7.50079e-06
121  0.02622  2.93579e-06 |122  0.01376  5.32678e-06 |123 -0.03121  4.32668e-06
124 -0.07147  2.93545e-06 |125 -0.02151  8.58952e-06 |126 -0.01357  1.20928e-05
127 -0.04560  1.22058e-05 |128  0.00685  1.27345e-05 |129  0.05416  2.17301e-05
130 -0.00715  7.26710e-06 |131  0.06998  1.11377e-05 |132 -0.00281  4.71591e-06
133  0.12105 -1.41131e-06 |134 -0.00936  1.77226e-06 |135 -0.05178  1.99703e-06
136 -0.06144  1.60815e-06 |137 -0.02624  3.16478e-06 |138  0.09319  4.70691e-06
139  0.02692  2.19366e-06 |140  0.01507  8.28375e-07 |141 -0.03305  1.14447e-06
142 -0.01713  1.55948e-06 |143 -0.00622  1.12196e-06 |144 -0.00042  1.04685e-05
145  0.41463 -3.24275e-05 |146  0.30915 -3.51400e-05 |147  0.04776 -5.96397e-05
148  0.29461  7.55331e-05 |149 -0.00501 -1.44832e-05 |150 -0.10428 -4.08131e-05
151 -0.47689  7.18580e-08 |152  0.31091  2.57904e-06 |153  0.04786  3.34082e-06
154 -0.23201 -3.17482e-06 |155  0.22140  4.48987e-06 |156 -0.04553  1.08161e-07
157  0.16827 -3.82161e-05 |158  0.25068  4.64037e-05 |159 -0.00198 -6.92562e-06
160 -0.08951 -2.51558e-05 |161  0.10935 -2.85921e-05 |162  0.29633  5.58529e-05
163  0.17192 -2.82169e-05 |164  0.24642  3.40898e-05 |165 -0.34884 -6.26662e-06
166  0.24314  8.43133e-06 |167  0.05251 -2.17574e-05 |168 -0.18666 -1.20293e-04
169  0.19796 -9.71295e-06 |170  0.31598  8.87478e-06 |171  0.07782 -4.88661e-05
172 -0.54847  2.32893e-07 |173 -0.38380 -1.25529e-06 |174  0.23523  1.29380e-05
175  0.07699  1.37524e-05 |176 -0.11622 -5.07617e-05 |177  0.05398 -1.56305e-04
178  0.11990 -3.26138e-05 |179  0.32265  7.46538e-05 |180  0.27131  2.56690e-05
181  0.00277 -1.84516e-04 |182 -0.00272 -1.56636e-05 |183 -0.15198 -1.07235e-03
184 -0.11999 -4.67556e-05 |185  0.01642 -9.45021e-06 |186  0.38930 -1.26277e-07
187  0.01235 -4.13167e-06 |188 -0.14805 -3.86558e-06 |189  0.83538 -1.34243e-01
190 -0.14876  2.12270e-06 |191 -0.14330  9.21697e-03 |192 -0.02915  6.65068e-07
193  0.08314  4.99920e-07 |194  0.04811  2.24372e-05 |195  0.16093  7.51346e-07
196 -0.53240 -1.80265e-06 |197 -0.55777 -6.70279e-06 |198  0.17053 -3.66372e-07
199  0.09829 -6.57342e-05 |200 -0.26649 -3.37781e-05 |

 - final statistics:
200 variables; iteration 517; function evaluation 689
Function value 7.1334e+03; maximum gradient component mag -4.6680e-04
Exit code = 1;  converg criter 1.0000e-03
Var    Value     Gradient |Var    Value     Gradient |Var    Value     Gradient
  1 -0.44075 -7.66766e-05 |  2  0.36616 -6.11238e-06 |  3 -0.14427  1.17100e-04
  4  0.00729  1.51614e-05 |  5 -0.66168  2.21477e-06 |  6 -0.62239  1.35267e-04
  7  0.36980  9.92762e-06 |  8 -0.19268  8.92783e-05 |  9  0.05120  1.56280e-05
 10 -0.56939  2.39127e-06 | 11 -0.64020  1.02532e-04 | 12 -0.18279  1.35536e-04
 13 -0.00338  2.43519e-07 | 14 -0.00343  3.79901e-07 | 15 -0.00347 -5.00341e-08
 16 -0.00351 -5.05614e-07 | 17 -0.00354 -3.99198e-07 | 18 -0.00357 -1.70471e-06
 19 -0.00358 -3.36466e-07 | 20 -0.00359  5.98500e-07 | 21 -0.00359  4.29941e-07
 22 -0.00357  3.64798e-06 | 23 -0.00355  1.36722e-06 | 24 -0.00351  1.55751e-06
 25 -0.00345  9.96952e-07 | 26 -0.00338  8.56031e-07 | 27 -0.00330  2.55140e-06
 28 -0.00319  1.34313e-06 | 29 -0.00307 -1.53379e-07 | 30 -0.00294  2.21288e-06
 31 -0.00278 -8.42786e-07 | 32 -0.00261  1.19871e-06 | 33 -0.00241  7.88544e-07
 34 -0.00220  2.75831e-06 | 35 -0.00197  6.94840e-07 | 36 -0.00172  4.65374e-07
 37 -0.00145 -3.31408e-07 | 38 -0.00116  3.26633e-07 | 39 -0.00084  2.05332e-07
 40 -0.00051  4.37919e-07 | 41 -0.00017  8.73600e-07 | 42  0.00019  8.22851e-07
 43  0.00056  9.41839e-07 | 44  0.00094  1.46729e-06 | 45  0.00131  2.27281e-07
 46  0.00166 -1.06525e-06 | 47  0.00199  1.45503e-06 | 48  0.00228  8.54538e-07
 49  0.00252  2.27006e-07 | 50  0.00270  8.20452e-07 | 51  0.00281  1.03603e-06
 52  0.00285  8.32917e-07 | 53  0.00281  1.90320e-06 | 54  0.00270  1.39681e-06
 55  0.00253  1.08867e-06 | 56  0.00231  1.94064e-06 | 57  0.00206  2.63815e-06
 58  0.00182  2.06880e-06 | 59  0.00160  4.63875e-07 | 60  0.00144  1.63794e-06
 61  0.00138  2.26216e-06 | 62  0.00145  1.58087e-06 | 63  0.00167  2.89849e-06
 64  0.00210  1.93473e-06 | 65  0.00275  7.74960e-07 | 66  0.00366  2.67166e-06
 67  0.00485  2.91086e-06 | 68  0.00633  1.58209e-06 | 69  0.00811  1.37121e-06
 70  0.01017  9.22579e-07 | 71  0.01247  1.70808e-06 | 72  0.01494  1.32821e-06
 73  0.01747  2.81229e-06 | 74  0.01990  1.32380e-06 | 75  0.02205  9.75388e-07
 76  0.02369  1.76120e-06 | 77  0.02463  1.34063e-06 | 78  0.02479  1.56305e-06
 79  0.02416  1.66943e-06 | 80  0.02284 -1.17775e-07 | 81  0.02095  1.72254e-06
 82  0.01861  6.29617e-07 | 83  0.01581  4.04002e-07 | 84  0.01253  6.91543e-07
 85  0.00881 -1.91674e-07 | 86  0.00481 -4.21250e-07 | 87  0.00089 -1.87017e-06
 88 -0.00251  6.52740e-07 | 89 -0.00502 -1.29190e-06 | 90 -0.00655 -3.11895e-07
 91 -0.00732 -3.80639e-07 | 92 -0.00771  6.49224e-07 | 93 -0.00787 -6.66436e-08
 94 -0.00740 -2.54649e-07 | 95 -0.00616  2.86007e-07 | 96 -0.00495 -2.50465e-07
 97 -0.00242  8.05545e-07 | 98  0.00134 -1.44244e-06 | 99  0.00665  1.24912e-07
100  0.00862 -1.72825e-07 |101  0.00872  1.13052e-06 |102  0.00751 -3.58903e-07
103 -0.00053  3.90219e-07 |104 -0.00071 -9.73339e-07 |105  0.01527  5.73468e-07
106  0.01120 -2.95739e-07 |107 -0.01130 -5.20386e-07 |108  0.00440 -1.19741e-06
109  0.06365 -3.32103e-06 |110  0.01645 -2.55387e-06 |111 -0.02629 -1.10449e-06
112 -0.01256 -2.02923e-06 |113  0.00129 -2.38032e-06 |114  0.01793 -1.64287e-06
115 -0.01432 -1.35348e-06 |116 -0.07579  2.75939e-07 |117 -0.09175  2.26981e-07
118 -0.08792  4.92031e-07 |119 -0.04768  2.12776e-06 |120  0.07007  1.09211e-05
121  0.02622  7.70074e-06 |122  0.01376  6.35744e-06 |123 -0.03121  3.67476e-06
124 -0.07147  2.51411e-06 |125 -0.02151  2.54866e-06 |126 -0.01357  1.11382e-06
127 -0.04560  6.52908e-07 |128  0.00685  2.74255e-07 |129  0.05416 -1.51014e-06
130 -0.00715  7.04594e-07 |131  0.06998 -1.20939e-06 |132 -0.00281 -7.55071e-07
133  0.12105  1.41236e-06 |134 -0.00936  1.29292e-07 |135 -0.05178 -4.41018e-07
136 -0.06144  5.46627e-08 |137 -0.02624 -2.95270e-07 |138  0.09319 -6.78537e-07
139  0.02692 -2.85449e-07 |140  0.01507 -5.67391e-07 |141 -0.03305 -1.13800e-07
142 -0.01713  5.49882e-08 |143 -0.00622  1.40510e-06 |144 -0.00042 -1.87652e-06
145  0.41463  1.99153e-06 |146  0.30915  1.22133e-05 |147  0.04776 -3.71644e-06
148  0.29461 -1.25056e-06 |149 -0.00501 -2.74147e-06 |150 -0.10428 -5.26003e-06
151 -0.47689 -1.86285e-07 |152  0.31091 -5.74442e-07 |153  0.04786 -1.40336e-06
154 -0.23201  3.11318e-07 |155  0.22137 -1.22543e-06 |156 -0.04566  9.87372e-09
157  0.16827 -2.52048e-07 |158  0.25068 -2.69465e-06 |159 -0.00198 -1.84819e-06
160 -0.08951 -3.55391e-06 |161  0.10935 -1.57681e-06 |162  0.29633  1.63431e-06
163  0.17192 -1.86752e-06 |164  0.24642  3.23056e-06 |165 -0.34884  8.97486e-07
166  0.24314 -1.69584e-06 |167  0.05251  2.62250e-06 |168 -0.18666  5.78370e-06
169  0.19796  1.68817e-07 |170  0.31598 -8.13739e-07 |171  0.07782 -4.05001e-07
172 -0.54847 -1.59105e-10 |173 -0.38380  6.02905e-07 |174  0.23523 -1.80183e-06
175  0.07699  1.15395e-06 |176 -0.11622  3.07700e-07 |177  0.05398 -3.11046e-06
178  0.11990  2.68107e-06 |179  0.32265  5.79314e-06 |180  0.27131 -1.86459e-06
181  0.00277 -1.45994e-06 |182 -0.00272  1.60843e-06 |183 -0.15198 -7.70738e-06
184 -0.11999  1.25188e-06 |185  0.01642  1.89524e-06 |186  0.38930 -9.24297e-08
187  0.01235  4.85117e-07 |188 -0.14805 -2.60171e-07 |189  0.83504 -4.66803e-04
190 -0.14876  3.03080e-06 |191 -0.14836  3.87961e-05 |192 -0.02918 -1.15103e-07
193  0.08315 -4.72971e-08 |194  0.04810  8.76401e-06 |195  0.16097 -2.47358e-08
196 -0.53238  3.77543e-07 |197 -0.55777  2.34994e-06 |198  0.17053  5.49116e-07
199  0.09829  2.69358e-05 |200 -0.26649  1.14618e-05 |

 - final statistics:
213 variables; iteration 0; function evaluation 0
Function value 7.1334e+03; maximum gradient component mag -4.6680e-04
Exit code = 0;  converg criter 1.0000e-03
Var    Value     Gradient |Var    Value     Gradient |Var    Value     Gradient
  1 -0.44075 -7.66767e-05 |  2  0.36616 -6.11239e-06 |  3 -0.14427  1.17101e-04
  4  0.00729  1.51614e-05 |  5 -0.66168  2.21477e-06 |  6 -0.62239  1.35267e-04
  7  0.36980  9.92762e-06 |  8 -0.19268  8.92783e-05 |  9  0.05120  1.56280e-05
 10 -0.56939  2.39127e-06 | 11 -0.64020  1.02532e-04 | 12 -0.18279  1.35536e-04
 13 -0.00338  2.43519e-07 | 14 -0.00343  3.79901e-07 | 15 -0.00347 -5.00341e-08
 16 -0.00351 -5.05613e-07 | 17 -0.00354 -3.99198e-07 | 18 -0.00357 -1.70471e-06
 19 -0.00358 -3.36466e-07 | 20 -0.00359  5.98500e-07 | 21 -0.00359  4.29942e-07
 22 -0.00357  3.64798e-06 | 23 -0.00355  1.36722e-06 | 24 -0.00351  1.55751e-06
 25 -0.00345  9.96952e-07 | 26 -0.00338  8.56031e-07 | 27 -0.00330  2.55140e-06
 28 -0.00319  1.34313e-06 | 29 -0.00307 -1.53379e-07 | 30 -0.00294  2.21288e-06
 31 -0.00278 -8.42786e-07 | 32 -0.00261  1.19871e-06 | 33 -0.00241  7.88544e-07
 34 -0.00220  2.75831e-06 | 35 -0.00197  6.94840e-07 | 36 -0.00172  4.65374e-07
 37 -0.00145 -3.31408e-07 | 38 -0.00116  3.26633e-07 | 39 -0.00084  2.05332e-07
 40 -0.00051  4.37919e-07 | 41 -0.00017  8.73600e-07 | 42  0.00019  8.22851e-07
 43  0.00056  9.41839e-07 | 44  0.00094  1.46729e-06 | 45  0.00131  2.27282e-07
 46  0.00166 -1.06525e-06 | 47  0.00199  1.45503e-06 | 48  0.00228  8.54539e-07
 49  0.00252  2.27006e-07 | 50  0.00270  8.20453e-07 | 51  0.00281  1.03603e-06
 52  0.00285  8.32917e-07 | 53  0.00281  1.90320e-06 | 54  0.00270  1.39681e-06
 55  0.00253  1.08867e-06 | 56  0.00231  1.94064e-06 | 57  0.00206  2.63815e-06
 58  0.00182  2.06880e-06 | 59  0.00160  4.63875e-07 | 60  0.00144  1.63794e-06
 61  0.00138  2.26216e-06 | 62  0.00145  1.58087e-06 | 63  0.00167  2.89849e-06
 64  0.00210  1.93473e-06 | 65  0.00275  7.74960e-07 | 66  0.00366  2.67166e-06
 67  0.00485  2.91086e-06 | 68  0.00633  1.58209e-06 | 69  0.00811  1.37121e-06
 70  0.01017  9.22580e-07 | 71  0.01247  1.70808e-06 | 72  0.01494  1.32821e-06
 73  0.01747  2.81229e-06 | 74  0.01990  1.32380e-06 | 75  0.02205  9.75388e-07
 76  0.02369  1.76120e-06 | 77  0.02463  1.34063e-06 | 78  0.02479  1.56305e-06
 79  0.02416  1.66943e-06 | 80  0.02284 -1.17775e-07 | 81  0.02095  1.72254e-06
 82  0.01861  6.29617e-07 | 83  0.01581  4.04002e-07 | 84  0.01253  6.91543e-07
 85  0.00881 -1.91674e-07 | 86  0.00481 -4.21250e-07 | 87  0.00089 -1.87017e-06
 88 -0.00251  6.52740e-07 | 89 -0.00502 -1.29190e-06 | 90 -0.00655 -3.11895e-07
 91 -0.00732 -3.80639e-07 | 92 -0.00771  6.49225e-07 | 93 -0.00787 -6.66435e-08
 94 -0.00740 -2.54649e-07 | 95 -0.00616  2.86007e-07 | 96 -0.00495 -2.50464e-07
 97 -0.00242  8.05545e-07 | 98  0.00134 -1.44244e-06 | 99  0.00665  1.24912e-07
100  0.00862 -1.72825e-07 |101  0.00872  1.13052e-06 |102  0.00751 -3.58902e-07
103 -0.00053  3.90220e-07 |104 -0.00071 -9.73339e-07 |105  0.01527  5.73469e-07
106  0.01120 -2.95738e-07 |107 -0.01130 -5.20386e-07 |108  0.00440 -1.19741e-06
109  0.06365 -3.32103e-06 |110  0.01645 -2.55387e-06 |111 -0.02629 -1.10449e-06
112 -0.01256 -2.02923e-06 |113  0.00129 -2.38032e-06 |114  0.01793 -1.64287e-06
115 -0.01432 -1.35348e-06 |116 -0.07579  2.75939e-07 |117 -0.09175  2.26982e-07
118 -0.08792  4.92031e-07 |119 -0.04768  2.12776e-06 |120  0.07007  1.09211e-05
121  0.02622  7.70074e-06 |122  0.01376  6.35744e-06 |123 -0.03121  3.67476e-06
124 -0.07147  2.51411e-06 |125 -0.02151  2.54866e-06 |126 -0.01357  1.11382e-06
127 -0.04560  6.52908e-07 |128  0.00685  2.74255e-07 |129  0.05416 -1.51014e-06
130 -0.00715  7.04594e-07 |131  0.06998 -1.20939e-06 |132 -0.00281 -7.55071e-07
133  0.12105  1.41236e-06 |134 -0.00936  1.29292e-07 |135 -0.05178 -4.41018e-07
136 -0.06144  5.46627e-08 |137 -0.02624 -2.95270e-07 |138  0.09319 -6.78537e-07
139  0.02692 -2.85449e-07 |140  0.01507 -5.67391e-07 |141 -0.03305 -1.13800e-07
142 -0.01713  5.49882e-08 |143 -0.00622  1.40510e-06 |144 -0.00042 -1.87652e-06
145  0.00000  0.00000e+00 |146  0.00000  0.00000e+00 |147  0.00000  0.00000e+00
148  0.00000  0.00000e+00 |149  0.00000  0.00000e+00 |150  0.00000  0.00000e+00
151  0.00000  0.00000e+00 |152  0.00000  0.00000e+00 |153  0.00000  0.00000e+00
154  0.00000  0.00000e+00 |155  0.00000  0.00000e+00 |156  0.00000  0.00000e+00
157  0.00000  0.00000e+00 |158  0.41463  1.99153e-06 |159  0.30915  1.22133e-05
160  0.04776 -3.71644e-06 |161  0.29461 -1.25057e-06 |162 -0.00501 -2.74147e-06
163 -0.10428 -5.26003e-06 |164 -0.47689 -1.86285e-07 |165  0.31091 -5.74442e-07
166  0.04786 -1.40336e-06 |167 -0.23201  3.11318e-07 |168  0.22137 -1.22543e-06
169 -0.04566  9.87373e-09 |170  0.16827 -2.52047e-07 |171  0.25068 -2.69465e-06
172 -0.00198 -1.84819e-06 |173 -0.08951 -3.55390e-06 |174  0.10935 -1.57681e-06
175  0.29633  1.63431e-06 |176  0.17192 -1.86752e-06 |177  0.24642  3.23056e-06
178 -0.34884  8.97486e-07 |179  0.24314 -1.69584e-06 |180  0.05251  2.62250e-06
181 -0.18666  5.78370e-06 |182  0.19796  1.68817e-07 |183  0.31598 -8.13740e-07
184  0.07782 -4.05001e-07 |185 -0.54847 -1.59105e-10 |186 -0.38380  6.02905e-07
187  0.23523 -1.80183e-06 |188  0.07699  1.15395e-06 |189 -0.11622  3.07700e-07
190  0.05398 -3.11046e-06 |191  0.11990  2.68107e-06 |192  0.32265  5.79314e-06
193  0.27131 -1.86459e-06 |194  0.00277 -1.45994e-06 |195 -0.00272  1.60843e-06
196 -0.15198 -7.70738e-06 |197 -0.11999  1.25188e-06 |198  0.01642  1.89524e-06
199  0.38930 -9.24301e-08 |200  0.01235  4.85117e-07 |201 -0.14805 -2.60170e-07
202  0.83504 -4.66803e-04 |203 -0.14876  3.03080e-06 |204 -0.14836  3.87961e-05
205 -0.02918 -1.15103e-07 |206  0.08315 -4.72971e-08 |207  0.04810  8.76401e-06
208  0.16097 -2.47358e-08 |209 -0.53238  3.77543e-07 |210 -0.55777  2.34994e-06
211  0.17053  5.49116e-07 |212  0.09829  2.69358e-05 |213 -0.26649  1.14618e-05
size of file gradfil1.tmp = 0
size of file gradfil2.tmp = 0
size of file varssave.tmp = 0
size of file cmpdiff.tmp = 1000000040
