
Initial statistics: 136 variables; iteration 0; function evaluation 0; phase 1
Function value 5.2256501e+03; maximum gradient component mag -2.6605e+02
Var    Value     Gradient |Var    Value     Gradient |Var    Value     Gradient
  1 -0.42334  5.84203e+01 |  2 -0.09289 -2.66052e+02 |  3  0.00000  3.59915e+00
  4  0.00000  3.68622e+00 |  5  0.00000  3.77317e+00 |  6  0.00000  3.85968e+00
  7  0.00000  3.94551e+00 |  8  0.00000  4.03022e+00 |  9  0.00000  4.11336e+00
 10  0.00000  4.19451e+00 | 11  0.00000  4.27322e+00 | 12  0.00000  4.34902e+00
 13  0.00000  4.42143e+00 | 14  0.00000  4.48996e+00 | 15  0.00000  4.55405e+00
 16  0.00000  4.61311e+00 | 17  0.00000  4.66644e+00 | 18  0.00000  4.71328e+00
 19  0.00000  4.75291e+00 | 20  0.00000  4.78465e+00 | 21  0.00000  4.80789e+00
 22  0.00000  4.82194e+00 | 23  0.00000  4.82601e+00 | 24  0.00000  4.81916e+00
 25  0.00000  4.80034e+00 | 26  0.00000  4.76839e+00 | 27  0.00000  4.72207e+00
 28  0.00000  4.66025e+00 | 29  0.00000  4.58185e+00 | 30  0.00000  4.48556e+00
 31  0.00000  4.37134e+00 | 32  0.00000  4.23845e+00 | 33  0.00000  4.08650e+00
 34  0.00000  3.91549e+00 | 35  0.00000  3.72551e+00 | 36  0.00000  3.51699e+00
 37  0.00000  3.29064e+00 | 38  0.00000  3.04721e+00 | 39  0.00000  2.78756e+00
 40  0.00000  2.51260e+00 | 41  0.00000  2.22303e+00 | 42  0.00000  1.91901e+00
 43  0.00000  1.59982e+00 | 44  0.00000  1.26279e+00 | 45  0.00000  9.03036e-01
 46  0.00000  5.14008e-01 | 47  0.00000  8.81152e-02 | 48  0.00000 -3.82928e-01
 49  0.00000 -9.07852e-01 | 50  0.00000 -1.49551e+00 | 51  0.00000 -2.15495e+00
 52  0.00000 -2.89465e+00 | 53  0.00000 -3.72233e+00 | 54  0.00000 -4.64462e+00
 55  0.00000 -5.66447e+00 | 56  0.00000 -6.78701e+00 | 57  0.00000 -8.00927e+00
 58  0.00000 -9.32410e+00 | 59  0.00000 -1.07211e+01 | 60  0.00000 -1.21824e+01
 61  0.00000 -1.36845e+01 | 62  0.00000 -1.51954e+01 | 63  0.00000 -1.66781e+01
 64  0.00000 -1.80909e+01 | 65  0.00000 -1.93886e+01 | 66  0.00000 -2.05267e+01
 67  0.00000 -2.14706e+01 | 68  0.00000 -2.21981e+01 | 69  0.00000 -2.27001e+01
 70  0.00000 -2.29806e+01 | 71  0.00000 -2.30421e+01 | 72  0.00000 -2.28785e+01
 73  0.00000 -2.24664e+01 | 74  0.00000 -2.17715e+01 | 75  0.00000 -2.07694e+01
 76  0.00000 -1.94721e+01 | 77  0.00000 -1.79544e+01 | 78  0.00000 -1.63481e+01
 79  0.00000 -1.48167e+01 | 80  0.00000 -1.34851e+01 | 81  0.00000 -1.24096e+01
 82  0.00000 -1.15682e+01 | 83  0.00000 -1.09175e+01 | 84  0.00000 -1.04495e+01
 85  0.00000 -1.02005e+01 | 86  0.00000 -1.02110e+01 | 87  0.00000 -1.04976e+01
 88  0.00000 -1.10838e+01 | 89  0.00000 -1.21730e+01 | 90  0.00000 -1.44292e+01
 91  0.00000 -1.77708e+01 | 92  0.00000 -2.21121e+01 | 93  0.00000 -2.68824e+01
 94  0.00000 -3.27147e+01 | 95  0.00000 -3.89609e+01 | 96  0.00000 -4.39457e+01
 97  0.00000 -4.74456e+01 | 98  0.00000 -4.94614e+01 | 99  0.00000 -4.85261e+01
100  0.00000 -4.30192e+01 |101  0.00000 -3.45494e+01 |102  0.00000 -2.54206e+01
103  0.00000 -1.38791e+01 |104  0.00000  9.77172e-01 |105  0.00000  2.83325e+01
106  0.00000  6.83948e+01 |107  0.00000  9.48734e+01 |108  0.00000  9.86699e+01
109  0.00000  8.58247e+01 |110  0.00000  6.62709e+01 |111  0.00000  5.19077e+01
112  0.00000  4.11041e+01 |113  0.00000  3.36949e+01 |114  0.00000  2.82806e+01
115  0.00000  1.34747e+01 |116  0.00000 -4.59671e+00 |117  0.00000 -1.55619e+01
118  0.00000 -2.25564e+01 |119  0.00000 -2.42886e+01 |120  0.00000 -2.13593e+01
121  0.00000 -1.76764e+01 |122  0.00000 -6.61226e+00 |123  0.00000  2.62173e-02
124  0.00000  4.67743e+00 |125  0.00000  4.97508e+00 |126  0.00000  3.41152e+00
127  0.00000  3.18014e+00 |128  0.00000  8.56395e-02 |129  0.00000 -1.57506e+00
130  0.00000  1.68005e-01 |131  0.00000  6.56061e-01 |132  0.00000  1.72046e-01
133  0.00000  3.74269e-03 |134  0.00000  1.96445e-04 |135  0.27670 -3.68448e+01
136  0.18753 -5.81993e+01 |

Intermediate statistics: 136 variables; iteration 20; function evaluation 26; phase 1
Function value 5.2081984e+03; maximum gradient component mag -8.4208e+01
Var    Value     Gradient |Var    Value     Gradient |Var    Value     Gradient
  1 -0.42685 -3.56667e+01 |  2 -0.10262 -8.42082e+01 |  3 -0.01235 -9.09773e-01
  4 -0.01258 -9.22040e-01 |  5 -0.01279 -9.32252e-01 |  6 -0.01298 -9.40086e-01
  7 -0.01316 -9.45211e-01 |  8 -0.01332 -9.47252e-01 |  9 -0.01346 -9.45830e-01
 10 -0.01358 -9.40565e-01 | 11 -0.01366 -9.31076e-01 | 12 -0.01372 -9.16983e-01
 13 -0.01375 -8.97919e-01 | 14 -0.01374 -8.73533e-01 | 15 -0.01369 -8.43491e-01
 16 -0.01360 -8.07490e-01 | 17 -0.01347 -7.65269e-01 | 18 -0.01329 -7.16637e-01
 19 -0.01306 -6.61479e-01 | 20 -0.01279 -5.99756e-01 | 21 -0.01246 -5.31455e-01
 22 -0.01208 -4.56619e-01 | 23 -0.01165 -3.75365e-01 | 24 -0.01116 -2.87947e-01
 25 -0.01061 -1.94806e-01 | 26 -0.01001 -9.66462e-02 | 27 -0.00936  5.53698e-03
 28 -0.00865  1.10437e-01 | 29 -0.00790  2.16457e-01 | 30 -0.00710  3.21593e-01
 31 -0.00627  4.23962e-01 | 32 -0.00542  5.21136e-01 | 33 -0.00455  6.10536e-01
 34 -0.00369  6.89399e-01 | 35 -0.00285  7.54913e-01 | 36 -0.00204  8.04436e-01
 37 -0.00129  8.35790e-01 | 38 -0.00061  8.47275e-01 | 39 -0.00002  8.37803e-01
 40  0.00046  8.06846e-01 | 41  0.00083  7.54420e-01 | 42  0.00107  6.81203e-01
 43  0.00120  5.88706e-01 | 44  0.00120  4.78956e-01 | 45  0.00110  3.54224e-01
 46  0.00093  2.16931e-01 | 47  0.00072  6.99512e-02 | 48  0.00051 -8.28326e-02
 49  0.00034 -2.36178e-01 | 50  0.00028 -3.83277e-01 | 51  0.00039 -5.15931e-01
 52  0.00074 -6.24850e-01 | 53  0.00141 -7.00875e-01 | 54  0.00248 -7.36586e-01
 55  0.00398 -7.28135e-01 | 56  0.00596 -6.78843e-01 | 57  0.00841 -5.99867e-01
 58  0.01126 -5.12652e-01 | 59  0.01439 -4.48199e-01 | 60  0.01762 -4.42207e-01
 61  0.02074 -5.27314e-01 | 62  0.02354 -7.22191e-01 | 63  0.02583 -1.02496e+00
 64  0.02751 -1.41169e+00 | 65  0.02852 -1.83873e+00 | 66  0.02896 -2.24470e+00
 67  0.02906 -2.55790e+00 | 68  0.02911 -2.71349e+00 | 69  0.02933 -2.68121e+00
 70  0.02969 -2.48216e+00 | 71  0.03003 -2.16323e+00 | 72  0.03018 -1.76209e+00
 73  0.03004 -1.28572e+00 | 74  0.02955 -7.28622e-01 | 75  0.02853 -1.17496e-01
 76  0.02672  4.61684e-01 | 77  0.02397  8.78603e-01 | 78  0.02044  1.01756e+00
 79  0.01659  8.30980e-01 | 80  0.01284  3.38975e-01 | 81  0.00936 -4.10463e-01
 82  0.00607 -1.34836e+00 | 83  0.00296 -2.37947e+00 | 84  0.00015 -3.41819e+00
 85 -0.00224 -4.41408e+00 | 86 -0.00401 -5.30058e+00 | 87 -0.00484 -5.93995e+00
 88 -0.00429 -6.17758e+00 | 89 -0.00232 -6.11237e+00 | 90 -0.00026 -6.50601e+00
 91  0.00190 -7.30802e+00 | 92  0.00391 -8.44858e+00 | 93  0.01832 -7.24699e+00
 94  0.02441 -7.97500e+00 | 95 -0.01118 -1.44705e+01 | 96  0.01925 -9.86303e+00
 97  0.03745 -6.16880e+00 | 98  0.03656 -5.09082e+00 | 99  0.02102 -6.08160e+00
100  0.02647 -3.09372e+00 |101  0.01414 -4.00383e+00 |102  0.00511 -6.10052e+00
103  0.00997 -5.06281e+00 |104  0.02301 -1.92818e+00 |105 -0.00578  1.32027e+00
106 -0.00696  2.11791e+01 |107 -0.04776  1.46264e+01 |108 -0.01616  3.07442e+01
109 -0.02372  1.82774e+01 |110 -0.01705  9.45941e+00 |111  0.00882  1.34403e+01
112  0.01037  1.11944e+01 |113 -0.00335  6.90040e+00 |114 -0.01542  6.13947e+00
115 -0.00759  4.56959e+00 |116  0.02375  4.91605e+00 |117  0.02427  9.62252e-01
118  0.02482 -1.88874e+00 |119  0.02760 -2.51502e+00 |120  0.03304 -7.23033e-01
121  0.03544 -8.41374e-01 |122  0.01467  8.76109e-01 |123 -0.00738 -2.05681e+00
124 -0.02681 -3.97336e+00 |125 -0.02844 -3.75167e+00 |126 -0.01933 -2.06598e+00
127 -0.01698 -1.24811e+00 |128  0.00139  5.74030e-01 |129  0.00750  2.86372e-01
130 -0.00020  1.50358e-01 |131 -0.00301 -9.57970e-02 |132 -0.00076 -1.50798e-02
133 -0.00002 -1.45043e-03 |134 -0.00000 -7.64063e-05 |135  0.28464 -1.76804e+01
136  0.19860 -1.36468e+01 |

 - final statistics:
136 variables; iteration 31; function evaluation 43
Function value 5.2066e+03; maximum gradient component mag -8.2124e+00
Exit code = 1;  converg criter 1.0000e+01
Var    Value     Gradient |Var    Value     Gradient |Var    Value     Gradient
  1 -0.42406  3.77074e+00 |  2 -0.09320 -8.21237e+00 |  3 -0.00914  4.24697e-02
  4 -0.00933  4.35307e-02 |  5 -0.00951  4.42141e-02 |  6 -0.00970  4.44613e-02
  7 -0.00987  4.42109e-02 |  8 -0.01005  4.34039e-02 |  9 -0.01021  4.19815e-02
 10 -0.01037  3.98869e-02 | 11 -0.01052  3.70662e-02 | 12 -0.01066  3.34698e-02
 13 -0.01079  2.90535e-02 | 14 -0.01091  2.37806e-02 | 15 -0.01101  1.76227e-02
 16 -0.01109  1.05643e-02 | 17 -0.01116  2.60496e-03 | 18 -0.01121 -6.23980e-03
 19 -0.01124 -1.59422e-02 | 20 -0.01125 -2.64647e-02 | 21 -0.01123 -3.77662e-02
 22 -0.01119 -4.97811e-02 | 23 -0.01112 -6.24149e-02 | 24 -0.01102 -7.55242e-02
 25 -0.01088 -8.89009e-02 | 26 -0.01071 -1.02253e-01 | 27 -0.01050 -1.15197e-01
 28 -0.01025 -1.27254e-01 | 29 -0.00994 -1.37854e-01 | 30 -0.00959 -1.46301e-01
 31 -0.00919 -1.51966e-01 | 32 -0.00873 -1.54078e-01 | 33 -0.00822 -1.51903e-01
 34 -0.00766 -1.44822e-01 | 35 -0.00705 -1.32429e-01 | 36 -0.00640 -1.14687e-01
 37 -0.00572 -9.20385e-02 | 38 -0.00502 -6.54067e-02 | 39 -0.00433 -3.61556e-02
 40 -0.00366 -5.95256e-03 | 41 -0.00303  2.33911e-02 | 42 -0.00246  5.00759e-02
 43 -0.00196  7.24680e-02 | 44 -0.00153  8.92973e-02 | 45 -0.00118  9.97243e-02
 46 -0.00089  1.03250e-01 | 47 -0.00064  9.94885e-02 | 48 -0.00042  8.79964e-02
 49 -0.00018  6.83627e-02 | 50  0.00008  4.03674e-02 | 51  0.00041  4.45615e-03
 52  0.00085 -3.76159e-02 | 53  0.00146 -8.18720e-02 | 54  0.00228 -1.21252e-01
 55  0.00340 -1.45472e-01 | 56  0.00491 -1.42674e-01 | 57  0.00688 -1.04482e-01
 58  0.00930 -3.54202e-02 | 59  0.01208  3.71598e-02 | 60  0.01499  6.47461e-02
 61  0.01782  9.58815e-03 | 62  0.02059 -1.02925e-01 | 63  0.02361 -1.83323e-01
 64  0.02703 -1.73206e-01 | 65  0.03046 -1.16908e-01 | 66  0.03321 -9.74999e-02
 67  0.03490 -1.41259e-01 | 68  0.03556 -2.15690e-01 | 69  0.03539 -2.83822e-01
 70  0.03453 -3.33985e-01 | 71  0.03310 -3.72121e-01 | 72  0.03110 -4.05910e-01
 73  0.02851 -4.38777e-01 | 74  0.02522 -4.74402e-01 | 75  0.02123 -5.12101e-01
 76  0.01679 -5.38426e-01 | 77  0.01222 -5.66126e-01 | 78  0.00790 -6.23783e-01
 79  0.00456 -6.50915e-01 | 80  0.00271 -5.68053e-01 | 81  0.00217 -4.01585e-01
 82  0.00221 -2.49139e-01 | 83  0.00217 -1.88943e-01 | 84  0.00172 -2.46253e-01
 85  0.00090 -4.05277e-01 | 86 -0.00013 -6.09473e-01 | 87 -0.00126 -7.83246e-01
 88 -0.00252 -8.78523e-01 | 89 -0.00328 -8.53061e-01 | 90 -0.00114 -5.96688e-01
 91  0.00329 -2.43731e-01 | 92  0.00561 -7.53509e-01 | 93  0.01181 -3.30661e-02
 94  0.01412 -7.23858e-01 | 95  0.01858 -1.22992e+00 | 96  0.02329 -6.09227e-01
 97  0.03879  2.46119e+00 | 98  0.01929 -1.73537e+00 | 99  0.02082 -1.29594e+00
100  0.02621  1.39985e+00 |101  0.01120 -4.80709e-01 |102  0.01097 -7.53291e-01
103  0.01649  1.30416e-02 |104  0.02737  2.67846e-01 |105  0.00409 -3.45966e-01
106 -0.02770  3.31685e+00 |107 -0.05210  1.32123e+00 |108 -0.04519  3.42076e+00
109 -0.03216  2.34615e+00 |110 -0.00801  9.89946e-01 |111  0.00352  5.54598e-01
112  0.00686  5.41497e-01 |113 -0.00143  6.45139e-01 |114 -0.01844  6.21667e-01
115 -0.00820  9.17768e-01 |116  0.01637  6.47500e-01 |117  0.02529  6.06555e-01
118  0.03036  2.38404e-01 |119  0.03376  1.55872e-01 |120  0.03109  2.73681e-02
121  0.03692 -8.24941e-02 |122  0.00885 -2.95439e-01 |123 -0.00123 -1.12139e-01
124 -0.01343 -7.34550e-03 |125 -0.01467  2.03498e-01 |126 -0.01129  1.39165e-01
127 -0.01235 -7.94795e-02 |128 -0.00143 -2.00646e-01 |129  0.00741  2.19691e-01
130 -0.00105 -8.28458e-02 |131 -0.00302 -1.05741e-01 |132 -0.00081 -3.11101e-02
133 -0.00001 -2.15103e-04 |134 -0.00000 -1.10538e-05 |135  0.27786 -5.08829e-01
136  0.18984 -4.35394e-01 |

Initial statistics: 146 variables; iteration 0; function evaluation 0; phase 2
Function value 5.2065987e+03; maximum gradient component mag 1.9961e+02
Var    Value     Gradient |Var    Value     Gradient |Var    Value     Gradient
  1 -0.42406  3.77074e+00 |  2  0.37110  5.25044e+01 |  3 -0.12614  1.34864e+02
  4 -0.01321  1.99610e+02 |  5 -0.70915 -3.22930e+00 |  6 -0.60419 -1.07214e+01
  7  0.37628  7.34093e+00 |  8 -0.18524  1.83548e+02 |  9  0.03399  1.39498e+02
 10 -0.60948 -3.78433e+01 | 11 -0.62338 -1.13027e+02 | 12 -0.09320 -8.21237e+00
 13 -0.00914  4.24697e-02 | 14 -0.00933  4.35307e-02 | 15 -0.00951  4.42141e-02
 16 -0.00970  4.44613e-02 | 17 -0.00987  4.42109e-02 | 18 -0.01005  4.34039e-02
 19 -0.01021  4.19815e-02 | 20 -0.01037  3.98869e-02 | 21 -0.01052  3.70662e-02
 22 -0.01066  3.34698e-02 | 23 -0.01079  2.90535e-02 | 24 -0.01091  2.37806e-02
 25 -0.01101  1.76227e-02 | 26 -0.01109  1.05643e-02 | 27 -0.01116  2.60496e-03
 28 -0.01121 -6.23980e-03 | 29 -0.01124 -1.59422e-02 | 30 -0.01125 -2.64647e-02
 31 -0.01123 -3.77662e-02 | 32 -0.01119 -4.97811e-02 | 33 -0.01112 -6.24149e-02
 34 -0.01102 -7.55242e-02 | 35 -0.01088 -8.89009e-02 | 36 -0.01071 -1.02253e-01
 37 -0.01050 -1.15197e-01 | 38 -0.01025 -1.27254e-01 | 39 -0.00994 -1.37854e-01
 40 -0.00959 -1.46301e-01 | 41 -0.00919 -1.51966e-01 | 42 -0.00873 -1.54078e-01
 43 -0.00822 -1.51903e-01 | 44 -0.00766 -1.44822e-01 | 45 -0.00705 -1.32429e-01
 46 -0.00640 -1.14687e-01 | 47 -0.00572 -9.20385e-02 | 48 -0.00502 -6.54067e-02
 49 -0.00433 -3.61556e-02 | 50 -0.00366 -5.95256e-03 | 51 -0.00303  2.33911e-02
 52 -0.00246  5.00759e-02 | 53 -0.00196  7.24680e-02 | 54 -0.00153  8.92973e-02
 55 -0.00118  9.97243e-02 | 56 -0.00089  1.03250e-01 | 57 -0.00064  9.94885e-02
 58 -0.00042  8.79964e-02 | 59 -0.00018  6.83627e-02 | 60  0.00008  4.03674e-02
 61  0.00041  4.45615e-03 | 62  0.00085 -3.76159e-02 | 63  0.00146 -8.18720e-02
 64  0.00228 -1.21252e-01 | 65  0.00340 -1.45472e-01 | 66  0.00491 -1.42674e-01
 67  0.00688 -1.04482e-01 | 68  0.00930 -3.54202e-02 | 69  0.01208  3.71598e-02
 70  0.01499  6.47461e-02 | 71  0.01782  9.58815e-03 | 72  0.02059 -1.02925e-01
 73  0.02361 -1.83323e-01 | 74  0.02703 -1.73206e-01 | 75  0.03046 -1.16908e-01
 76  0.03321 -9.74999e-02 | 77  0.03490 -1.41259e-01 | 78  0.03556 -2.15690e-01
 79  0.03539 -2.83822e-01 | 80  0.03453 -3.33985e-01 | 81  0.03310 -3.72121e-01
 82  0.03110 -4.05910e-01 | 83  0.02851 -4.38777e-01 | 84  0.02522 -4.74402e-01
 85  0.02123 -5.12101e-01 | 86  0.01679 -5.38426e-01 | 87  0.01222 -5.66126e-01
 88  0.00790 -6.23783e-01 | 89  0.00456 -6.50915e-01 | 90  0.00271 -5.68053e-01
 91  0.00217 -4.01585e-01 | 92  0.00221 -2.49139e-01 | 93  0.00217 -1.88943e-01
 94  0.00172 -2.46253e-01 | 95  0.00090 -4.05277e-01 | 96 -0.00013 -6.09473e-01
 97 -0.00126 -7.83246e-01 | 98 -0.00252 -8.78523e-01 | 99 -0.00328 -8.53061e-01
100 -0.00114 -5.96688e-01 |101  0.00329 -2.43731e-01 |102  0.00561 -7.53509e-01
103  0.01181 -3.30661e-02 |104  0.01412 -7.23858e-01 |105  0.01858 -1.22992e+00
106  0.02329 -6.09227e-01 |107  0.03879  2.46119e+00 |108  0.01929 -1.73537e+00
109  0.02082 -1.29594e+00 |110  0.02621  1.39985e+00 |111  0.01120 -4.80709e-01
112  0.01097 -7.53291e-01 |113  0.01649  1.30416e-02 |114  0.02737  2.67846e-01
115  0.00409 -3.45966e-01 |116 -0.02770  3.31685e+00 |117 -0.05210  1.32123e+00
118 -0.04519  3.42076e+00 |119 -0.03216  2.34615e+00 |120 -0.00801  9.89946e-01
121  0.00352  5.54598e-01 |122  0.00686  5.41497e-01 |123 -0.00143  6.45139e-01
124 -0.01844  6.21667e-01 |125 -0.00820  9.17768e-01 |126  0.01637  6.47500e-01
127  0.02529  6.06555e-01 |128  0.03036  2.38404e-01 |129  0.03376  1.55872e-01
130  0.03109  2.73681e-02 |131  0.03692 -8.24941e-02 |132  0.00885 -2.95439e-01
133 -0.00123 -1.12139e-01 |134 -0.01343 -7.34550e-03 |135 -0.01467  2.03498e-01
136 -0.01129  1.39165e-01 |137 -0.01235 -7.94795e-02 |138 -0.00143 -2.00646e-01
139  0.00741  2.19691e-01 |140 -0.00105 -8.28458e-02 |141 -0.00302 -1.05741e-01
142 -0.00081 -3.11101e-02 |143 -0.00001 -2.15103e-04 |144 -0.00000 -1.10538e-05
145  0.27786 -5.08829e-01 |146  0.18984 -4.35394e-01 |

Intermediate statistics: 146 variables; iteration 20; function evaluation 24; phase 2
Function value 5.1895774e+03; maximum gradient component mag -1.3356e+02
Var    Value     Gradient |Var    Value     Gradient |Var    Value     Gradient
  1 -0.42172  9.11218e+01 |  2  0.50676 -3.14283e+01 |  3 -0.09815 -7.51667e+01
  4 -0.13684 -3.70469e+01 |  5 -0.66502 -8.23325e+00 |  6 -0.60395 -7.70295e+01
  7  0.47291  1.53873e+01 |  8 -0.17503  1.17752e+01 |  9 -0.05806  5.39511e+01
 10 -0.53042  3.54179e+00 | 11 -0.61981  1.19694e+02 | 12 -0.05707 -1.33561e+02
 13 -0.00958 -4.43830e-01 | 14 -0.00978 -4.55402e-01 | 15 -0.00998 -4.67310e-01
 16 -0.01017 -4.79567e-01 | 17 -0.01035 -4.92194e-01 | 18 -0.01053 -5.05199e-01
 19 -0.01071 -5.18592e-01 | 20 -0.01087 -5.32385e-01 | 21 -0.01102 -5.46588e-01
 22 -0.01116 -5.61216e-01 | 23 -0.01129 -5.76281e-01 | 24 -0.01140 -5.91795e-01
 25 -0.01150 -6.07771e-01 | 26 -0.01158 -6.24219e-01 | 27 -0.01164 -6.41136e-01
 28 -0.01168 -6.58493e-01 | 29 -0.01169 -6.76244e-01 | 30 -0.01168 -6.94354e-01
 31 -0.01164 -7.12828e-01 | 32 -0.01158 -7.31681e-01 | 33 -0.01149 -7.50922e-01
 34 -0.01136 -7.70535e-01 | 35 -0.01120 -7.90465e-01 | 36 -0.01100 -8.10599e-01
 37 -0.01076 -8.30763e-01 | 38 -0.01048 -8.50738e-01 | 39 -0.01016 -8.70284e-01
 40 -0.00979 -8.89095e-01 | 41 -0.00937 -9.07084e-01 | 42 -0.00891 -9.24035e-01
 43 -0.00841 -9.39785e-01 | 44 -0.00786 -9.54180e-01 | 45 -0.00728 -9.67065e-01
 46 -0.00668 -9.78352e-01 | 47 -0.00606 -9.88090e-01 | 48 -0.00544 -9.96405e-01
 49 -0.00483 -1.00352e+00 | 50 -0.00425 -1.00962e+00 | 51 -0.00370 -1.01473e+00
 52 -0.00320 -1.01869e+00 | 53 -0.00275 -1.02139e+00 | 54 -0.00235 -1.02284e+00
 55 -0.00201 -1.02325e+00 | 56 -0.00169 -1.02299e+00 | 57 -0.00140 -1.02242e+00
 58 -0.00111 -1.02169e+00 | 59 -0.00079 -1.02118e+00 | 60 -0.00041 -1.02111e+00
 61  0.00006 -1.02177e+00 | 62  0.00065 -1.02298e+00 | 63  0.00140 -1.02435e+00
 64  0.00236 -1.02505e+00 | 65  0.00357 -1.02326e+00 | 66  0.00506 -1.01837e+00
 67  0.00688 -1.00925e+00 | 68  0.00903 -9.97492e-01 | 69  0.01150 -9.89024e-01
 70  0.01426 -9.92418e-01 | 71  0.01723 -1.01322e+00 | 72  0.02037 -1.04563e+00
 73  0.02363 -1.07564e+00 | 74  0.02689 -1.09690e+00 | 75  0.02988 -1.11704e+00
 76  0.03229 -1.14433e+00 | 77  0.03390 -1.17834e+00 | 78  0.03459 -1.21448e+00
 79  0.03436 -1.25026e+00 | 80  0.03331 -1.28689e+00 | 81  0.03160 -1.32606e+00
 82  0.02931 -1.36914e+00 | 83  0.02643 -1.41633e+00 | 84  0.02290 -1.46796e+00
 85  0.01873 -1.52560e+00 | 86  0.01408 -1.59134e+00 | 87  0.00933 -1.67349e+00
 88  0.00495 -1.78381e+00 | 89  0.00144 -1.91857e+00 | 90 -0.00089 -2.06535e+00
 91 -0.00207 -2.22809e+00 | 92 -0.00240 -2.41956e+00 | 93 -0.00218 -2.64605e+00
 94 -0.00152 -2.90448e+00 | 95 -0.00041 -3.18829e+00 | 96  0.00098 -3.48767e+00
 97  0.00196 -3.78872e+00 | 98  0.00179 -4.06072e+00 | 99  0.00049 -4.31405e+00
100 -0.00094 -4.57358e+00 |101 -0.00040 -4.74792e+00 |102  0.00225 -4.92112e+00
103  0.00908 -4.46231e+00 |104  0.01470 -4.35524e+00 |105  0.01987 -3.72879e+00
106  0.02490 -2.07328e+00 |107  0.02916  4.06712e-01 |108  0.02766  1.84389e+00
109  0.03126  4.92371e+00 |110  0.03239  8.67080e+00 |111  0.02819  1.04256e+01
112  0.02331  1.14464e+01 |113  0.02199  1.25686e+01 |114  0.03595  1.44145e+01
115  0.01865  1.20887e+01 |116 -0.02174  8.91979e+00 |117 -0.04484  5.36617e+00
118 -0.04639  3.95789e+00 |119 -0.03627  2.12471e+00 |120 -0.00799  1.83780e+00
121  0.01276  6.82890e-01 |122  0.02018 -1.32855e+00 |123 -0.00341 -3.90832e+00
124 -0.01773 -5.17001e+00 |125 -0.01705 -8.16450e+00 |126  0.00970 -9.59311e+00
127  0.01622 -9.43240e+00 |128  0.02130 -8.09301e+00 |129  0.04270 -5.17819e+00
130  0.03642 -3.44826e+00 |131  0.01820 -3.13276e+00 |132  0.02348  1.49245e+00
133  0.00404 -8.72245e-01 |134 -0.01184  9.59071e-01 |135 -0.01865 -3.37317e-01
136 -0.01988 -4.41878e-01 |137 -0.01378 -2.47947e-02 |138 -0.01651 -1.24149e+00
139 -0.00378  8.47085e-02 |140  0.01033  7.24093e-01 |141 -0.00077 -4.41119e-01
142 -0.00484 -7.71270e-02 |143 -0.00156 -4.32276e-02 |144 -0.00005 -4.38260e-04
145  0.21331 -3.48573e+01 |146  0.12275 -6.51515e+01 |

 - final statistics:
146 variables; iteration 35; function evaluation 48
Function value 5.1874e+03; maximum gradient component mag -7.6035e+00
Exit code = 1;  converg criter 1.0000e+01
Var    Value     Gradient |Var    Value     Gradient |Var    Value     Gradient
  1 -0.42523  3.93318e-01 |  2  0.52802 -1.43937e+00 |  3 -0.08922 -7.60353e+00
  4 -0.15865 -3.10902e+00 |  5 -0.66900 -7.67144e-01 |  6 -0.59948 -1.67724e+00
  7  0.48783 -2.24656e-01 |  8 -0.16977  1.10675e+00 |  9 -0.07973  6.58855e-01
 10 -0.50649 -6.01104e-01 | 11 -0.62692 -3.55467e+00 | 12 -0.05357 -4.28231e+00
 13 -0.00950 -2.67770e-02 | 14 -0.00970 -2.77222e-02 | 15 -0.00989 -2.87220e-02
 16 -0.01009 -2.97805e-02 | 17 -0.01027 -3.09030e-02 | 18 -0.01045 -3.20933e-02
 19 -0.01062 -3.33557e-02 | 20 -0.01078 -3.46947e-02 | 21 -0.01093 -3.61145e-02
 22 -0.01107 -3.76196e-02 | 23 -0.01120 -3.92142e-02 | 24 -0.01131 -4.09022e-02
 25 -0.01140 -4.26880e-02 | 26 -0.01148 -4.45760e-02 | 27 -0.01153 -4.65710e-02
 28 -0.01157 -4.86768e-02 | 29 -0.01158 -5.08953e-02 | 30 -0.01156 -5.32260e-02
 31 -0.01152 -5.56690e-02 | 32 -0.01146 -5.82240e-02 | 33 -0.01136 -6.08904e-02
 34 -0.01123 -6.36661e-02 | 35 -0.01107 -6.65477e-02 | 36 -0.01087 -6.95292e-02
 37 -0.01063 -7.26009e-02 | 38 -0.01035 -7.57500e-02 | 39 -0.01003 -7.89599e-02
 40 -0.00966 -8.22064e-02 | 41 -0.00926 -8.54812e-02 | 42 -0.00881 -8.87640e-02
 43 -0.00833 -9.20383e-02 | 44 -0.00781 -9.52851e-02 | 45 -0.00726 -9.84776e-02
 46 -0.00669 -1.01583e-01 | 47 -0.00612 -1.04565e-01 | 48 -0.00554 -1.07382e-01
 49 -0.00499 -1.09986e-01 | 50 -0.00445 -1.12324e-01 | 51 -0.00396 -1.14333e-01
 52 -0.00350 -1.15946e-01 | 53 -0.00310 -1.17110e-01 | 54 -0.00275 -1.17779e-01
 55 -0.00245 -1.17905e-01 | 56 -0.00218 -1.17443e-01 | 57 -0.00193 -1.16347e-01
 58 -0.00166 -1.14557e-01 | 59 -0.00137 -1.12033e-01 | 60 -0.00101 -1.08725e-01
 61 -0.00055 -1.04590e-01 | 62  0.00003 -9.95445e-02 | 63  0.00078 -9.34758e-02
 64  0.00173 -8.62115e-02 | 65  0.00292 -7.74730e-02 | 66  0.00437 -6.70875e-02
 67  0.00613 -5.50409e-02 | 68  0.00820 -4.21593e-02 | 69  0.01059 -3.05255e-02
 70  0.01328 -2.24675e-02 | 71  0.01624 -1.81442e-02 | 72  0.01941 -1.57613e-02
 73  0.02266 -1.56503e-02 | 74  0.02585 -1.89214e-02 | 75  0.02874 -2.46734e-02
 76  0.03110 -3.35993e-02 | 77  0.03270 -4.68055e-02 | 78  0.03339 -6.36236e-02
 79  0.03318 -8.31564e-02 | 80  0.03217 -1.05224e-01 | 81  0.03049 -1.29965e-01
 82  0.02822 -1.57616e-01 | 83  0.02537 -1.88395e-01 | 84  0.02187 -2.22191e-01
 85  0.01772 -2.57840e-01 | 86  0.01311 -2.93673e-01 | 87  0.00839 -3.30055e-01
 88  0.00407 -3.70205e-01 | 89  0.00058 -4.13777e-01 | 90 -0.00181 -4.56431e-01
 91 -0.00313 -4.92884e-01 | 92 -0.00358 -5.15835e-01 | 93 -0.00340 -5.18384e-01
 94 -0.00269 -4.97314e-01 | 95 -0.00145 -4.55482e-01 | 96  0.00014 -4.00010e-01
 97  0.00147 -3.31111e-01 | 98  0.00181 -2.45213e-01 | 99  0.00125 -1.42921e-01
100  0.00088 -4.26365e-02 |101  0.00160  2.30979e-02 |102  0.00480  4.09674e-02
103  0.00951 -1.37194e-02 |104  0.01741 -4.17535e-02 |105  0.02271 -1.20082e-01
106  0.02533 -2.00678e-01 |107  0.02667 -2.71376e-01 |108  0.02870 -2.19523e-01
109  0.03023 -9.21403e-02 |110  0.02675  1.21566e-01 |111  0.02472  3.89113e-01
112  0.02269  4.97228e-01 |113  0.01912  3.19038e-01 |114  0.03191  1.10057e-01
115  0.01649  4.96958e-02 |116 -0.02559  2.77641e-01 |117 -0.04504  3.94401e-01
118 -0.04657  5.66296e-01 |119 -0.03366  7.21087e-01 |120 -0.00962  1.64587e-01
121  0.01131  4.24171e-01 |122  0.02006  6.47688e-01 |123  0.00087  9.68089e-01
124 -0.01466  9.83573e-01 |125 -0.00753  7.47105e-01 |126  0.01828  6.00744e-01
127  0.02313  3.61495e-01 |128  0.03033  4.69018e-01 |129  0.04213  3.67498e-01
130  0.04210  4.25157e-01 |131  0.02893  3.69181e-01 |132  0.01419 -1.71606e-01
133  0.00946  6.59742e-02 |134 -0.01655 -2.63154e-01 |135 -0.01692  2.31622e-02
136 -0.01826  1.58421e-01 |137 -0.01438 -4.75817e-02 |138 -0.01258 -1.19909e-01
139 -0.00658 -1.46653e-01 |140  0.00541 -3.55968e-02 |141  0.00377  9.31709e-02
142 -0.00423 -4.28211e-02 |143 -0.00212 -3.86213e-03 |144 -0.00008 -3.87981e-04
145  0.21648 -6.56576e-01 |146  0.12673  2.93885e-01 |

Initial statistics: 176 variables; iteration 0; function evaluation 0; phase 3
Function value 5.1874227e+03; maximum gradient component mag -2.6260e+02
Var    Value     Gradient |Var    Value     Gradient |Var    Value     Gradient
  1 -0.42523  3.93318e-01 |  2  0.52802 -1.43937e+00 |  3 -0.08922 -7.60353e+00
  4 -0.15865 -3.10902e+00 |  5 -0.66900 -7.67144e-01 |  6 -0.59948 -1.67724e+00
  7  0.48783 -2.24656e-01 |  8 -0.16977  1.10675e+00 |  9 -0.07973  6.58855e-01
 10 -0.50649 -6.01104e-01 | 11 -0.62692 -3.55467e+00 | 12 -0.05357 -4.28231e+00
 13 -0.00950 -2.67770e-02 | 14 -0.00970 -2.77222e-02 | 15 -0.00989 -2.87220e-02
 16 -0.01009 -2.97805e-02 | 17 -0.01027 -3.09030e-02 | 18 -0.01045 -3.20933e-02
 19 -0.01062 -3.33557e-02 | 20 -0.01078 -3.46947e-02 | 21 -0.01093 -3.61145e-02
 22 -0.01107 -3.76196e-02 | 23 -0.01120 -3.92142e-02 | 24 -0.01131 -4.09022e-02
 25 -0.01140 -4.26880e-02 | 26 -0.01148 -4.45760e-02 | 27 -0.01153 -4.65710e-02
 28 -0.01157 -4.86768e-02 | 29 -0.01158 -5.08953e-02 | 30 -0.01156 -5.32260e-02
 31 -0.01152 -5.56690e-02 | 32 -0.01146 -5.82240e-02 | 33 -0.01136 -6.08904e-02
 34 -0.01123 -6.36661e-02 | 35 -0.01107 -6.65477e-02 | 36 -0.01087 -6.95292e-02
 37 -0.01063 -7.26009e-02 | 38 -0.01035 -7.57500e-02 | 39 -0.01003 -7.89599e-02
 40 -0.00966 -8.22064e-02 | 41 -0.00926 -8.54812e-02 | 42 -0.00881 -8.87640e-02
 43 -0.00833 -9.20383e-02 | 44 -0.00781 -9.52851e-02 | 45 -0.00726 -9.84776e-02
 46 -0.00669 -1.01583e-01 | 47 -0.00612 -1.04565e-01 | 48 -0.00554 -1.07382e-01
 49 -0.00499 -1.09986e-01 | 50 -0.00445 -1.12324e-01 | 51 -0.00396 -1.14333e-01
 52 -0.00350 -1.15946e-01 | 53 -0.00310 -1.17110e-01 | 54 -0.00275 -1.17779e-01
 55 -0.00245 -1.17905e-01 | 56 -0.00218 -1.17443e-01 | 57 -0.00193 -1.16347e-01
 58 -0.00166 -1.14557e-01 | 59 -0.00137 -1.12033e-01 | 60 -0.00101 -1.08725e-01
 61 -0.00055 -1.04590e-01 | 62  0.00003 -9.95445e-02 | 63  0.00078 -9.34758e-02
 64  0.00173 -8.62115e-02 | 65  0.00292 -7.74730e-02 | 66  0.00437 -6.70875e-02
 67  0.00613 -5.50409e-02 | 68  0.00820 -4.21593e-02 | 69  0.01059 -3.05255e-02
 70  0.01328 -2.24675e-02 | 71  0.01624 -1.81442e-02 | 72  0.01941 -1.57613e-02
 73  0.02266 -1.56503e-02 | 74  0.02585 -1.89214e-02 | 75  0.02874 -2.46734e-02
 76  0.03110 -3.35993e-02 | 77  0.03270 -4.68055e-02 | 78  0.03339 -6.36236e-02
 79  0.03318 -8.31564e-02 | 80  0.03217 -1.05224e-01 | 81  0.03049 -1.29965e-01
 82  0.02822 -1.57616e-01 | 83  0.02537 -1.88395e-01 | 84  0.02187 -2.22191e-01
 85  0.01772 -2.57840e-01 | 86  0.01311 -2.93673e-01 | 87  0.00839 -3.30055e-01
 88  0.00407 -3.70205e-01 | 89  0.00058 -4.13777e-01 | 90 -0.00181 -4.56431e-01
 91 -0.00313 -4.92884e-01 | 92 -0.00358 -5.15835e-01 | 93 -0.00340 -5.18384e-01
 94 -0.00269 -4.97314e-01 | 95 -0.00145 -4.55482e-01 | 96  0.00014 -4.00010e-01
 97  0.00147 -3.31111e-01 | 98  0.00181 -2.45213e-01 | 99  0.00125 -1.42921e-01
100  0.00088 -4.26365e-02 |101  0.00160  2.30979e-02 |102  0.00480  4.09674e-02
103  0.00951 -1.37194e-02 |104  0.01741 -4.17535e-02 |105  0.02271 -1.20082e-01
106  0.02533 -2.00678e-01 |107  0.02667 -2.71376e-01 |108  0.02870 -2.19523e-01
109  0.03023 -9.21403e-02 |110  0.02675  1.21566e-01 |111  0.02472  3.89113e-01
112  0.02269  4.97228e-01 |113  0.01912  3.19038e-01 |114  0.03191  1.10057e-01
115  0.01649  4.96958e-02 |116 -0.02559  2.77641e-01 |117 -0.04504  3.94401e-01
118 -0.04657  5.66296e-01 |119 -0.03366  7.21087e-01 |120 -0.00962  1.64587e-01
121  0.01131  4.24171e-01 |122  0.02006  6.47688e-01 |123  0.00087  9.68089e-01
124 -0.01466  9.83573e-01 |125 -0.00753  7.47105e-01 |126  0.01828  6.00744e-01
127  0.02313  3.61495e-01 |128  0.03033  4.69018e-01 |129  0.04213  3.67498e-01
130  0.04210  4.25157e-01 |131  0.02893  3.69181e-01 |132  0.01419 -1.71606e-01
133  0.00946  6.59742e-02 |134 -0.01655 -2.63154e-01 |135 -0.01692  2.31622e-02
136 -0.01826  1.58421e-01 |137 -0.01438 -4.75817e-02 |138 -0.01258 -1.19909e-01
139 -0.00658 -1.46653e-01 |140  0.00541 -3.55968e-02 |141  0.00377  9.31709e-02
142 -0.00423 -4.28211e-02 |143 -0.00212 -3.86213e-03 |144 -0.00008 -3.87981e-04
145  0.21648 -6.56576e-01 |146  0.12673  2.93885e-01 |147  0.04662 -7.01246e+01
148  0.29671  5.41871e+01 |149 -0.47544  7.87203e+00 |150  0.31377 -7.69708e+00
151  0.18255 -8.17522e+00 |152  0.25986 -5.22103e+00 |153  0.17459 -3.83651e+01
154  0.25418  3.95916e+01 |155  0.10351 -9.34876e+00 |156  0.29677  1.53186e+01
157  0.16893 -2.68319e+01 |158  0.24623  3.80643e+01 |159 -0.35197 -1.92927e-02
160  0.24281 -2.25038e-01 |161  0.20265 -1.09888e-01 |162  0.31675  3.17573e-01
163 -0.38040  1.36414e-01 |164  0.23607 -5.16353e-02 |165  0.05118 -1.47970e+01
166  0.11969 -6.99607e+01 |167  0.32140  1.50186e+01 |168  0.27252  5.98303e+01
169  0.01343 -2.58159e+01 |170  0.39319  2.19161e+01 |171  0.09932 -2.62598e+02
172  0.16368 -2.24336e+02 |173  0.21870  1.52556e+02 |174  0.25726  2.18253e+02
175 -0.55411 -6.04150e-02 |176  0.17113  3.76931e-02 |

Intermediate statistics: 176 variables; iteration 20; function evaluation 24; phase 3
Function value 5.1812225e+03; maximum gradient component mag 1.8901e+02
Var    Value     Gradient |Var    Value     Gradient |Var    Value     Gradient
  1 -0.42029  7.06920e+01 |  2  0.60498 -1.26709e+01 |  3 -0.06840 -3.24583e+01
  4 -0.23312 -2.94996e+01 |  5 -0.68272  3.50126e+00 |  6 -0.58534  4.43998e+01
  7  0.54366  1.25015e+01 |  8 -0.15908  5.35299e+01 |  9 -0.14372  1.89554e+01
 10 -0.52448  4.91938e+00 | 11 -0.61360  6.86381e+01 | 12 -0.08573 -2.64211e+01
 13 -0.01064 -4.03563e-01 | 14 -0.01088 -4.14418e-01 | 15 -0.01110 -4.25533e-01
 16 -0.01133 -4.36912e-01 | 17 -0.01155 -4.48561e-01 | 18 -0.01176 -4.60484e-01
 19 -0.01197 -4.72685e-01 | 20 -0.01216 -4.85170e-01 | 21 -0.01235 -4.97945e-01
 22 -0.01253 -5.11016e-01 | 23 -0.01269 -5.24389e-01 | 24 -0.01284 -5.38069e-01
 25 -0.01297 -5.52061e-01 | 26 -0.01309 -5.66367e-01 | 27 -0.01318 -5.80988e-01
 28 -0.01326 -5.95927e-01 | 29 -0.01331 -6.11188e-01 | 30 -0.01334 -6.26781e-01
 31 -0.01335 -6.42718e-01 | 32 -0.01332 -6.59011e-01 | 33 -0.01327 -6.75667e-01
 34 -0.01319 -6.92689e-01 | 35 -0.01307 -7.10077e-01 | 36 -0.01292 -7.27818e-01
 37 -0.01273 -7.45898e-01 | 38 -0.01250 -7.64299e-01 | 39 -0.01222 -7.83000e-01
 40 -0.01191 -8.01957e-01 | 41 -0.01155 -8.21194e-01 | 42 -0.01115 -8.40679e-01
 43 -0.01071 -8.60386e-01 | 44 -0.01024 -8.80280e-01 | 45 -0.00974 -9.00299e-01
 46 -0.00922 -9.20350e-01 | 47 -0.00868 -9.40326e-01 | 48 -0.00815 -9.60064e-01
 49 -0.00762 -9.79367e-01 | 50 -0.00712 -9.97999e-01 | 51 -0.00665 -1.01567e+00
 52 -0.00622 -1.03205e+00 | 53 -0.00584 -1.04684e+00 | 54 -0.00551 -1.05980e+00
 55 -0.00521 -1.07070e+00 | 56 -0.00495 -1.07950e+00 | 57 -0.00469 -1.08624e+00
 58 -0.00442 -1.09093e+00 | 59 -0.00411 -1.09373e+00 | 60 -0.00374 -1.09474e+00
 61 -0.00326 -1.09415e+00 | 62 -0.00265 -1.09206e+00 | 63 -0.00187 -1.08863e+00
 64 -0.00089 -1.08410e+00 | 65  0.00033 -1.07844e+00 | 66  0.00182 -1.07242e+00
 67  0.00361 -1.06587e+00 | 68  0.00571 -1.05864e+00 | 69  0.00814 -1.05071e+00
 70  0.01088 -1.04174e+00 | 71  0.01391 -1.03127e+00 | 72  0.01715 -1.01832e+00
 73  0.02050 -1.00156e+00 | 74  0.02378 -9.79174e-01 | 75  0.02679 -9.48630e-01
 76  0.02928 -9.06947e-01 | 77  0.03104 -8.51652e-01 | 78  0.03191 -7.80985e-01
 79  0.03189 -6.94358e-01 | 80  0.03108 -5.92836e-01 | 81  0.02959 -4.77915e-01
 82  0.02750 -3.51306e-01 | 83  0.02482 -2.14590e-01 | 84  0.02148 -6.96550e-02
 85  0.01746  8.08281e-02 | 86  0.01295  2.33777e-01 | 87  0.00830  3.86918e-01
 88  0.00402  5.40488e-01 | 89  0.00055  6.97451e-01 | 90 -0.00186  8.62068e-01
 91 -0.00326  1.03802e+00 | 92 -0.00386  1.22652e+00 | 93 -0.00391  1.42720e+00
 94 -0.00351  1.64045e+00 | 95 -0.00260  1.86817e+00 | 96 -0.00132  2.11044e+00
 97 -0.00025  2.36040e+00 | 98 -0.00017  2.60718e+00 | 99 -0.00106  2.85180e+00
100 -0.00182  3.11846e+00 |101 -0.00239  3.50183e+00 |102  0.00030  3.83640e+00
103  0.00464  4.19029e+00 |104  0.01381  4.33922e+00 |105  0.01899  4.49396e+00
106  0.02147  4.40807e+00 |107  0.02423  3.86844e+00 |108  0.02646  3.26657e+00
109  0.02859  2.47343e+00 |110  0.02614  1.44331e+00 |111  0.02535  2.82726e-01
112  0.02522 -9.56411e-01 |113  0.02060 -1.58776e+00 |114  0.03548 -2.70438e+00
115  0.02107 -2.78605e+00 |116 -0.02128 -1.77638e+00 |117 -0.03983 -1.15294e+00
118 -0.04149 -8.94489e-01 |119 -0.02936 -9.41734e-01 |120 -0.00442 -8.44527e-01
121  0.01794 -6.93497e-01 |122  0.03160 -9.67861e-01 |123  0.01118 -6.15742e-01
124 -0.00602 -1.49830e-02 |125  0.00305  5.26122e-01 |126  0.03878 -9.88827e-02
127  0.04166  5.78493e-01 |128  0.04928  8.21833e-01 |129  0.06113  7.98741e-01
130  0.05881  3.27627e-01 |131  0.04077  8.17790e-02 |132  0.02610  4.60909e-01
133  0.02030  8.44283e-03 |134 -0.00717  9.93196e-02 |135 -0.01185  1.69137e-01
136 -0.01441 -2.25083e-01 |137 -0.01367  1.49442e-01 |138 -0.01214  5.46499e-03
139 -0.00921  3.26995e-01 |140  0.00060  7.66078e-01 |141  0.00450  2.13704e-01
142 -0.00164 -6.27153e-01 |143 -0.00364 -9.46568e-03 |144 -0.00017  1.49344e-02
145  0.25528 -1.45163e+01 |146  0.15764 -1.73489e+01 |147  0.07494  2.99607e+01
148  0.29603 -8.38776e+01 |149 -0.51790  2.33072e+00 |150  0.35579 -2.95487e+00
151  0.21042  6.79867e+00 |152  0.26332 -2.02023e+01 |153  0.19928  8.11403e+00
154  0.25525 -1.89984e+01 |155  0.13972  4.13936e-01 |156  0.30138  7.85729e+00
157  0.19951  2.61781e+01 |158  0.25045 -3.89386e+01 |159 -0.34766 -1.69005e+00
160  0.24498 -3.00123e-01 |161  0.20331 -1.03079e-01 |162  0.31405  3.30996e-01
163 -0.38132  1.06914e-01 |164  0.23662 -5.44736e-02 |165  0.06377  7.14571e+00
166  0.14659  5.40260e+01 |167  0.31439 -1.82770e+01 |168  0.26784 -9.15364e+01
169  0.02995 -1.50859e+01 |170  0.37377  1.13429e+01 |171  0.10888 -9.25100e+01
172  0.18017 -1.64065e+02 |173  0.21757  1.90671e+00 |174  0.25785  1.89007e+02
175 -0.54706 -3.58056e+00 |176  0.17083 -5.07245e-02 |
176 variables; iteration 40; function evaluation 46; phase 3
Function value 5.1798156e+03; maximum gradient component mag 9.0472e+01
Var    Value     Gradient |Var    Value     Gradient |Var    Value     Gradient
  1 -0.42186  3.13033e+01 |  2  0.60070  1.89429e+00 |  3 -0.06813 -8.38109e-01
  4 -0.23109 -4.25688e-01 |  5 -0.67741  5.79244e+00 |  6 -0.58655  2.78216e+01
  7  0.54261  9.18047e+00 |  8 -0.16031  3.39078e+01 |  9 -0.14211  1.31298e+01
 10 -0.52401  1.55798e+00 | 11 -0.61509  3.58756e+01 | 12 -0.10254  3.04376e+01
 13 -0.01048 -2.16332e-01 | 14 -0.01070 -2.22889e-01 | 15 -0.01093 -2.29645e-01
 16 -0.01115 -2.36605e-01 | 17 -0.01137 -2.43777e-01 | 18 -0.01158 -2.51164e-01
 19 -0.01178 -2.58772e-01 | 20 -0.01197 -2.66609e-01 | 21 -0.01216 -2.74686e-01
 22 -0.01233 -2.83013e-01 | 23 -0.01249 -2.91601e-01 | 24 -0.01264 -3.00460e-01
 25 -0.01277 -3.09597e-01 | 26 -0.01288 -3.19014e-01 | 27 -0.01297 -3.28708e-01
 28 -0.01305 -3.38680e-01 | 29 -0.01310 -3.48939e-01 | 30 -0.01313 -3.59514e-01
 31 -0.01313 -3.70442e-01 | 32 -0.01310 -3.81754e-01 | 33 -0.01305 -3.93468e-01
 34 -0.01297 -4.05583e-01 | 35 -0.01285 -4.18089e-01 | 36 -0.01270 -4.30963e-01
 37 -0.01251 -4.44186e-01 | 38 -0.01228 -4.57751e-01 | 39 -0.01201 -4.71662e-01
 40 -0.01169 -4.85918e-01 | 41 -0.01133 -5.00577e-01 | 42 -0.01094 -5.15639e-01
 43 -0.01050 -5.31094e-01 | 44 -0.01003 -5.46911e-01 | 45 -0.00954 -5.63024e-01
 46 -0.00902 -5.79343e-01 | 47 -0.00849 -5.95760e-01 | 48 -0.00795 -6.12111e-01
 49 -0.00743 -6.28186e-01 | 50 -0.00693 -6.43723e-01 | 51 -0.00646 -6.58415e-01
 52 -0.00603 -6.71941e-01 | 53 -0.00565 -6.84052e-01 | 54 -0.00531 -6.94540e-01
 55 -0.00501 -7.03225e-01 | 56 -0.00474 -7.09995e-01 | 57 -0.00447 -7.14796e-01
 58 -0.00419 -7.17573e-01 | 59 -0.00386 -7.18439e-01 | 60 -0.00346 -7.17529e-01
 61 -0.00296 -7.15114e-01 | 62 -0.00232 -7.11426e-01 | 63 -0.00151 -7.06798e-01
 64 -0.00049 -7.01626e-01 | 65  0.00078 -6.96052e-01 | 66  0.00231 -6.90862e-01
 67  0.00414 -6.86034e-01 | 68  0.00629 -6.81602e-01 | 69  0.00877 -6.77932e-01
 70  0.01157 -6.74928e-01 | 71  0.01466 -6.71508e-01 | 72  0.01798 -6.65097e-01
 73  0.02143 -6.54200e-01 | 74  0.02483 -6.38718e-01 | 75  0.02797 -6.18604e-01
 76  0.03059 -5.93862e-01 | 77  0.03245 -5.64253e-01 | 78  0.03341 -5.26683e-01
 79  0.03348 -4.76251e-01 | 80  0.03274 -4.11560e-01 | 81  0.03135 -3.31437e-01
 82  0.02936 -2.36774e-01 | 83  0.02677 -1.28453e-01 | 84  0.02350 -7.96365e-03
 85  0.01954  1.22104e-01 | 86  0.01504  2.59136e-01 | 87  0.01038  4.00684e-01
 88  0.00605  5.46854e-01 | 89  0.00249  7.01158e-01 | 90 -0.00004  8.69546e-01
 91 -0.00161  1.05609e+00 | 92 -0.00243  1.26147e+00 | 93 -0.00278  1.48238e+00
 94 -0.00274  1.71325e+00 | 95 -0.00223  1.94761e+00 | 96 -0.00135  2.17732e+00
 97 -0.00060  2.39377e+00 | 98 -0.00061  2.59686e+00 | 99 -0.00134  2.80404e+00
100 -0.00176  3.03125e+00 |101  0.00053  3.57541e+00 |102  0.00407  3.88832e+00
103  0.00959  4.19562e+00 |104  0.01396  3.75906e+00 |105  0.01950  3.73137e+00
106  0.02264  3.43419e+00 |107  0.02082  2.28664e+00 |108  0.02313  1.64493e+00
109  0.02539  9.66897e-01 |110  0.02220  1.94247e-01 |111  0.02031 -2.41155e-01
112  0.01841 -2.62754e-01 |113  0.02168  1.08216e+00 |114  0.03566  1.95918e+00
115  0.02028  1.95784e+00 |116 -0.02233  1.34275e+00 |117 -0.04277  6.17197e-01
118 -0.04411  7.38517e-01 |119 -0.03125  9.94442e-01 |120 -0.00541  1.45710e+00
121  0.01800  1.51540e+00 |122  0.02706 -3.64299e-01 |123  0.00767 -5.00163e-01
124 -0.00586  6.10958e-01 |125  0.00460  1.20465e+00 |126  0.03086 -1.47267e+00
127  0.03802  2.37472e-01 |128  0.04969  1.42828e+00 |129  0.06183  1.57166e+00
130  0.05676  6.06034e-01 |131  0.03492 -5.27394e-01 |132  0.02061 -4.27736e-01
133  0.01659 -5.94697e-01 |134 -0.00940 -2.62150e-01 |135 -0.01217  1.82081e-01
136 -0.01682 -7.68830e-01 |137 -0.01305  3.48157e-01 |138 -0.01237 -2.70810e-02
139 -0.00743  8.12608e-01 |140  0.00490  1.78539e+00 |141  0.00242 -2.99059e-01
142 -0.00830 -2.10338e+00 |143 -0.00412 -5.28670e-02 |144 -0.00007  4.53124e-02
145  0.26834  3.14653e+00 |146  0.14269  1.67076e+01 |147  0.07631  9.43659e+00
148  0.29806 -3.43423e+01 |149 -0.52521 -5.28258e-01 |150  0.47614 -2.64317e-01
151  0.21482  9.70418e+00 |152  0.26511 -1.37153e+01 |153  0.19848 -3.01416e+00
154  0.25581 -2.03832e+00 |155  0.13724  4.09845e+00 |156  0.29920 -8.42135e+00
157  0.19456  1.42381e+01 |158  0.24835 -2.47069e+01 |159 -0.24425  6.95099e-01
160  0.28665 -1.42257e-01 |161  0.23824  1.01240e-01 |162  0.14506 -7.95374e-03
163 -0.41594  3.19467e-02 |164  0.25868 -3.09082e-02 |165  0.06600  4.54161e+00
166  0.14471  2.09456e+01 |167  0.31765 -5.35604e+00 |168  0.27014 -4.05178e+01
169  0.03939 -9.46583e-01 |170  0.37665  1.00266e+01 |171  0.11062 -5.49675e+01
172  0.18211 -9.01526e+01 |173  0.21893  1.56071e+00 |174  0.25711  9.04722e+01
175 -0.36737  4.48886e+00 |176  0.12737  3.19583e-01 |
176 variables; iteration 60; function evaluation 73; phase 3
Function value 5.1792139e+03; maximum gradient component mag -1.8865e+01
Var    Value     Gradient |Var    Value     Gradient |Var    Value     Gradient
  1 -0.42278  1.37948e+01 |  2  0.60280  3.32308e+00 |  3 -0.06680  4.40923e+00
  4 -0.23360  3.54080e+00 |  5 -0.68243  1.08513e+00 |  6 -0.58606  4.22367e+00
  7  0.54424  3.53791e+00 |  8 -0.16104  9.91413e+00 |  9 -0.14371  5.54181e+00
 10 -0.52195  8.75416e-02 | 11 -0.61593  6.32539e+00 | 12 -0.11311 -1.54820e+01
 13 -0.01024 -1.00596e-01 | 14 -0.01046 -1.04729e-01 | 15 -0.01068 -1.09069e-01
 16 -0.01090 -1.13624e-01 | 17 -0.01111 -1.18398e-01 | 18 -0.01132 -1.23399e-01
 19 -0.01152 -1.28633e-01 | 20 -0.01171 -1.34110e-01 | 21 -0.01189 -1.39837e-01
 22 -0.01206 -1.45826e-01 | 23 -0.01221 -1.52090e-01 | 24 -0.01235 -1.58642e-01
 25 -0.01248 -1.65497e-01 | 26 -0.01259 -1.72670e-01 | 27 -0.01268 -1.80175e-01
 28 -0.01275 -1.88027e-01 | 29 -0.01280 -1.96250e-01 | 30 -0.01283 -2.04877e-01
 31 -0.01283 -2.13951e-01 | 32 -0.01280 -2.23516e-01 | 33 -0.01275 -2.33610e-01
 34 -0.01266 -2.44264e-01 | 35 -0.01254 -2.55498e-01 | 36 -0.01239 -2.67323e-01
 37 -0.01220 -2.79742e-01 | 38 -0.01198 -2.92752e-01 | 39 -0.01171 -3.06345e-01
 40 -0.01140 -3.20491e-01 | 41 -0.01105 -3.35195e-01 | 42 -0.01065 -3.50414e-01
 43 -0.01022 -3.66101e-01 | 44 -0.00976 -3.82194e-01 | 45 -0.00926 -3.98610e-01
 46 -0.00874 -4.15245e-01 | 47 -0.00821 -4.31994e-01 | 48 -0.00768 -4.48718e-01
 49 -0.00716 -4.65273e-01 | 50 -0.00666 -4.81510e-01 | 51 -0.00619 -4.97253e-01
 52 -0.00576 -5.12283e-01 | 53 -0.00537 -5.26440e-01 | 54 -0.00504 -5.39563e-01
 55 -0.00474 -5.51537e-01 | 56 -0.00446 -5.62412e-01 | 57 -0.00420 -5.72349e-01
 58 -0.00392 -5.81436e-01 | 59 -0.00361 -5.89929e-01 | 60 -0.00322 -5.98016e-01
 61 -0.00273 -6.06007e-01 | 62 -0.00211 -6.14015e-01 | 63 -0.00131 -6.22179e-01
 64 -0.00031 -6.30516e-01 | 65  0.00094 -6.38447e-01 | 66  0.00246 -6.45684e-01
 67  0.00430 -6.50518e-01 | 68  0.00648 -6.51483e-01 | 69  0.00902 -6.48107e-01
 70  0.01189 -6.42172e-01 | 71  0.01506 -6.36022e-01 | 72  0.01847 -6.28997e-01
 73  0.02201 -6.20935e-01 | 74  0.02546 -6.18971e-01 | 75  0.02857 -6.30399e-01
 76  0.03116 -6.40964e-01 | 77  0.03317 -6.17457e-01 | 78  0.03449 -5.53921e-01
 79  0.03492 -4.83083e-01 | 80  0.03439 -4.30615e-01 | 81  0.03297 -4.06564e-01
 82  0.03086 -3.94776e-01 | 83  0.02819 -3.69706e-01 | 84  0.02498 -3.14344e-01
 85  0.02115 -2.40687e-01 | 86  0.01671 -1.84048e-01 | 87  0.01198 -1.62362e-01
 88  0.00756 -1.55864e-01 | 89  0.00401 -1.42900e-01 | 90  0.00155 -1.25673e-01
 91  0.00008 -1.15209e-01 | 92 -0.00067 -1.18849e-01 | 93 -0.00098 -1.40570e-01
 94 -0.00095 -1.83988e-01 | 95 -0.00053 -2.49247e-01 | 96  0.00022 -3.22792e-01
 97  0.00081 -3.80053e-01 | 98  0.00048 -4.13942e-01 | 99 -0.00072 -4.09281e-01
100 -0.00088 -1.55672e-01 |101 -0.00123 -8.80382e-03 |102  0.00170  1.85445e-01
103  0.00311 -3.90191e-01 |104  0.01238 -3.15571e-01 |105  0.01578 -4.88178e-01
106  0.01976  3.76872e-02 |107  0.02107 -2.01086e-01 |108  0.02188 -2.52195e-01
109  0.02312 -8.65060e-02 |110  0.02214  6.12027e-01 |111  0.02386  1.66033e+00
112  0.02305  1.87786e+00 |113  0.02110  2.41069e+00 |114  0.03009  9.50589e-01
115  0.01678  5.62939e-01 |116 -0.02628  1.40775e-01 |117 -0.04284  9.93555e-01
118 -0.04508  9.15505e-01 |119 -0.03465  3.10371e-01 |120 -0.00853  1.23835e+00
121  0.01544  2.24845e+00 |122  0.03219  2.69870e+00 |123  0.00781  1.21529e+00
124 -0.00806  1.35353e+00 |125 -0.00134  9.49586e-01 |126  0.03103  2.00947e-03
127  0.04289  2.18254e+00 |128  0.05233  2.35066e+00 |129  0.05096  7.62032e-03
130  0.04891 -5.43528e-01 |131  0.03889  3.25432e-01 |132  0.02132  8.46276e-03
133  0.01233 -1.36555e+00 |134 -0.01170 -7.34664e-01 |135 -0.01295  1.22093e-01
136 -0.01623 -4.85422e-01 |137 -0.01409  1.56912e-01 |138 -0.01308 -1.82467e-01
139 -0.00975  2.34275e-01 |140 -0.00452 -5.17568e-01 |141  0.00448  2.17652e-01
142  0.00341  7.51139e-01 |143 -0.00355  6.61254e-02 |144 -0.00032 -1.34842e-02
145  0.28506 -4.03449e+00 |146  0.18503 -3.18246e+00 |147  0.07894 -3.46139e+00
148  0.29999  2.98380e+00 |149 -0.52300  1.60457e-01 |150  0.47572 -2.75254e-01
151  0.21486 -1.11588e+00 |152  0.26517  4.12743e+00 |153  0.20115 -1.70390e+00
154  0.25702  1.57400e+00 |155  0.13477 -2.33543e+00 |156  0.29814  6.09045e-01
157  0.19434  3.69337e-01 |158  0.24904 -1.54524e+00 |159 -0.27170 -5.50483e-01
160  0.38506 -4.34961e-02 |161  0.12925  9.66962e-02 |162  0.07171  1.68069e-03
163 -0.42000 -6.78765e-03 |164  0.28130 -1.61780e-02 |165  0.06408 -1.16168e+00
166  0.14612  1.56073e+00 |167  0.31675 -8.51593e-01 |168  0.27312 -2.88259e+00
169  0.03782 -3.25042e-01 |170  0.37130 -1.04309e-01 |171  0.11309 -1.62252e+01
172  0.18553 -1.88653e+01 |173  0.22067  4.02817e+00 |174  0.25729  1.40825e+01
175 -0.50671 -5.14855e-01 |176  0.13428 -3.02530e-02 |
Maximum number of function evaluations exceeded

 - final statistics:
176 variables; iteration 78; function evaluation 100
Function value 5.1791e+03; maximum gradient component mag -3.1308e+00
Exit code = 3;  converg criter 1.0000e+00
Var    Value     Gradient |Var    Value     Gradient |Var    Value     Gradient
  1 -0.42276  6.42245e-01 |  2  0.60115  8.88869e-01 |  3 -0.06712  1.87490e+00
  4 -0.23277  1.78806e+00 |  5 -0.68268  9.23830e-02 |  6 -0.58589 -2.40241e-01
  7  0.54511  2.00642e-01 |  8 -0.16119 -3.88562e-01 |  9 -0.14500  3.82449e-01
 10 -0.52084  1.80339e-01 | 11 -0.61593 -5.18783e-01 | 12 -0.11866 -3.13085e+00
 13 -0.01016  1.52385e-02 | 14 -0.01038  1.55998e-02 | 15 -0.01059  1.59002e-02
 16 -0.01080  1.61387e-02 | 17 -0.01101  1.63173e-02 | 18 -0.01121  1.64405e-02
 19 -0.01140  1.65159e-02 | 20 -0.01158  1.65535e-02 | 21 -0.01175  1.65653e-02
 22 -0.01191  1.65643e-02 | 23 -0.01206  1.65642e-02 | 24 -0.01219  1.65781e-02
 25 -0.01231  1.66179e-02 | 26 -0.01241  1.66935e-02 | 27 -0.01249  1.68119e-02
 28 -0.01254  1.69768e-02 | 29 -0.01258  1.71878e-02 | 30 -0.01259  1.74402e-02
 31 -0.01257  1.77254e-02 | 32 -0.01253  1.80315e-02 | 33 -0.01246  1.83444e-02
 34 -0.01236  1.86479e-02 | 35 -0.01222  1.89250e-02 | 36 -0.01205  1.91597e-02
 37 -0.01184  1.93393e-02 | 38 -0.01160  1.94587e-02 | 39 -0.01131  1.95237e-02
 40 -0.01097  1.95520e-02 | 41 -0.01060  1.95787e-02 | 42 -0.01018  1.96444e-02
 43 -0.00972  1.97907e-02 | 44 -0.00923  2.00482e-02 | 45 -0.00871  2.04271e-02
 46 -0.00817  2.09106e-02 | 47 -0.00761  2.14562e-02 | 48 -0.00706  2.20015e-02
 49 -0.00651  2.24770e-02 | 50 -0.00599  2.28199e-02 | 51 -0.00550  2.29816e-02
 52 -0.00505  2.29260e-02 | 53 -0.00465  2.26382e-02 | 54 -0.00431  2.21115e-02
 55 -0.00400  2.13474e-02 | 56 -0.00373  2.03679e-02 | 57 -0.00346  1.92079e-02
 58 -0.00319  1.78903e-02 | 59 -0.00287  1.64577e-02 | 60 -0.00248  1.49445e-02
 61 -0.00199  1.34042e-02 | 62 -0.00136  1.18686e-02 | 63 -0.00055  1.03775e-02
 64  0.00047  8.96407e-03 | 65  0.00174  7.60089e-03 | 66  0.00329  6.21309e-03
 67  0.00515  4.15093e-03 | 68  0.00732  3.22913e-04 | 69  0.00983 -5.39006e-03
 70  0.01267 -1.06475e-02 | 71  0.01583 -1.47299e-02 | 72  0.01921 -2.07646e-02
 73  0.02272 -2.59711e-02 | 74  0.02626 -2.11001e-02 | 75  0.02932 -6.00272e-02
 76  0.03170 -1.29358e-01 | 77  0.03394 -9.07099e-02 | 78  0.03525 -6.07862e-02
 79  0.03540 -7.54712e-02 | 80  0.03487 -6.21844e-02 | 81  0.03364 -4.74956e-02
 82  0.03133 -1.16908e-01 | 83  0.02852 -1.63708e-01 | 84  0.02540 -1.34663e-01
 85  0.02136 -1.45976e-01 | 86  0.01681 -1.53202e-01 | 87  0.01213 -1.57925e-01
 88  0.00783 -1.57973e-01 | 89  0.00434 -1.59276e-01 | 90  0.00187 -1.65175e-01
 91  0.00042 -1.70746e-01 | 92 -0.00028 -1.74468e-01 | 93 -0.00046 -1.75530e-01
 94 -0.00022 -1.73011e-01 | 95  0.00049 -1.66265e-01 | 96  0.00155 -1.55816e-01
 97  0.00232 -1.43585e-01 | 98  0.00201 -1.30730e-01 | 99  0.00059 -1.23670e-01
100 -0.00102 -1.63046e-01 |101 -0.00272 -1.78714e-01 |102 -0.00118 -2.14468e-01
103  0.00256 -8.31891e-02 |104  0.01243 -5.47979e-02 |105  0.01602 -9.62725e-02
106  0.01709 -8.91759e-02 |107  0.02085 -9.31804e-03 |108  0.02245  7.16437e-02
109  0.02411  1.29727e-01 |110  0.02185  1.31287e-01 |111  0.02092  5.34536e-02
112  0.02152 -3.31310e-03 |113  0.01563 -8.01528e-02 |114  0.03066 -6.39593e-02
115  0.01595 -9.52850e-02 |116 -0.02638  1.95507e-02 |117 -0.04529  1.62425e-02
118 -0.04692  3.89375e-02 |119 -0.03366  1.99653e-01 |120 -0.00984 -4.46507e-02
121  0.01233 -2.48157e-02 |122  0.02711 -1.23831e-01 |123  0.00758  6.30284e-02
124 -0.01020  6.44899e-02 |125 -0.00267  1.86712e-03 |126  0.03608  1.75548e-01
127  0.03603 -3.77087e-02 |128  0.04315 -2.03230e-02 |129  0.05393  7.53641e-02
130  0.05337  1.99765e-01 |131  0.03592  1.34064e-01 |132  0.01961  2.42673e-02
133  0.01733  2.12979e-01 |134 -0.00949  5.96874e-02 |135 -0.01358  2.23932e-02
136 -0.01426  9.11438e-02 |137 -0.01465 -1.47979e-04 |138 -0.01245 -2.13114e-02
139 -0.01072 -4.21069e-02 |140 -0.00226  2.79097e-02 |141  0.00354 -3.85583e-02
142 -0.00006 -8.57953e-02 |143 -0.00388 -1.10100e-02 |144 -0.00027  1.45873e-03
145  0.29580 -2.00055e+00 |146  0.20623  3.65276e-01 |147  0.07977 -3.08721e-01
148  0.30001  7.60139e-01 |149 -0.52112 -9.02655e-03 |150  0.52791 -1.13552e-01
151  0.21461 -6.18491e-01 |152  0.26458  8.15161e-01 |153  0.20171  2.97135e-02
154  0.25707  1.67732e-02 |155  0.13852 -3.35469e-02 |156  0.29927  5.29049e-01
157  0.19524 -3.59228e-01 |158  0.24949  7.82575e-01 |159 -0.28235 -2.29885e-01
160  0.41936 -1.70040e-02 |161  0.05905 -1.12028e-01 |162 -0.00878  1.13817e-02
163 -0.41603  1.35010e-03 |164  0.32904 -6.11188e-03 |165  0.06585  2.13668e-02
166  0.14638 -6.29467e-01 |167  0.31749  3.47915e-01 |168  0.27343  1.03920e+00
169  0.03835  7.96255e-02 |170  0.37159 -4.99732e-02 |171  0.11394  1.11339e+00
172  0.18685  1.90223e+00 |173  0.22120  3.84104e-01 |174  0.25769 -1.38888e+00
175 -0.57172  1.31852e-01 |176  0.16139 -1.29143e-03 |

Initial statistics: 200 variables; iteration 0; function evaluation 0; phase 4
Function value 5.1791180e+03; maximum gradient component mag -7.6547e+01
Var    Value     Gradient |Var    Value     Gradient |Var    Value     Gradient
  1 -0.42276  6.42245e-01 |  2  0.60115  8.88869e-01 |  3 -0.06712  1.87490e+00
  4 -0.23277  1.78806e+00 |  5 -0.68268  9.23830e-02 |  6 -0.58589 -2.40241e-01
  7  0.54511  2.00642e-01 |  8 -0.16119 -3.88562e-01 |  9 -0.14500  3.82449e-01
 10 -0.52084  1.80339e-01 | 11 -0.61593 -5.18783e-01 | 12 -0.11866 -3.13085e+00
 13 -0.01016  1.52385e-02 | 14 -0.01038  1.55998e-02 | 15 -0.01059  1.59002e-02
 16 -0.01080  1.61387e-02 | 17 -0.01101  1.63173e-02 | 18 -0.01121  1.64405e-02
 19 -0.01140  1.65159e-02 | 20 -0.01158  1.65535e-02 | 21 -0.01175  1.65653e-02
 22 -0.01191  1.65643e-02 | 23 -0.01206  1.65642e-02 | 24 -0.01219  1.65781e-02
 25 -0.01231  1.66179e-02 | 26 -0.01241  1.66935e-02 | 27 -0.01249  1.68119e-02
 28 -0.01254  1.69768e-02 | 29 -0.01258  1.71878e-02 | 30 -0.01259  1.74402e-02
 31 -0.01257  1.77254e-02 | 32 -0.01253  1.80315e-02 | 33 -0.01246  1.83444e-02
 34 -0.01236  1.86479e-02 | 35 -0.01222  1.89250e-02 | 36 -0.01205  1.91597e-02
 37 -0.01184  1.93393e-02 | 38 -0.01160  1.94587e-02 | 39 -0.01131  1.95237e-02
 40 -0.01097  1.95520e-02 | 41 -0.01060  1.95787e-02 | 42 -0.01018  1.96444e-02
 43 -0.00972  1.97907e-02 | 44 -0.00923  2.00482e-02 | 45 -0.00871  2.04271e-02
 46 -0.00817  2.09106e-02 | 47 -0.00761  2.14562e-02 | 48 -0.00706  2.20015e-02
 49 -0.00651  2.24770e-02 | 50 -0.00599  2.28199e-02 | 51 -0.00550  2.29816e-02
 52 -0.00505  2.29260e-02 | 53 -0.00465  2.26382e-02 | 54 -0.00431  2.21115e-02
 55 -0.00400  2.13474e-02 | 56 -0.00373  2.03679e-02 | 57 -0.00346  1.92079e-02
 58 -0.00319  1.78903e-02 | 59 -0.00287  1.64577e-02 | 60 -0.00248  1.49445e-02
 61 -0.00199  1.34042e-02 | 62 -0.00136  1.18686e-02 | 63 -0.00055  1.03775e-02
 64  0.00047  8.96407e-03 | 65  0.00174  7.60089e-03 | 66  0.00329  6.21309e-03
 67  0.00515  4.15093e-03 | 68  0.00732  3.22913e-04 | 69  0.00983 -5.39006e-03
 70  0.01267 -1.06475e-02 | 71  0.01583 -1.47299e-02 | 72  0.01921 -2.07646e-02
 73  0.02272 -2.59711e-02 | 74  0.02626 -2.11001e-02 | 75  0.02932 -6.00272e-02
 76  0.03170 -1.29358e-01 | 77  0.03394 -9.07099e-02 | 78  0.03525 -6.07862e-02
 79  0.03540 -7.54712e-02 | 80  0.03487 -6.21844e-02 | 81  0.03364 -4.74956e-02
 82  0.03133 -1.16908e-01 | 83  0.02852 -1.63708e-01 | 84  0.02540 -1.34663e-01
 85  0.02136 -1.45976e-01 | 86  0.01681 -1.53202e-01 | 87  0.01213 -1.57925e-01
 88  0.00783 -1.57973e-01 | 89  0.00434 -1.59276e-01 | 90  0.00187 -1.65175e-01
 91  0.00042 -1.70746e-01 | 92 -0.00028 -1.74468e-01 | 93 -0.00046 -1.75530e-01
 94 -0.00022 -1.73011e-01 | 95  0.00049 -1.66265e-01 | 96  0.00155 -1.55816e-01
 97  0.00232 -1.43585e-01 | 98  0.00201 -1.30730e-01 | 99  0.00059 -1.23670e-01
100 -0.00102 -1.63046e-01 |101 -0.00272 -1.78714e-01 |102 -0.00118 -2.14468e-01
103  0.00256 -8.31891e-02 |104  0.01243 -5.47979e-02 |105  0.01602 -9.62725e-02
106  0.01709 -8.91759e-02 |107  0.02085 -9.31804e-03 |108  0.02245  7.16437e-02
109  0.02411  1.29727e-01 |110  0.02185  1.31287e-01 |111  0.02092  5.34536e-02
112  0.02152 -3.31310e-03 |113  0.01563 -8.01528e-02 |114  0.03066 -6.39593e-02
115  0.01595 -9.52850e-02 |116 -0.02638  1.95507e-02 |117 -0.04529  1.62425e-02
118 -0.04692  3.89375e-02 |119 -0.03366  1.99653e-01 |120 -0.00984 -4.46507e-02
121  0.01233 -2.48157e-02 |122  0.02711 -1.23831e-01 |123  0.00758  6.30284e-02
124 -0.01020  6.44899e-02 |125 -0.00267  1.86712e-03 |126  0.03608  1.75548e-01
127  0.03603 -3.77087e-02 |128  0.04315 -2.03230e-02 |129  0.05393  7.53641e-02
130  0.05337  1.99765e-01 |131  0.03592  1.34064e-01 |132  0.01961  2.42673e-02
133  0.01733  2.12979e-01 |134 -0.00949  5.96874e-02 |135 -0.01358  2.23932e-02
136 -0.01426  9.11438e-02 |137 -0.01465 -1.47979e-04 |138 -0.01245 -2.13114e-02
139 -0.01072 -4.21069e-02 |140 -0.00226  2.79097e-02 |141  0.00354 -3.85583e-02
142 -0.00006 -8.57953e-02 |143 -0.00388 -1.10100e-02 |144 -0.00027  1.45873e-03
145  0.29580 -2.00055e+00 |146  0.20623  3.65276e-01 |147  0.07977 -3.08721e-01
148  0.30001  7.60139e-01 |149  0.01638 -2.41453e-01 |150 -0.11477  6.53753e+00
151 -0.52112 -9.02655e-03 |152  0.52791 -1.13552e-01 |153  0.04878 -1.40671e+01
154 -0.23502 -6.77695e+00 |155  0.21461 -6.18491e-01 |156  0.26458  8.15161e-01
157  0.20171  2.97135e-02 |158  0.25707  1.67732e-02 |159  0.00587  5.69658e+00
160 -0.09827  4.20017e+00 |161  0.13852 -3.35469e-02 |162  0.29927  5.29049e-01
163  0.19524 -3.59228e-01 |164  0.24949  7.82575e-01 |165 -0.28235 -2.29885e-01
166  0.41936 -1.70040e-02 |167  0.05275 -8.87303e-01 |168 -0.18762 -2.66404e+00
169  0.05905 -1.12028e-01 |170 -0.00878  1.13817e-02 |171  0.07774  5.81090e-01
172 -0.53183 -3.26951e-03 |173 -0.41603  1.35010e-03 |174  0.32904 -6.11188e-03
175  0.07820  9.25031e-01 |176 -0.12196  2.01046e+00 |177  0.06585  2.13668e-02
178  0.14638 -6.29467e-01 |179  0.31749  3.47915e-01 |180  0.27343  1.03920e+00
181  0.00546  2.57919e-01 |182  0.00907 -7.90019e+00 |183 -0.15012 -2.89270e+01
184 -0.12571 -1.70770e+01 |185  0.03835  7.96255e-02 |186  0.37159 -4.99732e-02
187  0.01863  2.82793e+00 |188 -0.15435 -6.23730e+00 |189  0.11394  1.11339e+00
190  0.18685  1.90223e+00 |191  0.22120  3.84104e-01 |192  0.25769 -1.38888e+00
193  0.02453 -3.08943e+01 |194 -0.00648 -3.09105e+01 |195 -0.17628 -1.01352e+01
196 -0.11429 -7.65465e+01 |197 -0.57172  1.31852e-01 |198  0.16139 -1.29143e-03
199  0.09511  6.68694e+00 |200 -0.25343  4.13634e+00 |

Intermediate statistics: 200 variables; iteration 20; function evaluation 23; phase 4
Function value 5.1782983e+03; maximum gradient component mag -3.5661e+01
Var    Value     Gradient |Var    Value     Gradient |Var    Value     Gradient
  1 -0.42353 -3.05390e+01 |  2  0.60846 -1.12271e+01 |  3 -0.06702 -2.45544e+01
  4 -0.23893 -2.56978e+01 |  5 -0.68633 -4.22778e+00 |  6 -0.58434 -1.64409e+01
  7  0.55194  1.18191e+01 |  8 -0.16192  3.26506e+01 |  9 -0.14982  1.77255e+01
 10 -0.52469  5.28259e+00 | 11 -0.61375  3.32274e+01 | 12 -0.12930  8.40277e+00
 13 -0.00996  6.74853e-02 | 14 -0.01017  6.91072e-02 | 15 -0.01038  7.07661e-02
 16 -0.01058  7.24599e-02 | 17 -0.01078  7.41903e-02 | 18 -0.01097  7.59492e-02
 19 -0.01116  7.77296e-02 | 20 -0.01133  7.95252e-02 | 21 -0.01150  8.13280e-02
 22 -0.01165  8.31298e-02 | 23 -0.01179  8.49215e-02 | 24 -0.01191  8.66933e-02
 25 -0.01202  8.84348e-02 | 26 -0.01212  9.01349e-02 | 27 -0.01219  9.17829e-02
 28 -0.01224  9.33687e-02 | 29 -0.01227  9.48840e-02 | 30 -0.01228  9.63207e-02
 31 -0.01226  9.76753e-02 | 32 -0.01222  9.89404e-02 | 33 -0.01214  1.00107e-01
 34 -0.01204  1.01163e-01 | 35 -0.01190  1.02091e-01 | 36 -0.01173  1.02873e-01
 37 -0.01152  1.03489e-01 | 38 -0.01127  1.03918e-01 | 39 -0.01098  1.04139e-01
 40 -0.01065  1.04108e-01 | 41 -0.01028  1.03831e-01 | 42 -0.00987  1.03263e-01
 43 -0.00942  1.02366e-01 | 44 -0.00894  1.01101e-01 | 45 -0.00842  9.94264e-02
 46 -0.00789  9.73025e-02 | 47 -0.00735  9.47033e-02 | 48 -0.00681  9.16011e-02
 49 -0.00628  8.79748e-02 | 50 -0.00578  8.38044e-02 | 51 -0.00531  7.90690e-02
 52 -0.00488  7.37514e-02 | 53 -0.00450  6.78592e-02 | 54 -0.00418  6.14115e-02
 55 -0.00390  5.44324e-02 | 56 -0.00364  4.69434e-02 | 57 -0.00340  3.89464e-02
 58 -0.00315  3.04238e-02 | 59 -0.00286  2.13642e-02 | 60 -0.00249  1.17610e-02
 61 -0.00202  1.61361e-03 | 62 -0.00142 -9.07148e-03 | 63 -0.00063 -2.02833e-02
 64  0.00037 -3.20162e-02 | 65  0.00161 -4.42342e-02 | 66  0.00314 -5.69895e-02
 67  0.00498 -7.01055e-02 | 68  0.00715 -8.33166e-02 | 69  0.00966 -9.67831e-02
 70  0.01250 -1.11383e-01 | 71  0.01565 -1.27474e-01 | 72  0.01904 -1.44314e-01
 73  0.02255 -1.62705e-01 | 74  0.02602 -1.84437e-01 | 75  0.02928 -1.98556e-01
 76  0.03207 -2.09122e-01 | 77  0.03402 -2.37694e-01 | 78  0.03510 -2.62782e-01
 79  0.03530 -2.79377e-01 | 80  0.03465 -2.98314e-01 | 81  0.03329 -3.15864e-01
 82  0.03139 -3.17176e-01 | 83  0.02884 -3.18166e-01 | 84  0.02551 -3.30335e-01
 85  0.02151 -3.30573e-01 | 86  0.01698 -3.27847e-01 | 87  0.01229 -3.23016e-01
 88  0.00795 -3.17838e-01 | 89  0.00441 -3.11646e-01 | 90  0.00192 -3.02728e-01
 91  0.00043 -2.91802e-01 | 92 -0.00030 -2.77303e-01 | 93 -0.00055 -2.57104e-01
 94 -0.00039 -2.29517e-01 | 95  0.00024 -1.92946e-01 | 96  0.00120 -1.45170e-01
 97  0.00190 -8.43735e-02 | 98  0.00155 -1.33931e-02 | 99  0.00013  5.99284e-02
100 -0.00122  1.36661e-01 |101 -0.00293  1.86854e-01 |102 -0.00119  2.01170e-01
103  0.00179  1.13819e-01 |104  0.01159 -1.48950e-01 |105  0.01538 -1.52003e-01
106  0.01641 -1.69316e-01 |107  0.01983 -3.79618e-01 |108  0.02109 -2.62056e-01
109  0.02250 -8.54574e-02 |110  0.02026  5.50338e-02 |111  0.01987  4.26216e-01
112  0.02079  7.91773e-01 |113  0.01490  1.11660e+00 |114  0.02953  1.33333e+00
115  0.01488  1.10809e+00 |116 -0.02781  5.94444e-01 |117 -0.04668  3.27141e-01
118 -0.04838  1.38501e-01 |119 -0.03597 -7.83661e-02 |120 -0.01143 -8.65144e-02
121  0.01022 -2.44654e-01 |122  0.02561 -3.86773e-01 |123  0.00554 -3.95637e-01
124 -0.01177 -3.30476e-01 |125 -0.00396 -1.82065e-01 |126  0.03390 -1.84476e-01
127  0.03581 -9.60884e-02 |128  0.04351  9.78498e-02 |129  0.05464  3.73606e-01
130  0.05406  5.51052e-01 |131  0.03736  5.26393e-01 |132  0.02116  5.65982e-01
133  0.01830  2.27929e-01 |134 -0.00871  1.77867e-01 |135 -0.01305  7.31414e-02
136 -0.01408  2.74316e-02 |137 -0.01444  9.64743e-02 |138 -0.01187  3.67397e-02
139 -0.01016  1.17596e-01 |140 -0.00239  1.77962e-01 |141  0.00386  1.75361e-01
142  0.00101  8.17368e-02 |143 -0.00360  3.20655e-02 |144 -0.00034  2.30537e-02
145  0.30345 -1.55161e+00 |146  0.23179  1.02151e+01 |147  0.08213 -2.98731e+00
148  0.30026  9.75411e+00 |149  0.01639  9.72423e-01 |150 -0.11325  8.32801e+00
151 -0.55285  2.12966e+00 |152  0.52902 -9.25900e-02 |153  0.06024 -2.56627e+00
154 -0.21427  3.14096e+00 |155  0.21849  3.90093e+00 |156  0.26450 -7.56198e+00
157  0.21103  2.68452e+00 |158  0.26059  3.41656e-01 |159 -0.00689  2.87344e-01
160 -0.09549  7.57381e+00 |161  0.14499  3.89840e+00 |162  0.29989 -7.07121e+00
163  0.20064  3.30151e+00 |164  0.25092 -3.37033e+00 |165 -0.28197 -1.37335e-01
166  0.41950 -1.37795e-02 |167  0.05361 -5.31254e-01 |168 -0.18328 -2.01066e+00
169  0.06035 -1.91796e-01 |170 -0.00891  1.96829e-02 |171  0.07242  4.71815e-01
172 -0.53180 -3.23419e-03 |173 -0.41591 -7.42288e-02 |174  0.32910 -8.64363e-03
175  0.06910  8.53312e-01 |176 -0.14429  3.21248e+00 |177  0.07575  7.77022e-01
178  0.14320 -7.22308e-01 |179  0.32405  8.52727e+00 |180  0.27079 -8.50716e+00
181 -0.00664  3.63034e+00 |182  0.01289 -4.99212e+00 |183 -0.13366 -2.66322e+00
184 -0.12430 -1.15781e+01 |185  0.04867  8.02772e-01 |186  0.37304 -9.80981e-01
187  0.00771 -1.18890e-01 |188 -0.14705 -1.65379e+00 |189  0.11300 -3.56614e+01
190  0.18465 -1.96806e+01 |191  0.22093  3.25103e+01 |192  0.25686  3.16452e+01
193  0.02604 -2.41877e+01 |194 -0.00052 -1.36291e+01 |195 -0.17488 -3.78919e+00
196 -0.11182 -2.30213e+01 |197 -0.56748  2.54960e+00 |198  0.16146  2.23547e-02
199  0.09467  3.55269e+01 |200 -0.27138  7.94087e+00 |
200 variables; iteration 40; function evaluation 44; phase 4
Function value 5.1769793e+03; maximum gradient component mag -3.8264e+01
Var    Value     Gradient |Var    Value     Gradient |Var    Value     Gradient
  1 -0.42326 -4.92298e+00 |  2  0.62317  7.47201e-01 |  3 -0.06576 -2.26285e+01
  4 -0.24801 -1.34739e+01 |  5 -0.69091 -2.59266e+00 |  6 -0.58318 -2.67634e+01
  7  0.56825  2.55709e+01 |  8 -0.16203  2.96027e+01 |  9 -0.16000  2.93776e+01
 10 -0.52622  7.53269e+00 | 11 -0.61435  9.08086e+00 | 12 -0.13334 -3.51778e+00
 13 -0.01006 -1.81982e-01 | 14 -0.01027 -1.87369e-01 | 15 -0.01048 -1.92849e-01
 16 -0.01069 -1.98428e-01 | 17 -0.01089 -2.04135e-01 | 18 -0.01108 -2.09970e-01
 19 -0.01127 -2.15947e-01 | 20 -0.01145 -2.22088e-01 | 21 -0.01162 -2.28419e-01
 22 -0.01177 -2.34969e-01 | 23 -0.01192 -2.41767e-01 | 24 -0.01204 -2.48846e-01
 25 -0.01216 -2.56235e-01 | 26 -0.01225 -2.63961e-01 | 27 -0.01233 -2.72047e-01
 28 -0.01239 -2.80513e-01 | 29 -0.01243 -2.89377e-01 | 30 -0.01244 -2.98658e-01
 31 -0.01242 -3.08388e-01 | 32 -0.01239 -3.18588e-01 | 33 -0.01232 -3.29284e-01
 34 -0.01222 -3.40499e-01 | 35 -0.01209 -3.52252e-01 | 36 -0.01193 -3.64559e-01
 37 -0.01173 -3.77436e-01 | 38 -0.01149 -3.90912e-01 | 39 -0.01121 -4.05022e-01
 40 -0.01088 -4.19740e-01 | 41 -0.01052 -4.35270e-01 | 42 -0.01012 -4.51645e-01
 43 -0.00968 -4.68939e-01 | 44 -0.00921 -4.87225e-01 | 45 -0.00872 -5.06524e-01
 46 -0.00820 -5.26820e-01 | 47 -0.00768 -5.48091e-01 | 48 -0.00715 -5.70255e-01
 49 -0.00664 -5.93233e-01 | 50 -0.00616 -6.16951e-01 | 51 -0.00571 -6.41318e-01
 52 -0.00531 -6.66188e-01 | 53 -0.00496 -6.91452e-01 | 54 -0.00466 -7.16925e-01
 55 -0.00441 -7.42366e-01 | 56 -0.00419 -7.67633e-01 | 57 -0.00398 -7.92668e-01
 58 -0.00377 -8.17301e-01 | 59 -0.00351 -8.41549e-01 | 60 -0.00319 -8.65287e-01
 61 -0.00276 -8.88479e-01 | 62 -0.00219 -9.10808e-01 | 63 -0.00145 -9.32018e-01
 64 -0.00049 -9.51861e-01 | 65  0.00071 -9.69583e-01 | 66  0.00220 -9.85349e-01
 67  0.00400 -9.97359e-01 | 68  0.00615 -1.00337e+00 | 69  0.00866 -1.00225e+00
 70  0.01152 -9.94998e-01 | 71  0.01470 -9.80805e-01 | 72  0.01815 -9.54942e-01
 73  0.02175 -9.18634e-01 | 74  0.02529 -8.78408e-01 | 75  0.02881 -7.88839e-01
 76  0.03196 -6.65520e-01 | 77  0.03392 -6.12166e-01 | 78  0.03502 -5.39223e-01
 79  0.03537 -4.24564e-01 | 80  0.03474 -3.24152e-01 | 81  0.03337 -2.22551e-01
 82  0.03171 -5.41660e-02 | 83  0.02930  9.69843e-02 | 84  0.02581  1.76302e-01
 85  0.02178  2.80179e-01 | 86  0.01718  3.65453e-01 | 87  0.01240  4.28612e-01
 88  0.00794  4.61426e-01 | 89  0.00426  4.64017e-01 | 90  0.00161  4.31682e-01
 91 -0.00006  3.51020e-01 | 92 -0.00097  2.16493e-01 | 93 -0.00122  3.38254e-02
 94 -0.00070 -1.76149e-01 | 95  0.00105 -3.75074e-01 | 96  0.00443 -5.19184e-01
 97  0.00906 -6.21545e-01 | 98  0.01306 -8.26414e-01 | 99  0.01362 -1.24757e+00
100  0.00935 -1.62456e+00 |101 -0.00823 -1.10644e+00 |102 -0.01341 -9.42630e-01
103 -0.01664 -9.30029e-01 |104  0.01043 -1.83861e+00 |105  0.00713 -1.42533e+00
106  0.00259 -6.90068e-01 |107  0.02026 -3.41972e-01 |108  0.01821  9.02628e-01
109  0.01971  2.46420e+00 |110  0.02680  3.94570e+00 |111  0.03311  5.09789e+00
112  0.04114  5.24586e+00 |113  0.00825  4.93100e+00 |114  0.02633  4.22238e+00
115  0.01359  2.55746e+00 |116 -0.02881  1.23798e+00 |117 -0.04650  1.21763e+00
118 -0.04719  1.71663e+00 |119 -0.03429  2.31920e+00 |120 -0.01193  3.68674e+00
121  0.00491  5.27991e+00 |122  0.01920  6.88593e+00 |123  0.00519  5.61877e+00
124  0.00863  3.87876e+00 |125  0.00308  2.86191e+00 |126  0.02386  1.43568e+00
127  0.03712 -1.55392e-01 |128  0.05833 -1.54829e+00 |129  0.04333 -3.03750e+00
130  0.02885 -3.31519e+00 |131  0.02886 -2.17107e+00 |132  0.00850 -1.10928e+00
133  0.02711 -6.82532e-01 |134 -0.00284 -3.81827e-01 |135  0.00926 -6.99338e-01
136 -0.00895 -3.58919e-01 |137 -0.01505 -1.52902e-01 |138  0.00362 -1.65505e-01
139 -0.00237 -1.38708e-01 |140 -0.00048 -2.57528e-01 |141  0.00381 -8.82259e-02
142 -0.00365  3.32193e-01 |143 -0.00188  1.57180e-01 |144 -0.00284  7.79166e-02
145  0.35825  3.17055e+00 |146  0.47169  3.34202e-01 |147  0.08504 -1.51991e+00
148  0.30114  1.54060e+01 |149  0.01675  2.43488e+00 |150 -0.11306  1.19086e+00
151 -0.84081  1.81674e+00 |152  0.53868 -7.78739e-04 |153  0.09867  1.50086e+01
154 -0.23247  3.74708e+00 |155  0.21773 -4.93198e+00 |156  0.26396 -2.13930e+00
157  0.21226  3.93722e+00 |158  0.26055 -1.61080e+00 |159 -0.00763  1.04108e+00
160 -0.09286  1.10581e+01 |161  0.15072  1.54300e+01 |162  0.29973 -3.69794e+01
163  0.19999 -1.06364e+01 |164  0.25055  1.50151e+01 |165 -0.28502  8.99669e-01
166  0.42102 -4.59218e-03 |167  0.03191  2.69655e+00 |168 -0.20135  7.22174e+00
169  0.08831 -9.63867e-02 |170 -0.01323  6.23292e-03 |171  0.02954 -8.71839e-03
172 -0.53140 -2.78279e-03 |173 -0.41704  5.92918e-02 |174  0.33046 -3.75857e-02
175 -0.00213 -8.53932e-01 |176 -0.32256  6.60531e-01 |177  0.07798 -5.84649e+00
178  0.14868  1.29627e+01 |179  0.32518  6.19655e+00 |180  0.27153 -2.55178e+01
181 -0.02295 -2.05616e+00 |182  0.00922 -5.45476e-01 |183 -0.12016  2.42108e+01
184 -0.12163 -7.46701e-01 |185  0.05768  1.31794e+00 |186  0.37608  5.08939e+00
187  0.00552  1.95144e-01 |188 -0.15208 -9.07989e+00 |189  0.11334 -3.82637e+01
190  0.18032 -2.98331e+01 |191  0.22016  1.85568e+01 |192  0.25437  2.41353e+01
193  0.02581 -3.07094e+01 |194  0.00930  8.19561e+00 |195 -0.17327 -1.13426e+00
196 -0.11163 -2.22069e+01 |197 -0.67536  6.64029e-01 |198  0.16031 -9.09457e-03
199  0.04029  8.92496e+00 |200 -0.38770  2.51628e+00 |
200 variables; iteration 60; function evaluation 66; phase 4
Function value 5.1759592e+03; maximum gradient component mag 4.2021e+01
Var    Value     Gradient |Var    Value     Gradient |Var    Value     Gradient
  1 -0.42272  2.15039e+01 |  2  0.60812 -8.78831e+00 |  3 -0.06779  3.54416e-02
  4 -0.23404  1.87733e+00 |  5 -0.69372 -3.70853e-01 |  6 -0.58545 -1.66403e+01
  7  0.55686  5.10243e+00 |  8 -0.16253  1.31216e+01 |  9 -0.14711  2.16413e+01
 10 -0.52899  6.37838e+00 | 11 -0.61543  5.51566e+00 | 12 -0.12173  1.85031e+01
 13 -0.00985 -7.74115e-02 | 14 -0.01006 -7.92255e-02 | 15 -0.01027 -8.12960e-02
 16 -0.01047 -8.36230e-02 | 17 -0.01067 -8.61636e-02 | 18 -0.01086 -8.89205e-02
 19 -0.01105 -9.18711e-02 | 20 -0.01122 -9.49727e-02 | 21 -0.01139 -9.81781e-02
 22 -0.01154 -1.01432e-01 | 23 -0.01168 -1.04679e-01 | 24 -0.01181 -1.07864e-01
 25 -0.01192 -1.10941e-01 | 26 -0.01201 -1.13878e-01 | 27 -0.01208 -1.16655e-01
 28 -0.01213 -1.19265e-01 | 29 -0.01216 -1.21707e-01 | 30 -0.01216 -1.23987e-01
 31 -0.01214 -1.26092e-01 | 32 -0.01209 -1.28042e-01 | 33 -0.01201 -1.29870e-01
 34 -0.01190 -1.31633e-01 | 35 -0.01176 -1.33403e-01 | 36 -0.01158 -1.35258e-01
 37 -0.01136 -1.37265e-01 | 38 -0.01111 -1.39447e-01 | 39 -0.01081 -1.41791e-01
 40 -0.01047 -1.44339e-01 | 41 -0.01009 -1.46778e-01 | 42 -0.00967 -1.49048e-01
 43 -0.00922 -1.51039e-01 | 44 -0.00872 -1.52682e-01 | 45 -0.00820 -1.54005e-01
 46 -0.00765 -1.55123e-01 | 47 -0.00709 -1.56187e-01 | 48 -0.00653 -1.57438e-01
 49 -0.00599 -1.59103e-01 | 50 -0.00547 -1.61365e-01 | 51 -0.00498 -1.64353e-01
 52 -0.00454 -1.68159e-01 | 53 -0.00414 -1.72768e-01 | 54 -0.00380 -1.78237e-01
 55 -0.00350 -1.84733e-01 | 56 -0.00322 -1.92444e-01 | 57 -0.00296 -2.01586e-01
 58 -0.00269 -2.12484e-01 | 59 -0.00237 -2.25307e-01 | 60 -0.00197 -2.40293e-01
 61 -0.00147 -2.57610e-01 | 62 -0.00082 -2.77628e-01 | 63  0.00001 -3.00733e-01
 64  0.00106 -3.27444e-01 | 65  0.00237 -3.58663e-01 | 66  0.00397 -3.95793e-01
 67  0.00588 -4.42794e-01 | 68  0.00809 -5.05681e-01 | 69  0.01060 -5.87364e-01
 70  0.01345 -6.81460e-01 | 71  0.01660 -7.87817e-01 | 72  0.01991 -9.20259e-01
 73  0.02332 -1.06913e+00 | 74  0.02682 -1.20044e+00 | 75  0.02914 -1.50127e+00
 76  0.03027 -1.90647e+00 | 77  0.03268 -1.94721e+00 | 78  0.03395 -2.01590e+00
 79  0.03334 -2.21957e+00 | 80  0.03238 -2.31362e+00 | 81  0.03072 -2.37797e+00
 82  0.02671 -2.70459e+00 | 83  0.02255 -2.92574e+00 | 84  0.01928 -2.82839e+00
 85  0.01461 -2.82431e+00 | 86  0.00962 -2.74608e+00 | 87  0.00470 -2.59542e+00
 88  0.00040 -2.35850e+00 | 89 -0.00291 -2.04661e+00 | 90 -0.00493 -1.64622e+00
 91 -0.00548 -1.10105e+00 | 92 -0.00461 -3.69165e-01 | 93 -0.00244  5.65088e-01
 94  0.00092  1.66978e+00 | 95  0.00528  2.83068e+00 | 96  0.00999  3.81499e+00
 97  0.01396  4.34469e+00 | 98  0.01720  4.40546e+00 | 99  0.02170  4.26397e+00
100  0.02574  3.54105e+00 |101 -0.00531  6.25769e-01 |102 -0.01839 -5.15864e-01
103 -0.03132 -5.22876e-01 |104  0.01767  1.64406e+00 |105  0.00695  1.01280e+00
106 -0.00937  1.11398e+00 |107  0.02628  4.44027e+00 |108  0.01966  5.68158e+00
109  0.01419  7.45678e+00 |110  0.02411  8.76997e+00 |111  0.02998  9.15842e+00
112  0.05854  9.00980e+00 |113  0.00002  9.93351e-01 |114  0.02251 -1.55390e+00
115  0.01157 -3.55074e+00 |116 -0.03429 -2.98177e+00 |117 -0.05027 -1.64076e+00
118 -0.04909 -4.30594e-01 |119 -0.02904  7.41355e-01 |120 -0.00363 -1.82038e-01
121  0.00675 -2.00626e+00 |122 -0.00801 -1.06803e+00 |123 -0.02123  4.90809e+00
124  0.03156  8.17219e+00 |125  0.01446  2.38481e+00 |126  0.00772 -1.12572e+00
127  0.02170 -2.55720e+00 |128  0.06208 -6.98933e+00 |129  0.03779 -1.11794e+01
130  0.00903 -1.12290e+01 |131  0.02766 -8.17663e+00 |132 -0.00516 -1.83003e+00
133  0.03216  3.91182e+00 |134 -0.00626  7.75080e+00 |135  0.04565  6.54555e+00
136 -0.00192  3.30858e+00 |137 -0.02019  3.57538e+00 |138  0.02103  4.53351e+00
139  0.00809  2.93309e+00 |140  0.01005  2.22867e+00 |141  0.00920  1.04457e+00
142 -0.01620 -1.17485e+00 |143  0.00322 -3.53018e-01 |144 -0.00540 -1.28272e-01
145  0.64349  1.43742e+00 |146  0.69040  4.62064e+00 |147  0.07492 -7.66115e+00
148  0.29887  7.11324e+00 |149  0.02106  3.30546e-02 |150 -0.11534 -1.92767e-01
151 -0.81892  1.45424e+00 |152  0.55874 -2.20786e-04 |153  0.09731  7.29579e+00
154 -0.23112  4.13465e+00 |155  0.20867 -1.32556e+01 |156  0.26303  7.83197e+00
157  0.20584  7.33008e+00 |158  0.25885 -8.72623e+00 |159 -0.00024  4.28295e+00
160 -0.09577  1.06118e+01 |161  0.14410  8.16994e+00 |162  0.30099 -1.24106e+01
163  0.18608 -1.91714e+01 |164  0.24553  1.63967e+01 |165 -0.40594  1.13323e+00
166  0.42653  8.95952e-03 |167 -0.04694  1.32532e+00 |168 -0.32483  2.71648e+00
169  0.15302 -1.74910e-01 |170 -0.01792  2.67339e-02 |171 -0.05164 -1.77580e-02
172 -0.52991 -1.53446e-03 |173 -0.47017  2.77545e+00 |174  0.34824 -7.83382e-02
175 -0.08924  3.44070e+00 |176 -0.40621  3.11176e+00 |177  0.07187 -7.79627e+00
178  0.13820  4.65012e+00 |179  0.32096 -4.25474e+00 |180  0.26990 -7.93848e+00
181 -0.02143 -6.66518e+00 |182  0.02132  1.06832e+01 |183 -0.12814  1.76443e+01
184 -0.12604 -8.55307e+00 |185  0.03367 -1.28809e+00 |186  0.37327  4.53547e+00
187  0.02398  5.91010e+00 |188 -0.15364 -4.88814e+00 |189  0.11052 -2.30765e+01
190  0.17605 -1.64665e+01 |191  0.21851 -8.16263e+00 |192  0.25388  6.22494e+00
193  0.02687 -3.23741e+01 |194  0.01057  1.57355e+01 |195 -0.17648 -1.71744e+01
196 -0.11337 -6.85329e+00 |197 -0.86753  3.15255e+00 |198  0.15261  4.37015e-03
199  0.01471  4.20206e+01 |200 -0.58690  2.57520e-01 |
200 variables; iteration 80; function evaluation 91; phase 4
Function value 5.1743252e+03; maximum gradient component mag -5.3568e+01
Var    Value     Gradient |Var    Value     Gradient |Var    Value     Gradient
  1 -0.42132  2.09288e+01 |  2  0.60214  3.64470e+01 |  3 -0.06790  2.78275e+01
  4 -0.23377  3.11985e+01 |  5 -0.68495  6.43991e+00 |  6 -0.58386  1.99963e+01
  7  0.56055  1.47699e-01 |  8 -0.16099 -2.07283e+01 |  9 -0.15750 -1.30915e+01
 10 -0.52439  1.99162e+00 | 11 -0.61483 -8.03209e+00 | 12 -0.13405 -4.48726e+01
 13 -0.00956  1.11929e-01 | 14 -0.00976  1.15530e-01 | 15 -0.00996  1.18949e-01
 16 -0.01015  1.22180e-01 | 17 -0.01034  1.25277e-01 | 18 -0.01052  1.28220e-01
 19 -0.01069  1.31020e-01 | 20 -0.01086  1.33713e-01 | 21 -0.01102  1.36333e-01
 22 -0.01116  1.38923e-01 | 23 -0.01130  1.41523e-01 | 24 -0.01141  1.44166e-01
 25 -0.01151  1.46873e-01 | 26 -0.01160  1.49650e-01 | 27 -0.01166  1.52481e-01
 28 -0.01170  1.55335e-01 | 29 -0.01172  1.58163e-01 | 30 -0.01172  1.60896e-01
 31 -0.01169  1.63479e-01 | 32 -0.01164  1.65809e-01 | 33 -0.01156  1.67760e-01
 34 -0.01145  1.69167e-01 | 35 -0.01131  1.69832e-01 | 36 -0.01113  1.69529e-01
 37 -0.01092  1.68016e-01 | 38 -0.01068  1.65077e-01 | 39 -0.01040  1.60506e-01
 40 -0.01009  1.53959e-01 | 41 -0.00974  1.45624e-01 | 42 -0.00936  1.35296e-01
 43 -0.00894  1.22870e-01 | 44 -0.00850  1.08257e-01 | 45 -0.00804  9.13043e-02
 46 -0.00757  7.18565e-02 | 47 -0.00709  4.98528e-02 | 48 -0.00662  2.52726e-02
 49 -0.00617 -1.71289e-03 | 50 -0.00575 -3.07088e-02 | 51 -0.00537 -6.11260e-02
 52 -0.00503 -9.22499e-02 | 53 -0.00474 -1.23186e-01 | 54 -0.00450 -1.53081e-01
 55 -0.00429 -1.81107e-01 | 56 -0.00410 -2.06299e-01 | 57 -0.00390 -2.27533e-01
 58 -0.00366 -2.43558e-01 | 59 -0.00335 -2.52742e-01 | 60 -0.00293 -2.53272e-01
 61 -0.00236 -2.43165e-01 | 62 -0.00160 -2.20768e-01 | 63 -0.00059 -1.85201e-01
 64  0.00069 -1.37301e-01 | 65  0.00226 -8.09733e-02 | 66  0.00413 -2.44268e-02
 67  0.00628  1.80305e-02 | 68  0.00864  2.82638e-02 | 69  0.01116 -6.89132e-03
 70  0.01385 -8.27354e-02 | 71  0.01677 -1.78060e-01 | 72  0.01995 -2.66229e-01
 73  0.02352 -3.04533e-01 | 74  0.02760 -2.41186e-01 | 75  0.03028 -3.99476e-01
 76  0.03066 -8.71104e-01 | 77  0.03433 -6.13340e-01 | 78  0.03772 -2.59117e-01
 79  0.03726 -4.00885e-01 | 80  0.03770 -2.33297e-01 | 81  0.03703 -1.16525e-01
 82  0.03119 -7.89724e-01 | 83  0.02722 -1.02413e+00 | 84  0.02518 -7.53284e-01
 85  0.02097 -7.42071e-01 | 86  0.01593 -7.79124e-01 | 87  0.01042 -8.84387e-01
 88  0.00529 -9.88014e-01 | 89  0.00129 -1.01985e+00 | 90 -0.00120 -9.35704e-01
 91 -0.00206 -6.92617e-01 | 92 -0.00136 -2.55690e-01 | 93  0.00075  3.84945e-01
 94  0.00402  1.16015e+00 | 95  0.00780  1.83851e+00 | 96  0.01040  1.95294e+00
 97  0.00960  9.99307e-01 | 98  0.00628 -8.34803e-01 | 99  0.00870 -2.06393e+00
100  0.02859 -9.64909e-01 |101 -0.00327 -1.15418e+00 |102 -0.01451 -1.82728e+00
103 -0.02964 -2.31858e+00 |104  0.01519 -2.01766e-01 |105  0.01620  1.54430e+00
106 -0.00766 -5.28199e-01 |107  0.02385  1.94655e+00 |108  0.02157  1.98594e+00
109  0.00969 -6.83976e-01 |110  0.02058  4.24308e+00 |111  0.00988 -3.54271e-01
112  0.06550  1.67616e+00 |113 -0.01388 -4.26658e+00 |114  0.02144 -4.45041e+00
115  0.01099 -6.50804e+00 |116 -0.03242 -1.62733e+00 |117 -0.04859 -1.21085e+00
118 -0.04706 -4.97697e-01 |119 -0.02781  2.89523e+00 |120 -0.00453 -8.05976e-01
121  0.01035 -5.83373e+00 |122 -0.01076 -8.36843e+00 |123 -0.04110 -3.94375e+00
124  0.01758 -1.44277e+00 |125  0.02060  3.79022e-01 |126  0.01250  2.76670e+00
127  0.02012  3.16672e+00 |128  0.06513  3.12960e+00 |129  0.04672 -4.05488e+00
130  0.02233 -1.43861e+00 |131  0.03230 -4.48538e+00 |132 -0.01303 -2.01273e+00
133  0.02785 -5.86474e-01 |134 -0.02263  4.08181e+00 |135  0.04119  1.78505e+00
136  0.00214  1.25160e-01 |137 -0.02830  1.73907e+00 |138  0.01253  1.00815e+00
139  0.00170  2.72554e-01 |140  0.00634  3.29661e-01 |141  0.00236 -4.30839e+00
142 -0.02307 -3.21322e+00 |143 -0.00370 -4.42526e+00 |144 -0.00818 -1.21132e+00
145  0.90030 -3.47059e+00 |146  0.74122 -8.21595e+00 |147  0.07796 -8.15278e+00
148  0.29769 -1.54682e+01 |149  0.01718 -8.63877e+00 |150 -0.11432 -3.46021e+00
151 -0.90559  4.10492e-01 |152  0.58490  3.00288e-03 |153  0.09824 -4.16981e+00
154 -0.24120  9.67369e-02 |155  0.21888 -1.52843e+00 |156  0.26559  8.40935e+00
157  0.20717 -2.46313e+00 |158  0.25793 -4.85067e+00 |159 -0.00402 -3.25977e+00
160 -0.09861 -8.10532e+00 |161  0.15116 -7.53711e+00 |162  0.30444  3.62886e+01
163  0.19040 -5.62616e+00 |164  0.24543 -5.36555e+00 |165 -0.49688 -1.55625e+01
166  0.43821 -1.27872e-02 |167 -0.04379 -1.80386e+01 |168 -0.44731 -1.41144e+00
169  0.15710 -9.16781e-02 |170 -0.00886  1.69214e-02 |171 -0.06710 -8.31347e-03
172 -0.52279 -1.24355e-03 |173 -0.56190  5.21857e+00 |174  0.40438 -7.61282e-03
175 -0.08625  6.89225e+00 |176 -0.43347  3.12322e+00 |177  0.07457  5.32559e-01
178  0.14341 -1.15022e+01 |179  0.31867 -7.53927e+00 |180  0.27377  2.59769e+01
181 -0.01239 -1.31174e+00 |182  0.01668  2.85046e+00 |183 -0.13764 -9.79081e+00
184 -0.12393 -6.57681e+00 |185  0.03377 -7.47848e-01 |186  0.37026 -1.00320e+00
187  0.02022  7.07097e+00 |188 -0.14007  1.02928e+01 |189  0.11276  2.35028e+01
190  0.18323  1.53299e+01 |191  0.21934 -2.20140e+01 |192  0.25586 -2.23038e+01
193  0.02735  1.07505e+01 |194  0.00261  5.03721e+00 |195 -0.17660 -9.66722e+00
196 -0.11120  1.37730e+01 |197 -0.87484 -5.05767e+00 |198  0.11065 -3.32030e-02
199  0.01021 -5.35684e+01 |200 -0.62911 -3.00403e-02 |
200 variables; iteration 100; function evaluation 120; phase 4
Function value 5.1732610e+03; maximum gradient component mag 1.7611e+01
Var    Value     Gradient |Var    Value     Gradient |Var    Value     Gradient
  1 -0.42183 -4.48169e+00 |  2  0.59807 -6.07629e+00 |  3 -0.07011  1.28910e+00
  4 -0.23056 -2.30546e+00 |  5 -0.68900  2.39020e+00 |  6 -0.58355  5.26169e+00
  7  0.57158 -7.13541e+00 |  8 -0.16055 -9.98419e+00 |  9 -0.16465 -9.02844e+00
 10 -0.53011  3.10557e+00 | 11 -0.61401 -4.41999e+00 | 12 -0.13718  1.76109e+01
 13 -0.00930  1.91599e-01 | 14 -0.00951  1.93331e-01 | 15 -0.00971  1.94444e-01
 16 -0.00992  1.94846e-01 | 17 -0.01012  1.94399e-01 | 18 -0.01032  1.93038e-01
 19 -0.01051  1.90679e-01 | 20 -0.01070  1.87228e-01 | 21 -0.01089  1.82599e-01
 22 -0.01106  1.76707e-01 | 23 -0.01123  1.69469e-01 | 24 -0.01139  1.60810e-01
 25 -0.01154  1.50650e-01 | 26 -0.01168  1.38910e-01 | 27 -0.01180  1.25506e-01
 28 -0.01191  1.10343e-01 | 29 -0.01201  9.33152e-02 | 30 -0.01209  7.43068e-02
 31 -0.01215  5.31483e-02 | 32 -0.01219  2.96694e-02 | 33 -0.01222  3.67426e-03
 34 -0.01222 -2.50229e-02 | 35 -0.01220 -5.65740e-02 | 36 -0.01216 -9.10645e-02
 37 -0.01210 -1.28477e-01 | 38 -0.01200 -1.68674e-01 | 39 -0.01188 -2.11330e-01
 40 -0.01172 -2.55716e-01 | 41 -0.01152 -3.01339e-01 | 42 -0.01129 -3.46955e-01
 43 -0.01102 -3.91030e-01 | 44 -0.01071 -4.31639e-01 | 45 -0.01035 -4.66430e-01
 46 -0.00995 -4.92801e-01 | 47 -0.00949 -5.08212e-01 | 48 -0.00899 -5.10281e-01
 49 -0.00845 -4.97151e-01 | 50 -0.00788 -4.67633e-01 | 51 -0.00728 -4.21199e-01
 52 -0.00667 -3.57910e-01 | 53 -0.00604 -2.78457e-01 | 54 -0.00542 -1.83675e-01
 55 -0.00479 -7.43820e-02 | 56 -0.00414  4.85411e-02 | 57 -0.00345  1.84003e-01
 58 -0.00272  3.30142e-01 | 59 -0.00193  4.83551e-01 | 60 -0.00106  6.38574e-01
 61 -0.00011  7.86923e-01 | 62  0.00091  9.17435e-01 | 63  0.00199  1.01788e+00
 64  0.00313  1.07889e+00 | 65  0.00436  1.09921e+00 | 66  0.00577  1.09359e+00
 67  0.00747  1.08328e+00 | 68  0.00953  1.08050e+00 | 69  0.01193  1.07865e+00
 70  0.01470  1.08520e+00 | 71  0.01804  1.15009e+00 | 72  0.02199  1.29011e+00
 73  0.02558  1.31883e+00 | 74  0.02715  9.45778e-01 | 75  0.03062  1.01164e+00
 76  0.03196  7.61411e-01 | 77  0.03038  9.98696e-02 | 78  0.04028  1.72316e+00
 79  0.03745  1.15956e+00 | 80  0.04196  2.07870e+00 | 81  0.04202  2.32734e+00
 82  0.02807  5.77014e-02 | 83  0.03051  9.96215e-01 | 84  0.02602  7.32762e-01
 85  0.02193  6.84547e-01 | 86  0.01723  6.23685e-01 | 87  0.01193  4.59743e-01
 88  0.00677  2.40720e-01 | 89  0.00322  2.14729e-01 | 90  0.00111  2.90739e-01
 91 -0.00008  3.52145e-01 | 92 -0.00070  3.61334e-01 | 93 -0.00092  3.20464e-01
 94 -0.00057  2.77822e-01 | 95  0.00122  4.01871e-01 | 96  0.00558  9.25826e-01
 97  0.01021  1.28898e+00 | 98  0.00938  9.88194e-02 | 99  0.01615 -6.70134e-02
100  0.02389 -1.27221e+00 |101 -0.00295 -8.76406e-01 |102 -0.01019  8.21118e-02
103 -0.02612  6.93042e-01 |104  0.01749 -2.19271e-01 |105  0.01353  5.92184e-01
106 -0.00953 -6.01970e-01 |107  0.02468  6.98063e-01 |108  0.02202  9.60224e-01
109  0.00732 -1.57728e+00 |110  0.01566  1.39886e+00 |111  0.01477 -6.83005e-01
112  0.06093 -8.75476e-01 |113 -0.00417 -2.62326e+00 |114  0.01878 -3.39954e+00
115  0.01228 -2.57768e+00 |116 -0.02850  6.45600e-01 |117 -0.04896  2.52373e-01
118 -0.05271 -7.76078e-01 |119 -0.03596 -1.98575e-01 |120 -0.00683  6.23383e-01
121  0.01442  2.68214e-01 |122  0.01026  8.91489e-01 |123 -0.04400 -6.53417e-01
124  0.01394 -1.55057e+00 |125  0.02672  1.06793e+00 |126  0.00929 -9.35887e-01
127  0.01576 -1.82146e+00 |128  0.05649 -2.23292e+00 |129  0.05573 -2.16128e+00
130  0.02659  2.00257e+00 |131  0.03800 -1.59468e+00 |132 -0.01506 -1.29519e+00
133  0.04033  4.16179e+00 |134 -0.03079  1.85075e+00 |135  0.04183  5.16963e-01
136  0.00649 -1.24768e+00 |137 -0.03404 -1.50649e+00 |138  0.00995 -1.67577e+00
139  0.00422  8.46400e-01 |140  0.00264  6.81722e-01 |141  0.01566  1.25236e+00
142 -0.02315 -1.95892e+00 |143  0.00768  5.25549e-01 |144 -0.00766 -6.33964e-01
145  0.81258  1.47493e+00 |146  0.79623 -1.82958e+00 |147  0.08298  2.15278e+00
148  0.29949 -8.04859e+00 |149  0.01599 -1.11475e+00 |150 -0.11363  1.32370e+00
151 -1.01307  8.78678e-02 |152  0.54759  2.25937e-03 |153  0.10076  9.64150e-01
154 -0.23872  1.23272e+00 |155  0.22066  4.21753e+00 |156  0.26515 -5.03685e+00
157  0.20942 -3.34184e-02 |158  0.25925 -6.22771e-01 |159 -0.00457 -3.67066e-01
160 -0.09614  1.03759e+00 |161  0.14711 -2.44046e-01 |162  0.30065  4.46733e+00
163  0.20104  2.36607e+00 |164  0.25058 -3.77099e+00 |165 -0.46084  3.14339e+00
166  0.45266  6.21752e-03 |167 -0.03776  4.35376e+00 |168 -0.40256  9.14749e-01
169  0.16479  2.98070e-02 |170 -0.08302 -4.12040e-04 |171 -0.14794  9.81347e-03
172 -0.51883  4.92156e-04 |173 -0.54999  5.69325e-01 |174  0.50332  1.74244e-03
175 -0.12810  6.29810e-01 |176 -0.51656  6.74758e-01 |177  0.07888 -3.14809e+00
178  0.14687 -1.23408e+00 |179  0.32126 -1.76266e+00 |180  0.27329  4.91345e+00
181 -0.02103 -3.19810e+00 |182  0.01153 -5.15120e-01 |183 -0.13351 -3.51863e+00
184 -0.12230 -2.08870e+00 |185  0.04250  7.09156e-02 |186  0.37104 -5.95142e-02
187  0.01416  2.69003e+00 |188 -0.14562  8.74615e-01 |189  0.11325  8.76106e+00
190  0.18532  7.60388e+00 |191  0.21994 -5.72574e+00 |192  0.25653 -9.50945e+00
193  0.02694  7.79085e+00 |194  0.00014 -1.24472e+00 |195 -0.17508 -3.11158e-01
196 -0.11038  6.96016e+00 |197 -0.94138 -5.51122e-01 |198  0.10897 -2.31405e-03
199  0.01186 -7.47930e+00 |200 -0.69593  1.47062e-02 |
200 variables; iteration 120; function evaluation 148; phase 4
Function value 5.1729970e+03; maximum gradient component mag 5.1611e+00
Var    Value     Gradient |Var    Value     Gradient |Var    Value     Gradient
  1 -0.42201 -1.49071e+00 |  2  0.60194 -2.85796e+00 |  3 -0.06992 -1.67453e+00
  4 -0.23261 -2.32070e+00 |  5 -0.69323  3.10095e-02 |  6 -0.58300 -6.94663e-01
  7  0.57451 -8.94949e-01 |  8 -0.16085 -4.37232e-02 |  9 -0.16469  2.70228e-03
 10 -0.53867 -5.56612e-01 | 11 -0.61290 -8.96200e-02 | 12 -0.13923  5.16113e+00
 13 -0.01001 -2.74770e-02 | 14 -0.01021 -2.55048e-02 | 15 -0.01041 -2.32859e-02
 16 -0.01060 -2.08577e-02 | 17 -0.01079 -1.82430e-02 | 18 -0.01097 -1.55165e-02
 19 -0.01114 -1.27483e-02 | 20 -0.01131 -1.00073e-02 | 21 -0.01146 -7.36819e-03
 22 -0.01160 -4.90506e-03 | 23 -0.01174 -2.68999e-03 | 24 -0.01185 -7.89794e-04
 25 -0.01196  7.37120e-04 | 26 -0.01204  1.84457e-03 | 27 -0.01211  2.50083e-03
 28 -0.01216  2.69063e-03 | 29 -0.01220  2.41624e-03 | 30 -0.01220  1.69879e-03
 31 -0.01219  5.93012e-04 | 32 -0.01215 -8.12037e-04 | 33 -0.01208 -2.37129e-03
 34 -0.01198 -3.86876e-03 | 35 -0.01185 -5.00097e-03 | 36 -0.01168 -5.36080e-03
 37 -0.01147 -4.43231e-03 | 38 -0.01121 -1.59665e-03 | 39 -0.01090  3.82764e-03
 40 -0.01053  1.24892e-02 | 41 -0.01012  2.49676e-02 | 42 -0.00964  4.14852e-02
 43 -0.00911  6.17578e-02 | 44 -0.00854  8.47803e-02 | 45 -0.00794  1.08726e-01
 46 -0.00732  1.31067e-01 | 47 -0.00671  1.49015e-01 | 48 -0.00612  1.60064e-01
 49 -0.00557  1.62643e-01 | 50 -0.00509  1.56488e-01 | 51 -0.00466  1.42599e-01
 52 -0.00430  1.22839e-01 | 53 -0.00401  9.94822e-02 | 54 -0.00377  7.45630e-02
 55 -0.00358  4.96488e-02 | 56 -0.00341  2.59795e-02 | 57 -0.00324  4.76409e-03
 58 -0.00304 -1.23263e-02 | 59 -0.00277 -2.25788e-02 | 60 -0.00238 -2.19556e-02
 61 -0.00182 -5.41301e-03 | 62 -0.00103  3.13135e-02 | 63  0.00001  8.70183e-02
 64  0.00130  1.48219e-01 | 65  0.00275  1.86479e-01 | 66  0.00429  1.74173e-01
 67  0.00594  1.16282e-01 | 68  0.00793  5.78449e-02 | 69  0.01046  4.71838e-02
 70  0.01368  1.13201e-01 | 71  0.01708  1.45896e-01 | 72  0.01990  4.16608e-03
 73  0.02435  1.72280e-01 | 74  0.02708 -1.12121e-03 | 75  0.03071  5.24147e-02
 76  0.03352  4.34650e-02 | 77  0.03536 -3.20843e-03 | 78  0.03727  1.21761e-01
 79  0.03616 -1.15553e-01 | 80  0.03590 -5.27048e-02 | 81  0.03610  2.25974e-01
 82  0.03350  1.27498e-01 | 83  0.03158  2.79698e-01 | 84  0.02625 -7.38777e-02
 85  0.02190 -1.10712e-01 | 86  0.01752 -3.59254e-02 | 87  0.01335  1.23520e-01
 88  0.00820 -1.25492e-02 | 89  0.00443 -2.52094e-02 | 90  0.00199  2.69976e-02
 91  0.00040  3.88968e-02 | 92 -0.00034  6.12890e-02 | 93 -0.00046  8.56392e-02
 94 -0.00030  3.78109e-02 | 95 -0.00001 -1.59771e-01 | 96  0.00206 -1.25810e-01
 97  0.00713  4.57649e-01 | 98  0.00920  1.19135e-01 | 99  0.01487 -4.30177e-02
100  0.02868  1.21105e-01 |101  0.00183  1.51519e-01 |102 -0.01012 -1.10488e-01
103 -0.02758  3.15104e-01 |104  0.01997  7.72145e-03 |105  0.01050 -5.07134e-01
106 -0.00748 -2.16426e-01 |107  0.02286 -2.89057e-01 |108  0.01652 -5.93607e-01
109  0.01249 -2.89892e-01 |110  0.00851 -3.32251e-01 |111  0.01470 -3.38614e-01
112  0.05996 -2.54990e-01 |113 -0.00138  5.93063e-02 |114  0.02337  8.96507e-01
115  0.01268  3.63454e-01 |116 -0.03363 -2.74933e-02 |117 -0.05044  2.73123e-01
118 -0.05150  2.07339e-01 |119 -0.03709 -1.11054e-01 |120 -0.00937  1.54431e-01
121  0.01691  1.00817e+00 |122  0.00588  2.36335e-01 |123 -0.04330  2.79346e-01
124  0.01711  7.17614e-01 |125  0.02272  1.31475e-01 |126  0.00775 -8.50321e-01
127  0.01677  1.32226e-01 |128  0.05569 -2.95856e-01 |129  0.05881  2.50872e-03
130  0.01745 -4.03237e-01 |131  0.04082 -1.15250e-01 |132 -0.01177  1.92848e-02
133  0.03256 -3.79067e-01 |134 -0.03425 -4.79548e-02 |135  0.04012 -5.33949e-01
136  0.00843 -2.50732e-01 |137 -0.03135  3.19800e-01 |138  0.01173 -2.64781e-01
139  0.00136 -3.80055e-02 |140  0.00010  5.75661e-03 |141  0.01312 -1.03272e-02
142 -0.01790  2.74950e-01 |143  0.00611  2.89566e-01 |144 -0.00677 -2.14518e-02
145  0.77760  1.36313e+00 |146  0.85567 -9.43878e-01 |147  0.08393  1.11550e+00
148  0.30001 -3.29291e-01 |149  0.01655  2.29968e-01 |150 -0.11365  3.28268e-01
151 -1.03051 -9.86535e-02 |152  0.52848  1.51216e-03 |153  0.09970 -3.52955e-01
154 -0.24429 -2.88374e-01 |155  0.22054  4.79805e-01 |156  0.26497 -7.69872e-01
157  0.21027  4.02635e-01 |158  0.25949 -2.37444e-01 |159 -0.00468 -1.20257e-01
160 -0.09603  9.25586e-02 |161  0.14624  2.68662e-01 |162  0.29981 -9.69340e-01
163  0.20211  1.02663e+00 |164  0.25105 -2.50408e-01 |165 -0.44859  2.65218e+00
166  0.45567  5.28901e-03 |167 -0.03286  3.78312e+00 |168 -0.38403  1.03358e+00
169  0.16363  5.30098e-02 |170 -0.08728 -4.33423e-04 |171 -0.16692  1.86581e-02
172 -0.51894  1.05437e-03 |173 -0.54088  2.71753e-01 |174  0.52739  2.48824e-03
175 -0.14207  2.61344e-01 |176 -0.56630  2.82112e-01 |177  0.07837 -1.22599e-01
178  0.14624  3.61956e-01 |179  0.32217  9.48910e-02 |180  0.27250 -8.11248e-01
181 -0.01707  1.93348e-02 |182  0.01213  9.15887e-02 |183 -0.13110  5.68161e-01
184 -0.12181 -1.45113e-01 |185  0.04990  1.98534e-01 |186  0.37262  2.37394e-01
187  0.00685 -2.37156e-01 |188 -0.14511 -5.41544e-01 |189  0.11355  6.80904e-02
190  0.18490  2.52341e-01 |191  0.22016 -2.95619e-01 |192  0.25631 -8.73462e-01
193  0.02665  6.58011e-02 |194  0.00180 -2.63098e-01 |195 -0.17435  4.51821e-01
196 -0.11045 -7.19276e-02 |197 -0.99615 -4.21967e-01 |198  0.08641 -5.09972e-04
199  0.01072 -1.94078e+00 |200 -0.76380  2.07599e-03 |
200 variables; iteration 140; function evaluation 179; phase 4
Function value 5.1729327e+03; maximum gradient component mag 3.0178e+01
Var    Value     Gradient |Var    Value     Gradient |Var    Value     Gradient
  1 -0.42200  1.43413e+00 |  2  0.60332 -4.01972e+00 |  3 -0.06950  1.02785e+00
  4 -0.23373  3.01166e-02 |  5 -0.69391  5.24330e-01 |  6 -0.58274  1.17956e+00
  7  0.57558 -7.07925e+00 |  8 -0.16057 -1.52016e+00 |  9 -0.16598 -2.67215e+00
 10 -0.53769  7.07419e-01 | 11 -0.61300 -1.73594e-01 | 12 -0.13993  1.78598e+00
 13 -0.00992 -4.00621e-02 | 14 -0.01025 -7.04041e-02 | 15 -0.01056 -9.96076e-02
 16 -0.01085 -1.24538e-01 | 17 -0.01111 -1.41738e-01 | 18 -0.01132 -1.47992e-01
 19 -0.01147 -1.40834e-01 | 20 -0.01156 -1.19071e-01 | 21 -0.01158 -8.33113e-02
 22 -0.01155 -3.62762e-02 | 23 -0.01149  1.71453e-02 | 24 -0.01141  7.01827e-02
 25 -0.01135  1.14847e-01 | 26 -0.01133  1.42979e-01 | 27 -0.01138  1.47537e-01
 28 -0.01152  1.24033e-01 | 29 -0.01173  7.18068e-02 | 30 -0.01202 -5.07337e-03
 31 -0.01234 -9.74488e-02 | 32 -0.01263 -1.91492e-01 | 33 -0.01284 -2.69809e-01
 34 -0.01290 -3.13815e-01 | 35 -0.01273 -3.07601e-01 | 36 -0.01231 -2.43120e-01
 37 -0.01166 -1.25365e-01 | 38 -0.01084  2.43601e-02 | 39 -0.01000  1.70492e-01
 40 -0.00928  2.71261e-01 | 41 -0.00881  2.93618e-01 | 42 -0.00864  2.27176e-01
 43 -0.00869  9.21263e-02 | 44 -0.00879 -6.56872e-02 | 45 -0.00876 -1.93879e-01
 46 -0.00847 -2.58071e-01 | 47 -0.00792 -2.58130e-01 | 48 -0.00724 -2.23580e-01
 49 -0.00658 -1.91272e-01 | 50 -0.00603 -1.82245e-01 | 51 -0.00560 -1.94062e-01
 52 -0.00523 -2.09839e-01 | 53 -0.00486 -2.12378e-01 | 54 -0.00445 -1.92422e-01
 55 -0.00399 -1.48655e-01 | 56 -0.00347 -8.38306e-02 | 57 -0.00290 -1.48193e-03
 58 -0.00226  9.43919e-02 | 59 -0.00156  1.95084e-01 | 60 -0.00084  2.79468e-01
 61 -0.00025  3.04767e-01 | 62  0.00001  2.11597e-01 | 63 -0.00011 -1.83565e-02
 64 -0.00000 -2.43143e-01 | 65  0.00155 -1.74103e-01 | 66  0.00454  1.68096e-01
 67  0.00661  2.09486e-01 | 68  0.00739 -1.28064e-01 | 69  0.00997 -1.24827e-01
 70  0.01383  8.77980e-02 | 71  0.01659 -1.81321e-02 | 72  0.02411  8.16722e-01
 73  0.02436  1.14329e-01 | 74  0.03026  5.50033e-01 | 75  0.03143  1.19336e-01
 76  0.03074 -5.33035e-01 | 77  0.03534 -8.35606e-02 | 78  0.03995  5.01407e-01
 79  0.03727 -1.26683e-02 | 80  0.03613 -1.11719e-01 | 81  0.03289 -4.55060e-01
 82  0.03160 -3.32906e-01 | 83  0.02941 -2.48821e-01 | 84  0.02866  2.62427e-01
 85  0.02714  8.09022e-01 | 86  0.01812 -5.05311e-02 | 87  0.01336 -2.30865e-02
 88  0.00801 -2.09930e-01 | 89  0.00488 -7.85282e-02 | 90  0.00159 -2.33701e-01
 91 -0.00052 -3.55341e-01 | 92 -0.00128 -3.41359e-01 | 93 -0.00125 -2.76418e-01
 94  0.00087  1.60698e-01 | 95  0.00592  1.12813e+00 | 96  0.00198 -2.92907e-01
 97  0.00795  5.21964e-01 | 98  0.00733 -3.84352e-01 | 99  0.01359 -3.55023e-01
100  0.02757 -3.35743e-01 |101  0.00104 -2.01625e-01 |102 -0.00812  4.31028e-01
103 -0.02914  6.06140e-01 |104  0.02282  1.03148e+00 |105  0.01273  7.92248e-01
106 -0.00852  1.19748e+00 |107  0.02150  1.38048e-01 |108  0.01893  9.51264e-01
109  0.01230  1.43605e+00 |110  0.00813  2.28350e-01 |111  0.01280  3.16450e-01
112  0.06145  1.80569e+00 |113 -0.00163 -3.43667e-01 |114  0.02166 -4.25675e-01
115  0.01291 -6.04965e-01 |116 -0.03056  7.27396e-01 |117 -0.05268 -9.91019e-01
118 -0.04992  1.81529e-01 |119 -0.03614  1.82856e-01 |120 -0.01084 -7.68041e-01
121  0.01500 -3.74744e-01 |122  0.00862  3.27953e-01 |123 -0.04439 -6.94317e-01
124  0.01547 -6.55795e-01 |125  0.02312  3.69810e-01 |126  0.00961  3.22014e-01
127  0.01632  1.92447e-01 |128  0.05636  1.95579e-01 |129  0.05745 -2.81201e-01
130  0.01898  3.03476e-01 |131  0.04116  2.68563e-01 |132 -0.01077  5.03888e-01
133  0.03221 -5.21677e-01 |134 -0.03384  1.92835e-01 |135  0.04114  3.65547e-01
136  0.01000  6.10457e-01 |137 -0.03272 -2.21237e-01 |138  0.01314  3.78510e-01
139  0.00242  3.20690e-01 |140 -0.00061 -1.75904e-01 |141  0.01321 -1.09276e-01
142 -0.01629  7.44188e-01 |143  0.00454 -6.38595e-01 |144 -0.00584  2.23991e-01
145  0.80678 -1.47717e+00 |146  0.96220  2.94458e-01 |147  0.08359 -5.50965e-01
148  0.29974 -4.82104e-01 |149  0.01680 -4.62492e-01 |150 -0.11369 -2.52027e-01
151 -1.03417 -1.22704e-01 |152  0.48840 -7.20302e-04 |153  0.09911 -5.00570e-01
154 -0.24086  4.39569e-01 |155  0.22063 -1.81604e-01 |156  0.26493  4.69794e-01
157  0.20882 -6.48696e-01 |158  0.25877  2.55052e-02 |159 -0.00250  3.96893e-01
160 -0.09614 -2.22306e-01 |161  0.14700 -2.37869e-01 |162  0.30010  1.49829e+00
163  0.20106 -5.12447e-01 |164  0.25043 -3.68942e-01 |165 -0.44492 -3.30991e+00
166  0.38642 -7.84363e-03 |167 -0.04629 -3.43540e+00 |168 -0.39462 -5.90730e-01
169  0.16586  1.55776e-03 |170 -0.17351 -8.78082e-04 |171 -0.25988 -1.35883e-03
172 -0.53594 -4.19312e-04 |173 -0.54459  8.91219e-03 |174  0.51347  2.19907e-03
175 -0.16306  1.57399e-04 |176 -0.65862  4.94090e-02 |177  0.07822 -8.04587e-02
178  0.14632 -8.01760e-01 |179  0.32196 -3.08765e-01 |180  0.27262  1.14021e+00
181 -0.01660 -1.82644e-02 |182  0.01220 -1.56505e-01 |183 -0.13168 -1.10790e+00
184 -0.12177 -3.91383e-01 |185  0.04655 -4.08710e-01 |186  0.37147 -5.00255e-01
187  0.00959  3.60518e-01 |188 -0.14462  4.42321e-01 |189  0.11363 -2.53508e-01
190  0.18501  4.00635e-01 |191  0.22019  2.36300e-01 |192  0.25632 -3.68767e-01
193  0.02671  3.69367e-03 |194  0.00194  8.53393e-02 |195 -0.17441 -5.99769e-01
196 -0.11046  6.57734e-02 |197 -1.08561 -1.45987e+00 |198 -0.02473 -9.67733e-04
199  0.00512  3.01782e+01 |200 -0.88004 -1.22329e-02 |
200 variables; iteration 160; function evaluation 214; phase 4
Function value 5.1728645e+03; maximum gradient component mag 3.7403e+00
Var    Value     Gradient |Var    Value     Gradient |Var    Value     Gradient
  1 -0.42198 -4.62787e-01 |  2  0.60236 -8.99718e-01 |  3 -0.06988 -3.53362e-01
  4 -0.23287 -4.69532e-01 |  5 -0.69379  9.15798e-04 |  6 -0.58287 -1.04283e-01
  7  0.57554 -7.39353e-01 |  8 -0.16070 -1.46393e-01 |  9 -0.16561 -1.41719e-01
 10 -0.53850 -1.01786e-02 | 11 -0.61292 -4.26465e-02 | 12 -0.14008  6.12897e-01
 13 -0.00983  9.75843e-03 | 14 -0.01007  8.50839e-04 | 15 -0.01032 -1.06349e-02
 16 -0.01056 -2.08970e-02 | 17 -0.01077 -2.55582e-02 | 18 -0.01094 -2.16746e-02
 19 -0.01108 -9.78435e-03 | 20 -0.01120  5.49253e-03 | 21 -0.01132  1.70902e-02
 22 -0.01146  1.89338e-02 | 23 -0.01163  9.21026e-03 | 24 -0.01182 -8.54077e-03
 25 -0.01200 -2.71420e-02 | 26 -0.01213 -3.92698e-02 | 27 -0.01221 -4.08882e-02
 28 -0.01223 -3.29279e-02 | 29 -0.01221 -1.99993e-02 | 30 -0.01216 -6.38877e-03
 31 -0.01208  7.81237e-03 | 32 -0.01197  2.57081e-02 | 33 -0.01182  4.60875e-02
 34 -0.01167  5.62406e-02 | 35 -0.01159  3.91069e-02 | 36 -0.01157 -2.35178e-03
 37 -0.01147 -3.27137e-02 | 38 -0.01116 -1.63741e-02 | 39 -0.01067  3.48796e-02
 40 -0.01022  6.54385e-02 | 41 -0.00996  3.41966e-02 | 42 -0.00981 -3.67291e-02
 43 -0.00953 -8.31665e-02 | 44 -0.00899 -7.19865e-02 | 45 -0.00832 -2.94939e-02
 46 -0.00762  1.04284e-02 | 47 -0.00695  4.19818e-02 | 48 -0.00632  6.18047e-02
 49 -0.00581  5.35461e-02 | 50 -0.00544  1.58666e-02 | 51 -0.00511 -2.47668e-02
 52 -0.00474 -4.24477e-02 | 53 -0.00432 -3.50631e-02 | 54 -0.00391 -1.71707e-02
 55 -0.00355 -3.30540e-03 | 56 -0.00328 -1.12171e-03 | 57 -0.00306 -1.30659e-02
 58 -0.00289 -3.90131e-02 | 59 -0.00272 -7.41414e-02 | 60 -0.00243 -1.00384e-01
 61 -0.00185 -7.94520e-02 | 62 -0.00082  1.50671e-02 | 63  0.00035  1.00734e-01
 64  0.00114  3.83987e-02 | 65  0.00223 -1.11684e-02 | 66  0.00391  1.13389e-02
 67  0.00543 -7.92019e-02 | 68  0.00816  3.81743e-02 | 69  0.01144  1.94816e-01
 70  0.01331 -4.31641e-02 | 71  0.01680  9.67854e-03 | 72  0.01935 -1.86236e-01
 73  0.02418  6.22057e-02 | 74  0.02751  6.44225e-03 | 75  0.03082 -3.17565e-03
 76  0.03374  8.77133e-03 | 77  0.03587  1.12754e-02 | 78  0.03693 -1.18997e-02
 79  0.03739  2.65653e-02 | 80  0.03668  1.32656e-02 | 81  0.03548  4.60976e-02
 82  0.03362  8.03748e-02 | 83  0.03060  2.72539e-02 | 84  0.02688 -1.90003e-02
 85  0.02242 -7.04915e-02 | 86  0.01798 -7.57377e-03 | 87  0.01348  8.37160e-02
 88  0.00888  7.43571e-02 | 89  0.00493  2.24819e-02 | 90  0.00242  5.74375e-02
 91  0.00088  8.23498e-02 | 92  0.00015  1.02845e-01 | 93 -0.00044  1.36370e-02
 94 -0.00088 -1.80917e-01 | 95  0.00107  3.91247e-02 | 96  0.00256 -4.80664e-02
 97  0.00503 -2.85265e-02 | 98  0.00821  8.81509e-03 | 99  0.01452  9.56440e-02
100  0.02957  2.25829e-01 |101  0.00264  5.43720e-02 |102 -0.00823  4.02594e-02
103 -0.02957  7.21944e-02 |104  0.01975  1.31859e-02 |105  0.01293  7.76254e-02
106 -0.00882  5.17962e-02 |107  0.02252 -2.37425e-02 |108  0.01762 -8.04454e-03
109  0.01196  1.10874e-01 |110  0.00812  2.13176e-02 |111  0.01311 -2.85921e-03
112  0.06006  3.47590e-02 |113 -0.00091 -8.32721e-02 |114  0.02120 -2.06092e-01
115  0.01382 -1.00044e-01 |116 -0.03356 -1.83833e-01 |117 -0.05023 -5.58528e-02
118 -0.05131 -1.97640e-01 |119 -0.03736 -7.37991e-02 |120 -0.00957 -6.71168e-02
121  0.01458 -9.53938e-02 |122  0.00651 -1.94956e-01 |123 -0.04338  5.29915e-02
124  0.01562 -6.14548e-02 |125  0.02230 -7.69507e-02 |126  0.00890 -9.06149e-02
127  0.01580 -4.33225e-02 |128  0.05569  1.45369e-02 |129  0.05785 -7.46568e-02
130  0.01801 -1.54397e-02 |131  0.04047 -8.23999e-02 |132 -0.01230 -2.23708e-02
133  0.03314  1.22196e-02 |134 -0.03457  1.89782e-02 |135  0.04053  4.14183e-04
136  0.00873 -4.57931e-02 |137 -0.03216  3.94449e-02 |138  0.01227  3.27137e-02
139  0.00142 -1.44017e-04 |140  0.00016  5.03666e-02 |141  0.01313  1.40152e-03
142 -0.01871 -9.51148e-02 |143  0.00575  2.66481e-02 |144 -0.00671 -6.97240e-03
145  0.82662 -2.14176e-01 |146  1.06287  2.09870e-01 |147  0.08368  1.09080e-01
148  0.29984 -1.99808e-01 |149  0.01681  2.43339e-02 |150 -0.11366  2.72679e-02
151 -1.02827 -8.29264e-02 |152  0.46272 -2.92288e-03 |153  0.09959 -8.24886e-02
154 -0.24302 -8.00023e-03 |155  0.22060  1.53236e-01 |156  0.26493 -2.51122e-01
157  0.21007  1.26647e-01 |158  0.25937 -1.06129e-02 |159 -0.00433 -5.27574e-02
160 -0.09600  4.62194e-02 |161  0.14650  6.37811e-02 |162  0.29987 -2.10525e-01
163  0.20154  3.21622e-02 |164  0.25072 -1.17768e-01 |165 -0.43567 -7.81753e-01
166  0.31065  1.53493e-03 |167 -0.06091 -5.75257e-01 |168 -0.40078  4.08085e-02
169  0.16542  1.49609e-03 |170 -0.23839 -1.23470e-03 |171 -0.33184 -1.80399e-03
172 -0.54449 -9.99761e-04 |173 -0.54649  1.55210e-02 |174  0.49060  1.56530e-03
175 -0.18034 -3.73855e-04 |176 -0.72937  1.11436e-02 |177  0.07885 -5.81938e-03
178  0.14642  8.08735e-02 |179  0.32229 -7.63148e-02 |180  0.27261 -1.77833e-01
181 -0.01767 -1.47268e-02 |182  0.01202  1.10334e-04 |183 -0.13113  3.12749e-02
184 -0.12171 -7.99794e-04 |185  0.04908  6.83721e-02 |186  0.37235  5.23932e-02
187  0.00751 -3.83257e-02 |188 -0.14478 -7.96465e-02 |189  0.11363  3.61841e-01
190  0.18497  3.74364e-01 |191  0.22021 -1.35968e-01 |192  0.25633 -4.14466e-01
193  0.02666  2.75834e-01 |194  0.00188  1.16404e-01 |195 -0.17432  1.33270e-01
196 -0.11041  3.63826e-01 |197 -1.16253  1.45671e-01 |198  0.05110 -2.79635e-02
199 -0.00177  3.74028e+00 |200 -0.98746 -1.54661e-01 |
200 variables; iteration 180; function evaluation 249; phase 4
Function value 5.1728557e+03; maximum gradient component mag 1.4615e+00
Var    Value     Gradient |Var    Value     Gradient |Var    Value     Gradient
  1 -0.42198  2.66251e-01 |  2  0.60236  1.40669e-01 |  3 -0.06987  1.92824e-01
  4 -0.23283  2.75204e-01 |  5 -0.69378  6.47089e-02 |  6 -0.58289  9.29502e-02
  7  0.57548 -3.42272e-02 |  8 -0.16067  1.52143e-02 |  9 -0.16559  3.43357e-02
 10 -0.53831  9.11166e-02 | 11 -0.61295 -8.26098e-03 | 12 -0.13986 -1.00763e+00
 13 -0.00983  4.73410e-03 | 14 -0.01005  2.17530e-03 | 15 -0.01022  1.00384e-02
 16 -0.01037  2.30015e-02 | 17 -0.01053  3.25972e-02 | 18 -0.01071  3.68837e-02
 19 -0.01088  3.95046e-02 | 20 -0.01105  3.86040e-02 | 21 -0.01127  2.38898e-02
 22 -0.01154 -7.24754e-03 | 23 -0.01177 -3.31998e-02 | 24 -0.01186 -2.36881e-02
 25 -0.01180  1.97448e-02 | 26 -0.01177  5.24007e-02 | 27 -0.01192  3.03343e-02
 28 -0.01220 -3.17385e-02 | 29 -0.01232 -5.72984e-02 | 30 -0.01210  3.30441e-03
 31 -0.01178  8.52677e-02 | 32 -0.01175  7.91479e-02 | 33 -0.01201 -1.16770e-02
 34 -0.01203 -4.60429e-02 | 35 -0.01159  3.52694e-02 | 36 -0.01123  8.46887e-02
 37 -0.01122  2.84579e-02 | 38 -0.01118 -2.72047e-02 | 39 -0.01096 -4.90238e-02
 40 -0.01063 -4.95433e-02 | 41 -0.01003  9.61915e-03 | 42 -0.00962  6.88591e-03
 43 -0.00938 -5.08185e-02 | 44 -0.00839  8.26793e-02 | 45 -0.00756  1.62813e-01
 46 -0.00777 -3.26841e-02 | 47 -0.00730 -5.39786e-02 | 48 -0.00620  8.91433e-02
 49 -0.00603 -7.70579e-03 | 50 -0.00608 -1.51752e-01 | 51 -0.00533 -8.38314e-02
 52 -0.00434  5.58926e-02 | 53 -0.00378  1.00638e-01 | 54 -0.00360  5.83837e-02
 55 -0.00355 -4.08371e-03 | 56 -0.00345 -4.66528e-02 | 57 -0.00322 -5.54600e-02
 58 -0.00283 -2.53697e-02 | 59 -0.00223  4.38791e-02 | 60 -0.00151  1.28221e-01
 61 -0.00101  1.26772e-01 | 62 -0.00120 -8.19976e-02 | 63 -0.00033 -7.01830e-02
 64  0.00212  2.73691e-01 | 65  0.00190 -9.76829e-02 | 66  0.00332 -1.36506e-01
 67  0.00607  6.49887e-02 | 68  0.00745 -1.34153e-01 | 69  0.01059 -5.60152e-03
 70  0.01375  4.23887e-02 | 71  0.01677 -7.55843e-03 | 72  0.02067  7.63638e-02
 73  0.02376 -3.68153e-02 | 74  0.02749 -1.27820e-02 | 75  0.03067 -4.85869e-02
 76  0.03407  4.83182e-02 | 77  0.03596  6.09865e-03 | 78  0.03698 -2.72614e-02
 79  0.03729 -1.68676e-02 | 80  0.03679  3.09052e-03 | 81  0.03542  4.04093e-03
 82  0.03306 -5.35345e-02 | 83  0.03052 -2.06923e-02 | 84  0.02712 -8.89097e-03
 85  0.02298  6.32741e-03 | 86  0.01821  4.10389e-03 | 87  0.01342  3.21462e-02
 88  0.00828 -1.01697e-01 | 89  0.00455 -1.03610e-01 | 90  0.00278  1.11676e-01
 91  0.00072  7.55278e-03 | 92 -0.00073 -1.45503e-01 | 93 -0.00047 -2.29077e-02
 94  0.00015  4.61053e-02 | 95  0.00080 -5.17322e-02 | 96  0.00289  1.07170e-02
 97  0.00522 -3.98951e-03 | 98  0.00853  5.71955e-02 | 99  0.01411 -4.52986e-02
100  0.02934  1.60615e-02 |101  0.00248 -2.87075e-02 |102 -0.00801  2.98640e-02
103 -0.02945  6.61516e-02 |104  0.02011  7.89907e-02 |105  0.01290  3.42755e-02
106 -0.00869  3.92857e-02 |107  0.02254  1.12086e-02 |108  0.01802  8.52177e-02
109  0.01200  8.71041e-02 |110  0.00806  4.57514e-02 |111  0.01305  4.42117e-02
112  0.06028  9.82469e-02 |113 -0.00053  2.92463e-02 |114  0.02162 -1.05251e-01
115  0.01326 -3.60002e-02 |116 -0.03303 -2.43614e-02 |117 -0.05047 -8.55459e-02
118 -0.05109 -5.92357e-02 |119 -0.03703 -4.10891e-02 |120 -0.00928 -1.51853e-01
121  0.01454 -1.57150e-01 |122  0.00690  5.95986e-03 |123 -0.04378 -9.01575e-02
124  0.01608 -1.04529e-01 |125  0.02238  3.55900e-02 |126  0.00911  5.25784e-02
127  0.01593  3.58520e-02 |128  0.05571  2.62227e-02 |129  0.05813  4.77886e-02
130  0.01800  2.81369e-03 |131  0.04071  3.27767e-02 |132 -0.01212  4.44966e-02
133  0.03321  2.43787e-02 |134 -0.03456  1.22497e-03 |135  0.04062  1.17998e-02
136  0.00890  1.39304e-02 |137 -0.03220 -4.86528e-03 |138  0.01227 -1.46267e-02
139  0.00145 -1.31132e-02 |140  0.00031  7.27970e-02 |141  0.01308 -5.41393e-02
142 -0.01833  3.59783e-02 |143  0.00571 -1.21826e-02 |144 -0.00659  1.59107e-02
145  0.83608 -2.75533e-01 |146  1.06783  2.96873e-01 |147  0.08360 -8.74845e-02
148  0.29984  6.91005e-02 |149  0.01687  3.55913e-02 |150 -0.11369 -3.16384e-02
151 -1.01030  1.34258e-01 |152  0.51943  1.18585e-03 |153  0.09979  1.95622e-01
154 -0.24328 -1.10040e-02 |155  0.22052 -6.24958e-02 |156  0.26493  1.32592e-01
157  0.20979 -6.96001e-02 |158  0.25926  8.64512e-03 |159 -0.00399  3.11771e-03
160 -0.09604 -3.98459e-02 |161  0.14651 -3.57351e-02 |162  0.29991  2.00842e-01
163  0.20153  1.96818e-02 |164  0.25073 -1.56657e-02 |165 -0.42818 -9.73027e-01
166  0.20030 -3.10223e-02 |167 -0.06785 -6.32427e-01 |168 -0.40517  1.50227e-02
169  0.16300  1.18127e-03 |170 -0.22642 -1.16700e-03 |171 -0.31250 -1.67925e-03
172 -0.52360  6.08026e-04 |173 -0.55144  3.61956e-02 |174  0.44362 -4.59387e-04
175 -0.17973  1.30468e-03 |176 -0.73491  9.56710e-03 |177  0.07900  2.38920e-02
178  0.14644 -2.38365e-02 |179  0.32236  1.21832e-02 |180  0.27265  1.29997e-01
181 -0.01779 -6.78745e-04 |182  0.01199 -2.06065e-02 |183 -0.13115  4.90883e-02
184 -0.12170  5.04241e-02 |185  0.04839 -4.09486e-03 |186  0.37215 -6.53964e-02
187  0.00812  1.20443e-01 |188 -0.14479  4.33122e-02 |189  0.11360 -8.43722e-02
190  0.18491 -1.67837e-01 |191  0.22019  6.90762e-03 |192  0.25632  1.73479e-01
193  0.02667 -6.52344e-02 |194  0.00191 -3.53771e-02 |195 -0.17434 -7.33656e-02
196 -0.11045 -1.48597e-01 |197 -1.16906  4.80464e-01 |198  0.43199  2.49974e-03
199 -0.00271  1.46150e+00 |200 -0.98979 -1.87420e-01 |
200 variables; iteration 200; function evaluation 285; phase 4
Function value 5.1728422e+03; maximum gradient component mag 4.3347e+00
Var    Value     Gradient |Var    Value     Gradient |Var    Value     Gradient
  1 -0.42197 -1.14144e-01 |  2  0.60281 -1.16620e+00 |  3 -0.06978 -2.11107e-01
  4 -0.23318 -4.00632e-01 |  5 -0.69409  4.09660e-02 |  6 -0.58281  7.38461e-02
  7  0.57592 -1.21638e+00 |  8 -0.16065 -3.43621e-01 |  9 -0.16587 -4.96371e-01
 10 -0.53878  3.11603e-02 | 11 -0.61287 -8.62978e-03 | 12 -0.13975  1.94184e+00
 13 -0.00969  4.71955e-02 | 14 -0.01001  1.62679e-02 | 15 -0.01039 -2.84707e-02
 16 -0.01046  4.58436e-03 | 17 -0.01039  7.68477e-02 | 18 -0.01070  4.36054e-02
 19 -0.01131 -7.04962e-02 | 20 -0.01152 -8.15088e-02 | 21 -0.01137  4.05592e-03
 22 -0.01149  1.13279e-02 | 23 -0.01178 -3.03582e-02 | 24 -0.01179 -1.85381e-04
 25 -0.01183  1.97683e-02 | 26 -0.01209 -2.74498e-02 | 27 -0.01211 -1.37020e-02
 28 -0.01203  2.06021e-02 | 29 -0.01214 -3.13969e-04 | 30 -0.01214 -9.55147e-04
 31 -0.01213 -4.02729e-03 | 32 -0.01222 -3.90217e-02 | 33 -0.01188  3.10663e-02
 34 -0.01198 -2.38448e-02 | 35 -0.01185 -2.62423e-02 | 36 -0.01153  1.16453e-02
 37 -0.01163 -7.26883e-02 | 38 -0.01040  1.90955e-01 | 39 -0.01103 -5.82385e-02
 40 -0.01057 -2.53830e-02 | 41 -0.00975  9.33592e-02 | 42 -0.01005 -9.87534e-02
 43 -0.00874  1.28759e-01 | 44 -0.00914 -1.07565e-01 | 45 -0.00807  3.91301e-02
 46 -0.00768  4.25849e-05 | 47 -0.00713 -4.73562e-05 | 48 -0.00656  5.59349e-03
 49 -0.00616 -3.12726e-02 | 50 -0.00557 -1.30758e-02 | 51 -0.00482  5.77757e-02
 52 -0.00454  1.58495e-02 | 53 -0.00447 -6.55196e-02 | 54 -0.00402 -3.78625e-02
 55 -0.00348  2.32004e-02 | 56 -0.00319  2.78908e-02 | 57 -0.00311 -1.48234e-02
 58 -0.00296 -4.69690e-02 | 59 -0.00258 -2.94578e-02 | 60 -0.00210 -8.90029e-03
 61 -0.00154  7.27402e-03 | 62 -0.00071  5.50659e-02 | 63 -0.00032 -5.29791e-02
 64  0.00060 -8.27593e-02 | 65  0.00254  7.59149e-02 | 66  0.00398  4.13592e-02
 67  0.00615  1.04151e-01 | 68  0.00809  3.37441e-02 | 69  0.01051 -3.75683e-03
 70  0.01361  3.41596e-02 | 71  0.01678  1.86134e-02 | 72  0.02020  3.13233e-03
 73  0.02385  6.14634e-03 | 74  0.02757  2.80754e-02 | 75  0.03098  3.52674e-02
 76  0.03343 -3.97501e-02 | 77  0.03577  1.30132e-03 | 78  0.03716  3.54704e-02
 79  0.03722  2.87234e-03 | 80  0.03650 -1.35194e-02 | 81  0.03524  6.89047e-03
 82  0.03326  1.79322e-02 | 83  0.03049  1.10892e-02 | 84  0.02694 -5.09827e-03
 85  0.02278  4.33382e-03 | 86  0.01803  9.01644e-03 | 87  0.01302 -1.18954e-02
 88  0.00851 -4.02549e-03 | 89  0.00501  4.84854e-02 | 90  0.00267  1.29514e-01
 91  0.00034 -3.93168e-02 | 92 -0.00027  1.66037e-02 | 93 -0.00050  1.67948e-02
 94 -0.00030 -1.55505e-02 | 95  0.00107  6.18562e-02 | 96  0.00286  5.10662e-02
 97  0.00514  2.81841e-02 | 98  0.00770 -7.58794e-02 | 99  0.01426  5.94497e-02
100  0.02933  9.61698e-02 |101  0.00278  7.62492e-02 |102 -0.00799  6.90616e-02
103 -0.02968  7.95147e-02 |104  0.01983  6.31608e-02 |105  0.01306  1.30120e-01
106 -0.00875  1.55426e-01 |107  0.02271  6.95309e-02 |108  0.01785  7.70641e-02
109  0.01197  1.54332e-01 |110  0.00800  1.13104e-02 |111  0.01297  4.20814e-02
112  0.06040  1.91969e-01 |113 -0.00024 -6.78501e-02 |114  0.02257 -5.21066e-02
115  0.01104 -9.00605e-02 |116 -0.03279 -3.24143e-02 |117 -0.05123 -7.48076e-02
118 -0.05144 -6.08957e-03 |119 -0.03611  3.64876e-02 |120 -0.00721  3.33442e-02
121  0.01425 -5.20572e-03 |122  0.00540 -4.84664e-02 |123 -0.04389 -1.60218e-02
124  0.01801  1.85569e-02 |125  0.02192 -2.24323e-03 |126  0.00904 -1.03269e-02
127  0.01595 -7.65669e-03 |128  0.05575 -1.75275e-02 |129  0.05807 -5.28940e-02
130  0.01820  2.79193e-02 |131  0.04072 -2.32685e-02 |132 -0.01215  1.24118e-02
133  0.03326 -1.88662e-02 |134 -0.03451  7.05522e-04 |135  0.04059 -2.87036e-02
136  0.00901  6.46155e-04 |137 -0.03216  2.44887e-03 |138  0.01237  3.42634e-02
139  0.00156  2.52723e-02 |140 -0.00013 -1.82084e-02 |141  0.01327 -1.43664e-02
142 -0.01835  1.22949e-03 |143  0.00572 -4.37317e-02 |144 -0.00656  8.77668e-03
145  0.85389  2.43380e-03 |146  1.07128  2.09649e-01 |147  0.08373  4.92419e-02
148  0.29984 -2.09823e-01 |149  0.01680 -1.62240e-02 |150 -0.11366  2.74060e-02
151 -1.01824  1.10769e-02 |152  0.56627  2.83650e-03 |153  0.09952 -1.01376e-01
154 -0.24299  4.67776e-03 |155  0.22069  1.39836e-01 |156  0.26496 -1.49968e-01
157  0.20992  3.25250e-02 |158  0.25928 -4.87735e-02 |159 -0.00407  2.75560e-03
160 -0.09602 -4.71486e-02 |161  0.14663  1.97707e-02 |162  0.29991  3.97199e-02
163  0.20159  5.08516e-02 |164  0.25073 -9.94201e-02 |165 -0.40695  1.83622e-01
166  0.11372  4.19352e-02 |167 -0.08659  1.43041e-01 |168 -0.41237  1.89023e-01
169  0.15748  7.16587e-04 |170 -0.19323 -9.83972e-04 |171 -0.27228 -1.43207e-03
172 -0.51674  1.32848e-03 |173 -0.56601  1.98216e-02 |174  0.40837 -2.16742e-03
175 -0.17964  3.12496e-02 |176 -0.75439  5.21019e-03 |177  0.07911  2.52243e-02
178  0.14638 -3.70372e-02 |179  0.32238 -6.98772e-02 |180  0.27260  5.28467e-02
181 -0.01793 -3.12478e-02 |182  0.01211  4.45768e-02 |183 -0.13118 -4.30761e-04
184 -0.12170  2.59062e-02 |185  0.04888  2.60236e-02 |186  0.37221 -1.79713e-02
187  0.00768  5.51289e-03 |188 -0.14473 -2.91356e-03 |189  0.11362  2.56356e-01
190  0.18500  3.09171e-01 |191  0.22020 -1.79041e-01 |192  0.25632 -4.06852e-01
193  0.02669  2.26906e-01 |194  0.00188  3.39089e-02 |195 -0.17434  1.91583e-02
196 -0.11042  2.24215e-01 |197 -1.17865  7.95129e-02 |198  0.85091  1.31655e-02
199 -0.00372  4.33473e+00 |200 -0.98577 -1.37098e-01 |
200 variables; iteration 220; function evaluation 322; phase 4
Function value 5.1728215e+03; maximum gradient component mag -4.8361e+00
Var    Value     Gradient |Var    Value     Gradient |Var    Value     Gradient
  1 -0.42195  7.48693e-01 |  2  0.60259 -9.92632e-02 |  3 -0.06980  5.43454e-01
  4 -0.23300  4.25716e-01 |  5 -0.69402  1.03785e-01 |  6 -0.58286  1.80240e-01
  7  0.57607  1.45317e-01 |  8 -0.16062 -6.04988e-01 |  9 -0.16597 -2.16054e-01
 10 -0.53895 -1.09546e-01 | 11 -0.61284 -1.24232e-02 | 12 -0.13926 -2.35176e+00
 13 -0.00994 -1.78005e-02 | 14 -0.01025 -4.42838e-02 | 15 -0.01114 -2.25085e-01
 16 -0.01102 -1.41596e-01 | 17 -0.01093 -6.47086e-02 | 18 -0.01081  1.79759e-02
 19 -0.01127 -5.60507e-02 | 20 -0.01116  2.04054e-02 | 21 -0.01052  2.37483e-01
 22 -0.01169 -3.78792e-02 | 23 -0.01128  1.10183e-01 | 24 -0.01140  1.10468e-01
 25 -0.01198 -1.69478e-02 | 26 -0.01162  1.05901e-01 | 27 -0.01305 -2.60669e-01
 28 -0.01125  2.37434e-01 | 29 -0.01227 -3.00778e-02 | 30 -0.01196  5.36538e-02
 31 -0.01210  1.17262e-02 | 32 -0.01216 -1.65077e-02 | 33 -0.01205 -8.79467e-03
 34 -0.01145  1.24463e-01 | 35 -0.01164  3.54047e-02 | 36 -0.01068  2.48341e-01
 37 -0.01241 -2.76304e-01 | 38 -0.01079  9.14742e-02 | 39 -0.01123 -1.04675e-01
 40 -0.01030  5.33542e-02 | 41 -0.00998  3.94674e-02 | 42 -0.01052 -2.14329e-01
 43 -0.00812  3.00667e-01 | 44 -0.00935 -1.55024e-01 | 45 -0.00824  1.51917e-03
 46 -0.00809 -1.00094e-01 | 47 -0.00737 -5.34920e-02 | 48 -0.00562  2.56217e-01
 49 -0.00565  1.07478e-01 | 50 -0.00542  3.38436e-02 | 51 -0.00430  1.96740e-01
 52 -0.00474 -2.92336e-02 | 53 -0.00525 -2.59599e-01 | 54 -0.00343  1.16425e-01
 55 -0.00318  1.02674e-01 | 56 -0.00267  1.62111e-01 | 57 -0.00203  2.56604e-01
 58 -0.00256  5.22472e-02 | 59 -0.00325 -2.02108e-01 | 60 -0.00330 -3.13580e-01
 61 -0.00158 -7.65577e-03 | 62 -0.00094 -1.05966e-02 | 63  0.00011  4.39938e-02
 64  0.00031 -1.65940e-01 | 65  0.00238  2.38192e-02 | 66  0.00332 -1.34054e-01
 67  0.00573 -1.15584e-02 | 68  0.00851  1.13016e-01 | 69  0.01068  1.43746e-02
 70  0.01319 -8.05721e-02 | 71  0.01660 -4.32335e-02 | 72  0.01993 -7.71270e-02
 73  0.02365 -5.87768e-02 | 74  0.02748 -1.63771e-02 | 75  0.03050 -8.22979e-02
 76  0.03340 -7.31020e-02 | 77  0.03610  3.25122e-02 | 78  0.03689 -3.97769e-02
 79  0.03740  5.79725e-03 | 80  0.03659 -2.54273e-02 | 81  0.03557  3.90835e-02
 82  0.03338  1.38915e-02 | 83  0.03016 -7.66633e-02 | 84  0.02681 -5.46865e-02
 85  0.02242 -9.06323e-02 | 86  0.01790 -4.19564e-02 | 87  0.01344  5.80059e-02
 88  0.00866  9.56127e-03 | 89  0.00475 -3.41704e-02 | 90  0.00214 -1.98508e-02
 91 -0.00027 -2.09478e-01 | 92 -0.00028 -6.34246e-03 | 93 -0.00097 -1.16569e-01
 94  0.00008  6.36399e-02 | 95  0.00064 -5.44523e-02 | 96  0.00295  7.05078e-02
 97  0.00501  5.53985e-03 | 98  0.00789 -1.25458e-02 | 99  0.01391 -3.54518e-03
100  0.02934 -2.57210e-02 |101  0.00275  1.06811e-02 |102 -0.00752  7.59515e-02
103 -0.02988 -3.28574e-02 |104  0.01998  7.99474e-02 |105  0.01301  1.80488e-02
106 -0.00882  6.04705e-03 |107  0.02292  1.60066e-01 |108  0.01829  1.54147e-01
109  0.01182 -1.75012e-02 |110  0.00835  1.15215e-01 |111  0.01280 -1.97902e-03
112  0.06046 -9.81624e-02 |113  0.00010 -1.93362e-01 |114  0.02254 -3.46610e-01
115  0.01056 -2.02141e-01 |116 -0.03252 -1.73507e-01 |117 -0.05104 -1.93721e-01
118 -0.05128 -2.01197e-01 |119 -0.03575 -8.86067e-02 |120 -0.00563 -6.46589e-02
121  0.01388 -1.12291e-01 |122  0.00490 -1.11143e-01 |123 -0.04373  6.04190e-02
124  0.01891 -5.23163e-02 |125  0.02184 -1.32567e-02 |126  0.00919  2.85912e-02
127  0.01613  6.04338e-02 |128  0.05593  5.34393e-02 |129  0.05820 -1.56993e-02
130  0.01829  7.60649e-02 |131  0.04102  1.30790e-01 |132 -0.01206  6.06012e-02
133  0.03343  3.68162e-02 |134 -0.03437  2.84931e-02 |135  0.04045 -2.04594e-01
136  0.00914 -4.57380e-02 |137 -0.03228 -1.01874e-01 |138  0.01242 -1.33796e-03
139  0.00156  9.01152e-03 |140  0.00024  7.35011e-02 |141  0.01333 -1.10720e-02
142 -0.01846 -6.49276e-02 |143  0.00584 -3.24447e-02 |144 -0.00647  2.42532e-02
145  1.03087  1.14268e-01 |146  1.09225  4.57714e-01 |147  0.08367 -8.39848e-02
148  0.29983 -3.50074e-01 |149  0.01678 -1.62510e-01 |150 -0.11368 -6.02438e-02
151 -1.04721 -2.22386e-01 |152  0.44069 -6.27820e-03 |153  0.09905 -7.36431e-01
154 -0.24270 -4.06646e-02 |155  0.22070  8.87008e-02 |156  0.26500  2.12154e-01
157  0.20990  1.68825e-02 |158  0.25928 -8.52668e-02 |159 -0.00407 -2.27383e-02
160 -0.09607 -1.25878e-01 |161  0.14665 -1.30066e-01 |162  0.29997  6.16313e-01
163  0.20137 -3.02869e-01 |164  0.25064  8.63652e-02 |165 -0.39691 -4.83612e+00
166  0.00933 -7.20356e-03 |167 -0.13522 -7.90920e-01 |168 -0.49992 -2.07122e-02
169  0.14258 -5.60090e-03 |170 -0.08892 -2.35048e-04 |171 -0.17922 -9.08647e-04
172 -0.58792 -3.00853e-03 |173 -0.56093  2.20178e-01 |174  0.48330  1.68793e-03
175 -0.20712  1.91106e-02 |176 -0.82401 -6.02365e-03 |177  0.07863  4.11819e-02
178  0.14629 -4.73325e-01 |179  0.32217 -3.13762e-01 |180  0.27260  6.19453e-01
181 -0.01726 -1.57858e-02 |182  0.01212 -1.40257e-01 |183 -0.13141 -2.83735e-01
184 -0.12172 -1.18725e-01 |185  0.04842  4.06834e-02 |186  0.37209 -9.26698e-03
187  0.00816  2.20729e-01 |188 -0.14473  1.45436e-01 |189  0.11360  5.63630e-01
190  0.18501  3.52939e-01 |191  0.22019 -5.31031e-01 |192  0.25632 -5.16454e-01
193  0.02671  2.62549e-01 |194  0.00182 -1.38863e-01 |195 -0.17439 -2.22842e-01
196 -0.11044  1.52286e-01 |197 -1.20905  8.20441e-01 |198  0.69170  5.97172e-03
199 -0.00812 -2.57180e-02 |200 -0.97897 -9.37698e-02 |
200 variables; iteration 240; function evaluation 357; phase 4
Function value 5.1728098e+03; maximum gradient component mag 2.8713e+00
Var    Value     Gradient |Var    Value     Gradient |Var    Value     Gradient
  1 -0.42199 -1.26352e-01 |  2  0.60302 -7.85973e-01 |  3 -0.06975 -2.43571e-01
  4 -0.23330 -3.41143e-01 |  5 -0.69429 -9.59221e-03 |  6 -0.58279 -1.60193e-01
  7  0.57625 -5.65561e-01 |  8 -0.16062  1.38088e-01 |  9 -0.16606 -1.73092e-02
 10 -0.53903  7.88870e-02 | 11 -0.61284  7.93203e-02 | 12 -0.13957  8.73961e-01
 13 -0.00985  4.93659e-03 | 14 -0.01005  7.91843e-03 | 15 -0.01046 -4.81856e-02
 16 -0.01046  6.41710e-03 | 17 -0.01058  2.56919e-02 | 18 -0.01080  1.90945e-02
 19 -0.01072  8.73415e-02 | 20 -0.01123 -2.18175e-03 | 21 -0.01150 -3.18164e-02
 22 -0.01149  1.12999e-02 | 23 -0.01171 -9.01057e-03 | 24 -0.01187 -1.97416e-02
 25 -0.01199 -2.26559e-02 | 26 -0.01226 -7.17379e-02 | 27 -0.01195  2.93012e-02
 28 -0.01208  9.56524e-03 | 29 -0.01223 -2.50711e-02 | 30 -0.01197  4.80697e-02
 31 -0.01207  1.27899e-02 | 32 -0.01190  4.71966e-02 | 33 -0.01220 -5.59355e-02
 34 -0.01203 -3.79569e-02 | 35 -0.01188 -3.44726e-02 | 36 -0.01172 -3.96917e-02
 37 -0.01114  5.95177e-02 | 38 -0.01121 -2.72338e-02 | 39 -0.01054  7.44562e-02
 40 -0.01048  9.57922e-04 | 41 -0.01025 -3.96147e-02 | 42 -0.00940  7.40660e-02
 43 -0.00950 -7.06997e-02 | 44 -0.00855  5.06218e-02 | 45 -0.00818  1.05328e-02
 46 -0.00753  4.17987e-02 | 47 -0.00708  1.48577e-02 | 48 -0.00679 -5.31047e-02
 49 -0.00610 -1.47278e-02 | 50 -0.00561 -2.04142e-02 | 51 -0.00527 -5.70118e-02
 52 -0.00456  1.08914e-02 | 53 -0.00394  7.06795e-02 | 54 -0.00390 -6.09517e-03
 55 -0.00347  2.84008e-02 | 56 -0.00344 -3.17872e-02 | 57 -0.00347 -1.06940e-01
 58 -0.00253  6.37811e-02 | 59 -0.00216  7.56188e-02 | 60 -0.00210 -7.89849e-03
 61 -0.00121  8.92200e-02 | 62 -0.00105 -3.10574e-02 | 63 -0.00019 -2.01766e-02
 64  0.00115  5.18639e-02 | 65  0.00212 -2.70060e-02 | 66  0.00393  2.61115e-02
 67  0.00565 -1.61308e-02 | 68  0.00781 -3.25760e-02 | 69  0.01053 -2.72966e-03
 70  0.01355  1.78245e-02 | 71  0.01673  4.16303e-03 | 72  0.02027  1.44829e-02
 73  0.02390  1.22196e-02 | 74  0.02744 -1.22234e-03 | 75  0.03091  1.73447e-02
 76  0.03378  1.83577e-02 | 77  0.03572 -1.23324e-02 | 78  0.03698 -3.17575e-03
 79  0.03719 -9.82546e-03 | 80  0.03662 -9.76015e-04 | 81  0.03512 -2.48816e-02
 82  0.03314 -1.34823e-02 | 83  0.03053  6.12477e-03 | 84  0.02702 -7.24894e-04
 85  0.02285  6.68131e-03 | 86  0.01803 -4.89500e-03 | 87  0.01299 -3.34583e-02
 88  0.00850 -2.22399e-02 | 89  0.00479 -1.88882e-02 | 90  0.00208 -2.98620e-02
 91  0.00064  2.02843e-02 | 92 -0.00022  1.23978e-02 | 93 -0.00068 -4.24228e-02
 94 -0.00037 -4.75342e-02 | 95  0.00083 -7.66804e-03 | 96  0.00255 -2.84915e-02
 97  0.00497 -4.59534e-03 | 98  0.00808  3.53230e-02 | 99  0.01401  3.53969e-02
100  0.02942  3.59429e-02 |101  0.00294  4.41114e-02 |102 -0.00776  1.18767e-02
103 -0.02973  6.90842e-02 |104  0.01994  4.04459e-02 |105  0.01326  7.21925e-02
106 -0.00877  1.09953e-01 |107  0.02255 -2.12407e-03 |108  0.01793  2.97043e-02
109  0.01215  1.22296e-01 |110  0.00791 -2.82428e-02 |111  0.01281  3.43898e-02
112  0.06042  9.24224e-02 |113  0.00023  3.19904e-02 |114  0.02269  6.91973e-02
115  0.01025  5.86683e-02 |116 -0.03251  5.16684e-02 |117 -0.05112  6.37635e-02
118 -0.05112  4.34600e-02 |119 -0.03570 -1.56987e-02 |120 -0.00595 -8.25585e-02
121  0.01367 -1.97009e-02 |122  0.00501  2.42580e-02 |123 -0.04415 -3.19064e-02
124  0.01887 -1.68779e-02 |125  0.02180  1.84906e-02 |126  0.00906 -6.09205e-03
127  0.01597 -1.23401e-02 |128  0.05571 -4.48509e-02 |129  0.05824 -3.04115e-02
130  0.01802 -6.47243e-02 |131  0.04084 -2.90412e-02 |132 -0.01227 -4.36180e-02
133  0.03340  2.84969e-03 |134 -0.03452  9.99344e-03 |135  0.04071  7.60716e-02
136  0.00917  5.81172e-02 |137 -0.03214  5.48567e-03 |138  0.01233 -6.23651e-03
139  0.00151 -1.81064e-03 |140 -0.00013 -3.58446e-03 |141  0.01339  2.80164e-02
142 -0.01832  1.74491e-02 |143  0.00588  2.24319e-02 |144 -0.00662 -2.81713e-02
145  1.07654  4.84007e-02 |146  1.09392  3.21457e-01 |147  0.08380  8.48383e-02
148  0.29988  1.71987e-01 |149  0.01680  6.11798e-02 |150 -0.11367  2.79222e-02
151 -1.01873  4.47940e-03 |152  0.48166 -1.09203e-03 |153  0.09947 -6.42117e-03
154 -0.24293  3.05159e-02 |155  0.22056 -1.18915e-01 |156  0.26491 -7.24299e-02
157  0.20997  5.14193e-02 |158  0.25931  5.71731e-02 |159 -0.00408  3.49065e-02
160 -0.09602  1.07351e-02 |161  0.14659  7.88391e-02 |162  0.29988 -2.18378e-01
163  0.20169  1.15658e-01 |164  0.25078  2.19320e-02 |165 -0.39318 -5.19860e-02
166 -0.02199 -6.11331e-03 |167 -0.14695 -1.06482e-02 |168 -0.52270  9.69932e-03
169  0.14082 -6.41413e-02 |170 -0.06940  1.34797e-02 |171 -0.13270  6.25954e-03
172 -0.55513 -1.59363e-03 |173 -0.56698 -5.37096e-03 |174  0.45223  6.77029e-04
175 -0.21153  6.14485e-02 |176 -0.84024 -8.07122e-03 |177  0.07899  1.53711e-02
178  0.14641  1.24470e-01 |179  0.32239  8.61655e-02 |180  0.27259 -2.19417e-01
181 -0.01769  2.07009e-02 |182  0.01208  3.28338e-02 |183 -0.13115  5.91006e-02
184 -0.12170  6.07559e-02 |185  0.04893 -3.94467e-02 |186  0.37219 -1.60747e-02
187  0.00759 -9.12388e-02 |188 -0.14476 -8.27866e-02 |189  0.11361 -2.64896e-01
190  0.18500 -1.66993e-01 |191  0.22020  1.55493e-01 |192  0.25632  2.14973e-01
193  0.02669 -1.26444e-01 |194  0.00191 -6.14931e-02 |195 -0.17433 -9.15059e-03
196 -0.11043 -1.07438e-01 |197 -1.21599  2.81350e-01 |198  0.75870  7.88709e-03
199 -0.00903  2.87126e+00 |200 -0.97096 -6.79580e-02 |
200 variables; iteration 260; function evaluation 391; phase 4
Function value 5.1728031e+03; maximum gradient component mag 3.8196e+00
Var    Value     Gradient |Var    Value     Gradient |Var    Value     Gradient
  1 -0.42200  4.05974e-02 |  2  0.60323 -9.75533e-01 |  3 -0.06967 -8.16549e-02
  4 -0.23345 -2.68739e-01 |  5 -0.69432  2.64817e-02 |  6 -0.58279  5.23617e-02
  7  0.57629 -1.04012e+00 |  8 -0.16061 -2.77984e-01 |  9 -0.16603 -3.98824e-01
 10 -0.53932 -8.57086e-02 | 11 -0.61280  2.13849e-02 | 12 -0.13905  2.29272e+00
 13 -0.00989 -3.10157e-03 | 14 -0.01031 -5.94711e-02 | 15 -0.01038 -2.32735e-02
 16 -0.01071 -5.78356e-02 | 17 -0.01086 -4.65428e-02 | 18 -0.01142 -1.45898e-01
 19 -0.01136 -7.94760e-02 | 20 -0.01134 -2.93111e-02 | 21 -0.01148 -2.33195e-02
 22 -0.01135  5.17381e-02 | 23 -0.01156  3.48443e-02 | 24 -0.01142  1.03882e-01
 25 -0.01188  8.80571e-03 | 26 -0.01170  8.29620e-02 | 27 -0.01205  8.19164e-03
 28 -0.01174  1.04579e-01 | 29 -0.01203  3.21109e-02 | 30 -0.01278 -1.67401e-01
 31 -0.01216 -7.20087e-03 | 32 -0.01190  5.08510e-02 | 33 -0.01170  8.45598e-02
 34 -0.01183  1.89104e-02 | 35 -0.01149  7.51637e-02 | 36 -0.01121  1.02735e-01
 37 -0.01146 -2.31732e-02 | 38 -0.01106  1.66786e-02 | 39 -0.01125 -1.13039e-01
 40 -0.01063 -3.64753e-02 | 41 -0.01015 -8.24788e-03 | 42 -0.00997 -7.31406e-02
 43 -0.00904  5.29216e-02 | 44 -0.00891 -4.08479e-02 | 45 -0.00827 -9.12177e-03
 46 -0.00790 -5.36060e-02 | 47 -0.00716 -4.07597e-03 | 48 -0.00645  3.61360e-02
 49 -0.00597  2.00851e-02 | 50 -0.00544  2.36253e-02 | 51 -0.00495  2.46227e-02
 52 -0.00460  2.02444e-03 | 53 -0.00453 -7.99487e-02 | 54 -0.00358  7.47179e-02
 55 -0.00381 -6.01893e-02 | 56 -0.00342 -2.81898e-02 | 57 -0.00260  1.13109e-01
 58 -0.00309 -8.06368e-02 | 59 -0.00285 -9.96921e-02 | 60 -0.00192  3.62794e-02
 61 -0.00164 -1.96711e-02 | 62 -0.00097 -1.15627e-02 | 63 -0.00015 -1.28119e-02
 64  0.00071 -5.76516e-02 | 65  0.00231  1.75240e-02 | 66  0.00370 -2.84129e-02
 67  0.00571 -1.51306e-03 | 68  0.00796  2.34431e-03 | 69  0.01053  3.08047e-04
 70  0.01336 -2.20416e-02 | 71  0.01665 -1.02751e-02 | 72  0.02024  1.19947e-02
 73  0.02372 -1.66619e-02 | 74  0.02738 -5.18784e-03 | 75  0.03064 -2.18713e-02
 76  0.03364  6.56539e-03 | 77  0.03571  1.09303e-03 | 78  0.03689  1.03000e-03
 79  0.03724  2.11688e-02 | 80  0.03664  2.83684e-02 | 81  0.03522  2.28804e-02
 82  0.03303  3.97211e-04 | 83  0.03026 -8.35197e-03 | 84  0.02697  2.82855e-02
 85  0.02269  1.52674e-02 | 86  0.01791  1.30788e-02 | 87  0.01304  2.37037e-02
 88  0.00846  1.62206e-02 | 89  0.00467  3.12663e-03 | 90  0.00212  3.12078e-02
 91  0.00037  3.41505e-03 | 92 -0.00034  3.52946e-02 | 93 -0.00080 -2.07145e-02
 94 -0.00015  5.95753e-02 | 95  0.00067  3.94912e-03 | 96  0.00266  4.94310e-02
 97  0.00483  1.18760e-02 | 98  0.00774  1.05525e-02 | 99  0.01364  1.23426e-02
100  0.02964  1.06646e-01 |101  0.00278  6.97663e-03 |102 -0.00743  8.45768e-02
103 -0.02974  1.11672e-01 |104  0.01980  1.00932e-02 |105  0.01338  8.26355e-02
106 -0.00872  1.53794e-01 |107  0.02259  3.58443e-04 |108  0.01813  6.62799e-02
109  0.01213  1.28193e-01 |110  0.00819  3.48890e-02 |111  0.01273  5.64496e-02
112  0.06062  1.94916e-01 |113  0.00053  3.69835e-02 |114  0.02277  4.42633e-02
115  0.01024  3.13068e-02 |116 -0.03244  1.89779e-02 |117 -0.05123  1.24008e-02
118 -0.05097  6.39623e-02 |119 -0.03526  9.93000e-02 |120 -0.00510  1.65561e-01
121  0.01368  1.02032e-01 |122  0.00484  4.61389e-02 |123 -0.04387  8.24974e-02
124  0.01943  1.45871e-01 |125  0.02183  1.17491e-03 |126  0.00923  2.29282e-02
127  0.01613  3.18017e-02 |128  0.05592  5.16249e-02 |129  0.05850  7.12954e-02
130  0.01821  1.18933e-02 |131  0.04097  1.03246e-02 |132 -0.01205  1.89276e-02
133  0.03349 -1.73443e-02 |134 -0.03449 -2.49445e-02 |135  0.04069 -3.80654e-02
136  0.00925  9.74193e-03 |137 -0.03202  2.07005e-02 |138  0.01245  1.20172e-02
139  0.00155 -7.20424e-03 |140 -0.00006 -2.21896e-03 |141  0.01337 -4.91632e-02
142 -0.01825 -3.34335e-03 |143  0.00590 -1.94448e-02 |144 -0.00643  2.58097e-02
145  1.12388  2.32656e-03 |146  1.09562  2.68038e-01 |147  0.08372 -4.15592e-02
148  0.29985 -3.64836e-02 |149  0.01684 -1.62084e-02 |150 -0.11369 -2.11518e-02
151 -1.01725  2.08495e-02 |152  0.48162 -1.08491e-03 |153  0.09947  2.02901e-02
154 -0.24324 -3.27295e-02 |155  0.22067  6.79607e-02 |156  0.26498  5.71554e-02
157  0.20989 -1.56647e-02 |158  0.25927 -2.16565e-02 |159 -0.00403 -4.72899e-03
160 -0.09604 -1.24087e-02 |161  0.14650 -5.28464e-02 |162  0.29988  7.42090e-02
163  0.20153 -6.13159e-02 |164  0.25071 -1.04137e-02 |165 -0.38853  5.21412e-01
166 -0.06238 -1.00335e-02 |167 -0.16186  2.48908e-02 |168 -0.54613  6.94503e-03
169  0.14987  3.87133e-03 |170 -0.07196 -3.40434e-04 |171 -0.15414  1.54516e-03
172 -0.51557  1.46920e-03 |173 -0.56729  8.82719e-02 |174  0.45459  7.69052e-04
175 -0.23598  9.12402e-02 |176 -0.87325 -1.27948e-02 |177  0.07893  1.76999e-02
178  0.14633 -5.87034e-02 |179  0.32234 -2.36552e-02 |180  0.27257  3.43941e-02
181 -0.01759 -1.11311e-02 |182  0.01216  2.51822e-02 |183 -0.13131 -3.94603e-03
184 -0.12172  1.90768e-02 |185  0.04896  3.06470e-02 |186  0.37220  3.09520e-03
187  0.00763 -7.80784e-04 |188 -0.14473  4.49401e-03 |189  0.11360  3.34440e-02
190  0.18498  2.12683e-02 |191  0.22020 -1.92403e-02 |192  0.25631 -5.48701e-02
193  0.02670  2.08147e-02 |194  0.00197  4.25015e-02 |195 -0.17437 -2.60611e-03
196 -0.11046 -9.99577e-04 |197 -1.22435  6.30347e-02 |198  0.21884 -3.95174e-03
199 -0.01072  3.81959e+00 |200 -0.95628 -4.47969e-02 |
200 variables; iteration 280; function evaluation 413; phase 4
Function value 5.1727144e+03; maximum gradient component mag -1.4573e+01
Var    Value     Gradient |Var    Value     Gradient |Var    Value     Gradient
  1 -0.42197  7.40910e-01 |  2  0.60211  2.99150e-01 |  3 -0.06977  6.33751e-01
  4 -0.23297  5.65513e-01 |  5 -0.69231  6.53181e-02 |  6 -0.58302  9.73731e-02
  7  0.57500  3.84481e-01 |  8 -0.16080 -1.73729e-01 |  9 -0.16502  1.79586e-01
 10 -0.53963 -7.04407e-02 | 11 -0.61281 -7.75893e-02 | 12 -0.14057 -1.63378e+00
 13 -0.00993 -2.47404e-02 | 14 -0.01010 -1.41319e-02 | 15 -0.01042 -4.51742e-02
 16 -0.01068 -5.89626e-02 | 17 -0.01053  3.14652e-02 | 18 -0.01167 -2.22159e-01
 19 -0.01097  1.39843e-02 | 20 -0.01100  5.18296e-02 | 21 -0.01182 -1.25370e-01
 22 -0.01074  2.04886e-01 | 23 -0.01128  9.68894e-02 | 24 -0.01171  1.43979e-02
 25 -0.01103  2.26378e-01 | 26 -0.01183  3.38284e-02 | 27 -0.01249 -1.25227e-01
 28 -0.01237 -7.80108e-02 | 29 -0.01179  8.37935e-02 | 30 -0.01181  8.02399e-02
 31 -0.01149  1.60505e-01 | 32 -0.01221 -4.57557e-02 | 33 -0.01236 -1.08191e-01
 34 -0.01146  1.06429e-01 | 35 -0.01157  3.98392e-02 | 36 -0.01081  1.95584e-01
 37 -0.01114  5.07477e-02 | 38 -0.01113 -1.48155e-02 | 39 -0.01111 -8.87750e-02
 40 -0.01052 -2.12326e-02 | 41 -0.01030 -6.24956e-02 | 42 -0.00971 -1.65708e-02
 43 -0.00918  4.12773e-03 | 44 -0.00867  1.02160e-02 | 45 -0.00809  2.62203e-02
 46 -0.00777 -3.24353e-02 | 47 -0.00702  2.16672e-02 | 48 -0.00652  9.43196e-03
 49 -0.00576  6.51251e-02 | 50 -0.00536  3.44209e-02 | 51 -0.00513 -3.04761e-02
 52 -0.00435  5.70881e-02 | 53 -0.00411  1.99838e-02 | 54 -0.00345  9.87231e-02
 55 -0.00358 -9.56094e-03 | 56 -0.00337 -2.28694e-02 | 57 -0.00273  7.22970e-02
 58 -0.00264  2.43476e-02 | 59 -0.00251 -2.34693e-02 | 60 -0.00158  1.11763e-01
 61 -0.00109  1.08494e-01 | 62 -0.00087  1.70506e-04 | 63  0.00006  2.35911e-02
 64  0.00103  3.84959e-03 | 65  0.00247  3.72990e-02 | 66  0.00397  1.40271e-02
 67  0.00575 -1.78527e-02 | 68  0.00794 -2.93502e-02 | 69  0.01074  1.50648e-02
 70  0.01346 -3.47703e-02 | 71  0.01681 -1.60003e-02 | 72  0.02065  4.96454e-02
 73  0.02395 -2.47467e-02 | 74  0.02743 -5.40845e-02 | 75  0.03072 -7.33588e-02
 76  0.03416  2.50671e-02 | 77  0.03584 -5.72888e-02 | 78  0.03698 -7.38600e-02
 79  0.03736 -5.52853e-02 | 80  0.03694 -2.22736e-02 | 81  0.03535 -6.41321e-02
 82  0.03305 -1.12554e-01 | 83  0.03058 -6.64239e-02 | 84  0.02728 -3.45499e-02
 85  0.02306 -3.46016e-02 | 86  0.01820 -4.97596e-02 | 87  0.01332 -3.98997e-02
 88  0.00868 -5.52842e-02 | 89  0.00482 -8.25252e-02 | 90  0.00242 -1.39257e-02
 91  0.00099  4.46955e-02 | 92  0.00007  2.89462e-02 | 93 -0.00049 -4.36335e-02
 94  0.00019  5.40514e-02 | 95  0.00098  3.48095e-03 | 96  0.00308  9.19941e-02
 97  0.00514  5.75357e-02 | 98  0.00797  8.72976e-02 | 99  0.01329  6.14175e-03
100  0.02978  1.34618e-04 |101  0.00320 -4.37413e-02 |102 -0.00666  2.55092e-02
103 -0.03020  1.89852e-02 |104  0.01983 -2.29237e-02 |105  0.01368 -4.33598e-02
106 -0.00918 -7.30790e-02 |107  0.02210  5.01926e-03 |108  0.01819  1.11280e-01
109  0.01202  1.80317e-02 |110  0.00786  1.01210e-01 |111  0.01160 -6.55330e-04
112  0.06032 -1.75783e-01 |113  0.00011 -2.02922e-01 |114  0.02191 -3.12889e-01
115  0.00946 -2.19797e-01 |116 -0.03307 -1.40408e-01 |117 -0.05197 -1.35387e-01
118 -0.05142 -3.49147e-02 |119 -0.03546 -1.63698e-03 |120 -0.00542 -5.70057e-02
121  0.01276 -8.26356e-02 |122  0.00417 -6.42457e-02 |123 -0.04455 -1.02099e-01
124  0.01892  4.88174e-02 |125  0.02148  7.34829e-02 |126  0.00893  1.54611e-01
127  0.01554  3.63983e-02 |128  0.05518  5.34142e-03 |129  0.05810  1.58307e-02
130  0.01792  3.63225e-03 |131  0.04085  6.32613e-02 |132 -0.01236  2.62452e-02
133  0.03343  6.44771e-02 |134 -0.03495 -7.66173e-03 |135  0.04039  3.63605e-02
136  0.00939  6.58301e-02 |137 -0.03233 -2.95479e-02 |138  0.01213 -1.49177e-02
139  0.00145 -2.68535e-02 |140 -0.00002 -1.13824e-02 |141  0.01314 -7.80479e-02
142 -0.01863 -3.36704e-02 |143  0.00562 -5.32961e-02 |144 -0.00664  1.78411e-02
145  1.11685  1.21981e-01 |146  1.05603  2.81240e-01 |147  0.08368 -1.61894e-01
148  0.29981  8.45776e-02 |149  0.01680 -4.62689e-02 |150 -0.11367 -2.37463e-02
151 -1.00597  2.80984e-01 |152  0.77027  8.25650e-03 |153  0.09988  4.32538e-02
154 -0.24353 -1.03351e-01 |155  0.22069 -1.76495e-01 |156  0.26494  4.46311e-01
157  0.20964 -2.05183e-02 |158  0.25915 -1.73795e-01 |159 -0.00370  1.10137e-01
160 -0.09608 -8.09673e-02 |161  0.14655 -1.78569e-01 |162  0.29989  5.18994e-01
163  0.20156 -5.24109e-02 |164  0.25074  1.60708e-01 |165 -0.38169  2.97310e+00
166 -0.07434 -7.00142e-02 |167 -0.13926 -2.28425e-03 |168 -0.55553  1.33578e-03
169  0.17788  2.45191e-02 |170 -0.10014 -4.98580e-04 |171 -0.28163 -1.48817e-03
172 -0.54048 -6.97070e-04 |173 -0.57287 -1.45729e+01 |174  0.50521  2.14169e-03
175 -0.53191  1.63095e-01 |176 -0.99246 -2.45149e-01 |177  0.07918 -4.63244e-02
178  0.14612 -1.98277e-01 |179  0.32244 -6.66527e-02 |180  0.27254  3.08322e-01
181 -0.01830 -1.19323e-01 |182  0.01235  2.18078e-01 |183 -0.13103 -1.02618e-02
184 -0.12175 -1.32932e-02 |185  0.04836  4.84551e-02 |186  0.37210  1.61701e-02
187  0.00818  2.18491e-01 |188 -0.14475  1.33353e-01 |189  0.11355  1.05914e-01
190  0.18494  2.81457e-02 |191  0.22017 -4.91968e-01 |192  0.25629 -1.21392e-01
193  0.02670 -1.07280e-01 |194  0.00191  6.17290e-02 |195 -0.17435 -3.14756e-01
196 -0.11045  1.20916e-01 |197 -1.26059  1.14729e+00 |198  0.87499  1.57868e-02
199 -0.02145 -9.25210e-01 |200 -0.79102 -1.04710e-03 |
200 variables; iteration 300; function evaluation 435; phase 4
Function value 5.1726680e+03; maximum gradient component mag 1.6702e+01
Var    Value     Gradient |Var    Value     Gradient |Var    Value     Gradient
  1 -0.42198  4.59962e-01 |  2  0.60296 -2.41622e+00 |  3 -0.06962  2.35341e-02
  4 -0.23365 -4.03055e-01 |  5 -0.69242  2.02050e-01 |  6 -0.58290  1.41344e-01
  7  0.57600 -2.87573e+00 |  8 -0.16074 -5.07055e-01 |  9 -0.16574 -8.54705e-01
 10 -0.54020  1.74101e-01 | 11 -0.61270  2.29225e-01 | 12 -0.14091  4.09689e+00
 13 -0.00981  6.11614e-03 | 14 -0.01003  2.39945e-03 | 15 -0.01028 -8.94170e-03
 16 -0.01047 -6.50245e-03 | 17 -0.01071 -1.88461e-02 | 18 -0.01070  3.39769e-02
 19 -0.01105 -1.15614e-02 | 20 -0.01122 -9.51596e-03 | 21 -0.01123  2.95573e-02
 22 -0.01164 -3.89176e-02 | 23 -0.01170 -2.07255e-02 | 24 -0.01166  2.31918e-02
 25 -0.01200 -4.02368e-02 | 26 -0.01186  2.14083e-02 | 27 -0.01180  5.66751e-02
 28 -0.01197  2.51263e-02 | 29 -0.01210 -4.41363e-03 | 30 -0.01218 -2.41812e-02
 31 -0.01212 -1.54202e-02 | 32 -0.01195  1.90481e-02 | 33 -0.01179  3.96788e-02
 34 -0.01197 -3.74456e-02 | 35 -0.01173 -1.17791e-02 | 36 -0.01162 -2.89994e-02
 37 -0.01133 -7.44648e-03 | 38 -0.01111 -1.69642e-02 | 39 -0.01070  1.22924e-02
 40 -0.01037  1.03878e-02 | 41 -0.01003 -1.64871e-04 | 42 -0.00961  8.58382e-04
 43 -0.00919 -9.49935e-03 | 44 -0.00870 -9.47909e-03 | 45 -0.00817 -5.84232e-03
 46 -0.00763 -6.33123e-03 | 47 -0.00706 -1.93663e-03 | 48 -0.00654 -8.76386e-03
 49 -0.00602 -1.47070e-02 | 50 -0.00552 -2.04071e-02 | 51 -0.00502 -1.45175e-02
 52 -0.00452  6.14415e-04 | 53 -0.00412  4.72077e-04 | 54 -0.00381 -7.68475e-03
 55 -0.00352 -8.75556e-03 | 56 -0.00329 -1.95781e-02 | 57 -0.00301 -1.47589e-02
 58 -0.00272 -1.07105e-02 | 59 -0.00236 -1.07607e-03 | 60 -0.00202 -1.43185e-02
 61 -0.00148 -5.30067e-03 | 62 -0.00089 -1.90841e-02 | 63  0.00004  5.34080e-03
 64  0.00108  4.96315e-03 | 65  0.00227 -2.30256e-02 | 66  0.00399  1.01613e-02
 67  0.00583 -6.15085e-03 | 68  0.00798 -2.83318e-02 | 69  0.01062 -1.83375e-02
 70  0.01364  4.19072e-04 | 71  0.01685 -1.08516e-02 | 72  0.02031 -2.05010e-02
 73  0.02403 -5.48620e-03 | 74  0.02759 -1.92228e-02 | 75  0.03106 -4.44764e-03
 76  0.03375 -3.84472e-02 | 77  0.03592 -3.14335e-02 | 78  0.03724 -1.56589e-02
 79  0.03749 -1.89590e-02 | 80  0.03689 -1.76864e-02 | 81  0.03542 -3.70429e-02
 82  0.03345 -2.67380e-02 | 83  0.03070 -3.39645e-02 | 84  0.02728 -2.63554e-02
 85  0.02311 -1.89202e-02 | 86  0.01834 -2.24856e-02 | 87  0.01336 -3.76915e-02
 88  0.00888 -2.05066e-02 | 89  0.00518 -1.55898e-02 | 90  0.00246 -2.77002e-02
 91  0.00085 -2.08638e-02 | 92  0.00000 -2.53680e-02 | 93 -0.00028 -3.56395e-02
 94 -0.00005 -5.53887e-02 | 95  0.00112 -1.57059e-02 | 96  0.00279 -3.16114e-02
 97  0.00495 -3.18839e-02 | 98  0.00747 -3.52114e-02 | 99  0.01299  1.60930e-02
100  0.02976  1.00367e-01 |101  0.00380  9.62224e-03 |102 -0.00617  7.42679e-02
103 -0.03075  2.13911e-01 |104  0.02007  2.98946e-02 |105  0.01423  1.54870e-01
106 -0.00958  3.64308e-01 |107  0.02230  6.70081e-02 |108  0.01796  1.73918e-01
109  0.01183  4.10066e-01 |110  0.00769  1.02324e-01 |111  0.01107  1.70646e-01
112  0.06011  4.94103e-01 |113  0.00054  9.75020e-02 |114  0.02223  1.82088e-01
115  0.00933  1.35542e-01 |116 -0.03301  1.47669e-01 |117 -0.05191  1.72406e-01
118 -0.05151  1.37127e-01 |119 -0.03560  1.23267e-01 |120 -0.00538  2.27886e-01
121  0.01276  2.05819e-01 |122  0.00428  1.49774e-01 |123 -0.04445  1.35791e-01
124  0.01879  1.44031e-01 |125  0.02151  9.28912e-02 |126  0.00875  6.56974e-02
127  0.01553  4.29049e-02 |128  0.05508  2.06195e-02 |129  0.05812  1.21643e-02
130  0.01790 -5.91264e-03 |131  0.04086  2.30710e-02 |132 -0.01243  8.77453e-03
133  0.03347  1.39341e-02 |134 -0.03498 -1.09058e-04 |135  0.04022 -1.21265e-02
136  0.00949  1.18595e-02 |137 -0.03231 -2.52368e-04 |138  0.01210  2.06758e-03
139  0.00151  2.54958e-03 |140 -0.00024 -1.95975e-02 |141  0.01328  6.34585e-03
142 -0.01858  2.77232e-03 |143  0.00572  1.00426e-02 |144 -0.00669  5.97815e-03
145  1.08990 -1.77210e-01 |146  1.03756 -3.30984e-02 |147  0.08391 -1.05805e-01
148  0.29983  1.12637e-01 |149  0.01675 -7.35934e-02 |150 -0.11362 -7.11073e-02
151 -1.01829  9.95232e-03 |152  0.67241  5.32804e-03 |153  0.09958  1.14265e-02
154 -0.24299 -2.21400e-02 |155  0.22090 -9.43937e-02 |156  0.26494  2.09512e-01
157  0.20993 -6.13490e-02 |158  0.25923  7.79186e-03 |159 -0.00401  9.22410e-04
160 -0.09598 -5.04781e-02 |161  0.14676 -1.21656e-01 |162  0.29987  2.15353e-01
163  0.20166 -1.10280e-01 |164  0.25072  1.13900e-01 |165 -0.37925 -1.59326e+00
166 -0.04662  7.86296e-02 |167 -0.11443  9.39470e-02 |168 -0.55603  1.28820e-02
169  0.15204  2.09175e-04 |170 -0.35386 -1.95151e-03 |171 -0.26907 -1.41301e-03
172 -0.51151  1.91381e-03 |173 -0.57331  1.67016e+01 |174  0.35916 -1.20906e-02
175 -0.83627 -1.03720e-02 |176 -0.90601 -1.84004e-02 |177  0.07897 -2.62543e-02
178  0.14640 -1.18361e-01 |179  0.32239 -4.40824e-03 |180  0.27259  1.75040e-01
181 -0.01787 -9.49271e-03 |182  0.01213  4.72781e-03 |183 -0.13091 -8.73041e-02
184 -0.12167 -5.66914e-02 |185  0.04883 -7.93941e-04 |186  0.37211  1.57858e-03
187  0.00778  4.64956e-02 |188 -0.14470  5.81643e-03 |189  0.11364 -2.22690e-01
190  0.18509 -3.30327e-01 |191  0.22021  4.19396e-02 |192  0.25631  2.81472e-01
193  0.02669 -2.13923e-01 |194  0.00190 -9.73552e-02 |195 -0.17427 -1.79858e-01
196 -0.11040 -3.19253e-01 |197 -1.29501 -1.71465e+00 |198  0.29751  1.34499e-05
199 -0.03209  6.84195e+00 |200 -0.66194  6.71649e-02 |
200 variables; iteration 320; function evaluation 456; phase 4
Function value 5.1726505e+03; maximum gradient component mag 3.3627e+00
Var    Value     Gradient |Var    Value     Gradient |Var    Value     Gradient
  1 -0.42196  1.08340e-01 |  2  0.60275 -1.30143e+00 |  3 -0.06970 -7.57639e-02
  4 -0.23352 -3.18819e-01 |  5 -0.69249  9.25649e-02 |  6 -0.58287  4.26921e-02
  7  0.57635 -1.43778e+00 |  8 -0.16071 -2.66245e-01 |  9 -0.16605 -4.38953e-01
 10 -0.54023  8.49759e-02 | 11 -0.61270  3.77119e-02 | 12 -0.14147  2.09755e+00
 13 -0.00984 -2.49677e-03 | 14 -0.01004 -2.65827e-03 | 15 -0.01026 -5.16348e-03
 16 -0.01046 -6.86779e-03 | 17 -0.01062  3.62436e-03 | 18 -0.01091 -2.38197e-02
 19 -0.01100 -1.80839e-04 | 20 -0.01115  7.03794e-03 | 21 -0.01137 -9.07287e-03
 22 -0.01140  2.14361e-02 | 23 -0.01158  9.76289e-03 | 24 -0.01171  7.81632e-03
 25 -0.01175  2.72037e-02 | 26 -0.01189  1.24784e-02 | 27 -0.01202 -4.71152e-03
 28 -0.01206 -3.25567e-04 | 29 -0.01204  1.19055e-02 | 30 -0.01206  5.58645e-03
 31 -0.01199  1.99852e-02 | 32 -0.01200  2.25467e-03 | 33 -0.01196 -6.44402e-03
 34 -0.01181  5.50406e-03 | 35 -0.01167  3.44235e-03 | 36 -0.01141  2.64902e-02
 37 -0.01127  7.79836e-03 | 38 -0.01104 -2.01641e-04 | 39 -0.01078 -8.45729e-03
 40 -0.01042 -2.44154e-03 | 41 -0.01004 -4.08241e-03 | 42 -0.00961  2.19123e-04
 43 -0.00914  3.69295e-03 | 44 -0.00865  4.33526e-03 | 45 -0.00812  7.24233e-03
 46 -0.00763 -6.69514e-03 | 47 -0.00704  3.90337e-03 | 48 -0.00649  5.15964e-03
 49 -0.00593  8.63718e-03 | 50 -0.00544  2.18498e-03 | 51 -0.00497 -3.85671e-04
 52 -0.00447  1.31220e-02 | 53 -0.00409  1.14196e-02 | 54 -0.00372  1.81308e-02
 55 -0.00349 -5.06447e-04 | 56 -0.00323 -1.85893e-03 | 57 -0.00292  1.09227e-02
 58 -0.00268  2.90467e-03 | 59 -0.00237  2.39973e-05 | 60 -0.00188  2.51000e-02
 61 -0.00139  2.00978e-02 | 62 -0.00082  7.31185e-04 | 63  0.00004  8.63448e-03
 64  0.00108  6.99225e-03 | 65  0.00238  6.94036e-03 | 66  0.00397  6.85205e-03
 67  0.00586  3.68873e-03 | 68  0.00804 -1.06499e-02 | 69  0.01070  2.66065e-03
 70  0.01364  3.22677e-03 | 71  0.01690  3.41033e-03 | 72  0.02045  1.30236e-02
 73  0.02405  2.39123e-03 | 74  0.02766 -1.58724e-03 | 75  0.03105 -1.14488e-03
 76  0.03398  7.20625e-03 | 77  0.03606 -2.02984e-03 | 78  0.03728 -2.81933e-03
 79  0.03757  8.20523e-04 | 80  0.03699  4.94502e-03 | 81  0.03557 -6.53706e-03
 82  0.03354 -7.51206e-03 | 83  0.03085 -2.07602e-03 | 84  0.02743  4.85767e-03
 85  0.02322  4.83997e-03 | 86  0.01845  1.85805e-03 | 87  0.01352 -1.49140e-03
 88  0.00897 -7.23561e-04 | 89  0.00523 -4.28688e-03 | 90  0.00260  6.35308e-03
 91  0.00098  1.24669e-02 | 92  0.00012  5.54355e-03 | 93 -0.00017 -2.74002e-03
 94  0.00018  9.33036e-03 | 95  0.00117  7.22110e-03 | 96  0.00294  2.04598e-02
 97  0.00505  1.52580e-02 | 98  0.00757  2.27458e-02 | 99  0.01286  3.52966e-02
100  0.02982  8.34706e-02 |101  0.00394  1.85259e-02 |102 -0.00589  5.33066e-02
103 -0.03095  1.16177e-01 |104  0.02010  2.70699e-02 |105  0.01433  7.09397e-02
106 -0.00974  1.75456e-01 |107  0.02218  3.51875e-02 |108  0.01792  9.83532e-02
109  0.01178  2.24059e-01 |110  0.00754  4.34366e-02 |111  0.01070  7.06862e-02
112  0.05995  1.96701e-01 |113  0.00042 -9.75554e-03 |114  0.02200 -1.32471e-02
115  0.00933 -1.34944e-02 |116 -0.03315  7.59555e-04 |117 -0.05199  1.70214e-02
118 -0.05171  2.66249e-02 |119 -0.03592  2.84875e-02 |120 -0.00590  5.15577e-02
121  0.01268  3.04210e-02 |122  0.00423  1.18679e-02 |123 -0.04471  1.83281e-02
124  0.01839  4.57872e-02 |125  0.02134  5.62145e-03 |126  0.00860  1.36316e-02
127  0.01536  4.91322e-03 |128  0.05490 -6.26194e-03 |129  0.05799 -4.50173e-03
130  0.01781 -7.28764e-03 |131  0.04072  8.99566e-03 |132 -0.01252  1.49094e-02
133  0.03337  1.25884e-02 |134 -0.03506  1.20456e-02 |135  0.04011  2.27011e-02
136  0.00942  9.61234e-03 |137 -0.03240 -7.17777e-04 |138  0.01199  8.81843e-03
139  0.00146  3.22958e-03 |140 -0.00019  3.77264e-03 |141  0.01315 -1.49826e-03
142 -0.01867  2.24352e-03 |143  0.00560 -2.27722e-03 |144 -0.00678  4.56857e-03
145  1.11528 -8.08506e-02 |146  1.09529  8.60669e-02 |147  0.08395 -4.19843e-02
148  0.29981  2.58934e-02 |149  0.01676 -7.08108e-03 |150 -0.11360 -1.83154e-02
151 -1.01521  4.82949e-02 |152  0.55495  2.50853e-03 |153  0.09959 -2.28038e-03
154 -0.24283  2.34776e-03 |155  0.22100 -2.14253e-02 |156  0.26494  9.40169e-02
157  0.21000  7.41205e-03 |158  0.25925 -1.14343e-02 |159 -0.00406  1.63950e-02
160 -0.09595  2.16634e-03 |161  0.14692 -2.92168e-02 |162  0.29988  7.77766e-02
163  0.20173 -3.24263e-02 |164  0.25072  2.80979e-02 |165 -0.37878  9.44847e-02
166  0.03168 -3.94426e-03 |167 -0.12272  2.08244e-02 |168 -0.57015  4.50848e-03
169  0.17814  2.84308e-02 |170 -0.06546 -3.27636e-04 |171 -0.27163 -1.42791e-03
172 -0.53950 -6.38508e-04 |173 -0.57335 -8.95359e-01 |174  0.60865  4.24028e-03
175 -0.95528 -4.28735e-02 |176 -0.71974  2.78638e-02 |177  0.07914  9.85798e-03
178  0.14646 -2.77268e-02 |179  0.32244 -4.81087e-02 |180  0.27260  5.15307e-02
181 -0.01815 -1.07261e-02 |182  0.01209  1.92379e-02 |183 -0.13077  1.22224e-03
184 -0.12163 -2.80667e-02 |185  0.04894  1.91632e-02 |186  0.37212  1.11419e-02
187  0.00770  4.49059e-02 |188 -0.14466  2.23386e-02 |189  0.11367  6.82333e-03
190  0.18515 -1.88635e-02 |191  0.22022 -6.73816e-02 |192  0.25632  2.42112e-02
193  0.02668 -3.32831e-02 |194  0.00186 -1.24691e-03 |195 -0.17423 -6.83150e-02
196 -0.11036  2.69631e-03 |197 -1.32829 -7.72257e-01 |198  0.37535  1.34278e-03
199 -0.04321  3.36266e+00 |200 -0.69023  3.41088e-02 |
200 variables; iteration 340; function evaluation 477; phase 4
Function value 5.1726330e+03; maximum gradient component mag 7.2604e+00
Var    Value     Gradient |Var    Value     Gradient |Var    Value     Gradient
  1 -0.42196  2.19254e-01 |  2  0.60260 -1.11695e+00 |  3 -0.06973  2.90151e-02
  4 -0.23340 -2.34299e-01 |  5 -0.69245  9.26625e-02 |  6 -0.58289  5.70740e-02
  7  0.57660 -1.22261e+00 |  8 -0.16067 -2.77553e-01 |  9 -0.16623 -3.75679e-01
 10 -0.54026  8.74658e-02 | 11 -0.61269  3.66677e-02 | 12 -0.14138  1.65642e+00
 13 -0.00982  2.56007e-03 | 14 -0.01005 -4.81947e-03 | 15 -0.01027 -7.37735e-03
 16 -0.01048 -1.14326e-02 | 17 -0.01063  6.16873e-04 | 18 -0.01095 -3.43896e-02
 19 -0.01104 -9.75954e-03 | 20 -0.01118 -1.73187e-03 | 21 -0.01137 -1.02390e-02
 22 -0.01142  1.65758e-02 | 23 -0.01158  1.13162e-02 | 24 -0.01171  9.43940e-03
 25 -0.01171  3.82509e-02 | 26 -0.01183  2.85865e-02 | 27 -0.01200  1.93445e-03
 28 -0.01199  1.75091e-02 | 29 -0.01202  1.66771e-02 | 30 -0.01208  4.16774e-04
 31 -0.01196  2.61027e-02 | 32 -0.01194  1.93697e-02 | 33 -0.01190  9.01812e-03
 34 -0.01179  9.91675e-03 | 35 -0.01163  1.39851e-02 | 36 -0.01137  3.85288e-02
 37 -0.01126  8.56896e-03 | 38 -0.01102  6.93889e-03 | 39 -0.01082 -2.02475e-02
 40 -0.01043 -5.88906e-03 | 41 -0.01003  1.35157e-03 | 42 -0.00965 -9.86963e-03
 43 -0.00911  1.24200e-02 | 44 -0.00865  3.79644e-03 | 45 -0.00811  1.00164e-02
 46 -0.00767 -1.51945e-02 | 47 -0.00704  4.66721e-03 | 48 -0.00644  1.85328e-02
 49 -0.00592  1.33786e-02 | 50 -0.00543  5.35227e-03 | 51 -0.00497 -3.54921e-04
 52 -0.00444  2.11545e-02 | 53 -0.00412  3.70935e-03 | 54 -0.00363  4.02778e-02
 55 -0.00351 -3.49304e-03 | 56 -0.00326 -9.28636e-03 | 57 -0.00290  1.70120e-02
 58 -0.00271 -6.40928e-03 | 59 -0.00240 -6.79295e-03 | 60 -0.00181  4.11397e-02
 61 -0.00137  2.64493e-02 | 62 -0.00081  2.80227e-03 | 63  0.00005  1.04482e-02
 64  0.00108  8.08674e-03 | 65  0.00241  1.28596e-02 | 66  0.00398  8.88197e-03
 67  0.00589  8.30677e-03 | 68  0.00802 -1.82690e-02 | 69  0.01069 -9.21547e-04
 70  0.01365  1.89830e-03 | 71  0.01690 -1.62627e-04 | 72  0.02048  1.59097e-02
 73  0.02404 -4.85662e-03 | 74  0.02765 -7.68643e-03 | 75  0.03104 -9.09978e-03
 76  0.03396 -2.87414e-03 | 77  0.03607 -8.58581e-03 | 78  0.03728 -1.14778e-02
 79  0.03758 -7.13242e-03 | 80  0.03699 -6.04251e-03 | 81  0.03555 -2.14223e-02
 82  0.03352 -2.23867e-02 | 83  0.03081 -2.34586e-02 | 84  0.02742 -9.80156e-03
 85  0.02324 -5.93058e-03 | 86  0.01844 -1.38870e-02 | 87  0.01351 -1.76311e-02
 88  0.00895 -1.82217e-02 | 89  0.00520 -2.53579e-02 | 90  0.00261 -6.24840e-03
 91  0.00094 -1.07777e-02 | 92  0.00011 -8.36282e-03 | 93 -0.00021 -2.51138e-02
 94  0.00017 -5.12919e-03 | 95  0.00116 -4.74540e-03 | 96  0.00293  1.31355e-02
 97  0.00502  9.22198e-03 | 98  0.00750  2.44997e-02 | 99  0.01264  3.45562e-02
100  0.02977  5.46385e-02 |101  0.00411  1.25143e-02 |102 -0.00550  4.33791e-02
103 -0.03121  9.60272e-02 |104  0.02022  3.46937e-02 |105  0.01462  5.82968e-02
106 -0.00993  1.55797e-01 |107  0.02225  4.02413e-02 |108  0.01804  9.77796e-02
109  0.01165  1.83050e-01 |110  0.00758  5.72802e-02 |111  0.01043  9.88264e-02
112  0.05980  2.03740e-01 |113  0.00049 -9.98972e-04 |114  0.02201 -2.13006e-02
115  0.01015 -3.92302e-02 |116 -0.03298  7.57881e-03 |117 -0.05133  2.51031e-02
118 -0.05172  3.29841e-02 |119 -0.03651  3.85682e-02 |120 -0.00722  5.81773e-02
121  0.01373  3.47386e-02 |122  0.00469 -5.71240e-03 |123 -0.04470 -2.62385e-02
124  0.01739  3.80910e-02 |125  0.02169  3.60539e-02 |126  0.00867  3.77158e-02
127  0.01536  1.00903e-02 |128  0.05490  7.07005e-03 |129  0.05794 -1.65063e-02
130  0.01779  1.41296e-03 |131  0.04071  2.17770e-02 |132 -0.01253  2.54367e-02
133  0.03337  1.72118e-02 |134 -0.03514 -4.65467e-03 |135  0.04009  3.68211e-02
136  0.00947  3.62423e-02 |137 -0.03245 -1.35393e-02 |138  0.01199  1.87231e-02
139  0.00148  1.27447e-02 |140 -0.00018  1.18636e-02 |141  0.01314  3.26380e-03
142 -0.01870 -4.25409e-03 |143  0.00557 -1.40667e-02 |144 -0.00681 -5.43698e-03
145  1.16974  3.36761e-02 |146  1.11541  7.30423e-02 |147  0.08394 -4.28263e-02
148  0.29982  2.44317e-02 |149  0.01675 -2.36515e-02 |150 -0.11360 -1.98372e-02
151 -1.01573  4.14768e-02 |152  0.49767  3.48716e-05 |153  0.09954 -7.86800e-02
154 -0.24271  2.93125e-02 |155  0.22093 -7.92571e-02 |156  0.26493  1.12350e-01
157  0.21002  1.59576e-02 |158  0.25926  1.11483e-02 |159 -0.00407  1.89347e-02
160 -0.09596 -2.38191e-02 |161  0.14692 -4.95829e-02 |162  0.29990  1.73496e-01
163  0.20172 -3.14653e-02 |164  0.25073  3.77819e-02 |165 -0.38070 -3.71466e-03
166  0.15344  1.24279e-02 |167 -0.13397  6.72358e-04 |168 -0.59916 -1.60691e-03
169  0.14065 -8.18190e-02 |170 -0.06659  1.78203e-02 |171 -0.13096  8.66771e-03
172 -0.48868  5.18544e-03 |173 -0.57334  7.26044e+00 |174  0.51912  2.51110e-03
175 -0.91416 -2.09460e-02 |176 -0.90822 -1.90066e-02 |177  0.07907  5.48878e-02
178  0.14645 -7.48950e-02 |179  0.32241 -7.80405e-02 |180  0.27260  1.26089e-01
181 -0.01801  1.86475e-02 |182  0.01210  1.96113e-02 |183 -0.13083 -6.71592e-02
184 -0.12164 -5.06340e-02 |185  0.04884  1.62562e-03 |186  0.37210 -1.26557e-02
187  0.00780  5.83903e-02 |188 -0.14468  1.91262e-02 |189  0.11366  1.08594e-03
190  0.18515 -2.40416e-02 |191  0.22021 -8.97902e-02 |192  0.25633  3.19363e-02
193  0.02669 -3.18462e-02 |194  0.00186 -4.75428e-02 |195 -0.17425 -1.45106e-01
196 -0.11036  7.16645e-04 |197 -1.35254 -7.66451e-01 |198  0.34254 -1.72510e-04
199 -0.05610  2.44539e+00 |200 -0.65639  6.26046e-02 |
200 variables; iteration 360; function evaluation 498; phase 4
Function value 5.1726267e+03; maximum gradient component mag 5.1020e-01
Var    Value     Gradient |Var    Value     Gradient |Var    Value     Gradient
  1 -0.42194  1.02212e-01 |  2  0.60262  1.19236e-01 |  3 -0.06979  8.14277e-02
  4 -0.23346  4.65117e-02 |  5 -0.69255 -6.80826e-03 |  6 -0.58281  5.67661e-03
  7  0.57730  1.42070e-01 |  8 -0.16063  9.19622e-03 |  9 -0.16680  3.99864e-02
 10 -0.54038 -2.62223e-02 | 11 -0.61266  1.99579e-02 | 12 -0.14252  2.05366e-01
 13 -0.00979  1.78019e-04 | 14 -0.01000 -9.58830e-05 | 15 -0.01022 -4.16942e-03
 16 -0.01042 -3.57667e-03 | 17 -0.01061 -2.60740e-03 | 18 -0.01074  1.22504e-02
 19 -0.01099 -6.40392e-03 | 20 -0.01113  1.56671e-03 | 21 -0.01123  1.71345e-02
 22 -0.01150 -1.54216e-02 | 23 -0.01159 -1.65072e-03 | 24 -0.01167  6.95720e-03
 25 -0.01185 -1.25027e-02 | 26 -0.01186  9.05112e-03 | 27 -0.01190  1.55228e-02
 28 -0.01196  1.38164e-02 | 29 -0.01204 -3.02726e-03 | 30 -0.01205 -4.87689e-03
 31 -0.01202 -2.74150e-03 | 32 -0.01193  8.75756e-03 | 33 -0.01182  1.63520e-02
 34 -0.01181 -9.24856e-03 | 35 -0.01162  1.81590e-03 | 36 -0.01147 -5.13345e-03
 37 -0.01125 -2.21028e-03 | 38 -0.01100 -5.09008e-03 | 39 -0.01068  2.30944e-03
 40 -0.01034  3.08528e-03 | 41 -0.00997 -7.36682e-04 | 42 -0.00956 -2.18908e-03
 43 -0.00908  3.96989e-03 | 44 -0.00861 -1.43957e-03 | 45 -0.00808  7.99659e-04
 46 -0.00754  1.11052e-03 | 47 -0.00700 -2.05039e-03 | 48 -0.00642  4.75628e-03
 49 -0.00589  1.64754e-03 | 50 -0.00539 -4.20254e-03 | 51 -0.00490 -2.02452e-03
 52 -0.00444  3.28245e-03 | 53 -0.00406 -1.23102e-03 | 54 -0.00370  2.71281e-03
 55 -0.00342 -7.98922e-04 | 56 -0.00315 -3.82886e-04 | 57 -0.00288  1.06497e-03
 58 -0.00261 -8.11918e-04 | 59 -0.00230 -2.10611e-03 | 60 -0.00189  7.62154e-04
 61 -0.00139 -1.43571e-03 | 62 -0.00075 -1.27504e-03 | 63  0.00011  4.93220e-03
 64  0.00115  1.79787e-03 | 65  0.00243 -2.76227e-03 | 66  0.00404  8.97056e-04
 67  0.00594 -2.76320e-03 | 68  0.00818 -3.97329e-03 | 69  0.01080 -7.85486e-04
 70  0.01375  3.57830e-04 | 71  0.01700 -1.63112e-03 | 72  0.02052 -5.34699e-04
 73  0.02418 -9.11391e-04 | 74  0.02781 -2.62361e-03 | 75  0.03122 -1.26039e-03
 76  0.03409 -5.69149e-03 | 77  0.03626 -1.45444e-03 | 78  0.03748 -4.17567e-03
 79  0.03779  1.03125e-04 | 80  0.03720  1.09009e-03 | 81  0.03581 -6.62078e-03
 82  0.03380 -3.94739e-03 | 83  0.03107 -8.78219e-03 | 84  0.02764 -3.51163e-03
 85  0.02345 -2.18469e-03 | 86  0.01868 -2.88212e-03 | 87  0.01377 -3.72896e-03
 88  0.00923 -9.01142e-04 | 89  0.00549 -2.39736e-03 | 90  0.00283 -2.38722e-03
 91  0.00118 -3.97647e-03 | 92  0.00036 -2.09786e-04 | 93  0.00012  1.99950e-03
 94  0.00040 -3.25724e-03 | 95  0.00142  4.58086e-03 | 96  0.00314  1.04928e-02
 97  0.00521  3.56357e-03 | 98  0.00758  2.43173e-03 | 99  0.01255 -1.78517e-03
100  0.02974 -1.70042e-02 |101  0.00436 -5.69137e-03 |102 -0.00522 -1.09453e-02
103 -0.03153 -1.69209e-02 |104  0.02028 -5.64283e-03 |105  0.01478 -2.08183e-02
106 -0.01026 -3.22769e-02 |107  0.02215  4.27374e-03 |108  0.01785  4.57869e-03
109  0.01141 -1.51606e-02 |110  0.00738  2.71059e-02 |111  0.00990  2.94013e-02
112  0.05945  1.45470e-02 |113  0.00011  2.33154e-02 |114  0.02134  2.45612e-02
115  0.01099  2.29202e-02 |116 -0.03331  1.75472e-02 |117 -0.05114  2.44461e-02
118 -0.05185  3.05240e-02 |119 -0.03750  5.21571e-03 |120 -0.00910  1.45424e-02
121  0.01392  4.51700e-02 |122  0.00501  1.52072e-02 |123 -0.04478  3.00047e-02
124  0.01577  3.51324e-02 |125  0.02166  5.36133e-03 |126  0.00837  2.74264e-03
127  0.01507  1.32689e-02 |128  0.05451  3.38852e-03 |129  0.05766  3.95262e-03
130  0.01751 -3.75058e-03 |131  0.04043  6.29229e-03 |132 -0.01280  1.38646e-03
133  0.03317  1.16157e-02 |134 -0.03528  1.64813e-02 |135  0.03978  5.97473e-03
136  0.00926 -1.32031e-02 |137 -0.03261 -6.90309e-03 |138  0.01174 -3.45534e-03
139  0.00134  1.11890e-03 |140 -0.00033 -2.23994e-03 |141  0.01292 -2.12010e-03
142 -0.01887 -4.00790e-03 |143  0.00541  7.71611e-03 |144 -0.00697 -1.44043e-03
145  1.20821 -9.07230e-02 |146  1.14361  2.66882e-01 |147  0.08409 -2.57047e-02
148  0.29982  2.24427e-02 |149  0.01672 -1.39482e-02 |150 -0.11354 -2.22788e-02
151 -1.01982 -7.54801e-03 |152  0.47564 -1.57657e-03 |153  0.09950 -2.00283e-02
154 -0.24273 -4.04659e-03 |155  0.22118 -6.42444e-03 |156  0.26493  6.06533e-02
157  0.21009 -6.44502e-03 |158  0.25925 -2.75109e-03 |159 -0.00411  9.14363e-03
160 -0.09588  1.92310e-04 |161  0.14716 -2.06045e-02 |162  0.29989  3.44808e-02
163  0.20187 -1.47003e-02 |164  0.25074  3.04656e-02 |165 -0.38321 -6.41830e-02
166  0.26137  4.61214e-02 |167 -0.13561  5.29425e-05 |168 -0.62128 -2.85132e-03
169  0.17865  3.22995e-02 |170  0.00826  4.71153e-04 |171 -0.35725 -1.97478e-03
172 -0.52058  8.60292e-04 |173 -0.57334 -4.49360e-01 |174  0.42214 -1.82638e-03
175 -0.93077 -2.61398e-02 |176 -0.90274 -1.75507e-02 |177  0.07929  1.76252e-03
178  0.14661 -2.98979e-02 |179  0.32249 -2.62164e-02 |180  0.27263  3.92050e-02
181 -0.01845 -1.14402e-02 |182  0.01202 -3.00458e-03 |183 -0.13051 -1.25254e-02
184 -0.12156 -2.79949e-02 |185  0.04913  1.64219e-02 |186  0.37214 -3.57663e-04
187  0.00758  1.63752e-02 |188 -0.14460  3.98529e-03 |189  0.11374 -6.05065e-02
190  0.18527 -5.55801e-02 |191  0.22024  4.76614e-03 |192  0.25634  5.09265e-02
193  0.02667 -6.31737e-02 |194  0.00183 -3.18986e-02 |195 -0.17415 -5.65897e-02
196 -0.11029 -6.59236e-02 |197 -1.37556  5.10203e-01 |198  0.40702  1.26885e-03
199 -0.07134  4.24257e-01 |200 -0.62911  9.15557e-02 |
200 variables; iteration 380; function evaluation 518; phase 4
Function value 5.1726207e+03; maximum gradient component mag -3.0326e+00
Var    Value     Gradient |Var    Value     Gradient |Var    Value     Gradient
  1 -0.42193  9.00383e-04 |  2  0.60302 -1.63953e-01 |  3 -0.06974  3.28265e-02
  4 -0.23376 -2.21200e-02 |  5 -0.69283 -5.41716e-03 |  6 -0.58271 -7.80208e-03
  7  0.57803 -9.71026e-02 |  8 -0.16057  3.16898e-02 |  9 -0.16738 -2.86936e-02
 10 -0.54052  1.01952e-03 | 11 -0.61262 -7.56009e-03 | 12 -0.14297  3.00272e-01
 13 -0.00977  5.24527e-03 | 14 -0.00996  9.21861e-03 | 15 -0.01014  1.55619e-02
 16 -0.01035  1.34431e-02 | 17 -0.01059  1.46963e-04 | 18 -0.01061  4.35973e-02
 19 -0.01091  1.10264e-02 | 20 -0.01111  3.17174e-03 | 21 -0.01120  2.42406e-02
 22 -0.01151 -2.08667e-02 | 23 -0.01160 -8.42010e-03 | 24 -0.01170 -3.12950e-03
 25 -0.01195 -4.05985e-02 | 26 -0.01193 -1.36762e-02 | 27 -0.01192  8.73380e-03
 28 -0.01199  1.93248e-03 | 29 -0.01209 -1.85668e-02 | 30 -0.01203 -3.32145e-03
 31 -0.01206 -1.72779e-02 | 32 -0.01192  6.99974e-03 | 33 -0.01180  1.90843e-02
 34 -0.01177 -1.66142e-03 | 35 -0.01160  3.74062e-03 | 36 -0.01154 -2.70978e-02
 37 -0.01127 -1.15910e-02 | 38 -0.01100 -9.34109e-03 | 39 -0.01066  2.64494e-03
 40 -0.01031  7.09049e-03 | 41 -0.00998 -8.39718e-03 | 42 -0.00955 -4.42758e-03
 43 -0.00910 -7.58326e-03 | 44 -0.00859 -2.20756e-03 | 45 -0.00809 -5.00122e-03
 46 -0.00750  6.20228e-03 | 47 -0.00699 -3.76268e-03 | 48 -0.00643 -1.26355e-03
 49 -0.00584  1.03420e-02 | 50 -0.00534  4.98519e-03 | 51 -0.00488 -2.64371e-03
 52 -0.00449 -1.55064e-02 | 53 -0.00407 -7.57305e-03 | 54 -0.00378 -2.11563e-02
 55 -0.00337  6.31290e-03 | 56 -0.00307  1.40298e-02 | 57 -0.00289 -5.91554e-03
 58 -0.00256  7.49660e-03 | 59 -0.00223  1.03617e-02 | 60 -0.00194 -1.64988e-02
 61 -0.00144 -1.69526e-02 | 62 -0.00067  1.21339e-02 | 63  0.00015  8.90245e-03
 64  0.00116 -1.69309e-03 | 65  0.00248  2.75611e-03 | 66  0.00402 -9.51323e-03
 67  0.00591 -1.46966e-02 | 68  0.00831  1.82706e-02 | 69  0.01087  9.31689e-03
 70  0.01374 -8.91106e-03 | 71  0.01703 -3.05050e-03 | 72  0.02052 -9.79859e-03
 73  0.02422 -2.13290e-03 | 74  0.02784 -5.69762e-03 | 75  0.03120 -1.40441e-02
 76  0.03419  3.16741e-03 | 77  0.03635  3.32433e-03 | 78  0.03751 -1.13876e-02
 79  0.03785 -4.47353e-04 | 80  0.03728  1.90684e-03 | 81  0.03594  3.59697e-03
 82  0.03389 -2.47161e-03 | 83  0.03116 -7.90869e-03 | 84  0.02770 -8.47081e-03
 85  0.02347 -1.52263e-02 | 86  0.01875 -6.30814e-03 | 87  0.01391  1.02403e-02
 88  0.00934  4.87591e-03 | 89  0.00557 -5.73861e-03 | 90  0.00290 -5.53793e-03
 91  0.00127 -2.75112e-03 | 92  0.00043 -4.43973e-03 | 93  0.00025  1.26208e-02
 94  0.00046 -1.10227e-02 | 95  0.00141 -1.92588e-02 | 96  0.00320  3.46698e-03
 97  0.00528  1.21189e-03 | 98  0.00767  1.27452e-02 | 99  0.01252  2.56601e-03
100  0.02967  6.57693e-03 |101  0.00441 -1.29992e-02 |102 -0.00507  1.04245e-02
103 -0.03172  1.68596e-02 |104  0.02039  1.44029e-02 |105  0.01487  6.38910e-03
106 -0.01046  2.70318e-02 |107  0.02214  2.49616e-04 |108  0.01782  9.97306e-03
109  0.01121  1.18278e-02 |110  0.00736  1.82878e-02 |111  0.00971  1.92826e-02
112  0.05922  3.27878e-02 |113  0.00008  2.00048e-02 |114  0.02117  9.16243e-03
115  0.01119  2.10923e-02 |116 -0.03345  5.80453e-03 |117 -0.05109  1.90506e-02
118 -0.05191 -4.70116e-04 |119 -0.03777 -3.36547e-03 |120 -0.00954 -5.95880e-03
121  0.01377  3.47319e-03 |122  0.00513 -1.54384e-02 |123 -0.04489 -2.44073e-03
124  0.01531  2.38227e-03 |125  0.02164  1.90031e-02 |126  0.00825 -7.30439e-03
127  0.01494 -7.45198e-03 |128  0.05436 -8.28807e-03 |129  0.05751 -2.04398e-02
130  0.01743 -5.53825e-03 |131  0.04033 -8.09590e-03 |132 -0.01292 -9.17362e-03
133  0.03312  1.15735e-03 |134 -0.03538  4.25353e-03 |135  0.03964  8.35365e-03
136  0.00928  7.91723e-03 |137 -0.03268  2.47077e-03 |138  0.01164 -3.85749e-03
139  0.00129 -1.49697e-03 |140 -0.00045 -5.28683e-03 |141  0.01286  7.98294e-03
142 -0.01892 -3.49426e-03 |143  0.00535  9.95460e-03 |144 -0.00704 -3.37236e-03
145  1.21154 -2.72832e-03 |146  1.17710  1.33219e-01 |147  0.08421  5.37849e-04
148  0.29982  7.87059e-03 |149  0.01669 -7.70351e-03 |150 -0.11350 -3.16488e-03
151 -1.01892  1.18391e-03 |152  0.49578 -8.72241e-05 |153  0.09939  5.61787e-03
154 -0.24264  2.88148e-04 |155  0.22130 -1.40764e-02 |156  0.26492 -1.37414e-02
157  0.21018  6.08069e-03 |158  0.25925  1.02650e-02 |159 -0.00414  1.41472e-02
160 -0.09583  1.81625e-02 |161  0.14736 -1.42388e-03 |162  0.29991  1.49724e-03
163  0.20196 -2.08656e-02 |164  0.25073  2.33867e-03 |165 -0.38811 -1.25565e-02
166  0.33610  1.06249e-02 |167 -0.12818 -5.75783e-04 |168 -0.62555 -3.50840e-03
169  0.16777  1.98180e-02 |170 -0.32126 -1.73522e-03 |171 -0.19106  4.58432e-03
172 -0.52660  3.04570e-04 |173 -0.57331 -3.03263e+00 |174  0.47289  1.17323e-03
175 -0.80262  1.29994e-03 |176 -0.82021 -2.28163e-03 |177  0.07938 -3.94936e-02
178  0.14670 -6.76334e-03 |179  0.32252  1.77080e-04 |180  0.27264 -1.96496e-02
181 -0.01863 -2.95855e-02 |182  0.01201  4.24595e-03 |183 -0.13036 -2.94342e-02
184 -0.12152 -2.09864e-02 |185  0.04930  1.50688e-03 |186  0.37213  6.29744e-03
187  0.00748 -8.62929e-03 |188 -0.14455 -1.18264e-02 |189  0.11380 -6.66517e-02
190  0.18536 -2.37850e-02 |191  0.22026  3.77691e-02 |192  0.25635  4.27211e-02
193  0.02667 -6.72020e-02 |194  0.00182 -1.85859e-03 |195 -0.17410 -4.48535e-02
196 -0.11025 -2.90166e-02 |197 -1.39470 -5.46591e-02 |198  0.37963  3.21128e-04
199 -0.08856  3.59710e-01 |200 -0.63233  8.28748e-02 |
200 variables; iteration 400; function evaluation 541; phase 4
Function value 5.1726179e+03; maximum gradient component mag 1.8482e+01
Var    Value     Gradient |Var    Value     Gradient |Var    Value     Gradient
  1 -0.42192 -4.50989e-02 |  2  0.60323  6.00275e-01 |  3 -0.06971 -1.81173e-02
  4 -0.23394  3.27818e-02 |  5 -0.69284 -4.02218e-02 |  6 -0.58268 -2.81163e-03
  7  0.57822  5.28592e-01 |  8 -0.16058 -2.70541e-02 |  9 -0.16753  3.00964e-02
 10 -0.54058 -3.36275e-02 | 11 -0.61260  7.90488e-03 | 12 -0.14320  8.86649e-01
 13 -0.00978 -3.10439e-04 | 14 -0.01000 -2.11904e-03 | 15 -0.01020 -3.01256e-03
 16 -0.01039 -1.00870e-03 | 17 -0.01058  5.97481e-05 | 18 -0.01080 -7.09731e-03
 19 -0.01096 -3.81132e-03 | 20 -0.01115 -7.12696e-03 | 21 -0.01132 -9.62192e-03
 22 -0.01142  1.08002e-03 | 23 -0.01158 -4.98438e-03 | 24 -0.01168 -2.96626e-05
 25 -0.01175  8.83774e-03 | 26 -0.01186  5.02545e-03 | 27 -0.01192  5.18152e-03
 28 -0.01198  2.37212e-03 | 29 -0.01199  5.64314e-03 | 30 -0.01201  2.13195e-03
 31 -0.01199  9.34090e-04 | 32 -0.01194  6.07640e-04 | 33 -0.01188 -5.52700e-03
 34 -0.01178 -8.00798e-03 | 35 -0.01164 -7.77103e-03 | 36 -0.01143  8.59941e-04
 37 -0.01120  4.88881e-03 | 38 -0.01093  9.40163e-03 | 39 -0.01064  6.74674e-03
 40 -0.01033 -8.47937e-05 | 41 -0.00990  1.09228e-02 | 42 -0.00950  5.89772e-03
 43 -0.00906  2.34164e-03 | 44 -0.00857  2.20512e-03 | 45 -0.00805  1.77283e-03
 46 -0.00752 -1.42520e-03 | 47 -0.00696  2.68353e-03 | 48 -0.00642 -6.53308e-04
 49 -0.00592 -1.12774e-02 | 50 -0.00537 -5.13294e-03 | 51 -0.00486  3.39054e-03
 52 -0.00440  6.98044e-03 | 53 -0.00400  7.77339e-03 | 54 -0.00366  7.74193e-03
 55 -0.00339  1.34124e-03 | 56 -0.00315 -6.63206e-03 | 57 -0.00288 -5.29869e-03
 58 -0.00259 -1.43551e-03 | 59 -0.00226  1.08817e-03 | 60 -0.00185  5.56736e-03
 61 -0.00134  7.30869e-03 | 62 -0.00074 -5.30420e-03 | 63  0.00010 -3.59156e-03
 64  0.00119  4.75714e-03 | 65  0.00246 -3.02970e-03 | 66  0.00411  1.06019e-02
 67  0.00603  1.33665e-02 | 68  0.00818 -1.03739e-02 | 69  0.01080 -7.23522e-03
 70  0.01382  9.42139e-03 | 71  0.01706  3.52804e-03 | 72  0.02060  5.99381e-03
 73  0.02425  4.99613e-03 | 74  0.02791  6.36204e-03 | 75  0.03136  1.47253e-02
 76  0.03417 -1.77678e-03 | 77  0.03631 -3.45668e-03 | 78  0.03765  1.25051e-02
 79  0.03785 -7.38649e-04 | 80  0.03726 -1.58875e-03 | 81  0.03593  2.06608e-04
 82  0.03393  3.37885e-03 | 83  0.03126  9.83315e-03 | 84  0.02779  5.86158e-03
 85  0.02362  1.28467e-02 | 86  0.01883  6.48173e-03 | 87  0.01386 -6.85711e-03
 88  0.00933 -2.09034e-03 | 89  0.00565  9.00743e-03 | 90  0.00296  3.33915e-03
 91  0.00131 -7.81798e-04 | 92  0.00048  1.47789e-03 | 93  0.00020 -6.27374e-03
 94  0.00053  3.77934e-04 | 95  0.00158  1.49120e-02 | 96  0.00318 -8.81865e-03
 97  0.00530 -8.56054e-05 | 98  0.00759 -1.15126e-02 | 99  0.01252 -3.77167e-03
100  0.02965 -4.38599e-02 |101  0.00457  1.17512e-02 |102 -0.00505 -2.36581e-02
103 -0.03179 -6.26628e-02 |104  0.02036 -3.32332e-03 |105  0.01496 -2.13697e-02
106 -0.01054 -9.72968e-02 |107  0.02220  5.80319e-03 |108  0.01780 -3.02072e-02
109  0.01116 -1.12432e-01 |110  0.00728 -1.05106e-02 |111  0.00964 -1.07753e-02
112  0.05915 -7.64181e-02 |113  0.00003  5.98716e-02 |114  0.02124  1.40452e-01
115  0.01103  1.21558e-01 |116 -0.03345  7.16302e-02 |117 -0.05120  9.16133e-02
118 -0.05195  1.03992e-01 |119 -0.03778  7.07594e-02 |120 -0.00950  1.40197e-01
121  0.01363  1.43155e-01 |122  0.00515  7.00768e-02 |123 -0.04496  5.49002e-02
124  0.01532  1.03068e-01 |125  0.02154 -1.32281e-03 |126  0.00823  5.18729e-03
127  0.01491 -9.88895e-05 |128  0.05432  2.18820e-03 |129  0.05752  1.14604e-02
130  0.01740  5.08179e-03 |131  0.04031  1.00434e-03 |132 -0.01291  4.39632e-03
133  0.03309 -8.77645e-03 |134 -0.03543 -1.70742e-02 |135  0.03960 -7.83978e-03
136  0.00926  3.29724e-03 |137 -0.03272 -1.69464e-03 |138  0.01164  6.16824e-03
139  0.00129  4.30065e-03 |140 -0.00043  2.41925e-03 |141  0.01281  1.74696e-03
142 -0.01890  4.63184e-03 |143  0.00530 -8.88536e-03 |144 -0.00704 -7.24394e-04
145  1.20499 -4.41928e-01 |146  1.16043  3.05286e-01 |147  0.08427  1.36966e-02
148  0.29981 -5.06235e-03 |149  0.01668 -3.97658e-03 |150 -0.11347  3.52198e-04
151 -1.01940 -4.25988e-03 |152  0.52373  1.36853e-03 |153  0.09935  8.54520e-03
154 -0.24257  4.26836e-03 |155  0.22139 -5.29960e-03 |156  0.26493 -1.88857e-02
157  0.21023 -9.27421e-03 |158  0.25925  1.00361e-03 |159 -0.00419 -1.52712e-02
160 -0.09581 -1.94069e-02 |161  0.14747  7.38999e-03 |162  0.29992 -6.27876e-03
163  0.20204  1.59831e-02 |164  0.25075  6.44472e-03 |165 -0.38968  7.40513e-01
166  0.29425  6.01448e-02 |167 -0.11948  5.08377e-02 |168 -0.62453 -1.69486e-03
169  0.14179 -1.51769e-02 |170 -0.07847  1.79377e-03 |171 -0.44332 -2.62673e-03
172 -0.54369 -9.63211e-04 |173 -0.57326  1.84823e+01 |174  0.45195  2.51416e-04
175 -0.76662 -7.37169e-03 |176 -0.78832  3.92687e-03 |177  0.07950  4.27134e-02
178  0.14677 -6.06555e-03 |179  0.32256 -8.00007e-04 |180  0.27265  1.01878e-02
181 -0.01871  3.21310e-02 |182  0.01196 -1.77750e-02 |183 -0.13027  1.88068e-02
184 -0.12148  1.65795e-02 |185  0.04930 -7.09554e-03 |186  0.37210 -1.71975e-02
187  0.00750  2.39931e-03 |188 -0.14452 -4.89534e-03 |189  0.11382  2.33510e-02
190  0.18541  2.10626e-03 |191  0.22026 -4.71049e-03 |192  0.25636 -2.09661e-02
193  0.02667  4.34909e-02 |194  0.00180 -1.59091e-02 |195 -0.17407  2.30625e-02
196 -0.11022 -3.20155e-03 |197 -1.39183  9.87738e-01 |198  0.38114  2.69535e-05
199 -0.08829 -2.21411e-01 |200 -0.64554  6.40793e-02 |
200 variables; iteration 420; function evaluation 561; phase 4
Function value 5.1726110e+03; maximum gradient component mag 6.8109e+00
Var    Value     Gradient |Var    Value     Gradient |Var    Value     Gradient
  1 -0.42192 -5.17470e-02 |  2  0.60310 -4.15395e-01 |  3 -0.06972 -2.17430e-02
  4 -0.23387 -4.26491e-02 |  5 -0.69277  3.40248e-02 |  6 -0.58269 -2.32738e-02
  7  0.57806 -3.96467e-01 |  8 -0.16059 -5.71836e-02 |  9 -0.16741 -3.71634e-02
 10 -0.54061  6.19058e-02 | 11 -0.61261 -7.33499e-02 | 12 -0.14322 -1.47263e+00
 13 -0.00978  2.37993e-04 | 14 -0.00997  4.67182e-03 | 15 -0.01018  4.16670e-03
 16 -0.01037  6.59598e-03 | 17 -0.01055  9.81165e-03 | 18 -0.01072  1.37903e-02
 19 -0.01092  8.80782e-03 | 20 -0.01110  5.87462e-03 | 21 -0.01128  2.15340e-03
 22 -0.01143  1.19589e-03 | 23 -0.01159 -6.09077e-03 | 24 -0.01170 -2.06698e-03
 25 -0.01178  4.01261e-03 | 26 -0.01187  2.31206e-03 | 27 -0.01191  1.01035e-02
 28 -0.01199  9.32509e-04 | 29 -0.01202 -1.42256e-04 | 30 -0.01196  1.83554e-02
 31 -0.01197  8.55491e-03 | 32 -0.01192  7.02920e-03 | 33 -0.01189 -4.02492e-03
 34 -0.01179 -6.69056e-03 | 35 -0.01164 -6.68127e-03 | 36 -0.01143  3.36433e-03
 37 -0.01118  1.21507e-02 | 38 -0.01095  6.53548e-03 | 39 -0.01063  1.36615e-02
 40 -0.01032  6.00242e-03 | 41 -0.00993  8.76008e-03 | 42 -0.00950  1.08717e-02
 43 -0.00906  5.80820e-03 | 44 -0.00854  1.45492e-02 | 45 -0.00803  1.27017e-02
 46 -0.00750  9.33892e-03 | 47 -0.00697  2.63170e-03 | 48 -0.00640  7.24040e-03
 49 -0.00587  4.88266e-03 | 50 -0.00538 -1.88763e-03 | 51 -0.00486  6.95603e-03
 52 -0.00440  1.05067e-02 | 53 -0.00395  2.63448e-02 | 54 -0.00366  1.40482e-02
 55 -0.00335  1.55296e-02 | 56 -0.00312  5.10830e-03 | 57 -0.00291 -6.80140e-03
 58 -0.00254  1.56628e-02 | 59 -0.00222  1.70938e-02 | 60 -0.00182  1.85175e-02
 61 -0.00129  2.24817e-02 | 62 -0.00073  9.66596e-04 | 63  0.00012  4.46053e-03
 64  0.00121  1.52658e-02 | 65  0.00247  4.95998e-03 | 66  0.00409  1.07490e-02
 67  0.00601  1.00345e-02 | 68  0.00816 -1.15577e-02 | 69  0.01082 -8.94293e-05
 70  0.01381  1.01829e-02 | 71  0.01707  7.06761e-03 | 72  0.02062  1.21835e-02
 73  0.02424  4.04348e-03 | 74  0.02789  3.63779e-03 | 75  0.03131  6.94759e-03
 76  0.03419  2.98694e-03 | 77  0.03633  4.87210e-04 | 78  0.03761  5.67030e-03
 79  0.03787  8.27089e-04 | 80  0.03728  1.45001e-03 | 81  0.03592 -1.00568e-03
 82  0.03391  1.29237e-05 | 83  0.03124  5.96945e-03 | 84  0.02778  4.68092e-03
 85  0.02360  8.19323e-03 | 86  0.01883  6.35624e-03 | 87  0.01388 -3.36036e-04
 88  0.00933 -7.53348e-05 | 89  0.00560  9.44863e-04 | 90  0.00297  8.95655e-03
 91  0.00132  7.44291e-03 | 92  0.00049  1.14522e-02 | 93  0.00022  9.36269e-03
 94  0.00055  1.86330e-02 | 95  0.00157  2.79755e-02 | 96  0.00325  2.72476e-02
 97  0.00532  3.08595e-02 | 98  0.00763  3.21339e-02 | 99  0.01248  4.27677e-02
100  0.02966  5.13166e-02 |101  0.00457  3.22186e-02 |102 -0.00495  3.09680e-02
103 -0.03181  6.08333e-02 |104  0.02034  2.83320e-02 |105  0.01495  3.38468e-02
106 -0.01055  6.96235e-02 |107  0.02211  2.53950e-02 |108  0.01780  4.65537e-02
109  0.01122  1.08688e-01 |110  0.00731  8.80417e-03 |111  0.00954 -3.05155e-03
112  0.05916 -1.27141e-02 |113  0.00012 -1.53400e-01 |114  0.02140 -2.51210e-01
115  0.01032 -2.28713e-01 |116 -0.03348 -1.54300e-01 |117 -0.05154 -1.89126e-01
118 -0.05218 -1.75722e-01 |119 -0.03745 -1.32533e-01 |120 -0.00881 -2.53211e-01
121  0.01339 -2.44298e-01 |122  0.00460 -1.33526e-01 |123 -0.04504 -1.35798e-01
124  0.01602 -1.80365e-01 |125  0.02133 -2.57751e-02 |126  0.00819 -1.07720e-02
127  0.01490 -1.34507e-02 |128  0.05431 -2.20506e-02 |129  0.05748 -2.14579e-02
130  0.01740 -6.12887e-03 |131  0.04034  1.86221e-02 |132 -0.01290  9.73480e-03
133  0.03313  2.17401e-02 |134 -0.03538  5.41800e-03 |135  0.03964  6.39399e-03
136  0.00926  7.81859e-03 |137 -0.03272 -1.32355e-02 |138  0.01165  1.31940e-03
139  0.00129  3.45446e-03 |140 -0.00038  1.06996e-02 |141  0.01282  3.36839e-03
142 -0.01891 -4.51149e-03 |143  0.00531 -6.29527e-03 |144 -0.00703 -4.61344e-04
145  1.17728  5.67364e-01 |146  1.11982  2.53436e-03 |147  0.08425  3.14979e-02
148  0.29980 -7.06041e-02 |149  0.01670  2.57197e-02 |150 -0.11348  2.30420e-02
151 -1.01978 -7.69878e-03 |152  0.48847 -5.76285e-04 |153  0.09935 -7.48130e-02
154 -0.24249  1.32549e-02 |155  0.22139  1.34629e-02 |156  0.26493 -1.42378e-02
157  0.21021  4.57502e-02 |158  0.25925 -3.01304e-02 |159 -0.00415  2.26328e-02
160 -0.09582  7.10592e-03 |161  0.14748  3.30182e-02 |162  0.29992  2.19046e-03
163  0.20199 -3.52243e-03 |164  0.25073 -2.94481e-02 |165 -0.39363 -8.01637e-01
166  0.17768 -2.28827e-01 |167 -0.09277 -1.50939e-01 |168 -0.61612 -6.00643e-03
169  0.13422 -5.60326e-02 |170 -0.26602 -1.39495e-03 |171 -0.78668 -9.02117e-03
172 -0.51332  1.62172e-03 |173 -0.57322  6.81091e+00 |174  0.48816  1.71980e-03
175 -0.69625  9.90080e-03 |176 -0.79002  3.49762e-03 |177  0.07951  2.19123e-02
178  0.14671 -1.30565e-02 |179  0.32256 -5.43836e-02 |180  0.27264  4.32216e-03
181 -0.01880 -8.10760e-03 |182  0.01201  1.33347e-02 |183 -0.13030 -5.19969e-04
184 -0.12150 -5.83028e-03 |185  0.04924  4.07029e-03 |186  0.37209  2.06819e-03
187  0.00755  3.23464e-02 |188 -0.14452  2.79979e-02 |189  0.11381  1.85648e-01
190  0.18541  2.10921e-01 |191  0.22026 -1.52111e-01 |192  0.25635 -2.01341e-01
193  0.02667  1.13715e-01 |194  0.00179  4.75363e-02 |195 -0.17408  7.06331e-03
196 -0.11023  2.09328e-01 |197 -1.38686 -7.98043e-01 |198  0.45547  2.37224e-03
199 -0.09005  6.26253e-01 |200 -0.66045  5.77317e-02 |
200 variables; iteration 440; function evaluation 582; phase 4
Function value 5.1726053e+03; maximum gradient component mag -1.8775e+00
Var    Value     Gradient |Var    Value     Gradient |Var    Value     Gradient
  1 -0.42194  6.28015e-02 |  2  0.60326  8.11253e-01 |  3 -0.06966  1.37455e-01
  4 -0.23394  2.29583e-01 |  5 -0.69282 -3.49553e-02 |  6 -0.58273 -2.97493e-05
  7  0.57787  7.23742e-01 |  8 -0.16059  1.09773e-01 |  9 -0.16720  2.13218e-01
 10 -0.54074 -3.99372e-02 | 11 -0.61259 -9.02440e-03 | 12 -0.14242 -7.60078e-01
 13 -0.00979  1.92499e-03 | 14 -0.01001  1.07447e-03 | 15 -0.01020  3.10864e-03
 16 -0.01040  2.59573e-03 | 17 -0.01061 -1.42028e-03 | 18 -0.01077  5.92402e-03
 19 -0.01097  1.39148e-03 | 20 -0.01115 -4.34558e-05 | 21 -0.01129  5.55993e-03
 22 -0.01147 -2.90979e-03 | 23 -0.01160 -2.25617e-03 | 24 -0.01171  9.44956e-04
 25 -0.01184 -6.46434e-03 | 26 -0.01191 -1.75658e-03 | 27 -0.01196  2.94274e-03
 28 -0.01202  5.71690e-04 | 29 -0.01205 -2.34505e-03 | 30 -0.01207 -7.07145e-03
 31 -0.01204 -3.68236e-03 | 32 -0.01196  3.00639e-03 | 33 -0.01187  6.61654e-03
 34 -0.01179  2.97526e-04 | 35 -0.01164  2.14164e-03 | 36 -0.01148 -2.15885e-03
 37 -0.01126 -2.92358e-03 | 38 -0.01100  3.09193e-04 | 39 -0.01070  5.21194e-05
 40 -0.01036  3.21168e-04 | 41 -0.00999 -1.33293e-03 | 42 -0.00956  1.06456e-04
 43 -0.00911 -4.12698e-04 | 44 -0.00862 -1.61118e-03 | 45 -0.00810  2.44069e-04
 46 -0.00755  1.98212e-03 | 47 -0.00701 -5.67147e-04 | 48 -0.00645  5.57507e-04
 49 -0.00591  1.73595e-03 | 50 -0.00539  7.41244e-04 | 51 -0.00491 -3.87014e-04
 52 -0.00448 -2.18717e-03 | 53 -0.00408 -1.52472e-03 | 54 -0.00374 -2.59030e-03
 55 -0.00343  1.06706e-03 | 56 -0.00316  1.01302e-03 | 57 -0.00290  3.56305e-04
 58 -0.00263 -8.14371e-04 | 59 -0.00230  1.97896e-03 | 60 -0.00192 -2.88511e-03
 61 -0.00142 -3.50018e-03 | 62 -0.00076  9.50192e-04 | 63  0.00008  1.11790e-03
 64  0.00111 -2.77488e-03 | 65  0.00243  6.36563e-04 | 66  0.00400 -3.27940e-03
 67  0.00591 -3.50299e-03 | 68  0.00818  1.31562e-03 | 69  0.01078  9.35170e-05
 70  0.01370 -5.20811e-03 | 71  0.01697 -3.50771e-03 | 72  0.02048 -4.25643e-03
 73  0.02415 -2.76432e-03 | 74  0.02778 -3.84059e-03 | 75  0.03117 -5.95963e-03
 76  0.03408 -2.00017e-03 | 77  0.03622 -3.02905e-03 | 78  0.03744 -6.77541e-03
 79  0.03772 -5.27036e-03 | 80  0.03713 -5.19594e-03 | 81  0.03579 -3.52823e-03
 82  0.03376 -5.13135e-03 | 83  0.03105 -5.44803e-03 | 84  0.02759 -6.51167e-03
 85  0.02338 -7.04698e-03 | 86  0.01863 -4.98642e-03 | 87  0.01373 -1.82487e-03
 88  0.00918 -2.93984e-03 | 89  0.00545 -2.97304e-03 | 90  0.00278 -1.60691e-03
 91  0.00114 -1.18736e-03 | 92  0.00031 -1.36828e-04 | 93  0.00007  2.47877e-03
 94  0.00036  1.57546e-03 | 95  0.00134 -2.28553e-04 | 96  0.00306  5.45506e-03
 97  0.00512  3.71812e-03 | 98  0.00745  2.69651e-03 | 99  0.01232 -5.63819e-03
100  0.02975 -2.80562e-02 |101  0.00442 -6.21640e-03 |102 -0.00497 -1.78946e-02
103 -0.03168 -5.27068e-02 |104  0.02027 -8.38322e-03 |105  0.01499 -3.69515e-02
106 -0.01036 -9.20264e-02 |107  0.02216 -7.61773e-03 |108  0.01790 -2.83874e-02
109  0.01136 -9.41750e-02 |110  0.00747 -1.60767e-03 |111  0.00974 -1.92924e-02
112  0.05938 -9.96122e-02 |113  0.00056 -2.08178e-03 |114  0.02190 -7.87739e-03
115  0.00979 -4.24398e-03 |116 -0.03323 -4.13200e-03 |117 -0.05168 -3.64511e-03
118 -0.05203 -1.11808e-02 |119 -0.03676 -1.22924e-02 |120 -0.00738 -1.90439e-02
121  0.01317 -1.61143e-02 |122  0.00446 -6.02450e-03 |123 -0.04489  5.60680e-04
124  0.01721 -5.36989e-03 |125  0.02133  2.68105e-03 |126  0.00837  4.73772e-04
127  0.01511  3.61228e-03 |128  0.05457  3.88353e-03 |129  0.05775 -1.59988e-04
130  0.01759 -3.62742e-03 |131  0.04051 -4.80359e-03 |132 -0.01276 -4.54309e-05
133  0.03328  4.74257e-03 |134 -0.03524  8.23754e-03 |135  0.03981  3.22225e-03
136  0.00939 -3.49878e-03 |137 -0.03256  3.80513e-03 |138  0.01179  1.60887e-03
139  0.00136 -4.31715e-04 |140 -0.00037  1.38855e-03 |141  0.01298 -3.19812e-03
142 -0.01879 -1.28838e-03 |143  0.00547  1.60436e-03 |144 -0.00692  1.19070e-03
145  1.14896  1.25210e-01 |146  1.10284  2.15509e-01 |147  0.08418 -1.75488e-02
148  0.29981  1.41786e-02 |149  0.01672  5.13104e-04 |150 -0.11353 -1.16948e-02
151 -1.01889  1.44118e-03 |152  0.48682 -6.88804e-04 |153  0.09935 -1.89377e-02
154 -0.24268 -5.84175e-03 |155  0.22129 -1.60955e-03 |156  0.26494  2.99698e-02
157  0.21016  1.22573e-03 |158  0.25925 -9.53197e-04 |159 -0.00413  3.36198e-03
160 -0.09586 -2.49211e-03 |161  0.14729 -8.49580e-03 |162  0.29990  2.50411e-02
163  0.20195 -1.94404e-03 |164  0.25074  1.60642e-02 |165 -0.39060  3.06880e-02
166  0.12356 -6.75090e-02 |167 -0.09777  6.66027e-02 |168 -0.59774 -2.37629e-03
169  0.17696  2.03958e-02 |170 -0.04951 -2.48894e-04 |171 -0.44681 -2.65607e-03
172 -0.51561  1.39408e-03 |173 -0.57330 -1.87755e+00 |174  0.45341  3.14102e-04
175 -0.77469  4.87566e-03 |176 -0.80591  4.01604e-04 |177  0.07935 -1.84906e-03
178  0.14665 -1.39743e-02 |179  0.32251 -1.45076e-02 |180  0.27263  1.55404e-02
181 -0.01849 -7.70153e-03 |182  0.01204  4.22058e-03 |183 -0.13047 -1.07493e-02
184 -0.12154 -8.32901e-03 |185  0.04925  4.78253e-03 |186  0.37209 -1.09683e-03
187  0.00752  8.05191e-03 |188 -0.14457 -2.97563e-03 |189  0.11377 -2.03206e-02
190  0.18534 -2.90172e-02 |191  0.22025 -1.18620e-02 |192  0.25634  3.53200e-02
193  0.02668 -3.12483e-02 |194  0.00184 -2.06307e-02 |195 -0.17414 -2.83131e-02
196 -0.11027 -2.89201e-02 |197 -1.37791  1.04307e+00 |198  0.36732 -3.99205e-04
199 -0.08039 -3.95989e-01 |200 -0.68670  3.31786e-02 |
200 variables; iteration 460; function evaluation 606; phase 4
Function value 5.1725978e+03; maximum gradient component mag -8.8325e-01
Var    Value     Gradient |Var    Value     Gradient |Var    Value     Gradient
  1 -0.42193 -1.64397e-02 |  2  0.60314  3.66516e-01 |  3 -0.06970  5.85084e-02
  4 -0.23391  1.31658e-01 |  5 -0.69271 -1.59559e-02 |  6 -0.58270 -2.14776e-03
  7  0.57801  3.68271e-01 |  8 -0.16060  7.74569e-02 |  9 -0.16735  1.29745e-01
 10 -0.54073 -1.29438e-02 | 11 -0.61259 -1.57038e-02 | 12 -0.14310 -8.83251e-01
 13 -0.00978  8.68890e-04 | 14 -0.00999 -1.62938e-04 | 15 -0.01019  1.30391e-03
 16 -0.01039  4.85282e-04 | 17 -0.01060 -3.94885e-03 | 18 -0.01076  3.07959e-03
 19 -0.01096 -5.20318e-04 | 20 -0.01113 -2.30183e-03 | 21 -0.01128  2.40293e-03
 22 -0.01145 -5.20758e-03 | 23 -0.01158 -2.22907e-03 | 24 -0.01169 -1.46655e-03
 25 -0.01182 -8.08558e-03 | 26 -0.01189 -2.98687e-03 | 27 -0.01195  8.24409e-05
 28 -0.01200 -1.08088e-03 | 29 -0.01203 -2.66781e-03 | 30 -0.01204 -4.33218e-03
 31 -0.01201 -4.43718e-03 | 32 -0.01194  9.78082e-04 | 33 -0.01184  6.04233e-03
 34 -0.01175  2.49432e-03 | 35 -0.01160  3.10567e-03 | 36 -0.01145 -3.41867e-03
 37 -0.01123 -3.16233e-03 | 38 -0.01098 -2.84634e-03 | 39 -0.01067 -4.48822e-04
 40 -0.01033 -2.38517e-04 | 41 -0.00996 -1.71811e-03 | 42 -0.00954 -2.26328e-03
 43 -0.00908 -2.40576e-03 | 44 -0.00860 -3.12338e-03 | 45 -0.00807 -2.28860e-03
 46 -0.00753 -2.04682e-03 | 47 -0.00697 -6.30561e-04 | 48 -0.00643 -2.61603e-03
 49 -0.00588  1.03264e-04 | 50 -0.00536  1.74548e-04 | 51 -0.00488 -2.59848e-03
 52 -0.00446 -6.94920e-03 | 53 -0.00406 -6.09567e-03 | 54 -0.00371 -5.25391e-03
 55 -0.00341 -4.27823e-03 | 56 -0.00313 -1.29817e-03 | 57 -0.00286 -2.73459e-04
 58 -0.00260 -4.85700e-03 | 59 -0.00228 -3.91390e-03 | 60 -0.00190 -6.71664e-03
 61 -0.00140 -7.38112e-03 | 62 -0.00072 -1.88793e-03 | 63  0.00011 -2.31980e-03
 64  0.00115 -4.54248e-03 | 65  0.00247  5.22721e-06 | 66  0.00405 -3.00443e-03
 67  0.00596 -3.47909e-03 | 68  0.00825  4.18786e-03 | 69  0.01084  5.37446e-04
 70  0.01376 -4.75779e-03 | 71  0.01704 -2.46830e-03 | 72  0.02054 -6.18072e-03
 73  0.02422 -2.21430e-03 | 74  0.02787 -7.73230e-04 | 75  0.03126 -3.94969e-03
 76  0.03417 -1.97086e-03 | 77  0.03634 -1.40591e-04 | 78  0.03757 -1.83251e-03
 79  0.03785 -3.12822e-03 | 80  0.03725 -4.25119e-03 | 81  0.03595  3.74208e-03
 82  0.03392 -3.74560e-04 | 83  0.03120 -2.38590e-03 | 84  0.02773 -6.10171e-03
 85  0.02353 -6.80633e-03 | 86  0.01878 -4.33755e-03 | 87  0.01389  7.34730e-05
 88  0.00933 -3.13405e-03 | 89  0.00560 -4.35460e-03 | 90  0.00293 -4.52242e-03
 91  0.00130 -4.01026e-03 | 92  0.00046 -5.74980e-03 | 93  0.00021 -4.12380e-03
 94  0.00050 -5.47875e-03 | 95  0.00147 -1.05846e-02 | 96  0.00315 -1.12351e-02
 97  0.00522 -7.03602e-03 | 98  0.00753 -2.80062e-03 | 99  0.01231 -8.83487e-03
100  0.02971 -1.94418e-02 |101  0.00458 -6.43192e-03 |102 -0.00480 -9.89072e-03
103 -0.03185 -2.52008e-02 |104  0.02033 -3.17501e-03 |105  0.01507 -1.82390e-02
106 -0.01054 -4.47379e-02 |107  0.02209 -6.19364e-03 |108  0.01780 -2.28247e-02
109  0.01120 -6.66974e-02 |110  0.00731 -1.02112e-02 |111  0.00947 -1.25612e-02
112  0.05917 -4.77339e-02 |113  0.00036 -4.10916e-03 |114  0.02160 -2.24683e-02
115  0.00993 -5.44155e-03 |116 -0.03339 -9.51168e-03 |117 -0.05169 -1.95282e-02
118 -0.05219 -2.27425e-02 |119 -0.03721 -2.95408e-02 |120 -0.00814 -5.36654e-02
121  0.01316 -3.96679e-02 |122  0.00446 -2.05026e-02 |123 -0.04508 -3.39717e-02
124  0.01658 -4.22246e-02 |125  0.02125  1.02260e-02 |126  0.00820 -2.07954e-03
127  0.01493 -1.67737e-03 |128  0.05439  1.10152e-02 |129  0.05756  4.06517e-03
130  0.01747  7.29100e-03 |131  0.04035 -4.58107e-03 |132 -0.01286  1.74264e-03
133  0.03315  2.18064e-03 |134 -0.03536 -7.46355e-03 |135  0.03968 -6.57097e-04
136  0.00928 -2.44545e-03 |137 -0.03265  1.77380e-03 |138  0.01168 -2.09060e-03
139  0.00131  2.21103e-03 |140 -0.00040  1.79271e-03 |141  0.01287  1.15132e-03
142 -0.01888 -2.02038e-03 |143  0.00536  1.55535e-03 |144 -0.00701 -9.98924e-04
145  1.13651  1.11874e-01 |146  1.03503  4.54377e-02 |147  0.08426  1.31288e-03
148  0.29981 -3.96170e-03 |149  0.01668 -4.78844e-05 |150 -0.11348 -2.49535e-03
151 -1.01887  1.73879e-03 |152  0.50053  2.02028e-04 |153  0.09938  1.13050e-02
154 -0.24258  1.37212e-03 |155  0.22139 -1.19261e-03 |156  0.26493 -2.63906e-02
157  0.21022 -6.66486e-03 |158  0.25925  1.43201e-02 |159 -0.00418 -1.12556e-02
160 -0.09582 -4.52427e-03 |161  0.14744  1.31290e-03 |162  0.29991 -4.72703e-04
163  0.20201  6.86851e-03 |164  0.25074 -1.25977e-02 |165 -0.39831 -1.04176e-01
166  0.12842 -4.81749e-02 |167 -0.09074  3.48248e-02 |168 -0.58927 -2.07173e-03
169  0.17588  2.28258e-02 |170  0.01088  1.57691e-03 |171 -0.22807  1.03421e-03
172 -0.53166 -9.74593e-05 |173 -0.57324 -6.11586e-04 |174  0.44900  1.05151e-04
175 -0.70162  1.65012e-02 |176 -0.78623  4.37910e-03 |177  0.07943  4.23423e-03
178  0.14672 -3.26599e-03 |179  0.32255  1.07807e-02 |180  0.27264 -1.24817e-03
181 -0.01865  8.29196e-03 |182  0.01198 -1.80763e-02 |183 -0.13031 -1.81129e-02
184 -0.12150  1.72570e-03 |185  0.04929 -7.96755e-03 |186  0.37208 -9.49412e-03
187  0.00749 -6.68679e-03 |188 -0.14454 -1.13725e-02 |189  0.11380 -1.36962e-02
190  0.18540 -1.76401e-02 |191  0.22026  3.38552e-02 |192  0.25635  2.30983e-02
193  0.02667  2.47093e-03 |194  0.00180 -1.59647e-02 |195 -0.17409  6.99344e-03
196 -0.11023 -1.95275e-02 |197 -1.38786  6.14655e-01 |198  0.37409 -2.42325e-04
199 -0.10228 -3.11985e-01 |200 -0.68100  4.13336e-02 |
200 variables; iteration 480; function evaluation 627; phase 4
Function value 5.1725929e+03; maximum gradient component mag -2.6103e+00
Var    Value     Gradient |Var    Value     Gradient |Var    Value     Gradient
  1 -0.42193 -2.90905e-03 |  2  0.60317  3.50650e-01 |  3 -0.06969  4.25119e-02
  4 -0.23392  8.69673e-02 |  5 -0.69271 -1.87690e-02 |  6 -0.58271 -6.47974e-03
  7  0.57793  3.30755e-01 |  8 -0.16060  5.01046e-02 |  9 -0.16727  9.49989e-02
 10 -0.54078 -1.73810e-02 | 11 -0.61259 -1.30671e-02 | 12 -0.14289 -3.54543e-01
 13 -0.00979  3.61036e-04 | 14 -0.01000  2.93927e-04 | 15 -0.01020  9.68475e-04
 16 -0.01040  6.60219e-04 | 17 -0.01060 -3.43772e-04 | 18 -0.01077  2.43806e-03
 19 -0.01096  2.88038e-04 | 20 -0.01113 -2.66936e-04 | 21 -0.01129  1.73758e-03
 22 -0.01145 -1.10238e-03 | 23 -0.01158 -7.25916e-04 | 24 -0.01170 -1.49083e-04
 25 -0.01181 -2.21282e-03 | 26 -0.01189 -1.03034e-03 | 27 -0.01196  2.66858e-04
 28 -0.01200  1.46554e-04 | 29 -0.01203 -8.11051e-04 | 30 -0.01203 -7.77985e-04
 31 -0.01201 -9.97684e-04 | 32 -0.01195  6.26145e-04 | 33 -0.01187  1.65012e-03
 34 -0.01177  5.14777e-04 | 35 -0.01163  4.98114e-04 | 36 -0.01145 -1.10367e-03
 37 -0.01124 -1.35534e-03 | 38 -0.01098  2.07628e-04 | 39 -0.01068 -2.31430e-05
 40 -0.01034  7.70028e-04 | 41 -0.00997 -1.06920e-04 | 42 -0.00955 -5.66460e-04
 43 -0.00909  2.35231e-04 | 44 -0.00860 -7.95809e-04 | 45 -0.00808 -3.92134e-04
 46 -0.00754  5.32386e-04 | 47 -0.00699 -5.90004e-04 | 48 -0.00643  5.24457e-04
 49 -0.00589  8.04439e-04 | 50 -0.00537  5.71793e-04 | 51 -0.00489  4.63713e-04
 52 -0.00445 -7.90952e-04 | 53 -0.00406 -1.08254e-03 | 54 -0.00371 -8.11993e-04
 55 -0.00341  7.51126e-04 | 56 -0.00314  1.17299e-03 | 57 -0.00288  3.24021e-04
 58 -0.00260  5.65322e-04 | 59 -0.00228  4.87040e-04 | 60 -0.00190 -1.19361e-03
 61 -0.00139 -1.16704e-03 | 62 -0.00073  9.45569e-04 | 63  0.00010  1.21105e-03
 64  0.00114 -7.14478e-04 | 65  0.00245  3.47095e-04 | 66  0.00404 -5.33784e-04
 67  0.00595 -7.78922e-04 | 68  0.00821  1.42785e-03 | 69  0.01081  4.72161e-04
 70  0.01375 -1.12130e-03 | 71  0.01702 -5.82640e-04 | 72  0.02053 -1.41125e-03
 73  0.02420 -1.84725e-04 | 74  0.02784 -5.72628e-04 | 75  0.03124 -1.28094e-03
 76  0.03414  1.68163e-04 | 77  0.03629 -6.40080e-04 | 78  0.03753 -1.47264e-03
 79  0.03781 -1.40399e-03 | 80  0.03722 -1.21139e-03 | 81  0.03588 -3.69880e-04
 82  0.03386 -8.99754e-04 | 83  0.03116 -6.32274e-04 | 84  0.02770 -1.49334e-03
 85  0.02349 -2.06997e-03 | 86  0.01874 -1.11947e-03 | 87  0.01383  6.02622e-05
 88  0.00928 -1.49510e-04 | 89  0.00555 -3.52166e-04 | 90  0.00289 -2.19222e-04
 91  0.00125 -5.19850e-04 | 92  0.00041 -3.69937e-05 | 93  0.00016  4.19749e-04
 94  0.00045 -8.39541e-04 | 95  0.00143 -1.23497e-03 | 96  0.00313  2.10273e-04
 97  0.00518  7.76490e-04 | 98  0.00748  4.49539e-04 | 99  0.01228 -2.69086e-03
100  0.02973 -1.48877e-02 |101  0.00454 -2.53668e-03 |102 -0.00480 -8.19272e-03
103 -0.03180 -2.55830e-02 |104  0.02029 -3.89395e-03 |105  0.01508 -1.66305e-02
106 -0.01047 -4.21646e-02 |107  0.02209 -4.51469e-03 |108  0.01783 -1.47381e-02
109  0.01127 -4.47722e-02 |110  0.00737 -3.39036e-03 |111  0.00953 -9.30705e-03
112  0.05921 -4.51641e-02 |113  0.00046 -2.53426e-04 |114  0.02182 -4.43155e-03
115  0.00963 -4.11562e-03 |116 -0.03334 -3.91387e-03 |117 -0.05181 -2.22956e-03
118 -0.05216 -4.86275e-03 |119 -0.03697 -5.00962e-03 |120 -0.00759 -6.32998e-03
121  0.01293 -7.22871e-03 |122  0.00442 -4.16498e-03 |123 -0.04506 -2.68269e-03
124  0.01706 -2.82179e-03 |125  0.02120  3.56552e-04 |126  0.00825 -1.06663e-03
127  0.01499 -1.14008e-03 |128  0.05444 -5.92697e-04 |129  0.05763 -2.08172e-03
130  0.01751 -2.11835e-03 |131  0.04042 -1.73000e-03 |132 -0.01283 -4.50222e-04
133  0.03320  1.21986e-03 |134 -0.03532  6.19891e-04 |135  0.03973  1.47899e-03
136  0.00934  1.38978e-04 |137 -0.03262  6.07607e-04 |138  0.01173  7.07166e-04
139  0.00133  5.21019e-04 |140 -0.00039  6.98015e-04 |141  0.01292  5.66054e-04
142 -0.01884 -9.55661e-04 |143  0.00540  1.03529e-03 |144 -0.00697 -8.50699e-05
145  1.09801  3.70705e-02 |146  1.00651  9.17436e-03 |147  0.08424  6.73993e-04
148  0.29981 -5.38908e-03 |149  0.01669  2.49884e-03 |150 -0.11350  4.03325e-04
151 -1.01902  9.03234e-05 |152  0.49691 -1.67273e-05 |153  0.09937 -3.07337e-03
154 -0.24260 -2.49120e-04 |155  0.22137  8.89673e-04 |156  0.26494 -3.14492e-03
157  0.21019  2.74253e-03 |158  0.25924 -1.32560e-03 |159 -0.00415  1.23742e-03
160 -0.09583  1.78661e-03 |161  0.14739  6.99094e-04 |162  0.29990  2.17684e-05
163  0.20198  3.65512e-04 |164  0.25073 -2.57933e-03 |165 -0.39285  1.32377e-01
166  0.10632 -8.60605e-03 |167 -0.14129  1.19805e-02 |168 -0.53987  5.14275e-03
169  0.15282  1.07797e-03 |170 -0.11479 -5.72682e-04 |171 -0.16914 -4.80086e-04
172 -0.52674  3.22135e-04 |173 -0.57331 -2.61034e+00 |174  0.44590 -8.12653e-05
175 -0.80119  1.29884e-03 |176 -0.80695  2.10875e-04 |177  0.07940 -1.63382e-03
178  0.14669  7.63180e-04 |179  0.32253 -2.81040e-03 |180  0.27263 -1.44216e-03
181 -0.01861 -1.09275e-03 |182  0.01201  1.70351e-03 |183 -0.13036 -7.31825e-04
184 -0.12151 -1.97282e-03 |185  0.04928  1.83958e-04 |186  0.37208 -1.00419e-03
187  0.00750  3.35610e-03 |188 -0.14454 -3.62929e-04 |189  0.11379  7.33378e-03
190  0.18538  9.88438e-03 |191  0.22026 -5.90336e-03 |192  0.25634 -1.00071e-02
193  0.02668  2.20146e-03 |194  0.00182  7.59359e-03 |195 -0.17410 -1.74540e-03
196 -0.11025  1.24782e-02 |197 -1.38120  5.73194e-01 |198  0.36779 -3.38265e-04
199 -0.09196 -2.86726e-01 |200 -0.83457 -6.52001e-03 |
200 variables; iteration 500; function evaluation 647; phase 4
Function value 5.1725916e+03; maximum gradient component mag -6.9226e-01
Var    Value     Gradient |Var    Value     Gradient |Var    Value     Gradient
  1 -0.42193 -9.49864e-03 |  2  0.60312 -2.46410e-01 |  3 -0.06970 -3.67331e-02
  4 -0.23388 -7.67365e-02 |  5 -0.69273  1.23227e-02 |  6 -0.58271  3.74662e-03
  7  0.57799 -2.42308e-01 |  8 -0.16060 -4.59154e-02 |  9 -0.16732 -8.32345e-02
 10 -0.54079  1.16265e-02 | 11 -0.61259  2.46014e-03 | 12 -0.14293  3.62513e-01
 13 -0.00979  1.92834e-04 | 14 -0.01000  2.44303e-04 | 15 -0.01020  2.86477e-04
 16 -0.01040  2.91657e-04 | 17 -0.01059  7.99627e-04 | 18 -0.01078  8.47674e-05
 19 -0.01096  2.89447e-04 | 20 -0.01113  2.81227e-04 | 21 -0.01129 -1.77351e-04
 22 -0.01144  8.51233e-04 | 23 -0.01158  6.74766e-05 | 24 -0.01170  2.24724e-04
 25 -0.01180  9.32196e-04 | 26 -0.01189  3.98726e-04 | 27 -0.01196  3.12832e-04
 28 -0.01200  1.76703e-04 | 29 -0.01203  4.64492e-04 | 30 -0.01203  7.89284e-04
 31 -0.01200  8.58765e-04 | 32 -0.01195  5.58205e-04 | 33 -0.01188 -4.52833e-05
 34 -0.01177  7.07715e-05 | 35 -0.01163  2.20575e-05 | 36 -0.01145  7.45888e-04
 37 -0.01123  7.62737e-04 | 38 -0.01098  9.03577e-04 | 39 -0.01068  3.11361e-04
 40 -0.01034  2.66741e-04 | 41 -0.00996  5.95054e-04 | 42 -0.00954  2.80456e-04
 43 -0.00909  4.27120e-04 | 44 -0.00860  4.82060e-04 | 45 -0.00808  5.76569e-04
 46 -0.00754  2.91798e-04 | 47 -0.00699  1.05759e-05 | 48 -0.00643  7.20214e-04
 49 -0.00589  1.12707e-05 | 50 -0.00537  3.10890e-05 | 51 -0.00489  2.22362e-04
 52 -0.00444  7.67440e-04 | 53 -0.00405  4.41997e-04 | 54 -0.00371  5.85640e-04
 55 -0.00341  6.37932e-04 | 56 -0.00314 -1.00923e-04 | 57 -0.00288 -3.91022e-04
 58 -0.00260  5.23085e-04 | 59 -0.00228  4.40948e-04 | 60 -0.00189  9.48609e-04
 61 -0.00138  9.13697e-04 | 62 -0.00074  4.47374e-04 | 63  0.00010  5.00615e-04
 64  0.00115  1.03890e-03 | 65  0.00245  8.07009e-04 | 66  0.00405  8.38230e-04
 67  0.00596  9.64299e-04 | 68  0.00820  1.76040e-05 | 69  0.01081  6.64610e-04
 70  0.01376  1.20528e-03 | 71  0.01703  1.17787e-03 | 72  0.02054  7.72516e-04
 73  0.02420  1.09328e-03 | 74  0.02785  1.11724e-03 | 75  0.03125  1.35377e-03
 76  0.03414  5.33698e-04 | 77  0.03630  1.22613e-03 | 78  0.03754  1.64324e-03
 79  0.03782  1.40830e-03 | 80  0.03723  1.49454e-03 | 81  0.03589  1.80614e-03
 82  0.03387  1.59747e-03 | 83  0.03117  1.33155e-03 | 84  0.02771  1.08430e-03
 85  0.02351  1.00651e-03 | 86  0.01875  1.28166e-03 | 87  0.01384  1.06661e-03
 88  0.00929  8.84527e-04 | 89  0.00556  6.39496e-04 | 90  0.00290  9.82952e-04
 91  0.00126  3.18713e-04 | 92  0.00042  9.85288e-04 | 93  0.00017  4.49637e-04
 94  0.00047  7.10507e-04 | 95  0.00145  9.54093e-04 | 96  0.00314  1.39758e-03
 97  0.00519  1.23258e-03 | 98  0.00748  1.14738e-03 | 99  0.01228  3.51528e-03
100  0.02972  1.12818e-02 |101  0.00456  2.65047e-03 |102 -0.00480  7.14655e-03
103 -0.03182  1.77175e-02 |104  0.02030  3.86568e-03 |105  0.01509  1.03685e-02
106 -0.01050  2.70409e-02 |107  0.02209  3.54156e-03 |108  0.01783  9.52003e-03
109  0.01125  2.90838e-02 |110  0.00737  2.64651e-03 |111  0.00951  6.05221e-03
112  0.05918  3.34998e-02 |113  0.00042  4.22500e-03 |114  0.02184  1.06305e-02
115  0.00966  6.47558e-03 |116 -0.03333  4.06966e-03 |117 -0.05179  7.70480e-03
118 -0.05216  5.74705e-03 |119 -0.03705  3.38795e-03 |120 -0.00770  8.54266e-03
121  0.01295  8.74742e-03 |122  0.00451  3.26215e-03 |123 -0.04509  3.98249e-03
124  0.01699  4.46443e-03 |125  0.02119 -1.37135e-03 |126  0.00824 -2.15633e-03
127  0.01498 -2.06782e-04 |128  0.05443  2.99392e-04 |129  0.05762 -5.26228e-04
130  0.01750  6.98390e-04 |131  0.04042  1.68409e-03 |132 -0.01284  3.41062e-04
133  0.03320  2.16306e-03 |134 -0.03532  2.25463e-04 |135  0.03972  5.88063e-05
136  0.00934 -9.31242e-05 |137 -0.03263 -7.99854e-04 |138  0.01172 -1.07634e-04
139  0.00133  7.43987e-04 |140 -0.00039  6.69425e-04 |141  0.01291  1.17362e-04
142 -0.01885 -1.32852e-03 |143  0.00540 -3.88746e-04 |144 -0.00698 -4.84682e-04
145  1.06278  1.12846e-02 |146  0.97215 -1.61959e-02 |147  0.08425 -4.04204e-04
148  0.29981 -3.82836e-03 |149  0.01669  7.00971e-04 |150 -0.11349  8.98562e-04
151 -1.01914 -1.18807e-03 |152  0.49724  3.71332e-06 |153  0.09937 -3.01452e-03
154 -0.24259  1.44873e-03 |155  0.22138  1.72221e-03 |156  0.26494 -1.71650e-03
157  0.21020  1.40990e-03 |158  0.25924  3.27471e-04 |159 -0.00415  6.25157e-04
160 -0.09583  1.63960e-03 |161  0.14740  1.89599e-03 |162  0.29990 -8.45554e-04
163  0.20199 -2.12539e-03 |164  0.25073 -2.85100e-03 |165 -0.39654  3.32513e-01
166  0.09704  1.79086e-02 |167 -0.12776  5.53192e-02 |168 -0.52311  1.07739e-02
169  0.15088  8.87057e-05 |170 -0.11911 -5.94730e-04 |171 -0.19312 -9.83356e-04
172 -0.53406 -2.72745e-04 |173 -0.57329 -6.92260e-01 |174  0.44734  9.18403e-06
175 -0.77004  4.90795e-03 |176 -0.79898  1.75291e-03 |177  0.07941  3.51572e-04
178  0.14670 -5.02084e-04 |179  0.32254 -3.77985e-03 |180  0.27264 -9.14935e-04
181 -0.01862 -9.46572e-04 |182  0.01201 -8.98486e-04 |183 -0.13035 -2.42904e-03
184 -0.12151 -9.17416e-04 |185  0.04929 -6.91896e-04 |186  0.37208  4.63251e-04
187  0.00749  2.55539e-04 |188 -0.14454  2.01004e-03 |189  0.11379  7.45942e-03
190  0.18539  6.47011e-03 |191  0.22026 -2.34148e-03 |192  0.25634 -4.49262e-03
193  0.02668  4.43159e-03 |194  0.00181 -1.93086e-03 |195 -0.17410  1.74651e-03
196 -0.11025  4.34464e-03 |197 -1.38908 -3.88319e-01 |198  0.37507  9.12347e-05
199 -0.10489  2.14338e-01 |200 -0.82591 -5.10336e-03 |
200 variables; iteration 520; function evaluation 669; phase 4
Function value 5.1725914e+03; maximum gradient component mag 4.7175e-01
Var    Value     Gradient |Var    Value     Gradient |Var    Value     Gradient
  1 -0.42193  2.69740e-03 |  2  0.60314  2.88814e-01 |  3 -0.06970  3.15332e-02
  4 -0.23389  8.73773e-02 |  5 -0.69274 -1.56659e-02 |  6 -0.58271 -5.37586e-03
  7  0.57801  2.67963e-01 |  8 -0.16060  4.86734e-02 |  9 -0.16734  8.81219e-02
 10 -0.54081 -1.88936e-02 | 11 -0.61258  2.75052e-03 | 12 -0.14296 -2.66398e-01
 13 -0.00979 -1.30551e-03 | 14 -0.01001 -2.49061e-03 | 15 -0.01021 -3.57267e-03
 16 -0.01041 -3.77267e-03 | 17 -0.01060 -2.49155e-03 | 18 -0.01080 -6.21878e-03
 19 -0.01097 -3.37782e-03 | 20 -0.01114 -2.98384e-03 | 21 -0.01130 -3.70411e-03
 22 -0.01143  1.69409e-03 | 23 -0.01158 -9.04368e-04 | 24 -0.01169  1.32426e-05
 25 -0.01179  2.49007e-03 | 26 -0.01188  4.06424e-04 | 27 -0.01196 -1.31510e-03
 28 -0.01201 -1.62774e-03 | 29 -0.01202  1.99115e-03 | 30 -0.01204 -2.20124e-03
 31 -0.01200  8.77690e-05 | 32 -0.01196 -2.25734e-03 | 33 -0.01188 -1.77586e-03
 34 -0.01176  1.76966e-04 | 35 -0.01162  4.13497e-04 | 36 -0.01143  3.67011e-03
 37 -0.01123 -6.29298e-04 | 38 -0.01097  1.91287e-03 | 39 -0.01069 -1.46088e-03
 40 -0.01034  5.50416e-04 | 41 -0.00995  1.61907e-03 | 42 -0.00954  7.75584e-05
 43 -0.00907  3.77113e-03 | 44 -0.00860 -7.46529e-04 | 45 -0.00807 -2.11518e-05
 46 -0.00753  2.60785e-04 | 47 -0.00698  6.29429e-05 | 48 -0.00643  1.93042e-04
 49 -0.00589 -4.67991e-04 | 50 -0.00537  8.55467e-04 | 51 -0.00488  7.91084e-04
 52 -0.00443  2.70791e-03 | 53 -0.00405 -1.31383e-05 | 54 -0.00369  4.02401e-03
 55 -0.00340  7.20226e-04 | 56 -0.00314 -1.30292e-03 | 57 -0.00287  2.37353e-03
 58 -0.00260 -9.33468e-04 | 59 -0.00228 -1.26883e-03 | 60 -0.00188  6.22195e-04
 61 -0.00138  9.17929e-04 | 62 -0.00074 -2.94593e-03 | 63  0.00009 -3.42526e-03
 64  0.00113 -5.31898e-03 | 65  0.00245 -1.82944e-03 | 66  0.00405 -8.00742e-04
 67  0.00597  1.09049e-03 | 68  0.00820 -2.65926e-03 | 69  0.01080 -3.47723e-03
 70  0.01375 -3.01232e-03 | 71  0.01702 -2.91004e-03 | 72  0.02055 -1.14674e-04
 73  0.02420 -2.51033e-03 | 74  0.02786 -1.86273e-04 | 75  0.03126 -2.96869e-04
 76  0.03416  6.56170e-04 | 77  0.03630 -3.16298e-03 | 78  0.03755 -1.19702e-03
 79  0.03781 -5.48761e-03 | 80  0.03721 -7.42169e-03 | 81  0.03588 -3.83459e-03
 82  0.03387 -2.67928e-03 | 83  0.03119  1.66554e-03 | 84  0.02772 -1.66958e-03
 85  0.02353 -3.03182e-04 | 86  0.01876 -2.43348e-03 | 87  0.01384 -4.88839e-03
 88  0.00929 -5.23504e-03 | 89  0.00557 -2.06735e-03 | 90  0.00290 -2.50260e-03
 91  0.00126 -3.80002e-03 | 92  0.00043 -3.53460e-03 | 93  0.00016 -7.10683e-03
 94  0.00048 -1.19401e-03 | 95  0.00146 -2.51152e-03 | 96  0.00311 -1.06521e-02
 97  0.00519 -6.77268e-03 | 98  0.00748 -6.48413e-03 | 99  0.01227 -8.11732e-03
100  0.02973 -1.20915e-02 |101  0.00458 -6.97453e-04 |102 -0.00479 -9.53774e-03
103 -0.03183 -2.26196e-02 |104  0.02029 -7.17005e-03 |105  0.01510 -1.14590e-02
106 -0.01050 -3.05622e-02 |107  0.02210 -1.70548e-03 |108  0.01783 -9.79141e-03
109  0.01125 -2.61907e-02 |110  0.00735 -4.60919e-03 |111  0.00952  1.48389e-04
112  0.05917 -2.44718e-02 |113  0.00041  1.04980e-02 |114  0.02183  1.19526e-02
115  0.00970  1.70121e-02 |116 -0.03334  2.97682e-03 |117 -0.05179 -1.61749e-03
118 -0.05216  3.96938e-03 |119 -0.03707  3.81097e-03 |120 -0.00773  1.38140e-03
121  0.01293 -1.11359e-03 |122  0.00455  7.40096e-03 |123 -0.04510  2.41375e-03
124  0.01697  7.72768e-03 |125  0.02118 -5.71697e-05 |126  0.00825  7.99742e-03
127  0.01497  2.53957e-03 |128  0.05441  2.57456e-03 |129  0.05764  1.14117e-02
130  0.01748 -5.56743e-03 |131  0.04041 -5.33223e-04 |132 -0.01283  2.04690e-03
133  0.03319 -5.72034e-03 |134 -0.03534 -6.83845e-03 |135  0.03971 -4.06668e-03
136  0.00934  1.27705e-03 |137 -0.03263  1.94187e-03 |138  0.01172  2.21472e-03
139  0.00132 -2.28335e-03 |140 -0.00039  3.03697e-03 |141  0.01290 -2.56925e-03
142 -0.01883  6.13879e-03 |143  0.00539 -1.58821e-03 |144 -0.00697  4.32657e-03
145  1.05314  1.59821e-02 |146  0.97125 -3.44747e-02 |147  0.08425 -1.46726e-03
148  0.29981  8.30756e-03 |149  0.01669  2.53175e-03 |150 -0.11349 -3.46084e-03
151 -1.01908 -6.44707e-04 |152  0.49490 -1.42237e-04 |153  0.09937  5.74149e-03
154 -0.24262 -5.83953e-03 |155  0.22138 -9.78388e-03 |156  0.26493  1.06329e-03
157  0.21020 -4.53682e-03 |158  0.25925  9.29618e-04 |159 -0.00417 -7.76052e-03
160 -0.09583 -1.02845e-02 |161  0.14741 -7.48183e-04 |162  0.29990 -3.82098e-03
163  0.20200  7.08970e-03 |164  0.25074 -7.89929e-04 |165 -0.39777  1.86379e-01
166  0.09471  6.93487e-03 |167 -0.12286  3.37741e-02 |168 -0.51943  1.10317e-02
169  0.16945  1.02787e-02 |170 -0.01883 -5.08354e-05 |171 -0.20270  1.05422e-03
172 -0.51894  1.04348e-03 |173 -0.57329  2.48131e-01 |174  0.44690 -1.33913e-05
175 -0.76898  4.50030e-03 |176 -0.80346  8.64408e-04 |177  0.07941  1.78946e-02
178  0.14671  1.26946e-03 |179  0.32254  1.07076e-02 |180  0.27264 -1.14569e-03
181 -0.01860  2.00091e-02 |182  0.01200 -7.22222e-03 |183 -0.13034  1.35079e-02
184 -0.12150  9.68577e-03 |185  0.04927 -7.37107e-03 |186  0.37207 -5.89070e-03
187  0.00751  1.36058e-03 |188 -0.14454 -9.24174e-04 |189  0.11379 -1.27405e-02
190  0.18538 -1.05413e-02 |191  0.22026  1.41005e-02 |192  0.25634  1.65881e-03
193  0.02667 -5.07716e-03 |194  0.00183  1.77503e-02 |195 -0.17409  1.22617e-02
196 -0.11024 -1.37532e-02 |197 -1.39024  4.71746e-01 |198  0.37413 -2.74877e-04
199 -0.10712 -2.28756e-01 |200 -0.82055 -4.47762e-03 |
200 variables; iteration 540; function evaluation 691; phase 4
Function value 5.1725905e+03; maximum gradient component mag -2.0866e-01
Var    Value     Gradient |Var    Value     Gradient |Var    Value     Gradient
  1 -0.42193 -6.82033e-03 |  2  0.60301 -1.44499e-01 |  3 -0.06972 -2.07158e-02
  4 -0.23380 -4.38102e-02 |  5 -0.69267  7.47217e-03 |  6 -0.58273  1.91528e-03
  7  0.57790 -1.36919e-01 |  8 -0.16060 -2.50337e-02 |  9 -0.16725 -4.56921e-02
 10 -0.54076  7.40724e-03 | 11 -0.61259  1.99557e-03 | 12 -0.14286  1.99137e-01
 13 -0.00979  1.89784e-04 | 14 -0.01000  3.03331e-04 | 15 -0.01020  7.44236e-04
 16 -0.01040  6.32538e-04 | 17 -0.01059  5.98277e-04 | 18 -0.01078  4.52181e-04
 19 -0.01096  5.85436e-04 | 20 -0.01113  4.53250e-04 | 21 -0.01129  1.89267e-04
 22 -0.01144  5.83855e-04 | 23 -0.01158  2.52010e-04 | 24 -0.01170  1.12972e-04
 25 -0.01180  4.46259e-04 | 26 -0.01189 -8.33638e-05 | 27 -0.01196 -1.57926e-04
 28 -0.01201  5.52717e-05 | 29 -0.01203  4.68476e-05 | 30 -0.01203  3.90497e-04
 31 -0.01201  4.24650e-04 | 32 -0.01196  2.46763e-04 | 33 -0.01188 -1.97573e-04
 34 -0.01177  2.62265e-04 | 35 -0.01163 -1.07712e-04 | 36 -0.01145  1.32979e-04
 37 -0.01124  1.24184e-04 | 38 -0.01098  4.22438e-04 | 39 -0.01069  8.14905e-05
 40 -0.01035  1.70583e-04 | 41 -0.00997  7.92262e-05 | 42 -0.00955  1.12256e-04
 43 -0.00909 -1.38762e-04 | 44 -0.00860  1.46320e-04 | 45 -0.00808  1.96181e-04
 46 -0.00754  2.98551e-04 | 47 -0.00699 -1.78491e-05 | 48 -0.00643  3.35785e-04
 49 -0.00589  1.18179e-04 | 50 -0.00538 -8.66646e-06 | 51 -0.00489  2.36391e-04
 52 -0.00445 -3.21561e-06 | 53 -0.00406  1.30426e-04 | 54 -0.00371 -1.27504e-04
 55 -0.00341  3.03795e-04 | 56 -0.00314  2.93033e-04 | 57 -0.00288 -2.28714e-04
 58 -0.00260  4.26724e-04 | 59 -0.00229  3.95508e-04 | 60 -0.00189  2.34930e-04
 61 -0.00139  2.12729e-04 | 62 -0.00074  6.66369e-04 | 63  0.00010  8.81584e-04
 64  0.00115  9.52806e-04 | 65  0.00245  6.49883e-04 | 66  0.00404  5.17152e-04
 67  0.00595  3.97888e-04 | 68  0.00820  6.00480e-04 | 69  0.01081  7.77545e-04
 70  0.01375  8.19919e-04 | 71  0.01702  8.08297e-04 | 72  0.02053  4.86177e-04
 73  0.02420  9.25676e-04 | 74  0.02784  5.65808e-04 | 75  0.03124  6.96989e-04
 76  0.03414  4.59748e-04 | 77  0.03629  8.67678e-04 | 78  0.03753  8.09489e-04
 79  0.03781  1.20715e-03 | 80  0.03722  1.57525e-03 | 81  0.03587  1.15189e-03
 82  0.03386  9.17721e-04 | 83  0.03115  4.33591e-04 | 84  0.02770  7.72215e-04
 85  0.02350  5.82509e-04 | 86  0.01874  8.64851e-04 | 87  0.01383  1.02716e-03
 88  0.00928  1.07343e-03 | 89  0.00555  7.57198e-04 | 90  0.00289  7.94849e-04
 91  0.00125  6.09373e-04 | 92  0.00041  8.42670e-04 | 93  0.00016  1.01258e-03
 94  0.00045  3.58901e-04 | 95  0.00144  5.55389e-04 | 96  0.00313  1.64520e-03
 97  0.00518  1.12460e-03 | 98  0.00747  1.10047e-03 | 99  0.01227  2.40603e-03
100  0.02972  6.46115e-03 |101  0.00456  1.33797e-03 |102 -0.00479  4.28965e-03
103 -0.03182  1.01407e-02 |104  0.02030  2.44622e-03 |105  0.01510  5.95563e-03
106 -0.01050  1.54379e-02 |107  0.02210  1.50931e-03 |108  0.01785  4.97547e-03
109  0.01125  1.51294e-02 |110  0.00739  6.49747e-04 |111  0.00952  2.15544e-03
112  0.05918  1.73945e-02 |113  0.00039  1.90958e-03 |114  0.02187  5.29708e-03
115  0.00978  4.53294e-03 |116 -0.03331  3.22827e-03 |117 -0.05170  5.60522e-03
118 -0.05213  3.14347e-03 |119 -0.03712 -3.41334e-04 |120 -0.00783  1.48045e-03
121  0.01305  4.00525e-03 |122  0.00464  2.18910e-03 |123 -0.04508  2.45649e-03
124  0.01690 -7.73722e-04 |125  0.02124 -2.63240e-04 |126  0.00826 -1.31493e-03
127  0.01500 -2.88786e-04 |128  0.05444 -3.33049e-04 |129  0.05764 -1.20902e-03
130  0.01752  6.28382e-04 |131  0.04042  1.03340e-04 |132 -0.01283 -3.91556e-04
133  0.03320  1.12254e-03 |134 -0.03532  1.18496e-03 |135  0.03973  1.38399e-04
136  0.00934 -6.93925e-04 |137 -0.03262 -5.05688e-04 |138  0.01173 -4.43443e-04
139  0.00133  3.44168e-04 |140 -0.00038 -1.87546e-04 |141  0.01292  3.77015e-04
142 -0.01885 -8.28099e-04 |143  0.00540  3.54998e-04 |144 -0.00697 -5.57999e-04
145  1.02627  9.51163e-03 |146  1.00434  3.11744e-03 |147  0.08423  7.67529e-04
148  0.29981 -3.05959e-03 |149  0.01669  5.46997e-04 |150 -0.11350  9.31246e-04
151 -1.01906 -1.12217e-04 |152  0.49736  1.04651e-05 |153  0.09940  2.66743e-05
154 -0.24261  8.32012e-04 |155  0.22135  2.34994e-03 |156  0.26494 -1.82234e-03
157  0.21018  6.64006e-04 |158  0.25924 -8.79898e-04 |159 -0.00415  8.02941e-04
160 -0.09584  1.47250e-03 |161  0.14737  6.16137e-04 |162  0.29990 -1.20735e-03
163  0.20197 -6.79851e-04 |164  0.25073 -9.43987e-04 |165 -0.40111  9.14157e-02
166  0.09195  5.86504e-03 |167 -0.11247  2.31606e-02 |168 -0.50968  1.39168e-02
169  0.16910  8.06622e-03 |170 -0.18003 -9.12884e-04 |171 -0.20339  4.51755e-04
172 -0.53193 -1.10910e-04 |173 -0.57331 -1.35775e-01 |174  0.44691 -2.44983e-05
175 -0.80300 -3.87665e-05 |176 -0.80750  8.01696e-05 |177  0.07938 -1.73473e-03
178  0.14668  2.68212e-04 |179  0.32253 -2.11960e-03 |180  0.27263 -2.55292e-04
181 -0.01858 -2.21633e-03 |182  0.01201  7.01223e-04 |183 -0.13038 -3.94811e-04
184 -0.12152 -6.68686e-04 |185  0.04927  9.23492e-04 |186  0.37208  6.14699e-04
187  0.00750  1.84657e-04 |188 -0.14455  5.44423e-04 |189  0.11378  5.62384e-03
190  0.18537  4.07920e-03 |191  0.22026 -3.34628e-03 |192  0.25634 -3.69997e-03
193  0.02668  3.73971e-03 |194  0.00182 -5.19333e-04 |195 -0.17411  3.60132e-04
196 -0.11025  4.94721e-03 |197 -1.39057 -2.08660e-01 |198  0.37807  9.12631e-05
199 -0.10863  1.09755e-01 |200 -0.80328 -1.62967e-03 |
200 variables; iteration 560; function evaluation 712; phase 4
Function value 5.1725903e+03; maximum gradient component mag 9.4424e-02
Var    Value     Gradient |Var    Value     Gradient |Var    Value     Gradient
  1 -0.42193 -2.88172e-03 |  2  0.60300 -3.34496e-02 |  3 -0.06972 -2.73052e-03
  4 -0.23379 -9.06989e-03 |  5 -0.69267  1.79926e-03 |  6 -0.58273  7.14669e-04
  7  0.57790 -3.33454e-02 |  8 -0.16060 -5.09417e-03 |  9 -0.16725 -1.08989e-02
 10 -0.54076  2.06692e-03 | 11 -0.61259  3.47742e-05 | 12 -0.14287  5.91643e-02
 13 -0.00979  7.30572e-05 | 14 -0.01000  1.24212e-04 | 15 -0.01020  2.02660e-04
 16 -0.01040  1.38860e-04 | 17 -0.01060  1.56067e-05 | 18 -0.01078  3.03915e-04
 19 -0.01096  2.04287e-04 | 20 -0.01113  2.12653e-04 | 21 -0.01129  3.33055e-04
 22 -0.01144  2.86322e-05 | 23 -0.01158  2.39760e-04 | 24 -0.01170  1.22166e-04
 25 -0.01180 -2.35135e-04 | 26 -0.01189 -9.59981e-05 | 27 -0.01196 -3.79048e-05
 28 -0.01200  2.03092e-04 | 29 -0.01203 -1.43780e-05 | 30 -0.01203  7.94136e-05
 31 -0.01201 -3.25188e-05 | 32 -0.01196  1.06379e-04 | 33 -0.01188  2.56156e-04
 34 -0.01177  4.07716e-04 | 35 -0.01163  2.31121e-04 | 36 -0.01145 -1.99508e-04
 37 -0.01124 -1.37742e-04 | 38 -0.01098 -2.62065e-04 | 39 -0.01068 -4.13179e-05
 40 -0.01034  5.25604e-05 | 41 -0.00997 -2.25416e-04 | 42 -0.00955 -1.39838e-04
 43 -0.00909 -1.84506e-04 | 44 -0.00860 -8.71175e-05 | 45 -0.00808 -1.40768e-04
 46 -0.00754 -2.14096e-06 | 47 -0.00699  1.17203e-04 | 48 -0.00643  4.70910e-05
 49 -0.00589  3.48549e-04 | 50 -0.00537  3.30231e-04 | 51 -0.00489  6.74393e-05
 52 -0.00445 -2.60385e-04 | 53 -0.00406 -3.33023e-04 | 54 -0.00371 -2.75115e-04
 55 -0.00341 -2.13110e-05 | 56 -0.00314  3.58323e-04 | 57 -0.00288  2.94487e-04
 58 -0.00260  2.08585e-04 | 59 -0.00229 -1.63900e-05 | 60 -0.00189 -1.84535e-04
 61 -0.00139 -1.50646e-04 | 62 -0.00074  5.00619e-04 | 63  0.00010  4.46976e-04
 64  0.00115  2.58398e-04 | 65  0.00245  2.86741e-04 | 66  0.00404 -3.50509e-05
 67  0.00595 -2.06243e-04 | 68  0.00821  7.56463e-04 | 69  0.01081  5.53937e-04
 70  0.01375  1.90088e-04 | 71  0.01702  3.54920e-04 | 72  0.02054 -1.89362e-04
 73  0.02420  3.24653e-04 | 74  0.02784  1.01852e-04 | 75  0.03124 -9.45292e-06
 76  0.03414  2.04764e-04 | 77  0.03629  4.47386e-04 | 78  0.03753  2.25983e-05
 79  0.03781  4.57158e-04 | 80  0.03722  5.92736e-04 | 81  0.03588  3.87053e-04
 82  0.03386  4.06370e-04 | 83  0.03115  7.74350e-05 | 84  0.02770  5.58282e-05
 85  0.02350 -3.04329e-04 | 86  0.01874  2.63517e-05 | 87  0.01383  5.05456e-04
 88  0.00928  5.23036e-04 | 89  0.00555  1.05065e-04 | 90  0.00289  3.26556e-05
 91  0.00125  2.29885e-04 | 92  0.00041  2.59780e-04 | 93  0.00016  2.96393e-04
 94  0.00046 -2.39190e-04 | 95  0.00144 -4.38346e-04 | 96  0.00313  5.92158e-04
 97  0.00518  4.37087e-04 | 98  0.00747  4.56377e-04 | 99  0.01227  9.09227e-04
100  0.02972  1.59327e-03 |101  0.00456 -3.12715e-04 |102 -0.00479  8.42296e-04
103 -0.03182  2.47938e-03 |104  0.02031  6.26767e-04 |105  0.01510  9.45228e-04
106 -0.01050  3.64374e-03 |107  0.02211  4.74524e-04 |108  0.01785  1.49843e-03
109  0.01125  4.22702e-03 |110  0.00738  1.28873e-03 |111  0.00952  1.34409e-03
112  0.05917  4.78160e-03 |113  0.00038  3.49276e-04 |114  0.02186  1.17403e-03
115  0.00982  9.32173e-04 |116 -0.03331  7.27615e-04 |117 -0.05168  1.79607e-03
118 -0.05213  8.25771e-04 |119 -0.03715  3.33549e-04 |120 -0.00790  9.68775e-04
121  0.01307  8.50268e-04 |122  0.00467 -3.44080e-04 |123 -0.04509  3.11169e-04
124  0.01686  9.06940e-05 |125  0.02125  2.94934e-04 |126  0.00826 -8.05639e-04
127  0.01499 -5.32534e-05 |128  0.05444 -8.27566e-05 |129  0.05763 -1.19743e-03
130  0.01751  5.80302e-05 |131  0.04042  1.30303e-06 |132 -0.01283 -4.63782e-04
133  0.03320  2.81881e-04 |134 -0.03532  6.58392e-04 |135  0.03973  1.05939e-03
136  0.00934  1.49647e-04 |137 -0.03262 -2.68267e-04 |138  0.01172  6.32574e-05
139  0.00133  1.72899e-04 |140 -0.00039 -3.51724e-04 |141  0.01292  3.94205e-04
142 -0.01885 -7.02003e-04 |143  0.00540  2.18475e-04 |144 -0.00697 -4.40236e-04
145  1.01579  6.66691e-03 |146  1.00086  5.28888e-04 |147  0.08423 -1.09439e-05
148  0.29981 -5.96687e-04 |149  0.01669  2.13703e-04 |150 -0.11350  1.19771e-04
151 -1.01905 -6.99989e-05 |152  0.49731  7.37723e-06 |153  0.09940 -8.07332e-04
154 -0.24261  6.95023e-04 |155  0.22135 -1.44789e-04 |156  0.26494 -1.70928e-04
157  0.21018  3.86212e-04 |158  0.25925  1.08678e-04 |159 -0.00415  5.00046e-04
160 -0.09584  6.05021e-04 |161  0.14737 -7.39816e-05 |162  0.29990  2.74482e-04
163  0.20197 -9.44735e-04 |164  0.25073 -1.38923e-04 |165 -0.40283  1.93988e-02
166  0.09124  2.00233e-03 |167 -0.10695  8.83513e-03 |168 -0.50680  1.42954e-02
169  0.14679 -1.29322e-03 |170 -0.06877 -2.39207e-06 |171 -0.15668 -2.40566e-04
172 -0.53049  3.58199e-06 |173 -0.57331  9.44239e-02 |174  0.44765  1.57771e-05
175 -0.80421 -3.03587e-04 |176 -0.80762  5.56654e-05 |177  0.07938 -6.76290e-04
178  0.14668  1.69885e-05 |179  0.32253 -9.36661e-04 |180  0.27263 -2.56158e-06
181 -0.01858 -6.62968e-04 |182  0.01201  5.02744e-04 |183 -0.13038 -1.28066e-03
184 -0.12152 -8.85903e-04 |185  0.04926  8.91917e-05 |186  0.37208  2.80677e-04
187  0.00751 -4.10955e-05 |188 -0.14455  3.63935e-04 |189  0.11378  1.17630e-03
190  0.18537  1.42580e-03 |191  0.22026 -5.64940e-04 |192  0.25634 -1.42576e-04
193  0.02668  3.31797e-04 |194  0.00182  3.88589e-04 |195 -0.17411 -7.48117e-04
196 -0.11025  2.11909e-03 |197 -1.39197 -5.25990e-02 |198  0.37898  3.46463e-05
199 -0.11153  2.85097e-02 |200 -0.79161  3.04094e-04 |
200 variables; iteration 580; function evaluation 732; phase 4
Function value 5.1725903e+03; maximum gradient component mag -4.3978e-01
Var    Value     Gradient |Var    Value     Gradient |Var    Value     Gradient
  1 -0.42193 -3.59970e-03 |  2  0.60305  5.34534e-02 |  3 -0.06972 -1.24075e-02
  4 -0.23383 -8.27576e-03 |  5 -0.69268 -6.43486e-03 |  6 -0.58272 -1.54948e-03
  7  0.57795  5.29844e-02 |  8 -0.16060 -2.15026e-03 |  9 -0.16729  6.51755e-04
 10 -0.54078 -6.83361e-03 | 11 -0.61259  8.45256e-03 | 12 -0.14289  1.99225e-01
 13 -0.00979  1.56463e-05 | 14 -0.01000 -1.23139e-04 | 15 -0.01020 -7.64499e-04
 16 -0.01040 -1.23778e-04 | 17 -0.01059  7.51762e-04 | 18 -0.01078 -4.27351e-04
 19 -0.01096 -6.23144e-04 | 20 -0.01114 -7.84912e-04 | 21 -0.01130 -1.25874e-03
 22 -0.01144 -5.50795e-04 | 23 -0.01158 -1.85318e-03 | 24 -0.01170 -8.04156e-04
 25 -0.01180  1.53077e-03 | 26 -0.01188  1.18684e-03 | 27 -0.01195  1.43718e-03
 28 -0.01201 -9.15118e-04 | 29 -0.01203 -3.59216e-05 | 30 -0.01203  3.91137e-04
 31 -0.01200  8.79656e-04 | 32 -0.01195  5.77344e-04 | 33 -0.01188 -6.93539e-04
 34 -0.01178 -2.97643e-03 | 35 -0.01163 -1.14270e-03 | 36 -0.01144  1.83493e-03
 37 -0.01123  2.00210e-03 | 38 -0.01097  2.43877e-03 | 39 -0.01068  1.33570e-03
 40 -0.01034  2.36850e-04 | 41 -0.00996  2.24830e-03 | 42 -0.00954  1.81047e-03
 43 -0.00908  1.94615e-03 | 44 -0.00859  1.75364e-03 | 45 -0.00807  2.22216e-03
 46 -0.00753  8.82969e-04 | 47 -0.00699 -6.21703e-04 | 48 -0.00643  6.81987e-04
 49 -0.00590 -1.54923e-03 | 50 -0.00538 -2.15298e-03 | 51 -0.00489  7.95062e-05
 52 -0.00444  2.71052e-03 | 53 -0.00404  4.15561e-03 | 54 -0.00370  3.05054e-03
 55 -0.00341  1.42815e-03 | 56 -0.00315 -1.74942e-03 | 57 -0.00289 -2.04862e-03
 58 -0.00261 -2.94202e-04 | 59 -0.00228  1.90091e-03 | 60 -0.00188  3.19839e-03
 61 -0.00137  2.97087e-03 | 62 -0.00075 -2.39691e-03 | 63  0.00009 -1.72305e-03
 64  0.00115  1.36794e-04 | 65  0.00245 -2.61481e-04 | 66  0.00405  1.76757e-03
 67  0.00597  2.95862e-03 | 68  0.00818 -4.76994e-03 | 69  0.01080 -2.29882e-03
 70  0.01376  2.76471e-04 | 71  0.01702 -7.95086e-04 | 72  0.02055  3.14153e-03
 73  0.02420 -6.69880e-04 | 74  0.02785  1.09401e-03 | 75  0.03125  1.77539e-03
 76  0.03414  3.46831e-04 | 77  0.03629 -8.98702e-04 | 78  0.03754  1.89670e-03
 79  0.03781 -9.48020e-04 | 80  0.03721 -1.85844e-03 | 81  0.03587 -2.85339e-04
 82  0.03386 -7.69750e-04 | 83  0.03116  1.21307e-03 | 84  0.02771  1.53786e-03
 85  0.02352  4.00436e-03 | 86  0.01875  1.90918e-03 | 87  0.01383 -1.50781e-03
 88  0.00927 -2.04415e-03 | 89  0.00556  3.19638e-04 | 90  0.00290  1.66204e-03
 91  0.00125 -1.42972e-04 | 92  0.00041 -5.08038e-04 | 93  0.00016 -6.67443e-04
 94  0.00047  3.01462e-03 | 95  0.00146  3.94714e-03 | 96  0.00312 -2.67768e-03
 97  0.00518 -1.81184e-03 | 98  0.00747 -4.77500e-04 | 99  0.01226 -3.03130e-03
100  0.02971 -2.99928e-03 |101  0.00459  5.00430e-03 |102 -0.00478  2.55021e-04
103 -0.03184 -5.12916e-03 |104  0.02030 -9.21608e-04 |105  0.01512  1.50889e-03
106 -0.01051 -6.29923e-03 |107  0.02211 -3.37890e-04 |108  0.01785 -2.48373e-03
109  0.01124 -8.71583e-03 |110  0.00737 -5.75659e-03 |111  0.00952 -1.92352e-03
112  0.05917 -3.34119e-03 |113  0.00040  1.43706e-02 |114  0.02186  2.45172e-02
115  0.00981  2.01594e-02 |116 -0.03330  1.24993e-02 |117 -0.05169  1.27702e-02
118 -0.05213  1.52453e-02 |119 -0.03714  1.25297e-02 |120 -0.00788  2.44232e-02
121  0.01307  2.45355e-02 |122  0.00466  1.69580e-02 |123 -0.04509  1.34326e-02
124  0.01686  1.88681e-02 |125  0.02124 -1.49436e-03 |126  0.00827  5.95234e-03
127  0.01499  4.24700e-04 |128  0.05443  1.04008e-03 |129  0.05765  7.92021e-03
130  0.01751  6.13577e-04 |131  0.04042  6.15832e-04 |132 -0.01282  3.47030e-03
133  0.03320 -1.33698e-03 |134 -0.03533 -4.39783e-03 |135  0.03972 -7.45414e-03
136  0.00934 -8.63803e-04 |137 -0.03262  1.54363e-03 |138  0.01172 -1.16947e-03
139  0.00132 -1.24102e-03 |140 -0.00038  3.05317e-03 |141  0.01291 -2.65249e-03
142 -0.01884  4.91327e-03 |143  0.00539 -1.25812e-03 |144 -0.00697  2.86236e-03
145  1.02374  2.64343e-03 |146  1.00140  1.16331e-03 |147  0.08424 -5.85694e-04
148  0.29981  2.78508e-03 |149  0.01669 -1.10183e-03 |150 -0.11350 -4.52118e-04
151 -1.01898  5.91422e-04 |152  0.49682 -2.17857e-05 |153  0.09939  5.50854e-03
154 -0.24263 -3.61906e-03 |155  0.22136  1.07853e-03 |156  0.26494  1.50259e-03
157  0.21019 -1.60105e-03 |158  0.25925 -1.07405e-03 |159 -0.00416 -3.70587e-03
160 -0.09583 -2.95423e-03 |161  0.14738  7.00860e-04 |162  0.29990 -2.07181e-03
163  0.20198  4.58672e-03 |164  0.25074  2.12784e-03 |165 -0.40345  2.66034e-01
166  0.09052  3.63183e-02 |167 -0.10331  8.91271e-02 |168 -0.51895  1.26757e-02
169  0.15049  2.38250e-04 |170 -0.05328  3.07869e-04 |171 -0.15976  3.20132e-04
172 -0.53536 -3.73140e-04 |173 -0.57331 -4.39780e-01 |174  0.44538 -1.07925e-04
175 -0.80035  4.54907e-04 |176 -0.80570  4.28466e-04 |177  0.07939  3.58345e-03
178  0.14669  5.27370e-06 |179  0.32253  2.40615e-03 |180  0.27264 -1.18421e-04
181 -0.01859  3.31109e-03 |182  0.01200 -3.51630e-03 |183 -0.13036  9.20321e-03
184 -0.12151  5.11838e-03 |185  0.04927 -1.40019e-04 |186  0.37208 -1.25715e-03
187  0.00750  2.99910e-04 |188 -0.14455 -2.37923e-03 |189  0.11379 -2.61315e-03
190  0.18538 -8.72252e-03 |191  0.22026  1.24372e-03 |192  0.25634  1.84927e-03
193  0.02668  2.68590e-04 |194  0.00182 -6.08910e-03 |195 -0.17410  5.42425e-03
196 -0.11025 -1.32404e-02 |197 -1.39252  7.67954e-02 |198  0.37381 -2.71209e-04
199 -0.11259 -3.31668e-02 |200 -0.79373 -1.01264e-04 |
200 variables; iteration 600; function evaluation 753; phase 4
Function value 5.1725902e+03; maximum gradient component mag 6.0154e-01
Var    Value     Gradient |Var    Value     Gradient |Var    Value     Gradient
  1 -0.42193 -2.38968e-03 |  2  0.60296 -5.78136e-02 |  3 -0.06973 -4.98957e-03
  4 -0.23376 -2.17653e-03 |  5 -0.69265  5.34790e-03 |  6 -0.58274  8.18227e-04
  7  0.57787 -5.90587e-02 |  8 -0.16060 -6.13974e-03 |  9 -0.16722 -8.34039e-03
 10 -0.54075  3.18077e-03 | 11 -0.61260  1.26521e-03 | 12 -0.14285 -3.41363e-02
 13 -0.00979 -5.01499e-04 | 14 -0.01000 -8.46668e-04 | 15 -0.01021 -1.02904e-03
 16 -0.01041 -1.07421e-03 | 17 -0.01060 -6.49350e-04 | 18 -0.01079 -2.77511e-03
 19 -0.01097 -1.11214e-03 | 20 -0.01114 -8.29891e-04 | 21 -0.01130 -1.75150e-03
 22 -0.01144  1.02466e-03 | 23 -0.01157  5.64611e-04 | 24 -0.01170  2.26443e-04
 25 -0.01180  1.63455e-03 | 26 -0.01189  3.07232e-04 | 27 -0.01196 -9.54587e-04
 28 -0.01201 -2.90440e-04 | 29 -0.01203  1.07539e-03 | 30 -0.01203 -3.92387e-04
 31 -0.01201  1.09812e-04 | 32 -0.01196 -1.30461e-03 | 33 -0.01188 -1.47231e-03
 34 -0.01177  2.37981e-04 | 35 -0.01163 -3.80023e-04 | 36 -0.01145  6.71626e-04
 37 -0.01124 -5.31476e-05 | 38 -0.01098  5.63995e-04 | 39 -0.01068 -2.64245e-04
 40 -0.01035 -1.47339e-04 | 41 -0.00996  5.09389e-04 | 42 -0.00954  1.61700e-04
 43 -0.00909  4.88758e-04 | 44 -0.00860 -4.77259e-04 | 45 -0.00808 -5.38189e-04
 46 -0.00754 -3.40738e-04 | 47 -0.00698  5.60518e-04 | 48 -0.00644 -3.28108e-04
 49 -0.00590 -8.11356e-04 | 50 -0.00537  3.03476e-04 | 51 -0.00489  4.77802e-04
 52 -0.00444  8.08831e-04 | 53 -0.00406 -3.29970e-04 | 54 -0.00371  6.62723e-04
 55 -0.00341 -3.57918e-04 | 56 -0.00314 -2.55850e-04 | 57 -0.00288  1.02753e-03
 58 -0.00261 -3.78662e-04 | 59 -0.00229 -9.11913e-04 | 60 -0.00189 -2.75252e-04
 61 -0.00139 -3.57217e-04 | 62 -0.00074 -5.13899e-04 | 63  0.00009 -8.04325e-04
 64  0.00114 -1.05316e-03 | 65  0.00245 -8.61970e-04 | 66  0.00404  2.15762e-04
 67  0.00596  4.40204e-04 | 68  0.00820 -4.07064e-04 | 69  0.01080 -1.05612e-03
 70  0.01375 -1.12247e-04 | 71  0.01702 -3.88928e-04 | 72  0.02054 -9.99259e-05
 73  0.02420 -4.35183e-05 | 74  0.02784  6.23220e-05 | 75  0.03124  7.26715e-04
 76  0.03414 -1.35728e-04 | 77  0.03629 -9.17081e-04 | 78  0.03753  2.15024e-04
 79  0.03781 -9.54687e-04 | 80  0.03721 -1.31958e-03 | 81  0.03587 -1.09974e-03
 82  0.03386 -3.31486e-04 | 83  0.03116  6.63684e-04 | 84  0.02770 -1.13490e-04
 85  0.02350  2.66870e-04 | 86  0.01874 -4.60268e-04 | 87  0.01382 -1.57101e-03
 88  0.00928 -9.52238e-04 | 89  0.00556  4.33817e-04 | 90  0.00288 -9.31603e-04
 91  0.00125 -9.23976e-04 | 92  0.00041 -9.33244e-04 | 93  0.00015 -1.86903e-03
 94  0.00046 -1.27751e-03 | 95  0.00144 -5.32664e-04 | 96  0.00312 -2.95418e-03
 97  0.00518 -1.58011e-03 | 98  0.00746 -2.46295e-03 | 99  0.01227 -3.31515e-05
100  0.02972  2.98885e-03 |101  0.00457  6.10221e-04 |102 -0.00479  2.44311e-04
103 -0.03182  4.25479e-03 |104  0.02030 -7.42555e-04 |105  0.01510  2.69048e-03
106 -0.01049  8.69017e-03 |107  0.02211  1.11911e-03 |108  0.01785  2.64884e-03
109  0.01126  1.07794e-02 |110  0.00738  3.19309e-04 |111  0.00953  3.84616e-03
112  0.05917  8.32992e-03 |113  0.00036 -2.72947e-03 |114  0.02183 -4.40190e-03
115  0.00989 -5.85425e-04 |116 -0.03329 -2.80348e-03 |117 -0.05163 -6.17031e-03
118 -0.05211 -3.79962e-03 |119 -0.03718 -2.97894e-03 |120 -0.00796 -7.79712e-03
121  0.01312 -7.16111e-03 |122  0.00469 -8.59028e-04 |123 -0.04509 -3.64158e-03
124  0.01679 -4.23216e-03 |125  0.02128  8.62694e-04 |126  0.00827  1.75311e-03
127  0.01500  7.09543e-04 |128  0.05444  5.55938e-04 |129  0.05764  2.77879e-03
130  0.01751 -1.09404e-03 |131  0.04042  9.73619e-05 |132 -0.01283 -1.66725e-05
133  0.03319 -2.09846e-03 |134 -0.03532 -1.77983e-03 |135  0.03973 -9.07634e-04
136  0.00933  5.75006e-04 |137 -0.03262  2.86553e-04 |138  0.01172  3.65198e-04
139  0.00133 -4.87360e-04 |140 -0.00038 -3.66852e-04 |141  0.01292  2.62754e-04
142 -0.01885  1.64527e-03 |143  0.00540 -1.39372e-05 |144 -0.00697  7.44101e-04
145  1.01567  9.17510e-03 |146  0.99958  5.98462e-05 |147  0.08422  1.93315e-03
148  0.29981  1.14386e-03 |149  0.01669  1.08809e-03 |150 -0.11350  4.13747e-05
151 -1.01908 -3.08314e-04 |152  0.49769  3.04395e-05 |153  0.09941  4.74935e-03
154 -0.24263 -1.14113e-03 |155  0.22134 -1.53990e-03 |156  0.26493 -2.41554e-03
157  0.21018 -2.04079e-03 |158  0.25925 -4.24752e-04 |159 -0.00415 -2.56877e-03
160 -0.09584 -3.39442e-03 |161  0.14735 -4.17278e-04 |162  0.29990 -2.15887e-03
163  0.20197  2.70005e-03 |164  0.25074 -6.24046e-04 |165 -0.40591 -1.05350e-01
166  0.09024 -1.26658e-02 |167 -0.09650 -2.02472e-02 |168 -0.53170  5.66823e-03
169  0.14710 -6.69535e-04 |170 -0.06951 -1.10063e-04 |171 -0.15668 -1.76357e-04
172 -0.52511  4.58953e-04 |173 -0.57331  6.01542e-01 |174  0.44952  1.14073e-04
175 -0.80641 -8.09416e-04 |176 -0.81161 -7.01213e-04 |177  0.07937  5.56069e-03
178  0.14668  1.17478e-03 |179  0.32253  4.63827e-03 |180  0.27264 -3.21745e-04
181 -0.01855  6.63517e-03 |182  0.01201 -1.57721e-03 |183 -0.13038  4.85688e-03
184 -0.12152  3.64253e-03 |185  0.04925 -2.07415e-03 |186  0.37208 -1.93566e-03
187  0.00752 -7.55411e-05 |188 -0.14455 -4.32258e-04 |189  0.11378 -1.02020e-03
190  0.18536  1.65499e-06 |191  0.22026  3.17895e-03 |192  0.25634 -3.26568e-03
193  0.02667  2.53858e-03 |194  0.00182  8.93287e-03 |195 -0.17411  5.23686e-03
196 -0.11026  1.18280e-03 |197 -1.39485 -1.17669e-01 |198  0.38507  2.20221e-04
199 -0.11795  5.20104e-02 |200 -0.80542 -1.99757e-03 |
200 variables; iteration 620; function evaluation 777; phase 4
Function value 5.1725899e+03; maximum gradient component mag 1.1476e-01
Var    Value     Gradient |Var    Value     Gradient |Var    Value     Gradient
  1 -0.42193  1.54609e-04 |  2  0.60302  4.94928e-02 |  3 -0.06972  5.89846e-03
  4 -0.23380  1.36143e-02 |  5 -0.69267 -2.67654e-03 |  6 -0.58273 -7.28924e-04
  7  0.57791  4.88223e-02 |  8 -0.16060  7.94255e-03 |  9 -0.16726  1.46287e-02
 10 -0.54076 -2.88934e-03 | 11 -0.61259 -8.74519e-04 | 12 -0.14287 -5.02476e-02
 13 -0.00979 -8.76543e-05 | 14 -0.01000 -7.96554e-05 | 15 -0.01020 -4.72899e-05
 16 -0.01040 -1.00608e-04 | 17 -0.01060 -1.01099e-04 | 18 -0.01078 -1.60093e-04
 19 -0.01096 -1.03203e-04 | 20 -0.01113 -8.67228e-05 | 21 -0.01129 -1.42149e-04
 22 -0.01144 -6.61446e-06 | 23 -0.01158  5.10085e-05 | 24 -0.01170 -5.90230e-05
 25 -0.01180 -8.70968e-05 | 26 -0.01189 -1.47214e-04 | 27 -0.01196 -2.06428e-04
 28 -0.01201 -7.57774e-05 | 29 -0.01203 -5.44153e-05 | 30 -0.01203 -7.25084e-05
 31 -0.01201 -1.37769e-04 | 32 -0.01196 -2.08773e-04 | 33 -0.01188 -1.72219e-04
 34 -0.01177  3.72527e-05 | 35 -0.01163 -4.32556e-05 | 36 -0.01145 -1.73297e-04
 37 -0.01124 -1.39138e-04 | 38 -0.01098 -1.00294e-04 | 39 -0.01068 -1.21937e-04
 40 -0.01034  8.00301e-06 | 41 -0.00997 -1.01897e-04 | 42 -0.00955 -9.87757e-05
 43 -0.00909 -8.90668e-05 | 44 -0.00860 -1.59942e-04 | 45 -0.00808 -2.20437e-04
 46 -0.00754 -7.07411e-05 | 47 -0.00699 -3.18244e-05 | 48 -0.00643 -1.61997e-04
 49 -0.00589 -8.53908e-05 | 50 -0.00537  1.98204e-05 | 51 -0.00489 -4.96482e-05
 52 -0.00445 -1.41950e-04 | 53 -0.00405 -2.58831e-04 | 54 -0.00371 -1.79336e-04
 55 -0.00341 -1.19447e-04 | 56 -0.00314  1.11657e-05 | 57 -0.00288  2.13091e-05
 58 -0.00260 -6.78118e-05 | 59 -0.00228 -2.07434e-04 | 60 -0.00189 -3.12625e-04
 61 -0.00139 -3.20907e-04 | 62 -0.00074 -4.43008e-05 | 63  0.00009 -1.41672e-04
 64  0.00114 -2.54355e-04 | 65  0.00245 -2.04158e-04 | 66  0.00404 -1.63448e-04
 67  0.00595 -2.00089e-04 | 68  0.00821  6.10551e-05 | 69  0.01081 -1.35554e-04
 70  0.01375 -1.84021e-04 | 71  0.01702 -1.60171e-04 | 72  0.02054 -2.44611e-04
 73  0.02420 -1.10123e-04 | 74  0.02784 -1.32702e-04 | 75  0.03124 -1.19616e-04
 76  0.03414 -9.93285e-05 | 77  0.03629 -1.43598e-04 | 78  0.03753 -1.50530e-04
 79  0.03781 -1.82955e-04 | 80  0.03722 -2.21260e-04 | 81  0.03588 -1.66515e-04
 82  0.03386 -8.44547e-05 | 83  0.03116 -1.82290e-05 | 84  0.02770 -1.43502e-04
 85  0.02350 -1.73238e-04 | 86  0.01874 -1.54943e-04 | 87  0.01383 -1.35693e-04
 88  0.00928 -9.25435e-05 | 89  0.00556 -2.71033e-05 | 90  0.00289 -2.52040e-04
 91  0.00125 -1.82885e-04 | 92  0.00041 -1.95560e-04 | 93  0.00016 -1.65397e-04
 94  0.00046 -3.24936e-04 | 95  0.00144 -3.33566e-04 | 96  0.00313 -4.84355e-04
 97  0.00518 -3.91009e-04 | 98  0.00747 -5.39133e-04 | 99  0.01227 -8.58197e-04
100  0.02972 -2.53531e-03 |101  0.00456 -5.98003e-04 |102 -0.00479 -1.56608e-03
103 -0.03182 -3.72567e-03 |104  0.02030 -7.33942e-04 |105  0.01510 -2.12098e-03
106 -0.01050 -5.69219e-03 |107  0.02211 -4.20379e-04 |108  0.01785 -1.80290e-03
109  0.01125 -5.86047e-03 |110  0.00739 -9.38927e-05 |111  0.00952 -8.95394e-04
112  0.05917 -6.11837e-03 |113  0.00038  3.07301e-04 |114  0.02182  6.46850e-04
115  0.00980  1.13519e-03 |116 -0.03328  3.63176e-04 |117 -0.05165  1.88881e-04
118 -0.05211 -3.47655e-05 |119 -0.03715 -4.94452e-05 |120 -0.00785 -1.85459e-04
121  0.01307  7.81630e-05 |122  0.00462  4.99586e-04 |123 -0.04510  3.02969e-04
124  0.01686 -1.72677e-04 |125  0.02125  1.07912e-04 |126  0.00826  8.59281e-05
127  0.01499  9.28998e-05 |128  0.05444  3.44061e-05 |129  0.05763  2.45120e-04
130  0.01751 -8.46515e-05 |131  0.04042 -1.40252e-04 |132 -0.01283 -1.86053e-04
133  0.03319 -3.29104e-04 |134 -0.03532 -1.46629e-04 |135  0.03973 -1.98219e-04
136  0.00933 -6.71183e-05 |137 -0.03262  5.03713e-05 |138  0.01172 -5.35993e-05
139  0.00133 -1.05769e-04 |140 -0.00039 -1.33953e-04 |141  0.01291  8.73621e-05
142 -0.01885  1.32823e-04 |143  0.00540  9.42925e-05 |144 -0.00697  8.11819e-05
145  0.99905 -2.55863e-04 |146  1.00013 -1.16679e-03 |147  0.08423  1.80523e-04
148  0.29981  3.40505e-04 |149  0.01669  4.32130e-05 |150 -0.11350 -1.25764e-04
151 -1.01905 -2.60465e-05 |152  0.49724  3.26647e-06 |153  0.09940  1.34462e-03
154 -0.24262 -1.12854e-04 |155  0.22135 -2.69330e-04 |156  0.26494 -4.00064e-04
157  0.21018 -4.02439e-04 |158  0.25925  4.49035e-05 |159 -0.00415 -3.14758e-04
160 -0.09584 -2.09362e-04 |161  0.14737 -8.40501e-05 |162  0.29990 -3.55750e-04
163  0.20197  1.28333e-04 |164  0.25074  1.40444e-04 |165 -0.40140 -6.08220e-03
166  0.09295  8.67284e-05 |167 -0.11164 -1.77957e-04 |168 -0.58392 -5.03476e-04
169  0.14898  1.42929e-04 |170 -0.06210 -3.09903e-05 |171 -0.15881 -2.10665e-05
172 -0.52970  6.73313e-05 |173 -0.57331  7.51605e-02 |174  0.44748  6.98964e-06
175 -0.80170  4.35977e-05 |176 -0.80765  4.84064e-05 |177  0.07938  1.55531e-04
178  0.14668  1.86331e-04 |179  0.32253  9.70458e-04 |180  0.27263 -2.10452e-04
181 -0.01858  4.86256e-04 |182  0.01201 -2.70467e-04 |183 -0.13037  6.97727e-04
184 -0.12152  4.26329e-04 |185  0.04927 -1.07927e-04 |186  0.37208 -1.19707e-04
187  0.00750 -1.33622e-04 |188 -0.14455 -1.67224e-04 |189  0.11378 -1.25245e-03
190  0.18537 -7.30422e-04 |191  0.22026  1.26457e-03 |192  0.25634  2.28918e-04
193  0.02668 -6.00245e-04 |194  0.00182  1.37663e-03 |195 -0.17411  4.00101e-04
196 -0.11025 -5.22299e-04 |197 -1.39742  1.14757e-01 |198  0.38294 -2.04191e-05
199 -0.12409 -4.48915e-02 |200 -0.79271  7.32428e-05 |

 - final statistics:
200 variables; iteration 635; function evaluation 793
Function value 5.1726e+03; maximum gradient component mag 8.6801e-04
Exit code = 1;  converg criter 1.0000e-03
Var    Value     Gradient |Var    Value     Gradient |Var    Value     Gradient
  1 -0.42193  1.02803e-05 |  2  0.60302 -3.78287e-04 |  3 -0.06972 -6.97502e-05
  4 -0.23380 -1.52880e-04 |  5 -0.69267  1.37633e-05 |  6 -0.58273  1.62659e-05
  7  0.57791 -4.15802e-04 |  8 -0.16060 -1.00603e-04 |  9 -0.16726 -1.74963e-04
 10 -0.54076  1.22570e-05 | 11 -0.61259  1.64557e-05 | 12 -0.14287  8.68014e-04
 13 -0.00979  1.38772e-06 | 14 -0.01000 -5.17092e-07 | 15 -0.01020 -5.38557e-06
 16 -0.01040 -2.03146e-06 | 17 -0.01060 -6.43422e-07 | 18 -0.01078 -2.00633e-06
 19 -0.01096 -2.90615e-06 | 20 -0.01113 -2.21584e-06 | 21 -0.01129  1.03272e-06
 22 -0.01144 -1.98667e-06 | 23 -0.01158 -3.27167e-06 | 24 -0.01170  2.77361e-06
 25 -0.01180  5.39894e-06 | 26 -0.01189  7.51605e-06 | 27 -0.01196  9.77830e-06
 28 -0.01201  3.87529e-06 | 29 -0.01203  5.24018e-06 | 30 -0.01203  3.08589e-07
 31 -0.01201  2.04469e-06 | 32 -0.01196  4.55726e-06 | 33 -0.01188  4.47446e-06
 34 -0.01177 -5.69971e-06 | 35 -0.01163 -2.34904e-06 | 36 -0.01145  4.50312e-06
 37 -0.01123  3.82899e-06 | 38 -0.01098  4.45371e-06 | 39 -0.01068  6.40050e-06
 40 -0.01034 -8.33695e-07 | 41 -0.00996  7.41463e-06 | 42 -0.00955  4.11260e-06
 43 -0.00909  3.83537e-06 | 44 -0.00860  2.14983e-06 | 45 -0.00808  4.76408e-06
 46 -0.00754 -6.49562e-07 | 47 -0.00699  2.04724e-06 | 48 -0.00643  2.80293e-06
 49 -0.00589 -4.70713e-06 | 50 -0.00537 -2.89195e-06 | 51 -0.00489  1.67440e-06
 52 -0.00445  7.97306e-06 | 53 -0.00405  7.12300e-06 | 54 -0.00371  6.93522e-06
 55 -0.00341  1.14482e-06 | 56 -0.00314 -4.93037e-06 | 57 -0.00288 -7.35927e-07
 58 -0.00260 -1.19336e-06 | 59 -0.00228  2.26061e-06 | 60 -0.00189  7.14593e-06
 61 -0.00139  9.25248e-06 | 62 -0.00074 -4.42150e-06 | 63  0.00009  2.37840e-08
 64  0.00114  4.61253e-06 | 65  0.00245  4.49602e-07 | 66  0.00404  7.22005e-06
 67  0.00595  9.51442e-06 | 68  0.00820 -7.84879e-06 | 69  0.01081 -2.94995e-06
 70  0.01375  6.31862e-06 | 71  0.01702  2.55448e-06 | 72  0.02054  4.27607e-06
 73  0.02420  2.61523e-06 | 74  0.02784  3.04987e-06 | 75  0.03124  7.39433e-06
 76  0.03414 -2.00885e-06 | 77  0.03629 -2.67360e-06 | 78  0.03753  5.79242e-06
 79  0.03781 -5.23629e-07 | 80  0.03722 -7.75340e-07 | 81  0.03588 -7.55431e-07
 82  0.03386  1.12251e-06 | 83  0.03116  3.70049e-06 | 84  0.02770  3.64776e-06
 85  0.02350  7.56650e-06 | 86  0.01874  4.35866e-06 | 87  0.01383 -2.83608e-06
 88  0.00928 -8.80589e-08 | 89  0.00556  5.45867e-06 | 90  0.00289  7.88065e-06
 91  0.00125  5.37118e-06 | 92  0.00041  5.79649e-06 | 93  0.00016  1.31076e-06
 94  0.00046  9.00840e-06 | 95  0.00144  1.70017e-05 | 96  0.00313  5.84388e-06
 97  0.00518  6.62031e-06 | 98  0.00747  9.22799e-08 | 99  0.01227  9.31277e-06
100  0.02972  2.17801e-05 |101  0.00456  1.39998e-05 |102 -0.00479  1.34808e-05
103 -0.03182  3.11650e-05 |104  0.02030  1.46093e-06 |105  0.01510  1.91337e-05
106 -0.01050  4.21582e-05 |107  0.02211  5.60460e-06 |108  0.01785  1.24218e-05
109  0.01125  4.22002e-05 |110  0.00739 -6.20623e-07 |111  0.00952  9.92982e-06
112  0.05918  6.80389e-05 |113  0.00038  1.40530e-05 |114  0.02183  3.34160e-05
115  0.00979  1.33052e-05 |116 -0.03328  1.51623e-05 |117 -0.05166  2.45851e-05
118 -0.05211  2.61299e-05 |119 -0.03714  1.58100e-05 |120 -0.00784  3.95556e-05
121  0.01306  2.64004e-05 |122  0.00461  1.53900e-05 |123 -0.04510  1.87409e-05
124  0.01687  2.31554e-05 |125  0.02125 -9.75845e-06 |126  0.00826  1.18406e-06
127  0.01499 -8.17708e-07 |128  0.05444 -1.50918e-06 |129  0.05763  8.72796e-07
130  0.01751  5.00108e-07 |131  0.04042  3.03363e-06 |132 -0.01283  7.37481e-06
133  0.03320  3.61702e-06 |134 -0.03532  1.00879e-06 |135  0.03973 -4.85512e-06
136  0.00934  2.98907e-06 |137 -0.03262  4.19559e-06 |138  0.01172  1.57947e-06
139  0.00133  4.04667e-07 |140 -0.00039  3.57097e-06 |141  0.01291 -4.12365e-06
142 -0.01885  4.59707e-06 |143  0.00540 -3.84929e-06 |144 -0.00697  2.09081e-06
145  0.99931 -6.59260e-05 |146  1.00042 -3.13566e-05 |147  0.08423 -1.12928e-05
148  0.29981 -8.96712e-06 |149  0.01669 -1.87548e-06 |150 -0.11350 -4.92905e-06
151 -1.01904 -1.75088e-06 |152  0.49718  9.72564e-09 |153  0.09939 -2.77756e-05
154 -0.24262 -3.36722e-06 |155  0.22135  1.46711e-05 |156  0.26494  9.84876e-06
157  0.21018  5.65093e-06 |158  0.25925 -2.33438e-06 |159 -0.00415  7.35991e-07
160 -0.09584 -1.15152e-06 |161  0.14737  2.69226e-06 |162  0.29990  3.54615e-06
163  0.20197 -6.91031e-06 |164  0.25074 -2.64059e-06 |165 -0.40028 -5.19385e-05
166  0.09406  1.03592e-04 |167 -0.11660  1.01050e-04 |168 -0.57899 -6.56149e-05
169  0.14877 -1.70563e-06 |170 -0.06224  1.23784e-06 |171 -0.15833  2.26889e-07
172 -0.53053 -1.01101e-07 |173 -0.57331 -3.09697e-04 |174  0.44735  1.31334e-07
175 -0.80221  7.23132e-06 |176 -0.80787  8.06528e-06 |177  0.07938  5.78183e-06
178  0.14668 -1.06194e-05 |179  0.32253 -2.19302e-05 |180  0.27263  9.11672e-06
181 -0.01858 -6.43239e-06 |182  0.01201 -3.07485e-06 |183 -0.13037 -1.25399e-05
184 -0.12152 -8.59606e-06 |185  0.04927  4.49691e-07 |186  0.37208  1.67611e-06
187  0.00750  3.84848e-07 |188 -0.14455  5.35473e-06 |189  0.11378  2.79542e-05
190  0.18537  8.22591e-06 |191  0.22026 -2.05890e-05 |192  0.25634 -4.24598e-06
193  0.02668  8.88799e-06 |194  0.00182 -2.67571e-05 |195 -0.17411  2.58547e-06
196 -0.11025 -8.21115e-06 |197 -1.39677 -3.82054e-04 |198  0.38226  1.33882e-07
199 -0.12244  6.36975e-04 |200 -0.79318  1.58157e-05 |
Warning: the following parameters had issues
  Q_parm[1] is within 0.1% of upper bound: -1.00000e+01 < 2.00000e+00 < 2.00000e+00
  Q_parm[5] is within 0.1% of upper bound: -1.00000e+01 < 2.00000e+00 < 2.00000e+00
  selparm[7] is within 0.1% of lower bound: 1.50000e+01 < 1.50143e+01 < 7.90000e+01


 - final statistics:
213 variables; iteration 0; function evaluation 0
Function value 5.1726e+03; maximum gradient component mag 8.6801e-04
Exit code = 0;  converg criter 1.0000e-03
Var    Value     Gradient |Var    Value     Gradient |Var    Value     Gradient
  1 -0.42193  1.02803e-05 |  2  0.60302 -3.78287e-04 |  3 -0.06972 -6.97502e-05
  4 -0.23380 -1.52880e-04 |  5 -0.69267  1.37633e-05 |  6 -0.58273  1.62659e-05
  7  0.57791 -4.15802e-04 |  8 -0.16060 -1.00603e-04 |  9 -0.16726 -1.74963e-04
 10 -0.54076  1.22570e-05 | 11 -0.61259  1.64557e-05 | 12 -0.14287  8.68014e-04
 13 -0.00979  1.38772e-06 | 14 -0.01000 -5.17092e-07 | 15 -0.01020 -5.38557e-06
 16 -0.01040 -2.03146e-06 | 17 -0.01060 -6.43422e-07 | 18 -0.01078 -2.00633e-06
 19 -0.01096 -2.90615e-06 | 20 -0.01113 -2.21584e-06 | 21 -0.01129  1.03272e-06
 22 -0.01144 -1.98667e-06 | 23 -0.01158 -3.27167e-06 | 24 -0.01170  2.77361e-06
 25 -0.01180  5.39894e-06 | 26 -0.01189  7.51605e-06 | 27 -0.01196  9.77830e-06
 28 -0.01201  3.87529e-06 | 29 -0.01203  5.24018e-06 | 30 -0.01203  3.08589e-07
 31 -0.01201  2.04469e-06 | 32 -0.01196  4.55726e-06 | 33 -0.01188  4.47446e-06
 34 -0.01177 -5.69971e-06 | 35 -0.01163 -2.34904e-06 | 36 -0.01145  4.50312e-06
 37 -0.01123  3.82899e-06 | 38 -0.01098  4.45371e-06 | 39 -0.01068  6.40050e-06
 40 -0.01034 -8.33695e-07 | 41 -0.00996  7.41463e-06 | 42 -0.00955  4.11260e-06
 43 -0.00909  3.83537e-06 | 44 -0.00860  2.14983e-06 | 45 -0.00808  4.76408e-06
 46 -0.00754 -6.49562e-07 | 47 -0.00699  2.04724e-06 | 48 -0.00643  2.80293e-06
 49 -0.00589 -4.70713e-06 | 50 -0.00537 -2.89195e-06 | 51 -0.00489  1.67440e-06
 52 -0.00445  7.97306e-06 | 53 -0.00405  7.12300e-06 | 54 -0.00371  6.93522e-06
 55 -0.00341  1.14482e-06 | 56 -0.00314 -4.93037e-06 | 57 -0.00288 -7.35927e-07
 58 -0.00260 -1.19336e-06 | 59 -0.00228  2.26061e-06 | 60 -0.00189  7.14593e-06
 61 -0.00139  9.25248e-06 | 62 -0.00074 -4.42150e-06 | 63  0.00009  2.37840e-08
 64  0.00114  4.61253e-06 | 65  0.00245  4.49602e-07 | 66  0.00404  7.22005e-06
 67  0.00595  9.51442e-06 | 68  0.00820 -7.84879e-06 | 69  0.01081 -2.94995e-06
 70  0.01375  6.31862e-06 | 71  0.01702  2.55449e-06 | 72  0.02054  4.27607e-06
 73  0.02420  2.61523e-06 | 74  0.02784  3.04987e-06 | 75  0.03124  7.39433e-06
 76  0.03414 -2.00885e-06 | 77  0.03629 -2.67360e-06 | 78  0.03753  5.79242e-06
 79  0.03781 -5.23629e-07 | 80  0.03722 -7.75340e-07 | 81  0.03588 -7.55431e-07
 82  0.03386  1.12251e-06 | 83  0.03116  3.70049e-06 | 84  0.02770  3.64776e-06
 85  0.02350  7.56650e-06 | 86  0.01874  4.35866e-06 | 87  0.01383 -2.83608e-06
 88  0.00928 -8.80587e-08 | 89  0.00556  5.45868e-06 | 90  0.00289  7.88065e-06
 91  0.00125  5.37119e-06 | 92  0.00041  5.79649e-06 | 93  0.00016  1.31076e-06
 94  0.00046  9.00840e-06 | 95  0.00144  1.70017e-05 | 96  0.00313  5.84388e-06
 97  0.00518  6.62031e-06 | 98  0.00747  9.22802e-08 | 99  0.01227  9.31277e-06
100  0.02972  2.17801e-05 |101  0.00456  1.39998e-05 |102 -0.00479  1.34808e-05
103 -0.03182  3.11650e-05 |104  0.02030  1.46094e-06 |105  0.01510  1.91337e-05
106 -0.01050  4.21582e-05 |107  0.02211  5.60460e-06 |108  0.01785  1.24218e-05
109  0.01125  4.22002e-05 |110  0.00739 -6.20623e-07 |111  0.00952  9.92982e-06
112  0.05918  6.80389e-05 |113  0.00038  1.40530e-05 |114  0.02183  3.34160e-05
115  0.00979  1.33052e-05 |116 -0.03328  1.51623e-05 |117 -0.05166  2.45851e-05
118 -0.05211  2.61299e-05 |119 -0.03714  1.58100e-05 |120 -0.00784  3.95556e-05
121  0.01306  2.64004e-05 |122  0.00461  1.53900e-05 |123 -0.04510  1.87409e-05
124  0.01687  2.31554e-05 |125  0.02125 -9.75845e-06 |126  0.00826  1.18406e-06
127  0.01499 -8.17708e-07 |128  0.05444 -1.50918e-06 |129  0.05763  8.72795e-07
130  0.01751  5.00107e-07 |131  0.04042  3.03363e-06 |132 -0.01283  7.37481e-06
133  0.03320  3.61702e-06 |134 -0.03532  1.00879e-06 |135  0.03973 -4.85512e-06
136  0.00934  2.98907e-06 |137 -0.03262  4.19559e-06 |138  0.01172  1.57947e-06
139  0.00133  4.04667e-07 |140 -0.00039  3.57097e-06 |141  0.01291 -4.12365e-06
142 -0.01885  4.59707e-06 |143  0.00540 -3.84929e-06 |144 -0.00697  2.09081e-06
145  0.00000  0.00000e+00 |146  0.00000  0.00000e+00 |147  0.00000  0.00000e+00
148  0.00000  0.00000e+00 |149  0.00000  0.00000e+00 |150  0.00000  0.00000e+00
151  0.00000  0.00000e+00 |152  0.00000  0.00000e+00 |153  0.00000  0.00000e+00
154  0.00000  0.00000e+00 |155  0.00000  0.00000e+00 |156  0.00000  0.00000e+00
157  0.00000  0.00000e+00 |158  0.99931 -6.59260e-05 |159  0.99958  3.13566e-05
160  0.08423 -1.12928e-05 |161  0.29981 -8.96712e-06 |162  0.01669 -1.87548e-06
163 -0.11350 -4.92905e-06 |164 -0.98096  1.75088e-06 |165  0.49718  9.72563e-09
166  0.09939 -2.77756e-05 |167 -0.24262 -3.36722e-06 |168  0.22135  1.46711e-05
169  0.26494  9.84876e-06 |170  0.21018  5.65094e-06 |171  0.25925 -2.33438e-06
172 -0.00415  7.35991e-07 |173 -0.09584 -1.15152e-06 |174  0.14737  2.69226e-06
175  0.29990  3.54615e-06 |176  0.20197 -6.91031e-06 |177  0.25074 -2.64059e-06
178 -0.40028 -5.19385e-05 |179  0.09406  1.03592e-04 |180 -0.11660  1.01050e-04
181 -0.57899 -6.56149e-05 |182  0.14877 -1.70563e-06 |183 -0.06224  1.23784e-06
184 -0.15833  2.26889e-07 |185 -0.53053 -1.01101e-07 |186 -0.57331 -3.09697e-04
187  0.44735  1.31334e-07 |188 -0.80221  7.23132e-06 |189 -0.80787  8.06528e-06
190  0.07938  5.78183e-06 |191  0.14668 -1.06194e-05 |192  0.32253 -2.19302e-05
193  0.27263  9.11672e-06 |194 -0.01858 -6.43239e-06 |195  0.01201 -3.07485e-06
196 -0.13037 -1.25399e-05 |197 -0.12152 -8.59606e-06 |198  0.04927  4.49691e-07
199  0.37208  1.67611e-06 |200  0.00750  3.84848e-07 |201 -0.14455  5.35473e-06
202  0.11378  2.79542e-05 |203  0.18537  8.22592e-06 |204  0.22026 -2.05890e-05
205  0.25634 -4.24599e-06 |206  0.02668  8.88799e-06 |207  0.00182 -2.67571e-05
208 -0.17411  2.58547e-06 |209 -0.11025 -8.21115e-06 |210 -0.60323  3.82054e-04
211  0.38226  1.33882e-07 |212 -0.12244  6.36975e-04 |213 -0.79318  1.58157e-05
size of file gradfil1.tmp = 0
size of file gradfil2.tmp = 0
size of file varssave.tmp = 0
size of file cmpdiff.tmp = 600000024
