
Initial statistics: 136 variables; iteration 0; function evaluation 0; phase 1
Function value 7.3259025e+03; maximum gradient component mag -2.6141e+02
Var    Value     Gradient |Var    Value     Gradient |Var    Value     Gradient
  1 -0.42334 -4.61563e+01 |  2 -0.09289 -2.61413e+02 |  3  0.00000  4.64226e+00
  4  0.00000  4.76266e+00 |  5  0.00000  4.88406e+00 |  6  0.00000  5.00622e+00
  7  0.00000  5.12896e+00 |  8  0.00000  5.25186e+00 |  9  0.00000  5.37453e+00
 10  0.00000  5.49659e+00 | 11  0.00000  5.61765e+00 | 12  0.00000  5.73733e+00
 13  0.00000  5.85520e+00 | 14  0.00000  5.97089e+00 | 15  0.00000  6.08390e+00
 16  0.00000  6.19372e+00 | 17  0.00000  6.29970e+00 | 18  0.00000  6.40114e+00
 19  0.00000  6.49734e+00 | 20  0.00000  6.58770e+00 | 21  0.00000  6.67180e+00
 22  0.00000  6.74906e+00 | 23  0.00000  6.81884e+00 | 24  0.00000  6.88032e+00
 25  0.00000  6.93249e+00 | 26  0.00000  6.97420e+00 | 27  0.00000  7.00412e+00
 28  0.00000  7.02103e+00 | 29  0.00000  7.02374e+00 | 30  0.00000  7.01064e+00
 31  0.00000  6.98202e+00 | 32  0.00000  6.93702e+00 | 33  0.00000  6.87523e+00
 34  0.00000  6.79659e+00 | 35  0.00000  6.70103e+00 | 36  0.00000  6.58876e+00
 37  0.00000  6.46032e+00 | 38  0.00000  6.31620e+00 | 39  0.00000  6.15701e+00
 40  0.00000  5.98322e+00 | 41  0.00000  5.79482e+00 | 42  0.00000  5.59076e+00
 43  0.00000  5.36927e+00 | 44  0.00000  5.12654e+00 | 45  0.00000  4.85664e+00
 46  0.00000  4.55241e+00 | 47  0.00000  4.20563e+00 | 48  0.00000  3.80674e+00
 49  0.00000  3.34620e+00 | 50  0.00000  2.81387e+00 | 51  0.00000  2.19982e+00
 52  0.00000  1.49390e+00 | 53  0.00000  6.87281e-01 | 54  0.00000 -2.27429e-01
 55  0.00000 -1.25516e+00 | 56  0.00000 -2.39908e+00 | 57  0.00000 -3.65854e+00
 58  0.00000 -5.02808e+00 | 59  0.00000 -6.49818e+00 | 60  0.00000 -8.05269e+00
 61  0.00000 -9.66993e+00 | 62  0.00000 -1.13203e+01 | 63  0.00000 -1.29692e+01
 64  0.00000 -1.45772e+01 | 65  0.00000 -1.61017e+01 | 66  0.00000 -1.75011e+01
 67  0.00000 -1.87434e+01 | 68  0.00000 -1.98085e+01 | 69  0.00000 -2.06894e+01
 70  0.00000 -2.13917e+01 | 71  0.00000 -2.19189e+01 | 72  0.00000 -2.22649e+01
 73  0.00000 -2.24055e+01 | 74  0.00000 -2.23045e+01 | 75  0.00000 -2.19347e+01
 76  0.00000 -2.13042e+01 | 77  0.00000 -2.04829e+01 | 78  0.00000 -1.95935e+01
 79  0.00000 -1.87819e+01 | 80  0.00000 -1.81399e+01 | 81  0.00000 -1.76845e+01
 82  0.00000 -1.73705e+01 | 83  0.00000 -1.72095e+01 | 84  0.00000 -1.73570e+01
 85  0.00000 -1.78741e+01 | 86  0.00000 -1.85158e+01 | 87  0.00000 -1.97559e+01
 88  0.00000 -2.14841e+01 | 89  0.00000 -2.38151e+01 | 90  0.00000 -2.57645e+01
 91  0.00000 -2.78636e+01 | 92  0.00000 -3.04750e+01 | 93  0.00000 -3.26364e+01
 94  0.00000 -3.82961e+01 | 95  0.00000 -4.92892e+01 | 96  0.00000 -5.55796e+01
 97  0.00000 -5.38028e+01 | 98  0.00000 -6.16122e+01 | 99  0.00000 -7.40385e+01
100  0.00000 -5.96259e+01 |101  0.00000 -3.46828e+01 |102  0.00000 -2.72917e+01
103  0.00000 -1.91383e+01 |104  0.00000 -1.06462e-02 |105  0.00000  4.63929e+01
106  0.00000  1.06467e+02 |107  0.00000  1.41387e+02 |108  0.00000  1.32189e+02
109  0.00000  7.17025e+01 |110  0.00000 -5.07651e+00 |111  0.00000  5.09538e+00
112  0.00000  2.76087e+01 |113  0.00000  5.42497e+01 |114  0.00000  7.40005e+01
115  0.00000  4.09526e+01 |116  0.00000  2.46889e+01 |117  0.00000  1.94285e+01
118  0.00000 -1.90787e+01 |119  0.00000 -4.49497e+01 |120  0.00000 -3.15843e+01
121  0.00000 -5.06297e+01 |122  0.00000 -2.06933e+01 |123  0.00000 -9.03587e+01
124  0.00000  3.42319e+00 |125  0.00000  2.57154e+01 |126  0.00000  2.82050e+01
127  0.00000  9.36104e+00 |128  0.00000 -3.69515e+01 |129  0.00000 -1.38175e+01
130  0.00000 -3.70956e+00 |131  0.00000  1.08141e+01 |132  0.00000  5.18142e+00
133  0.00000  1.49593e+00 |134  0.00000  1.14593e-01 |135  0.27670 -3.68448e+01
136  0.18753 -5.81993e+01 |

Intermediate statistics: 136 variables; iteration 20; function evaluation 25; phase 1
Function value 7.2910767e+03; maximum gradient component mag -1.0851e+02
Var    Value     Gradient |Var    Value     Gradient |Var    Value     Gradient
  1 -0.42438 -4.99864e+01 |  2 -0.11232 -1.08512e+02 |  3 -0.00752  1.32644e+00
  4 -0.00765  1.37074e+00 |  5 -0.00777  1.41697e+00 |  6 -0.00788  1.46525e+00
  7 -0.00799  1.51578e+00 |  8 -0.00808  1.56865e+00 |  9 -0.00815  1.62400e+00
 10 -0.00822  1.68199e+00 | 11 -0.00826  1.74279e+00 | 12 -0.00829  1.80660e+00
 13 -0.00829  1.87360e+00 | 14 -0.00828  1.94403e+00 | 15 -0.00824  2.01810e+00
 16 -0.00817  2.09604e+00 | 17 -0.00807  2.17806e+00 | 18 -0.00794  2.26431e+00
 19 -0.00778  2.35492e+00 | 20 -0.00759  2.44999e+00 | 21 -0.00735  2.54976e+00
 22 -0.00708  2.65446e+00 | 23 -0.00676  2.76435e+00 | 24 -0.00641  2.87967e+00
 25 -0.00600  3.00054e+00 | 26 -0.00555  3.12691e+00 | 27 -0.00504  3.25853e+00
 28 -0.00448  3.39491e+00 | 29 -0.00386  3.53530e+00 | 30 -0.00320  3.67831e+00
 31 -0.00248  3.82340e+00 | 32 -0.00172  3.96878e+00 | 33 -0.00093  4.11239e+00
 34 -0.00010  4.25153e+00 | 35  0.00073  4.38258e+00 | 36  0.00156  4.50098e+00
 37  0.00235  4.60155e+00 | 38  0.00309  4.67820e+00 | 39  0.00375  4.72440e+00
 40  0.00428  4.73323e+00 | 41  0.00467  4.69734e+00 | 42  0.00487  4.60918e+00
 43  0.00487  4.46215e+00 | 44  0.00465  4.25049e+00 | 45  0.00421  3.96969e+00
 46  0.00355  3.61715e+00 | 47  0.00268  3.19168e+00 | 48  0.00164  2.69297e+00
 49  0.00045  2.12337e+00 | 50 -0.00084  1.48749e+00 | 51 -0.00218  7.93739e-01
 52 -0.00350  5.49614e-02 | 53 -0.00468 -7.09436e-01 | 54 -0.00561 -1.47206e+00
 55 -0.00610 -2.19590e+00 | 56 -0.00592 -2.83564e+00 | 57 -0.00479 -3.33704e+00
 58 -0.00238 -3.64466e+00 | 59  0.00162 -3.71682e+00 | 60  0.00741 -3.55044e+00
 61  0.01489 -3.21610e+00 | 62  0.02339 -2.88904e+00 | 63  0.03146 -2.84252e+00
 64  0.03679 -3.36996e+00 | 65  0.03695 -4.65064e+00 | 66  0.03074 -6.64596e+00
 67  0.01969 -9.07690e+00 | 68  0.00769 -1.14511e+01 | 69 -0.00141 -1.32623e+01
 70 -0.00607 -1.42954e+01 | 71 -0.00642 -1.45850e+01 | 72 -0.00273 -1.41908e+01
 73  0.00570 -1.30497e+01 | 74  0.01918 -1.11802e+01 | 75  0.03457 -9.04625e+00
 76  0.04491 -7.37951e+00 | 77  0.04513 -6.66704e+00 | 78  0.03652 -7.04146e+00
 79  0.02399 -8.29389e+00 | 80  0.01131 -1.00159e+01 | 81  0.00035 -1.18098e+01
 82 -0.00717 -1.32207e+01 | 83 -0.00999 -1.39551e+01 | 84 -0.01008 -1.43949e+01
 85 -0.00840 -1.46947e+01 | 86  0.00167 -1.36577e+01 | 87  0.00878 -1.34176e+01
 88  0.01287 -1.37607e+01 | 89 -0.00116 -1.63543e+01 | 90  0.01074 -1.49601e+01
 91  0.01067 -1.44881e+01 | 92 -0.00487 -1.57684e+01 | 93 -0.02325 -1.64296e+01
 94 -0.00564 -1.31308e+01 | 95  0.01072 -1.31544e+01 | 96  0.09104 -1.34732e+00
 97 -0.04155 -1.77133e+01 | 98 -0.03169 -1.83633e+01 | 99  0.07929 -1.22822e+01
100  0.00968 -1.01963e+01 |101 -0.04012 -9.33053e+00 |102  0.04605  1.11078e+01
103 -0.01319 -9.76235e+00 |104  0.01075 -4.02134e+00 |105 -0.01357  1.43686e+01
106 -0.02462  4.66860e+01 |107 -0.03379  6.19146e+01 |108 -0.03092  5.51424e+01
109 -0.05662  5.57463e+00 |110  0.04763  5.41690e+00 |111  0.02585  1.40318e+01
112 -0.00122  7.61625e+00 |113 -0.01581  1.82724e+01 |114 -0.06612  8.22931e+00
115 -0.00878  9.30108e+00 |116  0.00916  8.43739e+00 |117 -0.03950 -3.00838e+00
118 -0.00301 -1.15231e+01 |119  0.07733 -7.35284e+00 |120 -0.03687 -1.60486e+01
121  0.07952 -7.27116e+00 |122 -0.02418 -1.09234e+01 |123  0.13395  6.00294e+00
124 -0.01221 -1.48357e+00 |125 -0.04646  9.22559e-01 |126 -0.06387 -2.07323e+00
127 -0.02553 -8.28250e-01 |128  0.09747  2.69162e+00 |129  0.03571  2.19145e+00
130  0.02355  2.90161e+00 |131 -0.03095 -8.74446e-01 |132 -0.02062 -7.53749e-01
133 -0.00893 -7.50836e-01 |134 -0.00055 -3.34381e-02 |135  0.31097  1.13570e+01
136  0.21180 -1.57555e+01 |

 - final statistics:
136 variables; iteration 39; function evaluation 54
Function value 7.2821e+03; maximum gradient component mag -9.4233e+00
Exit code = 1;  converg criter 1.0000e+01
Var    Value     Gradient |Var    Value     Gradient |Var    Value     Gradient
  1 -0.42267 -9.42332e+00 |  2 -0.09595  4.08317e+00 |  3 -0.01003  4.00670e-02
  4 -0.01025  3.99976e-02 |  5 -0.01047  4.00429e-02 |  6 -0.01069  4.02388e-02
  7 -0.01090  4.06224e-02 |  8 -0.01110  4.12374e-02 |  9 -0.01130  4.21293e-02
 10 -0.01148  4.33444e-02 | 11 -0.01166  4.49303e-02 | 12 -0.01182  4.69346e-02
 13 -0.01197  4.94038e-02 | 14 -0.01210  5.23824e-02 | 15 -0.01222  5.59116e-02
 16 -0.01231  6.00277e-02 | 17 -0.01239  6.47610e-02 | 18 -0.01244  7.01363e-02
 19 -0.01247  7.61735e-02 | 20 -0.01247  8.28893e-02 | 21 -0.01245  9.02964e-02
 22 -0.01240  9.83968e-02 | 23 -0.01232  1.07177e-01 | 24 -0.01221  1.16599e-01
 25 -0.01207  1.26591e-01 | 26 -0.01189  1.37036e-01 | 27 -0.01167  1.47775e-01
 28 -0.01142  1.58600e-01 | 29 -0.01113  1.69265e-01 | 30 -0.01079  1.79465e-01
 31 -0.01043  1.88948e-01 | 32 -0.01003  1.97400e-01 | 33 -0.00960  2.04527e-01
 34 -0.00914  2.10074e-01 | 35 -0.00867  2.13846e-01 | 36 -0.00818  2.15742e-01
 37 -0.00769  2.15775e-01 | 38 -0.00721  2.14025e-01 | 39 -0.00675  2.10608e-01
 40 -0.00631  2.05607e-01 | 41 -0.00591  1.99013e-01 | 42 -0.00556  1.90706e-01
 43 -0.00526  1.80500e-01 | 44 -0.00501  1.68119e-01 | 45 -0.00480  1.53218e-01
 46 -0.00462  1.35444e-01 | 47 -0.00445  1.14459e-01 | 48 -0.00427  8.99064e-02
 49 -0.00406  6.13987e-02 | 50 -0.00378  2.82954e-02 | 51 -0.00341 -1.05368e-02
 52 -0.00293 -5.70345e-02 | 53 -0.00231 -1.13929e-01 | 54 -0.00153 -1.83997e-01
 55 -0.00057 -2.67623e-01 | 56  0.00062 -3.58651e-01 | 57  0.00214 -4.39298e-01
 58  0.00413 -4.81692e-01 | 59  0.00667 -4.68041e-01 | 60  0.00962 -4.31821e-01
 61  0.01252 -4.69874e-01 | 62  0.01512 -6.14522e-01 | 63  0.01836 -6.42674e-01
 64  0.02313 -3.56334e-01 | 65  0.02710 -2.00285e-01 | 66  0.02861 -4.31293e-01
 67  0.03052 -4.57375e-01 | 68  0.03258 -3.17796e-01 | 69  0.03353 -2.38049e-01
 70  0.03351 -2.05979e-01 | 71  0.03281 -1.87852e-01 | 72  0.03157 -1.67906e-01
 73  0.03004 -9.31498e-02 | 74  0.02793  1.15502e-03 | 75  0.02308 -3.03385e-01
 76  0.02004 -1.47667e-01 | 77  0.01932  5.43156e-01 | 78  0.01325  1.59669e-02
 79  0.00913 -2.87088e-01 | 80  0.00751 -2.41547e-01 | 81  0.00690 -1.30266e-01
 82  0.00639 -7.04831e-02 | 83  0.00575 -9.17465e-02 | 84  0.00539 -2.09043e-01
 85  0.00533 -4.39304e-01 | 86  0.00591 -4.26067e-01 | 87  0.00776 -4.59668e-01
 88  0.00814 -1.01799e+00 | 89  0.00941 -1.63331e+00 | 90  0.01002 -1.50854e+00
 91  0.00985 -1.27319e+00 | 92  0.00702 -1.65070e+00 | 93  0.00228 -1.24878e+00
 94  0.00689 -1.21680e+00 | 95  0.02316 -3.63383e+00 | 96  0.02571 -3.78584e+00
 97  0.00322 -2.03912e+00 | 98  0.01511 -1.60927e+00 | 99  0.07380  2.82067e-01
100  0.02238 -7.03749e-01 |101 -0.00658  2.16631e+00 |102  0.01110  2.34387e+00
103  0.02094  4.81652e-01 |104  0.03502  1.50441e+00 |105 -0.01101  2.03758e+00
106 -0.05422  4.34627e+00 |107 -0.07695  5.14375e+00 |108 -0.07004  5.38061e+00
109 -0.03603  2.55283e+00 |110  0.07137  5.71491e+00 |111  0.02022  4.28451e-01
112  0.01089 -8.88505e-01 |113 -0.02788  1.00714e-01 |114 -0.07109 -1.99755e+00
115 -0.01025 -2.63522e+00 |116  0.00090 -2.34636e+00 |117 -0.02638 -1.78009e-01
118  0.02631 -7.74908e-01 |119  0.07174 -4.33768e-01 |120  0.01084  1.05836e-01
121  0.07875 -1.71916e+00 |122  0.00526 -1.95799e-01 |123  0.13181  1.48087e-01
124 -0.00415  8.65335e-01 |125 -0.04761 -2.72412e-01 |126 -0.05603  3.74448e-01
127 -0.02177  5.14689e-02 |128  0.09084 -1.25550e+00 |129  0.03618  1.64293e+00
130  0.01815  6.27866e-01 |131 -0.02893 -3.00717e-01 |132 -0.01861 -2.76217e-01
133 -0.00521  1.85221e-01 |134 -0.00039  2.96229e-03 |135  0.28284  3.98594e+00
136  0.19247  3.30216e+00 |

Initial statistics: 146 variables; iteration 0; function evaluation 0; phase 2
Function value 7.2820972e+03; maximum gradient component mag 2.4373e+01
Var    Value     Gradient |Var    Value     Gradient |Var    Value     Gradient
  1 -0.42267 -9.42332e+00 |  2  0.37110  1.04247e+00 |  3 -0.12614 -1.60251e+01
  4 -0.01321 -9.55040e+00 |  5 -0.70915 -2.09025e+00 |  6 -0.60419  5.79371e+00
  7  0.37628  2.96524e+00 |  8 -0.18524  2.43727e+01 |  9  0.03399  1.37599e+01
 10 -0.60948  2.22056e+00 | 11 -0.62338 -7.99503e+00 | 12 -0.09595  4.08317e+00
 13 -0.01003  4.00670e-02 | 14 -0.01025  3.99976e-02 | 15 -0.01047  4.00429e-02
 16 -0.01069  4.02388e-02 | 17 -0.01090  4.06224e-02 | 18 -0.01110  4.12374e-02
 19 -0.01130  4.21293e-02 | 20 -0.01148  4.33444e-02 | 21 -0.01166  4.49303e-02
 22 -0.01182  4.69346e-02 | 23 -0.01197  4.94038e-02 | 24 -0.01210  5.23824e-02
 25 -0.01222  5.59116e-02 | 26 -0.01231  6.00277e-02 | 27 -0.01239  6.47610e-02
 28 -0.01244  7.01363e-02 | 29 -0.01247  7.61735e-02 | 30 -0.01247  8.28893e-02
 31 -0.01245  9.02964e-02 | 32 -0.01240  9.83968e-02 | 33 -0.01232  1.07177e-01
 34 -0.01221  1.16599e-01 | 35 -0.01207  1.26591e-01 | 36 -0.01189  1.37036e-01
 37 -0.01167  1.47775e-01 | 38 -0.01142  1.58600e-01 | 39 -0.01113  1.69265e-01
 40 -0.01079  1.79465e-01 | 41 -0.01043  1.88948e-01 | 42 -0.01003  1.97400e-01
 43 -0.00960  2.04527e-01 | 44 -0.00914  2.10074e-01 | 45 -0.00867  2.13846e-01
 46 -0.00818  2.15742e-01 | 47 -0.00769  2.15775e-01 | 48 -0.00721  2.14025e-01
 49 -0.00675  2.10608e-01 | 50 -0.00631  2.05607e-01 | 51 -0.00591  1.99013e-01
 52 -0.00556  1.90706e-01 | 53 -0.00526  1.80500e-01 | 54 -0.00501  1.68119e-01
 55 -0.00480  1.53218e-01 | 56 -0.00462  1.35444e-01 | 57 -0.00445  1.14459e-01
 58 -0.00427  8.99064e-02 | 59 -0.00406  6.13987e-02 | 60 -0.00378  2.82954e-02
 61 -0.00341 -1.05368e-02 | 62 -0.00293 -5.70345e-02 | 63 -0.00231 -1.13929e-01
 64 -0.00153 -1.83997e-01 | 65 -0.00057 -2.67623e-01 | 66  0.00062 -3.58651e-01
 67  0.00214 -4.39298e-01 | 68  0.00413 -4.81692e-01 | 69  0.00667 -4.68041e-01
 70  0.00962 -4.31821e-01 | 71  0.01252 -4.69874e-01 | 72  0.01512 -6.14522e-01
 73  0.01836 -6.42674e-01 | 74  0.02313 -3.56334e-01 | 75  0.02710 -2.00285e-01
 76  0.02861 -4.31293e-01 | 77  0.03052 -4.57375e-01 | 78  0.03258 -3.17796e-01
 79  0.03353 -2.38049e-01 | 80  0.03351 -2.05979e-01 | 81  0.03281 -1.87852e-01
 82  0.03157 -1.67906e-01 | 83  0.03004 -9.31498e-02 | 84  0.02793  1.15502e-03
 85  0.02308 -3.03385e-01 | 86  0.02004 -1.47667e-01 | 87  0.01932  5.43156e-01
 88  0.01325  1.59669e-02 | 89  0.00913 -2.87088e-01 | 90  0.00751 -2.41547e-01
 91  0.00690 -1.30266e-01 | 92  0.00639 -7.04831e-02 | 93  0.00575 -9.17465e-02
 94  0.00539 -2.09043e-01 | 95  0.00533 -4.39304e-01 | 96  0.00591 -4.26067e-01
 97  0.00776 -4.59668e-01 | 98  0.00814 -1.01799e+00 | 99  0.00941 -1.63331e+00
100  0.01002 -1.50854e+00 |101  0.00985 -1.27319e+00 |102  0.00702 -1.65070e+00
103  0.00228 -1.24878e+00 |104  0.00689 -1.21680e+00 |105  0.02316 -3.63383e+00
106  0.02571 -3.78584e+00 |107  0.00322 -2.03912e+00 |108  0.01511 -1.60927e+00
109  0.07380  2.82067e-01 |110  0.02238 -7.03749e-01 |111 -0.00658  2.16631e+00
112  0.01110  2.34387e+00 |113  0.02094  4.81652e-01 |114  0.03502  1.50441e+00
115 -0.01101  2.03758e+00 |116 -0.05422  4.34627e+00 |117 -0.07695  5.14375e+00
118 -0.07004  5.38061e+00 |119 -0.03603  2.55283e+00 |120  0.07137  5.71491e+00
121  0.02022  4.28451e-01 |122  0.01089 -8.88505e-01 |123 -0.02788  1.00714e-01
124 -0.07109 -1.99755e+00 |125 -0.01025 -2.63522e+00 |126  0.00090 -2.34636e+00
127 -0.02638 -1.78009e-01 |128  0.02631 -7.74908e-01 |129  0.07174 -4.33768e-01
130  0.01084  1.05836e-01 |131  0.07875 -1.71916e+00 |132  0.00526 -1.95799e-01
133  0.13181  1.48087e-01 |134 -0.00415  8.65335e-01 |135 -0.04761 -2.72412e-01
136 -0.05603  3.74448e-01 |137 -0.02177  5.14689e-02 |138  0.09084 -1.25550e+00
139  0.03618  1.64293e+00 |140  0.01815  6.27866e-01 |141 -0.02893 -3.00717e-01
142 -0.01861 -2.76217e-01 |143 -0.00521  1.85221e-01 |144 -0.00039  2.96229e-03
145  0.28284  3.98594e+00 |146  0.19247  3.30216e+00 |

Intermediate statistics: 146 variables; iteration 20; function evaluation 26; phase 2
Function value 7.2819869e+03; maximum gradient component mag 2.0788e+01
Var    Value     Gradient |Var    Value     Gradient |Var    Value     Gradient
  1 -0.42243 -2.33094e+00 |  2  0.37086  1.48352e+01 |  3 -0.12604  1.22223e+01
  4 -0.01255  1.23665e+01 |  5 -0.70591  7.40030e-01 |  6 -0.60438  1.22815e+01
  7  0.37784  2.07879e+01 |  8 -0.18521  5.01128e+00 |  9  0.03221  1.12864e+01
 10 -0.61043 -5.24827e-01 | 11 -0.62293 -9.15125e-01 | 12 -0.09423 -2.23507e+00
 13 -0.01001  3.07386e-03 | 14 -0.01024  2.70111e-03 | 15 -0.01045  2.35886e-03
 16 -0.01067  2.06004e-03 | 17 -0.01087  1.81800e-03 | 18 -0.01108  1.64869e-03
 19 -0.01127  1.56857e-03 | 20 -0.01146  1.59457e-03 | 21 -0.01163  1.74423e-03
 22 -0.01180  2.03522e-03 | 23 -0.01195  2.48504e-03 | 24 -0.01208  3.11075e-03
 25 -0.01220  3.92876e-03 | 26 -0.01231  4.95395e-03 | 27 -0.01239  6.19897e-03
 28 -0.01245  7.67335e-03 | 29 -0.01249  9.38367e-03 | 30 -0.01251  1.13355e-02
 31 -0.01250  1.35341e-02 | 32 -0.01247  1.59826e-02 | 33 -0.01240  1.86791e-02
 34 -0.01231  2.16133e-02 | 35 -0.01219  2.47624e-02 | 36 -0.01203  2.80881e-02
 37 -0.01184  3.15336e-02 | 38 -0.01160  3.50247e-02 | 39 -0.01134  3.84723e-02
 40 -0.01103  4.17678e-02 | 41 -0.01068  4.48201e-02 | 42 -0.01030  4.75199e-02
 43 -0.00989  4.97667e-02 | 44 -0.00945  5.14756e-02 | 45 -0.00898  5.25825e-02
 46 -0.00850  5.30578e-02 | 47 -0.00802  5.29115e-02 | 48 -0.00754  5.21791e-02
 49 -0.00707  5.09096e-02 | 50 -0.00663  4.91416e-02 | 51 -0.00623  4.68806e-02
 52 -0.00587  4.40889e-02 | 53 -0.00556  4.07010e-02 | 54 -0.00529  3.66174e-02
 55 -0.00507  3.17172e-02 | 56 -0.00487  2.58787e-02 | 57 -0.00468  1.89841e-02
 58 -0.00447  1.09106e-02 | 59 -0.00421  1.52304e-03 | 60 -0.00389 -9.39643e-03
 61 -0.00346 -2.22280e-02 | 62 -0.00290 -3.76068e-02 | 63 -0.00217 -5.64075e-02
 64 -0.00125 -7.94650e-02 | 65 -0.00011 -1.06729e-01 | 66  0.00129 -1.35929e-01
 67  0.00300 -1.61018e-01 | 68  0.00507 -1.73048e-01 | 69  0.00754 -1.66991e-01
 70  0.01035 -1.54195e-01 | 71  0.01334 -1.63854e-01 | 72  0.01642 -2.03008e-01
 73  0.01977 -2.06864e-01 | 74  0.02352 -1.26882e-01 | 75  0.02687 -8.55178e-02
 76  0.02929 -1.40335e-01 | 77  0.03135 -1.42285e-01 | 78  0.03288 -1.04680e-01
 79  0.03355 -8.08519e-02 | 80  0.03346 -6.72860e-02 | 81  0.03277 -5.63058e-02
 82  0.03153 -4.45305e-02 | 83  0.02978 -1.92837e-02 | 84  0.02738  1.16263e-02
 85  0.02373 -6.11485e-02 | 86  0.02013 -1.56188e-02 | 87  0.01709  1.86314e-01
 88  0.01278  3.94763e-02 | 89  0.00954 -4.91712e-02 | 90  0.00769 -3.11679e-02
 91  0.00664  1.03794e-02 | 92  0.00584  3.90451e-02 | 93  0.00510  4.61550e-02
 94  0.00487  2.77136e-02 | 95  0.00522 -2.14034e-02 | 96  0.00545  1.56923e-02
 97  0.00697  4.92852e-02 | 98  0.00851 -7.24805e-02 | 99  0.01116 -1.94935e-01
100  0.01093 -8.75525e-02 |101  0.00969  7.46026e-02 |102  0.00774  3.48634e-02
103  0.00173  2.23062e-01 |104  0.00537  3.15058e-01 |105  0.02709 -4.08598e-01
106  0.02950 -6.21779e-01 |107  0.00440 -2.68934e-01 |108  0.01694 -3.22219e-01
109  0.07042 -2.13936e-01 |110  0.02581 -9.15939e-01 |111 -0.00961  8.14406e-02
112  0.00879  2.92341e-02 |113  0.02368 -6.94178e-01 |114  0.03609 -7.11890e-01
115 -0.01018 -6.75981e-01 |116 -0.05738 -2.11579e-01 |117 -0.08123 -1.55919e-01
118 -0.07477  5.69726e-02 |119 -0.03607 -6.78031e-01 |120  0.06948 -7.97170e-02
121  0.02251 -1.19945e-01 |122  0.01316  5.69370e-01 |123 -0.02784  7.80270e-01
124 -0.06841  2.11292e-01 |125 -0.00750  5.96889e-01 |126  0.00370  2.28685e-01
127 -0.02704  5.19357e-01 |128  0.02655  9.25908e-02 |129  0.07266 -2.15686e-01
130  0.00960  1.60221e-01 |131  0.08175 -4.31099e-01 |132  0.00562 -4.26968e-02
133  0.13240  1.26391e-02 |134 -0.00555  4.15782e-01 |135 -0.04708 -1.61434e-02
136 -0.05681  2.56134e-01 |137 -0.02189  1.68120e-02 |138  0.09321 -5.43427e-01
139  0.03332  7.39398e-01 |140  0.01721  2.70891e-01 |141 -0.02852 -7.78304e-02
142 -0.01819 -5.18407e-02 |143 -0.00574  9.83213e-02 |144 -0.00040  1.40061e-03
145  0.27901 -6.51693e-01 |146  0.18927 -7.88424e-01 |

 - final statistics:
146 variables; iteration 28; function evaluation 35
Function value 7.2820e+03; maximum gradient component mag 9.9057e+00
Exit code = 1;  converg criter 1.0000e+01
Var    Value     Gradient |Var    Value     Gradient |Var    Value     Gradient
  1 -0.42235 -1.02367e+00 |  2  0.37083  7.04789e+00 |  3 -0.12609  5.84950e+00
  4 -0.01260  5.90582e+00 |  5 -0.70519  4.94216e-01 |  6 -0.60462  5.83610e+00
  7  0.37769  9.90565e+00 |  8 -0.18513  2.41102e+00 |  9  0.03210  5.39861e+00
 10 -0.61005 -1.41487e-01 | 11 -0.62293 -4.25437e-01 | 12 -0.09366 -1.11466e+00
 13 -0.01007 -2.65579e-02 | 14 -0.01029 -2.76546e-02 | 15 -0.01051 -2.87371e-02
 16 -0.01072 -2.97955e-02 | 17 -0.01093 -3.08201e-02 | 18 -0.01114 -3.17985e-02
 19 -0.01133 -3.27188e-02 | 20 -0.01152 -3.35693e-02 | 21 -0.01170 -3.43383e-02
 22 -0.01186 -3.50144e-02 | 23 -0.01201 -3.55867e-02 | 24 -0.01215 -3.60451e-02
 25 -0.01228 -3.63796e-02 | 26 -0.01238 -3.65808e-02 | 27 -0.01247 -3.66396e-02
 28 -0.01253 -3.65485e-02 | 29 -0.01258 -3.63017e-02 | 30 -0.01260 -3.58943e-02
 31 -0.01259 -3.53218e-02 | 32 -0.01256 -3.45800e-02 | 33 -0.01250 -3.36663e-02
 34 -0.01242 -3.25818e-02 | 35 -0.01230 -3.13330e-02 | 36 -0.01215 -2.99345e-02
 37 -0.01196 -2.84106e-02 | 38 -0.01173 -2.67961e-02 | 39 -0.01147 -2.51358e-02
 40 -0.01117 -2.34841e-02 | 41 -0.01082 -2.18937e-02 | 42 -0.01045 -2.04206e-02
 43 -0.01004 -1.91132e-02 | 44 -0.00960 -1.80040e-02 | 45 -0.00914 -1.71021e-02
 46 -0.00866 -1.63825e-02 | 47 -0.00817 -1.57828e-02 | 48 -0.00769 -1.52115e-02
 49 -0.00722 -1.45611e-02 | 50 -0.00678 -1.37309e-02 | 51 -0.00637 -1.26489e-02
 52 -0.00600 -1.12886e-02 | 53 -0.00568 -9.66767e-03 | 54 -0.00540 -7.84829e-03
 55 -0.00516 -5.92207e-03 | 56 -0.00495 -3.99228e-03 | 57 -0.00474 -2.17130e-03
 58 -0.00450 -5.97662e-04 | 59 -0.00423  5.39028e-04 | 60 -0.00387  9.22176e-04
 61 -0.00342  1.59475e-05 | 62 -0.00283 -3.04230e-03 | 63 -0.00208 -9.41975e-03
 64 -0.00114 -2.02573e-02 | 65  0.00002 -3.57034e-02 | 66  0.00144 -5.32482e-02
 67  0.00316 -6.62163e-02 | 68  0.00526 -6.52661e-02 | 69  0.00775 -4.67451e-02
 70  0.01056 -2.39574e-02 | 71  0.01359 -1.84704e-02 | 72  0.01680 -1.93999e-02
 73  0.02026  8.15968e-03 | 74  0.02365  2.39997e-02 | 75  0.02667  1.02716e-02
 76  0.02964  6.85547e-02 | 77  0.03186  1.01362e-01 | 78  0.03305  8.45403e-02
 79  0.03357  8.42784e-02 | 80  0.03350  1.01944e-01 | 81  0.03287  1.24702e-01
 82  0.03169  1.44698e-01 | 83  0.02984  1.47190e-01 | 84  0.02731  1.47142e-01
 85  0.02423  1.79024e-01 | 86  0.02033  1.53627e-01 | 87  0.01669  2.16885e-01
 88  0.01274  1.35676e-01 | 89  0.00956  4.51638e-02 | 90  0.00766  4.03554e-02
 91  0.00660  6.58943e-02 | 92  0.00582  8.56080e-02 | 93  0.00513  8.76819e-02
 94  0.00495  6.40579e-02 | 95  0.00535  7.40620e-03 | 96  0.00560  2.77536e-02
 97  0.00707  2.48898e-02 | 98  0.00855 -1.41075e-01 | 99  0.01117 -2.98022e-01
100  0.01069 -2.71900e-01 |101  0.00921 -1.85247e-01 |102  0.00718 -2.43631e-01
103  0.00114 -4.12037e-02 |104  0.00505  1.62588e-01 |105  0.02745 -3.16101e-01
106  0.02996 -3.60385e-01 |107  0.00485  5.07593e-02 |108  0.01801  1.92840e-01
109  0.06999  1.43001e-01 |110  0.02676 -3.50219e-01 |111 -0.00987  1.90570e-01
112  0.00867  1.57827e-01 |113  0.02402 -3.95498e-01 |114  0.03643 -3.75293e-01
115 -0.01031 -5.50095e-01 |116 -0.05708 -1.71793e-02 |117 -0.08068  1.10139e-01
118 -0.07508 -2.95908e-02 |119 -0.03511 -2.56117e-01 |120  0.06959 -1.83436e-02
121  0.02297 -1.12728e-02 |122  0.01280  2.11310e-01 |123 -0.02722  9.20523e-01
124 -0.06815  7.73203e-02 |125 -0.00778  2.09814e-01 |126  0.00425  1.23186e-01
127 -0.02761  1.35183e-01 |128  0.02680 -1.32879e-01 |129  0.07278 -4.04674e-01
130  0.00914  3.37104e-02 |131  0.08310  3.91157e-01 |132  0.00575  1.08024e-01
133  0.13153 -1.06794e+00 |134 -0.00550  3.19175e-01 |135 -0.04665  1.13860e-01
136 -0.05729  6.66878e-02 |137 -0.02213 -3.47827e-02 |138  0.09357 -4.39440e-01
139  0.03119 -4.33418e-02 |140  0.01711  2.02066e-01 |141 -0.02812  7.02586e-02
142 -0.01814 -6.29261e-02 |143 -0.00578  7.34487e-02 |144 -0.00040  1.39375e-03
145  0.27818 -4.98768e-01 |146  0.18865 -4.42308e-01 |

Initial statistics: 176 variables; iteration 0; function evaluation 0; phase 3
Function value 7.2819780e+03; maximum gradient component mag 9.9057e+00
Var    Value     Gradient |Var    Value     Gradient |Var    Value     Gradient
  1 -0.42235 -1.02367e+00 |  2  0.37083  7.04789e+00 |  3 -0.12609  5.84950e+00
  4 -0.01260  5.90582e+00 |  5 -0.70519  4.94216e-01 |  6 -0.60462  5.83610e+00
  7  0.37769  9.90565e+00 |  8 -0.18513  2.41102e+00 |  9  0.03210  5.39861e+00
 10 -0.61005 -1.41487e-01 | 11 -0.62293 -4.25437e-01 | 12 -0.09366 -1.11466e+00
 13 -0.01007 -2.65579e-02 | 14 -0.01029 -2.76546e-02 | 15 -0.01051 -2.87371e-02
 16 -0.01072 -2.97955e-02 | 17 -0.01093 -3.08201e-02 | 18 -0.01114 -3.17985e-02
 19 -0.01133 -3.27188e-02 | 20 -0.01152 -3.35693e-02 | 21 -0.01170 -3.43383e-02
 22 -0.01186 -3.50144e-02 | 23 -0.01201 -3.55867e-02 | 24 -0.01215 -3.60451e-02
 25 -0.01228 -3.63796e-02 | 26 -0.01238 -3.65808e-02 | 27 -0.01247 -3.66396e-02
 28 -0.01253 -3.65485e-02 | 29 -0.01258 -3.63017e-02 | 30 -0.01260 -3.58943e-02
 31 -0.01259 -3.53218e-02 | 32 -0.01256 -3.45800e-02 | 33 -0.01250 -3.36663e-02
 34 -0.01242 -3.25818e-02 | 35 -0.01230 -3.13330e-02 | 36 -0.01215 -2.99345e-02
 37 -0.01196 -2.84106e-02 | 38 -0.01173 -2.67961e-02 | 39 -0.01147 -2.51358e-02
 40 -0.01117 -2.34841e-02 | 41 -0.01082 -2.18937e-02 | 42 -0.01045 -2.04206e-02
 43 -0.01004 -1.91132e-02 | 44 -0.00960 -1.80040e-02 | 45 -0.00914 -1.71021e-02
 46 -0.00866 -1.63825e-02 | 47 -0.00817 -1.57828e-02 | 48 -0.00769 -1.52115e-02
 49 -0.00722 -1.45611e-02 | 50 -0.00678 -1.37309e-02 | 51 -0.00637 -1.26489e-02
 52 -0.00600 -1.12886e-02 | 53 -0.00568 -9.66767e-03 | 54 -0.00540 -7.84829e-03
 55 -0.00516 -5.92207e-03 | 56 -0.00495 -3.99228e-03 | 57 -0.00474 -2.17130e-03
 58 -0.00450 -5.97662e-04 | 59 -0.00423  5.39028e-04 | 60 -0.00387  9.22176e-04
 61 -0.00342  1.59475e-05 | 62 -0.00283 -3.04230e-03 | 63 -0.00208 -9.41975e-03
 64 -0.00114 -2.02573e-02 | 65  0.00002 -3.57034e-02 | 66  0.00144 -5.32482e-02
 67  0.00316 -6.62163e-02 | 68  0.00526 -6.52661e-02 | 69  0.00775 -4.67451e-02
 70  0.01056 -2.39574e-02 | 71  0.01359 -1.84704e-02 | 72  0.01680 -1.93999e-02
 73  0.02026  8.15968e-03 | 74  0.02365  2.39997e-02 | 75  0.02667  1.02716e-02
 76  0.02964  6.85547e-02 | 77  0.03186  1.01362e-01 | 78  0.03305  8.45403e-02
 79  0.03357  8.42784e-02 | 80  0.03350  1.01944e-01 | 81  0.03287  1.24702e-01
 82  0.03169  1.44698e-01 | 83  0.02984  1.47190e-01 | 84  0.02731  1.47142e-01
 85  0.02423  1.79024e-01 | 86  0.02033  1.53627e-01 | 87  0.01669  2.16885e-01
 88  0.01274  1.35676e-01 | 89  0.00956  4.51638e-02 | 90  0.00766  4.03554e-02
 91  0.00660  6.58943e-02 | 92  0.00582  8.56080e-02 | 93  0.00513  8.76819e-02
 94  0.00495  6.40579e-02 | 95  0.00535  7.40620e-03 | 96  0.00560  2.77536e-02
 97  0.00707  2.48898e-02 | 98  0.00855 -1.41075e-01 | 99  0.01117 -2.98022e-01
100  0.01069 -2.71900e-01 |101  0.00921 -1.85247e-01 |102  0.00718 -2.43631e-01
103  0.00114 -4.12037e-02 |104  0.00505  1.62588e-01 |105  0.02745 -3.16101e-01
106  0.02996 -3.60385e-01 |107  0.00485  5.07593e-02 |108  0.01801  1.92840e-01
109  0.06999  1.43001e-01 |110  0.02676 -3.50219e-01 |111 -0.00987  1.90570e-01
112  0.00867  1.57827e-01 |113  0.02402 -3.95498e-01 |114  0.03643 -3.75293e-01
115 -0.01031 -5.50095e-01 |116 -0.05708 -1.71793e-02 |117 -0.08068  1.10139e-01
118 -0.07508 -2.95908e-02 |119 -0.03511 -2.56117e-01 |120  0.06959 -1.83436e-02
121  0.02297 -1.12728e-02 |122  0.01280  2.11310e-01 |123 -0.02722  9.20523e-01
124 -0.06815  7.73203e-02 |125 -0.00778  2.09814e-01 |126  0.00425  1.23186e-01
127 -0.02761  1.35183e-01 |128  0.02680 -1.32879e-01 |129  0.07278 -4.04674e-01
130  0.00914  3.37104e-02 |131  0.08310  3.91157e-01 |132  0.00575  1.08024e-01
133  0.13153 -1.06794e+00 |134 -0.00550  3.19175e-01 |135 -0.04665  1.13860e-01
136 -0.05729  6.66878e-02 |137 -0.02213 -3.47827e-02 |138  0.09357 -4.39440e-01
139  0.03119 -4.33418e-02 |140  0.01711  2.02066e-01 |141 -0.02812  7.02586e-02
142 -0.01814 -6.29261e-02 |143 -0.00578  7.34487e-02 |144 -0.00040  1.39375e-03
145  0.27818 -4.98768e-01 |146  0.18865 -4.42308e-01 |147  0.04662 -1.30165e+00
148  0.29671  1.63060e+00 |149 -0.47544 -2.14472e-02 |150  0.31377  2.51884e-02
151  0.18255 -9.15109e-01 |152  0.25986  1.49245e+00 |153  0.17459 -3.16296e-01
154  0.25418  3.24078e-01 |155  0.10351 -4.04187e-01 |156  0.29677  8.67080e-01
157  0.16893 -1.94509e-01 |158  0.24623  2.43355e-01 |159 -0.35197 -8.57158e-01
160  0.24281  7.68408e-01 |161  0.20265  2.06403e-02 |162  0.31675  8.51980e-02
163 -0.38040 -3.99499e-02 |164  0.23607  8.07244e-02 |165  0.05118 -3.27080e-01
166  0.11969  3.15970e-01 |167  0.32140 -4.99522e-01 |168  0.27252 -3.89619e-01
169  0.01343 -5.89744e-02 |170  0.39319  1.73244e-01 |171  0.09932 -1.39747e+00
172  0.16368 -2.31003e+00 |173  0.21870  1.80762e-01 |174  0.25726  2.77931e+00
175 -0.55411 -5.69512e-01 |176  0.17113  3.62811e-01 |

Intermediate statistics: 176 variables; iteration 20; function evaluation 23; phase 3
Function value 7.2819723e+03; maximum gradient component mag 7.2499e+00
Var    Value     Gradient |Var    Value     Gradient |Var    Value     Gradient
  1 -0.42217  2.42905e+00 |  2  0.37082  3.31247e+00 |  3 -0.12600  7.24990e+00
  4 -0.01276  4.16486e+00 |  5 -0.70512 -1.34333e-01 |  6 -0.60484 -2.39582e+00
  7  0.37752 -5.49720e+00 |  8 -0.18495  1.30414e-01 |  9  0.03176 -2.66219e+00
 10 -0.60979  1.33588e-01 | 11 -0.62289 -3.49587e-01 | 12 -0.09401 -2.08162e+00
 13 -0.01000 -1.53783e-02 | 14 -0.01022 -1.58255e-02 | 15 -0.01043 -1.62790e-02
 16 -0.01065 -1.67381e-02 | 17 -0.01085 -1.72024e-02 | 18 -0.01106 -1.76709e-02
 19 -0.01125 -1.81426e-02 | 20 -0.01143 -1.86170e-02 | 21 -0.01161 -1.90932e-02
 22 -0.01177 -1.95705e-02 | 23 -0.01193 -2.00485e-02 | 24 -0.01206 -2.05265e-02
 25 -0.01219 -2.10039e-02 | 26 -0.01229 -2.14805e-02 | 27 -0.01238 -2.19558e-02
 28 -0.01245 -2.24295e-02 | 29 -0.01249 -2.29013e-02 | 30 -0.01252 -2.33705e-02
 31 -0.01252 -2.38371e-02 | 32 -0.01249 -2.43010e-02 | 33 -0.01244 -2.47622e-02
 34 -0.01235 -2.52209e-02 | 35 -0.01224 -2.56776e-02 | 36 -0.01209 -2.61333e-02
 37 -0.01191 -2.65891e-02 | 38 -0.01170 -2.70471e-02 | 39 -0.01144 -2.75097e-02
 40 -0.01114 -2.79782e-02 | 41 -0.01081 -2.84589e-02 | 42 -0.01044 -2.89541e-02
 43 -0.01004 -2.94662e-02 | 44 -0.00960 -2.99957e-02 | 45 -0.00915 -3.05392e-02
 46 -0.00867 -3.10889e-02 | 47 -0.00819 -3.16330e-02 | 48 -0.00771 -3.21546e-02
 49 -0.00725 -3.26340e-02 | 50 -0.00681 -3.30504e-02 | 51 -0.00640 -3.33831e-02
 52 -0.00604 -3.36137e-02 | 53 -0.00572 -3.37320e-02 | 54 -0.00546 -3.37350e-02
 55 -0.00522 -3.36259e-02 | 56 -0.00502 -3.34133e-02 | 57 -0.00481 -3.31078e-02
 58 -0.00458 -3.27190e-02 | 59 -0.00431 -3.22687e-02 | 60 -0.00395 -3.17919e-02
 61 -0.00349 -3.13557e-02 | 62 -0.00289 -3.10668e-02 | 63 -0.00211 -3.10853e-02
 64 -0.00113 -3.15937e-02 | 65  0.00009 -3.26754e-02 | 66  0.00159 -3.41296e-02
 67  0.00337 -3.51493e-02 | 68  0.00548 -3.44175e-02 | 69  0.00792 -3.11744e-02
 70  0.01067 -2.71003e-02 | 71  0.01370 -2.56713e-02 | 72  0.01694 -2.55034e-02
 73  0.02033 -2.01838e-02 | 74  0.02369 -1.68779e-02 | 75  0.02681 -1.99340e-02
 76  0.02958 -7.07740e-03 | 77  0.03170  6.33089e-04 | 78  0.03301 -3.55565e-03
 79  0.03357 -3.82996e-03 | 80  0.03346  4.12469e-04 | 81  0.03277  5.97644e-03
 82  0.03154  1.08515e-02 | 83  0.02971  1.16118e-02 | 84  0.02719  1.19727e-02
 85  0.02400  1.90772e-02 | 86  0.02019  1.43249e-02 | 87  0.01630  2.58132e-02
 88  0.01265  1.16186e-02 | 89  0.00977 -2.78199e-03 | 90  0.00786 -3.89219e-03
 91  0.00665 -1.32029e-03 | 92  0.00574 -3.16363e-04 | 93  0.00497 -2.32651e-03
 94  0.00480 -8.16717e-03 | 95  0.00531 -1.84220e-02 | 96  0.00538 -1.73956e-02
 97  0.00675 -1.88454e-02 | 98  0.00872 -4.31124e-02 | 99  0.01180 -6.52484e-02
100  0.01111 -5.72846e-02 |101  0.00926 -3.95091e-02 |102  0.00743 -4.05540e-02
103  0.00072 -8.73552e-03 |104  0.00400  3.24496e-02 |105  0.02809  1.51755e-02
106  0.03068  4.59727e-02 |107  0.00457  1.00306e-01 |108  0.01738  1.79727e-01
109  0.06937  2.81030e-01 |110  0.02782  1.65426e-01 |111 -0.01048  1.43894e-01
112  0.00802  8.65112e-02 |113  0.02467 -2.31381e-02 |114  0.03602 -8.81848e-02
115 -0.00981 -1.31572e-01 |116 -0.05745 -5.61352e-02 |117 -0.08106 -3.13600e-02
118 -0.07512 -5.56647e-02 |119 -0.03459 -6.35523e-02 |120  0.06941 -8.46151e-02
121  0.02311  8.66664e-02 |122  0.01319  2.08391e-01 |123 -0.02847  1.85725e-01
124 -0.06775  6.07132e-02 |125 -0.00766  3.40745e-02 |126  0.00434  1.73946e-02
127 -0.02787 -4.21713e-02 |128  0.02704 -1.43291e-01 |129  0.07333 -1.53408e-01
130  0.00922 -3.02203e-02 |131  0.08303  2.11998e-01 |132  0.00571  6.90483e-02
133  0.13250 -4.11669e-01 |134 -0.00596 -3.65313e-02 |135 -0.04669  1.43731e-02
136 -0.05726 -2.64802e-03 |137 -0.02200  1.97349e-02 |138  0.09453  1.42228e-02
139  0.03133 -1.86355e-02 |140  0.01677  1.59012e-02 |141 -0.02823  4.75350e-03
142 -0.01788 -1.93116e-02 |143 -0.00595  8.06141e-03 |144 -0.00040  2.52628e-04
145  0.27859 -6.75631e-01 |146  0.18874 -8.70068e-01 |147  0.04678  6.16861e-01
148  0.29659 -1.13391e+00 |149 -0.47525  6.12154e-03 |150  0.31365  7.44389e-03
151  0.18284  1.94166e-01 |152  0.25985 -2.55387e-01 |153  0.17464 -6.49862e-01
154  0.25425  9.50559e-01 |155  0.10382  1.63040e-01 |156  0.29675 -2.10112e-01
157  0.16907  2.51508e-02 |158  0.24626  6.01404e-02 |159 -0.35094 -5.64610e-01
160  0.24326  1.19325e+00 |161  0.20252  2.11568e-02 |162  0.31621  8.39789e-02
163 -0.38043 -6.99468e-02 |164  0.23602  1.74248e-01 |165  0.05143  1.29430e-01
166  0.11971  9.51533e-02 |167  0.32144 -7.32773e-01 |168  0.27253 -1.03174e-01
169  0.01346 -2.42993e-02 |170  0.39300  5.99402e-02 |171  0.09933  3.38673e-02
172  0.16379  1.53746e+00 |173  0.21863 -1.66201e+00 |174  0.25720 -1.75924e+00
175 -0.55262 -4.42437e-01 |176  0.17157  1.45580e-01 |
176 variables; iteration 40; function evaluation 44; phase 3
Function value 7.2819695e+03; maximum gradient component mag 4.3286e+00
Var    Value     Gradient |Var    Value     Gradient |Var    Value     Gradient
  1 -0.42220  1.44542e+00 |  2  0.37082  1.97703e+00 |  3 -0.12605  4.32861e+00
  4 -0.01275  2.45412e+00 |  5 -0.70511 -1.56090e-01 |  6 -0.60481 -1.40926e+00
  7  0.37764 -3.22357e+00 |  8 -0.18495  1.23642e-01 |  9  0.03167 -1.70237e+00
 10 -0.60963  5.58216e-02 | 11 -0.62290 -2.49020e-01 | 12 -0.09330 -1.18008e+00
 13 -0.01003 -1.58213e-02 | 14 -0.01025 -1.64332e-02 | 15 -0.01046 -1.70496e-02
 16 -0.01068 -1.76656e-02 | 17 -0.01088 -1.82766e-02 | 18 -0.01109 -1.88760e-02
 19 -0.01128 -1.94572e-02 | 20 -0.01147 -2.00135e-02 | 21 -0.01164 -2.05375e-02
 22 -0.01181 -2.10221e-02 | 23 -0.01196 -2.14599e-02 | 24 -0.01210 -2.18436e-02
 25 -0.01222 -2.21661e-02 | 26 -0.01233 -2.24207e-02 | 27 -0.01242 -2.26007e-02
 28 -0.01249 -2.27000e-02 | 29 -0.01253 -2.27128e-02 | 30 -0.01255 -2.26335e-02
 31 -0.01255 -2.24572e-02 | 32 -0.01252 -2.21791e-02 | 33 -0.01247 -2.17955e-02
 34 -0.01238 -2.13042e-02 | 35 -0.01227 -2.07061e-02 | 36 -0.01212 -2.00051e-02
 37 -0.01193 -1.92096e-02 | 38 -0.01171 -1.83322e-02 | 39 -0.01145 -1.73888e-02
 40 -0.01115 -1.63989e-02 | 41 -0.01082 -1.53803e-02 | 42 -0.01044 -1.43510e-02
 43 -0.01004 -1.33254e-02 | 44 -0.00960 -1.23114e-02 | 45 -0.00914 -1.13093e-02
 46 -0.00866 -1.03102e-02 | 47 -0.00818 -9.29791e-03 | 48 -0.00769 -8.25432e-03
 49 -0.00723 -7.16491e-03 | 50 -0.00678 -6.02471e-03 | 51 -0.00637 -4.84194e-03
 52 -0.00601 -3.63827e-03 | 53 -0.00569 -2.44413e-03 | 54 -0.00542 -1.29685e-03
 55 -0.00519 -2.36982e-04 | 56 -0.00498  6.95274e-04 | 57 -0.00478  1.45877e-03
 58 -0.00455  2.00517e-03 | 59 -0.00428  2.28075e-03 | 60 -0.00393  2.22218e-03
 61 -0.00348  1.76846e-03 | 62 -0.00289  8.93414e-04 | 63 -0.00212 -2.94975e-04
 64 -0.00114 -1.39373e-03 | 65  0.00009 -1.55417e-03 | 66  0.00159  3.51000e-04
 67  0.00339  4.76986e-03 | 68  0.00552  9.84149e-03 | 69  0.00795  1.16634e-02
 70  0.01067  1.04719e-02 | 71  0.01371  1.56715e-02 | 72  0.01700  2.65461e-02
 73  0.02034  1.99601e-02 | 74  0.02368  2.04351e-02 | 75  0.02695  4.72244e-02
 76  0.02946  9.33700e-03 | 77  0.03145 -6.92403e-03 | 78  0.03296  2.45075e-02
 79  0.03361  3.94876e-02 | 80  0.03347  3.59678e-02 | 81  0.03271  2.60813e-02
 82  0.03143  1.70667e-02 | 83  0.02964  2.22378e-02 | 84  0.02716  2.60653e-02
 85  0.02381 -9.05515e-04 | 86  0.02013  1.47476e-02 | 87  0.01599 -3.15265e-02
 88  0.01257  1.81554e-03 | 89  0.00984  1.86581e-02 | 90  0.00786 -1.13162e-03
 91  0.00655 -2.49974e-02 | 92  0.00557 -4.29191e-02 | 93  0.00477 -5.42907e-02
 94  0.00460 -6.18530e-02 | 95  0.00514 -6.65124e-02 | 96  0.00513 -8.78706e-02
 97  0.00638 -1.18275e-01 | 98  0.00851 -1.12582e-01 | 99  0.01184 -7.84225e-02
100  0.01102 -9.71716e-02 |101  0.00909 -9.60533e-02 |102  0.00760 -1.06240e-02
103  0.00100  4.33204e-02 |104  0.00411  5.21387e-03 |105  0.02818 -2.57135e-02
106  0.03021 -1.47940e-01 |107  0.00488  5.13269e-02 |108  0.01793  2.15167e-01
109  0.06889  6.16514e-02 |110  0.02821  1.05620e-01 |111 -0.01032  1.36268e-01
112  0.00805  7.67270e-02 |113  0.02495  4.49123e-02 |114  0.03603 -5.69931e-02
115 -0.00973 -7.96698e-02 |116 -0.05717  7.70546e-02 |117 -0.08078  8.58852e-02
118 -0.07509 -5.23178e-02 |119 -0.03456 -4.82291e-02 |120  0.06981  1.07900e-01
121  0.02321  3.37358e-02 |122  0.01324  4.08004e-02 |123 -0.02853  5.20709e-03
124 -0.06767  2.26376e-03 |125 -0.00760 -6.65618e-02 |126  0.00441 -4.82335e-02
127 -0.02749  6.99804e-02 |128  0.02713 -9.17829e-03 |129  0.07396  1.44547e-01
130  0.00911  1.30346e-02 |131  0.08322  1.74580e-01 |132  0.00576  2.93712e-02
133  0.13276 -3.18333e-01 |134 -0.00600 -4.88731e-02 |135 -0.04669  2.52212e-03
136 -0.05733 -2.84652e-02 |137 -0.02198  7.99749e-03 |138  0.09465  3.08266e-02
139  0.03133 -2.03494e-02 |140  0.01673 -4.98212e-03 |141 -0.02823  7.78657e-03
142 -0.01802 -5.06755e-02 |143 -0.00604 -1.13251e-02 |144 -0.00040  4.20514e-04
145  0.27760 -5.29638e-01 |146  0.18733 -4.62673e-01 |147  0.04673  1.99279e-01
148  0.29658 -7.89088e-01 |149 -0.47541 -6.29225e-02 |150  0.31372  2.94634e-02
151  0.18281  1.38104e-01 |152  0.25984 -1.95431e-01 |153  0.17463 -4.74565e-01
154  0.25422  6.54767e-01 |155  0.10378  1.13073e-01 |156  0.29674 -1.36061e-01
157  0.16885 -3.07788e-02 |158  0.24612 -1.79288e-01 |159 -0.35080 -3.44625e-01
160  0.24322  7.75023e-01 |161  0.19287  4.69032e-02 |162  0.28319  4.97438e-03
163 -0.38048 -6.87722e-02 |164  0.23601  1.71927e-01 |165  0.05139 -1.06011e-01
166  0.11957 -1.99935e-01 |167  0.32152 -3.45824e-01 |168  0.27242 -3.42877e-01
169  0.01349 -4.92285e-02 |170  0.39313  1.75994e-01 |171  0.09935  5.17927e-02
172  0.16375  6.69208e-01 |173  0.21867 -9.45494e-01 |174  0.25719 -1.23685e+00
175 -0.54940 -1.18842e-01 |176  0.17290  1.23531e-01 |

 - final statistics:
176 variables; iteration 50; function evaluation 56
Function value 7.2820e+03; maximum gradient component mag 1.7052e-01
Exit code = 1;  converg criter 1.0000e+00
Var    Value     Gradient |Var    Value     Gradient |Var    Value     Gradient
  1 -0.42223 -6.04775e-02 |  2  0.37084 -8.22235e-02 |  3 -0.12612 -1.70225e-01
  4 -0.01279 -1.34225e-01 |  5 -0.70498  6.91682e-02 |  6 -0.60475  5.07299e-02
  7  0.37768  1.40418e-01 |  8 -0.18502 -8.78135e-04 |  9  0.03173  1.68426e-02
 10 -0.60979  2.80347e-03 | 11 -0.62287  8.49991e-03 | 12 -0.09407  5.59266e-02
 13 -0.00998  2.73069e-03 | 14 -0.01020  2.73644e-03 | 15 -0.01042  2.74303e-03
 16 -0.01063  2.75142e-03 | 17 -0.01083  2.76256e-03 | 18 -0.01104  2.77745e-03
 19 -0.01123  2.79705e-03 | 20 -0.01141  2.82221e-03 | 21 -0.01159  2.85370e-03
 22 -0.01175  2.89217e-03 | 23 -0.01190  2.93808e-03 | 24 -0.01204  2.99171e-03
 25 -0.01217  3.05318e-03 | 26 -0.01227  3.12248e-03 | 27 -0.01236  3.19948e-03
 28 -0.01243  3.28388e-03 | 29 -0.01247  3.37516e-03 | 30 -0.01250  3.47263e-03
 31 -0.01249  3.57572e-03 | 32 -0.01247  3.68385e-03 | 33 -0.01241  3.79647e-03
 34 -0.01233  3.91286e-03 | 35 -0.01222  4.03203e-03 | 36 -0.01207  4.15256e-03
 37 -0.01189  4.27240e-03 | 38 -0.01167  4.38884e-03 | 39 -0.01142  4.49844e-03
 40 -0.01112  4.59663e-03 | 41 -0.01079  4.68062e-03 | 42 -0.01042  4.74660e-03
 43 -0.01002  4.79216e-03 | 44 -0.00958  4.81673e-03 | 45 -0.00913  4.82159e-03
 46 -0.00865  4.81012e-03 | 47 -0.00817  4.78720e-03 | 48 -0.00769  4.75706e-03
 49 -0.00723  4.72182e-03 | 50 -0.00679  4.67972e-03 | 51 -0.00638  4.62444e-03
 52 -0.00602  4.54566e-03 | 53 -0.00571  4.43173e-03 | 54 -0.00544  4.27093e-03
 55 -0.00521  4.05268e-03 | 56 -0.00501  3.76788e-03 | 57 -0.00481  3.40678e-03
 58 -0.00458  2.95629e-03 | 59 -0.00431  2.40053e-03 | 60 -0.00396  1.72188e-03
 61 -0.00350  9.12129e-04 | 62 -0.00290  3.74139e-07 | 63 -0.00213 -8.85171e-04
 64 -0.00114 -1.43028e-03 | 65  0.00009 -1.09494e-03 | 66  0.00160  6.47197e-04
 67  0.00341  3.52155e-03 | 68  0.00553  5.47408e-03 | 69  0.00795  3.82557e-03
 70  0.01068  2.96648e-04 | 71  0.01371  5.84956e-04 | 72  0.01696 -7.04181e-05
 73  0.02032 -3.73963e-03 | 74  0.02367 -5.42501e-03 | 75  0.02665 -3.89536e-02
 76  0.02966  1.69224e-02 | 77  0.03202  6.45030e-02 | 78  0.03296 -1.12857e-02
 79  0.03329 -5.74345e-02 | 80  0.03322 -4.95098e-02 | 81  0.03266 -2.45632e-02
 82  0.03152 -8.11537e-03 | 83  0.02960 -2.64828e-02 | 84  0.02705 -3.58309e-02
 85  0.02394 -1.48123e-02 | 86  0.02010 -2.67659e-02 | 87  0.01613 -3.32786e-02
 88  0.01258 -2.21696e-02 | 89  0.00984 -2.92217e-03 | 90  0.00790 -6.51389e-03
 91  0.00663 -1.58365e-02 | 92  0.00566 -2.15309e-02 | 93  0.00487 -2.17013e-02
 94  0.00471 -1.67417e-02 | 95  0.00527 -7.53261e-03 | 96  0.00527 -1.70876e-02
 97  0.00656 -2.96858e-02 | 98  0.00871 -1.15869e-02 | 99  0.01197  1.20236e-02
100  0.01115 -7.71620e-03 |101  0.00915 -2.95874e-02 |102  0.00750  7.16452e-03
103  0.00077  1.60423e-02 |104  0.00399  6.63400e-03 |105  0.02819  1.40433e-02
106  0.03064 -2.77845e-02 |107  0.00473 -2.90427e-03 |108  0.01724 -4.39625e-03
109  0.06900 -3.38905e-02 |110  0.02795 -4.24069e-02 |111 -0.01047  3.45890e-02
112  0.00791 -1.09610e-02 |113  0.02485 -5.78113e-03 |114  0.03591 -1.99597e-02
115 -0.00971  1.72993e-02 |116 -0.05745  3.81537e-02 |117 -0.08101  6.39400e-02
118 -0.07503  7.47364e-02 |119 -0.03444  6.07182e-02 |120  0.06942 -8.81050e-02
121  0.02309 -4.59397e-02 |122  0.01303 -1.36052e-03 |123 -0.02859  4.53095e-02
124 -0.06780  1.42013e-02 |125 -0.00764  3.50764e-02 |126  0.00440  2.31731e-02
127 -0.02787 -6.95443e-03 |128  0.02715 -1.39976e-02 |129  0.07351 -5.62702e-02
130  0.00916 -4.82038e-03 |131  0.08293  1.74850e-02 |132  0.00571  2.25022e-02
133  0.13304  5.23901e-02 |134 -0.00599  1.06446e-02 |135 -0.04670  1.18315e-02
136 -0.05725  1.71284e-02 |137 -0.02202 -6.98078e-04 |138  0.09456 -1.53875e-02
139  0.03140  1.50984e-02 |140  0.01680  8.55237e-03 |141 -0.02823 -1.60677e-03
142 -0.01785 -1.01239e-03 |143 -0.00599  3.45663e-03 |144 -0.00041 -1.44762e-03
145  0.27888  4.67546e-02 |146  0.18840  4.63739e-02 |147  0.04681 -3.23127e-02
148  0.29663  1.23117e-02 |149 -0.47545  1.03491e-02 |150  0.31304 -5.12613e-02
151  0.18290  3.10540e-02 |152  0.25986  2.19415e-02 |153  0.17474  3.46713e-02
154  0.25418 -2.15769e-02 |155  0.10381  1.13805e-03 |156  0.29672  4.40907e-03
157  0.16902 -4.46524e-02 |158  0.24620 -2.52033e-02 |159 -0.35074  4.30806e-02
160  0.24308 -2.11681e-02 |161  0.15525  5.69741e-02 |162  0.26427 -2.31555e-02
163 -0.37936  1.70521e-01 |164  0.23638  5.37833e-02 |165  0.05159  2.98627e-02
166  0.11972 -9.56307e-04 |167  0.32169  1.25956e-02 |168  0.27252 -2.32621e-03
169  0.01348 -1.17106e-02 |170  0.39294 -2.56079e-04 |171  0.09941  3.24939e-03
172  0.16378 -1.97352e-02 |173  0.21875  3.76266e-02 |174  0.25722  5.01728e-02
175 -0.54970 -1.49796e-02 |176  0.17278  9.17166e-02 |

Initial statistics: 200 variables; iteration 0; function evaluation 0; phase 4
Function value 7.2819668e+03; maximum gradient component mag -3.2290e+00
Var    Value     Gradient |Var    Value     Gradient |Var    Value     Gradient
  1 -0.42223 -6.04775e-02 |  2  0.37084 -8.22235e-02 |  3 -0.12612 -1.70225e-01
  4 -0.01279 -1.34225e-01 |  5 -0.70498  6.91682e-02 |  6 -0.60475  5.07299e-02
  7  0.37768  1.40418e-01 |  8 -0.18502 -8.78135e-04 |  9  0.03173  1.68426e-02
 10 -0.60979  2.80347e-03 | 11 -0.62287  8.49991e-03 | 12 -0.09407  5.59266e-02
 13 -0.00998  2.73069e-03 | 14 -0.01020  2.73644e-03 | 15 -0.01042  2.74303e-03
 16 -0.01063  2.75142e-03 | 17 -0.01083  2.76256e-03 | 18 -0.01104  2.77745e-03
 19 -0.01123  2.79705e-03 | 20 -0.01141  2.82221e-03 | 21 -0.01159  2.85370e-03
 22 -0.01175  2.89217e-03 | 23 -0.01190  2.93808e-03 | 24 -0.01204  2.99171e-03
 25 -0.01217  3.05318e-03 | 26 -0.01227  3.12248e-03 | 27 -0.01236  3.19948e-03
 28 -0.01243  3.28388e-03 | 29 -0.01247  3.37516e-03 | 30 -0.01250  3.47263e-03
 31 -0.01249  3.57572e-03 | 32 -0.01247  3.68385e-03 | 33 -0.01241  3.79647e-03
 34 -0.01233  3.91286e-03 | 35 -0.01222  4.03203e-03 | 36 -0.01207  4.15256e-03
 37 -0.01189  4.27240e-03 | 38 -0.01167  4.38884e-03 | 39 -0.01142  4.49844e-03
 40 -0.01112  4.59663e-03 | 41 -0.01079  4.68062e-03 | 42 -0.01042  4.74660e-03
 43 -0.01002  4.79216e-03 | 44 -0.00958  4.81673e-03 | 45 -0.00913  4.82159e-03
 46 -0.00865  4.81012e-03 | 47 -0.00817  4.78720e-03 | 48 -0.00769  4.75706e-03
 49 -0.00723  4.72182e-03 | 50 -0.00679  4.67972e-03 | 51 -0.00638  4.62444e-03
 52 -0.00602  4.54566e-03 | 53 -0.00571  4.43173e-03 | 54 -0.00544  4.27093e-03
 55 -0.00521  4.05268e-03 | 56 -0.00501  3.76788e-03 | 57 -0.00481  3.40678e-03
 58 -0.00458  2.95629e-03 | 59 -0.00431  2.40053e-03 | 60 -0.00396  1.72188e-03
 61 -0.00350  9.12129e-04 | 62 -0.00290  3.74139e-07 | 63 -0.00213 -8.85171e-04
 64 -0.00114 -1.43028e-03 | 65  0.00009 -1.09494e-03 | 66  0.00160  6.47197e-04
 67  0.00341  3.52155e-03 | 68  0.00553  5.47408e-03 | 69  0.00795  3.82557e-03
 70  0.01068  2.96648e-04 | 71  0.01371  5.84956e-04 | 72  0.01696 -7.04181e-05
 73  0.02032 -3.73963e-03 | 74  0.02367 -5.42501e-03 | 75  0.02665 -3.89536e-02
 76  0.02966  1.69224e-02 | 77  0.03202  6.45030e-02 | 78  0.03296 -1.12857e-02
 79  0.03329 -5.74345e-02 | 80  0.03322 -4.95098e-02 | 81  0.03266 -2.45632e-02
 82  0.03152 -8.11537e-03 | 83  0.02960 -2.64828e-02 | 84  0.02705 -3.58309e-02
 85  0.02394 -1.48123e-02 | 86  0.02010 -2.67659e-02 | 87  0.01613 -3.32786e-02
 88  0.01258 -2.21696e-02 | 89  0.00984 -2.92217e-03 | 90  0.00790 -6.51389e-03
 91  0.00663 -1.58365e-02 | 92  0.00566 -2.15309e-02 | 93  0.00487 -2.17013e-02
 94  0.00471 -1.67417e-02 | 95  0.00527 -7.53261e-03 | 96  0.00527 -1.70876e-02
 97  0.00656 -2.96858e-02 | 98  0.00871 -1.15869e-02 | 99  0.01197  1.20236e-02
100  0.01115 -7.71620e-03 |101  0.00915 -2.95874e-02 |102  0.00750  7.16452e-03
103  0.00077  1.60423e-02 |104  0.00399  6.63400e-03 |105  0.02819  1.40433e-02
106  0.03064 -2.77845e-02 |107  0.00473 -2.90427e-03 |108  0.01724 -4.39625e-03
109  0.06900 -3.38905e-02 |110  0.02795 -4.24069e-02 |111 -0.01047  3.45890e-02
112  0.00791 -1.09610e-02 |113  0.02485 -5.78113e-03 |114  0.03591 -1.99597e-02
115 -0.00971  1.72993e-02 |116 -0.05745  3.81537e-02 |117 -0.08101  6.39400e-02
118 -0.07503  7.47364e-02 |119 -0.03444  6.07182e-02 |120  0.06942 -8.81050e-02
121  0.02309 -4.59397e-02 |122  0.01303 -1.36052e-03 |123 -0.02859  4.53095e-02
124 -0.06780  1.42013e-02 |125 -0.00764  3.50764e-02 |126  0.00440  2.31731e-02
127 -0.02787 -6.95443e-03 |128  0.02715 -1.39976e-02 |129  0.07351 -5.62702e-02
130  0.00916 -4.82038e-03 |131  0.08293  1.74850e-02 |132  0.00571  2.25022e-02
133  0.13304  5.23901e-02 |134 -0.00599  1.06446e-02 |135 -0.04670  1.18315e-02
136 -0.05725  1.71284e-02 |137 -0.02202 -6.98078e-04 |138  0.09456 -1.53875e-02
139  0.03140  1.50984e-02 |140  0.01680  8.55237e-03 |141 -0.02823 -1.60677e-03
142 -0.01785 -1.01239e-03 |143 -0.00599  3.45663e-03 |144 -0.00041 -1.44762e-03
145  0.27888  4.67546e-02 |146  0.18840  4.63739e-02 |147  0.04681 -3.23127e-02
148  0.29663  1.23117e-02 |149  0.01638  4.65875e-02 |150 -0.11477 -1.74024e-01
151 -0.47545  1.03491e-02 |152  0.31304 -5.12613e-02 |153  0.04878 -2.35909e-02
154 -0.23502 -7.95754e-02 |155  0.18290  3.10540e-02 |156  0.25986  2.19415e-02
157  0.17474  3.46713e-02 |158  0.25418 -2.15769e-02 |159  0.00587  3.51454e-02
160 -0.09827  2.45297e-02 |161  0.10381  1.13805e-03 |162  0.29672  4.40907e-03
163  0.16902 -4.46524e-02 |164  0.24620 -2.52033e-02 |165 -0.35074  4.30806e-02
166  0.24308 -2.11681e-02 |167  0.05275  1.59041e+00 |168 -0.18762  1.12901e-01
169  0.15525  5.69741e-02 |170  0.26427 -2.31555e-02 |171  0.07774  2.99909e-01
172 -0.53183 -3.43014e-03 |173 -0.37936  1.70521e-01 |174  0.23638  5.37833e-02
175  0.07820  8.57205e-01 |176 -0.12196 -3.22897e+00 |177  0.05159  2.98627e-02
178  0.11972 -9.56307e-04 |179  0.32169  1.25956e-02 |180  0.27252 -2.32621e-03
181  0.00546 -6.57987e-02 |182  0.00907 -3.03589e-01 |183 -0.15012 -5.24928e-01
184 -0.12571 -7.35612e-01 |185  0.01348 -1.17106e-02 |186  0.39294 -2.56079e-04
187  0.01863 -2.53314e-02 |188 -0.15435 -1.72073e-02 |189  0.09941  3.24939e-03
190  0.16378 -1.97352e-02 |191  0.21875  3.76266e-02 |192  0.25722  5.01728e-02
193  0.02453 -1.04703e+00 |194 -0.00648  4.05696e-02 |195 -0.17628 -1.03318e+00
196 -0.11429 -2.23333e-01 |197 -0.54970 -1.49796e-02 |198  0.17278  9.17166e-02
199  0.09511  4.94189e-01 |200 -0.25343  3.38233e-01 |

Intermediate statistics: 200 variables; iteration 20; function evaluation 23; phase 4
Function value 7.2819645e+03; maximum gradient component mag 3.0082e+00
Var    Value     Gradient |Var    Value     Gradient |Var    Value     Gradient
  1 -0.42221  2.41540e-01 |  2  0.37089  2.14708e-01 |  3 -0.12616 -4.62830e-01
  4 -0.01285 -1.18680e-01 |  5 -0.70507  1.96920e-03 |  6 -0.60471  2.38790e-01
  7  0.37781  8.73228e-01 |  8 -0.18504  5.03958e-01 |  9  0.03155  4.48933e-01
 10 -0.60959 -7.77333e-02 | 11 -0.62289 -8.68028e-01 | 12 -0.09456 -8.01460e-01
 13 -0.01000 -3.84562e-03 | 14 -0.01022 -3.92769e-03 | 15 -0.01044 -4.01335e-03
 16 -0.01065 -4.10334e-03 | 17 -0.01086 -4.19826e-03 | 18 -0.01106 -4.29900e-03
 19 -0.01125 -4.40632e-03 | 20 -0.01144 -4.52088e-03 | 21 -0.01161 -4.64332e-03
 22 -0.01178 -4.77415e-03 | 23 -0.01193 -4.91380e-03 | 24 -0.01207 -5.06262e-03
 25 -0.01219 -5.22097e-03 | 26 -0.01230 -5.38924e-03 | 27 -0.01238 -5.56790e-03
 28 -0.01245 -5.75728e-03 | 29 -0.01250 -5.95736e-03 | 30 -0.01252 -6.16782e-03
 31 -0.01252 -6.38838e-03 | 32 -0.01250 -6.61906e-03 | 33 -0.01244 -6.86002e-03
 34 -0.01236 -7.11154e-03 | 35 -0.01225 -7.37382e-03 | 36 -0.01210 -7.64679e-03
 37 -0.01192 -7.92985e-03 | 38 -0.01171 -8.22175e-03 | 39 -0.01145 -8.52062e-03
 40 -0.01116 -8.82410e-03 | 41 -0.01082 -9.13058e-03 | 42 -0.01046 -9.43865e-03
 43 -0.01005 -9.74799e-03 | 44 -0.00962 -1.00595e-02 | 45 -0.00916 -1.03751e-02
 46 -0.00869 -1.06975e-02 | 47 -0.00821 -1.10306e-02 | 48 -0.00773 -1.13770e-02
 49 -0.00727 -1.17383e-02 | 50 -0.00683 -1.21126e-02 | 51 -0.00642 -1.24941e-02
 52 -0.00606 -1.28733e-02 | 53 -0.00575 -1.32400e-02 | 54 -0.00548 -1.35858e-02
 55 -0.00525 -1.39060e-02 | 56 -0.00505 -1.41995e-02 | 57 -0.00484 -1.44661e-02
 58 -0.00462 -1.47020e-02 | 59 -0.00434 -1.49037e-02 | 60 -0.00399 -1.50664e-02
 61 -0.00353 -1.51925e-02 | 62 -0.00292 -1.53035e-02 | 63 -0.00214 -1.54764e-02
 64 -0.00116 -1.58870e-02 | 65  0.00007 -1.68167e-02 | 66  0.00157 -1.85381e-02
 67  0.00336 -2.08706e-02 | 68  0.00546 -2.27437e-02 | 69  0.00789 -2.28818e-02
 70  0.01064 -2.22410e-02 | 71  0.01366 -2.34920e-02 | 72  0.01691 -2.43640e-02
 73  0.02029 -2.40589e-02 | 74  0.02364 -2.46838e-02 | 75  0.02685 -1.38896e-02
 76  0.02946 -3.47443e-02 | 77  0.03147 -5.08304e-02 | 78  0.03295 -2.74429e-02
 79  0.03360 -1.42071e-02 | 80  0.03347 -1.74712e-02 | 81  0.03273 -2.59109e-02
 82  0.03146 -3.19252e-02 | 83  0.02966 -2.65671e-02 | 84  0.02718 -2.37006e-02
 85  0.02392 -3.18174e-02 | 86  0.02016 -2.74238e-02 | 87  0.01624 -2.46636e-02
 88  0.01262 -2.96211e-02 | 89  0.00975 -3.88509e-02 | 90  0.00784 -3.73353e-02
 91  0.00663 -3.25754e-02 | 92  0.00570 -2.89274e-02 | 93  0.00491 -2.72926e-02
 94  0.00472 -2.76266e-02 | 95  0.00521 -2.96012e-02 | 96  0.00527 -2.19189e-02
 97  0.00665 -1.30128e-02 | 98  0.00868 -1.98151e-02 | 99  0.01180 -2.97162e-02
100  0.01112 -2.15078e-02 |101  0.00929 -1.28628e-02 |102  0.00743 -3.45837e-02
103  0.00065 -4.06124e-02 |104  0.00395 -3.63903e-02 |105  0.02810 -4.56199e-02
106  0.03078 -3.17561e-02 |107  0.00471 -3.59763e-02 |108  0.01721 -4.11827e-02
109  0.06890 -5.58529e-02 |110  0.02797 -5.05733e-02 |111 -0.01079 -7.01729e-02
112  0.00793 -4.87995e-02 |113  0.02480 -2.45386e-02 |114  0.03589  3.72024e-02
115 -0.00975  2.52123e-02 |116 -0.05747  4.47812e-02 |117 -0.08109  4.96868e-02
118 -0.07509  4.68570e-02 |119 -0.03455  1.89601e-02 |120  0.06944  3.73356e-02
121  0.02314  1.45708e-02 |122  0.01311  7.43921e-02 |123 -0.02866  6.74268e-02
124 -0.06777  7.81984e-02 |125 -0.00758  1.04961e-01 |126  0.00449  9.56168e-02
127 -0.02772  6.73110e-02 |128  0.02720  6.00198e-02 |129  0.07382  4.51958e-02
130  0.00921  5.05231e-02 |131  0.08326  7.14039e-02 |132  0.00592  4.64610e-02
133  0.13339  1.07849e-01 |134 -0.00580  5.07444e-02 |135 -0.04655  2.35809e-02
136 -0.05715  1.20605e-02 |137 -0.02180  1.84992e-02 |138  0.09501  4.97197e-02
139  0.03156  1.92134e-02 |140  0.01693  9.34899e-03 |141 -0.02814  1.11533e-02
142 -0.01782  4.14056e-03 |143 -0.00602  2.83448e-03 |144 -0.00040  7.85783e-04
145  0.27945 -5.95652e-01 |146  0.18982  2.24119e-01 |147  0.04692 -6.16679e-01
148  0.29664  7.05116e-01 |149  0.01626 -3.44846e-01 |150 -0.11470 -5.89749e-01
151 -0.47547 -2.48068e-02 |152  0.31347  2.09793e-03 |153  0.04883  2.34872e-02
154 -0.23456  5.82171e-02 |155  0.18320  2.14263e-01 |156  0.25990 -1.35335e-01
157  0.17486 -1.30112e-01 |158  0.25423  2.43408e-01 |159  0.00579 -3.05548e-02
160 -0.09822 -1.23795e-01 |161  0.10415  5.88184e-02 |162  0.29678 -1.01215e-02
163  0.16930  6.91798e-02 |164  0.24631  2.25361e-02 |165 -0.34868  1.04808e-01
166  0.24367 -2.33826e-01 |167  0.05212 -3.50805e-02 |168 -0.18758 -1.30762e+00
169  0.15464  5.52490e-02 |170  0.26452 -2.21039e-02 |171  0.07453  2.87804e-01
172 -0.53179 -3.42464e-03 |173 -0.37973 -7.77934e-02 |174  0.23637  1.98874e-01
175  0.07796 -1.13985e-01 |176 -0.12150  2.02999e-01 |177  0.05141  6.02608e-02
178  0.11965 -3.19182e-01 |179  0.32164  3.26982e-02 |180  0.27251  3.82626e-01
181  0.00566  6.87052e-02 |182  0.00916 -2.04562e-01 |183 -0.14996 -3.07111e-01
184 -0.12563 -4.28187e-01 |185  0.01354  1.68945e-03 |186  0.39283 -4.78264e-02
187  0.01861 -1.85313e-02 |188 -0.15429 -9.91340e-03 |189  0.09935  2.22057e-01
190  0.16384 -1.33053e+00 |191  0.21867 -6.40645e-01 |192  0.25727  3.00821e+00
193  0.02458  1.03597e-01 |194 -0.00646  2.56904e-01 |195 -0.17619  1.68520e-01
196 -0.11423 -2.48755e-01 |197 -0.54958  4.63842e-02 |198  0.17275  3.28838e-02
199  0.09517  5.92925e-01 |200 -0.25464  1.26852e-01 |
200 variables; iteration 40; function evaluation 44; phase 4
Function value 7.2819603e+03; maximum gradient component mag 3.5029e+00
Var    Value     Gradient |Var    Value     Gradient |Var    Value     Gradient
  1 -0.42219  4.02916e-04 |  2  0.37091  7.39749e-01 |  3 -0.12623 -1.11672e+00
  4 -0.01285 -1.74334e-03 |  5 -0.70510  2.13333e-01 |  6 -0.60461  2.54367e+00
  7  0.37777  5.95011e-01 |  8 -0.18512  6.52723e-01 |  9  0.03165  6.09493e-01
 10 -0.60957 -4.49971e-02 | 11 -0.62292 -1.70994e+00 | 12 -0.09617 -8.75715e-01
 13 -0.00997  2.70933e-04 | 14 -0.01019  2.42611e-04 | 15 -0.01041  2.11804e-04
 16 -0.01062  1.78379e-04 | 17 -0.01082  1.41909e-04 | 18 -0.01102  1.02403e-04
 19 -0.01122  5.96788e-05 | 20 -0.01140  1.33821e-05 | 21 -0.01158 -3.68940e-05
 22 -0.01174 -9.16649e-05 | 23 -0.01189 -1.51535e-04 | 24 -0.01203 -2.17148e-04
 25 -0.01215 -2.89069e-04 | 26 -0.01226 -3.67595e-04 | 27 -0.01235 -4.52698e-04
 28 -0.01241 -5.44307e-04 | 29 -0.01246 -6.42880e-04 | 30 -0.01248 -7.49459e-04
 31 -0.01248 -8.65453e-04 | 32 -0.01245 -9.91909e-04 | 33 -0.01240 -1.12963e-03
 34 -0.01232 -1.27897e-03 | 35 -0.01221 -1.43974e-03 | 36 -0.01206 -1.61141e-03
 37 -0.01188 -1.79331e-03 | 38 -0.01166 -1.98518e-03 | 39 -0.01141 -2.18711e-03
 40 -0.01111 -2.39853e-03 | 41 -0.01078 -2.62215e-03 | 42 -0.01041 -2.85779e-03
 43 -0.01001 -3.10524e-03 | 44 -0.00958 -3.36381e-03 | 45 -0.00912 -3.63201e-03
 46 -0.00865 -3.90778e-03 | 47 -0.00817 -4.18892e-03 | 48 -0.00769 -4.47228e-03
 49 -0.00722 -4.75428e-03 | 50 -0.00679 -5.03111e-03 | 51 -0.00638 -5.29919e-03
 52 -0.00602 -5.55578e-03 | 53 -0.00571 -5.80008e-03 | 54 -0.00544 -6.03076e-03
 55 -0.00521 -6.24465e-03 | 56 -0.00501 -6.43821e-03 | 57 -0.00480 -6.60889e-03
 58 -0.00458 -6.75433e-03 | 59 -0.00431 -6.87544e-03 | 60 -0.00395 -6.97366e-03
 61 -0.00349 -7.05245e-03 | 62 -0.00289 -7.11066e-03 | 63 -0.00211 -7.13599e-03
 64 -0.00112 -7.08571e-03 | 65  0.00011 -6.86155e-03 | 66  0.00161 -6.33505e-03
 67  0.00342 -5.47703e-03 | 68  0.00553 -4.65799e-03 | 69  0.00797 -4.57877e-03
 70  0.01071 -5.03779e-03 | 71  0.01375 -4.55071e-03 | 72  0.01700 -4.36171e-03
 73  0.02038 -5.21197e-03 | 74  0.02374 -5.59377e-03 | 75  0.02684 -1.63324e-02
 76  0.02966  1.24157e-03 | 77  0.03185  1.51819e-02 | 78  0.03308 -8.47403e-03
 79  0.03359 -2.27321e-02 | 80  0.03351 -2.12257e-02 | 81  0.03286 -1.48342e-02
 82  0.03165 -1.09153e-02 | 83  0.02981 -1.77965e-02 | 84  0.02730 -2.22126e-02
 85  0.02412 -1.70967e-02 | 86  0.02033 -2.27984e-02 | 87  0.01638 -2.68817e-02
 88  0.01280 -2.60584e-02 | 89  0.01001 -2.38322e-02 | 90  0.00808 -2.78725e-02
 91  0.00685 -3.30554e-02 | 92  0.00590 -3.70428e-02 | 93  0.00512 -3.93620e-02
 94  0.00494 -4.00687e-02 | 95  0.00546 -3.93425e-02 | 96  0.00548 -4.22789e-02
 97  0.00680 -4.54818e-02 | 98  0.00886 -4.13336e-02 | 99  0.01203 -3.48465e-02
100  0.01126 -4.03149e-02 |101  0.00930 -4.38941e-02 |102  0.00751 -3.20331e-02
103  0.00068 -2.50195e-02 |104  0.00388 -1.15269e-02 |105  0.02802  1.84178e-02
106  0.03051  2.97189e-02 |107  0.00452  5.36655e-02 |108  0.01710  8.69201e-02
109  0.06879  1.35518e-01 |110  0.02787  8.42290e-02 |111 -0.01075  5.26674e-02
112  0.00785  4.30047e-02 |113  0.02471  3.27903e-02 |114  0.03555  6.86981e-04
115 -0.01005 -3.05862e-02 |116 -0.05778 -2.41302e-02 |117 -0.08134 -8.54659e-04
118 -0.07533 -1.10642e-03 |119 -0.03476 -4.85438e-02 |120  0.06906 -1.97450e-01
121  0.02282 -1.45245e-01 |122  0.01277 -6.71014e-02 |123 -0.02898 -3.26506e-02
124 -0.06805  1.22888e-02 |125 -0.00794  2.23856e-02 |126  0.00410  2.29695e-02
127 -0.02803  1.77371e-02 |128  0.02690  6.53151e-03 |129  0.07338 -3.37662e-02
130  0.00905  3.47009e-02 |131  0.08292  4.23959e-02 |132  0.00574  4.01005e-02
133  0.13313  1.12384e-01 |134 -0.00597  2.58039e-02 |135 -0.04668  1.28140e-02
136 -0.05726 -8.58304e-03 |137 -0.02191 -4.02857e-03 |138  0.09484  1.06480e-02
139  0.03144  4.93664e-04 |140  0.01679 -1.75483e-02 |141 -0.02822 -6.03746e-04
142 -0.01789 -1.40161e-02 |143 -0.00600  1.07232e-02 |144 -0.00040 -2.88054e-04
145  0.28186 -2.72783e-01 |146  0.19178  6.46432e-02 |147  0.04688 -7.25265e-01
148  0.29660  5.32149e-01 |149  0.01631 -2.37383e-01 |150 -0.11461 -2.78804e-01
151 -0.47419 -1.75051e-02 |152  0.31424  1.40493e-02 |153  0.04832 -1.16709e-01
154 -0.23445  3.81620e-02 |155  0.18330 -2.84956e-01 |156  0.25995  8.31845e-01
157  0.17498  7.89148e-01 |158  0.25415 -1.04302e+00 |159  0.00577  2.16938e-01
160 -0.09813  2.57104e-01 |161  0.10432 -2.57538e-01 |162  0.29686  7.40393e-01
163  0.16933 -7.79761e-02 |164  0.24630  1.23740e-01 |165 -0.34880  1.81937e-01
166  0.24354 -6.88873e-01 |167  0.05205 -3.07492e-01 |168 -0.18756 -4.59186e-01
169  0.14949 -3.49128e-03 |170  0.26655  1.79646e-03 |171  0.04752  2.24519e-02
172 -0.53145 -3.37608e-03 |173 -0.38061 -1.74661e-02 |174  0.23602 -7.15266e-02
175  0.07812 -3.64664e-02 |176 -0.12143  3.74300e-01 |177  0.05154 -9.21772e-02
178  0.11971 -2.90777e-01 |179  0.32152 -4.56970e-01 |180  0.27246 -9.11076e-02
181  0.00526 -2.71698e-01 |182  0.00904 -4.41455e-01 |183 -0.14967 -1.33077e-01
184 -0.12558 -6.48535e-01 |185  0.01359 -8.55817e-02 |186  0.39285 -5.49280e-02
187  0.01856 -1.79435e-01 |188 -0.15433 -2.08100e-01 |189  0.09954  8.32048e-01
190  0.16406 -6.69423e-01 |191  0.21883  4.59411e-01 |192  0.25738  3.50292e+00
193  0.02452  2.51831e-01 |194 -0.00674  1.25649e-01 |195 -0.17618 -9.22064e-01
196 -0.11413  3.05815e-01 |197 -0.55002 -6.26627e-02 |198  0.17260  9.36772e-02
199  0.09502 -8.06048e-02 |200 -0.25411  4.78194e-02 |
200 variables; iteration 60; function evaluation 64; phase 4
Function value 7.2819595e+03; maximum gradient component mag 1.8351e+00
Var    Value     Gradient |Var    Value     Gradient |Var    Value     Gradient
  1 -0.42221 -5.97316e-02 |  2  0.37088  3.61022e-01 |  3 -0.12620 -6.40180e-01
  4 -0.01281  1.58897e-02 |  5 -0.70515  1.05641e-01 |  6 -0.60467  1.35579e+00
  7  0.37774  3.11583e-01 |  8 -0.18509  3.41828e-01 |  9  0.03167  2.94195e-01
 10 -0.60972 -3.38624e-02 | 11 -0.62289 -9.35275e-01 | 12 -0.09502 -3.00704e-01
 13 -0.00998  1.43290e-03 | 14 -0.01020  1.27211e-03 | 15 -0.01041  1.10036e-03
 16 -0.01063  9.17942e-04 | 17 -0.01083  7.25140e-04 | 18 -0.01103  5.22139e-04
 19 -0.01123  3.09046e-04 | 20 -0.01141  8.58268e-05 | 21 -0.01159 -1.47741e-04
 22 -0.01175 -3.92099e-04 | 23 -0.01191 -6.47951e-04 | 24 -0.01205 -9.16293e-04
 25 -0.01217 -1.19840e-03 | 26 -0.01228 -1.49566e-03 | 27 -0.01236 -1.80946e-03
 28 -0.01243 -2.14108e-03 | 29 -0.01248 -2.49186e-03 | 30 -0.01250 -2.86339e-03
 31 -0.01250 -3.25750e-03 | 32 -0.01248 -3.67612e-03 | 33 -0.01243 -4.12121e-03
 34 -0.01235 -4.59464e-03 | 35 -0.01223 -5.09811e-03 | 36 -0.01209 -5.63315e-03
 37 -0.01191 -6.20124e-03 | 38 -0.01169 -6.80412e-03 | 39 -0.01144 -7.44413e-03
 40 -0.01115 -8.12425e-03 | 41 -0.01082 -8.84814e-03 | 42 -0.01045 -9.61910e-03
 43 -0.01005 -1.04389e-02 | 44 -0.00962 -1.13063e-02 | 45 -0.00916 -1.22158e-02
 46 -0.00869 -1.31569e-02 | 47 -0.00821 -1.41152e-02 | 48 -0.00774 -1.50736e-02
 49 -0.00727 -1.60142e-02 | 50 -0.00684 -1.69197e-02 | 51 -0.00643 -1.77747e-02
 52 -0.00608 -1.85655e-02 | 53 -0.00576 -1.92834e-02 | 54 -0.00550 -1.99235e-02
 55 -0.00527 -2.04839e-02 | 56 -0.00507 -2.09648e-02 | 57 -0.00486 -2.13680e-02
 58 -0.00464 -2.16963e-02 | 59 -0.00437 -2.19613e-02 | 60 -0.00401 -2.21770e-02
 61 -0.00356 -2.23481e-02 | 62 -0.00295 -2.24222e-02 | 63 -0.00217 -2.21977e-02
 64 -0.00118 -2.11777e-02 | 65  0.00006 -1.84892e-02 | 66  0.00158 -1.33047e-02
 67  0.00341 -6.14516e-03 | 68  0.00554 -4.76029e-04 | 69  0.00797 -4.56402e-04
 70  0.01071 -3.10401e-03 | 71  0.01374 -1.18161e-03 | 72  0.01700 -1.43369e-03
 73  0.02036 -4.62196e-03 | 74  0.02371 -6.67717e-03 | 75  0.02684 -9.53107e-03
 76  0.02952 -1.75170e-02 | 77  0.03148 -4.21102e-02 | 78  0.03296 -1.83700e-02
 79  0.03365  2.28208e-04 | 80  0.03350 -6.93832e-03 | 81  0.03272 -2.17017e-02
 82  0.03144 -2.98315e-02 | 83  0.02965 -2.49038e-02 | 84  0.02714 -2.50081e-02
 85  0.02395 -2.12743e-02 | 86  0.02017 -2.24211e-02 | 87  0.01621 -2.62874e-02
 88  0.01268 -1.32835e-02 | 89  0.00998  1.39703e-02 | 90  0.00805  1.05490e-02
 91  0.00676 -4.01767e-03 | 92  0.00577 -1.59151e-02 | 93  0.00496 -2.16067e-02
 94  0.00479 -2.03727e-02 | 95  0.00533 -1.22981e-02 | 96  0.00528 -2.99465e-02
 97  0.00653 -4.87386e-02 | 98  0.00871 -1.91246e-02 | 99  0.01199  1.11302e-02
100  0.01119 -3.19822e-03 |101  0.00916 -2.96042e-02 |102  0.00757  2.35025e-02
103  0.00074  1.97278e-02 |104  0.00393  1.05349e-02 |105  0.02808  2.73226e-02
106  0.03047 -5.28943e-03 |107  0.00463  2.99438e-02 |108  0.01719  4.34639e-02
109  0.06882  2.86375e-02 |110  0.02802  2.39856e-02 |111 -0.01052  4.13274e-02
112  0.00793 -7.28258e-03 |113  0.02496  3.15425e-02 |114  0.03560 -3.64063e-02
115 -0.00979  7.45364e-03 |116 -0.05759  1.98880e-03 |117 -0.08134 -5.01136e-02
118 -0.07509  5.72694e-02 |119 -0.03446  6.45484e-02 |120  0.06929 -4.91872e-02
121  0.02303 -5.32866e-02 |122  0.01299  1.42542e-02 |123 -0.02864  9.09587e-02
124 -0.06786  4.45856e-02 |125 -0.00763  1.01508e-01 |126  0.00442  9.18026e-02
127 -0.02789  2.33668e-02 |128  0.02717  3.16335e-02 |129  0.07351 -4.02142e-02
130  0.00926  3.06616e-02 |131  0.08290 -5.93864e-02 |132  0.00585  2.94691e-02
133  0.13316  1.77220e-02 |134 -0.00597 -1.74355e-02 |135 -0.04652  5.38838e-02
136 -0.05709  4.70177e-02 |137 -0.02186  1.32452e-02 |138  0.09469 -5.43413e-02
139  0.03137 -4.07729e-02 |140  0.01701  5.91737e-02 |141 -0.02839 -6.64112e-02
142 -0.01800 -4.67478e-02 |143 -0.00599  8.80448e-03 |144 -0.00042 -2.66667e-03
145  0.28022 -1.53940e-01 |146  0.19048  8.82490e-02 |147  0.04688 -4.14139e-01
148  0.29662  2.51905e-01 |149  0.01629 -1.49869e-01 |150 -0.11464 -1.13308e-01
151 -0.47649 -1.05661e-01 |152  0.31273 -2.49104e-04 |153  0.04908 -1.17783e-01
154 -0.23490 -6.17819e-02 |155  0.18320 -1.13579e-01 |156  0.25994  4.53617e-01
157  0.17491  4.27299e-01 |158  0.25418 -5.49876e-01 |159  0.00579  1.18238e-01
160 -0.09817  1.67740e-01 |161  0.10404 -1.93357e-01 |162  0.29677  3.87254e-01
163  0.16921 -6.91381e-02 |164  0.24625  4.87668e-02 |165 -0.34861  1.27462e-01
166  0.24366 -3.50059e-01 |167  0.05206 -1.53464e-01 |168 -0.18756 -2.47835e-01
169  0.15368 -1.08023e-02 |170  0.26571 -9.59960e-03 |171  0.04380 -9.96462e-03
172 -0.52982 -3.35157e-03 |173 -0.37952  2.40721e-02 |174  0.23640  6.30974e-03
175  0.07794  2.55277e-02 |176 -0.12152  2.31882e-01 |177  0.05162 -9.79377e-04
178  0.11963 -1.38677e-01 |179  0.32166 -1.43221e-01 |180  0.27246 -1.64353e-02
181  0.00532 -9.44302e-02 |182  0.00919 -1.15232e-01 |183 -0.14977 -1.52379e-02
184 -0.12561 -3.94492e-01 |185  0.01349 -2.05029e-01 |186  0.39278 -4.55973e-02
187  0.01854 -3.02681e-01 |188 -0.15433 -2.03215e-01 |189  0.09946  4.75516e-01
190  0.16395 -3.44303e-01 |191  0.21878  2.23343e-01 |192  0.25731  1.83513e+00
193  0.02454  1.68281e-01 |194 -0.00664  1.03403e-01 |195 -0.17620 -4.89212e-01
196 -0.11418  1.92015e-01 |197 -0.54927 -7.12477e-03 |198  0.17288  7.00664e-02
199  0.09502 -3.64281e-02 |200 -0.25438  1.56893e-02 |
200 variables; iteration 80; function evaluation 88; phase 4
Function value 7.2819589e+03; maximum gradient component mag -3.6802e-01
Var    Value     Gradient |Var    Value     Gradient |Var    Value     Gradient
  1 -0.42219  3.27253e-03 |  2  0.37087 -7.36949e-02 |  3 -0.12617  1.19888e-01
  4 -0.01283  6.10716e-03 |  5 -0.70507  5.07543e-04 |  6 -0.60473 -2.70948e-01
  7  0.37779 -5.33594e-02 |  8 -0.18506 -6.75352e-02 |  9  0.03157 -6.84908e-02
 10 -0.60958  6.34297e-02 | 11 -0.62286  1.79884e-01 | 12 -0.09486  7.80982e-02
 13 -0.00998  1.01449e-03 | 14 -0.01020  9.37767e-04 | 15 -0.01042  8.54899e-04
 16 -0.01063  7.66256e-04 | 17 -0.01084  6.72231e-04 | 18 -0.01104  5.73291e-04
 19 -0.01123  4.69918e-04 | 20 -0.01142  3.62579e-04 | 21 -0.01159  2.51711e-04
 22 -0.01176  1.37713e-04 | 23 -0.01191  2.09179e-05 | 24 -0.01205 -9.84318e-05
 25 -0.01217 -2.20164e-04 | 26 -0.01228 -3.44149e-04 | 27 -0.01237 -4.70224e-04
 28 -0.01244 -5.98130e-04 | 29 -0.01248 -7.27547e-04 | 30 -0.01251 -8.58226e-04
 31 -0.01250 -9.90060e-04 | 32 -0.01248 -1.12299e-03 | 33 -0.01243 -1.25701e-03
 34 -0.01234 -1.39218e-03 | 35 -0.01223 -1.52859e-03 | 36 -0.01209 -1.66646e-03
 37 -0.01191 -1.80615e-03 | 38 -0.01169 -1.94839e-03 | 39 -0.01143 -2.09438e-03
 40 -0.01114 -2.24589e-03 | 41 -0.01081 -2.40491e-03 | 42 -0.01044 -2.57342e-03
 43 -0.01004 -2.75246e-03 | 44 -0.00960 -2.94124e-03 | 45 -0.00915 -3.13652e-03
 46 -0.00868 -3.33225e-03 | 47 -0.00820 -3.52003e-03 | 48 -0.00772 -3.68994e-03
 49 -0.00725 -3.83162e-03 | 50 -0.00681 -3.93491e-03 | 51 -0.00641 -3.99037e-03
 52 -0.00605 -3.99003e-03 | 53 -0.00574 -3.92860e-03 | 54 -0.00547 -3.80372e-03
 55 -0.00524 -3.61511e-03 | 56 -0.00503 -3.36296e-03 | 57 -0.00483 -3.04740e-03
 58 -0.00460 -2.66949e-03 | 59 -0.00432 -2.23221e-03 | 60 -0.00397 -1.73809e-03
 61 -0.00351 -1.18337e-03 | 62 -0.00290 -5.43926e-04 | 63 -0.00212  2.44720e-04
 64 -0.00113  1.29031e-03 | 65  0.00010  2.65535e-03 | 66  0.00161  4.09736e-03
 67  0.00341  4.81669e-03 | 68  0.00552  4.02588e-03 | 69  0.00794  2.46688e-03
 70  0.01068  1.23317e-03 | 71  0.01369 -1.54469e-03 | 72  0.01693 -3.78219e-03
 73  0.02031 -4.08017e-03 | 74  0.02366 -4.48367e-03 | 75  0.02681 -2.89783e-03
 76  0.02953 -2.78198e-03 | 77  0.03164  1.08027e-03 | 78  0.03297 -3.53947e-03
 79  0.03353 -5.49883e-03 | 80  0.03342 -5.01425e-03 | 81  0.03273 -3.45544e-03
 82  0.03150 -1.68633e-03 | 83  0.02967 -1.87837e-03 | 84  0.02717 -7.48943e-04
 85  0.02394 -2.61701e-03 | 86  0.02018 -3.66411e-04 | 87  0.01625  3.39211e-03
 88  0.01264  4.30485e-04 | 89  0.00980 -2.38106e-03 | 90  0.00791  4.42289e-03
 91  0.00670  1.05034e-02 | 92  0.00577  1.39171e-02 | 93  0.00499  1.53528e-02
 94  0.00481  1.58854e-02 | 95  0.00532  1.56647e-02 | 96  0.00535  1.58622e-02
 97  0.00670  1.76368e-02 | 98  0.00875  1.54757e-02 | 99  0.01187  5.11683e-03
100  0.01117  1.00756e-02 |101  0.00930  1.35116e-02 |102  0.00748  5.73403e-03
103  0.00072  1.09763e-02 |104  0.00395  5.13435e-03 |105  0.02797 -1.83711e-02
106  0.03059 -4.53054e-03 |107  0.00458 -5.26352e-03 |108  0.01712 -1.15504e-02
109  0.06888 -8.00892e-03 |110  0.02806  2.99264e-03 |111 -0.01056  1.34653e-02
112  0.00797 -2.44375e-04 |113  0.02484  1.87150e-02 |114  0.03575  8.78988e-03
115 -0.00981  4.65909e-03 |116 -0.05760 -9.59529e-03 |117 -0.08121 -1.47506e-02
118 -0.07519 -6.29979e-03 |119 -0.03459 -2.12616e-03 |120  0.06939  8.03220e-03
121  0.02314  1.65708e-02 |122  0.01305  2.74436e-02 |123 -0.02874 -6.30306e-04
124 -0.06788 -1.21216e-02 |125 -0.00773 -3.27844e-02 |126  0.00436 -2.47774e-02
127 -0.02783 -4.38900e-03 |128  0.02715  1.51711e-02 |129  0.07379  2.90108e-02
130  0.00909 -2.92645e-04 |131  0.08307 -3.44726e-02 |132  0.00578 -1.54620e-02
133  0.13319 -2.34420e-02 |134 -0.00593  5.84797e-03 |135 -0.04663  9.75000e-03
136 -0.05718  1.51844e-02 |137 -0.02186  1.06080e-02 |138  0.09481 -9.94176e-03
139  0.03151  1.22110e-02 |140  0.01689  8.82764e-03 |141 -0.02819  1.33189e-03
142 -0.01797 -3.70704e-02 |143 -0.00604 -3.36161e-03 |144 -0.00041 -6.56932e-04
145  0.28003  2.43946e-02 |146  0.19008 -7.13773e-03 |147  0.04697  8.18988e-02
148  0.29664 -5.06862e-02 |149  0.01626  2.34749e-02 |150 -0.11466  2.67381e-02
151 -0.47504 -2.13220e-02 |152  0.31382  1.24611e-02 |153  0.04868 -1.57415e-02
154 -0.23465  6.19818e-03 |155  0.18313  7.33915e-02 |156  0.25988 -6.32722e-02
157  0.17484 -7.98214e-02 |158  0.25421  1.10370e-01 |159  0.00580 -2.43139e-02
160 -0.09820 -3.44756e-02 |161  0.10409  3.57887e-02 |162  0.29676 -6.88500e-02
163  0.16922 -1.31564e-03 |164  0.24626 -1.54981e-02 |165 -0.34904 -3.85106e-02
166  0.24361  6.60043e-02 |167  0.05218  3.24998e-02 |168 -0.18757  5.08940e-02
169  0.16521 -1.55385e-02 |170  0.27233  8.81258e-03 |171  0.04280  1.54209e-02
172 -0.52591 -3.30333e-03 |173 -0.37989  7.61408e-04 |174  0.23626 -5.82667e-04
175  0.07801 -9.37052e-03 |176 -0.12154 -4.54759e-02 |177  0.05134 -1.04262e-02
178  0.11968  1.85331e-02 |179  0.32162  2.60692e-02 |180  0.27250 -4.24489e-04
181  0.00564  2.39505e-02 |182  0.00917  3.05613e-02 |183 -0.14982 -5.42528e-03
184 -0.12558  7.84117e-02 |185  0.01356  2.61413e-02 |186  0.39291 -7.60218e-03
187  0.01861  4.14283e-02 |188 -0.15423  7.99192e-02 |189  0.09939 -9.02216e-02
190  0.16386  6.86532e-02 |191  0.21871 -4.53789e-02 |192  0.25721 -3.68022e-01
193  0.02456 -3.08249e-02 |194 -0.00655 -2.03626e-02 |195 -0.17618  1.00043e-01
196 -0.11422 -3.30964e-02 |197 -0.54984  1.57649e-02 |198  0.17252 -5.20065e-02
199  0.09512  1.87043e-02 |200 -0.25433  1.64006e-03 |
200 variables; iteration 100; function evaluation 117; phase 4
Function value 7.2819568e+03; maximum gradient component mag -1.3275e+00
Var    Value     Gradient |Var    Value     Gradient |Var    Value     Gradient
  1 -0.42219  5.24221e-02 |  2  0.37091 -2.37529e-01 |  3 -0.12611  4.87957e-01
  4 -0.01293 -6.22884e-02 |  5 -0.70495 -6.95692e-02 |  6 -0.60475 -9.76154e-01
  7  0.37782 -2.09084e-01 |  8 -0.18503 -2.33063e-01 |  9  0.03150 -2.39746e-01
 10 -0.60959 -5.79231e-03 | 11 -0.62284  6.86280e-01 | 12 -0.09497  1.54111e-01
 13 -0.01007 -2.23456e-02 | 14 -0.01029 -2.44634e-02 | 15 -0.01051 -2.65130e-02
 16 -0.01073 -2.84698e-02 | 17 -0.01095 -3.03119e-02 | 18 -0.01115 -3.20153e-02
 19 -0.01135 -3.35575e-02 | 20 -0.01154 -3.49187e-02 | 21 -0.01172 -3.60802e-02
 22 -0.01189 -3.70249e-02 | 23 -0.01204 -3.77373e-02 | 24 -0.01218 -3.82037e-02
 25 -0.01230 -3.84112e-02 | 26 -0.01241 -3.83481e-02 | 27 -0.01249 -3.80028e-02
 28 -0.01256 -3.73633e-02 | 29 -0.01260 -3.64163e-02 | 30 -0.01262 -3.51477e-02
 31 -0.01261 -3.35427e-02 | 32 -0.01258 -3.15873e-02 | 33 -0.01251 -2.92706e-02
 34 -0.01242 -2.65874e-02 | 35 -0.01230 -2.35412e-02 | 36 -0.01214 -2.01479e-02
 37 -0.01194 -1.64384e-02 | 38 -0.01171 -1.24633e-02 | 39 -0.01144 -8.29711e-03
 40 -0.01113 -4.05217e-03 | 41 -0.01078  1.40347e-04 | 42 -0.01039  4.09464e-03
 43 -0.00998  7.59225e-03 | 44 -0.00953  1.03953e-02 | 45 -0.00907  1.22718e-02
 46 -0.00859  1.30317e-02 | 47 -0.00811  1.25627e-02 | 48 -0.00764  1.08350e-02
 49 -0.00718  7.90366e-03 | 50 -0.00676  3.88918e-03 | 51 -0.00637 -1.04894e-03
 52 -0.00603 -6.74193e-03 | 53 -0.00575 -1.30288e-02 | 54 -0.00551 -1.97932e-02
 55 -0.00531 -2.69472e-02 | 56 -0.00513 -3.43710e-02 | 57 -0.00496 -4.18663e-02
 58 -0.00476 -4.91216e-02 | 59 -0.00452 -5.56551e-02 | 60 -0.00419 -6.07337e-02
 61 -0.00375 -6.32282e-02 | 62 -0.00315 -6.13444e-02 | 63 -0.00234 -5.23542e-02
 64 -0.00128 -3.30598e-02 | 65  0.00006 -3.06789e-03 | 66  0.00167  2.78848e-02
 67  0.00350  3.84971e-02 | 68  0.00553  2.15783e-02 | 69  0.00788  7.44084e-03
 70  0.01063  1.12497e-02 | 71  0.01370  2.58315e-02 | 72  0.01698  3.51390e-02
 73  0.02032  3.36857e-02 | 74  0.02371  4.50152e-02 | 75  0.02673  2.38608e-02
 76  0.02992  1.16890e-01 | 77  0.03151  2.49978e-02 | 78  0.03335  1.17322e-01
 79  0.03350  4.12183e-02 | 80  0.03359  7.77867e-02 | 81  0.03308  1.12080e-01
 82  0.03154  5.47862e-02 | 83  0.02969  4.50458e-02 | 84  0.02713  3.02684e-02
 85  0.02404  5.11081e-02 | 86  0.02020  3.11089e-02 | 87  0.01626  2.37819e-02
 88  0.01266  1.53556e-02 | 89  0.00969 -2.46738e-02 | 90  0.00776 -3.34808e-02
 91  0.00667 -9.03536e-03 | 92  0.00580  2.97560e-03 | 93  0.00499 -8.54381e-03
 94  0.00473 -3.25537e-02 | 95  0.00514 -6.17047e-02 | 96  0.00520 -6.28792e-02
 97  0.00667 -3.84560e-02 | 98  0.00857 -8.13946e-02 | 99  0.01168 -8.72665e-02
100  0.01106 -5.63483e-02 |101  0.00947  2.99866e-02 |102  0.00738 -1.81069e-02
103  0.00071  2.03498e-02 |104  0.00409  6.78744e-02 |105  0.02805  5.64841e-02
106  0.03041 -1.66890e-02 |107  0.00445 -4.55995e-02 |108  0.01749  7.73511e-02
109  0.06897 -5.02110e-02 |110  0.02816 -7.12038e-02 |111 -0.01116 -2.26957e-01
112  0.00707 -2.67065e-01 |113  0.02554  2.61034e-01 |114  0.03555  2.22243e-02
115 -0.00996 -9.64812e-02 |116 -0.05801 -1.97987e-01 |117 -0.08076  1.88359e-01
118 -0.07540 -5.03126e-02 |119 -0.03458  2.51823e-02 |120  0.06929 -1.77908e-02
121  0.02320  2.56821e-02 |122  0.01275 -1.41905e-01 |123 -0.02883 -6.30599e-02
124 -0.06779  3.41210e-02 |125 -0.00787 -6.98270e-02 |126  0.00426 -4.13346e-02
127 -0.02741  1.38082e-01 |128  0.02695 -6.61962e-02 |129  0.07359 -1.23795e-01
130  0.00890 -5.46873e-02 |131  0.08340  2.43259e-01 |132  0.00620  2.26745e-01
133  0.13327  7.66737e-02 |134 -0.00603 -3.75899e-02 |135 -0.04681 -5.85244e-02
136 -0.05744 -7.85053e-02 |137 -0.02178  2.28539e-02 |138  0.09475 -6.50755e-02
139  0.03122 -8.97585e-02 |140  0.01693  2.82833e-02 |141 -0.02790  8.61489e-02
142 -0.01646  4.03202e-01 |143 -0.00689 -2.31749e-01 |144 -0.00046 -1.45986e-02
145  0.28047  2.93053e-01 |146  0.18964 -2.45554e-01 |147  0.04703  3.29919e-01
148  0.29665 -1.80939e-01 |149  0.01625  8.57398e-02 |150 -0.11468  7.53316e-02
151 -0.47686  1.56421e-04 |152  0.31264  1.17732e-02 |153  0.04950  2.96316e-01
154 -0.23499 -5.99639e-02 |155  0.18282 -1.09291e-01 |156  0.25970 -4.37733e-01
157  0.17478 -3.12320e-01 |158  0.25420  3.94810e-01 |159  0.00584 -7.81871e-02
160 -0.09823 -1.22825e-01 |161  0.10399  1.06212e-01 |162  0.29669 -3.22093e-01
163  0.16911 -3.27710e-02 |164  0.24619 -9.59695e-02 |165 -0.34911 -6.66844e-02
166  0.24359  2.33863e-01 |167  0.05217  9.35869e-02 |168 -0.18765  1.34281e-01
169  0.27249 -2.05947e-02 |170  0.29780  4.18790e-02 |171  0.00809  6.06405e-02
172 -0.49905 -2.92398e-03 |173 -0.38143 -6.50298e-02 |174  0.23573 -2.79974e-02
175  0.07834 -1.15030e-02 |176 -0.12151 -1.64095e-01 |177  0.05183  5.91965e-02
178  0.11964  4.88779e-02 |179  0.32183  1.36262e-01 |180  0.27249 -1.43839e-02
181  0.00527  3.36941e-02 |182  0.00925  1.42502e-01 |183 -0.14977  2.23785e-02
184 -0.12559  2.69375e-01 |185  0.01365  2.29259e-01 |186  0.39304  7.96339e-02
187  0.01874  2.84487e-01 |188 -0.15441 -4.89541e-02 |189  0.09936 -3.58588e-01
190  0.16381  2.52980e-01 |191  0.21869 -1.55330e-01 |192  0.25716 -1.32750e+00
193  0.02458 -1.28600e-01 |194 -0.00650 -7.41642e-02 |195 -0.17618  3.46736e-01
196 -0.11425 -1.55853e-01 |197 -0.54878 -1.00813e-02 |198  0.17327  1.48557e-01
199  0.09520  7.74644e-02 |200 -0.25414 -4.26288e-02 |
200 variables; iteration 120; function evaluation 147; phase 4
Function value 7.2819502e+03; maximum gradient component mag 2.5511e-01
Var    Value     Gradient |Var    Value     Gradient |Var    Value     Gradient
  1 -0.42221 -9.38428e-03 |  2  0.37089  4.57060e-02 |  3 -0.12616 -5.95024e-02
  4 -0.01286 -1.37180e-02 |  5 -0.70497  8.13863e-02 |  6 -0.60472  1.18266e-01
  7  0.37778  4.81932e-02 |  8 -0.18505  3.62063e-02 |  9  0.03158 -3.38647e-03
 10 -0.60956  8.47620e-02 | 11 -0.62288 -9.95102e-02 | 12 -0.09509 -8.99845e-02
 13 -0.01011 -4.01833e-02 | 14 -0.01032 -3.65036e-02 | 15 -0.01052 -3.29925e-02
 16 -0.01072 -2.97617e-02 | 17 -0.01091 -2.69082e-02 | 18 -0.01110 -2.45191e-02
 19 -0.01129 -2.26603e-02 | 20 -0.01147 -2.13729e-02 | 21 -0.01164 -2.06740e-02
 22 -0.01180 -2.05583e-02 | 23 -0.01195 -2.09996e-02 | 24 -0.01209 -2.19543e-02
 25 -0.01222 -2.33671e-02 | 26 -0.01233 -2.51751e-02 | 27 -0.01243 -2.73137e-02
 28 -0.01251 -2.97239e-02 | 29 -0.01256 -3.23611e-02 | 30 -0.01259 -3.52034e-02
 31 -0.01260 -3.82566e-02 | 32 -0.01259 -4.15516e-02 | 33 -0.01255 -4.51448e-02
 34 -0.01248 -4.91137e-02 | 35 -0.01238 -5.35489e-02 | 36 -0.01226 -5.85395e-02
 37 -0.01210 -6.41487e-02 | 38 -0.01190 -7.03766e-02 | 39 -0.01167 -7.71088e-02
 40 -0.01140 -8.40413e-02 | 41 -0.01109 -9.06852e-02 | 42 -0.01075 -9.62765e-02
 43 -0.01036 -9.98621e-02 | 44 -0.00993 -1.00428e-01 | 45 -0.00947 -9.71087e-02
 46 -0.00897 -8.94332e-02 | 47 -0.00844 -7.75130e-02 | 48 -0.00791 -6.20328e-02
 49 -0.00738 -4.41140e-02 | 50 -0.00687 -2.50534e-02 | 51 -0.00640 -6.05450e-03
 52 -0.00597  1.19643e-02 | 53 -0.00560  2.84227e-02 | 54 -0.00529  4.30235e-02
 55 -0.00501  5.55470e-02 | 56 -0.00477  6.56467e-02 | 57 -0.00455  7.27489e-02
 58 -0.00432  7.60334e-02 | 59 -0.00405  7.46152e-02 | 60 -0.00373  6.79240e-02
 61 -0.00332  5.66457e-02 | 62 -0.00277  4.44106e-02 | 63 -0.00202  4.01241e-02
 64 -0.00096  5.69893e-02 | 65  0.00043  9.67775e-02 | 66  0.00201  1.16216e-01
 67  0.00353  4.95448e-02 | 68  0.00527 -3.83462e-02 | 69  0.00778 -1.80910e-02
 70  0.01072  2.85104e-02 | 71  0.01367  1.16139e-02 | 72  0.01693  1.26994e-02
 73  0.02030  1.13771e-02 | 74  0.02317 -8.57870e-02 | 75  0.02684  2.01106e-02
 76  0.02999  1.01432e-01 | 77  0.03133 -4.08820e-02 | 78  0.03297  1.20228e-02
 79  0.03378  5.32088e-02 | 80  0.03332 -1.00701e-02 | 81  0.03297  5.27173e-02
 82  0.03160  2.79917e-02 | 83  0.02966  3.86961e-03 | 84  0.02743  5.62031e-02
 85  0.02344 -9.71758e-02 | 86  0.02027  2.36507e-02 | 87  0.01637  3.07978e-02
 88  0.01268  9.93851e-03 | 89  0.00988  1.31001e-02 | 90  0.00780 -2.41697e-02
 91  0.00667 -1.91340e-03 | 92  0.00604  7.08541e-02 | 93  0.00541  1.07159e-01
 94  0.00504  5.94085e-02 | 95  0.00514 -4.42121e-02 | 96  0.00539  2.47999e-03
 97  0.00686  2.76490e-02 | 98  0.00836 -1.08355e-01 | 99  0.01162 -8.31670e-02
100  0.01114 -2.10705e-02 |101  0.00959  7.15615e-02 |102  0.00760  4.32657e-02
103  0.00036 -5.34123e-02 |104  0.00390  4.06443e-02 |105  0.02805  6.80755e-02
106  0.03064  4.02998e-02 |107  0.00426 -1.14428e-01 |108  0.01693 -1.18872e-01
109  0.06956  3.72973e-02 |110  0.02805  1.09768e-02 |111 -0.01059  5.23182e-02
112  0.00731 -8.10964e-02 |113  0.02507  1.62030e-01 |114  0.03511 -1.13378e-01
115 -0.00944  7.96067e-02 |116 -0.05759 -2.77951e-02 |117 -0.08148 -1.46862e-01
118 -0.07523 -1.87179e-02 |119 -0.03454  4.72958e-02 |120  0.06930 -1.47236e-02
121  0.02306 -1.07449e-02 |122  0.01302  2.93052e-02 |123 -0.02886 -3.34050e-02
124 -0.06814 -1.00547e-01 |125 -0.00782 -1.98823e-02 |126  0.00455  9.34318e-02
127 -0.02783  6.27821e-03 |128  0.02677 -1.34858e-01 |129  0.07359 -1.72535e-02
130  0.00977  2.51450e-01 |131  0.08289 -3.66587e-02 |132  0.00590  3.05987e-02
133  0.13325  4.81622e-02 |134 -0.00582  4.74029e-02 |135 -0.04601  2.55111e-01
136 -0.05763 -1.47557e-01 |137 -0.02198 -3.84220e-02 |138  0.09497  6.19941e-02
139  0.03145  8.81845e-05 |140  0.01664 -8.66709e-02 |141 -0.02847 -9.30363e-02
142 -0.01750  9.96984e-02 |143 -0.00620 -4.65281e-02 |144 -0.00047 -1.62904e-02
145  0.28048  7.42045e-02 |146  0.19018 -1.01254e-01 |147  0.04693 -4.99279e-02
148  0.29662  2.02993e-02 |149  0.01629 -7.93406e-03 |150 -0.11467 -2.16957e-02
151 -0.47460 -2.60403e-03 |152  0.31391 -2.93654e-04 |153  0.04850 -4.00823e-02
154 -0.23452  4.59056e-02 |155  0.18306 -3.03454e-02 |156  0.25984  3.36746e-02
157  0.17438 -1.47368e-01 |158  0.25393 -1.57849e-01 |159  0.00621  1.74020e-01
160 -0.09822  5.30754e-03 |161  0.10363 -1.92017e-01 |162  0.29656 -4.33136e-02
163  0.16918 -2.94895e-02 |164  0.24624 -8.73550e-03 |165 -0.34899  1.18109e-02
166  0.24360 -4.45231e-02 |167  0.05214 -1.81108e-02 |168 -0.18761 -5.05157e-02
169  0.37021  1.56901e-02 |170  0.27320  5.91288e-02 |171 -0.06815  4.93055e-02
172 -0.45496 -1.95976e-03 |173 -0.37954  2.02270e-02 |174  0.23638 -2.05808e-03
175  0.07794 -1.38527e-03 |176 -0.12152  1.76575e-02 |177  0.05154 -3.83080e-03
178  0.11964 -3.20578e-02 |179  0.32169 -6.14864e-03 |180  0.27249 -1.05453e-02
181  0.00546 -8.73678e-03 |182  0.00921  8.24921e-03 |183 -0.14980 -8.87904e-03
184 -0.12560 -4.34134e-02 |185  0.01354 -2.03872e-02 |186  0.39290 -1.26641e-03
187  0.01860 -3.55889e-02 |188 -0.15429 -1.54785e-02 |189  0.09940  3.46236e-02
190  0.16386 -4.47580e-02 |191  0.21873  2.56199e-02 |192  0.25723  1.81002e-01
193  0.02456  1.42277e-02 |194 -0.00656  1.33630e-02 |195 -0.17619 -4.87043e-02
196 -0.11422  7.21952e-03 |197 -0.54986 -2.57460e-02 |198  0.17268  4.74279e-02
199  0.09516 -3.11365e-03 |200 -0.25425 -1.47461e-02 |
200 variables; iteration 140; function evaluation 183; phase 4
Function value 7.2819176e+03; maximum gradient component mag 2.1887e-01
Var    Value     Gradient |Var    Value     Gradient |Var    Value     Gradient
  1 -0.42219 -1.08561e-02 |  2  0.37085  5.75568e-02 |  3 -0.12621 -6.14700e-02
  4 -0.01276  4.03208e-02 |  5 -0.70537 -6.85205e-02 |  6 -0.60470  1.47192e-01
  7  0.37768  2.62092e-02 |  8 -0.18511  3.50543e-02 |  9  0.03179  7.91632e-02
 10 -0.61007 -1.07703e-01 | 11 -0.62283 -1.09660e-01 | 12 -0.09487 -2.42383e-02
 13 -0.00993  1.73441e-02 | 14 -0.01013  2.28634e-02 | 15 -0.01033  2.87522e-02
 16 -0.01052  3.43617e-02 | 17 -0.01071  3.90383e-02 | 18 -0.01090  4.21903e-02
 19 -0.01109  4.33848e-02 | 20 -0.01128  4.24142e-02 | 21 -0.01146  3.93320e-02
 22 -0.01165  3.44590e-02 | 23 -0.01182  2.83545e-02 | 24 -0.01198  2.17513e-02
 25 -0.01213  1.54868e-02 | 26 -0.01226  1.04101e-02 | 27 -0.01236  7.29587e-03
 28 -0.01243  6.74777e-03 | 29 -0.01246  9.11666e-03 | 30 -0.01247  1.44393e-02
 31 -0.01244  2.24165e-02 | 32 -0.01237  3.24098e-02 | 33 -0.01228  4.34120e-02
 34 -0.01216  5.40431e-02 | 35 -0.01202  6.25984e-02 | 36 -0.01186  6.71982e-02
 37 -0.01168  6.61037e-02 | 38 -0.01149  5.82320e-02 | 39 -0.01129  4.37675e-02
 40 -0.01107  2.46560e-02 | 41 -0.01081  4.90816e-03 | 42 -0.01050 -1.03717e-02
 43 -0.01012 -1.63568e-02 | 44 -0.00966 -1.05176e-02 | 45 -0.00914  5.90618e-03
 46 -0.00859  2.79977e-02 | 47 -0.00803  4.90913e-02 | 48 -0.00749  6.35849e-02
 49 -0.00701  6.89341e-02 | 50 -0.00658  6.58942e-02 | 51 -0.00620  5.72450e-02
 52 -0.00588  4.60930e-02 | 53 -0.00561  3.47535e-02 | 54 -0.00538  2.44186e-02
 55 -0.00518  1.54966e-02 | 56 -0.00500  8.15066e-03 | 57 -0.00482  2.66623e-03
 58 -0.00460 -3.80773e-04 | 59 -0.00432 -2.03982e-04 | 60 -0.00395  3.66759e-03
 61 -0.00346  1.02112e-02 | 62 -0.00283  1.54532e-02 | 63 -0.00205  1.23312e-02
 64 -0.00113 -7.08248e-03 | 65 -0.00007 -4.96707e-02 | 66  0.00126 -9.23539e-02
 67  0.00330 -3.53213e-02 | 68  0.00572  3.69959e-02 | 69  0.00803  5.88715e-03
 70  0.01049 -5.89717e-02 | 71  0.01383  9.02281e-03 | 72  0.01696 -2.09351e-02
 73  0.02048  7.87835e-03 | 74  0.02378 -6.45826e-03 | 75  0.02630 -1.28762e-01
 76  0.02930 -7.34151e-02 | 77  0.03189  1.81655e-02 | 78  0.03294 -3.67906e-02
 79  0.03327 -8.14140e-02 | 80  0.03356 -8.05760e-03 | 81  0.03261 -5.08621e-02
 82  0.03152 -2.13899e-02 | 83  0.02966 -2.64969e-02 | 84  0.02730  3.48418e-03
 85  0.02400 -8.77653e-03 | 86  0.02005 -4.21811e-02 | 87  0.01574 -1.21087e-01
 88  0.01325  1.22438e-01 | 89  0.01004  3.92345e-02 | 90  0.00827  7.46918e-02
 91  0.00692  4.46234e-02 | 92  0.00573 -1.33903e-02 | 93  0.00475 -6.22728e-02
 94  0.00469 -3.40200e-02 | 95  0.00554  4.40827e-02 | 96  0.00530 -1.86300e-02
 97  0.00649 -5.15340e-02 | 98  0.00896  4.47394e-02 | 99  0.01220  6.33679e-02
100  0.01121  9.07609e-03 |101  0.00895 -6.50138e-02 |102  0.00736 -3.13927e-03
103  0.00080  7.63529e-02 |104  0.00367 -5.01475e-03 |105  0.02731 -1.07357e-01
106  0.03036 -5.61066e-02 |107  0.00470 -5.59671e-02 |108  0.01794 -3.96879e-02
109  0.07019 -1.77328e-03 |110  0.02801  1.29923e-01 |111 -0.01159 -5.05269e-03
112  0.00763  1.34857e-01 |113  0.02385 -1.85408e-01 |114  0.03649  1.09202e-01
115 -0.00996 -6.79789e-02 |116 -0.05744  3.26868e-02 |117 -0.08088  1.30912e-01
118 -0.07515  4.76684e-03 |119 -0.03458 -3.44261e-02 |120  0.06938  6.79296e-03
121  0.02313  2.18883e-02 |122  0.01301 -2.13199e-03 |123 -0.02861  5.00584e-02
124 -0.06795 -3.31152e-02 |125 -0.00743  1.05819e-01 |126  0.00422 -4.40032e-02
127 -0.02799 -5.20129e-02 |128  0.02742  9.62979e-02 |129  0.07373  4.33073e-02
130  0.00888 -1.39149e-01 |131  0.08296 -3.84259e-02 |132  0.00575  1.19691e-03
133  0.13307 -4.47842e-02 |134 -0.00586  2.35411e-02 |135 -0.04682 -7.48632e-02
136 -0.05687  1.06771e-01 |137 -0.02215 -8.03108e-02 |138  0.09478  1.83943e-02
139  0.03161  4.70550e-02 |140  0.01693  2.67903e-02 |141 -0.02815  7.88181e-03
142 -0.01842 -1.69837e-01 |143 -0.00573  6.92373e-02 |144 -0.00034  1.72287e-02
145  0.27997 -1.28613e-01 |146  0.19053  1.29686e-01 |147  0.04694 -4.81959e-02
148  0.29665  3.82868e-02 |149  0.01627 -1.74197e-02 |150 -0.11464 -5.38003e-03
151 -0.47469  1.19885e-03 |152  0.31404  4.28826e-03 |153  0.04855 -2.56501e-02
154 -0.23467 -6.08273e-03 |155  0.18316  2.95155e-02 |156  0.25991  7.96706e-02
157  0.17503  1.23457e-01 |158  0.25431 -1.77247e-02 |159  0.00563 -5.15006e-02
160 -0.09816  3.00061e-02 |161  0.10431  7.30938e-02 |162  0.29687  8.26882e-02
163  0.16931  3.31620e-02 |164  0.24632  2.60420e-02 |165 -0.34914  2.78506e-02
166  0.24358 -2.20044e-02 |167  0.05216 -1.27866e-02 |168 -0.18756 -4.44250e-03
169  0.39109  7.37561e-02 |170  0.14391  4.24729e-02 |171 -0.16777  1.95539e-02
172 -0.41814  4.30621e-03 |173 -0.37976  1.00015e-02 |174  0.23632  1.02287e-02
175  0.07800  1.03467e-03 |176 -0.12156  2.23008e-02 |177  0.05158 -1.26361e-02
178  0.11971  2.00177e-02 |179  0.32171 -2.47324e-02 |180  0.27253  1.02992e-02
181  0.00542 -1.49353e-02 |182  0.00913 -4.56895e-02 |183 -0.14977  5.69196e-03
184 -0.12557 -3.04865e-02 |185  0.01353 -2.95067e-02 |186  0.39291 -7.81172e-04
187  0.01860 -4.33735e-02 |188 -0.15426 -3.76050e-03 |189  0.09940  7.08026e-02
190  0.16388 -3.87757e-02 |191  0.21874  1.73572e-02 |192  0.25724  2.18874e-01
193  0.02457  2.87528e-02 |194 -0.00659  5.79823e-03 |195 -0.17617 -4.42233e-02
196 -0.11420  3.71787e-02 |197 -0.54990  6.79129e-03 |198  0.17245 -5.39683e-02
199  0.09501 -9.21768e-02 |200 -0.25450  1.73296e-02 |
200 variables; iteration 160; function evaluation 215; phase 4
Function value 7.2819138e+03; maximum gradient component mag -3.2225e-01
Var    Value     Gradient |Var    Value     Gradient |Var    Value     Gradient
  1 -0.42221  2.86778e-03 |  2  0.37086 -4.49832e-02 |  3 -0.12616  1.23486e-01
  4 -0.01282 -9.39612e-03 |  5 -0.70501  5.82105e-02 |  6 -0.60474 -2.17550e-01
  7  0.37772 -2.92135e-02 |  8 -0.18507 -3.80288e-02 |  9  0.03168 -7.19743e-02
 10 -0.60979  9.04027e-02 | 11 -0.62286  1.56739e-01 | 12 -0.09485  3.47393e-02
 13 -0.00995  3.53051e-03 | 14 -0.01018  1.16244e-03 | 15 -0.01041 -3.57494e-03
 16 -0.01064 -8.97687e-03 | 17 -0.01087 -1.33396e-02 | 18 -0.01108 -1.57893e-02
 19 -0.01127 -1.67137e-02 | 20 -0.01146 -1.74539e-02 | 21 -0.01164 -1.93944e-02
 22 -0.01182 -2.29388e-02 | 23 -0.01198 -2.69606e-02 | 24 -0.01213 -2.91183e-02
 25 -0.01224 -2.70080e-02 | 26 -0.01232 -1.97231e-02 | 27 -0.01237 -9.02515e-03
 28 -0.01240  7.61514e-04 | 29 -0.01243  4.49773e-03 | 30 -0.01247 -1.05643e-03
 31 -0.01252 -1.51340e-02 | 32 -0.01256 -3.27133e-02 | 33 -0.01256 -4.63375e-02
 34 -0.01249 -4.97179e-02 | 35 -0.01234 -4.14852e-02 | 36 -0.01214 -2.67501e-02
 37 -0.01191 -1.43517e-02 | 38 -0.01168 -1.01392e-02 | 39 -0.01143 -1.09416e-02
 40 -0.01112 -7.29278e-03 | 41 -0.01074  3.46981e-03 | 42 -0.01035  8.52780e-03
 43 -0.01001 -7.52709e-03 | 44 -0.00970 -3.93488e-02 | 45 -0.00932 -5.98954e-02
 46 -0.00881 -5.03301e-02 | 47 -0.00823 -2.47421e-02 | 48 -0.00771 -1.43254e-02
 49 -0.00731 -3.07625e-02 | 50 -0.00697 -5.66528e-02 | 51 -0.00662 -6.88668e-02
 52 -0.00623 -5.97515e-02 | 53 -0.00583 -3.65896e-02 | 54 -0.00546 -1.01661e-02
 55 -0.00515  1.23623e-02 | 56 -0.00488  2.75096e-02 | 57 -0.00466  3.31970e-02
 58 -0.00446  2.75082e-02 | 59 -0.00426  1.04009e-02 | 60 -0.00400 -1.00900e-02
 61 -0.00355 -1.13886e-02 | 62 -0.00281  2.39899e-02 | 63 -0.00196  4.39150e-02
 64 -0.00111  9.33865e-03 | 65  0.00050  1.07153e-01 | 66  0.00127 -7.08434e-02
 67  0.00354  4.51570e-02 | 68  0.00536 -2.05883e-02 | 69  0.00792  1.15884e-02
 70  0.01059 -2.02505e-03 | 71  0.01399  8.37925e-02 | 72  0.01713  6.09891e-02
 73  0.02051  6.37539e-02 | 74  0.02311 -8.78708e-02 | 75  0.02718  9.92418e-02
 76  0.02974  6.86838e-02 | 77  0.03149  5.13810e-03 | 78  0.03292  2.27448e-02
 79  0.03382  8.04579e-02 | 80  0.03350  4.19848e-02 | 81  0.03320  1.14145e-01
 82  0.03152  3.20069e-02 | 83  0.02971  3.08075e-02 | 84  0.02713  1.39115e-02
 85  0.02406  3.86086e-02 | 86  0.02012  1.12329e-03 | 87  0.01656  7.69375e-02
 88  0.01261 -3.63698e-03 | 89  0.00939 -9.87891e-02 | 90  0.00777 -3.51177e-02
 91  0.00618 -1.23004e-01 | 92  0.00648  1.66081e-01 | 93  0.00530  7.13388e-02
 94  0.00482 -2.25259e-03 | 95  0.00509 -6.50734e-02 | 96  0.00530 -2.51829e-02
 97  0.00711  8.17107e-02 | 98  0.00837 -1.04569e-01 | 99  0.01195 -3.68326e-03
100  0.01131  2.55475e-02 |101  0.00944  5.19510e-02 |102  0.00727 -1.01553e-02
103  0.00012 -6.98336e-02 |104  0.00373  6.28415e-02 |105  0.02777  1.05727e-01
106  0.03046  9.29024e-02 |107  0.00472  2.97988e-02 |108  0.01814  8.22314e-02
109  0.07053  3.02545e-02 |110  0.02721 -1.58217e-01 |111 -0.01145 -3.01945e-02
112  0.00655 -1.62501e-01 |113  0.02538  1.89080e-01 |114  0.03548 -1.08458e-01
115 -0.00939  7.69470e-02 |116 -0.05756 -3.35106e-02 |117 -0.08133 -9.77503e-02
118 -0.07514  4.17447e-03 |119 -0.03450  4.09490e-02 |120  0.06938  5.69294e-04
121  0.02308 -7.49072e-03 |122  0.01304 -6.66369e-05 |123 -0.02879 -4.34334e-02
124 -0.06782  3.14680e-04 |125 -0.00785 -5.51243e-02 |126  0.00446  3.27751e-02
127 -0.02767  5.04126e-02 |128  0.02704 -6.34818e-02 |129  0.07349 -6.12731e-02
130  0.00964  1.67233e-01 |131  0.08303  5.69286e-02 |132  0.00582  2.70077e-02
133  0.13323  5.40380e-02 |134 -0.00592 -8.01760e-03 |135 -0.04645  6.88660e-02
136 -0.05747 -9.17969e-02 |137 -0.02158  9.85367e-02 |138  0.09483  5.16608e-03
139  0.03132 -5.58317e-02 |140  0.01678 -3.30963e-02 |141 -0.02818 -2.73759e-03
142 -0.01725  1.73680e-01 |143 -0.00661 -1.59400e-01 |144 -0.00049 -2.20813e-02
145  0.28023  1.32422e-01 |146  0.18981 -1.44200e-01 |147  0.04694  7.58043e-02
148  0.29664 -5.18571e-02 |149  0.01627  2.40443e-02 |150 -0.11468  1.55714e-02
151 -0.47536 -4.63339e-03 |152  0.31346 -3.11047e-03 |153  0.04881  4.54366e-02
154 -0.23470  9.28033e-03 |155  0.18297 -3.48829e-02 |156  0.25981 -1.15234e-01
157  0.17458 -1.59234e-01 |158  0.25408  4.03313e-02 |159  0.00601  5.69198e-02
160 -0.09822 -3.74750e-02 |161  0.10382 -5.23217e-02 |162  0.29666 -1.00484e-01
163  0.16915 -2.96733e-02 |164  0.24623 -3.31487e-02 |165 -0.34935 -3.79366e-02
166  0.24347  4.24445e-02 |167  0.05219  2.13560e-02 |168 -0.18765  2.47671e-02
169  0.34573 -1.66946e-03 |170  0.06482  1.15789e-02 |171 -0.13738 -1.30004e-04
172 -0.49845 -1.99272e-03 |173 -0.38055 -1.56306e-02 |174  0.23604 -1.25793e-02
175  0.07817 -3.69540e-03 |176 -0.12155 -3.32334e-02 |177  0.05167  1.76600e-02
178  0.11962 -8.38297e-03 |179  0.32177  3.36112e-02 |180  0.27249 -1.04277e-02
181  0.00540  1.64788e-02 |182  0.00923  5.22369e-02 |183 -0.14981 -4.47068e-03
184 -0.12559  5.54916e-02 |185  0.01378  1.08301e-01 |186  0.39305  3.70651e-02
187  0.01844  8.83318e-03 |188 -0.15425  1.39516e-02 |189  0.09937 -8.05652e-02
190  0.16383  6.15125e-02 |191  0.21872 -3.72581e-02 |192  0.25721 -3.22253e-01
193  0.02458 -2.55913e-02 |194 -0.00654 -9.56515e-03 |195 -0.17618  7.76933e-02
196 -0.11424 -3.75966e-02 |197 -0.54950 -4.99101e-03 |198  0.17282  6.13684e-02
199  0.09518  6.09829e-02 |200 -0.25433 -3.25933e-02 |
200 variables; iteration 180; function evaluation 246; phase 4
Function value 7.2819127e+03; maximum gradient component mag 2.0102e-02
Var    Value     Gradient |Var    Value     Gradient |Var    Value     Gradient
  1 -0.42220 -7.17186e-04 |  2  0.37085  4.94201e-03 |  3 -0.12618 -5.43798e-03
  4 -0.01278  3.29112e-03 |  5 -0.70521 -3.40964e-03 |  6 -0.60471  1.34636e-02
  7  0.37770  2.59628e-03 |  8 -0.18509  3.69608e-03 |  9  0.03174  6.15061e-03
 10 -0.60993 -6.15433e-03 | 11 -0.62285 -9.90081e-03 | 12 -0.09487 -4.27673e-03
 13 -0.00999 -1.27986e-03 | 14 -0.01021 -9.98036e-04 | 15 -0.01042  1.42462e-04
 16 -0.01062  1.54921e-03 | 17 -0.01083  2.15223e-03 | 18 -0.01103  1.41597e-03
 19 -0.01123  3.48469e-05 | 20 -0.01142 -5.96829e-04 | 21 -0.01159  2.52630e-04
 22 -0.01175  1.90428e-03 | 23 -0.01189  3.02035e-03 | 24 -0.01203  2.98725e-03
 25 -0.01216  2.28530e-03 | 26 -0.01227  1.50897e-03 | 27 -0.01236  5.00045e-04
 28 -0.01243 -1.04433e-03 | 29 -0.01248 -2.36426e-03 | 30 -0.01250 -1.98133e-03
 31 -0.01249  3.57485e-04 | 32 -0.01246  2.95406e-03 | 33 -0.01240  4.01526e-03
 34 -0.01232  3.58872e-03 | 35 -0.01221  2.70514e-03 | 36 -0.01207  1.02571e-03
 37 -0.01190 -2.03899e-03 | 38 -0.01169 -3.43620e-03 | 39 -0.01142  1.10875e-05
 40 -0.01112  2.75969e-03 | 41 -0.01080 -1.68940e-03 | 42 -0.01044 -5.64987e-03
 43 -0.01003 -1.89387e-03 | 44 -0.00958  1.60820e-03 | 45 -0.00912  2.01092e-03
 46 -0.00865  2.51451e-03 | 47 -0.00818 -2.11228e-03 | 48 -0.00773 -8.47801e-03
 49 -0.00725 -4.04890e-03 | 50 -0.00677  7.11959e-03 | 51 -0.00634  1.16230e-02
 52 -0.00600  7.57487e-03 | 53 -0.00571  1.57530e-03 | 54 -0.00546 -1.92779e-03
 55 -0.00523 -2.54573e-03 | 56 -0.00502 -1.37830e-03 | 57 -0.00481  5.11377e-04
 58 -0.00457  2.31235e-03 | 59 -0.00430  3.62167e-03 | 60 -0.00394  5.32486e-03
 61 -0.00347  8.06625e-03 | 62 -0.00289  2.63994e-03 | 63 -0.00216 -9.84587e-03
 64 -0.00111  3.86808e-03 | 65  0.00003 -1.76296e-02 | 66  0.00168  1.99193e-02
 67  0.00342  4.93154e-03 | 68  0.00552  2.52370e-03 | 69  0.00792 -4.23842e-03
 70  0.01067 -1.80059e-03 | 71  0.01372  2.27492e-03 | 72  0.01692 -8.05449e-03
 73  0.02031 -6.04733e-03 | 74  0.02367 -3.94674e-03 | 75  0.02680 -7.08293e-03
 76  0.02955  2.97937e-04 | 77  0.03164 -1.28873e-03 | 78  0.03299 -6.52618e-05
 79  0.03354 -6.13222e-03 | 80  0.03345 -1.75344e-03 | 81  0.03273 -4.60137e-03
 82  0.03150 -2.53812e-03 | 83  0.02970  1.04097e-03 | 84  0.02719 -5.03326e-04
 85  0.02393 -9.15755e-03 | 86  0.02020  6.74776e-05 | 87  0.01625 -3.05591e-03
 88  0.01270  7.21509e-03 | 89  0.00986  2.16064e-03 | 90  0.00794  3.54934e-04
 91  0.00673  3.48133e-03 | 92  0.00580  3.71095e-03 | 93  0.00497 -9.50834e-03
 94  0.00483 -1.33673e-04 | 95  0.00539  9.37790e-03 | 96  0.00539 -6.38655e-04
 97  0.00672 -3.41653e-03 | 98  0.00878 -3.58242e-03 | 99  0.01196  3.43123e-03
100  0.01117 -2.09944e-03 |101  0.00923  4.75950e-04 |102  0.00737  5.21341e-03
103  0.00046  2.16059e-03 |104  0.00357 -6.18810e-03 |105  0.02753 -8.06068e-03
106  0.03035  2.21411e-03 |107  0.00475 -6.00513e-03 |108  0.01797 -6.75419e-03
109  0.07035 -2.25048e-03 |110  0.02764  8.97989e-03 |111 -0.01157 -2.53558e-03
112  0.00710  8.51691e-03 |113  0.02456 -1.12381e-02 |114  0.03600  5.35204e-03
115 -0.00971 -1.63800e-03 |116 -0.05750  3.66743e-03 |117 -0.08115  3.03166e-03
118 -0.07516  8.28795e-04 |119 -0.03456 -3.29924e-03 |120  0.06936  1.63659e-04
121  0.02308  5.96954e-04 |122  0.01302  3.97906e-04 |123 -0.02872  2.90841e-03
124 -0.06787 -9.03102e-03 |125 -0.00769  1.01282e-02 |126  0.00434 -2.94025e-03
127 -0.02785 -5.43616e-03 |128  0.02718  4.04472e-03 |129  0.07363  1.56369e-03
130  0.00920 -1.61561e-03 |131  0.08297 -6.27207e-03 |132  0.00575  8.85916e-04
133  0.13312 -2.89533e-03 |134 -0.00591  2.88766e-03 |135 -0.04664 -1.75309e-03
136 -0.05719  2.49168e-03 |137 -0.02190  6.52566e-04 |138  0.09477  1.99025e-03
139  0.03148  9.38667e-04 |140  0.01685 -4.54449e-03 |141 -0.02818 -1.31997e-03
142 -0.01787 -9.40690e-03 |143 -0.00594  1.35542e-02 |144 -0.00039  2.90964e-03
145  0.28013 -7.95871e-03 |146  0.19022  7.51304e-03 |147  0.04693 -4.80962e-03
148  0.29664  3.26300e-03 |149  0.01628 -1.38965e-03 |150 -0.11466 -9.52714e-04
151 -0.47489  3.58201e-04 |152  0.31382  5.06037e-05 |153  0.04863 -3.75174e-03
154 -0.23468 -4.15101e-04 |155  0.18308  2.01945e-03 |156  0.25987  6.85535e-03
157  0.17482  2.21997e-03 |158  0.25420 -6.64722e-03 |159  0.00581  3.20628e-03
160 -0.09819  2.14880e-03 |161  0.10406  1.76183e-04 |162  0.29676  4.68330e-03
163  0.16923  1.60011e-03 |164  0.24628  1.67997e-03 |165 -0.34923  2.30108e-03
166  0.24353 -2.50419e-03 |167  0.05217 -1.42503e-03 |168 -0.18760 -1.79679e-03
169  0.34451 -1.02006e-03 |170  0.04511  1.80883e-03 |171 -0.14701 -4.78449e-04
172 -0.49113 -1.73194e-03 |173 -0.38004  1.72928e-03 |174  0.23622  6.31181e-04
175  0.07806 -1.13698e-04 |176 -0.12156  1.79619e-03 |177  0.05161 -1.17797e-03
178  0.11966  7.49088e-04 |179  0.32173 -2.04993e-03 |180  0.27251  5.65480e-04
181  0.00542 -1.29714e-03 |182  0.00918 -3.14807e-03 |183 -0.14979  3.76251e-04
184 -0.12558 -3.10149e-03 |185  0.01351 -3.70961e-03 |186  0.39291 -6.58545e-04
187  0.01864 -3.29895e-03 |188 -0.15428 -3.53569e-04 |189  0.09939  6.00645e-03
190  0.16386 -4.05659e-03 |191  0.21873  1.76756e-03 |192  0.25723  2.01022e-02
193  0.02457  2.62327e-03 |194 -0.00657  6.45888e-04 |195 -0.17618 -4.16283e-03
196 -0.11421  2.76561e-03 |197 -0.54977 -6.32279e-05 |198  0.17259 -3.27650e-03
199  0.09509 -8.38517e-03 |200 -0.25440  9.29470e-04 |
200 variables; iteration 200; function evaluation 281; phase 4
Function value 7.2819127e+03; maximum gradient component mag -1.0003e-02
Var    Value     Gradient |Var    Value     Gradient |Var    Value     Gradient
  1 -0.42220  4.27525e-04 |  2  0.37085 -1.62580e-03 |  3 -0.12618  3.45214e-03
  4 -0.01278 -4.02421e-04 |  5 -0.70519  8.87571e-04 |  6 -0.60472 -6.54445e-03
  7  0.37770 -9.21161e-04 |  8 -0.18509 -1.38014e-03 |  9  0.03173 -2.13729e-03
 10 -0.60992  2.01180e-03 | 11 -0.62285  5.02062e-03 | 12 -0.09487  2.20795e-03
 13 -0.00998  1.44456e-03 | 14 -0.01020  9.38865e-04 | 15 -0.01042 -7.90429e-04
 16 -0.01063 -8.98979e-04 | 17 -0.01083  2.94747e-04 | 18 -0.01104  2.27245e-04
 19 -0.01123 -4.99851e-04 | 20 -0.01141 -3.50176e-05 | 21 -0.01159  3.52085e-04
 22 -0.01175 -4.83702e-05 | 23 -0.01190  7.81491e-05 | 24 -0.01205 -7.83443e-04
 25 -0.01217 -2.50600e-03 | 26 -0.01227 -3.65501e-04 | 27 -0.01235  2.54132e-03
 28 -0.01243  4.76411e-04 | 29 -0.01247 -4.22928e-05 | 30 -0.01249  1.61607e-03
 31 -0.01250 -6.90208e-04 | 32 -0.01247 -3.25644e-04 | 33 -0.01241  5.76011e-04
 34 -0.01235 -3.84092e-03 | 35 -0.01222 -1.49997e-03 | 36 -0.01206  2.55774e-03
 37 -0.01189  6.92874e-04 | 38 -0.01167  7.52029e-04 | 39 -0.01142 -6.51093e-04
 40 -0.01112  1.34524e-03 | 41 -0.01080 -1.39878e-03 | 42 -0.01041  3.82868e-03
 43 -0.01002  8.95445e-04 | 44 -0.00959 -1.64146e-03 | 45 -0.00912  2.78121e-03
 46 -0.00868 -5.58874e-03 | 47 -0.00816  4.37172e-03 | 48 -0.00768  2.77735e-03
 49 -0.00723 -1.59363e-04 | 50 -0.00679 -7.03318e-04 | 51 -0.00641 -6.36158e-03
 52 -0.00604 -3.91734e-03 | 53 -0.00570  3.20085e-03 | 54 -0.00542  5.86751e-03
 55 -0.00520  3.90986e-03 | 56 -0.00501  6.92800e-04 | 57 -0.00481 -1.58579e-03
 58 -0.00459 -2.51791e-03 | 59 -0.00432 -3.57922e-03 | 60 -0.00398 -6.18968e-03
 61 -0.00352 -5.82654e-03 | 62 -0.00289  1.52331e-04 | 63 -0.00211  2.12883e-03
 64 -0.00111  5.16735e-03 | 65  0.00013  7.03256e-03 | 66  0.00156 -9.86872e-03
 67  0.00339 -1.37558e-03 | 68  0.00549 -4.07404e-03 | 69  0.00795  2.30854e-03
 70  0.01068  9.50915e-04 | 71  0.01370 -1.39532e-03 | 72  0.01697  3.65901e-03
 73  0.02034  2.47229e-03 | 74  0.02369  2.31270e-03 | 75  0.02684  2.74258e-03
 76  0.02953 -5.97811e-04 | 77  0.03164  7.02961e-04 | 78  0.03298  1.09157e-04
 79  0.03357  2.27162e-03 | 80  0.03344  1.45932e-04 | 81  0.03275  1.58127e-03
 82  0.03151  7.45390e-04 | 83  0.02968 -6.50913e-04 | 84  0.02718  4.48024e-06
 85  0.02398  3.96350e-03 | 86  0.02019 -5.29583e-05 | 87  0.01626  1.19303e-03
 88  0.01265 -3.37881e-03 | 89  0.00985 -1.02976e-03 | 90  0.00794  8.70376e-04
 91  0.00673  1.64367e-03 | 92  0.00578 -1.55008e-03 | 93  0.00500 -6.38528e-04
 94  0.00483 -3.66622e-04 | 95  0.00534 -3.22836e-03 | 96  0.00539 -6.76840e-04
 97  0.00676  5.56738e-03 | 98  0.00881  2.25976e-03 | 99  0.01194 -2.22364e-03
100  0.01119  3.32471e-04 |101  0.00922 -3.34568e-03 |102  0.00735  3.50611e-04
103  0.00045 -4.69112e-04 |104  0.00360  2.38299e-03 |105  0.02757  3.42957e-03
106  0.03032 -9.94569e-04 |107  0.00477  1.65994e-03 |108  0.01800  4.66501e-03
109  0.07036  1.13731e-03 |110  0.02760 -5.28289e-03 |111 -0.01154  1.67855e-03
112  0.00706 -3.55050e-03 |113  0.02462  4.43945e-03 |114  0.03597 -1.93534e-03
115 -0.00970  4.65443e-04 |116 -0.05750 -1.45898e-03 |117 -0.08115  1.68893e-05
118 -0.07516 -3.42209e-04 |119 -0.03456  1.12845e-03 |120  0.06937  5.38202e-05
121  0.02308 -9.66931e-05 |122  0.01302 -3.19308e-04 |123 -0.02873 -9.59941e-04
124 -0.06784  4.23864e-03 |125 -0.00772 -4.04149e-03 |126  0.00435  1.14151e-03
127 -0.02783  2.33552e-03 |128  0.02716 -1.67589e-03 |129  0.07364  3.06191e-04
130  0.00919 -1.36131e-03 |131  0.08299  3.10017e-03 |132  0.00574 -4.74644e-04
133  0.13313  1.08860e-03 |134 -0.00592 -1.07273e-03 |135 -0.04663  7.34586e-04
136 -0.05720 -5.10235e-04 |137 -0.02190 -5.28284e-04 |138  0.09477 -5.90561e-04
139  0.03148  1.75070e-04 |140  0.01687  2.26605e-03 |141 -0.02817  1.01393e-03
142 -0.01783  3.45347e-03 |143 -0.00601 -3.30476e-03 |144 -0.00039  3.29284e-03
145  0.28013  2.69498e-03 |146  0.19019 -2.18150e-03 |147  0.04693  2.45636e-03
148  0.29664 -1.57032e-03 |149  0.01628  6.73260e-04 |150 -0.11466  5.74965e-04
151 -0.47494 -1.85754e-04 |152  0.31379  3.93224e-05 |153  0.04865  1.83613e-03
154 -0.23469  2.23171e-04 |155  0.18307 -5.99329e-04 |156  0.25987 -3.20613e-03
157  0.17483 -4.71388e-04 |158  0.25420  3.68339e-03 |159  0.00581 -2.13112e-03
160 -0.09819 -9.82366e-04 |161  0.10405  7.27021e-04 |162  0.29676 -1.99318e-03
163  0.16923 -4.65309e-04 |164  0.24627 -6.85759e-04 |165 -0.34924 -1.07986e-03
166  0.24352  1.42632e-03 |167  0.05217  7.72319e-04 |168 -0.18761  1.13945e-03
169  0.34394 -1.80025e-03 |170  0.03707  7.50147e-04 |171 -0.14928 -6.62044e-04
172 -0.45509  1.57303e-04 |173 -0.38009 -7.51880e-04 |174  0.23620 -2.41685e-04
175  0.07807  2.84072e-05 |176 -0.12155 -8.77495e-04 |177  0.05162  4.78757e-04
178  0.11966 -4.50908e-06 |179  0.32173  9.09741e-04 |180  0.27251 -1.43253e-04
181  0.00541  5.80184e-04 |182  0.00918  1.21762e-03 |183 -0.14979 -8.05606e-05
184 -0.12558  1.67939e-03 |185  0.01351  3.74873e-04 |186  0.39291 -3.07247e-04
187  0.01864  2.94225e-03 |188 -0.15428 -9.06617e-05 |189  0.09939 -2.80287e-03
190  0.16386  2.09695e-03 |191  0.21873 -9.87710e-04 |192  0.25722 -1.00026e-02
193  0.02457 -1.20441e-03 |194 -0.00656 -3.67334e-04 |195 -0.17618  2.18158e-03
196 -0.11422 -1.21396e-03 |197 -0.54974  3.57588e-04 |198  0.17261  9.49026e-04
199  0.09509  2.85486e-03 |200 -0.25440 -2.36236e-04 |
200 variables; iteration 220; function evaluation 328; phase 4
Function value 7.2819022e+03; maximum gradient component mag 4.5753e-01
Var    Value     Gradient |Var    Value     Gradient |Var    Value     Gradient
  1 -0.42220  9.84991e-03 |  2  0.37084  2.20927e-01 |  3 -0.12621 -3.93653e-02
  4 -0.01275  1.81854e-01 |  5 -0.70537  2.63017e-02 |  6 -0.60470  4.20921e-01
  7  0.37768  1.59932e-01 |  8 -0.18511  1.72016e-01 |  9  0.03178  1.90102e-01
 10 -0.61004 -1.16727e-02 | 11 -0.62285 -1.71579e-01 | 12 -0.09495 -9.72099e-02
 13 -0.01025 -6.88594e-02 | 14 -0.01022 -1.59914e-03 | 15 -0.00959  2.23001e-01
 16 -0.01069 -1.38570e-02 | 17 -0.01112 -7.28180e-02 | 18 -0.01062  1.12907e-01
 19 -0.01109  3.83409e-02 | 20 -0.01151 -2.43430e-02 | 21 -0.01138  5.85515e-02
 22 -0.01168  2.17078e-02 | 23 -0.01187  1.16348e-02 | 24 -0.01198  1.92405e-02
 25 -0.01206  3.07687e-02 | 26 -0.01232 -9.54383e-03 | 27 -0.01245 -2.04683e-02
 28 -0.01236  2.12417e-02 | 29 -0.01260 -3.13751e-02 | 30 -0.01243  2.20677e-02
 31 -0.01258 -2.11564e-02 | 32 -0.01239  2.48778e-02 | 33 -0.01249 -1.77913e-02
 34 -0.01224  2.74738e-02 | 35 -0.01216  1.90724e-02 | 36 -0.01213 -1.12299e-02
 37 -0.01192 -4.75008e-03 | 38 -0.01164  1.44226e-02 | 39 -0.01158 -4.04773e-02
 40 -0.01112  3.77677e-03 | 41 -0.01089 -2.18164e-02 | 42 -0.01043  3.18717e-03
 43 -0.00986  4.52628e-02 | 44 -0.00945  4.14574e-02 | 45 -0.00929 -3.75031e-02
 46 -0.00837  7.91628e-02 | 47 -0.00828 -2.21584e-02 | 48 -0.00757  3.64879e-02
 49 -0.00676  1.26306e-01 | 50 -0.00650  7.99922e-02 | 51 -0.00625  4.09741e-02
 52 -0.00645 -1.05802e-01 | 53 -0.00629 -1.44531e-01 | 54 -0.00523  5.99577e-02
 55 -0.00491  8.20551e-02 | 56 -0.00533 -7.90817e-02 | 57 -0.00541 -1.50461e-01
 58 -0.00485 -6.74389e-02 | 59 -0.00459 -6.89752e-02 | 60 -0.00324  1.82361e-01
 61 -0.00303  1.19560e-01 | 62 -0.00286  7.84719e-03 | 63 -0.00188  5.90703e-02
 64 -0.00078  8.41933e-02 | 65 -0.00005 -4.08470e-02 | 66  0.00171  2.05777e-02
 67  0.00341 -3.62173e-03 | 68  0.00556  3.59920e-03 | 69  0.00781 -3.99304e-02
 70  0.01074  2.36055e-03 | 71  0.01349 -6.10944e-02 | 72  0.01694 -2.03605e-02
 73  0.02022 -4.13142e-02 | 74  0.02383  8.22789e-03 | 75  0.02659 -6.96602e-02
 76  0.02952 -3.01996e-02 | 77  0.03163 -2.92869e-02 | 78  0.03296 -3.17477e-02
 79  0.03331 -7.40075e-02 | 80  0.03351 -1.62226e-02 | 81  0.03247 -7.84047e-02
 82  0.03149 -2.96304e-02 | 83  0.02960 -3.89585e-02 | 84  0.02719 -1.89208e-02
 85  0.02377 -5.70878e-02 | 86  0.02025 -2.00247e-03 | 87  0.01618 -2.75221e-02
 88  0.01286  3.63155e-02 | 89  0.01034  1.05949e-01 | 90  0.00801  1.37951e-02
 91  0.00693  4.85009e-02 | 92  0.00547 -7.47434e-02 | 93  0.00531  7.29186e-02
 94  0.00449 -8.19010e-02 | 95  0.00580  1.04674e-01 | 96  0.00499 -9.80829e-02
 97  0.00647 -6.66667e-02 | 98  0.00909  6.14670e-02 | 99  0.01194 -1.08276e-02
100  0.01126  1.68933e-03 |101  0.00948  3.63917e-02 |102  0.00766  4.53861e-02
103  0.00044 -3.27635e-02 |104  0.00326 -9.95909e-02 |105  0.02728 -3.41146e-02
106  0.03032  1.15505e-01 |107  0.00429  2.61150e-02 |108  0.01772  1.86084e-02
109  0.07070 -1.08522e-01 |110  0.02804 -1.29345e-01 |111 -0.01165 -6.73665e-02
112  0.00720  1.49890e-01 |113  0.02409 -2.84364e-02 |114  0.03628  1.10290e-01
115 -0.00981  6.86741e-03 |116 -0.05746  3.38020e-02 |117 -0.08118 -2.41530e-03
118 -0.07513  6.38919e-03 |119 -0.03461 -3.52282e-02 |120  0.06934  6.43206e-04
121  0.02305  5.68902e-04 |122  0.01302  1.71609e-02 |123 -0.02867  4.15673e-02
124 -0.06794 -2.64396e-02 |125 -0.00760  4.89425e-02 |126  0.00426 -2.51635e-02
127 -0.02800 -5.14855e-02 |128  0.02726  4.31619e-02 |129  0.07368  4.76405e-02
130  0.00906 -6.63187e-02 |131  0.08283 -8.59814e-02 |132  0.00568 -2.85876e-02
133  0.13305 -3.60864e-02 |134 -0.00590  1.09504e-02 |135 -0.04669 -1.90760e-02
136 -0.05705  5.25920e-02 |137 -0.02203 -3.51063e-02 |138  0.09469 -7.45614e-03
139  0.03155  2.80442e-02 |140  0.01683 -9.78783e-03 |141 -0.02824 -1.95514e-02
142 -0.01840 -1.62051e-01 |143 -0.00570  7.75025e-02 |144 -0.00127 -2.13754e-01
145  0.28016 -1.01078e-01 |146  0.19053  8.94827e-02 |147  0.04692 -1.12752e-01
148  0.29664  6.58074e-02 |149  0.01629 -3.03955e-02 |150 -0.11465 -3.12982e-02
151 -0.47420  8.88980e-03 |152  0.31426 -1.19258e-03 |153  0.04835 -8.38999e-02
154 -0.23465 -1.17610e-02 |155  0.18319  3.68747e-02 |156  0.25993  1.53512e-01
157  0.17490  1.20407e-01 |158  0.25423 -1.19972e-01 |159  0.00576  1.44062e-02
160 -0.09817  4.41706e-02 |161  0.10413 -2.03366e-02 |162  0.29679  1.00266e-01
163  0.16929  1.39510e-02 |164  0.24631  3.38533e-02 |165 -0.34920  4.57199e-02
166  0.24354 -7.66069e-02 |167  0.05217 -3.25728e-02 |168 -0.18758 -5.69355e-02
169  0.29184  1.59645e-01 |170 -0.40978 -2.35712e-03 |171 -0.11091  1.08707e-01
172 -0.38197  3.53603e-02 |173 -0.37944  2.43231e-02 |174  0.23642  1.14000e-02
175  0.07793  4.90674e-03 |176 -0.12156  4.76978e-02 |177  0.05154 -2.24309e-02
178  0.11969 -1.60050e-02 |179  0.32168 -4.68321e-02 |180  0.27252  4.82115e-03
181  0.00544 -1.84126e-02 |182  0.00915 -5.13459e-02 |183 -0.14978  1.23925e-03
184 -0.12558 -9.21874e-02 |185  0.01325 -1.26679e-01 |186  0.39278 -4.70864e-02
187  0.01880 -4.74850e-02 |188 -0.15430 -8.70630e-03 |189  0.09941  1.00767e-01
190  0.16389 -9.05827e-02 |191  0.21875  5.66942e-02 |192  0.25725  4.57529e-01
193  0.02456  2.44860e-02 |194 -0.00659  1.77165e-02 |195 -0.17617 -1.23227e-01
196 -0.11420  3.87317e-02 |197 -0.55015  1.15215e-03 |198  0.17239 -4.45145e-02
199  0.09504 -5.61558e-02 |200 -0.25439  2.22713e-02 |
200 variables; iteration 240; function evaluation 363; phase 4
Function value 7.2818980e+03; maximum gradient component mag -6.8825e-02
Var    Value     Gradient |Var    Value     Gradient |Var    Value     Gradient
  1 -0.42220 -2.93933e-04 |  2  0.37086 -1.27038e-02 |  3 -0.12617  2.11154e-02
  4 -0.01280 -4.71875e-03 |  5 -0.70528  5.11012e-03 |  6 -0.60472 -4.43856e-02
  7  0.37770 -7.80776e-03 |  8 -0.18509 -1.14936e-02 |  9  0.03173 -1.32966e-02
 10 -0.60998  9.50549e-03 | 11 -0.62284  3.55582e-02 | 12 -0.09480  1.54817e-02
 13 -0.00997  2.96743e-03 | 14 -0.01031 -2.99332e-02 | 15 -0.01043 -4.61696e-03
 16 -0.01065 -6.62997e-03 | 17 -0.01083  2.34553e-03 | 18 -0.01106 -7.41877e-03
 19 -0.01128 -1.34967e-02 | 20 -0.01141  1.84833e-03 | 21 -0.01161 -5.42987e-03
 22 -0.01173  6.46981e-03 | 23 -0.01182  2.19860e-02 | 24 -0.01206 -4.97799e-03
 25 -0.01219 -5.99835e-03 | 26 -0.01229 -4.93607e-03 | 27 -0.01238 -4.89550e-03
 28 -0.01240  7.19935e-03 | 29 -0.01251 -9.45063e-03 | 30 -0.01249  7.99429e-04
 31 -0.01252 -6.43167e-03 | 32 -0.01244  8.08738e-03 | 33 -0.01243 -5.32591e-03
 34 -0.01236 -6.70530e-03 | 35 -0.01230 -2.09434e-02 | 36 -0.01206  2.74979e-03
 37 -0.01188  2.55070e-03 | 38 -0.01164  9.20678e-03 | 39 -0.01141  2.36967e-03
 40 -0.01108  1.12306e-02 | 41 -0.01075  9.53879e-03 | 42 -0.01042  1.30974e-04
 43 -0.01003 -3.72911e-03 | 44 -0.00960 -3.23298e-03 | 45 -0.00910  7.46588e-03
 46 -0.00873 -2.00531e-02 | 47 -0.00813  1.14396e-02 | 48 -0.00771 -3.80067e-03
 49 -0.00726 -9.37073e-03 | 50 -0.00679 -1.72671e-03 | 51 -0.00651 -3.40434e-02
 52 -0.00597  1.42669e-02 | 53 -0.00572 -3.07752e-03 | 54 -0.00545 -2.56623e-03
 55 -0.00519  7.20986e-03 | 56 -0.00502 -2.46610e-03 | 57 -0.00474  1.61723e-02
 58 -0.00466 -2.02146e-02 | 59 -0.00427  8.50758e-03 | 60 -0.00398 -5.54736e-03
 61 -0.00356 -1.72215e-02 | 62 -0.00293 -8.55870e-03 | 63 -0.00208  8.30771e-03
 64 -0.00118 -1.30317e-02 | 65  0.00015  1.31833e-02 | 66  0.00159 -2.93652e-03
 67  0.00339 -4.95999e-04 | 68  0.00550 -2.62472e-04 | 69  0.00796  6.10373e-03
 70  0.01065 -4.75934e-03 | 71  0.01375  1.24178e-02 | 72  0.01696  4.23716e-03
 73  0.02035  7.01522e-03 | 74  0.02365 -2.02268e-03 | 75  0.02687  1.32398e-02
 76  0.02954  3.06934e-03 | 77  0.03162  2.25303e-03 | 78  0.03297  1.89308e-03
 79  0.03360  1.18103e-02 | 80  0.03343  2.27144e-03 | 81  0.03279  1.42351e-02
 82  0.03150  4.04434e-03 | 83  0.02969  5.58665e-03 | 84  0.02716  1.09306e-03
 85  0.02400  1.25795e-02 | 86  0.02017 -1.63203e-04 | 87  0.01627  6.80198e-03
 88  0.01262 -6.36314e-03 | 89  0.00974 -2.01169e-02 | 90  0.00789 -7.45903e-03
 91  0.00667 -5.65512e-03 | 92  0.00587  2.34726e-02 | 93  0.00494 -1.03925e-02
 94  0.00487  1.19518e-02 | 95  0.00526 -1.98593e-02 | 96  0.00545  1.41051e-02
 97  0.00677  5.70460e-03 | 98  0.00878 -1.25668e-02 | 99  0.01200 -1.78445e-03
100  0.01130  5.49306e-03 |101  0.00931 -7.78682e-03 |102  0.00748  4.13210e-04
103  0.00057  1.87569e-03 |104  0.00365  4.78114e-03 |105  0.02745  1.67254e-02
106  0.02983  7.62882e-03 |107  0.00423  1.52078e-02 |108  0.01752  5.35167e-03
109  0.07095 -6.79948e-03 |110  0.02838 -1.39989e-02 |111 -0.01146 -2.43147e-03
112  0.00659 -1.61899e-02 |113  0.02446  1.85057e-02 |114  0.03602 -1.53039e-02
115 -0.00966  3.38349e-03 |116 -0.05750 -7.01383e-03 |117 -0.08113 -4.19918e-03
118 -0.07514 -8.06124e-04 |119 -0.03452  4.72353e-03 |120  0.06938 -5.21483e-04
121  0.02308 -1.45123e-03 |122  0.01303 -2.73827e-03 |123 -0.02871 -6.64253e-03
124 -0.06780  9.24014e-03 |125 -0.00772 -1.46911e-02 |126  0.00439  5.21320e-03
127 -0.02779  7.87354e-03 |128  0.02718 -8.00735e-03 |129  0.07363 -7.40938e-03
130  0.00926  1.10425e-02 |131  0.08299  1.16295e-02 |132  0.00576  2.45590e-03
133  0.13315  5.56086e-03 |134 -0.00592 -3.34204e-03 |135 -0.04661  5.47870e-03
136 -0.05722 -9.81499e-03 |137 -0.02187  6.87278e-03 |138  0.09476 -1.24767e-03
139  0.03147 -4.59713e-03 |140  0.01687  2.16289e-03 |141 -0.02815  3.25582e-03
142 -0.01776  2.53854e-02 |143 -0.00604 -1.25223e-02 |144 -0.00027  3.28381e-02
145  0.28002  1.81224e-02 |146  0.19005 -1.62833e-02 |147  0.04694  1.68993e-02
148  0.29664 -1.06124e-02 |149  0.01628  4.83883e-03 |150 -0.11466  4.51527e-03
151 -0.47503 -8.95344e-04 |152  0.31374 -2.68595e-04 |153  0.04868  1.14537e-02
154 -0.23469  1.71381e-03 |155  0.18306 -4.35568e-03 |156  0.25986 -2.26322e-02
157  0.17482 -1.67505e-02 |158  0.25420  1.78717e-02 |159  0.00581 -2.59235e-03
160 -0.09819 -6.58998e-03 |161  0.10404  1.05138e-03 |162  0.29675 -1.60085e-02
163  0.16923 -2.85271e-03 |164  0.24627 -5.28980e-03 |165 -0.34949 -6.83140e-03
166  0.24346  1.06846e-02 |167  0.05223  5.00315e-03 |168 -0.18761  8.42752e-03
169  0.29923  5.69865e-03 |170 -0.25299 -1.31861e-03 |171 -0.15930  1.82907e-03
172 -0.51124 -8.73085e-04 |173 -0.38017 -3.77804e-03 |174  0.23617 -1.75006e-03
175  0.07809 -5.64762e-04 |176 -0.12156 -6.47686e-03 |177  0.05165  3.42683e-03
178  0.11967  1.14166e-03 |179  0.32173  6.35576e-03 |180  0.27251 -1.10571e-03
181  0.00538  3.25995e-03 |182  0.00918  8.29446e-03 |183 -0.14980  1.29978e-04
184 -0.12558  1.28848e-02 |185  0.01356  2.00870e-02 |186  0.39294  6.45440e-03
187  0.01861  5.21706e-03 |188 -0.15428  2.94800e-03 |189  0.09939 -1.55581e-02
190  0.16385  1.45161e-02 |191  0.21873 -8.41691e-03 |192  0.25722 -6.88251e-02
193  0.02457 -4.60764e-03 |194 -0.00656 -2.23543e-03 |195 -0.17618  1.73804e-02
196 -0.11422 -5.95863e-03 |197 -0.54978 -7.28429e-05 |198  0.17263  7.45257e-03
199  0.09509  1.20395e-02 |200 -0.25431 -2.01974e-03 |
200 variables; iteration 260; function evaluation 396; phase 4
Function value 7.2818979e+03; maximum gradient component mag 4.1151e-03
Var    Value     Gradient |Var    Value     Gradient |Var    Value     Gradient
  1 -0.42220 -6.36655e-05 |  2  0.37086 -1.17296e-03 |  3 -0.12618  6.82516e-04
  4 -0.01280 -8.14840e-04 |  5 -0.70530  8.47297e-06 |  6 -0.60471 -2.67688e-03
  7  0.37770 -8.17926e-04 |  8 -0.18509 -9.07967e-04 |  9  0.03173 -1.02439e-03
 10 -0.60999  2.40317e-04 | 11 -0.62284  1.53453e-03 | 12 -0.09481  5.31639e-04
 13 -0.00999 -6.44238e-04 | 14 -0.01020  4.21399e-05 | 15 -0.01041  1.06200e-03
 16 -0.01063  3.59556e-04 | 17 -0.01084 -1.27597e-03 | 18 -0.01103  5.91251e-04
 19 -0.01123  6.79241e-04 | 20 -0.01141 -1.83655e-05 | 21 -0.01159  1.57491e-04
 22 -0.01176 -1.32601e-03 | 23 -0.01191 -9.17338e-04 | 24 -0.01205 -5.08889e-04
 25 -0.01216  2.12740e-03 | 26 -0.01228 -3.00314e-03 | 27 -0.01236  1.22955e-03
 28 -0.01243 -1.95283e-03 | 29 -0.01247  4.90162e-04 | 30 -0.01249  2.77906e-04
 31 -0.01249  8.04760e-04 | 32 -0.01247  5.07572e-04 | 33 -0.01242 -3.54675e-04
 34 -0.01233  4.36805e-04 | 35 -0.01222 -8.25417e-04 | 36 -0.01207  8.98318e-05
 37 -0.01189 -2.41548e-04 | 38 -0.01168 -5.38996e-04 | 39 -0.01142 -1.08691e-04
 40 -0.01112  5.43625e-04 | 41 -0.01079 -3.35269e-04 | 42 -0.01042  9.22375e-05
 43 -0.01002 -1.55806e-04 | 44 -0.00959  1.66039e-04 | 45 -0.00913 -5.59574e-04
 46 -0.00865  1.08914e-03 | 47 -0.00818 -9.81953e-04 | 48 -0.00770 -1.03080e-04
 49 -0.00723 -1.44530e-04 | 50 -0.00679 -3.66510e-04 | 51 -0.00638  1.07580e-03
 52 -0.00603 -5.60449e-04 | 53 -0.00572 -1.18039e-03 | 54 -0.00544  3.38297e-04
 55 -0.00522  4.96423e-04 | 56 -0.00501 -5.95164e-04 | 57 -0.00481 -1.25236e-03
 58 -0.00458 -5.69201e-04 | 59 -0.00431 -7.24862e-04 | 60 -0.00395  1.02947e-03
 61 -0.00349  1.05950e-03 | 62 -0.00289  1.48040e-04 | 63 -0.00212 -6.63269e-05
 64 -0.00112  1.03829e-03 | 65  0.00010 -5.30123e-04 | 66  0.00161  7.70817e-04
 67  0.00340  6.11155e-04 | 68  0.00551 -4.87000e-05 | 69  0.00794 -4.18989e-05
 70  0.01068 -7.40400e-05 | 71  0.01371  6.88267e-04 | 72  0.01695 -7.14728e-05
 73  0.02033  3.14183e-04 | 74  0.02368 -5.60962e-04 | 75  0.02683  2.19449e-04
 76  0.02954  1.24437e-04 | 77  0.03163 -5.37491e-05 | 78  0.03298  3.42250e-05
 79  0.03356  3.21906e-04 | 80  0.03344  3.52978e-05 | 81  0.03274  5.74315e-04
 82  0.03150  1.97832e-04 | 83  0.02968  3.45545e-04 | 84  0.02717  1.06639e-04
 85  0.02396  1.65984e-04 | 86  0.02018  4.88117e-04 | 87  0.01625  1.79034e-04
 88  0.01266  3.65991e-04 | 89  0.00983 -5.66368e-04 | 90  0.00792  1.12588e-04
 91  0.00670 -1.06368e-03 | 92  0.00577  4.79706e-04 | 93  0.00500  1.41408e-03
 94  0.00482 -9.93587e-04 | 95  0.00535  7.91962e-04 | 96  0.00539 -1.48968e-03
 97  0.00675  4.25587e-04 | 98  0.00882 -8.01657e-04 | 99  0.01201  3.68121e-04
100  0.01128  1.44003e-04 |101  0.00935  5.08712e-04 |102  0.00748  9.75893e-05
103  0.00057 -5.45003e-04 |104  0.00365 -3.37602e-05 |105  0.02742  5.84458e-04
106  0.02984  4.67127e-04 |107  0.00419 -5.48994e-04 |108  0.01751 -4.81195e-05
109  0.07096  2.94145e-04 |110  0.02840  3.05334e-04 |111 -0.01147  2.27646e-04
112  0.00664 -7.50725e-04 |113  0.02438  2.04476e-04 |114  0.03608 -7.54818e-04
115 -0.00969  2.74034e-05 |116 -0.05749 -1.67238e-04 |117 -0.08113 -1.42169e-04
118 -0.07514  1.45881e-05 |119 -0.03453  1.79353e-04 |120  0.06938  2.53517e-05
121  0.02308 -5.65542e-06 |122  0.01303 -1.14996e-04 |123 -0.02870 -2.81313e-04
124 -0.06783 -9.53297e-05 |125 -0.00769 -2.15623e-04 |126  0.00437  1.99783e-04
127 -0.02781  2.39318e-04 |128  0.02719 -3.69663e-04 |129  0.07364 -3.75081e-04
130  0.00923  7.37878e-04 |131  0.08298  4.82797e-04 |132  0.00575  2.92469e-04
133  0.13313  2.58136e-04 |134 -0.00591 -3.46363e-05 |135 -0.04663  1.90459e-04
136 -0.05719 -5.26840e-04 |137 -0.02189  4.59719e-04 |138  0.09476  1.08019e-04
139  0.03149 -3.29701e-04 |140  0.01686 -1.92347e-04 |141 -0.02816  1.69841e-05
142 -0.01784  1.06835e-03 |143 -0.00599 -7.20279e-04 |144 -0.00042 -2.61007e-03
145  0.28002  7.62753e-04 |146  0.19011 -8.00944e-04 |147  0.04693  8.21702e-04
148  0.29664 -4.85163e-04 |149  0.01628  2.28252e-04 |150 -0.11466  2.19446e-04
151 -0.47494 -4.77673e-05 |152  0.31380 -8.64803e-06 |153  0.04865  5.70156e-04
154 -0.23469  8.97454e-05 |155  0.18307 -2.47212e-04 |156  0.25987 -1.11849e-03
157  0.17483 -1.14086e-03 |158  0.25420  7.50462e-04 |159  0.00581  1.18690e-04
160 -0.09819 -3.36124e-04 |161  0.10405  1.65136e-05 |162  0.29676 -8.08572e-04
163  0.16924 -1.20682e-04 |164  0.24628 -2.55459e-04 |165 -0.34947 -3.25029e-04
166  0.24346  5.75102e-04 |167  0.05222  2.34149e-04 |168 -0.18760  3.78673e-04
169  0.31199  4.11513e-03 |170 -0.07441 -3.68891e-04 |171 -0.19198 -2.62010e-04
172 -0.49761  4.81444e-05 |173 -0.38008 -1.64983e-04 |174  0.23620 -7.41606e-05
175  0.07807 -3.97275e-05 |176 -0.12156 -3.66399e-04 |177  0.05164  1.53129e-04
178  0.11967  1.06924e-04 |179  0.32173  3.38408e-04 |180  0.27251 -3.70211e-05
181  0.00538  1.27912e-04 |182  0.00918  3.81997e-04 |183 -0.14980 -1.19513e-05
184 -0.12558  6.76400e-04 |185  0.01352  1.26590e-03 |186  0.39291  4.92527e-04
187  0.01863  2.36467e-05 |188 -0.15428  1.67910e-04 |189  0.09940 -7.59150e-04
190  0.16386  6.53822e-04 |191  0.21874 -4.26528e-04 |192  0.25722 -3.36870e-03
193  0.02457 -2.00951e-04 |194 -0.00656 -1.33614e-04 |195 -0.17618  9.02143e-04
196 -0.11421 -2.99874e-04 |197 -0.54983  1.06277e-05 |198  0.17260  3.73135e-04
199  0.09509  1.63576e-04 |200 -0.25433 -1.21959e-04 |

 - final statistics:
200 variables; iteration 278; function evaluation 417
Function value 7.2819e+03; maximum gradient component mag 5.9450e-04
Exit code = 1;  converg criter 1.0000e-03
Var    Value     Gradient |Var    Value     Gradient |Var    Value     Gradient
  1 -0.42220  2.32079e-05 |  2  0.37086  8.09379e-05 |  3 -0.12618 -9.91766e-06
  4 -0.01280  6.31846e-05 |  5 -0.70530  4.71052e-05 |  6 -0.60471  1.59850e-04
  7  0.37770  6.74489e-05 |  8 -0.18509  6.78037e-05 |  9  0.03173  5.25235e-05
 10 -0.61000  4.87127e-05 | 11 -0.62284 -5.25582e-05 | 12 -0.09481 -2.12696e-05
 13 -0.00998 -3.60969e-05 | 14 -0.01020 -6.88190e-05 | 15 -0.01042  6.77117e-05
 16 -0.01063 -1.69687e-04 | 17 -0.01083  2.38364e-04 | 18 -0.01104 -6.18534e-05
 19 -0.01123 -2.66305e-04 | 20 -0.01142 -9.52862e-05 | 21 -0.01159  1.12971e-05
 22 -0.01175  3.02158e-04 | 23 -0.01190  4.86703e-04 | 24 -0.01204 -2.46713e-04
 25 -0.01217 -5.10608e-04 | 26 -0.01227  1.23127e-04 | 27 -0.01236  2.18795e-04
 28 -0.01243  2.64991e-05 | 29 -0.01247 -1.69364e-04 | 30 -0.01250  2.76728e-05
 31 -0.01249 -5.75403e-06 | 32 -0.01247  1.17082e-04 | 33 -0.01242 -2.21713e-04
 34 -0.01233  1.13681e-04 | 35 -0.01222 -5.55214e-05 | 36 -0.01207 -1.60922e-04
 37 -0.01189 -6.28389e-05 | 38 -0.01167  2.12705e-04 | 39 -0.01142 -3.78997e-06
 40 -0.01112 -3.35418e-05 | 41 -0.01079  9.03650e-05 | 42 -0.01042 -6.45764e-05
 43 -0.01002  7.28903e-05 | 44 -0.00959 -5.42261e-05 | 45 -0.00913  1.51463e-04
 46 -0.00866 -3.62800e-04 | 47 -0.00817  2.68284e-04 | 48 -0.00770 -3.70810e-05
 49 -0.00723  4.41715e-05 | 50 -0.00679  4.19404e-06 | 51 -0.00639 -4.32594e-04
 52 -0.00603  1.62222e-04 | 53 -0.00571  3.11329e-05 | 54 -0.00545 -6.68242e-06
 55 -0.00522  9.64567e-05 | 56 -0.00501  6.47442e-05 | 57 -0.00481  1.01740e-04
 58 -0.00458 -5.71341e-05 | 59 -0.00431  4.24172e-05 | 60 -0.00396 -3.07160e-05
 61 -0.00350 -2.87290e-04 | 62 -0.00289 -2.60860e-05 | 63 -0.00212  1.51131e-04
 64 -0.00113 -2.32158e-04 | 65  0.00010  2.11452e-04 | 66  0.00160 -1.65756e-04
 67  0.00340 -1.02229e-04 | 68  0.00551 -1.61339e-05 | 69  0.00794  4.00704e-05
 70  0.01068 -3.89437e-05 | 71  0.01370 -1.21903e-05 | 72  0.01695  6.76142e-05
 73  0.02033  2.85425e-05 | 74  0.02368  4.70298e-05 | 75  0.02683  5.96169e-05
 76  0.02954  6.12367e-07 | 77  0.03163  4.86086e-06 | 78  0.03298 -1.25767e-05
 79  0.03356  2.88505e-05 | 80  0.03344  1.58466e-05 | 81  0.03274  1.71737e-05
 82  0.03150 -4.13550e-06 | 83  0.02968 -2.73486e-05 | 84  0.02717 -2.00121e-05
 85  0.02396  6.14643e-05 | 86  0.02018 -3.94483e-05 | 87  0.01625  2.41956e-05
 88  0.01265 -1.00848e-04 | 89  0.00984 -6.85718e-05 | 90  0.00792 -9.49309e-05
 91  0.00670  1.06129e-04 | 92  0.00577  1.45570e-04 | 93  0.00499 -2.71744e-04
 94  0.00482  2.08652e-04 | 95  0.00534 -2.85739e-04 | 96  0.00539  3.06242e-04
 97  0.00675 -1.96843e-05 | 98  0.00883  3.74337e-05 | 99  0.01200 -7.87325e-05
100  0.01127  5.60318e-05 |101  0.00935 -1.25782e-04 |102  0.00748  3.40935e-06
103  0.00057  4.15964e-05 |104  0.00365 -2.25191e-06 |105  0.02742  2.27696e-05
106  0.02983 -1.67612e-05 |107  0.00419  1.48701e-04 |108  0.01751  3.79365e-05
109  0.07096 -4.52036e-05 |110  0.02840 -1.21282e-04 |111 -0.01147 -2.97472e-05
112  0.00665 -1.31980e-05 |113  0.02438  1.38295e-04 |114  0.03608 -3.37191e-06
115 -0.00969  4.89544e-05 |116 -0.05749 -1.73950e-05 |117 -0.08113 -5.65937e-05
118 -0.07514 -7.25464e-06 |119 -0.03453  1.03884e-05 |120  0.06938 -8.77628e-06
121  0.02308 -1.51451e-05 |122  0.01303  7.86080e-06 |123 -0.02870 -6.00290e-06
124 -0.06783  7.85714e-05 |125 -0.00768 -8.38188e-05 |126  0.00437  1.01051e-05
127 -0.02781  2.14566e-05 |128  0.02719 -1.92469e-05 |129  0.07364  7.73054e-06
130  0.00923 -6.58621e-06 |131  0.08297 -1.10117e-05 |132  0.00575 -3.81818e-05
133  0.13313  2.12318e-06 |134 -0.00591 -2.27380e-05 |135 -0.04663  2.22122e-05
136 -0.05719 -5.47869e-06 |137 -0.02189 -1.56510e-05 |138  0.09476 -3.61871e-05
139  0.03149  1.52067e-05 |140  0.01686  2.97808e-05 |141 -0.02816  4.08811e-06
142 -0.01785  4.50914e-06 |143 -0.00599 -2.06671e-06 |144 -0.00040  5.94496e-04
145  0.28003  1.61152e-05 |146  0.19011 -4.77708e-06 |147  0.04693 -3.93885e-05
148  0.29664  1.60234e-05 |149  0.01628 -8.73972e-06 |150 -0.11466 -1.58308e-05
151 -0.47493  4.37997e-06 |152  0.31380 -2.20770e-06 |153  0.04864 -3.09047e-05
154 -0.23469 -5.45288e-06 |155  0.18308  7.27792e-06 |156  0.25987  4.91469e-05
157  0.17483  5.96133e-05 |158  0.25420 -3.28958e-05 |159  0.00581 -1.13879e-05
160 -0.09819  1.08059e-05 |161  0.10405 -3.00302e-05 |162  0.29676  2.68214e-05
163  0.16924 -9.19820e-06 |164  0.24628  8.75346e-06 |165 -0.34947  9.31194e-06
166  0.24346 -3.75855e-05 |167  0.05222 -8.82374e-06 |168 -0.18760 -2.58841e-05
169  0.29345 -5.75204e-05 |170 -0.06919 -2.02746e-05 |171 -0.15629 -6.66161e-05
172 -0.49844 -1.45813e-05 |173 -0.38007  7.39088e-06 |174  0.23620  1.08343e-06
175  0.07807  3.86433e-06 |176 -0.12156  2.00824e-05 |177  0.05164 -5.11996e-06
178  0.11967 -2.49046e-05 |179  0.32173 -1.46672e-05 |180  0.27251 -1.47073e-06
181  0.00538 -4.81632e-07 |182  0.00918 -6.02514e-06 |183 -0.14980 -2.33099e-06
184 -0.12558 -4.30898e-05 |185  0.01351 -7.31661e-05 |186  0.39291 -3.83875e-05
187  0.01864  9.50517e-06 |188 -0.15428 -5.30751e-06 |189  0.09940  8.45734e-06
190  0.16386 -2.85940e-05 |191  0.21874  3.29294e-05 |192  0.25723  1.51011e-04
193  0.02457 -1.14331e-05 |194 -0.00656  6.97951e-06 |195 -0.17618 -5.69755e-05
196 -0.11421 -2.91602e-06 |197 -0.54983 -5.10520e-06 |198  0.17259  1.40350e-07
199  0.09509  7.11543e-05 |200 -0.25433  4.31031e-06 |

 - final statistics:
213 variables; iteration 0; function evaluation 0
Function value 7.2819e+03; maximum gradient component mag 5.9450e-04
Exit code = 0;  converg criter 1.0000e-03
Var    Value     Gradient |Var    Value     Gradient |Var    Value     Gradient
  1 -0.42220  2.32079e-05 |  2  0.37086  8.09379e-05 |  3 -0.12618 -9.91766e-06
  4 -0.01280  6.31846e-05 |  5 -0.70530  4.71052e-05 |  6 -0.60471  1.59850e-04
  7  0.37770  6.74489e-05 |  8 -0.18509  6.78037e-05 |  9  0.03173  5.25235e-05
 10 -0.61000  4.87127e-05 | 11 -0.62284 -5.25582e-05 | 12 -0.09481 -2.12696e-05
 13 -0.00998 -3.60969e-05 | 14 -0.01020 -6.88190e-05 | 15 -0.01042  6.77117e-05
 16 -0.01063 -1.69687e-04 | 17 -0.01083  2.38364e-04 | 18 -0.01104 -6.18534e-05
 19 -0.01123 -2.66305e-04 | 20 -0.01142 -9.52862e-05 | 21 -0.01159  1.12971e-05
 22 -0.01175  3.02158e-04 | 23 -0.01190  4.86703e-04 | 24 -0.01204 -2.46713e-04
 25 -0.01217 -5.10608e-04 | 26 -0.01227  1.23127e-04 | 27 -0.01236  2.18795e-04
 28 -0.01243  2.64991e-05 | 29 -0.01247 -1.69364e-04 | 30 -0.01250  2.76728e-05
 31 -0.01249 -5.75403e-06 | 32 -0.01247  1.17082e-04 | 33 -0.01242 -2.21713e-04
 34 -0.01233  1.13681e-04 | 35 -0.01222 -5.55214e-05 | 36 -0.01207 -1.60922e-04
 37 -0.01189 -6.28389e-05 | 38 -0.01167  2.12705e-04 | 39 -0.01142 -3.78997e-06
 40 -0.01112 -3.35418e-05 | 41 -0.01079  9.03650e-05 | 42 -0.01042 -6.45764e-05
 43 -0.01002  7.28903e-05 | 44 -0.00959 -5.42261e-05 | 45 -0.00913  1.51463e-04
 46 -0.00866 -3.62800e-04 | 47 -0.00817  2.68284e-04 | 48 -0.00770 -3.70810e-05
 49 -0.00723  4.41715e-05 | 50 -0.00679  4.19404e-06 | 51 -0.00639 -4.32594e-04
 52 -0.00603  1.62222e-04 | 53 -0.00571  3.11329e-05 | 54 -0.00545 -6.68242e-06
 55 -0.00522  9.64567e-05 | 56 -0.00501  6.47442e-05 | 57 -0.00481  1.01740e-04
 58 -0.00458 -5.71341e-05 | 59 -0.00431  4.24172e-05 | 60 -0.00396 -3.07160e-05
 61 -0.00350 -2.87290e-04 | 62 -0.00289 -2.60860e-05 | 63 -0.00212  1.51131e-04
 64 -0.00113 -2.32158e-04 | 65  0.00010  2.11452e-04 | 66  0.00160 -1.65756e-04
 67  0.00340 -1.02229e-04 | 68  0.00551 -1.61339e-05 | 69  0.00794  4.00704e-05
 70  0.01068 -3.89437e-05 | 71  0.01370 -1.21903e-05 | 72  0.01695  6.76142e-05
 73  0.02033  2.85425e-05 | 74  0.02368  4.70298e-05 | 75  0.02683  5.96169e-05
 76  0.02954  6.12367e-07 | 77  0.03163  4.86086e-06 | 78  0.03298 -1.25767e-05
 79  0.03356  2.88505e-05 | 80  0.03344  1.58466e-05 | 81  0.03274  1.71737e-05
 82  0.03150 -4.13550e-06 | 83  0.02968 -2.73486e-05 | 84  0.02717 -2.00121e-05
 85  0.02396  6.14643e-05 | 86  0.02018 -3.94483e-05 | 87  0.01625  2.41956e-05
 88  0.01265 -1.00848e-04 | 89  0.00984 -6.85718e-05 | 90  0.00792 -9.49309e-05
 91  0.00670  1.06129e-04 | 92  0.00577  1.45570e-04 | 93  0.00499 -2.71744e-04
 94  0.00482  2.08652e-04 | 95  0.00534 -2.85739e-04 | 96  0.00539  3.06242e-04
 97  0.00675 -1.96843e-05 | 98  0.00883  3.74337e-05 | 99  0.01200 -7.87325e-05
100  0.01127  5.60318e-05 |101  0.00935 -1.25782e-04 |102  0.00748  3.40935e-06
103  0.00057  4.15964e-05 |104  0.00365 -2.25191e-06 |105  0.02742  2.27696e-05
106  0.02983 -1.67612e-05 |107  0.00419  1.48701e-04 |108  0.01751  3.79365e-05
109  0.07096 -4.52036e-05 |110  0.02840 -1.21282e-04 |111 -0.01147 -2.97472e-05
112  0.00665 -1.31980e-05 |113  0.02438  1.38295e-04 |114  0.03608 -3.37191e-06
115 -0.00969  4.89544e-05 |116 -0.05749 -1.73950e-05 |117 -0.08113 -5.65937e-05
118 -0.07514 -7.25464e-06 |119 -0.03453  1.03884e-05 |120  0.06938 -8.77628e-06
121  0.02308 -1.51451e-05 |122  0.01303  7.86080e-06 |123 -0.02870 -6.00290e-06
124 -0.06783  7.85714e-05 |125 -0.00768 -8.38188e-05 |126  0.00437  1.01051e-05
127 -0.02781  2.14566e-05 |128  0.02719 -1.92469e-05 |129  0.07364  7.73054e-06
130  0.00923 -6.58621e-06 |131  0.08297 -1.10117e-05 |132  0.00575 -3.81818e-05
133  0.13313  2.12318e-06 |134 -0.00591 -2.27380e-05 |135 -0.04663  2.22122e-05
136 -0.05719 -5.47869e-06 |137 -0.02189 -1.56510e-05 |138  0.09476 -3.61871e-05
139  0.03149  1.52067e-05 |140  0.01686  2.97808e-05 |141 -0.02816  4.08811e-06
142 -0.01785  4.50914e-06 |143 -0.00599 -2.06671e-06 |144 -0.00040  5.94496e-04
145  0.00000  0.00000e+00 |146  0.00000  0.00000e+00 |147  0.00000  0.00000e+00
148  0.00000  0.00000e+00 |149  0.00000  0.00000e+00 |150  0.00000  0.00000e+00
151  0.00000  0.00000e+00 |152  0.00000  0.00000e+00 |153  0.00000  0.00000e+00
154  0.00000  0.00000e+00 |155  0.00000  0.00000e+00 |156  0.00000  0.00000e+00
157  0.00000  0.00000e+00 |158  0.28003  1.61152e-05 |159  0.19011 -4.77708e-06
160  0.04693 -3.93885e-05 |161  0.29664  1.60234e-05 |162  0.01628 -8.73972e-06
163 -0.11466 -1.58308e-05 |164 -0.47493  4.37997e-06 |165  0.31380 -2.20770e-06
166  0.04864 -3.09047e-05 |167 -0.23469 -5.45288e-06 |168  0.18308  7.27792e-06
169  0.25987  4.91469e-05 |170  0.17483  5.96133e-05 |171  0.25420 -3.28958e-05
172  0.00581 -1.13879e-05 |173 -0.09819  1.08059e-05 |174  0.10405 -3.00302e-05
175  0.29676  2.68214e-05 |176  0.16924 -9.19820e-06 |177  0.24628  8.75346e-06
178 -0.34947  9.31194e-06 |179  0.24346 -3.75855e-05 |180  0.05222 -8.82374e-06
181 -0.18760 -2.58841e-05 |182  0.29345 -5.75204e-05 |183 -0.06919 -2.02746e-05
184 -0.15629 -6.66161e-05 |185 -0.49844 -1.45813e-05 |186 -0.38007  7.39088e-06
187  0.23620  1.08343e-06 |188  0.07807  3.86433e-06 |189 -0.12156  2.00824e-05
190  0.05164 -5.11996e-06 |191  0.11967 -2.49046e-05 |192  0.32173 -1.46672e-05
193  0.27251 -1.47073e-06 |194  0.00538 -4.81632e-07 |195  0.00918 -6.02515e-06
196 -0.14980 -2.33099e-06 |197 -0.12558 -4.30898e-05 |198  0.01351 -7.31661e-05
199  0.39291 -3.83875e-05 |200  0.01864  9.50517e-06 |201 -0.15428 -5.30751e-06
202  0.09940  8.45734e-06 |203  0.16386 -2.85940e-05 |204  0.21874  3.29294e-05
205  0.25723  1.51011e-04 |206  0.02457 -1.14331e-05 |207 -0.00656  6.97951e-06
208 -0.17618 -5.69755e-05 |209 -0.11421 -2.91602e-06 |210 -0.54983 -5.10520e-06
211  0.17259  1.40350e-07 |212  0.09509  7.11543e-05 |213 -0.25433  4.31031e-06
size of file gradfil1.tmp = 0
size of file gradfil2.tmp = 0
size of file varssave.tmp = 0
size of file cmpdiff.tmp = 1000000040
