
Initial statistics: 136 variables; iteration 0; function evaluation 0; phase 1
Function value 7.2548272e+03; maximum gradient component mag 6.0819e+01
Var    Value     Gradient |Var    Value     Gradient |Var    Value     Gradient
  1 -0.42334  6.08191e+01 |  2 -0.09289  4.99653e+00 |  3 -0.01009  1.91682e-02
  4 -0.01031  1.94984e-02 |  5 -0.01053  1.98357e-02 |  6 -0.01074  2.01713e-02
  7 -0.01095  2.05055e-02 |  8 -0.01115  2.08495e-02 |  9 -0.01135  2.11934e-02
 10 -0.01153  2.15342e-02 | 11 -0.01171  2.18814e-02 | 12 -0.01187  2.22255e-02
 13 -0.01203  2.25582e-02 | 14 -0.01217  2.28960e-02 | 15 -0.01229  2.32277e-02
 16 -0.01240  2.35581e-02 | 17 -0.01249  2.38880e-02 | 18 -0.01255  2.42240e-02
 19 -0.01260  2.45545e-02 | 20 -0.01262  2.48805e-02 | 21 -0.01262  2.51898e-02
 22 -0.01260  2.54739e-02 | 23 -0.01254  2.57357e-02 | 24 -0.01246  2.59759e-02
 25 -0.01235  2.61938e-02 | 26 -0.01220  2.64117e-02 | 27 -0.01202  2.66303e-02
 28 -0.01180  2.68590e-02 | 29 -0.01154  2.70935e-02 | 30 -0.01124  2.73215e-02
 31 -0.01091  2.75342e-02 | 32 -0.01054  2.77060e-02 | 33 -0.01013  2.78325e-02
 34 -0.00969  2.78931e-02 | 35 -0.00923  2.78635e-02 | 36 -0.00876  2.77232e-02
 37 -0.00827  2.74218e-02 | 38 -0.00779  2.69275e-02 | 39 -0.00732  2.62084e-02
 40 -0.00687  2.52783e-02 | 41 -0.00646  2.41843e-02 | 42 -0.00610  2.29537e-02
 43 -0.00578  2.15954e-02 | 44 -0.00550  2.00561e-02 | 45 -0.00527  1.82252e-02
 46 -0.00505  1.60318e-02 | 47 -0.00484  1.34829e-02 | 48 -0.00461  1.05359e-02
 49 -0.00433  7.13039e-03 | 50 -0.00397  3.24935e-03 | 51 -0.00351 -1.14534e-03
 52 -0.00290 -6.20186e-03 | 53 -0.00211 -1.19667e-02 | 54 -0.00112 -1.85730e-02
 55  0.00012 -2.61282e-02 | 56  0.00162 -3.48038e-02 | 57  0.00342 -4.47763e-02
 58  0.00553 -5.62256e-02 | 59  0.00797 -6.94247e-02 | 60  0.01071 -8.46584e-02
 61  0.01374 -1.02191e-01 | 62  0.01700 -1.22244e-01 | 63  0.02037 -1.45050e-01
 64  0.02373 -1.70689e-01 | 65  0.02687 -1.99044e-01 | 66  0.02959 -2.29849e-01
 67  0.03168 -2.62512e-01 | 68  0.03301 -2.96179e-01 | 69  0.03358 -3.30047e-01
 70  0.03344 -3.63336e-01 | 71  0.03272 -3.95416e-01 | 72  0.03145 -4.25416e-01
 73  0.02960 -4.52150e-01 | 74  0.02705 -4.74077e-01 | 75  0.02380 -4.89742e-01
 76  0.01999 -4.98318e-01 | 77  0.01602 -5.00034e-01 | 78  0.01239 -4.95891e-01
 79  0.00955 -4.86813e-01 | 80  0.00761 -4.72051e-01 | 81  0.00637 -4.49312e-01
 82  0.00544 -4.14987e-01 | 83  0.00468 -3.66188e-01 | 84  0.00458 -3.01194e-01
 85  0.00522 -2.16178e-01 | 86  0.00545 -1.05514e-01 | 87  0.00713  3.22424e-02
 88  0.00970  2.03684e-01 | 89  0.01366  4.18829e-01 | 90  0.01376  6.68757e-01
 91  0.01250  9.66433e-01 | 92  0.01081  1.34396e+00 | 93  0.00275  1.76009e+00
 94  0.00360  2.44742e+00 | 95  0.02294  3.84341e+00 | 96  0.02140  4.92899e+00
 97 -0.00268  5.00252e+00 | 98  0.01577  6.50802e+00 | 99  0.08374  1.09365e+01
100  0.02820  6.18969e+00 |101 -0.01452  3.26139e+00 |102  0.00430  2.18344e+00
103  0.01938  8.33431e-01 |104  0.03866 -1.68012e+00 |105  0.00285 -3.88938e+00
106 -0.06248 -3.77242e+00 |107 -0.07893 -4.11832e+00 |108 -0.07730 -4.24570e+00
109 -0.03457 -5.37178e+00 |110  0.06971 -9.68310e+00 |111  0.02361 -4.80080e+00
112  0.01375 -2.50769e+00 |113 -0.02797 -2.00103e-01 |114 -0.06716  9.79183e-01
115 -0.00654  2.49127e+00 |116  0.00456  2.52707e+00 |117 -0.02731  1.29021e+00
118  0.02817  9.26386e-01 |119  0.07344 -2.31518e-01 |120  0.01038 -1.05842e+00
121  0.08254 -3.08494e+00 |122  0.00575 -1.94248e+00 |123  0.13287 -3.81482e+00
124 -0.00532 -4.80557e-01 |125 -0.04646  3.89893e-01 |126 -0.05671  6.65221e-01
127 -0.02192  4.71071e-01 |128  0.09420  5.11039e-01 |129  0.03190  5.17744e-02
130  0.01685 -4.34015e-03 |131 -0.02798 -1.80567e-04 |132 -0.01758 -4.44187e-05
133 -0.00588 -2.39651e-04 |134 -0.00040 -1.75903e-05 |135  0.27670 -1.33095e-04
136  0.18753  3.27385e-04 |

Intermediate statistics: 136 variables; iteration 20; function evaluation 23; phase 1
Function value 7.2546709e+03; maximum gradient component mag 3.1360e+01
Var    Value     Gradient |Var    Value     Gradient |Var    Value     Gradient
  1 -0.42497  3.13599e+01 |  2 -0.09762 -5.93663e-01 |  3 -0.01006  1.16485e-02
  4 -0.01025  1.94380e-02 |  5 -0.01044  2.73491e-02 |  6 -0.01062  3.53868e-02
  7 -0.01079  4.35113e-02 |  8 -0.01096  5.16143e-02 |  9 -0.01112  5.96824e-02
 10 -0.01128  6.76623e-02 | 11 -0.01142  7.54380e-02 | 12 -0.01155  8.29724e-02
 13 -0.01167  9.02196e-02 | 14 -0.01178  9.70241e-02 | 15 -0.01188  1.03356e-01
 16 -0.01196  1.09126e-01 | 17 -0.01202  1.14267e-01 | 18 -0.01207  1.18674e-01
 19 -0.01209  1.22282e-01 | 20 -0.01210  1.24933e-01 | 21 -0.01208  1.26518e-01
 22 -0.01204  1.26926e-01 | 23 -0.01198  1.26017e-01 | 24 -0.01190  1.23694e-01
 25 -0.01178  1.19901e-01 | 26 -0.01164  1.14516e-01 | 27 -0.01147  1.07522e-01
 28 -0.01127  9.88583e-02 | 29 -0.01103  8.84989e-02 | 30 -0.01076  7.64301e-02
 31 -0.01046  6.26334e-02 | 32 -0.01012  4.71867e-02 | 33 -0.00976  3.01215e-02
 34 -0.00937  1.15958e-02 | 35 -0.00896 -8.21766e-03 | 36 -0.00853 -2.92032e-02
 37 -0.00810 -5.11244e-02 | 38 -0.00767 -7.38464e-02 | 39 -0.00726 -9.71176e-02
 40 -0.00687 -1.20724e-01 | 41 -0.00651 -1.44441e-01 | 42 -0.00620 -1.67905e-01
 43 -0.00593 -1.90935e-01 | 44 -0.00571 -2.13321e-01 | 45 -0.00551 -2.34523e-01
 46 -0.00534 -2.53931e-01 | 47 -0.00516 -2.71147e-01 | 48 -0.00495 -2.85280e-01
 49 -0.00467 -2.95415e-01 | 50 -0.00430 -3.01068e-01 | 51 -0.00380 -3.01970e-01
 52 -0.00315 -2.97377e-01 | 53 -0.00229 -2.87927e-01 | 54 -0.00121 -2.74134e-01
 55  0.00012 -2.57198e-01 | 56  0.00173 -2.38977e-01 | 57  0.00363 -2.21450e-01
 58  0.00583 -2.07214e-01 | 59  0.00834 -1.98259e-01 | 60  0.01113 -1.95936e-01
 61  0.01417 -2.00995e-01 | 62  0.01740 -2.12787e-01 | 63  0.02074 -2.27860e-01
 64  0.02406 -2.41554e-01 | 65  0.02720 -2.48513e-01 | 66  0.02998 -2.41813e-01
 67  0.03222 -2.19185e-01 | 68  0.03378 -1.83316e-01 | 69  0.03463 -1.36806e-01
 70  0.03480 -8.58714e-02 | 71  0.03438 -3.29188e-02 | 72  0.03339  1.70554e-02
 73  0.03176  5.91550e-02 | 74  0.02934  8.57701e-02 | 75  0.02606  8.81227e-02
 76  0.02208  6.14249e-02 | 77  0.01783  9.67903e-03 | 78  0.01389 -5.26562e-02
 79  0.01077 -1.10797e-01 | 80  0.00861 -1.56099e-01 | 81  0.00720 -1.84537e-01
 82  0.00615 -1.93033e-01 | 83  0.00532 -1.74819e-01 | 84  0.00522 -1.24974e-01
 85  0.00592 -4.34055e-02 | 86  0.00624  7.12274e-02 | 87  0.00804  2.16888e-01
 88  0.01081  4.02528e-01 | 89  0.01526  6.77294e-01 | 90  0.01623  1.04450e+00
 91  0.01576  1.39432e+00 | 92  0.01438  1.62763e+00 | 93  0.00509  1.45252e+00
 94  0.00505  1.41151e+00 | 95  0.02303  1.52924e+00 | 96  0.02021  1.49067e+00
 97 -0.00410  1.36628e+00 | 98  0.01355  1.76062e+00 | 99  0.07939  3.13826e+00
100  0.02950  3.04469e+00 |101 -0.01305  2.50977e+00 |102  0.00664  2.78428e+00
103  0.02154  2.15864e+00 |104  0.03762 -4.48401e-01 |105  0.00366 -1.77461e+00
106 -0.05985 -9.45234e-01 |107 -0.07714 -1.41321e+00 |108 -0.07580 -1.49938e+00
109 -0.03310 -1.61154e+00 |110  0.07204 -1.81640e+00 |111  0.02517 -2.94504e-01
112  0.01566  4.95133e-01 |113 -0.02844  1.18864e-01 |114 -0.06942 -4.62078e-01
115 -0.00950 -2.79158e-01 |116  0.00204 -6.55676e-02 |117 -0.02783  4.01742e-01
118  0.03021  1.58242e+00 |119  0.07447  1.23593e+00 |120  0.01231  7.42859e-01
121  0.08816  1.47984e+00 |122  0.00697 -7.07005e-01 |123  0.13542 -1.85416e+00
124 -0.00350  1.99860e-01 |125 -0.04755 -2.11106e-01 |126 -0.05522  1.09903e+00
127 -0.02092  7.32914e-01 |128  0.09336 -6.07525e-02 |129  0.03170 -1.54045e-01
130  0.01699 -1.01726e-02 |131 -0.02695  2.89902e-01 |132 -0.01630  3.39973e-01
133 -0.00530  1.36523e-01 |134 -0.00033  1.71075e-02 |135  0.28269  1.06864e+00
136  0.19221 -8.76642e-01 |

 - final statistics:
136 variables; iteration 23; function evaluation 27
Function value 7.2546e+03; maximum gradient component mag 1.6193e+00
Exit code = 1;  converg criter 1.0000e+01
Var    Value     Gradient |Var    Value     Gradient |Var    Value     Gradient
  1 -0.42628 -1.43779e+00 |  2 -0.09710 -1.06632e-01 |  3 -0.01062 -3.37202e-02
  4 -0.01086 -3.79672e-02 |  5 -0.01110 -4.22750e-02 |  6 -0.01134 -4.66340e-02
  7 -0.01157 -5.10194e-02 |  8 -0.01179 -5.53776e-02 |  9 -0.01201 -5.96892e-02
 10 -0.01221 -6.39212e-02 | 11 -0.01241 -6.80180e-02 | 12 -0.01260 -7.19532e-02
 13 -0.01277 -7.56974e-02 | 14 -0.01292 -7.91840e-02 | 15 -0.01306 -8.23915e-02
 16 -0.01318 -8.52782e-02 | 17 -0.01329 -8.78109e-02 | 18 -0.01337 -8.99442e-02
 19 -0.01342 -9.16479e-02 | 20 -0.01345 -9.28618e-02 | 21 -0.01345 -9.35458e-02
 22 -0.01343 -9.36586e-02 | 23 -0.01338 -9.31511e-02 | 24 -0.01329 -9.19910e-02
 25 -0.01317 -9.01635e-02 | 26 -0.01301 -8.76340e-02 | 27 -0.01282 -8.44099e-02
 28 -0.01258 -8.04895e-02 | 29 -0.01231 -7.58896e-02 | 30 -0.01199 -7.06354e-02
 31 -0.01163 -6.47660e-02 | 32 -0.01123 -5.83555e-02 | 33 -0.01079 -5.14694e-02
 34 -0.01032 -4.42249e-02 | 35 -0.00983 -3.67467e-02 | 36 -0.00932 -2.91380e-02
 37 -0.00879 -2.15434e-02 | 38 -0.00827 -1.40619e-02 | 39 -0.00776 -6.82252e-03
 40 -0.00728  7.79086e-05 | 41 -0.00683  6.56068e-03 | 42 -0.00643  1.25194e-02
 43 -0.00607  1.79187e-02 | 44 -0.00576  2.27052e-02 | 45 -0.00550  2.67026e-02
 46 -0.00525  2.97058e-02 | 47 -0.00502  3.15860e-02 | 48 -0.00476  3.20844e-02
 49 -0.00447  3.09800e-02 | 50 -0.00410  2.82708e-02 | 51 -0.00362  2.41187e-02
 52 -0.00301  1.87015e-02 | 53 -0.00223  1.27704e-02 | 54 -0.00123  7.21099e-03
 55  0.00002  3.25532e-03 | 56  0.00155  2.25487e-03 | 57  0.00340  5.40481e-03
 58  0.00558  1.32059e-02 | 59  0.00810  2.46334e-02 | 60  0.01094  3.64260e-02
 61  0.01405  4.24011e-02 | 62  0.01733  3.37337e-02 | 63  0.02062  2.69321e-03
 64  0.02377 -5.30525e-02 | 65  0.02661 -1.25349e-01 | 66  0.02905 -1.89177e-01
 67  0.03104 -2.19533e-01 | 68  0.03251 -2.07743e-01 | 69  0.03344 -1.55756e-01
 70  0.03378 -8.57603e-02 | 71  0.03355 -1.04104e-02 | 72  0.03268  5.11136e-02
 73  0.03105  8.37627e-02 | 74  0.02849  7.32517e-02 | 75  0.02499  2.03430e-02
 76  0.02086 -4.77013e-02 | 77  0.01669 -9.38070e-02 | 78  0.01306 -1.00671e-01
 79  0.01032 -8.04330e-02 | 80  0.00851 -5.24390e-02 | 81  0.00738 -2.79938e-02
 82  0.00650 -1.16380e-02 | 83  0.00575 -5.96582e-03 | 84  0.00559 -1.09396e-02
 85  0.00616 -2.19491e-02 | 86  0.00629 -3.45608e-02 | 87  0.00791 -4.47196e-02
 88  0.01044 -5.64725e-02 | 89  0.01440 -6.77330e-02 | 90  0.01470 -3.78987e-02
 91  0.01365 -7.08419e-03 | 92  0.01221  4.82754e-02 | 93  0.00434  1.46000e-01
 94  0.00486  1.39588e-01 | 95  0.02304 -3.10936e-02 | 96  0.01974 -2.96881e-01
 97 -0.00517 -4.38091e-01 | 98  0.01270 -3.38914e-01 | 99  0.07971 -3.15853e-01
100  0.02755 -5.78194e-02 |101 -0.01505 -5.03827e-02 |102  0.00501  2.38261e-01
103  0.01929  2.71576e-01 |104  0.03952  1.96372e-01 |105  0.00459 -5.01889e-01
106 -0.06153 -9.70259e-01 |107 -0.07737 -6.42912e-01 |108 -0.07322  9.77400e-01
109 -0.02966  1.61933e+00 |110  0.07212  7.15826e-02 |111  0.02293 -1.11489e+00
112  0.01452 -1.33682e-01 |113 -0.02806  4.35674e-01 |114 -0.06794  3.81193e-01
115 -0.00882  2.76982e-01 |116  0.00201 -8.37892e-02 |117 -0.02755  1.24418e-01
118  0.02751 -1.89000e-01 |119  0.07376 -3.13286e-01 |120  0.01206  3.44541e-02
121  0.08632  6.51241e-02 |122  0.00780 -4.34445e-01 |123  0.13719  9.08112e-02
124 -0.00353  2.86315e-01 |125 -0.04783 -3.12004e-01 |126 -0.05761  2.26548e-01
127 -0.02226  2.47978e-01 |128  0.09332 -3.38142e-02 |129  0.03141 -2.08406e-01
130  0.01655 -1.35345e-01 |131 -0.02790  2.31125e-02 |132 -0.01802 -1.32448e-01
133 -0.00602 -3.50600e-02 |134 -0.00041 -2.83214e-03 |135  0.28187 -9.87587e-03
136  0.19214  7.07156e-02 |

Initial statistics: 146 variables; iteration 0; function evaluation 0; phase 2
Function value 7.2546281e+03; maximum gradient component mag 1.0755e+02
Var    Value     Gradient |Var    Value     Gradient |Var    Value     Gradient
  1 -0.42628 -1.43779e+00 |  2  0.37110 -6.01254e-01 |  3 -0.12614 -4.46770e+01
  4 -0.01321 -1.77171e+01 |  5 -0.70915 -9.17697e-01 |  6 -0.60419  5.37021e+01
  7  0.37628  7.93181e+00 |  8 -0.18524  1.07554e+02 |  9  0.03399  2.72335e+01
 10 -0.60948  1.67741e+00 | 11 -0.62338  6.89102e+01 | 12 -0.09710 -1.06632e-01
 13 -0.01062 -3.37202e-02 | 14 -0.01086 -3.79672e-02 | 15 -0.01110 -4.22750e-02
 16 -0.01134 -4.66340e-02 | 17 -0.01157 -5.10194e-02 | 18 -0.01179 -5.53776e-02
 19 -0.01201 -5.96892e-02 | 20 -0.01221 -6.39212e-02 | 21 -0.01241 -6.80180e-02
 22 -0.01260 -7.19532e-02 | 23 -0.01277 -7.56974e-02 | 24 -0.01292 -7.91840e-02
 25 -0.01306 -8.23915e-02 | 26 -0.01318 -8.52782e-02 | 27 -0.01329 -8.78109e-02
 28 -0.01337 -8.99442e-02 | 29 -0.01342 -9.16479e-02 | 30 -0.01345 -9.28618e-02
 31 -0.01345 -9.35458e-02 | 32 -0.01343 -9.36586e-02 | 33 -0.01338 -9.31511e-02
 34 -0.01329 -9.19910e-02 | 35 -0.01317 -9.01635e-02 | 36 -0.01301 -8.76340e-02
 37 -0.01282 -8.44099e-02 | 38 -0.01258 -8.04895e-02 | 39 -0.01231 -7.58896e-02
 40 -0.01199 -7.06354e-02 | 41 -0.01163 -6.47660e-02 | 42 -0.01123 -5.83555e-02
 43 -0.01079 -5.14694e-02 | 44 -0.01032 -4.42249e-02 | 45 -0.00983 -3.67467e-02
 46 -0.00932 -2.91380e-02 | 47 -0.00879 -2.15434e-02 | 48 -0.00827 -1.40619e-02
 49 -0.00776 -6.82252e-03 | 50 -0.00728  7.79086e-05 | 51 -0.00683  6.56068e-03
 52 -0.00643  1.25194e-02 | 53 -0.00607  1.79187e-02 | 54 -0.00576  2.27052e-02
 55 -0.00550  2.67026e-02 | 56 -0.00525  2.97058e-02 | 57 -0.00502  3.15860e-02
 58 -0.00476  3.20844e-02 | 59 -0.00447  3.09800e-02 | 60 -0.00410  2.82708e-02
 61 -0.00362  2.41187e-02 | 62 -0.00301  1.87015e-02 | 63 -0.00223  1.27704e-02
 64 -0.00123  7.21099e-03 | 65  0.00002  3.25532e-03 | 66  0.00155  2.25487e-03
 67  0.00340  5.40481e-03 | 68  0.00558  1.32059e-02 | 69  0.00810  2.46334e-02
 70  0.01094  3.64260e-02 | 71  0.01405  4.24011e-02 | 72  0.01733  3.37337e-02
 73  0.02062  2.69321e-03 | 74  0.02377 -5.30525e-02 | 75  0.02661 -1.25349e-01
 76  0.02905 -1.89177e-01 | 77  0.03104 -2.19533e-01 | 78  0.03251 -2.07743e-01
 79  0.03344 -1.55756e-01 | 80  0.03378 -8.57603e-02 | 81  0.03355 -1.04104e-02
 82  0.03268  5.11136e-02 | 83  0.03105  8.37627e-02 | 84  0.02849  7.32517e-02
 85  0.02499  2.03430e-02 | 86  0.02086 -4.77013e-02 | 87  0.01669 -9.38070e-02
 88  0.01306 -1.00671e-01 | 89  0.01032 -8.04330e-02 | 90  0.00851 -5.24390e-02
 91  0.00738 -2.79938e-02 | 92  0.00650 -1.16380e-02 | 93  0.00575 -5.96582e-03
 94  0.00559 -1.09396e-02 | 95  0.00616 -2.19491e-02 | 96  0.00629 -3.45608e-02
 97  0.00791 -4.47196e-02 | 98  0.01044 -5.64725e-02 | 99  0.01440 -6.77330e-02
100  0.01470 -3.78987e-02 |101  0.01365 -7.08419e-03 |102  0.01221  4.82754e-02
103  0.00434  1.46000e-01 |104  0.00486  1.39588e-01 |105  0.02304 -3.10936e-02
106  0.01974 -2.96881e-01 |107 -0.00517 -4.38091e-01 |108  0.01270 -3.38914e-01
109  0.07971 -3.15853e-01 |110  0.02755 -5.78194e-02 |111 -0.01505 -5.03827e-02
112  0.00501  2.38261e-01 |113  0.01929  2.71576e-01 |114  0.03952  1.96372e-01
115  0.00459 -5.01889e-01 |116 -0.06153 -9.70259e-01 |117 -0.07737 -6.42912e-01
118 -0.07322  9.77400e-01 |119 -0.02966  1.61933e+00 |120  0.07212  7.15826e-02
121  0.02293 -1.11489e+00 |122  0.01452 -1.33682e-01 |123 -0.02806  4.35674e-01
124 -0.06794  3.81193e-01 |125 -0.00882  2.76982e-01 |126  0.00201 -8.37892e-02
127 -0.02755  1.24418e-01 |128  0.02751 -1.89000e-01 |129  0.07376 -3.13286e-01
130  0.01206  3.44541e-02 |131  0.08632  6.51241e-02 |132  0.00780 -4.34445e-01
133  0.13719  9.08112e-02 |134 -0.00353  2.86315e-01 |135 -0.04783 -3.12004e-01
136 -0.05761  2.26548e-01 |137 -0.02226  2.47978e-01 |138  0.09332 -3.38142e-02
139  0.03141 -2.08406e-01 |140  0.01655 -1.35345e-01 |141 -0.02790  2.31125e-02
142 -0.01802 -1.32448e-01 |143 -0.00602 -3.50600e-02 |144 -0.00041 -2.83214e-03
145  0.28187 -9.87587e-03 |146  0.19214  7.07156e-02 |

Intermediate statistics: 146 variables; iteration 20; function evaluation 26; phase 2
Function value 7.2543912e+03; maximum gradient component mag 6.3413e+01
Var    Value     Gradient |Var    Value     Gradient |Var    Value     Gradient
  1 -0.42618  1.14847e+01 |  2  0.37019 -4.48001e+01 |  3 -0.12521 -2.24672e+01
  4 -0.01318 -3.03451e+01 |  5 -0.70665 -5.06799e+00 |  6 -0.60673 -2.33024e+01
  7  0.37785  6.34125e+01 |  8 -0.18765  4.71819e+01 |  9  0.03549  3.85342e+01
 10 -0.60507 -5.19077e+00 | 11 -0.62620 -8.61685e+00 | 12 -0.09914  5.33836e+00
 13 -0.01056  7.94599e-03 | 14 -0.01079  6.37182e-03 | 15 -0.01102  4.77338e-03
 16 -0.01125  3.15660e-03 | 17 -0.01147  1.53569e-03 | 18 -0.01169 -5.71312e-05
 19 -0.01190 -1.60875e-03 | 20 -0.01210 -3.09811e-03 | 21 -0.01229 -4.49095e-03
 22 -0.01246 -5.76901e-03 | 23 -0.01263 -6.91240e-03 | 24 -0.01278 -7.87978e-03
 25 -0.01291 -8.65612e-03 | 26 -0.01303 -9.21550e-03 | 27 -0.01313 -9.53667e-03
 28 -0.01320 -9.58908e-03 | 29 -0.01325 -9.34802e-03 | 30 -0.01328 -8.77124e-03
 31 -0.01328 -7.83098e-03 | 32 -0.01326 -6.50044e-03 | 33 -0.01320 -4.74993e-03
 34 -0.01312 -2.56099e-03 | 35 -0.01300  7.36727e-05 | 36 -0.01285  3.17291e-03
 37 -0.01266  6.73230e-03 | 38 -0.01243  1.07540e-02 | 39 -0.01216  1.52304e-02
 40 -0.01184  2.01482e-02 | 41 -0.01149  2.54847e-02 | 42 -0.01110  3.11946e-02
 43 -0.01067  3.72355e-02 | 44 -0.01021  4.35355e-02 | 45 -0.00973  5.00183e-02
 46 -0.00922  5.66175e-02 | 47 -0.00871  6.32419e-02 | 48 -0.00820  6.98204e-02
 49 -0.00770  7.62602e-02 | 50 -0.00723  8.24850e-02 | 51 -0.00679  8.84305e-02
 52 -0.00639  9.40200e-02 | 53 -0.00604  9.92188e-02 | 54 -0.00574  1.03975e-01
 55 -0.00548  1.08168e-01 | 56 -0.00524  1.11674e-01 | 57 -0.00500  1.14427e-01
 58 -0.00475  1.16284e-01 | 59 -0.00445  1.17134e-01 | 60 -0.00408  1.16980e-01
 61 -0.00360  1.15923e-01 | 62 -0.00298  1.14062e-01 | 63 -0.00219  1.11799e-01
 64 -0.00118  1.09604e-01 | 65  0.00007  1.08044e-01 | 66  0.00159  1.07772e-01
 67  0.00342  1.09128e-01 | 68  0.00557  1.11997e-01 | 69  0.00805  1.15518e-01
 70  0.01084  1.17977e-01 | 71  0.01390  1.17097e-01 | 72  0.01716  1.10909e-01
 73  0.02053  9.96066e-02 | 74  0.02387  8.62203e-02 | 75  0.02702  7.55602e-02
 76  0.02979  7.17166e-02 | 77  0.03198  7.39867e-02 | 78  0.03344  7.85025e-02
 79  0.03414  8.27191e-02 | 80  0.03415  8.62321e-02 | 81  0.03357  9.04213e-02
 82  0.03245  9.59666e-02 | 83  0.03074  1.02041e-01 | 84  0.02832  1.04976e-01
 85  0.02513  9.91229e-02 | 86  0.02132  8.29306e-02 | 87  0.01733  6.39191e-02
 88  0.01372  5.22495e-02 | 89  0.01092  4.99432e-02 | 90  0.00904  5.27531e-02
 91  0.00786  5.70737e-02 | 92  0.00696  6.15650e-02 | 93  0.00622  6.35145e-02
 94  0.00608  5.65380e-02 | 95  0.00666  4.05723e-02 | 96  0.00688  3.32329e-02
 97  0.00847  2.48384e-03 | 98  0.01100 -3.62132e-02 | 99  0.01494 -8.07677e-02
100  0.01525 -8.63320e-02 |101  0.01417 -1.09125e-01 |102  0.01261 -1.31011e-01
103  0.00463 -6.13108e-02 |104  0.00506 -6.25137e-02 |105  0.02309 -2.38379e-01
106  0.02007 -3.56349e-01 |107 -0.00450 -4.23639e-01 |108  0.01328 -4.88801e-01
109  0.07882 -8.94070e-01 |110  0.02850 -2.35806e-01 |111 -0.01493 -2.46491e-01
112  0.00467 -5.11810e-02 |113  0.01920  9.96590e-02 |114  0.03954 -4.06145e-02
115  0.00457 -4.39418e-01 |116 -0.06112 -7.33959e-01 |117 -0.07708 -5.52912e-01
118 -0.07393  6.78104e-01 |119 -0.03099  7.75343e-01 |120  0.07238  2.88234e-01
121  0.02372 -8.97102e-01 |122  0.01422 -2.03730e-01 |123 -0.02851  4.11425e-01
124 -0.06858  2.24192e-01 |125 -0.00924  5.32509e-01 |126  0.00217  9.38663e-02
127 -0.02798  2.32519e-01 |128  0.02555  2.83005e-02 |129  0.07509  5.37800e-02
130  0.00859 -3.48005e-02 |131  0.08718 -7.30122e-03 |132  0.00779 -4.50746e-01
133  0.13705 -1.67795e-01 |134 -0.00422  8.23130e-01 |135 -0.04798 -3.94726e-01
136 -0.05823  3.83899e-01 |137 -0.02251  1.07372e-01 |138  0.09392  2.11381e-01
139  0.03118  1.20002e-02 |140  0.01649 -1.45395e-01 |141 -0.02852 -1.23161e-01
142 -0.01802  2.37103e-01 |143 -0.00657 -3.33633e-01 |144 -0.00041 -1.05415e-03
145  0.28500  8.18453e-01 |146  0.19505  3.54452e+00 |

 - final statistics:
146 variables; iteration 32; function evaluation 42
Function value 7.2543e+03; maximum gradient component mag 9.7617e+00
Exit code = 1;  converg criter 1.0000e+01
Var    Value     Gradient |Var    Value     Gradient |Var    Value     Gradient
  1 -0.42686  1.50388e+00 |  2  0.37084 -5.61906e+00 |  3 -0.12507 -2.84095e+00
  4 -0.01350 -4.17928e+00 |  5 -0.70293 -1.33548e+00 |  6 -0.60640 -3.23662e+00
  7  0.37690  9.76166e+00 |  8 -0.18825  6.75487e+00 |  9  0.03606  5.70248e+00
 10 -0.60023 -5.70669e-01 | 11 -0.62646 -1.34236e+00 | 12 -0.09775  9.76512e-01
 13 -0.01062  1.79990e-03 | 14 -0.01085  1.83773e-03 | 15 -0.01108  1.84034e-03
 16 -0.01130  1.80352e-03 | 17 -0.01152  1.72445e-03 | 18 -0.01173  1.60136e-03
 19 -0.01193  1.43207e-03 | 20 -0.01213  1.21623e-03 | 21 -0.01231  9.55799e-04
 22 -0.01248  6.52262e-04 | 23 -0.01265  3.08258e-04 | 24 -0.01279 -7.02109e-05
 25 -0.01292 -4.80065e-04 | 26 -0.01304 -9.17529e-04 | 27 -0.01313 -1.38035e-03
 28 -0.01321 -1.86453e-03 | 29 -0.01326 -2.36420e-03 | 30 -0.01329 -2.86916e-03
 31 -0.01329 -3.37188e-03 | 32 -0.01327 -3.86743e-03 | 33 -0.01322 -4.35296e-03
 34 -0.01314 -4.83023e-03 | 35 -0.01303 -5.30564e-03 | 36 -0.01288 -5.78676e-03
 37 -0.01270 -6.28582e-03 | 38 -0.01248 -6.81466e-03 | 39 -0.01222 -7.38633e-03
 40 -0.01192 -8.01490e-03 | 41 -0.01158 -8.71696e-03 | 42 -0.01120 -9.51322e-03
 43 -0.01079 -1.04264e-02 | 44 -0.01034 -1.14807e-02 | 45 -0.00987 -1.26964e-02
 46 -0.00939 -1.40881e-02 | 47 -0.00889 -1.56659e-02 | 48 -0.00840 -1.74356e-02
 49 -0.00791 -1.94029e-02 | 50 -0.00745 -2.15747e-02 | 51 -0.00703 -2.39556e-02
 52 -0.00664 -2.65420e-02 | 53 -0.00630 -2.93226e-02 | 54 -0.00601 -3.22849e-02
 55 -0.00576 -3.54247e-02 | 56 -0.00553 -3.87503e-02 | 57 -0.00530 -4.22708e-02
 58 -0.00505 -4.59805e-02 | 59 -0.00475 -4.98692e-02 | 60 -0.00437 -5.39136e-02
 61 -0.00389 -5.80863e-02 | 62 -0.00326 -6.23437e-02 | 63 -0.00246 -6.66476e-02
 64 -0.00145 -7.09605e-02 | 65 -0.00020 -7.52037e-02 | 66  0.00132 -7.93223e-02
 67  0.00313 -8.30928e-02 | 68  0.00526 -8.62843e-02 | 69  0.00771 -8.91406e-02
 70  0.01047 -9.34164e-02 | 71  0.01348 -1.03560e-01 | 72  0.01666 -1.24943e-01
 73  0.01992 -1.54417e-01 | 74  0.02323 -1.65805e-01 | 75  0.02668 -1.11697e-01
 76  0.03014  2.28786e-02 | 77  0.03308  1.70214e-01 | 78  0.03482  2.30909e-01
 79  0.03501  1.52511e-01 | 80  0.03410  4.74284e-03 | 81  0.03264 -1.37089e-01
 82  0.03112 -1.93050e-01 | 83  0.02962 -1.36380e-01 | 84  0.02785  2.67350e-03
 85  0.02526  1.31395e-01 | 86  0.02167  1.78194e-01 | 87  0.01763  1.67820e-01
 88  0.01393  1.54756e-01 | 89  0.01107  1.53911e-01 | 90  0.00915  1.58094e-01
 91  0.00793  1.61702e-01 | 92  0.00701  1.62442e-01 | 93  0.00625  1.58677e-01
 94  0.00611  1.48726e-01 | 95  0.00670  1.32480e-01 | 96  0.00692  1.14687e-01
 97  0.00855  8.97727e-02 | 98  0.01113  6.14371e-02 | 99  0.01510  1.79703e-02
100  0.01545  5.62786e-04 |101  0.01434 -3.65185e-02 |102  0.01269 -7.90779e-02
103  0.00451 -9.70586e-02 |104  0.00492 -1.37602e-01 |105  0.02302 -2.82992e-01
106  0.02024 -3.23948e-01 |107 -0.00420 -2.71360e-01 |108  0.01435  6.50297e-02
109  0.07953 -6.36493e-02 |110  0.02985  3.97080e-01 |111 -0.01447 -2.88006e-02
112  0.00468 -1.01704e-01 |113  0.01958 -2.77743e-02 |114  0.03968 -7.01200e-02
115  0.00550 -1.79019e-02 |116 -0.05935  1.04442e-01 |117 -0.07528  2.11732e-01
118 -0.07470 -1.54330e-03 |119 -0.03290 -2.30554e-01 |120  0.07312 -2.92835e-01
121  0.02648  3.66673e-01 |122  0.01526  5.87885e-01 |123 -0.02806  4.49745e-01
124 -0.06842  9.00626e-02 |125 -0.00971 -3.75632e-01 |126  0.00192 -5.44352e-01
127 -0.02707  2.47243e-01 |128  0.02631 -7.51694e-02 |129  0.07603  7.64068e-02
130  0.00961  1.91789e-01 |131  0.08847  1.80659e-01 |132  0.00932 -1.44253e-02
133  0.13843  3.74399e-01 |134 -0.00435  9.42641e-02 |135 -0.04744 -1.23204e-01
136 -0.05858  4.42159e-02 |137 -0.02266  5.46956e-02 |138  0.09510  2.87742e-01
139  0.03246  3.23451e-01 |140  0.01598 -4.05252e-01 |141 -0.02788  2.25799e-01
142 -0.01789 -3.32626e-02 |143 -0.00637 -7.82101e-02 |144 -0.00040  1.40840e-04
145  0.28246 -2.65858e-02 |146  0.19264  3.86930e-01 |

Initial statistics: 176 variables; iteration 0; function evaluation 0; phase 3
Function value 7.2543039e+03; maximum gradient component mag 1.1769e+01
Var    Value     Gradient |Var    Value     Gradient |Var    Value     Gradient
  1 -0.42686  1.50388e+00 |  2  0.37084 -5.61906e+00 |  3 -0.12507 -2.84095e+00
  4 -0.01350 -4.17928e+00 |  5 -0.70293 -1.33548e+00 |  6 -0.60640 -3.23662e+00
  7  0.37690  9.76166e+00 |  8 -0.18825  6.75487e+00 |  9  0.03606  5.70248e+00
 10 -0.60023 -5.70669e-01 | 11 -0.62646 -1.34236e+00 | 12 -0.09775  9.76512e-01
 13 -0.01062  1.79990e-03 | 14 -0.01085  1.83773e-03 | 15 -0.01108  1.84034e-03
 16 -0.01130  1.80352e-03 | 17 -0.01152  1.72445e-03 | 18 -0.01173  1.60136e-03
 19 -0.01193  1.43207e-03 | 20 -0.01213  1.21623e-03 | 21 -0.01231  9.55799e-04
 22 -0.01248  6.52262e-04 | 23 -0.01265  3.08258e-04 | 24 -0.01279 -7.02109e-05
 25 -0.01292 -4.80065e-04 | 26 -0.01304 -9.17529e-04 | 27 -0.01313 -1.38035e-03
 28 -0.01321 -1.86453e-03 | 29 -0.01326 -2.36420e-03 | 30 -0.01329 -2.86916e-03
 31 -0.01329 -3.37188e-03 | 32 -0.01327 -3.86743e-03 | 33 -0.01322 -4.35296e-03
 34 -0.01314 -4.83023e-03 | 35 -0.01303 -5.30564e-03 | 36 -0.01288 -5.78676e-03
 37 -0.01270 -6.28582e-03 | 38 -0.01248 -6.81466e-03 | 39 -0.01222 -7.38633e-03
 40 -0.01192 -8.01490e-03 | 41 -0.01158 -8.71696e-03 | 42 -0.01120 -9.51322e-03
 43 -0.01079 -1.04264e-02 | 44 -0.01034 -1.14807e-02 | 45 -0.00987 -1.26964e-02
 46 -0.00939 -1.40881e-02 | 47 -0.00889 -1.56659e-02 | 48 -0.00840 -1.74356e-02
 49 -0.00791 -1.94029e-02 | 50 -0.00745 -2.15747e-02 | 51 -0.00703 -2.39556e-02
 52 -0.00664 -2.65420e-02 | 53 -0.00630 -2.93226e-02 | 54 -0.00601 -3.22849e-02
 55 -0.00576 -3.54247e-02 | 56 -0.00553 -3.87503e-02 | 57 -0.00530 -4.22708e-02
 58 -0.00505 -4.59805e-02 | 59 -0.00475 -4.98692e-02 | 60 -0.00437 -5.39136e-02
 61 -0.00389 -5.80863e-02 | 62 -0.00326 -6.23437e-02 | 63 -0.00246 -6.66476e-02
 64 -0.00145 -7.09605e-02 | 65 -0.00020 -7.52037e-02 | 66  0.00132 -7.93223e-02
 67  0.00313 -8.30928e-02 | 68  0.00526 -8.62843e-02 | 69  0.00771 -8.91406e-02
 70  0.01047 -9.34164e-02 | 71  0.01348 -1.03560e-01 | 72  0.01666 -1.24943e-01
 73  0.01992 -1.54417e-01 | 74  0.02323 -1.65805e-01 | 75  0.02668 -1.11697e-01
 76  0.03014  2.28786e-02 | 77  0.03308  1.70214e-01 | 78  0.03482  2.30909e-01
 79  0.03501  1.52511e-01 | 80  0.03410  4.74284e-03 | 81  0.03264 -1.37089e-01
 82  0.03112 -1.93050e-01 | 83  0.02962 -1.36380e-01 | 84  0.02785  2.67350e-03
 85  0.02526  1.31395e-01 | 86  0.02167  1.78194e-01 | 87  0.01763  1.67820e-01
 88  0.01393  1.54756e-01 | 89  0.01107  1.53911e-01 | 90  0.00915  1.58094e-01
 91  0.00793  1.61702e-01 | 92  0.00701  1.62442e-01 | 93  0.00625  1.58677e-01
 94  0.00611  1.48726e-01 | 95  0.00670  1.32480e-01 | 96  0.00692  1.14687e-01
 97  0.00855  8.97727e-02 | 98  0.01113  6.14371e-02 | 99  0.01510  1.79703e-02
100  0.01545  5.62786e-04 |101  0.01434 -3.65185e-02 |102  0.01269 -7.90779e-02
103  0.00451 -9.70586e-02 |104  0.00492 -1.37602e-01 |105  0.02302 -2.82992e-01
106  0.02024 -3.23948e-01 |107 -0.00420 -2.71360e-01 |108  0.01435  6.50297e-02
109  0.07953 -6.36493e-02 |110  0.02985  3.97080e-01 |111 -0.01447 -2.88006e-02
112  0.00468 -1.01704e-01 |113  0.01958 -2.77743e-02 |114  0.03968 -7.01200e-02
115  0.00550 -1.79019e-02 |116 -0.05935  1.04442e-01 |117 -0.07528  2.11732e-01
118 -0.07470 -1.54330e-03 |119 -0.03290 -2.30554e-01 |120  0.07312 -2.92835e-01
121  0.02648  3.66673e-01 |122  0.01526  5.87885e-01 |123 -0.02806  4.49745e-01
124 -0.06842  9.00626e-02 |125 -0.00971 -3.75632e-01 |126  0.00192 -5.44352e-01
127 -0.02707  2.47243e-01 |128  0.02631 -7.51694e-02 |129  0.07603  7.64068e-02
130  0.00961  1.91789e-01 |131  0.08847  1.80659e-01 |132  0.00932 -1.44253e-02
133  0.13843  3.74399e-01 |134 -0.00435  9.42641e-02 |135 -0.04744 -1.23204e-01
136 -0.05858  4.42159e-02 |137 -0.02266  5.46956e-02 |138  0.09510  2.87742e-01
139  0.03246  3.23451e-01 |140  0.01598 -4.05252e-01 |141 -0.02788  2.25799e-01
142 -0.01789 -3.32626e-02 |143 -0.00637 -7.82101e-02 |144 -0.00040  1.40840e-04
145  0.28246 -2.65858e-02 |146  0.19264  3.86930e-01 |147  0.04662  9.09329e-01
148  0.29671 -5.65965e-01 |149 -0.47543 -3.39170e-01 |150  0.31377  3.26227e-01
151  0.18255 -1.81147e+00 |152  0.25986  4.81621e+00 |153  0.17459  6.87411e-01
154  0.25418  3.11021e-01 |155  0.10351 -1.89678e+00 |156  0.29677  3.79912e+00
157  0.16893 -8.62830e-01 |158  0.24623  1.56233e+00 |159 -0.35197 -1.20403e+00
160  0.24281  1.08939e+00 |161  0.20265  3.95020e-01 |162  0.31675  2.93525e+00
163 -0.38040  4.31182e-01 |164  0.23607 -3.79809e-01 |165  0.05118 -2.39096e+00
166  0.11969 -4.84367e-01 |167  0.32140  5.23612e+00 |168  0.27252  2.75132e-02
169  0.01343 -1.84163e-01 |170  0.39319 -1.06346e-02 |171  0.09932  1.17686e+01
172  0.16368  1.86204e+00 |173  0.21870  1.70876e-01 |174  0.25726  1.37101e+00
175 -0.55411  2.08928e-01 |176  0.17113 -1.15586e-01 |

Intermediate statistics: 176 variables; iteration 20; function evaluation 21; phase 3
Function value 7.2534915e+03; maximum gradient component mag 5.0843e+01
Var    Value     Gradient |Var    Value     Gradient |Var    Value     Gradient
  1 -0.42647  3.27481e+01 |  2  0.37205  1.56898e+01 |  3 -0.12533 -9.25863e+00
  4 -0.01514 -5.84949e+00 |  5 -0.70459 -3.85345e+00 |  6 -0.60601 -9.08664e+00
  7  0.37627  6.62250e+00 |  8 -0.18941 -9.49396e+00 |  9  0.03753  9.20204e+00
 10 -0.59785  4.03296e+00 | 11 -0.62612  2.53168e+01 | 12 -0.11067  4.06629e+00
 13 -0.00924 -2.13963e-01 | 14 -0.00944 -2.19025e-01 | 15 -0.00962 -2.24073e-01
 16 -0.00981 -2.29096e-01 | 17 -0.00998 -2.34090e-01 | 18 -0.01015 -2.39046e-01
 19 -0.01031 -2.43959e-01 | 20 -0.01046 -2.48824e-01 | 21 -0.01060 -2.53646e-01
 22 -0.01073 -2.58427e-01 | 23 -0.01084 -2.63175e-01 | 24 -0.01094 -2.67907e-01
 25 -0.01102 -2.72638e-01 | 26 -0.01109 -2.77384e-01 | 27 -0.01113 -2.82156e-01
 28 -0.01115 -2.86958e-01 | 29 -0.01115 -2.91792e-01 | 30 -0.01113 -2.96668e-01
 31 -0.01108 -3.01607e-01 | 32 -0.01100 -3.06633e-01 | 33 -0.01090 -3.11776e-01
 34 -0.01077 -3.17063e-01 | 35 -0.01061 -3.22507e-01 | 36 -0.01041 -3.28114e-01
 37 -0.01018 -3.33865e-01 | 38 -0.00991 -3.39735e-01 | 39 -0.00960 -3.45686e-01
 40 -0.00925 -3.51662e-01 | 41 -0.00887 -3.57674e-01 | 42 -0.00844 -3.63695e-01
 43 -0.00799 -3.69718e-01 | 44 -0.00750 -3.75737e-01 | 45 -0.00699 -3.81739e-01
 46 -0.00647 -3.87709e-01 | 47 -0.00593 -3.93646e-01 | 48 -0.00540 -3.99543e-01
 49 -0.00489 -4.05401e-01 | 50 -0.00440 -4.11219e-01 | 51 -0.00395 -4.16965e-01
 52 -0.00354 -4.22575e-01 | 53 -0.00319 -4.28049e-01 | 54 -0.00290 -4.33442e-01
 55 -0.00265 -4.38879e-01 | 56 -0.00243 -4.44560e-01 | 57 -0.00222 -4.50676e-01
 58 -0.00199 -4.57326e-01 | 59 -0.00172 -4.64688e-01 | 60 -0.00139 -4.72912e-01
 61 -0.00095 -4.82245e-01 | 62 -0.00037 -4.92864e-01 | 63  0.00037 -5.05041e-01
 64  0.00132 -5.19160e-01 | 65  0.00250 -5.35513e-01 | 66  0.00395 -5.55334e-01
 67  0.00569 -5.79444e-01 | 68  0.00774 -6.08765e-01 | 69  0.01012 -6.42875e-01
 70  0.01286 -6.76195e-01 | 71  0.01599 -6.94379e-01 | 72  0.01956 -6.78415e-01
 73  0.02345 -6.32075e-01 | 74  0.02713 -6.24166e-01 | 75  0.02965 -7.84236e-01
 76  0.03044 -1.15271e+00 | 77  0.03029 -1.54109e+00 | 78  0.03071 -1.67092e+00
 79  0.03260 -1.39505e+00 | 80  0.03489 -9.13901e-01 | 81  0.03642 -4.40587e-01
 82  0.03595 -1.98687e-01 | 83  0.03305 -2.65905e-01 | 84  0.02821 -5.62617e-01
 85  0.02291 -8.24591e-01 | 86  0.01834 -8.39826e-01 | 87  0.01439 -6.78319e-01
 88  0.01073 -5.01085e-01 | 89  0.00756 -3.55890e-01 | 90  0.00511 -2.26401e-01
 91  0.00323 -1.00638e-01 | 92  0.00157  2.44881e-02 | 93  0.00006  1.49284e-01
 94 -0.00081  2.74428e-01 | 95 -0.00092  3.99569e-01 | 96 -0.00129  5.20780e-01
 97 -0.00026  6.33840e-01 | 98  0.00168  7.35905e-01 | 99  0.00504  8.63140e-01
100  0.00467  8.98112e-01 |101  0.00331  9.39678e-01 |102  0.00162  9.71553e-01
103 -0.00578  1.01113e+00 |104 -0.00489  1.17907e+00 |105  0.01366  1.77974e+00
106  0.01314  2.29739e+00 |107 -0.00819  2.48604e+00 |108  0.00704  2.15077e+00
109  0.07640  5.14318e+00 |110  0.02323  2.25537e+00 |111 -0.01595  1.77491e+00
112  0.00183  1.05154e+00 |113  0.01525  3.90860e-01 |114  0.03499  2.51088e-01
115  0.00359  9.32311e-01 |116 -0.06023  1.44637e+00 |117 -0.07662  1.27258e+00
118 -0.07553  8.10905e-01 |119 -0.03659 -9.15866e-01 |120  0.06920 -9.88070e-01
121  0.02412  7.60667e-01 |122  0.01455  2.79461e+00 |123 -0.02987  1.66668e+00
124 -0.07024  8.43088e-01 |125 -0.01260  1.58961e-01 |126  0.00183  1.19479e+00
127 -0.03230 -7.49166e-02 |128  0.02692  1.94386e+00 |129  0.07579  2.23127e+00
130  0.00865  8.14432e-01 |131  0.08870  1.23225e+00 |132  0.00971  3.84007e-01
133  0.13826  9.89937e-01 |134 -0.00388  3.17538e-01 |135 -0.04728  2.20019e-01
136 -0.05884 -8.32380e-02 |137 -0.02315  3.73923e-02 |138  0.09676  1.21662e+00
139  0.02936 -6.12673e-01 |140  0.01802  6.27965e-01 |141 -0.03090 -6.42165e-01
142 -0.01649  2.44123e-01 |143 -0.00625  1.54182e-01 |144 -0.00038 -3.39836e-03
145  0.30206  1.71118e+00 |146  0.21375  6.58968e+00 |147  0.00304  5.79922e-01
148  0.32313 -1.92012e-01 |149 -0.47527  1.25691e-01 |150  0.30816 -3.51883e-01
151  0.18420 -2.66154e+00 |152  0.25976  5.31135e+00 |153  0.17534 -6.45222e+00
154  0.25540  1.17577e+01 |155  0.10592  5.88909e+00 |156  0.29551 -1.59921e+01
157  0.16822 -2.52949e+01 |158  0.24858  4.04564e+01 |159 -0.34665 -5.07372e-03
160  0.24554  4.89469e+00 |161  0.20306 -1.90823e-01 |162  0.31774  7.05959e+00
163 -0.38719 -5.20874e-01 |164  0.23312 -6.23996e-01 |165  0.16110 -3.63504e+00
166  0.14405 -1.88479e-01 |167  0.08890  6.82844e-01 |168  0.27064 -5.97057e-02
169  0.01353 -6.93230e-01 |170  0.39272 -1.87828e-01 |171  0.10089  5.08431e+01
172  0.16401 -2.28485e+01 |173  0.21951 -1.60349e+01 |174  0.25786  4.10071e+01
175 -0.55480  1.58934e+00 |176  0.16998 -5.84431e-01 |
176 variables; iteration 40; function evaluation 42; phase 3
Function value 7.2531300e+03; maximum gradient component mag 4.9854e+01
Var    Value     Gradient |Var    Value     Gradient |Var    Value     Gradient
  1 -0.42662  3.18811e+01 |  2  0.37153  9.13844e+00 |  3 -0.12588 -4.21498e+00
  4 -0.01401 -7.66580e-01 |  5 -0.70423 -2.79592e+00 |  6 -0.60606 -5.34391e+00
  7  0.37781  1.16755e+01 |  8 -0.18850 -1.24294e+01 |  9  0.03449  8.94011e-01
 10 -0.59846  3.81886e-02 | 11 -0.62640  1.20875e+01 | 12 -0.11978 -5.04267e+00
 13 -0.00802 -5.55838e-02 | 14 -0.00818 -5.72037e-02 | 15 -0.00834 -5.89405e-02
 16 -0.00850 -6.07989e-02 | 17 -0.00865 -6.27861e-02 | 18 -0.00879 -6.48934e-02
 19 -0.00892 -6.71174e-02 | 20 -0.00905 -6.94532e-02 | 21 -0.00916 -7.18897e-02
 22 -0.00927 -7.44197e-02 | 23 -0.00936 -7.70342e-02 | 24 -0.00943 -7.97150e-02
 25 -0.00949 -8.24500e-02 | 26 -0.00953 -8.52193e-02 | 27 -0.00955 -8.80014e-02
 28 -0.00955 -9.07711e-02 | 29 -0.00953 -9.35118e-02 | 30 -0.00948 -9.62086e-02
 31 -0.00941 -9.88625e-02 | 32 -0.00931 -1.01473e-01 | 33 -0.00918 -1.04041e-01
 34 -0.00902 -1.06572e-01 | 35 -0.00884 -1.09077e-01 | 36 -0.00862 -1.11571e-01
 37 -0.00836 -1.14087e-01 | 38 -0.00806 -1.16676e-01 | 39 -0.00773 -1.19410e-01
 40 -0.00736 -1.22361e-01 | 41 -0.00695 -1.25673e-01 | 42 -0.00651 -1.29460e-01
 43 -0.00603 -1.33848e-01 | 44 -0.00553 -1.38976e-01 | 45 -0.00501 -1.44981e-01
 46 -0.00448 -1.52001e-01 | 47 -0.00394 -1.60191e-01 | 48 -0.00342 -1.69708e-01
 49 -0.00291 -1.80736e-01 | 50 -0.00244 -1.93472e-01 | 51 -0.00202 -2.08114e-01
 52 -0.00165 -2.24841e-01 | 53 -0.00135 -2.43825e-01 | 54 -0.00111 -2.65219e-01
 55 -0.00093 -2.89171e-01 | 56 -0.00078 -3.15849e-01 | 57 -0.00066 -3.45445e-01
 58 -0.00053 -3.78134e-01 | 59 -0.00037 -4.14156e-01 | 60 -0.00015 -4.53699e-01
 61  0.00017 -4.96935e-01 | 62  0.00061 -5.43868e-01 | 63  0.00121 -5.94447e-01
 64  0.00201 -6.48488e-01 | 65  0.00304 -7.05261e-01 | 66  0.00434 -7.64150e-01
 67  0.00595 -8.22922e-01 | 68  0.00790 -8.78794e-01 | 69  0.01021 -9.30943e-01
 70  0.01285 -9.85427e-01 | 71  0.01570 -1.05991e+00 | 72  0.01860 -1.17075e+00
 73  0.02155 -1.28883e+00 | 74  0.02493 -1.30602e+00 | 75  0.02918 -1.11538e+00
 76  0.03363 -8.08081e-01 | 77  0.03671 -6.14688e-01 | 78  0.03782 -5.98241e-01
 79  0.03722 -7.03863e-01 | 80  0.03528 -8.91500e-01 | 81  0.03227 -1.14707e+00
 82  0.02919 -1.31567e+00 | 83  0.02699 -1.21367e+00 | 84  0.02583 -7.67200e-01
 85  0.02439 -1.90312e-01 | 86  0.02108  1.73120e-01 | 87  0.01631  2.99812e-01
 88  0.01171  4.06323e-01 | 89  0.00805  5.76472e-01 | 90  0.00532  7.83955e-01
 91  0.00324  1.00573e+00 | 92  0.00140  1.23032e+00 | 93 -0.00029  1.44900e+00
 94 -0.00136  1.65960e+00 | 95 -0.00170  1.86052e+00 | 96 -0.00229  2.03692e+00
 97 -0.00145  2.21800e+00 | 98  0.00032  2.39459e+00 | 99  0.00322  2.52067e+00
100  0.00298  2.61559e+00 |101  0.00150  2.59284e+00 |102 -0.00024  2.51506e+00
103 -0.00759  2.30325e+00 |104 -0.00669  2.25248e+00 |105  0.01046  2.25384e+00
106  0.00932  1.87746e+00 |107 -0.01303  1.01387e+00 |108  0.00830  1.25501e+00
109  0.06319 -1.26405e+00 |110  0.02378 -5.36435e-01 |111 -0.02245 -1.84728e+00
112 -0.00393 -2.64092e+00 |113  0.01007 -3.17443e+00 |114  0.03078 -2.67115e+00
115  0.00003 -7.36662e-01 |116 -0.06499 -2.78516e-01 |117 -0.08112 -2.24999e-01
118 -0.07933  1.35686e-01 |119 -0.03709  1.51955e-01 |120  0.06729 -8.04759e-02
121  0.02197 -1.43648e-01 |122  0.00790 -1.23129e+00 |123 -0.03371 -6.12479e-01
124 -0.07248  1.61070e-01 |125 -0.01517 -4.13903e-01 |126 -0.00225  4.13522e-01
127 -0.03114  1.07865e+00 |128  0.02419  2.35238e+00 |129  0.07263  2.29314e+00
130  0.00670  8.45033e-01 |131  0.08409 -2.21311e-01 |132  0.00681 -4.70428e-01
133  0.13333 -1.62750e+00 |134 -0.00701 -1.90468e-01 |135 -0.04924 -1.17462e-01
136 -0.06029 -1.23839e-01 |137 -0.02391  6.35250e-02 |138  0.09601  1.62447e+00
139  0.03075  2.54162e-01 |140  0.01411 -6.15145e-01 |141 -0.02985 -1.74845e-01
142 -0.01857 -1.74109e-01 |143 -0.00652  3.19921e-02 |144 -0.00034  1.05387e-02
145  0.31671  2.23044e-01 |146  0.22511 -4.93112e-01 |147 -0.09685 -5.96889e-01
148  0.30517  2.81564e-01 |149 -0.47520 -5.64114e-01 |150  0.31306  3.07849e-01
151  0.18379 -2.72371e+00 |152  0.25936  3.70722e+00 |153  0.17212 -1.46938e+01
154  0.25404  1.72256e+01 |155  0.10579 -7.55651e-01 |156  0.29654  2.90664e-01
157  0.17007 -5.93519e+00 |158  0.24705  9.90953e+00 |159 -0.35105 -6.28859e-01
160  0.24261 -1.41736e+00 |161  0.20310  1.14723e+00 |162  0.31850  1.02973e+01
163 -0.38379  2.72653e-01 |164  0.23414 -1.20080e+00 |165  0.17428 -5.78939e-01
166  0.28278  5.39606e-01 |167  0.01026  6.01875e-01 |168  0.18817 -2.06535e-01
169  0.01323 -1.20861e+00 |170  0.39293  5.00144e-01 |171  0.10042  4.98540e+01
172  0.16390 -1.83110e+01 |173  0.21942 -1.47832e+01 |174  0.25753  3.18455e+01
175 -0.55658  4.72833e-02 |176  0.16949 -3.46704e-01 |
176 variables; iteration 60; function evaluation 63; phase 3
Function value 7.2529745e+03; maximum gradient component mag -9.2173e+00
Var    Value     Gradient |Var    Value     Gradient |Var    Value     Gradient
  1 -0.42786 -2.73832e+00 |  2  0.37129  2.06255e+00 |  3 -0.12569 -7.18134e-01
  4 -0.01386  1.15068e+00 |  5 -0.70326 -1.41898e+00 |  6 -0.60594 -1.43779e+00
  7  0.37806  7.30344e+00 |  8 -0.18813 -2.32152e+00 |  9  0.03371 -1.63859e+00
 10 -0.59719 -9.84944e-01 | 11 -0.62707 -4.31165e+00 | 12 -0.11969 -2.91850e+00
 13 -0.00827  3.84632e-03 | 14 -0.00843  6.03375e-03 | 15 -0.00859  8.66985e-03
 16 -0.00874  1.17836e-02 | 17 -0.00888  1.53879e-02 | 18 -0.00902  1.94840e-02
 19 -0.00914  2.40735e-02 | 20 -0.00925  2.91385e-02 | 21 -0.00935  3.46381e-02
 22 -0.00944  4.05333e-02 | 23 -0.00951  4.67735e-02 | 24 -0.00956  5.32769e-02
 25 -0.00960  5.99842e-02 | 26 -0.00962  6.68250e-02 | 27 -0.00962  7.37370e-02
 28 -0.00960  8.06426e-02 | 29 -0.00956  8.74523e-02 | 30 -0.00950  9.40371e-02
 31 -0.00941  1.00286e-01 | 32 -0.00930  1.06104e-01 | 33 -0.00916  1.11409e-01
 34 -0.00900  1.16145e-01 | 35 -0.00881  1.20289e-01 | 36 -0.00859  1.23812e-01
 37 -0.00834  1.26717e-01 | 38 -0.00805  1.28998e-01 | 39 -0.00772  1.30654e-01
 40 -0.00736  1.31694e-01 | 41 -0.00697  1.32174e-01 | 42 -0.00654  1.32186e-01
 43 -0.00608  1.31853e-01 | 44 -0.00560  1.31332e-01 | 45 -0.00509  1.30760e-01
 46 -0.00457  1.30247e-01 | 47 -0.00404  1.29901e-01 | 48 -0.00352  1.29803e-01
 49 -0.00302  1.30010e-01 | 50 -0.00254  1.30503e-01 | 51 -0.00211  1.31075e-01
 52 -0.00173  1.31270e-01 | 53 -0.00140  1.30504e-01 | 54 -0.00114  1.28258e-01
 55 -0.00094  1.24301e-01 | 56 -0.00077  1.18758e-01 | 57 -0.00061  1.11893e-01
 58 -0.00045  1.03866e-01 | 59 -0.00025  9.48057e-02 | 60  0.00002  8.46494e-02
 61  0.00038  7.31744e-02 | 62  0.00088  5.98359e-02 | 63  0.00154  4.39579e-02
 64  0.00239  2.47858e-02 | 65  0.00346  1.50624e-03 | 66  0.00480 -2.53242e-02
 67  0.00642 -5.37979e-02 | 68  0.00839 -7.82045e-02 | 69  0.01076 -8.95485e-02
 70  0.01354 -8.44837e-02 | 71  0.01663 -7.87517e-02 | 72  0.01987 -9.20283e-02
 73  0.02329 -9.32974e-02 | 74  0.02696 -3.77715e-02 | 75  0.03028 -3.68377e-03
 76  0.03271 -4.24776e-02 | 77  0.03489  4.00348e-03 | 78  0.03647  9.66424e-02
 79  0.03644  5.84199e-02 | 80  0.03542 -1.81282e-02 | 81  0.03426 -7.57679e-03
 82  0.03271  3.41895e-02 | 83  0.03014 -1.42092e-03 | 84  0.02701 -1.43621e-02
 85  0.02416  1.76741e-01 | 86  0.02066  3.68840e-01 | 87  0.01590  3.48066e-01
 88  0.01139  3.18659e-01 | 89  0.00780  3.39805e-01 | 90  0.00502  3.57309e-01
 91  0.00279  3.52844e-01 | 92  0.00076  3.23905e-01 | 93 -0.00111  2.81502e-01
 94 -0.00228  2.43418e-01 | 95 -0.00257  2.25631e-01 | 96 -0.00289  2.59841e-01
 97 -0.00187  2.80071e-01 | 98  0.00002  2.98322e-01 | 99  0.00370  4.09898e-01
100  0.00293  2.31514e-01 |101  0.00158  1.75152e-01 |102 -0.00006  8.82462e-02
103 -0.00746  1.61286e-02 |104 -0.00721 -7.94276e-02 |105  0.01109 -4.19310e-02
106  0.00921 -3.26268e-01 |107 -0.01193 -8.94138e-02 |108  0.00460 -1.11664e+00
109  0.06624 -2.36300e+00 |110  0.02101 -1.59554e+00 |111 -0.02153 -1.50290e+00
112 -0.00343 -1.77094e+00 |113  0.01301 -1.08823e+00 |114  0.03231 -8.89629e-01
115 -0.00071 -4.67707e-01 |116 -0.06351  1.57812e-01 |117 -0.08227 -9.50776e-01
118 -0.07899  6.22248e-02 |119 -0.03691  3.17242e-01 |120  0.06884  1.19809e+00
121  0.02181  3.59054e-01 |122  0.00950  1.55089e-02 |123 -0.03173  7.13891e-01
124 -0.07214  3.24433e-01 |125 -0.01357  2.20343e-01 |126 -0.00123  4.47849e-01
127 -0.03064  5.76393e-01 |128  0.02140  1.48041e-01 |129  0.07317  2.84733e-01
130  0.00300 -9.43884e-01 |131  0.08547 -2.79360e-01 |132  0.00758 -1.00976e-01
133  0.13348 -1.85685e+00 |134 -0.00611  1.89264e-01 |135 -0.04865  3.27843e-02
136 -0.05958  1.23599e-01 |137 -0.02324  2.45307e-01 |138  0.09614  1.47075e+00
139  0.03167  4.91767e-01 |140  0.01567 -1.82435e-01 |141 -0.02784  3.76149e-01
142 -0.01516  8.06216e-01 |143 -0.00773 -3.47644e-01 |144 -0.00053 -3.34328e-02
145  0.31556 -3.68627e-01 |146  0.22723 -3.02885e+00 |147 -0.07082 -3.06775e-01
148  0.31298  2.29979e-01 |149 -0.47756 -7.25346e-01 |150  0.30980  1.42211e-01
151  0.18423 -6.49460e-01 |152  0.25963  1.32022e+00 |153  0.17422 -4.88844e+00
154  0.25414  6.80885e+00 |155  0.10636 -3.14903e+00 |156  0.29737  7.57608e+00
157  0.17152  6.64396e+00 |158  0.24633 -9.21734e+00 |159 -0.34910  1.06714e+00
160  0.24270 -3.82923e+00 |161  0.20115  1.14976e+00 |162  0.31676  4.59839e+00
163 -0.38109  3.36552e-01 |164  0.23531 -2.58646e-01 |165  0.16994 -1.27046e-01
166  0.23945  6.33230e-03 |167 -0.02102  4.33569e-01 |168  0.18632  1.71399e-01
169  0.01325 -1.30005e+00 |170  0.39258  4.75919e-01 |171  0.09913  7.28740e+00
172  0.16384 -7.46427e+00 |173  0.21867  1.61760e+00 |174  0.25699  9.21409e+00
175 -0.57120 -1.73312e+00 |176  0.16367  1.30089e-02 |
176 variables; iteration 80; function evaluation 92; phase 3
Function value 7.2529101e+03; maximum gradient component mag -5.1896e+00
Var    Value     Gradient |Var    Value     Gradient |Var    Value     Gradient
  1 -0.42796 -4.61327e+00 |  2  0.37123 -5.45345e-01 |  3 -0.12563 -9.45857e-01
  4 -0.01390 -2.15548e-01 |  5 -0.70200 -2.37474e-01 |  6 -0.60601 -1.44173e-01
  7  0.37713  8.19809e-02 |  8 -0.18833  1.08986e+00 |  9  0.03501 -1.38513e+00
 10 -0.59841 -4.56627e-01 | 11 -0.62698 -1.97845e+00 | 12 -0.11878 -8.63218e-01
 13 -0.00821  3.72697e-02 | 14 -0.00838  3.88124e-02 | 15 -0.00854  4.03732e-02
 16 -0.00870  4.19385e-02 | 17 -0.00885  4.34947e-02 | 18 -0.00899  4.50236e-02
 19 -0.00913  4.65093e-02 | 20 -0.00926  4.79368e-02 | 21 -0.00937  4.92912e-02
 22 -0.00948  5.05615e-02 | 23 -0.00957  5.17387e-02 | 24 -0.00964  5.28144e-02
 25 -0.00971  5.37843e-02 | 26 -0.00975  5.46440e-02 | 27 -0.00978  5.53896e-02
 28 -0.00978  5.60167e-02 | 29 -0.00976  5.65236e-02 | 30 -0.00972  5.69085e-02
 31 -0.00966  5.71713e-02 | 32 -0.00957  5.73085e-02 | 33 -0.00945  5.73119e-02
 34 -0.00931  5.71693e-02 | 35 -0.00914  5.68636e-02 | 36 -0.00893  5.63709e-02
 37 -0.00869  5.56654e-02 | 38 -0.00841  5.47185e-02 | 39 -0.00810  5.35037e-02
 40 -0.00775  5.19986e-02 | 41 -0.00736  5.02018e-02 | 42 -0.00694  4.81289e-02
 43 -0.00649  4.58230e-02 | 44 -0.00602  4.33613e-02 | 45 -0.00552  4.08504e-02
 46 -0.00500  3.84242e-02 | 47 -0.00449  3.62393e-02 | 48 -0.00398  3.44519e-02
 49 -0.00348  3.31908e-02 | 50 -0.00301  3.25095e-02 | 51 -0.00259  3.23479e-02
 52 -0.00221  3.25463e-02 | 53 -0.00189  3.29384e-02 | 54 -0.00163  3.34478e-02
 55 -0.00141  3.41201e-02 | 56 -0.00123  3.50697e-02 | 57 -0.00105  3.63935e-02
 58 -0.00086  3.81315e-02 | 59 -0.00063  4.02806e-02 | 60 -0.00033  4.27364e-02
 61  0.00007  4.52891e-02 | 62  0.00061  4.76089e-02 | 63  0.00132  4.93750e-02
 64  0.00223  5.05368e-02 | 65  0.00338  5.18655e-02 | 66  0.00482  5.54613e-02
 67  0.00659  6.42687e-02 | 68  0.00870  7.77204e-02 | 69  0.01114  8.41743e-02
 70  0.01381  6.89054e-02 | 71  0.01677  4.67086e-02 | 72  0.02006  4.51878e-02
 73  0.02351  4.66246e-02 | 74  0.02667 -4.82989e-04 | 75  0.02954 -5.31727e-02
 76  0.03299  8.94453e-02 | 77  0.03494  8.34942e-02 | 78  0.03604  7.50034e-02
 79  0.03631  6.99493e-02 | 80  0.03584  6.86994e-02 | 81  0.03455  3.11899e-02
 82  0.03220 -1.00783e-01 | 83  0.03057  5.55403e-03 | 84  0.02805  8.23233e-02
 85  0.02387 -2.11617e-02 | 86  0.01929 -8.96871e-02 | 87  0.01489 -7.45643e-02
 88  0.01079 -4.92475e-02 | 89  0.00718 -6.43857e-02 | 90  0.00440 -7.63559e-02
 91  0.00224 -9.04470e-02 | 92  0.00031 -1.11427e-01 | 93 -0.00143 -1.33183e-01
 94 -0.00246 -1.45853e-01 | 95 -0.00268 -1.54081e-01 | 96 -0.00312 -1.65916e-01
 97 -0.00214 -1.80786e-01 | 98 -0.00020 -1.94471e-01 | 99  0.00317 -1.70866e-01
100  0.00284 -2.11841e-01 |101  0.00157 -2.14039e-01 |102  0.00006 -1.79122e-01
103 -0.00707 -1.24393e-01 |104 -0.00626 -1.36652e-01 |105  0.01108 -2.00003e-01
106  0.00889 -4.77631e-01 |107 -0.01337 -6.51242e-01 |108  0.00531 -4.95954e-01
109  0.06682 -9.04355e-01 |110  0.02077 -5.53012e-01 |111 -0.02097 -3.73637e-01
112 -0.00183 -1.44491e-01 |113  0.01278 -1.84635e-01 |114  0.03175 -3.18150e-01
115  0.00009  2.42518e-01 |116 -0.06433  2.26156e-01 |117 -0.07930  6.82873e-01
118 -0.07905  1.83289e-01 |119 -0.03694  6.93663e-02 |120  0.06802  1.35011e-01
121  0.02223  5.01382e-01 |122  0.01055  4.43173e-01 |123 -0.03261  1.21984e-01
124 -0.07225 -1.32060e-01 |125 -0.01397 -4.40838e-01 |126 -0.00230 -4.38947e-01
127 -0.03021  4.02485e-01 |128  0.02295  9.56829e-02 |129  0.07152 -4.10447e-02
130  0.00857  5.51091e-01 |131  0.08448 -5.28589e-01 |132  0.00728 -2.89492e-01
133  0.13609  4.59856e-01 |134 -0.00514  3.58649e-01 |135 -0.04838  6.93515e-03
136 -0.05886  2.64293e-01 |137 -0.02335  1.37148e-01 |138  0.09307 -4.80252e-02
139  0.03099  1.94783e-01 |140  0.01550 -2.26951e-01 |141 -0.02951 -1.06726e-01
142 -0.01801 -7.77234e-02 |143 -0.00590  1.31044e-01 |144 -0.00040 -2.17415e-03
145  0.31445  1.05082e-01 |146  0.22292 -1.13550e+00 |147 -0.04205  4.22479e-02
148  0.31758  9.00993e-02 |149 -0.47168  5.25540e-01 |150  0.31439  1.07566e-01
151  0.18382 -1.40445e-01 |152  0.25928 -6.51169e-01 |153  0.17431 -7.90464e-01
154  0.25350  3.71726e-01 |155  0.10623 -1.04846e+00 |156  0.29690  2.22782e+00
157  0.16985  2.36962e+00 |158  0.24576 -4.38066e+00 |159 -0.34973 -2.75268e-01
160  0.24308 -9.89586e-01 |161  0.19771 -2.64191e-01 |162  0.31506  4.41579e-01
163 -0.38208  1.44875e-01 |164  0.23498 -3.55932e-02 |165  0.16454 -1.68108e-01
166  0.21989 -2.61942e-02 |167 -0.05943  3.42630e-01 |168  0.15853  1.36749e-01
169  0.01358 -5.67258e-01 |170  0.39267  1.06066e-01 |171  0.09860 -5.18960e+00
172  0.16386 -1.69491e-01 |173  0.21819  2.04886e+00 |174  0.25680 -2.34380e+00
175 -0.55251  1.91382e-01 |176  0.17167 -1.98894e-01 |
Maximum number of function evaluations exceeded

 - final statistics:
176 variables; iteration 86; function evaluation 100
Function value 7.2529e+03; maximum gradient component mag -3.6770e+00
Exit code = 3;  converg criter 1.0000e+00
Var    Value     Gradient |Var    Value     Gradient |Var    Value     Gradient
  1 -0.42791 -3.67705e+00 |  2  0.37119 -7.49898e-01 |  3 -0.12561 -9.64453e-01
  4 -0.01388 -3.56217e-01 |  5 -0.70178 -9.03898e-02 |  6 -0.60604  5.30479e-02
  7  0.37699 -3.90915e-01 |  8 -0.18841  2.72221e-01 |  9  0.03534 -8.60646e-01
 10 -0.59850 -3.28292e-01 | 11 -0.62696 -1.40936e+00 | 12 -0.11828  9.61527e-01
 13 -0.00848 -2.36176e-02 | 14 -0.00864 -2.19782e-02 | 15 -0.00880 -1.94469e-02
 16 -0.00895 -1.59326e-02 | 17 -0.00909 -1.13739e-02 | 18 -0.00922 -5.74527e-03
 19 -0.00934  9.57632e-04 | 20 -0.00944  8.69211e-03 | 21 -0.00953  1.73581e-02
 22 -0.00961  2.68336e-02 | 23 -0.00966  3.69578e-02 | 24 -0.00971  4.75052e-02
 25 -0.00973  5.82637e-02 | 26 -0.00974  6.89898e-02 | 27 -0.00973  7.94371e-02
 28 -0.00970  8.93325e-02 | 29 -0.00965  9.83950e-02 | 30 -0.00958  1.06308e-01
 31 -0.00950  1.12811e-01 | 32 -0.00939  1.17688e-01 | 33 -0.00926  1.20768e-01
 34 -0.00912  1.21968e-01 | 35 -0.00894  1.21289e-01 | 36 -0.00874  1.18802e-01
 37 -0.00852  1.14693e-01 | 38 -0.00826  1.09235e-01 | 39 -0.00796  1.02802e-01
 40 -0.00763  9.58414e-02 | 41 -0.00727  8.89296e-02 | 42 -0.00686  8.25950e-02
 43 -0.00642  7.72749e-02 | 44 -0.00595  7.32175e-02 | 45 -0.00545  7.03896e-02
 46 -0.00493  6.84824e-02 | 47 -0.00441  6.69683e-02 | 48 -0.00389  6.51925e-02
 49 -0.00340  6.25084e-02 | 50 -0.00294  5.84201e-02 | 51 -0.00253  5.27151e-02
 52 -0.00218  4.55209e-02 | 53 -0.00188  3.72068e-02 | 54 -0.00165  2.81723e-02
 55 -0.00147  1.86751e-02 | 56 -0.00132  8.80786e-03 | 57 -0.00119 -1.38333e-03
 58 -0.00104 -1.17666e-02 | 59 -0.00085 -2.21214e-02 | 60 -0.00060 -3.20356e-02
 61 -0.00023 -4.08792e-02 | 62  0.00027 -4.77380e-02 | 63  0.00096 -5.16717e-02
 64  0.00187 -5.21985e-02 | 65  0.00303 -4.98455e-02 | 66  0.00447 -4.53732e-02
 67  0.00624 -3.36956e-02 | 68  0.00845  2.44408e-03 | 69  0.01113  6.64691e-02
 70  0.01394  8.21619e-02 | 71  0.01656 -1.21605e-02 | 72  0.01953 -7.79573e-02
 73  0.02297 -6.96026e-02 | 74  0.02710  7.95608e-02 | 75  0.02933 -9.27629e-02
 76  0.03272  4.50900e-02 | 77  0.03512  1.25584e-01 | 78  0.03553  2.01149e-03
 79  0.03624  8.12471e-02 | 80  0.03657  2.26844e-01 | 81  0.03469  9.23533e-02
 82  0.03168 -1.53985e-01 | 83  0.03135  1.98614e-01 | 84  0.02748  2.40191e-02
 85  0.02440  1.40355e-01 | 86  0.01873 -1.48167e-01 | 87  0.01492 -7.77427e-03
 88  0.01086  2.93378e-02 | 89  0.00701 -4.25428e-02 | 90  0.00409 -8.64328e-02
 91  0.00184 -1.20994e-01 | 92 -0.00007 -1.36810e-01 | 93 -0.00173 -1.37139e-01
 94 -0.00270 -1.26964e-01 | 95 -0.00276 -8.93337e-02 | 96 -0.00292 -2.19485e-02
 97 -0.00163  4.80606e-02 | 98  0.00038  5.42932e-02 | 99  0.00340 -1.45616e-02
100  0.00289 -1.16481e-01 |101  0.00117 -2.52480e-01 |102 -0.00092 -3.80219e-01
103 -0.00791 -2.87358e-01 |104 -0.00541  1.86720e-01 |105  0.01101 -7.91828e-02
106  0.00931 -2.07485e-01 |107 -0.01280 -3.38167e-01 |108  0.00452 -5.71522e-01
109  0.06672 -6.98817e-01 |110  0.02174 -1.18522e-01 |111 -0.02164 -4.82138e-01
112 -0.00199 -1.20237e-01 |113  0.01324  2.20968e-02 |114  0.03186 -2.94681e-01
115 -0.00041 -9.65468e-03 |116 -0.06332  5.05114e-01 |117 -0.08062 -2.18175e-02
118 -0.07907  6.59695e-02 |119 -0.03630  2.94251e-01 |120  0.06798 -1.14181e-01
121  0.02169  7.28789e-02 |122  0.01094  4.57912e-01 |123 -0.03312 -1.71173e-01
124 -0.07234 -1.98604e-01 |125 -0.01394 -3.76919e-01 |126 -0.00183 -2.51424e-01
127 -0.03114  8.44603e-02 |128  0.02237 -1.32556e-01 |129  0.07178  6.46940e-03
130  0.00751  2.38385e-01 |131  0.08487 -3.55929e-01 |132  0.00644 -5.78823e-01
133  0.13579  2.48835e-01 |134 -0.00613 -9.48986e-02 |135 -0.04817  1.30242e-01
136 -0.05991 -5.27018e-02 |137 -0.02300  2.77806e-01 |138  0.09172 -6.50419e-01
139  0.02923 -4.46561e-01 |140  0.01643  1.92502e-01 |141 -0.03035 -3.42067e-01
142 -0.01861 -2.31509e-01 |143 -0.00607  8.72954e-02 |144 -0.00033  1.47974e-02
145  0.31378  3.13584e-01 |146  0.22275 -5.52617e-01 |147 -0.04497  5.09623e-02
148  0.30909 -9.29706e-03 |149 -0.47295  4.46336e-01 |150  0.31209 -6.76206e-02
151  0.18371 -1.29282e-01 |152  0.25930 -6.27547e-01 |153  0.17441 -2.12166e-01
154  0.25355 -1.51621e-01 |155  0.10422 -1.25410e+00 |156  0.29601  3.43454e-01
157  0.16977  1.00916e+00 |158  0.24594 -2.06313e+00 |159 -0.34946 -1.61359e-01
160  0.24319 -8.66178e-01 |161  0.19776 -1.01308e-01 |162  0.31503  6.98556e-02
163 -0.38257  4.62507e-02 |164  0.23488  3.65986e-02 |165  0.16358  1.44473e+00
166  0.21493  1.78198e-02 |167 -0.07908  1.20357e-01 |168  0.13731  9.09554e-02
169  0.01371 -2.75323e-01 |170  0.39285  9.20120e-02 |171  0.09864 -2.81245e+00
172  0.16389  7.04862e-01 |173  0.21821  1.04827e+00 |174  0.25688 -1.75600e+00
175 -0.55401  1.32749e-01 |176  0.17108 -1.58618e-01 |

Initial statistics: 200 variables; iteration 0; function evaluation 0; phase 4
Function value 7.2529021e+03; maximum gradient component mag -3.7152e+01
Var    Value     Gradient |Var    Value     Gradient |Var    Value     Gradient
  1 -0.42791 -3.67705e+00 |  2  0.37119 -7.49898e-01 |  3 -0.12561 -9.64453e-01
  4 -0.01388 -3.56217e-01 |  5 -0.70178 -9.03898e-02 |  6 -0.60604  5.30479e-02
  7  0.37699 -3.90915e-01 |  8 -0.18841  2.72221e-01 |  9  0.03534 -8.60646e-01
 10 -0.59850 -3.28292e-01 | 11 -0.62696 -1.40936e+00 | 12 -0.11828  9.61527e-01
 13 -0.00848 -2.36176e-02 | 14 -0.00864 -2.19782e-02 | 15 -0.00880 -1.94469e-02
 16 -0.00895 -1.59326e-02 | 17 -0.00909 -1.13739e-02 | 18 -0.00922 -5.74527e-03
 19 -0.00934  9.57632e-04 | 20 -0.00944  8.69211e-03 | 21 -0.00953  1.73581e-02
 22 -0.00961  2.68336e-02 | 23 -0.00966  3.69578e-02 | 24 -0.00971  4.75052e-02
 25 -0.00973  5.82637e-02 | 26 -0.00974  6.89898e-02 | 27 -0.00973  7.94371e-02
 28 -0.00970  8.93325e-02 | 29 -0.00965  9.83950e-02 | 30 -0.00958  1.06308e-01
 31 -0.00950  1.12811e-01 | 32 -0.00939  1.17688e-01 | 33 -0.00926  1.20768e-01
 34 -0.00912  1.21968e-01 | 35 -0.00894  1.21289e-01 | 36 -0.00874  1.18802e-01
 37 -0.00852  1.14693e-01 | 38 -0.00826  1.09235e-01 | 39 -0.00796  1.02802e-01
 40 -0.00763  9.58414e-02 | 41 -0.00727  8.89296e-02 | 42 -0.00686  8.25950e-02
 43 -0.00642  7.72749e-02 | 44 -0.00595  7.32175e-02 | 45 -0.00545  7.03896e-02
 46 -0.00493  6.84824e-02 | 47 -0.00441  6.69683e-02 | 48 -0.00389  6.51925e-02
 49 -0.00340  6.25084e-02 | 50 -0.00294  5.84201e-02 | 51 -0.00253  5.27151e-02
 52 -0.00218  4.55209e-02 | 53 -0.00188  3.72068e-02 | 54 -0.00165  2.81723e-02
 55 -0.00147  1.86751e-02 | 56 -0.00132  8.80786e-03 | 57 -0.00119 -1.38333e-03
 58 -0.00104 -1.17666e-02 | 59 -0.00085 -2.21214e-02 | 60 -0.00060 -3.20356e-02
 61 -0.00023 -4.08792e-02 | 62  0.00027 -4.77380e-02 | 63  0.00096 -5.16717e-02
 64  0.00187 -5.21985e-02 | 65  0.00303 -4.98455e-02 | 66  0.00447 -4.53732e-02
 67  0.00624 -3.36956e-02 | 68  0.00845  2.44408e-03 | 69  0.01113  6.64691e-02
 70  0.01394  8.21619e-02 | 71  0.01656 -1.21605e-02 | 72  0.01953 -7.79573e-02
 73  0.02297 -6.96026e-02 | 74  0.02710  7.95608e-02 | 75  0.02933 -9.27629e-02
 76  0.03272  4.50900e-02 | 77  0.03512  1.25584e-01 | 78  0.03553  2.01149e-03
 79  0.03624  8.12471e-02 | 80  0.03657  2.26844e-01 | 81  0.03469  9.23533e-02
 82  0.03168 -1.53985e-01 | 83  0.03135  1.98614e-01 | 84  0.02748  2.40191e-02
 85  0.02440  1.40355e-01 | 86  0.01873 -1.48167e-01 | 87  0.01492 -7.77427e-03
 88  0.01086  2.93378e-02 | 89  0.00701 -4.25428e-02 | 90  0.00409 -8.64328e-02
 91  0.00184 -1.20994e-01 | 92 -0.00007 -1.36810e-01 | 93 -0.00173 -1.37139e-01
 94 -0.00270 -1.26964e-01 | 95 -0.00276 -8.93337e-02 | 96 -0.00292 -2.19485e-02
 97 -0.00163  4.80606e-02 | 98  0.00038  5.42932e-02 | 99  0.00340 -1.45616e-02
100  0.00289 -1.16481e-01 |101  0.00117 -2.52480e-01 |102 -0.00092 -3.80219e-01
103 -0.00791 -2.87358e-01 |104 -0.00541  1.86720e-01 |105  0.01101 -7.91828e-02
106  0.00931 -2.07485e-01 |107 -0.01280 -3.38167e-01 |108  0.00452 -5.71522e-01
109  0.06672 -6.98817e-01 |110  0.02174 -1.18522e-01 |111 -0.02164 -4.82138e-01
112 -0.00199 -1.20237e-01 |113  0.01324  2.20968e-02 |114  0.03186 -2.94681e-01
115 -0.00041 -9.65468e-03 |116 -0.06332  5.05114e-01 |117 -0.08062 -2.18175e-02
118 -0.07907  6.59695e-02 |119 -0.03630  2.94251e-01 |120  0.06798 -1.14181e-01
121  0.02169  7.28789e-02 |122  0.01094  4.57912e-01 |123 -0.03312 -1.71173e-01
124 -0.07234 -1.98604e-01 |125 -0.01394 -3.76919e-01 |126 -0.00183 -2.51424e-01
127 -0.03114  8.44603e-02 |128  0.02237 -1.32556e-01 |129  0.07178  6.46940e-03
130  0.00751  2.38385e-01 |131  0.08487 -3.55929e-01 |132  0.00644 -5.78823e-01
133  0.13579  2.48835e-01 |134 -0.00613 -9.48986e-02 |135 -0.04817  1.30242e-01
136 -0.05991 -5.27018e-02 |137 -0.02300  2.77806e-01 |138  0.09172 -6.50419e-01
139  0.02923 -4.46561e-01 |140  0.01643  1.92502e-01 |141 -0.03035 -3.42067e-01
142 -0.01861 -2.31509e-01 |143 -0.00607  8.72954e-02 |144 -0.00033  1.47974e-02
145  0.31378  3.13584e-01 |146  0.22275 -5.52617e-01 |147 -0.04497  5.09623e-02
148  0.30909 -9.29706e-03 |149  0.01638  2.11689e-02 |150 -0.11477  3.71643e+00
151 -0.47295  4.46336e-01 |152  0.31209 -6.76206e-02 |153  0.04878  1.28865e+00
154 -0.23502 -2.68553e-01 |155  0.18371 -1.29282e-01 |156  0.25930 -6.27547e-01
157  0.17441 -2.12166e-01 |158  0.25355 -1.51621e-01 |159  0.00587  5.27789e-02
160 -0.09827 -6.82693e+00 |161  0.10422 -1.25410e+00 |162  0.29601  3.43454e-01
163  0.16977  1.00916e+00 |164  0.24594 -2.06313e+00 |165 -0.34946 -1.61359e-01
166  0.24319 -8.66178e-01 |167  0.05275 -1.70837e+00 |168 -0.18762  1.11710e+00
169  0.19776 -1.01308e-01 |170  0.31503  6.98556e-02 |171  0.07774 -2.27743e+00
172 -0.53183  5.93560e-04 |173 -0.38257  4.62507e-02 |174  0.23488  3.65986e-02
175  0.07820  2.08336e+00 |176 -0.12196 -1.48825e+01 |177  0.16358  1.44473e+00
178  0.21493  1.78198e-02 |179 -0.07908  1.20357e-01 |180  0.13731  9.09554e-02
181  0.00546  1.04811e+00 |182  0.00907  1.93326e-01 |183 -0.15012 -1.44943e+01
184 -0.12571 -2.45811e-01 |185  0.01371 -2.75323e-01 |186  0.39285  9.20120e-02
187  0.01863  2.46591e-02 |188 -0.15435 -1.19372e+00 |189  0.09864 -2.81245e+00
190  0.16389  7.04862e-01 |191  0.21821  1.04827e+00 |192  0.25688 -1.75600e+00
193  0.02453 -1.24736e+00 |194 -0.00648  2.06191e+00 |195 -0.17628 -1.15365e+01
196 -0.11429 -3.71516e+01 |197 -0.55401  1.32749e-01 |198  0.17108 -1.58618e-01
199  0.09511  3.61095e+00 |200 -0.25343  1.72875e+00 |

Intermediate statistics: 200 variables; iteration 20; function evaluation 21; phase 4
Function value 7.2516363e+03; maximum gradient component mag -6.1055e+01
Var    Value     Gradient |Var    Value     Gradient |Var    Value     Gradient
  1 -0.42915  3.80054e+01 |  2  0.37138 -8.22626e+00 |  3 -0.12809  6.14043e+00
  4 -0.01319  7.52239e+00 |  5 -0.70150  1.43113e+00 |  6 -0.60560  7.06397e+00
  7  0.37801 -2.93676e+00 |  8 -0.19239 -4.15482e+01 |  9  0.03634 -1.05659e+01
 10 -0.59772 -8.15723e-01 | 11 -0.62673  2.34965e+00 | 12 -0.13556 -6.10554e+01
 13 -0.00752 -3.65934e-01 | 14 -0.00768 -3.77197e-01 | 15 -0.00783 -3.89178e-01
 16 -0.00798 -4.01929e-01 | 17 -0.00812 -4.15496e-01 | 18 -0.00826 -4.29888e-01
 19 -0.00840 -4.45108e-01 | 20 -0.00852 -4.61132e-01 | 21 -0.00864 -4.77905e-01
 22 -0.00874 -4.95360e-01 | 23 -0.00884 -5.13409e-01 | 24 -0.00892 -5.31931e-01
 25 -0.00898 -5.50812e-01 | 26 -0.00903 -5.69921e-01 | 27 -0.00906 -5.89116e-01
 28 -0.00906 -6.08235e-01 | 29 -0.00904 -6.27101e-01 | 30 -0.00900 -6.45523e-01
 31 -0.00893 -6.63355e-01 | 32 -0.00883 -6.80483e-01 | 33 -0.00870 -6.96829e-01
 34 -0.00854 -7.12362e-01 | 35 -0.00834 -7.27095e-01 | 36 -0.00811 -7.41059e-01
 37 -0.00785 -7.54335e-01 | 38 -0.00754 -7.67038e-01 | 39 -0.00720 -7.79328e-01
 40 -0.00681 -7.91340e-01 | 41 -0.00640 -8.03479e-01 | 42 -0.00595 -8.15987e-01
 43 -0.00548 -8.29097e-01 | 44 -0.00498 -8.42946e-01 | 45 -0.00447 -8.57481e-01
 46 -0.00395 -8.72486e-01 | 47 -0.00343 -8.87668e-01 | 48 -0.00293 -9.02645e-01
 49 -0.00244 -9.17084e-01 | 50 -0.00199 -9.30741e-01 | 51 -0.00158 -9.43462e-01
 52 -0.00122 -9.55167e-01 | 53 -0.00093 -9.65988e-01 | 54 -0.00070 -9.76106e-01
 55 -0.00052 -9.85749e-01 | 56 -0.00038 -9.95339e-01 | 57 -0.00026 -1.00542e+00
 58 -0.00014 -1.01644e+00 | 59  0.00003 -1.02917e+00 | 60  0.00026 -1.04436e+00
 61  0.00058 -1.06309e+00 | 62  0.00103 -1.08626e+00 | 63  0.00164 -1.11503e+00
 64  0.00245 -1.15044e+00 | 65  0.00348 -1.19245e+00 | 66  0.00478 -1.24285e+00
 67  0.00637 -1.30413e+00 | 68  0.00822 -1.38423e+00 | 69  0.01035 -1.48438e+00
 70  0.01291 -1.57111e+00 | 71  0.01598 -1.62219e+00 | 72  0.01922 -1.69658e+00
 73  0.02243 -1.80808e+00 | 74  0.02534 -1.97170e+00 | 75  0.02857 -2.03110e+00
 76  0.03077 -2.18441e+00 | 77  0.03238 -2.30951e+00 | 78  0.03349 -2.36731e+00
 79  0.03344 -2.46554e+00 | 80  0.03253 -2.56795e+00 | 81  0.03149 -2.58117e+00
 82  0.03012 -2.54396e+00 | 83  0.02713 -2.66681e+00 | 84  0.02440 -2.60833e+00
 85  0.02043 -2.62244e+00 | 86  0.01668 -2.46392e+00 | 87  0.01187 -2.45124e+00
 88  0.00755 -2.39073e+00 | 89  0.00413 -2.27788e+00 | 90  0.00146 -2.17240e+00
 91 -0.00059 -2.06366e+00 | 92 -0.00240 -1.95009e+00 | 93 -0.00404 -1.83100e+00
 94 -0.00503 -1.71449e+00 | 95 -0.00530 -1.61477e+00 | 96 -0.00582 -1.52534e+00
 97 -0.00494 -1.44086e+00 | 98 -0.00300 -1.29869e+00 | 99  0.00039 -1.05858e+00
100  0.00059 -7.20086e-01 |101 -0.00020 -3.15437e-01 |102 -0.00140  1.26011e-01
103 -0.00871  4.41215e-01 |104 -0.00891  5.72163e-01 |105  0.00865  1.41700e+00
106  0.00758  2.02483e+00 |107 -0.01364  2.18584e+00 |108  0.00444  3.07427e+00
109  0.06549  5.25084e+00 |110  0.01938  3.55396e+00 |111 -0.02080  2.94442e+00
112 -0.00291  3.24202e+00 |113  0.01146  3.58686e+00 |114  0.03190  4.20641e+00
115 -0.00070  3.09221e+00 |116 -0.06491  1.56264e+00 |117 -0.07966  1.70321e+00
118 -0.07835  1.63402e+00 |119 -0.03670  1.81924e+00 |120  0.06903  4.14637e+00
121  0.02252  2.94347e+00 |122  0.01020  2.62666e+00 |123 -0.03182  2.28246e+00
124 -0.07142  1.47760e+00 |125 -0.01226  2.21710e+00 |126 -0.00043  2.01154e+00
127 -0.03114  1.27570e+00 |128  0.02391  1.85205e+00 |129  0.07387  1.70349e+00
130  0.00717  8.37653e-01 |131  0.08802  9.75635e-01 |132  0.01031  8.16295e-01
133  0.13817  8.97574e-01 |134 -0.00428  6.53493e-01 |135 -0.04766  1.15186e-01
136 -0.05845  3.00111e-01 |137 -0.02316  1.93449e-04 |138  0.09652  9.25035e-01
139  0.03248  7.88532e-01 |140  0.01687  2.52360e-01 |141 -0.02802  4.92728e-01
142 -0.01692  4.92535e-01 |143 -0.00682  6.45510e-02 |144 -0.00043  3.66360e-02
145  0.32804 -2.12245e+01 |146  0.24284 -5.47737e+00 |147 -0.04672  1.12756e+00
148  0.30879  5.18334e-02 |149  0.01396  1.58544e+00 |150 -0.15871  6.50329e+00
151 -0.47284 -4.47695e-01 |152  0.31175  1.18355e-01 |153  0.04718 -8.55607e-01
154 -0.23200 -2.29933e-01 |155  0.18844 -6.56320e+00 |156  0.25980  7.47098e+00
157  0.17702 -4.06397e-01 |158  0.25598  6.48944e+00 |159  0.00423  4.48558e+00
160 -0.08754  2.25812e+01 |161  0.11468  1.65678e+00 |162  0.29759 -6.44182e+00
163  0.17412 -3.77559e+00 |164  0.24701  3.75629e+00 |165 -0.34875 -1.87837e+00
166  0.24489  3.14524e+00 |167  0.05372 -3.19236e+00 |168 -0.18504 -4.10645e+01
169  0.19670 -2.64574e+00 |170  0.31492  2.99750e+00 |171  0.07822 -1.14127e+01
172 -0.53184  1.36623e-04 |173 -0.38242 -1.18833e+01 |174  0.24083  2.96332e+01
175  0.07454 -6.10888e+00 |176 -0.11837 -1.72674e+01 |177  0.16450  8.41652e-01
178  0.21331  1.06821e+00 |179 -0.08136  4.04913e-02 |180  0.13680 -2.57570e-01
181 -0.00890  1.03649e+00 |182  0.00646  5.75120e-01 |183 -0.03182 -3.58650e+00
184 -0.12436  2.47333e-01 |185  0.01738  1.24116e+00 |186  0.39197 -6.81780e-01
187  0.01711  1.26283e+00 |188 -0.15146 -5.49068e-01 |189  0.10271  1.89907e+01
190  0.16735 -7.81294e+00 |191  0.22077  1.67353e+00 |192  0.25772  6.61954e+00
193  0.02246 -6.68649e-01 |194 -0.01173 -6.14522e+00 |195 -0.17335 -1.43428e+01
196 -0.11101 -4.42991e+01 |197 -0.55186  1.19416e-01 |198  0.17150 -9.78783e-01
199  0.09712 -3.18930e+00 |200 -0.25772 -1.88803e+00 |
200 variables; iteration 40; function evaluation 42; phase 4
Function value 7.2509639e+03; maximum gradient component mag -1.0281e+02
Var    Value     Gradient |Var    Value     Gradient |Var    Value     Gradient
  1 -0.42959  4.68704e+01 |  2  0.37228 -3.78618e+00 |  3 -0.12637  2.82571e+01
  4 -0.01627  1.02423e+01 |  5 -0.70142  1.78867e-01 |  6 -0.60553 -1.86314e+00
  7  0.37749  3.63114e+00 |  8 -0.19301 -3.04741e+01 |  9  0.03751  4.24954e+00
 10 -0.59522  7.88642e-01 | 11 -0.62732 -3.27652e+00 | 12 -0.15179 -1.02808e+02
 13 -0.00635 -2.60616e-01 | 14 -0.00647 -2.67755e-01 | 15 -0.00658 -2.75090e-01
 16 -0.00669 -2.82630e-01 | 17 -0.00679 -2.90382e-01 | 18 -0.00688 -2.98356e-01
 19 -0.00697 -3.06564e-01 | 20 -0.00704 -3.15021e-01 | 21 -0.00710 -3.23745e-01
 22 -0.00715 -3.32762e-01 | 23 -0.00719 -3.42100e-01 | 24 -0.00721 -3.51800e-01
 25 -0.00722 -3.61909e-01 | 26 -0.00721 -3.72482e-01 | 27 -0.00718 -3.83579e-01
 28 -0.00713 -3.95252e-01 | 29 -0.00706 -4.07543e-01 | 30 -0.00697 -4.20488e-01
 31 -0.00686 -4.34134e-01 | 32 -0.00672 -4.48546e-01 | 33 -0.00656 -4.63803e-01
 34 -0.00638 -4.79990e-01 | 35 -0.00616 -4.97184e-01 | 36 -0.00592 -5.15446e-01
 37 -0.00565 -5.34807e-01 | 38 -0.00535 -5.55278e-01 | 39 -0.00501 -5.76855e-01
 40 -0.00464 -5.99495e-01 | 41 -0.00424 -6.23363e-01 | 42 -0.00382 -6.48560e-01
 43 -0.00337 -6.75268e-01 | 44 -0.00290 -7.03700e-01 | 45 -0.00242 -7.34033e-01
 46 -0.00194 -7.66401e-01 | 47 -0.00146 -8.00953e-01 | 48 -0.00101 -8.37774e-01
 49 -0.00059 -8.76942e-01 | 50 -0.00021 -9.18471e-01 | 51  0.00011 -9.62213e-01
 52  0.00037 -1.00780e+00 | 53  0.00056 -1.05498e+00 | 54  0.00068 -1.10357e+00
 55  0.00074 -1.15366e+00 | 56  0.00075 -1.20571e+00 | 57  0.00075 -1.26030e+00
 58  0.00075 -1.31771e+00 | 59  0.00078 -1.37848e+00 | 60  0.00089 -1.44297e+00
 61  0.00109 -1.51181e+00 | 62  0.00144 -1.58531e+00 | 63  0.00196 -1.66425e+00
 64  0.00269 -1.74975e+00 | 65  0.00367 -1.84204e+00 | 66  0.00493 -1.94484e+00
 67  0.00649 -2.06064e+00 | 68  0.00834 -2.19716e+00 | 69  0.01047 -2.36025e+00
 70  0.01301 -2.52478e+00 | 71  0.01606 -2.66260e+00 | 72  0.01932 -2.82446e+00
 73  0.02253 -3.03205e+00 | 74  0.02532 -3.31689e+00 | 75  0.02872 -3.45892e+00
 76  0.03075 -3.74340e+00 | 77  0.03222 -3.98955e+00 | 78  0.03351 -4.11806e+00
 79  0.03332 -4.31894e+00 | 80  0.03218 -4.52714e+00 | 81  0.03136 -4.57533e+00
 82  0.03035 -4.54450e+00 | 83  0.02687 -4.77495e+00 | 84  0.02436 -4.71567e+00
 85  0.02027 -4.75526e+00 | 86  0.01665 -4.57403e+00 | 87  0.01171 -4.56059e+00
 88  0.00728 -4.48671e+00 | 89  0.00370 -4.37432e+00 | 90  0.00085 -4.27319e+00
 91 -0.00140 -4.16595e+00 | 92 -0.00338 -4.03666e+00 | 93 -0.00513 -3.87980e+00
 94 -0.00618 -3.71224e+00 | 95 -0.00640 -3.54545e+00 | 96 -0.00675 -3.35381e+00
 97 -0.00572 -3.18326e+00 | 98 -0.00385 -2.99013e+00 | 99 -0.00084 -2.72182e+00
100 -0.00105 -2.27098e+00 |101 -0.00240 -1.74233e+00 |102 -0.00414 -1.12474e+00
103 -0.01123 -4.19180e-01 |104 -0.01020  3.98218e-01 |105  0.00591  1.34992e+00
106  0.00444  2.17513e+00 |107 -0.01675  2.37498e+00 |108 -0.00007  3.38424e+00
109  0.05863  6.57377e+00 |110  0.01587  5.68584e+00 |111 -0.02625  4.36023e+00
112 -0.00720  6.26689e+00 |113  0.00851  8.40472e+00 |114  0.02795  1.00636e+01
115 -0.00485  7.36918e+00 |116 -0.06710  4.23470e+00 |117 -0.08365  2.72471e+00
118 -0.08167  2.28753e+00 |119 -0.03818  2.98199e+00 |120  0.06691  5.13494e+00
121  0.02049  2.56775e+00 |122  0.00815  1.75941e+00 |123 -0.03553  6.78295e-01
124 -0.07476 -4.20662e-02 |125 -0.01791 -3.68797e-01 |126 -0.00639 -4.71265e-02
127 -0.03552  2.68031e-01 |128  0.01589 -3.08625e-02 |129  0.06849  1.15190e+00
130  0.00188  3.04143e-01 |131  0.08300  7.80437e-01 |132  0.00642  4.47839e-01
133  0.13745  3.80137e+00 |134 -0.00670  2.91992e-01 |135 -0.04750  6.78073e-01
136 -0.05827  6.61432e-01 |137 -0.02077  1.08919e+00 |138  0.09516  6.63927e-01
139  0.03072  3.19546e-01 |140  0.01905  1.21851e+00 |141 -0.02847  4.33398e-01
142 -0.01659  5.45266e-01 |143 -0.00760  8.54907e-03 |144 -0.00043  5.50595e-02
145  0.35476 -2.64249e+01 |146  0.25699 -1.17755e+01 |147 -0.10997  1.09764e+00
148  0.22254  5.98669e-01 |149 -0.05434  6.23749e-01 |150 -0.31069  1.38871e+00
151 -0.47102 -9.08407e-01 |152  0.31340  4.43132e-01 |153  0.04588 -1.89611e+00
154 -0.23085 -4.79088e-01 |155  0.18802 -7.16788e+00 |156  0.25889  8.26624e+00
157  0.17320 -1.52375e+01 |158  0.25588  2.54923e+01 |159  0.00492  1.60789e+00
160 -0.08495  2.66081e+01 |161  0.10876 -2.75853e+00 |162  0.29471 -2.62363e+00
163  0.17377 -9.82409e+00 |164  0.24695  1.29985e+01 |165 -0.34565 -5.49993e+00
166  0.24590  6.63511e+00 |167  0.05156 -1.61634e+01 |168 -0.18528 -6.24635e+01
169  0.19780  2.10069e+00 |170  0.31582  5.00503e+00 |171  0.07983  2.39459e+01
172 -0.53190  2.79461e-03 |173 -0.37560 -1.27105e+01 |174  0.24419  3.45895e+01
175  0.07313 -3.60460e+00 |176 -0.11616 -1.89846e+01 |177  0.16152 -7.80885e+00
178  0.17124  2.16653e+00 |179 -0.07639  7.47171e-01 |180  0.14610 -6.16761e-01
181  0.06534 -2.20673e-01 |182 -0.02384  7.88818e-01 |183  0.01681 -1.81420e+00
184 -0.14625  1.53711e+00 |185  0.01909  4.00905e-01 |186  0.39177 -2.71310e-02
187  0.01567  1.18056e+00 |188 -0.14858  2.10005e+00 |189  0.10309 -1.31393e+01
190  0.16814 -1.19480e+01 |191  0.22121  2.67015e+01 |192  0.25764  8.00114e+00
193  0.02253 -2.17064e+01 |194 -0.01364 -1.41569e+01 |195 -0.17369 -3.57916e+01
196 -0.11116 -5.65052e+01 |197 -0.55204 -2.82507e-02 |198  0.17112 -2.05481e+00
199  0.09898 -1.12926e+01 |200 -0.25579 -4.77965e+00 |
200 variables; iteration 60; function evaluation 62; phase 4
Function value 7.2501504e+03; maximum gradient component mag -6.7654e+01
Var    Value     Gradient |Var    Value     Gradient |Var    Value     Gradient
  1 -0.42897  4.05402e+01 |  2  0.37261  5.58484e+00 |  3 -0.12657  2.21752e+01
  4 -0.01678  1.52535e+01 |  5 -0.69831  2.40980e+00 |  6 -0.60537  3.96364e-01
  7  0.37875  5.86920e+00 |  8 -0.19169 -1.17144e+00 |  9  0.03417  8.82804e+00
 10 -0.59476  6.23261e-01 | 11 -0.62690  3.08690e+00 | 12 -0.15927 -6.76540e+01
 13 -0.00607 -2.41763e-01 | 14 -0.00619 -2.49091e-01 | 15 -0.00630 -2.56742e-01
 16 -0.00641 -2.64731e-01 | 17 -0.00651 -2.73076e-01 | 18 -0.00660 -2.81776e-01
 19 -0.00668 -2.90830e-01 | 20 -0.00676 -3.00231e-01 | 21 -0.00682 -3.09968e-01
 22 -0.00688 -3.20023e-01 | 23 -0.00691 -3.30379e-01 | 24 -0.00694 -3.41005e-01
 25 -0.00695 -3.51873e-01 | 26 -0.00694 -3.62944e-01 | 27 -0.00691 -3.74172e-01
 28 -0.00686 -3.85502e-01 | 29 -0.00679 -3.96891e-01 | 30 -0.00670 -4.08296e-01
 31 -0.00658 -4.19701e-01 | 32 -0.00644 -4.31090e-01 | 33 -0.00627 -4.42458e-01
 34 -0.00608 -4.53805e-01 | 35 -0.00585 -4.65138e-01 | 36 -0.00560 -4.76464e-01
 37 -0.00531 -4.87801e-01 | 38 -0.00498 -4.99192e-01 | 39 -0.00462 -5.10707e-01
 40 -0.00423 -5.22399e-01 | 41 -0.00381 -5.34520e-01 | 42 -0.00336 -5.47226e-01
 43 -0.00289 -5.60712e-01 | 44 -0.00240 -5.75166e-01 | 45 -0.00190 -5.90722e-01
 46 -0.00139 -6.07463e-01 | 47 -0.00090 -6.25453e-01 | 48 -0.00042 -6.44693e-01
 49  0.00003 -6.65169e-01 | 50  0.00043 -6.86854e-01 | 51  0.00077 -7.09696e-01
 52  0.00106 -7.33642e-01 | 53  0.00127 -7.58792e-01 | 54  0.00140 -7.85335e-01
 55  0.00148 -8.13547e-01 | 56  0.00150 -8.43873e-01 | 57  0.00150 -8.76853e-01
 58  0.00151 -9.12943e-01 | 59  0.00154 -9.52836e-01 | 60  0.00164 -9.97181e-01
 61  0.00184 -1.04685e+00 | 62  0.00218 -1.10256e+00 | 63  0.00268 -1.16526e+00
 64  0.00339 -1.23595e+00 | 65  0.00434 -1.31478e+00 | 66  0.00557 -1.40374e+00
 67  0.00710 -1.50610e+00 | 68  0.00890 -1.63344e+00 | 69  0.01096 -1.79249e+00
 70  0.01349 -1.93753e+00 | 71  0.01670 -2.02351e+00 | 72  0.02008 -2.14353e+00
 73  0.02331 -2.33280e+00 | 74  0.02597 -2.62684e+00 | 75  0.02947 -2.74000e+00
 76  0.03135 -3.04152e+00 | 77  0.03270 -3.30419e+00 | 78  0.03396 -3.43803e+00
 79  0.03365 -3.66553e+00 | 80  0.03238 -3.90837e+00 | 81  0.03154 -3.97220e+00
 82  0.03058 -3.95134e+00 | 83  0.02692 -4.23909e+00 | 84  0.02447 -4.19246e+00
 85  0.02028 -4.27795e+00 | 86  0.01703 -4.05539e+00 | 87  0.01197 -4.08612e+00
 88  0.00755 -4.02728e+00 | 89  0.00415 -3.88302e+00 | 90  0.00142 -3.75172e+00
 91 -0.00075 -3.60891e+00 | 92 -0.00271 -3.44280e+00 | 93 -0.00448 -3.24398e+00
 94 -0.00558 -3.01764e+00 | 95 -0.00591 -2.77506e+00 | 96 -0.00641 -2.50040e+00
 97 -0.00554 -2.21237e+00 | 98 -0.00373 -1.86482e+00 | 99 -0.00050 -1.39997e+00
100 -0.00045 -8.09132e-01 |101 -0.00154 -1.61988e-01 |102 -0.00292  5.65417e-01
103 -0.00999  1.33907e+00 |104 -0.00991  2.09039e+00 |105  0.00606  3.28525e+00
106  0.00391  4.10816e+00 |107 -0.01838  4.00417e+00 |108  0.00023  6.11646e+00
109  0.05946  1.13085e+01 |110  0.01356  8.17087e+00 |111 -0.02578  6.53657e+00
112 -0.00817  7.53576e+00 |113  0.00550  7.94376e+00 |114  0.02399  7.76035e+00
115 -0.00922  4.47573e+00 |116 -0.07092  2.38416e+00 |117 -0.08360  2.90472e+00
118 -0.08292  1.65586e+00 |119 -0.04083  7.10618e-01 |120  0.06402 -5.67339e-01
121  0.02071 -4.08541e-02 |122  0.00692 -5.89670e-01 |123 -0.03720 -1.28666e+00
124 -0.07604 -1.35752e+00 |125 -0.02009 -2.39326e+00 |126 -0.00945 -2.08587e+00
127 -0.03751 -4.50800e-01 |128  0.01536  3.53840e-01 |129  0.06732  1.81408e+00
130  0.00276  1.69288e+00 |131  0.08408  2.57753e+00 |132  0.00723  1.24742e+00
133  0.13710  3.73574e+00 |134 -0.00733  2.31093e-01 |135 -0.04834  4.92918e-01
136 -0.05888  5.19559e-01 |137 -0.02326  1.66952e-01 |138  0.09326 -4.17770e-01
139  0.03015  2.58540e-01 |140  0.01715  5.32508e-01 |141 -0.02965  9.23886e-02
142 -0.01813 -5.75605e-02 |143 -0.00734  1.00106e-01 |144 -0.00042  2.07702e-02
145  0.36923 -1.56531e+01 |146  0.28222  9.23936e-01 |147 -0.17757 -4.99962e-01
148  0.01690  7.44515e-02 |149 -0.02888  1.83339e-02 |150 -0.41404  2.36733e-01
151 -0.47046 -4.49046e-02 |152  0.31127  1.02471e-01 |153  0.04704  1.89760e-01
154 -0.22946 -1.57437e-01 |155  0.18927 -3.28747e+00 |156  0.25833  1.42558e+00
157  0.17646 -4.67421e+00 |158  0.25424  7.60027e+00 |159  0.00373  6.35260e-01
160 -0.09105  9.07113e+00 |161  0.11630  1.38750e+00 |162  0.29700 -3.03845e+00
163  0.17657 -1.56509e-01 |164  0.24716 -5.84271e-02 |165 -0.34715 -4.92134e+00
166  0.24701  1.22809e+01 |167  0.05284 -3.60204e+00 |168 -0.18477 -3.75498e+01
169  0.19662 -1.71715e-01 |170  0.31568  3.99882e+00 |171  0.07972  7.05145e+00
172 -0.53243  1.42451e-03 |173 -0.38017 -7.17046e+00 |174  0.23890  1.69291e+01
175  0.07280 -3.26749e+00 |176 -0.11493 -1.40818e+01 |177  0.16248 -1.87755e+00
178  0.16295  1.80376e+00 |179 -0.08756  1.69003e-01 |180  0.11043 -4.39688e-01
181  0.19316 -3.55120e-02 |182 -0.11758  2.15944e-01 |183  0.04977 -2.25180e-01
184 -0.31416  1.67194e-01 |185  0.02145  1.60403e+00 |186  0.38968 -1.73159e+00
187  0.01497  7.85417e-01 |188 -0.15068 -9.98798e-01 |189  0.10275 -2.63098e+01
190  0.16776 -6.55628e+00 |191  0.22061  2.40544e+01 |192  0.25732  9.46236e+00
193  0.02250 -3.10276e+01 |194 -0.01200 -7.01265e+00 |195 -0.17259 -2.70414e+01
196 -0.11121 -4.01707e+01 |197 -0.56025  7.66197e-01 |198  0.16883 -3.28352e-01
199  0.09836  1.09116e+01 |200 -0.27096  5.33490e-02 |
200 variables; iteration 80; function evaluation 87; phase 4
Function value 7.2498235e+03; maximum gradient component mag -1.6495e+01
Var    Value     Gradient |Var    Value     Gradient |Var    Value     Gradient
  1 -0.42920  8.14550e+00 |  2  0.37294  5.55615e+00 |  3 -0.12660  6.74696e+00
  4 -0.01740  6.60782e+00 |  5 -0.70370 -1.04058e+00 |  6 -0.60468 -2.87505e-02
  7  0.37918  2.60168e+00 |  8 -0.19099  1.17618e+01 |  9  0.03264  7.04188e+00
 10 -0.59598  2.62732e-01 | 11 -0.62661  3.51876e+00 | 12 -0.16122 -1.64947e+01
 13 -0.00615 -1.42324e-01 | 14 -0.00627 -1.46186e-01 | 15 -0.00638 -1.49994e-01
 16 -0.00649 -1.53750e-01 | 17 -0.00658 -1.57467e-01 | 18 -0.00667 -1.61159e-01
 19 -0.00675 -1.64838e-01 | 20 -0.00682 -1.68527e-01 | 21 -0.00688 -1.72255e-01
 22 -0.00693 -1.76048e-01 | 23 -0.00696 -1.79931e-01 | 24 -0.00698 -1.83937e-01
 25 -0.00698 -1.88085e-01 | 26 -0.00696 -1.92390e-01 | 27 -0.00693 -1.96852e-01
 28 -0.00688 -2.01465e-01 | 29 -0.00680 -2.06231e-01 | 30 -0.00671 -2.11180e-01
 31 -0.00659 -2.16354e-01 | 32 -0.00645 -2.21791e-01 | 33 -0.00629 -2.27525e-01
 34 -0.00610 -2.33565e-01 | 35 -0.00589 -2.39889e-01 | 36 -0.00565 -2.46444e-01
 37 -0.00537 -2.53121e-01 | 38 -0.00506 -2.59762e-01 | 39 -0.00472 -2.66141e-01
 40 -0.00435 -2.71918e-01 | 41 -0.00394 -2.76748e-01 | 42 -0.00350 -2.80159e-01
 43 -0.00303 -2.81716e-01 | 44 -0.00253 -2.81109e-01 | 45 -0.00200 -2.78256e-01
 46 -0.00147 -2.73362e-01 | 47 -0.00094 -2.66907e-01 | 48 -0.00042 -2.59550e-01
 49  0.00006 -2.52008e-01 | 50  0.00050 -2.44918e-01 | 51  0.00088 -2.38714e-01
 52  0.00119 -2.33570e-01 | 53  0.00142 -2.29498e-01 | 54  0.00158 -2.26475e-01
 55  0.00166 -2.24627e-01 | 56  0.00169 -2.24347e-01 | 57  0.00169 -2.26255e-01
 58  0.00168 -2.31109e-01 | 59  0.00169 -2.39860e-01 | 60  0.00175 -2.53464e-01
 61  0.00188 -2.72771e-01 | 62  0.00213 -2.98161e-01 | 63  0.00253 -3.29455e-01
 64  0.00312 -3.65763e-01 | 65  0.00394 -4.04650e-01 | 66  0.00505 -4.42229e-01
 67  0.00650 -4.73630e-01 | 68  0.00825 -5.12171e-01 | 69  0.01020 -5.83297e-01
 70  0.01286 -5.70996e-01 | 71  0.01702 -3.10358e-01 | 72  0.02122 -1.08603e-01
 73  0.02461 -1.07435e-01 | 74  0.02719 -2.59296e-01 | 75  0.03026 -2.68322e-01
 76  0.03249 -3.42519e-01 | 77  0.03440 -3.50156e-01 | 78  0.03511 -4.23321e-01
 79  0.03550 -4.05353e-01 | 80  0.03530 -3.63904e-01 | 81  0.03370 -4.63033e-01
 82  0.03149 -5.76683e-01 | 83  0.02939 -5.67703e-01 | 84  0.02620 -6.31968e-01
 85  0.02192 -7.65388e-01 | 86  0.01957 -3.86565e-01 | 87  0.01430 -5.44934e-01
 88  0.00983 -5.89414e-01 | 89  0.00646 -5.35614e-01 | 90  0.00313 -6.52756e-01
 91  0.00011 -8.38760e-01 | 92 -0.00268 -1.02773e+00 | 93 -0.00508 -1.15673e+00
 94 -0.00651 -1.19533e+00 | 95 -0.00674 -1.11377e+00 | 96 -0.00671 -8.98721e-01
 97 -0.00506 -6.18616e-01 | 98 -0.00285 -4.00407e-01 | 99 -0.00029 -3.65236e-01
100 -0.00115 -3.44732e-01 |101 -0.00260 -1.98880e-01 |102 -0.00360  1.94818e-01
103 -0.01046  5.72637e-01 |104 -0.01164  3.99370e-01 |105  0.00419  7.92180e-01
106  0.00308  1.26329e+00 |107 -0.01746  1.40061e+00 |108 -0.00176  1.23910e+00
109  0.05434  1.88339e+00 |110  0.01251  1.65182e+00 |111 -0.02992  5.98781e-01
112 -0.01189  8.47999e-01 |113  0.00312  1.32153e+00 |114  0.02235  1.63744e+00
115 -0.01022  9.23630e-01 |116 -0.07289  4.63136e-02 |117 -0.08556  1.03197e+00
118 -0.08380  7.56223e-01 |119 -0.04128  1.27956e-01 |120  0.06469  3.40318e-01
121  0.01937  8.11760e-02 |122  0.00613 -3.58777e-01 |123 -0.03481  5.69571e-01
124 -0.07415  4.78004e-01 |125 -0.01671  6.22944e-01 |126 -0.00703  4.96944e-01
127 -0.03761  1.31577e-01 |128  0.01582  4.02942e-01 |129  0.06563  2.23688e-01
130  0.00129  2.48940e-01 |131  0.08125  2.47885e-01 |132  0.00582  2.15189e-01
133  0.13473  1.25388e+00 |134 -0.00824 -1.72189e-01 |135 -0.04994 -2.07996e-01
136 -0.06166 -5.68519e-01 |137 -0.02390 -8.58657e-02 |138  0.09386  1.48185e-01
139  0.03021 -2.83545e-02 |140  0.01589 -1.88433e-01 |141 -0.02700  5.98002e-01
142 -0.01621  3.15994e-01 |143 -0.00875 -3.80223e-01 |144 -0.00055 -2.76590e-02
145  0.37848 -1.24305e+00 |146  0.28500 -5.56034e+00 |147 -0.17428 -6.92767e-02
148  0.03462  8.07267e-02 |149 -0.05315  2.63381e-01 |150 -0.41180  2.88692e-01
151 -0.47245 -1.99310e-01 |152  0.31296  3.05024e-01 |153  0.04759  6.05965e-02
154 -0.22909 -2.22723e-01 |155  0.19256  6.40696e-01 |156  0.25966 -4.43178e-01
157  0.17799  6.01182e-01 |158  0.25335 -2.18325e+00 |159  0.00312 -3.34514e-01
160 -0.09427 -1.15215e+00 |161  0.11579 -3.22020e-01 |162  0.29692  6.59970e-01
163  0.17522  3.91424e-01 |164  0.24621 -2.45797e+00 |165 -0.35019  2.57801e-01
166  0.24239 -2.96628e+00 |167  0.05272  1.87563e-01 |168 -0.18502  8.29761e-01
169  0.19200 -1.18537e+00 |170  0.31388  5.79312e-01 |171  0.07964 -3.75080e+00
172 -0.53341  6.03683e-04 |173 -0.36923 -1.62944e-01 |174  0.23922 -1.85606e+00
175  0.07008 -3.28532e+00 |176 -0.11387 -4.87568e-01 |177  0.16233 -1.79905e+00
178  0.14738  3.45446e-01 |179 -0.08673  1.64184e-01 |180  0.02967  1.20415e-03
181  0.22207 -1.38286e-02 |182 -0.07640  2.47917e-01 |183  0.05000 -1.89653e-01
184 -0.28736  1.37678e-01 |185  0.02104 -8.79916e-01 |186  0.39047  1.48080e+00
187  0.01478 -6.93112e-01 |188 -0.15037 -1.29933e+00 |189  0.10168 -1.04458e+01
190  0.16757 -1.17300e+00 |191  0.21944  6.06604e+00 |192  0.25698  3.33567e+00
193  0.02305 -1.13035e+01 |194 -0.01126 -1.51999e+00 |195 -0.17200 -3.17110e+00
196 -0.11067 -6.68777e+00 |197 -0.55275 -7.18128e-01 |198  0.17227 -4.16190e-02
199  0.09626 -1.11897e+01 |200 -0.26601 -4.07497e+00 |
200 variables; iteration 100; function evaluation 110; phase 4
Function value 7.2497623e+03; maximum gradient component mag -3.1817e+00
Var    Value     Gradient |Var    Value     Gradient |Var    Value     Gradient
  1 -0.42912  1.86809e+00 |  2  0.37329 -5.33888e-01 |  3 -0.12653  3.16906e-01
  4 -0.01829 -1.01116e-01 |  5 -0.70152  2.44904e-01 |  6 -0.60462  2.00940e-01
  7  0.37996 -7.40754e-01 |  8 -0.19102  5.71859e-01 |  9  0.03126 -9.03591e-02
 10 -0.59470 -7.12422e-02 | 11 -0.62668  7.50539e-01 | 12 -0.16428 -1.25656e+00
 13 -0.00574 -1.67271e-02 | 14 -0.00585 -1.70153e-02 | 15 -0.00595 -1.72464e-02
 16 -0.00604 -1.74053e-02 | 17 -0.00613 -1.74805e-02 | 18 -0.00621 -1.74604e-02
 19 -0.00628 -1.73370e-02 | 20 -0.00634 -1.71067e-02 | 21 -0.00638 -1.67707e-02
 22 -0.00642 -1.63323e-02 | 23 -0.00644 -1.57972e-02 | 24 -0.00644 -1.51740e-02
 25 -0.00643 -1.44666e-02 | 26 -0.00641 -1.36752e-02 | 27 -0.00636 -1.27931e-02
 28 -0.00629 -1.18102e-02 | 29 -0.00620 -1.07168e-02 | 30 -0.00609 -9.50517e-03
 31 -0.00595 -8.15886e-03 | 32 -0.00579 -6.64487e-03 | 33 -0.00561 -4.91102e-03
 34 -0.00540 -2.88484e-03 | 35 -0.00516 -4.76172e-04 | 36 -0.00490  2.41398e-03
 37 -0.00459  5.87743e-03 | 38 -0.00425  9.97268e-03 | 39 -0.00388  1.46907e-02
 40 -0.00347  1.99125e-02 | 41 -0.00304  2.53500e-02 | 42 -0.00258  3.05251e-02
 43 -0.00209  3.47746e-02 | 44 -0.00160  3.73186e-02 | 45 -0.00110  3.74143e-02
 46 -0.00062  3.45298e-02 | 47 -0.00015  2.84848e-02 | 48  0.00028  1.95070e-02
 49  0.00067  8.15025e-03 | 50  0.00101 -4.87450e-03 | 51  0.00128 -1.88836e-02
 52  0.00149 -3.33527e-02 | 53  0.00163 -4.79875e-02 | 54  0.00169 -6.26293e-02
 55  0.00169 -7.71341e-02 | 56  0.00164 -9.12844e-02 | 57  0.00157 -1.04681e-01
 58  0.00152 -1.16603e-01 | 59  0.00151 -1.26046e-01 | 60  0.00158 -1.31572e-01
 61  0.00178 -1.31393e-01 | 62  0.00215 -1.23379e-01 | 63  0.00274 -1.05505e-01
 64  0.00358 -7.66167e-02 | 65  0.00471 -3.86040e-02 | 66  0.00614 -3.09398e-04
 67  0.00782  2.45265e-02 | 68  0.00982  4.36025e-02 | 69  0.01215  5.90368e-02
 70  0.01424 -5.59722e-02 | 71  0.01661 -1.74270e-01 | 72  0.02028 -6.62580e-02
 73  0.02373 -3.55298e-02 | 74  0.02689 -5.57399e-02 | 75  0.02931 -1.69023e-01
 76  0.03240 -6.18423e-02 | 77  0.03419 -6.97328e-02 | 78  0.03582  4.30972e-02
 79  0.03540 -5.78202e-02 | 80  0.03393 -2.14711e-01 | 81  0.03361 -5.81883e-02
 82  0.03234  2.84527e-02 | 83  0.02988  3.70488e-03 | 84  0.02658 -5.03987e-02
 85  0.02279 -5.70449e-02 | 86  0.01943  1.51510e-01 | 87  0.01469  1.30687e-01
 88  0.01003  6.93687e-02 | 89  0.00539 -1.46520e-01 | 90  0.00264 -1.03474e-01
 91  0.00081  2.55724e-02 | 92 -0.00098  1.09553e-01 | 93 -0.00296  1.03833e-01
 94 -0.00442  7.21470e-02 | 95 -0.00506  6.61057e-02 | 96 -0.00568  1.13797e-01
 97 -0.00500  1.47382e-01 | 98 -0.00360  1.41673e-01 | 99 -0.00074  1.97566e-01
100 -0.00108  2.38679e-01 |101 -0.00314  7.65818e-02 |102 -0.00547 -5.96896e-02
103 -0.01241  9.81559e-02 |104 -0.01233  8.28075e-02 |105  0.00295  2.35915e-02
106  0.00139  1.70474e-01 |107 -0.01995 -1.15234e-02 |108 -0.00232  1.12160e-01
109  0.05337  2.84166e-01 |110  0.01011  9.87420e-02 |111 -0.02993 -1.36477e-02
112 -0.01257 -8.59234e-02 |113  0.00127 -5.14566e-02 |114  0.02021  2.35489e-01
115 -0.01147  2.43049e-01 |116 -0.07335 -2.69573e-02 |117 -0.08834 -4.56974e-02
118 -0.08555  1.50154e-01 |119 -0.04191  2.07482e-01 |120  0.06382  4.21029e-01
121  0.01904  2.78121e-01 |122  0.00638  2.49126e-01 |123 -0.03613  3.30957e-01
124 -0.07527  1.25374e-01 |125 -0.01771  2.61895e-01 |126 -0.00792  7.95898e-02
127 -0.03881 -2.55673e-01 |128  0.01356 -2.61705e-01 |129  0.06551 -7.85270e-02
130 -0.00154 -3.71426e-01 |131  0.08083 -1.77032e-01 |132  0.00517 -6.71276e-02
133  0.13294 -3.09130e-01 |134 -0.00763  3.52523e-01 |135 -0.05019 -1.22806e-01
136 -0.05999  1.55675e-01 |137 -0.02422 -1.48637e-01 |138  0.09429  7.65181e-02
139  0.02984 -1.04435e-01 |140  0.01614 -1.22122e-01 |141 -0.02991 -3.08296e-01
142 -0.01668  1.86390e-01 |143 -0.00808 -1.02927e-01 |144 -0.00038  1.78593e-02
145  0.38490  4.45091e-01 |146  0.29289 -1.20387e+00 |147 -0.17599 -1.18219e-01
148  0.00275  1.03120e-02 |149 -0.07403  4.10267e-02 |150 -0.43010  2.31345e-01
151 -0.46740  1.41533e-01 |152  0.31448  7.74837e-02 |153  0.04560 -1.16737e-02
154 -0.22766  8.48370e-02 |155  0.19275  2.10757e-02 |156  0.25948 -3.04232e-01
157  0.17860 -3.70686e-02 |158  0.25376 -1.94801e-01 |159  0.00299 -3.08558e-02
160 -0.09395 -4.14191e-01 |161  0.11670 -9.61556e-02 |162  0.29698  4.62871e-01
163  0.17699 -2.36549e-01 |164  0.24726  8.54480e-01 |165 -0.34509  2.18475e-01
166  0.24449 -3.58425e-01 |167  0.05162  4.49369e-01 |168 -0.18510  2.36613e+00
169  0.19699  1.41962e-01 |170  0.31487 -1.40579e-01 |171  0.07906 -4.34816e-01
172 -0.53507  4.66660e-04 |173 -0.36667  4.94518e-01 |174  0.24044 -1.13077e+00
175  0.07061  1.41616e-01 |176 -0.11298  9.90011e-01 |177  0.16228 -9.13474e-01
178  0.15366 -7.21340e-02 |179 -0.09569  6.69035e-02 |180 -0.04561  1.78404e-03
181  0.24064 -6.73783e-03 |182 -0.10741  2.80284e-02 |183  0.05551 -1.62384e-01
184 -0.32295  4.99480e-02 |185  0.02131 -1.76339e-01 |186  0.38856 -4.81375e-01
187  0.01427 -2.36515e-01 |188 -0.14931  1.51865e-01 |189  0.10169  2.75563e+00
190  0.16736 -7.83232e-01 |191  0.21918 -2.08276e+00 |192  0.25668 -7.48344e-01
193  0.02338  2.88904e+00 |194 -0.01086 -7.80797e-02 |195 -0.17188  2.03965e+00
196 -0.11038  6.15138e-01 |197 -0.55445 -2.70832e-01 |198  0.17088 -2.15604e-02
199  0.09433 -3.18173e+00 |200 -0.26187 -1.35805e+00 |
200 variables; iteration 120; function evaluation 139; phase 4
Function value 7.2497482e+03; maximum gradient component mag -5.5590e+00
Var    Value     Gradient |Var    Value     Gradient |Var    Value     Gradient
  1 -0.42922  2.46063e+00 |  2  0.37325 -2.48782e-01 |  3 -0.12648  1.07307e+00
  4 -0.01827  3.68832e-01 |  5 -0.70221 -4.69893e-02 |  6 -0.60456  5.50152e-02
  7  0.38007 -7.64758e-02 |  8 -0.19094 -1.34746e-01 |  9  0.03103 -4.11470e-01
 10 -0.59439 -8.26691e-02 | 11 -0.62673  4.27689e-01 | 12 -0.16442 -5.55902e+00
 13 -0.00560 -1.06853e-03 | 14 -0.00570 -1.94915e-03 | 15 -0.00581 -2.95638e-03
 16 -0.00590 -4.11285e-03 | 17 -0.00599 -5.44295e-03 | 18 -0.00607 -6.96575e-03
 19 -0.00615 -8.69823e-03 | 20 -0.00621 -1.06552e-02 | 21 -0.00626 -1.28483e-02
 22 -0.00631 -1.52877e-02 | 23 -0.00633 -1.79833e-02 | 24 -0.00635 -2.09463e-02
 25 -0.00635 -2.41923e-02 | 26 -0.00634 -2.77424e-02 | 27 -0.00630 -3.16241e-02
 28 -0.00625 -3.58710e-02 | 29 -0.00618 -4.05223e-02 | 30 -0.00609 -4.56247e-02
 31 -0.00598 -5.12355e-02 | 32 -0.00585 -5.74117e-02 | 33 -0.00569 -6.42021e-02
 34 -0.00552 -7.16232e-02 | 35 -0.00532 -7.96295e-02 | 36 -0.00509 -8.80779e-02
 37 -0.00483 -9.66807e-02 | 38 -0.00453 -1.04978e-01 | 39 -0.00420 -1.12319e-01
 40 -0.00384 -1.17879e-01 | 41 -0.00343 -1.20832e-01 | 42 -0.00298 -1.20441e-01
 43 -0.00250 -1.16369e-01 | 44 -0.00198 -1.08937e-01 | 45 -0.00145 -9.92144e-02
 46 -0.00090 -8.88405e-02 | 47 -0.00037 -7.95520e-02 | 48  0.00013 -7.26298e-02
 49  0.00058 -6.85688e-02 | 50  0.00098 -6.71016e-02 | 51  0.00132 -6.75132e-02
 52  0.00158 -6.90208e-02 | 53  0.00177 -7.10536e-02 | 54  0.00189 -7.33067e-02
 55  0.00194 -7.57113e-02 | 56  0.00194 -7.83998e-02 | 57  0.00192 -8.16255e-02
 58  0.00190 -8.56472e-02 | 59  0.00191 -9.06671e-02 | 60  0.00199 -9.65013e-02
 61  0.00218 -1.02235e-01 | 62  0.00251 -1.05772e-01 | 63  0.00304 -1.04114e-01
 64  0.00382 -9.52941e-02 | 65  0.00487 -8.34295e-02 | 66  0.00615 -8.39200e-02
 67  0.00762 -1.12925e-01 | 68  0.00934 -1.63159e-01 | 69  0.01135 -2.28085e-01
 70  0.01389 -2.49240e-01 | 71  0.01765 -8.01922e-02 | 72  0.02128 -6.02474e-06
 73  0.02288 -3.56588e-01 | 74  0.02652 -2.94255e-01 | 75  0.03022 -1.80175e-01
 76  0.03279 -1.91643e-01 | 77  0.03461 -2.10582e-01 | 78  0.03409 -4.93402e-01
 79  0.03537 -3.10605e-01 | 80  0.03489 -3.05617e-01 | 81  0.03333 -3.86125e-01
 82  0.03244 -2.44886e-01 | 83  0.02950 -3.70881e-01 | 84  0.02716 -2.53900e-01
 85  0.02322 -2.96206e-01 | 86  0.01812 -4.53579e-01 | 87  0.01426 -3.02300e-01
 88  0.01018 -2.43298e-01 | 89  0.00618 -3.12057e-01 | 90  0.00326 -3.13896e-01
 91  0.00126 -2.35378e-01 | 92 -0.00100 -2.77141e-01 | 93 -0.00328 -3.63758e-01
 94 -0.00457 -3.55391e-01 | 95 -0.00499 -3.04813e-01 | 96 -0.00578 -2.87129e-01
 97 -0.00518 -2.52896e-01 | 98 -0.00365 -1.93843e-01 | 99 -0.00133 -2.24322e-01
100 -0.00196 -1.70875e-01 |101 -0.00309  6.28172e-03 |102 -0.00438  2.57279e-01
103 -0.01279  1.39271e-01 |104 -0.01297  1.36934e-01 |105  0.00253  2.97479e-01
106  0.00042  4.55708e-01 |107 -0.01940  7.44491e-01 |108 -0.00192  9.44610e-01
109  0.05171  1.10695e+00 |110  0.00993  1.04385e+00 |111 -0.02980  9.20591e-01
112 -0.01275  9.45570e-01 |113  0.00126  1.03422e+00 |114  0.01968  9.84555e-01
115 -0.01213  5.14201e-01 |116 -0.07306  3.84440e-01 |117 -0.08821  1.71498e-01
118 -0.08624 -1.34066e-01 |119 -0.04204  2.38096e-03 |120  0.06359  1.75139e-03
121  0.01866 -1.24103e-01 |122  0.00645 -7.86253e-03 |123 -0.03722 -3.82372e-01
124 -0.07582 -2.27572e-01 |125 -0.01796 -9.09341e-02 |126 -0.00897 -3.57438e-01
127 -0.03792  1.35611e-01 |128  0.01402  1.34575e-01 |129  0.06476 -1.22713e-02
130 -0.00065  6.43976e-02 |131  0.08084  3.11881e-02 |132  0.00501 -7.96922e-02
133  0.13322  1.20627e-02 |134 -0.00878 -1.29810e-01 |135 -0.04954  1.57954e-01
136 -0.06023  1.14851e-01 |137 -0.02346  8.69710e-02 |138  0.09339 -2.66497e-01
139  0.03082  2.39718e-01 |140  0.01585 -1.79575e-01 |141 -0.02932 -9.05153e-02
142 -0.01776 -9.98440e-02 |143 -0.00802 -9.00202e-02 |144 -0.00045  1.57040e-03
145  0.38570  8.48493e-02 |146  0.29297 -1.36622e-01 |147 -0.16923 -1.08017e-01
148 -0.02941 -1.73147e-04 |149 -0.09346  3.46496e-03 |150 -0.47037  8.61199e-02
151 -0.47262 -5.66733e-02 |152  0.31059  5.02359e-03 |153  0.04747  5.87389e-02
154 -0.22833 -4.01743e-02 |155  0.19274  9.54643e-02 |156  0.25944 -3.67738e-01
157  0.17848 -1.49274e-01 |158  0.25371 -1.04912e-01 |159  0.00310 -3.42652e-02
160 -0.09399 -5.36597e-01 |161  0.11602 -5.67827e-02 |162  0.29664 -5.05006e-01
163  0.17648  3.38678e-02 |164  0.24688 -4.10954e-01 |165 -0.34490 -4.15496e-02
166  0.24460  1.97953e-01 |167  0.05159 -8.27467e-03 |168 -0.18535 -7.53512e-02
169  0.19519  1.72472e-02 |170  0.31449 -3.39905e-02 |171  0.07932  4.80239e-01
172 -0.53831  3.08464e-04 |173 -0.36881 -1.09624e-01 |174  0.24000  3.87252e-01
175  0.07118  3.18923e-01 |176 -0.11297  1.11614e-01 |177  0.16392 -3.13670e-01
178  0.15587  2.02866e+00 |179 -0.09129  2.02407e-02 |180 -0.10306 -7.50462e-02
181  0.28146 -3.73948e-04 |182 -0.12532  4.93453e-03 |183  0.07018 -1.07276e-01
184 -0.36892  2.62123e-02 |185  0.02143  1.80033e-01 |186  0.38905 -7.05304e-02
187  0.01465  2.55447e-01 |188 -0.14968 -8.75492e-02 |189  0.10171 -4.07465e-02
190  0.16740 -3.70926e-01 |191  0.21925 -4.35064e-01 |192  0.25671 -1.65630e-01
193  0.02332 -9.80451e-01 |194 -0.01081 -5.13567e-02 |195 -0.17202 -1.08383e+00
196 -0.11049 -2.73802e+00 |197 -0.55285 -1.15921e-02 |198  0.17124 -1.15051e-01
199  0.09370 -7.78071e-01 |200 -0.25959 -1.54951e-01 |
200 variables; iteration 140; function evaluation 171; phase 4
Function value 7.2497372e+03; maximum gradient component mag 1.5881e+00
Var    Value     Gradient |Var    Value     Gradient |Var    Value     Gradient
  1 -0.42914 -6.06293e-01 |  2  0.37324  2.08725e-01 |  3 -0.12653 -1.03815e-01
  4 -0.01816  2.87356e-02 |  5 -0.70200  2.65986e-02 |  6 -0.60459  2.06155e-02
  7  0.37990  1.19334e-01 |  8 -0.19098  2.76366e-01 |  9  0.03137  2.31622e-01
 10 -0.59446  4.32080e-02 | 11 -0.62677 -6.49106e-02 | 12 -0.16358  1.58814e+00
 13 -0.00579 -8.84190e-03 | 14 -0.00590 -8.42726e-03 | 15 -0.00600 -7.88384e-03
 16 -0.00609 -7.21514e-03 | 17 -0.00618 -6.42840e-03 | 18 -0.00625 -5.54099e-03
 19 -0.00632 -4.57428e-03 | 20 -0.00638 -3.55182e-03 | 21 -0.00643 -2.49743e-03
 22 -0.00646 -1.42954e-03 | 23 -0.00648 -3.57834e-04 | 24 -0.00649  7.19831e-04
 25 -0.00648  1.82597e-03 | 26 -0.00645  3.00607e-03 | 27 -0.00641  4.33274e-03
 28 -0.00634  5.89987e-03 | 29 -0.00625  7.81077e-03 | 30 -0.00613  1.01639e-02
 31 -0.00600  1.30527e-02 | 32 -0.00583  1.65519e-02 | 33 -0.00565  2.06914e-02
 34 -0.00543  2.54120e-02 | 35 -0.00519  3.05068e-02 | 36 -0.00491  3.55608e-02
 37 -0.00461  3.99239e-02 | 38 -0.00428  4.27779e-02 | 39 -0.00393  4.33358e-02
 40 -0.00355  4.11509e-02 | 41 -0.00316  3.65201e-02 | 42 -0.00275  3.05421e-02
 43 -0.00231  2.49123e-02 | 44 -0.00185  2.12474e-02 | 45 -0.00136  2.02734e-02
 46 -0.00087  2.14603e-02 | 47 -0.00038  2.34440e-02 | 48  0.00009  2.49355e-02
 49  0.00052  2.53749e-02 | 50  0.00090  2.49072e-02 | 51  0.00123  2.39465e-02
 52  0.00148  2.28174e-02 | 53  0.00167  2.16655e-02 | 54  0.00178  2.05215e-02
 55  0.00182  1.93834e-02 | 56  0.00182  1.82657e-02 | 57  0.00180  1.72130e-02
 58  0.00178  1.63032e-02 | 59  0.00180  1.56612e-02 | 60  0.00189  1.54489e-02
 61  0.00208  1.58148e-02 | 62  0.00242  1.66852e-02 | 63  0.00293  1.76113e-02
 64  0.00365  1.92968e-02 | 65  0.00465  2.90224e-02 | 66  0.00601  5.40775e-02
 67  0.00754  4.77169e-02 | 68  0.00900 -5.31252e-02 | 69  0.01140 -1.56559e-02
 70  0.01482  1.66548e-01 | 71  0.01669 -5.72271e-02 | 72  0.02050  8.40621e-02
 73  0.02395  1.19793e-01 | 74  0.02685  5.03623e-02 | 75  0.02975  3.32455e-02
 76  0.03227  3.59410e-02 | 77  0.03467  1.40365e-01 | 78  0.03525  6.71953e-02
 79  0.03547  7.77492e-02 | 80  0.03458  2.07820e-02 | 81  0.03402  1.31896e-01
 82  0.03193  6.35254e-02 | 83  0.02967  6.76973e-02 | 84  0.02671  6.83156e-02
 85  0.02344  1.57213e-01 | 86  0.01878  8.81891e-02 | 87  0.01442  1.31303e-01
 88  0.00986  7.67863e-02 | 89  0.00613  6.08827e-02 | 90  0.00328  6.64893e-02
 91  0.00098  6.61698e-02 | 92 -0.00115  4.79638e-02 | 93 -0.00296  6.75613e-02
 94 -0.00409  1.03105e-01 | 95 -0.00477  6.97365e-02 | 96 -0.00557  6.05968e-02
 97 -0.00505  4.34719e-02 | 98 -0.00368  2.29620e-02 | 99 -0.00095  4.43029e-02
100 -0.00155  3.58935e-02 |101 -0.00305  3.32418e-02 |102 -0.00526 -5.12104e-02
103 -0.01310 -1.17704e-01 |104 -0.01272 -5.77240e-02 |105  0.00244 -1.61987e-01
106  0.00047 -1.41326e-01 |107 -0.02028 -1.80177e-01 |108 -0.00340 -3.27703e-01
109  0.05220 -3.11578e-01 |110  0.00927 -3.25788e-01 |111 -0.03046 -2.28805e-01
112 -0.01308 -2.82297e-01 |113  0.00068 -3.41093e-01 |114  0.01954 -2.41358e-01
115 -0.01195 -1.67436e-01 |116 -0.07330 -7.92037e-02 |117 -0.08821 -3.97102e-02
118 -0.08557  5.23999e-02 |119 -0.04193  1.64617e-02 |120  0.06380  9.26879e-02
121  0.01905  7.64310e-02 |122  0.00636  4.89468e-02 |123 -0.03632  1.13639e-01
124 -0.07529  5.27391e-02 |125 -0.01797  7.42841e-02 |126 -0.00788  1.18003e-01
127 -0.03843 -5.10017e-02 |128  0.01404  2.92787e-02 |129  0.06520  2.80665e-02
130 -0.00058  3.95844e-03 |131  0.08096  2.71666e-02 |132  0.00541  5.69880e-02
133  0.13330  1.97317e-02 |134 -0.00825  4.85864e-02 |135 -0.04989 -1.85152e-02
136 -0.06051 -2.94540e-02 |137 -0.02367  2.49967e-02 |138  0.09430  9.87044e-02
139  0.03007 -4.29244e-02 |140  0.01662  6.52368e-02 |141 -0.02897  2.92843e-03
142 -0.01728  1.30536e-02 |143 -0.00779 -3.41211e-02 |144 -0.00046 -2.81724e-04
145  0.38444 -4.35773e-02 |146  0.29160  1.40970e-01 |147 -0.16637  1.20094e-01
148 -0.10966 -6.36807e-04 |149 -0.12361  6.91428e-03 |150 -0.56721  8.20657e-03
151 -0.47069  2.05582e-02 |152  0.31182  8.43774e-03 |153  0.04674  2.18841e-03
154 -0.22805  4.92173e-02 |155  0.19270 -4.34407e-02 |156  0.25951  1.25981e-01
157  0.17863  2.96220e-02 |158  0.25386  2.38761e-02 |159  0.00288  1.99002e-03
160 -0.09389  1.45868e-01 |161  0.11656  4.96983e-02 |162  0.29695  1.74839e-01
163  0.17649 -3.68706e-02 |164  0.24700  9.45085e-02 |165 -0.34503  2.14395e-02
166  0.24447 -8.77662e-02 |167  0.05173 -1.50365e-02 |168 -0.18546 -7.56947e-02
169  0.19458 -3.49827e-02 |170  0.31433  8.85968e-03 |171  0.07925 -1.74161e-01
172 -0.54528 -3.07850e-04 |173 -0.36819  2.07635e-02 |174  0.24009 -1.11436e-01
175  0.07100 -7.80984e-02 |176 -0.11311 -5.98241e-02 |177  0.16830 -5.43890e-02
178  0.15493 -1.07432e+00 |179 -0.07123  4.06932e-03 |180 -0.18918  1.51508e-02
181  0.36697  1.95780e-03 |182 -0.12718  1.52146e-03 |183  0.10406 -4.03773e-02
184 -0.45371  1.05534e-03 |185  0.02140 -6.78617e-02 |186  0.38898  5.53751e-03
187  0.01433 -8.45705e-02 |188 -0.14955 -1.46404e-02 |189  0.10151 -2.06718e-01
190  0.16745 -1.18455e-01 |191  0.21920  1.91497e-01 |192  0.25677  2.84354e-01
193  0.02336  6.80399e-02 |194 -0.01099 -1.63958e-02 |195 -0.17209  1.84633e-01
196 -0.11043  4.86085e-01 |197 -0.55353  1.17966e-02 |198  0.17130  3.83522e-02
199  0.09380  4.61120e-01 |200 -0.25933  1.25351e-01 |
200 variables; iteration 160; function evaluation 201; phase 4
Function value 7.2497359e+03; maximum gradient component mag -5.2155e-01
Var    Value     Gradient |Var    Value     Gradient |Var    Value     Gradient
  1 -0.42916 -5.21554e-01 |  2  0.37322 -2.99849e-02 |  3 -0.12652 -1.43400e-01
  4 -0.01815 -5.81014e-02 |  5 -0.70207 -6.36653e-03 |  6 -0.60459 -1.32365e-02
  7  0.37992  2.52143e-02 |  8 -0.19095 -8.26177e-02 |  9  0.03133 -5.83077e-02
 10 -0.59441 -5.39905e-03 | 11 -0.62679 -1.20357e-01 | 12 -0.16366  3.75352e-01
 13 -0.00570  7.16831e-03 | 14 -0.00581  6.11062e-03 | 15 -0.00592  4.79136e-03
 16 -0.00602  3.37957e-03 | 17 -0.00611  2.08903e-03 | 18 -0.00620  1.16084e-03
 19 -0.00627  8.04607e-04 | 20 -0.00633  1.14892e-03 | 21 -0.00637  2.21661e-03
 22 -0.00640  3.93449e-03 | 23 -0.00642  6.15450e-03 | 24 -0.00642  8.68248e-03
 25 -0.00640  1.13299e-02 | 26 -0.00637  1.39067e-02 | 27 -0.00632  1.62019e-02
 28 -0.00625  1.79302e-02 | 29 -0.00616  1.87192e-02 | 30 -0.00606  1.81803e-02
 31 -0.00594  1.61001e-02 | 32 -0.00580  1.26559e-02 | 33 -0.00565  8.60814e-03
 34 -0.00546  5.27418e-03 | 35 -0.00524  4.05299e-03 | 36 -0.00498  5.41622e-03
 37 -0.00468  7.82531e-03 | 38 -0.00437  7.91301e-03 | 39 -0.00403  3.26560e-03
 40 -0.00368 -3.44613e-03 | 41 -0.00327 -3.98679e-03 | 42 -0.00278  8.02877e-03
 43 -0.00225  2.73287e-02 | 44 -0.00172  3.79181e-02 | 45 -0.00127  2.89928e-02
 46 -0.00086  8.33729e-03 | 47 -0.00043 -5.74001e-03 | 48  0.00003 -4.07713e-03
 49  0.00051  7.49638e-03 | 50  0.00094  1.88407e-02 | 51  0.00129  2.50836e-02
 52  0.00156  2.67660e-02 | 53  0.00175  2.60472e-02 | 54  0.00186  2.44776e-02
 55  0.00190  2.27158e-02 | 56  0.00190  2.08680e-02 | 57  0.00187  1.87759e-02
 58  0.00185  1.61934e-02 | 59  0.00186  1.29528e-02 | 60  0.00193  9.42702e-03
 61  0.00211  7.16458e-03 | 62  0.00245  8.21994e-03 | 63  0.00297  1.09901e-02
 64  0.00370  1.44308e-02 | 65  0.00476  3.47283e-02 | 66  0.00588  3.90985e-03
 67  0.00760  4.02724e-02 | 68  0.00956  5.32256e-02 | 69  0.01189  6.97878e-02
 70  0.01410 -1.39912e-02 | 71  0.01724  3.52630e-02 | 72  0.02035  2.59520e-02
 73  0.02366  2.94706e-02 | 74  0.02686  2.02235e-02 | 75  0.02996  3.55450e-02
 76  0.03247  3.16216e-02 | 77  0.03428  2.82107e-02 | 78  0.03537  4.23893e-02
 79  0.03558  4.86129e-02 | 80  0.03512  6.56862e-02 | 81  0.03365  1.02384e-02
 82  0.03217  4.96394e-02 | 83  0.02974  2.16726e-02 | 84  0.02695  5.45002e-02
 85  0.02302  9.91656e-03 | 86  0.01870  6.03437e-03 | 87  0.01417  9.71457e-03
 88  0.01004  5.22627e-02 | 89  0.00639  5.58215e-02 | 90  0.00334  1.52583e-02
 91  0.00116  4.41485e-02 | 92 -0.00104  8.44579e-03 | 93 -0.00292  9.75767e-03
 94 -0.00420  8.93075e-03 | 95 -0.00473  1.40696e-02 | 96 -0.00548  2.24144e-02
 97 -0.00492  1.91445e-02 | 98 -0.00354  7.81605e-03 | 99 -0.00110 -3.49968e-02
100 -0.00169 -2.93125e-02 |101 -0.00329 -3.87767e-02 |102 -0.00518 -1.48986e-02
103 -0.01294 -3.25568e-02 |104 -0.01293 -5.50579e-02 |105  0.00240 -8.20795e-02
106  0.00020 -9.31134e-02 |107 -0.02038 -8.06601e-02 |108 -0.00303 -7.64647e-02
109  0.05157 -2.05006e-01 |110  0.00932 -1.11057e-01 |111 -0.03063 -8.93425e-02
112 -0.01319 -7.05622e-02 |113  0.00076 -6.33765e-02 |114  0.01923 -9.37026e-02
115 -0.01206 -6.46121e-02 |116 -0.07340 -3.22012e-02 |117 -0.08829 -1.79535e-02
118 -0.08581 -2.84819e-02 |119 -0.04196 -5.28055e-03 |120  0.06374  3.72617e-04
121  0.01907  1.70890e-02 |122  0.00648  3.40671e-02 |123 -0.03642  5.54363e-03
124 -0.07525  1.51441e-02 |125 -0.01789  2.26989e-02 |126 -0.00809 -6.68919e-03
127 -0.03812  3.67500e-02 |128  0.01399  2.13780e-02 |129  0.06510  5.49768e-03
130 -0.00059  1.17944e-02 |131  0.08087 -1.02334e-02 |132  0.00520 -2.41848e-02
133  0.13322 -8.66548e-03 |134 -0.00843 -1.36499e-02 |135 -0.04986  9.86243e-03
136 -0.06044  9.59345e-03 |137 -0.02378 -9.60078e-03 |138  0.09395 -3.91939e-02
139  0.03021  1.06712e-02 |140  0.01634 -2.60217e-02 |141 -0.02897  9.07795e-03
142 -0.01730  9.90053e-03 |143 -0.00753  3.05888e-02 |144 -0.00048 -7.07993e-03
145  0.38468 -5.27632e-03 |146  0.29174 -1.19328e-01 |147 -0.16700 -8.62327e-03
148 -0.14895 -7.48799e-04 |149 -0.13594 -1.42138e-03 |150 -0.61461  7.72940e-04
151 -0.47150 -5.36808e-03 |152  0.31128 -2.49383e-03 |153  0.04703  4.71901e-03
154 -0.22827 -1.67521e-02 |155  0.19260 -7.47824e-02 |156  0.25948  1.12118e-01
157  0.17853 -1.29446e-02 |158  0.25383  3.37768e-02 |159  0.00297  1.56340e-02
160 -0.09392  4.45002e-02 |161  0.11616 -4.85045e-02 |162  0.29680 -1.60127e-02
163  0.17645  2.89939e-02 |164  0.24699 -2.25875e-02 |165 -0.34488 -5.71848e-03
166  0.24453  1.90985e-02 |167  0.05171 -2.43125e-02 |168 -0.18549 -3.47635e-02
169  0.19449  8.10505e-03 |170  0.31432 -9.09518e-03 |171  0.07926  4.98717e-02
172 -0.54465 -2.44457e-04 |173 -0.36827 -1.12785e-02 |174  0.24010  5.78135e-02
175  0.07109  3.79064e-02 |176 -0.11309 -2.00629e-02 |177  0.17068 -3.33033e-02
178  0.15643 -1.03714e-01 |179 -0.05928  3.50889e-03 |180 -0.19457 -9.14439e-04
181  0.41266  2.36253e-03 |182 -0.12668  4.37082e-03 |183  0.12359 -2.33742e-02
184 -0.49220 -1.22943e-03 |185  0.02137  1.70271e-02 |186  0.38895  9.91871e-03
187  0.01441  3.12812e-02 |188 -0.14960  8.25073e-03 |189  0.10150 -4.67812e-02
190  0.16741 -1.23898e-01 |191  0.21920  7.16352e-02 |192  0.25677  2.21208e-01
193  0.02336  6.68954e-03 |194 -0.01094  7.98081e-03 |195 -0.17211  2.71185e-02
196 -0.11045  1.21241e-01 |197 -0.55319 -2.00080e-02 |198  0.17133 -1.09727e-02
199  0.09370 -3.37717e-01 |200 -0.25916 -7.81414e-02 |
200 variables; iteration 180; function evaluation 239; phase 4
Function value 7.2497355e+03; maximum gradient component mag 1.0997e+00
Var    Value     Gradient |Var    Value     Gradient |Var    Value     Gradient
  1 -0.42915 -8.39118e-03 |  2  0.37322 -3.71433e-02 |  3 -0.12654 -4.73845e-02
  4 -0.01813 -5.09439e-02 |  5 -0.70208 -4.28085e-03 |  6 -0.60459 -3.11173e-02
  7  0.37990 -5.23642e-02 |  8 -0.19097 -6.16740e-02 |  9  0.03136 -9.74448e-02
 10 -0.59446 -3.04866e-02 | 11 -0.62678  2.37998e-02 | 12 -0.16358  3.75316e-01
 13 -0.00573 -3.49290e-03 | 14 -0.00583 -1.74512e-03 | 15 -0.00592  8.04065e-04
 16 -0.00601  2.27242e-03 | 17 -0.00610  1.16747e-03 | 18 -0.00619 -2.04819e-03
 19 -0.00627 -4.91939e-03 | 20 -0.00633 -4.99524e-03 | 21 -0.00637 -2.11885e-03
 22 -0.00640  1.31387e-03 | 23 -0.00641  2.59891e-03 | 24 -0.00643  1.41199e-03
 25 -0.00643  2.04880e-04 | 26 -0.00640  1.77587e-03 | 27 -0.00634  5.94056e-03
 28 -0.00626  8.58155e-03 | 29 -0.00619  5.73018e-03 | 30 -0.00611  6.47102e-05
 31 -0.00598  2.60882e-05 | 32 -0.00580  7.41911e-03 | 33 -0.00562  9.16729e-03
 34 -0.00548 -6.32727e-03 | 35 -0.00532 -2.27243e-02 | 36 -0.00502 -1.19400e-02
 37 -0.00464  1.10574e-02 | 38 -0.00435  4.85055e-03 | 39 -0.00407 -1.32860e-02
 40 -0.00367 -1.07226e-02 | 41 -0.00328 -1.69913e-02 | 42 -0.00284 -1.60051e-02
 43 -0.00224  1.91721e-02 | 44 -0.00175  2.16916e-02 | 45 -0.00133  3.96310e-03
 46 -0.00085  2.42650e-04 | 47 -0.00044 -1.83358e-02 | 48  0.00006 -1.03475e-02
 49  0.00061  1.96010e-02 | 50  0.00099  1.85749e-02 | 51  0.00124 -2.91911e-04
 52  0.00147 -9.02958e-03 | 53  0.00166 -8.09981e-03 | 54  0.00179 -5.67396e-03
 55  0.00185 -4.56308e-03 | 56  0.00186 -4.32112e-03 | 57  0.00184 -4.17547e-03
 58  0.00183 -3.77642e-03 | 59  0.00185 -3.54824e-03 | 60  0.00194 -5.78567e-03
 61  0.00210 -1.36078e-02 | 62  0.00243 -1.44652e-02 | 63  0.00311  2.67403e-02
 64  0.00368 -1.03931e-02 | 65  0.00481  2.78658e-02 | 66  0.00587 -1.85159e-02
 67  0.00756  9.12266e-03 | 68  0.00950  1.64246e-02 | 69  0.01172  8.48229e-03
 70  0.01438  2.16306e-02 | 71  0.01740  4.10807e-02 | 72  0.02035 -4.39361e-03
 73  0.02364 -5.06985e-03 | 74  0.02690 -5.02012e-03 | 75  0.02988 -1.38071e-02
 76  0.03257  1.36535e-02 | 77  0.03422 -2.17186e-02 | 78  0.03527 -1.62948e-02
 79  0.03541 -2.23807e-02 | 80  0.03490 -1.49932e-02 | 81  0.03378 -9.09147e-03
 82  0.03200 -2.44436e-02 | 83  0.02980 -8.96023e-03 | 84  0.02687 -1.43295e-03
 85  0.02313 -8.37839e-03 | 86  0.01886  2.19704e-03 | 87  0.01430  4.20239e-03
 88  0.01003  1.68908e-02 | 89  0.00643  3.36946e-02 | 90  0.00326 -3.08827e-02
 91  0.00117  2.36135e-02 | 92 -0.00107 -1.65772e-02 | 93 -0.00291  3.07632e-04
 94 -0.00418  7.18095e-03 | 95 -0.00481 -6.21375e-03 | 96 -0.00553  1.38856e-02
 97 -0.00499  1.49298e-02 | 98 -0.00357  2.02853e-02 | 99 -0.00105  6.16842e-03
100 -0.00163  2.12612e-02 |101 -0.00323  1.95669e-02 |102 -0.00528  1.01118e-02
103 -0.01295  2.13207e-02 |104 -0.01293  1.94649e-02 |105  0.00243  2.83379e-02
106  0.00022  3.01435e-02 |107 -0.02040  3.09363e-02 |108 -0.00316  4.32902e-02
109  0.05175  7.98515e-02 |110  0.00924  4.48996e-02 |111 -0.03057  4.63751e-02
112 -0.01320  5.07851e-02 |113  0.00076  6.62753e-02 |114  0.01931  7.30352e-02
115 -0.01198  6.27206e-02 |116 -0.07335  2.89093e-02 |117 -0.08821  3.61457e-02
118 -0.08571  2.19437e-02 |119 -0.04191  6.97568e-03 |120  0.06376 -3.02423e-02
121  0.01903 -4.48767e-02 |122  0.00642 -4.80101e-02 |123 -0.03643 -3.56071e-02
124 -0.07530 -2.60358e-02 |125 -0.01795 -3.82166e-02 |126 -0.00808 -4.90778e-02
127 -0.03820 -2.25166e-02 |128  0.01400 -2.80279e-02 |129  0.06508 -4.91433e-02
130 -0.00053  6.86580e-03 |131  0.08089 -4.84044e-03 |132  0.00527  1.25331e-03
133  0.13324 -5.46147e-03 |134 -0.00839  1.36115e-04 |135 -0.04986  4.36283e-03
136 -0.06043  6.88505e-03 |137 -0.02377 -8.34486e-03 |138  0.09401 -1.03043e-02
139  0.03019  1.38136e-03 |140  0.01638 -1.02099e-02 |141 -0.02901 -5.70822e-03
142 -0.01737 -9.09023e-03 |143 -0.00762  7.31440e-03 |144 -0.00049 -9.15123e-03
145  0.38451  9.33145e-03 |146  0.29178  3.38720e-01 |147 -0.16590 -2.43672e-02
148 -0.16562 -8.36269e-04 |149 -0.14168 -2.22019e-03 |150 -0.64415 -1.94261e-03
151 -0.47123  7.66999e-03 |152  0.31139 -6.62460e-03 |153  0.04693  4.00997e-03
154 -0.22823 -4.48327e-04 |155  0.19264  5.86607e-02 |156  0.25949 -7.88290e-02
157  0.17856  2.19025e-02 |158  0.25383 -3.69056e-02 |159  0.00295  2.34499e-03
160 -0.09392 -1.69379e-02 |161  0.11631  2.34320e-02 |162  0.29686 -4.90230e-02
163  0.17647  2.42243e-02 |164  0.24700 -2.11442e-02 |165 -0.34493 -1.41339e-03
166  0.24452  2.18346e-02 |167  0.05173  1.97853e-02 |168 -0.18548  4.60764e-02
169  0.19460  1.36641e-02 |170  0.31433 -7.36793e-03 |171  0.07923  5.12176e-04
172 -0.53614  4.70547e-04 |173 -0.36831  5.58497e-04 |174  0.24008  2.12181e-03
175  0.07109  1.48626e-02 |176 -0.11311  2.33305e-03 |177  0.17218 -1.39814e-02
178  0.15976  6.03810e-05 |179 -0.05884  6.89533e-04 |180 -0.16008 -8.06930e-04
181  0.44743  2.65722e-03 |182 -0.14259 -2.10937e-04 |183  0.14648 -1.21170e-02
184 -0.49729 -1.35137e-03 |185  0.02137  9.27048e-03 |186  0.38899 -1.59321e-03
187  0.01439  1.05645e-02 |188 -0.14958  1.85844e-02 |189  0.10149  5.20543e-02
190  0.16742  1.30464e-01 |191  0.21920 -4.67348e-02 |192  0.25677 -2.14614e-01
193  0.02336  2.94947e-02 |194 -0.01096  2.74520e-02 |195 -0.17210  1.61814e-02
196 -0.11044 -4.40385e-04 |197 -0.55355  7.98897e-02 |198  0.17123  1.16755e-02
199  0.09384  1.09972e+00 |200 -0.25960  2.18045e-01 |
200 variables; iteration 200; function evaluation 275; phase 4
Function value 7.2497351e+03; maximum gradient component mag -1.3394e-01
Var    Value     Gradient |Var    Value     Gradient |Var    Value     Gradient
  1 -0.42916  7.75479e-02 |  2  0.37322  1.83396e-03 |  3 -0.12653  1.89686e-02
  4 -0.01813  1.71118e-02 |  5 -0.70206 -5.36421e-05 |  6 -0.60459  2.05734e-03
  7  0.37991 -6.33423e-03 |  8 -0.19096  1.11308e-02 |  9  0.03136  4.21212e-03
 10 -0.59442 -1.93182e-03 | 11 -0.62679  5.08512e-03 | 12 -0.16357 -1.33940e-01
 13 -0.00573 -4.53992e-03 | 14 -0.00583 -3.79880e-03 | 15 -0.00592  2.15637e-04
 16 -0.00600  3.29919e-03 | 17 -0.00610  1.10557e-03 | 18 -0.00620 -3.76810e-03
 19 -0.00627 -4.54774e-03 | 20 -0.00632 -6.45644e-04 | 21 -0.00636  1.44529e-03
 22 -0.00640 -1.07695e-03 | 23 -0.00644 -3.11313e-03 | 24 -0.00644 -9.09904e-04
 25 -0.00642  1.31218e-03 | 26 -0.00641 -1.29015e-03 | 27 -0.00637 -4.00158e-03
 28 -0.00629  2.87542e-04 | 29 -0.00620  3.25423e-03 | 30 -0.00612 -4.34359e-03
 31 -0.00600 -4.82234e-03 | 32 -0.00580  6.43806e-03 | 33 -0.00564  2.20157e-03
 34 -0.00547 -3.56676e-03 | 35 -0.00521  3.53456e-03 | 36 -0.00498 -3.08108e-03
 37 -0.00468  1.78887e-03 | 38 -0.00436  1.07623e-03 | 39 -0.00402 -1.39499e-03
 40 -0.00364 -2.66296e-03 | 41 -0.00322 -1.52560e-03 | 42 -0.00279 -4.11166e-03
 43 -0.00231  1.00440e-03 | 44 -0.00185 -3.62387e-03 | 45 -0.00134  1.28178e-03
 46 -0.00088 -9.27610e-03 | 47 -0.00037 -1.36776e-03 | 48  0.00008 -5.54148e-03
 49  0.00056  5.53656e-03 | 50  0.00087 -1.29881e-02 | 51  0.00130  1.14801e-02
 52  0.00151  2.53495e-04 | 53  0.00166 -1.14939e-02 | 54  0.00179 -8.55308e-03
 55  0.00186 -4.80956e-03 | 56  0.00187 -2.78523e-03 | 57  0.00186 -1.12336e-03
 58  0.00186  1.01311e-03 | 59  0.00189  3.05594e-03 | 60  0.00197 -6.52248e-04
 61  0.00217 -5.92018e-04 | 62  0.00246 -1.06271e-02 | 63  0.00300 -4.35153e-03
 64  0.00371 -5.64629e-03 | 65  0.00470 -2.02695e-03 | 66  0.00594 -5.40443e-03
 67  0.00752 -3.36072e-03 | 68  0.00943 -2.90769e-03 | 69  0.01168 -3.36962e-03
 70  0.01429 -2.63394e-03 | 71  0.01721 -1.40687e-03 | 72  0.02036 -4.41854e-03
 73  0.02365 -4.25977e-03 | 74  0.02692 -4.62140e-03 | 75  0.02994 -4.89718e-03
 76  0.03248 -3.60263e-03 | 77  0.03431 -6.48045e-03 | 78  0.03533 -5.79478e-03
 79  0.03550 -5.99657e-03 | 80  0.03495 -6.48180e-03 | 81  0.03379 -5.97161e-03
 82  0.03209 -6.72800e-03 | 83  0.02982 -5.63327e-03 | 84  0.02685 -5.30656e-03
 85  0.02314 -5.69121e-03 | 86  0.01882 -4.90978e-03 | 87  0.01426 -5.31955e-03
 88  0.00994 -5.02056e-03 | 89  0.00628 -3.76589e-03 | 90  0.00336 -1.11452e-02
 91  0.00110 -1.71110e-03 | 92 -0.00098 -5.53084e-03 | 93 -0.00288 -4.21719e-03
 94 -0.00417 -4.72520e-03 | 95 -0.00474 -4.02823e-03 | 96 -0.00553 -4.05818e-03
 97 -0.00499 -3.72039e-03 | 98 -0.00357  8.14112e-04 | 99 -0.00100 -2.77401e-04
100 -0.00165 -1.97565e-04 |101 -0.00325 -4.01407e-05 |102 -0.00526  1.88400e-03
103 -0.01298  4.50143e-03 |104 -0.01294  6.57034e-03 |105  0.00241  8.65903e-03
106  0.00020  1.10437e-02 |107 -0.02041  1.07645e-02 |108 -0.00317  1.59542e-02
109  0.05168  2.64221e-02 |110  0.00927  2.05998e-02 |111 -0.03060  1.46932e-02
112 -0.01322  1.54044e-02 |113  0.00073  1.66569e-02 |114  0.01929  1.44687e-02
115 -0.01202  7.23894e-03 |116 -0.07336  1.26895e-03 |117 -0.08825  1.25052e-03
118 -0.08574  5.79449e-04 |119 -0.04194  1.91831e-04 |120  0.06378  4.25581e-03
121  0.01906  1.88123e-03 |122  0.00646  3.55693e-03 |123 -0.03640  2.44873e-03
124 -0.07527  8.36179e-04 |125 -0.01792  8.64390e-04 |126 -0.00802  5.99139e-04
127 -0.03818  6.91640e-04 |128  0.01400  2.21353e-03 |129  0.06516  6.83866e-04
130 -0.00058  1.65912e-03 |131  0.08092 -8.57759e-04 |132  0.00528 -7.04280e-04
133  0.13325 -3.09761e-03 |134 -0.00838 -1.22696e-03 |135 -0.04987 -1.00648e-03
136 -0.06045  3.86791e-04 |137 -0.02374 -6.45007e-05 |138  0.09405  1.13376e-04
139  0.03019 -4.74596e-04 |140  0.01642 -5.01076e-04 |141 -0.02900 -1.49943e-03
142 -0.01734 -1.16843e-03 |143 -0.00765  8.85449e-04 |144 -0.00046 -1.58926e-03
145  0.38451  4.41624e-04 |146  0.29165 -3.49041e-02 |147 -0.16638 -2.34537e-03
148 -0.13753 -6.90447e-04 |149 -0.13702 -9.11890e-04 |150 -0.63984 -1.61325e-03
151 -0.47129 -4.82119e-04 |152  0.31141 -3.84578e-04 |153  0.04695 -1.71964e-03
154 -0.22823 -1.64705e-03 |155  0.19262 -1.43015e-03 |156  0.25949 -2.33113e-03
157  0.17855 -4.07025e-03 |158  0.25383  1.07242e-03 |159  0.00295  3.80674e-04
160 -0.09392  2.42292e-03 |161  0.11629 -2.09328e-03 |162  0.29685  1.06073e-03
163  0.17644 -5.05903e-03 |164  0.24699  4.88883e-03 |165 -0.34494 -2.27488e-03
166  0.24451  8.64280e-03 |167  0.05173  3.29566e-03 |168 -0.18549  2.86557e-03
169  0.19449  1.44775e-03 |170  0.31431  8.94415e-04 |171  0.07925 -1.94457e-03
172 -0.53640  4.50315e-04 |173 -0.36828 -1.43395e-03 |174  0.24009  5.39887e-03
175  0.07108 -1.52142e-04 |176 -0.11311 -1.13141e-03 |177  0.17434 -9.53878e-03
178  0.16681  7.55565e-05 |179 -0.05055  5.00655e-04 |180 -0.06728 -2.16188e-04
181  0.46301  2.79491e-03 |182 -0.18575 -9.43670e-04 |183  0.17721 -4.68589e-03
184 -0.44710  2.57428e-03 |185  0.02135  2.23095e-03 |186  0.38896 -1.05470e-03
187  0.01440  3.97686e-03 |188 -0.14960  3.75341e-03 |189  0.10149  1.08725e-02
190  0.16742  3.93476e-03 |191  0.21920 -5.26496e-03 |192  0.25677 -9.15936e-04
193  0.02336 -6.74373e-03 |194 -0.01096 -6.72152e-03 |195 -0.17211 -7.50780e-03
196 -0.11044 -1.67991e-02 |197 -0.55329 -9.19210e-03 |198  0.17132  2.57489e-03
199  0.09371 -1.01936e-01 |200 -0.25919 -1.95384e-02 |
200 variables; iteration 220; function evaluation 312; phase 4
Function value 7.2497350e+03; maximum gradient component mag -4.2180e-01
Var    Value     Gradient |Var    Value     Gradient |Var    Value     Gradient
  1 -0.42915  1.38471e-02 |  2  0.37322  4.34693e-03 |  3 -0.12653 -1.43956e-02
  4 -0.01813  1.31327e-02 |  5 -0.70206 -1.65138e-03 |  6 -0.60459 -2.70770e-02
  7  0.37990 -2.47791e-02 |  8 -0.19096  2.55454e-02 |  9  0.03136  1.08084e-02
 10 -0.59442  1.48791e-04 | 11 -0.62679  4.44970e-04 | 12 -0.16356 -1.23673e-01
 13 -0.00571  1.16951e-03 | 14 -0.00586 -1.03868e-02 | 15 -0.00594 -4.31606e-03
 16 -0.00601  2.54389e-03 | 17 -0.00613 -6.42504e-03 | 18 -0.00621 -5.14757e-03
 19 -0.00625  9.18396e-04 | 20 -0.00634 -5.21680e-03 | 21 -0.00638 -4.03042e-03
 22 -0.00640  5.73181e-05 | 23 -0.00644 -2.21115e-03 | 24 -0.00644 -1.68467e-03
 25 -0.00643 -9.44751e-04 | 26 -0.00642 -3.49960e-03 | 27 -0.00636  2.06314e-03
 28 -0.00631 -1.13477e-03 | 29 -0.00623 -3.88866e-03 | 30 -0.00611  1.43861e-04
 31 -0.00601 -7.02835e-03 | 32 -0.00577  1.60319e-02 | 33 -0.00572 -1.51480e-02
 34 -0.00541  1.31103e-02 | 35 -0.00525 -5.77750e-03 | 36 -0.00497  1.43391e-03
 37 -0.00464  1.30605e-02 | 38 -0.00437  5.62109e-04 | 39 -0.00394  1.84430e-02
 40 -0.00370 -1.69842e-02 | 41 -0.00323 -2.59002e-03 | 42 -0.00282 -8.56640e-03
 43 -0.00227  1.14405e-02 | 44 -0.00189 -1.26720e-02 | 45 -0.00132  8.13349e-03
 46 -0.00085  7.81158e-04 | 47 -0.00032  1.19591e-02 | 48  0.00005 -1.16493e-02
 49  0.00050 -5.34759e-03 | 50  0.00090 -2.56448e-03 | 51  0.00123 -3.87182e-03
 52  0.00152  4.73709e-03 | 53  0.00159 -2.66441e-02 | 54  0.00178 -7.90721e-03
 55  0.00187  1.57787e-03 | 56  0.00188  1.40737e-03 | 57  0.00186  1.98055e-03
 58  0.00185  2.58533e-03 | 59  0.00185 -5.09413e-03 | 60  0.00195 -3.29549e-03
 61  0.00222  1.47151e-02 | 62  0.00243 -1.55181e-02 | 63  0.00299 -3.70935e-03
 64  0.00372 -1.83293e-03 | 65  0.00472  5.42951e-03 | 66  0.00593 -4.03548e-03
 67  0.00752  1.26658e-03 | 68  0.00941 -3.89663e-03 | 69  0.01167 -2.12257e-03
 70  0.01435  1.56773e-02 | 71  0.01723  7.64796e-03 | 72  0.02035 -1.49990e-03
 73  0.02365  7.13953e-05 | 74  0.02692  1.45410e-03 | 75  0.02991 -4.30653e-03
 76  0.03249  3.74844e-03 | 77  0.03430 -2.60506e-03 | 78  0.03530 -4.57588e-03
 79  0.03546 -6.66034e-03 | 80  0.03490 -7.58204e-03 | 81  0.03381  4.73442e-03
 82  0.03204 -9.01410e-03 | 83  0.02982  1.58546e-03 | 84  0.02683 -1.99479e-03
 85  0.02315  4.47604e-03 | 86  0.01885  8.88206e-03 | 87  0.01428  5.77960e-03
 88  0.00996  4.55839e-03 | 89  0.00631  8.51482e-03 | 90  0.00333 -1.38183e-02
 91  0.00115  1.60262e-02 | 92 -0.00101 -9.51367e-03 | 93 -0.00289 -5.52104e-03
 94 -0.00417 -5.08389e-03 | 95 -0.00474 -6.33413e-03 | 96 -0.00554 -1.00511e-02
 97 -0.00501 -1.40051e-02 | 98 -0.00357 -5.37438e-03 | 99 -0.00102 -1.33560e-02
100 -0.00158  8.05292e-03 |101 -0.00326 -1.45333e-02 |102 -0.00528 -1.48329e-02
103 -0.01299 -1.08509e-02 |104 -0.01295 -1.24797e-02 |105  0.00241 -1.11839e-02
106  0.00020 -1.04232e-02 |107 -0.02041 -9.21429e-03 |108 -0.00319 -1.53234e-02
109  0.05170 -5.06752e-03 |110  0.00926 -5.32124e-03 |111 -0.03060 -2.42819e-03
112 -0.01322 -4.15055e-03 |113  0.00072 -2.22311e-03 |114  0.01929  2.86541e-03
115 -0.01201  5.74593e-03 |116 -0.07336  2.45220e-03 |117 -0.08826 -2.40531e-03
118 -0.08574  1.97128e-03 |119 -0.04194  4.03696e-03 |120  0.06378  1.92013e-02
121  0.01907  1.06841e-02 |122  0.00646  5.23207e-03 |123 -0.03640  1.88749e-03
124 -0.07527  2.56889e-04 |125 -0.01792 -1.49841e-04 |126 -0.00801  5.38861e-03
127 -0.03819 -3.71889e-03 |128  0.01401  4.77208e-03 |129  0.06517  4.36867e-03
130 -0.00057  4.15848e-03 |131  0.08092  9.54103e-05 |132  0.00529  3.29370e-03
133  0.13326 -2.35315e-03 |134 -0.00837  3.21217e-03 |135 -0.04987 -3.00499e-03
136 -0.06045 -4.55341e-04 |137 -0.02373  2.65236e-03 |138  0.09406  5.76193e-03
139  0.03019 -6.77047e-04 |140  0.01644  5.84693e-03 |141 -0.02899  1.11667e-03
142 -0.01733  1.42526e-03 |143 -0.00767 -3.79315e-03 |144 -0.00043  5.36519e-03
145  0.38450  3.47985e-03 |146  0.29162 -1.29998e-01 |147 -0.16677 -4.45853e-03
148 -0.10462 -5.29036e-04 |149 -0.13176 -1.06880e-03 |150 -0.61123  1.01720e-03
151 -0.47124  9.75089e-04 |152  0.31146  1.52737e-03 |153  0.04693 -4.17336e-04
154 -0.22822  2.17762e-03 |155  0.19263  1.18989e-02 |156  0.25949 -2.40455e-02
157  0.17855  8.47937e-04 |158  0.25383 -4.93771e-03 |159  0.00294 -4.38896e-03
160 -0.09392 -1.26054e-03 |161  0.11631  7.07539e-03 |162  0.29686  2.31837e-03
163  0.17643 -1.21712e-02 |164  0.24699  9.44928e-03 |165 -0.34494 -1.42564e-03
166  0.24451  1.43379e-02 |167  0.05173  1.85699e-02 |168 -0.18549  4.20737e-03
169  0.19448 -1.61634e-03 |170  0.31431  6.11460e-03 |171  0.07925 -7.39655e-03
172 -0.57451 -2.09737e-03 |173 -0.36829  4.88332e-04 |174  0.24009  1.64029e-03
175  0.07109  4.80639e-03 |176 -0.11311 -7.80266e-03 |177  0.17485 -1.16266e-02
178  0.16812 -3.23929e-03 |179 -0.04576  1.10348e-03 |180 -0.04860  4.67383e-04
181  0.41461  2.39096e-03 |182 -0.17885 -9.06035e-04 |183  0.17889 -4.42583e-03
184 -0.46379  7.84173e-04 |185  0.02136 -4.75266e-03 |186  0.38896  7.40164e-04
187  0.01439 -9.63383e-03 |188 -0.14960 -5.59659e-03 |189  0.10149 -4.00950e-03
190  0.16742  5.15675e-03 |191  0.21920  9.96338e-03 |192  0.25677 -3.86493e-02
193  0.02336  3.18204e-03 |194 -0.01096 -1.69785e-03 |195 -0.17211  1.14722e-02
196 -0.11044  2.13090e-02 |197 -0.55322 -3.31175e-02 |198  0.17134  1.41010e-03
199  0.09368 -4.21801e-01 |200 -0.25910 -8.49280e-02 |
200 variables; iteration 240; function evaluation 346; phase 4
Function value 7.2497348e+03; maximum gradient component mag 1.0366e-01
Var    Value     Gradient |Var    Value     Gradient |Var    Value     Gradient
  1 -0.42916 -2.56783e-02 |  2  0.37322 -3.22007e-03 |  3 -0.12653 -1.74094e-02
  4 -0.01814 -9.08025e-03 |  5 -0.70206  7.27360e-05 |  6 -0.60459 -2.70889e-03
  7  0.37991 -4.80356e-03 |  8 -0.19096 -1.64970e-02 |  9  0.03135 -5.06292e-03
 10 -0.59441  2.66553e-03 | 11 -0.62679 -7.64675e-03 | 12 -0.16360  6.54861e-02
 13 -0.00573 -2.54665e-03 | 14 -0.00581  4.50316e-03 | 15 -0.00591  4.42978e-03
 16 -0.00600  5.49552e-03 | 17 -0.00610  9.32414e-04 | 18 -0.00619 -2.14802e-03
 19 -0.00626 -4.64225e-04 | 20 -0.00630  5.13569e-03 | 21 -0.00638 -3.04199e-03
 22 -0.00640  1.22270e-03 | 23 -0.00642  1.59002e-03 | 24 -0.00644 -2.09780e-03
 25 -0.00642  1.58701e-03 | 26 -0.00640  2.08133e-04 | 27 -0.00637 -1.09813e-03
 28 -0.00629  2.04440e-03 | 29 -0.00622 -2.32530e-03 | 30 -0.00611  5.90725e-04
 31 -0.00595  6.88925e-03 | 32 -0.00584 -2.88261e-03 | 33 -0.00567 -2.65601e-03
 34 -0.00548 -4.79947e-03 | 35 -0.00522  1.53358e-03 | 36 -0.00497  8.94138e-05
 37 -0.00469 -8.48768e-04 | 38 -0.00438 -2.00114e-03 | 39 -0.00403 -2.68837e-03
 40 -0.00362  3.42049e-03 | 41 -0.00321  1.56491e-03 | 42 -0.00277  2.40760e-03
 43 -0.00232 -8.33402e-04 | 44 -0.00184  1.21216e-03 | 45 -0.00136 -2.23545e-03
 46 -0.00085  9.78457e-04 | 47 -0.00038 -1.46890e-03 | 48  0.00010  1.82845e-03
 49  0.00053  7.64857e-04 | 50  0.00091  6.71565e-04 | 51  0.00124  2.25391e-04
 52  0.00150 -4.66862e-04 | 53  0.00171  4.08295e-03 | 54  0.00183  4.65549e-03
 55  0.00187  2.11341e-03 | 56  0.00185 -4.92584e-03 | 57  0.00185 -1.32766e-03
 58  0.00187  5.64757e-03 | 59  0.00187  4.78789e-04 | 60  0.00196  1.42911e-03
 61  0.00215 -7.94816e-04 | 62  0.00250  3.37023e-03 | 63  0.00300  1.39515e-03
 64  0.00373  1.33402e-03 | 65  0.00469 -5.40070e-04 | 66  0.00596  2.24802e-03
 67  0.00752  6.29927e-04 | 68  0.00943  1.50541e-03 | 69  0.01168  1.08909e-03
 70  0.01426 -2.57431e-03 | 71  0.01719 -1.08339e-03 | 72  0.02036  2.11820e-03
 73  0.02365  1.49905e-03 | 74  0.02691  1.13557e-03 | 75  0.02994  2.77766e-03
 76  0.03247  6.44954e-04 | 77  0.03432  2.81309e-03 | 78  0.03534  3.12542e-03
 79  0.03552  4.05554e-03 | 80  0.03496  4.24333e-03 | 81  0.03378  1.35243e-03
 82  0.03210  4.72247e-03 | 83  0.02981  2.41449e-03 | 84  0.02685  3.20222e-03
 85  0.02313  1.64577e-03 | 86  0.01881  5.27499e-04 | 87  0.01425  1.28859e-03
 88  0.00994  1.66731e-03 | 89  0.00627  7.81095e-04 | 90  0.00340  6.53285e-03
 91  0.00107  4.96377e-04 | 92 -0.00098  5.36282e-03 | 93 -0.00288  3.77446e-03
 94 -0.00417  4.22125e-03 | 95 -0.00474  3.50059e-03 | 96 -0.00552  7.59535e-03
 97 -0.00499  3.23058e-03 | 98 -0.00359  3.03630e-03 | 99 -0.00101  3.89854e-03
100 -0.00166  4.81666e-04 |101 -0.00324  4.70715e-03 |102 -0.00525  4.92443e-03
103 -0.01297  1.92425e-03 |104 -0.01294  1.08442e-03 |105  0.00242  8.26892e-04
106  0.00021 -1.30084e-03 |107 -0.02040 -1.31355e-03 |108 -0.00316 -1.22205e-03
109  0.05168 -9.84868e-03 |110  0.00927 -7.12321e-03 |111 -0.03060 -6.52041e-03
112 -0.01322 -8.03396e-03 |113  0.00072 -8.80687e-03 |114  0.01928 -9.42582e-03
115 -0.01203 -6.49032e-03 |116 -0.07336 -2.56521e-03 |117 -0.08826 -1.47102e-03
118 -0.08575 -2.42729e-03 |119 -0.04194 -6.76917e-04 |120  0.06376 -1.37736e-03
121  0.01906  7.84621e-04 |122  0.00644 -2.28593e-04 |123 -0.03641  3.72365e-04
124 -0.07528  1.03982e-03 |125 -0.01793  2.16373e-03 |126 -0.00804  1.08477e-03
127 -0.03819  1.69504e-03 |128  0.01398 -1.38510e-03 |129  0.06515 -3.90792e-04
130 -0.00060 -1.96184e-03 |131  0.08092  1.05064e-03 |132  0.00527  6.75110e-05
133  0.13325 -7.43401e-04 |134 -0.00839 -5.00153e-04 |135 -0.04986  1.83285e-03
136 -0.06045  1.57722e-04 |137 -0.02374 -1.63336e-04 |138  0.09404 -5.20650e-04
139  0.03019  1.16785e-03 |140  0.01641 -9.87021e-04 |141 -0.02899  1.15557e-03
142 -0.01733  9.39152e-04 |143 -0.00765  8.05561e-04 |144 -0.00046  9.56362e-05
145  0.38457 -1.16150e-03 |146  0.29173  3.34426e-02 |147 -0.16676 -9.20572e-04
148 -0.08395 -4.39590e-04 |149 -0.13099 -8.02265e-04 |150 -0.60191  2.15245e-03
151 -0.47129 -6.22865e-04 |152  0.31141 -1.94144e-04 |153  0.04695 -9.89956e-04
154 -0.22822  1.73163e-04 |155  0.19263  7.47015e-04 |156  0.25949  2.75826e-03
157  0.17856  9.56465e-04 |158  0.25383  2.59899e-03 |159  0.00294  1.41291e-03
160 -0.09392  5.85061e-03 |161  0.11629 -1.77471e-03 |162  0.29685 -1.50714e-03
163  0.17645 -3.27942e-04 |164  0.24699  2.00071e-03 |165 -0.34493 -1.87212e-03
166  0.24451  7.06536e-03 |167  0.05173  2.32201e-03 |168 -0.18549  1.19721e-03
169  0.19449  8.18308e-04 |170  0.31431  1.75233e-03 |171  0.07925  1.07466e-03
172 -0.54574 -3.33099e-04 |173 -0.36827  2.35667e-06 |174  0.24009  2.03301e-03
175  0.07108  1.32550e-03 |176 -0.11310 -2.78350e-03 |177  0.17442 -6.23245e-03
178  0.17061 -8.11332e-03 |179 -0.06585 -3.14497e-04 |180 -0.02466  1.75797e-03
181  0.37743  2.11053e-03 |182 -0.17235 -7.89231e-04 |183  0.19291 -2.69087e-03
184 -0.50689 -1.78765e-03 |185  0.02136  2.61364e-04 |186  0.38897  1.42882e-03
187  0.01439 -3.06308e-04 |188 -0.14959  2.76698e-04 |189  0.10149  2.10294e-02
190  0.16742  2.46758e-03 |191  0.21920 -6.23747e-03 |192  0.25677 -1.01698e-03
193  0.02336  1.94373e-02 |194 -0.01096  4.04484e-04 |195 -0.17211  1.10924e-02
196 -0.11044  1.97897e-02 |197 -0.55333  8.49562e-03 |198  0.17130 -2.53804e-05
199  0.09373  1.03656e-01 |200 -0.25928  1.98401e-02 |
200 variables; iteration 260; function evaluation 380; phase 4
Function value 7.2497347e+03; maximum gradient component mag 4.0178e-02
Var    Value     Gradient |Var    Value     Gradient |Var    Value     Gradient
  1 -0.42915 -2.65169e-02 |  2  0.37322 -5.19281e-03 |  3 -0.12653 -1.25417e-02
  4 -0.01814 -5.58217e-03 |  5 -0.70206  1.11920e-03 |  6 -0.60459 -2.15010e-03
  7  0.37991 -2.77521e-03 |  8 -0.19097 -1.39616e-02 |  9  0.03135  3.02965e-04
 10 -0.59442  1.15010e-03 | 11 -0.62679 -2.54118e-03 | 12 -0.16358  4.01783e-02
 13 -0.00573 -2.81722e-03 | 14 -0.00580  5.78368e-03 | 15 -0.00595 -6.31167e-03
 16 -0.00605 -8.72259e-03 | 17 -0.00607  1.02811e-02 | 18 -0.00618  6.78380e-04
 19 -0.00625  3.07852e-03 | 20 -0.00627  1.35088e-02 | 21 -0.00641 -1.17329e-02
 22 -0.00652 -2.97724e-02 | 23 -0.00634  2.30568e-02 | 24 -0.00641  7.09992e-03
 25 -0.00636  1.90692e-02 | 26 -0.00652 -2.95372e-02 | 27 -0.00638 -4.49217e-03
 28 -0.00625  1.26934e-02 | 29 -0.00622 -8.09270e-04 | 30 -0.00610  3.53653e-03
 31 -0.00600 -4.31232e-03 | 32 -0.00581  4.64406e-03 | 33 -0.00567 -3.53134e-03
 34 -0.00547 -3.45906e-03 | 35 -0.00523  1.19726e-04 | 36 -0.00497  1.19928e-03
 37 -0.00469 -5.06442e-04 | 38 -0.00437  6.82455e-04 | 39 -0.00402 -9.45626e-04
 40 -0.00363  1.43888e-03 | 41 -0.00323 -1.45113e-03 | 42 -0.00278  6.50958e-04
 43 -0.00232  9.20401e-05 | 44 -0.00184  3.29792e-05 | 45 -0.00134  1.89716e-03
 46 -0.00085  1.19890e-03 | 47 -0.00036  3.17776e-03 | 48  0.00009 -8.68064e-04
 49  0.00052  9.71764e-05 | 50  0.00091  3.24430e-05 | 51  0.00124  4.85013e-04
 52  0.00150  1.58138e-04 | 53  0.00170  6.51602e-04 | 54  0.00181  4.19944e-04
 55  0.00188  4.96758e-03 | 56  0.00188  2.39328e-03 | 57  0.00181 -1.15172e-02
 58  0.00186  5.02324e-03 | 59  0.00187  1.62267e-03 | 60  0.00196  1.69114e-03
 61  0.00215 -7.18150e-04 | 62  0.00249  1.80898e-03 | 63  0.00300  1.38907e-03
 64  0.00372  1.11535e-03 | 65  0.00470  1.46779e-03 | 66  0.00595  1.13595e-03
 67  0.00752  1.28854e-03 | 68  0.00942  9.06976e-04 | 69  0.01168  1.01843e-03
 70  0.01428  2.04251e-03 | 71  0.01720  1.74843e-03 | 72  0.02036  1.78299e-03
 73  0.02365  1.67277e-03 | 74  0.02691  1.78280e-03 | 75  0.02993  1.75157e-03
 76  0.03247  2.23554e-03 | 77  0.03431  2.01903e-03 | 78  0.03533  1.98425e-03
 79  0.03550  2.13574e-03 | 80  0.03495  1.98164e-03 | 81  0.03379  2.58987e-03
 82  0.03209  2.39902e-03 | 83  0.02981  2.58786e-03 | 84  0.02684  2.52188e-03
 85  0.02314  2.66159e-03 | 86  0.01882  2.82129e-03 | 87  0.01426  2.78045e-03
 88  0.00994  2.65836e-03 | 89  0.00628  2.82098e-03 | 90  0.00338  2.57983e-03
 91  0.00108  2.63517e-03 | 92 -0.00099  6.20146e-04 | 93 -0.00289  3.17563e-04
 94 -0.00417  2.57029e-03 | 95 -0.00473  4.86838e-03 | 96 -0.00552  4.92100e-03
 97 -0.00500 -2.76675e-03 | 98 -0.00359 -9.90458e-04 | 99 -0.00101 -2.40555e-04
100 -0.00164  2.58280e-03 |101 -0.00324  6.70812e-04 |102 -0.00526 -3.32291e-03
103 -0.01298 -1.80356e-03 |104 -0.01294 -3.21007e-03 |105  0.00242 -3.50526e-03
106  0.00021 -4.93240e-03 |107 -0.02040 -4.48347e-03 |108 -0.00316 -3.77689e-03
109  0.05168 -9.25524e-03 |110  0.00927 -5.49303e-03 |111 -0.03060 -4.41774e-03
112 -0.01321 -5.54805e-03 |113  0.00072 -5.57894e-03 |114  0.01929 -4.56401e-03
115 -0.01202 -2.07679e-03 |116 -0.07336 -1.23941e-03 |117 -0.08826 -9.27162e-04
118 -0.08574 -9.76585e-04 |119 -0.04194  1.11234e-04 |120  0.06377  1.62657e-03
121  0.01906  1.19399e-03 |122  0.00644 -1.20866e-03 |123 -0.03641 -6.93132e-04
124 -0.07528  1.60059e-04 |125 -0.01793  7.09832e-04 |126 -0.00804  7.51937e-04
127 -0.03819  5.12135e-05 |128  0.01399  8.76565e-04 |129  0.06515 -8.70863e-04
130 -0.00059  1.91669e-03 |131  0.08092  9.96862e-04 |132  0.00528  1.33599e-03
133  0.13325 -1.71737e-03 |134 -0.00838  5.38521e-04 |135 -0.04986  8.58634e-04
136 -0.06045  5.27523e-04 |137 -0.02374 -2.51159e-04 |138  0.09405  5.48231e-04
139  0.03019  2.31335e-04 |140  0.01642 -8.50336e-05 |141 -0.02900 -1.88663e-04
142 -0.01734 -4.16457e-04 |143 -0.00766 -1.05476e-03 |144 -0.00045  3.86137e-04
145  0.38454 -1.34668e-03 |146  0.29170  2.21598e-03 |147 -0.16716  2.80957e-04
148 -0.06616 -3.53184e-04 |149 -0.12475 -6.08255e-04 |150 -0.59821  2.62082e-03
151 -0.47128 -2.13011e-04 |152  0.31142 -2.55848e-04 |153  0.04694 -1.76978e-03
154 -0.22822  4.56089e-04 |155  0.19263  1.07305e-03 |156  0.25949 -4.13067e-04
157  0.17856  1.15916e-03 |158  0.25383  5.86656e-04 |159  0.00294  1.59529e-04
160 -0.09392  1.01021e-02 |161  0.11630  2.36392e-04 |162  0.29685  1.36283e-03
163  0.17645 -1.93460e-03 |164  0.24699  1.76196e-03 |165 -0.34494 -1.70922e-04
166  0.24451 -8.04991e-05 |167  0.05173  2.82517e-04 |168 -0.18549  6.55490e-03
169  0.19449  5.31139e-04 |170  0.31431  7.51819e-05 |171  0.07925 -4.75117e-03
172 -0.54205 -3.92032e-05 |173 -0.36828  7.90147e-04 |174  0.24009 -1.60215e-03
175  0.07108  1.23586e-03 |176 -0.11311 -7.26457e-04 |177  0.17798 -1.70399e-02
178  0.17223 -5.12385e-03 |179 -0.03032  2.49425e-03 |180 -0.02051  1.29092e-03
181  0.35602  1.95896e-03 |182 -0.18726 -9.50114e-04 |183  0.20455 -1.62809e-03
184 -0.50515 -1.71465e-03 |185  0.02136  1.05262e-03 |186  0.38897 -2.61955e-04
187  0.01439 -3.48076e-04 |188 -0.14960 -7.07884e-04 |189  0.10149  2.04579e-02
190  0.16742  9.27325e-03 |191  0.21920 -7.87153e-03 |192  0.25677 -8.31821e-03
193  0.02336  2.31483e-02 |194 -0.01096 -1.26318e-03 |195 -0.17211  1.60350e-02
196 -0.11044  2.56239e-02 |197 -0.55331 -8.30893e-06 |198  0.17130  6.12460e-04
199  0.09372  2.54781e-03 |200 -0.25925 -3.11834e-04 |
200 variables; iteration 280; function evaluation 425; phase 4
Function value 7.2496063e+03; maximum gradient component mag 2.4844e+01
Var    Value     Gradient |Var    Value     Gradient |Var    Value     Gradient
  1 -0.42936  2.48438e+01 |  2  0.37321 -4.74642e+00 |  3 -0.12646 -1.42560e-01
  4 -0.01810 -4.14906e+00 |  5 -0.70145 -3.53350e-01 |  6 -0.60470  5.02118e+00
  7  0.37982 -4.71433e+00 |  8 -0.19084 -6.31530e+00 |  9  0.03145 -5.87869e+00
 10 -0.59424 -8.81490e-01 | 11 -0.62685 -1.04316e+00 | 12 -0.16261 -5.17535e+00
 13 -0.00596 -3.90900e-01 | 14 -0.00498 -1.23668e-01 | 15 -0.00736 -7.15529e-01
 16 -0.00599 -3.52192e-01 | 17 -0.00557 -2.30970e-01 | 18 -0.00766 -7.54070e-01
 19 -0.00556 -2.11658e-01 | 20 -0.00617 -3.62378e-01 | 21 -0.00584 -2.74714e-01
 22 -0.00583 -2.74322e-01 | 23 -0.00700 -5.78947e-01 | 24 -0.00550 -2.04462e-01
 25 -0.00701 -6.04833e-01 | 26 -0.00557 -2.53342e-01 | 27 -0.00653 -5.21155e-01
 28 -0.00525 -2.22929e-01 | 29 -0.00727 -7.71816e-01 | 30 -0.00575 -4.25570e-01
 31 -0.00700 -7.89263e-01 | 32 -0.00530 -4.07882e-01 | 33 -0.00593 -6.26384e-01
 34 -0.00549 -5.78970e-01 | 35 -0.00524 -5.88040e-01 | 36 -0.00529 -6.79387e-01
 37 -0.00489 -6.66151e-01 | 38 -0.00362 -4.41708e-01 | 39 -0.00369 -5.61325e-01
 40 -0.00389 -7.21649e-01 | 41 -0.00317 -6.60455e-01 | 42 -0.00290 -7.17585e-01
 43 -0.00211 -6.52208e-01 | 44 -0.00172 -6.88318e-01 | 45 -0.00083 -6.04433e-01
 46 -0.00105 -7.91501e-01 | 47 -0.00025 -7.30852e-01 | 48  0.00039 -7.00155e-01
 49  0.00055 -7.78691e-01 | 50  0.00106 -7.60488e-01 | 51  0.00157 -7.27788e-01
 52  0.00205 -6.87315e-01 | 53  0.00160 -8.46439e-01 | 54  0.00147 -9.12318e-01
 55  0.00197 -8.11882e-01 | 56  0.00214 -7.76122e-01 | 57  0.00195 -8.19492e-01
 58  0.00210 -7.80975e-01 | 59  0.00179 -8.58856e-01 | 60  0.00170 -8.98855e-01
 61  0.00222 -8.17150e-01 | 62  0.00240 -8.48523e-01 | 63  0.00272 -8.86504e-01
 64  0.00378 -8.00323e-01 | 65  0.00474 -7.93523e-01 | 66  0.00582 -8.25634e-01
 67  0.00765 -7.57295e-01 | 68  0.00940 -7.80268e-01 | 69  0.01166 -7.66122e-01
 70  0.01464 -6.69495e-01 | 71  0.01722 -7.21770e-01 | 72  0.02022 -7.29758e-01
 73  0.02359 -6.85825e-01 | 74  0.02684 -6.54342e-01 | 75  0.02960 -6.61105e-01
 76  0.03232 -5.77063e-01 | 77  0.03414 -5.21673e-01 | 78  0.03479 -5.16343e-01
 79  0.03486 -4.55902e-01 | 80  0.03465 -3.09370e-01 | 81  0.03363 -1.88315e-01
 82  0.03137 -1.88485e-01 | 83  0.02925 -4.95552e-02 | 84  0.02638  8.51333e-02
 85  0.02277  2.29374e-01 | 86  0.01878  4.24547e-01 | 87  0.01406  5.21621e-01
 88  0.00971  6.46854e-01 | 89  0.00601  7.78914e-01 | 90  0.00252  7.75256e-01
 91  0.00084  1.08900e+00 | 92 -0.00137  1.21655e+00 | 93 -0.00329  1.38910e+00
 94 -0.00486  1.50546e+00 | 95 -0.00473  1.90727e+00 | 96 -0.00643  1.87449e+00
 97 -0.00512  2.33090e+00 | 98 -0.00434  2.43388e+00 | 99 -0.00184  2.73199e+00
100 -0.00166  3.22350e+00 |101 -0.00355  3.38486e+00 |102 -0.00597  3.49254e+00
103 -0.01340  3.61635e+00 |104 -0.01347  3.82409e+00 |105  0.00187  4.54489e+00
106 -0.00031  4.60711e+00 |107 -0.02081  3.97064e+00 |108 -0.00382  4.39121e+00
109  0.05114  6.53514e+00 |110  0.00874  4.33981e+00 |111 -0.03097  2.90725e+00
112 -0.01353  2.97775e+00 |113  0.00027  2.71350e+00 |114  0.01886  2.42979e+00
115 -0.01229  1.30175e+00 |116 -0.07358  3.95205e-01 |117 -0.08851 -5.61857e-02
118 -0.08583 -4.52004e-01 |119 -0.04203 -1.33971e+00 |120  0.06430 -4.47147e+00
121  0.01989 -3.86998e+00 |122  0.00737 -3.88371e+00 |123 -0.03546 -2.88723e+00
124 -0.07436 -2.04575e+00 |125 -0.01685 -2.97971e+00 |126 -0.00690 -2.71422e+00
127 -0.03753 -1.65706e+00 |128  0.01473 -1.63968e+00 |129  0.06569 -1.54999e+00
130 -0.00026 -4.89751e-01 |131  0.08135 -4.04852e-01 |132  0.00557 -5.04673e-02
133  0.13345 -1.15095e-01 |134 -0.00809  5.62962e-02 |135 -0.04982 -1.43192e-02
136 -0.06033  6.44353e-03 |137 -0.02364 -4.73646e-03 |138  0.09439  2.53445e-02
139  0.03038  3.34257e-02 |140  0.01663  3.56276e-02 |141 -0.02883  5.25217e-02
142 -0.01713  4.47899e-02 |143 -0.00787 -5.47482e-02 |144 -0.00050 -1.27064e-02
145  0.38325  8.72821e-01 |146  0.29118  1.91831e+00 |147 -0.19961 -1.36878e+01
148 -0.23570  5.48569e-04 |149 -0.11167 -9.68928e-02 |150 -1.53277 -1.27310e-01
151 -0.47125 -3.47686e-02 |152  0.31170 -1.11953e-03 |153  0.04701 -1.48427e-01
154 -0.22810  1.30843e-01 |155  0.19214  4.78927e+00 |156  0.25945 -7.13405e+00
157  0.17833  2.27648e+00 |158  0.25385 -2.84695e+00 |159  0.00303  4.50013e-01
160 -0.09403  4.67438e-02 |161  0.11588  2.10915e+00 |162  0.29686 -4.16757e+00
163  0.17600  1.92061e+00 |164  0.24691 -2.93598e+00 |165 -0.34464  2.19923e-03
166  0.24458  1.62005e-01 |167  0.05181  1.95804e-01 |168 -0.18566  2.83857e+00
169  0.19357  5.23049e-01 |170  0.31406 -4.85615e-01 |171  0.07923  2.55443e+00
172 -0.55956 -1.18054e-03 |173 -0.36989 -3.14823e-02 |174  0.23957 -3.09654e-01
175  0.07172 -7.37616e-01 |176 -0.11308  1.68354e+00 |177  0.20290 -2.40597e+01
178  0.21611  2.46305e-02 |179 -0.62083 -4.63573e-03 |180 -0.56978 -3.91862e-03
181  0.34867  1.91617e-03 |182 -0.81079 -1.02563e-02 |183  0.87818  1.62117e-02
184 -0.56063 -3.06335e-03 |185  0.02114  7.22294e-01 |186  0.38849 -3.47575e-01
187  0.01441  5.77501e-01 |188 -0.14980  5.37011e-01 |189  0.10121  1.59674e+01
190  0.16721  1.50600e+01 |191  0.21910 -9.42589e+00 |192  0.25679 -1.77967e+01
193  0.02342  1.09414e+01 |194 -0.01081  3.59744e+00 |195 -0.17236  5.30477e+00
196 -0.11054  4.99872e-01 |197 -0.55382  3.77004e-01 |198  0.17118  7.74604e-02
199  0.09383  5.26201e+00 |200 -0.25966  1.50206e+00 |
200 variables; iteration 300; function evaluation 451; phase 4
Function value 7.2493234e+03; maximum gradient component mag 3.9778e-01
Var    Value     Gradient |Var    Value     Gradient |Var    Value     Gradient
  1 -0.43005  3.97781e-01 |  2  0.37340  2.01012e-02 |  3 -0.12635  1.31994e-01
  4 -0.01863  8.18754e-02 |  5 -0.70086  1.34215e-02 |  6 -0.60471  9.70404e-02
  7  0.37987  1.77342e-02 |  8 -0.19111  7.27939e-02 |  9  0.03148  3.90641e-02
 10 -0.59417  4.57718e-03 | 11 -0.62682  2.02049e-02 | 12 -0.16598 -2.61141e-01
 13 -0.00522 -1.19647e-02 | 14 -0.00517  2.58351e-02 | 15 -0.00547 -2.98318e-02
 16 -0.00547 -8.77643e-03 | 17 -0.00543  1.92577e-02 | 18 -0.00570 -3.42161e-02
 19 -0.00560  6.12971e-03 | 20 -0.00563  1.13312e-02 | 21 -0.00571 -1.30681e-03
 22 -0.00567  1.38031e-02 | 23 -0.00579 -1.45211e-02 | 24 -0.00574 -2.84415e-03
 25 -0.00575 -1.19166e-02 | 26 -0.00562  1.21332e-02 | 27 -0.00563 -5.14279e-03
 28 -0.00550  8.14774e-03 | 29 -0.00549 -1.38613e-02 | 30 -0.00532 -2.58783e-03
 31 -0.00523 -1.50223e-02 | 32 -0.00506 -1.54445e-02 | 33 -0.00482 -4.28522e-04
 34 -0.00467 -1.68412e-02 | 35 -0.00437 -1.60461e-04 | 36 -0.00414 -9.60120e-03
 37 -0.00386 -1.44561e-02 | 38 -0.00353 -1.48428e-02 | 39 -0.00322 -2.76308e-02
 40 -0.00269  6.04285e-03 | 41 -0.00234 -1.10990e-02 | 42 -0.00186 -8.30042e-04
 43 -0.00145 -1.49585e-02 | 44 -0.00092 -1.84705e-03 | 45 -0.00050 -1.74401e-02
 46  0.00002 -1.01411e-02 | 47  0.00047 -1.73484e-02 | 48  0.00097 -5.15189e-03
 49  0.00138 -5.78481e-03 | 50  0.00174 -9.65551e-03 | 51  0.00205 -8.33038e-03
 52  0.00227 -1.31326e-02 | 53  0.00250  4.60693e-03 | 54  0.00256 -1.10060e-03
 55  0.00254 -1.06433e-02 | 56  0.00251 -1.04520e-02 | 57  0.00238 -2.68972e-02
 58  0.00239 -1.13813e-02 | 59  0.00238 -8.28875e-03 | 60  0.00244 -4.73667e-03
 61  0.00250 -2.38981e-02 | 62  0.00289  1.62150e-03 | 63  0.00332 -6.14576e-03
 64  0.00398 -8.74532e-03 | 65  0.00488 -1.08929e-02 | 66  0.00609 -9.34947e-03
 67  0.00760 -1.03342e-02 | 68  0.00946 -7.47838e-03 | 69  0.01164 -9.31624e-03
 70  0.01414 -1.57790e-02 | 71  0.01700 -8.58558e-03 | 72  0.02006 -8.84057e-03
 73  0.02324 -1.05026e-02 | 74  0.02638 -1.07279e-02 | 75  0.02928 -9.15082e-03
 76  0.03169 -9.03918e-03 | 77  0.03341 -8.86434e-03 | 78  0.03432 -5.96710e-03
 79  0.03438 -6.60084e-03 | 80  0.03374 -5.99370e-03 | 81  0.03248 -9.38135e-03
 82  0.03075 -1.20016e-03 | 83  0.02838 -5.50814e-03 | 84  0.02537 -2.57504e-03
 85  0.02159 -5.37431e-03 | 86  0.01722 -7.25248e-03 | 87  0.01265 -2.64555e-03
 88  0.00831 -3.79635e-04 | 89  0.00462 -1.31278e-04 | 90  0.00176  1.00319e-02
 91 -0.00062 -5.59984e-03 | 92 -0.00263  6.18486e-03 | 93 -0.00451  7.10177e-03
 94 -0.00574  1.14384e-02 | 95 -0.00631 -3.14519e-03 | 96 -0.00693  1.93227e-02
 97 -0.00633  1.32011e-02 | 98 -0.00484  1.28799e-02 | 99 -0.00218  1.47830e-02
100 -0.00274  5.55480e-03 |101 -0.00417  2.04492e-02 |102 -0.00608  2.35085e-02
103 -0.01373  1.67125e-02 |104 -0.01366  2.20753e-02 |105  0.00158  2.52181e-02
106 -0.00062  2.59133e-02 |107 -0.02113  2.43404e-02 |108 -0.00402  2.75903e-02
109  0.05019  3.66033e-02 |110  0.00806  1.90848e-02 |111 -0.03170  1.24411e-02
112 -0.01456  5.87086e-03 |113 -0.00072 -2.18304e-03 |114  0.01750 -1.51535e-02
115 -0.01378 -2.20186e-02 |116 -0.07487 -1.86481e-02 |117 -0.08975 -1.39313e-02
118 -0.08705 -1.30718e-02 |119 -0.04304 -2.79446e-03 |120  0.06358  2.60558e-02
121  0.01959  3.62751e-02 |122  0.00718  4.56739e-02 |123 -0.03549  3.68000e-02
124 -0.07437  2.60769e-02 |125 -0.01697  4.32454e-02 |126 -0.00723  3.36138e-02
127 -0.03793  2.59070e-02 |128  0.01396  1.64019e-02 |129  0.06486  1.53218e-02
130 -0.00102  8.42881e-04 |131  0.08053 -2.08363e-03 |132  0.00501 -5.84150e-03
133  0.13290 -1.00958e-02 |134 -0.00854 -4.64082e-03 |135 -0.05003  1.53953e-03
136 -0.06050  1.63144e-03 |137 -0.02376 -1.57732e-03 |138  0.09422 -4.23166e-03
139  0.03008 -2.58459e-04 |140  0.01648 -4.40328e-03 |141 -0.02906 -1.36182e-03
142 -0.01721 -1.51963e-03 |143 -0.00778  6.56313e-03 |144 -0.00046 -1.32438e-03
145  0.38906  1.61208e-02 |146  0.29569 -2.61193e-02 |147 -0.17043 -7.05165e-02
148 -0.00810  1.33780e-04 |149 -0.46890 -2.84874e-03 |150 -1.15808  1.20590e-02
151 -0.47195  2.62342e-03 |152  0.31139 -3.07276e-03 |153  0.04726  2.72508e-03
154 -0.22777 -1.10193e-03 |155  0.19255 -5.59765e-02 |156  0.25937  7.08589e-02
157  0.17837 -2.76489e-02 |158  0.25376  3.03424e-02 |159  0.00304 -9.24856e-03
160 -0.09391 -4.76861e-02 |161  0.11609 -2.97058e-02 |162  0.29669  4.43459e-02
163  0.17634 -2.02894e-02 |164  0.24696  3.87698e-02 |165 -0.34452  3.32435e-04
166  0.24453 -3.85742e-03 |167  0.05166  2.55995e-03 |168 -0.18555  6.60639e-02
169  0.19363  1.11414e-02 |170  0.31425 -8.37026e-03 |171  0.07935  3.41259e-02
172 -0.54975 -6.01686e-04 |173 -0.36870  9.55170e-03 |174  0.23996 -1.92168e-02
175  0.07121  1.02319e-02 |176 -0.11244  4.09519e-02 |177  0.21721 -3.47529e-02
178  0.17411  1.42317e-02 |179 -0.64891 -5.10693e-03 |180 -0.53653 -3.52456e-03
181 -0.31109 -1.67031e-03 |182 -0.16765  3.37440e-03 |183  0.59781  4.29237e-03
184 -0.46632  1.41493e-03 |185  0.02145  6.70534e-03 |186  0.38801 -8.61646e-03
187  0.01427  4.32426e-03 |188 -0.14963  6.92358e-03 |189  0.10141  1.42117e-01
190  0.16728 -1.71970e-01 |191  0.21919 -9.95439e-02 |192  0.25674  2.12491e-01
193  0.02335  8.87327e-02 |194 -0.01086 -3.49090e-02 |195 -0.17212  3.10936e-02
196 -0.11043 -1.11026e-01 |197 -0.55376 -6.76966e-03 |198  0.17119 -1.51632e-03
199  0.09406 -6.58667e-02 |200 -0.26048 -2.18099e-02 |
200 variables; iteration 320; function evaluation 476; phase 4
Function value 7.2493201e+03; maximum gradient component mag 1.5159e+00
Var    Value     Gradient |Var    Value     Gradient |Var    Value     Gradient
  1 -0.43005 -8.23460e-01 |  2  0.37340 -4.21290e-02 |  3 -0.12635 -3.21277e-01
  4 -0.01863 -1.23446e-01 |  5 -0.70086  7.27049e-04 |  6 -0.60471 -6.87328e-03
  7  0.37987 -8.69271e-03 |  8 -0.19112 -1.59051e-01 |  9  0.03148 -4.44579e-02
 10 -0.59417  1.14818e-02 | 11 -0.62682 -1.91227e-01 | 12 -0.16598  1.51594e+00
 13 -0.00520  3.91751e-03 | 14 -0.00527  1.04709e-02 | 15 -0.00539  1.18997e-03
 16 -0.00546  4.78755e-03 | 17 -0.00551  1.12323e-02 | 18 -0.00561  3.15055e-03
 19 -0.00565  8.07103e-03 | 20 -0.00567  1.30676e-02 | 21 -0.00572  9.29758e-03
 22 -0.00573  1.34946e-02 | 23 -0.00577  5.98745e-03 | 24 -0.00574  1.19653e-02
 25 -0.00574  7.08445e-03 | 26 -0.00568  1.40553e-02 | 27 -0.00563  1.15436e-02
 28 -0.00554  1.52014e-02 | 29 -0.00547  6.60172e-03 | 30 -0.00533  1.42158e-02
 31 -0.00522  4.31683e-03 | 32 -0.00501  1.63683e-02 | 33 -0.00486  9.48075e-03
 34 -0.00462  1.51020e-02 | 35 -0.00440  1.07176e-02 | 36 -0.00412  1.51709e-02
 37 -0.00383  1.49747e-02 | 38 -0.00349  1.82682e-02 | 39 -0.00313  1.77492e-02
 40 -0.00276  1.31011e-02 | 41 -0.00233  1.58739e-02 | 42 -0.00190  1.55462e-02
 43 -0.00142  1.89590e-02 | 44 -0.00095  1.74824e-02 | 45 -0.00045  2.06449e-02
 46  0.00003  1.97410e-02 | 47  0.00051  2.17253e-02 | 48  0.00095  1.97290e-02
 49  0.00137  2.19166e-02 | 50  0.00174  2.30147e-02 | 51  0.00204  2.28297e-02
 52  0.00229  2.63157e-02 | 53  0.00242  2.17794e-02 | 54  0.00251  2.36379e-02
 55  0.00254  2.77918e-02 | 56  0.00251  2.88084e-02 | 57  0.00245  2.86848e-02
 58  0.00240  3.14037e-02 | 59  0.00237  3.09328e-02 | 60  0.00241  3.11027e-02
 61  0.00257  3.55144e-02 | 62  0.00284  3.39533e-02 | 63  0.00330  3.68331e-02
 64  0.00397  3.82442e-02 | 65  0.00489  4.18445e-02 | 66  0.00608  4.09605e-02
 67  0.00760  4.49947e-02 | 68  0.00945  4.74125e-02 | 69  0.01164  4.99944e-02
 70  0.01417  5.56390e-02 | 71  0.01701  5.94019e-02 | 72  0.02005  5.93710e-02
 73  0.02324  6.40401e-02 | 74  0.02638  6.84508e-02 | 75  0.02927  7.16308e-02
 76  0.03170  7.84639e-02 | 77  0.03340  8.00933e-02 | 78  0.03430  8.42910e-02
 79  0.03436  8.60667e-02 | 80  0.03372  8.91175e-02 | 81  0.03249  9.36110e-02
 82  0.03071  9.37357e-02 | 83  0.02838  9.62178e-02 | 84  0.02535  9.70457e-02
 85  0.02160  9.73477e-02 | 86  0.01725  9.81790e-02 | 87  0.01266  9.65729e-02
 88  0.00831  9.49094e-02 | 89  0.00463  9.44458e-02 | 90  0.00171  8.83377e-02
 91 -0.00058  9.15603e-02 | 92 -0.00265  8.49300e-02 | 93 -0.00451  8.31163e-02
 94 -0.00576  7.65175e-02 | 95 -0.00627  7.14799e-02 | 96 -0.00698  6.13254e-02
 97 -0.00634  5.42464e-02 | 98 -0.00485  4.32373e-02 | 99 -0.00219  2.79748e-02
100 -0.00269  1.42366e-02 |101 -0.00418 -9.43259e-03 |102 -0.00610 -3.33191e-02
103 -0.01372 -5.85414e-02 |104 -0.01367 -8.92303e-02 |105  0.00159 -1.34056e-01
106 -0.00062 -1.66369e-01 |107 -0.02113 -1.68520e-01 |108 -0.00403 -2.20504e-01
109  0.05020 -3.61193e-01 |110  0.00806 -2.72640e-01 |111 -0.03170 -1.98306e-01
112 -0.01456 -2.19067e-01 |113 -0.00072 -2.24434e-01 |114  0.01750 -2.22370e-01
115 -0.01376 -1.38642e-01 |116 -0.07486 -6.36013e-02 |117 -0.08975 -3.81958e-02
118 -0.08704 -2.15553e-02 |119 -0.04303 -1.03078e-02 |120  0.06358  5.06452e-03
121  0.01958  1.25080e-02 |122  0.00716  1.32672e-02 |123 -0.03551  1.01441e-02
124 -0.07438  9.38725e-03 |125 -0.01699  1.68387e-02 |126 -0.00723  1.64187e-02
127 -0.03796  1.10474e-02 |128  0.01396  1.40293e-02 |129  0.06485  1.37265e-02
130 -0.00101  6.74502e-03 |131  0.08053  8.68483e-03 |132  0.00502  3.39202e-03
133  0.13291  7.63985e-04 |134 -0.00853  1.65642e-03 |135 -0.05004 -7.69896e-04
136 -0.06051  3.91340e-04 |137 -0.02376 -4.09720e-04 |138  0.09423  8.50320e-04
139  0.03008  1.19355e-03 |140  0.01649  9.61694e-05 |141 -0.02905  2.15998e-03
142 -0.01720  1.27598e-03 |143 -0.00780  6.04227e-04 |144 -0.00045  1.61540e-04
145  0.38906  1.14520e-02 |146  0.29570 -2.06373e-02 |147 -0.17685 -5.71443e-03
148 -0.28531 -1.51050e-03 |149 -0.50113 -3.15276e-03 |150 -1.33597  1.11957e-03
151 -0.47191 -9.97715e-05 |152  0.31142 -1.40381e-04 |153  0.04725 -2.53387e-03
154 -0.22776 -5.20427e-04 |155  0.19257 -8.98895e-03 |156  0.25937  2.34671e-02
157  0.17839  1.98333e-02 |158  0.25377 -5.94703e-03 |159  0.00302  8.93294e-03
160 -0.09390  7.85371e-02 |161  0.11612  1.69342e-02 |162  0.29670 -4.96138e-04
163  0.17634  2.20353e-02 |164  0.24695 -1.61526e-02 |165 -0.34452 -2.01310e-04
166  0.24454  4.08694e-03 |167  0.05167  9.85170e-03 |168 -0.18555  4.71624e-02
169  0.19361  3.47251e-03 |170  0.31424 -4.49648e-03 |171  0.07935  2.50028e-02
172 -0.54358 -1.28386e-04 |173 -0.36871 -1.15435e-04 |174  0.23996  7.45633e-04
175  0.07120  5.04218e-03 |176 -0.11244 -2.32778e-02 |177  0.21734 -3.31141e-02
178  0.15645  3.02262e-02 |179 -0.26247 -1.37398e-03 |180 -0.33429 -1.82011e-03
181  0.28076  1.48255e-03 |182 -0.12376  9.42817e-03 |183  0.40143  2.27513e-03
184 -0.48793 -5.90110e-04 |185  0.02146 -1.37692e-02 |186  0.38802  1.19855e-02
187  0.01426 -9.85930e-03 |188 -0.14963 -1.05478e-02 |189  0.10142  1.22030e-01
190  0.16729  4.39220e-02 |191  0.21919  4.74152e-02 |192  0.25674  2.93944e-02
193  0.02335  2.73689e-01 |194 -0.01087  4.16113e-02 |195 -0.17211  2.58246e-01
196 -0.11043  5.16736e-01 |197 -0.55372 -7.57974e-03 |198  0.17120  6.40583e-04
199  0.09405 -8.50686e-02 |200 -0.26046 -1.70242e-02 |
200 variables; iteration 340; function evaluation 501; phase 4
Function value 7.2493185e+03; maximum gradient component mag 1.7131e-01
Var    Value     Gradient |Var    Value     Gradient |Var    Value     Gradient
  1 -0.43008  1.71307e-01 |  2  0.37345 -1.74585e-02 |  3 -0.12633  2.53554e-02
  4 -0.01876 -4.18279e-03 |  5 -0.70083 -1.35001e-03 |  6 -0.60469  2.12692e-02
  7  0.37995 -1.64603e-02 |  8 -0.19116 -2.72150e-02 |  9  0.03135 -2.45686e-02
 10 -0.59425 -2.25084e-03 | 11 -0.62676  7.82643e-03 | 12 -0.16674 -1.07744e-01
 13 -0.00518 -1.02502e-03 | 14 -0.00525  2.55510e-03 | 15 -0.00537 -4.04944e-03
 16 -0.00543 -5.24916e-04 | 17 -0.00550  8.53208e-04 | 18 -0.00559 -5.52731e-03
 19 -0.00562  1.54963e-03 | 20 -0.00567 -1.84156e-03 | 21 -0.00571 -2.02742e-03
 22 -0.00572 -4.13128e-04 | 23 -0.00574 -2.10191e-03 | 24 -0.00574 -3.43815e-03
 25 -0.00571 -2.22197e-03 | 26 -0.00567 -1.11780e-03 | 27 -0.00562 -3.22240e-03
 28 -0.00554 -2.35035e-03 | 29 -0.00544 -2.54652e-03 | 30 -0.00532 -4.03365e-03
 31 -0.00517 -4.70538e-04 | 32 -0.00503 -7.21462e-03 | 33 -0.00482 -1.29748e-03
 34 -0.00462 -6.03668e-03 | 35 -0.00437 -8.18173e-04 | 36 -0.00412 -5.37254e-03
 37 -0.00381 -4.10303e-03 | 38 -0.00350 -7.19852e-03 | 39 -0.00313 -6.43565e-03
 40 -0.00272 -5.52921e-04 | 41 -0.00231 -1.97480e-03 | 42 -0.00187 -2.03963e-03
 43 -0.00142 -5.35235e-03 | 44 -0.00093 -2.46661e-03 | 45 -0.00046 -6.79705e-03
 46  0.00004 -4.48151e-03 | 47  0.00050 -7.51319e-03 | 48  0.00097 -2.25727e-03
 49  0.00138 -4.22694e-03 | 50  0.00174 -4.73564e-03 | 51  0.00205 -4.32130e-03
 52  0.00227 -6.75003e-03 | 53  0.00246 -8.47172e-04 | 54  0.00253 -1.93715e-03
 55  0.00253 -5.04661e-03 | 56  0.00250 -4.89292e-03 | 57  0.00242 -8.15597e-03
 58  0.00238 -5.28848e-03 | 59  0.00236 -4.33172e-03 | 60  0.00239 -4.67806e-03
 61  0.00253 -7.19369e-03 | 62  0.00282 -4.34679e-03 | 63  0.00327 -6.32503e-03
 64  0.00393 -6.25359e-03 | 65  0.00484 -8.79373e-03 | 66  0.00605 -5.65417e-03
 67  0.00755 -7.33081e-03 | 68  0.00940 -5.87786e-03 | 69  0.01159 -6.82031e-03
 70  0.01408 -1.26594e-02 | 71  0.01692 -1.07648e-02 | 72  0.01999 -7.76935e-03
 73  0.02317 -8.22353e-03 | 74  0.02631 -9.14217e-03 | 75  0.02921 -7.56785e-03
 76  0.03160 -1.05994e-02 | 77  0.03332 -8.25169e-03 | 78  0.03421 -8.31483e-03
 79  0.03428 -7.41668e-03 | 80  0.03364 -6.46696e-03 | 81  0.03237 -1.04788e-02
 82  0.03062 -6.46144e-03 | 83  0.02825 -9.61027e-03 | 84  0.02523 -7.78576e-03
 85  0.02146 -9.37603e-03 | 86  0.01709 -9.63076e-03 | 87  0.01250 -8.38109e-03
 88  0.00815 -7.57211e-03 | 89  0.00444 -8.26321e-03 | 90  0.00155 -1.32436e-03
 91 -0.00079 -6.83671e-03 | 92 -0.00283  2.01038e-04 | 93 -0.00472 -8.36453e-04
 94 -0.00596  3.77079e-04 | 95 -0.00647  1.20454e-03 | 96 -0.00714  4.96172e-03
 97 -0.00648  5.21772e-03 | 98 -0.00496  5.53783e-03 | 99 -0.00225  9.52515e-03
100 -0.00272  7.53201e-03 |101 -0.00409  1.54714e-02 |102 -0.00592  1.98209e-02
103 -0.01346  2.04236e-02 |104 -0.01333  2.35879e-02 |105  0.00204  3.09917e-02
106 -0.00010  3.41764e-02 |107 -0.02063  3.35094e-02 |108 -0.00346  4.21344e-02
109  0.05095  6.05636e-02 |110  0.00858  4.49695e-02 |111 -0.03126  3.17965e-02
112 -0.01409  3.59205e-02 |113 -0.00032  3.44926e-02 |114  0.01782  3.19513e-02
115 -0.01366  1.86614e-02 |116 -0.07483  8.30094e-03 |117 -0.08977  4.27907e-03
118 -0.08712  2.95368e-04 |119 -0.04313 -3.51022e-03 |120  0.06341 -1.77810e-02
121  0.01942 -1.60679e-02 |122  0.00698 -1.50011e-02 |123 -0.03568 -1.19462e-02
124 -0.07451 -8.54279e-03 |125 -0.01718 -1.20700e-02 |126 -0.00743 -1.30239e-02
127 -0.03813 -6.32503e-03 |128  0.01374 -8.44019e-03 |129  0.06465 -8.66775e-03
130 -0.00118 -4.68448e-03 |131  0.08038 -1.78492e-03 |132  0.00494 -1.00079e-03
133  0.13282 -1.53213e-03 |134 -0.00862 -6.54766e-04 |135 -0.05008 -1.84936e-04
136 -0.06055 -7.32814e-04 |137 -0.02378 -1.10488e-03 |138  0.09420 -1.07230e-03
139  0.03004  1.62182e-03 |140  0.01647 -2.21297e-03 |141 -0.02906  1.86462e-03
142 -0.01720  9.33819e-04 |143 -0.00783  6.15293e-04 |144 -0.00046 -5.66993e-04
145  0.39003  2.20901e-03 |146  0.29657  5.02122e-02 |147 -0.17755 -4.93874e-03
148 -0.27664 -1.45816e-03 |149 -0.46428 -2.80743e-03 |150 -1.30642  3.32247e-03
151 -0.47190 -1.81782e-03 |152  0.31139  4.90744e-04 |153  0.04724 -2.26814e-03
154 -0.22766 -2.13811e-04 |155  0.19276  2.18633e-02 |156  0.25938 -3.20494e-02
157  0.17852  4.93229e-03 |158  0.25378 -6.95481e-03 |159  0.00298  1.32535e-03
160 -0.09387 -9.07679e-05 |161  0.11629  5.95175e-03 |162  0.29669 -1.85405e-02
163  0.17655  2.54233e-03 |164  0.24698 -6.95391e-03 |165 -0.34463 -1.11809e-03
166  0.24454  4.20592e-03 |167  0.05156  4.72078e-04 |168 -0.18539  1.51103e-02
169  0.19446 -5.68317e-04 |170  0.31447 -3.69598e-03 |171  0.07938  1.53867e-02
172 -0.54266 -6.65450e-05 |173 -0.36836 -1.01272e-03 |174  0.24007  2.73158e-04
175  0.07099 -3.12843e-03 |176 -0.11232  9.80350e-03 |177  0.21707 -3.65803e-02
178  0.15302  3.43728e-02 |179 -0.12087 -6.03749e-04 |180 -0.22674 -1.46265e-03
181  0.34190  1.87031e-03 |182 -0.16108 -8.32696e-04 |183  0.33762  1.75820e-03
184 -0.44475  1.90387e-03 |185  0.02168  6.31854e-03 |186  0.38808 -3.39709e-03
187  0.01420  6.93775e-03 |188 -0.14950  6.29369e-03 |189  0.10161  7.31399e-02
190  0.16735  6.07530e-02 |191  0.21923 -4.71320e-02 |192  0.25672 -7.13128e-02
193  0.02331  3.11299e-02 |194 -0.01088  3.16573e-03 |195 -0.17199  3.65819e-03
196 -0.11041 -3.36385e-02 |197 -0.55365  1.14357e-02 |198  0.17123  1.77714e-03
199  0.09421  1.59184e-01 |200 -0.26092  3.51744e-02 |
200 variables; iteration 360; function evaluation 522; phase 4
Function value 7.2493177e+03; maximum gradient component mag -3.2493e-01
Var    Value     Gradient |Var    Value     Gradient |Var    Value     Gradient
  1 -0.43008 -1.43687e-01 |  2  0.37345  5.14542e-03 |  3 -0.12633 -4.10095e-02
  4 -0.01875 -1.93086e-02 |  5 -0.70083 -3.28783e-03 |  6 -0.60469 -1.46021e-02
  7  0.37994  2.73333e-03 |  8 -0.19116 -1.50985e-02 |  9  0.03135 -9.15048e-03
 10 -0.59425  1.67040e-03 | 11 -0.62677 -2.30034e-02 | 12 -0.16671  1.81730e-01
 13 -0.00517  3.63655e-03 | 14 -0.00526  2.80101e-03 | 15 -0.00535  1.81662e-03
 16 -0.00543  3.39736e-03 | 17 -0.00551  1.86174e-03 | 18 -0.00557  1.29604e-03
 19 -0.00562  4.94270e-03 | 20 -0.00568  2.39605e-04 | 21 -0.00571  9.29194e-04
 22 -0.00573  1.81241e-03 | 23 -0.00573  3.52506e-03 | 24 -0.00574  1.61658e-04
 25 -0.00571  2.95371e-03 | 26 -0.00567  1.43087e-03 | 27 -0.00561  1.81181e-03
 28 -0.00554  6.22599e-04 | 29 -0.00543  3.33353e-03 | 30 -0.00532  6.19371e-04
 31 -0.00515  7.03285e-03 | 32 -0.00502 -1.63803e-03 | 33 -0.00482  3.00959e-03
 34 -0.00462  1.13990e-03 | 35 -0.00437  4.10924e-03 | 36 -0.00411  4.22526e-04
 37 -0.00380  4.36507e-03 | 38 -0.00349 -9.71438e-04 | 39 -0.00311  4.09240e-03
 40 -0.00273  3.74289e-03 | 41 -0.00230  7.15701e-03 | 42 -0.00187  4.43808e-03
 43 -0.00141  3.28372e-03 | 44 -0.00093  4.24872e-03 | 45 -0.00045  9.35789e-04
 46  0.00004  4.07793e-03 | 47  0.00051  1.09324e-03 | 48  0.00098  6.03274e-03
 49  0.00138  3.87474e-03 | 50  0.00175  4.56345e-03 | 51  0.00205  3.98315e-03
 52  0.00227  2.02654e-03 | 53  0.00245  6.93974e-03 | 54  0.00254  7.51862e-03
 55  0.00254  5.38603e-03 | 56  0.00251  5.71848e-03 | 57  0.00244  3.92670e-03
 58  0.00238  5.84844e-03 | 59  0.00236  6.57598e-03 | 60  0.00239  5.00862e-03
 61  0.00255  7.55838e-03 | 62  0.00281  4.88918e-03 | 63  0.00327  4.10370e-03
 64  0.00394  5.24154e-03 | 65  0.00484  2.44573e-03 | 66  0.00605  6.96660e-03
 67  0.00755  4.84558e-03 | 68  0.00940  6.69329e-03 | 69  0.01159  6.88356e-03
 70  0.01408  3.74382e-04 | 71  0.01692  2.70957e-03 | 72  0.02000  7.33195e-03
 73  0.02317  7.67703e-03 | 74  0.02631  7.54929e-03 | 75  0.02921  9.82399e-03
 76  0.03160  6.50144e-03 | 77  0.03333  9.98182e-03 | 78  0.03422  1.10291e-02
 79  0.03429  1.20444e-02 | 80  0.03364  1.21629e-02 | 81  0.03238  8.24961e-03
 82  0.03062  1.21908e-02 | 83  0.02826  9.06350e-03 | 84  0.02523  9.57483e-03
 85  0.02146  7.61327e-03 | 86  0.01709  6.18147e-03 | 87  0.01250  5.94132e-03
 88  0.00815  5.68762e-03 | 89  0.00445  3.90504e-03 | 90  0.00156  1.02944e-02
 91 -0.00078  4.41384e-03 | 92 -0.00282  1.05307e-02 | 93 -0.00471  6.70450e-03
 94 -0.00596  6.02828e-03 | 95 -0.00645  7.70483e-03 | 96 -0.00714  6.39083e-03
 97 -0.00648  5.48465e-03 | 98 -0.00496  2.70218e-03 | 99 -0.00224  3.38367e-03
100 -0.00272 -3.91220e-03 |101 -0.00411 -1.85021e-03 |102 -0.00593 -2.30062e-03
103 -0.01348 -5.43835e-03 |104 -0.01334 -8.42946e-03 |105  0.00202 -1.44242e-02
106 -0.00013 -1.88422e-02 |107 -0.02067 -2.02484e-02 |108 -0.00349 -2.49367e-02
109  0.05089 -5.00216e-02 |110  0.00854 -3.49151e-02 |111 -0.03130 -2.72450e-02
112 -0.01413 -2.85902e-02 |113 -0.00035 -2.89451e-02 |114  0.01778 -3.03132e-02
115 -0.01367 -1.90951e-02 |116 -0.07483 -5.37813e-03 |117 -0.08978 -6.34375e-04
118 -0.08712  9.22513e-04 |119 -0.04313  6.50808e-05 |120  0.06340 -3.65914e-03
121  0.01942 -1.07707e-03 |122  0.00698  3.30910e-03 |123 -0.03568  3.07490e-03
124 -0.07451  1.93684e-03 |125 -0.01718  1.55784e-03 |126 -0.00743  1.92418e-03
127 -0.03813  2.56376e-03 |128  0.01374  1.55530e-04 |129  0.06466  1.98534e-03
130 -0.00118 -2.20488e-03 |131  0.08038  8.78017e-04 |132  0.00494 -8.85324e-04
133  0.13283  4.21562e-03 |134 -0.00862 -1.01650e-03 |135 -0.05008  2.67572e-04
136 -0.06054 -1.53834e-04 |137 -0.02377  9.74894e-04 |138  0.09420 -6.58525e-04
139  0.03003 -8.69501e-05 |140  0.01648  1.94558e-04 |141 -0.02906  1.49958e-05
142 -0.01720  5.94718e-04 |143 -0.00783  1.04625e-05 |144 -0.00046 -2.29636e-04
145  0.39002 -2.47969e-03 |146  0.29653  3.61370e-02 |147 -0.17437 -1.21548e-02
148 -0.12427 -6.21179e-04 |149 -0.42524 -2.47856e-03 |150 -1.34624  4.78100e-05
151 -0.47190 -9.18413e-04 |152  0.31138  3.94923e-04 |153  0.04724  5.57907e-04
154 -0.22767 -1.58862e-03 |155  0.19275 -8.97493e-03 |156  0.25937  2.02651e-02
157  0.17851  2.21460e-03 |158  0.25378  5.17818e-03 |159  0.00299  7.89715e-03
160 -0.09388  1.11089e-02 |161  0.11627 -1.11283e-03 |162  0.29669 -1.53979e-03
163  0.17654  7.94639e-03 |164  0.24698 -5.44193e-03 |165 -0.34462 -5.99595e-04
166  0.24454  1.09798e-03 |167  0.05157 -4.38905e-03 |168 -0.18540 -1.67505e-02
169  0.19441 -1.57535e-03 |170  0.31446  1.85911e-03 |171  0.07938  2.69338e-03
172 -0.54261 -6.25039e-05 |173 -0.36837 -3.23043e-03 |174  0.24007  7.16684e-03
175  0.07100 -2.01177e-03 |176 -0.11233 -1.02461e-02 |177  0.21917 -1.91196e-02
178  0.15369 -3.24930e-01 |179 -0.09032 -4.46991e-04 |180 -0.17408  4.02675e-03
181 -0.12159 -5.22295e-04 |182 -0.17023 -9.82625e-04 |183  0.28030  7.79371e-04
184 -0.48375 -1.04475e-03 |185  0.02167 -2.57137e-03 |186  0.38808  6.70626e-03
187  0.01420  8.94830e-04 |188 -0.14951  3.53874e-04 |189  0.10160 -3.21300e-02
190  0.16734 -1.44862e-02 |191  0.21923  3.37324e-02 |192  0.25672  2.91917e-02
193  0.02331 -1.00952e-02 |194 -0.01087  3.27487e-03 |195 -0.17200  1.16818e-03
196 -0.11041  3.28474e-02 |197 -0.55364  1.10194e-02 |198  0.17123 -1.00618e-03
199  0.09420  1.30749e-01 |200 -0.26088  2.86967e-02 |
200 variables; iteration 380; function evaluation 543; phase 4
Function value 7.2493175e+03; maximum gradient component mag -6.5988e-02
Var    Value     Gradient |Var    Value     Gradient |Var    Value     Gradient
  1 -0.43007  5.55667e-02 |  2  0.37344 -2.13801e-03 |  3 -0.12633  1.26000e-02
  4 -0.01874  1.57398e-03 |  5 -0.70083 -6.66263e-04 |  6 -0.60469  5.05118e-03
  7  0.37994 -4.69572e-03 |  8 -0.19115  4.24217e-03 |  9  0.03137 -4.66462e-03
 10 -0.59425 -2.07796e-03 | 11 -0.62677  5.23028e-03 | 12 -0.16664 -6.59876e-02
 13 -0.00518 -1.18157e-03 | 14 -0.00527 -6.98983e-04 | 15 -0.00536 -1.33309e-03
 16 -0.00544 -1.17096e-03 | 17 -0.00551 -4.98034e-04 | 18 -0.00558 -1.03820e-03
 19 -0.00563 -1.01326e-03 | 20 -0.00567 -6.91150e-05 | 21 -0.00571 -7.52665e-04
 22 -0.00573 -4.09182e-04 | 23 -0.00574 -1.22702e-03 | 24 -0.00573 -1.29779e-04
 25 -0.00571 -1.12656e-03 | 26 -0.00567 -5.44365e-04 | 27 -0.00562 -7.67201e-04
 28 -0.00554 -6.87145e-05 | 29 -0.00544 -1.51757e-03 | 30 -0.00532 -3.91194e-04
 31 -0.00518 -2.38221e-03 | 32 -0.00501  2.95133e-04 | 33 -0.00483 -1.56652e-03
 34 -0.00461 -4.25633e-04 | 35 -0.00438 -1.56632e-03 | 36 -0.00411 -6.70629e-04
 37 -0.00381 -9.76345e-04 | 38 -0.00348 -7.62572e-05 | 39 -0.00312 -4.16992e-04
 40 -0.00274 -1.76109e-03 | 41 -0.00232 -1.44497e-03 | 42 -0.00188 -1.64145e-03
 43 -0.00141 -9.79727e-04 | 44 -0.00094 -1.59949e-03 | 45 -0.00045 -6.42798e-04
 46  0.00004 -1.40293e-03 | 47  0.00051 -8.68968e-04 | 48  0.00096 -1.84663e-03
 49  0.00138 -1.53788e-03 | 50  0.00174 -1.58012e-03 | 51  0.00204 -1.61305e-03
 52  0.00228 -1.02145e-03 | 53  0.00243 -2.66133e-03 | 54  0.00252 -2.55209e-03
 55  0.00253 -1.70651e-03 | 56  0.00250 -1.74793e-03 | 57  0.00244 -1.63578e-03
 58  0.00238 -1.68894e-03 | 59  0.00235 -2.09143e-03 | 60  0.00239 -2.25560e-03
 61  0.00253 -1.74738e-03 | 62  0.00281 -2.51394e-03 | 63  0.00327 -2.10995e-03
 64  0.00394 -2.22577e-03 | 65  0.00485 -1.70923e-03 | 66  0.00605 -2.45581e-03
 67  0.00756 -2.05055e-03 | 68  0.00940 -2.33554e-03 | 69  0.01159 -2.49495e-03
 70  0.01412 -1.28072e-03 | 71  0.01694 -2.01004e-03 | 72  0.02000 -2.78834e-03
 73  0.02318 -2.78132e-03 | 74  0.02632 -2.87036e-03 | 75  0.02921 -3.45450e-03
 76  0.03162 -2.88850e-03 | 77  0.03332 -3.42006e-03 | 78  0.03421 -3.82022e-03
 79  0.03428 -4.04606e-03 | 80  0.03363 -3.97886e-03 | 81  0.03239 -3.32055e-03
 82  0.03061 -4.06118e-03 | 83  0.02827 -3.60744e-03 | 84  0.02524 -3.62493e-03
 85  0.02147 -3.17001e-03 | 86  0.01712 -2.73331e-03 | 87  0.01252 -2.58826e-03
 88  0.00817 -2.62286e-03 | 89  0.00447 -2.36404e-03 | 90  0.00156 -3.39790e-03
 91 -0.00076 -1.81367e-03 | 92 -0.00282 -2.81361e-03 | 93 -0.00470 -1.94210e-03
 94 -0.00594 -2.14661e-03 | 95 -0.00645 -1.51413e-03 | 96 -0.00714 -1.95481e-03
 97 -0.00647 -9.99708e-04 | 98 -0.00495 -2.64649e-04 | 99 -0.00224  3.19909e-04
100 -0.00270  2.61923e-03 |101 -0.00411  2.66815e-03 |102 -0.00595  3.26480e-03
103 -0.01349  4.45973e-03 |104 -0.01337  5.43956e-03 |105  0.00199  8.08234e-03
106 -0.00016  9.65856e-03 |107 -0.02069  9.83609e-03 |108 -0.00353  1.11293e-02
109  0.05087  2.01290e-02 |110  0.00852  1.48916e-02 |111 -0.03132  1.04878e-02
112 -0.01415  1.19355e-02 |113 -0.00037  1.20234e-02 |114  0.01778  1.21299e-02
115 -0.01367  7.44939e-03 |116 -0.07483  2.49735e-03 |117 -0.08977  1.11045e-03
118 -0.08711  4.06654e-04 |119 -0.04312 -1.34992e-03 |120  0.06343 -4.72557e-03
121  0.01944 -4.83572e-03 |122  0.00700 -4.86086e-03 |123 -0.03566 -3.57120e-03
124 -0.07450 -2.85759e-03 |125 -0.01716 -3.77572e-03 |126 -0.00741 -3.71168e-03
127 -0.03811 -2.41770e-03 |128  0.01377 -1.63354e-03 |129  0.06468 -1.29866e-03
130 -0.00115 -2.73687e-04 |131  0.08040 -7.78741e-04 |132  0.00495 -2.79751e-04
133  0.13283 -3.10052e-04 |134 -0.00860  3.12760e-04 |135 -0.05008 -5.68160e-04
136 -0.06054 -2.60557e-04 |137 -0.02378 -8.35458e-06 |138  0.09420  4.04757e-05
139  0.03004  2.62858e-06 |140  0.01648  6.95015e-05 |141 -0.02906  6.47263e-04
142 -0.01720  5.24842e-04 |143 -0.00783 -4.37059e-05 |144 -0.00046  2.30652e-05
145  0.38992  5.34070e-04 |146  0.29645 -9.92816e-03 |147 -0.17432 -1.25078e-02
148 -0.10612 -5.28596e-04 |149 -0.40287 -2.30427e-03 |150 -1.34702 -2.63134e-05
151 -0.47188  4.41472e-04 |152  0.31140  2.84340e-04 |153  0.04723  6.00143e-04
154 -0.22767  4.43928e-04 |155  0.19273  5.18652e-03 |156  0.25937 -8.13668e-03
157  0.17850  2.51260e-03 |158  0.25378 -3.77334e-03 |159  0.00299 -5.86877e-04
160 -0.09388 -5.01152e-03 |161  0.11627  2.58677e-03 |162  0.29669 -3.44396e-03
163  0.17653  1.21062e-03 |164  0.24698 -2.27789e-03 |165 -0.34462 -1.63749e-04
166  0.24454  1.56352e-03 |167  0.05158  1.74501e-03 |168 -0.18541 -1.76652e-04
169  0.19438 -1.30561e-04 |170  0.31445 -7.19529e-04 |171  0.07937  3.43072e-04
172 -0.54197 -1.00706e-05 |173 -0.36839  5.18559e-04 |174  0.24006 -1.20764e-03
175  0.07102  4.99531e-04 |176 -0.11234  2.26816e-03 |177  0.21926 -2.77672e-02
178  0.15571  3.78185e-02 |179 -0.06523  1.52628e-03 |180 -0.09622 -1.67242e-03
181 -0.13457 -6.20224e-04 |182 -0.12864  1.50830e-03 |183  0.25692  9.28701e-05
184 -0.46072  5.58485e-04 |185  0.02165  8.13323e-04 |186  0.38807 -8.91788e-04
187  0.01420  1.32394e-04 |188 -0.14952  5.82322e-04 |189  0.10159  4.62671e-03
190  0.16734  1.31861e-02 |191  0.21922 -9.03432e-03 |192  0.25672 -1.92631e-02
193  0.02332 -2.61942e-03 |194 -0.01087  3.91765e-03 |195 -0.17201 -5.17507e-03
196 -0.11042 -1.65519e-02 |197 -0.55364 -2.63390e-03 |198  0.17123 -1.07392e-04
199  0.09418 -3.11320e-02 |200 -0.26083 -6.32330e-03 |
200 variables; iteration 400; function evaluation 564; phase 4
Function value 7.2493173e+03; maximum gradient component mag -7.2043e-02
Var    Value     Gradient |Var    Value     Gradient |Var    Value     Gradient
  1 -0.43007  2.57415e-02 |  2  0.37344 -9.73826e-03 |  3 -0.12633 -8.39637e-03
  4 -0.01874 -7.65715e-03 |  5 -0.70083  9.84572e-04 |  6 -0.60469  1.20539e-02
  7  0.37994 -7.39062e-03 |  8 -0.19116 -9.81958e-03 |  9  0.03137 -4.85410e-03
 10 -0.59425 -8.54363e-04 | 11 -0.62677 -8.64027e-03 | 12 -0.16665  3.03509e-02
 13 -0.00519 -2.00887e-03 | 14 -0.00527 -6.76865e-04 | 15 -0.00536 -1.56247e-03
 16 -0.00544 -1.78343e-03 | 17 -0.00551 -1.35934e-04 | 18 -0.00558 -1.11421e-03
 19 -0.00564 -2.15262e-03 | 20 -0.00567  8.50768e-04 | 21 -0.00571 -1.35526e-04
 22 -0.00573  2.17419e-04 | 23 -0.00575 -1.85505e-03 | 24 -0.00573  6.11852e-04
 25 -0.00572 -1.47779e-03 | 26 -0.00567  2.30720e-04 | 27 -0.00562 -2.83741e-04
 28 -0.00553  7.93557e-04 | 29 -0.00545 -1.83123e-03 | 30 -0.00532  5.45282e-04
 31 -0.00519 -4.15019e-03 | 32 -0.00500  2.03701e-03 | 33 -0.00483 -1.45799e-03
 34 -0.00461  3.66461e-04 | 35 -0.00438 -1.95487e-03 | 36 -0.00411  4.64525e-04
 37 -0.00381 -1.08563e-03 | 38 -0.00348  1.65382e-03 | 39 -0.00312 -7.94495e-04
 40 -0.00274 -1.79956e-03 | 41 -0.00233 -2.80433e-03 | 42 -0.00188 -1.80451e-03
 43 -0.00141 -5.89516e-04 | 44 -0.00094 -1.31812e-03 | 45 -0.00044  6.22644e-04
 46  0.00004 -1.25908e-03 | 47  0.00052  4.27953e-04 | 48  0.00096 -2.04830e-03
 49  0.00138 -7.22240e-04 | 50  0.00174 -9.59467e-04 | 51  0.00204 -7.10598e-04
 52  0.00228  6.90386e-04 | 53  0.00243 -2.67904e-03 | 54  0.00251 -2.71713e-03
 55  0.00253 -1.08447e-03 | 56  0.00250 -1.14853e-03 | 57  0.00244 -3.74181e-04
 58  0.00238 -9.18429e-04 | 59  0.00235 -1.39321e-03 | 60  0.00239 -8.07356e-04
 61  0.00253 -1.10490e-03 | 62  0.00281 -6.22686e-04 | 63  0.00327  3.32903e-04
 64  0.00394 -7.72086e-05 | 65  0.00486  1.93602e-03 | 66  0.00605 -7.42227e-04
 67  0.00756  8.56907e-04 | 68  0.00940 -1.87964e-04 | 69  0.01159  1.71011e-04
 70  0.01413  4.51110e-03 | 71  0.01695  3.53017e-03 | 72  0.02000  9.55778e-04
 73  0.02318  1.28950e-03 | 74  0.02632  1.84472e-03 | 75  0.02920  8.78110e-04
 76  0.03162  3.39183e-03 | 77  0.03332  1.64989e-03 | 78  0.03421  1.69443e-03
 79  0.03427  1.36231e-03 | 80  0.03362  1.43912e-03 | 81  0.03239  4.52800e-03
 82  0.03060  2.02827e-03 | 83  0.02827  4.32284e-03 | 84  0.02524  4.18635e-03
 85  0.02148  5.52837e-03 | 86  0.01712  6.70792e-03 | 87  0.01253  6.52970e-03
 88  0.00818  6.64206e-03 | 89  0.00448  7.98144e-03 | 90  0.00155  3.65061e-03
 91 -0.00075  7.80938e-03 | 92 -0.00283  3.87927e-03 | 93 -0.00469  5.94296e-03
 94 -0.00594  5.85094e-03 | 95 -0.00645  5.03107e-03 | 96 -0.00713  4.54557e-03
 97 -0.00647  4.88197e-03 | 98 -0.00494  5.70270e-03 | 99 -0.00224  4.15429e-03
100 -0.00269  7.10784e-03 |101 -0.00411  4.38228e-03 |102 -0.00595  2.51236e-03
103 -0.01350  2.19500e-03 |104 -0.01337  1.53575e-03 |105  0.00199  1.35181e-03
106 -0.00016  3.34833e-04 |107 -0.02069 -5.47392e-04 |108 -0.00353 -2.41347e-03
109  0.05088 -8.23891e-04 |110  0.00851 -3.28983e-03 |111 -0.03131 -2.03433e-03
112 -0.01415 -4.12703e-03 |113 -0.00037 -5.46541e-03 |114  0.01778 -5.81392e-03
115 -0.01367 -4.58822e-03 |116 -0.07483 -3.74675e-03 |117 -0.08978 -4.56077e-03
118 -0.08711 -4.15965e-03 |119 -0.04312 -4.24819e-03 |120  0.06343 -6.22216e-03
121  0.01944 -4.09113e-03 |122  0.00700 -4.79952e-03 |123 -0.03566 -3.45779e-03
124 -0.07450 -2.05089e-03 |125 -0.01716 -2.21976e-03 |126 -0.00740 -1.23191e-03
127 -0.03811 -1.45265e-03 |128  0.01377 -5.60603e-05 |129  0.06468 -5.55853e-04
130 -0.00115  1.32160e-03 |131  0.08040 -2.09570e-04 |132  0.00495  7.20024e-04
133  0.13283 -1.15696e-03 |134 -0.00860  6.83848e-04 |135 -0.05008 -1.37864e-05
136 -0.06054  3.26990e-04 |137 -0.02377  1.12843e-04 |138  0.09421  8.11133e-04
139  0.03004 -4.87899e-05 |140  0.01648  8.14625e-04 |141 -0.02906 -1.36905e-04
142 -0.01720 -3.70795e-04 |143 -0.00783 -1.32993e-04 |144 -0.00046  9.19186e-05
145  0.38992  3.98406e-03 |146  0.29646 -1.93329e-02 |147 -0.17500 -1.33617e-02
148 -0.01489  9.40277e-04 |149 -0.28526 -1.51016e-03 |150 -1.34542  1.41825e-04
151 -0.47188  4.79862e-04 |152  0.31140 -3.23600e-04 |153  0.04723 -3.59977e-04
154 -0.22767  7.92652e-04 |155  0.19273  7.17007e-03 |156  0.25937 -1.26104e-02
157  0.17850  3.32255e-03 |158  0.25378 -5.66493e-03 |159  0.00299 -1.64023e-03
160 -0.09388  9.49276e-06 |161  0.11627  4.28049e-03 |162  0.29669 -3.07630e-03
163  0.17653  8.82112e-04 |164  0.24697 -2.56307e-03 |165 -0.34462  3.11105e-04
166  0.24454 -9.74259e-04 |167  0.05158  2.19030e-03 |168 -0.18541  1.27554e-02
169  0.19439  2.34817e-03 |170  0.31445 -1.14806e-03 |171  0.07937  5.14188e-03
172 -0.54167  1.49771e-05 |173 -0.36838  1.67550e-03 |174  0.24006 -4.56490e-03
175  0.07101 -6.26930e-04 |176 -0.11234  4.69863e-03 |177  0.21778 -3.46047e-02
178  0.16022 -1.01627e-02 |179 -0.07490  7.96861e-04 |180 -0.01746  8.46192e-04
181 -0.10439 -2.35813e-04 |182 -0.17693 -9.06962e-04 |183  0.25959  8.87426e-05
184 -0.46791 -6.22599e-06 |185  0.02165  1.50818e-04 |186  0.38807 -1.71567e-03
187  0.01420 -2.16369e-03 |188 -0.14952 -1.31257e-03 |189  0.10159  3.70766e-02
190  0.16734  2.37739e-02 |191  0.21922 -2.04210e-02 |192  0.25672 -2.50975e-02
193  0.02332  3.44496e-02 |194 -0.01087  7.97108e-03 |195 -0.17201  2.24294e-02
196 -0.11041  2.63539e-02 |197 -0.55363 -5.77915e-03 |198  0.17124 -2.87527e-05
199  0.09418 -7.20426e-02 |200 -0.26083 -1.54251e-02 |
200 variables; iteration 420; function evaluation 599; phase 4
Function value 7.2493099e+03; maximum gradient component mag 7.8237e+00
Var    Value     Gradient |Var    Value     Gradient |Var    Value     Gradient
  1 -0.43008  8.19577e-01 |  2  0.37344  1.50267e+00 |  3 -0.12634  1.85431e+00
  4 -0.01873  1.99441e+00 |  5 -0.70090  3.22678e-01 |  6 -0.60469  9.70133e-01
  7  0.37993  1.41357e+00 |  8 -0.19116  2.31365e+00 |  9  0.03139  1.80980e+00
 10 -0.59428  3.14619e-01 | 11 -0.62677  8.90057e-02 | 12 -0.16653 -1.08671e+00
 13 -0.00517  5.14378e-03 | 14 -0.00527  2.40673e-03 | 15 -0.00536  3.58392e-03
 16 -0.00543  4.48123e-03 | 17 -0.00552  2.15883e-03 | 18 -0.00558  3.73955e-03
 19 -0.00562  6.59758e-03 | 20 -0.00569  5.42480e-04 | 21 -0.00572  1.75785e-03
 22 -0.00574  1.24590e-03 | 23 -0.00573  7.23492e-03 | 24 -0.00575  1.04866e-03
 25 -0.00570  6.84950e-03 | 26 -0.00569  5.64132e-04 | 27 -0.00561  5.28566e-03
 28 -0.00555  1.28879e-03 | 29 -0.00544  5.78898e-03 | 30 -0.00532  3.85490e-03
 31 -0.00515  1.10724e-02 | 32 -0.00502  3.22687e-03 | 33 -0.00483  4.28490e-03
 34 -0.00461  7.19995e-03 | 35 -0.00437  6.83529e-03 | 36 -0.00411  5.52464e-03
 37 -0.00379  1.12818e-02 | 38 -0.00349  4.31747e-03 | 39 -0.00309  1.34371e-02
 40 -0.00274  5.28862e-03 | 41 -0.00228  1.45557e-02 | 42 -0.00187  7.12638e-03
 43 -0.00141  8.69302e-03 | 44 -0.00094  6.85909e-03 | 45 -0.00046  3.88572e-03
 46  0.00005  9.35212e-03 | 47  0.00050  5.09767e-03 | 48  0.00097  9.71901e-03
 49  0.00138  8.27402e-03 | 50  0.00175  9.52381e-03 | 51  0.00204  7.02228e-03
 52  0.00227  6.24869e-03 | 53  0.00244  8.43056e-03 | 54  0.00254  1.24220e-02
 55  0.00255  1.10651e-02 | 56  0.00251  1.16934e-02 | 57  0.00245  1.01235e-02
 58  0.00239  1.22310e-02 | 59  0.00237  1.27055e-02 | 60  0.00239  7.72791e-03
 61  0.00257  1.59417e-02 | 62  0.00281  6.74846e-03 | 63  0.00326  6.44376e-03
 64  0.00394  8.63089e-03 | 65  0.00484  6.11818e-03 | 66  0.00607  1.26788e-02
 67  0.00756  9.41172e-03 | 68  0.00939  5.96225e-03 | 69  0.01159  1.01022e-02
 70  0.01412  1.11965e-02 | 71  0.01690  2.06508e-03 | 72  0.02000  9.93181e-03
 73  0.02319  1.26357e-02 | 74  0.02633  1.32544e-02 | 75  0.02922  1.39908e-02
 76  0.03160  9.14005e-03 | 77  0.03335  1.58468e-02 | 78  0.03423  1.32206e-02
 79  0.03431  1.53426e-02 | 80  0.03363  1.01637e-02 | 81  0.03241  1.37924e-02
 82  0.03062  9.94538e-03 | 83  0.02826  6.02363e-03 | 84  0.02523  3.49039e-03
 85  0.02149  6.19686e-03 | 86  0.01713  2.43821e-03 | 87  0.01252 -3.10879e-03
 88  0.00815 -1.02975e-02 | 89  0.00445 -1.53914e-02 | 90  0.00158 -1.20496e-02
 91 -0.00076 -2.25839e-02 | 92 -0.00280 -2.41929e-02 | 93 -0.00469 -3.56046e-02
 94 -0.00593 -4.58098e-02 | 95 -0.00643 -5.66524e-02 | 96 -0.00714 -7.87086e-02
 97 -0.00647 -9.67183e-02 | 98 -0.00494 -1.21759e-01 | 99 -0.00222 -1.48566e-01
100 -0.00272 -1.91331e-01 |101 -0.00411 -2.25670e-01 |102 -0.00597 -2.72669e-01
103 -0.01351 -3.07243e-01 |104 -0.01339 -3.69636e-01 |105  0.00196 -4.98275e-01
106 -0.00019 -5.77942e-01 |107 -0.02073 -5.73874e-01 |108 -0.00359 -7.57141e-01
109  0.05084 -1.29636e+00 |110  0.00848 -1.04143e+00 |111 -0.03132 -8.25283e-01
112 -0.01415 -1.01164e+00 |113 -0.00037 -1.18375e+00 |114  0.01782 -1.36773e+00
115 -0.01361 -1.01754e+00 |116 -0.07476 -5.38898e-01 |117 -0.08969 -3.40773e-01
118 -0.08702 -1.21742e-01 |119 -0.04306  2.30435e-01 |120  0.06341  1.45568e+00
121  0.01937  1.52264e+00 |122  0.00692  1.66127e+00 |123 -0.03574  1.30506e+00
124 -0.07459  9.68145e-01 |125 -0.01728  1.40759e+00 |126 -0.00749  1.27557e+00
127 -0.03817  7.26025e-01 |128  0.01376  6.79785e-01 |129  0.06467  5.47501e-01
130 -0.00113  1.40407e-01 |131  0.08040  6.32697e-02 |132  0.00497 -7.76840e-03
133  0.13285 -5.24108e-02 |134 -0.00859 -1.76801e-02 |135 -0.05007 -1.26268e-02
136 -0.06054 -1.04279e-02 |137 -0.02376 -2.24830e-03 |138  0.09420 -9.42777e-03
139  0.03003 -1.44622e-02 |140  0.01649 -2.10847e-04 |141 -0.02906 -3.58108e-03
142 -0.01721 -2.18799e-03 |143 -0.00784 -5.54121e-03 |144 -0.00046 -7.70262e-04
145  0.38974 -1.62453e-02 |146  0.29631  1.13426e-01 |147 -0.16361  2.61868e+00
148  0.02095  7.13062e-04 |149 -0.26367  7.19770e-02 |150 -1.35125  4.50871e-04
151 -0.47188  4.12345e-02 |152  0.31139 -5.20015e-03 |153  0.04723  1.21671e-01
154 -0.22771  6.83428e-03 |155  0.19275 -1.94391e+00 |156  0.25939  2.78212e+00
157  0.17851 -8.38501e-01 |158  0.25378  1.12828e+00 |159  0.00299 -1.43357e-01
160 -0.09388 -2.48067e-01 |161  0.11630 -8.07232e-01 |162  0.29671  1.56495e+00
163  0.17653 -6.48310e-01 |164  0.24698  9.70898e-01 |165 -0.34462 -1.26026e-03
166  0.24454 -6.98632e-04 |167  0.05159 -1.66657e-02 |168 -0.18543 -9.54855e-02
169  0.19427 -1.59831e-02 |170  0.31441  9.57453e-03 |171  0.07937 -2.52418e-02
172 -0.54456 -2.18741e-04 |173 -0.36840  4.06897e-02 |174  0.24006 -4.18647e-02
175  0.07102  1.98201e-01 |176 -0.11238  1.66772e-01 |177  0.22463 -8.57845e-03
178  0.16739 -6.02879e-01 |179 -0.25416 -1.32542e-03 |180  0.03565  9.91979e-02
181  0.06822  2.15932e-04 |182 -0.16486 -7.95281e-04 |183  0.33591  1.45081e-03
184 -0.47303 -8.50539e-04 |185  0.02162 -2.50008e-02 |186  0.38815 -6.62907e-02
187  0.01422 -5.10590e-02 |188 -0.14952 -6.55333e-02 |189  0.10157 -9.78857e-01
190  0.16735 -6.09121e+00 |191  0.21922  6.16310e-01 |192  0.25673  7.82366e+00
193  0.02332 -6.84803e-01 |194 -0.01089 -1.20277e+00 |195 -0.17202 -4.46954e-01
196 -0.11041 -1.69167e+00 |197 -0.55372  2.81587e-02 |198  0.17121  4.44382e-03
199  0.09421  3.98114e-01 |200 -0.26089  8.50871e-02 |
200 variables; iteration 440; function evaluation 620; phase 4
Function value 7.2493007e+03; maximum gradient component mag -5.1231e-02
Var    Value     Gradient |Var    Value     Gradient |Var    Value     Gradient
  1 -0.43006 -8.72065e-03 |  2  0.37341 -1.45073e-02 |  3 -0.12644 -1.99832e-02
  4 -0.01862 -1.73549e-02 |  5 -0.70158 -1.59774e-03 |  6 -0.60467 -4.41046e-03
  7  0.37992 -1.37162e-02 |  8 -0.19127 -2.13864e-02 |  9  0.03150 -1.66370e-02
 10 -0.59467 -2.17978e-03 | 11 -0.62668 -5.25820e-03 | 12 -0.16618  1.68075e-02
 13 -0.00518 -1.61602e-04 | 14 -0.00527  4.71753e-04 | 15 -0.00536 -1.09983e-03
 16 -0.00544 -4.66152e-04 | 17 -0.00551  4.98321e-04 | 18 -0.00558 -6.25108e-04
 19 -0.00563  3.11609e-04 | 20 -0.00567  7.56107e-04 | 21 -0.00571 -2.70060e-04
 22 -0.00573  5.86890e-04 | 23 -0.00574 -2.62994e-04 | 24 -0.00573  3.10424e-04
 25 -0.00571 -4.14624e-04 | 26 -0.00567  2.84677e-04 | 27 -0.00561  2.65970e-04
 28 -0.00553  5.96283e-04 | 29 -0.00544 -1.05311e-03 | 30 -0.00532  4.18631e-04
 31 -0.00518 -1.15927e-03 | 32 -0.00501  7.06975e-04 | 33 -0.00483 -1.31154e-03
 34 -0.00461  7.17312e-04 | 35 -0.00438 -9.12876e-04 | 36 -0.00411 -1.28061e-04
 37 -0.00381  7.54179e-04 | 38 -0.00348  1.49470e-04 | 39 -0.00311  1.81817e-03
 40 -0.00274 -1.41016e-03 | 41 -0.00231  7.83115e-04 | 42 -0.00187 -6.09836e-04
 43 -0.00141  4.15628e-04 | 44 -0.00093 -6.99748e-04 | 45 -0.00044  3.29925e-05
 46  0.00005  1.61199e-04 | 47  0.00052  1.03767e-04 | 48  0.00097 -2.83870e-04
 49  0.00138 -3.71598e-04 | 50  0.00175  1.43192e-05 | 51  0.00205 -5.80590e-04
 52  0.00229  3.98234e-05 | 53  0.00245 -1.22463e-03 | 54  0.00253 -4.41059e-04
 55  0.00255  4.43224e-04 | 56  0.00252  5.11884e-04 | 57  0.00246  2.40061e-04
 58  0.00240  7.80291e-04 | 59  0.00238  3.19577e-04 | 60  0.00241 -5.68088e-04
 61  0.00257  1.95401e-03 | 62  0.00284 -8.38897e-04 | 63  0.00330 -1.31245e-04
 64  0.00397  1.17385e-04 | 65  0.00488 -3.31291e-05 | 66  0.00608  3.24995e-04
 67  0.00760  1.62752e-04 | 68  0.00944  4.91043e-04 | 69  0.01163  3.40214e-04
 70  0.01415 -2.49756e-04 | 71  0.01698  3.75683e-04 | 72  0.02004  6.31841e-04
 73  0.02322  5.14184e-04 | 74  0.02636  5.98188e-04 | 75  0.02926  8.41166e-04
 76  0.03166  7.06042e-04 | 77  0.03337  1.00932e-03 | 78  0.03427  1.17531e-03
 79  0.03433  1.29934e-03 | 80  0.03369  1.60340e-03 | 81  0.03244  1.09851e-03
 82  0.03067  1.65081e-03 | 83  0.02832  1.47037e-03 | 84  0.02529  1.63864e-03
 85  0.02153  1.38002e-03 | 86  0.01717  1.16989e-03 | 87  0.01258  1.42400e-03
 88  0.00823  1.63078e-03 | 89  0.00454  1.45414e-03 | 90  0.00163  1.68828e-03
 91 -0.00068  2.31607e-03 | 92 -0.00274  2.40836e-03 | 93 -0.00462  2.12786e-03
 94 -0.00586  1.38490e-03 | 95 -0.00636  3.18947e-03 | 96 -0.00706  1.66905e-03
 97 -0.00640  2.61886e-03 | 98 -0.00489  2.42370e-03 | 99 -0.00219  2.36137e-03
100 -0.00267  2.37158e-03 |101 -0.00410  2.11973e-03 |102 -0.00595  2.92618e-03
103 -0.01351  1.98283e-03 |104 -0.01340  2.30943e-03 |105  0.00197  2.55050e-03
106 -0.00018  2.25490e-03 |107 -0.02072  1.98510e-03 |108 -0.00350  2.85011e-03
109  0.05110  3.24721e-03 |110  0.00876  2.94152e-03 |111 -0.03103  1.96762e-03
112 -0.01372  2.47677e-03 |113  0.00016  3.39569e-03 |114  0.01858  4.07254e-03
115 -0.01278  3.12813e-03 |116 -0.07400  1.71514e-03 |117 -0.08888  7.62834e-04
118 -0.08633 -5.50014e-04 |119 -0.04249 -2.19622e-03 |120  0.06314 -9.51637e-03
121  0.01853 -9.35194e-03 |122  0.00589 -9.91983e-03 |123 -0.03691 -8.09335e-03
124 -0.07567 -5.97322e-03 |125 -0.01855 -8.53471e-03 |126 -0.00866 -8.08778e-03
127 -0.03879 -4.45587e-03 |128  0.01334 -4.91571e-03 |129  0.06437 -3.99206e-03
130 -0.00107 -1.46674e-03 |131  0.08031 -9.28969e-04 |132  0.00498 -4.05339e-04
133  0.13286 -3.82256e-04 |134 -0.00859 -1.40833e-04 |135 -0.05004  2.44836e-04
136 -0.06054  1.98357e-04 |137 -0.02382 -1.52235e-04 |138  0.09397 -4.16506e-04
139  0.03002  2.48664e-04 |140  0.01639 -2.44311e-04 |141 -0.02903 -2.33459e-04
142 -0.01726 -5.77859e-05 |143 -0.00778  4.06879e-04 |144 -0.00046  1.08545e-04
145  0.38885  2.56718e-03 |146  0.29582 -8.78646e-03 |147 -0.16259 -3.39406e-02
148 -0.00333 -4.51428e-05 |149 -0.24715 -1.89926e-03 |150 -1.37561 -7.27175e-05
151 -0.47123 -3.87205e-05 |152  0.31135 -1.47637e-04 |153  0.04692 -5.31655e-04
154 -0.22794 -7.25536e-05 |155  0.19315  1.27456e-02 |156  0.25950 -1.91487e-02
157  0.17878  5.42104e-03 |158  0.25384 -7.39698e-03 |159  0.00283  9.72477e-04
160 -0.09377  1.06446e-03 |161  0.11685  4.99915e-03 |162  0.29686 -1.10053e-02
163  0.17683  4.74725e-03 |164  0.24705 -6.22268e-03 |165 -0.34490  1.00425e-04
166  0.24454  1.14230e-03 |167  0.05164  2.29898e-03 |168 -0.18537  7.69261e-03
169  0.19491  1.18479e-03 |170  0.31443 -2.99597e-04 |171  0.07928  3.44448e-03
172 -0.54196 -2.76286e-05 |173 -0.36786  1.63414e-04 |174  0.24022 -1.89813e-04
175  0.07079 -8.54332e-04 |176 -0.11275  2.34620e-03 |177  0.22663 -8.94320e-03
178  0.16629  2.40534e-03 |179 -0.09011 -4.47668e-04 |180  0.00057  2.82690e-05
181 -0.10878 -8.29892e-05 |182 -0.15433 -5.77586e-05 |183  0.25734 -1.93767e-04
184 -0.47384  3.19429e-05 |185  0.02166  2.02322e-04 |186  0.38889 -2.69165e-04
187  0.01427  5.90040e-04 |188 -0.14941  7.72103e-04 |189  0.10163  2.03706e-02
190  0.16757  3.92644e-02 |191  0.21923 -9.31163e-03 |192  0.25674 -5.12311e-02
193  0.02331  1.81939e-02 |194 -0.01107  9.87477e-03 |195 -0.17195  1.19907e-02
196 -0.11031  2.09988e-02 |197 -0.55363 -2.00658e-03 |198  0.17122 -2.85749e-04
199  0.09415 -2.75690e-02 |200 -0.26076 -7.40550e-03 |
200 variables; iteration 460; function evaluation 641; phase 4
Function value 7.2493007e+03; maximum gradient component mag -1.7305e-02
Var    Value     Gradient |Var    Value     Gradient |Var    Value     Gradient
  1 -0.43006  9.78047e-03 |  2  0.37341 -4.67961e-03 |  3 -0.12644 -1.08195e-03
  4 -0.01861 -1.71634e-03 |  5 -0.70158  8.40427e-04 |  6 -0.60467  1.44512e-03
  7  0.37992 -4.13647e-03 |  8 -0.19127 -3.99944e-03 |  9  0.03150 -3.46393e-03
 10 -0.59467 -2.23095e-04 | 11 -0.62668  8.53658e-04 | 12 -0.16617 -1.66031e-02
 13 -0.00518 -2.23521e-04 | 14 -0.00527  1.45880e-04 | 15 -0.00536 -6.71731e-04
 16 -0.00544 -3.89974e-04 | 17 -0.00551  1.56816e-04 | 18 -0.00558 -4.57391e-04
 19 -0.00563 -2.20650e-05 | 20 -0.00567  2.56689e-04 | 21 -0.00571 -3.05364e-04
 22 -0.00573  1.12395e-04 | 23 -0.00574 -3.11435e-04 | 24 -0.00573 -4.79970e-05
 25 -0.00571 -3.94316e-04 | 26 -0.00567 -8.52232e-05 | 27 -0.00561 -5.15447e-05
 28 -0.00554  6.88944e-05 | 29 -0.00544 -7.40559e-04 | 30 -0.00532 -1.72099e-05
 31 -0.00518 -8.35661e-04 | 32 -0.00501  9.48340e-05 | 33 -0.00483 -9.03751e-04
 34 -0.00461  1.10067e-04 | 35 -0.00438 -7.35712e-04 | 36 -0.00411 -3.18175e-04
 37 -0.00381  5.06110e-05 | 38 -0.00348 -2.40080e-04 | 39 -0.00312  5.69874e-04
 40 -0.00273 -9.26113e-04 | 41 -0.00231  1.22790e-04 | 42 -0.00187 -5.88698e-04
 43 -0.00141 -1.00003e-04 | 44 -0.00093 -6.47767e-04 | 45 -0.00044 -3.08861e-04
 46  0.00004 -2.09821e-04 | 47  0.00052 -2.82175e-04 | 48  0.00097 -5.18451e-04
 49  0.00138 -5.56293e-04 | 50  0.00175 -3.72978e-04 | 51  0.00205 -6.85822e-04
 52  0.00229 -3.70138e-04 | 53  0.00245 -9.81374e-04 | 54  0.00253 -5.76359e-04
 55  0.00255 -1.57574e-04 | 56  0.00252 -1.32024e-04 | 57  0.00246 -2.81401e-04
 58  0.00240 -1.44197e-05 | 59  0.00237 -2.41983e-04 | 60  0.00242 -6.94511e-04
 61  0.00256  4.83265e-04 | 62  0.00284 -8.62428e-04 | 63  0.00330 -5.58328e-04
 64  0.00397 -5.05735e-04 | 65  0.00488 -6.56624e-04 | 66  0.00608 -4.67091e-04
 67  0.00760 -5.71594e-04 | 68  0.00944 -1.75609e-04 | 69  0.01163 -4.56380e-04
 70  0.01415 -1.15970e-03 | 71  0.01698 -6.47799e-04 | 72  0.02004 -6.73682e-04
 73  0.02322 -7.55412e-04 | 74  0.02636 -8.00287e-04 | 75  0.02926 -6.98261e-04
 76  0.03166 -8.40154e-04 | 77  0.03337 -7.34001e-04 | 78  0.03427 -6.50609e-04
 79  0.03433 -7.06118e-04 | 80  0.03369 -4.67807e-04 | 81  0.03244 -1.04866e-03
 82  0.03067 -4.78013e-04 | 83  0.02832 -8.66749e-04 | 84  0.02529 -6.26974e-04
 85  0.02153 -9.26329e-04 | 86  0.01717 -1.08649e-03 | 87  0.01258 -7.97291e-04
 88  0.00823 -6.48471e-04 | 89  0.00454 -7.80591e-04 | 90  0.00163 -4.38169e-04
 91 -0.00068 -2.58968e-04 | 92 -0.00274 -9.52414e-05 | 93 -0.00462 -1.86887e-04
 94 -0.00586 -6.20816e-04 | 95 -0.00636  3.16065e-04 | 96 -0.00706 -2.78737e-04
 97 -0.00640  1.56373e-04 | 98 -0.00489  1.21834e-04 | 99 -0.00219  1.55885e-04
100 -0.00267  2.56721e-04 |101 -0.00410  3.31709e-04 |102 -0.00595  1.24620e-03
103 -0.01352  8.92232e-04 |104 -0.01340  1.33331e-03 |105  0.00196  1.89949e-03
106 -0.00018  2.17067e-03 |107 -0.02072  2.31417e-03 |108 -0.00350  3.47673e-03
109  0.05110  4.76216e-03 |110  0.00876  3.51677e-03 |111 -0.03103  2.47648e-03
112 -0.01372  2.48239e-03 |113  0.00016  2.30395e-03 |114  0.01858  2.08838e-03
115 -0.01277  1.27619e-03 |116 -0.07400  2.67063e-04 |117 -0.08888 -3.69245e-04
118 -0.08633 -8.57958e-04 |119 -0.04249 -4.80871e-04 |120  0.06314 -3.28364e-04
121  0.01853 -1.52064e-04 |122  0.00589 -4.93928e-04 |123 -0.03691 -7.44918e-04
124 -0.07567 -2.50963e-04 |125 -0.01855 -4.93094e-05 |126 -0.00866 -5.26363e-04
127 -0.03879 -2.27049e-05 |128  0.01335 -7.10424e-04 |129  0.06437 -1.09734e-03
130 -0.00107 -3.91350e-04 |131  0.08032 -3.03223e-04 |132  0.00498 -2.49601e-04
133  0.13286 -8.46271e-04 |134 -0.00859 -8.65929e-05 |135 -0.05004  1.89199e-04
136 -0.06054  2.57471e-04 |137 -0.02382 -2.93184e-04 |138  0.09397 -5.10805e-04
139  0.03002  1.35879e-04 |140  0.01639 -3.80260e-04 |141 -0.02903 -1.62808e-04
142 -0.01726 -1.11354e-04 |143 -0.00778  4.05984e-04 |144 -0.00046  4.30400e-05
145  0.38883  1.93073e-03 |146  0.29581 -5.10819e-03 |147 -0.16499  1.01608e-02
148  0.01669  6.22437e-04 |149 -0.17104 -2.37233e-04 |150 -1.37770 -2.51980e-04
151 -0.47123  1.94603e-04 |152  0.31135 -2.33163e-04 |153  0.04692  1.27104e-04
154 -0.22794  1.32268e-04 |155  0.19315  1.89999e-03 |156  0.25950 -4.23353e-03
157  0.17878 -3.56622e-04 |158  0.25384 -4.54932e-04 |159  0.00283 -7.85251e-04
160 -0.09377 -1.25614e-03 |161  0.11685  2.05050e-04 |162  0.29686 -1.67064e-03
163  0.17683 -4.51651e-04 |164  0.24705 -9.76457e-05 |165 -0.34490  9.17453e-05
166  0.24454  7.51260e-04 |167  0.05164  1.85201e-03 |168 -0.18537  7.39678e-03
169  0.19491  8.48694e-04 |170  0.31443 -3.44890e-04 |171  0.07928  2.25386e-03
172 -0.54193 -2.48652e-05 |173 -0.36787  3.72318e-04 |174  0.24022 -6.17211e-04
175  0.07079  5.02225e-04 |176 -0.11275  3.69598e-03 |177  0.22486 -7.70622e-03
178  0.16867  5.23732e-03 |179 -0.05376 -1.81466e-04 |180  0.01418 -3.71691e-04
181 -0.04751  3.05268e-04 |182 -0.15997 -1.06255e-04 |183  0.25207 -1.20071e-03
184 -0.47614 -1.20322e-04 |185  0.02166  6.67737e-04 |186  0.38889 -1.53113e-03
187  0.01427  5.22841e-04 |188 -0.14941  8.79750e-05 |189  0.10163  1.16591e-02
190  0.16757  1.97259e-03 |191  0.21923 -7.21906e-03 |192  0.25674 -4.77269e-03
193  0.02331  7.55058e-03 |194 -0.01108  7.44940e-04 |195 -0.17195  3.42740e-03
196 -0.11031  2.05651e-04 |197 -0.55363 -1.37590e-03 |198  0.17122 -8.41634e-05
199  0.09415 -1.73053e-02 |200 -0.26076 -5.40286e-03 |
200 variables; iteration 480; function evaluation 661; phase 4
Function value 7.2493007e+03; maximum gradient component mag 2.0629e-02
Var    Value     Gradient |Var    Value     Gradient |Var    Value     Gradient
  1 -0.43006  3.24066e-03 |  2  0.37341  6.23050e-03 |  3 -0.12644  7.28953e-03
  4 -0.01861  6.72308e-03 |  5 -0.70158  5.50321e-04 |  6 -0.60467  1.30445e-03
  7  0.37991  5.34341e-03 |  8 -0.19127  8.99060e-03 |  9  0.03150  6.38993e-03
 10 -0.59467  8.00847e-04 | 11 -0.62668  1.33524e-03 | 12 -0.16617 -5.78128e-03
 13 -0.00518  5.31946e-05 | 14 -0.00527 -7.38386e-05 | 15 -0.00536  6.54565e-05
 16 -0.00544  3.44754e-05 | 17 -0.00551 -7.87569e-05 | 18 -0.00557  6.54493e-05
 19 -0.00563  3.12937e-05 | 20 -0.00568 -5.57414e-05 | 21 -0.00571  2.49829e-05
 22 -0.00573 -3.48577e-05 | 23 -0.00574  3.23559e-05 | 24 -0.00573  5.15887e-05
 25 -0.00571  2.41424e-05 | 26 -0.00567 -9.22095e-06 | 27 -0.00562  1.93908e-05
 28 -0.00554 -2.07584e-05 | 29 -0.00544  3.43029e-05 | 30 -0.00532  2.89096e-05
 31 -0.00518  8.31696e-05 | 32 -0.00501  4.07247e-05 | 33 -0.00482  1.19500e-05
 34 -0.00461  7.95769e-05 | 35 -0.00437  2.23947e-05 | 36 -0.00411  2.70952e-05
 37 -0.00381  1.05645e-04 | 38 -0.00348  6.99938e-05 | 39 -0.00312  1.35050e-04
 40 -0.00273 -5.29769e-05 | 41 -0.00231  4.88683e-05 | 42 -0.00187  8.99563e-06
 43 -0.00141  1.30624e-05 | 44 -0.00093 -4.04643e-05 | 45 -0.00044 -1.52115e-05
 46  0.00004 -1.05581e-06 | 47  0.00052  3.89432e-05 | 48  0.00097  1.60703e-05
 49  0.00138  3.38382e-06 | 50  0.00175  9.25514e-06 | 51  0.00205 -3.49246e-06
 52  0.00229  3.02890e-05 | 53  0.00245 -2.62548e-05 | 54  0.00253 -8.79620e-06
 55  0.00255  1.28654e-06 | 56  0.00252  4.22571e-06 | 57  0.00246  6.74479e-05
 58  0.00240 -1.00810e-05 | 59  0.00237 -2.51408e-05 | 60  0.00242 -5.40651e-05
 61  0.00256  6.84777e-05 | 62  0.00284 -9.87837e-05 | 63  0.00330 -9.18398e-05
 64  0.00397 -6.13462e-05 | 65  0.00488 -7.79854e-05 | 66  0.00608 -2.76112e-05
 67  0.00760 -9.83317e-05 | 68  0.00944 -3.46412e-04 | 69  0.01163 -1.87029e-04
 70  0.01415  6.22309e-05 | 71  0.01698 -2.93570e-04 | 72  0.02004 -1.62874e-04
 73  0.02322 -1.55348e-04 | 74  0.02636 -1.42878e-04 | 75  0.02926 -1.97605e-04
 76  0.03166 -3.08046e-04 | 77  0.03337 -2.17957e-04 | 78  0.03427 -3.28714e-04
 79  0.03433 -3.28207e-04 | 80  0.03368 -4.87003e-04 | 81  0.03244 -2.55255e-04
 82  0.03067 -5.05297e-04 | 83  0.02832 -3.99047e-04 | 84  0.02529 -5.55576e-04
 85  0.02153 -3.48781e-04 | 86  0.01717 -3.90535e-04 | 87  0.01258 -5.17375e-04
 88  0.00823 -6.02744e-04 | 89  0.00454 -6.11553e-04 | 90  0.00163 -6.40910e-04
 91 -0.00069 -6.69877e-04 | 92 -0.00274 -7.48585e-04 | 93 -0.00462 -7.80814e-04
 94 -0.00586 -7.39507e-04 | 95 -0.00637 -6.99466e-04 | 96 -0.00706 -8.12304e-04
 97 -0.00640 -7.37289e-04 | 98 -0.00489 -7.32002e-04 | 99 -0.00219 -7.57127e-04
100 -0.00267 -8.31948e-04 |101 -0.00410 -8.79479e-04 |102 -0.00595 -1.03430e-03
103 -0.01352 -9.41654e-04 |104 -0.01340 -9.33539e-04 |105  0.00196 -1.17734e-03
106 -0.00018 -1.27434e-03 |107 -0.02072 -1.22843e-03 |108 -0.00350 -1.52387e-03
109  0.05110 -2.18308e-03 |110  0.00876 -1.84495e-03 |111 -0.03103 -1.26417e-03
112 -0.01373 -1.65205e-03 |113  0.00016 -1.88643e-03 |114  0.01858 -2.13118e-03
115 -0.01277 -1.71348e-03 |116 -0.07400 -8.55765e-04 |117 -0.08888 -2.65838e-04
118 -0.08633  2.83638e-04 |119 -0.04249  9.59893e-04 |120  0.06314  4.03157e-03
121  0.01853  3.91345e-03 |122  0.00589  4.05896e-03 |123 -0.03691  3.36282e-03
124 -0.07567  2.36452e-03 |125 -0.01855  3.21876e-03 |126 -0.00866  3.13007e-03
127 -0.03879  1.54893e-03 |128  0.01335  1.84882e-03 |129  0.06437  1.63029e-03
130 -0.00106  5.18984e-04 |131  0.08032  4.18163e-04 |132  0.00499  2.66278e-04
133  0.13286  1.63737e-04 |134 -0.00859 -4.33392e-06 |135 -0.05004 -5.88589e-05
136 -0.06054 -2.08852e-04 |137 -0.02382  1.31632e-06 |138  0.09397  2.19806e-04
139  0.03002 -4.23068e-05 |140  0.01639  6.38841e-05 |141 -0.02903 -2.98226e-05
142 -0.01726 -1.06968e-04 |143 -0.00778 -2.20344e-04 |144 -0.00046 -3.92473e-07
145  0.38883 -1.07421e-03 |146  0.29580  2.67195e-03 |147 -0.16716  8.59408e-03
148 -0.00391 -2.37608e-05 |149 -0.13843  6.00703e-05 |150 -1.37585 -6.77464e-05
151 -0.47124 -6.63811e-06 |152  0.31135 -1.33300e-05 |153  0.04692  2.59324e-04
154 -0.22794  5.76733e-05 |155  0.19315 -5.05951e-03 |156  0.25950  7.86445e-03
157  0.17878 -2.19298e-03 |158  0.25384  2.93811e-03 |159  0.00284 -3.76674e-04
160 -0.09377 -1.00054e-03 |161  0.11685 -2.01344e-03 |162  0.29686  4.55746e-03
163  0.17683 -1.82330e-03 |164  0.24705  2.90081e-03 |165 -0.34490 -1.87517e-04
166  0.24454  2.57170e-04 |167  0.05164 -5.82401e-04 |168 -0.18537 -3.75447e-03
169  0.19490 -3.43924e-04 |170  0.31443  3.16844e-04 |171  0.07928 -1.71134e-03
172 -0.54161  8.51745e-07 |173 -0.36787  3.82068e-05 |174  0.24022  1.01758e-04
175  0.07079  4.95212e-04 |176 -0.11275 -1.48737e-03 |177  0.22408 -9.68789e-03
178  0.16893  2.65615e-03 |179 -0.05011  2.32610e-04 |180  0.01561  1.57048e-04
181 -0.05873 -3.33027e-05 |182 -0.15994  2.42717e-05 |183  0.28021  3.48388e-04
184 -0.47404  2.52159e-05 |185  0.02166 -3.96565e-04 |186  0.38889  1.59918e-04
187  0.01427 -2.82750e-04 |188 -0.14941 -1.71935e-04 |189  0.10163 -8.34551e-03
190  0.16757 -1.60412e-02 |191  0.21923  4.17080e-03 |192  0.25674  2.06293e-02
193  0.02331 -6.86941e-03 |194 -0.01108 -3.81696e-03 |195 -0.17195 -4.31174e-03
196 -0.11031 -6.96766e-03 |197 -0.55363  6.18328e-04 |198  0.17122  1.76107e-04
199  0.09415  8.82098e-03 |200 -0.26076  2.26875e-03 |
200 variables; iteration 500; function evaluation 681; phase 4
Function value 7.2493006e+03; maximum gradient component mag -1.5508e-02
Var    Value     Gradient |Var    Value     Gradient |Var    Value     Gradient
  1 -0.43006  1.21374e-02 |  2  0.37341  1.37633e-03 |  3 -0.12644  4.77177e-03
  4 -0.01862  2.22870e-03 |  5 -0.70158  1.15380e-04 |  6 -0.60467  1.79546e-03
  7  0.37992  6.16518e-04 |  8 -0.19127  3.32008e-03 |  9  0.03150  1.27109e-03
 10 -0.59468 -4.72195e-05 | 11 -0.62668  1.49574e-03 | 12 -0.16617 -1.55079e-02
 13 -0.00518 -1.11547e-04 | 14 -0.00527 -1.47444e-04 | 15 -0.00536 -1.35033e-04
 16 -0.00544 -1.21057e-04 | 17 -0.00551 -1.70657e-04 | 18 -0.00558 -1.55013e-04
 19 -0.00563 -1.37502e-04 | 20 -0.00568 -1.96706e-04 | 21 -0.00571 -1.15507e-04
 22 -0.00573 -1.72232e-04 | 23 -0.00574 -1.71907e-04 | 24 -0.00573 -1.27374e-04
 25 -0.00571 -1.83297e-04 | 26 -0.00567 -1.59004e-04 | 27 -0.00562 -1.71609e-04
 28 -0.00554 -1.79628e-04 | 29 -0.00544 -2.00508e-04 | 30 -0.00532 -1.69495e-04
 31 -0.00518 -1.82432e-04 | 32 -0.00501 -1.67334e-04 | 33 -0.00482 -1.99128e-04
 34 -0.00461 -1.89108e-04 | 35 -0.00437 -2.09870e-04 | 36 -0.00411 -2.26674e-04
 37 -0.00381 -2.15037e-04 | 38 -0.00348 -1.84724e-04 | 39 -0.00312 -2.03955e-04
 40 -0.00273 -2.68194e-04 | 41 -0.00231 -2.48996e-04 | 42 -0.00187 -2.66376e-04
 43 -0.00141 -2.64769e-04 | 44 -0.00093 -2.88029e-04 | 45 -0.00044 -2.74881e-04
 46  0.00004 -3.03601e-04 | 47  0.00052 -2.89216e-04 | 48  0.00097 -3.09062e-04
 49  0.00138 -3.20867e-04 | 50  0.00175 -3.26020e-04 | 51  0.00205 -3.35117e-04
 52  0.00229 -3.29679e-04 | 53  0.00245 -3.73620e-04 | 54  0.00253 -3.87888e-04
 55  0.00255 -3.88212e-04 | 56  0.00252 -3.89045e-04 | 57  0.00246 -3.55189e-04
 58  0.00240 -4.14730e-04 | 59  0.00237 -4.30141e-04 | 60  0.00242 -4.43287e-04
 61  0.00256 -4.20610e-04 | 62  0.00284 -4.61114e-04 | 63  0.00330 -4.79376e-04
 64  0.00397 -4.70785e-04 | 65  0.00488 -4.72773e-04 | 66  0.00608 -4.85544e-04
 67  0.00760 -5.04591e-04 | 68  0.00944 -5.86726e-04 | 69  0.01163 -5.61567e-04
 70  0.01415 -4.62128e-04 | 71  0.01698 -6.02741e-04 | 72  0.02004 -6.03709e-04
 73  0.02322 -6.28513e-04 | 74  0.02636 -6.34095e-04 | 75  0.02926 -7.05173e-04
 76  0.03166 -7.04408e-04 | 77  0.03337 -7.02585e-04 | 78  0.03427 -7.47994e-04
 79  0.03433 -7.56362e-04 | 80  0.03368 -8.01678e-04 | 81  0.03244 -7.07410e-04
 82  0.03067 -7.79028e-04 | 83  0.02832 -7.06361e-04 | 84  0.02529 -7.43141e-04
 85  0.02153 -6.41245e-04 | 86  0.01717 -6.35889e-04 | 87  0.01258 -6.09864e-04
 88  0.00823 -5.96628e-04 | 89  0.00454 -5.61260e-04 | 90  0.00163 -5.60946e-04
 91 -0.00069 -4.92262e-04 | 92 -0.00274 -4.67583e-04 | 93 -0.00462 -4.05173e-04
 94 -0.00586 -3.20230e-04 | 95 -0.00637 -2.11256e-04 | 96 -0.00706 -1.65718e-04
 97 -0.00640  1.44597e-05 | 98 -0.00489  1.30537e-04 | 99 -0.00219  2.87134e-04
100 -0.00267  4.73586e-04 |101 -0.00409  5.93962e-04 |102 -0.00595  6.85277e-04
103 -0.01351  9.20714e-04 |104 -0.01340  1.17786e-03 |105  0.00196  1.48350e-03
106 -0.00018  1.64935e-03 |107 -0.02072  1.44732e-03 |108 -0.00350  1.60550e-03
109  0.05110  2.58750e-03 |110  0.00876  1.72897e-03 |111 -0.03103  1.12061e-03
112 -0.01372  1.07970e-03 |113  0.00016  9.26810e-04 |114  0.01858  6.91211e-04
115 -0.01277  1.84966e-04 |116 -0.07400 -3.22758e-05 |117 -0.08888 -5.23152e-05
118 -0.08633 -1.18886e-05 |119 -0.04249 -5.50778e-05 |120  0.06314  1.69301e-04
121  0.01853  4.24762e-04 |122  0.00589  6.47945e-04 |123 -0.03691  6.40610e-04
124 -0.07567  4.23732e-04 |125 -0.01855  5.70428e-04 |126 -0.00866  5.85686e-04
127 -0.03879  2.73366e-04 |128  0.01335  2.75245e-04 |129  0.06437  2.74263e-04
130 -0.00107  5.08414e-05 |131  0.08032 -1.21458e-04 |132  0.00498 -6.88258e-05
133  0.13286  2.17583e-05 |134 -0.00859 -3.06946e-05 |135 -0.05004 -2.23333e-06
136 -0.06054 -1.73488e-05 |137 -0.02382  6.39062e-05 |138  0.09397  2.77342e-05
139  0.03002 -1.19592e-04 |140  0.01639  7.79319e-05 |141 -0.02903 -8.51817e-05
142 -0.01726 -3.72812e-05 |143 -0.00778 -4.84293e-05 |144 -0.00046  4.06111e-08
145  0.38883 -1.50433e-04 |146  0.29580 -4.58096e-04 |147 -0.16830  8.04863e-03
148 -0.07378 -3.72833e-04 |149 -0.12571  1.86918e-04 |150 -1.37502  1.39347e-05
151 -0.47123  6.18927e-05 |152  0.31136  3.15738e-06 |153  0.04692  1.68994e-04
154 -0.22794  1.87742e-05 |155  0.19315 -1.25612e-03 |156  0.25950  1.80350e-03
157  0.17878 -4.45347e-04 |158  0.25384  6.21109e-04 |159  0.00283  1.58788e-05
160 -0.09377 -1.08829e-03 |161  0.11685 -6.10665e-04 |162  0.29686  8.55549e-04
163  0.17683 -2.06074e-04 |164  0.24705  4.49661e-04 |165 -0.34490  4.70142e-05
166  0.24454 -3.62062e-04 |167  0.05164 -4.46149e-04 |168 -0.18537 -8.03181e-04
169  0.19490  8.50992e-05 |170  0.31443  4.01272e-05 |171  0.07928 -2.64542e-05
172 -0.54160  1.78896e-06 |173 -0.36787  4.01326e-05 |174  0.24022 -8.89289e-05
175  0.07079 -2.35799e-05 |176 -0.11275  3.15514e-04 |177  0.22669 -9.36108e-03
178  0.16771  3.71825e-03 |179 -0.04712 -1.49055e-04 |180  0.00881 -1.32498e-04
181 -0.11211 -1.10687e-04 |182 -0.15766 -8.93725e-05 |183  0.25686 -1.79472e-04
184 -0.47447 -6.26116e-06 |185  0.02166  6.08745e-05 |186  0.38889 -2.82107e-05
187  0.01427  5.14536e-05 |188 -0.14941  9.47872e-05 |189  0.10163 -2.71901e-04
190  0.16757 -3.75373e-03 |191  0.21923 -9.69840e-04 |192  0.25674  4.51848e-03
193  0.02331 -1.81617e-03 |194 -0.01108 -5.87538e-04 |195 -0.17195 -2.00890e-03
196 -0.11031 -6.49485e-03 |197 -0.55363 -1.58401e-05 |198  0.17122 -5.61241e-05
199  0.09415 -5.67266e-04 |200 -0.26076 -6.18756e-05 |
200 variables; iteration 520; function evaluation 708; phase 4
Function value 7.2493004e+03; maximum gradient component mag 1.9977e+00
Var    Value     Gradient |Var    Value     Gradient |Var    Value     Gradient
  1 -0.43006  4.88835e-01 |  2  0.37341  4.31080e-01 |  3 -0.12644  6.05740e-01
  4 -0.01861  5.70720e-01 |  5 -0.70158  7.18222e-02 |  6 -0.60467  2.49350e-01
  7  0.37991  3.92544e-01 |  8 -0.19127  6.81294e-01 |  9  0.03152  5.15949e-01
 10 -0.59468  7.56753e-02 | 11 -0.62668  8.27666e-02 | 12 -0.16613 -6.71664e-01
 13 -0.00519 -2.56473e-03 | 14 -0.00529 -6.50880e-03 | 15 -0.00534  2.91228e-03
 16 -0.00544 -8.25874e-04 | 17 -0.00553 -6.33919e-03 | 18 -0.00557  6.51048e-04
 19 -0.00565 -5.52831e-03 | 20 -0.00570 -6.87183e-03 | 21 -0.00571 -6.58675e-04
 22 -0.00575 -5.72846e-03 | 23 -0.00574 -2.05346e-03 | 24 -0.00574 -3.36576e-03
 25 -0.00571 -8.76696e-04 | 26 -0.00568 -3.97724e-03 | 27 -0.00562 -3.68209e-03
 28 -0.00555 -5.47875e-03 | 29 -0.00542  2.11497e-03 | 30 -0.00533 -3.78204e-03
 31 -0.00516  1.59768e-03 | 32 -0.00502 -3.50832e-03 | 33 -0.00480  3.62144e-03
 34 -0.00462 -4.89099e-03 | 35 -0.00436  1.32017e-03 | 36 -0.00410 -3.50229e-04
 37 -0.00382 -5.49581e-03 | 38 -0.00347  3.63830e-05 | 39 -0.00315 -1.07804e-02
 40 -0.00271  2.63815e-03 | 41 -0.00234 -8.17933e-03 | 42 -0.00186 -9.80998e-04
 43 -0.00142 -5.11133e-03 | 44 -0.00092 -5.80051e-04 | 45 -0.00044 -3.05643e-03
 46  0.00004 -5.23917e-03 | 47  0.00052 -3.43928e-03 | 48  0.00097 -3.53263e-03
 49  0.00139 -1.70075e-03 | 50  0.00175 -4.08013e-03 | 51  0.00207 -1.43330e-03
 52  0.00229 -3.57587e-03 | 53  0.00247 -1.04819e-03 | 54  0.00253 -4.89435e-03
 55  0.00254 -8.43484e-03 | 56  0.00250 -9.00136e-03 | 57  0.00245 -6.49642e-03
 58  0.00238 -1.09090e-02 | 59  0.00236 -9.18378e-03 | 60  0.00242 -5.02335e-03
 61  0.00251 -1.73259e-02 | 62  0.00285 -4.13622e-03 | 63  0.00330 -7.72319e-03
 64  0.00396 -8.92076e-03 | 65  0.00489 -5.30121e-03 | 66  0.00608 -9.72557e-03
 67  0.00760 -8.00688e-03 | 68  0.00940 -1.75500e-02 | 69  0.01162 -1.27251e-02
 70  0.01422  3.40075e-03 | 71  0.01697 -1.23095e-02 | 72  0.02003 -1.39224e-02
 73  0.02322 -1.22162e-02 | 74  0.02637 -1.24382e-02 | 75  0.02924 -1.78068e-02
 76  0.03166 -1.56525e-02 | 77  0.03337 -1.78798e-02 | 78  0.03424 -2.26400e-02
 79  0.03431 -2.32098e-02 | 80  0.03363 -2.90369e-02 | 81  0.03247 -1.57313e-02
 82  0.03062 -2.91710e-02 | 83  0.02831 -2.29568e-02 | 84  0.02526 -2.76059e-02
 85  0.02155 -1.87957e-02 | 86  0.01721 -1.54935e-02 | 87  0.01259 -2.01072e-02
 88  0.00822 -2.46267e-02 | 89  0.00454 -2.24211e-02 | 90  0.00161 -2.90853e-02
 91 -0.00069 -2.73802e-02 | 92 -0.00277 -3.38960e-02 | 93 -0.00463 -3.08806e-02
 94 -0.00585 -2.64410e-02 | 95 -0.00640 -4.06811e-02 | 96 -0.00707 -3.72338e-02
 97 -0.00642 -4.26891e-02 | 98 -0.00489 -4.33749e-02 | 99 -0.00219 -4.55202e-02
100 -0.00265 -4.60309e-02 |101 -0.00408 -5.15739e-02 |102 -0.00597 -6.83440e-02
103 -0.01350 -6.12663e-02 |104 -0.01339 -7.20624e-02 |105  0.00197 -9.14792e-02
106 -0.00016 -1.01393e-01 |107 -0.02071 -1.01697e-01 |108 -0.00354 -1.45211e-01
109  0.05114 -2.28904e-01 |110  0.00875 -1.96825e-01 |111 -0.03102 -1.55940e-01
112 -0.01371 -1.98249e-01 |113  0.00016 -2.43620e-01 |114  0.01860 -2.85625e-01
115 -0.01276 -2.16271e-01 |116 -0.07398 -1.14555e-01 |117 -0.08887 -7.16055e-02
118 -0.08630 -1.38547e-02 |119 -0.04248  6.89099e-02 |120  0.06315  3.78865e-01
121  0.01853  3.85746e-01 |122  0.00590  4.13659e-01 |123 -0.03689  3.24184e-01
124 -0.07566  2.35121e-01 |125 -0.01855  3.34368e-01 |126 -0.00863  3.09965e-01
127 -0.03880  1.69794e-01 |128  0.01338  1.72376e-01 |129  0.06438  1.42855e-01
130 -0.00104  4.21038e-02 |131  0.08033  2.30979e-02 |132  0.00500  5.83346e-03
133  0.13288 -2.40542e-03 |134 -0.00857 -2.72251e-04 |135 -0.05004 -6.77029e-03
136 -0.06055 -5.84595e-03 |137 -0.02380  3.50037e-03 |138  0.09400  7.26951e-03
139  0.03001 -6.90175e-03 |140  0.01641  6.78280e-03 |141 -0.02902  2.22811e-03
142 -0.01725  9.94981e-04 |143 -0.00781 -8.70559e-03 |144 -0.00046 -7.01341e-04
145  0.38877 -2.79723e-02 |146  0.29573  9.96466e-02 |147 -0.16429  7.26824e-01
148 -0.22716 -1.17121e-03 |149 -0.16194  2.15392e-02 |150 -1.39089 -1.55632e-03
151 -0.47123  8.49593e-03 |152  0.31139  2.10399e-03 |153  0.04692  2.97270e-02
154 -0.22793  4.05752e-03 |155  0.19315 -4.93246e-01 |156  0.25950  7.19517e-01
157  0.17878 -2.15199e-01 |158  0.25384  2.89694e-01 |159  0.00284 -3.75127e-02
160 -0.09377 -6.93483e-02 |161  0.11686 -2.02770e-01 |162  0.29687  4.14951e-01
163  0.17682 -1.76679e-01 |164  0.24704  2.51714e-01 |165 -0.34490 -5.97750e-04
166  0.24453 -1.36464e-02 |167  0.05164 -2.55506e-02 |168 -0.18538 -9.74936e-02
169  0.19483 -1.66055e-02 |170  0.31442  6.99205e-03 |171  0.07929 -3.43456e-02
172 -0.53996  1.40902e-04 |173 -0.36790  5.57267e-03 |174  0.24021 -8.25970e-03
175  0.07080  3.89195e-02 |176 -0.11276  1.63888e-02 |177  0.24428 -4.01859e-01
178  0.16408 -1.53914e-01 |179  0.03504  1.03857e-01 |180 -0.01692  2.03039e-02
181 -0.24921 -1.18063e-03 |182 -0.14535  1.20967e-03 |183  0.28152  7.70134e-04
184 -0.47318 -1.37996e-05 |185  0.02166 -6.34213e-03 |186  0.38890 -1.06482e-02
187  0.01426 -1.93344e-02 |188 -0.14941 -1.93277e-02 |189  0.10162 -3.57710e-01
190  0.16757 -1.56120e+00 |191  0.21923  1.82691e-01 |192  0.25674  1.99770e+00
193  0.02331 -3.14577e-01 |194 -0.01108 -3.32842e-01 |195 -0.17195 -2.16488e-01
196 -0.11032 -6.23211e-01 |197 -0.55365  2.37583e-02 |198  0.17122  3.65353e-03
199  0.09417  3.21092e-01 |200 -0.26076  8.64837e-02 |
200 variables; iteration 540; function evaluation 745; phase 4
Function value 7.2491803e+03; maximum gradient component mag 2.0998e+02
Var    Value     Gradient |Var    Value     Gradient |Var    Value     Gradient
  1 -0.43004 -6.14995e+00 |  2  0.37339 -2.95425e+00 |  3 -0.12649 -6.74353e+00
  4 -0.01856 -4.21835e+00 |  5 -0.70160 -2.15287e-01 |  6 -0.60467  8.79126e-01
  7  0.37991 -2.47529e+00 |  8 -0.19130 -5.00622e+00 |  9  0.03153 -3.57837e+00
 10 -0.59474 -3.02999e-01 | 11 -0.62667 -3.61129e+00 | 12 -0.16605  2.46404e+01
 13 -0.00527  7.76917e-03 | 14 -0.00523  4.21250e-02 | 15 -0.00555 -1.66839e-02
 16 -0.00563 -1.52308e-02 | 17 -0.00542  6.05207e-02 | 18 -0.00561  2.73228e-02
 19 -0.00573  1.37706e-02 | 20 -0.00543  1.03959e-01 | 21 -0.00578  2.35988e-02
 22 -0.00562  7.23460e-02 | 23 -0.00582  2.39187e-02 | 24 -0.00567  6.42831e-02
 25 -0.00582  2.01251e-02 | 26 -0.00564  5.84436e-02 | 27 -0.00552  7.76636e-02
 28 -0.00541  8.64537e-02 | 29 -0.00571 -1.17623e-02 | 30 -0.00517  9.73712e-02
 31 -0.00559 -4.52368e-02 | 32 -0.00472  1.39292e-01 | 33 -0.00519 -2.49970e-02
 34 -0.00436  1.36424e-01 | 35 -0.00467 -3.67132e-04 | 36 -0.00402  1.01410e-01
 37 -0.00364  1.25545e-01 | 38 -0.00335  1.20379e-01 | 39 -0.00269  2.00428e-01
 40 -0.00310  3.47038e-03 | 41 -0.00223  1.24420e-01 | 42 -0.00205  6.37298e-02
 43 -0.00127  1.48928e-01 | 44 -0.00113  7.35521e-02 | 45 -0.00034  1.54845e-01
 46  0.00012  1.57975e-01 | 47  0.00065  1.79757e-01 | 48  0.00078  1.10656e-01
 49  0.00129  1.44404e-01 | 50  0.00174  1.76953e-01 | 51  0.00186  1.43579e-01
 52  0.00232  2.13491e-01 | 53  0.00199  1.08489e-01 | 54  0.00231  1.80532e-01
 55  0.00261  2.66747e-01 | 56  0.00257  2.82054e-01 | 57  0.00252  3.02026e-01
 58  0.00252  3.37286e-01 | 59  0.00237  3.27276e-01 | 60  0.00223  3.08171e-01
 61  0.00298  4.80337e-01 | 62  0.00261  3.48623e-01 | 63  0.00329  4.33737e-01
 64  0.00396  4.68599e-01 | 65  0.00496  5.24675e-01 | 66  0.00608  5.46453e-01
 67  0.00765  6.05570e-01 | 68  0.00954  6.64251e-01 | 69  0.01164  7.00320e-01
 70  0.01420  7.69426e-01 | 71  0.01716  8.68129e-01 | 72  0.02014  9.23193e-01
 73  0.02323  9.84728e-01 | 74  0.02636  1.06783e+00 | 75  0.02927  1.16117e+00
 76  0.03178  1.27003e+00 | 77  0.03336  1.33224e+00 | 78  0.03420  1.40460e+00
 79  0.03427  1.47877e+00 | 80  0.03373  1.56719e+00 | 81  0.03239  1.60910e+00
 82  0.03072  1.68270e+00 | 83  0.02832  1.71571e+00 | 84  0.02536  1.76343e+00
 85  0.02151  1.76507e+00 | 86  0.01716  1.77332e+00 | 87  0.01267  1.79385e+00
 88  0.00836  1.79276e+00 | 89  0.00462  1.77197e+00 | 90  0.00159  1.72898e+00
 91 -0.00034  1.81478e+00 | 92 -0.00258  1.74284e+00 | 93 -0.00441  1.71448e+00
 94 -0.00584  1.61294e+00 | 95 -0.00605  1.62943e+00 | 96 -0.00710  1.44598e+00
 97 -0.00633  1.37883e+00 | 98 -0.00486  1.24163e+00 | 99 -0.00225  1.06596e+00
100 -0.00252  8.95193e-01 |101 -0.00417  5.63911e-01 |102 -0.00587  2.88106e-01
103 -0.01370 -1.25190e-01 |104 -0.01353 -4.78407e-01 |105  0.00189 -9.62320e-01
106 -0.00031 -1.38939e+00 |107 -0.02080 -1.51715e+00 |108 -0.00352 -2.06346e+00
109  0.05105 -3.52723e+00 |110  0.00875 -2.67331e+00 |111 -0.03104 -1.96995e+00
112 -0.01371 -2.15535e+00 |113  0.00018 -2.15999e+00 |114  0.01869 -2.08062e+00
115 -0.01261 -1.26935e+00 |116 -0.07388 -5.96627e-01 |117 -0.08881 -4.35119e-01
118 -0.08629 -4.18747e-01 |119 -0.04238 -6.33739e-01 |120  0.06319 -1.89557e+00
121  0.01843 -1.67377e+00 |122  0.00573 -1.71937e+00 |123 -0.03719 -1.32305e+00
124 -0.07588 -9.41139e-01 |125 -0.01871 -1.31210e+00 |126 -0.00890 -1.23686e+00
127 -0.03883 -7.03352e-01 |128  0.01325 -7.16948e-01 |129  0.06432 -6.19052e-01
130 -0.00104 -1.86244e-01 |131  0.08035 -1.20176e-01 |132  0.00498 -2.90577e-02
133  0.13281 -7.93382e-02 |134 -0.00854  2.28963e-02 |135 -0.04996  3.02924e-02
136 -0.06042  4.72400e-02 |137 -0.02386 -1.23925e-02 |138  0.09395 -5.82612e-03
139  0.03006  1.62434e-02 |140  0.01635 -1.61296e-02 |141 -0.02906 -1.29258e-02
142 -0.01723  1.07553e-02 |143 -0.00761  3.84963e-02 |144 -0.00041  1.19272e-02
145  0.38856  6.83239e-01 |146  0.29588 -7.71758e-01 |147 -0.16040 -5.46816e+00
148  0.10078  4.64870e-01 |149 -0.51723 -3.31843e-03 |150 -1.19960  9.39420e-03
151 -0.47064 -5.67897e-03 |152  0.31143 -2.42049e-02 |153  0.04669 -1.29869e-01
154 -0.22795  1.03487e-02 |155  0.19320  2.34434e+00 |156  0.25951 -3.42750e+00
157  0.17887  1.41959e+00 |158  0.25386 -1.58947e+00 |159  0.00274  3.61642e-01
160 -0.09375  1.27574e+00 |161  0.11691  1.20192e+00 |162  0.29688 -2.08100e+00
163  0.17690  1.27914e+00 |164  0.24708 -1.52127e+00 |165 -0.34497  7.99223e-02
166  0.24455 -1.01324e-02 |167  0.05170  3.93205e-01 |168 -0.18534  2.37535e+00
169  0.19514  3.33878e-01 |170  0.31444 -2.51008e-01 |171  0.07923  1.42180e+00
172 -0.56397 -1.50314e-03 |173 -0.36797  3.58215e-02 |174  0.24016 -2.17351e-01
175  0.07084 -3.04255e-01 |176 -0.11278  5.47154e-01 |177  0.24895  2.09978e+02
178  0.14353 -2.05890e-01 |179 -0.35406  1.21156e+00 |180 -0.15374 -7.73792e-04
181 -1.22998  8.31423e-03 |182 -0.04771  2.96048e-02 |183  0.01465 -8.84630e-01
184 -0.46999 -1.88449e-03 |185  0.02166 -3.52005e-02 |186  0.38895  8.74083e-02
187  0.01424  2.04742e-02 |188 -0.14939  5.39123e-02 |189  0.10163  6.83757e+00
190  0.16759  7.97435e+00 |191  0.21923 -2.16632e+00 |192  0.25673 -8.99293e+00
193  0.02332  7.93490e+00 |194 -0.01109  2.38663e+00 |195 -0.17192  6.36836e+00
196 -0.11026  9.48549e+00 |197 -0.55365 -2.21284e-01 |198  0.17115 -7.30990e-03
199  0.09394 -2.69322e+00 |200 -0.26057 -6.82980e-01 |
200 variables; iteration 560; function evaluation 770; phase 4
Function value 7.2490047e+03; maximum gradient component mag -3.1545e+01
Var    Value     Gradient |Var    Value     Gradient |Var    Value     Gradient
  1 -0.43070  1.64035e-01 |  2  0.37360 -4.64636e-02 |  3 -0.12631 -4.37723e-02
  4 -0.01915 -3.66781e-02 |  5 -0.70114  2.43924e-03 |  6 -0.60467  7.06116e-02
  7  0.37998 -3.98906e-02 |  8 -0.19155 -6.68736e-02 |  9  0.03152 -4.54934e-02
 10 -0.59479  4.94386e-04 | 11 -0.62660 -5.32267e-02 | 12 -0.16891  2.85281e-01
 13 -0.00487  5.73779e-04 | 14 -0.00499 -7.37096e-03 | 15 -0.00501  6.34384e-03
 16 -0.00511 -1.75492e-03 | 17 -0.00520 -6.45282e-03 | 18 -0.00520  7.01197e-03
 19 -0.00530 -6.72577e-03 | 20 -0.00533 -4.21043e-03 | 21 -0.00535 -4.18486e-03
 22 -0.00537 -5.44763e-03 | 23 -0.00535  4.79464e-04 | 24 -0.00537 -7.83527e-03
 25 -0.00531 -6.65407e-04 | 26 -0.00528 -6.61416e-03 | 27 -0.00520 -1.98461e-03
 28 -0.00514 -9.39753e-03 | 29 -0.00499  6.20381e-04 | 30 -0.00489 -4.77587e-03
 31 -0.00471  7.92473e-04 | 32 -0.00457 -5.30212e-03 | 33 -0.00437 -4.22742e-03
 34 -0.00414 -1.79443e-03 | 35 -0.00391 -5.35413e-03 | 36 -0.00362 -2.01958e-03
 37 -0.00332 -7.19173e-04 | 38 -0.00300 -6.20154e-03 | 39 -0.00263 -2.64472e-03
 40 -0.00224 -4.93739e-03 | 41 -0.00182 -3.30953e-03 | 42 -0.00138 -3.85011e-03
 43 -0.00091 -3.35364e-03 | 44 -0.00044 -4.61610e-03 | 45  0.00004 -4.58168e-03
 46  0.00053 -2.42864e-03 | 47  0.00099 -3.31284e-03 | 48  0.00142 -5.77738e-03
 49  0.00183 -4.16372e-03 | 50  0.00218 -3.88162e-03 | 51  0.00246 -5.79251e-03
 52  0.00268 -5.42952e-03 | 53  0.00282 -4.82128e-03 | 54  0.00289 -2.70635e-03
 55  0.00288 -3.17358e-03 | 56  0.00281 -3.81625e-03 | 57  0.00273 -1.42098e-03
 58  0.00263 -3.27969e-03 | 59  0.00258 -2.28415e-03 | 60  0.00259 -1.46331e-03
 61  0.00271  1.93950e-03 | 62  0.00294 -1.17826e-03 | 63  0.00337  6.40849e-04
 64  0.00400  1.18880e-04 | 65  0.00488  1.34520e-03 | 66  0.00604  1.52482e-03
 67  0.00752  2.84184e-03 | 68  0.00933  4.47248e-03 | 69  0.01147  4.53341e-03
 70  0.01394  4.26339e-03 | 71  0.01672  7.08754e-03 | 72  0.01972  7.18837e-03
 73  0.02284  8.64088e-03 | 74  0.02592  9.17605e-03 | 75  0.02875  1.11453e-02
 76  0.03110  1.34162e-02 | 77  0.03275  1.42968e-02 | 78  0.03359  1.63676e-02
 79  0.03361  1.67124e-02 | 80  0.03292  1.86729e-02 | 81  0.03164  1.88479e-02
 82  0.02985  2.26777e-02 | 83  0.02747  2.15625e-02 | 84  0.02443  2.43865e-02
 85  0.02064  2.33490e-02 | 86  0.01628  2.45556e-02 | 87  0.01168  2.60989e-02
 88  0.00733  2.65888e-02 | 89  0.00364  2.73154e-02 | 90  0.00074  2.96871e-02
 91 -0.00157  3.12416e-02 | 92 -0.00362  3.12327e-02 | 93 -0.00548  3.08541e-02
 94 -0.00669  3.09463e-02 | 95 -0.00716  2.95593e-02 | 96 -0.00778  2.95578e-02
 97 -0.00706  2.56401e-02 | 98 -0.00545  2.71727e-02 | 99 -0.00266  2.77637e-02
100 -0.00301  2.77852e-02 |101 -0.00429  2.70717e-02 |102 -0.00599  2.83930e-02
103 -0.01345  1.93670e-02 |104 -0.01325  1.54847e-02 |105  0.00223  1.71742e-02
106  0.00014  1.28129e-02 |107 -0.02039  9.81039e-03 |108 -0.00313  7.30081e-03
109  0.05145 -1.31324e-03 |110  0.00888 -3.48460e-03 |111 -0.03093 -6.71994e-03
112 -0.01367 -1.02667e-02 |113  0.00007 -1.75075e-02 |114  0.01827 -2.57076e-02
115 -0.01335 -2.24385e-02 |116 -0.07457 -1.73642e-02 |117 -0.08952 -2.06592e-02
118 -0.08697 -2.28842e-02 |119 -0.04308 -2.15151e-02 |120  0.06259 -4.21744e-02
121  0.01817 -2.40471e-02 |122  0.00550 -2.55913e-02 |123 -0.03723 -1.87579e-02
124 -0.07588 -9.76273e-03 |125 -0.01894 -8.97523e-03 |126 -0.00911 -9.49307e-03
127 -0.03929 -2.21516e-03 |128  0.01273 -5.19971e-03 |129  0.06364 -6.77035e-03
130 -0.00159 -2.40196e-03 |131  0.07974 -2.81175e-03 |132  0.00468 -2.21353e-03
133  0.13248 -3.55881e-03 |134 -0.00882 -9.99613e-05 |135 -0.05021  1.24286e-03
136 -0.06064  5.59805e-05 |137 -0.02389 -9.72664e-04 |138  0.09391 -2.42778e-03
139  0.02985  6.01104e-04 |140  0.01636 -1.80977e-03 |141 -0.02905  5.43571e-03
142 -0.01718  3.46334e-03 |143 -0.00789  1.92568e-03 |144 -0.00046  5.94857e-04
145  0.39314  2.07989e-02 |146  0.29955  2.66623e-02 |147 -0.16098 -1.36768e+00
148 -0.03657 -1.74711e-04 |149 -0.64230 -5.23709e-03 |150 -1.37956 -1.65878e-03
151 -0.47127  2.45939e-04 |152  0.31128 -1.61867e-03 |153  0.04694 -1.41913e-03
154 -0.22758  1.86655e-03 |155  0.19365  3.56371e-02 |156  0.25949 -5.61608e-02
157  0.17904  1.58765e-02 |158  0.25384 -2.01568e-02 |159  0.00272 -4.17195e-03
160 -0.09365  2.45132e-04 |161  0.11732  1.22305e-02 |162  0.29682 -3.08636e-02
163  0.17726  1.15262e-02 |164  0.24710 -2.04714e-02 |165 -0.34495 -2.71320e-03
166  0.24456  1.11705e-02 |167  0.05147  1.05528e-02 |168 -0.18514  6.93097e-02
169  0.19586  5.70478e-03 |170  0.31475 -6.12935e-03 |171  0.07937  5.84401e-02
172 -0.54041  1.01543e-04 |173 -0.36734  2.24485e-03 |174  0.24038 -1.03982e-02
175  0.07042 -7.05812e-03 |176 -0.11230  2.46509e-02 |177  0.24936 -3.15445e+01
178  0.13535 -1.11972e-01 |179 -0.81435  4.23143e-03 |180 -0.13574 -6.80213e-04
181 -2.29760 -1.58320e-03 |182 -0.08443 -2.27300e-03 |183  0.29229  1.30428e-03
184 -0.45909  3.98544e-04 |185  0.02212  7.68581e-03 |186  0.38876 -6.30328e-03
187  0.01408 -2.73944e-03 |188 -0.14916 -1.64762e-03 |189  0.10193  2.00114e-01
190  0.16769  1.13659e-01 |191  0.21931 -1.00946e-01 |192  0.25671 -1.12134e-01
193  0.02324  1.67146e-01 |194 -0.01114  3.28135e-02 |195 -0.17170  1.02432e-01
196 -0.11022  9.52885e-02 |197 -0.55379  3.13663e-03 |198  0.17118 -3.35446e-03
199  0.09447  3.42619e-02 |200 -0.26180  1.01926e-02 |
200 variables; iteration 580; function evaluation 798; phase 4
Function value 7.2490021e+03; maximum gradient component mag -6.6648e-01
Var    Value     Gradient |Var    Value     Gradient |Var    Value     Gradient
  1 -0.43070 -6.19177e-02 |  2  0.37358  9.74140e-03 |  3 -0.12633 -8.05378e-03
  4 -0.01909  1.00172e-02 |  5 -0.70131  2.55789e-03 |  6 -0.60467  2.26264e-03
  7  0.37996  1.28360e-02 |  8 -0.19157  8.15762e-03 |  9  0.03159  1.40350e-02
 10 -0.59486  4.08298e-03 | 11 -0.62659 -1.10211e-02 | 12 -0.16863  8.38136e-02
 13 -0.00488  7.67196e-04 | 14 -0.00496  1.16661e-03 | 15 -0.00504  5.48926e-04
 16 -0.00512  7.32080e-04 | 17 -0.00518  1.11666e-03 | 18 -0.00524  6.35273e-04
 19 -0.00528  9.81391e-04 | 20 -0.00532  1.10319e-03 | 21 -0.00535  9.39275e-04
 22 -0.00536  1.13599e-03 | 23 -0.00536  9.57082e-04 | 24 -0.00534  8.28717e-04
 25 -0.00531  9.62125e-04 | 26 -0.00527  1.23280e-03 | 27 -0.00520  1.15833e-03
 28 -0.00511  1.11433e-03 | 29 -0.00501  9.85591e-04 | 30 -0.00488  1.21070e-03
 31 -0.00473  1.21709e-03 | 32 -0.00456  9.99232e-04 | 33 -0.00436  1.18637e-03
 34 -0.00414  1.22979e-03 | 35 -0.00390  1.31414e-03 | 36 -0.00363  1.37649e-03
 37 -0.00332  1.43442e-03 | 38 -0.00299  1.17709e-03 | 39 -0.00263  1.49987e-03
 40 -0.00223  1.59650e-03 | 41 -0.00182  1.72410e-03 | 42 -0.00137  1.76380e-03
 43 -0.00091  1.65800e-03 | 44 -0.00044  1.69039e-03 | 45  0.00005  1.61754e-03
 46  0.00053  1.97360e-03 | 47  0.00100  1.83726e-03 | 48  0.00144  1.94556e-03
 49  0.00184  1.95471e-03 | 50  0.00219  2.04913e-03 | 51  0.00248  1.93131e-03
 52  0.00269  1.94117e-03 | 53  0.00284  2.30733e-03 | 54  0.00290  2.44833e-03
 55  0.00289  2.40170e-03 | 56  0.00283  2.44063e-03 | 57  0.00274  2.25607e-03
 58  0.00265  2.55387e-03 | 59  0.00259  2.61628e-03 | 60  0.00260  2.63141e-03
 61  0.00271  2.83308e-03 | 62  0.00296  2.87594e-03 | 63  0.00339  2.92319e-03
 64  0.00402  2.99216e-03 | 65  0.00490  2.96585e-03 | 66  0.00606  3.28987e-03
 67  0.00754  3.29034e-03 | 68  0.00934  3.58085e-03 | 69  0.01149  3.60488e-03
 70  0.01396  3.50184e-03 | 71  0.01674  3.94668e-03 | 72  0.01975  4.39084e-03
 73  0.02287  4.53926e-03 | 74  0.02595  4.66101e-03 | 75  0.02878  5.01982e-03
 76  0.03112  5.13717e-03 | 77  0.03277  5.44492e-03 | 78  0.03362  5.60459e-03
 79  0.03364  5.78915e-03 | 80  0.03295  6.04999e-03 | 81  0.03168  5.68272e-03
 82  0.02988  6.10963e-03 | 83  0.02751  5.93151e-03 | 84  0.02446  5.88809e-03
 85  0.02068  5.52009e-03 | 86  0.01632  5.31820e-03 | 87  0.01172  5.24875e-03
 88  0.00738  5.04532e-03 | 89  0.00368  4.67836e-03 | 90  0.00078  4.91252e-03
 91 -0.00153  4.27373e-03 | 92 -0.00357  4.24615e-03 | 93 -0.00543  3.57175e-03
 94 -0.00664  2.96621e-03 | 95 -0.00710  2.15899e-03 | 96 -0.00773  1.49528e-03
 97 -0.00700  3.89882e-04 | 98 -0.00541 -8.39744e-04 | 99 -0.00264 -2.02482e-03
100 -0.00301 -3.79426e-03 |101 -0.00432 -5.25167e-03 |102 -0.00606 -6.88085e-03
103 -0.01353 -9.23498e-03 |104 -0.01335 -1.18262e-02 |105  0.00208 -1.58200e-02
106 -0.00002 -1.82977e-02 |107 -0.02054 -1.74331e-02 |108 -0.00330 -2.21025e-02
109  0.05128 -3.69752e-02 |110  0.00878 -2.72885e-02 |111 -0.03100 -2.03866e-02
112 -0.01372 -2.26846e-02 |113  0.00007 -2.36754e-02 |114  0.01834 -2.46351e-02
115 -0.01320 -1.59668e-02 |116 -0.07441 -7.59109e-03 |117 -0.08932 -4.57374e-03
118 -0.08678 -1.82314e-03 |119 -0.04293  2.91120e-03 |120  0.06256  1.59727e-02
121  0.01800  1.58649e-02 |122  0.00532  1.65000e-02 |123 -0.03744  1.22597e-02
124 -0.07609  9.13977e-03 |125 -0.01918  1.35364e-02 |126 -0.00932  1.18782e-02
127 -0.03939  7.11716e-03 |128  0.01270  6.54022e-03 |129  0.06362  5.47002e-03
130 -0.00154  1.33277e-03 |131  0.07976  1.07934e-03 |132  0.00471 -3.86447e-05
133  0.13251 -3.94789e-04 |134 -0.00880 -2.03325e-04 |135 -0.05020 -2.18966e-04
136 -0.06064 -2.34286e-04 |137 -0.02389 -3.19845e-04 |138  0.09388 -4.27473e-04
139  0.02986  2.75360e-04 |140  0.01635 -4.60608e-04 |141 -0.02906  6.25052e-04
142 -0.01720  4.61427e-04 |143 -0.00789  2.09809e-04 |144 -0.00046  5.11669e-05
145  0.39269  3.38531e-04 |146  0.29918  1.90798e-03 |147 -0.16034 -6.66476e-01
148 -0.02820 -2.75043e-04 |149 -0.39635  4.11813e-03 |150 -1.38023 -7.91392e-04
151 -0.47115  3.02251e-04 |152  0.31129  6.34393e-05 |153  0.04688  8.26087e-04
154 -0.22766 -4.79609e-05 |155  0.19369 -1.72278e-02 |156  0.25952  2.53447e-02
157  0.17906 -7.43910e-03 |158  0.25385  1.03193e-02 |159  0.00271 -1.77840e-03
160 -0.09363  2.15936e-03 |161  0.11741 -6.52601e-03 |162  0.29686  1.38867e-02
163  0.17728 -5.48451e-03 |164  0.24711  8.46840e-03 |165 -0.34497 -2.98771e-04
166  0.24456  1.74656e-03 |167  0.05151  1.68011e-03 |168 -0.18518  1.97453e-03
169  0.19575 -7.00428e-04 |170  0.31468  2.34968e-04 |171  0.07934  5.88916e-04
172 -0.54144  1.10553e-05 |173 -0.36732  2.27537e-05 |174  0.24039  1.08697e-03
175  0.07043  2.26761e-03 |176 -0.11242 -6.03561e-04 |177  0.24936  2.16899e-01
178  0.14904 -6.33118e-02 |179 -0.84788  1.42274e-03 |180 -0.12256  1.12495e-03
181 -1.93542  2.38851e-04 |182 -0.11773 -4.02760e-04 |183  0.31555  1.17154e-03
184 -0.45572  2.21550e-04 |185  0.02204 -1.18414e-03 |186  0.38891 -3.78643e-05
187  0.01413 -1.46340e-03 |188 -0.14917 -1.28928e-03 |189  0.10189 -9.58026e-03
190  0.16773 -5.25553e-02 |191  0.21930  1.44180e-02 |192  0.25671  6.93974e-02
193  0.02325  5.00347e-03 |194 -0.01118 -9.68795e-03 |195 -0.17172  8.97808e-03
196 -0.11020  1.97109e-02 |197 -0.55379  3.49395e-04 |198  0.17118 -6.15304e-05
199  0.09443  2.51429e-03 |200 -0.26166  4.78582e-04 |
200 variables; iteration 600; function evaluation 818; phase 4
Function value 7.2490019e+03; maximum gradient component mag -6.5114e+00
Var    Value     Gradient |Var    Value     Gradient |Var    Value     Gradient
  1 -0.43069  1.14686e-01 |  2  0.37358 -2.54671e-02 |  3 -0.12634  1.18591e-02
  4 -0.01907 -1.88590e-02 |  5 -0.70134 -6.62081e-03 |  6 -0.60467 -1.69917e-02
  7  0.37995 -2.97867e-02 |  8 -0.19157 -2.58232e-02 |  9  0.03161 -2.93729e-02
 10 -0.59487 -6.94154e-03 | 11 -0.62660  3.13535e-02 | 12 -0.16852 -1.99454e-01
 13 -0.00489 -2.60898e-03 | 14 -0.00496  1.22601e-03 | 15 -0.00506 -5.23254e-03
 16 -0.00512 -2.34808e-03 | 17 -0.00517  8.25627e-04 | 18 -0.00525 -5.09810e-03
 19 -0.00528 -3.84306e-04 | 20 -0.00531  4.36864e-04 | 21 -0.00535 -1.24136e-03
 22 -0.00535  2.55768e-04 | 23 -0.00537 -3.11794e-03 | 24 -0.00534  1.07852e-06
 25 -0.00532 -2.92527e-03 | 26 -0.00526  1.60891e-04 | 27 -0.00520 -1.90383e-03
 28 -0.00510  9.19344e-04 | 29 -0.00502 -4.02802e-03 | 30 -0.00488 -9.64146e-04
 31 -0.00474 -4.78584e-03 | 32 -0.00455 -9.09647e-04 | 33 -0.00437 -2.72921e-03
 34 -0.00415 -2.43415e-03 | 35 -0.00390 -2.30977e-03 | 36 -0.00363 -2.54820e-03
 37 -0.00333 -2.93783e-03 | 38 -0.00299 -1.53498e-03 | 39 -0.00263 -2.64058e-03
 40 -0.00224 -2.90778e-03 | 41 -0.00182 -3.16482e-03 | 42 -0.00138 -3.13399e-03
 43 -0.00091 -2.95849e-03 | 44 -0.00044 -3.16834e-03 | 45  0.00005 -2.83742e-03
 46  0.00053 -3.58122e-03 | 47  0.00099 -3.45681e-03 | 48  0.00144 -3.53475e-03
 49  0.00184 -3.57832e-03 | 50  0.00219 -3.76417e-03 | 51  0.00248 -3.85078e-03
 52  0.00270 -3.69486e-03 | 53  0.00283 -4.69291e-03 | 54  0.00289 -5.09428e-03
 55  0.00289 -4.57489e-03 | 56  0.00283 -4.62135e-03 | 57  0.00274 -6.02711e-03
 58  0.00265 -4.85921e-03 | 59  0.00260 -5.55855e-03 | 60  0.00261 -5.95652e-03
 61  0.00272 -6.41410e-03 | 62  0.00297 -6.14121e-03 | 63  0.00339 -6.47205e-03
 64  0.00403 -6.61642e-03 | 65  0.00491 -6.42543e-03 | 66  0.00607 -7.32072e-03
 67  0.00754 -7.42935e-03 | 68  0.00935 -8.39756e-03 | 69  0.01149 -8.54110e-03
 70  0.01398 -7.49461e-03 | 71  0.01675 -8.94781e-03 | 72  0.01975 -9.92695e-03
 73  0.02288 -1.04299e-02 | 74  0.02596 -1.09653e-02 | 75  0.02879 -1.22269e-02
 76  0.03113 -1.24127e-02 | 77  0.03279 -1.32487e-02 | 78  0.03363 -1.39241e-02
 79  0.03365 -1.45131e-02 | 80  0.03296 -1.51237e-02 | 81  0.03169 -1.43982e-02
 82  0.02989 -1.58996e-02 | 83  0.02753 -1.48814e-02 | 84  0.02447 -1.55246e-02
 85  0.02071 -1.47493e-02 | 86  0.01634 -1.43444e-02 | 87  0.01174 -1.43919e-02
 88  0.00740 -1.41189e-02 | 89  0.00371 -1.34727e-02 | 90  0.00080 -1.43862e-02
 91 -0.00150 -1.30006e-02 | 92 -0.00355 -1.32155e-02 | 93 -0.00540 -1.20783e-02
 94 -0.00661 -1.11556e-02 | 95 -0.00708 -1.00072e-02 | 96 -0.00771 -8.59011e-03
 97 -0.00698 -5.75994e-03 | 98 -0.00539 -3.80691e-03 | 99 -0.00263 -8.92014e-04
100 -0.00300  3.72320e-03 |101 -0.00433  7.69609e-03 |102 -0.00608  1.16154e-02
103 -0.01356  1.65083e-02 |104 -0.01338  2.20565e-02 |105  0.00203  3.21612e-02
106 -0.00007  3.87503e-02 |107 -0.02060  3.85635e-02 |108 -0.00337  4.86223e-02
109  0.05121  8.30304e-02 |110  0.00874  6.38590e-02 |111 -0.03104  4.72818e-02
112 -0.01375  5.47218e-02 |113  0.00005  5.95538e-02 |114  0.01835  6.33317e-02
115 -0.01317  4.30522e-02 |116 -0.07437  2.10613e-02 |117 -0.08927  1.27832e-02
118 -0.08673  6.29433e-03 |119 -0.04289 -2.34193e-03 |120  0.06257 -2.82356e-02
121  0.01798 -3.12005e-02 |122  0.00529 -3.51702e-02 |123 -0.03748 -2.72272e-02
124 -0.07613 -2.05507e-02 |125 -0.01922 -3.01040e-02 |126 -0.00935 -2.69079e-02
127 -0.03940 -1.67835e-02 |128  0.01270 -1.59320e-02 |129  0.06363 -1.30747e-02
130 -0.00152 -4.54593e-03 |131  0.07977 -3.26502e-03 |132  0.00472 -5.00412e-04
133  0.13252  7.37063e-04 |134 -0.00879  2.30305e-04 |135 -0.05019 -3.06650e-04
136 -0.06063 -7.82673e-04 |137 -0.02389  2.34233e-04 |138  0.09387  2.63070e-04
139  0.02986  6.33580e-05 |140  0.01635  4.47152e-04 |141 -0.02906  7.04451e-04
142 -0.01720  8.65043e-04 |143 -0.00788 -3.33329e-04 |144 -0.00046 -6.38565e-05
145  0.39253 -1.12304e-03 |146  0.29904 -6.76203e-03 |147 -0.15971  2.69889e-01
148  0.01022 -2.90342e-04 |149 -0.36429 -5.63739e-04 |150 -1.37768 -3.67690e-04
151 -0.47112 -8.66707e-04 |152  0.31130  4.18032e-04 |153  0.04687 -2.33349e-03
154 -0.22768  2.26484e-04 |155  0.19369  4.23368e-02 |156  0.25952 -6.39275e-02
157  0.17905  1.40283e-02 |158  0.25385 -2.20287e-02 |159  0.00271  1.10209e-03
160 -0.09363 -5.94528e-03 |161  0.11741  1.41477e-02 |162  0.29687 -3.35991e-02
163  0.17727  9.79627e-03 |164  0.24711 -1.85526e-02 |165 -0.34496  1.38910e-04
166  0.24456 -2.16677e-04 |167  0.05152 -7.17994e-05 |168 -0.18519 -6.74783e-04
169  0.19567 -1.20741e-03 |170  0.31465  5.86355e-04 |171  0.07933 -1.84171e-03
172 -0.54201 -3.56698e-05 |173 -0.36734 -1.62708e-03 |174  0.24038  2.52613e-03
175  0.07044 -5.06932e-03 |176 -0.11245  6.55418e-04 |177  0.24936 -6.51137e+00
178  0.15066 -1.51742e-02 |179 -0.85755 -1.27522e-03 |180 -0.23450  8.89896e-04
181 -1.94808 -1.10973e-04 |182 -0.17673 -1.47057e-03 |183  0.26414 -6.71942e-04
184 -0.46123  1.21247e-04 |185  0.02202  4.06944e-03 |186  0.38894 -4.82373e-04
187  0.01414  3.31079e-03 |188 -0.14918  3.08812e-03 |189  0.10187  1.29822e-02
190  0.16773  1.20657e-01 |191  0.21929 -2.32286e-02 |192  0.25671 -1.69881e-01
193  0.02325 -1.90386e-02 |194 -0.01119  1.66577e-02 |195 -0.17173 -2.37469e-02
196 -0.11020 -4.58441e-02 |197 -0.55380 -1.02482e-03 |198  0.17118 -4.30888e-04
199  0.09441 -1.77224e-02 |200 -0.26159 -2.22160e-03 |
200 variables; iteration 620; function evaluation 839; phase 4
Function value 7.2490017e+03; maximum gradient component mag 3.7367e-01
Var    Value     Gradient |Var    Value     Gradient |Var    Value     Gradient
  1 -0.43069  1.06137e-01 |  2  0.37357 -2.15086e-02 |  3 -0.12634  1.31639e-02
  4 -0.01906 -1.14842e-02 |  5 -0.70132 -1.16817e-03 |  6 -0.60468  4.55973e-03
  7  0.37993 -2.29487e-02 |  8 -0.19156 -2.09423e-02 |  9  0.03162 -2.01701e-02
 10 -0.59484 -4.29479e-03 | 11 -0.62661  1.59793e-02 | 12 -0.16844 -1.39097e-01
 13 -0.00488 -6.13437e-04 | 14 -0.00497 -2.48073e-03 | 15 -0.00504  8.51123e-04
 16 -0.00512 -8.14994e-04 | 17 -0.00519 -2.34816e-03 | 18 -0.00523  5.38417e-04
 19 -0.00529 -2.25954e-03 | 20 -0.00533 -2.37670e-03 | 21 -0.00535 -1.56499e-03
 22 -0.00537 -2.65593e-03 | 23 -0.00536 -7.87506e-04 | 24 -0.00535 -2.38665e-03
 25 -0.00531 -1.02776e-03 | 26 -0.00527 -2.75406e-03 | 27 -0.00520 -1.83108e-03
 28 -0.00512 -3.14982e-03 | 29 -0.00500 -5.88194e-04 | 30 -0.00488 -2.53503e-03
 31 -0.00473 -5.48759e-04 | 32 -0.00456 -2.68938e-03 | 33 -0.00436 -1.35110e-03
 34 -0.00415 -2.43104e-03 | 35 -0.00390 -1.89230e-03 | 36 -0.00363 -2.05359e-03
 37 -0.00333 -2.52126e-03 | 38 -0.00300 -2.87164e-03 | 39 -0.00263 -3.46590e-03
 40 -0.00224 -1.93982e-03 | 41 -0.00182 -3.15836e-03 | 42 -0.00138 -2.46005e-03
 43 -0.00092 -2.95711e-03 | 44 -0.00044 -2.60366e-03 | 45  0.00005 -3.00395e-03
 46  0.00053 -3.06562e-03 | 47  0.00099 -3.15936e-03 | 48  0.00144 -3.36893e-03
 49  0.00184 -3.26067e-03 | 50  0.00219 -3.45458e-03 | 51  0.00248 -3.41276e-03
 52  0.00270 -3.97216e-03 | 53  0.00284 -3.31703e-03 | 54  0.00290 -3.56045e-03
 55  0.00289 -4.35125e-03 | 56  0.00283 -4.59062e-03 | 57  0.00274 -4.01744e-03
 58  0.00265 -4.95344e-03 | 59  0.00260 -4.61433e-03 | 60  0.00261 -4.11087e-03
 61  0.00272 -5.43827e-03 | 62  0.00298 -4.26729e-03 | 63  0.00340 -4.59542e-03
 64  0.00403 -5.07144e-03 | 65  0.00491 -4.95700e-03 | 66  0.00608 -5.55937e-03
 67  0.00755 -5.48354e-03 | 68  0.00936 -5.84161e-03 | 69  0.01150 -6.30252e-03
 70  0.01398 -6.42291e-03 | 71  0.01676 -6.31551e-03 | 72  0.01977 -7.10586e-03
 73  0.02289 -7.68468e-03 | 74  0.02597 -8.18315e-03 | 75  0.02880 -8.66927e-03
 76  0.03115 -8.74174e-03 | 77  0.03280 -9.47513e-03 | 78  0.03364 -9.93279e-03
 79  0.03367 -1.01321e-02 | 80  0.03298 -1.01202e-02 | 81  0.03171 -1.02008e-02
 82  0.02991 -1.01187e-02 | 83  0.02754 -1.03234e-02 | 84  0.02450 -9.88778e-03
 85  0.02073 -9.77807e-03 | 86  0.01636 -9.22306e-03 | 87  0.01177 -8.58787e-03
 88  0.00743 -8.11188e-03 | 89  0.00374 -7.44625e-03 | 90  0.00083 -6.90487e-03
 91 -0.00147 -6.26502e-03 | 92 -0.00352 -5.75958e-03 | 93 -0.00536 -4.75934e-03
 94 -0.00657 -3.15984e-03 | 95 -0.00704 -3.39587e-03 | 96 -0.00768 -1.11617e-03
 97 -0.00696 -7.87026e-04 | 98 -0.00538  1.13896e-03 | 99 -0.00262  3.43347e-03
100 -0.00301  6.08304e-03 |101 -0.00434  9.06674e-03 |102 -0.00611  1.21040e-02
103 -0.01360  1.45628e-02 |104 -0.01344  1.88881e-02 |105  0.00195  2.58124e-02
106 -0.00017  2.94607e-02 |107 -0.02069  2.83392e-02 |108 -0.00346  3.59079e-02
109  0.05106  5.76207e-02 |110  0.00863  4.10560e-02 |111 -0.03113  3.02222e-02
112 -0.01386  3.22630e-02 |113 -0.00005  3.17652e-02 |114  0.01825  3.19138e-02
115 -0.01323  2.09579e-02 |116 -0.07441  1.00848e-02 |117 -0.08931  4.11569e-03
118 -0.08676  5.65196e-04 |119 -0.04290 -3.67982e-03 |120  0.06260 -1.80613e-02
121  0.01803 -1.81052e-02 |122  0.00535 -1.74532e-02 |123 -0.03741 -1.43670e-02
124 -0.07607 -1.03990e-02 |125 -0.01914 -1.43097e-02 |126 -0.00928 -1.29941e-02
127 -0.03935 -7.13968e-03 |128  0.01275 -7.88956e-03 |129  0.06367 -7.68505e-03
130 -0.00150 -2.26244e-03 |131  0.07979 -2.19094e-03 |132  0.00473 -4.88472e-04
133  0.13253 -1.04812e-03 |134 -0.00877  2.17029e-04 |135 -0.05019 -7.31969e-05
136 -0.06062  1.17177e-03 |137 -0.02388  3.86653e-04 |138  0.09389  3.69088e-04
139  0.02987 -1.53168e-05 |140  0.01636  5.59732e-04 |141 -0.02906 -7.92429e-04
142 -0.01721 -5.33939e-04 |143 -0.00788  2.76311e-04 |144 -0.00046  6.27497e-05
145  0.39245  5.96254e-03 |146  0.29897 -9.55941e-03 |147 -0.16002  5.04972e-02
148  0.01945  7.58937e-05 |149 -0.37827  3.44402e-05 |150 -1.37507 -1.98318e-04
151 -0.47115 -7.86107e-05 |152  0.31130 -2.63828e-04 |153  0.04688 -1.67976e-03
154 -0.22769 -8.34745e-05 |155  0.19364  2.17688e-02 |156  0.25951 -3.67162e-02
157  0.17902  6.45580e-03 |158  0.25385 -1.14470e-02 |159  0.00272  6.24878e-04
160 -0.09364 -6.20880e-03 |161  0.11737  8.14672e-03 |162  0.29686 -1.65971e-02
163  0.17722  3.57194e-03 |164  0.24710 -9.43600e-03 |165 -0.34493  8.38390e-04
166  0.24456 -1.38411e-03 |167  0.05153  3.76790e-03 |168 -0.18522  1.94381e-02
169  0.19550  1.32702e-03 |170  0.31461 -1.34597e-03 |171  0.07933  5.60348e-03
172 -0.54122  3.34628e-05 |173 -0.36741  8.16472e-04 |174  0.24036 -4.86631e-03
175  0.07048 -4.51431e-03 |176 -0.11245  1.58944e-02 |177  0.24936  3.73671e-01
178  0.15119 -7.76628e-03 |179 -0.85359  2.06946e-04 |180 -0.32158 -7.66146e-04
181 -1.94207 -4.64121e-05 |182 -0.12314  6.50517e-04 |183  0.26422 -6.12170e-04
184 -0.46406  9.11055e-05 |185  0.02198  3.46802e-03 |186  0.38890 -3.00063e-03
187  0.01415  1.24023e-03 |188 -0.14920  1.37743e-03 |189  0.10183  4.40665e-02
190  0.16771  6.37329e-02 |191  0.21928 -3.48033e-02 |192  0.25672 -8.71639e-02
193  0.02326  1.59807e-02 |194 -0.01118  9.97998e-03 |195 -0.17175  5.89687e-04
196 -0.11020 -2.79035e-02 |197 -0.55383 -2.36302e-03 |198  0.17117 -4.72426e-04
199  0.09439 -2.98073e-02 |200 -0.26155 -1.03263e-02 |
200 variables; iteration 640; function evaluation 859; phase 4
Function value 7.2490017e+03; maximum gradient component mag -3.2474e-03
Var    Value     Gradient |Var    Value     Gradient |Var    Value     Gradient
  1 -0.43069 -3.48206e-04 |  2  0.37357 -4.87002e-05 |  3 -0.12633 -1.52400e-04
  4 -0.01906 -8.53182e-05 |  5 -0.70131 -8.98097e-06 |  6 -0.60468 -4.45936e-05
  7  0.37994 -2.90811e-05 |  8 -0.19155 -9.84142e-05 |  9  0.03162 -4.78357e-05
 10 -0.59483 -2.92072e-06 | 11 -0.62661 -5.62408e-05 | 12 -0.16845  4.73878e-04
 13 -0.00488  2.99112e-06 | 14 -0.00497  4.69771e-06 | 15 -0.00504  2.24347e-06
 16 -0.00512  3.20503e-06 | 17 -0.00518  4.77300e-06 | 18 -0.00524  2.64372e-06
 19 -0.00529  4.16126e-06 | 20 -0.00532  4.80977e-06 | 21 -0.00535  4.06989e-06
 22 -0.00536  4.93257e-06 | 23 -0.00536  4.01274e-06 | 24 -0.00535  4.18853e-06
 25 -0.00532  4.18264e-06 | 26 -0.00527  5.34978e-06 | 27 -0.00520  4.84199e-06
 28 -0.00512  5.45782e-06 | 29 -0.00501  4.37430e-06 | 30 -0.00488  5.29092e-06
 31 -0.00473  4.76746e-06 | 32 -0.00456  5.08026e-06 | 33 -0.00437  5.39219e-06
 34 -0.00415  5.33726e-06 | 35 -0.00390  5.89429e-06 | 36 -0.00363  5.96466e-06
 37 -0.00333  6.06505e-06 | 38 -0.00299  5.89806e-06 | 39 -0.00263  6.25482e-06
 40 -0.00224  7.04702e-06 | 41 -0.00182  7.06360e-06 | 42 -0.00138  7.41044e-06
 43 -0.00091  7.42989e-06 | 44 -0.00044  7.75587e-06 | 45  0.00005  7.75848e-06
 46  0.00053  8.33481e-06 | 47  0.00100  8.14074e-06 | 48  0.00144  8.66801e-06
 49  0.00184  8.90034e-06 | 50  0.00219  9.21390e-06 | 51  0.00248  9.20619e-06
 52  0.00270  9.24317e-06 | 53  0.00284  1.01811e-05 | 54  0.00290  1.04682e-05
 55  0.00289  1.06143e-05 | 56  0.00283  1.08475e-05 | 57  0.00274  1.02355e-05
 58  0.00266  1.14475e-05 | 59  0.00260  1.16923e-05 | 60  0.00261  1.19583e-05
 61  0.00272  1.21635e-05 | 62  0.00297  1.29481e-05 | 63  0.00340  1.32521e-05
 64  0.00403  1.35121e-05 | 65  0.00491  1.39304e-05 | 66  0.00608  1.44481e-05
 67  0.00755  1.51055e-05 | 68  0.00936  1.64199e-05 | 69  0.01150  1.65305e-05
 70  0.01398  1.64745e-05 | 71  0.01676  1.88135e-05 | 72  0.01976  1.95178e-05
 73  0.02289  2.03229e-05 | 74  0.02597  2.11792e-05 | 75  0.02880  2.23411e-05
 76  0.03115  2.36703e-05 | 77  0.03280  2.44705e-05 | 78  0.03364  2.56033e-05
 79  0.03367  2.61874e-05 | 80  0.03298  2.72961e-05 | 81  0.03171  2.66075e-05
 82  0.02991  2.76890e-05 | 83  0.02755  2.73253e-05 | 84  0.02450  2.75661e-05
 85  0.02073  2.61988e-05 | 86  0.01636  2.57147e-05 | 87  0.01177  2.54372e-05
 88  0.00742  2.49229e-05 | 89  0.00374  2.40407e-05 | 90  0.00083  2.37671e-05
 91 -0.00147  2.25957e-05 | 92 -0.00352  2.19243e-05 | 93 -0.00537  2.00886e-05
 94 -0.00658  1.82353e-05 | 95 -0.00705  1.57122e-05 | 96 -0.00768  1.35791e-05
 97 -0.00696  1.01711e-05 | 98 -0.00538  6.27143e-06 | 99 -0.00262  2.29472e-06
100 -0.00301 -2.82547e-06 |101 -0.00435 -7.78635e-06 |102 -0.00611 -1.33474e-05
103 -0.01360 -2.12210e-05 |104 -0.01344 -2.92737e-05 |105  0.00195 -4.10481e-05
106 -0.00017 -4.90111e-05 |107 -0.02069 -4.70941e-05 |108 -0.00347 -5.92962e-05
109  0.05105 -9.75711e-05 |110  0.00862 -6.87542e-05 |111 -0.03114 -4.87518e-05
112 -0.01387 -4.94897e-05 |113 -0.00006 -4.49305e-05 |114  0.01823 -3.75618e-05
115 -0.01325 -1.61545e-05 |116 -0.07443 -2.32159e-06 |117 -0.08933  1.74568e-06
118 -0.08677  3.40747e-06 |119 -0.04291  5.10430e-06 |120  0.06260 -2.76391e-06
121  0.01805 -1.39232e-05 |122  0.00537 -2.13555e-05 |123 -0.03739 -2.09434e-05
124 -0.07605 -1.68395e-05 |125 -0.01912 -2.58767e-05 |126 -0.00926 -2.69351e-05
127 -0.03934 -1.59195e-05 |128  0.01275 -1.68598e-05 |129  0.06367 -1.42232e-05
130 -0.00150 -4.77431e-06 |131  0.07979 -2.20912e-06 |132  0.00473 -5.92183e-07
133  0.13252  1.19508e-06 |134 -0.00878  3.54592e-07 |135 -0.05019  3.24771e-07
136 -0.06063  3.45045e-07 |137 -0.02389  1.09467e-07 |138  0.09389 -4.25873e-07
139  0.02987  1.30221e-06 |140  0.01636 -3.02024e-07 |141 -0.02906  1.80594e-06
142 -0.01720  1.38853e-06 |143 -0.00788  8.69680e-07 |144 -0.00046  8.37518e-08
145  0.39248  4.37045e-06 |146  0.29898 -5.98863e-06 |147 -0.16014 -4.57154e-04
148  0.01564  3.80485e-05 |149 -0.39041  6.05956e-06 |150 -1.37250 -1.26290e-06
151 -0.47117 -1.84123e-06 |152  0.31130  8.03443e-07 |153  0.04689 -4.84526e-06
154 -0.22768 -9.41381e-07 |155  0.19364  4.88434e-05 |156  0.25951 -7.30048e-05
157  0.17902  1.99231e-05 |158  0.25385 -2.54668e-05 |159  0.00273  3.91423e-06
160 -0.09364  2.71737e-05 |161  0.11735  2.27091e-05 |162  0.29686 -4.27788e-05
163  0.17722  1.90676e-05 |164  0.24710 -2.59886e-05 |165 -0.34493 -6.52130e-07
166  0.24456  3.66044e-06 |167  0.05153  4.70855e-06 |168 -0.18522  1.52269e-05
169  0.19549 -6.98028e-07 |170  0.31461  5.09067e-08 |171  0.07933  5.89814e-06
172 -0.54162  1.69164e-08 |173 -0.36742 -2.91068e-06 |174  0.24036  6.36784e-06
175  0.07049 -5.66867e-06 |176 -0.11244 -1.30705e-05 |177  0.24936 -3.24739e-03
178  0.15113 -1.59004e-04 |179 -0.85441 -9.95160e-06 |180 -0.30871  6.87982e-06
181 -1.94715  5.84531e-07 |182 -0.12556  4.23860e-06 |183  0.27731  5.26733e-06
184 -0.46460  3.45024e-07 |185  0.02198 -3.39771e-06 |186  0.38888  5.01732e-06
187  0.01415 -2.38012e-06 |188 -0.14921 -1.42048e-06 |189  0.10183  1.90276e-05
190  0.16771  1.28067e-04 |191  0.21928  2.60666e-05 |192  0.25672 -1.73516e-04
193  0.02326  6.59314e-05 |194 -0.01117  2.77361e-05 |195 -0.17176  6.97823e-05
196 -0.11020  1.81653e-04 |197 -0.55382 -1.35950e-06 |198  0.17117 -1.16314e-06
199  0.09439 -2.74851e-05 |200 -0.26154 -6.52274e-06 |

 - final statistics:
200 variables; iteration 651; function evaluation 870
Function value 7.2490e+03; maximum gradient component mag -7.5278e-04
Exit code = 1;  converg criter 1.0000e-03
Var    Value     Gradient |Var    Value     Gradient |Var    Value     Gradient
  1 -0.43069 -3.29625e-05 |  2  0.37357  3.35376e-06 |  3 -0.12633 -2.02746e-06
  4 -0.01906 -8.21871e-07 |  5 -0.70131 -2.18935e-06 |  6 -0.60468 -1.52852e-05
  7  0.37994  1.47735e-06 |  8 -0.19155  2.92870e-06 |  9  0.03162  2.28143e-06
 10 -0.59483  5.32993e-07 | 11 -0.62661  8.46899e-07 | 12 -0.16845  4.59338e-06
 13 -0.00488 -1.79247e-07 | 14 -0.00497  1.39612e-06 | 15 -0.00504 -1.69872e-06
 16 -0.00512 -3.81092e-07 | 17 -0.00518  1.34856e-06 | 18 -0.00524 -1.11102e-06
 19 -0.00529  9.43309e-07 | 20 -0.00532  1.62431e-06 | 21 -0.00535 -2.77436e-08
 22 -0.00536  1.67132e-06 | 23 -0.00536 -4.38866e-08 | 24 -0.00535  6.15535e-07
 25 -0.00532 -1.23414e-07 | 26 -0.00527  1.25580e-06 | 27 -0.00520  7.80341e-07
 28 -0.00512  1.58224e-06 | 29 -0.00501 -8.36600e-07 | 30 -0.00488  1.10396e-06
 31 -0.00473 -9.40156e-07 | 32 -0.00456  1.31564e-06 | 33 -0.00437 -7.74187e-07
 34 -0.00415  1.32517e-06 | 35 -0.00390 -1.72187e-07 | 36 -0.00363  6.54012e-07
 37 -0.00333  2.00717e-06 | 38 -0.00299  1.03427e-06 | 39 -0.00263  2.78923e-06
 40 -0.00224 -6.09277e-07 | 41 -0.00182  1.95998e-06 | 42 -0.00138  3.86280e-07
 43 -0.00091  1.43630e-06 | 44 -0.00044  4.36744e-07 | 45  0.00005  8.43216e-07
 46  0.00053  1.05220e-06 | 47  0.00100  7.99080e-07 | 48  0.00144  8.52671e-07
 49  0.00184  8.26942e-07 | 50  0.00219  1.20160e-06 | 51  0.00248  4.75200e-07
 52  0.00270  9.73410e-07 | 53  0.00284 -2.58248e-07 | 54  0.00290  5.33691e-07
 55  0.00289  1.38043e-06 | 56  0.00283  1.38098e-06 | 57  0.00274  3.98250e-07
 58  0.00266  1.59045e-06 | 59  0.00260  1.00404e-06 | 60  0.00261 -1.48620e-07
 61  0.00272  2.62642e-06 | 62  0.00297 -5.15455e-07 | 63  0.00340  5.14875e-08
 64  0.00403  2.96452e-07 | 65  0.00491  4.40771e-07 | 66  0.00608  5.66089e-07
 67  0.00755  5.01205e-07 | 68  0.00936 -9.14829e-08 | 69  0.01150  2.47539e-07
 70  0.01398  8.56562e-07 | 71  0.01676 -1.68814e-07 | 72  0.01976  1.31720e-07
 73  0.02289  3.73275e-07 | 74  0.02597  2.35152e-07 | 75  0.02880 -2.37410e-07
 76  0.03115 -4.10707e-07 | 77  0.03280 -9.13843e-08 | 78  0.03364 -3.59784e-07
 79  0.03367 -5.96193e-07 | 80  0.03298 -9.43560e-07 | 81  0.03171 -4.12002e-07
 82  0.02991 -1.38249e-06 | 83  0.02755 -1.22595e-06 | 84  0.02450 -1.66022e-06
 85  0.02073 -1.36433e-06 | 86  0.01636 -1.13284e-06 | 87  0.01177 -1.68855e-06
 88  0.00742 -2.18797e-06 | 89  0.00374 -2.36857e-06 | 90  0.00083 -2.50256e-06
 91 -0.00147 -1.60679e-06 | 92 -0.00352 -1.93651e-06 | 93 -0.00537 -2.47551e-06
 94 -0.00658 -3.35926e-06 | 95 -0.00705 -2.49498e-06 | 96 -0.00768 -4.52811e-06
 97 -0.00696 -3.80396e-06 | 98 -0.00538 -4.23458e-06 | 99 -0.00262 -3.88804e-06
100 -0.00301 -3.48791e-06 |101 -0.00435 -3.14286e-06 |102 -0.00611 -2.79239e-06
103 -0.01360 -2.18799e-06 |104 -0.01344 -2.21369e-06 |105  0.00195 -1.37420e-06
106 -0.00017 -6.73800e-07 |107 -0.02069  8.43031e-08 |108 -0.00347 -2.59841e-07
109  0.05105  7.44056e-07 |110  0.00862  1.72650e-06 |111 -0.03114  1.29403e-06
112 -0.01387  2.60617e-06 |113 -0.00006  2.94880e-06 |114  0.01823  3.99232e-06
115 -0.01325  3.69359e-06 |116 -0.07443  3.16323e-06 |117 -0.08933  1.55329e-06
118 -0.08677  1.58767e-06 |119 -0.04291  1.02508e-06 |120  0.06260 -7.40803e-07
121  0.01805 -1.37003e-06 |122  0.00537 -1.79882e-06 |123 -0.03739 -1.66338e-06
124 -0.07605 -1.35884e-06 |125 -0.01912 -2.25611e-06 |126 -0.00926 -1.11079e-06
127 -0.03934 -1.24721e-06 |128  0.01275 -1.05593e-06 |129  0.06367 -3.66593e-07
130 -0.00150 -8.63747e-07 |131  0.07979  2.01431e-08 |132  0.00473  2.15084e-07
133  0.13252  2.04467e-06 |134 -0.00878  4.61341e-07 |135 -0.05019 -3.13842e-07
136 -0.06063 -5.08166e-07 |137 -0.02389  9.13427e-07 |138  0.09389  7.68068e-07
139  0.02987  3.75001e-08 |140  0.01636  1.15800e-06 |141 -0.02906  1.44307e-06
142 -0.01720  1.18347e-06 |143 -0.00788 -5.93192e-07 |144 -0.00046  5.73820e-08
145  0.39248 -1.77497e-06 |146  0.29898  1.25673e-05 |147 -0.16014  3.32574e-05
148  0.01243 -1.56149e-06 |149 -0.39055  1.41136e-06 |150 -1.37247  7.28763e-07
151 -0.47117 -4.47989e-07 |152  0.31130  7.36362e-07 |153  0.04689 -1.12786e-07
154 -0.22768  9.55756e-08 |155  0.19364  4.52517e-06 |156  0.25951 -4.70961e-06
157  0.17902  4.24597e-07 |158  0.25385  4.93180e-08 |159  0.00273  3.07425e-07
160 -0.09364  6.37007e-07 |161  0.11735  1.46669e-06 |162  0.29686 -3.23282e-06
163  0.17722 -5.71366e-07 |164  0.24710 -9.10991e-07 |165 -0.34493 -8.78463e-07
166  0.24456  2.29553e-06 |167  0.05153 -6.19475e-07 |168 -0.18522 -1.08795e-05
169  0.19549 -2.80975e-06 |170  0.31461  1.60370e-06 |171  0.07933 -4.04332e-07
172 -0.54163 -4.79973e-08 |173 -0.36742 -1.71134e-06 |174  0.24036  3.59202e-06
175  0.07049 -1.03317e-06 |176 -0.11244 -7.35168e-06 |177  0.24936 -7.52777e-04
178  0.15113 -2.53530e-05 |179 -0.85436  7.34298e-07 |180 -0.30905 -5.45320e-07
181 -1.94712  1.50390e-07 |182 -0.12559  5.27120e-07 |183  0.27719  4.84589e-07
184 -0.46461  1.40985e-07 |185  0.02198 -1.08563e-06 |186  0.38888  2.24346e-06
187  0.01415 -2.07862e-06 |188 -0.14921 -9.92120e-07 |189  0.10183 -3.09181e-05
190  0.16771  4.66433e-06 |191  0.21928  1.63258e-05 |192  0.25672 -1.09353e-05
193  0.02326 -2.97084e-05 |194 -0.01117 -5.27877e-07 |195 -0.17176 -1.97983e-05
196 -0.11020 -8.01125e-06 |197 -0.55382  3.24844e-06 |198  0.17117 -5.80040e-07
199  0.09439  3.55341e-05 |200 -0.26154  1.08842e-05 |

 - final statistics:
213 variables; iteration 0; function evaluation 0
Function value 7.2490e+03; maximum gradient component mag -7.5278e-04
Exit code = 0;  converg criter 1.0000e-03
Var    Value     Gradient |Var    Value     Gradient |Var    Value     Gradient
  1 -0.43069 -3.29625e-05 |  2  0.37357  3.35376e-06 |  3 -0.12633 -2.02746e-06
  4 -0.01906 -8.21869e-07 |  5 -0.70131 -2.18935e-06 |  6 -0.60468 -1.52852e-05
  7  0.37994  1.47735e-06 |  8 -0.19155  2.92870e-06 |  9  0.03162  2.28143e-06
 10 -0.59483  5.32995e-07 | 11 -0.62661  8.46906e-07 | 12 -0.16845  4.59338e-06
 13 -0.00488 -1.79247e-07 | 14 -0.00497  1.39612e-06 | 15 -0.00504 -1.69872e-06
 16 -0.00512 -3.81092e-07 | 17 -0.00518  1.34856e-06 | 18 -0.00524 -1.11102e-06
 19 -0.00529  9.43309e-07 | 20 -0.00532  1.62431e-06 | 21 -0.00535 -2.77436e-08
 22 -0.00536  1.67132e-06 | 23 -0.00536 -4.38866e-08 | 24 -0.00535  6.15535e-07
 25 -0.00532 -1.23414e-07 | 26 -0.00527  1.25580e-06 | 27 -0.00520  7.80341e-07
 28 -0.00512  1.58224e-06 | 29 -0.00501 -8.36600e-07 | 30 -0.00488  1.10396e-06
 31 -0.00473 -9.40156e-07 | 32 -0.00456  1.31564e-06 | 33 -0.00437 -7.74187e-07
 34 -0.00415  1.32517e-06 | 35 -0.00390 -1.72187e-07 | 36 -0.00363  6.54012e-07
 37 -0.00333  2.00717e-06 | 38 -0.00299  1.03427e-06 | 39 -0.00263  2.78923e-06
 40 -0.00224 -6.09277e-07 | 41 -0.00182  1.95998e-06 | 42 -0.00138  3.86280e-07
 43 -0.00091  1.43630e-06 | 44 -0.00044  4.36744e-07 | 45  0.00005  8.43216e-07
 46  0.00053  1.05220e-06 | 47  0.00100  7.99080e-07 | 48  0.00144  8.52671e-07
 49  0.00184  8.26942e-07 | 50  0.00219  1.20160e-06 | 51  0.00248  4.75200e-07
 52  0.00270  9.73410e-07 | 53  0.00284 -2.58248e-07 | 54  0.00290  5.33691e-07
 55  0.00289  1.38043e-06 | 56  0.00283  1.38098e-06 | 57  0.00274  3.98250e-07
 58  0.00266  1.59045e-06 | 59  0.00260  1.00404e-06 | 60  0.00261 -1.48620e-07
 61  0.00272  2.62642e-06 | 62  0.00297 -5.15455e-07 | 63  0.00340  5.14875e-08
 64  0.00403  2.96452e-07 | 65  0.00491  4.40771e-07 | 66  0.00608  5.66089e-07
 67  0.00755  5.01205e-07 | 68  0.00936 -9.14829e-08 | 69  0.01150  2.47539e-07
 70  0.01398  8.56562e-07 | 71  0.01676 -1.68814e-07 | 72  0.01976  1.31720e-07
 73  0.02289  3.73275e-07 | 74  0.02597  2.35152e-07 | 75  0.02880 -2.37410e-07
 76  0.03115 -4.10707e-07 | 77  0.03280 -9.13843e-08 | 78  0.03364 -3.59784e-07
 79  0.03367 -5.96193e-07 | 80  0.03298 -9.43560e-07 | 81  0.03171 -4.12002e-07
 82  0.02991 -1.38249e-06 | 83  0.02755 -1.22595e-06 | 84  0.02450 -1.66022e-06
 85  0.02073 -1.36433e-06 | 86  0.01636 -1.13284e-06 | 87  0.01177 -1.68855e-06
 88  0.00742 -2.18797e-06 | 89  0.00374 -2.36857e-06 | 90  0.00083 -2.50256e-06
 91 -0.00147 -1.60679e-06 | 92 -0.00352 -1.93651e-06 | 93 -0.00537 -2.47551e-06
 94 -0.00658 -3.35926e-06 | 95 -0.00705 -2.49498e-06 | 96 -0.00768 -4.52811e-06
 97 -0.00696 -3.80396e-06 | 98 -0.00538 -4.23458e-06 | 99 -0.00262 -3.88804e-06
100 -0.00301 -3.48791e-06 |101 -0.00435 -3.14286e-06 |102 -0.00611 -2.79239e-06
103 -0.01360 -2.18799e-06 |104 -0.01344 -2.21369e-06 |105  0.00195 -1.37420e-06
106 -0.00017 -6.73800e-07 |107 -0.02069  8.43031e-08 |108 -0.00347 -2.59841e-07
109  0.05105  7.44056e-07 |110  0.00862  1.72650e-06 |111 -0.03114  1.29403e-06
112 -0.01387  2.60617e-06 |113 -0.00006  2.94880e-06 |114  0.01823  3.99232e-06
115 -0.01325  3.69359e-06 |116 -0.07443  3.16323e-06 |117 -0.08933  1.55329e-06
118 -0.08677  1.58767e-06 |119 -0.04291  1.02508e-06 |120  0.06260 -7.40803e-07
121  0.01805 -1.37003e-06 |122  0.00537 -1.79882e-06 |123 -0.03739 -1.66338e-06
124 -0.07605 -1.35884e-06 |125 -0.01912 -2.25611e-06 |126 -0.00926 -1.11079e-06
127 -0.03934 -1.24721e-06 |128  0.01275 -1.05593e-06 |129  0.06367 -3.66593e-07
130 -0.00150 -8.63747e-07 |131  0.07979  2.01429e-08 |132  0.00473  2.15084e-07
133  0.13252  2.04467e-06 |134 -0.00878  4.61341e-07 |135 -0.05019 -3.13842e-07
136 -0.06063 -5.08166e-07 |137 -0.02389  9.13427e-07 |138  0.09389  7.68068e-07
139  0.02987  3.75001e-08 |140  0.01636  1.15800e-06 |141 -0.02906  1.44307e-06
142 -0.01720  1.18347e-06 |143 -0.00788 -5.93191e-07 |144 -0.00046  5.73820e-08
145  0.00000  0.00000e+00 |146  0.00000  0.00000e+00 |147  0.00000  0.00000e+00
148  0.00000  0.00000e+00 |149  0.00000  0.00000e+00 |150  0.00000  0.00000e+00
151  0.00000  0.00000e+00 |152  0.00000  0.00000e+00 |153  0.00000  0.00000e+00
154  0.00000  0.00000e+00 |155  0.00000  0.00000e+00 |156  0.00000  0.00000e+00
157  0.00000  0.00000e+00 |158  0.39248 -1.77497e-06 |159  0.29898  1.25673e-05
160 -0.16014  3.32574e-05 |161  0.01243 -1.56149e-06 |162 -0.39055  1.41136e-06
163 -0.62753 -7.28763e-07 |164 -0.47117 -4.47989e-07 |165  0.31130  7.36362e-07
166  0.04689 -1.12786e-07 |167 -0.22768  9.55756e-08 |168  0.19364  4.52517e-06
169  0.25951 -4.70961e-06 |170  0.17902  4.24596e-07 |171  0.25385  4.93182e-08
172  0.00273  3.07425e-07 |173 -0.09364  6.37008e-07 |174  0.11735  1.46669e-06
175  0.29686 -3.23282e-06 |176  0.17722 -5.71367e-07 |177  0.24710 -9.10991e-07
178 -0.34493 -8.78463e-07 |179  0.24456  2.29553e-06 |180  0.05153 -6.19476e-07
181 -0.18522 -1.08795e-05 |182  0.19549 -2.80975e-06 |183  0.31461  1.60370e-06
184  0.07933 -4.04331e-07 |185 -0.54163 -4.79973e-08 |186 -0.36742 -1.71134e-06
187  0.24036  3.59202e-06 |188  0.07049 -1.03317e-06 |189 -0.11244 -7.35168e-06
190  0.24936 -7.52777e-04 |191  0.15113 -2.53530e-05 |192 -0.85436  7.34298e-07
193 -0.30905 -5.45320e-07 |194 -0.05288 -1.50390e-07 |195 -0.12559  5.27120e-07
196  0.27719  4.84589e-07 |197 -0.46461  1.40985e-07 |198  0.02198 -1.08563e-06
199  0.38888  2.24346e-06 |200  0.01415 -2.07862e-06 |201 -0.14921 -9.92120e-07
202  0.10183 -3.09181e-05 |203  0.16771  4.66434e-06 |204  0.21928  1.63258e-05
205  0.25672 -1.09353e-05 |206  0.02326 -2.97084e-05 |207 -0.01117 -5.27877e-07
208 -0.17176 -1.97983e-05 |209 -0.11020 -8.01125e-06 |210 -0.55382  3.24844e-06
211  0.17117 -5.80040e-07 |212  0.09439  3.55341e-05 |213 -0.26154  1.08842e-05
size of file gradfil1.tmp = 0
size of file gradfil2.tmp = 0
size of file varssave.tmp = 0
size of file cmpdiff.tmp = 1000000040
