
Initial statistics: 136 variables; iteration 0; function evaluation 0; phase 1
Function value 7.2276792e+03; maximum gradient component mag 5.8277e+01
Var    Value     Gradient |Var    Value     Gradient |Var    Value     Gradient
  1 -0.42334  5.82766e+01 |  2 -0.09289  7.00349e+00 |  3 -0.01009  2.58515e-02
  4 -0.01031  2.63809e-02 |  5 -0.01053  2.69231e-02 |  6 -0.01074  2.74694e-02
  7 -0.01095  2.80206e-02 |  8 -0.01115  2.85879e-02 |  9 -0.01135  2.91615e-02
 10 -0.01153  2.97387e-02 | 11 -0.01171  3.03292e-02 | 12 -0.01187  3.09241e-02
 13 -0.01203  3.15153e-02 | 14 -0.01217  3.21197e-02 | 15 -0.01229  3.27267e-02
 16 -0.01240  3.33413e-02 | 17 -0.01249  3.39644e-02 | 18 -0.01255  3.46027e-02
 19 -0.01260  3.52449e-02 | 20 -0.01262  3.58926e-02 | 21 -0.01262  3.65349e-02
 22 -0.01260  3.71641e-02 | 23 -0.01254  3.77843e-02 | 24 -0.01246  3.83969e-02
 25 -0.01235  3.90014e-02 | 26 -0.01220  3.96202e-02 | 27 -0.01202  4.02535e-02
 28 -0.01180  4.09106e-02 | 29 -0.01154  4.15870e-02 | 30 -0.01124  4.22693e-02
 31 -0.01091  4.29519e-02 | 32 -0.01054  4.36092e-02 | 33 -0.01013  4.42377e-02
 34 -0.00969  4.48172e-02 | 35 -0.00923  4.53233e-02 | 36 -0.00876  4.57351e-02
 37 -0.00827  4.60025e-02 | 38 -0.00779  4.60933e-02 | 39 -0.00732  4.59747e-02
 40 -0.00687  4.56574e-02 | 41 -0.00646  4.51832e-02 | 42 -0.00610  4.45713e-02
 43 -0.00578  4.38252e-02 | 44 -0.00550  4.28890e-02 | 45 -0.00527  4.16520e-02
 46 -0.00505  4.00460e-02 | 47 -0.00484  3.80807e-02 | 48 -0.00461  3.57127e-02
 49 -0.00433  3.28846e-02 | 50 -0.00397  2.95799e-02 | 51 -0.00351  2.57640e-02
 52 -0.00290  2.12875e-02 | 53 -0.00211  1.61062e-02 | 54 -0.00112  1.00906e-02
 55  0.00012  3.12712e-03 | 56  0.00162 -4.93414e-03 | 57  0.00342 -1.42799e-02
 58  0.00553 -2.50986e-02 | 59  0.00797 -3.76677e-02 | 60  0.01071 -5.22882e-02
 61  0.01374 -6.92448e-02 | 62  0.01700 -8.87955e-02 | 63  0.02037 -1.11215e-01
 64  0.02373 -1.36644e-01 | 65  0.02687 -1.65036e-01 | 66  0.02959 -1.96206e-01
 67  0.03168 -2.29620e-01 | 68  0.03301 -2.64451e-01 | 69  0.03358 -2.99884e-01
 70  0.03344 -3.35080e-01 | 71  0.03272 -3.69337e-01 | 72  0.03145 -4.01707e-01
 73  0.02960 -4.30930e-01 | 74  0.02705 -4.55378e-01 | 75  0.02380 -4.73476e-01
 76  0.01999 -4.84237e-01 | 77  0.01602 -4.87715e-01 | 78  0.01239 -4.84733e-01
 79  0.00955 -4.76045e-01 | 80  0.00761 -4.60718e-01 | 81  0.00637 -4.36229e-01
 82  0.00544 -3.98687e-01 | 83  0.00468 -3.44815e-01 | 84  0.00458 -2.72279e-01
 85  0.00522 -1.76483e-01 | 86  0.00545 -5.13044e-02 | 87  0.00713  1.06556e-01
 88  0.00970  3.05284e-01 | 89  0.01366  5.57853e-01 | 90  0.01376  8.51790e-01
 91  0.01250  1.20248e+00 | 92  0.01081  1.64454e+00 | 93  0.00275  2.12133e+00
 94  0.00360  2.90832e+00 | 95  0.02294  4.51430e+00 | 96  0.02140  5.74433e+00
 97 -0.00268  5.81408e+00 | 98  0.01577  7.60058e+00 | 99  0.08374  1.29940e+01
100  0.02820  7.59749e+00 |101 -0.01452  4.21666e+00 |102  0.00430  3.05201e+00
103  0.01938  1.27189e+00 |104  0.03866 -2.11787e+00 |105  0.00285 -5.05195e+00
106 -0.06248 -4.84330e+00 |107 -0.07893 -5.04150e+00 |108 -0.07730 -4.61636e+00
109 -0.03457 -4.78686e+00 |110  0.06971 -9.84148e+00 |111  0.02361 -6.48787e+00
112  0.01375 -2.40693e+00 |113 -0.02797  3.01757e+00 |114 -0.06716  2.35647e+00
115 -0.00654  9.34839e-01 |116  0.00456 -1.53247e+00 |117 -0.02731 -9.89448e-01
118  0.02817 -2.35417e+00 |119  0.07344 -5.08447e+00 |120  0.01038 -1.59490e+00
121  0.08254  9.74692e-01 |122  0.00575 -4.91198e-01 |123  0.13287 -3.13408e+00
124 -0.00532 -8.95073e-01 |125 -0.04646  4.39162e-02 |126 -0.05671 -1.10159e-01
127 -0.02192 -1.38274e-01 |128  0.09420  1.49228e+00 |129  0.03190  1.37107e+00
130  0.01685 -1.73996e-01 |131 -0.02798 -3.26958e-01 |132 -0.01758 -1.06210e-01
133 -0.00588 -3.47886e-04 |134 -0.00040 -1.75903e-05 |135  0.27670 -1.33095e-04
136  0.18753  3.27385e-04 |

Intermediate statistics: 136 variables; iteration 20; function evaluation 24; phase 1
Function value 7.2274654e+03; maximum gradient component mag 3.2754e+01
Var    Value     Gradient |Var    Value     Gradient |Var    Value     Gradient
  1 -0.42481  3.27541e+01 |  2 -0.09828  1.95717e+00 |  3 -0.01031 -6.58733e-02
  4 -0.01052 -6.26121e-02 |  5 -0.01072 -5.92678e-02 |  6 -0.01092 -5.58286e-02
  7 -0.01111 -5.23133e-02 |  8 -0.01129 -4.87803e-02 |  9 -0.01147 -4.52257e-02
 10 -0.01164 -4.16714e-02 | 11 -0.01180 -3.81792e-02 | 12 -0.01194 -3.47579e-02
 13 -0.01208 -3.14212e-02 | 14 -0.01220 -2.82540e-02 | 15 -0.01231 -2.52565e-02
 16 -0.01240 -2.24663e-02 | 17 -0.01247 -1.99037e-02 | 18 -0.01252 -1.76117e-02
 19 -0.01256 -1.56068e-02 | 20 -0.01257 -1.39658e-02 | 21 -0.01255 -1.27335e-02
 22 -0.01251 -1.19556e-02 | 23 -0.01245 -1.16947e-02 | 24 -0.01236 -1.19854e-02
 25 -0.01224 -1.28344e-02 | 26 -0.01209 -1.42951e-02 | 27 -0.01190 -1.63529e-02
 28 -0.01168 -1.90281e-02 | 29 -0.01143 -2.23211e-02 | 30 -0.01113 -2.62246e-02
 31 -0.01080 -3.07556e-02 | 32 -0.01043 -3.58587e-02 | 33 -0.01003 -4.15171e-02
 34 -0.00960 -4.76375e-02 | 35 -0.00915 -5.41206e-02 | 36 -0.00868 -6.09090e-02
 37 -0.00821 -6.78721e-02 | 38 -0.00773 -7.49515e-02 | 39 -0.00727 -8.20243e-02
 40 -0.00683 -8.90108e-02 | 41 -0.00643 -9.58477e-02 | 42 -0.00606 -1.02406e-01
 43 -0.00575 -1.08691e-01 | 44 -0.00547 -1.14694e-01 | 45 -0.00524 -1.20195e-01
 46 -0.00502 -1.24940e-01 | 47 -0.00480 -1.28835e-01 | 48 -0.00456 -1.31502e-01
 49 -0.00426 -1.32555e-01 | 50 -0.00388 -1.31901e-01 | 51 -0.00338 -1.29561e-01
 52 -0.00272 -1.25238e-01 | 53 -0.00189 -1.19481e-01 | 54 -0.00084 -1.12703e-01
 55  0.00046 -1.05740e-01 | 56  0.00203 -9.97507e-02 | 57  0.00389 -9.60336e-02
 58  0.00605 -9.62782e-02 | 59  0.00851 -1.01785e-01 | 60  0.01127 -1.13475e-01
 61  0.01429 -1.31893e-01 | 62  0.01750 -1.56630e-01 | 63  0.02083 -1.85225e-01
 64  0.02413 -2.14128e-01 | 65  0.02724 -2.38970e-01 | 66  0.02998 -2.53922e-01
 67  0.03216 -2.56406e-01 | 68  0.03366 -2.47705e-01 | 69  0.03443 -2.29387e-01
 70  0.03452 -2.05914e-01 | 71  0.03403 -1.78900e-01 | 72  0.03297 -1.51714e-01
 73  0.03129 -1.27460e-01 | 74  0.02885 -1.11022e-01 | 75  0.02560 -1.07766e-01
 76  0.02169 -1.19731e-01 | 77  0.01755 -1.42695e-01 | 78  0.01375 -1.65974e-01
 79  0.01078 -1.80053e-01 | 80  0.00875 -1.80265e-01 | 81  0.00747 -1.64933e-01
 82  0.00651 -1.32527e-01 | 83  0.00576 -7.90392e-02 | 84  0.00569 -1.68602e-03
 85  0.00639  9.98802e-02 | 86  0.00668  2.25972e-01 | 87  0.00844  3.78223e-01
 88  0.01114  5.63884e-01 | 89  0.01542  8.18098e-01 | 90  0.01602  1.12012e+00
 91  0.01514  1.40457e+00 | 92  0.01348  1.62492e+00 | 93  0.00449  1.59533e+00
 94  0.00461  1.73756e+00 | 95  0.02271  2.18599e+00 | 96  0.02008  2.47447e+00
 97 -0.00426  2.45587e+00 | 98  0.01387  3.46111e+00 | 99  0.08170  6.43926e+00
100  0.02900  4.29516e+00 |101 -0.01449  2.23785e+00 |102  0.00307  1.07143e+00
103  0.01862  5.22845e-01 |104  0.03817 -2.23084e-01 |105  0.00680 -1.30307e-01
106 -0.05953 -6.04022e-01 |107 -0.07596 -8.76271e-01 |108 -0.07323 -2.08488e-01
109 -0.03319 -1.31927e+00 |110  0.06976 -4.70071e+00 |111  0.02697 -2.56707e+00
112  0.01566 -8.56397e-01 |113 -0.03678 -1.35629e+00 |114 -0.07311 -3.64087e-01
115 -0.00751  3.66660e-01 |116  0.00728  2.77792e-02 |117 -0.02482  7.58005e-01
118  0.02789 -2.96301e-01 |119  0.07906 -7.99668e-01 |120  0.00845 -1.12826e+00
121  0.08302  1.39121e+00 |122  0.00612 -2.37659e-01 |123  0.13698  4.53767e-01
124 -0.00180  7.06040e-01 |125 -0.04647 -5.17479e-02 |126 -0.05594  1.35816e-01
127 -0.02161 -1.36848e-01 |128  0.08947 -8.32016e-01 |129  0.03014  5.66151e-01
130  0.01835  4.42689e-01 |131 -0.02634  1.76262e-01 |132 -0.01558  4.42360e-01
133 -0.00515  1.71974e-01 |134 -0.00037  8.49506e-03 |135  0.28411  2.32324e+00
136  0.19304 -1.04793e+00 |

 - final statistics:
136 variables; iteration 23; function evaluation 28
Function value 7.2274e+03; maximum gradient component mag 8.3872e+00
Exit code = 1;  converg criter 1.0000e+01
Var    Value     Gradient |Var    Value     Gradient |Var    Value     Gradient
  1 -0.42584  8.38717e+00 |  2 -0.09750  3.39399e-01 |  3 -0.01034  6.69980e-03
  4 -0.01056  6.68613e-03 |  5 -0.01078  6.56413e-03 |  6 -0.01100  6.33308e-03
  7 -0.01121  5.98904e-03 |  8 -0.01142  5.52783e-03 |  9 -0.01162  4.95150e-03
 10 -0.01181  4.26044e-03 | 11 -0.01199  3.45348e-03 | 12 -0.01216  2.53399e-03
 13 -0.01232  1.50545e-03 | 14 -0.01247  3.67805e-04 | 15 -0.01260 -8.73164e-04
 16 -0.01271 -2.21261e-03 | 17 -0.01280 -3.64327e-03 | 18 -0.01288 -5.15822e-03
 19 -0.01293 -6.74983e-03 | 20 -0.01296 -8.41478e-03 | 21 -0.01296 -1.01508e-02
 22 -0.01294 -1.19547e-02 | 23 -0.01289 -1.38237e-02 | 24 -0.01282 -1.57523e-02
 25 -0.01271 -1.77316e-02 | 26 -0.01256 -1.97532e-02 | 27 -0.01239 -2.18046e-02
 28 -0.01217 -2.38764e-02 | 29 -0.01191 -2.59610e-02 | 30 -0.01162 -2.80476e-02
 31 -0.01129 -3.01497e-02 | 32 -0.01091 -3.22625e-02 | 33 -0.01051 -3.43879e-02
 34 -0.01007 -3.65179e-02 | 35 -0.00961 -3.86359e-02 | 36 -0.00913 -4.07233e-02
 37 -0.00864 -4.27411e-02 | 38 -0.00815 -4.46442e-02 | 39 -0.00768 -4.63560e-02
 40 -0.00723 -4.77825e-02 | 41 -0.00681 -4.88104e-02 | 42 -0.00643 -4.92965e-02
 43 -0.00609 -4.91392e-02 | 44 -0.00580 -4.82559e-02 | 45 -0.00554 -4.65321e-02
 46 -0.00531 -4.38635e-02 | 47 -0.00507 -4.02099e-02 | 48 -0.00480 -3.54512e-02
 49 -0.00449 -2.94557e-02 | 50 -0.00409 -2.21652e-02 | 51 -0.00357 -1.35169e-02
 52 -0.00291 -3.24564e-03 | 53 -0.00206  8.70164e-03 | 54 -0.00100  2.25449e-02
 55  0.00032  3.83634e-02 | 56  0.00192  5.61178e-02 | 57  0.00382  7.53085e-02
 58  0.00604  9.44290e-02 | 59  0.00858  1.10997e-01 | 60  0.01141  1.20970e-01
 61  0.01448  1.18304e-01 | 62  0.01769  9.57424e-02 | 63  0.02091  4.90512e-02
 64  0.02398 -2.03044e-02 | 65  0.02678 -1.01183e-01 | 66  0.02921 -1.66772e-01
 67  0.03123 -1.93224e-01 | 68  0.03276 -1.74397e-01 | 69  0.03376 -1.14075e-01
 70  0.03417 -3.62663e-02 | 71  0.03401  4.56608e-02 | 72  0.03320  1.11445e-01
 73  0.03162  1.44769e-01 | 74  0.02907  1.28649e-01 | 75  0.02552  5.92843e-02
 76  0.02127 -4.04098e-02 | 77  0.01692 -1.32341e-01 | 78  0.01310 -1.88913e-01
 79  0.01022 -2.09948e-01 | 80  0.00833 -2.08126e-01 | 81  0.00718 -1.93565e-01
 82  0.00633 -1.71149e-01 | 83  0.00565 -1.42161e-01 | 84  0.00561 -1.08644e-01
 85  0.00630 -7.25974e-02 | 86  0.00654 -3.45569e-02 | 87  0.00820  1.56945e-03
 88  0.01071  3.48273e-02 | 89  0.01475  9.82292e-02 | 90  0.01518  2.26603e-01
 91  0.01412  3.33032e-01 | 92  0.01250  4.32833e-01 | 93  0.00410  4.78747e-01
 94  0.00475  6.23543e-01 | 95  0.02314  7.66997e-01 | 96  0.02038  8.10743e-01
 97 -0.00450  6.60531e-01 | 98  0.01325  9.30554e-01 | 99  0.07987  1.58519e+00
100  0.02732  9.51191e-01 |101 -0.01508  4.38873e-01 |102  0.00375  8.99286e-02
103  0.01875  5.56155e-02 |104  0.03923  1.40681e-01 |105  0.00682  2.64156e-01
106 -0.05902 -1.89744e-01 |107 -0.07571 -6.62598e-01 |108 -0.07459 -6.42450e-01
109 -0.03355 -7.60464e-01 |110  0.07140 -1.36509e+00 |111  0.02802 -3.49937e-01
112  0.01579  4.08546e-01 |113 -0.03472  6.85355e-02 |114 -0.07235 -6.97892e-02
115 -0.00909 -5.42860e-01 |116  0.00741 -5.92426e-01 |117 -0.02691 -2.67590e-01
118  0.02852 -2.54684e-01 |119  0.07979  9.96436e-02 |120  0.01272  5.82731e-01
121  0.08281  1.80188e+00 |122  0.00773  3.72415e-01 |123  0.13774  8.93244e-01
124 -0.00271  1.93274e-01 |125 -0.04642 -8.76243e-02 |126 -0.05620  6.25075e-03
127 -0.02156 -1.18490e-01 |128  0.09045 -4.40498e-01 |129  0.02900  1.44225e-01
130  0.01762  1.48929e-01 |131 -0.02699 -8.25633e-03 |132 -0.01703  3.32343e-02
133 -0.00547  1.00373e-01 |134 -0.00037  6.31019e-03 |135  0.28255  7.22738e-01
136  0.19243 -1.64112e-01 |

Initial statistics: 146 variables; iteration 0; function evaluation 0; phase 2
Function value 7.2274180e+03; maximum gradient component mag 1.0579e+02
Var    Value     Gradient |Var    Value     Gradient |Var    Value     Gradient
  1 -0.42584  8.38717e+00 |  2  0.37110 -1.35793e+01 |  3 -0.12614 -3.86618e+01
  4 -0.01321 -1.94256e+01 |  5 -0.70915 -5.32455e-01 |  6 -0.60419  6.18260e+01
  7  0.37628  3.86619e+00 |  8 -0.18524  1.05786e+02 |  9  0.03399  2.80157e+01
 10 -0.60948  1.73423e+00 | 11 -0.62338  7.01552e+01 | 12 -0.09750  3.39399e-01
 13 -0.01034  6.69980e-03 | 14 -0.01056  6.68613e-03 | 15 -0.01078  6.56413e-03
 16 -0.01100  6.33308e-03 | 17 -0.01121  5.98904e-03 | 18 -0.01142  5.52783e-03
 19 -0.01162  4.95150e-03 | 20 -0.01181  4.26044e-03 | 21 -0.01199  3.45348e-03
 22 -0.01216  2.53399e-03 | 23 -0.01232  1.50545e-03 | 24 -0.01247  3.67805e-04
 25 -0.01260 -8.73164e-04 | 26 -0.01271 -2.21261e-03 | 27 -0.01280 -3.64327e-03
 28 -0.01288 -5.15822e-03 | 29 -0.01293 -6.74983e-03 | 30 -0.01296 -8.41478e-03
 31 -0.01296 -1.01508e-02 | 32 -0.01294 -1.19547e-02 | 33 -0.01289 -1.38237e-02
 34 -0.01282 -1.57523e-02 | 35 -0.01271 -1.77316e-02 | 36 -0.01256 -1.97532e-02
 37 -0.01239 -2.18046e-02 | 38 -0.01217 -2.38764e-02 | 39 -0.01191 -2.59610e-02
 40 -0.01162 -2.80476e-02 | 41 -0.01129 -3.01497e-02 | 42 -0.01091 -3.22625e-02
 43 -0.01051 -3.43879e-02 | 44 -0.01007 -3.65179e-02 | 45 -0.00961 -3.86359e-02
 46 -0.00913 -4.07233e-02 | 47 -0.00864 -4.27411e-02 | 48 -0.00815 -4.46442e-02
 49 -0.00768 -4.63560e-02 | 50 -0.00723 -4.77825e-02 | 51 -0.00681 -4.88104e-02
 52 -0.00643 -4.92965e-02 | 53 -0.00609 -4.91392e-02 | 54 -0.00580 -4.82559e-02
 55 -0.00554 -4.65321e-02 | 56 -0.00531 -4.38635e-02 | 57 -0.00507 -4.02099e-02
 58 -0.00480 -3.54512e-02 | 59 -0.00449 -2.94557e-02 | 60 -0.00409 -2.21652e-02
 61 -0.00357 -1.35169e-02 | 62 -0.00291 -3.24564e-03 | 63 -0.00206  8.70164e-03
 64 -0.00100  2.25449e-02 | 65  0.00032  3.83634e-02 | 66  0.00192  5.61178e-02
 67  0.00382  7.53085e-02 | 68  0.00604  9.44290e-02 | 69  0.00858  1.10997e-01
 70  0.01141  1.20970e-01 | 71  0.01448  1.18304e-01 | 72  0.01769  9.57424e-02
 73  0.02091  4.90512e-02 | 74  0.02398 -2.03044e-02 | 75  0.02678 -1.01183e-01
 76  0.02921 -1.66772e-01 | 77  0.03123 -1.93224e-01 | 78  0.03276 -1.74397e-01
 79  0.03376 -1.14075e-01 | 80  0.03417 -3.62663e-02 | 81  0.03401  4.56608e-02
 82  0.03320  1.11445e-01 | 83  0.03162  1.44769e-01 | 84  0.02907  1.28649e-01
 85  0.02552  5.92843e-02 | 86  0.02127 -4.04098e-02 | 87  0.01692 -1.32341e-01
 88  0.01310 -1.88913e-01 | 89  0.01022 -2.09948e-01 | 90  0.00833 -2.08126e-01
 91  0.00718 -1.93565e-01 | 92  0.00633 -1.71149e-01 | 93  0.00565 -1.42161e-01
 94  0.00561 -1.08644e-01 | 95  0.00630 -7.25974e-02 | 96  0.00654 -3.45569e-02
 97  0.00820  1.56945e-03 | 98  0.01071  3.48273e-02 | 99  0.01475  9.82292e-02
100  0.01518  2.26603e-01 |101  0.01412  3.33032e-01 |102  0.01250  4.32833e-01
103  0.00410  4.78747e-01 |104  0.00475  6.23543e-01 |105  0.02314  7.66997e-01
106  0.02038  8.10743e-01 |107 -0.00450  6.60531e-01 |108  0.01325  9.30554e-01
109  0.07987  1.58519e+00 |110  0.02732  9.51191e-01 |111 -0.01508  4.38873e-01
112  0.00375  8.99286e-02 |113  0.01875  5.56155e-02 |114  0.03923  1.40681e-01
115  0.00682  2.64156e-01 |116 -0.05902 -1.89744e-01 |117 -0.07571 -6.62598e-01
118 -0.07459 -6.42450e-01 |119 -0.03355 -7.60464e-01 |120  0.07140 -1.36509e+00
121  0.02802 -3.49937e-01 |122  0.01579  4.08546e-01 |123 -0.03472  6.85355e-02
124 -0.07235 -6.97892e-02 |125 -0.00909 -5.42860e-01 |126  0.00741 -5.92426e-01
127 -0.02691 -2.67590e-01 |128  0.02852 -2.54684e-01 |129  0.07979  9.96436e-02
130  0.01272  5.82731e-01 |131  0.08281  1.80188e+00 |132  0.00773  3.72415e-01
133  0.13774  8.93244e-01 |134 -0.00271  1.93274e-01 |135 -0.04642 -8.76243e-02
136 -0.05620  6.25075e-03 |137 -0.02156 -1.18490e-01 |138  0.09045 -4.40498e-01
139  0.02900  1.44225e-01 |140  0.01762  1.48929e-01 |141 -0.02699 -8.25633e-03
142 -0.01703  3.32343e-02 |143 -0.00547  1.00373e-01 |144 -0.00037  6.31019e-03
145  0.28255  7.22738e-01 |146  0.19243 -1.64112e-01 |

Intermediate statistics: 146 variables; iteration 20; function evaluation 27; phase 2
Function value 7.2271676e+03; maximum gradient component mag 6.1941e+01
Var    Value     Gradient |Var    Value     Gradient |Var    Value     Gradient
  1 -0.42629  4.29115e+00 |  2  0.37054 -5.04211e+01 |  3 -0.12547 -3.35964e+01
  4 -0.01342 -3.74466e+01 |  5 -0.70531 -4.85258e+00 |  6 -0.60705 -2.40690e+01
  7  0.37820  6.19412e+01 |  8 -0.18754  4.52787e+01 |  9  0.03494  3.92408e+01
 10 -0.60432 -4.51406e+00 | 11 -0.62617 -4.35213e+00 | 12 -0.09874  8.02584e+00
 13 -0.01043  5.97710e-02 | 14 -0.01066  6.14348e-02 | 15 -0.01088  6.30800e-02
 16 -0.01110  6.47058e-02 | 17 -0.01131  6.63100e-02 | 18 -0.01152  6.78894e-02
 19 -0.01172  6.94446e-02 | 20 -0.01191  7.09760e-02 | 21 -0.01209  7.24830e-02
 22 -0.01226  7.39677e-02 | 23 -0.01242  7.54326e-02 | 24 -0.01256  7.68775e-02
 25 -0.01269  7.83047e-02 | 26 -0.01280  7.97146e-02 | 27 -0.01290  8.11087e-02
 28 -0.01297  8.24904e-02 | 29 -0.01302  8.38675e-02 | 30 -0.01305  8.52462e-02
 31 -0.01305  8.66308e-02 | 32 -0.01303  8.80233e-02 | 33 -0.01298  8.94235e-02
 34 -0.01290  9.08304e-02 | 35 -0.01279  9.22429e-02 | 36 -0.01264  9.36600e-02
 37 -0.01246  9.50844e-02 | 38 -0.01224  9.65213e-02 | 39 -0.01199  9.79778e-02
 40 -0.01169  9.94583e-02 | 41 -0.01135  1.00972e-01 | 42 -0.01098  1.02522e-01
 43 -0.01057  1.04111e-01 | 44 -0.01013  1.05744e-01 | 45 -0.00967  1.07432e-01
 46 -0.00919  1.09181e-01 | 47 -0.00870  1.11009e-01 | 48 -0.00821  1.12925e-01
 49 -0.00773  1.14950e-01 | 50 -0.00727  1.17107e-01 | 51 -0.00685  1.19427e-01
 52 -0.00647  1.21960e-01 | 53 -0.00613  1.24749e-01 | 54 -0.00584  1.27831e-01
 55 -0.00559  1.31259e-01 | 56 -0.00535  1.35108e-01 | 57 -0.00512  1.39437e-01
 58 -0.00486  1.44336e-01 | 59 -0.00455  1.49920e-01 | 60 -0.00416  1.56248e-01
 61 -0.00366  1.63388e-01 | 62 -0.00302  1.71463e-01 | 63 -0.00219  1.80479e-01
 64 -0.00115  1.90505e-01 | 65  0.00013  2.01430e-01 | 66  0.00169  2.13214e-01
 67  0.00354  2.25358e-01 | 68  0.00571  2.36952e-01 | 69  0.00819  2.46862e-01
 70  0.01097  2.53679e-01 | 71  0.01401  2.56084e-01 | 72  0.01726  2.53618e-01
 73  0.02063  2.48080e-01 | 74  0.02397  2.43092e-01 | 75  0.02714  2.42610e-01
 76  0.02993  2.48809e-01 | 77  0.03214  2.59182e-01 | 78  0.03361  2.69100e-01
 79  0.03431  2.75989e-01 | 80  0.03431  2.79864e-01 | 81  0.03372  2.82367e-01
 82  0.03259  2.84535e-01 | 83  0.03088  2.85886e-01 | 84  0.02845  2.83040e-01
 85  0.02526  2.69705e-01 | 86  0.02143  2.41758e-01 | 87  0.01739  2.03930e-01
 88  0.01370  1.67818e-01 | 89  0.01082  1.41312e-01 | 90  0.00889  1.25473e-01
 91  0.00768  1.18947e-01 | 92  0.00679  1.20731e-01 | 93  0.00608  1.29126e-01
 94  0.00600  1.38049e-01 | 95  0.00666  1.44153e-01 | 96  0.00696  1.59277e-01
 97  0.00860  1.52062e-01 | 98  0.01116  1.36822e-01 | 99  0.01515  1.22953e-01
100  0.01552  1.40672e-01 |101  0.01442  1.25562e-01 |102  0.01276  8.88135e-02
103  0.00452  8.91310e-02 |104  0.00492  1.09631e-01 |105  0.02306  3.99269e-02
106  0.02042  2.12828e-02 |107 -0.00411 -6.18313e-02 |108  0.01358 -1.34362e-01
109  0.07858 -5.53934e-01 |110  0.02838 -2.80442e-01 |111 -0.01516 -4.64536e-01
112  0.00375 -7.27747e-01 |113  0.01859 -7.63285e-01 |114  0.03943 -8.58412e-01
115  0.00641 -5.06502e-01 |116 -0.05898 -4.60749e-01 |117 -0.07547 -7.17960e-01
118 -0.07455 -4.45726e-01 |119 -0.03360 -6.26039e-01 |120  0.07211 -8.36378e-01
121  0.02858 -5.23362e-01 |122  0.01543  1.32634e-01 |123 -0.03488  3.72101e-02
124 -0.07282 -6.39031e-02 |125 -0.00907 -2.70788e-02 |126  0.00787 -3.54743e-01
127 -0.02692 -3.29577e-02 |128  0.02646 -7.95605e-03 |129  0.08177  4.61078e-01
130  0.00878  2.76292e-01 |131  0.08313  6.78806e-01 |132  0.00712 -1.75602e-01
133  0.13745  2.28613e-01 |134 -0.00345  7.46891e-01 |135 -0.04674 -1.25177e-01
136 -0.05671  2.57174e-01 |137 -0.02160 -2.01622e-01 |138  0.09085 -4.63401e-01
139  0.02866  3.15780e-01 |140  0.01725  8.67943e-02 |141 -0.02765 -9.27261e-02
142 -0.01736  2.73931e-01 |143 -0.00648 -2.21364e-01 |144 -0.00040  2.90065e-03
145  0.28445  1.33833e+00 |146  0.19444  3.65806e+00 |

 - final statistics:
146 variables; iteration 33; function evaluation 44
Function value 7.2271e+03; maximum gradient component mag 7.9025e+00
Exit code = 1;  converg criter 1.0000e+01
Var    Value     Gradient |Var    Value     Gradient |Var    Value     Gradient
  1 -0.42679  3.01530e-01 |  2  0.37111 -5.62450e+00 |  3 -0.12525 -4.01493e+00
  4 -0.01362 -4.36492e+00 |  5 -0.70183 -8.14148e-01 |  6 -0.60671 -2.88651e+00
  7  0.37735  7.90249e+00 |  8 -0.18799  5.42769e+00 |  9  0.03515  4.80587e+00
 10 -0.59997 -4.98744e-01 | 11 -0.62648 -6.52308e-01 | 12 -0.09701  1.41457e+00
 13 -0.01056  1.82533e-02 | 14 -0.01079  1.84226e-02 | 15 -0.01101  1.85033e-02
 16 -0.01124  1.84905e-02 | 17 -0.01145  1.83787e-02 | 18 -0.01167  1.81607e-02
 19 -0.01187  1.78332e-02 | 20 -0.01207  1.73931e-02 | 21 -0.01225  1.68360e-02
 22 -0.01243  1.61610e-02 | 23 -0.01259  1.53671e-02 | 24 -0.01274  1.44510e-02
 25 -0.01287  1.34125e-02 | 26 -0.01299  1.22505e-02 | 27 -0.01309  1.09646e-02
 28 -0.01316  9.55486e-03 | 29 -0.01322  8.02215e-03 | 30 -0.01325  6.36527e-03
 31 -0.01326  4.58317e-03 | 32 -0.01324  2.67428e-03 | 33 -0.01320  6.35166e-04
 34 -0.01312 -1.53786e-03 | 35 -0.01302 -3.84781e-03 | 36 -0.01288 -6.29858e-03
 37 -0.01271 -8.89059e-03 | 38 -0.01249 -1.16245e-02 | 39 -0.01224 -1.44993e-02
 40 -0.01195 -1.75110e-02 | 41 -0.01162 -2.06658e-02 | 42 -0.01125 -2.39599e-02
 43 -0.01085 -2.73914e-02 | 44 -0.01041 -3.09509e-02 | 45 -0.00995 -3.46220e-02
 46 -0.00947 -3.83855e-02 | 47 -0.00899 -4.22106e-02 | 48 -0.00850 -4.60624e-02
 49 -0.00803 -4.98869e-02 | 50 -0.00757 -5.36132e-02 | 51 -0.00715 -5.71473e-02
 52 -0.00678 -6.03695e-02 | 53 -0.00644 -6.31831e-02 | 54 -0.00615 -6.55116e-02
 55 -0.00590 -6.72741e-02 | 56 -0.00566 -6.83989e-02 | 57 -0.00543 -6.88398e-02
 58 -0.00517 -6.85037e-02 | 59 -0.00486 -6.73055e-02 | 60 -0.00447 -6.52029e-02
 61 -0.00397 -6.21779e-02 | 62 -0.00332 -5.81501e-02 | 63 -0.00250 -5.31946e-02
 64 -0.00146 -4.73947e-02 | 65 -0.00018 -4.09725e-02 | 66  0.00136 -3.43535e-02
 67  0.00320 -2.81138e-02 | 68  0.00534 -2.29963e-02 | 69  0.00780 -1.95117e-02
 70  0.01056 -1.75877e-02 | 71  0.01360 -1.63436e-02 | 72  0.01686 -1.40777e-02
 73  0.02027 -8.25854e-03 | 74  0.02370  5.98784e-03 | 75  0.02701  3.77410e-02
 76  0.03002  9.08197e-02 | 77  0.03244  1.48309e-01 | 78  0.03399  1.79126e-01
 79  0.03450  1.63240e-01 | 80  0.03419  1.22701e-01 | 81  0.03330  8.40425e-02
 82  0.03202  7.28784e-02 | 83  0.03035  9.51746e-02 | 84  0.02810  1.39226e-01
 85  0.02510  1.78671e-01 | 86  0.02142  1.95556e-01 | 87  0.01747  1.92352e-01
 88  0.01383  1.77767e-01 | 89  0.01095  1.59438e-01 | 90  0.00899  1.42318e-01
 91  0.00774  1.27965e-01 | 92  0.00682  1.16200e-01 | 93  0.00608  1.06139e-01
 94  0.00597  9.37572e-02 | 95  0.00661  7.65868e-02 | 96  0.00688  6.09618e-02
 97  0.00849  2.82434e-02 | 98  0.01102 -1.03295e-02 | 99  0.01496 -5.23535e-02
100  0.01529 -6.52764e-02 |101  0.01418 -7.84416e-02 |102  0.01257 -7.93519e-02
103  0.00447 -3.81368e-02 |104  0.00498  2.25356e-02 |105  0.02334  5.01422e-02
106  0.02095  1.32054e-01 |107 -0.00371  7.98710e-02 |108  0.01425  2.23775e-01
109  0.07899 -1.57858e-02 |110  0.02899  1.15638e-01 |111 -0.01482 -1.31372e-01
112  0.00476 -9.55033e-02 |113  0.01916 -2.70937e-01 |114  0.03970 -2.81598e-01
115  0.00707  1.69299e-01 |116 -0.05734  5.54627e-01 |117 -0.07368  3.59971e-01
118 -0.07460 -3.49525e-01 |119 -0.03439 -4.71607e-01 |120  0.07353 -2.26997e-01
121  0.03014  2.80465e-01 |122  0.01564  2.81301e-01 |123 -0.03452 -4.23106e-03
124 -0.07256  6.04822e-02 |125 -0.00843  5.22501e-03 |126  0.00844 -1.04889e-01
127 -0.02577  3.45407e-01 |128  0.02717  4.38904e-02 |129  0.08263  3.25214e-01
130  0.00908 -7.31817e-02 |131  0.08266 -5.38348e-01 |132  0.00787 -2.92774e-01
133  0.13896  9.39947e-01 |134 -0.00369  1.77879e-02 |135 -0.04650  3.13676e-02
136 -0.05680  3.60261e-02 |137 -0.02119 -1.78436e-02 |138  0.09249 -1.53078e-01
139  0.02867  1.53369e-01 |140  0.01710 -1.99834e-02 |141 -0.02752  8.86218e-02
142 -0.01764 -1.00346e-01 |143 -0.00645 -9.61036e-03 |144 -0.00040  1.01261e-03
145  0.28137 -7.01750e-04 |146  0.19169  2.89127e-01 |

Initial statistics: 176 variables; iteration 0; function evaluation 0; phase 3
Function value 7.2270879e+03; maximum gradient component mag 1.1960e+01
Var    Value     Gradient |Var    Value     Gradient |Var    Value     Gradient
  1 -0.42679  3.01530e-01 |  2  0.37111 -5.62450e+00 |  3 -0.12525 -4.01493e+00
  4 -0.01362 -4.36492e+00 |  5 -0.70183 -8.14148e-01 |  6 -0.60671 -2.88651e+00
  7  0.37735  7.90249e+00 |  8 -0.18799  5.42769e+00 |  9  0.03515  4.80587e+00
 10 -0.59997 -4.98744e-01 | 11 -0.62648 -6.52308e-01 | 12 -0.09701  1.41457e+00
 13 -0.01056  1.82533e-02 | 14 -0.01079  1.84226e-02 | 15 -0.01101  1.85033e-02
 16 -0.01124  1.84905e-02 | 17 -0.01145  1.83787e-02 | 18 -0.01167  1.81607e-02
 19 -0.01187  1.78332e-02 | 20 -0.01207  1.73931e-02 | 21 -0.01225  1.68360e-02
 22 -0.01243  1.61610e-02 | 23 -0.01259  1.53671e-02 | 24 -0.01274  1.44510e-02
 25 -0.01287  1.34125e-02 | 26 -0.01299  1.22505e-02 | 27 -0.01309  1.09646e-02
 28 -0.01316  9.55486e-03 | 29 -0.01322  8.02215e-03 | 30 -0.01325  6.36527e-03
 31 -0.01326  4.58317e-03 | 32 -0.01324  2.67428e-03 | 33 -0.01320  6.35166e-04
 34 -0.01312 -1.53786e-03 | 35 -0.01302 -3.84781e-03 | 36 -0.01288 -6.29858e-03
 37 -0.01271 -8.89059e-03 | 38 -0.01249 -1.16245e-02 | 39 -0.01224 -1.44993e-02
 40 -0.01195 -1.75110e-02 | 41 -0.01162 -2.06658e-02 | 42 -0.01125 -2.39599e-02
 43 -0.01085 -2.73914e-02 | 44 -0.01041 -3.09509e-02 | 45 -0.00995 -3.46220e-02
 46 -0.00947 -3.83855e-02 | 47 -0.00899 -4.22106e-02 | 48 -0.00850 -4.60624e-02
 49 -0.00803 -4.98869e-02 | 50 -0.00757 -5.36132e-02 | 51 -0.00715 -5.71473e-02
 52 -0.00678 -6.03695e-02 | 53 -0.00644 -6.31831e-02 | 54 -0.00615 -6.55116e-02
 55 -0.00590 -6.72741e-02 | 56 -0.00566 -6.83989e-02 | 57 -0.00543 -6.88398e-02
 58 -0.00517 -6.85037e-02 | 59 -0.00486 -6.73055e-02 | 60 -0.00447 -6.52029e-02
 61 -0.00397 -6.21779e-02 | 62 -0.00332 -5.81501e-02 | 63 -0.00250 -5.31946e-02
 64 -0.00146 -4.73947e-02 | 65 -0.00018 -4.09725e-02 | 66  0.00136 -3.43535e-02
 67  0.00320 -2.81138e-02 | 68  0.00534 -2.29963e-02 | 69  0.00780 -1.95117e-02
 70  0.01056 -1.75877e-02 | 71  0.01360 -1.63436e-02 | 72  0.01686 -1.40777e-02
 73  0.02027 -8.25854e-03 | 74  0.02370  5.98784e-03 | 75  0.02701  3.77410e-02
 76  0.03002  9.08197e-02 | 77  0.03244  1.48309e-01 | 78  0.03399  1.79126e-01
 79  0.03450  1.63240e-01 | 80  0.03419  1.22701e-01 | 81  0.03330  8.40425e-02
 82  0.03202  7.28784e-02 | 83  0.03035  9.51746e-02 | 84  0.02810  1.39226e-01
 85  0.02510  1.78671e-01 | 86  0.02142  1.95556e-01 | 87  0.01747  1.92352e-01
 88  0.01383  1.77767e-01 | 89  0.01095  1.59438e-01 | 90  0.00899  1.42318e-01
 91  0.00774  1.27965e-01 | 92  0.00682  1.16200e-01 | 93  0.00608  1.06139e-01
 94  0.00597  9.37572e-02 | 95  0.00661  7.65868e-02 | 96  0.00688  6.09618e-02
 97  0.00849  2.82434e-02 | 98  0.01102 -1.03295e-02 | 99  0.01496 -5.23535e-02
100  0.01529 -6.52764e-02 |101  0.01418 -7.84416e-02 |102  0.01257 -7.93519e-02
103  0.00447 -3.81368e-02 |104  0.00498  2.25356e-02 |105  0.02334  5.01422e-02
106  0.02095  1.32054e-01 |107 -0.00371  7.98710e-02 |108  0.01425  2.23775e-01
109  0.07899 -1.57858e-02 |110  0.02899  1.15638e-01 |111 -0.01482 -1.31372e-01
112  0.00476 -9.55033e-02 |113  0.01916 -2.70937e-01 |114  0.03970 -2.81598e-01
115  0.00707  1.69299e-01 |116 -0.05734  5.54627e-01 |117 -0.07368  3.59971e-01
118 -0.07460 -3.49525e-01 |119 -0.03439 -4.71607e-01 |120  0.07353 -2.26997e-01
121  0.03014  2.80465e-01 |122  0.01564  2.81301e-01 |123 -0.03452 -4.23106e-03
124 -0.07256  6.04822e-02 |125 -0.00843  5.22501e-03 |126  0.00844 -1.04889e-01
127 -0.02577  3.45407e-01 |128  0.02717  4.38904e-02 |129  0.08263  3.25214e-01
130  0.00908 -7.31817e-02 |131  0.08266 -5.38348e-01 |132  0.00787 -2.92774e-01
133  0.13896  9.39947e-01 |134 -0.00369  1.77879e-02 |135 -0.04650  3.13676e-02
136 -0.05680  3.60261e-02 |137 -0.02119 -1.78436e-02 |138  0.09249 -1.53078e-01
139  0.02867  1.53369e-01 |140  0.01710 -1.99834e-02 |141 -0.02752  8.86218e-02
142 -0.01764 -1.00346e-01 |143 -0.00645 -9.61036e-03 |144 -0.00040  1.01261e-03
145  0.28137 -7.01750e-04 |146  0.19169  2.89127e-01 |147  0.04662  9.26084e-01
148  0.29671 -5.95026e-01 |149 -0.47543 -1.42888e-02 |150  0.31377  4.35969e-03
151  0.18255 -3.87532e+00 |152  0.25986  7.09364e+00 |153  0.17459 -2.14632e-02
154  0.25418  1.47458e+00 |155  0.10351 -2.56823e+00 |156  0.29677  4.79328e+00
157  0.16893 -1.40112e+00 |158  0.24623  2.34790e+00 |159 -0.35197 -1.38999e+00
160  0.24281  8.25307e-01 |161  0.20265  3.56818e-01 |162  0.31675  3.80417e+00
163 -0.38040  4.62051e-01 |164  0.23607 -1.47704e-01 |165  0.05118 -2.32977e+00
166  0.11969 -4.18578e-01 |167  0.32140  5.12700e+00 |168  0.27252  1.62139e-03
169  0.01343  2.71474e-02 |170  0.39319 -2.70871e-01 |171  0.09932  1.19600e+01
172  0.16368 -2.63773e+00 |173  0.21870  1.04331e+00 |174  0.25726  8.43679e+00
175 -0.55411  1.85085e-01 |176  0.17113 -1.46208e-01 |

Intermediate statistics: 176 variables; iteration 20; function evaluation 22; phase 3
Function value 7.2262958e+03; maximum gradient component mag 4.0959e+01
Var    Value     Gradient |Var    Value     Gradient |Var    Value     Gradient
  1 -0.42751 -1.58407e+00 |  2  0.37189  2.42597e+01 |  3 -0.12713 -3.85392e+01
  4 -0.01322 -1.33402e+00 |  5 -0.70135 -5.12272e-01 |  6 -0.60608  4.02957e+00
  7  0.37514 -6.82251e+00 |  8 -0.19012 -1.28989e+01 |  9  0.03949  1.17551e+01
 10 -0.59591  5.47427e+00 | 11 -0.62720  5.05432e+00 | 12 -0.11276  7.18217e+00
 13 -0.00979 -2.18440e-01 | 14 -0.00999 -2.23000e-01 | 15 -0.01019 -2.27377e-01
 16 -0.01038 -2.31557e-01 | 17 -0.01057 -2.35525e-01 | 18 -0.01075 -2.39258e-01
 19 -0.01092 -2.42746e-01 | 20 -0.01108 -2.45977e-01 | 21 -0.01122 -2.48936e-01
 22 -0.01136 -2.51616e-01 | 23 -0.01148 -2.54013e-01 | 24 -0.01158 -2.56116e-01
 25 -0.01167 -2.57922e-01 | 26 -0.01173 -2.59430e-01 | 27 -0.01178 -2.60636e-01
 28 -0.01181 -2.61530e-01 | 29 -0.01181 -2.62092e-01 | 30 -0.01178 -2.62297e-01
 31 -0.01173 -2.62126e-01 | 32 -0.01165 -2.61566e-01 | 33 -0.01155 -2.60607e-01
 34 -0.01141 -2.59240e-01 | 35 -0.01124 -2.57456e-01 | 36 -0.01104 -2.55235e-01
 37 -0.01080 -2.52552e-01 | 38 -0.01052 -2.49369e-01 | 39 -0.01019 -2.45638e-01
 40 -0.00983 -2.41302e-01 | 41 -0.00943 -2.36319e-01 | 42 -0.00899 -2.30651e-01
 43 -0.00851 -2.24270e-01 | 44 -0.00800 -2.17165e-01 | 45 -0.00747 -2.09322e-01
 46 -0.00692 -2.00708e-01 | 47 -0.00636 -1.91312e-01 | 48 -0.00580 -1.81106e-01
 49 -0.00526 -1.70116e-01 | 50 -0.00474 -1.58409e-01 | 51 -0.00426 -1.46090e-01
 52 -0.00382 -1.33301e-01 | 53 -0.00344 -1.20126e-01 | 54 -0.00312 -1.06628e-01
 55 -0.00284 -9.29590e-02 | 56 -0.00260 -7.93416e-02 | 57 -0.00236 -6.59196e-02
 58 -0.00212 -5.28637e-02 | 59 -0.00184 -4.03168e-02 | 60 -0.00149 -2.82658e-02
 61 -0.00104 -1.66692e-02 | 62 -0.00046 -5.63909e-03 | 63  0.00029  5.09758e-03
 64  0.00124  1.57594e-02 | 65  0.00242  2.69313e-02 | 66  0.00388  3.94670e-02
 67  0.00564  5.47539e-02 | 68  0.00774  7.45630e-02 | 69  0.01019  1.00048e-01
 70  0.01301  1.31083e-01 | 71  0.01616  1.65991e-01 | 72  0.01956  2.02060e-01
 73  0.02309  2.35523e-01 | 74  0.02653  2.56173e-01 | 75  0.02952  2.40043e-01
 76  0.03175  1.75292e-01 | 77  0.03324  1.06365e-01 | 78  0.03433  1.16432e-01
 79  0.03531  2.57622e-01 | 80  0.03591  4.62743e-01 | 81  0.03580  6.53450e-01
 82  0.03462  7.53193e-01 | 83  0.03226  7.40562e-01 | 84  0.02883  6.45803e-01
 85  0.02470  5.46533e-01 | 86  0.02032  5.00659e-01 | 87  0.01600  5.06433e-01
 88  0.01210  5.40635e-01 | 89  0.00891  5.79053e-01 | 90  0.00648  6.00907e-01
 91  0.00457  5.93248e-01 | 92  0.00283  5.47384e-01 | 93  0.00115  4.59194e-01
 94  0.00007  3.36476e-01 | 95 -0.00026  1.80770e-01 | 96 -0.00087 -2.48771e-02
 97  0.00006 -2.34452e-01 | 98  0.00195 -4.91543e-01 | 99  0.00519 -8.15090e-01
100  0.00478 -1.21076e+00 |101  0.00334 -1.61448e+00 |102  0.00162 -2.02923e+00
103 -0.00587 -2.34753e+00 |104 -0.00534 -2.84635e+00 |105  0.01229 -3.69677e+00
106  0.01120 -3.93483e+00 |107 -0.00992 -3.23347e+00 |108  0.00545 -4.39851e+00
109  0.07149 -6.32892e+00 |110  0.02214 -4.69871e+00 |111 -0.01800 -2.87735e+00
112 -0.00065 -3.32571e+00 |113  0.01463 -2.56345e+00 |114  0.03589 -6.01571e-01
115  0.00549  1.74394e+00 |116 -0.05899  2.25389e+00 |117 -0.07551  2.44841e+00
118 -0.07455  2.78532e+00 |119 -0.03588  3.54391e+00 |120  0.07306  9.77410e+00
121  0.03013  7.22972e+00 |122  0.01451  5.46691e+00 |123 -0.03597  2.82162e+00
124 -0.07437  1.66820e+00 |125 -0.01064  1.99932e+00 |126  0.00833  2.72394e+00
127 -0.03016  6.94813e-01 |128  0.02833  2.17072e+00 |129  0.08107  2.08976e+00
130  0.00825  3.11717e-01 |131  0.08248  7.01728e-01 |132  0.00888  6.12715e-01
133  0.13884  2.27622e+00 |134 -0.00324 -8.15425e-02 |135 -0.04692  1.14501e-01
136 -0.05699 -1.66854e-01 |137 -0.02122  1.86700e-01 |138  0.09433  9.38379e-01
139  0.02642 -4.11816e-01 |140  0.01691  1.69608e-01 |141 -0.02936 -2.54741e-01
142 -0.01568  2.40885e-01 |143 -0.00720 -3.25465e-02 |144 -0.00038 -6.74921e-03
145  0.30510  2.57211e+00 |146  0.21602  5.01867e+00 |147  0.00565  9.39167e-01
148  0.32237 -4.91947e-01 |149 -0.47478 -1.74843e-02 |150  0.31357  4.74055e-03
151  0.18331 -9.61492e+00 |152  0.25940  1.24223e+01 |153  0.17478 -4.27305e+00
154  0.25408  6.33806e+00 |155  0.10898  9.84107e-01 |156  0.29735 -2.78121e+00
157  0.16919 -1.50756e+01 |158  0.24737  2.33365e+01 |159 -0.34366  3.75773e+00
160  0.24464 -3.70504e+00 |161  0.20065 -2.92080e+00 |162  0.31828  1.64853e+01
163 -0.39072 -6.92787e-01 |164  0.23166 -1.28535e+00 |165  0.14907 -2.25240e+00
166  0.13849 -5.33287e-01 |167  0.11203  1.55818e+00 |168  0.27259  4.15165e-03
169  0.01187  2.82527e-01 |170  0.40538 -4.32538e-01 |171  0.09956  4.09589e+01
172  0.16402 -2.25640e+01 |173  0.21799 -2.54100e+01 |174  0.25721  3.23936e+01
175 -0.55447  1.39984e+00 |176  0.17052 -4.13371e-01 |
176 variables; iteration 40; function evaluation 45; phase 3
Function value 7.2259070e+03; maximum gradient component mag 5.1465e+01
Var    Value     Gradient |Var    Value     Gradient |Var    Value     Gradient
  1 -0.42684  2.41049e+01 |  2  0.37208  1.41087e+01 |  3 -0.12641 -1.49249e+01
  4 -0.01441 -1.44102e+00 |  5 -0.69850  2.17809e+00 |  6 -0.60618  1.02350e+01
  7  0.37630 -1.88452e+00 |  8 -0.18933 -1.70104e+01 |  9  0.03705  5.11239e+00
 10 -0.59812  1.48386e+00 | 11 -0.62692  1.17889e-01 | 12 -0.12483 -6.46895e+00
 13 -0.00799 -3.68692e-02 | 14 -0.00815 -3.65552e-02 | 15 -0.00830 -3.59841e-02
 16 -0.00845 -3.51355e-02 | 17 -0.00859 -3.39983e-02 | 18 -0.00872 -3.25400e-02
 19 -0.00884 -3.07419e-02 | 20 -0.00896 -2.85912e-02 | 21 -0.00906 -2.60757e-02
 22 -0.00914 -2.31913e-02 | 23 -0.00921 -1.99363e-02 | 24 -0.00927 -1.63058e-02
 25 -0.00931 -1.22932e-02 | 26 -0.00933 -7.87929e-03 | 27 -0.00933 -3.03361e-03
 28 -0.00930  2.27385e-03 | 29 -0.00926  8.04828e-03 | 30 -0.00919  1.42712e-02
 31 -0.00909  2.09109e-02 | 32 -0.00896  2.79519e-02 | 33 -0.00881  3.53932e-02
 34 -0.00863  4.32497e-02 | 35 -0.00842  5.15479e-02 | 36 -0.00817  6.03182e-02
 37 -0.00789  6.95743e-02 | 38 -0.00757  7.93008e-02 | 39 -0.00721  8.94501e-02
 40 -0.00681  9.99598e-02 | 41 -0.00637  1.10729e-01 | 42 -0.00590  1.21690e-01
 43 -0.00540  1.32787e-01 | 44 -0.00487  1.43963e-01 | 45 -0.00432  1.55137e-01
 46 -0.00376  1.66206e-01 | 47 -0.00319  1.77029e-01 | 48 -0.00263  1.87439e-01
 49 -0.00209  1.97228e-01 | 50 -0.00159  2.06144e-01 | 51 -0.00114  2.13843e-01
 52 -0.00074  2.19835e-01 | 53 -0.00040  2.23588e-01 | 54 -0.00014  2.24594e-01
 55  0.00007  2.22468e-01 | 56  0.00023  2.17046e-01 | 57  0.00037  2.08281e-01
 58  0.00052  1.96018e-01 | 59  0.00069  1.80123e-01 | 60  0.00092  1.60463e-01
 61  0.00124  1.36962e-01 | 62  0.00169  1.09461e-01 | 63  0.00230  7.80580e-02
 64  0.00311  4.29853e-02 | 65  0.00414  4.64457e-03 | 66  0.00545 -3.58809e-02
 67  0.00706 -7.75502e-02 | 68  0.00900 -1.19173e-01 | 69  0.01130 -1.59904e-01
 70  0.01393 -1.99708e-01 | 71  0.01688 -2.38920e-01 | 72  0.02007 -2.77244e-01
 73  0.02340 -3.11337e-01 | 74  0.02676 -3.29510e-01 | 75  0.03010 -3.04680e-01
 76  0.03328 -2.16999e-01 | 77  0.03588 -1.06065e-01 | 78  0.03724 -6.09655e-02
 79  0.03699 -1.37021e-01 | 80  0.03565 -2.63387e-01 | 81  0.03385 -3.55819e-01
 82  0.03204 -3.47169e-01 | 83  0.03016 -2.36614e-01 | 84  0.02778 -7.37212e-02
 85  0.02448  6.89894e-02 | 86  0.02028  1.64041e-01 | 87  0.01572  2.38454e-01
 88  0.01141  3.19361e-01 | 89  0.00780  4.12174e-01 | 90  0.00497  5.05769e-01
 91  0.00268  5.88791e-01 | 92  0.00057  6.53745e-01 | 93 -0.00144  6.99828e-01
 94 -0.00283  7.37998e-01 | 95 -0.00340  7.80917e-01 | 96 -0.00411  8.26801e-01
 97 -0.00325  9.12416e-01 | 98 -0.00135  1.01053e+00 | 99  0.00182  1.07565e+00
100  0.00156  1.05198e+00 |101  0.00034  9.91382e-01 |102 -0.00120  8.42052e-01
103 -0.00849  5.45760e-01 |104 -0.00800  1.13758e-01 |105  0.00828 -7.64810e-01
106  0.00661 -1.73474e+00 |107 -0.01487 -2.35706e+00 |108  0.00334 -3.83073e+00
109  0.05627 -8.66891e+00 |110  0.01928 -5.18731e+00 |111 -0.02319 -3.06908e+00
112 -0.00351 -2.04359e+00 |113  0.01220 -1.51488e+00 |114  0.03030 -2.64096e+00
115 -0.00288 -2.70096e+00 |116 -0.06617 -1.43291e+00 |117 -0.07974  3.54916e-01
118 -0.07895  1.28216e+00 |119 -0.03687  3.52191e+00 |120  0.06908  6.70015e+00
121  0.02564  4.46273e+00 |122  0.01097  3.72315e+00 |123 -0.03827  1.98718e+00
124 -0.07545  1.55648e+00 |125 -0.01125  2.26158e+00 |126  0.00464  1.32250e+00
127 -0.03203 -2.98919e-01 |128  0.02092 -1.42782e+00 |129  0.07359 -2.07439e+00
130  0.00407 -8.07985e-01 |131  0.08073  1.63529e+00 |132  0.00479  1.31039e-02
133  0.13046 -2.61062e+00 |134 -0.00767 -1.03011e+00 |135 -0.04909  1.84531e-02
136 -0.05878 -1.10437e-01 |137 -0.02351 -1.83016e-01 |138  0.08887 -7.82880e-01
139  0.02720  3.20327e-01 |140  0.01523 -2.28770e-01 |141 -0.02844  1.25258e-01
142 -0.01666 -4.49839e-03 |143 -0.00731  2.31402e-02 |144 -0.00049 -1.66417e-02
145  0.32376 -4.34314e+00 |146  0.23322  2.41639e+00 |147 -0.15975 -1.12763e+00
148  0.31906  7.53120e-01 |149 -0.46719 -2.06885e-02 |150  0.31146  5.70248e-03
151  0.18529 -5.19466e+00 |152  0.26016  8.98976e+00 |153  0.17398 -2.42681e+00
154  0.25310  1.31783e+00 |155  0.10468 -4.18014e+00 |156  0.29621  5.27468e+00
157  0.17084  1.57235e-01 |158  0.24643 -9.90919e-02 |159 -0.35357 -6.87450e+00
160  0.24312  7.83864e+00 |161  0.19912  6.17908e-02 |162  0.31612  6.49111e+00
163 -0.37520  1.10949e+00 |164  0.23745  1.01882e+00 |165  0.18561 -1.18372e+00
166  0.33457  2.37056e-01 |167  0.05132  7.45503e-01 |168  0.18016 -1.54344e-01
169 -0.12106  1.21852e+00 |170  0.51195 -4.01110e-02 |171  0.09991  5.14651e+01
172  0.16395 -1.26265e+01 |173  0.21861 -2.26438e+01 |174  0.25684  1.47511e+01
175 -0.55817  5.26900e-01 |176  0.16912 -1.88876e-01 |
176 variables; iteration 60; function evaluation 70; phase 3
Function value 7.2255493e+03; maximum gradient component mag 1.0068e+01
Var    Value     Gradient |Var    Value     Gradient |Var    Value     Gradient
  1 -0.42766  4.56001e+00 |  2  0.37157 -2.35422e+00 |  3 -0.12557  1.00676e+01
  4 -0.01438  2.37263e+00 |  5 -0.70037  7.96948e-01 |  6 -0.60630  1.71177e+00
  7  0.37757  4.96112e+00 |  8 -0.18830 -1.05008e+00 |  9  0.03439  2.68067e+00
 10 -0.59747  1.62559e-02 | 11 -0.62705 -6.08957e+00 | 12 -0.12295 -1.61615e+00
 13 -0.00811  2.72636e-02 | 14 -0.00825  3.33767e-02 | 15 -0.00839  3.98093e-02
 16 -0.00853  4.65086e-02 | 17 -0.00866  5.34254e-02 | 18 -0.00878  6.05103e-02
 19 -0.00889  6.77002e-02 | 20 -0.00899  7.49356e-02 | 21 -0.00908  8.21618e-02
 22 -0.00916  8.93194e-02 | 23 -0.00923  9.63549e-02 | 24 -0.00928  1.03229e-01
 25 -0.00932  1.09900e-01 | 26 -0.00934  1.16342e-01 | 27 -0.00935  1.22527e-01
 28 -0.00933  1.28430e-01 | 29 -0.00929  1.34016e-01 | 30 -0.00923  1.39245e-01
 31 -0.00915  1.44075e-01 | 32 -0.00904  1.48468e-01 | 33 -0.00891  1.52391e-01
 34 -0.00876  1.55817e-01 | 35 -0.00857  1.58724e-01 | 36 -0.00836  1.61097e-01
 37 -0.00811  1.62914e-01 | 38 -0.00782  1.64156e-01 | 39 -0.00751  1.64800e-01
 40 -0.00715  1.64843e-01 | 41 -0.00677  1.64312e-01 | 42 -0.00635  1.63292e-01
 43 -0.00590  1.61949e-01 | 44 -0.00542  1.60506e-01 | 45 -0.00492  1.59239e-01
 46 -0.00441  1.58507e-01 | 47 -0.00389  1.58668e-01 | 48 -0.00337  1.60146e-01
 49 -0.00286  1.63250e-01 | 50 -0.00238  1.68097e-01 | 51 -0.00194  1.74385e-01
 52 -0.00154  1.81187e-01 | 53 -0.00120  1.87404e-01 | 54 -0.00092  1.92126e-01
 55 -0.00070  1.94845e-01 | 56 -0.00052  1.95769e-01 | 57 -0.00035  1.95730e-01
 58 -0.00017  1.95014e-01 | 59  0.00005  1.93605e-01 | 60  0.00035  1.91469e-01
 61  0.00074  1.88097e-01 | 62  0.00126  1.81135e-01 | 63  0.00193  1.68788e-01
 64  0.00277  1.47905e-01 | 65  0.00382  1.15815e-01 | 66  0.00510  7.41726e-02
 67  0.00667  2.92891e-02 | 68  0.00862 -4.26301e-03 | 69  0.01104 -1.08621e-02
 70  0.01393  1.16079e-02 | 71  0.01719  4.11648e-02 | 72  0.02055  3.85293e-02
 73  0.02379 -1.73858e-02 | 74  0.02682 -1.04990e-01 | 75  0.02968 -1.72680e-01
 76  0.03228 -1.97346e-01 | 77  0.03416 -2.23960e-01 | 78  0.03516 -2.57160e-01
 79  0.03561 -2.33406e-01 | 80  0.03557 -1.63782e-01 | 81  0.03493 -8.58779e-02
 82  0.03366 -1.76160e-02 | 83  0.03173  4.42761e-02 | 84  0.02877  4.94698e-02
 85  0.02413 -1.26873e-01 | 86  0.01830 -4.36268e-01 | 87  0.01298 -6.10889e-01
 88  0.00906 -5.37535e-01 | 89  0.00622 -3.62826e-01 | 90  0.00388 -2.48369e-01
 91  0.00176 -2.23007e-01 | 92 -0.00031 -2.53272e-01 | 93 -0.00221 -2.86763e-01
 94 -0.00325 -2.77282e-01 | 95 -0.00338 -2.42005e-01 | 96 -0.00382 -2.43117e-01
 97 -0.00271 -2.14363e-01 | 98 -0.00075 -2.19593e-01 | 99  0.00271 -2.15811e-01
100  0.00120 -6.30513e-01 |101 -0.00077 -8.99017e-01 |102 -0.00263 -1.08373e+00
103 -0.01023 -1.22670e+00 |104 -0.01003 -1.33350e+00 |105  0.00759 -1.35173e+00
106  0.00547 -1.53385e+00 |107 -0.01572 -9.07766e-01 |108  0.00984  9.90177e-01
109  0.05548 -2.57865e+00 |110  0.02509  1.67282e+00 |111 -0.02404  2.86854e-01
112 -0.00341  1.41569e+00 |113  0.01284  1.97447e+00 |114  0.03083  9.70517e-01
115 -0.00043  1.97540e-01 |116 -0.06374 -1.59108e-01 |117 -0.08123 -1.19319e+00
118 -0.08152 -1.58383e+00 |119 -0.03751  4.91249e-01 |120  0.07036  1.56307e+00
121  0.02342 -6.89612e-01 |122  0.01149  3.22606e-01 |123 -0.03648  8.89107e-01
124 -0.07610 -1.76418e-01 |125 -0.01198 -8.87648e-02 |126  0.00232 -1.06288e+00
127 -0.03059 -4.28301e-01 |128  0.02204 -9.72179e-01 |129  0.07366 -1.46091e+00
130  0.00953  1.05513e+00 |131  0.07770 -3.61630e-01 |132  0.00543 -1.97697e-01
133  0.13386 -1.82437e-01 |134 -0.00565  1.15853e-01 |135 -0.04987 -5.40091e-01
136 -0.05824  6.50068e-02 |137 -0.02273 -4.19619e-02 |138  0.08902 -7.98592e-01
139  0.02722  1.76472e-01 |140  0.01598  6.46177e-03 |141 -0.02738  3.90153e-01
142 -0.01824 -3.00391e-01 |143 -0.00773 -2.32990e-01 |144 -0.00065 -6.04682e-02
145  0.32082 -2.54942e+00 |146  0.23211  6.38215e-01 |147 -0.04953  1.66563e-02
148  0.30752 -5.44651e-02 |149 -0.44310 -2.09087e-02 |150  0.30438  6.77084e-03
151  0.18493 -4.25318e-01 |152  0.25962  5.94889e-01 |153  0.17466  2.72149e+00
154  0.25302 -4.64117e+00 |155  0.10555 -1.38384e+00 |156  0.29638  1.24382e+00
157  0.17102  1.88010e+00 |158  0.24651 -1.97404e+00 |159 -0.35008 -3.05516e+00
160  0.24362  3.80125e+00 |161  0.19709  1.20754e+00 |162  0.31308 -7.22321e+00
163 -0.37732  1.05680e+00 |164  0.23643 -2.82970e-01 |165  0.18468  2.52878e-01
166  0.50928 -1.67069e-01 |167  0.02464  2.03850e-01 |168  0.33234  1.09834e-01
169 -0.29851 -5.69532e-02 |170  0.69860  5.94296e-03 |171  0.09914  3.40711e+00
172  0.16415 -9.43836e-01 |173  0.21874  6.89293e+00 |174  0.25700  5.27644e+00
175 -0.56544 -1.60989e+00 |176  0.16855  2.29008e+00 |
176 variables; iteration 80; function evaluation 98; phase 3
Function value 7.2254643e+03; maximum gradient component mag -4.2614e+00
Var    Value     Gradient |Var    Value     Gradient |Var    Value     Gradient
  1 -0.42807 -2.98666e-01 |  2  0.37161 -7.11576e-01 |  3 -0.12590 -1.73814e-02
  4 -0.01422 -4.73865e-01 |  5 -0.70085 -1.56069e-01 |  6 -0.60634 -8.71566e-02
  7  0.37799 -9.59304e-01 |  8 -0.18801  9.75559e-01 |  9  0.03345 -1.02890e+00
 10 -0.59695 -2.69582e-01 | 11 -0.62689  2.25835e-01 | 12 -0.12252  1.29548e+00
 13 -0.00812 -2.11723e-02 | 14 -0.00829 -2.13067e-02 | 15 -0.00845 -2.12591e-02
 16 -0.00860 -2.10282e-02 | 17 -0.00875 -2.06177e-02 | 18 -0.00889 -2.00312e-02
 19 -0.00901 -1.92864e-02 | 20 -0.00913 -1.84065e-02 | 21 -0.00924 -1.74190e-02
 22 -0.00934 -1.63609e-02 | 23 -0.00942 -1.52731e-02 | 24 -0.00948 -1.41937e-02
 25 -0.00954 -1.31657e-02 | 26 -0.00957 -1.22278e-02 | 27 -0.00958 -1.14177e-02
 28 -0.00958 -1.07726e-02 | 29 -0.00955 -1.03351e-02 | 30 -0.00950 -1.01494e-02
 31 -0.00942 -1.02611e-02 | 32 -0.00932 -1.07069e-02 | 33 -0.00920 -1.15095e-02
 34 -0.00905 -1.26759e-02 | 35 -0.00887 -1.41964e-02 | 36 -0.00866 -1.60402e-02
 37 -0.00841 -1.81663e-02 | 38 -0.00813 -2.05230e-02 | 39 -0.00781 -2.30554e-02
 40 -0.00745 -2.57007e-02 | 41 -0.00706 -2.84056e-02 | 42 -0.00663 -3.11087e-02
 43 -0.00617 -3.37528e-02 | 44 -0.00568 -3.63018e-02 | 45 -0.00517 -3.87496e-02
 46 -0.00465 -4.11241e-02 | 47 -0.00412 -4.34946e-02 | 48 -0.00360 -4.59447e-02
 49 -0.00310 -4.85578e-02 | 50 -0.00264 -5.13762e-02 | 51 -0.00221 -5.43712e-02
 52 -0.00184 -5.74356e-02 | 53 -0.00153 -6.04279e-02 | 54 -0.00128 -6.32282e-02
 55 -0.00107 -6.57629e-02 | 56 -0.00090 -6.80000e-02 | 57 -0.00074 -6.99292e-02
 58 -0.00057 -7.14992e-02 | 59 -0.00036 -7.26520e-02 | 60 -0.00008 -7.33188e-02
 61  0.00031 -7.33935e-02 | 62  0.00084 -7.25459e-02 | 63  0.00154 -7.03793e-02
 64  0.00246 -6.60586e-02 | 65  0.00363 -5.81066e-02 | 66  0.00510 -4.46320e-02
 67  0.00691 -2.35967e-02 | 68  0.00908  3.05797e-03 | 69  0.01157  2.52701e-02
 70  0.01435  3.29506e-02 | 71  0.01743  3.77319e-02 | 72  0.02078  4.84047e-02
 73  0.02399  3.14754e-03 | 74  0.02696 -7.94157e-02 | 75  0.03059  1.41396e-02
 76  0.03389  1.30641e-01 | 77  0.03511 -5.22406e-05 | 78  0.03563 -1.00289e-01
 79  0.03621 -3.97081e-02 | 80  0.03632  7.42917e-02 | 81  0.03552  1.39269e-01
 82  0.03321  3.39758e-02 | 83  0.03023 -8.93129e-02 | 84  0.02794  4.63119e-02
 85  0.02416  4.49721e-02 | 86  0.01957 -4.16931e-04 | 87  0.01573  1.63549e-01
 88  0.01123  1.35896e-01 | 89  0.00709  3.17778e-02 | 90  0.00404 -5.87815e-03
 91  0.00177 -2.35376e-03 | 92 -0.00019  1.55310e-02 | 93 -0.00196  3.62448e-02
 94 -0.00308  5.80266e-02 | 95 -0.00338  9.06232e-02 | 96 -0.00378  1.46267e-01
 97 -0.00282  1.92087e-01 | 98 -0.00102  2.16847e-01 | 99  0.00180  1.79941e-01
100  0.00151  2.04479e-01 |101 -0.00015  1.55177e-01 |102 -0.00210  1.16325e-01
103 -0.00922  1.93057e-01 |104 -0.00803  4.02637e-01 |105  0.00841  3.62857e-01
106  0.00702  4.15794e-01 |107 -0.01482  3.09030e-01 |108  0.00279  3.98986e-01
109  0.06441  1.16977e+00 |110  0.01928  7.65675e-01 |111 -0.02282  2.02206e-01
112 -0.00469 -2.19998e-02 |113  0.01100  7.86442e-02 |114  0.03127 -1.79181e-02
115 -0.00013 -1.72138e-01 |116 -0.06406 -2.88682e-01 |117 -0.07877  1.32442e-01
118 -0.07767  1.18834e-01 |119 -0.03793 -5.36552e-01 |120  0.06885 -1.27198e+00
121  0.02717 -4.07633e-01 |122  0.01173 -5.56327e-01 |123 -0.03781 -5.32743e-01
124 -0.07531 -1.81162e-01 |125 -0.01158 -1.30500e-01 |126  0.00538  4.60207e-02
127 -0.02975  3.38682e-02 |128  0.02226 -1.81962e-01 |129  0.07925  6.47347e-01
130  0.00397 -4.11333e-01 |131  0.08108  4.48616e-01 |132  0.00608  1.95435e-02
133  0.13574  5.95958e-01 |134 -0.00525  1.36710e-01 |135 -0.04815  7.05271e-04
136 -0.05824 -4.69141e-02 |137 -0.02237 -1.96697e-02 |138  0.09095 -9.75892e-02
139  0.02658 -6.33653e-02 |140  0.01588  1.98499e-03 |141 -0.02901 -1.13988e-01
142 -0.01761 -6.34462e-02 |143 -0.00752 -1.81457e-01 |144 -0.00037  2.64752e-03
145  0.32043  7.97180e-01 |146  0.22918 -2.90595e-01 |147 -0.05785 -1.54174e-01
148  0.30865  4.81478e-02 |149 -0.35572 -2.21710e-02 |150  0.27184  1.13736e-02
151  0.18545  6.44837e-01 |152  0.25962 -1.09197e+00 |153  0.17503  2.40837e-01
154  0.25375  4.58181e-01 |155  0.10759  5.11879e-01 |156  0.29691 -1.11213e+00
157  0.17008 -5.09445e-01 |158  0.24617  6.65260e-01 |159 -0.34627  7.97690e-01
160  0.24417 -8.48429e-01 |161  0.19763 -1.88933e-01 |162  0.31466  5.40235e-01
163 -0.38428 -1.98856e-01 |164  0.23387 -7.39619e-02 |165  0.17678  2.92965e-01
166  0.55289 -1.86020e-01 |167  0.00703  3.62955e-01 |168  0.31025  1.70419e-01
169 -0.30766 -1.66617e-01 |170  0.73815  7.12440e-03 |171  0.09847 -4.26139e+00
172  0.16400  1.80151e+00 |173  0.21801  6.90342e-01 |174  0.25669 -2.74934e+00
175 -0.55596  3.44113e-01 |176  0.16959 -7.00070e-01 |
Maximum number of function evaluations exceeded

 - final statistics:
176 variables; iteration 82; function evaluation 100
Function value 7.2255e+03; maximum gradient component mag -4.2264e+00
Exit code = 3;  converg criter 1.0000e+00
Var    Value     Gradient |Var    Value     Gradient |Var    Value     Gradient
  1 -0.42808 -3.10056e-01 |  2  0.37162 -6.76229e-01 |  3 -0.12590 -8.05917e-02
  4 -0.01424 -4.91997e-01 |  5 -0.70080 -1.28832e-01 |  6 -0.60634 -8.54137e-02
  7  0.37799 -9.70810e-01 |  8 -0.18801  9.54052e-01 |  9  0.03345 -1.02322e+00
 10 -0.59693 -2.46343e-01 | 11 -0.62689  2.55530e-01 | 12 -0.12257  1.30581e+00
 13 -0.00817 -3.31758e-02 | 14 -0.00833 -3.27963e-02 | 15 -0.00849 -3.20671e-02
 16 -0.00864 -3.10058e-02 | 17 -0.00878 -2.96380e-02 | 18 -0.00891 -2.79868e-02
 19 -0.00903 -2.60985e-02 | 20 -0.00915 -2.40249e-02 | 21 -0.00925 -2.18202e-02
 22 -0.00934 -1.95505e-02 | 23 -0.00941 -1.72827e-02 | 24 -0.00947 -1.50738e-02
 25 -0.00952 -1.29848e-02 | 26 -0.00955 -1.10648e-02 | 27 -0.00956 -9.35847e-03
 28 -0.00955 -7.90708e-03 | 29 -0.00952 -6.76143e-03 | 30 -0.00946 -5.97628e-03
 31 -0.00939 -5.61285e-03 | 32 -0.00929 -5.72137e-03 | 33 -0.00916 -6.33375e-03
 34 -0.00901 -7.46072e-03 | 35 -0.00883 -9.08945e-03 | 36 -0.00862 -1.11748e-02
 37 -0.00838 -1.36568e-02 | 38 -0.00810 -1.64565e-02 | 39 -0.00778 -1.94843e-02
 40 -0.00743 -2.26227e-02 | 41 -0.00704 -2.57606e-02 | 42 -0.00661 -2.87438e-02
 43 -0.00615 -3.14040e-02 | 44 -0.00566 -3.36036e-02 | 45 -0.00515 -3.52689e-02
 46 -0.00462 -3.64207e-02 | 47 -0.00409 -3.72131e-02 | 48 -0.00356 -3.78936e-02
 49 -0.00306 -3.87788e-02 | 50 -0.00258 -4.01536e-02 | 51 -0.00216 -4.21696e-02
 52 -0.00178 -4.47487e-02 | 53 -0.00147 -4.76242e-02 | 54 -0.00122 -5.04825e-02
 55 -0.00102 -5.30870e-02 | 56 -0.00085 -5.53858e-02 | 57 -0.00069 -5.75240e-02
 58 -0.00052 -5.95654e-02 | 59 -0.00032 -6.15081e-02 | 60 -0.00004 -6.33162e-02
 61  0.00034 -6.47358e-02 | 62  0.00086 -6.46713e-02 | 63  0.00157 -6.18153e-02
 64  0.00251 -5.39552e-02 | 65  0.00373 -3.90771e-02 | 66  0.00526 -1.81739e-02
 67  0.00709  4.01555e-03 | 68  0.00919  1.95591e-02 | 69  0.01155  2.42506e-02
 70  0.01424  2.18283e-02 | 71  0.01729  2.50237e-02 | 72  0.02070  4.62218e-02
 73  0.02415  2.89930e-02 | 74  0.02705 -7.07358e-02 | 75  0.03045  6.19544e-03
 76  0.03411  1.64012e-01 | 77  0.03500 -1.47666e-02 | 78  0.03567 -8.98837e-02
 79  0.03626 -2.90218e-02 | 80  0.03617  5.39598e-02 | 81  0.03570  1.61244e-01
 82  0.03317  3.69898e-02 | 83  0.03012 -1.09857e-01 | 84  0.02807  6.12995e-02
 85  0.02403  2.85110e-02 | 86  0.01985  3.95076e-02 | 87  0.01565  1.69835e-01
 88  0.01130  1.50996e-01 | 89  0.00737  7.71668e-02 | 90  0.00417  1.95995e-02
 91  0.00180  7.01252e-03 | 92 -0.00014  2.67713e-02 | 93 -0.00191  4.78829e-02
 94 -0.00309  5.96702e-02 | 95 -0.00344  8.41093e-02 | 96 -0.00384  1.41883e-01
 97 -0.00282  2.01315e-01 | 98 -0.00098  2.33352e-01 | 99  0.00165  1.67386e-01
100  0.00161  2.34393e-01 |101 -0.00012  1.75223e-01 |102 -0.00210  1.30003e-01
103 -0.00895  2.54170e-01 |104 -0.00803  4.10835e-01 |105  0.00835  3.45037e-01
106  0.00690  3.71328e-01 |107 -0.01482  3.05071e-01 |108  0.00294  4.45451e-01
109  0.06443  1.17569e+00 |110  0.01919  7.28036e-01 |111 -0.02289  1.58214e-01
112 -0.00465 -3.29766e-02 |113  0.01100  6.56089e-02 |114  0.03122 -5.19785e-02
115 -0.00009 -1.69434e-01 |116 -0.06409 -3.12478e-01 |117 -0.07866  1.74547e-01
118 -0.07769  1.07905e-01 |119 -0.03791 -5.38561e-01 |120  0.06884 -1.27666e+00
121  0.02725 -3.67810e-01 |122  0.01171 -5.81397e-01 |123 -0.03772 -4.84690e-01
124 -0.07535 -1.71455e-01 |125 -0.01164 -1.69907e-01 |126  0.00539  4.19569e-02
127 -0.02947  1.48249e-01 |128  0.02231 -1.49044e-01 |129  0.07920  6.09314e-01
130  0.00400 -3.94531e-01 |131  0.08113  4.76971e-01 |132  0.00615  2.35337e-02
133  0.13577  6.15742e-01 |134 -0.00525  1.32441e-01 |135 -0.04817 -3.25157e-02
136 -0.05813 -1.42033e-02 |137 -0.02232  5.27947e-03 |138  0.09103 -4.61031e-02
139  0.02657 -6.15938e-02 |140  0.01589  7.78822e-03 |141 -0.02916 -1.54215e-01
142 -0.01769 -7.75056e-02 |143 -0.00777 -2.12341e-01 |144 -0.00029  1.71453e-02
145  0.32048  8.13556e-01 |146  0.22919 -3.04173e-01 |147 -0.05778 -1.52727e-01
148  0.30850  4.61867e-02 |149 -0.35268 -2.21228e-02 |150  0.27050  1.13903e-02
151  0.18545  6.30020e-01 |152  0.25962 -1.08010e+00 |153  0.17503  2.27470e-01
154  0.25376  4.83659e-01 |155  0.10761  4.96699e-01 |156  0.29692 -1.12581e+00
157  0.17007 -5.28836e-01 |158  0.24617  6.91389e-01 |159 -0.34621  8.14467e-01
160  0.24417 -8.74165e-01 |161  0.19762 -2.02880e-01 |162  0.31467  5.82810e-01
163 -0.38434 -2.05312e-01 |164  0.23386 -6.96249e-02 |165  0.17640  2.89493e-01
166  0.55647 -1.86937e-01 |167  0.00571  3.65716e-01 |168  0.31001  1.73780e-01
169 -0.30792 -1.66909e-01 |170  0.74020  7.14743e-03 |171  0.09847 -4.22637e+00
172  0.16400  1.78607e+00 |173  0.21800  6.35812e-01 |174  0.25669 -2.72573e+00
175 -0.55582  3.50313e-01 |176  0.16963 -7.06261e-01 |

Initial statistics: 200 variables; iteration 0; function evaluation 0; phase 4
Function value 7.2254631e+03; maximum gradient component mag -4.1380e+01
Var    Value     Gradient |Var    Value     Gradient |Var    Value     Gradient
  1 -0.42808 -4.00143e-01 |  2  0.37162 -6.26761e-01 |  3 -0.12590 -2.18320e-01
  4 -0.01424 -5.26873e-01 |  5 -0.70080 -1.40220e-01 |  6 -0.60634 -8.80364e-02
  7  0.37799 -1.00091e+00 |  8 -0.18801  9.10654e-01 |  9  0.03345 -1.02017e+00
 10 -0.59693 -2.41876e-01 | 11 -0.62689  2.87663e-01 | 12 -0.12257  1.39849e+00
 13 -0.00817 -3.53766e-02 | 14 -0.00833 -3.46233e-02 | 15 -0.00849 -3.34739e-02
 16 -0.00864 -3.19572e-02 | 17 -0.00878 -3.01098e-02 | 18 -0.00891 -2.79651e-02
 19 -0.00903 -2.55811e-02 | 20 -0.00915 -2.30207e-02 | 21 -0.00925 -2.03468e-02
 22 -0.00934 -1.76347e-02 | 23 -0.00941 -1.49578e-02 | 24 -0.00947 -1.23766e-02
 25 -0.00952 -9.95493e-03 | 26 -0.00955 -7.74188e-03 | 27 -0.00956 -5.78064e-03
 28 -0.00955 -4.11029e-03 | 29 -0.00952 -2.78086e-03 | 30 -0.00946 -1.84786e-03
 31 -0.00939 -1.37583e-03 | 32 -0.00929 -1.41895e-03 | 33 -0.00916 -2.01316e-03
 34 -0.00901 -3.17286e-03 | 35 -0.00883 -4.88811e-03 | 36 -0.00862 -7.11418e-03
 37 -0.00838 -9.79106e-03 | 38 -0.00810 -1.28374e-02 | 39 -0.00778 -1.61586e-02
 40 -0.00743 -1.96245e-02 | 41 -0.00704 -2.31080e-02 | 42 -0.00661 -2.64208e-02
 43 -0.00615 -2.93463e-02 | 44 -0.00566 -3.16927e-02 | 45 -0.00515 -3.33370e-02
 46 -0.00462 -3.42680e-02 | 47 -0.00409 -3.46471e-02 | 48 -0.00356 -3.47667e-02
 49 -0.00306 -3.50320e-02 | 50 -0.00258 -3.58373e-02 | 51 -0.00216 -3.74323e-02
 52 -0.00178 -3.97841e-02 | 53 -0.00147 -4.25973e-02 | 54 -0.00122 -4.54856e-02
 55 -0.00102 -4.81413e-02 | 56 -0.00085 -5.04929e-02 | 57 -0.00069 -5.27384e-02
 58 -0.00052 -5.49921e-02 | 59 -0.00032 -5.72866e-02 | 60 -0.00004 -5.96127e-02
 61  0.00034 -6.16663e-02 | 62  0.00086 -6.20016e-02 | 63  0.00157 -5.87975e-02
 64  0.00251 -4.89336e-02 | 65  0.00373 -2.96662e-02 | 66  0.00526 -3.04810e-03
 67  0.00709  2.21743e-02 | 68  0.00919  3.27267e-02 | 69  0.01155  2.56418e-02
 70  0.01424  1.42195e-02 | 71  0.01729  1.37735e-02 | 72  0.02070  3.67348e-02
 73  0.02415  4.06883e-02 | 74  0.02705 -5.67633e-02 | 75  0.03045 -5.62033e-03
 76  0.03411  1.77945e-01 | 77  0.03500 -1.28688e-02 | 78  0.03567 -8.76806e-02
 79  0.03626 -2.26837e-02 | 80  0.03617  5.61034e-02 | 81  0.03570  1.79553e-01
 82  0.03317  3.73402e-02 | 83  0.03012 -9.92744e-02 | 84  0.02807  8.32240e-02
 85  0.02403  3.05958e-02 | 86  0.01985  6.97009e-02 | 87  0.01565  1.58482e-01
 88  0.01130  1.63213e-01 | 89  0.00737  1.10199e-01 | 90  0.00417  3.81826e-02
 91  0.00180  1.73482e-02 | 92 -0.00014  3.88287e-02 | 93 -0.00191  5.95521e-02
 94 -0.00309  6.57504e-02 | 95 -0.00344  8.47440e-02 | 96 -0.00384  1.39570e-01
 97 -0.00282  2.01815e-01 | 98 -0.00098  2.36057e-01 | 99  0.00165  1.52671e-01
100  0.00161  2.39492e-01 |101 -0.00012  1.74668e-01 |102 -0.00210  1.29123e-01
103 -0.00895  2.75250e-01 |104 -0.00803  4.04013e-01 |105  0.00835  3.38565e-01
106  0.00690  3.67454e-01 |107 -0.01482  2.91558e-01 |108  0.00294  4.19023e-01
109  0.06443  1.12358e+00 |110  0.01919  6.82933e-01 |111 -0.02289  1.33098e-01
112 -0.00465 -6.70413e-02 |113  0.01100  1.81463e-02 |114  0.03122 -9.01548e-02
115 -0.00009 -1.90696e-01 |116 -0.06409 -3.10172e-01 |117 -0.07866  1.79443e-01
118 -0.07769  1.13103e-01 |119 -0.03791 -5.27091e-01 |120  0.06884 -1.27023e+00
121  0.02725 -3.70158e-01 |122  0.01171 -5.48005e-01 |123 -0.03772 -4.82063e-01
124 -0.07535 -1.96608e-01 |125 -0.01164 -1.48118e-01 |126  0.00539  7.41420e-02
127 -0.02947  1.50646e-01 |128  0.02231 -1.44509e-01 |129  0.07920  6.27708e-01
130  0.00400 -4.07115e-01 |131  0.08113  4.68787e-01 |132  0.00615  4.61089e-02
133  0.13577  6.09654e-01 |134 -0.00525  1.30454e-01 |135 -0.04817 -1.07234e-02
136 -0.05813 -1.14531e-02 |137 -0.02232 -2.42346e-03 |138  0.09103 -7.11499e-02
139  0.02657 -6.34189e-02 |140  0.01589  6.31461e-03 |141 -0.02916 -1.60894e-01
142 -0.01769 -8.42461e-02 |143 -0.00777 -2.42187e-01 |144 -0.00029  2.29867e-02
145  0.32048  8.24919e-01 |146  0.22919 -3.12455e-01 |147 -0.05778 -1.50092e-01
148  0.30850  4.37875e-02 |149  0.01638 -1.62573e-01 |150 -0.11477  4.04471e+00
151 -0.35268 -2.20389e-02 |152  0.27050  1.14146e-02 |153  0.04878 -3.09918e-02
154 -0.23502  2.10534e-03 |155  0.18545  6.13679e-01 |156  0.25962 -1.05363e+00
157  0.17503  2.08245e-01 |158  0.25376  5.20699e-01 |159  0.00587  6.49992e-01
160 -0.09827 -7.10580e+00 |161  0.10761  5.21948e-01 |162  0.29692 -1.11681e+00
163  0.17007 -5.49198e-01 |164  0.24617  7.28821e-01 |165 -0.34621  8.40395e-01
166  0.24417 -9.03865e-01 |167  0.05275  1.54803e+00 |168 -0.18762 -1.05706e+00
169  0.19762 -2.09938e-01 |170  0.31467  6.47867e-01 |171  0.07774 -1.40861e+00
172 -0.53183  6.77390e-04 |173 -0.38434 -2.11712e-01 |174  0.23386 -6.20566e-02
175  0.07820  2.18372e+00 |176 -0.12196 -2.35706e+01 |177  0.17640  2.95479e-01
178  0.55647 -1.88703e-01 |179  0.00571  3.66200e-01 |180  0.31001  1.81444e-01
181  0.00546 -1.72883e-01 |182  0.00907 -1.75289e-01 |183 -0.15012 -1.41940e+01
184 -0.12571 -1.27897e-01 |185 -0.30792 -1.67618e-01 |186  0.74020  7.18859e-03
187  0.01863  1.04242e-01 |188 -0.15435  4.27161e+00 |189  0.09847 -4.16027e+00
190  0.16400  1.75057e+00 |191  0.21800  5.58109e-01 |192  0.25669 -2.68993e+00
193  0.02453 -1.73733e+00 |194 -0.00648  2.43277e+00 |195 -0.17628 -1.04842e+01
196 -0.11429 -4.13799e+01 |197 -0.55582  3.58670e-01 |198  0.16963 -7.12067e-01
199  0.09511  4.95326e+00 |200 -0.25343  2.10308e+00 |

Intermediate statistics: 200 variables; iteration 20; function evaluation 21; phase 4
Function value 7.2235044e+03; maximum gradient component mag -9.6699e+01
Var    Value     Gradient |Var    Value     Gradient |Var    Value     Gradient
  1 -0.42902  8.07484e+01 |  2  0.37153 -1.70955e+01 |  3 -0.12911  2.06109e+01
  4 -0.01324  1.86529e+01 |  5 -0.70043  4.38582e+00 |  6 -0.60484  3.61062e+01
  7  0.37920  4.78451e+00 |  8 -0.19300 -4.06786e+01 |  9  0.03450 -1.21023e+00
 10 -0.59580 -1.83007e+00 | 11 -0.62695 -9.55202e+00 | 12 -0.15062 -9.66993e+01
 13 -0.00698 -6.15263e-01 | 14 -0.00713 -6.34197e-01 | 15 -0.00727 -6.54005e-01
 16 -0.00741 -6.74660e-01 | 17 -0.00754 -6.96146e-01 | 18 -0.00766 -7.18419e-01
 19 -0.00778 -7.41413e-01 | 20 -0.00789 -7.65062e-01 | 21 -0.00799 -7.89298e-01
 22 -0.00807 -8.14044e-01 | 23 -0.00815 -8.39228e-01 | 24 -0.00820 -8.64792e-01
 25 -0.00824 -8.90682e-01 | 26 -0.00827 -9.16856e-01 | 27 -0.00827 -9.43266e-01
 28 -0.00825 -9.69858e-01 | 29 -0.00820 -9.96553e-01 | 30 -0.00814 -1.02327e+00
 31 -0.00804 -1.04997e+00 | 32 -0.00792 -1.07663e+00 | 33 -0.00778 -1.10325e+00
 34 -0.00760 -1.12987e+00 | 35 -0.00739 -1.15653e+00 | 36 -0.00715 -1.18327e+00
 37 -0.00687 -1.21012e+00 | 38 -0.00656 -1.23711e+00 | 39 -0.00621 -1.26428e+00
 40 -0.00582 -1.29156e+00 | 41 -0.00540 -1.31934e+00 | 42 -0.00495 -1.34779e+00
 43 -0.00448 -1.37718e+00 | 44 -0.00398 -1.40780e+00 | 45 -0.00348 -1.43975e+00
 46 -0.00296 -1.47299e+00 | 47 -0.00246 -1.50737e+00 | 48 -0.00196 -1.54254e+00
 49 -0.00150 -1.57807e+00 | 50 -0.00106 -1.61355e+00 | 51 -0.00068 -1.64854e+00
 52 -0.00035 -1.68264e+00 | 53 -0.00009 -1.71594e+00 | 54  0.00011 -1.74872e+00
 55  0.00025 -1.78141e+00 | 56  0.00034 -1.81475e+00 | 57  0.00042 -1.84945e+00
 58  0.00050 -1.88595e+00 | 59  0.00061 -1.92534e+00 | 60  0.00079 -1.96847e+00
 61  0.00107 -2.01689e+00 | 62  0.00147 -2.07271e+00 | 63  0.00202 -2.13887e+00
 64  0.00275 -2.21990e+00 | 65  0.00367 -2.31857e+00 | 66  0.00483 -2.43700e+00
 67  0.00629 -2.56627e+00 | 68  0.00814 -2.69413e+00 | 69  0.01041 -2.82023e+00
 70  0.01302 -2.95850e+00 | 71  0.01589 -3.12355e+00 | 72  0.01887 -3.32365e+00
 73  0.02206 -3.51902e+00 | 74  0.02568 -3.64257e+00 | 75  0.02835 -3.88707e+00
 76  0.02991 -4.21633e+00 | 77  0.03252 -4.25661e+00 | 78  0.03375 -4.35880e+00
 79  0.03350 -4.52706e+00 | 80  0.03244 -4.67567e+00 | 81  0.03056 -4.82916e+00
 82  0.02940 -4.76663e+00 | 83  0.02765 -4.66932e+00 | 84  0.02370 -4.77295e+00
 85  0.02016 -4.65378e+00 | 86  0.01560 -4.56845e+00 | 87  0.01058 -4.50127e+00
 88  0.00622 -4.34194e+00 | 89  0.00280 -4.11762e+00 | 90  0.00025 -3.86144e+00
 91 -0.00193 -3.64029e+00 | 92 -0.00405 -3.43668e+00 | 93 -0.00596 -3.20781e+00
 94 -0.00717 -2.95620e+00 | 95 -0.00767 -2.72027e+00 | 96 -0.00851 -2.51676e+00
 97 -0.00804 -2.33153e+00 | 98 -0.00657 -2.08678e+00 | 99 -0.00334 -1.62291e+00
100 -0.00404 -1.21765e+00 |101 -0.00511 -5.88257e-01 |102 -0.00660  8.42307e-02
103 -0.01436  4.96413e-01 |104 -0.01445  9.45470e-01 |105  0.00199  2.11422e+00
106  0.00088  2.91064e+00 |107 -0.01943  3.00793e+00 |108 -0.00208  3.98438e+00
109  0.05447  6.47576e+00 |110  0.01338  5.09882e+00 |111 -0.02578  4.47060e+00
112 -0.00707  5.57865e+00 |113  0.00736  6.05360e+00 |114  0.02838  7.15771e+00
115 -0.00092  5.97927e+00 |116 -0.06267  3.96318e+00 |117 -0.07838  2.97150e+00
118 -0.07637  3.08244e+00 |119 -0.03378  4.98608e+00 |120  0.07675  1.18472e+01
121  0.03167  7.57653e+00 |122  0.01713  6.29444e+00 |123 -0.03298  4.07000e+00
124 -0.07219  2.12764e+00 |125 -0.00816  3.57976e+00 |126  0.00713  3.45053e+00
127 -0.02934  2.35785e+00 |128  0.02457  3.60862e+00 |129  0.07619  3.56046e+00
130  0.00775  2.85789e+00 |131  0.08093  2.45689e+00 |132  0.00850  1.62287e+00
133  0.13768  2.60709e+00 |134 -0.00380  1.16520e+00 |135 -0.04651  5.48485e-01
136 -0.05629  6.36104e-01 |137 -0.02011  5.79024e-01 |138  0.09586  1.40353e+00
139  0.02967  1.04753e+00 |140  0.01813  6.66592e-01 |141 -0.02695  6.53505e-01
142 -0.01640  6.46315e-01 |143 -0.00618  3.33621e-01 |144 -0.00051  3.82637e-02
145  0.34395 -2.19928e+01 |146  0.26274 -7.56184e+00 |147 -0.05838  2.38088e+00
148  0.30714  2.28828e-01 |149  0.01379  3.58595e+00 |150 -0.18394  7.68763e+00
151 -0.35233 -3.16370e-02 |152  0.27032  1.49612e-02 |153  0.04928 -4.75789e-02
154 -0.23505  1.07381e-02 |155  0.19046 -1.90159e+01 |156  0.25991  2.84653e+01
157  0.17765 -1.68161e+00 |158  0.25539  5.50476e+00 |159  0.00252  2.66703e+00
160 -0.08572  2.23918e+01 |161  0.11673 -3.65097e+00 |162  0.29753  3.19504e+00
163  0.17632  4.85777e+00 |164  0.24598 -1.21411e+01 |165 -0.34631 -3.05891e+00
166  0.24468  1.63842e-02 |167  0.05287 -1.03273e+01 |168 -0.18049 -2.63061e+01
169  0.19808 -1.27729e+00 |170  0.31307 -9.39889e-01 |171  0.07836 -5.80480e+00
172 -0.53184  5.55882e-04 |173 -0.38140 -1.56401e+01 |174  0.24337  4.21471e+01
175  0.07460 -2.76004e+00 |176 -0.11563 -3.31249e+01 |177  0.17788 -2.47781e-01
178  0.55883  1.39933e-01 |179 -0.00100  1.68949e-01 |180  0.30968 -2.06977e+00
181 -0.00183  3.07305e-01 |182  0.01169 -2.30772e-01 |183  0.02068 -1.33069e+00
184 -0.12379 -1.74720e-01 |185 -0.30704  1.38006e+00 |186  0.74010  6.48527e-03
187  0.01287  3.07010e+00 |188 -0.23070  1.06008e+01 |189  0.10399  1.43245e+01
190  0.16919  1.32934e+01 |191  0.22106 -8.44717e-02 |192  0.25785 -4.06318e+00
193  0.02130 -2.22436e+01 |194 -0.01188  4.63760e+00 |195 -0.17274 -2.77325e+01
196 -0.11005 -4.68237e+01 |197 -0.55149  2.98710e-01 |198  0.17148 -1.43712e+00
199  0.09783 -3.50756e+00 |200 -0.25799 -2.73524e+00 |
200 variables; iteration 40; function evaluation 41; phase 4
Function value 7.2224475e+03; maximum gradient component mag -1.5300e+02
Var    Value     Gradient |Var    Value     Gradient |Var    Value     Gradient
  1 -0.42812  1.10604e+02 |  2  0.37186 -2.12581e+01 |  3 -0.12808  2.88809e+01
  4 -0.01500  1.50626e+01 |  5 -0.70083 -7.43963e-01 |  6 -0.60588 -1.15350e+01
  7  0.38069  1.36018e+01 |  8 -0.19222 -3.18186e+01 |  9  0.03127  2.84894e+00
 10 -0.59256 -6.03348e+00 | 11 -0.62793 -4.52864e+01 | 12 -0.16768 -1.53000e+02
 13 -0.00580 -6.52881e-01 | 14 -0.00591 -6.72071e-01 | 15 -0.00601 -6.92000e-01
 16 -0.00611 -7.12669e-01 | 17 -0.00621 -7.34100e-01 | 18 -0.00629 -7.56278e-01
 19 -0.00637 -7.79186e-01 | 20 -0.00644 -8.02814e-01 | 21 -0.00650 -8.27155e-01
 22 -0.00654 -8.52200e-01 | 23 -0.00658 -8.77949e-01 | 24 -0.00659 -9.04413e-01
 25 -0.00660 -9.31607e-01 | 26 -0.00658 -9.59553e-01 | 27 -0.00655 -9.88268e-01
 28 -0.00649 -1.01777e+00 | 29 -0.00641 -1.04805e+00 | 30 -0.00632 -1.07913e+00
 31 -0.00619 -1.11107e+00 | 32 -0.00605 -1.14393e+00 | 33 -0.00588 -1.17784e+00
 34 -0.00568 -1.21290e+00 | 35 -0.00546 -1.24922e+00 | 36 -0.00521 -1.28688e+00
 37 -0.00492 -1.32595e+00 | 38 -0.00461 -1.36647e+00 | 39 -0.00426 -1.40850e+00
 40 -0.00388 -1.45192e+00 | 41 -0.00348 -1.49724e+00 | 42 -0.00304 -1.54463e+00
 43 -0.00259 -1.59439e+00 | 44 -0.00213 -1.64688e+00 | 45 -0.00165 -1.70230e+00
 46 -0.00118 -1.76078e+00 | 47 -0.00072 -1.82243e+00 | 48 -0.00028 -1.88719e+00
 49  0.00012 -1.95496e+00 | 50  0.00048 -2.02554e+00 | 51  0.00078 -2.09852e+00
 52  0.00101 -2.17320e+00 | 53  0.00118 -2.24934e+00 | 54  0.00126 -2.32686e+00
 55  0.00129 -2.40605e+00 | 56  0.00126 -2.48777e+00 | 57  0.00120 -2.57301e+00
 58  0.00115 -2.66215e+00 | 59  0.00114 -2.75640e+00 | 60  0.00119 -2.85650e+00
 61  0.00134 -2.96397e+00 | 62  0.00163 -3.08022e+00 | 63  0.00209 -3.20771e+00
 64  0.00273 -3.35060e+00 | 65  0.00359 -3.51111e+00 | 66  0.00470 -3.69501e+00
 67  0.00613 -3.89643e+00 | 68  0.00793 -4.10668e+00 | 69  0.01014 -4.32613e+00
 70  0.01272 -4.56583e+00 | 71  0.01555 -4.83888e+00 | 72  0.01850 -5.15306e+00
 73  0.02165 -5.47000e+00 | 74  0.02530 -5.71619e+00 | 75  0.02793 -6.08287e+00
 76  0.02928 -6.53943e+00 | 77  0.03211 -6.66459e+00 | 78  0.03349 -6.83802e+00
 79  0.03316 -7.07111e+00 | 80  0.03203 -7.26396e+00 | 81  0.03003 -7.44355e+00
 82  0.02917 -7.35546e+00 | 83  0.02769 -7.21333e+00 | 84  0.02360 -7.27195e+00
 85  0.02019 -7.06338e+00 | 86  0.01565 -6.86692e+00 | 87  0.01065 -6.66447e+00
 88  0.00629 -6.36058e+00 | 89  0.00278 -5.99663e+00 | 90  0.00006 -5.60213e+00
 91 -0.00231 -5.22021e+00 | 92 -0.00458 -4.81810e+00 | 93 -0.00665 -4.35620e+00
 94 -0.00801 -3.84525e+00 | 95 -0.00863 -3.31197e+00 | 96 -0.00946 -2.74336e+00
 97 -0.00899 -2.16468e+00 | 98 -0.00766 -1.50608e+00 | 99 -0.00494 -6.19644e-01
100 -0.00588  3.15552e-01 |101 -0.00745  1.42586e+00 |102 -0.00949  2.59834e+00
103 -0.01709  3.57163e+00 |104 -0.01728  4.69583e+00 |105 -0.00239  6.78052e+00
106 -0.00365  8.15736e+00 |107 -0.02387  7.58948e+00 |108 -0.00770  9.10187e+00
109  0.04719  1.48185e+01 |110  0.00769  1.09636e+01 |111 -0.03170  7.84516e+00
112 -0.01291  8.87373e+00 |113  0.00211  9.32309e+00 |114  0.02314  1.01877e+01
115 -0.00369  7.84994e+00 |116 -0.06335  4.94365e+00 |117 -0.07827  3.05701e+00
118 -0.07534  2.10987e+00 |119 -0.03154  2.29109e+00 |120  0.08096  2.99217e+00
121  0.03544  2.70532e-01 |122  0.02245  7.81960e-01 |123 -0.02759  1.39641e+00
124 -0.06840  3.79723e-01 |125 -0.00456  1.52323e+00 |126  0.00760  1.92258e+00
127 -0.03254  1.25933e+00 |128  0.01651  2.21871e+00 |129  0.06842  3.21404e+00
130 -0.00252  1.83656e+00 |131  0.07330  2.46462e+00 |132  0.00270  1.30623e+00
133  0.13421  4.86597e+00 |134 -0.00878  5.45958e-01 |135 -0.04946  2.19226e-01
136 -0.05780  7.47099e-01 |137 -0.02091  7.94173e-01 |138  0.09469  1.80012e+00
139  0.02858  1.11317e+00 |140  0.01822  1.21761e+00 |141 -0.02708  8.47419e-01
142 -0.01547  1.21892e+00 |143 -0.00785  4.87215e-02 |144 -0.00054  8.10313e-02
145  0.37302 -2.73358e+01 |146  0.28501 -1.39700e+01 |147 -0.09964 -3.82212e-01
148  0.16496  3.77558e-02 |149 -0.06065 -5.14011e-02 |150 -0.31837  1.52760e+00
151 -0.34952 -3.45653e-02 |152  0.26891  1.62653e-02 |153  0.05349 -5.66142e-02
154 -0.23547  9.17073e-03 |155  0.18800 -3.07736e+01 |156  0.25853  4.94460e+01
157  0.17514 -6.66691e+00 |158  0.25431  1.05025e+01 |159  0.00259  1.22386e+00
160 -0.08461  2.53369e+01 |161  0.11452  7.38998e+00 |162  0.29402 -2.56945e+01
163  0.17864  1.48929e+00 |164  0.24746 -2.76440e+00 |165 -0.33571 -7.25572e+00
166  0.24799  7.04814e+00 |167  0.04925 -2.31197e+01 |168 -0.18022 -5.41912e+01
169  0.19918 -1.59867e+00 |170  0.31290  1.35440e+00 |171  0.07892 -3.69013e+00
172 -0.53192  7.77035e-04 |173 -0.37337 -2.29153e+01 |174  0.24923  6.07008e+01
175  0.07079 -9.42958e+00 |176 -0.11257 -4.59362e+01 |177  0.18774 -1.65046e-01
178  0.55561  3.89612e-01 |179  0.00949  2.35672e-02 |180  0.44976 -3.25076e+00
181  0.13091 -6.80009e-02 |182  0.03033 -2.14293e-02 |183  0.09218 -1.32795e-01
184 -0.10981 -3.62824e-02 |185 -0.32498 -2.70367e+00 |186  0.73932  8.57091e-03
187 -0.04943 -1.36898e+00 |188 -0.30551  3.08083e+00 |189  0.10437 -3.42488e+01
190  0.17126  5.42300e+01 |191  0.22215  4.52373e+01 |192  0.25848 -2.06875e+01
193  0.02142 -4.62658e+01 |194 -0.01258  1.86876e+01 |195 -0.17322 -5.38804e+01
196 -0.11048 -4.14409e+01 |197 -0.55204  1.36475e-01 |198  0.16913 -3.57573e+00
199  0.09888 -1.93550e+01 |200 -0.26171 -6.95675e+00 |
200 variables; iteration 60; function evaluation 65; phase 4
Function value 7.2205393e+03; maximum gradient component mag -3.0274e+01
Var    Value     Gradient |Var    Value     Gradient |Var    Value     Gradient
  1 -0.43087  2.24465e+01 |  2  0.37403  1.91899e+01 |  3 -0.12618  1.19162e+01
  4 -0.01973  1.29991e+01 |  5 -0.70123 -3.37106e-02 |  6 -0.60470  1.04506e+01
  7  0.38198  1.48550e+01 |  8 -0.18938  2.77099e+01 |  9  0.02634  1.20309e+01
 10 -0.59227 -3.20859e-01 | 11 -0.62626  3.43023e+00 | 12 -0.17524 -1.46579e+01
 13 -0.00574 -5.25758e-01 | 14 -0.00585 -5.40961e-01 | 15 -0.00595 -5.56125e-01
 16 -0.00605 -5.71230e-01 | 17 -0.00613 -5.86307e-01 | 18 -0.00621 -6.01271e-01
 19 -0.00628 -6.16075e-01 | 20 -0.00634 -6.30690e-01 | 21 -0.00638 -6.45078e-01
 22 -0.00641 -6.59209e-01 | 23 -0.00642 -6.73051e-01 | 24 -0.00642 -6.86551e-01
 25 -0.00639 -6.99634e-01 | 26 -0.00635 -7.12174e-01 | 27 -0.00629 -7.23989e-01
 28 -0.00620 -7.34880e-01 | 29 -0.00609 -7.44711e-01 | 30 -0.00595 -7.53421e-01
 31 -0.00578 -7.61039e-01 | 32 -0.00559 -7.67531e-01 | 33 -0.00537 -7.72827e-01
 34 -0.00512 -7.76793e-01 | 35 -0.00483 -7.79236e-01 | 36 -0.00452 -7.79923e-01
 37 -0.00416 -7.78625e-01 | 38 -0.00376 -7.75188e-01 | 39 -0.00332 -7.69505e-01
 40 -0.00285 -7.61309e-01 | 41 -0.00234 -7.50830e-01 | 42 -0.00179 -7.37748e-01
 43 -0.00122 -7.21717e-01 | 44 -0.00061 -7.02402e-01 | 45  0.00002 -6.79526e-01
 46  0.00066 -6.53031e-01 | 47  0.00130 -6.23261e-01 | 48  0.00192 -5.90850e-01
 49  0.00251 -5.56844e-01 | 50  0.00305 -5.22557e-01 | 51  0.00353 -4.89359e-01
 52  0.00392 -4.58314e-01 | 53  0.00423 -4.30099e-01 | 54  0.00444 -4.04930e-01
 55  0.00457 -3.82905e-01 | 56  0.00462 -3.64794e-01 | 57  0.00463 -3.52396e-01
 58  0.00461 -3.47786e-01 | 59  0.00458 -3.53528e-01 | 60  0.00457 -3.72211e-01
 61  0.00461 -4.05936e-01 | 62  0.00473 -4.53805e-01 | 63  0.00499 -5.13399e-01
 64  0.00545 -5.78801e-01 | 65  0.00616 -6.42962e-01 | 66  0.00717 -7.11089e-01
 67  0.00841 -7.97207e-01 | 68  0.00984 -9.17996e-01 | 69  0.01150 -1.06353e+00
 70  0.01353 -1.19636e+00 | 71  0.01603 -1.29307e+00 | 72  0.01891 -1.35684e+00
 73  0.02200 -1.39714e+00 | 74  0.02553 -1.34287e+00 | 75  0.02847 -1.34906e+00
 76  0.03013 -1.48223e+00 | 77  0.03313 -1.24476e+00 | 78  0.03472 -1.09913e+00
 79  0.03455 -1.09396e+00 | 80  0.03354 -1.09303e+00 | 81  0.03167 -1.12530e+00
 82  0.03096 -8.44439e-01 | 83  0.02957 -5.58169e-01 | 84  0.02571 -5.87936e-01
 85  0.02232 -3.73917e-01 | 86  0.01795 -2.21312e-01 | 87  0.01351 -2.03371e-02
 88  0.00935  2.02471e-01 | 89  0.00541  3.37038e-01 | 90  0.00192  4.01694e-01
 91 -0.00070  5.49343e-01 | 92 -0.00271  8.01931e-01 | 93 -0.00451  1.07362e+00
 94 -0.00596  1.28041e+00 | 95 -0.00707  1.37074e+00 | 96 -0.00903  1.23185e+00
 97 -0.01033  8.67592e-01 | 98 -0.01132  3.14821e-01 | 99 -0.01178 -4.36589e-01
100 -0.01418 -9.18829e-01 |101 -0.01484 -6.84429e-01 |102 -0.01361  2.24981e-01
103 -0.02098  4.64495e-01 |104 -0.02149  7.04474e-01 |105 -0.00247  2.36442e+00
106 -0.01049  8.06590e-01 |107 -0.02827  1.23248e+00 |108 -0.00392  3.14278e+00
109  0.03585 -4.72579e-01 |110  0.00367  5.23706e-01 |111 -0.03364  8.80837e-01
112 -0.01802 -1.91522e-01 |113 -0.00226 -8.55150e-01 |114  0.01882 -1.56855e+00
115 -0.00912 -1.34038e+00 |116 -0.06680 -1.56113e-01 |117 -0.08415 -1.81774e+00
118 -0.07970 -5.80393e-01 |119 -0.03013  3.52855e+00 |120  0.08134  5.99540e+00
121  0.03097  2.24078e+00 |122  0.02449  6.33437e+00 |123 -0.02971  3.94654e+00
124 -0.07228  1.61003e+00 |125 -0.00700  4.70378e+00 |126  0.00602  5.38355e+00
127 -0.03486  2.70146e+00 |128  0.01306  2.91087e+00 |129  0.06820  4.36770e+00
130  0.00281  3.74799e+00 |131  0.06970 -5.87660e-01 |132  0.00245 -1.94069e-01
133  0.13272  7.77381e-01 |134 -0.00946 -5.63304e-01 |135 -0.04402  2.26995e+00
136 -0.04963  3.31838e+00 |137 -0.01632  2.06003e+00 |138  0.09674  1.47126e+00
139  0.02972  7.58626e-01 |140  0.02365  2.53184e+00 |141 -0.03439 -2.05892e+00
142 -0.02488 -2.29678e+00 |143 -0.00983 -2.49873e-01 |144 -0.00086 -8.17485e-02
145  0.39712 -8.23722e+00 |146  0.32972  9.96562e+00 |147 -0.16629  3.37785e+00
148  0.04280 -3.46772e-02 |149  0.02234  6.82084e+00 |150 -0.35288  6.06754e-01
151 -0.31852 -2.72967e-03 |152  0.25243  8.41663e-03 |153  0.09802  5.26448e-02
154 -0.24267  7.44420e-03 |155  0.19433 -4.89576e+00 |156  0.25875  6.73456e+00
157  0.18000 -2.94836e+00 |158  0.25414  3.80608e+00 |159  0.00193 -1.70181e+00
160 -0.09518 -5.29205e+00 |161  0.11981  9.05690e-01 |162  0.29701  2.08948e-01
163  0.17460 -2.94332e+00 |164  0.24546  1.50385e+00 |165 -0.34735 -3.01452e+00
166  0.24166 -2.32477e+00 |167  0.05273 -9.48393e+00 |168 -0.18266 -2.21595e+01
169  0.20361 -5.33373e-02 |170  0.31331 -1.12650e+00 |171  0.07811 -6.92758e-01
172 -0.53276  5.85303e-04 |173 -0.35756 -4.44417e+00 |174  0.24493  1.07849e+01
175  0.06661 -5.07605e+00 |176 -0.10903 -1.13490e+01 |177  0.22824 -1.07508e+00
178  0.71287  1.15612e-01 |179  0.00737  3.18506e-01 |180  0.48887 -2.09079e+00
181  0.25022 -3.06633e-04 |182  0.09388 -5.48908e-03 |183  0.10074 -4.71528e-02
184 -0.05563 -9.81463e-03 |185 -0.25442  1.54900e+01 |186  0.73015  4.18895e-03
187 -0.14758  1.96599e+00 |188 -0.32444  2.11968e+00 |189  0.10147 -3.02740e+01
190  0.16972  2.95520e-02 |191  0.21911  1.57290e+01 |192  0.25774  2.38378e+01
193  0.02275 -3.00785e+01 |194 -0.01263 -1.89254e+00 |195 -0.17266 -1.20187e+01
196 -0.11098 -1.83064e+01 |197 -0.55998  1.43795e+00 |198  0.16863  1.22380e+00
199  0.09498  2.47826e+01 |200 -0.28766  5.42222e-01 |
200 variables; iteration 80; function evaluation 89; phase 4
Function value 7.2200263e+03; maximum gradient component mag -4.6889e+01
Var    Value     Gradient |Var    Value     Gradient |Var    Value     Gradient
  1 -0.43076  2.21812e+01 |  2  0.37444  1.63156e+01 |  3 -0.12599  1.17658e+01
  4 -0.02074  1.28883e+01 |  5 -0.69639  2.12410e+00 |  6 -0.60492  7.39205e+00
  7  0.38150  8.15221e+00 |  8 -0.18968  2.76134e+01 |  9  0.02676  1.36980e+01
 10 -0.59165  2.76637e-01 | 11 -0.62601  1.25511e+01 | 12 -0.18360 -4.68889e+01
 13 -0.00424 -2.49577e-01 | 14 -0.00431 -2.57317e-01 | 15 -0.00437 -2.65176e-01
 16 -0.00443 -2.73182e-01 | 17 -0.00448 -2.81384e-01 | 18 -0.00452 -2.89782e-01
 19 -0.00455 -2.98396e-01 | 20 -0.00457 -3.07256e-01 | 21 -0.00458 -3.16385e-01
 22 -0.00458 -3.25816e-01 | 23 -0.00456 -3.35579e-01 | 24 -0.00453 -3.45695e-01
 25 -0.00449 -3.56175e-01 | 26 -0.00443 -3.66998e-01 | 27 -0.00435 -3.78109e-01
 28 -0.00425 -3.89435e-01 | 29 -0.00413 -4.00933e-01 | 30 -0.00398 -4.12608e-01
 31 -0.00382 -4.24530e-01 | 32 -0.00364 -4.36739e-01 | 33 -0.00343 -4.49253e-01
 34 -0.00321 -4.62031e-01 | 35 -0.00295 -4.74958e-01 | 36 -0.00267 -4.87842e-01
 37 -0.00235 -5.00436e-01 | 38 -0.00201 -5.12496e-01 | 39 -0.00163 -5.23785e-01
 40 -0.00121 -5.33948e-01 | 41 -0.00077 -5.43031e-01 | 42 -0.00030 -5.50729e-01
 43  0.00019 -5.56763e-01 | 44  0.00070 -5.60903e-01 | 45  0.00123 -5.62991e-01
 46  0.00176 -5.63047e-01 | 47  0.00228 -5.61371e-01 | 48  0.00278 -5.58371e-01
 49  0.00323 -5.54560e-01 | 50  0.00364 -5.50371e-01 | 51  0.00397 -5.46005e-01
 52  0.00424 -5.41345e-01 | 53  0.00442 -5.36222e-01 | 54  0.00451 -5.30435e-01
 55  0.00453 -5.23901e-01 | 56  0.00450 -5.16959e-01 | 57  0.00443 -5.10402e-01
 58  0.00436 -5.05046e-01 | 59  0.00431 -5.02154e-01 | 60  0.00431 -5.03047e-01
 61  0.00440 -5.09036e-01 | 62  0.00461 -5.20000e-01 | 63  0.00499 -5.35384e-01
 64  0.00558 -5.53448e-01 | 65  0.00642 -5.72430e-01 | 66  0.00755 -5.95925e-01
 67  0.00897 -6.27217e-01 | 68  0.01072 -6.66132e-01 | 69  0.01282 -7.06122e-01
 70  0.01530 -7.43710e-01 | 71  0.01810 -7.82723e-01 | 72  0.02116 -8.22195e-01
 73  0.02425 -8.82478e-01 | 74  0.02699 -9.99949e-01 | 75  0.02997 -1.02745e+00
 76  0.03276 -9.97620e-01 | 77  0.03403 -1.10773e+00 | 78  0.03477 -1.15846e+00
 79  0.03497 -1.14881e+00 | 80  0.03448 -1.12452e+00 | 81  0.03348 -1.07618e+00
 82  0.03138 -1.11756e+00 | 83  0.02865 -1.15770e+00 | 84  0.02600 -1.04486e+00
 85  0.02201 -1.02953e+00 | 86  0.01766 -9.50588e-01 | 87  0.01309 -8.51663e-01
 88  0.00846 -8.00579e-01 | 89  0.00424 -7.96541e-01 | 90  0.00062 -8.23283e-01
 91 -0.00212 -7.65864e-01 | 92 -0.00428 -6.09112e-01 | 93 -0.00630 -4.48929e-01
 94 -0.00816 -4.00236e-01 | 95 -0.00997 -5.34026e-01 | 96 -0.01268 -8.84478e-01
 97 -0.01416 -1.25648e+00 | 98 -0.01402 -1.39528e+00 | 99 -0.01193 -1.28442e+00
100 -0.01203 -9.11181e-01 |101 -0.01209 -2.33137e-01 |102 -0.01375  1.15139e-01
103 -0.02583 -9.54279e-01 |104 -0.02687 -8.48332e-01 |105 -0.01106  1.19312e-01
106 -0.01304  5.27975e-01 |107 -0.03474  5.61806e-02 |108 -0.01509  1.44478e+00
109  0.03389  2.14664e+00 |110 -0.00142  2.21474e+00 |111 -0.03967  1.34877e+00
112 -0.02325  5.05172e-01 |113 -0.00714  2.63789e-01 |114  0.01336  3.36736e-01
115 -0.01168  6.50132e-01 |116 -0.07118  1.09308e-01 |117 -0.08500 -5.71689e-01
118 -0.07996 -1.39267e-01 |119 -0.03317  1.56634e+00 |120  0.08105  1.62414e+00
121  0.03481 -8.25160e-01 |122  0.02028 -7.25293e-01 |123 -0.02912  7.71603e-01
124 -0.06969  5.69831e-01 |125 -0.00951  1.25077e+00 |126  0.00251  2.38764e+00
127 -0.03689  1.86016e+00 |128  0.00990  2.20729e+00 |129  0.06045  2.74632e+00
130 -0.00542  2.14317e+00 |131  0.06547  5.17781e-01 |132 -0.00006  6.12476e-01
133  0.12639 -5.95556e-01 |134 -0.01090 -2.67528e-01 |135 -0.05000  5.20695e-01
136 -0.05619  1.30391e+00 |137 -0.02019  9.64919e-01 |138  0.09381  4.90036e-01
139  0.02694  7.24778e-02 |140  0.02061  1.35307e+00 |141 -0.02785  2.81992e-02
142 -0.01393  5.87232e-01 |143 -0.01179 -8.43718e-01 |144 -0.00072 -7.45676e-02
145  0.41481 -3.37888e+00 |146  0.33045 -8.79069e+00 |147 -0.17864  1.75563e+00
148  0.04176 -7.75851e-02 |149  0.01898  3.42950e+00 |150 -0.36725  5.23191e-01
151 -0.30200 -1.60699e-02 |152  0.23706  1.22290e-02 |153  0.07153  4.63486e-03
154 -0.25029  1.31527e-02 |155  0.19549 -2.60932e+00 |156  0.25861  5.74600e+00
157  0.17777 -1.34220e+00 |158  0.25244 -2.13362e-01 |159  0.00438 -3.58108e-01
160 -0.09555 -5.78469e+00 |161  0.11530 -6.04855e+00 |162  0.29549  1.20824e+01
163  0.17554 -3.68048e+00 |164  0.24592  3.97702e+00 |165 -0.33295  6.19993e-01
166  0.24609 -2.40059e+00 |167  0.05052 -2.47158e+00 |168 -0.18220 -1.29960e+01
169  0.20442 -5.67653e-01 |170  0.31306 -7.75069e-01 |171  0.07797 -4.34606e+00
172 -0.53363  1.91189e-04 |173 -0.36289  2.33415e+00 |174  0.23982 -7.95108e+00
175  0.06917 -5.02927e-01 |176 -0.10659 -2.88512e+00 |177  0.23164 -3.06134e+00
178  0.83903  3.79261e-02 |179  0.03258  1.02517e+00 |180  0.56992 -7.93215e-01
181  0.28388  1.03904e-03 |182  0.08606 -2.59950e-03 |183  0.11833 -3.18163e-02
184 -0.05115 -5.44482e-03 |185 -0.26038  1.52266e+00 |186  0.71913  5.70482e-03
187 -0.16524  2.95316e-01 |188 -0.35622  1.00909e+00 |189  0.10127 -1.69409e+01
190  0.16758 -1.12088e+01 |191  0.21852  4.02351e+00 |192  0.25661  1.52000e+01
193  0.02325 -1.36504e+01 |194 -0.01112 -4.60450e+00 |195 -0.17212 -3.72409e+00
196 -0.11075 -8.36620e+00 |197 -0.56953 -2.62502e+00 |198  0.16472 -4.45505e-02
199  0.09624 -2.55702e+01 |200 -0.27515 -7.14207e+00 |
200 variables; iteration 100; function evaluation 117; phase 4
Function value 7.2198156e+03; maximum gradient component mag 6.1424e+00
Var    Value     Gradient |Var    Value     Gradient |Var    Value     Gradient
  1 -0.43082 -2.66750e-01 |  2  0.37434 -3.14972e+00 |  3 -0.12638 -2.55577e-01
  4 -0.02080 -1.32739e+00 |  5 -0.69919 -6.08910e-01 |  6 -0.60470 -1.28637e+00
  7  0.38266 -2.07103e+00 |  8 -0.19031 -4.56354e+00 |  9  0.02519 -2.34181e+00
 10 -0.58808  5.80622e-02 | 11 -0.62646 -1.27111e+00 | 12 -0.18480  6.14243e+00
 13 -0.00399 -1.10710e-02 | 14 -0.00405 -1.06163e-02 | 15 -0.00410 -1.01688e-02
 16 -0.00415 -9.70532e-03 | 17 -0.00418 -9.19329e-03 | 18 -0.00421 -8.62161e-03
 19 -0.00423 -7.96769e-03 | 20 -0.00424 -7.20657e-03 | 21 -0.00423 -6.31628e-03
 22 -0.00421 -5.26987e-03 | 23 -0.00418 -4.04076e-03 | 24 -0.00413 -2.60802e-03
 25 -0.00407 -9.51722e-04 | 26 -0.00398  9.32894e-04 | 27 -0.00388  3.03571e-03
 28 -0.00376  5.33890e-03 | 29 -0.00361  7.84193e-03 | 30 -0.00344  1.05677e-02
 31 -0.00325  1.35658e-02 | 32 -0.00304  1.68706e-02 | 33 -0.00281  2.04963e-02
 34 -0.00255  2.44172e-02 | 35 -0.00226  2.85542e-02 | 36 -0.00195  3.27627e-02
 37 -0.00161  3.68482e-02 | 38 -0.00124  4.05859e-02 | 39 -0.00084  4.37321e-02
 40 -0.00042  4.59759e-02 | 41  0.00002  4.71767e-02 | 42  0.00048  4.70649e-02
 43  0.00095  4.54523e-02 | 44  0.00142  4.23019e-02 | 45  0.00189  3.77756e-02
 46  0.00235  3.22514e-02 | 47  0.00279  2.62656e-02 | 48  0.00320  2.03336e-02
 49  0.00357  1.48401e-02 | 50  0.00388  9.95167e-03 | 51  0.00412  5.64013e-03
 52  0.00429  1.77890e-03 | 53  0.00438 -1.73162e-03 | 54  0.00439 -4.91043e-03
 55  0.00432 -7.69548e-03 | 56  0.00420 -9.95058e-03 | 57  0.00405 -1.14338e-02
 58  0.00390 -1.17673e-02 | 59  0.00379 -1.03881e-02 | 60  0.00376 -6.64140e-03
 61  0.00384  3.13320e-05 | 62  0.00407  9.70948e-03 | 63  0.00448  2.20686e-02
 64  0.00512  3.67136e-02 | 65  0.00602  5.37624e-02 | 66  0.00722  7.15774e-02
 67  0.00871  8.45123e-02 | 68  0.01051  8.94398e-02 | 69  0.01266  9.43020e-02
 70  0.01511  9.21395e-02 | 71  0.01766  4.37391e-02 | 72  0.02016 -6.32344e-02
 73  0.02303 -1.11035e-01 | 74  0.02760  1.79751e-01 | 75  0.03038  1.63721e-01
 76  0.03298  2.03140e-01 | 77  0.03423  1.24022e-01 | 78  0.03544  1.87165e-01
 79  0.03540  1.73403e-01 | 80  0.03471  1.71543e-01 | 81  0.03389  2.56874e-01
 82  0.03181  2.08569e-01 | 83  0.03025  3.70712e-01 | 84  0.02510 -2.46188e-02
 85  0.02140  4.21517e-03 | 86  0.01671 -3.86099e-02 | 87  0.01217  1.10548e-02
 88  0.00748 -8.06074e-03 | 89  0.00337 -2.86821e-02 | 90  0.00021  1.66453e-02
 91 -0.00266  1.17939e-02 | 92 -0.00577 -9.59632e-02 | 93 -0.00867 -1.74797e-01
 94 -0.01064 -1.52764e-01 | 95 -0.01175 -7.27024e-02 | 96 -0.01296  2.97096e-02
 97 -0.01305  9.28472e-02 | 98 -0.01253  9.78690e-02 | 99 -0.01138 -2.14109e-03
100 -0.01311 -7.59207e-02 |101 -0.01566 -1.62392e-01 |102 -0.01823 -1.45813e-01
103 -0.02497  1.74298e-01 |104 -0.02571  1.33113e-01 |105 -0.01329 -6.72630e-02
106 -0.01584 -1.51542e-01 |107 -0.03315  1.59670e-01 |108 -0.01759 -3.26671e-01
109  0.03076 -7.42772e-01 |110 -0.00378 -2.99565e-01 |111 -0.04198 -4.06946e-01
112 -0.02343  1.24489e-04 |113 -0.00723  5.41450e-01 |114  0.01350  8.90453e-01
115 -0.01319  6.02215e-01 |116 -0.07055  6.83125e-01 |117 -0.08384  1.08542e-01
118 -0.07816  3.70989e-01 |119 -0.03416  2.05203e-01 |120  0.08243  1.07685e+00
121  0.04007  8.66181e-01 |122  0.02413  5.38982e-01 |123 -0.02802  3.34376e-01
124 -0.06770  2.76490e-01 |125 -0.00706 -1.20638e-01 |126  0.00093 -7.22089e-01
127 -0.03709 -1.13298e-01 |128  0.00794 -6.23634e-01 |129  0.06116 -3.38492e-01
130 -0.01062 -3.67403e-01 |131  0.06698 -4.04523e-01 |132 -0.00173 -2.61434e-01
133  0.12771  1.37229e-01 |134 -0.01104 -1.39365e-02 |135 -0.05151 -6.81388e-02
136 -0.06082 -2.83155e-01 |137 -0.02264 -2.58857e-02 |138  0.09300  1.40361e-02
139  0.02751  1.28210e-01 |140  0.01652 -1.48295e-01 |141 -0.02774  1.55791e-01
142 -0.01740 -2.69924e-01 |143 -0.00785  2.03149e-01 |144 -0.00037  2.83391e-02
145  0.41610  1.49711e+00 |146  0.33254  1.25063e+00 |147 -0.17878 -2.20072e-01
148 -0.02864  1.34109e-04 |149 -0.00193  4.75076e-02 |150 -0.39812  3.19123e-01
151 -0.23890 -1.68290e-02 |152  0.18967  8.42206e-03 |153  0.04107 -2.19104e-03
154 -0.28688  7.40096e-03 |155  0.19596  9.24279e-01 |156  0.25841 -1.56902e+00
157  0.17989  2.69502e-01 |158  0.25374  3.19195e-01 |159  0.00248  2.95392e-01
160 -0.09363  7.47554e-01 |161  0.11864  9.06714e-01 |162  0.29564 -2.26030e+00
163  0.17777  3.19455e-01 |164  0.24658 -4.40139e-01 |165 -0.33220  1.18028e-01
166  0.24680  4.66085e-01 |167  0.05082  8.15577e-01 |168 -0.18084  4.36155e+00
169  0.20341 -6.77161e-02 |170  0.31267  1.03390e-02 |171  0.07834  1.34084e+00
172 -0.53570  5.05022e-04 |173 -0.36143  2.58037e-02 |174  0.24233  4.07569e-01
175  0.06937  5.98305e-01 |176 -0.10448  2.44365e+00 |177  0.23091 -5.75466e-01
178  0.96217  5.45005e-02 |179  0.00880  1.80807e-01 |180  0.64735 -2.36006e-01
181  0.28740  1.20884e-03 |182  0.04804 -6.75060e-03 |183  0.12924 -2.33361e-02
184 -0.06106 -7.73934e-03 |185 -0.26026  6.13268e-02 |186  0.68657  9.15072e-03
187 -0.18292  2.90618e-02 |188 -0.39021  3.97782e-01 |189  0.10222  3.89653e+00
190  0.16742 -2.13831e+00 |191  0.21902 -1.41557e+00 |192  0.25615 -2.34131e-01
193  0.02306  3.83405e+00 |194 -0.01060  1.47387e-02 |195 -0.17180  1.76206e+00
196 -0.11027 -1.95577e+00 |197 -0.55260  5.21599e-01 |198  0.17137 -1.20274e-01
199  0.09345  5.07832e+00 |200 -0.26533  2.97809e-01 |
200 variables; iteration 120; function evaluation 145; phase 4
Function value 7.2197800e+03; maximum gradient component mag 5.4028e+00
Var    Value     Gradient |Var    Value     Gradient |Var    Value     Gradient
  1 -0.43088  8.61274e-01 |  2  0.37443  9.75338e-01 |  3 -0.12624  8.20577e-01
  4 -0.02092  7.11519e-01 |  5 -0.69838 -1.90797e-02 |  6 -0.60475  5.62035e-01
  7  0.38254  6.52886e-01 |  8 -0.19011  1.33120e+00 |  9  0.02527  6.38670e-01
 10 -0.58836  1.98948e-01 | 11 -0.62643  3.48846e-01 | 12 -0.18474 -3.20181e-01
 13 -0.00368  5.87178e-02 | 14 -0.00374  5.81744e-02 | 15 -0.00379  5.76125e-02
 16 -0.00384  5.70054e-02 | 17 -0.00388  5.63174e-02 | 18 -0.00391  5.55357e-02
 19 -0.00393  5.46364e-02 | 20 -0.00395  5.35915e-02 | 21 -0.00395  5.23741e-02
 22 -0.00394  5.09493e-02 | 23 -0.00391  4.92775e-02 | 24 -0.00387  4.73159e-02
 25 -0.00382  4.50125e-02 | 26 -0.00375  4.23165e-02 | 27 -0.00367  3.91758e-02
 28 -0.00357  3.55271e-02 | 29 -0.00344  3.12681e-02 | 30 -0.00330  2.62449e-02
 31 -0.00315  2.02381e-02 | 32 -0.00297  1.29990e-02 | 33 -0.00278  4.25322e-03
 34 -0.00258 -6.26321e-03 | 35 -0.00235 -1.87518e-02 | 36 -0.00211 -3.32617e-02
 37 -0.00184 -4.96028e-02 | 38 -0.00155 -6.72262e-02 | 39 -0.00123 -8.50878e-02
 40 -0.00088 -1.01415e-01 | 41 -0.00049 -1.14223e-01 | 42 -0.00006 -1.20859e-01
 43  0.00043 -1.18971e-01 | 44  0.00097 -1.07479e-01 | 45  0.00155 -8.75916e-02
 46  0.00214 -6.32401e-02 | 47  0.00271 -4.00445e-02 | 48  0.00323 -2.32528e-02
 49  0.00366 -1.53577e-02 | 50  0.00400 -1.52084e-02 | 51  0.00426 -1.92772e-02
 52  0.00444 -2.45467e-02 | 53  0.00454 -2.98937e-02 | 54  0.00454 -3.65626e-02
 55  0.00446 -4.66357e-02 | 56  0.00430 -6.01366e-02 | 57  0.00411 -7.48085e-02
 58  0.00391 -9.01482e-02 | 59  0.00374 -1.06011e-01 | 60  0.00363 -1.23011e-01
 61  0.00363 -1.41034e-01 | 62  0.00373 -1.63822e-01 | 63  0.00400 -1.91798e-01
 64  0.00443 -2.31060e-01 | 65  0.00504 -2.85166e-01 | 66  0.00627 -2.62628e-01
 67  0.00870 -3.76283e-02 | 68  0.01169  2.29742e-01 | 69  0.01329  1.01955e-01
 70  0.01466 -1.48043e-01 | 71  0.01738 -1.64698e-01 | 72  0.02128  1.09148e-02
 73  0.02598  3.08675e-01 | 74  0.02725 -6.61600e-02 | 75  0.02983 -1.27505e-01
 76  0.03192 -1.86925e-01 | 77  0.03418 -8.72295e-02 | 78  0.03563  1.25847e-02
 79  0.03344 -3.86050e-01 | 80  0.03461 -5.42778e-02 | 81  0.03314 -8.51374e-02
 82  0.03108 -1.24050e-01 | 83  0.02990  1.15165e-01 | 84  0.02555 -1.10538e-01
 85  0.02250  6.87843e-02 | 86  0.01653 -2.21680e-01 | 87  0.01016 -5.62282e-01
 88  0.00766 -7.93475e-02 | 89  0.00564  4.16378e-01 | 90  0.00016 -8.52080e-02
 91 -0.00318 -2.00381e-01 | 92 -0.00526 -4.12095e-02 | 93 -0.00757  3.38105e-02
 94 -0.00968  2.30244e-02 | 95 -0.01136 -4.34358e-02 | 96 -0.01297 -4.25320e-02
 97 -0.01313  1.53930e-02 | 98 -0.01276  2.73237e-04 | 99 -0.01097  9.57519e-02
100 -0.01280  2.94814e-02 |101 -0.01558 -8.61403e-02 |102 -0.01772  8.54935e-02
103 -0.02535  1.61235e-01 |104 -0.02642  2.77910e-02 |105 -0.01341  3.36669e-02
106 -0.01561  9.75386e-02 |107 -0.03446 -6.04179e-02 |108 -0.01743  4.32748e-02
109  0.03169  2.05894e-01 |110 -0.00364  2.94753e-01 |111 -0.04175 -1.68414e-02
112 -0.02263  4.49886e-01 |113 -0.00756  2.71822e-01 |114  0.01282  1.69740e-01
115 -0.01269  2.04608e-01 |116 -0.07151 -4.67671e-02 |117 -0.08293  2.05781e-01
118 -0.07889 -1.58355e-01 |119 -0.03333  3.25226e-01 |120  0.08272  5.91644e-01
121  0.04033  5.18475e-01 |122  0.02456  3.75400e-01 |123 -0.02767  2.70561e-01
124 -0.06834 -8.40466e-02 |125 -0.00740 -1.28291e-01 |126  0.00221  4.91277e-02
127 -0.03699  2.65857e-01 |128  0.00936  1.31851e-01 |129  0.05981 -4.46329e-01
130 -0.00924  1.33144e-01 |131  0.06660 -2.21501e-01 |132 -0.00099  1.26313e-01
133  0.12735  4.57296e-04 |134 -0.01088  5.08120e-02 |135 -0.05136  3.46100e-02
136 -0.05996  2.49635e-02 |137 -0.02314 -1.60757e-01 |138  0.09299  3.99831e-02
139  0.02781  3.23655e-01 |140  0.01665 -6.54529e-02 |141 -0.02880 -1.84425e-01
142 -0.01595  1.40963e-01 |143 -0.00860  2.14711e-02 |144 -0.00074 -6.67844e-02
145  0.41515 -3.43388e-01 |146  0.33189  2.05904e+00 |147 -0.16726 -2.78016e-01
148 -0.03902  4.05821e-04 |149 -0.01459 -1.15659e-01 |150 -0.45073  9.16498e-02
151 -0.15513  2.27610e-03 |152  0.13498  1.60782e-03 |153 -0.00457  7.44860e-03
154 -0.33441  2.05439e-03 |155  0.19529 -2.14885e-01 |156  0.25820 -1.49683e-01
157  0.17887 -1.97937e-01 |158  0.25314 -9.02586e-02 |159  0.00323  2.03053e-01
160 -0.09402 -2.36815e-01 |161  0.11769 -2.08041e-01 |162  0.29547 -4.62956e-02
163  0.17740 -1.24795e-01 |164  0.24648  1.78427e-01 |165 -0.33259  3.53983e-03
166  0.24661  1.22729e-02 |167  0.05092 -7.02477e-02 |168 -0.18081  1.10689e-01
169  0.20513 -3.96388e-02 |170  0.31302 -9.07564e-02 |171  0.07802 -6.46376e-02
172 -0.53816  1.21059e-04 |173 -0.36158  1.33022e-01 |174  0.24199 -3.99559e-01
175  0.06915  1.48860e-01 |176 -0.10486  9.81940e-02 |177  0.22762 -6.15472e-02
178  0.88984  2.07320e-02 |179 -0.02140  1.30863e-02 |180  0.70122 -1.10252e-01
181  0.33115  1.71684e-03 |182  0.04384 -5.19806e-03 |183  0.13865 -1.79905e-02
184 -0.03663 -6.84398e-03 |185 -0.25946  2.33893e-02 |186  0.61520  1.20991e-02
187 -0.19005  1.77465e-02 |188 -0.40981  2.44871e-01 |189  0.10213 -1.18001e+00
190  0.16762 -1.14803e+00 |191  0.21900  7.82336e-01 |192  0.25630  1.50893e+00
193  0.02299 -1.53086e+00 |194 -0.01090 -4.10553e-01 |195 -0.17193 -5.32060e-01
196 -0.11039 -1.79571e+00 |197 -0.55288  4.76686e-01 |198  0.17099 -1.41789e-01
199  0.09244  5.40284e+00 |200 -0.26091  1.86725e+00 |
200 variables; iteration 140; function evaluation 179; phase 4
Function value 7.2197523e+03; maximum gradient component mag -6.8442e+00
Var    Value     Gradient |Var    Value     Gradient |Var    Value     Gradient
  1 -0.43082  5.00195e+00 |  2  0.37447  1.65727e+00 |  3 -0.12631  2.79826e+00
  4 -0.02098  2.32291e+00 |  5 -0.69821  3.99006e-01 |  6 -0.60475  7.28747e-01
  7  0.38264  1.03486e+00 |  8 -0.19021  2.12412e+00 |  9  0.02522  1.83985e+00
 10 -0.58854  2.37456e-01 | 11 -0.62634  1.14112e+00 | 12 -0.18443 -6.84424e+00
 13 -0.00424 -1.05497e-01 | 14 -0.00429 -1.03675e-01 | 15 -0.00434 -1.01891e-01
 16 -0.00437 -1.00203e-01 | 17 -0.00440 -9.86640e-02 | 18 -0.00442 -9.73489e-02
 19 -0.00443 -9.63204e-02 | 20 -0.00444 -9.56168e-02 | 21 -0.00443 -9.52444e-02
 22 -0.00441 -9.51691e-02 | 23 -0.00438 -9.52992e-02 | 24 -0.00433 -9.54655e-02
 25 -0.00427 -9.54127e-02 | 26 -0.00419 -9.47823e-02 | 27 -0.00408 -9.31168e-02
 28 -0.00395 -8.98896e-02 | 29 -0.00379 -8.45497e-02 | 30 -0.00359 -7.65671e-02
 31 -0.00337 -6.54644e-02 | 32 -0.00310 -5.09683e-02 | 33 -0.00281 -3.32200e-02
 34 -0.00248 -1.31032e-02 | 35 -0.00212  7.37193e-03 | 36 -0.00175  2.47401e-02
 37 -0.00138  3.41486e-02 | 38 -0.00103  3.00690e-02 | 39 -0.00073  7.83941e-03
 40 -0.00048 -3.40464e-02 | 41 -0.00027 -9.21298e-02 | 42 -0.00007 -1.56914e-01
 43  0.00018 -2.14276e-01 | 44  0.00052 -2.49959e-01 | 45  0.00100 -2.55626e-01
 46  0.00158 -2.33237e-01 | 47  0.00221 -1.94069e-01 | 48  0.00283 -1.51869e-01
 49  0.00337 -1.16221e-01 | 50  0.00382 -8.99174e-02 | 51  0.00418 -7.10707e-02
 52  0.00444 -5.66138e-02 | 53  0.00461 -4.43359e-02 | 54  0.00469 -3.33150e-02
 55  0.00469 -2.33993e-02 | 56  0.00463 -1.44631e-02 | 57  0.00453 -6.59183e-03
 58  0.00442 -1.31207e-03 | 59  0.00433 -1.77302e-03 | 60  0.00425 -1.23641e-02
 61  0.00423 -3.65768e-02 | 62  0.00429 -7.39964e-02 | 63  0.00451 -1.17923e-01
 64  0.00495 -1.59064e-01 | 65  0.00569 -1.90438e-01 | 66  0.00682 -1.97474e-01
 67  0.00857 -1.38150e-01 | 68  0.01090 -2.70469e-02 | 69  0.01078 -5.40834e-01
 70  0.01499 -1.70861e-01 | 71  0.01929  1.31033e-01 | 72  0.02097 -1.69389e-01
 73  0.02310 -3.91382e-01 | 74  0.02808 -4.58189e-02 | 75  0.02909 -4.15640e-01
 76  0.03281 -1.84663e-01 | 77  0.03354 -3.70325e-01 | 78  0.03514 -2.50182e-01
 79  0.03475 -3.31988e-01 | 80  0.03424 -3.05681e-01 | 81  0.03240 -4.06287e-01
 82  0.03102 -3.24061e-01 | 83  0.02864 -3.14089e-01 | 84  0.02646 -1.23141e-01
 85  0.02185 -2.52667e-01 | 86  0.01722 -2.62095e-01 | 87  0.01191 -3.59035e-01
 88  0.00776 -2.44095e-01 | 89  0.00439 -7.62300e-02 | 90 -0.00194 -7.97541e-01
 91 -0.00176 -5.54871e-02 | 92 -0.00499 -1.97077e-01 | 93 -0.00750 -1.87848e-01
 94 -0.01154 -7.23788e-01 | 95 -0.01107 -2.38555e-01 | 96 -0.01179 -1.24649e-02
 97 -0.01310 -2.80618e-01 | 98 -0.01223 -1.76766e-01 | 99 -0.01209 -5.33694e-01
100 -0.01305 -3.77023e-01 |101 -0.01396  2.25685e-02 |102 -0.01819 -3.82545e-01
103 -0.02612 -4.01784e-01 |104 -0.02608 -2.09990e-01 |105 -0.01302 -2.17710e-01
106 -0.01625 -4.75620e-01 |107 -0.03387 -1.90884e-01 |108 -0.01702 -1.23689e-01
109  0.03237 -4.31202e-02 |110 -0.00327 -2.03890e-03 |111 -0.04063 -2.60186e-02
112 -0.02326 -2.55488e-01 |113 -0.00685 -1.02128e-01 |114  0.01350 -2.38769e-01
115 -0.01222 -4.49388e-02 |116 -0.07069  1.98827e-02 |117 -0.08251  2.25919e-01
118 -0.07767  3.37947e-01 |119 -0.03330  5.15386e-01 |120  0.08290  1.37544e+00
121  0.03986  1.14182e+00 |122  0.02387  9.68266e-01 |123 -0.02785  1.01050e+00
124 -0.06813  8.75498e-01 |125 -0.00720  1.57931e+00 |126  0.00211  1.62774e+00
127 -0.03838  7.40816e-01 |128  0.00837  7.70380e-01 |129  0.06132  8.60134e-01
130 -0.00994  1.57438e-01 |131  0.06790  2.12253e-01 |132 -0.00118 -5.90058e-02
133  0.12773 -1.74248e-01 |134 -0.01069  4.45811e-02 |135 -0.05151 -7.29715e-02
136 -0.05975  8.07062e-02 |137 -0.02289 -7.76945e-02 |138  0.09313  3.22028e-02
139  0.02648 -1.86528e-01 |140  0.01663 -8.07908e-02 |141 -0.02804  8.06542e-02
142 -0.01669 -8.42955e-02 |143 -0.00925 -1.28513e-01 |144 -0.00064 -4.15672e-02
145  0.41496  1.46293e-01 |146  0.33024 -1.50627e+00 |147 -0.15844  3.38195e+00
148 -0.09426 -6.50892e-02 |149 -0.02676  4.73200e-01 |150 -0.51525  2.42963e-02
151 -0.10665  1.32132e-02 |152  0.05990 -1.24065e-03 |153 -0.12652  4.15945e-04
154 -0.40205 -7.49468e-04 |155  0.19584 -1.20872e+00 |156  0.25835  1.28456e+00
157  0.17946 -7.05400e-01 |158  0.25337  6.10191e-01 |159  0.00254 -3.22186e-01
160 -0.09389 -5.24092e-01 |161  0.11805 -8.44840e-01 |162  0.29554  1.10558e+00
163  0.17768 -3.41450e-01 |164  0.24655  5.15346e-01 |165 -0.33437 -1.49503e-01
166  0.24604 -5.98083e-02 |167  0.05129  1.39533e-01 |168 -0.18093 -2.64734e-01
169  0.20746  1.94244e-01 |170  0.31348  7.90957e-02 |171  0.07772 -8.04770e-02
172 -0.54168 -2.49228e-04 |173 -0.36082  1.85441e-01 |174  0.24225 -4.26972e-01
175  0.06871  1.41696e-01 |176 -0.10501 -8.95318e-01 |177  0.22074 -1.60957e-02
178  0.73721  1.09899e-02 |179 -0.07671 -3.64417e-04 |180  0.78237 -3.80858e-02
181  0.39452  2.22861e-03 |182  0.04007 -2.81029e-03 |183  0.15203 -1.24281e-02
184  0.01902 -4.38611e-03 |185 -0.25644  1.02024e+00 |186  0.41444 -1.85964e-02
187 -0.19602  1.39137e-01 |188 -0.45035  1.08819e-01 |189  0.10214 -2.07180e-01
190  0.16778 -3.42592e+00 |191  0.21896  4.87967e-02 |192  0.25630  4.78419e+00
193  0.02305 -9.06706e-02 |194 -0.01107 -8.37343e-01 |195 -0.17188 -3.87480e-01
196 -0.11026 -1.84852e+00 |197 -0.55115 -4.55057e-01 |198  0.17212  2.11884e-01
199  0.09214 -4.63538e+00 |200 -0.25988 -1.00797e+00 |
200 variables; iteration 160; function evaluation 210; phase 4
Function value 7.2197352e+03; maximum gradient component mag -3.2374e+00
Var    Value     Gradient |Var    Value     Gradient |Var    Value     Gradient
  1 -0.43084  1.85240e+00 |  2  0.37446  8.22650e-02 |  3 -0.12635  9.08734e-01
  4 -0.02094  6.48744e-01 |  5 -0.69857  8.81801e-02 |  6 -0.60473  2.35303e-02
  7  0.38276  1.42915e-01 |  8 -0.19021 -5.01625e-03 |  9  0.02508  3.36879e-01
 10 -0.58843  7.57244e-02 | 11 -0.62636  1.39639e-01 | 12 -0.18429 -2.61014e+00
 13 -0.00399 -1.93420e-02 | 14 -0.00404 -1.60496e-02 | 15 -0.00408 -1.29074e-02
 16 -0.00411 -1.00675e-02 | 17 -0.00414 -7.67404e-03 | 18 -0.00416 -5.85798e-03
 19 -0.00418 -4.73561e-03 | 20 -0.00418 -4.38120e-03 | 21 -0.00418 -4.81443e-03
 22 -0.00417 -6.00495e-03 | 23 -0.00415 -7.84576e-03 | 24 -0.00411 -1.01245e-02
 25 -0.00406 -1.25200e-02 | 26 -0.00399 -1.45624e-02 | 27 -0.00390 -1.56487e-02
 28 -0.00378 -1.51231e-02 | 29 -0.00364 -1.24446e-02 | 30 -0.00346 -7.36720e-03
 31 -0.00325 -1.22810e-04 | 32 -0.00301  8.32780e-03 | 33 -0.00276  1.60299e-02
 34 -0.00250  1.99709e-02 | 35 -0.00224  1.65924e-02 | 36 -0.00199  3.39692e-03
 37 -0.00175 -1.81562e-02 | 38 -0.00148 -3.95258e-02 | 39 -0.00111 -4.48121e-02
 40 -0.00059 -1.71815e-02 | 41  0.00012  4.77856e-02 | 42  0.00091  1.29610e-01
 43  0.00162  1.84782e-01 | 44  0.00205  1.71320e-01 | 45  0.00219  8.22796e-02
 46  0.00216 -4.29609e-02 | 47  0.00220 -1.47023e-01 | 48  0.00243 -1.95821e-01
 49  0.00283 -1.93951e-01 | 50  0.00328 -1.66277e-01 | 51  0.00369 -1.34158e-01
 52  0.00400 -1.06494e-01 | 53  0.00420 -8.40061e-02 | 54  0.00432 -6.38561e-02
 55  0.00436 -4.22597e-02 | 56  0.00437 -1.67652e-02 | 57  0.00435  1.18941e-02
 58  0.00435  4.23400e-02 | 59  0.00436  7.04274e-02 | 60  0.00441  9.01540e-02
 61  0.00448  9.18154e-02 | 62  0.00460  7.10194e-02 | 63  0.00478  2.01849e-02
 64  0.00508 -5.13897e-02 | 65  0.00564 -1.21282e-01 | 66  0.00690 -9.47212e-02
 67  0.00947  1.60607e-01 | 68  0.00916 -3.23421e-01 | 69  0.01245 -6.89342e-02
 70  0.01606  1.71467e-01 | 71  0.01763 -9.96802e-02 | 72  0.02124  1.26398e-02
 73  0.02263 -3.50645e-01 | 74  0.02698 -1.11014e-01 | 75  0.02998 -9.46645e-02
 76  0.03314  3.93532e-02 | 77  0.03493  4.77519e-02 | 78  0.03492 -1.12836e-01
 79  0.03514 -8.23754e-02 | 80  0.03422 -1.26202e-01 | 81  0.03305 -1.04869e-01
 82  0.03134 -8.23231e-02 | 83  0.02835 -1.87382e-01 | 84  0.02601 -3.04863e-02
 85  0.02166 -1.15910e-01 | 86  0.01722 -9.41125e-02 | 87  0.01365  1.89221e-01
 88  0.00690 -2.86000e-01 | 89  0.00158 -5.94147e-01 | 90  0.00159  2.16066e-01
 91 -0.00253 -1.00974e-01 | 92 -0.00491 -3.07207e-02 | 93 -0.00817 -2.15323e-01
 94 -0.00966 -8.24126e-02 | 95 -0.01102 -8.39155e-02 | 96 -0.01327 -2.73049e-01
 97 -0.01308 -1.35780e-01 | 98 -0.01274 -1.69694e-01 | 99 -0.01079 -4.13383e-02
100 -0.01235 -4.40112e-02 |101 -0.01510 -1.54864e-01 |102 -0.01766 -1.07901e-01
103 -0.02545 -8.77903e-02 |104 -0.02615 -1.24997e-01 |105 -0.01332 -1.73250e-01
106 -0.01518 -1.48259e-02 |107 -0.03332  6.76948e-02 |108 -0.01670 -2.20089e-02
109  0.03190 -2.47461e-01 |110 -0.00306 -4.92009e-02 |111 -0.04034  9.10047e-03
112 -0.02280 -1.59392e-01 |113 -0.00702 -1.24105e-01 |114  0.01438  7.19699e-02
115 -0.01206 -3.87522e-02 |116 -0.07022  4.92926e-02 |117 -0.08256  9.25810e-03
118 -0.07727  2.53128e-01 |119 -0.03339  1.09603e-01 |120  0.08295  4.94046e-01
121  0.03964  3.94575e-01 |122  0.02404  4.39427e-01 |123 -0.02894  2.96591e-01
124 -0.06902  4.33002e-01 |125 -0.00965  5.58451e-01 |126 -0.00094  5.06484e-01
127 -0.04032  1.37873e-01 |128  0.00678  1.83411e-01 |129  0.06073  2.77130e-01
130 -0.01017 -1.26787e-01 |131  0.06826  5.74860e-02 |132 -0.00101 -7.33458e-02
133  0.12812 -1.48913e-03 |134 -0.01076  4.63213e-03 |135 -0.05131 -1.27442e-02
136 -0.05978  6.62898e-02 |137 -0.02245  2.93880e-02 |138  0.09304 -8.03784e-02
139  0.02669 -1.47919e-01 |140  0.01692  4.00531e-02 |141 -0.02819  3.58866e-02
142 -0.01683 -9.48768e-02 |143 -0.00907 -8.02627e-02 |144 -0.00034  3.36441e-02
145  0.41419  1.36654e-01 |146  0.33012 -1.07402e+00 |147 -0.15981  2.08850e-02
148 -0.15565 -2.07109e-04 |149 -0.02762  1.26338e-01 |150 -0.54184  1.16282e-02
151 -0.11948 -9.29702e-04 |152  0.01396  6.46454e-05 |153 -0.19355 -9.75488e-04
154 -0.43463 -1.96352e-03 |155  0.19611 -4.07454e-01 |156  0.25848  5.14950e-01
157  0.17986 -1.26500e-01 |158  0.25361  3.86598e-01 |159  0.00228 -1.62018e-01
160 -0.09381  1.64453e-02 |161  0.11891  2.50502e-02 |162  0.29586  2.26939e-01
163  0.17770 -3.53438e-02 |164  0.24655  9.93106e-02 |165 -0.33321 -2.34480e-02
166  0.24650  3.29020e-02 |167  0.05105  3.95170e-02 |168 -0.18082  9.31511e-02
169  0.20625  3.43866e-02 |170  0.31319  5.09952e-02 |171  0.07789  1.82464e-02
172 -0.54259 -2.70848e-04 |173 -0.36263 -9.85725e-03 |174  0.24198  2.10293e-01
175  0.06908  1.74998e-01 |176 -0.10487 -3.60955e-01 |177  0.21670 -4.61726e-02
178  0.59466  8.81193e-03 |179 -0.11390 -5.68112e-04 |180  0.82529 -1.18395e-02
181  0.43672  2.56796e-03 |182  0.04012 -1.44104e-03 |183  0.16148 -9.43664e-03
184  0.07098 -2.63817e-03 |185 -0.25598  1.02620e+00 |186  0.35624 -8.22001e-02
187 -0.19902  1.31088e-01 |188 -0.48286  5.10150e-02 |189  0.10214  3.62747e-01
190  0.16772 -1.14028e+00 |191  0.21896 -4.28923e-02 |192  0.25624  1.64236e+00
193  0.02305  4.10956e-01 |194 -0.01100 -1.50585e-01 |195 -0.17190 -4.88458e-02
196 -0.11026 -5.42888e-01 |197 -0.55119 -2.71324e-01 |198  0.17195  6.42096e-02
199  0.09230 -3.23741e+00 |200 -0.26052 -7.41957e-01 |
200 variables; iteration 180; function evaluation 241; phase 4
Function value 7.2197270e+03; maximum gradient component mag 1.3537e+00
Var    Value     Gradient |Var    Value     Gradient |Var    Value     Gradient
  1 -0.43088 -2.95245e-01 |  2  0.37446 -1.65584e-01 |  3 -0.12634 -2.44699e-01
  4 -0.02095 -2.39678e-01 |  5 -0.69889 -5.30580e-02 |  6 -0.60471  2.61965e-02
  7  0.38278 -8.84471e-02 |  8 -0.19018 -2.26310e-01 |  9  0.02503 -2.21296e-01
 10 -0.58850  2.29673e-03 | 11 -0.62634 -1.42616e-01 | 12 -0.18425  9.44713e-01
 13 -0.00391  9.49498e-03 | 14 -0.00397  1.04279e-02 | 15 -0.00402  1.07165e-02
 16 -0.00407  1.01358e-02 | 17 -0.00412  8.73211e-03 | 18 -0.00415  6.66198e-03
 19 -0.00418  4.32500e-03 | 20 -0.00420  2.23096e-03 | 21 -0.00421  8.78984e-04
 22 -0.00419  7.40708e-04 | 23 -0.00416  2.17985e-03 | 24 -0.00410  5.40984e-03
 25 -0.00402  1.05642e-02 | 26 -0.00392  1.76195e-02 | 27 -0.00379  2.62673e-02
 28 -0.00364  3.54704e-02 | 29 -0.00347  4.27841e-02 | 30 -0.00331  4.40118e-02
 31 -0.00317  3.44336e-02 | 32 -0.00306  1.22168e-02 | 33 -0.00296 -1.67588e-02
 34 -0.00279 -3.69024e-02 | 35 -0.00250 -3.02858e-02 | 36 -0.00206  5.04906e-03
 37 -0.00159  4.18050e-02 | 38 -0.00122  4.36609e-02 | 39 -0.00097  1.13118e-02
 40 -0.00067 -1.73951e-02 | 41 -0.00029 -3.21047e-02 | 42  0.00009 -5.19749e-02
 43  0.00059 -4.43296e-02 | 44  0.00135  2.23788e-02 | 45  0.00201  6.32795e-02
 46  0.00235  2.85282e-02 | 47  0.00276  1.37077e-02 | 48  0.00334  4.76495e-02
 49  0.00378  6.03527e-02 | 50  0.00404  4.21295e-02 | 51  0.00424  2.63829e-02
 52  0.00442  2.15520e-02 | 53  0.00452  1.95252e-02 | 54  0.00453  1.52571e-02
 55  0.00445  8.32790e-03 | 56  0.00431  5.62780e-05 | 57  0.00414 -8.51908e-03
 58  0.00396 -1.74185e-02 | 59  0.00382 -2.54264e-02 | 60  0.00377 -2.98171e-02
 61  0.00384 -2.78397e-02 | 62  0.00404 -2.91462e-02 | 63  0.00426 -6.73689e-02
 64  0.00520  1.53844e-02 | 65  0.00630  7.60233e-02 | 66  0.00725  3.06923e-02
 67  0.00850 -1.60198e-02 | 68  0.01055  4.04089e-02 | 69  0.01281  6.59741e-02
 70  0.01490 -2.35504e-02 | 71  0.01787  1.14577e-02 | 72  0.02086  1.12328e-03
 73  0.02448  9.14424e-02 | 74  0.02725  1.75854e-02 | 75  0.03022  3.14460e-02
 76  0.03238 -1.18171e-02 | 77  0.03411 -6.57495e-03 | 78  0.03510  1.64033e-02
 79  0.03514  1.67856e-02 | 80  0.03449  2.72028e-02 | 81  0.03323  3.59164e-02
 82  0.03136  3.25032e-02 | 83  0.02897  4.34676e-02 | 84  0.02558 -7.03646e-04
 85  0.02184  3.73606e-02 | 86  0.01719  2.03601e-02 | 87  0.01197 -6.35194e-02
 88  0.00793  7.66954e-02 | 89  0.00406  1.24515e-01 | 90  0.00009 -2.03298e-02
 91 -0.00253  3.79913e-02 | 92 -0.00522  3.73344e-02 | 93 -0.00782  3.18145e-02
 94 -0.00981  4.13080e-02 | 95 -0.01121  4.01931e-02 | 96 -0.01265  7.48766e-02
 97 -0.01302  6.12868e-02 | 98 -0.01252  6.90547e-02 | 99 -0.01101  7.40372e-02
100 -0.01264  4.23157e-02 |101 -0.01497  3.10522e-02 |102 -0.01755  5.57498e-02
103 -0.02533  6.13623e-02 |104 -0.02596  4.70834e-02 |105 -0.01286  5.21373e-02
106 -0.01527  1.59223e-02 |107 -0.03372 -1.90186e-02 |108 -0.01678  2.42392e-03
109  0.03253 -6.23187e-03 |110 -0.00319 -3.38150e-02 |111 -0.04051 -3.72322e-02
112 -0.02232  1.62587e-02 |113 -0.00658  1.56032e-02 |114  0.01430 -1.90572e-02
115 -0.01155 -1.28323e-02 |116 -0.07013 -5.08800e-02 |117 -0.08220 -1.88713e-02
118 -0.07755 -4.51824e-02 |119 -0.03300  4.25553e-02 |120  0.08278  5.68469e-02
121  0.03943  3.06096e-02 |122  0.02366  3.18574e-02 |123 -0.02926  5.16652e-02
124 -0.06999 -4.92299e-02 |125 -0.01091 -1.36042e-01 |126 -0.00240 -1.96598e-01
127 -0.04074 -8.62450e-02 |128  0.00629 -1.24416e-01 |129  0.05991 -1.73033e-01
130 -0.00939  4.51749e-02 |131  0.06802 -1.31451e-02 |132 -0.00070  3.81453e-02
133  0.12813  1.56412e-02 |134 -0.01075  1.15297e-02 |135 -0.05119  2.73837e-02
136 -0.06001 -2.90739e-02 |137 -0.02250 -8.00482e-03 |138  0.09318  4.30364e-03
139  0.02717  3.21851e-02 |140  0.01677 -7.73434e-03 |141 -0.02841 -4.13314e-02
142 -0.01652  3.05935e-03 |143 -0.00866  2.12188e-02 |144 -0.00063 -3.76100e-02
145  0.41370 -5.32450e-02 |146  0.33071  4.66057e-01 |147 -0.15974  6.03027e-01
148 -0.20181 -5.97051e-03 |149 -0.03124  9.76774e-02 |150 -0.56792  6.20880e-03
151 -0.12805 -8.80828e-05 |152 -0.03268 -1.62677e-04 |153 -0.24527 -1.26774e-03
154 -0.44521 -1.64641e-03 |155  0.19619  7.37740e-02 |156  0.25851 -7.36125e-02
157  0.17950  1.15613e-02 |158  0.25338 -5.70397e-02 |159  0.00269  6.33376e-02
160 -0.09386  5.67009e-02 |161  0.11857  3.34513e-02 |162  0.29571 -1.86162e-01
163  0.17765  1.40428e-02 |164  0.24651 -5.00839e-02 |165 -0.33308 -2.82105e-03
166  0.24660  1.39176e-02 |167  0.05102 -1.95823e-02 |168 -0.18074  4.91524e-02
169  0.20616 -1.25675e-03 |170  0.31314 -8.17625e-03 |171  0.07791  1.18250e-02
172 -0.54110 -1.49171e-04 |173 -0.36381 -3.63879e-02 |174  0.24162  6.95625e-02
175  0.06924 -1.98112e-02 |176 -0.10487  1.99457e-01 |177  0.21600 -5.73912e-02
178  0.38480  8.50975e-03 |179 -0.13604 -6.81774e-04 |180  0.85210  2.47093e-03
181  0.47286  2.88323e-03 |182  0.05150  8.42089e-04 |183  0.17152 -6.94325e-03
184  0.13594  6.22341e-04 |185 -0.25825  1.33532e-01 |186  0.34608 -1.76648e-02
187 -0.20185  1.20862e-02 |188 -0.51424  2.42122e-02 |189  0.10215 -2.73495e-02
190  0.16776  1.07349e-01 |191  0.21897  6.67410e-02 |192  0.25623 -2.01673e-01
193  0.02304 -7.82047e-02 |194 -0.01103 -2.55132e-02 |195 -0.17190 -4.38260e-03
196 -0.11028 -6.65323e-02 |197 -0.55235  1.21692e-01 |198  0.17139 -2.23020e-02
199  0.09263  1.35366e+00 |200 -0.26175  3.26080e-01 |
200 variables; iteration 200; function evaluation 277; phase 4
Function value 7.2197220e+03; maximum gradient component mag -1.0586e+00
Var    Value     Gradient |Var    Value     Gradient |Var    Value     Gradient
  1 -0.43085  2.86898e-01 |  2  0.37446  7.01948e-03 |  3 -0.12633  3.35545e-02
  4 -0.02095  3.06029e-02 |  5 -0.69879 -5.28906e-03 |  6 -0.60471  1.11943e-02
  7  0.38277 -1.88044e-02 |  8 -0.19018 -4.83897e-02 |  9  0.02503 -2.91030e-02
 10 -0.58851  3.64764e-03 | 11 -0.62633 -2.22269e-02 | 12 -0.18423  6.10670e-02
 13 -0.00399 -1.03886e-02 | 14 -0.00410 -2.39806e-02 | 15 -0.00418 -3.03637e-02
 16 -0.00416 -1.24530e-02 | 17 -0.00404  2.67164e-02 | 18 -0.00396  5.50211e-02
 19 -0.00405  3.81413e-02 | 20 -0.00426 -1.35257e-02 | 21 -0.00439 -4.51632e-02
 22 -0.00426 -1.63911e-02 | 23 -0.00399  4.47150e-02 | 24 -0.00387  6.55941e-02
 25 -0.00399  1.89358e-02 | 26 -0.00411 -3.08372e-02 | 27 -0.00392 -7.58392e-03
 28 -0.00358  5.14047e-02 | 29 -0.00355  2.28179e-02 | 30 -0.00379 -7.69088e-02
 31 -0.00352 -5.38576e-02 | 32 -0.00281  7.62360e-02 | 33 -0.00273  4.10578e-02
 34 -0.00298 -8.43592e-02 | 35 -0.00228  2.45948e-02 | 36 -0.00180  6.98092e-02
 37 -0.00209 -8.39643e-02 | 38 -0.00139  1.09485e-03 | 39 -0.00091  2.37043e-02
 40 -0.00053  1.58297e-02 | 41 -0.00024 -1.90110e-02 | 42  0.00042  2.95529e-02
 43  0.00069 -2.09135e-02 | 44  0.00139  3.22376e-02 | 45  0.00171 -1.04132e-02
 46  0.00206 -4.22628e-02 | 47  0.00264 -1.66932e-02 | 48  0.00320  1.32028e-02
 49  0.00348 -1.15970e-02 | 50  0.00402  3.54716e-02 | 51  0.00392 -5.18627e-02
 52  0.00421 -2.80479e-02 | 53  0.00489  1.07729e-01 | 54  0.00470  5.55672e-02
 55  0.00435 -1.52910e-02 | 56  0.00421 -2.37737e-02 | 57  0.00416 -5.08144e-03
 58  0.00403 -2.67165e-03 | 59  0.00391 -5.47496e-03 | 60  0.00386 -8.55419e-03
 61  0.00399  7.35682e-03 | 62  0.00423  1.67967e-02 | 63  0.00455  3.47367e-04
 64  0.00510 -9.10292e-03 | 65  0.00595 -8.80187e-03 | 66  0.00709 -1.01985e-02
 67  0.00861  3.78981e-03 | 68  0.01037 -3.26017e-03 | 69  0.01250 -9.51094e-03
 70  0.01507  8.39142e-03 | 71  0.01785  9.10695e-04 | 72  0.02091  3.38660e-03
 73  0.02401 -1.13099e-02 | 74  0.02722  4.00776e-03 | 75  0.03010  4.78660e-04
 76  0.03255  9.26076e-03 | 77  0.03425  8.99658e-03 | 78  0.03510  5.05171e-03
 79  0.03513  6.13818e-03 | 80  0.03444  6.31547e-03 | 81  0.03312  4.44117e-03
 82  0.03127  5.02015e-03 | 83  0.02882  4.89296e-03 | 84  0.02570  1.16239e-02
 85  0.02173  3.27048e-03 | 86  0.01718  6.11858e-03 | 87  0.01239  1.87798e-02
 88  0.00763 -5.38922e-03 | 89  0.00349 -2.42415e-02 | 90  0.00028  1.28203e-02
 91 -0.00246  4.22005e-02 | 92 -0.00523  1.96215e-02 | 93 -0.00782  1.19827e-02
 94 -0.00984  1.39320e-02 | 95 -0.01120  1.95287e-02 | 96 -0.01278  1.56606e-02
 97 -0.01310  1.62225e-02 | 98 -0.01261  2.02528e-02 | 99 -0.01113  1.83935e-02
100 -0.01265  2.05127e-02 |101 -0.01492  2.85305e-02 |102 -0.01762  2.58687e-02
103 -0.02544  2.59234e-02 |104 -0.02603  2.80321e-02 |105 -0.01298  3.11844e-02
106 -0.01531  2.84806e-02 |107 -0.03368  2.70277e-02 |108 -0.01685  1.95760e-02
109  0.03238  1.35434e-02 |110 -0.00324  1.95317e-03 |111 -0.04052 -2.85756e-04
112 -0.02249 -1.00361e-02 |113 -0.00671 -1.24625e-02 |114  0.01425 -1.74952e-02
115 -0.01165 -2.45433e-02 |116 -0.07006 -1.49011e-02 |117 -0.08219 -2.71439e-02
118 -0.07735 -1.71380e-02 |119 -0.03296 -3.24421e-02 |120  0.08304 -8.28781e-02
121  0.03966 -6.23424e-02 |122  0.02398 -3.53759e-02 |123 -0.02898 -6.95251e-03
124 -0.06954  1.03527e-02 |125 -0.01017  2.71654e-02 |126 -0.00155  4.20493e-02
127 -0.04034  2.77084e-02 |128  0.00667  3.48095e-02 |129  0.06022  2.38197e-02
130 -0.00966 -1.84363e-03 |131  0.06802 -9.75246e-03 |132 -0.00082 -4.96585e-03
133  0.12811  9.15782e-03 |134 -0.01076 -1.45509e-03 |135 -0.05126 -2.47821e-03
136 -0.05991  6.53710e-03 |137 -0.02249  2.70284e-03 |138  0.09319  2.36336e-03
139  0.02708 -4.27464e-03 |140  0.01683  4.14926e-03 |141 -0.02824  7.50800e-03
142 -0.01651 -2.92721e-03 |143 -0.00874  1.19315e-03 |144 -0.00035  3.04355e-02
145  0.41381  6.64483e-03 |146  0.33062  3.17975e-02 |147 -0.15987 -1.05857e+00
148 -0.25091  5.76861e-03 |149 -0.04164 -2.37285e-02 |150 -0.61008  8.76748e-04
151 -0.15976  1.19807e-03 |152 -0.08161 -3.30686e-04 |153 -0.28093 -1.70962e-03
154 -0.42085 -1.45878e-03 |155  0.19612 -2.52402e-02 |156  0.25848  3.13149e-02
157  0.17958  2.88942e-02 |158  0.25342 -1.73832e-02 |159  0.00258  1.70380e-03
160 -0.09388  1.21233e-02 |161  0.11862  4.04615e-02 |162  0.29574 -6.01894e-02
163  0.17764  1.36781e-02 |164  0.24651 -1.74658e-02 |165 -0.33303 -5.80264e-04
166  0.24657 -2.73230e-03 |167  0.05102 -3.64219e-03 |168 -0.18076 -1.64933e-02
169  0.20608 -4.09132e-03 |170  0.31312  3.87245e-03 |171  0.07792  2.05253e-03
172 -0.53818  8.98565e-05 |173 -0.36306  1.25140e-02 |174  0.24181 -3.76506e-03
175  0.06909  1.89108e-02 |176 -0.10487 -5.68781e-02 |177  0.22083 -1.45547e-02
178 -0.01332  2.03562e-03 |179 -0.14094 -7.07098e-04 |180  0.86065  1.22686e-02
181  0.51852  3.32964e-03 |182  0.04740  1.28678e-03 |183  0.18762 -4.04924e-03
184  0.11228  3.74731e-02 |185 -0.26388  2.30477e-02 |186  0.35001  2.52079e-02
187 -0.20626 -1.05278e-03 |188 -0.55719  7.53985e-03 |189  0.10214  1.38591e-01
190  0.16773  4.38257e-02 |191  0.21895 -7.21348e-02 |192  0.25622  1.00741e-01
193  0.02305  9.14753e-02 |194 -0.01100  4.60919e-02 |195 -0.17191  7.68686e-02
196 -0.11029  6.17500e-02 |197 -0.55230  7.91178e-03 |198  0.17143 -8.59706e-03
199  0.09259  9.44681e-02 |200 -0.26159 -5.91481e-03 |
200 variables; iteration 220; function evaluation 318; phase 4
Function value 7.2193373e+03; maximum gradient component mag 5.3146e+01
Var    Value     Gradient |Var    Value     Gradient |Var    Value     Gradient
  1 -0.42992 -3.90028e+01 |  2  0.37476 -6.88641e+00 |  3 -0.12632 -1.81976e+01
  4 -0.02174 -1.14435e+01 |  5 -0.69957 -5.63097e-01 |  6 -0.60423 -1.76517e+00
  7  0.38383 -4.41348e+00 |  8 -0.19018 -1.02198e+01 |  9  0.02294 -6.75018e+00
 10 -0.58705 -5.92127e-01 | 11 -0.62627 -6.82634e+00 | 12 -0.18905  5.31460e+01
 13 -0.00528 -8.24055e-02 | 14 -0.00754 -6.38631e-01 | 15 -0.01009 -1.27319e+00
 16 -0.00960 -1.12635e+00 | 17 -0.00457  1.82525e-01 | 18 -0.00027  1.30696e+00
 19 -0.00167  9.61581e-01 | 20 -0.00989 -1.14185e+00 | 21 -0.01510 -2.46996e+00
 22 -0.00751 -5.13844e-01 | 23  0.00585  2.93243e+00 | 24  0.00743  3.34288e+00
 25  0.00156  1.82132e+00 | 26  0.00083  1.62545e+00 | 27  0.00470  2.61149e+00
 28  0.00375  2.34913e+00 | 29  0.00188  1.84249e+00 | 30 -0.00587 -1.76501e-01
 31 -0.00270  6.05396e-01 | 32  0.00025  1.32673e+00 | 33 -0.00712 -6.00472e-01
 34 -0.00402  1.46688e-01 | 35  0.00381  2.09520e+00 | 36 -0.00860 -1.12783e+00
 37 -0.00039  8.97978e-01 | 38  0.00858  3.10803e+00 | 39 -0.01507 -2.96323e+00
 40 -0.00714 -1.03838e+00 | 41 -0.00937 -1.68282e+00 | 42  0.00702  2.34997e+00
 43  0.00063  6.49417e-01 | 44 -0.00092  1.66071e-01 | 45 -0.00081  9.92737e-02
 46  0.00965  2.60723e+00 | 47  0.00128  4.43833e-01 | 48  0.00779  1.97858e+00
 49 -0.00394 -9.80910e-01 | 50  0.00351  8.09321e-01 | 51  0.00898  2.12790e+00
 52  0.00183  3.60171e-01 | 53 -0.00849 -2.16612e+00 | 54  0.00049  7.60931e-02
 55  0.00552  1.37033e+00 | 56  0.01108  2.81337e+00 | 57  0.00708  1.90155e+00
 58  0.00619  1.76118e+00 | 59  0.00591  1.76628e+00 | 60  0.00475  1.53497e+00
 61  0.00303  1.13753e+00 | 62  0.00310  1.15542e+00 | 63  0.00515  1.62661e+00
 64  0.00601  1.74770e+00 | 65  0.00452  1.22663e+00 | 66  0.01057  2.50239e+00
 67  0.00770  1.51185e+00 | 68  0.00959  1.61580e+00 | 69  0.01471  2.40736e+00
 70  0.01515  2.01362e+00 | 71  0.01758  2.02962e+00 | 72  0.01978  1.95261e+00
 73  0.02357  2.21097e+00 | 74  0.02529  2.03596e+00 | 75  0.02899  2.34061e+00
 76  0.03198  2.58859e+00 | 77  0.03361  2.68976e+00 | 78  0.03417  2.73047e+00
 79  0.03382  2.73895e+00 | 80  0.03349  2.88034e+00 | 81  0.03247  2.99329e+00
 82  0.03153  3.22520e+00 | 83  0.02837  3.09715e+00 | 84  0.02556  3.17528e+00
 85  0.02169  3.16513e+00 | 86  0.01877  3.51269e+00 | 87  0.01283  3.19758e+00
 88  0.00812  3.11909e+00 | 89  0.00478  3.24948e+00 | 90  0.00176  3.28160e+00
 91  0.00257  4.22293e+00 | 92 -0.01220  7.97820e-01 | 93 -0.00812  2.53191e+00
 94 -0.00773  3.09720e+00 | 95 -0.01090  2.45028e+00 | 96 -0.01283  2.16746e+00
 97 -0.01172  2.39508e+00 | 98 -0.01301  1.67781e+00 | 99 -0.01045  1.74557e+00
100 -0.01155  1.53059e+00 |101 -0.01576  5.94125e-01 |102 -0.01742  4.36940e-01
103 -0.02463  1.18872e-01 |104 -0.02571 -5.46437e-01 |105 -0.01244 -1.17422e+00
106 -0.01498 -1.91362e+00 |107 -0.03296 -2.19971e+00 |108 -0.01608 -3.30433e+00
109  0.03217 -6.22760e+00 |110 -0.00240 -5.21304e+00 |111 -0.03960 -4.22213e+00
112 -0.02145 -5.26416e+00 |113 -0.00548 -6.06287e+00 |114  0.01707 -6.90941e+00
115 -0.00980 -5.85027e+00 |116 -0.06805 -3.75131e+00 |117 -0.08019 -3.47792e+00
118 -0.07534 -3.38507e+00 |119 -0.03030 -4.11143e+00 |120  0.08674 -9.17407e+00
121  0.04235 -5.96890e+00 |122  0.02596 -4.82500e+00 |123 -0.02625 -2.17027e+00
124 -0.06794 -1.34717e+00 |125 -0.00921 -1.99052e+00 |126 -0.00177 -1.59879e+00
127 -0.04079 -5.76497e-01 |128  0.00480 -2.58216e-01 |129  0.05901  5.38199e-01
130 -0.01278  7.69654e-02 |131  0.06575  4.92049e-01 |132 -0.00197  3.49196e-01
133  0.12699  6.12658e-01 |134 -0.01175  7.74485e-02 |135 -0.05105  3.42228e-01
136 -0.05960  2.78879e-01 |137 -0.02234  1.46393e-01 |138  0.09408  4.83228e-01
139  0.02750  1.76148e-01 |140  0.01715  1.32301e-01 |141 -0.02739  2.55619e-01
142 -0.01557  2.77881e-01 |143 -0.00848  1.12561e-01 |144  0.01317  3.38760e+00
145  0.41973  2.26028e-01 |146  0.33520 -8.24727e-01 |147 -0.15688  1.85691e+00
148 -0.15422 -4.23521e-02 |149 -0.03964 -8.68492e-02 |150 -0.52778  1.73162e-02
151 -0.25678  6.35078e-03 |152  0.09549  1.07832e-04 |153  0.13361  5.15892e-02
154 -0.28710 -8.98412e-04 |155  0.19759  1.15890e+00 |156  0.25826 -6.68942e-01
157  0.18022  1.81845e+00 |158  0.25336 -1.44381e+00 |159  0.00264  1.00351e+00
160 -0.09358  3.01707e+00 |161  0.11946  8.98291e-01 |162  0.29536 -9.69486e-01
163  0.17882  1.47102e+00 |164  0.24650 -1.94661e+00 |165 -0.33220 -6.27102e-02
166  0.24666 -1.10596e-01 |167  0.05056 -1.38499e-01 |168 -0.17922  9.91473e-01
169  0.21019  1.04532e-01 |170  0.31345 -1.59584e-01 |171  0.07799  5.17493e-01
172 -0.54176 -3.05386e-04 |173 -0.35852 -8.69474e-01 |174  0.24348  2.28658e+00
175  0.06722 -9.41799e-01 |176 -0.10304 -5.48409e-01 |177  0.25835 -1.54643e+01
178  0.19251 -1.65433e-01 |179  0.07125  1.61426e+00 |180  0.72379  1.49180e-02
181  0.36869  2.04338e-03 |182 -0.02515  1.08995e-01 |183  0.17236 -5.72132e-03
184 -0.51043 -3.18128e-03 |185 -0.26854 -2.91307e-01 |186  0.36682  5.48039e-01
187 -0.17655 -8.50246e-04 |188 -0.50051  9.15121e-03 |189  0.10312  8.32686e+00
190  0.16824  1.57624e+01 |191  0.21916 -3.09229e+00 |192  0.25607 -1.46800e+01
193  0.02291  9.20905e+00 |194 -0.01110  5.41466e+00 |195 -0.17099  8.71901e+00
196 -0.11012  2.23252e+01 |197 -0.55212 -1.99581e-01 |198  0.17168  9.45166e-02
199  0.09271 -1.31803e+00 |200 -0.26004 -1.86304e-01 |
200 variables; iteration 240; function evaluation 351; phase 4
Function value 7.2181890e+03; maximum gradient component mag 1.6761e+01
Var    Value     Gradient |Var    Value     Gradient |Var    Value     Gradient
  1 -0.43134 -1.28705e+01 |  2  0.37526 -6.53291e-01 |  3 -0.12555 -2.92142e+00
  4 -0.02334 -1.22315e+00 |  5 -0.69705  6.65445e-01 |  6 -0.60446 -1.02145e-01
  7  0.38378 -9.23822e-01 |  8 -0.19045 -8.94820e-01 |  9  0.02284 -4.97170e-01
 10 -0.58690  2.59533e-01 | 11 -0.62610 -1.63466e+00 | 12 -0.19336  1.67615e+01
 13 -0.00266  2.64489e-01 | 14 -0.00259  2.95129e-01 | 15 -0.00071  7.86807e-01
 16 -0.00482 -2.47440e-01 | 17 -0.00359  7.39957e-02 | 18 -0.00316  1.90756e-01
 19 -0.00300  2.35665e-01 | 20 -0.00369  6.15286e-02 | 21 -0.00505 -2.84685e-01
 22 -0.00353  9.58998e-02 | 23  0.00153  1.37712e+00 | 24 -0.00525 -3.57301e-01
 25 -0.00857 -1.21537e+00 | 26 -0.00291  2.03410e-01 | 27 -0.00442 -2.03600e-01
 28 -0.00133  5.51986e-01 | 29 -0.00272  1.67883e-01 | 30 -0.00220  2.61208e-01
 31 -0.00330 -5.88414e-02 | 32 -0.00115  4.37316e-01 | 33 -0.00196  1.82125e-01
 34 -0.00043  5.08775e-01 | 35 -0.00095  3.16502e-01 | 36 -0.00106  2.20525e-01
 37  0.00020  4.59374e-01 | 38  0.00140  6.77748e-01 | 39  0.00003  2.46824e-01
 40  0.00067  3.14190e-01 | 41  0.00018  9.55071e-02 | 42  0.00072  1.29131e-01
 43  0.00219  3.86557e-01 | 44  0.00232  3.15259e-01 | 45  0.00309  3.98269e-01
 46  0.00440  6.18200e-01 | 47  0.00318  2.28836e-01 | 48  0.00332  1.80902e-01
 49  0.00290  1.15577e-02 | 50  0.00452  3.48045e-01 | 51  0.00517  4.68809e-01
 52  0.00496  4.03871e-01 | 53  0.00560  5.64202e-01 | 54  0.00187 -3.04760e-01
 55  0.00573  6.70920e-01 | 56  0.00989  1.73675e+00 | 57  0.00325  2.06468e-01
 58 -0.00200 -9.95725e-01 | 59  0.00767  1.41992e+00 | 60  0.00382  5.36258e-01
 61  0.00478  7.97494e-01 | 62  0.00384  5.62610e-01 | 63  0.00344  4.18060e-01
 64  0.00376  3.97969e-01 | 65  0.00457  4.38432e-01 | 66  0.00608  5.79345e-01
 67  0.00740  6.01232e-01 | 68  0.00943  7.11580e-01 | 69  0.01116  6.75275e-01
 70  0.01390  7.97892e-01 | 71  0.01644  8.08077e-01 | 72  0.01888  7.51453e-01
 73  0.02204  8.29709e-01 | 74  0.02472  8.16372e-01 | 75  0.02774  9.24749e-01
 76  0.03004  9.81307e-01 | 77  0.03131  9.67915e-01 | 78  0.03202  9.95794e-01
 79  0.03205  1.04091e+00 | 80  0.03088  9.81717e-01 | 81  0.03007  1.10073e+00
 82  0.02830  1.13145e+00 | 83  0.02554  1.07310e+00 | 84  0.02236  1.05766e+00
 85  0.01870  1.09292e+00 | 86  0.01420  1.07196e+00 | 87  0.00895  9.32582e-01
 88  0.00411  8.34843e-01 | 89  0.00060  9.17298e-01 | 90 -0.00234  9.70056e-01
 91 -0.00590  7.23347e-01 | 92 -0.00748  9.40102e-01 | 93 -0.01070  6.70348e-01
 94 -0.01250  6.28694e-01 | 95 -0.01369  5.68285e-01 | 96 -0.01493  5.27444e-01
 97 -0.01497  4.75303e-01 | 98 -0.01459  3.13544e-01 | 99 -0.01313  1.71583e-01
100 -0.01457  9.86006e-03 |101 -0.01610  1.41102e-02 |102 -0.01960 -4.33343e-01
103 -0.02731 -6.65771e-01 |104 -0.02746 -8.21437e-01 |105 -0.01473 -1.23979e+00
106 -0.01703 -1.58030e+00 |107 -0.03503 -1.75016e+00 |108 -0.01830 -2.40789e+00
109  0.03050 -3.99489e+00 |110 -0.00418 -3.42554e+00 |111 -0.04124 -2.95553e+00
112 -0.02268 -3.69961e+00 |113 -0.00648 -4.43319e+00 |114  0.01469 -5.35791e+00
115 -0.01070 -4.21984e+00 |116 -0.06836 -2.40433e+00 |117 -0.07966 -1.87442e+00
118 -0.07411 -1.60194e+00 |119 -0.02906 -1.68243e+00 |120  0.09036 -2.66954e+00
121  0.04644 -6.77206e-01 |122  0.03086  1.71965e-01 |123 -0.02328  6.21621e-01
124 -0.06434  1.02683e+00 |125 -0.00299  2.55529e+00 |126  0.00461  3.08473e+00
127 -0.03779  1.93406e+00 |128  0.00683  1.94400e+00 |129  0.05707  1.57778e+00
130 -0.01417  3.64715e-01 |131  0.06251  5.56876e-02 |132 -0.00403 -2.59803e-02
133  0.12449 -1.63549e-01 |134 -0.01272 -3.51529e-03 |135 -0.05246  5.46001e-02
136 -0.06045  1.18796e-01 |137 -0.02297  2.20260e-02 |138  0.09297  7.67695e-03
139  0.02680  6.26834e-02 |140  0.01693  4.93113e-02 |141 -0.02819  4.49462e-02
142 -0.01616 -6.66778e-03 |143 -0.00898  7.36865e-02 |144 -0.00078 -7.18572e-02
145  0.42696  8.97280e-02 |146  0.34290 -3.75389e+00 |147 -0.15570  2.04760e+00
148 -0.26879 -1.41131e-03 |149 -0.07823  4.47483e-01 |150 -0.67153 -2.69957e-03
151 -0.22140 -1.13734e-02 |152 -0.04764 -2.35492e-04 |153 -0.01618 -7.92190e-03
154 -0.32111  7.55762e-03 |155  0.19747 -3.56915e+00 |156  0.25776  5.15777e+00
157  0.18047 -3.12084e-01 |158  0.25322  6.81702e-01 |159  0.00229 -1.08756e-02
160 -0.09380  7.10111e-01 |161  0.11940 -7.67607e-01 |162  0.29488  1.72549e+00
163  0.17908 -3.87936e-02 |164  0.24637  1.02408e-01 |165 -0.32940  6.08289e-02
166  0.24714 -1.16186e-01 |167  0.04998 -1.02792e-01 |168 -0.17820  3.44656e-01
169  0.21380  1.10793e-01 |170  0.31380 -9.33721e-02 |171  0.07782  1.11373e-01
172 -0.54059 -2.85080e-04 |173 -0.35761  1.16681e-01 |174  0.24314 -2.84903e-01
175  0.06675  1.96539e-01 |176 -0.10118 -1.55982e+00 |177  0.25895 -5.76615e+00
178  0.16574  2.06327e+00 |179 -0.10078  4.31466e-01 |180  0.93030  2.57118e-02
181  0.52111  3.35712e-03 |182 -0.02706  1.74387e+00 |183  0.22535 -6.98093e-04
184 -0.76026 -7.93346e-03 |185 -0.27710  1.19149e-01 |186  0.46897 -3.36369e-02
187 -0.22163 -1.13908e-03 |188 -0.61762 -1.86069e-03 |189  0.10349  1.69081e+00
190  0.16818 -7.13404e-01 |191  0.21917 -2.62336e-01 |192  0.25597  6.01307e+00
193  0.02277  1.94981e+00 |194 -0.01098  1.02400e+00 |195 -0.17086  2.40625e+00
196 -0.11028  7.78649e+00 |197 -0.55019 -9.77435e-01 |198  0.17246  1.22971e-01
199  0.09221 -1.15542e+01 |200 -0.25962 -2.45143e+00 |
200 variables; iteration 260; function evaluation 385; phase 4
Function value 7.2178949e+03; maximum gradient component mag 6.3525e+00
Var    Value     Gradient |Var    Value     Gradient |Var    Value     Gradient
  1 -0.43138 -1.88702e+00 |  2  0.37537  1.30601e+00 |  3 -0.12546  7.42980e-01
  4 -0.02368  1.43904e+00 |  5 -0.69698  2.63862e-01 |  6 -0.60447  3.56765e-01
  7  0.38447  1.17645e+00 |  8 -0.19033  1.05324e+00 |  9  0.02135  1.39672e+00
 10 -0.58591  5.10164e-01 | 11 -0.62577  8.69250e-01 | 12 -0.19629  4.66756e+00
 13  0.00005  8.55548e-01 | 14 -0.00737 -1.01385e+00 | 15 -0.00283  1.46178e-01
 16 -0.00299  1.13241e-01 | 17 -0.00295  1.30433e-01 | 18 -0.00171  4.47435e-01
 19 -0.00376 -7.11108e-02 | 20 -0.00412 -1.63947e-01 | 21 -0.00221  3.16784e-01
 22 -0.00344 -1.99457e-03 | 23 -0.00135  5.16020e-01 | 24 -0.00566 -5.88537e-01
 25 -0.00432 -2.67452e-01 | 26 -0.00257  1.51783e-01 | 27 -0.00291  4.00802e-02
 28 -0.00399 -2.65330e-01 | 29 -0.00268  2.76049e-02 | 30 -0.00281 -4.43087e-02
 31 -0.00280 -9.02538e-02 | 32 -0.00098  3.16812e-01 | 33 -0.00207 -1.24424e-02
 34 -0.00136  1.04531e-01 | 35 -0.00160 -2.23310e-02 | 36 -0.00013  2.72023e-01
 37 -0.00154 -1.59777e-01 | 38 -0.00034  5.32708e-02 | 39  0.00072  2.22396e-01
 40 -0.00048 -1.69370e-01 | 41  0.00137  1.82795e-01 | 42  0.00149  1.07388e-01
 43  0.00149  4.02953e-05 | 44  0.00314  2.90600e-01 | 45  0.00302  1.53108e-01
 46  0.00254 -6.54267e-02 | 47  0.00345  5.51673e-02 | 48  0.00393  8.40133e-02
 49  0.00503  2.71992e-01 | 50  0.00506  2.20299e-01 | 51  0.00355 -1.81714e-01
 52  0.00366 -1.77182e-01 | 53  0.00609  4.01820e-01 | 54  0.00540  2.59496e-01
 55  0.00466  1.23917e-01 | 56  0.00546  3.69491e-01 | 57  0.00510  3.48277e-01
 58  0.00084 -6.09195e-01 | 59  0.00540  5.46554e-01 | 60  0.00195 -2.40261e-01
 61  0.00261 -6.39400e-02 | 62  0.00309  3.79233e-02 | 63  0.00350  7.77279e-02
 64  0.00372  2.11915e-02 | 65  0.00483  1.19493e-01 | 66  0.00519 -3.28890e-02
 67  0.00690  6.33275e-02 | 68  0.00859  7.38511e-02 | 69  0.01034  2.01117e-02
 70  0.01282  5.70871e-02 | 71  0.01554  7.79044e-02 | 72  0.01837  7.43735e-02
 73  0.02128  6.30334e-02 | 74  0.02436  9.35822e-02 | 75  0.02689  6.43791e-02
 76  0.02920  8.46206e-02 | 77  0.03053  4.90601e-02 | 78  0.03123  4.37964e-02
 79  0.03107  2.54959e-02 | 80  0.03034  3.19304e-02 | 81  0.02879 -7.86128e-03
 82  0.02684 -2.50070e-02 | 83  0.02449 -6.37004e-03 | 84  0.02132 -1.26642e-02
 85  0.01720 -6.12774e-02 | 86  0.01267 -6.29528e-02 | 87  0.00775 -8.89831e-02
 88  0.00304 -1.08614e-01 | 89 -0.00112 -1.30103e-01 | 90 -0.00487 -2.20091e-01
 91 -0.00720 -7.40879e-02 | 92 -0.00939  6.99640e-02 | 93 -0.01261 -9.76282e-02
 94 -0.01476 -1.28828e-01 | 95 -0.01606 -1.14950e-01 | 96 -0.01747 -1.06278e-01
 97 -0.01780 -1.51544e-01 | 98 -0.01708 -1.30295e-01 | 99 -0.01561 -1.72496e-01
100 -0.01700 -2.19633e-01 |101 -0.01879 -1.94829e-01 |102 -0.02131 -2.83814e-01
103 -0.02869 -3.24896e-01 |104 -0.02899 -3.76149e-01 |105 -0.01609 -4.99212e-01
106 -0.01811 -5.86587e-01 |107 -0.03563 -6.01828e-01 |108 -0.01821 -7.47587e-01
109  0.03161 -1.11238e+00 |110 -0.00263 -9.33437e-01 |111 -0.03889 -6.71651e-01
112 -0.01955 -8.29429e-01 |113 -0.00257 -9.81705e-01 |114  0.01982 -1.24361e+00
115 -0.00584 -1.05977e+00 |116 -0.06385 -5.85530e-01 |117 -0.07465 -2.99358e-01
118 -0.06899 -1.29383e-01 |119 -0.02422  1.60626e-02 |120  0.09830  9.89363e-01
121  0.05239  1.26676e+00 |122  0.03724  1.45996e+00 |123 -0.01860  1.10631e+00
124 -0.06103  9.68185e-01 |125  0.00009  1.71851e+00 |126  0.00629  1.76922e+00
127 -0.03717  1.01519e+00 |128  0.00660  9.12444e-01 |129  0.05630  5.63859e-01
130 -0.01580  9.63617e-02 |131  0.06062 -2.67873e-02 |132 -0.00532 -1.90005e-02
133  0.12311 -1.54107e-01 |134 -0.01351  3.64180e-02 |135 -0.05321 -3.78441e-02
136 -0.06122 -3.07489e-02 |137 -0.02336 -7.60839e-02 |138  0.09293 -4.12295e-02
139  0.02644 -8.00108e-02 |140  0.01664 -3.52394e-02 |141 -0.02836 -1.04629e-03
142 -0.01623 -8.94722e-03 |143 -0.00931  1.42480e-02 |144 -0.00031  4.65676e-02
145  0.42742 -1.67297e-01 |146  0.35153  1.50623e+00 |147 -0.15097  5.90877e-01
148 -0.23411 -1.21036e-03 |149 -0.08813  2.25649e-01 |150 -0.65889 -1.62989e-03
151 -0.21774 -1.02872e-02 |152  0.01898  5.37258e-04 |153 -0.01165 -6.37830e-03
154 -0.37168  6.63053e-04 |155  0.19838 -1.89084e+00 |156  0.25769  3.17406e+00
157  0.18098 -4.97564e-01 |158  0.25324  8.52695e-01 |159  0.00223 -8.33436e-03
160 -0.09391 -8.59537e-02 |161  0.11963 -6.95731e-01 |162  0.29454  1.37879e+00
163  0.17994 -1.76970e-01 |164  0.24643  5.65406e-01 |165 -0.32824 -7.81356e-02
166  0.24725 -2.13424e-02 |167  0.04970  3.74692e-03 |168 -0.17578 -2.52758e-01
169  0.22482 -2.69612e-02 |170  0.31475  5.20493e-02 |171  0.07696 -2.69570e-01
172 -0.53255  1.53240e-04 |173 -0.35642  9.66335e-02 |174  0.24360 -1.17243e-01
175  0.06559  1.90121e-01 |176 -0.09910 -6.24570e-01 |177  0.26930 -7.34196e-02
178  0.13694  2.46627e+00 |179 -0.06100  7.58351e-03 |180  0.90250  1.64723e-02
181  0.45946  2.76465e-03 |182 -0.16038  4.85655e-01 |183  0.23414 -3.06948e-04
184 -0.97199 -7.09486e-02 |185 -0.27850 -7.42382e-02 |186  0.58513  1.01252e-02
187 -0.24460 -1.27041e-03 |188 -0.63350 -2.87871e-03 |189  0.10425 -1.27868e+00
190  0.16808 -4.16502e+00 |191  0.21909  6.41573e-01 |192  0.25578  6.35251e+00
193  0.02264 -1.05280e+00 |194 -0.01074 -6.32401e-01 |195 -0.17053 -7.42903e-01
196 -0.11044 -5.61877e-02 |197 -0.55214  4.58593e-01 |198  0.17134 -4.15676e-02
199  0.09402  5.41864e+00 |200 -0.26791  8.24302e-01 |
200 variables; iteration 280; function evaluation 408; phase 4
Function value 7.2178608e+03; maximum gradient component mag 5.9625e-01
Var    Value     Gradient |Var    Value     Gradient |Var    Value     Gradient
  1 -0.43135 -3.54473e-01 |  2  0.37538 -6.41353e-02 |  3 -0.12546 -9.36733e-02
  4 -0.02374 -5.99697e-02 |  5 -0.69732 -4.48563e-03 |  6 -0.60444 -4.47582e-02
  7  0.38460 -3.00850e-02 |  8 -0.19034 -8.02459e-02 |  9  0.02114 -5.63760e-02
 10 -0.58613 -3.60206e-03 | 11 -0.62569 -2.74704e-02 | 12 -0.19650  5.96253e-01
 13 -0.00317  7.97744e-03 | 14 -0.00326 -5.23549e-03 | 15 -0.00325  5.66900e-03
 16 -0.00329  1.16907e-03 | 17 -0.00331  2.46094e-03 | 18 -0.00332  2.03857e-03
 19 -0.00333 -5.22090e-04 | 20 -0.00332  1.76062e-03 | 21 -0.00329  3.30782e-03
 22 -0.00325  4.61382e-03 | 23 -0.00321  3.83797e-03 | 24 -0.00317 -1.81084e-03
 25 -0.00306  7.16623e-03 | 26 -0.00292  1.92081e-02 | 27 -0.00284  8.83073e-03
 28 -0.00278 -8.77609e-03 | 29 -0.00255  1.14865e-02 | 30 -0.00238  1.12394e-02
 31 -0.00222  5.40074e-03 | 32 -0.00203  1.27450e-03 | 33 -0.00181 -3.23754e-03
 34 -0.00152  7.60805e-03 | 35 -0.00128  9.10736e-04 | 36 -0.00096  5.66336e-03
 37 -0.00062  8.10782e-03 | 38 -0.00030  6.16073e-05 | 39  0.00010  6.42911e-03
 40  0.00051  7.47507e-03 | 41  0.00094  9.29286e-03 | 42  0.00137  8.24535e-03
 43  0.00181  7.09167e-03 | 44  0.00224  2.56049e-04 | 45  0.00270  2.38029e-03
 46  0.00312 -2.43431e-03 | 47  0.00356  5.28990e-03 | 48  0.00393  4.95839e-03
 49  0.00425  6.06915e-03 | 50  0.00448 -1.20219e-04 | 51  0.00469  8.07547e-03
 52  0.00477  5.32218e-03 | 53  0.00480  1.32016e-02 | 54  0.00469  8.03980e-03
 55  0.00452  6.56997e-03 | 56  0.00430  1.03060e-02 | 57  0.00403  1.07306e-02
 58  0.00374  8.12413e-03 | 59  0.00354  1.87432e-02 | 60  0.00333  1.18712e-02
 61  0.00325  1.41511e-02 | 62  0.00330  1.24709e-02 | 63  0.00354  1.19333e-02
 64  0.00398  9.39231e-03 | 65  0.00465  2.58870e-03 | 66  0.00566  7.85319e-03
 67  0.00700  1.63067e-02 | 68  0.00863  1.66197e-02 | 69  0.01058  8.80663e-03
 70  0.01293  1.65706e-02 | 71  0.01553  1.58531e-02 | 72  0.01838  1.88838e-02
 73  0.02132  1.64642e-02 | 74  0.02425  2.04302e-02 | 75  0.02690  2.04803e-02
 76  0.02908  2.26639e-02 | 77  0.03057  2.37173e-02 | 78  0.03126  2.35476e-02
 79  0.03115  2.42892e-02 | 80  0.03034  2.39912e-02 | 81  0.02895  2.48836e-02
 82  0.02702  2.45129e-02 | 83  0.02453  2.62188e-02 | 84  0.02134  2.82026e-02
 85  0.01739  2.63650e-02 | 86  0.01281  2.40058e-02 | 87  0.00796  2.47624e-02
 88  0.00328  2.14646e-02 | 89 -0.00082  2.10187e-02 | 90 -0.00423  2.48654e-02
 91 -0.00716  2.22597e-02 | 92 -0.00993  1.42824e-02 | 93 -0.01253  1.56765e-02
 94 -0.01459  1.22321e-02 | 95 -0.01596  1.57320e-02 | 96 -0.01744  1.50203e-02
 97 -0.01768  1.42656e-02 | 98 -0.01712  1.22803e-02 | 99 -0.01562  6.87298e-03
100 -0.01695  5.26814e-03 |101 -0.01895  4.24468e-03 |102 -0.02134 -7.28620e-03
103 -0.02868 -1.07443e-02 |104 -0.02895 -1.32259e-02 |105 -0.01600 -2.04064e-02
106 -0.01791 -2.33646e-02 |107 -0.03529 -2.44445e-02 |108 -0.01774 -3.33074e-02
109  0.03209 -5.79292e-02 |110 -0.00197 -4.26215e-02 |111 -0.03843 -3.62622e-02
112 -0.01887 -4.02422e-02 |113 -0.00181 -4.01565e-02 |114  0.02086 -4.16559e-02
115 -0.00465 -3.10647e-02 |116 -0.06289 -2.28418e-02 |117 -0.07394 -2.25496e-02
118 -0.06844 -1.77286e-02 |119 -0.02359 -9.69473e-03 |120  0.09825 -3.57434e-02
121  0.05165 -3.69550e-02 |122  0.03636 -2.42136e-02 |123 -0.01960  5.64021e-03
124 -0.06217  2.19637e-03 |125 -0.00173  8.45127e-03 |126  0.00440  1.07435e-02
127 -0.03833  2.05914e-03 |128  0.00565  1.06299e-02 |129  0.05609  1.85162e-02
130 -0.01586  9.24490e-03 |131  0.06063  1.01106e-02 |132 -0.00537 -5.39597e-04
133  0.12322 -8.69506e-04 |134 -0.01368 -4.05949e-03 |135 -0.05315 -1.85362e-03
136 -0.06117 -6.34497e-04 |137 -0.02315 -3.39275e-03 |138  0.09294 -7.03761e-05
139  0.02660 -4.03532e-03 |140  0.01666 -2.08562e-03 |141 -0.02838 -3.88925e-03
142 -0.01628 -6.18996e-03 |143 -0.00939 -4.37174e-03 |144 -0.00050 -9.32233e-04
145  0.42723  1.82311e-02 |146  0.35136  9.07725e-02 |147 -0.15050  1.41548e-01
148 -0.18342 -9.31053e-04 |149 -0.07114  4.27270e-02 |150 -0.62000  1.33778e-03
151 -0.16084 -7.52825e-04 |152 -0.03878 -1.91619e-04 |153 -0.19654 -1.00194e-03
154 -0.41284 -1.19416e-03 |155  0.19859  3.20313e-03 |156  0.25766 -4.70782e-03
157  0.18120  5.44424e-03 |158  0.25328 -9.19172e-03 |159  0.00208 -4.10953e-03
160 -0.09386  1.62220e-02 |161  0.11998  1.08206e-02 |162  0.29460 -1.36749e-02
163  0.17998  2.98728e-03 |164  0.24636 -1.66620e-02 |165 -0.32795  4.50604e-03
166  0.24743 -1.70687e-03 |167  0.04956  8.23224e-03 |168 -0.17559  4.92713e-02
169  0.22604  8.01775e-03 |170  0.31485 -6.92490e-03 |171  0.07688  2.15041e-02
172 -0.53395  2.83269e-05 |173 -0.35720 -9.19628e-03 |174  0.24342  1.79714e-02
175  0.06563 -9.30762e-03 |176 -0.09916 -2.44110e-03 |177  0.27100 -2.47685e-02
178  0.11181  4.20895e-02 |179 -0.06966 -1.78635e-04 |180  0.85709  1.13837e-02
181  0.39676  2.25639e-03 |182 -0.14631  2.39833e-03 |183  0.22151 -9.65491e-04
184 -0.62713 -4.52992e-03 |185 -0.25063  6.00209e-02 |186  0.58602  2.11156e-02
187 -0.29897 -1.59390e-03 |188 -0.58200  2.84665e-04 |189  0.10438  9.00110e-02
190  0.16822  2.22218e-02 |191  0.21911 -4.17621e-02 |192  0.25578 -2.63361e-02
193  0.02263  1.01877e-01 |194 -0.01080 -1.40103e-02 |195 -0.17046  6.44162e-02
196 -0.11042  9.92252e-02 |197 -0.55115  1.61946e-02 |198  0.17170  7.97141e-03
199  0.09352  2.32433e-01 |200 -0.26612  6.89880e-02 |
200 variables; iteration 300; function evaluation 429; phase 4
Function value 7.2178582e+03; maximum gradient component mag 9.1370e-01
Var    Value     Gradient |Var    Value     Gradient |Var    Value     Gradient
  1 -0.43135 -5.22554e-01 |  2  0.37539 -2.08529e-01 |  3 -0.12544 -2.77801e-01
  4 -0.02377 -2.81364e-01 |  5 -0.69727 -3.74882e-02 |  6 -0.60444 -7.01612e-02
  7  0.38461 -1.82811e-01 |  8 -0.19031 -2.82667e-01 |  9  0.02110 -2.51313e-01
 10 -0.58609 -3.82454e-02 | 11 -0.62571 -1.98870e-01 | 12 -0.19650  9.13697e-01
 13 -0.00321 -1.23546e-03 | 14 -0.00320  1.05519e-02 | 15 -0.00321  1.56598e-02
 16 -0.00327  7.40798e-03 | 17 -0.00331  2.83787e-03 | 18 -0.00338 -1.24280e-02
 19 -0.00335 -4.53890e-03 | 20 -0.00327  1.45842e-02 | 21 -0.00323  2.02633e-02
 22 -0.00321  1.50997e-02 | 23 -0.00326 -7.44433e-03 | 24 -0.00319 -5.16994e-03
 25 -0.00304  1.26234e-02 | 26 -0.00290  2.31314e-02 | 27 -0.00288  8.90016e-04
 28 -0.00285 -2.36740e-02 | 29 -0.00261 -2.50207e-03 | 30 -0.00234  2.36954e-02
 31 -0.00218  1.63998e-02 | 32 -0.00205 -4.05513e-03 | 33 -0.00183 -4.26785e-03
 34 -0.00153  8.32149e-03 | 35 -0.00131 -7.21443e-03 | 36 -0.00094  1.15941e-02
 37 -0.00061  1.19276e-02 | 38 -0.00035 -1.02446e-02 | 39  0.00019  2.91557e-02
 40  0.00047  8.80442e-04 | 41  0.00093  9.37842e-03 | 42  0.00125 -1.94677e-02
 43  0.00177 -7.16745e-04 | 44  0.00232  2.14833e-02 | 45  0.00279  2.56843e-02
 46  0.00316  1.12002e-02 | 47  0.00361  1.98083e-02 | 48  0.00391  2.41937e-03
 49  0.00437  3.61912e-02 | 50  0.00454  1.76867e-02 | 51  0.00468  8.58370e-03
 52  0.00483  2.32416e-02 | 53  0.00486  2.91049e-02 | 54  0.00469  1.02215e-02
 55  0.00449  2.49909e-03 | 56  0.00421 -7.61747e-03 | 57  0.00396 -4.40255e-03
 58  0.00371  2.11747e-03 | 59  0.00344 -3.73239e-03 | 60  0.00327  7.86860e-04
 61  0.00323  1.16473e-02 | 62  0.00320 -1.03248e-02 | 63  0.00349  3.55917e-03
 64  0.00399  1.51472e-02 | 65  0.00480  4.15720e-02 | 66  0.00572  2.56476e-02
 67  0.00694  7.60816e-03 | 68  0.00864  2.09668e-02 | 69  0.01070  4.08459e-02
 70  0.01290  1.59171e-02 | 71  0.01550  1.37512e-02 | 72  0.01838  2.24648e-02
 73  0.02142  4.27572e-02 | 74  0.02425  2.67565e-02 | 75  0.02694  3.51213e-02
 76  0.02903  1.86640e-02 | 77  0.03056  2.71505e-02 | 78  0.03124  2.69239e-02
 79  0.03117  3.47864e-02 | 80  0.03037  3.81223e-02 | 81  0.02898  3.87833e-02
 82  0.02705  3.85951e-02 | 83  0.02454  3.70633e-02 | 84  0.02129  2.65325e-02
 85  0.01741  4.05576e-02 | 86  0.01278  2.72431e-02 | 87  0.00787  1.36897e-02
 88  0.00333  4.36393e-02 | 89 -0.00077  4.70106e-02 | 90 -0.00423  3.71900e-02
 91 -0.00720  2.84598e-02 | 92 -0.00986  5.09758e-02 | 93 -0.01251  4.11780e-02
 94 -0.01456  4.29635e-02 | 95 -0.01597  3.74415e-02 | 96 -0.01743  4.56798e-02
 97 -0.01768  4.46860e-02 | 98 -0.01710  5.15892e-02 | 99 -0.01557  5.93450e-02
100 -0.01694  4.77209e-02 |101 -0.01900  3.34965e-02 |102 -0.02130  4.97507e-02
103 -0.02864  5.01849e-02 |104 -0.02898  3.16492e-02 |105 -0.01602  3.60056e-02
106 -0.01795  3.16247e-02 |107 -0.03534  1.89435e-02 |108 -0.01778  3.07475e-02
109  0.03204  4.93975e-02 |110 -0.00204  3.86745e-02 |111 -0.03848  3.29989e-02
112 -0.01891  4.61051e-02 |113 -0.00188  4.57052e-02 |114  0.02075  3.42372e-02
115 -0.00474  1.19444e-02 |116 -0.06297 -1.24954e-02 |117 -0.07397 -1.07690e-02
118 -0.06847 -3.85476e-02 |119 -0.02358 -6.90926e-02 |120  0.09836 -2.30162e-01
121  0.05179 -1.88941e-01 |122  0.03648 -1.83161e-01 |123 -0.01957 -1.29999e-01
124 -0.06215 -1.00874e-01 |125 -0.00181 -1.70962e-01 |126  0.00421 -1.73570e-01
127 -0.03842 -8.21816e-02 |128  0.00551 -9.44646e-02 |129  0.05600 -8.64386e-02
130 -0.01583 -6.85986e-03 |131  0.06068 -5.23066e-03 |132 -0.00531  7.49448e-03
133  0.12326 -5.73002e-03 |134 -0.01364  3.31499e-03 |135 -0.05310  8.94658e-03
136 -0.06119 -1.37099e-02 |137 -0.02310  1.64021e-03 |138  0.09297 -9.54850e-03
139  0.02665  6.93912e-03 |140  0.01669  4.64752e-03 |141 -0.02842 -1.70723e-02
142 -0.01628 -4.92171e-03 |143 -0.00939 -4.36773e-03 |144 -0.00067 -4.32371e-02
145  0.42722  4.13739e-02 |146  0.35136  2.33553e-01 |147 -0.15135 -1.95050e-01
148 -0.13751 -6.89766e-04 |149 -0.07680 -1.01017e-01 |150 -0.60794  3.36226e-03
151 -0.11768  7.03636e-03 |152  0.01705 -6.51645e-05 |153 -0.10394  6.26652e-05
154 -0.35576  2.02090e-03 |155  0.19857  2.14821e-01 |156  0.25766 -2.81826e-01
157  0.18113  7.56206e-02 |158  0.25324 -1.04691e-01 |159  0.00214  2.99155e-02
160 -0.09388  4.38749e-02 |161  0.11989  9.00716e-02 |162  0.29456 -1.95948e-01
163  0.17993  6.95639e-02 |164  0.24634 -9.68011e-02 |165 -0.32788  4.37198e-03
166  0.24745  5.88816e-03 |167  0.04955  1.21115e-02 |168 -0.17558  1.72198e-01
169  0.22590  1.34229e-02 |170  0.31483 -1.27103e-02 |171  0.07689  7.05471e-02
172 -0.53337  8.24235e-05 |173 -0.35754 -1.72841e-02 |174  0.24333  1.01958e-02
175  0.06567 -4.19240e-02 |176 -0.09906  1.30692e-01 |177  0.27652 -6.46832e-02
178  0.10935  6.71342e-02 |179 -0.02914  1.31074e-02 |180  0.72139 -1.83956e-03
181  0.32177  1.72381e-03 |182 -0.15768  6.35605e-03 |183  0.20946 -1.78276e-03
184 -0.44918  4.49886e-03 |185 -0.25069 -3.82923e-02 |186  0.53589  4.29632e-02
187 -0.27442 -1.12756e-03 |188 -0.53994  5.98840e-03 |189  0.10436  1.92468e-01
190  0.16817  5.14389e-01 |191  0.21910 -8.57965e-02 |192  0.25575 -6.80319e-01
193  0.02263  1.51576e-01 |194 -0.01076  1.08491e-01 |195 -0.17048  1.49080e-01
196 -0.11044  2.41926e-01 |197 -0.55121  6.38779e-02 |198  0.17167 -2.18217e-03
199  0.09355  7.53442e-01 |200 -0.26619  1.67279e-01 |
200 variables; iteration 320; function evaluation 456; phase 4
Function value 7.2178242e+03; maximum gradient component mag -2.6377e+00
Var    Value     Gradient |Var    Value     Gradient |Var    Value     Gradient
  1 -0.43147 -2.63767e+00 |  2  0.37545 -6.17266e-01 |  3 -0.12547 -9.73806e-01
  4 -0.02383 -7.97445e-01 |  5 -0.69748 -9.00388e-02 |  6 -0.60441 -7.68834e-01
  7  0.38480 -5.60461e-01 |  8 -0.19031 -1.03690e+00 |  9  0.02091 -6.02772e-01
 10 -0.58598 -1.82633e-02 | 11 -0.62571  3.37526e-02 | 12 -0.19613  2.38668e+00
 13 -0.00325 -2.92573e-03 | 14 -0.00311  4.24200e-02 | 15 -0.00316  3.85189e-02
 16 -0.00315  4.96994e-02 | 17 -0.00320  4.06275e-02 | 18 -0.00334  8.57049e-03
 19 -0.00328  2.59697e-02 | 20 -0.00321  4.18807e-02 | 21 -0.00310  6.25848e-02
 22 -0.00335 -9.20536e-03 | 23 -0.00305  5.71260e-02 | 24 -0.00335 -3.52646e-02
 25 -0.00312  4.31187e-03 | 26 -0.00316 -2.72796e-02 | 27 -0.00286  2.06375e-02
 28 -0.00239  1.04780e-01 | 29 -0.00239  6.68329e-02 | 30 -0.00223  6.48464e-02
 31 -0.00225  1.29910e-02 | 32 -0.00219 -2.41804e-02 | 33 -0.00173  3.43128e-02
 34 -0.00125  9.39383e-02 | 35 -0.00125  2.57926e-02 | 36 -0.00111 -1.37728e-02
 37 -0.00023  1.24749e-01 | 38 -0.00019  4.56253e-02 | 39 -0.00005 -1.08004e-02
 40  0.00069  7.32913e-02 | 41  0.00104  5.41938e-02 | 42  0.00133  1.92099e-02
 43  0.00224  1.31568e-01 | 44  0.00209 -1.40298e-02 | 45  0.00287  6.51473e-02
 46  0.00357  1.29925e-01 | 47  0.00362  4.32438e-02 | 48  0.00391  2.26376e-02
 49  0.00394 -4.43854e-02 | 50  0.00435 -5.46737e-03 | 51  0.00490  8.24272e-02
 52  0.00492  6.69856e-02 | 53  0.00419 -1.07802e-01 | 54  0.00439 -3.97755e-02
 55  0.00472  8.12516e-02 | 56  0.00448  8.06744e-02 | 57  0.00424  8.79420e-02
 58  0.00376  3.88254e-02 | 59  0.00378  1.04439e-01 | 60  0.00356  9.63099e-02
 61  0.00335  6.41039e-02 | 62  0.00350  8.81704e-02 | 63  0.00367  7.39694e-02
 64  0.00412  7.35570e-02 | 65  0.00465  3.35861e-02 | 66  0.00590  9.57495e-02
 67  0.00716  8.62691e-02 | 68  0.00868  6.09853e-02 | 69  0.01079  9.23968e-02
 70  0.01320  1.14871e-01 | 71  0.01556  6.16122e-02 | 72  0.01857  9.97345e-02
 73  0.02131  5.64420e-02 | 74  0.02440  9.55057e-02 | 75  0.02708  1.02026e-01
 76  0.02929  1.09896e-01 | 77  0.03087  1.25888e-01 | 78  0.03133  8.15358e-02
 79  0.03132  9.97368e-02 | 80  0.03053  1.01111e-01 | 81  0.02906  8.40432e-02
 82  0.02718  9.00656e-02 | 83  0.02463  7.72861e-02 | 84  0.02152  9.01923e-02
 85  0.01754  7.76702e-02 | 86  0.01287  4.81408e-02 | 87  0.00823  9.10466e-02
 88  0.00330  2.28220e-02 | 89 -0.00081  1.34394e-02 | 90 -0.00383  1.09013e-01
 91 -0.00705  2.41594e-02 | 92 -0.00986 -4.58382e-04 | 93 -0.01236  1.82648e-02
 94 -0.01441  8.81883e-03 | 95 -0.01582 -3.87256e-03 | 96 -0.01733 -2.06639e-02
 97 -0.01743  1.27509e-02 | 98 -0.01688  2.79917e-03 | 99 -0.01528  2.54680e-02
100 -0.01659  2.47524e-02 |101 -0.01870 -6.72070e-03 |102 -0.02106 -9.00846e-03
103 -0.02831  1.49915e-02 |104 -0.02871 -2.25156e-02 |105 -0.01579 -3.66183e-02
106 -0.01759  1.33419e-03 |107 -0.03496  1.99746e-02 |108 -0.01748  3.27258e-02
109  0.03251  1.29333e-01 |110 -0.00139  1.83684e-01 |111 -0.03797  1.67203e-01
112 -0.01847  1.88947e-01 |113 -0.00139  2.35551e-01 |114  0.02150  2.69250e-01
115 -0.00413  1.35800e-01 |116 -0.06243  5.77674e-02 |117 -0.07349  4.39390e-02
118 -0.06810 -4.55332e-02 |119 -0.02357 -3.22026e-01 |120  0.09828 -1.03308e+00
121  0.05144 -7.77318e-01 |122  0.03583 -6.70769e-01 |123 -0.02093 -3.84534e-01
124 -0.06392 -1.45384e-01 |125 -0.00608 -1.98491e-01 |126 -0.00097 -1.53570e-01
127 -0.04229 -9.32294e-02 |128  0.00233 -1.33399e-01 |129  0.05523 -1.70993e-01
130 -0.01544 -1.04898e-01 |131  0.06216  1.60630e-02 |132 -0.00459  1.29799e-03
133  0.12417  7.43343e-03 |134 -0.01333  1.08853e-02 |135 -0.05297 -1.69384e-02
136 -0.06103 -2.10528e-02 |137 -0.02289 -2.05237e-02 |138  0.09331 -4.34337e-02
139  0.02672 -2.32192e-02 |140  0.01670  5.85943e-03 |141 -0.02843 -3.83556e-03
142 -0.01651 -4.78220e-02 |143 -0.00966 -5.41607e-02 |144 -0.00043  1.60432e-02
145  0.42575  1.21090e-01 |146  0.35033  4.33716e-01 |147 -0.15877  1.45461e+00
148 -0.25725 -1.60524e-03 |149 -0.06929 -2.32638e-01 |150 -0.67593 -3.26636e-03
151 -0.13324  1.78227e-02 |152 -0.03001 -1.48631e-04 |153  0.02801  4.33750e-02
154 -0.30464  4.09043e-03 |155  0.19913  6.98497e-01 |156  0.25787 -9.82451e-01
157  0.18115  2.90081e-01 |158  0.25321 -3.88197e-01 |159  0.00208  3.37798e-02
160 -0.09384  1.71344e-01 |161  0.12008  2.81771e-01 |162  0.29461 -6.28846e-01
163  0.18002  3.74921e-01 |164  0.24639 -4.21194e-01 |165 -0.32823  1.06786e-02
166  0.24749 -1.04057e-03 |167  0.04972  1.42751e-01 |168 -0.17548  4.89545e-01
169  0.22634  4.97375e-02 |170  0.31490 -1.03774e-02 |171  0.07680  8.25111e-02
172 -0.52981  3.77282e-04 |173 -0.36110 -1.68739e-03 |174  0.24252 -1.46902e-02
175  0.06617 -4.21381e-03 |176 -0.09892 -2.26041e-01 |177  0.27511 -4.12234e-02
178  0.10694 -4.46902e-02 |179 -0.03771  6.55381e-03 |180  0.75320 -2.37816e-03
181  0.30140  1.59338e-03 |182 -0.13612  5.01638e-03 |183  0.22593 -6.90348e-04
184 -0.55338 -2.90113e-03 |185 -0.26504 -1.37553e-01 |186  0.33374  1.96642e-01
187 -0.21883 -1.12452e-03 |188 -0.61561 -1.99270e-03 |189  0.10432  6.71269e-01
190  0.16816  2.03234e+00 |191  0.21908 -2.98934e-01 |192  0.25567 -2.47387e+00
193  0.02264  6.59836e-01 |194 -0.01079  4.51007e-01 |195 -0.17051  4.23971e-01
196 -0.11040  1.32380e+00 |197 -0.55066  1.18927e-01 |198  0.17196  4.29279e-02
199  0.09351  1.41725e+00 |200 -0.26582  3.87806e-01 |
200 variables; iteration 340; function evaluation 478; phase 4
Function value 7.2178044e+03; maximum gradient component mag -5.1749e-01
Var    Value     Gradient |Var    Value     Gradient |Var    Value     Gradient
  1 -0.43146  1.20038e-01 |  2  0.37544  5.06696e-02 |  3 -0.12543  5.14311e-02
  4 -0.02384  5.60745e-02 |  5 -0.69728 -1.02296e-02 |  6 -0.60442 -2.20586e-02
  7  0.38478  8.67023e-02 |  8 -0.19029  8.36905e-02 |  9  0.02092  8.49998e-02
 10 -0.58589 -2.44404e-03 | 11 -0.62579 -1.05800e-02 | 12 -0.19646 -5.17487e-01
 13 -0.00313 -1.63791e-03 | 14 -0.00317 -7.87619e-05 | 15 -0.00323 -8.38967e-03
 16 -0.00327 -1.12859e-02 | 17 -0.00325 -2.93004e-03 | 18 -0.00321  9.86366e-03
 19 -0.00323  5.73287e-03 | 20 -0.00326 -5.07323e-03 | 21 -0.00330 -2.18811e-02
 22 -0.00315  5.89355e-03 | 23 -0.00315 -4.31388e-03 | 24 -0.00297  2.43726e-02
 25 -0.00298  2.56766e-03 | 26 -0.00289  4.72906e-04 | 27 -0.00274  9.94587e-03
 28 -0.00256  2.01012e-02 | 29 -0.00240  2.25628e-02 | 30 -0.00233 -4.08595e-03
 31 -0.00217 -1.11036e-02 | 32 -0.00190  3.02492e-03 | 33 -0.00167  3.79972e-03
 34 -0.00142  2.89925e-03 | 35 -0.00112  7.31348e-03 | 36 -0.00089 -1.00298e-02
 37 -0.00048  9.38005e-03 | 38 -0.00011  1.37276e-02 | 39  0.00010 -2.73305e-02
 40  0.00066  9.46697e-03 | 41  0.00096 -2.18396e-02 | 42  0.00150  4.79376e-03
 43  0.00198  9.81124e-03 | 44  0.00233 -1.62839e-02 | 45  0.00284 -3.21270e-03
 46  0.00331  5.47794e-03 | 47  0.00368 -5.83711e-03 | 48  0.00411  7.85562e-03
 49  0.00429 -2.65481e-02 | 50  0.00459 -1.58768e-02 | 51  0.00492  1.85798e-02
 52  0.00494  2.52318e-03 | 53  0.00484 -2.36623e-02 | 54  0.00479 -1.38857e-02
 55  0.00467 -3.11350e-03 | 56  0.00446  3.08432e-04 | 57  0.00417 -4.45297e-03
 58  0.00398  1.46976e-02 | 59  0.00364 -6.54009e-03 | 60  0.00351  5.11475e-03
 61  0.00339 -5.05286e-03 | 62  0.00351  9.31011e-03 | 63  0.00368 -5.63524e-03
 64  0.00415 -3.95367e-03 | 65  0.00482 -1.12063e-02 | 66  0.00588  5.12571e-03
 67  0.00714 -7.93927e-03 | 68  0.00876 -1.30599e-02 | 69  0.01078 -4.64761e-03
 70  0.01311 -2.31462e-03 | 71  0.01572 -5.54026e-03 | 72  0.01855 -8.83156e-03
 73  0.02149 -1.48696e-02 | 74  0.02441 -1.40574e-02 | 75  0.02708 -1.37668e-02
 76  0.02928 -1.09443e-02 | 77  0.03078 -1.03281e-02 | 78  0.03148 -1.11285e-02
 79  0.03136 -1.34129e-02 | 80  0.03054 -1.55266e-02 | 81  0.02916 -1.43930e-02
 82  0.02725 -1.21012e-02 | 83  0.02472 -1.73361e-02 | 84  0.02154 -1.42409e-02
 85  0.01758 -1.59579e-02 | 86  0.01305 -8.05098e-03 | 87  0.00821 -4.17680e-03
 88  0.00348 -1.75926e-02 | 89 -0.00066 -2.67178e-02 | 90 -0.00400 -7.29314e-03
 91 -0.00692 -7.38598e-03 | 92 -0.00973 -2.84981e-02 | 93 -0.01229 -1.85854e-02
 94 -0.01430 -9.74523e-03 | 95 -0.01569 -1.41393e-02 | 96 -0.01717 -1.77355e-02
 97 -0.01737 -1.11108e-02 | 98 -0.01682 -1.52390e-02 | 99 -0.01529 -1.06279e-02
100 -0.01660 -6.74594e-03 |101 -0.01863 -1.14084e-02 |102 -0.02097 -2.58793e-03
103 -0.02833 -1.20152e-03 |104 -0.02862  3.31496e-03 |105 -0.01565  8.63585e-03
106 -0.01754  1.68090e-02 |107 -0.03494  2.18822e-02 |108 -0.01739  2.83225e-02
109  0.03253  4.33198e-02 |110 -0.00153  3.58157e-02 |111 -0.03807  3.37186e-02
112 -0.01853  4.05259e-02 |113 -0.00152  4.89168e-02 |114  0.02123  5.98599e-02
115 -0.00440  4.02332e-02 |116 -0.06282  1.87344e-02 |117 -0.07412  1.30674e-02
118 -0.06883  1.56076e-02 |119 -0.02415  8.92440e-03 |120  0.09776  5.27953e-03
121  0.05137 -6.66333e-03 |122  0.03565 -2.21660e-02 |123 -0.02111 -2.74593e-02
124 -0.06426 -2.83040e-02 |125 -0.00650 -6.08577e-02 |126 -0.00128 -6.29934e-02
127 -0.04250 -3.60264e-02 |128  0.00210 -1.63094e-02 |129  0.05499  6.08963e-03
130 -0.01544  9.20434e-03 |131  0.06183  2.77973e-02 |132 -0.00475  1.11141e-02
133  0.12393  2.86562e-02 |134 -0.01347  6.04007e-03 |135 -0.05304 -3.80011e-03
136 -0.06105 -6.24284e-04 |137 -0.02290  5.21728e-04 |138  0.09334  1.16816e-03
139  0.02672 -3.83427e-03 |140  0.01666 -4.89338e-03 |141 -0.02843  4.29810e-03
142 -0.01631  7.30061e-03 |143 -0.00945  2.24585e-03 |144 -0.00041  2.17232e-02
145  0.42657 -6.07483e-02 |146  0.35086 -6.10145e-02 |147 -0.16090 -1.24666e-01
148 -0.19212 -1.04048e-03 |149 -0.01914  4.40012e-02 |150 -0.59912  2.58322e-04
151 -0.15841 -1.27786e-03 |152  0.00048  4.70488e-06 |153 -0.04923 -1.61827e-04
154 -0.36051  1.50820e-03 |155  0.19897 -2.34632e-02 |156  0.25782  6.16230e-02
157  0.18112 -3.84287e-03 |158  0.25327  1.06797e-02 |159  0.00212 -3.03457e-03
160 -0.09385  1.62115e-02 |161  0.12005 -1.91834e-02 |162  0.29464  5.42264e-02
163  0.17990 -2.80883e-02 |164  0.24639  3.76725e-02 |165 -0.32817 -1.22846e-02
166  0.24752  7.82117e-03 |167  0.04964 -1.47094e-02 |168 -0.17556 -1.45966e-01
169  0.22608 -1.33441e-02 |170  0.31491  9.63218e-03 |171  0.07686 -6.94410e-02
172 -0.53450 -1.55402e-05 |173 -0.36110 -5.48258e-03 |174  0.24252  2.78464e-02
175  0.06632  2.12394e-02 |176 -0.09883 -8.27533e-02 |177  0.27684 -3.48902e-02
178  0.10836  6.63893e-02 |179 -0.03374  4.22011e-03 |180  0.75156 -8.65723e-03
181  0.24280  1.16947e-03 |182 -0.15846  1.32450e-02 |183  0.21794 -1.24487e-03
184 -0.49594 -2.38303e-04 |185 -0.26366 -5.35742e-02 |186  0.33315  1.70043e-02
187 -0.24466 -1.27051e-03 |188 -0.61239 -1.47554e-03 |189  0.10430 -1.54578e-01
190  0.16812  4.32340e-02 |191  0.21910  7.65740e-02 |192  0.25575 -9.13417e-02
193  0.02264 -1.43201e-01 |194 -0.01072 -3.04082e-03 |195 -0.17050 -1.04486e-01
196 -0.11043 -3.53918e-02 |197 -0.55113 -1.28479e-02 |198  0.17169 -9.52826e-03
199  0.09353 -1.91874e-01 |200 -0.26607 -4.73354e-02 |
200 variables; iteration 360; function evaluation 498; phase 4
Function value 7.2178034e+03; maximum gradient component mag 2.6053e-01
Var    Value     Gradient |Var    Value     Gradient |Var    Value     Gradient
  1 -0.43146  2.22135e-01 |  2  0.37545  5.98297e-02 |  3 -0.12542  1.14695e-01
  4 -0.02386  1.03095e-01 |  5 -0.69726  6.72006e-03 |  6 -0.60442  3.04646e-02
  7  0.38479  6.02262e-02 |  8 -0.19027  7.96954e-02 |  9  0.02090  7.68926e-02
 10 -0.58588  1.47052e-02 | 11 -0.62579  4.15783e-02 | 12 -0.19648 -2.38524e-01
 13 -0.00313 -4.52341e-04 | 14 -0.00317 -2.59987e-03 | 15 -0.00321 -2.38226e-03
 16 -0.00324 -4.02765e-03 | 17 -0.00325 -1.52782e-03 | 18 -0.00325 -3.84444e-04
 19 -0.00325 -1.29819e-03 | 20 -0.00325 -2.90086e-03 | 21 -0.00323 -3.54784e-03
 22 -0.00318 -1.66628e-03 | 23 -0.00312  2.51369e-03 | 24 -0.00305  2.30000e-03
 25 -0.00299 -3.06907e-04 | 26 -0.00289 -1.26925e-03 | 27 -0.00277  4.74756e-04
 28 -0.00264 -5.71504e-05 | 29 -0.00250 -2.03378e-03 | 30 -0.00233 -2.64219e-03
 31 -0.00213 -7.08355e-04 | 32 -0.00192 -1.25383e-03 | 33 -0.00169 -2.73359e-03
 34 -0.00144 -3.59237e-03 | 35 -0.00115  1.48405e-04 | 36 -0.00087 -4.14954e-03
 37 -0.00053 -2.63348e-03 | 38 -0.00016 -2.43884e-04 | 39  0.00019 -5.96735e-03
 40  0.00059 -6.85069e-03 | 41  0.00101 -9.36001e-03 | 42  0.00147 -4.57406e-03
 43  0.00192 -5.41986e-03 | 44  0.00239 -1.34233e-03 | 45  0.00285 -1.10020e-03
 46  0.00329 -1.05814e-03 | 47  0.00369 -4.50913e-03 | 48  0.00408 -2.33313e-03
 49  0.00439 -4.27721e-03 | 50  0.00465 -3.38700e-03 | 51  0.00483 -3.45209e-03
 52  0.00492 -4.52881e-03 | 53  0.00492 -6.41697e-03 | 54  0.00484 -5.04703e-03
 55  0.00467 -5.21396e-03 | 56  0.00444 -4.74460e-03 | 57  0.00416 -6.49381e-03
 58  0.00389 -7.20625e-03 | 59  0.00364 -7.43900e-03 | 60  0.00346 -8.76437e-03
 61  0.00338 -8.21894e-03 | 62  0.00343 -9.79984e-03 | 63  0.00367 -9.62242e-03
 64  0.00413 -8.58490e-03 | 65  0.00485 -4.64564e-03 | 66  0.00584 -6.23042e-03
 67  0.00713 -1.11498e-02 | 68  0.00878 -9.30391e-03 | 69  0.01078 -5.41879e-03
 70  0.01308 -1.05007e-02 | 71  0.01570 -1.16928e-02 | 72  0.01854 -1.21575e-02
 73  0.02152 -9.67587e-03 | 74  0.02442 -1.32959e-02 | 75  0.02709 -1.26737e-02
 76  0.02926 -1.59003e-02 | 77  0.03076 -1.51057e-02 | 78  0.03146 -1.55469e-02
 79  0.03136 -1.53116e-02 | 80  0.03055 -1.56641e-02 | 81  0.02916 -1.54845e-02
 82  0.02724 -1.52370e-02 | 83  0.02473 -1.60120e-02 | 84  0.02152 -1.84596e-02
 85  0.01758 -1.65466e-02 | 86  0.01301 -1.71557e-02 | 87  0.00814 -2.00850e-02
 88  0.00349 -1.61876e-02 | 89 -0.00062 -1.59126e-02 | 90 -0.00404 -1.69843e-02
 91 -0.00696 -1.68988e-02 | 92 -0.00970 -1.69606e-02 | 93 -0.01230 -1.69710e-02
 94 -0.01433 -1.49568e-02 | 95 -0.01571 -1.65037e-02 | 96 -0.01718 -1.57454e-02
 97 -0.01741 -1.49147e-02 | 98 -0.01684 -1.43904e-02 | 99 -0.01532 -1.27330e-02
100 -0.01664 -1.37386e-02 |101 -0.01866 -1.59479e-02 |102 -0.02101 -9.93680e-03
103 -0.02836 -7.15409e-03 |104 -0.02866 -7.91372e-03 |105 -0.01569 -6.01703e-03
106 -0.01760 -4.58427e-03 |107 -0.03500 -3.14391e-03 |108 -0.01745 -2.35854e-03
109  0.03246 -1.86414e-03 |110 -0.00158 -1.66945e-03 |111 -0.03812  9.99918e-04
112 -0.01857  6.28631e-03 |113 -0.00156  1.12049e-02 |114  0.02118  1.66827e-02
115 -0.00442  1.58101e-02 |116 -0.06284  1.01450e-02 |117 -0.07412  1.33417e-02
118 -0.06881  2.01194e-02 |119 -0.02408  4.23872e-02 |120  0.09791  1.21536e-01
121  0.05146  8.99420e-02 |122  0.03576  8.12284e-02 |123 -0.02102  5.55459e-02
124 -0.06420  3.63017e-02 |125 -0.00642  5.09421e-02 |126 -0.00118  4.32584e-02
127 -0.04240  2.66234e-02 |128  0.00218  2.11127e-02 |129  0.05505  1.27252e-02
130 -0.01542  2.67067e-03 |131  0.06181 -3.28230e-03 |132 -0.00476 -1.87790e-03
133  0.12391 -2.03115e-03 |134 -0.01349 -1.77060e-03 |135 -0.05303 -9.92325e-04
136 -0.06105 -4.31019e-03 |137 -0.02289 -1.05108e-03 |138  0.09336 -2.18976e-03
139  0.02673 -1.63622e-04 |140  0.01667 -1.47882e-03 |141 -0.02845 -2.42322e-03
142 -0.01633  3.10729e-04 |143 -0.00947 -5.94360e-04 |144 -0.00049  7.36247e-04
145  0.42663 -3.00569e-03 |146  0.35094  1.93325e-02 |147 -0.16088 -3.68455e-02
148 -0.18032 -9.31915e-04 |149 -0.02097  3.13224e-02 |150 -0.61429 -1.00604e-03
151 -0.14998  6.59556e-03 |152  0.01771 -2.38792e-04 |153 -0.03554  4.04772e-03
154 -0.39015 -4.33191e-04 |155  0.19896 -6.33527e-02 |156  0.25782  8.42098e-02
157  0.18109 -3.33700e-02 |158  0.25325  3.91820e-02 |159  0.00214 -5.56269e-03
160 -0.09386 -1.39255e-02 |161  0.12001 -2.84956e-02 |162  0.29462  4.65764e-02
163  0.17988 -2.69427e-02 |164  0.24637  2.99912e-02 |165 -0.32809 -4.72360e-04
166  0.24753  1.79138e-03 |167  0.04963 -1.98820e-03 |168 -0.17554  2.60301e-03
169  0.22607 -1.48237e-03 |170  0.31490 -8.33321e-05 |171  0.07687  8.37515e-04
172 -0.53553 -9.44779e-05 |173 -0.36126  3.76032e-04 |174  0.24248  4.12071e-03
175  0.06632  8.42246e-03 |176 -0.09877  7.86098e-03 |177  0.27998 -4.29593e-02
178  0.10784  4.86967e-02 |179 -0.02828  1.54797e-03 |180  0.79840 -3.07954e-04
181  0.21028  8.86254e-04 |182 -0.17979  2.34647e-02 |183  0.22244 -1.03891e-03
184 -0.48162  9.55070e-04 |185 -0.25424  4.55555e-02 |186  0.33638 -1.52394e-02
187 -0.27214 -1.43123e-03 |188 -0.59900 -3.85923e-04 |189  0.10430 -5.58224e-02
190  0.16810 -2.32329e-01 |191  0.21910  2.97633e-02 |192  0.25574  2.60528e-01
193  0.02264 -6.02780e-02 |194 -0.01071 -6.32684e-02 |195 -0.17050 -6.30824e-02
196 -0.11044 -1.74810e-01 |197 -0.55112  5.90104e-03 |198  0.17171 -1.52381e-03
199  0.09353  6.13956e-02 |200 -0.26609  1.01216e-02 |
200 variables; iteration 380; function evaluation 536; phase 4
Function value 7.2165253e+03; maximum gradient component mag 6.8234e+00
Var    Value     Gradient |Var    Value     Gradient |Var    Value     Gradient
  1 -0.43425  1.31766e+00 |  2  0.37599  8.24176e-02 |  3 -0.12477 -3.30936e-02
  4 -0.02540  1.20635e-01 |  5 -0.69614 -2.71977e-03 |  6 -0.60455  2.71408e-01
  7  0.38447  1.45580e-02 |  8 -0.19122 -5.90616e-02 |  9  0.02202 -1.98003e-02
 10 -0.58566  7.25710e-02 | 11 -0.62585  1.32737e-01 | 12 -0.20024 -1.95975e+00
 13 -0.00207  7.77111e-02 | 14 -0.00265 -6.41899e-02 | 15 -0.00270 -7.41804e-02
 16 -0.00257 -4.10782e-02 | 17 -0.00263 -5.81830e-02 | 18 -0.00219  4.93789e-02
 19 -0.00232  1.01770e-02 | 20 -0.00255 -5.63432e-02 | 21 -0.00248 -4.97010e-02
 22 -0.00200  5.66588e-02 | 23 -0.00266 -1.27306e-01 | 24 -0.00153  1.33062e-01
 25 -0.00228 -7.98916e-02 | 26 -0.00170  3.60348e-02 | 27 -0.00163  1.96652e-02
 28 -0.00189 -8.49623e-02 | 29 -0.00138 -2.48085e-03 | 30 -0.00142 -5.99680e-02
 31 -0.00094  5.28610e-03 | 32 -0.00061  3.06707e-02 | 33 -0.00076 -6.79660e-02
 34 -0.00043 -5.37283e-02 | 35  0.00010  4.98541e-03 | 36  0.00030 -2.50903e-02
 37  0.00052 -5.46455e-02 | 38  0.00106 -1.22246e-02 | 39  0.00133 -4.18460e-02
 40  0.00159 -8.00517e-02 | 41  0.00210 -5.78248e-02 | 42  0.00270 -1.89740e-02
 43  0.00288 -8.38170e-02 | 44  0.00378  2.47604e-02 | 45  0.00400 -2.89623e-02
 46  0.00459  1.12037e-02 | 47  0.00481 -2.77247e-02 | 48  0.00515 -2.75516e-02
 49  0.00557  4.40168e-03 | 50  0.00586  2.38368e-02 | 51  0.00561 -6.47166e-02
 52  0.00583 -2.09491e-02 | 53  0.00569 -3.82949e-02 | 54  0.00562 -1.71145e-02
 55  0.00525 -4.43832e-02 | 56  0.00503 -2.01888e-02 | 57  0.00430 -1.09471e-01
 58  0.00450  2.88728e-02 | 59  0.00361 -9.97585e-02 | 60  0.00353 -4.91726e-02
 61  0.00340 -3.33208e-02 | 62  0.00310 -9.29922e-02 | 63  0.00344 -3.93382e-02
 64  0.00381 -2.97065e-02 | 65  0.00457  1.69614e-02 | 66  0.00529 -1.64175e-02
 67  0.00637 -3.76965e-02 | 68  0.00796 -1.19278e-02 | 69  0.00994  2.25754e-02
 70  0.01185 -3.15101e-02 | 71  0.01444  4.05117e-03 | 72  0.01703 -1.16535e-02
 73  0.02010  5.28630e-02 | 74  0.02254 -3.05263e-03 | 75  0.02514  2.33599e-02
 76  0.02704  3.39483e-03 | 77  0.02834 -1.78965e-03 | 78  0.02896  1.09838e-02
 79  0.02879  2.04582e-02 | 80  0.02793  2.61617e-02 | 81  0.02654  3.88096e-02
 82  0.02458  4.14756e-02 | 83  0.02195  2.12346e-02 | 84  0.01870  1.12192e-02
 85  0.01489  3.34780e-02 | 86  0.01033  2.63292e-02 | 87  0.00535 -2.09399e-02
 88  0.00103  4.02782e-02 | 89 -0.00287  6.70482e-02 | 90 -0.00659 -3.66211e-02
 91 -0.00925  1.48768e-03 | 92 -0.01185  8.41302e-03 | 93 -0.01438 -7.10802e-03
 94 -0.01630 -8.55054e-03 | 95 -0.01761 -2.10928e-02 | 96 -0.01890 -7.76043e-03
 97 -0.01901 -5.79251e-03 | 98 -0.01833  1.79010e-03 | 99 -0.01675  3.09857e-03
100 -0.01806 -1.14544e-02 |101 -0.01998  1.76850e-03 |102 -0.02238 -1.04661e-02
103 -0.02961  1.52025e-02 |104 -0.02992  1.41712e-02 |105 -0.01715  7.85132e-03
106 -0.01896  2.11424e-02 |107 -0.03615 -1.37106e-02 |108 -0.01854 -2.23053e-02
109  0.03144  4.23291e-02 |110 -0.00206  9.89502e-03 |111 -0.03828 -9.99631e-03
112 -0.01830  3.91941e-02 |113 -0.00086  5.53824e-02 |114  0.02236  1.48276e-02
115 -0.00306 -4.71127e-02 |116 -0.06139 -8.32760e-02 |117 -0.07222 -2.60546e-02
118 -0.06673 -5.50051e-02 |119 -0.02191 -5.95140e-02 |120  0.10152 -1.48330e-01
121  0.05411 -4.96289e-02 |122  0.03845 -9.66226e-03 |123 -0.01923  6.01071e-02
124 -0.06293  2.84402e-02 |125 -0.00580  1.96320e-02 |126 -0.00137 -2.24038e-02
127 -0.04298  1.62741e-02 |128  0.00136 -6.42512e-03 |129  0.05337 -8.96025e-02
130 -0.01652  4.73747e-03 |131  0.06019  4.32137e-02 |132 -0.00553  6.29548e-02
133  0.12291  1.16032e-01 |134 -0.01389  1.87963e-02 |135 -0.05346 -1.69748e-02
136 -0.06127 -4.19786e-02 |137 -0.02307 -3.18206e-02 |138  0.09335 -1.55984e-02
139  0.02649  8.54893e-03 |140  0.01664 -3.37346e-02 |141 -0.02855 -4.63740e-03
142 -0.01595  2.56765e-02 |143 -0.00981  3.88141e-03 |144 -0.00056 -1.64324e-02
145  0.43101 -2.38690e-01 |146  0.35675 -4.33510e-01 |147 -0.17152  9.17145e-03
148 -0.45706 -2.74407e-03 |149 -0.01036 -8.41229e-02 |150 -0.62307 -1.58407e-03
151 -0.38496 -2.96293e-03 |152  0.14242  1.17049e-03 |153 -2.24937 -1.29765e-03
154  0.64636  5.06128e-03 |155  0.19960 -6.54377e-02 |156  0.25768  1.87991e-01
157  0.18125 -1.31646e-02 |158  0.25316 -1.61382e-02 |159  0.00205  2.51106e-02
160 -0.09368  7.42961e-02 |161  0.12036 -9.53092e-02 |162  0.29439  7.32464e-02
163  0.18037 -3.31877e-02 |164  0.24638  1.07914e-01 |165 -0.32677  2.83667e-02
166  0.24779 -2.25834e-03 |167  0.04942 -3.75815e-02 |168 -0.17453 -3.08658e-01
169  0.23011 -1.65246e-02 |170  0.31512  4.45508e-03 |171  0.07650 -6.33773e-02
172 -0.53802 -3.08289e-04 |173 -0.36156 -2.71416e-02 |174  0.24245  1.37705e-01
175  0.06590  1.10954e-01 |176 -0.09755 -4.15852e-01 |177  0.34169 -8.20514e-01
178  0.10486  6.82340e+00 |179  0.02190  2.52619e-01 |180  1.27376  1.17718e-02
181 -0.19877 -9.70283e-04 |182 -0.65482 -5.21482e-03 |183  0.32329  1.18058e-03
184 -0.86499 -1.45805e-02 |185 -0.24852  2.31141e+00 |186  0.33565 -3.57508e-02
187 -0.30797  6.65964e-04 |188 -0.79806 -9.41392e-03 |189  0.10453 -2.12154e-01
190  0.16819  1.73188e-01 |191  0.21904  1.80853e-01 |192  0.25566  6.39114e-02
193  0.02254 -1.26842e-01 |194 -0.01084  9.78450e-02 |195 -0.17037  1.00112e-01
196 -0.11033  3.77873e-02 |197 -0.55110 -9.96032e-02 |198  0.17171 -1.99500e-02
199  0.09375 -1.38660e+00 |200 -0.26663 -8.08081e-02 |
200 variables; iteration 400; function evaluation 576; phase 4
Function value 7.2147202e+03; maximum gradient component mag -9.4652e+01
Var    Value     Gradient |Var    Value     Gradient |Var    Value     Gradient
  1 -0.43828 -2.58150e+00 |  2  0.37680 -9.95802e-01 |  3 -0.12383 -2.73841e+00
  4 -0.02768 -1.78369e+00 |  5 -0.69504  2.80453e-02 |  6 -0.60444  1.21985e+00
  7  0.38397 -6.18158e-01 |  8 -0.19236 -5.33574e-01 |  9  0.02364 -9.24428e-01
 10 -0.58475  6.38075e-02 | 11 -0.62637 -1.34393e-01 | 12 -0.20481  1.45390e+00
 13 -0.00216 -9.42003e-02 | 14 -0.00166  3.13704e-02 | 15 -0.00183 -1.35499e-02
 16 -0.00153  5.93915e-02 | 17 -0.00178 -9.07815e-03 | 18 -0.00192 -5.40139e-02
 19 -0.00159  1.78138e-02 | 20 -0.00169 -1.85631e-02 | 21 -0.00123  7.92845e-02
 22 -0.00173 -6.42011e-02 | 23 -0.00122  3.91828e-02 | 24 -0.00134 -1.82261e-02
 25 -0.00102  3.36094e-02 | 26 -0.00154 -1.31201e-01 | 27 -0.00127 -1.01926e-01
 28 -0.00079 -2.66050e-02 | 29 -0.00156 -2.63457e-01 | 30 -0.00057 -7.02971e-02
 31  0.00021  6.63581e-02 | 32  0.00038  4.62371e-02 | 33  0.00043 -4.18824e-03
 34  0.00010 -1.56442e-01 | 35  0.00124  4.95754e-02 | 36  0.00150  3.42285e-02
 37  0.00098 -1.78123e-01 | 38  0.00178 -7.33726e-02 | 39  0.00311  1.54612e-01
 40  0.00295  1.81362e-02 | 41  0.00303 -6.16664e-02 | 42  0.00354 -4.18969e-02
 43  0.00326 -2.08505e-01 | 44  0.00532  1.79558e-01 | 45  0.00509  2.88489e-02
 46  0.00515 -4.76435e-02 | 47  0.00575  1.18524e-02 | 48  0.00617  4.43078e-02
 49  0.00734  2.65845e-01 | 50  0.00720  2.01099e-01 | 51  0.00610 -6.98707e-02
 52  0.00666  7.45418e-02 | 53  0.00726  2.50198e-01 | 54  0.00649  1.32006e-01
 55  0.00571  3.21086e-02 | 56  0.00484 -7.00164e-02 | 57  0.00487  5.21804e-02
 58  0.00405 -2.47318e-02 | 59  0.00341 -6.19538e-02 | 60  0.00310 -3.08711e-02
 61  0.00303  3.18462e-02 | 62  0.00246 -5.47146e-02 | 63  0.00293  6.82821e-02
 64  0.00326  1.08388e-01 | 65  0.00436  2.78357e-01 | 66  0.00417  6.93323e-02
 67  0.00533  1.14528e-01 | 68  0.00696  1.95310e-01 | 69  0.00862  2.08707e-01
 70  0.00994  7.17878e-02 | 71  0.01307  2.84202e-01 | 72  0.01524  2.31608e-01
 73  0.01873  4.45716e-01 | 74  0.02066  3.33606e-01 | 75  0.02309  3.79253e-01
 76  0.02469  3.48182e-01 | 77  0.02585  3.59580e-01 | 78  0.02687  4.90043e-01
 79  0.02651  4.93251e-01 | 80  0.02563  5.20021e-01 | 81  0.02443  5.93144e-01
 82  0.02238  5.93542e-01 | 83  0.01995  6.23348e-01 | 84  0.01644  5.59832e-01
 85  0.01292  6.40329e-01 | 86  0.00849  6.43159e-01 | 87  0.00321  4.93489e-01
 88 -0.00023  7.45709e-01 | 89 -0.00377  8.32362e-01 | 90 -0.00846  4.31946e-01
 91 -0.01052  5.97676e-01 | 92 -0.01241  7.62246e-01 | 93 -0.01511  6.61175e-01
 94 -0.01696  6.39940e-01 | 95 -0.01805  6.44944e-01 | 96 -0.01916  6.57988e-01
 97 -0.01933  5.93128e-01 | 98 -0.01844  6.19269e-01 | 99 -0.01693  5.67071e-01
100 -0.01828  4.88261e-01 |101 -0.01993  5.25932e-01 |102 -0.02239  4.44108e-01
103 -0.02983  3.36008e-01 |104 -0.03005  3.17439e-01 |105 -0.01759  1.58003e-01
106 -0.01957 -3.94593e-02 |107 -0.03675 -2.65406e-01 |108 -0.01929 -5.88311e-01
109  0.03042 -1.17159e+00 |110 -0.00320 -1.36758e+00 |111 -0.03916 -1.34635e+00
112 -0.01884 -1.68406e+00 |113 -0.00143 -2.18261e+00 |114  0.02191 -2.81053e+00
115 -0.00311 -2.29942e+00 |116 -0.06120 -1.45735e+00 |117 -0.07189 -1.20298e+00
118 -0.06609 -1.12315e+00 |119 -0.02083 -1.12496e+00 |120  0.10431 -2.03887e+00
121  0.05638 -8.84886e-01 |122  0.04078 -3.19430e-01 |123 -0.01790  9.43970e-02
124 -0.06240  1.59422e-02 |125 -0.00655  2.67639e-01 |126 -0.00351  2.68423e-01
127 -0.04528  2.06753e-01 |128 -0.00081  2.54580e-01 |129  0.05091  1.52345e-01
130 -0.01738  2.51104e-01 |131  0.05905  2.01491e-01 |132 -0.00597  1.47215e-01
133  0.12253  4.93274e-01 |134 -0.01412  2.45623e-02 |135 -0.05381 -4.29947e-02
136 -0.06126 -5.95229e-02 |137 -0.02298 -2.25545e-02 |138  0.09382  6.52875e-02
139  0.02650  8.83869e-02 |140  0.01673 -7.62821e-02 |141 -0.02844  5.34432e-02
142 -0.01510  1.38940e-01 |143 -0.00986  1.26002e-01 |144 -0.00112 -1.53513e-01
145  0.43766 -7.10826e-01 |146  0.36254 -1.52842e+00 |147 -0.18921  9.95235e-02
148 -0.84164 -1.23649e-02 |149 -0.00630 -1.85141e-01 |150 -0.56102  7.19496e-03
151 -0.11742  3.25983e-02 |152 -0.61577 -4.55727e-03 |153 -1.65757  1.87418e-03
154 -1.37468  4.67974e-03 |155  0.20022 -8.59203e-01 |156  0.25750  1.82687e+00
157  0.18133  3.24392e-01 |158  0.25300 -1.95603e-01 |159  0.00200  2.18631e-01
160 -0.09347  5.17398e-01 |161  0.12095 -1.00161e-01 |162  0.29421  6.14652e-01
163  0.18075  9.62753e-02 |164  0.24633 -2.72789e-02 |165 -0.32516  9.02164e-02
166  0.24812 -5.04159e-02 |167  0.04913 -2.22942e-01 |168 -0.17411 -2.06132e+00
169  0.23032 -2.38780e-01 |170  0.31501  1.28749e-01 |171  0.07658 -8.36860e-01
172 -0.60138 -3.37509e-03 |173 -0.36272  7.48559e-02 |174  0.24223  1.09397e-01
175  0.06576  4.84243e-01 |176 -0.09621 -1.71012e+00 |177  0.40186 -1.32839e+00
178  0.10460 -9.46519e+01 |179  0.03152  4.12726e-01 |180  1.42926  1.34002e-01
181 -0.51215 -3.26392e-03 |182 -0.88218 -2.34731e-02 |183  0.37133  1.86845e-03
184 -0.72928 -6.91420e-03 |185 -0.25634  1.81778e-01 |186  0.31755 -6.97399e-01
187 -0.22091  9.08580e-04 |188 -0.90737 -2.13976e-02 |189  0.10469  2.45162e+00
190  0.16818  1.61735e+00 |191  0.21903 -1.18326e+00 |192  0.25548  2.11767e-01
193  0.02247  1.83929e+00 |194 -0.01090  1.30178e+00 |195 -0.17029  1.51600e+00
196 -0.11017  4.33694e+00 |197 -0.55340 -3.72357e-01 |198  0.17085 -1.05529e-01
199  0.09428 -4.35602e+00 |200 -0.26770 -8.46924e-01 |
200 variables; iteration 420; function evaluation 612; phase 4
Function value 7.2131528e+03; maximum gradient component mag 1.4755e+02
Var    Value     Gradient |Var    Value     Gradient |Var    Value     Gradient
  1 -0.44096  2.81605e+01 |  2  0.37777  3.58320e+00 |  3 -0.12310  5.82334e+00
  4 -0.03015  6.21491e+00 |  5 -0.69248  1.18506e+00 |  6 -0.60427  7.50904e+00
  7  0.38447  4.48274e-01 |  8 -0.19278 -6.69583e+00 |  9  0.02288 -8.58459e-01
 10 -0.58182  2.40561e+00 | 11 -0.62695  8.61144e+00 | 12 -0.20952  8.55791e+01
 13 -0.00376 -6.26757e-01 | 14 -0.00050  1.81629e-01 | 15 -0.00162 -1.02835e-01
 16 -0.00101  4.05068e-02 | 17 -0.00032  2.03902e-01 | 18 -0.00179 -1.73526e-01
 19 -0.00096  1.80532e-02 | 20 -0.00116 -4.63885e-02 | 21 -0.00158 -1.72003e-01
 22 -0.00252 -4.27960e-01 | 23  0.00185  6.31361e-01 | 24 -0.00077 -4.62737e-02
 25  0.00038  2.06619e-01 | 26 -0.00177 -3.63620e-01 | 27 -0.00074 -1.47668e-01
 28  0.00181  4.37361e-01 | 29 -0.00138 -3.97316e-01 | 30 -0.00004 -1.19269e-01
 31  0.00066 -3.35827e-03 | 32  0.00174  2.00499e-01 | 33 -0.00008 -3.07467e-01
 34  0.00103 -1.02932e-01 | 35  0.00264  2.17727e-01 | 36  0.00152 -1.29928e-01
 37  0.00187 -1.24720e-01 | 38  0.00332  1.42325e-01 | 39  0.00235 -1.77689e-01
 40  0.00390  1.09185e-01 | 41  0.00468  2.05158e-01 | 42  0.00653  5.56817e-01
 43  0.00471  3.68191e-02 | 44  0.00559  1.62300e-01 | 45  0.00494 -7.09940e-02
 46  0.00711  3.72382e-01 | 47  0.00598  5.03310e-02 | 48  0.00664  1.65823e-01
 49  0.00650  1.10539e-01 | 50  0.00736  3.15228e-01 | 51  0.00579 -2.89781e-02
 52  0.00601  7.64435e-02 | 53  0.00449 -2.01895e-01 | 54  0.00624  3.23599e-01
 55  0.00690  6.18232e-01 | 56  0.00687  7.71642e-01 | 57  0.00610  7.62387e-01
 58  0.00399  4.35943e-01 | 59  0.00452  7.46764e-01 | 60  0.00373  7.28040e-01
 61  0.00356  8.40896e-01 | 62  0.00277  7.70870e-01 | 63  0.00378  1.10788e+00
 64  0.00345  1.06560e+00 | 65  0.00302  9.39458e-01 | 66  0.00377  1.04329e+00
 67  0.00565  1.35571e+00 | 68  0.00649  1.33597e+00 | 69  0.00730  1.23384e+00
 70  0.01034  1.60078e+00 | 71  0.01182  1.52529e+00 | 72  0.01501  1.80196e+00
 73  0.01610  1.57082e+00 | 74  0.02091  2.18622e+00 | 75  0.02224  2.06259e+00
 76  0.02509  2.35837e+00 | 77  0.02607  2.36644e+00 | 78  0.02566  2.21253e+00
 79  0.02545  2.23741e+00 | 80  0.02519  2.36675e+00 | 81  0.02276  2.12015e+00
 82  0.02074  2.04222e+00 | 83  0.01946  2.22802e+00 | 84  0.01657  2.17480e+00
 85  0.01152  1.74477e+00 | 86  0.00708  1.56337e+00 | 87  0.00330  1.58592e+00
 88 -0.00202  1.14944e+00 | 89 -0.00551  1.02175e+00 | 90 -0.00908  6.83250e-01
 91 -0.01097  6.50942e-01 | 92 -0.01470  4.72639e-02 | 93 -0.01656 -1.11379e-01
 94 -0.01918 -6.62080e-01 | 95 -0.01998 -9.29158e-01 | 96 -0.02068 -1.19998e+00
 97 -0.02043 -1.58718e+00 | 98 -0.01933 -1.98552e+00 | 99 -0.01799 -2.58316e+00
100 -0.01902 -3.06676e+00 |101 -0.02048 -3.48117e+00 |102 -0.02458 -4.48101e+00
103 -0.03185 -4.89663e+00 |104 -0.03263 -5.60700e+00 |105 -0.02196 -7.13511e+00
106 -0.02335 -7.50164e+00 |107 -0.03965 -6.75667e+00 |108 -0.02359 -7.82717e+00
109  0.02547 -1.05637e+01 |110 -0.00452 -7.16155e+00 |111 -0.04045 -4.61874e+00
112 -0.02207 -4.75374e+00 |113 -0.00301 -3.42063e+00 |114  0.02128 -1.58276e+00
115 -0.00490  7.02204e-01 |116 -0.06148  2.52748e+00 |117 -0.07017  5.08079e+00
118 -0.06327  6.99110e+00 |119 -0.02018  1.00610e+01 |120  0.11266  3.20002e+01
121  0.06509  2.33199e+01 |122  0.04810  1.96431e+01 |123 -0.01254  1.18607e+01
124 -0.05791  7.27035e+00 |125 -0.00754  6.53136e+00 |126 -0.00693  2.44669e+00
127 -0.04905 -7.41622e-01 |128 -0.00449 -2.71933e+00 |129  0.05037 -4.15629e+00
130 -0.01968 -1.94870e+00 |131  0.05964 -1.54794e+00 |132 -0.00667 -6.83856e-01
133  0.12138 -1.47181e+00 |134 -0.01373  2.13597e-01 |135 -0.05481 -3.36370e-01
136 -0.06155 -2.62118e-01 |137 -0.02370 -5.52275e-01 |138  0.09472 -5.60398e-01
139  0.02511 -6.02004e-01 |140  0.01693 -1.52706e-01 |141 -0.02856  1.38044e-01
142 -0.01645 -3.58063e-01 |143 -0.01235 -3.05576e-01 |144  0.00136  4.53714e-01
145  0.44480  4.70585e+00 |146  0.36702 -9.24437e-01 |147 -0.20392  1.12080e+01
148 -0.71879 -6.64301e-03 |149 -0.02397  3.51097e+00 |150 -0.88936 -1.77172e-02
151 -0.33019 -7.33098e-02 |152  1.95520 -9.81104e-04 |153 -1.13407  1.46925e-02
154 -1.30984  5.92319e-03 |155  0.20107  3.02682e+00 |156  0.25711 -9.81738e+00
157  0.18090 -2.30585e+00 |158  0.25246  1.17438e+00 |159  0.00222 -6.59528e-01
160 -0.09344 -1.63044e+00 |161  0.11976 -8.26452e-01 |162  0.29297 -2.37849e+00
163  0.18208  1.80331e+00 |164  0.24667 -1.45349e+00 |165 -0.32564  4.42853e-01
166  0.24744 -5.93085e-01 |167  0.04992  2.62325e+00 |168 -0.17255  1.47116e+01
169  0.23710  1.78066e+00 |170  0.31557 -1.16710e+00 |171  0.07577  6.21727e+00
172 -0.42648  3.75959e-02 |173 -0.37721  5.40568e-01 |174  0.23835 -1.34142e+00
175  0.06693 -1.83442e-01 |176 -0.09064  7.08943e+00 |177  0.41319 -1.31523e+02
178  0.10438  1.47554e+02 |179 -0.41474 -2.39558e-03 |180  0.98777  1.53924e-01
181 -0.61334 -4.52020e-03 |182 -0.99492 -3.33891e-01 |183  0.37934  1.96796e-03
184 -0.80863 -1.00871e-02 |185 -0.26785  3.86141e+00 |186  0.24539 -5.66151e+00
187 -0.18991 -9.35265e-04 |188 -0.66348 -1.10242e-03 |189  0.10492 -6.95690e-01
190  0.16777 -2.73972e+01 |191  0.21896  3.17256e+00 |192  0.25497  2.14947e+01
193  0.02241  3.67740e+00 |194 -0.01060 -7.59002e+00 |195 -0.17011  5.91633e+00
196 -0.11013 -1.57500e+01 |197 -0.55106  2.23332e-01 |198  0.17381  8.07544e-01
199  0.09635  4.37255e+00 |200 -0.27358 -5.14165e-01 |
200 variables; iteration 440; function evaluation 635; phase 4
Function value 7.2123513e+03; maximum gradient component mag -1.7906e+00
Var    Value     Gradient |Var    Value     Gradient |Var    Value     Gradient
  1 -0.44378  9.34054e-01 |  2  0.37773  4.09912e-01 |  3 -0.12283  6.60250e-01
  4 -0.03030  5.99808e-01 |  5 -0.69352  1.22627e-02 |  6 -0.60429 -1.21877e-01
  7  0.38332  4.43917e-01 |  8 -0.19367  4.66370e-01 |  9  0.02555  5.27120e-01
 10 -0.58262  1.07985e-01 | 11 -0.62735  2.96442e-01 | 12 -0.21121 -1.53908e+00
 13 -0.00110  9.60818e-03 | 14 -0.00117 -1.28152e-02 | 15 -0.00117 -1.83184e-02
 16 -0.00110 -1.09931e-02 | 17 -0.00105 -8.12179e-03 | 18 -0.00095  1.90169e-03
 19 -0.00090 -6.00202e-04 | 20 -0.00089 -1.63464e-02 | 21 -0.00078 -1.22654e-02
 22 -0.00063  6.91692e-04 | 23 -0.00058 -1.41589e-02 | 24 -0.00024  3.83412e-02
 25 -0.00027 -5.19542e-03 | 26  0.00002  2.64279e-02 | 27  0.00016  1.86088e-02
 28  0.00022 -1.35257e-02 | 29  0.00060  2.70114e-02 | 30  0.00073  1.94472e-03
 31  0.00096 -7.82532e-05 | 32  0.00123  1.38371e-03 | 33  0.00138 -2.98278e-02
 34  0.00181  1.63554e-03 | 35  0.00210 -3.41342e-03 | 36  0.00238 -1.79753e-02
 37  0.00284  7.41504e-03 | 38  0.00320  3.58692e-03 | 39  0.00344 -3.41757e-02
 40  0.00387 -2.56556e-02 | 41  0.00430 -2.15891e-02 | 42  0.00478 -7.33872e-03
 43  0.00519 -6.97666e-03 | 44  0.00557 -1.40276e-02 | 45  0.00597 -9.30801e-03
 46  0.00643  1.61366e-02 | 47  0.00665 -6.44439e-03 | 48  0.00689 -8.73354e-03
 49  0.00700 -2.35381e-02 | 50  0.00712 -1.57008e-02 | 51  0.00713 -9.16550e-03
 52  0.00699 -1.52069e-02 | 53  0.00659 -5.38952e-02 | 54  0.00634 -3.29475e-02
 55  0.00594 -2.18040e-02 | 56  0.00546 -9.36030e-03 | 57  0.00476 -3.81389e-02
 58  0.00427 -1.10031e-02 | 59  0.00359 -3.32179e-02 | 60  0.00308 -2.77211e-02
 61  0.00264 -2.79500e-02 | 62  0.00227 -4.23486e-02 | 63  0.00218 -3.07183e-02
 64  0.00227 -2.69221e-02 | 65  0.00259 -2.62489e-02 | 66  0.00321 -1.80817e-02
 67  0.00401 -4.28563e-02 | 68  0.00523 -4.29327e-02 | 69  0.00687 -2.27842e-02
 70  0.00868 -3.89824e-02 | 71  0.01081 -5.08877e-02 | 72  0.01322 -4.96781e-02
 73  0.01577 -4.78616e-02 | 74  0.01821 -6.27892e-02 | 75  0.02052 -6.06988e-02
 76  0.02235 -7.11007e-02 | 77  0.02360 -7.38584e-02 | 78  0.02408 -8.61109e-02
 79  0.02392 -8.32478e-02 | 80  0.02309 -8.67389e-02 | 81  0.02172 -8.97467e-02
 82  0.01988 -9.26516e-02 | 83  0.01745 -1.05724e-01 | 84  0.01442 -1.10749e-01
 85  0.01076 -1.07390e-01 | 86  0.00649 -1.14288e-01 | 87  0.00202 -1.18222e-01
 88 -0.00222 -1.18346e-01 | 89 -0.00589 -1.22700e-01 | 90 -0.00884 -1.18998e-01
 91 -0.01136 -1.28530e-01 | 92 -0.01377 -1.55069e-01 | 93 -0.01591 -1.43047e-01
 94 -0.01754 -1.40372e-01 | 95 -0.01857 -1.49165e-01 | 96 -0.01962 -1.44868e-01
 97 -0.01944 -1.33074e-01 | 98 -0.01861 -1.31840e-01 | 99 -0.01693 -1.23311e-01
100 -0.01818 -1.25174e-01 |101 -0.02027 -1.40151e-01 |102 -0.02278 -1.21098e-01
103 -0.03030 -9.15231e-02 |104 -0.03101 -9.17118e-02 |105 -0.01881 -8.85251e-02
106 -0.02088 -6.01994e-02 |107 -0.03773 -3.38522e-02 |108 -0.02027 -8.43463e-03
109  0.02872  6.09898e-02 |110 -0.00386  7.95762e-02 |111 -0.03921  9.63931e-02
112 -0.01905  1.58246e-01 |113 -0.00122  2.12120e-01 |114  0.02264  2.52427e-01
115 -0.00263  1.85667e-01 |116 -0.06017  1.06021e-01 |117 -0.07048  1.53013e-01
118 -0.06423  1.63643e-01 |119 -0.01915  1.87184e-01 |120  0.10860  5.04790e-01
121  0.06058  3.86415e-01 |122  0.04515  3.15320e-01 |123 -0.01448  1.96236e-01
124 -0.05900  1.42429e-01 |125 -0.00326  1.44387e-01 |126 -0.00119  9.73968e-02
127 -0.04466  5.98125e-02 |128 -0.00133  4.09013e-02 |129  0.04906  3.27510e-03
130 -0.01988  5.24745e-03 |131  0.05631  5.33191e-02 |132 -0.00767  3.14964e-02
133  0.12019  4.88450e-02 |134 -0.01492  2.07877e-02 |135 -0.05449  3.25631e-04
136 -0.06144 -3.10527e-02 |137 -0.02320 -1.65745e-02 |138  0.09366 -2.21878e-02
139  0.02582 -1.40459e-02 |140  0.01695 -1.67874e-02 |141 -0.02887 -1.22370e-02
142 -0.01507 -4.78424e-03 |143 -0.01101 -9.67786e-03 |144 -0.00047  6.17349e-03
145  0.44688 -1.52999e-01 |146  0.37241 -4.33279e-02 |147 -0.20285  6.75236e-01
148 -0.73393 -7.07373e-03 |149  0.02034 -8.17449e-02 |150 -0.84411 -1.24635e-02
151 -0.21377 -1.75718e-03 |152  2.49036  3.04793e-03 |153 -1.36381  4.88551e-03
154 -1.28658  6.49189e-03 |155  0.20073 -1.45991e-01 |156  0.25711  4.67254e-01
157  0.18165 -1.26298e-01 |158  0.25304  1.46520e-01 |159  0.00165 -1.04363e-02
160 -0.09312 -1.20175e-02 |161  0.12143 -1.21852e-01 |162  0.29389  2.15391e-01
163  0.18163 -8.90778e-02 |164  0.24646  1.40612e-01 |165 -0.32449 -2.19903e-02
166  0.24808  2.92220e-02 |167  0.04897 -5.39156e-03 |168 -0.17310 -2.35044e-01
169  0.23475 -3.49698e-02 |170  0.31542  2.80889e-02 |171  0.07627 -2.60606e-01
172 -0.68961 -5.70614e-03 |173 -0.36302  4.71192e-03 |174  0.24214  5.69267e-02
175  0.06536  1.52922e-01 |176 -0.09416 -4.43890e-01 |177  0.42940 -2.44409e-01
178  0.10440 -1.79056e+00 |179 -0.37554 -2.10305e-03 |180  1.20090 -3.99102e-03
181 -0.48710 -3.01680e-03 |182 -0.90294 -2.04360e-02 |183  0.38570  2.01782e-03
184 -0.62771 -4.54437e-03 |185 -0.26423 -1.48990e-01 |186  0.32305 -7.15027e-02
187 -0.22061 -1.13445e-03 |188 -0.69410 -5.40143e-03 |189  0.10515 -6.99991e-01
190  0.16829 -7.27733e-01 |191  0.21909  4.02551e-01 |192  0.25550  7.27753e-01
193  0.02234 -6.24525e-01 |194 -0.01122 -2.05747e-01 |195 -0.16988 -4.82236e-01
196 -0.10997 -7.13804e-01 |197 -0.55371  1.76391e-02 |198  0.17090 -1.78198e-02
199  0.09464  8.68064e-03 |200 -0.26998 -2.88620e-02 |
200 variables; iteration 460; function evaluation 661; phase 4
Function value 7.2123418e+03; maximum gradient component mag -6.1502e+00
Var    Value     Gradient |Var    Value     Gradient |Var    Value     Gradient
  1 -0.44376  1.30337e-01 |  2  0.37774 -4.73917e-02 |  3 -0.12282 -1.07658e-02
  4 -0.03032 -9.01800e-02 |  5 -0.69348  2.30672e-02 |  6 -0.60427  1.25175e-01
  7  0.38333 -1.20154e-01 |  8 -0.19365 -1.54385e-01 |  9  0.02551 -2.07211e-01
 10 -0.58266 -7.91407e-03 | 11 -0.62737 -2.03068e-01 | 12 -0.21124  1.21585e+00
 13 -0.00115 -6.44442e-04 | 14 -0.00111  3.96293e-03 | 15 -0.00108  6.64583e-03
 16 -0.00102  1.16373e-02 | 17 -0.00099  8.18872e-03 | 18 -0.00099 -4.92710e-03
 19 -0.00091 -6.61712e-04 | 20 -0.00079  9.20202e-03 | 21 -0.00066  2.12959e-02
 22 -0.00068 -8.29999e-03 | 23 -0.00048  1.31798e-02 | 24 -0.00048 -1.74480e-02
 25 -0.00026  5.95331e-04 | 26 -0.00012 -3.27453e-03 | 27  0.00005 -4.25811e-03
 28  0.00028  4.29946e-03 | 29  0.00048  3.05691e-03 | 30  0.00076  1.58195e-02
 31  0.00098  9.17239e-03 | 32  0.00117 -7.55674e-03 | 33  0.00151  6.39950e-03
 34  0.00180  5.55750e-03 | 35  0.00208 -1.90575e-03 | 36  0.00246  8.83275e-03
 37  0.00283  1.10569e-02 | 38  0.00314 -4.11927e-03 | 39  0.00357  6.46565e-03
 40  0.00391 -8.82502e-03 | 41  0.00437  2.61569e-03 | 42  0.00472 -1.05130e-02
 43  0.00522  1.05921e-02 | 44  0.00561  6.71721e-03 | 45  0.00604  1.87666e-02
 46  0.00636  1.20217e-02 | 47  0.00667  1.08722e-02 | 48  0.00688  4.75491e-03
 49  0.00708  1.04188e-02 | 50  0.00712  7.79097e-04 | 51  0.00713  7.21410e-03
 52  0.00702  9.20668e-03 | 53  0.00677  6.91712e-03 | 54  0.00641  4.87303e-03
 55  0.00598  9.98599e-03 | 56  0.00543  6.06962e-03 | 57  0.00487  1.43183e-02
 58  0.00418 -4.89184e-03 | 59  0.00367  1.45254e-02 | 60  0.00310  8.12336e-03
 61  0.00266  1.03752e-02 | 62  0.00235  1.22260e-02 | 63  0.00222  1.43798e-02
 64  0.00230  1.88551e-02 | 65  0.00265  3.03490e-02 | 66  0.00325  3.47813e-02
 67  0.00405  1.61531e-02 | 68  0.00528  2.15265e-02 | 69  0.00692  4.66865e-02
 70  0.00874  3.68489e-02 | 71  0.01085  2.66594e-02 | 72  0.01327  3.42486e-02
 73  0.01581  4.10810e-02 | 74  0.01827  3.75688e-02 | 75  0.02060  4.93372e-02
 76  0.02239  4.10194e-02 | 77  0.02368  5.20681e-02 | 78  0.02416  4.62589e-02
 79  0.02400  5.80253e-02 | 80  0.02315  5.76912e-02 | 81  0.02177  5.56674e-02
 82  0.01994  6.25162e-02 | 83  0.01750  5.40687e-02 | 84  0.01449  5.61628e-02
 85  0.01083  6.32640e-02 | 86  0.00654  5.44830e-02 | 87  0.00209  5.79890e-02
 88 -0.00214  6.06339e-02 | 89 -0.00583  5.38189e-02 | 90 -0.00871  7.59087e-02
 91 -0.01126  6.28989e-02 | 92 -0.01353  7.55297e-02 | 93 -0.01571  7.75361e-02
 94 -0.01737  7.66640e-02 | 95 -0.01841  6.68052e-02 | 96 -0.01948  6.98450e-02
 97 -0.01934  7.55361e-02 | 98 -0.01853  7.43924e-02 | 99 -0.01685  8.55241e-02
100 -0.01812  7.62843e-02 |101 -0.02017  6.69574e-02 |102 -0.02269  6.98053e-02
103 -0.03025  6.22580e-02 |104 -0.03096  3.54303e-02 |105 -0.01872  3.48997e-02
106 -0.02081  2.10350e-02 |107 -0.03766 -1.99162e-03 |108 -0.02015 -1.11697e-02
109  0.02876 -3.17912e-02 |110 -0.00383 -4.64695e-02 |111 -0.03919 -4.73311e-02
112 -0.01913 -8.52570e-02 |113 -0.00135 -1.26288e-01 |114  0.02247 -1.80853e-01
115 -0.00283 -1.70483e-01 |116 -0.06038 -1.18776e-01 |117 -0.07083 -8.99932e-02
118 -0.06466 -1.02036e-01 |119 -0.01949 -1.24716e-01 |120  0.10806 -2.93775e-01
121  0.06012 -1.45951e-01 |122  0.04467 -9.20666e-02 |123 -0.01488 -2.48825e-02
124 -0.05936  8.97278e-03 |125 -0.00368  2.66083e-02 |126 -0.00151  3.31764e-02
127 -0.04484  4.03826e-02 |128 -0.00154  2.33635e-02 |129  0.04896  9.02902e-03
130 -0.01988  4.22790e-03 |131  0.05630  8.28812e-03 |132 -0.00765  1.60879e-02
133  0.12015 -2.31227e-02 |134 -0.01496  3.35675e-04 |135 -0.05443  2.28631e-02
136 -0.06135 -3.02280e-04 |137 -0.02313  2.52646e-03 |138  0.09374 -7.92046e-03
139  0.02585 -4.68279e-03 |140  0.01704  1.33237e-02 |141 -0.02887 -1.13861e-02
142 -0.01507 -4.48384e-03 |143 -0.01105 -1.65009e-02 |144 -0.00055 -1.45338e-02
145  0.44725  4.56055e-02 |146  0.37253  6.84061e-01 |147 -0.20390 -2.31985e-01
148 -0.75698 -7.82537e-03 |149  0.02350 -2.07610e-02 |150 -0.63371 -2.65342e-03
151 -0.15275 -8.15756e-03 |152  1.86607 -4.11879e-03 |153 -1.82529  8.90818e-04
154 -1.53510  2.41438e-03 |155  0.20072  5.10179e-03 |156  0.25710  1.42799e-01
157  0.18167  1.82644e-02 |158  0.25306 -4.47381e-03 |159  0.00165  2.06351e-02
160 -0.09314 -4.30908e-03 |161  0.12146  2.65143e-02 |162  0.29391 -1.44221e-02
163  0.18162  2.18970e-02 |164  0.24646 -3.06509e-02 |165 -0.32458  2.42789e-03
166  0.24807 -2.97266e-03 |167  0.04895  1.63462e-02 |168 -0.17320  1.40114e-01
169  0.23454  1.67960e-02 |170  0.31544 -1.57650e-02 |171  0.07630  6.51775e-03
172 -0.58916 -2.93279e-03 |173 -0.36353  1.22590e-02 |174  0.24198 -4.14226e-02
175  0.06548  3.77467e-02 |176 -0.09408  6.73177e-02 |177  0.43649 -4.75508e-02
178  0.10446 -6.15024e+00 |179 -0.32165 -1.73778e-03 |180  1.30936  1.03213e-02
181 -0.45881 -2.75926e-03 |182 -0.81458 -1.04785e-02 |183  0.38069  1.96214e-03
184 -0.40206  1.60735e-02 |185 -0.25946 -1.69436e-01 |186  0.32364 -3.41385e-02
187 -0.30402 -1.62584e-03 |188 -0.72675 -6.50134e-03 |189  0.10513  3.09545e-01
190  0.16829  1.08725e-01 |191  0.21909 -1.86824e-01 |192  0.25552  5.84541e-02
193  0.02235  2.65701e-01 |194 -0.01121  8.78498e-02 |195 -0.16989  2.83622e-01
196 -0.10997  2.22406e-01 |197 -0.55338  1.51716e-01 |198  0.17099  2.38824e-03
199  0.09436  1.79452e+00 |200 -0.26890  6.22029e-01 |
200 variables; iteration 480; function evaluation 683; phase 4
Function value 7.2123378e+03; maximum gradient component mag -5.2078e+00
Var    Value     Gradient |Var    Value     Gradient |Var    Value     Gradient
  1 -0.44379 -2.49839e-01 |  2  0.37774  4.26278e-03 |  3 -0.12282  2.20966e-02
  4 -0.03032  4.86652e-03 |  5 -0.69349  1.74792e-02 |  6 -0.60428  3.60689e-02
  7  0.38331 -2.08767e-03 |  8 -0.19367  6.84197e-03 |  9  0.02555 -1.72061e-03
 10 -0.58267  1.74819e-02 | 11 -0.62737 -5.62381e-02 | 12 -0.21124  3.30272e-01
 13 -0.00118 -4.71613e-03 | 14 -0.00111  7.78830e-03 | 15 -0.00108  7.35733e-03
 16 -0.00105  6.55411e-03 | 17 -0.00100  7.42296e-03 | 18 -0.00100 -3.90265e-03
 19 -0.00090  3.42632e-03 | 20 -0.00082  4.78208e-03 | 21 -0.00072  8.56212e-03
 22 -0.00067 -3.14320e-03 | 23 -0.00048  1.54511e-02 | 24 -0.00044 -5.35933e-03
 25 -0.00023  1.07793e-02 | 26 -0.00012  7.49758e-04 | 27  0.00006  6.30303e-04
 28  0.00029  9.85707e-03 | 29  0.00048  5.84447e-03 | 30  0.00072  8.62948e-03
 31  0.00095  3.83261e-03 | 32  0.00121  3.62915e-03 | 33  0.00150  6.48443e-03
 34  0.00180  8.08967e-03 | 35  0.00209  3.09409e-03 | 36  0.00245  9.75778e-03
 37  0.00280  6.34270e-03 | 38  0.00317  5.99396e-03 | 39  0.00356  5.86365e-03
 40  0.00394  1.12489e-03 | 41  0.00437  5.69671e-03 | 42  0.00477  3.45456e-03
 43  0.00520  9.18929e-03 | 44  0.00559  4.45252e-03 | 45  0.00599  9.52884e-03
 46  0.00633  5.80547e-03 | 47  0.00664  8.15122e-03 | 48  0.00689  8.43188e-03
 49  0.00705  6.97735e-03 | 50  0.00713  4.53914e-03 | 51  0.00713  7.95768e-03
 52  0.00699  3.78789e-03 | 53  0.00677  8.07687e-03 | 54  0.00642  8.33764e-03
 55  0.00597  8.69369e-03 | 56  0.00543  7.82705e-03 | 57  0.00487  1.22915e-02
 58  0.00421 -6.61429e-04 | 59  0.00367  1.24301e-02 | 60  0.00311  6.65022e-03
 61  0.00265  2.85876e-03 | 62  0.00236  8.70102e-03 | 63  0.00221  7.22296e-03
 64  0.00227  7.59301e-03 | 65  0.00258  8.00368e-03 | 66  0.00318  1.07378e-02
 67  0.00406  7.14594e-03 | 68  0.00527  8.93544e-03 | 69  0.00684  1.39388e-02
 70  0.00870  1.17851e-02 | 71  0.01085  8.81610e-03 | 72  0.01324  1.04365e-02
 73  0.01577  1.22526e-02 | 74  0.01825  1.05313e-02 | 75  0.02054  1.34294e-02
 76  0.02239  1.19039e-02 | 77  0.02363  1.30737e-02 | 78  0.02414  1.08289e-02
 79  0.02395  1.35890e-02 | 80  0.02312  1.39450e-02 | 81  0.02175  1.44854e-02
 82  0.01990  1.53762e-02 | 83  0.01750  1.37200e-02 | 84  0.01448  1.29953e-02
 85  0.01080  1.49497e-02 | 86  0.00654  1.26987e-02 | 87  0.00207  1.21433e-02
 88 -0.00217  1.25424e-02 | 89 -0.00583  1.16499e-02 | 90 -0.00878  1.82327e-02
 91 -0.01129  1.41955e-02 | 92 -0.01361  1.43984e-02 | 93 -0.01578  1.77283e-02
 94 -0.01743  1.81206e-02 | 95 -0.01845  1.63753e-02 | 96 -0.01951  1.87655e-02
 97 -0.01936  2.24042e-02 | 98 -0.01853  2.29058e-02 | 99 -0.01688  2.58032e-02
100 -0.01811  2.33895e-02 |101 -0.02014  1.98979e-02 |102 -0.02268  1.72712e-02
103 -0.03025  1.44918e-02 |104 -0.03093  5.28854e-03 |105 -0.01871 -8.78362e-04
106 -0.02080 -9.01715e-03 |107 -0.03766 -2.05948e-02 |108 -0.02019 -3.84510e-02
109  0.02872 -7.53230e-02 |110 -0.00387 -7.52149e-02 |111 -0.03924 -7.00904e-02
112 -0.01915 -9.72835e-02 |113 -0.00136 -1.28735e-01 |114  0.02245 -1.72152e-01
115 -0.00282 -1.50354e-01 |116 -0.06035 -9.36043e-02 |117 -0.07081 -6.87766e-02
118 -0.06459 -5.58563e-02 |119 -0.01943 -5.30231e-02 |120  0.10821 -5.77213e-02
121  0.06024  1.80675e-02 |122  0.04483  5.04708e-02 |123 -0.01476  5.38467e-02
124 -0.05926  5.39510e-02 |125 -0.00349  9.09852e-02 |126 -0.00129  8.87788e-02
127 -0.04471  5.19687e-02 |128 -0.00137  4.28089e-02 |129  0.04908  3.50978e-02
130 -0.01985  1.21733e-02 |131  0.05626  1.50898e-02 |132 -0.00771  5.28735e-03
133  0.12014  2.49605e-04 |134 -0.01496  1.23254e-03 |135 -0.05448  4.54233e-03
136 -0.06136 -2.59843e-03 |137 -0.02315 -1.94575e-03 |138  0.09372 -4.94639e-03
139  0.02585 -3.84952e-03 |140  0.01701  1.04250e-03 |141 -0.02883 -2.27183e-03
142 -0.01505 -1.71006e-03 |143 -0.01099 -2.97519e-03 |144 -0.00049  4.83772e-04
145  0.44725 -3.83687e-03 |146  0.37244  4.88097e-02 |147 -0.20371  8.70547e-02
148 -0.59091 -4.19671e-03 |149  0.02316  5.78367e-02 |150 -0.54433  8.08865e-03
151 -0.12805  2.15462e-03 |152  2.04713  2.36943e-04 |153 -1.90356  2.40592e-05
154 -1.62117 -8.42868e-04 |155  0.20068 -1.31166e-01 |156  0.25708  2.35955e-01
157  0.18168 -1.74540e-02 |158  0.25306  4.10001e-02 |159  0.00163  6.10339e-03
160 -0.09314 -1.15105e-02 |161  0.12144 -2.87204e-02 |162  0.29390  7.82270e-02
163  0.18163 -1.23882e-02 |164  0.24647  2.87038e-02 |165 -0.32455  1.31392e-03
166  0.24807 -6.20835e-03 |167  0.04895  2.24142e-03 |168 -0.17320 -1.67366e-03
169  0.23444  7.69804e-03 |170  0.31542 -5.71121e-03 |171  0.07631  1.89242e-02
172 -0.48960  6.11780e-03 |173 -0.36323  6.83407e-03 |174  0.24207 -7.11765e-03
175  0.06541  2.80933e-02 |176 -0.09411  1.64718e-02 |177  0.44017 -3.39802e-02
178  0.10450 -5.20779e+00 |179 -0.33291 -1.81104e-03 |180  1.22344 -2.32068e-03
181 -0.45697 -2.74326e-03 |182 -0.74758 -7.50336e-03 |183  0.35885  1.68470e-03
184 -0.52555 -2.14769e-03 |185 -0.25623 -1.51601e-01 |186  0.32548 -3.54609e-02
187 -0.36969 -2.06148e-03 |188 -0.61319 -2.14325e-03 |189  0.10513  4.19322e-02
190  0.16829 -2.04874e-01 |191  0.21909 -4.21117e-02 |192  0.25552  3.74558e-01
193  0.02235  1.78784e-02 |194 -0.01121  1.01633e-02 |195 -0.16989  2.67264e-02
196 -0.10997  7.47978e-02 |197 -0.55378  1.25171e-02 |198  0.17087 -4.02215e-03
199  0.09456  1.15497e-01 |200 -0.26969  5.82777e-02 |
200 variables; iteration 500; function evaluation 707; phase 4
Function value 7.2123327e+03; maximum gradient component mag 5.7458e+00
Var    Value     Gradient |Var    Value     Gradient |Var    Value     Gradient
  1 -0.44381  4.38945e-02 |  2  0.37776 -1.95687e-02 |  3 -0.12282  5.64649e-03
  4 -0.03037 -1.11975e-02 |  5 -0.69359 -1.19999e-03 |  6 -0.60424  1.71403e-02
  7  0.38326 -2.93766e-02 |  8 -0.19373 -2.49855e-02 |  9  0.02567 -3.04432e-02
 10 -0.58278 -3.64470e-04 | 11 -0.62739 -1.56036e-02 | 12 -0.21130  5.03620e-02
 13 -0.00111  4.97453e-04 | 14 -0.00109  9.88760e-05 | 15 -0.00105  2.57594e-03
 16 -0.00102  2.37062e-03 | 17 -0.00098 -1.74769e-04 | 18 -0.00093 -9.34065e-04
 19 -0.00088 -3.18282e-03 | 20 -0.00078  2.28630e-03 | 21 -0.00068  4.33867e-03
 22 -0.00059  2.13148e-03 | 23 -0.00051 -5.56503e-03 | 24 -0.00037 -3.34878e-03
 25 -0.00023 -3.65371e-03 | 26 -0.00007 -3.28216e-03 | 27  0.00010 -5.59272e-03
 28  0.00028 -7.82382e-03 | 29  0.00049 -9.97052e-03 | 30  0.00075 -2.26624e-03
 31  0.00101  1.52883e-03 | 32  0.00127  1.78513e-03 | 33  0.00154 -1.17376e-03
 34  0.00182 -4.28551e-03 | 35  0.00215 -1.47659e-03 | 36  0.00252  6.28331e-03
 37  0.00282 -7.74546e-03 | 38  0.00320 -5.85802e-03 | 39  0.00367  1.08374e-02
 40  0.00402  7.77179e-05 | 41  0.00446  4.88304e-03 | 42  0.00485 -3.14419e-04
 43  0.00523 -6.95818e-03 | 44  0.00569  5.81178e-03 | 45  0.00604 -1.51612e-03
 46  0.00636 -8.65261e-03 | 47  0.00670 -1.91496e-03 | 48  0.00694 -4.05132e-03
 49  0.00716  8.04696e-03 | 50  0.00723  3.98076e-03 | 51  0.00716 -1.00782e-02
 52  0.00707 -1.92790e-03 | 53  0.00690  1.28190e-02 | 54  0.00653  6.98027e-03
 55  0.00604 -1.94170e-03 | 56  0.00550 -3.35435e-03 | 57  0.00491 -2.69356e-03
 58  0.00432  2.21825e-04 | 59  0.00372 -2.22845e-03 | 60  0.00319 -9.52440e-04
 61  0.00275  7.93610e-05 | 62  0.00242 -3.12917e-03 | 63  0.00229 -7.62478e-04
 64  0.00234 -3.08801e-03 | 65  0.00266 -1.45774e-03 | 66  0.00322 -6.37035e-03
 67  0.00415  2.44467e-03 | 68  0.00537  4.85905e-03 | 69  0.00689 -2.98582e-03
 70  0.00877 -4.40737e-04 | 71  0.01094  2.19631e-03 | 72  0.01334  2.72297e-03
 73  0.01586  3.67119e-03 | 74  0.01837  5.17949e-03 | 75  0.02064  3.17620e-03
 76  0.02250  4.71449e-03 | 77  0.02374  3.53108e-03 | 78  0.02427  4.48266e-03
 79  0.02406  3.32853e-03 | 80  0.02323  4.37318e-03 | 81  0.02186  3.50120e-03
 82  0.02000  2.68048e-03 | 83  0.01764  6.83081e-03 | 84  0.01463  6.82618e-03
 85  0.01093  4.80076e-03 | 86  0.00668  3.99182e-03 | 87  0.00220  6.95913e-04
 88 -0.00202  3.93154e-03 | 89 -0.00565  8.48193e-03 | 90 -0.00864  6.65949e-04
 91 -0.01111  2.99352e-03 | 92 -0.01339  9.54624e-03 | 93 -0.01558  3.06197e-03
 94 -0.01721  4.13615e-04 | 95 -0.01818  4.33876e-03 | 96 -0.01921  6.29090e-03
 97 -0.01906  4.16190e-03 | 98 -0.01819  6.68246e-03 | 99 -0.01652  3.59247e-03
100 -0.01773  3.66428e-03 |101 -0.01972  8.22204e-03 |102 -0.02229  3.01830e-04
103 -0.02989 -8.89655e-08 |104 -0.03057  1.93552e-03 |105 -0.01837 -1.76061e-03
106 -0.02052 -4.15214e-03 |107 -0.03749 -7.17972e-03 |108 -0.02012 -1.13587e-02
109  0.02864 -1.25263e-02 |110 -0.00416 -1.32118e-02 |111 -0.03958 -1.34252e-02
112 -0.01963 -1.51812e-02 |113 -0.00201 -1.82446e-02 |114  0.02155 -2.47511e-02
115 -0.00378 -1.91776e-02 |116 -0.06122 -9.62674e-03 |117 -0.07170 -2.55310e-03
118 -0.06545 -1.12409e-04 |119 -0.02021  4.52265e-03 |120  0.10689  3.36989e-02
121  0.05916  3.34648e-02 |122  0.04369  2.56769e-02 |123 -0.01551  1.68410e-02
124 -0.05975  5.70879e-03 |125 -0.00387 -3.96911e-03 |126 -0.00149 -1.14958e-02
127 -0.04483 -1.13938e-02 |128 -0.00148 -1.33034e-02 |129  0.04881 -1.49132e-02
130 -0.01994 -2.85881e-03 |131  0.05621 -5.90432e-04 |132 -0.00770  8.58403e-04
133  0.12014 -1.65538e-03 |134 -0.01496  1.06079e-03 |135 -0.05449 -1.48584e-03
136 -0.06136 -1.22757e-03 |137 -0.02320 -4.70259e-03 |138  0.09363 -7.10487e-04
139  0.02581 -1.51796e-03 |140  0.01698 -3.31192e-03 |141 -0.02882  8.24169e-04
142 -0.01505 -1.90642e-03 |143 -0.01097  1.93515e-03 |144 -0.00053 -7.48471e-03
145  0.44811  5.51963e-03 |146  0.37213 -6.46230e-02 |147 -0.20321 -7.18525e-02
148 -0.47080 -2.86591e-03 |149  0.02147  1.96542e-02 |150 -0.60555 -5.52148e-04
151 -0.10755  6.97564e-03 |152  1.88696  2.99390e-04 |153 -1.87646 -4.72139e-04
154 -1.61003  1.18539e-05 |155  0.20074  5.22874e-03 |156  0.25709 -6.52628e-04
157  0.18174  1.49198e-03 |158  0.25307 -3.30347e-03 |159  0.00160  3.84278e-03
160 -0.09309 -8.57725e-03 |161  0.12156  4.12730e-03 |162  0.29392 -1.42921e-02
163  0.18171  4.55519e-04 |164  0.24650  2.96422e-03 |165 -0.32483  1.89564e-03
166  0.24802 -2.71315e-03 |167  0.04896  3.56324e-03 |168 -0.17350  2.62612e-02
169  0.23285  2.70450e-03 |170  0.31533 -3.00889e-03 |171  0.07651 -1.70930e-03
172 -0.54558 -7.29302e-04 |173 -0.36281  2.40911e-03 |174  0.24218 -5.62834e-03
175  0.06535  2.01612e-04 |176 -0.09430  9.68293e-02 |177  0.44681 -8.04986e-02
178  0.10456  5.74582e+00 |179 -0.31300 -1.68240e-03 |180  1.25320  3.08183e-03
181 -0.22296 -1.14760e-03 |182 -0.57588 -2.45809e-04 |183  0.34933  1.53996e-03
184 -0.47767  8.21240e-04 |185 -0.25185 -1.88197e-02 |186  0.33191  7.25023e-03
187 -0.43344 -2.54489e-03 |188 -0.53069  8.75831e-03 |189  0.10513  9.06253e-03
190  0.16835 -5.83256e-02 |191  0.21913 -6.18565e-03 |192  0.25553  4.59596e-02
193  0.02235  1.10665e-02 |194 -0.01126 -3.86436e-03 |195 -0.16984  2.09144e-02
196 -0.10992 -3.59283e-02 |197 -0.55409 -1.37397e-02 |198  0.17081  1.58220e-03
199  0.09462 -1.74417e-01 |200 -0.26970 -4.53342e-02 |
200 variables; iteration 520; function evaluation 728; phase 4
Function value 7.2123319e+03; maximum gradient component mag 1.5615e+01
Var    Value     Gradient |Var    Value     Gradient |Var    Value     Gradient
  1 -0.44382  1.10496e-01 |  2  0.37776  9.28697e-02 |  3 -0.12282  1.02677e-01
  4 -0.03038  9.61597e-02 |  5 -0.69359  8.45512e-03 |  6 -0.60424  3.21648e-03
  7  0.38325  9.00883e-02 |  8 -0.19374  1.28849e-01 |  9  0.02570  9.51042e-02
 10 -0.58279  2.23190e-03 | 11 -0.62739  4.79882e-02 | 12 -0.21129 -1.62211e-01
 13 -0.00113 -4.01355e-03 | 14 -0.00108  1.34711e-03 | 15 -0.00106 -3.31815e-04
 16 -0.00103 -2.26881e-03 | 17 -0.00098  7.21788e-04 | 18 -0.00093 -1.43190e-03
 19 -0.00086  1.03861e-03 | 20 -0.00079 -1.86487e-03 | 21 -0.00071 -4.51979e-03
 22 -0.00061 -4.51304e-03 | 23 -0.00046  6.06778e-03 | 24 -0.00036 -2.39361e-03
 25 -0.00020  2.66682e-03 | 26 -0.00006 -3.21456e-03 | 27  0.00013  1.56502e-03
 28  0.00037  1.08689e-02 | 29  0.00057  8.21374e-03 | 30  0.00077  1.39562e-03
 31  0.00099 -5.32099e-03 | 32  0.00126 -3.51437e-03 | 33  0.00157  4.13815e-03
 34  0.00187  4.38867e-03 | 35  0.00217 -3.49482e-05 | 36  0.00248 -5.02771e-03
 37  0.00288  5.84819e-03 | 38  0.00325  3.43310e-03 | 39  0.00358 -1.12233e-02
 40  0.00404  2.21009e-03 | 41  0.00442 -5.57716e-03 | 42  0.00485 -7.55640e-04
 43  0.00530  7.13685e-03 | 44  0.00563 -1.10060e-02 | 45  0.00605 -1.91160e-03
 46  0.00642  1.29998e-03 | 47  0.00671 -1.72832e-03 | 48  0.00698  1.83290e-03
 49  0.00708 -1.32379e-02 | 50  0.00718 -9.83429e-03 | 51  0.00725  7.71316e-03
 52  0.00708 -1.77742e-03 | 53  0.00680 -1.25581e-02 | 54  0.00647 -8.54674e-03
 55  0.00606 -1.09894e-03 | 56  0.00552 -8.87673e-04 | 57  0.00495  1.62763e-03
 58  0.00432 -3.58371e-03 | 59  0.00375  1.74001e-03 | 60  0.00321  3.23528e-04
 61  0.00275 -4.36892e-03 | 62  0.00247  4.56151e-03 | 63  0.00230 -3.08909e-03
 64  0.00237 -2.71435e-03 | 65  0.00266 -8.18896e-03 | 66  0.00328 -5.01145e-04
 67  0.00415 -6.49765e-03 | 68  0.00534 -1.03973e-02 | 69  0.00691 -5.69453e-03
 70  0.00879 -4.06865e-03 | 71  0.01095 -7.07094e-03 | 72  0.01334 -8.65841e-03
 73  0.01585 -1.25533e-02 | 74  0.01834 -1.32185e-02 | 75  0.02064 -1.18203e-02
 76  0.02250 -1.15602e-02 | 77  0.02374 -1.16517e-02 | 78  0.02427 -1.28123e-02
 79  0.02407 -1.26011e-02 | 80  0.02323 -1.49162e-02 | 81  0.02187 -1.36380e-02
 82  0.02003 -1.25115e-02 | 83  0.01762 -1.72664e-02 | 84  0.01462 -1.50048e-02
 85  0.01093 -1.43882e-02 | 86  0.00670 -1.18508e-02 | 87  0.00226 -7.15865e-03
 88 -0.00201 -1.54080e-02 | 89 -0.00568 -2.12255e-02 | 90 -0.00858 -7.35300e-03
 91 -0.01107 -1.19320e-02 | 92 -0.01340 -1.85440e-02 | 93 -0.01554 -1.16591e-02
 94 -0.01715 -8.94925e-03 | 95 -0.01814 -1.19957e-02 | 96 -0.01918 -1.45418e-02
 97 -0.01901 -1.15888e-02 | 98 -0.01816 -1.52115e-02 | 99 -0.01648 -1.33882e-02
100 -0.01768 -1.22162e-02 |101 -0.01970 -1.46105e-02 |102 -0.02223 -9.69294e-03
103 -0.02984 -9.90429e-03 |104 -0.03054 -8.35040e-03 |105 -0.01832 -3.52160e-03
106 -0.02048 -1.66430e-04 |107 -0.03745  4.26020e-03 |108 -0.02008  8.60488e-03
109  0.02861  5.58550e-03 |110 -0.00421  6.09641e-03 |111 -0.03962  7.51932e-03
112 -0.01970  6.27297e-03 |113 -0.00210  9.89883e-03 |114  0.02145  1.99206e-02
115 -0.00388  1.86038e-02 |116 -0.06131  1.05045e-02 |117 -0.07180  6.91043e-03
118 -0.06553  1.41099e-02 |119 -0.02027  2.70034e-02 |120  0.10679  6.80205e-02
121  0.05907  4.32069e-02 |122  0.04362  3.58107e-02 |123 -0.01553  2.32263e-02
124 -0.05975  1.86431e-02 |125 -0.00381  3.42063e-02 |126 -0.00142  3.65529e-02
127 -0.04479  2.08817e-02 |128 -0.00144  2.55110e-02 |129  0.04882  3.20781e-02
130 -0.01995  6.89164e-03 |131  0.05620  6.23128e-03 |132 -0.00771 -6.11462e-05
133  0.12014  2.55433e-03 |134 -0.01496 -4.93990e-04 |135 -0.05448  1.96251e-03
136 -0.06135  3.83952e-03 |137 -0.02318  4.50673e-03 |138  0.09362  1.75775e-03
139  0.02580 -7.48285e-04 |140  0.01699  2.96383e-03 |141 -0.02882 -3.95564e-04
142 -0.01503  2.62968e-03 |143 -0.01098 -2.00461e-04 |144 -0.00046  9.42161e-03
145  0.44820 -7.52895e-03 |146  0.37215  7.17851e-02 |147 -0.20305  1.17196e-01
148 -0.41860 -2.42582e-03 |149  0.02114  3.71092e-02 |150 -0.62324 -1.83616e-03
151 -0.11941  1.83940e-02 |152  2.12532  7.56534e-04 |153 -1.79227  1.04356e-03
154 -1.58216  1.27913e-03 |155  0.20074 -7.35308e-02 |156  0.25709  1.13602e-01
157  0.18175 -2.38462e-02 |158  0.25308  3.42208e-02 |159  0.00158 -9.51749e-03
160 -0.09308 -2.06071e-02 |161  0.12159 -2.38920e-02 |162  0.29393  6.42795e-02
163  0.18171 -3.43790e-02 |164  0.24650  3.31639e-02 |165 -0.32485 -2.53159e-03
166  0.24801 -1.53007e-03 |167  0.04895 -1.18866e-02 |168 -0.17354 -5.82812e-02
169  0.23262 -5.16360e-03 |170  0.31531  4.14890e-03 |171  0.07654 -1.84048e-02
172 -0.53150  3.79418e-04 |173 -0.36258 -5.50866e-03 |174  0.24225  1.55768e-02
175  0.06531 -7.89657e-03 |176 -0.09436 -5.04081e-02 |177  0.45003 -1.83803e-01
178  0.10451  1.56152e+01 |179 -0.32994 -1.79157e-03 |180  1.21557 -1.85429e-03
181 -0.00974 -1.21643e-04 |182 -0.51222  1.48358e-02 |183  0.34583  1.42608e-03
184 -0.52240 -1.88742e-03 |185 -0.25358 -9.72333e-02 |186  0.33193 -9.50454e-03
187 -0.38209 -2.15016e-03 |188 -0.61880 -2.29696e-03 |189  0.10513 -1.22373e-01
190  0.16837 -1.52824e-01 |191  0.21913  4.92708e-02 |192  0.25553  1.85398e-01
193  0.02235 -1.11402e-01 |194 -0.01128 -4.53030e-02 |195 -0.16983 -9.86681e-02
196 -0.10992 -1.15105e-01 |197 -0.55415  1.36083e-02 |198  0.17078  1.53022e-04
199  0.09461  1.95149e-01 |200 -0.26966  4.91900e-02 |
200 variables; iteration 540; function evaluation 767; phase 4
Function value 7.2099610e+03; maximum gradient component mag 5.7840e+01
Var    Value     Gradient |Var    Value     Gradient |Var    Value     Gradient
  1 -0.44640  1.94016e+01 |  2  0.37799 -1.16807e+00 |  3 -0.12258  1.11631e+01
  4 -0.03104  2.81064e+00 |  5 -0.69354  6.36099e-01 |  6 -0.60411  5.18502e+00
  7  0.38288 -4.55733e+00 |  8 -0.19404 -2.14629e+01 |  9  0.02657 -8.69384e+00
 10 -0.58239 -7.40361e-01 | 11 -0.62780 -1.73868e+01 | 12 -0.21357  5.78398e+01
 13 -0.00106  1.37907e-01 | 14 -0.00061  2.49166e-01 | 15 -0.00076  2.06791e-01
 16 -0.00069  2.20283e-01 | 17 -0.00053  2.53676e-01 | 18 -0.00089  1.56460e-01
 19 -0.00051  2.39857e-01 | 20 -0.00043  2.46704e-01 | 21 -0.00028  2.68461e-01
 22 -0.00091  9.12243e-02 | 23  0.00054  4.32832e-01 | 24 -0.00067  1.07095e-01
 25  0.00022  3.00305e-01 | 26  0.00009  2.37641e-01 | 27  0.00064  3.40057e-01
 28  0.00136  4.80056e-01 | 29  0.00169  5.18536e-01 | 30  0.00169  4.71633e-01
 31  0.00113  2.85210e-01 | 32  0.00106  2.15915e-01 | 33  0.00234  4.76166e-01
 34  0.00280  5.31895e-01 | 35  0.00243  3.78926e-01 | 36  0.00260  3.55748e-01
 37  0.00410  6.54942e-01 | 38  0.00385  5.22879e-01 | 39  0.00332  3.22160e-01
 40  0.00435  4.98551e-01 | 41  0.00465  4.99043e-01 | 42  0.00485  4.75509e-01
 43  0.00651  8.05409e-01 | 44  0.00523  4.34084e-01 | 45  0.00658  6.97992e-01
 46  0.00716  7.89928e-01 | 47  0.00715  7.54089e-01 | 48  0.00727  7.64088e-01
 49  0.00650  5.84644e-01 | 50  0.00661  6.38018e-01 | 51  0.00823  1.08025e+00
 52  0.00744  9.74951e-01 | 53  0.00609  7.61925e-01 | 54  0.00596  8.73199e-01
 55  0.00630  1.12520e+00 | 56  0.00561  1.15077e+00 | 57  0.00544  1.31866e+00
 58  0.00386  1.14475e+00 | 59  0.00410  1.42493e+00 | 60  0.00324  1.41652e+00
 61  0.00269  1.46839e+00 | 62  0.00274  1.64327e+00 | 63  0.00207  1.59206e+00
 64  0.00221  1.69856e+00 | 65  0.00225  1.72120e+00 | 66  0.00344  1.97261e+00
 67  0.00363  1.89600e+00 | 68  0.00455  1.93045e+00 | 69  0.00666  2.18594e+00
 70  0.00860  2.32057e+00 | 71  0.01044  2.36362e+00 | 72  0.01281  2.48532e+00
 73  0.01512  2.56258e+00 | 74  0.01758  2.68121e+00 | 75  0.02017  2.87488e+00
 76  0.02186  2.94414e+00 | 77  0.02339  3.09793e+00 | 78  0.02391  3.16330e+00
 79  0.02391  3.25087e+00 | 80  0.02284  3.21313e+00 | 81  0.02171  3.25668e+00
 82  0.02005  3.26826e+00 | 83  0.01723  3.10229e+00 | 84  0.01435  3.03605e+00
 85  0.01100  2.98823e+00 | 86  0.00685  2.84678e+00 | 87  0.00285  2.77815e+00
 88 -0.00188  2.43830e+00 | 89 -0.00595  2.10320e+00 | 90 -0.00761  2.23811e+00
 91 -0.01053  1.88141e+00 | 92 -0.01294  1.59916e+00 | 93 -0.01478  1.42676e+00
 94 -0.01611  1.23043e+00 | 95 -0.01726  8.87398e-01 | 96 -0.01846  5.26692e-01
 97 -0.01804  2.74805e-01 | 98 -0.01741 -1.38406e-01 | 99 -0.01545 -4.56096e-01
100 -0.01669 -8.80820e-01 |101 -0.01920 -1.45387e+00 |102 -0.02119 -1.75412e+00
103 -0.02913 -2.19171e+00 |104 -0.03026 -2.76129e+00 |105 -0.01792 -3.48571e+00
106 -0.02007 -3.77406e+00 |107 -0.03721 -3.55790e+00 |108 -0.01982 -4.26030e+00
109  0.02811 -6.43020e+00 |110 -0.00474 -4.82510e+00 |111 -0.03994 -3.41655e+00
112 -0.02018 -3.66605e+00 |113 -0.00294 -3.77617e+00 |114  0.02052 -3.84792e+00
115 -0.00490 -2.59876e+00 |116 -0.06209 -1.30532e+00 |117 -0.07301 -1.12489e+00
118 -0.06655 -9.51597e-01 |119 -0.02121 -1.20200e+00 |120  0.10522 -3.00707e+00
121  0.05737 -1.98731e+00 |122  0.04243 -1.23829e+00 |123 -0.01692 -7.57594e-01
124 -0.06048 -3.48404e-01 |125 -0.00424 -9.08310e-02 |126 -0.00194  7.32414e-02
127 -0.04551 -5.20229e-03 |128 -0.00230 -9.37195e-02 |129  0.04758 -2.55857e-01
130 -0.02048 -2.63726e-01 |131  0.05600 -4.75244e-01 |132 -0.00795 -3.22595e-01
133  0.12005 -3.45571e-01 |134 -0.01525 -2.22973e-01 |135 -0.05490 -1.74382e-01
136 -0.06144 -4.46725e-02 |137 -0.02302  6.93213e-02 |138  0.09324 -1.27121e-01
139  0.02570 -1.14465e-03 |140  0.01704  1.10455e-02 |141 -0.02892 -2.90266e-02
142 -0.01472  4.96557e-02 |143 -0.01130 -5.74021e-02 |144 -0.00012  9.25674e-02
145  0.45230  1.90464e+00 |146  0.37582  2.54572e+00 |147 -0.20056  1.01493e+00
148 -0.05600 -1.41020e-02 |149  0.01986  4.30931e-01 |150 -0.44887  7.67792e-02
151 -0.09541 -4.42452e-04 |152  3.26956 -6.97036e-03 |153 -2.73722 -7.17328e-03
154  0.45193  2.69971e-03 |155  0.20104  2.60465e+00 |156  0.25714 -3.95646e+00
157  0.18194  8.09342e-01 |158  0.25319 -5.27507e-01 |159  0.00128  1.93800e-01
160 -0.09300  1.02685e+00 |161  0.12192  1.15258e+00 |162  0.29401 -1.82484e+00
163  0.18163  4.63012e-01 |164  0.24646 -6.82968e-01 |165 -0.32498  2.46467e-01
166  0.24804 -3.30722e-01 |167  0.04895  4.87585e-01 |168 -0.17392  6.83638e+00
169  0.23072  1.03619e+00 |170  0.31519 -8.21512e-01 |171  0.07674  5.57292e+00
172 -0.39842  8.04356e-02 |173 -0.36128  2.65334e-01 |174  0.24258 -7.11824e-01
175  0.06499 -3.06149e-01 |176 -0.09476 -1.88304e-01 |177  0.48369 -1.90257e+00
178  0.10423 -1.83516e+00 |179 -0.37758 -2.11765e-03 |180  1.46208  1.37821e-01
181  0.89690  1.92218e-02 |182 -0.21099 -1.02914e-02 |183  0.33456  1.77110e-03
184 -0.24903 -2.54140e-01 |185 -0.25128  1.38999e-01 |186  0.33707 -7.28713e-02
187 -0.28042 -1.45399e-03 |188 -1.05307  3.75266e-02 |189  0.10509 -6.87862e-01
190  0.16826  2.10002e+00 |191  0.21912  8.92361e-01 |192  0.25548 -1.43717e+00
193  0.02239  2.39262e+00 |194 -0.01128  1.21878e+00 |195 -0.16985  9.72149e+00
196 -0.10990  5.75814e+00 |197 -0.55558  5.62268e-01 |198  0.16997 -1.11587e-01
199  0.09442  6.84011e+00 |200 -0.26958  1.60771e+00 |
200 variables; iteration 560; function evaluation 788; phase 4
Function value 7.2097268e+03; maximum gradient component mag -4.4181e+00
Var    Value     Gradient |Var    Value     Gradient |Var    Value     Gradient
  1 -0.45001  4.73204e-01 |  2  0.37851  2.20404e-01 |  3 -0.12221 -3.01430e-01
  4 -0.03231  1.73721e-01 |  5 -0.69284  5.47400e-02 |  6 -0.60397  3.69163e-02
  7  0.38274  4.16284e-01 |  8 -0.19431  1.24979e+00 |  9  0.02697  6.81084e-01
 10 -0.58131  7.46463e-02 | 11 -0.62823  8.77212e-01 | 12 -0.21660 -4.41810e+00
 13 -0.00091 -4.23697e-02 | 14 -0.00072 -4.77474e-03 | 15 -0.00070 -1.03835e-02
 16 -0.00066 -1.19515e-02 | 17 -0.00062 -1.77703e-02 | 18 -0.00064 -3.96988e-02
 19 -0.00052 -2.89047e-02 | 20 -0.00039 -1.84462e-02 | 21 -0.00028 -1.71402e-02
 22 -0.00023 -3.20173e-02 | 23 -0.00011 -3.25800e-02 | 24 -0.00002 -4.62796e-02
 25  0.00021 -2.67425e-02 | 26  0.00030 -4.69266e-02 | 27  0.00047 -4.99631e-02
 28  0.00077 -2.71979e-02 | 29  0.00091 -4.81690e-02 | 30  0.00120 -3.36574e-02
 31  0.00143 -4.06295e-02 | 32  0.00172 -3.47410e-02 | 33  0.00201 -3.36146e-02
 34  0.00231 -3.41406e-02 | 35  0.00260 -4.24391e-02 | 36  0.00301 -2.47178e-02
 37  0.00326 -5.02790e-02 | 38  0.00361 -5.56484e-02 | 39  0.00410 -2.93959e-02
 40  0.00450 -2.82606e-02 | 41  0.00491 -2.48688e-02 | 42  0.00525 -3.78066e-02
 43  0.00560 -4.76691e-02 | 44  0.00592 -6.06328e-02 | 45  0.00624 -6.87043e-02
 46  0.00650 -8.38790e-02 | 47  0.00683 -7.14301e-02 | 48  0.00701 -7.61514e-02
 49  0.00716 -7.27922e-02 | 50  0.00717 -7.90985e-02 | 51  0.00706 -8.99039e-02
 52  0.00689 -8.52823e-02 | 53  0.00668 -6.46303e-02 | 54  0.00623 -7.07069e-02
 55  0.00566 -8.09899e-02 | 56  0.00503 -8.66461e-02 | 57  0.00438 -8.03217e-02
 58  0.00369 -8.10389e-02 | 59  0.00301 -8.20811e-02 | 60  0.00238 -8.11182e-02
 61  0.00179 -9.49975e-02 | 62  0.00142 -8.74397e-02 | 63  0.00114 -1.00146e-01
 64  0.00105 -1.17554e-01 | 65  0.00117 -1.43513e-01 | 66  0.00169 -1.41765e-01
 67  0.00262 -1.17067e-01 | 68  0.00369 -1.36246e-01 | 69  0.00504 -1.69829e-01
 70  0.00700 -1.40319e-01 | 71  0.00913 -1.44298e-01 | 72  0.01147 -1.54654e-01
 73  0.01386 -1.85399e-01 | 74  0.01646 -1.69794e-01 | 75  0.01871 -1.86673e-01
 76  0.02070 -1.72881e-01 | 77  0.02195 -1.84804e-01 | 78  0.02255 -1.86595e-01
 79  0.02239 -1.95277e-01 | 80  0.02163 -1.97163e-01 | 81  0.02035 -1.96241e-01
 82  0.01860 -1.94188e-01 | 83  0.01637 -1.83160e-01 | 84  0.01355 -1.62688e-01
 85  0.00996 -1.69786e-01 | 86  0.00597 -1.47355e-01 | 87  0.00180 -1.18952e-01
 88 -0.00233 -1.39754e-01 | 89 -0.00574 -1.32349e-01 | 90 -0.00837 -9.93332e-02
 91 -0.01058 -8.26799e-02 | 92 -0.01265 -7.00059e-02 | 93 -0.01461 -5.89757e-02
 94 -0.01603 -4.70542e-02 | 95 -0.01675 -1.64531e-02 | 96 -0.01759 -9.84910e-04
 97 -0.01724  1.84198e-02 | 98 -0.01624  3.80477e-02 | 99 -0.01450  5.03022e-02
100 -0.01568  8.10567e-02 |101 -0.01769  1.26672e-01 |102 -0.02050  1.18061e-01
103 -0.02840  1.23396e-01 |104 -0.02929  1.63359e-01 |105 -0.01733  1.94054e-01
106 -0.01972  2.01163e-01 |107 -0.03688  1.82549e-01 |108 -0.01979  1.95678e-01
109  0.02858  2.38432e-01 |110 -0.00439  1.45823e-01 |111 -0.03969  7.42359e-02
112 -0.01988  1.42281e-02 |113 -0.00239 -4.13399e-02 |114  0.02114 -1.01713e-01
115 -0.00437 -1.19708e-01 |116 -0.06149 -7.89518e-02 |117 -0.07183 -6.56568e-02
118 -0.06527 -2.56510e-02 |119 -0.01985  1.35533e-02 |120  0.10864  2.23058e-01
121  0.06095  2.48506e-01 |122  0.04548  2.65580e-01 |123 -0.01413  1.99126e-01
124 -0.05849  1.82316e-01 |125 -0.00300  3.29414e-01 |126 -0.00153  3.50558e-01
127 -0.04559  1.89198e-01 |128 -0.00252  2.20759e-01 |129  0.04723  2.43214e-01
130 -0.02105  7.87616e-02 |131  0.05527  9.14271e-02 |132 -0.00815  1.94977e-02
133  0.11954  1.38861e-02 |134 -0.01512  1.32726e-02 |135 -0.05478 -2.99770e-03
136 -0.06126  1.64405e-02 |137 -0.02319 -5.47198e-03 |138  0.09386  5.68023e-03
139  0.02556 -1.79793e-02 |140  0.01710 -6.61309e-03 |141 -0.02892  9.33391e-03
142 -0.01463 -3.24855e-03 |143 -0.01146  6.07443e-03 |144 -0.00049  1.36344e-03
145  0.45611 -1.80368e-01 |146  0.37738 -1.01754e-01 |147 -0.20697  1.71887e-01
148 -0.23257 -1.20167e-03 |149  0.02528  4.97536e-01 |150 -0.56496  4.11817e-03
151 -0.07109  4.34679e-03 |152  3.89604 -6.78365e-04 |153 -1.86776  3.44668e-04
154  2.35816 -4.85379e-03 |155  0.20094 -7.19277e-01 |156  0.25685  1.10762e+00
157  0.18183 -1.71646e-01 |158  0.25301  2.36736e-01 |159  0.00144 -5.98146e-02
160 -0.09295 -7.53601e-02 |161  0.12176 -2.46588e-01 |162  0.29372  5.41815e-01
163  0.18212 -1.49619e-01 |164  0.24655  1.96145e-01 |165 -0.32454 -3.18209e-02
166  0.24804  2.30621e-02 |167  0.04884 -2.51923e-02 |168 -0.17354 -5.91416e-01
169  0.23170 -5.92141e-02 |170  0.31532  5.46356e-02 |171  0.07677 -3.41585e-01
172 -0.51063  2.71256e-03 |173 -0.36377  1.26148e-02 |174  0.24199  7.05408e-03
175  0.06541  8.83493e-02 |176 -0.09348 -7.24264e-02 |177  0.49421 -1.23846e-01
178  0.10412  7.00350e-02 |179 -0.51563 -3.29984e-03 |180  1.28785  1.38275e-02
181  1.52543 -2.90014e-03 |182 -0.07245  3.19527e-02 |183  0.35508  1.92436e-03
184 -0.41137  1.25852e-02 |185 -0.25768 -5.48097e-02 |186  0.32830 -2.35756e-01
187 -0.20196  5.29617e-03 |188 -1.37636  2.52085e-03 |189  0.10538  2.71166e-01
190  0.16838 -8.45383e-01 |191  0.21924 -1.78876e-01 |192  0.25547  1.35955e+00
193  0.02238  1.66551e-02 |194 -0.01139 -1.73254e-01 |195 -0.16972 -4.86464e-01
196 -0.10987 -3.07302e-01 |197 -0.55578 -2.67104e-02 |198  0.17038  1.69088e-02
199  0.09493 -2.19048e-01 |200 -0.26977 -1.19850e-01 |
200 variables; iteration 580; function evaluation 811; phase 4
Function value 7.2097222e+03; maximum gradient component mag -1.2537e+00
Var    Value     Gradient |Var    Value     Gradient |Var    Value     Gradient
  1 -0.44987  6.33305e-01 |  2  0.37849  1.62860e-01 |  3 -0.12222  1.42410e-01
  4 -0.03227  2.06041e-01 |  5 -0.69293  2.59670e-03 |  6 -0.60398 -1.36706e-02
  7  0.38276  1.61371e-01 |  8 -0.19430  3.66764e-01 |  9  0.02693  2.07643e-01
 10 -0.58135  2.28974e-02 | 11 -0.62820  3.25397e-01 | 12 -0.21649 -1.25373e+00
 13 -0.00082 -9.15665e-03 | 14 -0.00077 -3.87801e-03 | 15 -0.00074 -6.31083e-03
 16 -0.00070 -7.82785e-03 | 17 -0.00064 -8.94864e-03 | 18 -0.00059 -1.18535e-02
 19 -0.00050 -7.33804e-03 | 20 -0.00042 -1.08955e-02 | 21 -0.00032 -1.10819e-02
 22 -0.00020 -8.22359e-03 | 23 -0.00008 -8.93513e-03 | 24  0.00006 -6.93309e-03
 25  0.00023 -4.69852e-03 | 26  0.00039 -5.78919e-03 | 27  0.00057 -8.06575e-03
 28  0.00076 -9.37420e-03 | 29  0.00100 -3.90495e-03 | 30  0.00122 -8.56310e-03
 31  0.00145 -1.37075e-02 | 32  0.00173 -1.10134e-02 | 33  0.00200 -1.17010e-02
 34  0.00232 -8.92179e-03 | 35  0.00261 -1.49725e-02 | 36  0.00295 -1.34290e-02
 37  0.00331 -1.12515e-02 | 38  0.00367 -1.20578e-02 | 39  0.00403 -1.74223e-02
 40  0.00442 -1.56055e-02 | 41  0.00481 -1.66513e-02 | 42  0.00520 -1.76323e-02
 43  0.00560 -1.40478e-02 | 44  0.00594 -2.13166e-02 | 45  0.00631 -1.79322e-02
 46  0.00662 -1.77153e-02 | 47  0.00689 -1.66663e-02 | 48  0.00709 -1.70378e-02
 49  0.00719 -2.22209e-02 | 50  0.00722 -2.26621e-02 | 51  0.00718 -1.58396e-02
 52  0.00696 -2.23501e-02 | 53  0.00664 -2.43242e-02 | 54  0.00621 -2.49590e-02
 55  0.00568 -2.51064e-02 | 56  0.00505 -2.66760e-02 | 57  0.00437 -2.67549e-02
 58  0.00367 -2.63802e-02 | 59  0.00298 -2.90273e-02 | 60  0.00235 -2.81362e-02
 61  0.00179 -3.11715e-02 | 62  0.00139 -2.89757e-02 | 63  0.00114 -3.18126e-02
 64  0.00111 -3.16188e-02 | 65  0.00132 -3.40799e-02 | 66  0.00182 -3.23070e-02
 67  0.00261 -3.73555e-02 | 68  0.00374 -3.92717e-02 | 69  0.00523 -3.75596e-02
 70  0.00702 -4.20942e-02 | 71  0.00915 -4.24160e-02 | 72  0.01150 -4.61062e-02
 73  0.01401 -4.64292e-02 | 74  0.01649 -5.13968e-02 | 75  0.01880 -5.24166e-02
 76  0.02069 -5.40360e-02 | 77  0.02198 -5.64935e-02 | 78  0.02257 -5.72646e-02
 79  0.02245 -5.82479e-02 | 80  0.02170 -5.90649e-02 | 81  0.02043 -5.70659e-02
 82  0.01868 -5.71798e-02 | 83  0.01641 -5.85981e-02 | 84  0.01353 -5.82276e-02
 85  0.01002 -5.55064e-02 | 86  0.00597 -5.24295e-02 | 87  0.00173 -5.14591e-02
 88 -0.00227 -4.91375e-02 | 89 -0.00567 -4.84421e-02 | 90 -0.00837 -4.50723e-02
 91 -0.01060 -4.36558e-02 | 92 -0.01269 -4.65342e-02 | 93 -0.01462 -4.05163e-02
 94 -0.01602 -3.55977e-02 | 95 -0.01679 -3.48857e-02 | 96 -0.01763 -3.23455e-02
 97 -0.01728 -2.69700e-02 | 98 -0.01629 -2.43511e-02 | 99 -0.01452 -1.83821e-02
100 -0.01573 -1.16180e-02 |101 -0.01784 -5.53594e-03 |102 -0.02054  5.79376e-03
103 -0.02840  1.74279e-02 |104 -0.02935  3.03512e-02 |105 -0.01738  4.65401e-02
106 -0.01978  5.88581e-02 |107 -0.03695  6.25356e-02 |108 -0.01985  7.86538e-02
109  0.02851  1.22791e-01 |110 -0.00447  9.65732e-02 |111 -0.03976  7.56861e-02
112 -0.01988  9.35929e-02 |113 -0.00240  1.04355e-01 |114  0.02111  1.17323e-01
115 -0.00435  8.53858e-02 |116 -0.06149  4.49462e-02 |117 -0.07181  3.14654e-02
118 -0.06525  3.11242e-02 |119 -0.01978  4.19554e-02 |120  0.10861  1.00508e-01
121  0.06086  6.94962e-02 |122  0.04541  6.30087e-02 |123 -0.01423  3.77064e-02
124 -0.05861  2.84377e-02 |125 -0.00316  5.08022e-02 |126 -0.00169  5.41228e-02
127 -0.04557  3.49940e-02 |128 -0.00250  3.85012e-02 |129  0.04723  3.46435e-02
130 -0.02101  1.22389e-02 |131  0.05524  1.10361e-02 |132 -0.00815  2.57491e-03
133  0.11955  1.63611e-02 |134 -0.01515  1.03526e-04 |135 -0.05477 -5.90318e-04
136 -0.06133 -3.02871e-03 |137 -0.02318 -6.63175e-04 |138  0.09381  1.12691e-03
139  0.02560  3.30420e-05 |140  0.01709 -3.00477e-03 |141 -0.02894  4.45982e-04
142 -0.01463  1.65970e-03 |143 -0.01145  3.64046e-03 |144 -0.00049  1.70008e-03
145  0.45596 -5.30086e-02 |146  0.37730 -4.09985e-02 |147 -0.20582 -1.46957e-01
148 -0.14174 -4.31596e-04 |149  0.02422  7.10753e-02 |150 -0.57923  2.00034e-03
151 -0.08883  6.17653e-03 |152  4.15412 -1.45904e-03 |153 -1.73613  1.38222e-03
154  2.36805 -2.12322e-03 |155  0.20096 -1.51631e-01 |156  0.25685  1.94033e-01
157  0.18182 -3.73697e-02 |158  0.25300  4.78452e-02 |159  0.00148 -9.61507e-03
160 -0.09297 -2.66058e-02 |161  0.12176 -5.31515e-02 |162  0.29371  1.14505e-01
163  0.18212 -4.47310e-02 |164  0.24655  5.55452e-02 |165 -0.32444 -6.27733e-03
166  0.24807  6.20048e-03 |167  0.04881 -1.12391e-02 |168 -0.17354 -1.43367e-01
169  0.23157 -2.83302e-02 |170  0.31528  2.17556e-02 |171  0.07679 -1.44831e-01
172 -0.66810 -5.15248e-03 |173 -0.36367  1.85773e-03 |174  0.24202  1.04013e-02
175  0.06535  1.64150e-02 |176 -0.09354 -7.87692e-02 |177  0.50210 -3.29471e-02
178  0.10403  3.34842e-02 |179 -0.51195 -3.26181e-03 |180  1.21700 -2.11456e-03
181  1.75252 -1.28584e-03 |182 -0.06928  1.25308e-02 |183  0.34437  1.84244e-03
184 -0.55182 -2.98873e-03 |185 -0.25392 -1.47509e-01 |186  0.32959 -2.13829e-02
187 -0.23458  2.38877e-04 |188 -1.42202 -8.43794e-04 |189  0.10537 -7.98339e-02
190  0.16838 -2.03058e-01 |191  0.21923  2.20032e-02 |192  0.25545  2.51871e-01
193  0.02238 -1.21071e-01 |194 -0.01137 -7.16258e-02 |195 -0.16973 -1.91229e-01
196 -0.10988 -2.64623e-01 |197 -0.55569 -8.88142e-03 |198  0.17037 -6.90979e-03
199  0.09486 -1.21228e-01 |200 -0.26953 -5.12573e-02 |
200 variables; iteration 600; function evaluation 831; phase 4
Function value 7.2097205e+03; maximum gradient component mag -2.3458e-01
Var    Value     Gradient |Var    Value     Gradient |Var    Value     Gradient
  1 -0.44987 -5.75995e-02 |  2  0.37849 -5.68121e-03 |  3 -0.12222 -2.00501e-02
  4 -0.03228  6.81600e-04 |  5 -0.69296  1.93882e-04 |  6 -0.60397 -1.18502e-02
  7  0.38275  1.12925e-02 |  8 -0.19431  5.33169e-02 |  9  0.02696  1.66735e-02
 10 -0.58136  5.51203e-03 | 11 -0.62822 -2.07707e-02 | 12 -0.21651 -2.34582e-01
 13 -0.00079  1.34880e-03 | 14 -0.00077 -4.05577e-05 | 15 -0.00072  8.76613e-04
 16 -0.00068  2.21470e-04 | 17 -0.00063 -7.95745e-04 | 18 -0.00057 -1.52742e-03
 19 -0.00049 -8.22975e-04 | 20 -0.00040 -1.80627e-04 | 21 -0.00029  1.40863e-03
 22 -0.00018  1.14263e-03 | 23 -0.00008 -2.47180e-03 | 24  0.00007 -2.59655e-04
 25  0.00022 -5.29333e-05 | 26  0.00041  3.77897e-03 | 27  0.00058  9.35335e-04
 28  0.00075 -5.20230e-03 | 29  0.00100  1.51406e-03 | 30  0.00124  2.50335e-03
 31  0.00148  1.65050e-03 | 32  0.00175  8.56868e-04 | 33  0.00202 -1.79437e-03
 34  0.00233  1.08824e-03 | 35  0.00263 -1.56861e-03 | 36  0.00298  1.84980e-03
 37  0.00332  3.80826e-04 | 38  0.00368 -1.56687e-03 | 39  0.00408  2.46162e-03
 40  0.00444 -1.98298e-03 | 41  0.00484  9.25129e-06 | 42  0.00522 -3.01321e-03
 43  0.00560 -2.07481e-03 | 44  0.00599  9.57114e-04 | 45  0.00634  8.90964e-04
 46  0.00664 -2.25941e-04 | 47  0.00692  2.03354e-03 | 48  0.00711 -1.43063e-04
 49  0.00725  3.86797e-03 | 50  0.00726  1.60361e-03 | 51  0.00718 -8.11099e-05
 52  0.00699  8.97943e-04 | 53  0.00669  3.28400e-03 | 54  0.00625  1.24357e-03
 55  0.00570 -7.12521e-04 | 56  0.00508 -1.37980e-03 | 57  0.00440 -1.74547e-03
 58  0.00370 -9.35882e-04 | 59  0.00301 -1.29391e-03 | 60  0.00237 -1.22406e-03
 61  0.00183 -4.95124e-04 | 62  0.00140 -3.23470e-03 | 63  0.00117 -1.16999e-03
 64  0.00114 -4.40476e-04 | 65  0.00136  2.08936e-03 | 66  0.00185  1.12134e-03
 67  0.00264 -1.09050e-03 | 68  0.00378  7.89271e-04 | 69  0.00526  2.57039e-03
 70  0.00706 -7.73485e-04 | 71  0.00918  1.82177e-03 | 72  0.01154  9.40955e-04
 73  0.01406  5.13486e-03 | 74  0.01654  1.57456e-03 | 75  0.01885  3.05067e-03
 76  0.02073  1.86908e-03 | 77  0.02202  2.76208e-03 | 78  0.02262  4.97454e-03
 79  0.02250  5.49296e-03 | 80  0.02175  5.46856e-03 | 81  0.02048  8.17119e-03
 82  0.01873  8.44499e-03 | 83  0.01647  8.09927e-03 | 84  0.01358  7.00823e-03
 85  0.01007  9.85509e-03 | 86  0.00602  1.02062e-02 | 87  0.00177  7.23139e-03
 88 -0.00221  1.17168e-02 | 89 -0.00560  1.26448e-02 | 90 -0.00832  9.39233e-03
 91 -0.01055  9.48167e-03 | 92 -0.01261  1.09517e-02 | 93 -0.01455  1.09536e-02
 94 -0.01595  1.30676e-02 | 95 -0.01672  1.30120e-02 | 96 -0.01755  1.35703e-02
 97 -0.01721  1.44324e-02 | 98 -0.01621  1.48489e-02 | 99 -0.01445  1.52253e-02
100 -0.01566  1.42998e-02 |101 -0.01777  1.19068e-02 |102 -0.02048  1.34140e-02
103 -0.02836  1.30426e-02 |104 -0.02932  1.26796e-02 |105 -0.01736  1.07053e-02
106 -0.01978  6.94269e-03 |107 -0.03697  1.60740e-03 |108 -0.01990 -4.26729e-03
109  0.02841 -1.72068e-02 |110 -0.00459 -2.51320e-02 |111 -0.03988 -2.56425e-02
112 -0.02004 -3.13715e-02 |113 -0.00260 -4.52284e-02 |114  0.02086 -6.65925e-02
115 -0.00460 -6.26056e-02 |116 -0.06172 -4.68597e-02 |117 -0.07203 -4.35480e-02
118 -0.06547 -4.17983e-02 |119 -0.01998 -4.81029e-02 |120  0.10826 -1.09929e-01
121  0.06056 -5.86425e-02 |122  0.04508 -3.75089e-02 |123 -0.01445 -1.55381e-02
124 -0.05877 -5.49885e-03 |125 -0.00328  4.41739e-03 |126 -0.00174  1.39393e-02
127 -0.04557  1.45514e-02 |128 -0.00250  1.96649e-02 |129  0.04718  1.96446e-02
130 -0.02102  1.41419e-02 |131  0.05521  1.77598e-02 |132 -0.00816  8.39282e-03
133  0.11953  2.13306e-02 |134 -0.01516  2.35853e-03 |135 -0.05478  4.83417e-04
136 -0.06134 -3.10454e-03 |137 -0.02319  2.10375e-04 |138  0.09378  1.42324e-03
139  0.02559  1.83402e-03 |140  0.01708 -2.56579e-03 |141 -0.02895 -1.66732e-03
142 -0.01464  1.55734e-03 |143 -0.01145  2.66953e-03 |144 -0.00052 -5.62487e-03
145  0.45620 -3.65931e-02 |146  0.37725 -3.04747e-02 |147 -0.20153 -1.87262e-01
148 -0.04808  9.17185e-05 |149  0.02235 -7.14302e-04 |150 -0.62679 -2.25526e-03
151 -0.10734  9.54307e-04 |152  4.17407  1.63744e-03 |153 -1.86992  2.17500e-04
154  2.37063 -8.54498e-04 |155  0.20097 -8.88488e-02 |156  0.25686  1.44751e-01
157  0.18181 -3.57403e-03 |158  0.25300  1.36482e-02 |159  0.00148  3.34801e-03
160 -0.09296  1.61848e-02 |161  0.12178 -1.46387e-02 |162  0.29372  5.24710e-02
163  0.18213 -2.14859e-02 |164  0.24655  2.56385e-02 |165 -0.32449 -2.26699e-03
166  0.24806  2.82349e-03 |167  0.04882 -1.51002e-02 |168 -0.17362 -8.56466e-02
169  0.23116 -3.12827e-03 |170  0.31525  2.76945e-03 |171  0.07683  9.13866e-03
172 -0.50640  3.36005e-03 |173 -0.36364 -3.29523e-03 |174  0.24202  1.94633e-02
175  0.06536  1.52436e-02 |176 -0.09359 -9.76890e-02 |177  0.50341 -3.11995e-02
178  0.10401 -1.24793e-02 |179 -0.47682 -2.92082e-03 |180  1.22052 -1.98285e-03
181  1.91309 -3.35049e-04 |182 -0.06296 -1.27871e-02 |183  0.33861  1.71708e-03
184 -0.59103 -3.87423e-03 |185 -0.25045  1.14614e-01 |186  0.33222  5.82644e-03
187 -0.26196  5.30687e-03 |188 -1.44520 -3.79423e-03 |189  0.10536  3.39515e-02
190  0.16838  3.45714e-02 |191  0.21923 -1.71257e-02 |192  0.25545  2.99814e-02
193  0.02238  7.50076e-03 |194 -0.01137  2.46160e-02 |195 -0.16972  1.62299e-02
196 -0.10987  9.36951e-02 |197 -0.55571 -4.79946e-03 |198  0.17037 -8.02616e-03
199  0.09483 -8.57802e-02 |200 -0.26938 -3.08858e-02 |
200 variables; iteration 620; function evaluation 852; phase 4
Function value 7.2097198e+03; maximum gradient component mag 2.2576e-01
Var    Value     Gradient |Var    Value     Gradient |Var    Value     Gradient
  1 -0.44984  5.07678e-02 |  2  0.37849  7.25231e-03 |  3 -0.12224  4.70041e-02
  4 -0.03227  1.40987e-02 |  5 -0.69306 -3.31135e-03 |  6 -0.60396  1.39401e-02
  7  0.38276 -3.86088e-03 |  8 -0.19432 -6.62640e-02 |  9  0.02695 -2.39729e-02
 10 -0.58143  1.22694e-03 | 11 -0.62819 -4.97554e-02 | 12 -0.21646  2.25757e-01
 13 -0.00081  8.23470e-04 | 14 -0.00077  2.04974e-03 | 15 -0.00073  1.16014e-03
 16 -0.00068  1.45211e-03 | 17 -0.00064 -4.40430e-04 | 18 -0.00058 -1.39729e-03
 19 -0.00049  1.17656e-03 | 20 -0.00041  6.62266e-04 | 21 -0.00030  3.11450e-03
 22 -0.00020  1.23807e-03 | 23 -0.00008  2.48602e-04 | 24  0.00006 -7.19551e-04
 25  0.00021  9.30977e-04 | 26  0.00038  1.32864e-03 | 27  0.00057  1.51285e-03
 28  0.00076  8.04065e-04 | 29  0.00098  9.68616e-04 | 30  0.00123  4.68074e-03
 31  0.00148  4.34263e-03 | 32  0.00172 -4.47472e-04 | 33  0.00201  6.14516e-04
 34  0.00232  3.14677e-03 | 35  0.00262  1.56639e-03 | 36  0.00295  3.43569e-04
 37  0.00333  6.15179e-03 | 38  0.00367  1.13053e-03 | 39  0.00405  1.59488e-03
 40  0.00442 -1.95116e-03 | 41  0.00483  1.85769e-03 | 42  0.00519 -3.33009e-03
 43  0.00560  2.21691e-03 | 44  0.00598  3.51834e-03 | 45  0.00633  5.30175e-03
 46  0.00666  9.67208e-03 | 47  0.00691  5.29725e-03 | 48  0.00709  1.00186e-03
 49  0.00722  4.34940e-03 | 50  0.00725  5.16377e-03 | 51  0.00717  3.80576e-03
 52  0.00699  6.01097e-03 | 53  0.00664 -9.14374e-04 | 54  0.00622  1.21197e-03
 55  0.00570  5.03614e-03 | 56  0.00507  4.01872e-03 | 57  0.00439  4.24148e-03
 58  0.00369  3.25924e-03 | 59  0.00299  2.69869e-03 | 60  0.00236  3.89009e-03
 61  0.00182  6.34287e-03 | 62  0.00139  8.49384e-04 | 63  0.00116  4.74001e-03
 64  0.00113  6.45468e-03 | 65  0.00136  1.03637e-02 | 66  0.00185  1.02323e-02
 67  0.00263  5.02041e-03 | 68  0.00377  7.31471e-03 | 69  0.00527  1.27358e-02
 70  0.00705  7.66770e-03 | 71  0.00918  9.13487e-03 | 72  0.01153  8.61026e-03
 73  0.01405  1.33197e-02 | 74  0.01653  9.61902e-03 | 75  0.01884  1.19309e-02
 76  0.02072  9.62450e-03 | 77  0.02202  1.11476e-02 | 78  0.02261  1.23593e-02
 79  0.02249  1.28767e-02 | 80  0.02174  1.28436e-02 | 81  0.02047  1.36051e-02
 82  0.01872  1.42872e-02 | 83  0.01645  1.28264e-02 | 84  0.01356  1.02148e-02
 85  0.01005  1.24212e-02 | 86  0.00600  1.15724e-02 | 87  0.00174  7.54032e-03
 88 -0.00223  1.15285e-02 | 89 -0.00563  1.19309e-02 | 90 -0.00835  6.76324e-03
 91 -0.01058  4.78455e-03 | 92 -0.01264  6.93008e-03 | 93 -0.01458  4.98390e-03
 94 -0.01598  5.65873e-03 | 95 -0.01676  2.35779e-03 | 96 -0.01759  1.63414e-03
 97 -0.01725  9.47512e-04 | 98 -0.01625 -5.77170e-04 | 99 -0.01449 -5.77564e-04
100 -0.01570 -4.01946e-03 |101 -0.01782 -8.25407e-03 |102 -0.02052 -6.25091e-03
103 -0.02839 -7.34114e-03 |104 -0.02935 -1.09579e-02 |105 -0.01739 -1.32942e-02
106 -0.01979 -1.44053e-02 |107 -0.03698 -1.47545e-02 |108 -0.01989 -1.71651e-02
109  0.02846 -2.24383e-02 |110 -0.00454 -1.81653e-02 |111 -0.03982 -1.19392e-02
112 -0.01996 -7.23374e-03 |113 -0.00249 -4.64764e-03 |114  0.02101 -1.73876e-03
115 -0.00442  1.84882e-03 |116 -0.06154  6.28146e-04 |117 -0.07181  1.84936e-03
118 -0.06525 -1.36426e-03 |119 -0.01976 -2.92244e-03 |120  0.10841 -2.16920e-02
121  0.06054 -1.72825e-02 |122  0.04506 -1.55150e-02 |123 -0.01449 -1.00089e-02
124 -0.05880 -9.03311e-03 |125 -0.00328 -1.31045e-02 |126 -0.00174 -1.34632e-02
127 -0.04555 -4.80439e-03 |128 -0.00247 -6.35312e-03 |129  0.04719 -9.02447e-03
130 -0.02103 -8.22818e-04 |131  0.05520 -1.87820e-03 |132 -0.00814  1.44314e-03
133  0.11955  5.26870e-03 |134 -0.01515  4.99151e-04 |135 -0.05476  3.30540e-04
136 -0.06132 -2.74088e-03 |137 -0.02319  4.66606e-04 |138  0.09377  1.86685e-04
139  0.02560  2.17708e-03 |140  0.01708 -5.86611e-04 |141 -0.02894 -7.68439e-04
142 -0.01464  2.51758e-03 |143 -0.01145  2.10476e-04 |144 -0.00052 -6.76553e-03
145  0.45601 -1.14161e-02 |146  0.37720 -8.99631e-03 |147 -0.19787  8.16030e-02
148  0.01472 -8.23389e-03 |149  0.01926 -3.23011e-02 |150 -0.57784  2.18241e-03
151 -0.11678  9.24751e-03 |152  4.10262  1.06838e-05 |153 -1.91529 -3.28749e-03
154  2.38545 -1.22530e-04 |155  0.20101  2.31393e-02 |156  0.25686 -2.72108e-02
157  0.18186  1.09138e-02 |158  0.25300 -1.20112e-02 |159  0.00146  5.74897e-03
160 -0.09295  1.04306e-02 |161  0.12182  5.04020e-03 |162  0.29372 -8.42900e-03
163  0.18218  3.13091e-03 |164  0.24655 -4.98732e-03 |165 -0.32449  1.67095e-03
166  0.24806 -2.25601e-03 |167  0.04882 -2.89081e-03 |168 -0.17358 -1.48378e-02
169  0.23134 -5.19057e-03 |170  0.31525  4.62958e-04 |171  0.07681 -2.55344e-02
172 -0.56423 -1.80933e-03 |173 -0.36350 -1.26302e-03 |174  0.24205  6.54032e-03
175  0.06528  3.20523e-03 |176 -0.09363 -6.07174e-02 |177  0.50197 -3.31724e-02
178  0.10403 -1.81321e-02 |179 -0.42924 -2.51078e-03 |180  1.23070 -7.17011e-04
181  1.86421 -6.44259e-04 |182 -0.06418 -1.73569e-02 |183  0.32148  1.62922e-03
184 -0.53551 -2.56618e-03 |185 -0.25023  9.75195e-02 |186  0.33349  1.08949e-02
187 -0.27629 -2.77121e-04 |188 -1.40785  5.19073e-04 |189  0.10538 -2.83089e-02
190  0.16841  6.09299e-02 |191  0.21923  2.54005e-02 |192  0.25544 -6.29891e-02
193  0.02238 -6.08891e-03 |194 -0.01139  1.68305e-02 |195 -0.16971  3.39841e-02
196 -0.10986  3.87776e-02 |197 -0.55564 -1.60131e-03 |198  0.17040 -3.18322e-03
199  0.09482 -2.93152e-02 |200 -0.26930  6.50854e-04 |
200 variables; iteration 640; function evaluation 878; phase 4
Function value 7.2097192e+03; maximum gradient component mag -4.0950e-02
Var    Value     Gradient |Var    Value     Gradient |Var    Value     Gradient
  1 -0.44985 -3.48014e-02 |  2  0.37849 -7.26975e-03 |  3 -0.12223 -1.04660e-02
  4 -0.03228 -9.61136e-03 |  5 -0.69305 -2.72230e-03 |  6 -0.60396 -1.06181e-02
  7  0.38276 -3.53769e-03 |  8 -0.19433 -2.95623e-03 |  9  0.02695 -5.50419e-03
 10 -0.58142 -1.81947e-03 | 11 -0.62819 -1.16714e-02 | 12 -0.21648 -2.30419e-02
 13 -0.00080  9.50810e-04 | 14 -0.00077 -2.31628e-04 | 15 -0.00073  1.41767e-04
 16 -0.00068  1.73688e-04 | 17 -0.00063  1.64993e-05 | 18 -0.00056  4.32194e-04
 19 -0.00049  1.15319e-04 | 20 -0.00040  5.50977e-05 | 21 -0.00030  5.14376e-04
 22 -0.00019  5.88016e-04 | 23 -0.00007 -3.75374e-04 | 24  0.00007  7.76981e-04
 25  0.00022 -1.07790e-04 | 26  0.00039  8.89787e-04 | 27  0.00057  5.75084e-04
 28  0.00077 -9.30663e-04 | 29  0.00099  2.43673e-05 | 30  0.00122  3.63500e-04
 31  0.00148  9.21535e-04 | 32  0.00174  5.61452e-04 | 33  0.00202 -3.52936e-04
 34  0.00231 -9.73244e-05 | 35  0.00263  3.74225e-04 | 36  0.00297  5.03437e-04
 37  0.00331  5.49900e-05 | 38  0.00368  1.08319e-05 | 39  0.00406  9.23729e-04
 40  0.00444 -8.76772e-05 | 41  0.00483  2.32929e-04 | 42  0.00522  9.95682e-05
 43  0.00560 -4.56703e-04 | 44  0.00598  1.21677e-03 | 45  0.00633  5.71229e-04
 46  0.00664  5.52945e-04 | 47  0.00690  6.26164e-04 | 48  0.00710  2.57090e-04
 49  0.00723  1.46109e-03 | 50  0.00726  1.17742e-03 | 51  0.00717  4.73822e-06
 52  0.00699  8.32686e-04 | 53  0.00667  1.23281e-03 | 54  0.00624  8.63079e-04
 55  0.00570  3.84607e-04 | 56  0.00508  3.33220e-04 | 57  0.00440  7.81413e-05
 58  0.00370  5.85501e-04 | 59  0.00301  9.09293e-05 | 60  0.00237  2.35915e-04
 61  0.00183  7.31948e-04 | 62  0.00141 -4.73844e-04 | 63  0.00117  3.03335e-04
 64  0.00114  3.78126e-04 | 65  0.00135  1.07523e-03 | 66  0.00184  5.06636e-04
 67  0.00265  5.28003e-04 | 68  0.00378  1.07237e-03 | 69  0.00525  1.07395e-03
 70  0.00706  4.04414e-04 | 71  0.00918  8.22903e-04 | 72  0.01154  8.75470e-04
 73  0.01405  1.71074e-03 | 74  0.01654  1.10525e-03 | 75  0.01884  1.28493e-03
 76  0.02073  9.43522e-04 | 77  0.02202  1.06799e-03 | 78  0.02262  1.35313e-03
 79  0.02249  1.40452e-03 | 80  0.02174  1.46599e-03 | 81  0.02047  1.76635e-03
 82  0.01872  1.64820e-03 | 83  0.01646  1.77336e-03 | 84  0.01358  1.38254e-03
 85  0.01006  1.76598e-03 | 86  0.00601  1.46245e-03 | 87  0.00176  6.23616e-04
 88 -0.00223  1.76180e-03 | 89 -0.00562  2.22012e-03 | 90 -0.00833  8.65174e-04
 91 -0.01056  9.73527e-04 | 92 -0.01262  1.43501e-03 | 93 -0.01456  9.73373e-04
 94 -0.01597  1.09627e-03 | 95 -0.01674  1.18082e-03 | 96 -0.01757  1.27513e-03
 97 -0.01723  1.17723e-03 | 98 -0.01623  1.40022e-03 | 99 -0.01447  1.38943e-03
100 -0.01568  1.26752e-03 |101 -0.01779  1.15348e-03 |102 -0.02050  1.44540e-03
103 -0.02838  1.80192e-03 |104 -0.02934  1.94120e-03 |105 -0.01738  2.09662e-03
106 -0.01979  2.20367e-03 |107 -0.03698  1.71460e-03 |108 -0.01990  1.99379e-03
109  0.02842  2.99066e-03 |110 -0.00457  1.87915e-03 |111 -0.03986  9.86548e-04
112 -0.02001  2.07568e-03 |113 -0.00255  1.47863e-03 |114  0.02094 -8.03370e-06
115 -0.00450 -1.29718e-03 |116 -0.06160 -2.23938e-03 |117 -0.07188 -3.11743e-03
118 -0.06532 -4.93271e-03 |119 -0.01983 -8.43945e-03 |120  0.10832 -2.85256e-02
121  0.06050 -2.05346e-02 |122  0.04502 -1.71057e-02 |123 -0.01451 -1.05955e-02
124 -0.05880 -7.40850e-03 |125 -0.00327 -9.30239e-03 |126 -0.00173 -7.24279e-03
127 -0.04556 -2.98834e-03 |128 -0.00249 -2.11098e-03 |129  0.04716 -2.12869e-03
130 -0.02105  8.40420e-04 |131  0.05519  8.70259e-04 |132 -0.00815  8.61082e-04
133  0.11954  2.72651e-03 |134 -0.01515  3.23694e-04 |135 -0.05476  2.58191e-04
136 -0.06132 -4.62453e-04 |137 -0.02319 -7.34746e-05 |138  0.09377  5.61474e-05
139  0.02559  4.66591e-04 |140  0.01708 -3.10053e-04 |141 -0.02894 -3.25669e-04
142 -0.01464 -9.13245e-05 |143 -0.01146  3.49487e-04 |144 -0.00050 -1.17509e-03
145  0.45611 -4.42193e-03 |146  0.37722 -4.25063e-03 |147 -0.19505 -1.74121e-02
148  0.07024  2.90725e-03 |149  0.01823 -2.18941e-02 |150 -0.59604  7.86893e-05
151 -0.13176  4.31442e-03 |152  3.99999  3.31357e-06 |153 -1.83010  9.47950e-05
154  2.41506 -3.77977e-05 |155  0.20101  4.40306e-03 |156  0.25686 -6.24737e-03
157  0.18187  4.14570e-03 |158  0.25300 -4.47415e-03 |159  0.00146  1.44851e-03
160 -0.09294  2.80269e-03 |161  0.12184  4.37924e-03 |162  0.29372 -5.95765e-03
163  0.18219  1.49369e-03 |164  0.24656 -1.70041e-03 |165 -0.32450 -4.00133e-04
166  0.24806  5.75825e-04 |167  0.04882 -2.85314e-03 |168 -0.17360 -9.64235e-03
169  0.23123 -1.77227e-03 |170  0.31524  1.27744e-03 |171  0.07682 -8.24015e-03
172 -0.54656 -7.51403e-04 |173 -0.36348 -5.71726e-04 |174  0.24206  2.04467e-03
175  0.06529  1.30574e-03 |176 -0.09363 -1.11105e-02 |177  0.50055 -3.81420e-02
178  0.10403  6.49012e-03 |179 -0.39862 -2.27216e-03 |180  1.22865 -9.23370e-04
181  1.92707 -1.14660e-04 |182 -0.06240 -3.72182e-04 |183  0.31128  1.33263e-03
184 -0.49496 -8.91745e-04 |185 -0.25101  2.35005e-02 |186  0.33345  9.27039e-03
187 -0.25923  2.34817e-03 |188 -1.42105 -7.14588e-04 |189  0.10538  2.22095e-03
190  0.16842  3.72439e-02 |191  0.21923 -2.45129e-03 |192  0.25545 -4.09504e-02
193  0.02238  1.47166e-04 |194 -0.01140  1.02458e-02 |195 -0.16971  4.87847e-03
196 -0.10986  2.18514e-02 |197 -0.55566 -6.67546e-04 |198  0.17039 -1.62205e-03
199  0.09482 -1.61514e-02 |200 -0.26933 -4.12769e-03 |
200 variables; iteration 660; function evaluation 898; phase 4
Function value 7.2097191e+03; maximum gradient component mag -1.1603e-01
Var    Value     Gradient |Var    Value     Gradient |Var    Value     Gradient
  1 -0.44985  8.92502e-02 |  2  0.37849  1.73453e-02 |  3 -0.12223  2.83868e-02
  4 -0.03228  2.52243e-02 |  5 -0.69305  1.51788e-04 |  6 -0.60396  2.69607e-03
  7  0.38276  1.47815e-02 |  8 -0.19432  2.17820e-02 |  9  0.02695  1.93333e-02
 10 -0.58142  1.44931e-03 | 11 -0.62819  1.92349e-02 | 12 -0.21648 -1.16028e-01
 13 -0.00080  7.80201e-05 | 14 -0.00077 -1.16485e-03 | 15 -0.00073 -8.07958e-04
 16 -0.00069 -9.06777e-04 | 17 -0.00063 -1.06427e-03 | 18 -0.00056 -4.54856e-04
 19 -0.00049 -8.39286e-04 | 20 -0.00040 -7.26047e-04 | 21 -0.00030 -5.20812e-04
 22 -0.00019 -3.29431e-04 | 23 -0.00007 -1.70519e-03 | 24  0.00007 -9.90484e-04
 25  0.00021 -1.66527e-03 | 26  0.00039 -9.20795e-04 | 27  0.00057 -1.08361e-03
 28  0.00077 -1.99822e-03 | 29  0.00098 -1.79307e-03 | 30  0.00122 -1.12058e-03
 31  0.00147 -4.98586e-04 | 32  0.00174 -1.10253e-03 | 33  0.00202 -1.24917e-03
 34  0.00231 -1.57317e-03 | 35  0.00263 -1.13152e-03 | 36  0.00296 -1.15959e-03
 37  0.00331 -1.58244e-03 | 38  0.00368 -1.88287e-03 | 39  0.00406 -7.59739e-04
 40  0.00444 -2.09911e-03 | 41  0.00483 -1.49981e-03 | 42  0.00522 -2.28726e-03
 43  0.00560 -2.46905e-03 | 44  0.00598 -8.50770e-04 | 45  0.00632 -1.44997e-03
 46  0.00664 -1.52729e-03 | 47  0.00690 -1.65183e-03 | 48  0.00710 -2.23239e-03
 49  0.00722 -9.48712e-04 | 50  0.00725 -1.22728e-03 | 51  0.00717 -2.80794e-03
 52  0.00698 -1.89261e-03 | 53  0.00667 -1.66482e-03 | 54  0.00624 -2.09758e-03
 55  0.00570 -2.53998e-03 | 56  0.00507 -2.65457e-03 | 57  0.00439 -3.04741e-03
 58  0.00369 -2.79841e-03 | 59  0.00300 -3.25448e-03 | 60  0.00236 -3.23948e-03
 61  0.00182 -2.71078e-03 | 62  0.00140 -3.77714e-03 | 63  0.00116 -3.15891e-03
 64  0.00113 -3.03482e-03 | 65  0.00135 -2.21945e-03 | 66  0.00184 -3.17292e-03
 67  0.00264 -3.59631e-03 | 68  0.00377 -3.22167e-03 | 69  0.00525 -2.95473e-03
 70  0.00705 -3.91296e-03 | 71  0.00917 -3.66612e-03 | 72  0.01153 -4.07831e-03
 73  0.01404 -3.42680e-03 | 74  0.01653 -4.27912e-03 | 75  0.01884 -4.36460e-03
 76  0.02072 -4.92932e-03 | 77  0.02202 -5.02159e-03 | 78  0.02261 -4.96007e-03
 79  0.02248 -5.11296e-03 | 80  0.02173 -5.10276e-03 | 81  0.02046 -5.21494e-03
 82  0.01871 -5.27156e-03 | 83  0.01645 -5.33123e-03 | 84  0.01357 -5.75205e-03
 85  0.01004 -5.50062e-03 | 86  0.00600 -5.51830e-03 | 87  0.00175 -6.23735e-03
 88 -0.00224 -5.10305e-03 | 89 -0.00564 -4.78791e-03 | 90 -0.00835 -6.09870e-03
 91 -0.01057 -6.09296e-03 | 92 -0.01264 -4.89087e-03 | 93 -0.01458 -5.41555e-03
 94 -0.01599 -5.31679e-03 | 95 -0.01675 -5.44782e-03 | 96 -0.01759 -5.04024e-03
 97 -0.01724 -4.95078e-03 | 98 -0.01625 -4.45717e-03 | 99 -0.01449 -4.05329e-03
100 -0.01570 -4.01616e-03 |101 -0.01780 -3.68757e-03 |102 -0.02052 -2.43906e-03
103 -0.02839 -1.23527e-03 |104 -0.02935 -4.54246e-04 |105 -0.01739  9.38000e-04
106 -0.01980  2.35956e-03 |107 -0.03698  3.04982e-03 |108 -0.01989  4.55840e-03
109  0.02845  9.32992e-03 |110 -0.00455  7.75589e-03 |111 -0.03983  6.66266e-03
112 -0.01997  9.46984e-03 |113 -0.00251  1.15704e-02 |114  0.02099  1.38330e-02
115 -0.00444  1.11081e-02 |116 -0.06155  6.23357e-03 |117 -0.07183  5.53662e-03
118 -0.06527  5.61676e-03 |119 -0.01979  9.41288e-03 |120  0.10839  2.49384e-02
121  0.06053  1.64820e-02 |122  0.04505  1.28883e-02 |123 -0.01449  7.62364e-03
124 -0.05878  4.15059e-03 |125 -0.00326  4.96634e-03 |126 -0.00172  4.03664e-03
127 -0.04555  3.08392e-03 |128 -0.00248  3.00865e-03 |129  0.04717  2.44721e-03
130 -0.02105  7.23085e-04 |131  0.05519  3.42109e-04 |132 -0.00815  2.60498e-04
133  0.11954  1.15716e-03 |134 -0.01515 -6.71890e-05 |135 -0.05476 -1.62887e-04
136 -0.06132 -7.29363e-04 |137 -0.02319 -1.69733e-04 |138  0.09377  2.25394e-04
139  0.02559  2.99093e-04 |140  0.01708 -3.82331e-04 |141 -0.02893 -1.10179e-04
142 -0.01464  4.92507e-04 |143 -0.01146  2.42089e-04 |144 -0.00050 -1.27167e-03
145  0.45606 -4.17479e-03 |146  0.37723 -6.96484e-03 |147 -0.19510  1.71410e-02
148  0.06914  6.21138e-04 |149  0.01824  4.51386e-03 |150 -0.59221  4.58041e-04
151 -0.14753 -4.20225e-03 |152  3.97052  3.35376e-04 |153 -1.83490  8.33655e-04
154  2.41166 -3.75616e-04 |155  0.20101 -1.08831e-02 |156  0.25686  1.38130e-02
157  0.18187 -5.74148e-03 |158  0.25300  3.34539e-03 |159  0.00146 -2.32847e-03
160 -0.09294 -3.17043e-03 |161  0.12183 -6.38564e-03 |162  0.29372  9.94734e-03
163  0.18219 -6.30827e-03 |164  0.24656  6.00679e-03 |165 -0.32449  6.79686e-04
166  0.24806  5.68903e-04 |167  0.04882  5.57250e-04 |168 -0.17359 -5.37255e-03
169  0.23133 -1.10493e-03 |170  0.31525  4.36540e-05 |171  0.07681 -4.60617e-03
172 -0.53594  5.13828e-05 |173 -0.36351  5.79686e-04 |174  0.24205 -6.47736e-04
175  0.06529  2.12909e-03 |176 -0.09362 -3.89917e-03 |177  0.50317 -3.15050e-02
178  0.10401  1.17146e-02 |179 -0.37849 -2.12420e-03 |180  1.23328 -1.24151e-04
181  1.97365  3.33918e-04 |182 -0.06368  1.45750e-03 |183  0.29089  4.46760e-04
184 -0.47650  3.62057e-04 |185 -0.25064  3.42468e-02 |186  0.33350 -1.06920e-03
187 -0.28010 -1.32070e-03 |188 -1.41358 -5.92322e-06 |189  0.10538 -1.02658e-02
190  0.16842 -3.53008e-02 |191  0.21923  3.40221e-03 |192  0.25545  3.40163e-02
193  0.02238 -1.40265e-02 |194 -0.01140 -1.49379e-02 |195 -0.16971 -1.76208e-02
196 -0.10986 -3.55899e-02 |197 -0.55564 -1.99756e-03 |198  0.17040  3.96106e-04
199  0.09482 -2.10579e-02 |200 -0.26933 -2.56821e-03 |
200 variables; iteration 680; function evaluation 955; phase 4
Function value 7.2071166e+03; maximum gradient component mag 1.3994e+02
Var    Value     Gradient |Var    Value     Gradient |Var    Value     Gradient
  1 -0.45003  1.06898e+02 |  2  0.37835 -3.97282e+00 |  3 -0.12238  6.21096e+01
  4 -0.03184  5.87114e+00 |  5 -0.69232  2.36646e+00 |  6 -0.60413  4.81059e+01
  7  0.38283 -1.65158e+01 |  8 -0.19402 -1.25508e+02 |  9  0.02671 -3.33738e+01
 10 -0.58179 -2.02810e+00 | 11 -0.62805 -1.34697e+02 | 12 -0.21617  1.39943e+02
 13 -0.00178  3.20623e-01 | 14 -0.00018  7.36275e-01 | 15 -0.00054  6.55039e-01
 16 -0.00044  6.86694e-01 | 17 -0.00048  6.83776e-01 | 18 -0.00124  4.96185e-01
 19 -0.00067  6.46200e-01 | 20 -0.00028  7.47536e-01 | 21 -0.00018  7.71589e-01
 22 -0.00090  5.88778e-01 | 23  0.00052  9.42934e-01 | 24 -0.00088  5.83899e-01
 25  0.00047  9.17922e-01 | 26 -0.00054  6.51549e-01 | 27  0.00001  7.80030e-01
 28  0.00157  1.15812e+00 | 29  0.00060  8.96669e-01 | 30  0.00123  1.03653e+00
 31  0.00092  9.37416e-01 | 32  0.00123  9.91758e-01 | 33  0.00234  1.24688e+00
 34  0.00245  1.24939e+00 | 35  0.00232  1.18906e+00 | 36  0.00276  1.27275e+00
 37  0.00343  1.41289e+00 | 38  0.00360  1.42810e+00 | 39  0.00382  1.45699e+00
 40  0.00459  1.62357e+00 | 41  0.00499  1.70057e+00 | 42  0.00500  1.68383e+00
 43  0.00605  1.93470e+00 | 44  0.00536  1.75584e+00 | 45  0.00613  1.95318e+00
 46  0.00643  2.04495e+00 | 47  0.00662  2.12736e+00 | 48  0.00678  2.22033e+00
 49  0.00646  2.21846e+00 | 50  0.00664  2.37277e+00 | 51  0.00724  2.66459e+00
 52  0.00674  2.71363e+00 | 53  0.00611  2.76570e+00 | 54  0.00589  2.95502e+00
 55  0.00578  3.20303e+00 | 56  0.00492  3.27986e+00 | 57  0.00486  3.58620e+00
 58  0.00340  3.53049e+00 | 59  0.00323  3.82326e+00 | 60  0.00254  3.96954e+00
 61  0.00180  4.08115e+00 | 62  0.00190  4.39840e+00 | 63  0.00124  4.45953e+00
 64  0.00110  4.61640e+00 | 65  0.00093  4.70072e+00 | 66  0.00178  5.00961e+00
 67  0.00275  5.27537e+00 | 68  0.00360  5.42796e+00 | 69  0.00487  5.61773e+00
 70  0.00721  6.02903e+00 | 71  0.00917  6.26028e+00 | 72  0.01152  6.54407e+00
 73  0.01355  6.70804e+00 | 74  0.01649  7.12395e+00 | 75  0.01879  7.40917e+00
 76  0.02079  7.69493e+00 | 77  0.02212  7.91742e+00 | 78  0.02269  8.07093e+00
 79  0.02257  8.16168e+00 | 80  0.02165  8.13924e+00 | 81  0.02040  8.10083e+00
 82  0.01872  8.00475e+00 | 83  0.01641  7.79722e+00 | 84  0.01366  7.55302e+00
 85  0.01008  7.16757e+00 | 86  0.00613  6.74323e+00 | 87  0.00232  6.36098e+00
 88 -0.00229  5.62879e+00 | 89 -0.00585  5.01239e+00 | 90 -0.00799  4.59000e+00
 91 -0.01028  3.95541e+00 | 92 -0.01239  3.27339e+00 | 93 -0.01439  2.53505e+00
 94 -0.01581  1.75634e+00 | 95 -0.01646  9.60160e-01 | 96 -0.01738  3.96659e-02
 97 -0.01705 -9.27045e-01 | 98 -0.01611 -2.00863e+00 | 99 -0.01441 -3.23740e+00
100 -0.01541 -4.48332e+00 |101 -0.01721 -5.80489e+00 |102 -0.02005 -7.31491e+00
103 -0.02808 -8.54346e+00 |104 -0.02891 -1.01224e+01 |105 -0.01688 -1.29169e+01
106 -0.01915 -1.42288e+01 |107 -0.03632 -1.34723e+01 |108 -0.01911 -1.62565e+01
109  0.02933 -2.43841e+01 |110 -0.00326 -1.87200e+01 |111 -0.03884 -1.36806e+01
112 -0.01914 -1.50958e+01 |113 -0.00153 -1.56254e+01 |114  0.02225 -1.60371e+01
115 -0.00339 -1.03069e+01 |116 -0.06065 -4.32479e+00 |117 -0.07159 -1.88373e+00
118 -0.06527  2.15385e-01 |119 -0.02028  2.79975e+00 |120  0.10891  1.24076e+01
121  0.06115  1.01844e+01 |122  0.04597  9.74047e+00 |123 -0.01484  6.02835e+00
124 -0.05985  3.73555e+00 |125 -0.00635  4.43846e+00 |126 -0.00493  2.35810e+00
127 -0.04789 -9.74340e-02 |128 -0.00378 -1.74644e+00 |129  0.04810 -3.46745e+00
130 -0.02005 -2.17675e+00 |131  0.05624 -3.56701e+00 |132 -0.00789 -1.62240e+00
133  0.11991 -2.64106e+00 |134 -0.01508 -5.51129e-01 |135 -0.05490 -2.88752e-01
136 -0.06101 -1.30493e-02 |137 -0.02293 -4.83270e-02 |138  0.09398 -2.47428e-01
139  0.02563 -1.27406e-01 |140  0.01725 -2.39591e-02 |141 -0.02884  1.59555e-02
142 -0.01474 -2.44882e-02 |143 -0.01158 -4.42335e-02 |144 -0.00017  8.06611e-02
145  0.45517  8.72776e+00 |146  0.37653  1.87547e+00 |147 -0.24272  7.54105e+00
148  0.07889  3.16092e-03 |149  0.05191  2.36487e+01 |150 -0.88172 -1.66499e-02
151 -0.22689  1.74315e-04 |152  3.61890 -2.14301e-03 |153 -3.15609  1.25537e-02
154  2.19970 -1.69802e-04 |155  0.20086  7.89586e+00 |156  0.25697 -1.87528e+01
157  0.18182  1.10743e+00 |158  0.25318 -1.23223e+00 |159  0.00141  5.09699e-01
160 -0.09313  1.84418e+00 |161  0.12114  3.06876e+00 |162  0.29370 -8.07329e+00
163  0.18198  2.48779e+00 |164  0.24666 -3.43117e+00 |165 -0.32519  7.67144e-01
166  0.24789 -9.56462e-01 |167  0.04900  2.09159e+00 |168 -0.17360  2.83581e+01
169  0.23252  3.39631e+00 |170  0.31545 -2.40423e+00 |171  0.07667  1.71403e+01
172 -0.45589  2.11891e-02 |173 -0.36488  8.31287e-01 |174  0.24177 -2.37646e+00
175  0.06527 -1.64422e+00 |176 -0.09410  5.00988e+00 |177  0.70982 -7.28960e+00
178  0.10247 -2.21191e+00 |179 -0.14748  4.81901e-01 |180  0.56936 -1.16146e+00
181  3.33058 -5.49610e-03 |182 -0.07538 -1.66951e+00 |183 -0.47232 -3.88857e-03
184 -1.09377  2.11726e-02 |185 -0.25524  8.32311e+00 |186  0.28724 -5.74810e+00
187 -0.20203  7.29887e-01 |188 -0.93542 -3.07851e-02 |189  0.10524 -7.66800e+00
190  0.16813 -8.00679e+00 |191  0.21919  6.02222e+00 |192  0.25550  9.16022e+00
193  0.02248  5.72221e-01 |194 -0.01110  1.93546e-01 |195 -0.16986  2.45251e+01
196 -0.11001  9.93325e+00 |197 -0.55618  4.88785e-01 |198  0.17030  8.96329e-02
199  0.09525  6.72231e+00 |200 -0.27104  8.97635e-01 |
200 variables; iteration 700; function evaluation 980; phase 4
Function value 7.2050797e+03; maximum gradient component mag -5.1391e+00
Var    Value     Gradient |Var    Value     Gradient |Var    Value     Gradient
  1 -0.46059  1.95507e+00 |  2  0.37837  5.97585e-01 |  3 -0.12320  1.89450e-01
  4 -0.03133  6.20707e-01 |  5 -0.69099 -2.32097e-02 |  6 -0.60469 -3.75880e-01
  7  0.38234  7.02849e-01 |  8 -0.19300  2.01360e+00 |  9  0.02695  9.74926e-01
 10 -0.58349  1.02254e-01 | 11 -0.62763  1.75855e+00 | 12 -0.22269 -5.13906e+00
 13 -0.00104 -3.54488e-02 | 14 -0.00097 -2.46444e-02 | 15 -0.00097 -3.39012e-02
 16 -0.00090 -2.70528e-02 | 17 -0.00090 -4.00391e-02 | 18 -0.00088 -5.08169e-02
 19 -0.00074 -3.46360e-02 | 20 -0.00072 -4.84363e-02 | 21 -0.00058 -3.68624e-02
 22 -0.00052 -4.54783e-02 | 23 -0.00036 -3.37813e-02 | 24 -0.00026 -4.14790e-02
 25 -0.00009 -3.34701e-02 | 26  0.00005 -3.74639e-02 | 27  0.00018 -4.70412e-02
 28  0.00034 -5.26257e-02 | 29  0.00057 -4.38915e-02 | 30  0.00078 -4.47480e-02
 31  0.00098 -5.13472e-02 | 32  0.00119 -5.73159e-02 | 33  0.00142 -6.27711e-02
 34  0.00171 -5.83517e-02 | 35  0.00197 -6.45032e-02 | 36  0.00229 -5.92356e-02
 37  0.00260 -6.08683e-02 | 38  0.00289 -6.84087e-02 | 39  0.00320 -7.11953e-02
 40  0.00348 -8.30027e-02 | 41  0.00383 -7.85257e-02 | 42  0.00414 -8.30928e-02
 43  0.00447 -8.02175e-02 | 44  0.00477 -8.09866e-02 | 45  0.00505 -8.13269e-02
 46  0.00528 -8.48583e-02 | 47  0.00548 -8.64285e-02 | 48  0.00558 -9.32773e-02
 49  0.00563 -9.48773e-02 | 50  0.00557 -1.00773e-01 | 51  0.00542 -1.00784e-01
 52  0.00512 -1.07085e-01 | 53  0.00473 -1.06321e-01 | 54  0.00417 -1.15075e-01
 55  0.00352 -1.20765e-01 | 56  0.00278 -1.26840e-01 | 57  0.00201 -1.26542e-01
 58  0.00118 -1.35134e-01 | 59  0.00041 -1.33359e-01 | 60 -0.00033 -1.37579e-01
 61 -0.00099 -1.42073e-01 | 62 -0.00152 -1.50681e-01 | 63 -0.00184 -1.51681e-01
 64 -0.00195 -1.53379e-01 | 65 -0.00179 -1.54169e-01 | 66 -0.00133 -1.54413e-01
 67 -0.00061 -1.68957e-01 | 68  0.00053 -1.68359e-01 | 69  0.00204 -1.63273e-01
 70  0.00382 -1.82478e-01 | 71  0.00595 -1.96107e-01 | 72  0.00839 -2.00751e-01
 73  0.01102 -1.99653e-01 | 74  0.01355 -2.20872e-01 | 75  0.01597 -2.22666e-01
 76  0.01793 -2.36431e-01 | 77  0.01931 -2.44980e-01 | 78  0.01995 -2.60419e-01
 79  0.01997 -2.56809e-01 | 80  0.01936 -2.58122e-01 | 81  0.01824 -2.59864e-01
 82  0.01670 -2.60420e-01 | 83  0.01468 -2.64847e-01 | 84  0.01213 -2.65370e-01
 85  0.00906 -2.54005e-01 | 86  0.00547 -2.57498e-01 | 87  0.00174 -2.58116e-01
 88 -0.00164 -2.40647e-01 | 89 -0.00443 -2.29160e-01 | 90 -0.00653 -2.17426e-01
 91 -0.00822 -2.18330e-01 | 92 -0.00977 -2.14564e-01 | 93 -0.01120 -2.01274e-01
 94 -0.01216 -1.93539e-01 | 95 -0.01252 -1.88187e-01 | 96 -0.01297 -1.69291e-01
 97 -0.01229 -1.49420e-01 | 98 -0.01105 -1.33609e-01 | 99 -0.00909 -1.09698e-01
100 -0.01033 -8.85550e-02 |101 -0.01264 -6.31636e-02 |102 -0.01561 -2.32566e-02
103 -0.02388  3.34826e-02 |104 -0.02517  7.55016e-02 |105 -0.01319  1.44781e-01
106 -0.01589  2.03394e-01 |107 -0.03379  2.30917e-01 |108 -0.01693  3.28392e-01
109  0.03224  5.68659e-01 |110 -0.00155  4.98352e-01 |111 -0.03732  4.13912e-01
112 -0.01738  5.19199e-01 |113  0.00015  6.24482e-01 |114  0.02375  7.59258e-01
115 -0.00199  6.01269e-01 |116 -0.05957  3.62380e-01 |117 -0.06977  3.34955e-01
118 -0.06308  3.12256e-01 |119 -0.01784  3.68072e-01 |120  0.11242  8.21542e-01
121  0.06357  5.12123e-01 |122  0.04837  3.91025e-01 |123 -0.01242  2.19085e-01
124 -0.05721  1.37144e-01 |125 -0.00276  1.56419e-01 |126 -0.00153  1.09923e-01
127 -0.04549  5.51772e-02 |128 -0.00178  2.12014e-02 |129  0.04807 -1.68230e-02
130 -0.01960 -2.43909e-02 |131  0.05670 -1.76480e-02 |132 -0.00714  8.96039e-04
133  0.12070  6.74470e-03 |134 -0.01428  1.26034e-02 |135 -0.05419  1.78323e-02
136 -0.06086 -5.85007e-03 |137 -0.02282 -2.18537e-03 |138  0.09437 -3.72787e-03
139  0.02563 -1.74246e-03 |140  0.01733  3.09088e-03 |141 -0.02899 -7.67040e-03
142 -0.01460 -8.48307e-03 |143 -0.01149 -2.65393e-03 |144 -0.00052 -6.93520e-03
145  0.46201 -1.58441e-01 |146  0.37976 -3.02605e-02 |147 -0.22930 -3.08103e-01
148 -0.25841 -1.35022e-03 |149  0.03016 -3.47788e-01 |150 -1.43121 -3.97960e-03
151  0.07606  5.96659e-02 |152  5.58531 -4.68738e-03 |153 -5.53896  2.77881e-03
154  2.30572 -4.23995e-04 |155  0.20022 -1.13489e-01 |156  0.25691  1.90814e-01
157  0.18132 -1.33425e-01 |158  0.25288  1.38378e-01 |159  0.00181 -2.31429e-02
160 -0.09359 -1.52561e-01 |161  0.12047 -1.29165e-01 |162  0.29357  2.14964e-01
163  0.18150 -8.35629e-02 |164  0.24644  1.02794e-01 |165 -0.32519 -2.15555e-02
166  0.24792  2.32426e-02 |167  0.04898 -3.85047e-02 |168 -0.17412 -5.00081e-01
169  0.22902 -5.57722e-02 |170  0.31520  4.73799e-02 |171  0.07705 -3.30282e-01
172 -0.61567 -3.81582e-03 |173 -0.36793  1.10809e-02 |174  0.24099  5.38221e-02
175  0.06642  1.60146e-01 |176 -0.09436 -4.32257e-01 |177  0.72940 -3.80033e-01
178  0.10275  4.80777e-02 |179 -0.11380 -2.88005e-04 |180  0.60933 -5.18761e-02
181  2.77173  8.38243e-03 |182 -0.02529  2.04084e-02 |183 -0.39673 -2.25216e-02
184 -1.15859  1.23435e-02 |185 -0.24935  7.37026e-01 |186  0.31748  5.02680e-02
187 -0.25491  4.27755e-02 |188 -0.51673  1.25422e-02 |189  0.10542 -5.46125e-01
190  0.16792 -9.32335e-01 |191  0.21934  2.90366e-01 |192  0.25533  8.38945e-01
193  0.02274 -5.51675e-01 |194 -0.01083 -3.16520e-01 |195 -0.17020 -8.34836e-01
196 -0.11047 -1.47285e+00 |197 -0.55742  4.98164e-03 |198  0.16997 -8.84177e-03
199  0.09497 -6.05411e-02 |200 -0.26695  2.80778e-05 |
200 variables; iteration 720; function evaluation 1022; phase 4
Function value 7.2050449e+03; maximum gradient component mag 1.3929e+01
Var    Value     Gradient |Var    Value     Gradient |Var    Value     Gradient
  1 -0.46041  1.39291e+01 |  2  0.37831  1.79799e+00 |  3 -0.12323  3.67603e+00
  4 -0.03120  2.70363e+00 |  5 -0.69134  9.86727e-02 |  6 -0.60465  1.13639e+00
  7  0.38230  1.16116e+00 |  8 -0.19308 -1.52764e-01 |  9  0.02713  1.38451e+00
 10 -0.58331  2.26734e-01 | 11 -0.62776 -1.70531e+00 | 12 -0.22250 -1.21198e+01
 13 -0.00081 -4.31454e-02 | 14 -0.00097 -9.04320e-02 | 15 -0.00091 -8.64205e-02
 16 -0.00080 -7.21050e-02 | 17 -0.00091 -1.15058e-01 | 18 -0.00084 -1.13931e-01
 19 -0.00067 -9.16210e-02 | 20 -0.00068 -1.13496e-01 | 21 -0.00037 -6.13342e-02
 22 -0.00031 -7.40653e-02 | 23 -0.00050 -1.50706e-01 | 24 -0.00013 -9.31609e-02
 25 -0.00008 -1.16430e-01 | 26  0.00033 -5.65937e-02 | 27  0.00026 -1.17078e-01
 28  0.00002 -2.23091e-01 | 29  0.00056 -1.42116e-01 | 30  0.00095 -1.00208e-01
 31  0.00131 -6.97971e-02 | 32  0.00134 -1.23963e-01 | 33  0.00130 -1.99031e-01
 34  0.00170 -1.68696e-01 | 35  0.00202 -1.62483e-01 | 36  0.00250 -1.22684e-01
 37  0.00266 -1.62838e-01 | 38  0.00285 -1.96811e-01 | 39  0.00353 -1.15268e-01
 40  0.00329 -2.53831e-01 | 41  0.00397 -1.72432e-01 | 42  0.00405 -2.35966e-01
 43  0.00435 -2.43171e-01 | 44  0.00521 -1.14139e-01 | 45  0.00533 -1.56367e-01
 46  0.00559 -1.55552e-01 | 47  0.00574 -1.69786e-01 | 48  0.00562 -2.34017e-01
 49  0.00616 -1.23326e-01 | 50  0.00598 -1.60465e-01 | 51  0.00535 -2.76390e-01
 52  0.00534 -2.20147e-01 | 53  0.00505 -1.97618e-01 | 54  0.00440 -2.29304e-01
 55  0.00363 -2.66199e-01 | 56  0.00286 -2.82873e-01 | 57  0.00200 -3.06839e-01
 58  0.00127 -2.93220e-01 | 59  0.00035 -3.29966e-01 | 60 -0.00034 -3.24602e-01
 61 -0.00080 -2.84534e-01 | 62 -0.00176 -4.01132e-01 | 63 -0.00173 -3.19021e-01
 64 -0.00177 -3.08044e-01 | 65 -0.00131 -2.36392e-01 | 66 -0.00104 -2.86652e-01
 67 -0.00047 -3.45046e-01 | 68  0.00083 -3.08764e-01 | 69  0.00253 -2.68017e-01
 70  0.00396 -3.76418e-01 | 71  0.00617 -3.82084e-01 | 72  0.00861 -3.93915e-01
 73  0.01156 -3.32646e-01 | 74  0.01386 -4.16797e-01 | 75  0.01637 -4.12210e-01
 76  0.01813 -4.79224e-01 | 77  0.01960 -4.81476e-01 | 78  0.02028 -4.97656e-01
 79  0.02035 -4.93358e-01 | 80  0.01978 -4.96847e-01 | 81  0.01868 -5.02968e-01
 82  0.01714 -5.12618e-01 | 83  0.01513 -5.23536e-01 | 84  0.01241 -5.70903e-01
 85  0.00949 -5.33471e-01 | 86  0.00576 -5.75780e-01 | 87  0.00181 -6.38294e-01
 88 -0.00116 -5.30502e-01 | 89 -0.00383 -4.99120e-01 | 90 -0.00632 -5.96992e-01
 91 -0.00798 -6.04982e-01 | 92 -0.00932 -5.61972e-01 | 93 -0.01088 -5.95436e-01
 94 -0.01181 -5.92668e-01 | 95 -0.01223 -6.13310e-01 | 96 -0.01261 -5.78345e-01
 97 -0.01193 -5.60796e-01 | 98 -0.01062 -5.23399e-01 | 99 -0.00860 -4.73439e-01
100 -0.00997 -4.51839e-01 |101 -0.01244 -4.18575e-01 |102 -0.01533 -2.89419e-01
103 -0.02352 -1.15520e-01 |104 -0.02496 -3.39096e-02 |105 -0.01311  8.43968e-02
106 -0.01587  2.47721e-01 |107 -0.03392  3.26300e-01 |108 -0.01729  5.09901e-01
109  0.03196  1.09762e+00 |110 -0.00212  9.43297e-01 |111 -0.03797  7.83924e-01
112 -0.01793  1.13024e+00 |113 -0.00057  1.38629e+00 |114  0.02280  1.65858e+00
115 -0.00296  1.29340e+00 |116 -0.06057  7.51547e-01 |117 -0.07080  7.14790e-01
118 -0.06421  7.05173e-01 |119 -0.01893  9.82335e-01 |120  0.11074  2.66600e+00
121  0.06217  1.76324e+00 |122  0.04688  1.48495e+00 |123 -0.01387  8.10344e-01
124 -0.05853  5.04181e-01 |125 -0.00466  6.25500e-01 |126 -0.00327  4.90872e-01
127 -0.04618  3.47856e-01 |128 -0.00219  2.58289e-01 |129  0.04803  9.62454e-02
130 -0.01940 -5.72030e-03 |131  0.05691 -6.12435e-02 |132 -0.00704 -3.34376e-02
133  0.12080 -4.47141e-03 |134 -0.01439 -5.08578e-02 |135 -0.05434 -4.32208e-02
136 -0.06122 -1.23926e-01 |137 -0.02300 -6.43590e-02 |138  0.09407 -9.14825e-02
139  0.02557 -3.72462e-03 |140  0.01704 -6.13905e-02 |141 -0.02914 -3.13968e-02
142 -0.01469 -8.46834e-03 |143 -0.01150 -1.50874e-02 |144 -0.00100 -1.27051e-01
145  0.46216 -3.36988e-01 |146  0.37898 -3.02089e-01 |147 -0.23541  4.44226e-01
148 -0.68442 -5.80948e-03 |149  0.03499  1.89008e+00 |150 -1.32154  4.42634e-03
151  0.05119  1.69214e-03 |152  5.48743 -3.43275e-03 |153 -5.86048  6.08365e-04
154  2.14611 -5.25263e-02 |155  0.20030 -7.39915e-01 |156  0.25699  1.01663e+00
157  0.18123 -4.05664e-01 |158  0.25289  4.86860e-01 |159  0.00192  3.59955e-02
160 -0.09345 -1.14230e-01 |161  0.12051 -4.61149e-01 |162  0.29362  5.37917e-01
163  0.18146 -2.47335e-01 |164  0.24648  2.40471e-01 |165 -0.32542  1.11062e-02
166  0.24797  2.89164e-02 |167  0.04906 -2.22406e-02 |168 -0.17443 -1.88581e-01
169  0.22686  1.35539e-01 |170  0.31499 -5.19577e-02 |171  0.07724  1.12903e+00
172 -0.40488  6.21014e-02 |173 -0.36943  2.57022e-02 |174  0.24057  1.21018e-01
175  0.06707  4.62708e-01 |176 -0.09472 -1.08825e-01 |177  0.73858 -8.38915e-02
178  0.10270  1.87813e+00 |179 -0.12595 -6.29815e-04 |180  0.99160  2.19165e-01
181  2.75590  7.78746e-03 |182 -0.00945  1.93242e+00 |183 -0.22356 -1.39472e+00
184 -1.73336 -4.19517e-01 |185 -0.24865  2.11898e+00 |186  0.31035 -7.64731e-01
187 -0.37017 -2.06489e-03 |188 -0.98972 -1.86444e-01 |189  0.10531 -2.04084e+00
190  0.16793 -3.87046e+00 |191  0.21939  9.38412e-01 |192  0.25537  4.03171e+00
193  0.02272 -2.35576e+00 |194 -0.01083 -9.29182e-01 |195 -0.17020 -1.85457e+00
196 -0.11041 -4.59895e+00 |197 -0.55728 -8.03389e-03 |198  0.16995 -1.09734e-01
199  0.09478 -9.01631e-01 |200 -0.26594 -1.09462e-01 |
200 variables; iteration 740; function evaluation 1054; phase 4
Function value 7.2041138e+03; maximum gradient component mag -1.1903e+00
Var    Value     Gradient |Var    Value     Gradient |Var    Value     Gradient
  1 -0.46199 -8.96683e-01 |  2  0.37823  2.51930e-02 |  3 -0.12325 -8.68911e-02
  4 -0.03104  2.11250e-01 |  5 -0.69245  8.30112e-03 |  6 -0.60429 -6.05523e-01
  7  0.38251  4.24131e-02 |  8 -0.19228  5.73772e-01 |  9  0.02619  2.14351e-01
 10 -0.58544  1.33714e-02 | 11 -0.62687  7.77939e-01 | 12 -0.22351 -1.19028e+00
 13 -0.00106  9.24272e-03 | 14 -0.00109 -3.01840e-03 | 15 -0.00106 -2.83559e-03
 16 -0.00102 -2.59497e-03 | 17 -0.00094  6.48899e-03 | 18 -0.00088  1.02998e-02
 19 -0.00085  2.30634e-03 | 20 -0.00076  7.22322e-03 | 21 -0.00068  6.83804e-03
 22 -0.00062 -7.61248e-04 | 23 -0.00052  9.57653e-04 | 24 -0.00038  5.43321e-03
 25 -0.00033 -1.19524e-02 | 26 -0.00014  8.99158e-04 | 27  0.00004  6.26519e-03
 28  0.00015 -6.01923e-03 | 29  0.00033 -6.76394e-03 | 30  0.00054 -2.11561e-03
 31  0.00081  1.20085e-02 | 32  0.00099  2.75235e-03 | 33  0.00118 -7.13231e-03
 34  0.00144 -6.04173e-03 | 35  0.00176  8.09599e-03 | 36  0.00200  9.70893e-04
 37  0.00228 -1.54317e-03 | 38  0.00258 -3.25356e-05 | 39  0.00290  5.16142e-03
 40  0.00315 -6.77321e-03 | 41  0.00349  2.55021e-03 | 42  0.00380  4.66940e-03
 43  0.00404 -6.50499e-03 | 44  0.00440  1.38649e-02 | 45  0.00461  3.50573e-03
 46  0.00486  1.08181e-02 | 47  0.00498 -2.80046e-04 | 48  0.00507 -5.10907e-03
 49  0.00515  6.64583e-03 | 50  0.00509  9.01154e-03 | 51  0.00482 -1.49324e-02
 52  0.00457 -1.95381e-03 | 53  0.00413 -4.93255e-03 | 54  0.00361  2.05065e-03
 55  0.00296  2.48912e-03 | 56  0.00224  6.26614e-03 | 57  0.00140 -4.58903e-03
 58  0.00059 -4.32888e-03 | 59 -0.00020 -2.66328e-03 | 60 -0.00096 -6.34979e-03
 61 -0.00158  1.54256e-03 | 62 -0.00216 -1.69440e-02 | 63 -0.00243 -3.89334e-03
 64 -0.00255 -6.52594e-03 | 65 -0.00236 -2.00700e-03 | 66 -0.00193 -9.12827e-03
 67 -0.00113 -5.06168e-03 | 68  0.00002 -2.92499e-03 | 69  0.00151 -7.15967e-03
 70  0.00337 -7.62127e-03 | 71  0.00555 -1.11339e-02 | 72  0.00803 -8.88040e-03
 73  0.01065 -7.51135e-03 | 74  0.01328 -7.76245e-03 | 75  0.01571 -6.84076e-03
 76  0.01770 -1.27265e-02 | 77  0.01913 -1.16733e-02 | 78  0.01985 -1.56650e-02
 79  0.01991 -1.18385e-02 | 80  0.01937 -1.30916e-02 | 81  0.01836 -1.42571e-02
 82  0.01695 -1.43905e-02 | 83  0.01511 -1.33609e-02 | 84  0.01273 -1.64597e-02
 85  0.00983 -1.10489e-02 | 86  0.00640 -2.13290e-02 | 87  0.00288 -2.02027e-02
 88 -0.00035 -1.43160e-02 | 89 -0.00298 -6.90399e-03 | 90 -0.00498 -1.30971e-02
 91 -0.00651 -1.28526e-02 | 92 -0.00789 -4.45797e-03 | 93 -0.00926 -6.99059e-03
 94 -0.01015 -1.34880e-02 | 95 -0.01042 -1.02344e-02 | 96 -0.01087 -6.50386e-03
 97 -0.01020 -4.72937e-03 | 98 -0.00898 -1.86908e-03 | 99 -0.00706  1.55083e-03
100 -0.00841  3.70986e-04 |101 -0.01082  7.82769e-03 |102 -0.01400 -1.73440e-03
103 -0.02254  1.47886e-03 |104 -0.02400 -1.53075e-03 |105 -0.01209 -2.47876e-03
106 -0.01498  3.98551e-03 |107 -0.03323  7.19956e-03 |108 -0.01658  2.00900e-02
109  0.03245  4.51151e-02 |110 -0.00178  6.18172e-02 |111 -0.03765  6.15648e-02
112 -0.01789  7.67760e-02 |113 -0.00063  8.14279e-02 |114  0.02271  7.76278e-02
115 -0.00296  3.74640e-02 |116 -0.06050  5.07370e-04 |117 -0.07079 -2.99894e-02
118 -0.06411 -8.29179e-02 |119 -0.01859 -1.66456e-01 |120  0.11056 -5.51720e-01
121  0.06199 -3.74603e-01 |122  0.04681 -3.31043e-01 |123 -0.01386 -2.03745e-01
124 -0.05842 -1.03597e-01 |125 -0.00440 -8.57484e-02 |126 -0.00283  1.24340e-02
127 -0.04598  6.99537e-02 |128 -0.00166  1.23198e-01 |129  0.04869  1.55221e-01
130 -0.01858  7.37689e-02 |131  0.05751  5.86192e-02 |132 -0.00660  2.39024e-02
133  0.12133 -9.52741e-03 |134 -0.01404  4.59201e-03 |135 -0.05390  1.54493e-02
136 -0.06068 -1.71853e-03 |137 -0.02267 -2.52270e-03 |138  0.09429 -5.06813e-03
139  0.02571 -2.03170e-03 |140  0.01731  3.35425e-03 |141 -0.02886 -5.71004e-03
142 -0.01474 -8.47864e-03 |143 -0.01136 -8.65025e-03 |144 -0.00052 -8.14598e-03
145  0.46352 -4.14046e-02 |146  0.37888 -2.61341e-02 |147 -0.22046 -2.23745e-01
148 -0.45216 -2.70166e-03 |149  0.02781 -1.48900e-01 |150 -1.27822  6.18198e-03
151  0.05954  3.83129e-02 |152  5.65665  7.58878e-03 |153 -5.86843 -7.75896e-03
154  2.24161 -9.88495e-03 |155  0.20008 -1.30746e-01 |156  0.25700  3.58850e-01
157  0.18143 -5.50516e-02 |158  0.25298  8.76380e-02 |159  0.00203 -7.84904e-03
160 -0.09396  4.32584e-02 |161  0.12015 -9.30070e-02 |162  0.29361  2.00575e-01
163  0.18118 -5.00484e-02 |164  0.24643  1.03632e-01 |165 -0.32594 -1.12183e-02
166  0.24780  1.89423e-02 |167  0.04921  3.18246e-02 |168 -0.17495  1.19433e-03
169  0.22482  4.63041e-02 |170  0.31478 -1.57615e-02 |171  0.07742  3.07190e-01
172 -0.54961 -1.10540e-03 |173 -0.36953  9.03323e-03 |174  0.24052 -5.67945e-02
175  0.06705  4.26202e-02 |176 -0.09515  5.03718e-02 |177  0.73878 -5.17870e-02
178  0.10270  2.67878e-02 |179 -0.13030 -6.52134e-04 |180  0.90053  1.87240e-02
181  2.83280  1.16839e-02 |182  0.00452  1.35719e-01 |183  0.16251 -1.10880e-02
184 -1.71041 -9.05583e-02 |185 -0.24859  1.11106e-01 |186  0.31081  4.10934e-03
187 -0.35627 -1.96799e-03 |188 -1.13230  1.48392e-02 |189  0.10522  4.98532e-02
190  0.16793  1.60152e-01 |191  0.21940  7.07273e-02 |192  0.25535  4.50470e-02
193  0.02298  8.83310e-02 |194 -0.01037  9.11107e-03 |195 -0.17051  9.17176e-02
196 -0.11073  2.03185e-01 |197 -0.55794 -5.74807e-03 |198  0.16986  7.36274e-03
199  0.09460 -1.13604e-01 |200 -0.26465 -4.47348e-03 |
200 variables; iteration 760; function evaluation 1074; phase 4
Function value 7.2041044e+03; maximum gradient component mag -9.9975e-01
Var    Value     Gradient |Var    Value     Gradient |Var    Value     Gradient
  1 -0.46195 -9.99748e-01 |  2  0.37827 -5.95805e-02 |  3 -0.12324 -2.56777e-01
  4 -0.03113 -9.24822e-02 |  5 -0.69246  1.80587e-02 |  6 -0.60426 -3.51832e-02
  7  0.38257 -9.43241e-03 |  8 -0.19227  2.11392e-01 |  9  0.02606  5.63309e-02
 10 -0.58541  2.15699e-02 | 11 -0.62684  1.41433e-01 | 12 -0.22349  4.15089e-01
 13 -0.00113  1.00076e-03 | 14 -0.00108  8.20204e-03 | 15 -0.00106  7.40729e-03
 16 -0.00102  6.37960e-03 | 17 -0.00098  7.88253e-03 | 18 -0.00094  3.87602e-03
 19 -0.00088  5.27807e-03 | 20 -0.00079  1.00059e-02 | 21 -0.00072  9.33740e-03
 22 -0.00065  2.89172e-03 | 23 -0.00053  9.71418e-03 | 24 -0.00046 -2.12246e-03
 25 -0.00031  5.57867e-03 | 26 -0.00019  7.92878e-05 | 27 -0.00003  3.53803e-03
 28  0.00017  1.05699e-02 | 29  0.00031  1.06891e-03 | 30  0.00052  7.51201e-03
 31  0.00073  7.47787e-03 | 32  0.00094  4.48775e-03 | 33  0.00120  1.09680e-02
 34  0.00143  8.18629e-03 | 35  0.00169  7.93433e-03 | 36  0.00197  8.68203e-03
 37  0.00225  8.78969e-03 | 38  0.00254  7.80290e-03 | 39  0.00286  1.23893e-02
 40  0.00315  9.92773e-03 | 41  0.00346  1.37075e-02 | 42  0.00374  9.07655e-03
 43  0.00403  1.09973e-02 | 44  0.00430  9.79793e-03 | 45  0.00455  1.01212e-02
 46  0.00476  9.75758e-03 | 47  0.00493  9.75232e-03 | 48  0.00503  8.33498e-03
 49  0.00507  1.06264e-02 | 50  0.00500  1.08203e-02 | 51  0.00481  8.26653e-03
 52  0.00452  9.70050e-03 | 53  0.00409  1.05778e-02 | 54  0.00354  1.16007e-02
 55  0.00289  1.31206e-02 | 56  0.00215  1.21711e-02 | 57  0.00137  1.43620e-02
 58  0.00052  7.87230e-03 | 59 -0.00025  1.31512e-02 | 60 -0.00101  1.04885e-02
 61 -0.00166  1.06657e-02 | 62 -0.00216  1.15340e-02 | 63 -0.00249  1.06535e-02
 64 -0.00260  9.42863e-03 | 65 -0.00245  7.88819e-03 | 66 -0.00200  6.45838e-03
 67 -0.00120  9.58375e-03 | 68 -0.00006  8.68516e-03 | 69  0.00142  4.33085e-03
 70  0.00330  8.03472e-03 | 71  0.00549  7.26987e-03 | 72  0.00795  7.61769e-03
 73  0.01055  5.04089e-03 | 74  0.01318  7.49982e-03 | 75  0.01560  6.11973e-03
 76  0.01761  6.64076e-03 | 77  0.01904  6.79750e-03 | 78  0.01977  7.08277e-03
 79  0.01981  6.59384e-03 | 80  0.01926  6.34815e-03 | 81  0.01825  6.22739e-03
 82  0.01684  5.81846e-03 | 83  0.01500  7.23265e-03 | 84  0.01264  7.77242e-03
 85  0.00971  7.41078e-03 | 86  0.00633  7.80716e-03 | 87  0.00281  1.00883e-02
 88 -0.00045  9.29424e-03 | 89 -0.00310  1.05579e-02 | 90 -0.00508  1.09932e-02
 91 -0.00661  1.09559e-02 | 92 -0.00800  1.68398e-02 | 93 -0.00936  1.49082e-02
 94 -0.01023  1.36616e-02 | 95 -0.01050  1.51359e-02 | 96 -0.01096  1.34893e-02
 97 -0.01029  9.66834e-03 | 98 -0.00907  8.03669e-03 | 99 -0.00716  3.95175e-03
100 -0.00848  9.78102e-04 |101 -0.01089 -1.62892e-03 |102 -0.01401 -9.20226e-03
103 -0.02255 -2.03221e-02 |104 -0.02398 -2.88630e-02 |105 -0.01204 -4.44255e-02
106 -0.01492 -5.90133e-02 |107 -0.03316 -6.29838e-02 |108 -0.01647 -8.33799e-02
109  0.03259 -1.48618e-01 |110 -0.00166 -1.20255e-01 |111 -0.03753 -9.50516e-02
112 -0.01772 -1.20572e-01 |113 -0.00042 -1.39539e-01 |114  0.02297 -1.56629e-01
115 -0.00264 -1.07064e-01 |116 -0.06018 -4.70678e-02 |117 -0.07045 -2.89571e-02
118 -0.06372 -1.19833e-02 |119 -0.01823  1.36972e-02 |120  0.11121  9.28840e-02
121  0.06251  8.94881e-02 |122  0.04743  9.43657e-02 |123 -0.01328  6.07235e-02
124 -0.05794  4.44256e-02 |125 -0.00375  7.90498e-02 |126 -0.00240  7.94257e-02
127 -0.04584  4.33460e-02 |128 -0.00165  4.19370e-02 |129  0.04863  3.97889e-02
130 -0.01873  8.59982e-03 |131  0.05746 -5.39764e-03 |132 -0.00663 -5.49215e-03
133  0.12137 -1.99095e-02 |134 -0.01404 -1.85253e-03 |135 -0.05393  1.85765e-03
136 -0.06065  7.71843e-03 |137 -0.02264  5.76608e-03 |138  0.09434  4.66059e-03
139  0.02576  3.43417e-03 |140  0.01735  5.81809e-03 |141 -0.02881  5.64208e-04
142 -0.01468  8.69261e-04 |143 -0.01135 -7.40690e-04 |144 -0.00049 -5.80409e-04
145  0.46332  4.17196e-02 |146  0.37889 -2.84895e-02 |147 -0.20492 -1.93818e-02
148 -0.08346 -1.71983e-03 |149  0.02093  1.43881e-01 |150 -1.24409  7.47124e-03
151  0.07072  7.59879e-03 |152  5.64374  3.58856e-03 |153 -5.75620  1.25948e-03
154  2.29017 -1.88926e-03 |155  0.20008 -9.21516e-02 |156  0.25697  9.80744e-02
157  0.18153 -3.32186e-02 |158  0.25299  4.08677e-02 |159  0.00199 -9.19720e-03
160 -0.09397  1.33110e-03 |161  0.12023 -3.47306e-02 |162  0.29361  6.24786e-02
163  0.18127 -7.98172e-03 |164  0.24643  2.26381e-02 |165 -0.32567  1.38748e-03
166  0.24784  2.30801e-03 |167  0.04915  1.26462e-02 |168 -0.17485  8.38379e-02
169  0.22522  9.80516e-03 |170  0.31480 -4.72237e-03 |171  0.07739  5.85825e-02
172 -0.70624 -6.15533e-03 |173 -0.36850 -2.18182e-03 |174  0.24084 -3.95341e-03
175  0.06678 -1.13578e-02 |176 -0.09512 -5.93063e-02 |177  0.73798 -5.82319e-02
178  0.10266 -8.30628e-02 |179 -0.10992 -5.47726e-04 |180  0.75550  2.14187e-05
181  2.59478  4.25026e-03 |182  0.00290 -2.55595e-02 |183  0.33500  1.69117e-03
184 -1.59081 -2.35532e-03 |185 -0.25154 -1.64251e-01 |186  0.31218 -7.48635e-02
187 -0.27101 -1.34299e-03 |188 -1.15928  1.22104e-02 |189  0.10527  7.51837e-02
190  0.16796 -2.54054e-01 |191  0.21939 -6.75435e-03 |192  0.25533  3.26086e-01
193  0.02298  8.03546e-02 |194 -0.01036 -6.21502e-02 |195 -0.17049 -7.05122e-03
196 -0.11073  6.79116e-02 |197 -0.55807 -7.90955e-03 |198  0.16981  5.84468e-03
199  0.09468 -5.80596e-02 |200 -0.26491 -2.62413e-02 |
200 variables; iteration 780; function evaluation 1097; phase 4
Function value 7.2041022e+03; maximum gradient component mag 1.7645e-01
Var    Value     Gradient |Var    Value     Gradient |Var    Value     Gradient
  1 -0.46187  7.71907e-02 |  2  0.37826  5.23437e-02 |  3 -0.12325  8.07516e-02
  4 -0.03110  7.62922e-02 |  5 -0.69258  1.02705e-02 |  6 -0.60426  1.58923e-03
  7  0.38257  3.59377e-02 |  8 -0.19228  6.64145e-02 |  9  0.02607  4.45983e-02
 10 -0.58550  6.37243e-03 | 11 -0.62681  5.09274e-02 | 12 -0.22340  5.21592e-02
 13 -0.00111  1.53941e-03 | 14 -0.00110 -1.30353e-03 | 15 -0.00107 -6.29970e-04
 16 -0.00104 -1.33089e-03 | 17 -0.00100 -9.20442e-04 | 18 -0.00094  7.46199e-04
 19 -0.00089 -1.30257e-04 | 20 -0.00082 -2.49752e-04 | 21 -0.00074 -4.84783e-04
 22 -0.00065  8.71633e-04 | 23 -0.00055 -1.34243e-03 | 24 -0.00044 -1.98483e-04
 25 -0.00032 -1.74278e-03 | 26 -0.00017  4.71868e-04 | 27 -0.00002  5.11562e-04
 28  0.00013 -2.01638e-03 | 29  0.00032 -1.46948e-03 | 30  0.00051 -1.40058e-04
 31  0.00073  1.83181e-03 | 32  0.00094 -7.47966e-05 | 33  0.00117 -9.92058e-04
 34  0.00142 -9.58588e-04 | 35  0.00168  6.61244e-04 | 36  0.00195 -6.83977e-04
 37  0.00224 -2.71863e-04 | 38  0.00253 -8.81476e-04 | 39  0.00283  6.99809e-04
 40  0.00313 -1.44660e-03 | 41  0.00343 -1.07450e-04 | 42  0.00373 -7.34368e-04
 43  0.00401 -2.20208e-03 | 44  0.00430  1.46160e-03 | 45  0.00454  2.15509e-04
 46  0.00476  1.78594e-03 | 47  0.00493  1.20802e-03 | 48  0.00503  3.65165e-04
 49  0.00507  2.87091e-03 | 50  0.00500  2.96834e-03 | 51  0.00481 -6.72628e-04
 52  0.00452  1.16237e-03 | 53  0.00409  1.12830e-03 | 54  0.00354  1.43574e-03
 55  0.00288  1.21407e-03 | 56  0.00214  1.59893e-03 | 57  0.00134  1.24887e-04
 58  0.00053  7.34679e-04 | 59 -0.00027  5.54005e-04 | 60 -0.00102  6.15113e-04
 61 -0.00166  2.08535e-03 | 62 -0.00218 -7.23939e-04 | 63 -0.00250  1.74891e-03
 64 -0.00260  2.17063e-03 | 65 -0.00243  3.77152e-03 | 66 -0.00198  2.24189e-03
 67 -0.00120  1.90930e-03 | 68 -0.00006  3.60635e-03 | 69  0.00145  4.21174e-03
 70  0.00330  2.12914e-03 | 71  0.00550  3.37803e-03 | 72  0.00795  3.24840e-03
 73  0.01058  5.78982e-03 | 74  0.01319  3.59826e-03 | 75  0.01561  4.05200e-03
 76  0.01762  3.48816e-03 | 77  0.01904  3.12160e-03 | 78  0.01977  3.21137e-03
 79  0.01981  3.22109e-03 | 80  0.01927  3.56618e-03 | 81  0.01826  3.35207e-03
 82  0.01685  3.09672e-03 | 83  0.01501  3.02512e-03 | 84  0.01264  1.93225e-03
 85  0.00971  2.31561e-03 | 86  0.00633  1.34021e-03 | 87  0.00279 -1.39946e-03
 88 -0.00045  1.54338e-03 | 89 -0.00310  2.59059e-03 | 90 -0.00510 -2.26625e-03
 91 -0.00663 -3.07616e-03 | 92 -0.00803 -1.35382e-03 | 93 -0.00938 -1.45980e-03
 94 -0.01025 -2.76939e-03 | 95 -0.01054 -4.24667e-03 | 96 -0.01099 -4.60558e-03
 97 -0.01032 -5.89116e-03 | 98 -0.00910 -7.01986e-03 | 99 -0.00718 -8.11124e-03
100 -0.00851 -1.00020e-02 |101 -0.01093 -1.15971e-02 |102 -0.01404 -1.25220e-02
103 -0.02257 -1.35471e-02 |104 -0.02399 -1.47872e-02 |105 -0.01204 -1.68829e-02
106 -0.01492 -1.95128e-02 |107 -0.03316 -1.85979e-02 |108 -0.01647 -2.04402e-02
109  0.03263 -3.32677e-02 |110 -0.00165 -2.70865e-02 |111 -0.03752 -1.92432e-02
112 -0.01768 -2.22642e-02 |113 -0.00038 -2.44437e-02 |114  0.02303 -2.61056e-02
115 -0.00257 -1.76721e-02 |116 -0.06011 -1.01668e-02 |117 -0.07031 -2.34083e-03
118 -0.06358  2.53132e-03 |119 -0.01810  1.80019e-02 |120  0.11116  6.34587e-02
121  0.06236  5.52487e-02 |122  0.04727  4.39314e-02 |123 -0.01334  2.66324e-02
124 -0.05794  1.68679e-02 |125 -0.00357  2.24755e-02 |126 -0.00217  2.20726e-02
127 -0.04566  1.59374e-02 |128 -0.00151  1.65564e-02 |129  0.04863  1.65347e-02
130 -0.01873  6.14363e-03 |131  0.05743  5.68185e-04 |132 -0.00662  1.97577e-03
133  0.12139 -5.39710e-03 |134 -0.01402  1.35083e-03 |135 -0.05390  5.75798e-03
136 -0.06066  1.39884e-03 |137 -0.02267  4.71377e-04 |138  0.09429  9.96591e-04
139  0.02575 -2.58463e-04 |140  0.01734  1.25675e-03 |141 -0.02880 -1.54004e-03
142 -0.01468  8.85447e-04 |143 -0.01133  4.57060e-04 |144 -0.00050 -2.52933e-03
145  0.46314  1.32560e-03 |146  0.37880 -1.93907e-02 |147 -0.19454  1.36517e-01
148  0.07224 -5.95893e-03 |149  0.01453 -5.26829e-03 |150 -1.40815 -3.34780e-04
151  0.06743  2.33226e-02 |152  5.63418  1.32631e-04 |153 -5.81695 -2.14547e-03
154  2.32288  2.73872e-04 |155  0.20010 -4.99531e-02 |156  0.25698  8.49277e-02
157  0.18156 -2.26015e-02 |158  0.25299  2.74391e-02 |159  0.00198 -9.53779e-04
160 -0.09396 -6.47659e-03 |161  0.12029 -2.43968e-02 |162  0.29362  4.68749e-02
163  0.18130 -2.11395e-02 |164  0.24643  2.56362e-02 |165 -0.32569 -1.20922e-03
166  0.24784  1.22610e-04 |167  0.04915 -4.41044e-03 |168 -0.17484  1.50577e-02
169  0.22526 -1.29501e-03 |170  0.31480  7.81751e-04 |171  0.07738 -1.35413e-02
172 -0.74602 -7.36248e-03 |173 -0.36810 -1.07332e-03 |174  0.24096 -2.25980e-04
175  0.06669  1.71292e-03 |176 -0.09521  2.98574e-02 |177  0.73690 -6.90813e-02
178  0.10265 -5.98878e-02 |179 -0.10911 -5.43102e-04 |180  0.75441  6.03407e-04
181  2.31511  1.69582e-03 |182  0.00361  1.30107e-02 |183  0.42675  2.47562e-03
184 -1.53368  1.49062e-03 |185 -0.25010  8.57600e-03 |186  0.31588 -2.76358e-03
187 -0.27261  1.24264e-03 |188 -1.21851  8.61492e-03 |189  0.10528 -4.39105e-02
190  0.16799 -1.37264e-01 |191  0.21939  3.67872e-02 |192  0.25532  1.76453e-01
193  0.02298 -3.08351e-02 |194 -0.01039 -3.45151e-02 |195 -0.17049  4.51853e-03
196 -0.11072 -5.55223e-02 |197 -0.55801 -4.67563e-03 |198  0.16982  3.14570e-04
199  0.09466 -5.62403e-02 |200 -0.26484 -8.40311e-03 |
200 variables; iteration 800; function evaluation 1117; phase 4
Function value 7.2041000e+03; maximum gradient component mag 3.9338e-01
Var    Value     Gradient |Var    Value     Gradient |Var    Value     Gradient
  1 -0.46187  3.93380e-01 |  2  0.37826  7.61862e-02 |  3 -0.12325  1.64405e-01
  4 -0.03109  1.32582e-01 |  5 -0.69253  2.02974e-02 |  6 -0.60427  5.14597e-02
  7  0.38257  5.67023e-02 |  8 -0.19227 -2.17236e-02 |  9  0.02607  5.60644e-02
 10 -0.58546  1.55513e-02 | 11 -0.62682 -3.36066e-02 | 12 -0.22341 -1.68832e-01
 13 -0.00111  1.01436e-03 | 14 -0.00111 -3.68018e-03 | 15 -0.00108 -2.76583e-03
 16 -0.00104 -2.41404e-03 | 17 -0.00099 -1.33352e-03 | 18 -0.00093  1.10151e-03
 19 -0.00088 -1.50571e-03 | 20 -0.00082 -3.21712e-03 | 21 -0.00075 -3.76672e-03
 22 -0.00064 -6.89361e-04 | 23 -0.00055 -2.94367e-03 | 24 -0.00041  4.34381e-03
 25 -0.00031 -1.64771e-03 | 26 -0.00016  9.83003e-04 | 27 -0.00001  6.06738e-04
 28  0.00014 -1.65575e-03 | 29  0.00034  2.06516e-03 | 30  0.00051 -3.35273e-03
 31  0.00072 -3.31289e-03 | 32  0.00095  2.42710e-04 | 33  0.00118 -1.96085e-03
 34  0.00142 -2.10356e-03 | 35  0.00169 -1.02928e-03 | 36  0.00196 -1.52189e-03
 37  0.00224 -3.20384e-03 | 38  0.00254 -2.46083e-04 | 39  0.00282 -4.62644e-03
 40  0.00314 -1.43513e-03 | 41  0.00343 -3.41923e-03 | 42  0.00375  1.06473e-03
 43  0.00402 -1.37924e-03 | 44  0.00429 -3.22688e-03 | 45  0.00454 -3.78315e-03
 46  0.00475 -4.26217e-03 | 47  0.00492 -3.31170e-03 | 48  0.00504 -1.01872e-03
 49  0.00505 -4.80882e-03 | 50  0.00499 -4.04357e-03 | 51  0.00482 -1.42659e-03
 52  0.00451 -3.34508e-03 | 53  0.00409 -2.11369e-03 | 54  0.00354 -2.04455e-03
 55  0.00288 -3.45747e-03 | 56  0.00214 -1.76433e-03 | 57  0.00134 -3.23324e-03
 58  0.00054  3.96267e-04 | 59 -0.00027 -2.12590e-03 | 60 -0.00101 -1.30113e-03
 61 -0.00166 -2.44756e-03 | 62 -0.00216  1.92748e-04 | 63 -0.00249 -1.56253e-03
 64 -0.00260 -1.97716e-03 | 65 -0.00245 -4.08792e-03 | 66 -0.00198 -2.35079e-03
 67 -0.00119 -9.82090e-04 | 68 -0.00006 -2.17215e-03 | 69  0.00144 -2.32829e-03
 70  0.00331 -7.32686e-04 | 71  0.00550 -1.02512e-03 | 72  0.00796 -1.26885e-03
 73  0.01057 -2.66927e-03 | 74  0.01319 -1.95620e-03 | 75  0.01561 -1.57550e-03
 76  0.01763 -6.94584e-04 | 77  0.01905 -1.59096e-03 | 78  0.01978 -2.24425e-03
 79  0.01982 -2.18256e-03 | 80  0.01928 -2.45418e-03 | 81  0.01827 -2.71179e-03
 82  0.01685 -2.80108e-03 | 83  0.01501 -3.86986e-03 | 84  0.01265 -2.92331e-03
 85  0.00971 -4.14587e-03 | 86  0.00633 -4.00950e-03 | 87  0.00281 -2.92900e-03
 88 -0.00046 -6.70723e-03 | 89 -0.00312 -8.24479e-03 | 90 -0.00508 -5.08806e-03
 91 -0.00661 -5.32833e-03 | 92 -0.00804 -1.02570e-02 | 93 -0.00939 -9.60665e-03
 94 -0.01026 -1.03469e-02 | 95 -0.01053 -1.08469e-02 | 96 -0.01099 -1.16635e-02
 97 -0.01031 -1.13376e-02 | 98 -0.00909 -1.27047e-02 | 99 -0.00718 -1.39795e-02
100 -0.00850 -1.44425e-02 |101 -0.01091 -1.43265e-02 |102 -0.01403 -1.74442e-02
103 -0.02255 -1.61872e-02 |104 -0.02397 -1.69293e-02 |105 -0.01202 -1.93066e-02
106 -0.01489 -1.81310e-02 |107 -0.03313 -1.60138e-02 |108 -0.01645 -2.06117e-02
109  0.03268 -2.85254e-02 |110 -0.00160 -2.30070e-02 |111 -0.03748 -1.87301e-02
112 -0.01764 -2.30090e-02 |113 -0.00033 -2.72493e-02 |114  0.02309 -3.41617e-02
115 -0.00255 -2.97753e-02 |116 -0.06010 -1.76178e-02 |117 -0.07035 -1.22648e-02
118 -0.06363 -3.47226e-03 |119 -0.01816  8.72936e-03 |120  0.11118  6.63775e-02
121  0.06240  6.61739e-02 |122  0.04731  7.29233e-02 |123 -0.01337  5.27372e-02
124 -0.05801  4.38921e-02 |125 -0.00379  7.18341e-02 |126 -0.00240  7.05701e-02
127 -0.04580  4.15605e-02 |128 -0.00158  4.31426e-02 |129  0.04869  4.04145e-02
130 -0.01869  1.13835e-02 |131  0.05749  1.23212e-02 |132 -0.00661  1.26766e-03
133  0.12141  1.92777e-03 |134 -0.01403 -1.80472e-03 |135 -0.05393 -3.09792e-03
136 -0.06067 -2.27186e-03 |137 -0.02267 -2.81441e-03 |138  0.09431 -3.84976e-03
139  0.02574 -2.99998e-03 |140  0.01732 -2.67206e-03 |141 -0.02881  6.12708e-04
142 -0.01469 -1.15220e-03 |143 -0.01134  1.26271e-04 |144 -0.00047  4.97317e-03
145  0.46310 -2.09971e-02 |146  0.37883  4.03863e-02 |147 -0.19863  1.43480e-01
148  0.03976 -4.96973e-03 |149  0.01755  1.06527e-01 |150 -1.41474 -9.96421e-04
151  0.04234  1.61792e-02 |152  5.64092 -9.96109e-04 |153 -5.76311  9.51410e-05
154  2.30241 -8.55169e-04 |155  0.20009 -1.21000e-01 |156  0.25698  2.01509e-01
157  0.18155 -3.99669e-02 |158  0.25299  5.87795e-02 |159  0.00198 -8.24078e-03
160 -0.09396 -6.49141e-03 |161  0.12026 -4.88817e-02 |162  0.29362  1.00636e-01
163  0.18127 -3.89677e-02 |164  0.24643  5.26647e-02 |165 -0.32573 -2.45130e-03
166  0.24783  1.30807e-03 |167  0.04916  6.54482e-04 |168 -0.17483 -3.28391e-02
169  0.22534 -4.19675e-03 |170  0.31482  4.75481e-03 |171  0.07737 -3.06951e-02
172 -0.60951 -3.64518e-03 |173 -0.36844  5.10331e-03 |174  0.24087 -7.75718e-03
175  0.06677  1.30174e-02 |176 -0.09517  4.03370e-02 |177  0.74396 -2.23277e-02
178  0.10256 -4.22398e-02 |179 -0.10236 -5.09507e-04 |180  0.82373  7.53873e-03
181  2.31029  1.66524e-03 |182  0.00309  2.83788e-02 |183  0.31687  1.49748e-03
184 -1.56022  1.66777e-04 |185 -0.25028 -1.46361e-02 |186  0.31319 -7.39495e-02
187 -0.28344 -1.27585e-03 |188 -1.43709 -2.51098e-03 |189  0.10528 -1.25346e-01
190  0.16798 -2.59798e-01 |191  0.21939  6.08016e-02 |192  0.25533  3.58211e-01
193  0.02298 -1.07183e-01 |194 -0.01037 -5.26620e-02 |195 -0.17049 -6.44919e-02
196 -0.11073 -9.38064e-02 |197 -0.55802  9.84591e-03 |198  0.16982  3.87505e-04
199  0.09467  1.20042e-01 |200 -0.26491  2.63372e-02 |
200 variables; iteration 820; function evaluation 1140; phase 4
Function value 7.2040993e+03; maximum gradient component mag 1.2743e-01
Var    Value     Gradient |Var    Value     Gradient |Var    Value     Gradient
  1 -0.46189 -3.28521e-02 |  2  0.37826  3.30428e-03 |  3 -0.12325  1.52117e-03
  4 -0.03110  2.86357e-03 |  5 -0.69252  3.96168e-03 |  6 -0.60427  1.22974e-02
  7  0.38256 -2.38589e-03 |  8 -0.19227 -1.18815e-02 |  9  0.02608 -3.75213e-03
 10 -0.58547  1.40980e-03 | 11 -0.62682 -3.02612e-02 | 12 -0.22344  1.27428e-01
 13 -0.00112  9.04701e-04 | 14 -0.00110  4.30884e-04 | 15 -0.00107  5.00463e-04
 16 -0.00103  5.72391e-04 | 17 -0.00099  6.54838e-04 | 18 -0.00094  1.03569e-03
 19 -0.00088  8.99023e-04 | 20 -0.00081  8.50001e-04 | 21 -0.00073  9.24586e-04
 22 -0.00064  1.07730e-03 | 23 -0.00055  4.40724e-04 | 24 -0.00043  1.24353e-03
 25 -0.00031  7.07744e-04 | 26 -0.00017  9.57688e-04 | 27 -0.00002  1.11286e-03
 28  0.00015  1.10864e-03 | 29  0.00033  1.02624e-03 | 30  0.00052  1.02308e-03
 31  0.00073  1.26716e-03 | 32  0.00095  1.30206e-03 | 33  0.00118  1.49512e-03
 34  0.00143  1.34963e-03 | 35  0.00169  1.50476e-03 | 36  0.00196  1.45031e-03
 37  0.00225  1.44328e-03 | 38  0.00254  1.63987e-03 | 39  0.00284  1.50610e-03
 40  0.00314  1.23288e-03 | 41  0.00344  1.50517e-03 | 42  0.00374  1.49833e-03
 43  0.00402  1.63822e-03 | 44  0.00430  1.95038e-03 | 45  0.00455  1.99188e-03
 46  0.00476  2.07176e-03 | 47  0.00493  2.00740e-03 | 48  0.00504  2.13164e-03
 49  0.00506  2.26342e-03 | 50  0.00500  2.47335e-03 | 51  0.00482  2.24832e-03
 52  0.00452  2.40281e-03 | 53  0.00409  2.45077e-03 | 54  0.00354  2.69708e-03
 55  0.00288  2.69969e-03 | 56  0.00214  2.99715e-03 | 57  0.00135  2.77554e-03
 58  0.00054  3.12231e-03 | 59 -0.00026  2.91471e-03 | 60 -0.00101  2.93831e-03
 61 -0.00166  2.93314e-03 | 62 -0.00217  3.23721e-03 | 63 -0.00250  3.28994e-03
 64 -0.00260  3.47518e-03 | 65 -0.00244  3.82494e-03 | 66 -0.00198  3.71103e-03
 67 -0.00120  3.74177e-03 | 68 -0.00006  4.02545e-03 | 69  0.00144  4.34376e-03
 70  0.00330  4.26797e-03 | 71  0.00550  4.80040e-03 | 72  0.00795  4.72674e-03
 73  0.01057  5.21782e-03 | 74  0.01319  5.07267e-03 | 75  0.01561  5.26185e-03
 76  0.01762  5.58828e-03 | 77  0.01904  5.55597e-03 | 78  0.01977  5.90782e-03
 79  0.01981  5.78553e-03 | 80  0.01927  5.94288e-03 | 81  0.01827  6.03275e-03
 82  0.01685  5.91955e-03 | 83  0.01501  5.75864e-03 | 84  0.01264  5.60634e-03
 85  0.00971  5.28603e-03 | 86  0.00633  5.48154e-03 | 87  0.00280  4.79818e-03
 88 -0.00045  4.83730e-03 | 89 -0.00311  4.67783e-03 | 90 -0.00509  3.73720e-03
 91 -0.00661  3.61421e-03 | 92 -0.00803  3.65244e-03 | 93 -0.00938  2.97557e-03
 94 -0.01025  2.90307e-03 | 95 -0.01053  2.47363e-03 | 96 -0.01098  2.00518e-03
 97 -0.01031  1.42408e-03 | 98 -0.00908  9.31101e-04 | 99 -0.00717  9.97226e-05
100 -0.00850 -8.78727e-04 |101 -0.01091 -2.06621e-03 |102 -0.01402 -2.85130e-03
103 -0.02255 -4.04834e-03 |104 -0.02396 -5.34221e-03 |105 -0.01201 -7.58149e-03
106 -0.01489 -9.39871e-03 |107 -0.03313 -9.94537e-03 |108 -0.01644 -1.34454e-02
109  0.03269 -2.22799e-02 |110 -0.00160 -1.95554e-02 |111 -0.03748 -1.60654e-02
112 -0.01764 -1.97578e-02 |113 -0.00034 -2.34698e-02 |114  0.02307 -2.88983e-02
115 -0.00258 -2.31670e-02 |116 -0.06014 -1.37669e-02 |117 -0.07038 -1.02154e-02
118 -0.06366 -6.86432e-03 |119 -0.01819 -3.21693e-03 |120  0.11112  4.62967e-03
121  0.06236  9.03771e-03 |122  0.04727  1.20731e-02 |123 -0.01339  9.83133e-03
124 -0.05802  7.74772e-03 |125 -0.00377  1.40001e-02 |126 -0.00235  1.38974e-02
127 -0.04577  7.99573e-03 |128 -0.00157  7.16568e-03 |129  0.04866  6.14998e-03
130 -0.01870  1.01834e-03 |131  0.05746  2.58736e-04 |132 -0.00663 -6.99036e-04
133  0.12139 -8.53104e-04 |134 -0.01404 -6.94677e-04 |135 -0.05393 -7.67764e-04
136 -0.06067 -2.69303e-04 |137 -0.02267 -1.45626e-04 |138  0.09430 -3.40055e-04
139  0.02574 -1.66563e-04 |140  0.01732 -4.65006e-04 |141 -0.02881  2.54791e-05
142 -0.01469  5.49776e-04 |143 -0.01134  4.41478e-04 |144 -0.00049 -4.16482e-06
145  0.46318  2.38479e-03 |146  0.37884 -3.79060e-03 |147 -0.20101  3.47987e-02
148 -0.04060 -1.52199e-03 |149  0.01893  2.81633e-02 |150 -1.39393  9.34851e-04
151  0.04035 -1.99297e-02 |152  5.64971 -3.11590e-04 |153 -5.57603  4.80184e-04
154  2.32171 -2.63389e-05 |155  0.20008 -2.46073e-02 |156  0.25698  3.46347e-02
157  0.18154 -3.94069e-03 |158  0.25299  6.20456e-03 |159  0.00199  4.19326e-04
160 -0.09397  6.41557e-03 |161  0.12024 -5.50284e-03 |162  0.29361  1.02977e-02
163  0.18127 -4.52668e-03 |164  0.24643  3.80581e-03 |165 -0.32573  1.42178e-04
166  0.24784  8.41147e-04 |167  0.04915 -2.10680e-04 |168 -0.17484  1.34857e-02
169  0.22534  7.61893e-04 |170  0.31482 -4.49386e-04 |171  0.07737  3.71027e-03
172 -0.56582 -2.01715e-03 |173 -0.36840 -4.61417e-04 |174  0.24087  1.77715e-03
175  0.06675 -4.81149e-04 |176 -0.09517  5.93103e-03 |177  0.74372 -2.32190e-02
178  0.10256 -7.44079e-02 |179 -0.10891 -5.42784e-04 |180  0.75467  5.63242e-04
181  2.18154  9.20980e-04 |182  0.00292 -1.16292e-02 |183  0.27533  8.49521e-04
184 -1.54925  8.19376e-04 |185 -0.24957  6.40277e-02 |186  0.31396 -1.12330e-02
187 -0.29179 -1.20107e-03 |188 -1.42896 -1.42831e-03 |189  0.10528  3.01143e-03
190  0.16797 -4.34250e-02 |191  0.21939 -3.49749e-03 |192  0.25533  6.24058e-02
193  0.02298 -3.55237e-03 |194 -0.01036 -6.33992e-03 |195 -0.17049  5.85202e-03
196 -0.11073  1.13331e-02 |197 -0.55803 -8.14005e-04 |198  0.16981 -4.31996e-04
199  0.09467 -8.40695e-03 |200 -0.26489 -1.89235e-03 |
200 variables; iteration 840; function evaluation 1161; phase 4
Function value 7.2040990e+03; maximum gradient component mag -8.1688e-02
Var    Value     Gradient |Var    Value     Gradient |Var    Value     Gradient
  1 -0.46188  5.88418e-02 |  2  0.37826 -7.53057e-03 |  3 -0.12325  1.88847e-02
  4 -0.03110 -6.96629e-04 |  5 -0.69254 -2.16495e-03 |  6 -0.60426 -6.64178e-03
  7  0.38257 -1.71146e-02 |  8 -0.19227 -4.44726e-02 |  9  0.02607 -2.39372e-02
 10 -0.58547 -5.05361e-03 | 11 -0.62682 -3.65517e-02 | 12 -0.22343 -3.71157e-02
 13 -0.00112 -6.12581e-04 | 14 -0.00109  3.86213e-04 | 15 -0.00107 -3.28611e-04
 16 -0.00103 -3.45182e-05 | 17 -0.00099 -1.87722e-05 | 18 -0.00094 -2.17476e-04
 19 -0.00088  3.15717e-04 | 20 -0.00082 -6.82706e-04 | 21 -0.00074 -7.91606e-04
 22 -0.00065 -3.51945e-04 | 23 -0.00054  6.05919e-04 | 24 -0.00043  1.37011e-03
 25 -0.00030  8.93784e-04 | 26 -0.00017  7.36665e-05 | 27 -0.00002  1.85481e-04
 28  0.00015  9.07303e-04 | 29  0.00033  9.56839e-04 | 30  0.00052 -3.38383e-04
 31  0.00072 -6.74993e-04 | 32  0.00095  3.81536e-04 | 33  0.00118  5.65626e-05
 34  0.00142 -5.19667e-04 | 35  0.00169  1.63337e-04 | 36  0.00196  1.15637e-04
 37  0.00224 -3.80497e-04 | 38  0.00254  4.90333e-04 | 39  0.00283 -9.82919e-04
 40  0.00314  4.67370e-04 | 41  0.00343 -9.05964e-04 | 42  0.00374  8.70219e-04
 43  0.00403  3.81639e-04 | 44  0.00430 -4.05204e-04 | 45  0.00455 -1.32210e-04
 46  0.00476 -3.58483e-04 | 47  0.00493 -5.69548e-05 | 48  0.00504  9.65607e-04
 49  0.00506 -6.32130e-04 | 50  0.00499 -4.74836e-04 | 51  0.00482  9.32779e-04
 52  0.00452  7.07854e-05 | 53  0.00409  4.45792e-04 | 54  0.00354  1.52140e-04
 55  0.00288 -1.56271e-04 | 56  0.00214 -2.49760e-04 | 57  0.00135  1.92136e-04
 58  0.00054  7.29848e-04 | 59 -0.00027  4.02204e-05 | 60 -0.00101  6.65981e-04
 61 -0.00166  2.00163e-04 | 62 -0.00217  1.17251e-03 | 63 -0.00250  6.09882e-04
 64 -0.00260  7.23844e-04 | 65 -0.00244  2.54366e-04 | 66 -0.00198  1.02350e-03
 67 -0.00120  1.09932e-03 | 68 -0.00006  1.01116e-03 | 69  0.00144  1.53823e-03
 70  0.00330  1.47194e-03 | 71  0.00550  1.02828e-03 | 72  0.00796  1.43487e-03
 73  0.01057  1.28940e-03 | 74  0.01319  1.53020e-03 | 75  0.01561  1.77340e-03
 76  0.01763  1.95553e-03 | 77  0.01905  1.90551e-03 | 78  0.01977  1.26574e-03
 79  0.01982  1.64068e-03 | 80  0.01927  1.86611e-03 | 81  0.01826  1.65519e-03
 82  0.01685  1.70912e-03 | 83  0.01501  1.63084e-03 | 84  0.01264  1.77147e-03
 85  0.00971  1.62861e-03 | 86  0.00633  1.21155e-03 | 87  0.00280  1.53465e-03
 88 -0.00045  1.05222e-03 | 89 -0.00311  9.76665e-04 | 90 -0.00508  2.54141e-03
 91 -0.00661  2.25421e-03 | 92 -0.00803  8.69799e-04 | 93 -0.00938  1.76044e-03
 94 -0.01025  1.69416e-03 | 95 -0.01053  1.63863e-03 | 96 -0.01098  1.89791e-03
 97 -0.01031  2.77008e-03 | 98 -0.00909  3.00056e-03 | 99 -0.00717  3.82594e-03
100 -0.00849  4.19951e-03 |101 -0.01091  4.35444e-03 |102 -0.01402  4.59386e-03
103 -0.02254  6.03388e-03 |104 -0.02396  6.30861e-03 |105 -0.01201  7.86027e-03
106 -0.01488  8.82158e-03 |107 -0.03312  8.81968e-03 |108 -0.01643  1.05189e-02
109  0.03270  1.70714e-02 |110 -0.00159  1.37931e-02 |111 -0.03747  1.05734e-02
112 -0.01763  1.12225e-02 |113 -0.00033  1.07328e-02 |114  0.02309  8.35579e-03
115 -0.00255  6.47269e-04 |116 -0.06011 -3.72862e-03 |117 -0.07036 -6.87754e-03
118 -0.06364 -1.11764e-02 |119 -0.01818 -2.12873e-02 |120  0.11111 -6.11432e-02
121  0.06233 -4.24508e-02 |122  0.04724 -3.68746e-02 |123 -0.01340 -2.03521e-02
124 -0.05802 -1.11007e-02 |125 -0.00377 -1.46955e-02 |126 -0.00236 -9.47027e-03
127 -0.04578 -2.42889e-03 |128 -0.00160 -4.82753e-04 |129  0.04863  1.91447e-03
130 -0.01872  9.79662e-04 |131  0.05747  3.65048e-03 |132 -0.00662  1.63845e-03
133  0.12140  1.95027e-03 |134 -0.01403  5.72160e-04 |135 -0.05392  7.15944e-04
136 -0.06067 -5.38975e-04 |137 -0.02267 -4.93492e-04 |138  0.09430  1.35042e-04
139  0.02574 -2.83828e-04 |140  0.01733 -4.91989e-05 |141 -0.02880  9.38032e-05
142 -0.01469 -8.42119e-04 |143 -0.01134 -1.73686e-04 |144 -0.00048  1.41622e-03
145  0.46315  1.55201e-03 |146  0.37883  1.30356e-02 |147 -0.19869 -3.16204e-02
148  0.04873  1.28151e-05 |149  0.01771 -2.00333e-02 |150 -1.41018 -4.74884e-04
151  0.04069 -8.16883e-02 |152  5.64928  7.40951e-05 |153 -5.64407 -1.24479e-03
154  2.32196  6.20155e-05 |155  0.20010  4.71956e-03 |156  0.25698  4.42766e-03
157  0.18155  4.39680e-03 |158  0.25299 -4.81088e-03 |159  0.00198  8.81949e-04
160 -0.09396  5.00119e-03 |161  0.12027  1.83329e-03 |162  0.29362 -3.14694e-03
163  0.18128  1.31012e-03 |164  0.24643 -6.14387e-04 |165 -0.32573 -3.77796e-04
166  0.24784  1.31623e-03 |167  0.04915  4.70168e-03 |168 -0.17484  1.07573e-02
169  0.22536 -2.63289e-03 |170  0.31482  1.87905e-03 |171  0.07737 -2.15058e-02
172 -0.54565 -8.79707e-04 |173 -0.36833  1.42682e-03 |174  0.24089 -3.48111e-03
175  0.06674  2.48222e-03 |176 -0.09518  9.88103e-03 |177  0.74745 -1.24639e-02
178  0.10253 -8.13900e-02 |179 -0.08864 -4.39966e-04 |180  0.72978 -2.22913e-03
181  2.03198  3.28817e-04 |182  0.00304 -1.78749e-02 |183  0.25500  5.46542e-04
184 -1.53413  1.48113e-03 |185 -0.25013 -2.71188e-02 |186  0.31410  1.14921e-02
187 -0.26916  2.33062e-03 |188 -1.41449  7.08128e-05 |189  0.10528  2.02114e-02
190  0.16798  6.63651e-02 |191  0.21939 -1.17806e-02 |192  0.25533 -6.33947e-02
193  0.02298  1.54801e-02 |194 -0.01037  1.42061e-02 |195 -0.17049  1.52654e-02
196 -0.11073  3.78847e-02 |197 -0.55801  3.14313e-03 |198  0.16982  1.33328e-03
199  0.09467  3.95889e-02 |200 -0.26489  9.97368e-03 |
200 variables; iteration 860; function evaluation 1181; phase 4
Function value 7.2040989e+03; maximum gradient component mag -1.8022e-01
Var    Value     Gradient |Var    Value     Gradient |Var    Value     Gradient
  1 -0.46190 -1.80220e-01 |  2  0.37826 -1.80518e-02 |  3 -0.12325 -4.36508e-02
  4 -0.03110 -3.77055e-02 |  5 -0.69254 -3.07016e-03 |  6 -0.60426 -8.41558e-03
  7  0.38257 -1.61816e-02 |  8 -0.19227  1.56825e-03 |  9  0.02607 -1.52742e-02
 10 -0.58547 -4.28866e-03 | 11 -0.62682 -8.02660e-03 | 12 -0.22344  1.53540e-01
 13 -0.00112  9.63453e-04 | 14 -0.00109  1.24334e-03 | 15 -0.00107  1.62407e-03
 16 -0.00103  1.11269e-03 | 17 -0.00099  1.17208e-03 | 18 -0.00094  8.01880e-04
 19 -0.00088  7.46994e-04 | 20 -0.00081  1.89864e-03 | 21 -0.00073  2.00651e-03
 22 -0.00065  1.30851e-03 | 23 -0.00055  7.23316e-04 | 24 -0.00044 -3.29808e-04
 25 -0.00031  6.69793e-04 | 26 -0.00017  8.09042e-04 | 27 -0.00002  9.92784e-04
 28  0.00015  9.50843e-04 | 29  0.00032  3.01344e-04 | 30  0.00052  1.78262e-03
 31  0.00073  1.92435e-03 | 32  0.00094  9.44447e-04 | 33  0.00118  2.14916e-03
 34  0.00143  2.25327e-03 | 35  0.00169  1.45666e-03 | 36  0.00196  1.66178e-03
 37  0.00225  2.24571e-03 | 38  0.00254  1.39195e-03 | 39  0.00284  3.24135e-03
 40  0.00314  2.35199e-03 | 41  0.00345  3.58804e-03 | 42  0.00373  1.61015e-03
 43  0.00402  2.20612e-03 | 44  0.00430  2.31799e-03 | 45  0.00455  2.17971e-03
 46  0.00476  2.35300e-03 | 47  0.00493  2.56642e-03 | 48  0.00503  1.66448e-03
 49  0.00507  3.05141e-03 | 50  0.00500  3.05489e-03 | 51  0.00482  2.09838e-03
 52  0.00452  2.82797e-03 | 53  0.00409  2.83932e-03 | 54  0.00354  2.95453e-03
 55  0.00288  3.25542e-03 | 56  0.00214  3.13388e-03 | 57  0.00135  3.21433e-03
 58  0.00053  2.80194e-03 | 59 -0.00026  3.43063e-03 | 60 -0.00101  3.23740e-03
 61 -0.00166  3.57769e-03 | 62 -0.00217  3.20385e-03 | 63 -0.00249  3.37503e-03
 64 -0.00260  3.26102e-03 | 65 -0.00244  3.15335e-03 | 66 -0.00198  2.61611e-03
 67 -0.00120  3.25171e-03 | 68 -0.00006  3.08279e-03 | 69  0.00144  2.13319e-03
 70  0.00330  3.10676e-03 | 71  0.00550  3.63604e-03 | 72  0.00795  3.46889e-03
 73  0.01057  3.11961e-03 | 74  0.01319  3.61339e-03 | 75  0.01561  3.17636e-03
 76  0.01762  3.80132e-03 | 77  0.01904  3.65682e-03 | 78  0.01977  4.29500e-03
 79  0.01981  3.86307e-03 | 80  0.01927  3.88038e-03 | 81  0.01826  4.04695e-03
 82  0.01685  3.89842e-03 | 83  0.01501  4.19362e-03 | 84  0.01264  4.54040e-03
 85  0.00971  4.19907e-03 | 86  0.00633  4.91549e-03 | 87  0.00281  5.21843e-03
 88 -0.00045  4.99774e-03 | 89 -0.00311  4.94769e-03 | 90 -0.00509  4.21310e-03
 91 -0.00661  4.52047e-03 | 92 -0.00802  6.07672e-03 | 93 -0.00938  5.59904e-03
 94 -0.01025  5.62772e-03 | 95 -0.01052  6.16496e-03 | 96 -0.01098  6.02538e-03
 97 -0.01030  5.42067e-03 | 98 -0.00908  5.50528e-03 | 99 -0.00717  4.98379e-03
100 -0.00850  5.06597e-03 |101 -0.01091  5.19554e-03 |102 -0.01402  4.52738e-03
103 -0.02255  2.34277e-03 |104 -0.02397  2.29790e-03 |105 -0.01202  1.53761e-03
106 -0.01490 -1.50197e-04 |107 -0.03314 -1.34431e-03 |108 -0.01645 -2.48035e-03
109  0.03266 -7.37764e-03 |110 -0.00162 -7.36776e-03 |111 -0.03749 -6.40604e-03
112 -0.01766 -8.77669e-03 |113 -0.00036 -1.06490e-02 |114  0.02305 -1.20646e-02
115 -0.00257 -7.69503e-03 |116 -0.06013 -3.97381e-03 |117 -0.07037 -3.82119e-03
118 -0.06365 -3.61026e-03 |119 -0.01817 -4.73856e-03 |120  0.11113 -1.64135e-02
121  0.06235 -1.46213e-02 |122  0.04726 -1.53214e-02 |123 -0.01339 -1.18108e-02
124 -0.05801 -9.98100e-03 |125 -0.00374 -1.46835e-02 |126 -0.00233 -1.41788e-02
127 -0.04577 -9.79446e-03 |128 -0.00158 -9.37834e-03 |129  0.04863 -7.78326e-03
130 -0.01872 -2.42549e-03 |131  0.05746 -3.00488e-03 |132 -0.00662 -9.90048e-04
133  0.12139 -1.43155e-03 |134 -0.01403 -1.17207e-05 |135 -0.05392  1.01951e-04
136 -0.06067  1.47846e-03 |137 -0.02266  9.56430e-04 |138  0.09430  9.98662e-04
139  0.02575  3.82717e-04 |140  0.01733  6.77284e-04 |141 -0.02880  2.31761e-04
142 -0.01468  8.74809e-04 |143 -0.01134  4.68806e-04 |144 -0.00049 -1.03972e-03
145  0.46319  5.80861e-03 |146  0.37884 -8.10208e-03 |147 -0.19850 -4.55935e-02
148  0.05117  7.09702e-04 |149  0.01743 -3.94078e-02 |150 -1.40207  2.79132e-04
151  0.04055 -1.88300e-02 |152  5.64955 -1.08383e-04 |153 -5.61447 -3.21398e-04
154  2.32103 -2.01035e-05 |155  0.20009  2.38985e-02 |156  0.25698 -4.33288e-02
157  0.18155  1.06398e-02 |158  0.25299 -1.50098e-02 |159  0.00198  1.53336e-03
160 -0.09397  5.04932e-03 |161  0.12027  1.19694e-02 |162  0.29362 -2.09369e-02
163  0.18128  7.57542e-03 |164  0.24643 -1.16142e-02 |165 -0.32571  8.05888e-04
166  0.24784 -7.86614e-04 |167  0.04915 -9.19033e-04 |168 -0.17484  8.63962e-03
169  0.22531  3.46277e-03 |170  0.31481 -2.68351e-03 |171  0.07737  2.38247e-02
172 -0.51334  2.03553e-03 |173 -0.36831 -2.71659e-03 |174  0.24090  2.25744e-03
175  0.06673 -1.13361e-02 |176 -0.09518 -2.19554e-03 |177  0.75099 -6.70439e-03
178  0.10252 -7.77756e-02 |179 -0.06460 -1.14517e-04 |180  0.74496 -2.49141e-04
181  1.95002  2.33733e-04 |182  0.00324 -1.22698e-02 |183  0.22129  4.21580e-04
184 -1.54397  1.07253e-03 |185 -0.24986 -2.77682e-02 |186  0.31431  1.71483e-02
187 -0.28450 -9.61499e-04 |188 -1.41547 -2.24831e-05 |189  0.10528  3.14590e-02
190  0.16798  5.60026e-02 |191  0.21939 -1.73276e-02 |192  0.25533 -7.37800e-02
193  0.02298  2.56171e-02 |194 -0.01037  1.08119e-02 |195 -0.17049  2.22876e-02
196 -0.11073  4.30876e-02 |197 -0.55804 -2.69892e-03 |198  0.16981  4.30452e-04
199  0.09467 -2.24617e-02 |200 -0.26489 -6.83307e-03 |
200 variables; iteration 880; function evaluation 1201; phase 4
Function value 7.2040988e+03; maximum gradient component mag -7.0693e-02
Var    Value     Gradient |Var    Value     Gradient |Var    Value     Gradient
  1 -0.46190 -4.15706e-02 |  2  0.37826 -4.45383e-03 |  3 -0.12325 -1.07813e-02
  4 -0.03110 -9.66939e-03 |  5 -0.69254 -1.28776e-03 |  6 -0.60426 -4.32196e-03
  7  0.38257 -3.25692e-03 |  8 -0.19227  1.02494e-03 |  9  0.02607 -2.79930e-03
 10 -0.58547 -1.37051e-03 | 11 -0.62682 -3.34490e-03 | 12 -0.22344  1.06922e-02
 13 -0.00112  8.00608e-05 | 14 -0.00110  2.73448e-04 | 15 -0.00107  3.41789e-04
 16 -0.00103  2.77520e-04 | 17 -0.00099  2.71048e-04 | 18 -0.00094  8.51626e-05
 19 -0.00088  8.15604e-05 | 20 -0.00081  3.31281e-04 | 21 -0.00073  3.30450e-04
 22 -0.00065  1.45564e-04 | 23 -0.00055  2.60838e-04 | 24 -0.00043 -1.04261e-04
 25 -0.00031  2.28415e-04 | 26 -0.00017  1.84206e-04 | 27 -0.00002  1.50800e-04
 28  0.00015  1.58455e-04 | 29  0.00033  1.03505e-04 | 30  0.00052  3.66814e-04
 31  0.00072  2.76391e-04 | 32  0.00094  1.89733e-04 | 33  0.00118  2.93612e-04
 34  0.00143  3.98356e-04 | 35  0.00169  1.95924e-04 | 36  0.00196  3.48711e-04
 37  0.00224  3.48860e-04 | 38  0.00254  2.12503e-04 | 39  0.00284  5.47953e-04
 40  0.00314  4.72896e-04 | 41  0.00344  6.73887e-04 | 42  0.00374  3.88903e-04
 43  0.00402  3.99513e-04 | 44  0.00430  2.89238e-04 | 45  0.00455  2.41778e-04
 46  0.00476  1.97176e-04 | 47  0.00493  3.57272e-04 | 48  0.00503  2.02933e-04
 49  0.00506  3.94756e-04 | 50  0.00500  3.16084e-04 | 51  0.00482  2.68772e-04
 52  0.00452  3.31659e-04 | 53  0.00409  4.44909e-04 | 54  0.00354  4.07824e-04
 55  0.00288  4.08091e-04 | 56  0.00214  3.70938e-04 | 57  0.00135  4.42944e-04
 58  0.00053  2.91291e-04 | 59 -0.00027  5.10556e-04 | 60 -0.00101  4.24124e-04
 61 -0.00166  4.30114e-04 | 62 -0.00217  3.90895e-04 | 63 -0.00250  3.43375e-04
 64 -0.00260  2.42882e-04 | 65 -0.00244  6.38152e-05 | 66 -0.00198  7.59213e-05
 67 -0.00120  2.79642e-04 | 68 -0.00006  1.91439e-04 | 69  0.00144 -1.42828e-04
 70  0.00330  1.64441e-04 | 71  0.00549  1.14955e-04 | 72  0.00795  1.36585e-04
 73  0.01057 -1.12024e-04 | 74  0.01319  1.01465e-04 | 75  0.01561 -6.25312e-05
 76  0.01762  8.66848e-05 | 77  0.01904  1.80929e-05 | 78  0.01977  2.80321e-05
 79  0.01981 -5.41381e-05 | 80  0.01927 -5.59503e-05 | 81  0.01826 -5.74913e-05
 82  0.01685 -1.11740e-04 | 83  0.01500  5.33162e-06 | 84  0.01264  1.43287e-04
 85  0.00971  2.42962e-05 | 86  0.00633  1.45777e-04 | 87  0.00280  3.23338e-04
 88 -0.00045  1.81558e-04 | 89 -0.00311  1.97943e-04 | 90 -0.00509  3.41847e-04
 91 -0.00662  4.24569e-04 | 92 -0.00803  5.67281e-04 | 93 -0.00938  5.85780e-04
 94 -0.01025  6.19334e-04 | 95 -0.01053  8.65749e-04 | 96 -0.01098  9.46228e-04
 97 -0.01031  9.53941e-04 | 98 -0.00909  1.07724e-03 | 99 -0.00717  1.07100e-03
100 -0.00850  1.29888e-03 |101 -0.01091  1.52766e-03 |102 -0.01402  1.40168e-03
103 -0.02255  1.20965e-03 |104 -0.02397  1.41985e-03 |105 -0.01202  1.55131e-03
106 -0.01489  1.51437e-03 |107 -0.03313  1.34566e-03 |108 -0.01644  1.60684e-03
109  0.03268  2.08034e-03 |110 -0.00160  1.63882e-03 |111 -0.03747  1.12216e-03
112 -0.01764  9.77324e-04 |113 -0.00033  9.56299e-04 |114  0.02308  9.25311e-04
115 -0.00256  5.78838e-04 |116 -0.06011  1.73089e-04 |117 -0.07035 -2.11862e-04
118 -0.06364 -6.69738e-04 |119 -0.01817 -2.06640e-03 |120  0.11114 -8.11661e-03
121  0.06236 -6.86784e-03 |122  0.04727 -6.81382e-03 |123 -0.01339 -4.59998e-03
124 -0.05801 -3.32111e-03 |125 -0.00376 -4.76125e-03 |126 -0.00235 -4.17465e-03
127 -0.04578 -2.58063e-03 |128 -0.00158 -2.30542e-03 |129  0.04864 -1.75198e-03
130 -0.01871 -5.03157e-04 |131  0.05746 -3.19501e-04 |132 -0.00662 -1.33989e-04
133  0.12139 -2.08221e-04 |134 -0.01403  9.35832e-05 |135 -0.05392 -4.43309e-05
136 -0.06067  2.37079e-04 |137 -0.02267  4.30581e-05 |138  0.09430  4.95729e-05
139  0.02574 -6.32264e-05 |140  0.01733  8.60223e-05 |141 -0.02881  3.79431e-05
142 -0.01469 -3.89598e-05 |143 -0.01134  2.19546e-05 |144 -0.00049 -8.02056e-05
145  0.46317  1.25468e-03 |146  0.37884 -5.41101e-05 |147 -0.19889 -3.41398e-02
148  0.04906  5.50997e-04 |149  0.01778 -1.15184e-02 |150 -1.40677 -1.46658e-04
151  0.04050 -1.65174e-03 |152  5.65026  4.78313e-05 |153 -5.60499 -3.97283e-05
154  2.32103 -3.47086e-05 |155  0.20009  5.85647e-03 |156  0.25698 -9.37633e-03
157  0.18155  2.75870e-03 |158  0.25299 -3.55982e-03 |159  0.00198  4.81668e-04
160 -0.09397  7.16212e-04 |161  0.12026  3.27502e-03 |162  0.29362 -5.94290e-03
163  0.18128  2.11489e-03 |164  0.24643 -2.93503e-03 |165 -0.32572 -3.84395e-05
166  0.24784 -4.19858e-05 |167  0.04915 -3.81093e-04 |168 -0.17484  1.13084e-03
169  0.22535  7.06447e-04 |170  0.31482 -2.61148e-04 |171  0.07737  4.81505e-03
172 -0.53244  1.06017e-04 |173 -0.36835 -7.53123e-04 |174  0.24089  7.89695e-04
175  0.06674 -2.58552e-03 |176 -0.09518  1.47414e-03 |177  0.75438 -5.42487e-03
178  0.10249 -7.06930e-02 |179 -0.05124  1.46400e-03 |180  0.74956  1.69447e-04
181  1.92103 -1.05333e-04 |182  0.00304 -5.73418e-03 |183  0.21501  5.86901e-04
184 -1.55727  3.74301e-04 |185 -0.24986 -3.41697e-03 |186  0.31405  5.39406e-03
187 -0.27971 -8.96746e-05 |188 -1.41671 -1.48338e-04 |189  0.10528  5.59067e-03
190  0.16797  1.70269e-02 |191  0.21939 -3.94649e-03 |192  0.25533 -2.26204e-02
193  0.02298  3.83908e-03 |194 -0.01037  3.88815e-03 |195 -0.17049  2.08034e-03
196 -0.11073  7.97043e-03 |197 -0.55802 -4.04241e-05 |198  0.16982  1.00685e-04
199  0.09467  7.44855e-04 |200 -0.26489 -6.23391e-04 |
200 variables; iteration 900; function evaluation 1223; phase 4
Function value 7.2040988e+03; maximum gradient component mag -6.4918e-02
Var    Value     Gradient |Var    Value     Gradient |Var    Value     Gradient
  1 -0.46189  4.04918e-02 |  2  0.37826  1.51955e-03 |  3 -0.12325  1.00539e-02
  4 -0.03110  5.77775e-03 |  5 -0.69255 -1.53046e-04 |  6 -0.60426 -1.32146e-03
  7  0.38257 -5.42024e-04 |  8 -0.19227 -4.23985e-03 |  9  0.02607 -9.70364e-04
 10 -0.58547 -5.34906e-04 | 11 -0.62682 -7.37106e-04 | 12 -0.22343 -4.20962e-02
 13 -0.00112  3.30212e-05 | 14 -0.00110 -4.28657e-04 | 15 -0.00107 -3.12965e-04
 16 -0.00103 -3.31905e-04 | 17 -0.00099 -4.02879e-04 | 18 -0.00094 -2.09748e-04
 19 -0.00088 -3.06816e-04 | 20 -0.00081 -3.97330e-04 | 21 -0.00074 -3.33262e-04
 22 -0.00064 -5.92443e-05 | 23 -0.00055 -6.88798e-04 | 24 -0.00043 -1.39717e-04
 25 -0.00031 -4.66795e-04 | 26 -0.00017 -5.37821e-05 | 27 -0.00002 -3.08446e-04
 28  0.00014 -8.30927e-04 | 29  0.00033 -3.27203e-04 | 30  0.00052 -4.16945e-04
 31  0.00073 -2.46924e-04 | 32  0.00094 -3.06545e-04 | 33  0.00118 -6.21598e-04
 34  0.00143 -5.22238e-04 | 35  0.00169 -5.09285e-04 | 36  0.00196 -4.22176e-04
 37  0.00224 -5.79319e-04 | 38  0.00254 -6.03802e-04 | 39  0.00284 -3.30655e-04
 40  0.00314 -6.40615e-04 | 41  0.00344 -4.85347e-04 | 42  0.00373 -6.05095e-04
 43  0.00402 -7.60430e-04 | 44  0.00430 -3.49362e-04 | 45  0.00455 -5.20756e-04
 46  0.00476 -5.06718e-04 | 47  0.00493 -4.48923e-04 | 48  0.00504 -5.64471e-04
 49  0.00506 -2.50678e-04 | 50  0.00500 -3.52394e-04 | 51  0.00482 -7.21001e-04
 52  0.00452 -5.72050e-04 | 53  0.00409 -4.07766e-04 | 54  0.00354 -5.12434e-04
 55  0.00288 -6.95760e-04 | 56  0.00214 -6.85191e-04 | 57  0.00135 -8.81829e-04
 58  0.00054 -5.76752e-04 | 59 -0.00027 -8.36865e-04 | 60 -0.00101 -7.10224e-04
 61 -0.00166 -5.66182e-04 | 62 -0.00217 -8.65876e-04 | 63 -0.00250 -5.70139e-04
 64 -0.00260 -5.13243e-04 | 65 -0.00244 -3.13143e-04 | 66 -0.00198 -4.67892e-04
 67 -0.00120 -5.44379e-04 | 68 -0.00006 -4.38946e-04 | 69  0.00144 -3.24240e-04
 70  0.00330 -5.55736e-04 | 71  0.00550 -4.68286e-04 | 72  0.00795 -4.57796e-04
 73  0.01057 -2.28994e-04 | 74  0.01319 -3.55607e-04 | 75  0.01561 -3.03740e-04
 76  0.01762 -4.10561e-04 | 77  0.01905 -3.71272e-04 | 78  0.01977 -3.77793e-04
 79  0.01982 -2.96554e-04 | 80  0.01927 -2.77581e-04 | 81  0.01827 -2.81084e-04
 82  0.01685 -2.58249e-04 | 83  0.01501 -2.40359e-04 | 84  0.01264 -3.30175e-04
 85  0.00971 -1.90541e-04 | 86  0.00633 -3.56159e-04 | 87  0.00281 -4.59872e-04
 88 -0.00045 -1.73952e-04 | 89 -0.00311 -1.17927e-04 | 90 -0.00509 -4.66636e-04
 91 -0.00661 -3.90783e-04 | 92 -0.00803 -3.49835e-04 | 93 -0.00938 -2.69131e-04
 94 -0.01025 -3.62526e-04 | 95 -0.01053 -4.13648e-04 | 96 -0.01098 -2.61118e-04
 97 -0.01031 -1.31741e-04 | 98 -0.00909 -3.11497e-06 | 99 -0.00717  2.22613e-04
100 -0.00850  3.38127e-04 |101 -0.01091  5.58141e-04 |102 -0.01402  8.00715e-04
103 -0.02255  1.25144e-03 |104 -0.02397  1.59918e-03 |105 -0.01202  2.20874e-03
106 -0.01489  2.73101e-03 |107 -0.03313  2.78207e-03 |108 -0.01644  3.57040e-03
109  0.03268  6.14777e-03 |110 -0.00160  4.77390e-03 |111 -0.03748  3.61690e-03
112 -0.01764  4.40643e-03 |113 -0.00034  4.58631e-03 |114  0.02308  4.38833e-03
115 -0.00256  2.22737e-03 |116 -0.06011  2.09444e-04 |117 -0.07035 -7.02512e-04
118 -0.06363 -1.78946e-03 |119 -0.01817 -3.54588e-03 |120  0.11113 -1.06274e-02
121  0.06234 -7.43286e-03 |122  0.04725 -6.51155e-03 |123 -0.01340 -3.80479e-03
124 -0.05802 -2.20188e-03 |125 -0.00375 -3.01457e-03 |126 -0.00235 -2.15515e-03
127 -0.04577 -5.06611e-04 |128 -0.00158 -5.34569e-05 |129  0.04863  1.83679e-04
130 -0.01871  6.94198e-04 |131  0.05746  1.13700e-03 |132 -0.00662  6.94765e-04
133  0.12140  1.06972e-03 |134 -0.01403  8.86819e-05 |135 -0.05392  1.48233e-04
136 -0.06067 -3.56345e-04 |137 -0.02267 -2.58685e-04 |138  0.09430 -1.12753e-04
139  0.02574 -9.67034e-05 |140  0.01733 -1.59273e-04 |141 -0.02880 -5.91905e-05
142 -0.01469 -3.23287e-05 |143 -0.01134 -7.62920e-05 |144 -0.00049 -2.95160e-04
145  0.46316 -1.78089e-03 |146  0.37883 -1.00121e-03 |147 -0.19828 -5.32882e-03
148  0.05276  1.06328e-04 |149  0.01738 -4.37601e-03 |150 -1.40698 -1.72965e-04
151  0.04048  5.24979e-03 |152  5.64995 -9.30735e-05 |153 -5.60114  7.41237e-05
154  2.32640  2.16797e-04 |155  0.20010  8.76956e-04 |156  0.25698  1.47787e-03
157  0.18155  2.59192e-04 |158  0.25299 -3.17535e-04 |159  0.00198  1.84103e-04
160 -0.09396  8.19631e-06 |161  0.12027 -4.74073e-04 |162  0.29362  1.62260e-03
163  0.18128 -8.72372e-04 |164  0.24643  1.10436e-03 |165 -0.32572  1.70438e-04
166  0.24784 -3.19772e-04 |167  0.04915  1.79734e-04 |168 -0.17484 -2.48261e-03
169  0.22534 -6.90774e-04 |170  0.31482  1.36766e-04 |171  0.07737 -4.20423e-03
172 -0.53062  2.60018e-04 |173 -0.36832 -3.09682e-05 |174  0.24090 -1.51475e-04
175  0.06673  8.37944e-05 |176 -0.09519  3.18065e-03 |177  0.75579 -2.08459e-03
178  0.10248 -6.49178e-02 |179 -0.05670 -6.31513e-05 |180  0.74754 -1.04916e-04
181  1.91406 -6.02404e-06 |182  0.00319  2.15055e-03 |183  0.19223  1.23884e-04
184 -1.57010 -4.94953e-04 |185 -0.24990 -2.05609e-03 |186  0.31426  1.86925e-03
187 -0.27833  1.23839e-04 |188 -1.41545 -3.35173e-05 |189  0.10528 -3.01285e-03
190  0.16798  1.12934e-02 |191  0.21939  2.52745e-03 |192  0.25533 -8.63567e-03
193  0.02298 -1.67524e-03 |194 -0.01037  2.87794e-03 |195 -0.17049  2.58320e-03
196 -0.11073  2.42067e-03 |197 -0.55802 -2.04132e-04 |198  0.16982 -1.22963e-04
199  0.09466 -4.02298e-03 |200 -0.26488 -2.03475e-04 |
200 variables; iteration 920; function evaluation 1243; phase 4
Function value 7.2040988e+03; maximum gradient component mag -6.6240e-02
Var    Value     Gradient |Var    Value     Gradient |Var    Value     Gradient
  1 -0.46189 -1.25304e-03 |  2  0.37826 -4.87992e-05 |  3 -0.12325 -3.71447e-04
  4 -0.03110 -1.46608e-04 |  5 -0.69255 -2.66257e-05 |  6 -0.60426 -3.19674e-04
  7  0.38257 -1.17574e-05 |  8 -0.19227  7.11443e-04 |  9  0.02607  8.55021e-05
 10 -0.58547 -3.32822e-05 | 11 -0.62682  7.41291e-04 | 12 -0.22343 -1.13222e-03
 13 -0.00112  1.47626e-06 | 14 -0.00110  8.55962e-07 | 15 -0.00107  1.93581e-06
 16 -0.00103 -4.17509e-07 | 17 -0.00099  1.24511e-06 | 18 -0.00094  3.30627e-06
 19 -0.00088  5.95187e-07 | 20 -0.00081 -5.10376e-07 | 21 -0.00074 -2.38347e-06
 22 -0.00065  3.41390e-07 | 23 -0.00055  2.46055e-06 | 24 -0.00043  1.55968e-06
 25 -0.00031 -1.45395e-07 | 26 -0.00017 -4.03019e-06 | 27 -0.00002  1.81515e-06
 28  0.00015  6.73396e-06 | 29  0.00033 -3.55715e-07 | 30  0.00052 -7.83954e-07
 31  0.00072 -8.66575e-07 | 32  0.00094 -1.03376e-06 | 33  0.00118  3.58036e-06
 34  0.00143 -1.13655e-06 | 35  0.00169  3.27579e-06 | 36  0.00196 -4.05511e-06
 37  0.00224  1.43269e-06 | 38  0.00254 -6.45534e-07 | 39  0.00284 -3.32749e-06
 40  0.00314  8.82446e-06 | 41  0.00344 -4.59787e-07 | 42  0.00373  3.16323e-06
 43  0.00402  2.70161e-07 | 44  0.00430 -6.09515e-06 | 45  0.00455 -7.27159e-06
 46  0.00476 -4.35430e-06 | 47  0.00493 -5.87324e-06 | 48  0.00504 -5.21014e-06
 49  0.00506 -1.13004e-05 | 50  0.00500 -8.93393e-06 | 51  0.00482 -4.20637e-06
 52  0.00452 -3.95434e-06 | 53  0.00409 -1.07753e-05 | 54  0.00354 -1.26131e-05
 55  0.00288 -1.06452e-05 | 56  0.00214 -1.30663e-05 | 57  0.00135 -1.04631e-05
 58  0.00053 -1.00676e-05 | 59 -0.00027 -1.28593e-05 | 60 -0.00101 -1.03793e-05
 61 -0.00166 -1.04978e-05 | 62 -0.00217 -1.20420e-05 | 63 -0.00250 -1.65586e-05
 64 -0.00260 -1.87436e-05 | 65 -0.00244 -2.55955e-05 | 66 -0.00198 -2.38490e-05
 67 -0.00120 -2.14371e-05 | 68 -0.00006 -2.62322e-05 | 69  0.00144 -3.25796e-05
 70  0.00330 -2.68193e-05 | 71  0.00549 -3.03348e-05 | 72  0.00795 -3.14641e-05
 73  0.01057 -3.90837e-05 | 74  0.01319 -3.69427e-05 | 75  0.01561 -3.97953e-05
 76  0.01762 -3.80888e-05 | 77  0.01904 -4.12146e-05 | 78  0.01977 -4.30457e-05
 79  0.01981 -4.35449e-05 | 80  0.01927 -4.42576e-05 | 81  0.01826 -4.31104e-05
 82  0.01685 -4.32667e-05 | 83  0.01501 -4.23657e-05 | 84  0.01264 -3.60393e-05
 85  0.00971 -3.50773e-05 | 86  0.00633 -3.06326e-05 | 87  0.00280 -2.03610e-05
 88 -0.00045 -2.39464e-05 | 89 -0.00311 -2.26544e-05 | 90 -0.00509 -1.08956e-05
 91 -0.00661 -7.05023e-06 | 92 -0.00803 -3.42019e-06 | 93 -0.00938  4.70771e-06
 94 -0.01025  9.91014e-06 | 95 -0.01053  1.91163e-05 | 96 -0.01098  2.70748e-05
 97 -0.01031  3.61933e-05 | 98 -0.00909  4.52109e-05 | 99 -0.00717  5.39497e-05
100 -0.00850  6.71978e-05 |101 -0.01091  7.95206e-05 |102 -0.01402  8.52173e-05
103 -0.02255  9.03290e-05 |104 -0.02397  1.03225e-04 |105 -0.01202  1.22623e-04
106 -0.01489  1.29924e-04 |107 -0.03313  1.18048e-04 |108 -0.01644  1.35014e-04
109  0.03268  1.88300e-04 |110 -0.00160  1.32817e-04 |111 -0.03748  8.07675e-05
112 -0.01764  6.74169e-05 |113 -0.00034  4.91410e-05 |114  0.02308  2.20912e-05
115 -0.00255 -1.82237e-05 |116 -0.06011 -3.89891e-05 |117 -0.07035 -5.98134e-05
118 -0.06363 -8.37435e-05 |119 -0.01816 -1.52899e-04 |120  0.11114 -4.58148e-04
121  0.06235 -3.25204e-04 |122  0.04726 -2.84309e-04 |123 -0.01339 -1.65292e-04
124 -0.05801 -9.41991e-05 |125 -0.00375 -1.04860e-04 |126 -0.00234 -5.91594e-05
127 -0.04577 -1.69098e-05 |128 -0.00158  1.18711e-05 |129  0.04864  5.19586e-05
130 -0.01871  2.16917e-05 |131  0.05746  4.41667e-05 |132 -0.00662  1.19675e-05
133  0.12139  2.58606e-05 |134 -0.01403  4.71091e-06 |135 -0.05392 -2.72634e-06
136 -0.06067  2.82121e-06 |137 -0.02267  6.53016e-07 |138  0.09430 -2.24645e-06
139  0.02574 -1.86547e-06 |140  0.01733  1.51739e-06 |141 -0.02880  1.39337e-06
142 -0.01469 -4.56581e-07 |143 -0.01134 -9.48216e-07 |144 -0.00049  4.99090e-06
145  0.46316 -4.96900e-05 |146  0.37884 -1.20142e-05 |147 -0.19826 -4.62284e-04
148  0.05283  7.03745e-06 |149  0.01736 -2.93205e-04 |150 -1.40521 -7.57107e-06
151  0.04049  4.47401e-05 |152  5.65012  1.31426e-06 |153 -5.60360 -1.49009e-06
154  2.32171 -1.08811e-06 |155  0.20010 -5.56594e-05 |156  0.25698  1.65374e-04
157  0.18156  5.31966e-05 |158  0.25299 -2.71701e-05 |159  0.00198  2.42524e-05
160 -0.09397  8.01418e-06 |161  0.12027  2.78314e-05 |162  0.29362 -1.88345e-05
163  0.18129 -3.86778e-06 |164  0.24643 -6.72952e-06 |165 -0.32572 -3.53166e-06
166  0.24784 -5.55970e-06 |167  0.04915 -3.39538e-05 |168 -0.17484 -2.46267e-04
169  0.22534 -5.13509e-05 |170  0.31482  4.43469e-05 |171  0.07737 -2.80886e-04
172 -0.53462 -7.33340e-05 |173 -0.36831 -3.70580e-05 |174  0.24090  8.62136e-05
175  0.06673 -2.90519e-05 |176 -0.09519 -8.51531e-05 |177  0.75746 -1.33077e-03
178  0.10247 -6.62404e-02 |179 -0.05264  8.03912e-05 |180  0.74871  9.22054e-06
181  1.90810 -8.59151e-06 |182  0.00316 -4.94739e-06 |183  0.18269 -8.98813e-05
184 -1.56294  1.74743e-05 |185 -0.24990 -4.63674e-04 |186  0.31426  1.03690e-04
187 -0.27897 -2.41847e-05 |188 -1.41518 -1.15171e-05 |189  0.10528 -1.21625e-05
190  0.16798  2.83138e-04 |191  0.21939 -5.41086e-05 |192  0.25533 -2.73349e-04
193  0.02298 -8.14703e-05 |194 -0.01037  1.36605e-04 |195 -0.17049 -1.30414e-04
196 -0.11073  6.23158e-05 |197 -0.55802 -2.65153e-07 |198  0.16982 -1.12778e-06
199  0.09467  8.65956e-06 |200 -0.26489 -9.46306e-06 |
200 variables; iteration 940; function evaluation 1263; phase 4
Function value 7.2040988e+03; maximum gradient component mag -6.6207e-02
Var    Value     Gradient |Var    Value     Gradient |Var    Value     Gradient
  1 -0.46189 -1.01377e-04 |  2  0.37826 -3.22873e-05 |  3 -0.12325  1.04783e-04
  4 -0.03110 -1.65085e-05 |  5 -0.69255  6.70720e-06 |  6 -0.60426  3.16016e-05
  7  0.38257 -1.25792e-05 |  8 -0.19227 -1.92841e-04 |  9  0.02607 -1.36390e-05
 10 -0.58547 -5.69320e-06 | 11 -0.62682 -3.47652e-04 | 12 -0.22343 -1.76802e-04
 13 -0.00112  4.46338e-06 | 14 -0.00110  8.01740e-07 | 15 -0.00107  1.07795e-06
 16 -0.00103 -3.84277e-07 | 17 -0.00099  1.91412e-06 | 18 -0.00094  5.86557e-06
 19 -0.00088  4.02368e-06 | 20 -0.00081  1.53992e-06 | 21 -0.00074  3.21298e-07
 22 -0.00065  3.17428e-06 | 23 -0.00055  3.56058e-06 | 24 -0.00043  5.07967e-06
 25 -0.00031  7.48389e-07 | 26 -0.00017  3.42878e-07 | 27 -0.00002  6.09390e-06
 28  0.00015  8.52968e-06 | 29  0.00033  3.47586e-06 | 30  0.00052  2.92701e-06
 31  0.00072  5.02281e-06 | 32  0.00094  2.82334e-06 | 33  0.00118  6.14103e-06
 34  0.00143  3.39510e-06 | 35  0.00169  8.49530e-06 | 36  0.00196 -9.92035e-08
 37  0.00224  7.85291e-06 | 38  0.00254  5.63788e-06 | 39  0.00284  4.31700e-07
 40  0.00314  7.88319e-06 | 41  0.00344  2.56574e-06 | 42  0.00373  5.77889e-06
 43  0.00402  5.89870e-06 | 44  0.00430  4.17812e-06 | 45  0.00455  4.79471e-06
 46  0.00476  1.10792e-05 | 47  0.00493  5.98246e-06 | 48  0.00504  6.45680e-06
 49  0.00506  2.49861e-06 | 50  0.00500  6.58820e-06 | 51  0.00482  8.32113e-06
 52  0.00452  9.74165e-06 | 53  0.00409  1.74545e-07 | 54  0.00354  2.43535e-06
 55  0.00288  6.94718e-06 | 56  0.00214  7.08304e-06 | 57  0.00135  7.05637e-06
 58  0.00053  7.57022e-06 | 59 -0.00027  5.98465e-06 | 60 -0.00101  7.77570e-06
 61 -0.00166  9.53817e-06 | 62 -0.00217  7.04305e-06 | 63 -0.00250  7.14975e-06
 64 -0.00260  7.99468e-06 | 65 -0.00244  7.35598e-06 | 66 -0.00198  7.78593e-06
 67 -0.00120  5.52978e-06 | 68 -0.00006  5.11045e-06 | 69  0.00144  7.15737e-06
 70  0.00330  6.63697e-06 | 71  0.00549  6.81987e-06 | 72  0.00795  5.52746e-06
 73  0.01057  6.30495e-06 | 74  0.01319  3.97306e-06 | 75  0.01561  5.39423e-06
 76  0.01762  3.85345e-06 | 77  0.01904  3.88431e-06 | 78  0.01977  4.23141e-06
 79  0.01981  4.22677e-06 | 80  0.01927  2.95116e-06 | 81  0.01826  3.06162e-06
 82  0.01685  3.44330e-06 | 83  0.01501  8.73934e-07 | 84  0.01264  2.53987e-07
 85  0.00971  1.57164e-06 | 86  0.00633  1.50285e-06 | 87  0.00280  1.55297e-06
 88 -0.00045  5.51883e-07 | 89 -0.00311 -5.07066e-07 | 90 -0.00509 -1.11637e-07
 91 -0.00661 -2.07268e-06 | 92 -0.00803 -5.97846e-07 | 93 -0.00938  1.69203e-06
 94 -0.01025  2.25984e-06 | 95 -0.01053  1.26073e-06 | 96 -0.01098  2.28642e-06
 97 -0.01031  3.90915e-06 | 98 -0.00909  3.85648e-06 | 99 -0.00717  5.08699e-06
100 -0.00850  3.98849e-06 |101 -0.01091  2.35695e-06 |102 -0.01402  2.46700e-06
103 -0.02255 -1.27086e-07 |104 -0.02397 -2.67458e-06 |105 -0.01202 -4.38261e-06
106 -0.01489 -8.28279e-06 |107 -0.03313 -1.15400e-05 |108 -0.01644 -1.91669e-05
109  0.03268 -4.43149e-05 |110 -0.00160 -4.36671e-05 |111 -0.03748 -3.88166e-05
112 -0.01764 -5.52373e-05 |113 -0.00034 -7.18705e-05 |114  0.02308 -9.10145e-05
115 -0.00255 -7.62710e-05 |116 -0.06011 -5.06713e-05 |117 -0.07035 -4.31850e-05
118 -0.06363 -3.89368e-05 |119 -0.01816 -3.76477e-05 |120  0.11114 -8.24963e-05
121  0.06235 -4.06004e-05 |122  0.04726 -2.74071e-05 |123 -0.01339 -3.48362e-06
124 -0.05801  5.22691e-06 |125 -0.00375  2.32065e-05 |126 -0.00234  3.23266e-05
127 -0.04577  2.28220e-05 |128 -0.00158  2.69971e-05 |129  0.04864  3.12755e-05
130 -0.01871  9.71916e-06 |131  0.05746  7.44595e-06 |132 -0.00662  2.91757e-06
133  0.12139  4.43291e-07 |134 -0.01403  2.16263e-06 |135 -0.05392  3.17067e-06
136 -0.06067  1.62660e-06 |137 -0.02267  2.60926e-06 |138  0.09430  2.54734e-06
139  0.02574  8.24040e-07 |140  0.01733  1.34119e-06 |141 -0.02880 -9.63071e-07
142 -0.01469  2.99949e-06 |143 -0.01134  7.92154e-07 |144 -0.00049  1.13008e-06
145  0.46316 -1.11269e-06 |146  0.37884  6.70976e-06 |147 -0.19825  1.44323e-04
148  0.05284 -1.55475e-05 |149  0.01736 -3.12134e-05 |150 -1.40508  3.91648e-06
151  0.04049  3.79587e-05 |152  5.65011 -6.98002e-07 |153 -5.60354 -3.34935e-07
154  2.32175  8.19451e-07 |155  0.20010 -5.89138e-05 |156  0.25698  1.01918e-04
157  0.18156 -1.08547e-05 |158  0.25299  1.46382e-05 |159  0.00198 -6.74763e-06
160 -0.09396 -4.37740e-06 |161  0.12027 -2.03392e-05 |162  0.29362  5.24003e-05
163  0.18129 -2.12067e-05 |164  0.24643  2.21929e-05 |165 -0.32572  7.71012e-07
166  0.24784 -2.69904e-06 |167  0.04915 -1.39462e-06 |168 -0.17484 -3.16205e-06
169  0.22534  1.24878e-05 |170  0.31482 -1.35182e-05 |171  0.07737  7.20395e-05
172 -0.53345  2.22348e-05 |173 -0.36831  3.45074e-06 |174  0.24090 -7.00870e-06
175  0.06673  4.34239e-06 |176 -0.09519 -2.92631e-05 |177  0.76020 -1.31695e-04
178  0.10247 -6.62066e-02 |179 -0.05002 -1.41324e-05 |180  0.74867  2.45276e-06
181  1.91222  2.47607e-06 |182  0.00316 -7.69272e-06 |183  0.18756  2.75801e-05
184 -1.56312  5.49531e-06 |185 -0.24990  2.04578e-04 |186  0.31426  9.70670e-06
187 -0.27885  8.48737e-06 |188 -1.41486  1.75560e-05 |189  0.10528  3.70282e-05
190  0.16798 -1.92741e-05 |191  0.21939 -2.67231e-05 |192  0.25533  9.09569e-05
193  0.02298  2.18137e-05 |194 -0.01037 -4.27582e-06 |195 -0.17049  2.91340e-05
196 -0.11073  9.23106e-05 |197 -0.55802 -1.31586e-06 |198  0.16982  6.47447e-06
199  0.09467  2.79461e-05 |200 -0.26489  1.68455e-05 |
200 variables; iteration 960; function evaluation 1283; phase 4
Function value 7.2040988e+03; maximum gradient component mag -8.5158e-02
Var    Value     Gradient |Var    Value     Gradient |Var    Value     Gradient
  1 -0.46189 -3.42548e-02 |  2  0.37826 -6.20360e-03 |  3 -0.12325  8.13678e-04
  4 -0.03110 -7.83280e-03 |  5 -0.69255 -1.68630e-03 |  6 -0.60426 -1.10884e-02
  7  0.38257 -1.07985e-02 |  8 -0.19227 -1.38183e-02 |  9  0.02607 -1.23080e-02
 10 -0.58548 -4.62737e-03 | 11 -0.62682 -1.72498e-02 | 12 -0.22343 -2.10814e-03
 13 -0.00112  2.35096e-04 | 14 -0.00110  3.04140e-04 | 15 -0.00107  2.91683e-04
 16 -0.00103  1.69988e-04 | 17 -0.00099  3.86580e-04 | 18 -0.00094  4.52580e-04
 19 -0.00088  3.16839e-04 | 20 -0.00081  2.69441e-04 | 21 -0.00074  1.64459e-05
 22 -0.00065  4.45726e-04 | 23 -0.00055  3.15186e-04 | 24 -0.00043  8.11851e-04
 25 -0.00031  5.46247e-04 | 26 -0.00017  4.74086e-04 | 27 -0.00002  5.54630e-04
 28  0.00015  7.38395e-04 | 29  0.00033  7.85935e-04 | 30  0.00052  1.58560e-04
 31  0.00072  4.62214e-05 | 32  0.00094  5.32759e-04 | 33  0.00118  8.43286e-04
 34  0.00143  6.03477e-04 | 35  0.00169  5.01987e-04 | 36  0.00196  4.12722e-04
 37  0.00224  4.41068e-04 | 38  0.00254  8.52120e-04 | 39  0.00284  4.61409e-04
 40  0.00314  1.23408e-03 | 41  0.00344  8.80291e-04 | 42  0.00374  1.23268e-03
 43  0.00403  1.06144e-03 | 44  0.00430  3.22199e-04 | 45  0.00455  4.07843e-04
 46  0.00476  3.26151e-04 | 47  0.00493  6.66785e-04 | 48  0.00504  1.07144e-03
 49  0.00506  4.18914e-04 | 50  0.00500  6.07627e-04 | 51  0.00482  1.22908e-03
 52  0.00452  7.59679e-04 | 53  0.00409  9.99771e-04 | 54  0.00354  1.00227e-03
 55  0.00288  9.23209e-04 | 56  0.00214  1.00035e-03 | 57  0.00135  9.95718e-04
 58  0.00054  1.40588e-03 | 59 -0.00026  1.15007e-03 | 60 -0.00101  1.36553e-03
 61 -0.00166  1.13683e-03 | 62 -0.00217  1.88592e-03 | 63 -0.00250  1.39438e-03
 64 -0.00260  1.33945e-03 | 65 -0.00244  7.36723e-04 | 66 -0.00198  9.55116e-04
 67 -0.00120  1.52689e-03 | 68 -0.00006  1.18037e-03 | 69  0.00144  7.68932e-04
 70  0.00330  1.47058e-03 | 71  0.00550  1.37960e-03 | 72  0.00795  1.52822e-03
 73  0.01057  9.41236e-04 | 74  0.01319  1.58361e-03 | 75  0.01561  1.37528e-03
 76  0.01763  1.94355e-03 | 77  0.01904  1.72598e-03 | 78  0.01977  1.56581e-03
 79  0.01981  1.56221e-03 | 80  0.01927  1.69863e-03 | 81  0.01826  1.58852e-03
 82  0.01685  1.53966e-03 | 83  0.01501  1.68453e-03 | 84  0.01264  2.14629e-03
 85  0.00971  1.77069e-03 | 86  0.00633  1.93249e-03 | 87  0.00281  2.63081e-03
 88 -0.00045  1.93636e-03 | 89 -0.00311  1.80291e-03 | 90 -0.00509  2.56291e-03
 91 -0.00661  2.82042e-03 | 92 -0.00803  2.40660e-03 | 93 -0.00938  2.94920e-03
 94 -0.01025  2.79114e-03 | 95 -0.01053  3.11555e-03 | 96 -0.01098  3.19754e-03
 97 -0.01031  3.39602e-03 | 98 -0.00909  3.52331e-03 | 99 -0.00717  3.69816e-03
100 -0.00850  4.14294e-03 |101 -0.01091  4.64111e-03 |102 -0.01402  4.20174e-03
103 -0.02255  3.97823e-03 |104 -0.02397  4.27320e-03 |105 -0.01202  4.91261e-03
106 -0.01489  4.81231e-03 |107 -0.03313  4.44237e-03 |108 -0.01644  4.97031e-03
109  0.03268  6.69945e-03 |110 -0.00161  4.87739e-03 |111 -0.03748  3.29561e-03
112 -0.01765  2.08283e-03 |113 -0.00034  6.05609e-04 |114  0.02307 -1.81830e-03
115 -0.00256 -4.18792e-03 |116 -0.06012 -4.47917e-03 |117 -0.07035 -6.34997e-03
118 -0.06364 -8.68201e-03 |119 -0.01817 -1.54753e-02 |120  0.11112 -4.57207e-02
121  0.06234 -3.24155e-02 |122  0.04725 -2.85555e-02 |123 -0.01340 -1.67740e-02
124 -0.05802 -9.90614e-03 |125 -0.00375 -1.20079e-02 |126 -0.00234 -7.59411e-03
127 -0.04577 -2.79915e-03 |128 -0.00158 -5.75141e-04 |129  0.04864  2.08479e-03
130 -0.01872  1.01742e-03 |131  0.05746  1.75169e-03 |132 -0.00662  5.09661e-04
133  0.12139 -2.42094e-04 |134 -0.01403  7.06541e-05 |135 -0.05392  3.94229e-04
136 -0.06067  4.78829e-04 |137 -0.02267 -3.36731e-05 |138  0.09430  1.44262e-04
139  0.02574 -3.93705e-04 |140  0.01733  2.36529e-04 |141 -0.02880  2.48177e-04
142 -0.01469 -2.04915e-04 |143 -0.01134  8.42085e-06 |144 -0.00048  9.82462e-04
145  0.46317  2.64051e-03 |146  0.37884  5.72079e-03 |147 -0.19822 -2.23965e-02
148  0.05323  4.44811e-04 |149  0.01733 -2.55866e-02 |150 -1.40493  2.40152e-05
151  0.04048 -1.01459e-02 |152  5.64981 -1.24685e-04 |153 -5.60167 -1.67700e-05
154  2.32253  3.92019e-05 |155  0.20010  5.02568e-03 |156  0.25698 -1.84839e-03
157  0.18156  4.71749e-03 |158  0.25299 -5.04008e-03 |159  0.00198  8.20135e-04
160 -0.09397  2.48943e-03 |161  0.12027  3.42335e-03 |162  0.29362 -4.07435e-03
163  0.18129  1.22999e-03 |164  0.24643 -1.26987e-03 |165 -0.32573 -2.04363e-04
166  0.24784 -2.23385e-05 |167  0.04915  1.09918e-03 |168 -0.17484  5.69329e-03
169  0.22533 -4.92009e-06 |170  0.31482  1.16236e-04 |171  0.07737 -2.11988e-03
172 -0.52860  4.38444e-04 |173 -0.36832 -1.68129e-04 |174  0.24090 -2.50880e-03
175  0.06673 -4.76083e-03 |176 -0.09518  1.87587e-02 |177  0.75483 -3.24397e-03
178  0.10294 -8.51582e-02 |179 -0.05492  2.77737e-04 |180  0.74783  1.03486e-04
181  1.92488 -2.72873e-05 |182  0.00283 -1.73057e-02 |183  0.21183  4.92483e-04
184 -1.56491 -9.57347e-05 |185 -0.24992 -2.72062e-02 |186  0.31430  1.23427e-02
187 -0.27952 -2.97103e-04 |188 -1.41198  2.90000e-04 |189  0.10528  1.16434e-02
190  0.16798  4.88566e-02 |191  0.21939 -8.22325e-03 |192  0.25533 -4.82116e-02
193  0.02298  9.50882e-03 |194 -0.01037  1.14470e-02 |195 -0.17049  1.28138e-02
196 -0.11073  3.28504e-02 |197 -0.55802  9.04463e-04 |198  0.16982  1.04862e-03
199  0.09467  1.67660e-02 |200 -0.26489  3.44565e-03 |
200 variables; iteration 980; function evaluation 1329; phase 4
Function value 7.2040653e+03; maximum gradient component mag 2.1696e+01
Var    Value     Gradient |Var    Value     Gradient |Var    Value     Gradient
  1 -0.46176  1.32076e+01 |  2  0.37825  2.98710e+00 |  3 -0.12327  7.18844e+00
  4 -0.03108  5.45419e+00 |  5 -0.69249  1.17658e+00 |  6 -0.60428  3.49404e+00
  7  0.38254  2.37012e+00 |  8 -0.19232 -5.95563e-01 |  9  0.02611  2.75834e+00
 10 -0.58571  9.92894e-01 | 11 -0.62672 -2.65178e+00 | 12 -0.22340 -3.99943e+00
 13 -0.00104 -1.49717e-03 | 14 -0.00119 -4.29532e-02 | 15 -0.00111 -3.19467e-02
 16 -0.00109 -3.66820e-02 | 17 -0.00096 -1.46239e-02 | 18 -0.00084  2.19708e-03
 19 -0.00088 -2.27359e-02 | 20 -0.00083 -2.65106e-02 | 21 -0.00081 -4.14488e-02
 22 -0.00063 -2.07526e-02 | 23 -0.00057 -2.93174e-02 | 24 -0.00035 -4.83130e-03
 25 -0.00037 -3.89090e-02 | 26 -0.00010 -8.42528e-03 | 27  0.00006 -5.88015e-03
 28  0.00013 -2.95183e-02 | 29  0.00044  2.49726e-03 | 30  0.00045 -4.41460e-02
 31  0.00066 -4.29609e-02 | 32  0.00096 -2.29876e-02 | 33  0.00118 -2.63610e-02
 34  0.00146 -1.92635e-02 | 35  0.00168 -2.83258e-02 | 36  0.00190 -4.29335e-02
 37  0.00223 -3.19844e-02 | 38  0.00259 -1.61047e-02 | 39  0.00276 -4.61660e-02
 40  0.00319 -1.38958e-02 | 41  0.00343 -2.96029e-02 | 42  0.00383 -5.50408e-03
 43  0.00407 -1.56634e-02 | 44  0.00422 -4.46347e-02 | 45  0.00448 -4.26108e-02
 46  0.00470 -4.03616e-02 | 47  0.00489 -3.48365e-02 | 48  0.00507 -1.66952e-02
 49  0.00496 -4.89845e-02 | 50  0.00493 -3.94200e-02 | 51  0.00485 -1.64023e-02
 52  0.00445 -3.87607e-02 | 53  0.00402 -3.89894e-02 | 54  0.00351 -2.67481e-02
 55  0.00286 -2.40679e-02 | 56  0.00220 -4.66876e-03 | 57  0.00132 -2.57455e-02
 58  0.00054 -1.47266e-02 | 59 -0.00023 -5.69459e-03 | 60 -0.00101 -1.47706e-02
 61 -0.00169 -2.15097e-02 | 62 -0.00209  6.23712e-03 | 63 -0.00248 -9.10507e-03
 64 -0.00260 -1.56733e-02 | 65 -0.00254 -4.04604e-02 | 66 -0.00205 -3.34735e-02
 67 -0.00118 -1.46254e-02 | 68 -0.00012 -3.56000e-02 | 69  0.00134 -5.03696e-02
 70  0.00330 -3.18210e-02 | 71  0.00546 -4.36739e-02 | 72  0.00793 -4.79244e-02
 73  0.01046 -7.56794e-02 | 74  0.01314 -7.04203e-02 | 75  0.01557 -7.89239e-02
 76  0.01762 -8.37040e-02 | 77  0.01901 -1.03925e-01 | 78  0.01969 -1.28681e-01
 79  0.01977 -1.38007e-01 | 80  0.01919 -1.63475e-01 | 81  0.01818 -1.83933e-01
 82  0.01678 -2.03242e-01 | 83  0.01491 -2.34992e-01 | 84  0.01260 -2.49184e-01
 85  0.00968 -2.73542e-01 | 86  0.00625 -3.13702e-01 | 87  0.00286 -3.11838e-01
 88 -0.00053 -3.75816e-01 | 89 -0.00322 -4.20284e-01 | 90 -0.00507 -4.25925e-01
 91 -0.00658 -4.63195e-01 | 92 -0.00809 -5.36884e-01 | 93 -0.00933 -5.58520e-01
 94 -0.01027 -6.33508e-01 | 95 -0.01052 -6.90367e-01 | 96 -0.01095 -7.50666e-01
 97 -0.01022 -8.13929e-01 | 98 -0.00901 -9.05527e-01 | 99 -0.00707 -9.99865e-01
100 -0.00836 -1.07628e+00 |101 -0.01067 -1.13685e+00 |102 -0.01389 -1.25376e+00
103 -0.02243 -1.29400e+00 |104 -0.02382 -1.39909e+00 |105 -0.01184 -1.67285e+00
106 -0.01473 -1.76630e+00 |107 -0.03300 -1.62917e+00 |108 -0.01636 -1.96596e+00
109  0.03264 -3.03030e+00 |110 -0.00171 -2.38513e+00 |111 -0.03758 -1.82606e+00
112 -0.01788 -2.16474e+00 |113 -0.00065 -2.41260e+00 |114  0.02266 -2.66502e+00
115 -0.00299 -1.84616e+00 |116 -0.06045 -8.29452e-01 |117 -0.07063 -2.90668e-01
118 -0.06385  3.60655e-01 |119 -0.01835  1.58886e+00 |120  0.11061  6.81525e+00
121  0.06203  6.00440e+00 |122  0.04697  5.98287e+00 |123 -0.01324  4.05187e+00
124 -0.05761  3.00874e+00 |125 -0.00273  4.58742e+00 |126 -0.00123  4.17794e+00
127 -0.04516  2.28206e+00 |128 -0.00122  2.03978e+00 |129  0.04847  1.58639e+00
130 -0.01885  3.81545e-01 |131  0.05726  7.02696e-02 |132 -0.00666 -8.84222e-02
133  0.12130 -3.45448e-01 |134 -0.01401 -9.18276e-02 |135 -0.05382 -2.23577e-02
136 -0.06063 -2.47418e-02 |137 -0.02269 -3.97396e-02 |138  0.09428 -8.84941e-02
139  0.02569 -6.79486e-02 |140  0.01739 -2.35248e-02 |141 -0.02877 -1.52016e-02
142 -0.01469 -1.65292e-02 |143 -0.01135 -1.03983e-02 |144 -0.00030  4.65094e-02
145  0.46363  4.96960e-01 |146  0.37885  4.05836e-01 |147 -0.19221  1.90109e+01
148 -0.00885 -1.50733e+00 |149  0.01179  7.53508e+00 |150 -1.52953 -7.69492e-02
151  0.04068  2.60872e-01 |152  5.61812 -1.68193e-03 |153 -5.60000  1.72683e-03
154  2.32096  1.42853e-05 |155  0.20013 -5.73503e+00 |156  0.25696  8.15378e+00
157  0.18164 -2.34577e+00 |158  0.25301  3.11371e+00 |159  0.00194 -4.65867e-01
160 -0.09395 -1.08628e+00 |161  0.12037 -2.39330e+00 |162  0.29363  4.50501e+00
163  0.18139 -1.68223e+00 |164  0.24646  2.38675e+00 |165 -0.32588  3.74423e-02
166  0.24777 -7.08535e-02 |167  0.04914  1.58180e-01 |168 -0.17496  1.45780e+00
169  0.22489  6.07408e-01 |170  0.31482 -3.60003e-01 |171  0.07741  3.80751e+00
172 -0.34981  2.78997e-01 |173 -0.36742  2.60765e-01 |174  0.24112 -5.49159e-01
175  0.06655  2.85823e-01 |176 -0.09514  1.75999e+00 |177  0.82421  1.80902e+01
178  0.15222  1.35295e+00 |179 -0.23668  1.20005e+00 |180  0.68429 -1.63691e-01
181  1.45092 -3.66762e-03 |182 -0.05193  8.89035e-01 |183  0.40947  2.35313e-03
184 -1.47590  2.76105e-03 |185 -0.25038  1.13174e+01 |186  0.32271 -4.11138e+00
187 -0.24767  4.86282e-01 |188 -1.27403  6.07814e-03 |189  0.10533 -5.75557e+00
190  0.16807 -1.67075e+01 |191  0.21943  3.35796e+00 |192  0.25535  2.16964e+01
193  0.02298 -4.37485e+00 |194 -0.01045 -3.47025e+00 |195 -0.17041 -2.95764e+00
196 -0.11069 -6.60389e+00 |197 -0.55807  8.14703e-02 |198  0.16986  4.07486e-02
199  0.09469  1.15910e+00 |200 -0.26498  2.65879e-01 |
200 variables; iteration 1000; function evaluation 1367; phase 4
Function value 7.2034189e+03; maximum gradient component mag -8.4065e+00
Var    Value     Gradient |Var    Value     Gradient |Var    Value     Gradient
  1 -0.46311 -8.08544e+00 |  2  0.37773 -6.24064e-01 |  3 -0.12403 -2.30043e+00
  4 -0.02955 -1.36684e+00 |  5 -0.69373 -1.43939e-01 |  6 -0.60440 -1.52183e+00
  7  0.38215 -3.41877e-01 |  8 -0.19209  5.06302e-01 |  9  0.02670 -2.34313e-01
 10 -0.58869 -2.66875e-01 | 11 -0.62593  8.13420e-01 | 12 -0.22361  7.96347e+00
 13 -0.00128  3.86465e-02 | 14 -0.00135  1.71248e-02 | 15 -0.00124  3.99481e-02
 16 -0.00125  3.26103e-02 | 17 -0.00107  6.88708e-02 | 18 -0.00104  6.61434e-02
 19 -0.00108  4.63149e-02 | 20 -0.00096  6.08722e-02 | 21 -0.00095  4.76171e-02
 22 -0.00091  3.88555e-02 | 23 -0.00065  8.27941e-02 | 24 -0.00065  5.77144e-02
 25 -0.00053  6.23197e-02 | 26 -0.00035  7.69623e-02 | 27 -0.00024  7.00612e-02
 28 -0.00016  5.31471e-02 | 29  0.00003  6.13416e-02 | 30  0.00013  4.32188e-02
 31  0.00035  5.17251e-02 | 32  0.00063  7.06235e-02 | 33  0.00080  6.16732e-02
 34  0.00105  6.76929e-02 | 35  0.00132  7.37035e-02 | 36  0.00153  6.52602e-02
 37  0.00177  6.07836e-02 | 38  0.00214  8.49877e-02 | 39  0.00241  8.32373e-02
 40  0.00284  1.21184e-01 | 41  0.00302  9.99136e-02 | 42  0.00344  1.35917e-01
 43  0.00356  1.00514e-01 | 44  0.00377  9.05661e-02 | 45  0.00395  8.18904e-02
 46  0.00407  6.44572e-02 | 47  0.00428  8.04375e-02 | 48  0.00450  1.12135e-01
 49  0.00443  9.42282e-02 | 50  0.00435  9.54299e-02 | 51  0.00419  1.05491e-01
 52  0.00383  9.59008e-02 | 53  0.00349  1.22090e-01 | 54  0.00292  1.22761e-01
 55  0.00223  1.18586e-01 | 56  0.00157  1.42679e-01 | 57  0.00073  1.34407e-01
 58 -0.00014  1.24036e-01 | 59 -0.00079  1.65336e-01 | 60 -0.00165  1.38707e-01
 61 -0.00231  1.40034e-01 | 62 -0.00268  1.76178e-01 | 63 -0.00307  1.63693e-01
 64 -0.00318  1.62371e-01 | 65 -0.00311  1.40374e-01 | 66 -0.00267  1.37528e-01
 67 -0.00168  1.88834e-01 | 68 -0.00062  1.71424e-01 | 69  0.00077  1.43898e-01
 70  0.00287  2.05622e-01 | 71  0.00500  1.90309e-01 | 72  0.00757  2.19463e-01
 73  0.01002  1.84349e-01 | 74  0.01287  2.43534e-01 | 75  0.01526  2.40258e-01
 76  0.01740  2.70085e-01 | 77  0.01883  2.73979e-01 | 78  0.01952  2.63489e-01
 79  0.01967  2.77777e-01 | 80  0.01924  2.88428e-01 | 81  0.01828  2.78251e-01
 82  0.01699  2.76839e-01 | 83  0.01535  2.89869e-01 | 84  0.01325  3.11239e-01
 85  0.01043  2.94344e-01 | 86  0.00720  2.82884e-01 | 87  0.00409  3.38446e-01
 88  0.00081  2.90619e-01 | 89 -0.00175  2.72412e-01 | 90 -0.00336  3.27563e-01
 91 -0.00470  3.39040e-01 | 92 -0.00607  3.17644e-01 | 93 -0.00725  3.35861e-01
 94 -0.00812  3.09039e-01 | 95 -0.00821  3.37046e-01 | 96 -0.00859  3.46720e-01
 97 -0.00787  3.48256e-01 | 98 -0.00656  3.61878e-01 | 99 -0.00462  3.52082e-01
100 -0.00597  3.41904e-01 |101 -0.00843  3.22417e-01 |102 -0.01175  2.49725e-01
103 -0.02048  1.90342e-01 |104 -0.02199  1.36179e-01 |105 -0.00995  7.38456e-02
106 -0.01297  9.44110e-03 |107 -0.03167 -3.95284e-02 |108 -0.01515 -1.07873e-01
109  0.03446 -2.25506e-01 |110 -0.00066 -1.90772e-01 |111 -0.03679 -1.77472e-01
112 -0.01725 -3.23725e-01 |113 -0.00015 -4.33334e-01 |114  0.02299 -6.10426e-01
115 -0.00298 -5.84508e-01 |116 -0.06075 -3.84448e-01 |117 -0.07115 -3.22916e-01
118 -0.06494 -3.08091e-01 |119 -0.02002 -5.03690e-01 |120  0.10558 -1.41429e+00
121  0.05706 -1.20384e+00 |122  0.04212 -1.22898e+00 |123 -0.01663 -8.36176e-01
124 -0.05980 -5.22061e-01 |125 -0.00390 -7.26038e-01 |126 -0.00060 -5.16918e-01
127 -0.04379 -1.99993e-01 |128  0.00047 -5.08899e-02 |129  0.04906  1.29478e-01
130 -0.01780  1.56961e-02 |131  0.05757  8.42766e-02 |132 -0.00635  9.04267e-03
133  0.12158 -5.93562e-02 |134 -0.01366  1.30491e-02 |135 -0.05363 -7.86848e-04
136 -0.06063  1.94611e-02 |137 -0.02300 -3.44622e-03 |138  0.09327 -1.07770e-02
139  0.02541 -2.70870e-02 |140  0.01714  1.75588e-02 |141 -0.02869 -4.48523e-03
142 -0.01500 -3.01685e-02 |143 -0.01100 -2.67994e-02 |144 -0.00026  5.85731e-02
145  0.46442  2.48588e-01 |146  0.37629  3.05471e-01 |147 -0.09068  2.19432e+00
148  0.25628  6.71995e-02 |149 -0.08069  3.66491e-01 |150 -1.47870 -9.49597e-03
151  0.04118  1.51686e-01 |152  5.66014  4.67230e-03 |153 -5.65533  9.04422e-04
154  2.28598 -2.40196e-03 |155  0.19999  3.43347e-01 |156  0.25722 -3.05011e-01
157  0.18220  3.65322e-01 |158  0.25342 -5.10727e-01 |159  0.00173  6.35009e-02
160 -0.09391  2.25772e-01 |161  0.12077  3.98035e-01 |162  0.29408 -8.37627e-01
163  0.18181  2.76209e-01 |164  0.24680 -4.35781e-01 |165 -0.32790 -2.98134e-02
166  0.24749  4.71395e-02 |167  0.04941  4.14527e-02 |168 -0.17613  5.70477e-01
169  0.22118  1.86645e-01 |170  0.31462 -2.95497e-02 |171  0.07775  1.08851e+00
172 -0.48194  7.43994e-03 |173 -0.36458 -1.80037e-01 |174  0.24178  8.48203e-02
175  0.06687 -4.69580e-01 |176 -0.09775  5.34788e-01 |177  0.84430 -8.40650e+00
178  0.20214 -3.90170e-02 |179 -1.31032  5.92608e-03 |180  0.76825  2.94590e-03
181  0.71864  6.63906e-03 |182 -0.09267 -3.61497e-02 |183  0.12021 -1.71204e-03
184 -1.40140  4.26526e-03 |185 -0.25182 -4.87016e-02 |186  0.34401  4.92923e-01
187 -0.23483  1.92072e-02 |188 -1.31416  5.12623e-03 |189  0.10522  1.70965e+00
190  0.16839  2.55819e+00 |191  0.21955 -1.15642e+00 |192  0.25564 -4.00631e+00
193  0.02315  1.39263e+00 |194 -0.01047  5.55120e-01 |195 -0.17043  9.96348e-01
196 -0.11063  2.09761e+00 |197 -0.55824  8.93261e-02 |198  0.16992  6.41058e-02
199  0.09444  1.17343e+00 |200 -0.26276  2.58045e-01 |
200 variables; iteration 1020; function evaluation 1388; phase 4
Function value 7.2033229e+03; maximum gradient component mag 1.2816e+00
Var    Value     Gradient |Var    Value     Gradient |Var    Value     Gradient
  1 -0.46318  1.28163e+00 |  2  0.37780  2.52064e-02 |  3 -0.12389  2.11643e-01
  4 -0.02976  1.29223e-01 |  5 -0.69303  1.45001e-03 |  6 -0.60446  1.44271e-01
  7  0.38249  4.40027e-02 |  8 -0.19170 -1.31102e-01 |  9  0.02585  2.70204e-02
 10 -0.58818  2.16222e-02 | 11 -0.62583  1.07058e-01 | 12 -0.22372 -1.12937e+00
 13 -0.00129  1.68256e-03 | 14 -0.00134 -1.65205e-02 | 15 -0.00131 -1.41502e-02
 16 -0.00128 -1.33997e-02 | 17 -0.00125 -1.28562e-02 | 18 -0.00116 -2.69128e-03
 19 -0.00113 -7.87559e-03 | 20 -0.00110 -1.43116e-02 | 21 -0.00103 -1.37783e-02
 22 -0.00092 -6.04925e-03 | 23 -0.00088 -1.98047e-02 | 24 -0.00071 -2.64516e-03
 25 -0.00067 -1.94142e-02 | 26 -0.00049 -7.28200e-03 | 27 -0.00036 -8.35472e-03
 28 -0.00025 -1.98197e-02 | 29 -0.00005 -9.59950e-03 | 30  0.00011 -1.57461e-02
 31  0.00033 -9.30282e-03 | 32  0.00052 -1.15633e-02 | 33  0.00071 -1.97850e-02
 34  0.00095 -1.80498e-02 | 35  0.00121 -1.22757e-02 | 36  0.00145 -1.68239e-02
 37  0.00172 -1.73857e-02 | 38  0.00199 -1.69633e-02 | 39  0.00226 -2.06488e-02
 40  0.00253 -2.36736e-02 | 41  0.00280 -2.43522e-02 | 42  0.00310 -1.98425e-02
 43  0.00335 -2.45584e-02 | 44  0.00364 -1.61769e-02 | 45  0.00386 -1.93684e-02
 46  0.00408 -1.57580e-02 | 47  0.00421 -2.01880e-02 | 48  0.00430 -2.08738e-02
 49  0.00432 -1.91812e-02 | 50  0.00425 -1.94399e-02 | 51  0.00403 -2.50548e-02
 52  0.00373 -2.24500e-02 | 53  0.00328 -2.61864e-02 | 54  0.00272 -2.52051e-02
 55  0.00205 -2.56588e-02 | 56  0.00131 -2.36766e-02 | 57  0.00048 -3.07373e-02
 58 -0.00031 -2.42059e-02 | 59 -0.00114 -3.04217e-02 | 60 -0.00189 -2.98525e-02
 61 -0.00253 -2.83670e-02 | 62 -0.00307 -3.53670e-02 | 63 -0.00337 -3.01939e-02
 64 -0.00346 -2.97549e-02 | 65 -0.00327 -2.55242e-02 | 66 -0.00281 -2.80579e-02
 67 -0.00203 -3.36599e-02 | 68 -0.00087 -3.20794e-02 | 69  0.00068 -2.72920e-02
 70  0.00253 -3.63065e-02 | 71  0.00476 -3.43378e-02 | 72  0.00723 -3.78975e-02
 73  0.00990 -3.18835e-02 | 74  0.01250 -4.15259e-02 | 75  0.01497 -3.89862e-02
 76  0.01698 -4.52854e-02 | 77  0.01844 -4.55351e-02 | 78  0.01923 -4.48053e-02
 79  0.01935 -4.44235e-02 | 80  0.01890 -4.62883e-02 | 81  0.01803 -4.48791e-02
 82  0.01678 -4.38816e-02 | 83  0.01511 -4.69011e-02 | 84  0.01293 -5.02538e-02
 85  0.01023 -4.50188e-02 | 86  0.00706 -4.60085e-02 | 87  0.00372 -5.14279e-02
 88  0.00068 -4.42414e-02 | 89 -0.00178 -4.15835e-02 | 90 -0.00362 -4.87983e-02
 91 -0.00498 -4.86740e-02 | 92 -0.00624 -4.72226e-02 | 93 -0.00746 -4.62474e-02
 94 -0.00822 -4.41668e-02 | 95 -0.00842 -4.67071e-02 | 96 -0.00883 -4.47131e-02
 97 -0.00812 -4.15114e-02 | 98 -0.00689 -4.04591e-02 | 99 -0.00496 -3.57449e-02
100 -0.00636 -3.40871e-02 |101 -0.00888 -2.91481e-02 |102 -0.01208 -1.79620e-02
103 -0.02077 -4.80749e-03 |104 -0.02228  5.34968e-03 |105 -0.01023  2.11033e-02
106 -0.01325  3.53985e-02 |107 -0.03191  4.22924e-02 |108 -0.01533  6.30705e-02
109  0.03411  1.13119e-01 |110 -0.00082  9.87296e-02 |111 -0.03693  8.41164e-02
112 -0.01714  1.17737e-01 |113  0.00006  1.50149e-01 |114  0.02335  1.98905e-01
115 -0.00217  1.74242e-01 |116 -0.05987  1.12179e-01 |117 -0.07008  9.78542e-02
118 -0.06349  8.69442e-02 |119 -0.01818  1.06988e-01 |120  0.10949  2.09957e-01
121  0.06050  1.26551e-01 |122  0.04574  1.01361e-01 |123 -0.01436  6.41191e-02
124 -0.05854  4.10347e-02 |125 -0.00388  5.77209e-02 |126 -0.00178  3.26855e-02
127 -0.04490  3.86471e-03 |128 -0.00026 -2.55270e-02 |129  0.04961 -6.28354e-02
130 -0.01730 -2.98331e-02 |131  0.05853 -4.34125e-02 |132 -0.00588 -1.21654e-02
133  0.12233 -1.11892e-02 |134 -0.01345 -2.83662e-03 |135 -0.05343  7.22942e-04
136 -0.06047 -3.83291e-03 |137 -0.02260 -8.52881e-04 |138  0.09409 -2.42741e-03
139  0.02581  3.00855e-03 |140  0.01733 -3.33164e-03 |141 -0.02866 -1.87495e-03
142 -0.01487  9.22602e-04 |143 -0.01099  1.01827e-03 |144 -0.00050 -3.83484e-03
145  0.46302 -7.75865e-02 |146  0.37680 -9.12012e-02 |147 -0.09262  1.77500e-01
148  0.24031  1.76936e-02 |149 -0.18954 -3.47741e-03 |150 -1.41594 -1.15081e-03
151  0.04719  4.94014e-03 |152  5.64276 -1.24930e-04 |153 -5.86165  6.04704e-04
154  2.32846  5.37513e-04 |155  0.19977  1.17628e-01 |156  0.25714 -2.47888e-01
157  0.18171 -7.42196e-03 |158  0.25311  1.18593e-03 |159  0.00205 -1.86249e-03
160 -0.09421 -1.47738e-03 |161  0.12008  4.24951e-03 |162  0.29380 -2.93174e-02
163  0.18114  2.47946e-02 |164  0.24647 -3.66503e-02 |165 -0.32663 -3.43702e-04
166  0.24770 -1.61472e-03 |167  0.04935 -2.28854e-02 |168 -0.17560 -1.44629e-01
169  0.22194 -2.12731e-02 |170  0.31448  7.82316e-03 |171  0.07763 -1.28484e-01
172 -0.73502 -7.00418e-03 |173 -0.36755  2.58947e-02 |174  0.24111 -3.10919e-02
175  0.06702  6.47414e-02 |176 -0.09663 -3.60797e-02 |177  0.86425 -5.47293e-01
178  0.17173  1.23624e-01 |179 -1.30490  6.05002e-03 |180  0.77880  1.54213e-04
181  0.16590  7.83149e-04 |182 -0.04693  9.46502e-02 |183  0.15508 -1.20223e-04
184 -1.61256 -3.79713e-03 |185 -0.25124  1.89560e-02 |186  0.31903 -1.77557e-02
187 -0.26225  7.60847e-04 |188 -1.16872  1.14759e-02 |189  0.10517  7.46956e-02
190  0.16808 -5.69649e-02 |191  0.21946  7.62689e-03 |192  0.25538  1.09381e-01
193  0.02316  5.75619e-02 |194 -0.01019 -2.57001e-02 |195 -0.17066  1.92232e-02
196 -0.11089 -2.53274e-01 |197 -0.55830 -2.32958e-02 |198  0.16976 -3.72186e-03
199  0.09434 -3.13138e-01 |200 -0.26257 -5.25078e-02 |
200 variables; iteration 1040; function evaluation 1409; phase 4
Function value 7.2033142e+03; maximum gradient component mag -7.4266e-01
Var    Value     Gradient |Var    Value     Gradient |Var    Value     Gradient
  1 -0.46319 -1.59585e-01 |  2  0.37780 -1.01851e-01 |  3 -0.12389 -7.28515e-02
  4 -0.02977 -7.63233e-02 |  5 -0.69301  6.94046e-03 |  6 -0.60446  5.08868e-02
  7  0.38248 -7.88190e-02 |  8 -0.19170 -1.66560e-01 |  9  0.02587 -8.83486e-02
 10 -0.58813  1.94352e-02 | 11 -0.62586 -1.52759e-01 | 12 -0.22370 -4.83174e-02
 13 -0.00129  1.00246e-02 | 14 -0.00133 -3.18624e-03 | 15 -0.00130 -2.08695e-03
 16 -0.00126  7.77624e-04 | 17 -0.00124 -1.24720e-03 | 18 -0.00117  6.73911e-03
 19 -0.00112  5.92980e-03 | 20 -0.00109 -1.05618e-03 | 21 -0.00101  2.62511e-03
 22 -0.00091  8.05551e-03 | 23 -0.00088 -7.24498e-03 | 24 -0.00071  1.00596e-02
 25 -0.00065 -2.20864e-03 | 26 -0.00049  6.98470e-03 | 27 -0.00036  4.53109e-03
 28 -0.00025 -5.00673e-03 | 29 -0.00004  5.92026e-03 | 30  0.00013  3.88783e-03
 31  0.00035  1.03023e-02 | 32  0.00053  5.72845e-03 | 33  0.00071 -2.96205e-03
 34  0.00095 -7.73723e-04 | 35  0.00122  5.73606e-03 | 36  0.00148  5.73973e-03
 37  0.00173  2.60166e-03 | 38  0.00200  1.81565e-03 | 39  0.00228  3.75399e-03
 40  0.00253 -3.72026e-03 | 41  0.00282 -9.35032e-04 | 42  0.00311  1.10804e-03
 43  0.00336 -2.18800e-03 | 44  0.00366  9.09340e-03 | 45  0.00389  7.58169e-03
 46  0.00410  1.06925e-02 | 47  0.00424  8.30787e-03 | 48  0.00432  7.02980e-03
 49  0.00437  1.36042e-02 | 50  0.00427  1.01829e-02 | 51  0.00405  2.99476e-03
 52  0.00376  8.06256e-03 | 53  0.00331  6.25914e-03 | 54  0.00274  6.45497e-03
 55  0.00207  5.34356e-03 | 56  0.00133  6.37089e-03 | 57  0.00050  1.40328e-03
 58 -0.00029  7.78010e-03 | 59 -0.00113  5.20424e-04 | 60 -0.00187  2.34739e-03
 61 -0.00251  5.14655e-03 | 62 -0.00305 -2.94394e-03 | 63 -0.00334  6.30520e-03
 64 -0.00343  8.97462e-03 | 65 -0.00323  1.71774e-02 | 66 -0.00277  1.36657e-02
 67 -0.00201  6.27589e-03 | 68 -0.00083  1.12839e-02 | 69  0.00073  2.04062e-02
 70  0.00256  8.73481e-03 | 71  0.00479  1.29410e-02 | 72  0.00727  1.22076e-02
 73  0.00996  2.40890e-02 | 74  0.01255  1.49835e-02 | 75  0.01502  2.02206e-02
 76  0.01703  1.45963e-02 | 77  0.01849  1.77909e-02 | 78  0.01929  2.06137e-02
 79  0.01941  2.32400e-02 | 80  0.01897  2.39765e-02 | 81  0.01811  2.65432e-02
 82  0.01686  2.80621e-02 | 83  0.01519  2.60112e-02 | 84  0.01300  2.08913e-02
 85  0.01032  2.74537e-02 | 86  0.00714  2.45273e-02 | 87  0.00379  1.64045e-02
 88  0.00078  2.91500e-02 | 89 -0.00167  3.20959e-02 | 90 -0.00351  2.04957e-02
 91 -0.00487  1.98041e-02 | 92 -0.00611  2.33716e-02 | 93 -0.00733  2.31738e-02
 94 -0.00808  2.38715e-02 | 95 -0.00828  1.92583e-02 | 96 -0.00868  2.00804e-02
 97 -0.00797  2.04418e-02 | 98 -0.00674  1.99203e-02 | 99 -0.00481  2.13401e-02
100 -0.00623  1.41946e-02 |101 -0.00878  4.86207e-03 |102 -0.01199  7.87786e-03
103 -0.02070  6.54404e-03 |104 -0.02225 -3.19747e-03 |105 -0.01023 -1.34250e-02
106 -0.01329 -2.42906e-02 |107 -0.03197 -3.45034e-02 |108 -0.01546 -5.45930e-02
109  0.03388 -9.55261e-02 |110 -0.00107 -9.10059e-02 |111 -0.03717 -7.89473e-02
112 -0.01745 -9.23741e-02 |113 -0.00030 -1.13931e-01 |114  0.02289 -1.45907e-01
115 -0.00260 -1.20746e-01 |116 -0.06025 -7.65166e-02 |117 -0.07045 -6.13377e-02
118 -0.06383 -5.62536e-02 |119 -0.01849 -5.27600e-02 |120  0.10914 -9.59538e-02
121  0.06030 -3.46376e-02 |122  0.04556  4.67927e-05 |123 -0.01442  2.18268e-02
124 -0.05856  2.09400e-02 |125 -0.00384  4.34946e-02 |126 -0.00175  4.31888e-02
127 -0.04488  3.32717e-02 |128 -0.00028  2.29367e-02 |129  0.04955  1.97914e-03
130 -0.01733 -4.70520e-04 |131  0.05854 -6.52082e-03 |132 -0.00586  1.51976e-03
133  0.12235  6.66177e-03 |134 -0.01344 -1.79165e-03 |135 -0.05342 -1.42517e-04
136 -0.06048 -7.38432e-03 |137 -0.02260 -2.98435e-04 |138  0.09409 -1.31268e-03
139  0.02582  4.80260e-03 |140  0.01733 -3.70815e-03 |141 -0.02866 -2.60433e-03
142 -0.01485  3.99426e-03 |143 -0.01099  5.97762e-04 |144 -0.00052 -8.53246e-03
145  0.46333 -3.56837e-02 |146  0.37657 -2.31465e-01 |147 -0.09629  2.42634e-01
148  0.23652 -5.98057e-02 |149 -0.22748 -1.17295e-03 |150 -1.39062  1.19750e-03
151  0.04934  5.40911e-03 |152  5.64545  9.69029e-04 |153 -5.80330  9.98542e-04
154  2.31272 -1.62260e-04 |155  0.19975 -4.28376e-02 |156  0.25714  7.21830e-02
157  0.18167 -1.92018e-04 |158  0.25310  1.00583e-02 |159  0.00207  1.17797e-02
160 -0.09421  4.02140e-02 |161  0.12006 -1.03829e-02 |162  0.29380  2.17118e-02
163  0.18110 -3.98558e-04 |164  0.24647  5.34847e-03 |165 -0.32663  3.49659e-03
166  0.24770  2.97061e-03 |167  0.04936 -1.03313e-02 |168 -0.17574 -2.72574e-02
169  0.22115 -4.16998e-03 |170  0.31440 -5.31781e-04 |171  0.07770 -8.94229e-03
172 -0.54298 -7.57038e-04 |173 -0.36741  1.30471e-02 |174  0.24115 -1.13751e-02
175  0.06704  4.08041e-02 |176 -0.09668 -5.22451e-03 |177  0.88299 -7.00780e-02
178  0.18838 -6.65152e-02 |179 -1.63886  2.00166e-03 |180  0.78157  6.31630e-04
181 -0.15019 -7.55191e-04 |182 -0.08534 -4.97587e-03 |183  0.28062  1.20549e-03
184 -1.61662 -3.74221e-03 |185 -0.25366 -1.36983e-01 |186  0.31960 -2.20573e-02
187 -0.23412  2.45400e-03 |188 -1.39497  1.40682e-03 |189  0.10513  1.46898e-01
190  0.16807  1.70262e-02 |191  0.21946 -3.42562e-02 |192  0.25537  1.30024e-01
193  0.02316  1.30327e-01 |194 -0.01018  4.81221e-02 |195 -0.17068  1.34614e-01
196 -0.11089  1.92948e-01 |197 -0.55830 -5.56359e-02 |198  0.16977 -7.88561e-03
199  0.09427 -7.42656e-01 |200 -0.26220 -1.31541e-01 |
200 variables; iteration 1060; function evaluation 1435; phase 4
Function value 7.2033081e+03; maximum gradient component mag 3.0775e-01
Var    Value     Gradient |Var    Value     Gradient |Var    Value     Gradient
  1 -0.46321  3.07752e-01 |  2  0.37781  2.69152e-02 |  3 -0.12387 -3.11138e-03
  4 -0.02979  1.22733e-02 |  5 -0.69292 -7.09485e-03 |  6 -0.60447  3.46938e-02
  7  0.38250  3.23296e-02 |  8 -0.19166  6.79692e-02 |  9  0.02582  3.52949e-02
 10 -0.58814 -1.33662e-03 | 11 -0.62585  1.11696e-01 | 12 -0.22372 -2.25286e-01
 13 -0.00133 -3.13734e-03 | 14 -0.00132 -3.33003e-03 | 15 -0.00130 -3.22937e-03
 16 -0.00127 -4.13093e-03 | 17 -0.00124 -3.55567e-03 | 18 -0.00119 -2.78750e-03
 19 -0.00115 -4.70464e-03 | 20 -0.00109 -3.70060e-03 | 21 -0.00103 -5.74564e-03
 22 -0.00094 -4.45390e-03 | 23 -0.00085 -3.32105e-03 | 24 -0.00075 -4.47541e-03
 25 -0.00064 -4.87852e-03 | 26 -0.00052 -5.99494e-03 | 27 -0.00038 -4.05526e-03
 28 -0.00021 -9.96671e-04 | 29 -0.00006 -3.62446e-03 | 30  0.00011 -5.04627e-03
 31  0.00029 -7.06775e-03 | 32  0.00050 -6.07873e-03 | 33  0.00073 -3.11408e-03
 34  0.00096 -3.64436e-03 | 35  0.00120 -5.08189e-03 | 36  0.00144 -7.42596e-03
 37  0.00172 -4.10830e-03 | 38  0.00200 -4.45112e-03 | 39  0.00225 -9.44471e-03
 40  0.00255 -5.99221e-03 | 41  0.00282 -7.68047e-03 | 42  0.00310 -6.96607e-03
 43  0.00338 -4.62255e-03 | 44  0.00361 -9.77591e-03 | 45  0.00385 -8.16407e-03
 46  0.00405 -7.26084e-03 | 47  0.00420 -9.24721e-03 | 48  0.00429 -9.12802e-03
 49  0.00429 -1.34877e-02 | 50  0.00422 -1.12381e-02 | 51  0.00404 -7.04653e-03
 52  0.00372 -9.32997e-03 | 53  0.00327 -1.28287e-02 | 54  0.00271 -1.11121e-02
 55  0.00205 -9.04501e-03 | 56  0.00131 -8.86618e-03 | 57  0.00050 -8.89164e-03
 58 -0.00032 -8.96375e-03 | 59 -0.00112 -8.69656e-03 | 60 -0.00187 -8.67123e-03
 61 -0.00253 -1.04149e-02 | 62 -0.00303 -8.56511e-03 | 63 -0.00336 -1.20614e-02
 64 -0.00347 -1.32052e-02 | 65 -0.00330 -1.56474e-02 | 66 -0.00282 -1.30337e-02
 67 -0.00202 -1.38266e-02 | 68 -0.00087 -1.57611e-02 | 69  0.00065 -1.70417e-02
 70  0.00254 -1.47820e-02 | 71  0.00476 -1.59374e-02 | 72  0.00724 -1.72576e-02
 73  0.00987 -2.08983e-02 | 74  0.01252 -1.98802e-02 | 75  0.01496 -2.12288e-02
 76  0.01701 -2.02737e-02 | 77  0.01846 -2.10732e-02 | 78  0.01925 -2.11464e-02
 79  0.01936 -2.25523e-02 | 80  0.01892 -2.37520e-02 | 81  0.01805 -2.34767e-02
 82  0.01680 -2.31325e-02 | 83  0.01514 -2.34142e-02 | 84  0.01298 -2.16943e-02
 85  0.01027 -2.26934e-02 | 86  0.00711 -1.97114e-02 | 87  0.00380 -1.78261e-02
 88  0.00072 -2.20041e-02 | 89 -0.00175 -2.29515e-02 | 90 -0.00354 -1.77574e-02
 91 -0.00490 -1.75217e-02 | 92 -0.00617 -1.89080e-02 | 93 -0.00739 -1.78447e-02
 94 -0.00814 -1.47917e-02 | 95 -0.00832 -1.36652e-02 | 96 -0.00874 -1.44783e-02
 97 -0.00804 -1.32194e-02 | 98 -0.00681 -1.32012e-02 | 99 -0.00488 -1.16952e-02
100 -0.00627 -7.31092e-03 |101 -0.00878 -2.90545e-03 |102 -0.01200  1.79753e-03
103 -0.02072  3.99778e-03 |104 -0.02224  1.11992e-02 |105 -0.01021  2.12397e-02
106 -0.01325  2.92167e-02 |107 -0.03192  3.33449e-02 |108 -0.01539  4.75844e-02
109  0.03398  7.81611e-02 |110 -0.00095  6.88809e-02 |111 -0.03706  5.84835e-02
112 -0.01734  7.46156e-02 |113 -0.00016  9.40006e-02 |114  0.02306  1.25041e-01
115 -0.00244  1.09050e-01 |116 -0.06010  6.95628e-02 |117 -0.07031  5.37354e-02
118 -0.06364  4.66854e-02 |119 -0.01828  5.04004e-02 |120  0.10965  9.35023e-02
121  0.06069  4.48952e-02 |122  0.04592  2.64447e-02 |123 -0.01427  4.12691e-03
124 -0.05850 -6.89077e-03 |125 -0.00394 -2.08828e-02 |126 -0.00190 -3.13125e-02
127 -0.04503 -2.87496e-02 |128 -0.00034 -3.17088e-02 |129  0.04966 -3.03302e-02
130 -0.01729 -9.73073e-03 |131  0.05861 -9.82481e-03 |132 -0.00584 -3.83680e-03
133  0.12237  9.24398e-05 |134 -0.01343 -1.33338e-04 |135 -0.05342 -1.59208e-03
136 -0.06043  3.29951e-03 |137 -0.02256  1.63777e-03 |138  0.09417  1.25854e-03
139  0.02582  2.48017e-04 |140  0.01736  1.07865e-03 |141 -0.02865  1.38413e-03
142 -0.01486  7.68530e-04 |143 -0.01101  6.60930e-04 |144 -0.00048  2.77839e-03
145  0.46318 -1.70728e-02 |146  0.37683  9.69489e-02 |147 -0.11864 -1.49524e-02
148  0.21937  4.25134e-02 |149 -0.23894  6.36292e-03 |150 -1.40953 -2.60860e-04
151  0.05128  4.25591e-03 |152  5.63995 -4.96764e-04 |153 -5.79403  1.05330e-03
154  2.31690  5.92127e-05 |155  0.19972  8.35299e-02 |156  0.25713 -1.55476e-01
157  0.18163  7.86153e-03 |158  0.25308 -1.29094e-02 |159  0.00209 -5.06340e-03
160 -0.09425 -1.47265e-02 |161  0.11998  1.59664e-02 |162  0.29377 -2.57500e-02
163  0.18103  1.34230e-02 |164  0.24644 -1.74944e-02 |165 -0.32661 -6.70979e-04
166  0.24768 -4.22265e-03 |167  0.04937 -6.02697e-03 |168 -0.17567 -6.36623e-02
169  0.22149 -2.16303e-03 |170  0.31443 -1.39270e-03 |171  0.07767 -8.29412e-03
172 -0.50017  3.70411e-03 |173 -0.36794  4.18921e-03 |174  0.24101 -9.66157e-04
175  0.06703  9.94003e-03 |176 -0.09656 -4.52278e-02 |177  0.90075 -3.02272e-03
178  0.19272  7.66817e-02 |179 -1.82797  8.70231e-04 |180  0.77216 -6.48967e-04
181  0.09832  4.30544e-04 |182 -0.13248  6.18054e-03 |183  0.22226  9.61369e-04
184 -1.58508 -6.57656e-04 |185 -0.25110  1.80831e-01 |186  0.31807  3.89004e-02
187 -0.24708  1.89813e-02 |188 -1.43357 -2.27118e-03 |189  0.10513 -2.49423e-02
190  0.16801  1.53454e-02 |191  0.21944  1.09500e-02 |192  0.25534 -6.46717e-02
193  0.02317 -1.93014e-02 |194 -0.01014 -1.64243e-02 |195 -0.17070 -4.40323e-02
196 -0.11092 -1.28206e-01 |197 -0.55849  2.27973e-02 |198  0.16970  3.35781e-04
199  0.09438  3.06768e-01 |200 -0.26274  5.33862e-02 |
200 variables; iteration 1080; function evaluation 1456; phase 4
Function value 7.2033075e+03; maximum gradient component mag -2.3422e-01
Var    Value     Gradient |Var    Value     Gradient |Var    Value     Gradient
  1 -0.46320 -1.82901e-01 |  2  0.37781 -5.23386e-02 |  3 -0.12386 -7.75421e-02
  4 -0.02980 -7.90173e-02 |  5 -0.69291 -1.28308e-02 |  6 -0.60447 -3.59682e-02
  7  0.38250 -4.22715e-02 |  8 -0.19166 -5.90976e-02 |  9  0.02583 -5.37114e-02
 10 -0.58811 -1.07883e-02 | 11 -0.62587 -3.83992e-02 | 12 -0.22371  1.22864e-01
 13 -0.00132  1.95722e-03 | 14 -0.00132  1.14364e-04 | 15 -0.00129  5.09277e-04
 16 -0.00127  4.68022e-04 | 17 -0.00123  8.28144e-04 | 18 -0.00119  2.10690e-03
 19 -0.00114  1.32202e-03 | 20 -0.00108  1.11912e-03 | 21 -0.00102  7.33503e-04
 22 -0.00093  1.85786e-03 | 23 -0.00085  7.17515e-04 | 24 -0.00074  2.00513e-03
 25 -0.00064  5.25186e-04 | 26 -0.00051  1.79781e-03 | 27 -0.00037  1.67423e-03
 28 -0.00023  5.06287e-04 | 29 -0.00006  1.14077e-03 | 30  0.00012  1.02594e-03
 31  0.00031  2.24602e-03 | 32  0.00052  2.14802e-03 | 33  0.00073  7.84335e-04
 34  0.00096  1.02177e-03 | 35  0.00121  2.20368e-03 | 36  0.00146  1.71100e-03
 37  0.00172  1.25977e-03 | 38  0.00200  1.74646e-03 | 39  0.00228  1.96490e-03
 40  0.00255  1.53000e-03 | 41  0.00283  1.48921e-03 | 42  0.00311  2.36912e-03
 43  0.00337  1.05298e-03 | 44  0.00364  2.99715e-03 | 45  0.00386  2.28598e-03
 46  0.00406  2.60334e-03 | 47  0.00421  2.29891e-03 | 48  0.00430  2.57567e-03
 49  0.00432  3.32025e-03 | 50  0.00424  3.32222e-03 | 51  0.00405  1.84914e-03
 52  0.00374  2.58855e-03 | 53  0.00329  2.87241e-03 | 54  0.00273  3.08982e-03
 55  0.00206  2.81649e-03 | 56  0.00132  3.22097e-03 | 57  0.00051  2.31356e-03
 58 -0.00031  3.01116e-03 | 59 -0.00111  2.74967e-03 | 60 -0.00186  2.71155e-03
 61 -0.00251  3.08038e-03 | 62 -0.00303  2.23418e-03 | 63 -0.00335  3.24264e-03
 64 -0.00344  3.42254e-03 | 65 -0.00327  4.28740e-03 | 66 -0.00280  3.78235e-03
 67 -0.00200  3.69895e-03 | 68 -0.00084  4.34268e-03 | 69  0.00068  4.75494e-03
 70  0.00256  4.21996e-03 | 71  0.00478  4.68329e-03 | 72  0.00727  4.95670e-03
 73  0.00991  5.94288e-03 | 74  0.01255  5.95317e-03 | 75  0.01500  6.15075e-03
 76  0.01704  6.36203e-03 | 77  0.01849  6.77213e-03 | 78  0.01928  7.13674e-03
 79  0.01940  7.33020e-03 | 80  0.01896  7.89916e-03 | 81  0.01808  7.87048e-03
 82  0.01683  8.12664e-03 | 83  0.01518  8.73846e-03 | 84  0.01302  8.53377e-03
 85  0.01030  8.60238e-03 | 86  0.00714  8.67984e-03 | 87  0.00382  8.07953e-03
 88  0.00077  9.20476e-03 | 89 -0.00170  9.81904e-03 | 90 -0.00350  8.76714e-03
 91 -0.00486  9.21495e-03 | 92 -0.00612  9.82925e-03 | 93 -0.00734  1.01452e-02
 94 -0.00809  1.05515e-02 | 95 -0.00828  1.08523e-02 | 96 -0.00869  1.15364e-02
 97 -0.00798  1.21399e-02 | 98 -0.00676  1.30238e-02 | 99 -0.00483  1.38239e-02
100 -0.00623  1.38408e-02 |101 -0.00876  1.34717e-02 |102 -0.01199  1.36801e-02
103 -0.02071  1.34495e-02 |104 -0.02224  1.32337e-02 |105 -0.01023  1.43647e-02
106 -0.01328  1.36928e-02 |107 -0.03196  1.12443e-02 |108 -0.01545  1.21215e-02
109  0.03387  1.75645e-02 |110 -0.00105  1.20050e-02 |111 -0.03716  8.16036e-03
112 -0.01746  8.66234e-03 |113 -0.00030  8.34276e-03 |114  0.02289  6.64090e-03
115 -0.00260  1.46788e-03 |116 -0.06025 -2.89605e-03 |117 -0.07045 -6.41755e-03
118 -0.06376 -1.30599e-02 |119 -0.01838 -2.76964e-02 |120  0.10955 -9.30315e-02
121  0.06062 -7.18459e-02 |122  0.04583 -6.95074e-02 |123 -0.01434 -4.46907e-02
124 -0.05856 -3.13563e-02 |125 -0.00406 -4.86731e-02 |126 -0.00202 -4.48499e-02
127 -0.04510 -2.46284e-02 |128 -0.00040 -2.37191e-02 |129  0.04965 -2.00073e-02
130 -0.01729 -4.85937e-03 |131  0.05865 -1.05259e-03 |132 -0.00582  1.55504e-03
133  0.12239  3.48123e-03 |134 -0.01342  1.34498e-03 |135 -0.05340  1.00091e-03
136 -0.06043 -2.18000e-04 |137 -0.02256 -2.96599e-04 |138  0.09419  4.68115e-04
139  0.02583  2.73168e-04 |140  0.01736 -1.34099e-04 |141 -0.02866 -1.43193e-04
142 -0.01487 -3.16158e-04 |143 -0.01101 -1.28400e-04 |144 -0.00049 -4.74651e-04
145  0.46326 -8.92406e-03 |146  0.37671 -2.40998e-02 |147 -0.11865 -2.12629e-02
148  0.21813  3.54162e-02 |149 -0.26983  7.88313e-03 |150 -1.39749  7.45046e-04
151  0.05261  7.12018e-03 |152  5.64135  1.69167e-05 |153 -5.86647 -3.91983e-04
154  2.31531 -2.06768e-05 |155  0.19972  6.42605e-02 |156  0.25714 -9.24665e-02
157  0.18159  2.78456e-02 |158  0.25306 -3.49278e-02 |159  0.00211  7.26250e-03
160 -0.09425  1.87906e-02 |161  0.11996  2.90598e-02 |162  0.29376 -5.33013e-02
163  0.18100  2.11578e-02 |164  0.24643 -2.90701e-02 |165 -0.32661 -3.38860e-04
166  0.24768  8.63080e-04 |167  0.04938 -2.27151e-03 |168 -0.17571 -1.75152e-02
169  0.22119 -1.62129e-03 |170  0.31440  1.33981e-03 |171  0.07770 -8.75263e-03
172 -0.54705 -1.02508e-03 |173 -0.36814 -2.98678e-03 |174  0.24096  5.03425e-03
175  0.06708 -2.22192e-03 |176 -0.09655  5.68043e-04 |177  0.91047  8.27421e-03
178  0.19334 -5.98445e-02 |179 -1.92209 -1.18794e-03 |180  0.77777  6.14576e-04
181  0.06736 -2.34459e-04 |182 -0.13170 -6.37473e-03 |183  0.16905 -1.92233e-04
184 -1.57863 -8.17159e-05 |185 -0.25082 -4.55104e-02 |186  0.31760  4.36202e-02
187 -0.27285 -8.87941e-04 |188 -1.41525 -1.70988e-04 |189  0.10510  7.66278e-02
190  0.16800  1.97286e-01 |191  0.21944 -3.75179e-02 |192  0.25533 -2.34216e-01
193  0.02317  6.34782e-02 |194 -0.01013  4.86755e-02 |195 -0.17071  5.93084e-02
196 -0.11093  1.12632e-01 |197 -0.55841 -5.77428e-03 |198  0.16974 -6.40441e-04
199  0.09433 -7.96225e-02 |200 -0.26249 -1.39144e-02 |
200 variables; iteration 1100; function evaluation 1476; phase 4
Function value 7.2033070e+03; maximum gradient component mag -8.7192e-02
Var    Value     Gradient |Var    Value     Gradient |Var    Value     Gradient
  1 -0.46320  8.60270e-02 |  2  0.37782  1.62907e-02 |  3 -0.12385  2.80274e-02
  4 -0.02982  2.56958e-02 |  5 -0.69285  2.67859e-03 |  6 -0.60447  4.86221e-03
  7  0.38251  1.20518e-02 |  8 -0.19164  1.78057e-02 |  9  0.02579  1.67580e-02
 10 -0.58808  2.49833e-03 | 11 -0.62587  1.79839e-02 | 12 -0.22370 -8.71920e-02
 13 -0.00133 -7.75067e-04 | 14 -0.00132 -4.06856e-04 | 15 -0.00130 -5.41210e-04
 16 -0.00127 -5.10708e-04 | 17 -0.00124 -5.92354e-04 | 18 -0.00120 -8.98380e-04
 19 -0.00115 -6.97017e-04 | 20 -0.00109 -6.32557e-04 | 21 -0.00102 -5.01328e-04
 22 -0.00094 -8.89334e-04 | 23 -0.00085 -6.69322e-04 | 24 -0.00075 -1.02627e-03
 25 -0.00064 -8.06191e-04 | 26 -0.00052 -9.40493e-04 | 27 -0.00038 -1.01419e-03
 28 -0.00023 -1.07950e-03 | 29 -0.00007 -1.23882e-03 | 30  0.00011 -9.61283e-04
 31  0.00030 -8.99181e-04 | 32  0.00051 -1.00356e-03 | 33  0.00072 -1.09191e-03
 34  0.00095 -1.14390e-03 | 35  0.00120 -1.15963e-03 | 36  0.00145 -1.00443e-03
 37  0.00172 -1.28936e-03 | 38  0.00199 -1.34133e-03 | 39  0.00227 -8.50937e-04
 40  0.00255 -1.16147e-03 | 41  0.00283 -1.00765e-03 | 42  0.00310 -1.29492e-03
 43  0.00337 -1.47544e-03 | 44  0.00363 -1.20180e-03 | 45  0.00386 -1.44169e-03
 46  0.00405 -1.57412e-03 | 47  0.00420 -1.47569e-03 | 48  0.00430 -1.63077e-03
 49  0.00431 -1.29901e-03 | 50  0.00423 -1.45266e-03 | 51  0.00404 -1.91276e-03
 52  0.00373 -1.74335e-03 | 53  0.00329 -1.49870e-03 | 54  0.00272 -1.67406e-03
 55  0.00206 -1.84870e-03 | 56  0.00131 -1.98616e-03 | 57  0.00051 -1.92813e-03
 58 -0.00032 -2.14233e-03 | 59 -0.00112 -2.04623e-03 | 60 -0.00187 -2.12410e-03
 61 -0.00252 -2.03644e-03 | 62 -0.00303 -2.25809e-03 | 63 -0.00335 -2.13765e-03
 64 -0.00345 -2.21408e-03 | 65 -0.00328 -2.24075e-03 | 66 -0.00281 -2.53587e-03
 67 -0.00201 -2.40539e-03 | 68 -0.00085 -2.50559e-03 | 69  0.00067 -2.78539e-03
 70  0.00256 -2.83986e-03 | 71  0.00478 -2.96825e-03 | 72  0.00726 -3.09553e-03
 73  0.00990 -3.23676e-03 | 74  0.01254 -3.38324e-03 | 75  0.01499 -3.56402e-03
 76  0.01703 -3.78360e-03 | 77  0.01849 -4.00181e-03 | 78  0.01927 -4.20561e-03
 79  0.01939 -4.25382e-03 | 80  0.01895 -4.37599e-03 | 81  0.01808 -4.50098e-03
 82  0.01683 -4.64631e-03 | 83  0.01517 -4.71352e-03 | 84  0.01301 -4.78997e-03
 85  0.01030 -4.78525e-03 | 86  0.00713 -4.97886e-03 | 87  0.00382 -4.90929e-03
 88  0.00076 -4.82561e-03 | 89 -0.00171 -4.78230e-03 | 90 -0.00351 -5.05703e-03
 91 -0.00486 -5.03828e-03 | 92 -0.00612 -4.85422e-03 | 93 -0.00734 -4.99946e-03
 94 -0.00810 -5.28014e-03 | 95 -0.00829 -5.21778e-03 | 96 -0.00870 -5.05260e-03
 97 -0.00799 -5.07133e-03 | 98 -0.00677 -4.91345e-03 | 99 -0.00484 -4.85271e-03
100 -0.00624 -4.57594e-03 |101 -0.00877 -3.92931e-03 |102 -0.01200 -3.62542e-03
103 -0.02072 -2.71733e-03 |104 -0.02226 -1.93446e-03 |105 -0.01024 -1.27333e-03
106 -0.01330 -1.80490e-04 |107 -0.03198  8.69870e-04 |108 -0.01547  2.17831e-03
109  0.03384  5.09639e-03 |110 -0.00106  5.11734e-03 |111 -0.03718  4.57292e-03
112 -0.01748  5.99160e-03 |113 -0.00033  7.50199e-03 |114  0.02286  9.38597e-03
115 -0.00262  7.83428e-03 |116 -0.06026  5.10442e-03 |117 -0.07044  5.15062e-03
118 -0.06371  5.81957e-03 |119 -0.01830  8.99816e-03 |120  0.10981  2.67162e-02
121  0.06083  1.94522e-02 |122  0.04604  1.71058e-02 |123 -0.01423  1.04430e-02
124 -0.05849  7.25096e-03 |125 -0.00407  1.03742e-02 |126 -0.00209  9.35841e-03
127 -0.04517  5.27549e-03 |128 -0.00043  4.71535e-03 |129  0.04969  3.55340e-03
130 -0.01727  6.32660e-04 |131  0.05869 -3.96198e-04 |132 -0.00580 -4.65885e-04
133  0.12242 -1.45407e-03 |134 -0.01340 -2.57716e-04 |135 -0.05339 -1.46106e-06
136 -0.06041 -1.57001e-04 |137 -0.02253 -1.75979e-04 |138  0.09424 -2.84355e-04
139  0.02584 -2.01772e-04 |140  0.01737 -6.39805e-05 |141 -0.02866 -7.29347e-05
142 -0.01487 -1.53278e-04 |143 -0.01102 -6.59699e-05 |144 -0.00049 -2.16960e-04
145  0.46321  1.99381e-03 |146  0.37672 -4.86923e-03 |147 -0.11912 -2.26607e-02
148  0.21385 -2.54208e-03 |149 -0.33891  4.54119e-03 |150 -1.40713 -3.54300e-04
151  0.05222  6.04664e-03 |152  5.64146 -1.18929e-05 |153 -5.86421  3.30917e-06
154  2.31552 -1.38416e-05 |155  0.19969 -1.26291e-02 |156  0.25713  1.72668e-02
157  0.18154 -6.91345e-03 |158  0.25303  8.05748e-03 |159  0.00214 -1.61347e-03
160 -0.09428 -5.16108e-03 |161  0.11989 -6.79632e-03 |162  0.29374  1.09314e-02
163  0.18094 -4.48005e-03 |164  0.24640  5.98602e-03 |165 -0.32656  1.37410e-04
166  0.24769  4.06524e-05 |167  0.04938  8.72236e-04 |168 -0.17569  4.93245e-03
169  0.22118  9.84790e-04 |170  0.31439 -3.04228e-04 |171  0.07770  5.83879e-03
172 -0.52980  2.55963e-04 |173 -0.36842  6.31710e-04 |174  0.24088 -1.58112e-03
175  0.06709  7.72888e-04 |176 -0.09648  3.07144e-03 |177  0.92379  1.98776e-02
178  0.18957  2.91452e-02 |179 -1.91409  4.16519e-04 |180  0.77320 -3.69865e-04
181  0.08120  2.16533e-05 |182 -0.10111  4.01678e-03 |183  0.16810 -2.70926e-05
184 -1.57759 -7.94027e-05 |185 -0.25067  2.06453e-02 |186  0.31636 -9.13379e-03
187 -0.26806  7.14375e-04 |188 -1.41311  4.08395e-06 |189  0.10509 -1.68121e-02
190  0.16797 -4.76889e-02 |191  0.21943  8.12300e-03 |192  0.25531  5.53385e-02
193  0.02317 -1.57221e-02 |194 -0.01011 -1.26213e-02 |195 -0.17073 -1.70635e-02
196 -0.11094 -4.02495e-02 |197 -0.55842 -1.21523e-03 |198  0.16973  2.35644e-04
199  0.09433 -1.51216e-02 |200 -0.26251 -2.61188e-03 |
200 variables; iteration 1120; function evaluation 1496; phase 4
Function value 7.2033070e+03; maximum gradient component mag 4.8749e-02
Var    Value     Gradient |Var    Value     Gradient |Var    Value     Gradient
  1 -0.46320 -2.98845e-02 |  2  0.37782 -1.27168e-02 |  3 -0.12385 -1.08087e-02
  4 -0.02982 -1.73213e-02 |  5 -0.69286 -9.16344e-04 |  6 -0.60447  1.58012e-03
  7  0.38251 -1.40305e-02 |  8 -0.19164 -2.46331e-02 |  9  0.02580 -1.73029e-02
 10 -0.58808 -2.15437e-03 | 11 -0.62587 -2.54653e-02 | 12 -0.22370  4.87491e-02
 13 -0.00133 -6.80217e-05 | 14 -0.00132  4.38160e-04 | 15 -0.00130  3.84491e-04
 16 -0.00127  3.85649e-04 | 17 -0.00124  4.39379e-04 | 18 -0.00120  1.70081e-04
 19 -0.00115  3.03700e-04 | 20 -0.00109  2.76178e-04 | 21 -0.00102  2.31525e-04
 22 -0.00094  1.56042e-04 | 23 -0.00085  6.60455e-04 | 24 -0.00075  4.52169e-04
 25 -0.00064  8.24739e-04 | 26 -0.00052  3.37088e-04 | 27 -0.00038  4.01214e-04
 28 -0.00023  9.45025e-04 | 29 -0.00006  8.02332e-04 | 30  0.00011  4.73990e-04
 31  0.00030  5.22749e-05 | 32  0.00051  4.01603e-04 | 33  0.00073  8.48049e-04
 34  0.00095  6.33580e-04 | 35  0.00120  4.48538e-04 | 36  0.00145  5.59890e-04
 37  0.00172  6.07412e-04 | 38  0.00199  7.63213e-04 | 39  0.00227  3.39826e-04
 40  0.00255  1.01495e-03 | 41  0.00283  6.25591e-04 | 42  0.00310  9.14161e-04
 43  0.00337  1.14855e-03 | 44  0.00362  2.54770e-04 | 45  0.00386  6.06224e-04
 46  0.00405  3.89544e-04 | 47  0.00420  6.82809e-04 | 48  0.00430  1.00456e-03
 49  0.00431  3.25403e-04 | 50  0.00423  3.57957e-04 | 51  0.00404  1.32859e-03
 52  0.00373  8.48899e-04 | 53  0.00329  9.47268e-04 | 54  0.00272  8.39445e-04
 55  0.00206  8.86555e-04 | 56  0.00131  8.64839e-04 | 57  0.00051  1.23393e-03
 58 -0.00031  1.17247e-03 | 59 -0.00112  1.22842e-03 | 60 -0.00187  1.29828e-03
 61 -0.00252  1.06032e-03 | 62 -0.00303  1.80514e-03 | 63 -0.00335  1.26536e-03
 64 -0.00345  1.26824e-03 | 65 -0.00328  8.43327e-04 | 66 -0.00281  1.22346e-03
 67 -0.00201  1.40681e-03 | 68 -0.00085  1.15268e-03 | 69  0.00067  1.09768e-03
 70  0.00256  1.56814e-03 | 71  0.00478  1.42605e-03 | 72  0.00726  1.56476e-03
 73  0.00990  1.16650e-03 | 74  0.01254  1.54731e-03 | 75  0.01499  1.58761e-03
 76  0.01703  1.81308e-03 | 77  0.01849  1.83601e-03 | 78  0.01927  1.77485e-03
 79  0.01939  1.84458e-03 | 80  0.01895  1.81539e-03 | 81  0.01808  1.86646e-03
 82  0.01683  1.87138e-03 | 83  0.01517  1.79347e-03 | 84  0.01301  2.03065e-03
 85  0.01030  1.93326e-03 | 86  0.00714  2.01328e-03 | 87  0.00382  2.50009e-03
 88  0.00076  1.88552e-03 | 89 -0.00171  1.59361e-03 | 90 -0.00350  2.59171e-03
 91 -0.00486  2.58101e-03 | 92 -0.00612  2.17361e-03 | 93 -0.00734  2.49812e-03
 94 -0.00810  2.58222e-03 | 95 -0.00828  2.74406e-03 | 96 -0.00870  2.68932e-03
 97 -0.00799  2.82756e-03 | 98 -0.00677  2.84076e-03 | 99 -0.00484  2.93734e-03
100 -0.00624  3.14121e-03 |101 -0.00877  3.18465e-03 |102 -0.01200  3.11896e-03
103 -0.02072  2.78064e-03 |104 -0.02226  2.70774e-03 |105 -0.01024  2.87363e-03
106 -0.01330  2.63220e-03 |107 -0.03198  2.22530e-03 |108 -0.01547  2.19130e-03
109  0.03384  2.22138e-03 |110 -0.00107  1.53828e-03 |111 -0.03718  8.57548e-04
112 -0.01749  1.18150e-04 |113 -0.00033 -6.92469e-04 |114  0.02286 -1.77546e-03
115 -0.00262 -2.46749e-03 |116 -0.06026 -2.17850e-03 |117 -0.07045 -3.35677e-03
118 -0.06372 -4.64778e-03 |119 -0.01830 -8.56656e-03 |120  0.10980 -2.38153e-02
121  0.06082 -1.64533e-02 |122  0.04603 -1.29918e-02 |123 -0.01423 -6.98580e-03
124 -0.05849 -4.03036e-03 |125 -0.00407 -4.33724e-03 |126 -0.00209 -3.12760e-03
127 -0.04517 -2.13585e-03 |128 -0.00043 -2.54062e-03 |129  0.04969 -2.68140e-03
130 -0.01728 -1.50191e-03 |131  0.05869 -1.18145e-03 |132 -0.00580 -6.20484e-04
133  0.12242 -5.46295e-04 |134 -0.01341 -1.68988e-04 |135 -0.05339 -2.57962e-04
136 -0.06041  3.06895e-04 |137 -0.02253  2.64844e-04 |138  0.09424  1.54776e-04
139  0.02584  1.46738e-05 |140  0.01737  2.31581e-04 |141 -0.02866  1.57645e-04
142 -0.01487  2.80564e-05 |143 -0.01102 -1.58067e-05 |144 -0.00048  7.24323e-04
145  0.46321  4.38083e-03 |146  0.37672  1.14504e-02 |147 -0.11911  1.95559e-03
148  0.21394  2.56354e-03 |149 -0.33689  3.75064e-03 |150 -1.40937 -5.61260e-04
151  0.05032  6.05240e-03 |152  5.64244  1.11255e-05 |153 -5.86918 -3.18325e-05
154  2.31612  1.56499e-05 |155  0.19969  1.02262e-02 |156  0.25713 -1.66518e-02
157  0.18155  5.05539e-03 |158  0.25304 -5.26795e-03 |159  0.00214  8.46286e-04
160 -0.09427  2.41958e-03 |161  0.11990  5.05121e-03 |162  0.29374 -8.94062e-03
163  0.18094  4.61295e-03 |164  0.24640 -5.59652e-03 |165 -0.32656  2.82158e-04
166  0.24768 -3.17730e-04 |167  0.04938  1.37485e-03 |168 -0.17569  9.70887e-03
169  0.22117  1.05128e-03 |170  0.31439 -5.68556e-04 |171  0.07770  5.67681e-03
172 -0.52936  2.94425e-04 |173 -0.36838  8.33040e-04 |174  0.24089 -1.29077e-03
175  0.06709 -3.53266e-04 |176 -0.09649 -1.97128e-03 |177  0.92176  1.85450e-02
178  0.18873 -5.46487e-03 |179 -1.86613  6.70551e-04 |180  0.77298 -1.30372e-04
181  0.07982  8.77252e-06 |182 -0.09546  2.53678e-04 |183  0.16918 -1.23690e-05
184 -1.57833 -9.45749e-05 |185 -0.25069 -7.88088e-05 |186  0.31645  6.16144e-03
187 -0.26826  4.79223e-04 |188 -1.41441 -9.05261e-05 |189  0.10509  2.05176e-02
190  0.16797  3.25862e-02 |191  0.21943 -1.17311e-02 |192  0.25531 -3.14248e-02
193  0.02317  1.76601e-02 |194 -0.01011  9.14031e-03 |195 -0.17072  1.32990e-02
196 -0.11094  2.45157e-02 |197 -0.55843  2.76306e-03 |198  0.16973  5.41917e-04
199  0.09434  3.80243e-02 |200 -0.26254  7.07024e-03 |
200 variables; iteration 1140; function evaluation 1523; phase 4
Function value 7.2033017e+03; maximum gradient component mag 5.8942e-01
Var    Value     Gradient |Var    Value     Gradient |Var    Value     Gradient
  1 -0.46321  1.19683e-01 |  2  0.37782  5.89713e-04 |  3 -0.12384  7.76402e-03
  4 -0.02983  7.41190e-03 |  5 -0.69283 -9.64845e-03 |  6 -0.60447 -4.64061e-02
  7  0.38252  2.82364e-04 |  8 -0.19163  2.96941e-02 |  9  0.02578  5.16933e-03
 10 -0.58806 -7.41313e-03 | 11 -0.62587  4.98092e-02 | 12 -0.22371 -3.51562e-01
 13 -0.00133 -4.27622e-04 | 14 -0.00132 -2.01191e-03 | 15 -0.00130 -1.88475e-03
 16 -0.00127 -1.81064e-03 | 17 -0.00124 -2.12343e-03 | 18 -0.00119 -1.47386e-03
 19 -0.00115 -1.83037e-03 | 20 -0.00109 -1.71854e-03 | 21 -0.00102 -1.36288e-03
 22 -0.00094 -1.40401e-03 | 23 -0.00086 -3.12598e-03 | 24 -0.00075 -2.32313e-03
 25 -0.00065 -3.58976e-03 | 26 -0.00051 -1.79325e-03 | 27 -0.00038 -2.24973e-03
 28 -0.00024 -4.58810e-03 | 29 -0.00007 -3.70373e-03 | 30  0.00011 -2.61463e-03
 31  0.00031 -1.21508e-03 | 32  0.00051 -2.27888e-03 | 33  0.00072 -4.02091e-03
 34  0.00095 -3.32882e-03 | 35  0.00120 -2.78664e-03 | 36  0.00145 -2.83251e-03
 37  0.00172 -3.51573e-03 | 38  0.00199 -4.05161e-03 | 39  0.00227 -1.94383e-03
 40  0.00254 -4.28174e-03 | 41  0.00283 -3.00602e-03 | 42  0.00310 -4.19493e-03
 43  0.00337 -5.34367e-03 | 44  0.00363 -2.19502e-03 | 45  0.00386 -3.70801e-03
 46  0.00406 -3.24469e-03 | 47  0.00421 -3.75155e-03 | 48  0.00429 -4.93530e-03
 49  0.00432 -2.37180e-03 | 50  0.00424 -2.76273e-03 | 51  0.00404 -6.28988e-03
 52  0.00373 -4.54626e-03 | 53  0.00329 -4.34159e-03 | 54  0.00273 -4.43161e-03
 55  0.00206 -4.97286e-03 | 56  0.00131 -5.05877e-03 | 57  0.00050 -6.13524e-03
 58 -0.00032 -5.92979e-03 | 59 -0.00112 -6.18991e-03 | 60 -0.00187 -6.37719e-03
 61 -0.00252 -5.39310e-03 | 62 -0.00304 -8.05132e-03 | 63 -0.00335 -6.16624e-03
 64 -0.00345 -6.26711e-03 | 65 -0.00327 -5.06665e-03 | 66 -0.00281 -6.63820e-03
 67 -0.00201 -6.86546e-03 | 68 -0.00085 -6.29193e-03 | 69  0.00067 -6.50205e-03
 70  0.00255 -7.91503e-03 | 71  0.00478 -7.42222e-03 | 72  0.00726 -8.04553e-03
 73  0.00991 -6.87272e-03 | 74  0.01254 -8.28888e-03 | 75  0.01499 -8.41483e-03
 76  0.01703 -9.44610e-03 | 77  0.01849 -9.66779e-03 | 78  0.01927 -9.55271e-03
 79  0.01939 -9.63331e-03 | 80  0.01896 -9.79658e-03 | 81  0.01808 -9.85460e-03
 82  0.01683 -9.88639e-03 | 83  0.01517 -9.76537e-03 | 84  0.01301 -1.04520e-02
 85  0.01030 -9.74593e-03 | 86  0.00714 -1.01888e-02 | 87  0.00382 -1.12675e-02
 88  0.00077 -9.15545e-03 | 89 -0.00170 -8.08552e-03 | 90 -0.00351 -1.11685e-02
 91 -0.00486 -1.06813e-02 | 92 -0.00612 -8.87068e-03 | 93 -0.00734 -9.34827e-03
 94 -0.00810 -9.40382e-03 | 95 -0.00828 -9.02249e-03 | 96 -0.00869 -7.71578e-03
 97 -0.00799 -6.97000e-03 | 98 -0.00676 -5.50130e-03 | 99 -0.00484 -4.04416e-03
100 -0.00624 -2.55495e-03 |101 -0.00877  3.06653e-04 |102 -0.01201  2.96338e-03
103 -0.02073  6.97024e-03 |104 -0.02227  1.15378e-02 |105 -0.01026  1.84320e-02
106 -0.01331  2.44451e-02 |107 -0.03199  2.64643e-02 |108 -0.01549  3.69388e-02
109  0.03381  6.50026e-02 |110 -0.00109  5.47056e-02 |111 -0.03720  4.44441e-02
112 -0.01751  5.60650e-02 |113 -0.00035  6.52321e-02 |114  0.02283  7.49230e-02
115 -0.00264  5.46704e-02 |116 -0.06028  2.62731e-02 |117 -0.07045  1.51728e-02
118 -0.06371  3.09175e-03 |119 -0.01828 -1.10978e-02 |120  0.10988 -6.16557e-02
121  0.06090 -5.29522e-02 |122  0.04610 -5.58780e-02 |123 -0.01420 -3.88484e-02
124 -0.05849 -2.85922e-02 |125 -0.00412 -4.33865e-02 |126 -0.00217 -3.70067e-02
127 -0.04522 -1.71541e-02 |128 -0.00046 -1.33038e-02 |129  0.04971 -9.61117e-03
130 -0.01726 -3.57404e-04 |131  0.05872 -9.55943e-05 |132 -0.00579  1.85199e-03
133  0.12243  3.30878e-03 |134 -0.01340  1.16447e-03 |135 -0.05339  1.31637e-03
136 -0.06041 -1.02385e-03 |137 -0.02252 -8.17122e-04 |138  0.09426 -3.76376e-04
139  0.02585 -7.28897e-05 |140  0.01737 -7.59326e-04 |141 -0.02867 -5.03331e-04
142 -0.01487 -1.38453e-04 |143 -0.01102  2.26194e-05 |144 -0.00050 -2.52388e-03
145  0.46321 -1.48094e-02 |146  0.37672 -3.55275e-02 |147 -0.11946  5.89417e-01
148  0.21317  4.34378e-02 |149 -0.36893 -7.31026e-03 |150 -1.39574  6.49200e-04
151 -0.13442 -2.57985e-03 |152  5.88719 -1.28341e-03 |153 -5.87911  6.19798e-04
154  2.38319 -7.11669e-04 |155  0.19969  4.20582e-02 |156  0.25713 -5.55211e-02
157  0.18153  1.31696e-02 |158  0.25302 -1.59459e-02 |159  0.00215  3.72496e-03
160 -0.09428  5.24463e-03 |161  0.11987  1.21562e-02 |162  0.29373 -2.12732e-02
163  0.18092  7.10958e-03 |164  0.24639 -1.05450e-02 |165 -0.32654 -6.51944e-04
166  0.24769  3.86735e-04 |167  0.04938 -3.80566e-03 |168 -0.17569 -3.22049e-02
169  0.22115 -3.47902e-03 |170  0.31438  1.95371e-03 |171  0.07770 -1.97419e-02
172 -0.53234  4.07693e-05 |173 -0.36860 -1.07269e-03 |174  0.24084  2.10162e-03
175  0.06711  4.30430e-03 |176 -0.09645  3.29181e-03 |177  0.91232  1.12631e-02
178  0.19342  4.81852e-02 |179 -1.81939  9.15986e-04 |180  0.77622  5.19136e-04
181  0.07852  2.21919e-05 |182 -0.13524  3.03554e-03 |183  0.17352  7.91075e-05
184 -1.57524  4.78840e-05 |185 -0.25070 -2.48588e-02 |186  0.31567  3.81195e-02
187 -0.26357  2.21731e-03 |188 -1.41353  1.70489e-05 |189  0.10509 -3.27400e-04
190  0.16796  1.23990e-01 |191  0.21943  3.79001e-03 |192  0.25530 -1.35542e-01
193  0.02317 -3.49519e-03 |194 -0.01010  2.59920e-02 |195 -0.17073 -2.04754e-03
196 -0.11095  2.74173e-04 |197 -0.55840 -8.56735e-03 |198  0.16974 -1.53121e-03
199  0.09432 -1.17700e-01 |200 -0.26247 -2.16396e-02 |
200 variables; iteration 1160; function evaluation 1544; phase 4
Function value 7.2033016e+03; maximum gradient component mag 3.0539e-02
Var    Value     Gradient |Var    Value     Gradient |Var    Value     Gradient
  1 -0.46321  1.33325e-03 |  2  0.37782  3.42970e-03 |  3 -0.12384  5.84400e-03
  4 -0.02983  7.22964e-03 |  5 -0.69284  1.68352e-03 |  6 -0.60447  3.16463e-04
  7  0.38251  2.90334e-03 |  8 -0.19163  5.90484e-03 |  9  0.02578  4.53715e-03
 10 -0.58807  1.33105e-03 | 11 -0.62587  2.54065e-03 | 12 -0.22371 -2.33048e-02
 13 -0.00133  3.88681e-05 | 14 -0.00132  9.65948e-05 | 15 -0.00130  4.50319e-05
 16 -0.00127  7.23714e-05 | 17 -0.00124  1.85591e-05 | 18 -0.00119 -3.28401e-05
 19 -0.00115  8.73040e-06 | 20 -0.00109  7.80886e-05 | 21 -0.00102  1.43743e-04
 22 -0.00094  2.55248e-05 | 23 -0.00085 -2.00979e-05 | 24 -0.00075 -7.09723e-05
 25 -0.00064 -8.47428e-05 | 26 -0.00052 -2.81155e-06 | 27 -0.00038 -1.07253e-05
 28 -0.00023 -1.45288e-04 | 29 -0.00006 -1.62854e-04 | 30  0.00011  4.11440e-05
 31  0.00031  1.39893e-04 | 32  0.00051  5.67417e-05 | 33  0.00072 -5.96067e-05
 34  0.00096 -1.98568e-06 | 35  0.00120  1.46407e-05 | 36  0.00145  7.52782e-05
 37  0.00172 -1.78089e-05 | 38  0.00199 -6.29947e-05 | 39  0.00227  2.38614e-04
 40  0.00255 -1.87649e-05 | 41  0.00283  1.84889e-04 | 42  0.00310 -2.07405e-05
 43  0.00337 -1.02954e-04 | 44  0.00363  1.91047e-04 | 45  0.00386  3.40257e-05
 46  0.00405  9.25782e-05 | 47  0.00421  8.87559e-05 | 48  0.00430 -5.82555e-05
 49  0.00431  2.49736e-04 | 50  0.00423  2.28156e-04 | 51  0.00404 -1.50411e-04
 52  0.00373  5.91190e-05 | 53  0.00329  1.26814e-04 | 54  0.00272  1.24607e-04
 55  0.00206  7.10815e-05 | 56  0.00131  4.00884e-05 | 57  0.00051  4.43487e-06
 58 -0.00031 -1.92932e-05 | 59 -0.00112 -7.71989e-06 | 60 -0.00187  6.04495e-06
 61 -0.00252  1.31981e-04 | 62 -0.00303 -1.15555e-04 | 63 -0.00335  8.65604e-05
 64 -0.00345  7.66165e-05 | 65 -0.00328  1.75787e-04 | 66 -0.00281  4.11311e-05
 67 -0.00201  1.16530e-04 | 68 -0.00085  1.86972e-04 | 69  0.00067  1.43225e-04
 70  0.00256  8.95794e-05 | 71  0.00478  1.85963e-04 | 72  0.00726  1.76561e-04
 73  0.00990  3.12662e-04 | 74  0.01254  2.59753e-04 | 75  0.01499  2.93115e-04
 76  0.01703  2.71560e-04 | 77  0.01849  2.64764e-04 | 78  0.01927  3.09971e-04
 79  0.01939  3.41977e-04 | 80  0.01895  3.58362e-04 | 81  0.01808  3.75976e-04
 82  0.01683  3.88371e-04 | 83  0.01517  4.22285e-04 | 84  0.01301  3.95438e-04
 85  0.01030  4.46938e-04 | 86  0.00714  3.81320e-04 | 87  0.00382  2.92854e-04
 88  0.00076  4.54264e-04 | 89 -0.00170  5.61055e-04 | 90 -0.00350  2.07004e-04
 91 -0.00486  2.42901e-04 | 92 -0.00612  4.16319e-04 | 93 -0.00734  2.99462e-04
 94 -0.00810  1.71494e-04 | 95 -0.00828  1.51470e-04 | 96 -0.00869  1.78369e-04
 97 -0.00799  9.05836e-05 | 98 -0.00677  3.83235e-05 | 99 -0.00484 -1.08235e-04
100 -0.00624 -2.95378e-04 |101 -0.00877 -3.84065e-04 |102 -0.01201 -7.85763e-04
103 -0.02073 -9.83109e-04 |104 -0.02227 -1.26360e-03 |105 -0.01026 -1.82743e-03
106 -0.01331 -2.21297e-03 |107 -0.03199 -2.38217e-03 |108 -0.01549 -3.19356e-03
109  0.03380 -5.17155e-03 |110 -0.00109 -4.59225e-03 |111 -0.03720 -3.91754e-03
112 -0.01751 -5.01255e-03 |113 -0.00035 -6.27231e-03 |114  0.02283 -8.10844e-03
115 -0.00264 -6.84884e-03 |116 -0.06027 -4.36585e-03 |117 -0.07045 -3.47810e-03
118 -0.06371 -2.93267e-03 |119 -0.01828 -2.50771e-03 |120  0.10987 -1.99646e-03
121  0.06088  1.54986e-03 |122  0.04609  2.79265e-03 |123 -0.01420  2.50013e-03
124 -0.05848  2.38037e-03 |125 -0.00408  4.26598e-03 |126 -0.00213  4.85657e-03
127 -0.04520  3.53655e-03 |128 -0.00045  4.31860e-03 |129  0.04970  4.69860e-03
130 -0.01727  2.05626e-03 |131  0.05871  1.91258e-03 |132 -0.00580  6.45974e-04
133  0.12242  4.28738e-04 |134 -0.01340  7.39368e-05 |135 -0.05339  1.10345e-04
136 -0.06041 -1.43717e-04 |137 -0.02253 -1.74468e-04 |138  0.09425 -1.61465e-04
139  0.02585 -1.29771e-04 |140  0.01738 -1.11636e-04 |141 -0.02866 -4.52703e-05
142 -0.01487 -3.32516e-05 |143 -0.01102 -3.54841e-06 |144 -0.00049 -2.63367e-04
145  0.46322 -9.00565e-04 |146  0.37673 -2.94252e-03 |147 -0.11927 -2.38823e-02
148  0.21324 -2.60500e-03 |149 -0.35144  1.85904e-03 |150 -1.40307  1.54529e-05
151 -0.14764 -3.03001e-04 |152  6.04363  6.00665e-05 |153 -5.88497 -1.88375e-05
154  2.41480 -9.84817e-06 |155  0.19969 -1.25810e-02 |156  0.25713  2.24821e-02
157  0.18153 -3.30324e-03 |158  0.25303  5.25043e-03 |159  0.00215 -2.54782e-04
160 -0.09428 -5.44416e-04 |161  0.11988 -4.68610e-03 |162  0.29373  1.01850e-02
163  0.18092 -3.70949e-03 |164  0.24640  5.58218e-03 |165 -0.32654 -8.96138e-05
166  0.24769 -1.20307e-05 |167  0.04938 -1.17525e-04 |168 -0.17569 -2.13192e-03
169  0.22114 -3.29072e-04 |170  0.31438  1.35562e-04 |171  0.07770 -2.35477e-03
172 -0.53197  7.30047e-05 |173 -0.36850 -1.45575e-04 |174  0.24086  2.22397e-04
175  0.06709  6.35801e-04 |176 -0.09646  1.85885e-03 |177  0.91039  9.43578e-03
178  0.19508 -1.15238e-03 |179 -1.90718  4.38178e-04 |180  0.77542 -6.55083e-05
181  0.07970  1.08173e-05 |182 -0.15761 -1.20651e-03 |183  0.17059  8.44390e-06
184 -1.57672 -2.92212e-06 |185 -0.25065  6.25361e-03 |186  0.31610 -5.34303e-03
187 -0.26968  2.08585e-04 |188 -1.41345 -2.12790e-06 |189  0.10509 -9.18006e-03
190  0.16796 -1.82088e-02 |191  0.21943  6.36636e-03 |192  0.25530  3.05390e-02
193  0.02317 -5.76919e-03 |194 -0.01010 -1.92084e-03 |195 -0.17073 -1.63814e-03
196 -0.11095  3.96689e-04 |197 -0.55843 -7.07942e-04 |198  0.16973 -1.03228e-04
199  0.09433 -9.64974e-03 |200 -0.26251 -1.76599e-03 |
200 variables; iteration 1180; function evaluation 1565; phase 4
Function value 7.2033016e+03; maximum gradient component mag 1.2649e-01
Var    Value     Gradient |Var    Value     Gradient |Var    Value     Gradient
  1 -0.46321  1.26487e-01 |  2  0.37782  3.60340e-02 |  3 -0.12384  5.46538e-02
  4 -0.02983  4.51869e-02 |  5 -0.69285 -1.88404e-03 |  6 -0.60447  2.40195e-04
  7  0.38251  3.58228e-02 |  8 -0.19163  1.95176e-02 |  9  0.02578  3.45149e-02
 10 -0.58807  9.44529e-04 | 11 -0.62587  3.10680e-02 | 12 -0.22371 -5.68214e-02
 13 -0.00132  9.75974e-04 | 14 -0.00132 -2.19163e-03 | 15 -0.00130 -1.52731e-03
 16 -0.00127 -1.96939e-03 | 17 -0.00124 -1.12485e-03 | 18 -0.00119  8.39629e-04
 19 -0.00114 -8.25440e-04 | 20 -0.00109 -1.23092e-03 | 21 -0.00102 -2.23768e-03
 22 -0.00094 -9.56298e-05 | 23 -0.00085 -1.51651e-03 | 24 -0.00074  7.24484e-04
 25 -0.00064 -1.84765e-03 | 26 -0.00051  4.90455e-05 | 27 -0.00037  2.64686e-04
 28 -0.00023 -1.07582e-03 | 29 -0.00006  1.48498e-04 | 30  0.00011 -1.64119e-03
 31  0.00031 -1.12629e-03 | 32  0.00051 -8.73271e-04 | 33  0.00073 -1.37742e-03
 34  0.00096 -1.01961e-03 | 35  0.00120 -6.46885e-04 | 36  0.00145 -2.27847e-03
 37  0.00172 -9.21660e-04 | 38  0.00200 -4.72141e-04 | 39  0.00227 -2.94356e-03
 40  0.00255 -2.00845e-03 | 41  0.00283 -2.66183e-03 | 42  0.00311 -1.29711e-03
 43  0.00337 -1.52488e-03 | 44  0.00363 -1.73974e-03 | 45  0.00386 -1.66379e-03
 46  0.00406 -7.80140e-04 | 47  0.00421 -1.93315e-03 | 48  0.00430 -1.56627e-03
 49  0.00431 -2.84789e-03 | 50  0.00424 -1.97374e-03 | 51  0.00405 -1.36270e-03
 52  0.00373 -2.06873e-03 | 53  0.00328 -3.46223e-03 | 54  0.00272 -2.54024e-03
 55  0.00206 -1.98643e-03 | 56  0.00131 -1.32936e-03 | 57  0.00051 -2.79319e-03
 58 -0.00031 -1.68645e-03 | 59 -0.00112 -2.22790e-03 | 60 -0.00187 -2.30450e-03
 61 -0.00252 -2.53055e-03 | 62 -0.00303 -2.66596e-03 | 63 -0.00335 -2.95298e-03
 64 -0.00345 -3.01097e-03 | 65 -0.00328 -3.08011e-03 | 66 -0.00281 -2.73387e-03
 67 -0.00201 -3.49961e-03 | 68 -0.00085 -3.66064e-03 | 69  0.00067 -3.35568e-03
 70  0.00256 -3.77396e-03 | 71  0.00478 -4.03945e-03 | 72  0.00726 -4.47133e-03
 73  0.00990 -4.76977e-03 | 74  0.01254 -5.13098e-03 | 75  0.01499 -5.35508e-03
 76  0.01703 -5.50852e-03 | 77  0.01849 -5.75792e-03 | 78  0.01927 -5.99389e-03
 79  0.01939 -6.39276e-03 | 80  0.01896 -6.66049e-03 | 81  0.01808 -6.91202e-03
 82  0.01683 -6.90441e-03 | 83  0.01517 -7.19960e-03 | 84  0.01301 -7.31268e-03
 85  0.01030 -7.56263e-03 | 86  0.00714 -7.34762e-03 | 87  0.00382 -7.60314e-03
 88  0.00076 -8.07359e-03 | 89 -0.00170 -8.33772e-03 | 90 -0.00350 -8.05121e-03
 91 -0.00486 -8.23273e-03 | 92 -0.00612 -9.42839e-03 | 93 -0.00734 -9.05159e-03
 94 -0.00810 -8.75244e-03 | 95 -0.00828 -9.45977e-03 | 96 -0.00870 -1.00856e-02
 97 -0.00799 -1.01364e-02 | 98 -0.00677 -1.08464e-02 | 99 -0.00484 -1.07563e-02
100 -0.00624 -1.05329e-02 |101 -0.00877 -1.03483e-02 |102 -0.01201 -9.22593e-03
103 -0.02073 -7.99559e-03 |104 -0.02227 -6.85778e-03 |105 -0.01026 -5.24013e-03
106 -0.01332 -2.89135e-03 |107 -0.03199 -1.84844e-04 |108 -0.01549  3.09693e-03
109  0.03380  9.24743e-03 |110 -0.00109  1.09400e-02 |111 -0.03720  1.19414e-02
112 -0.01751  1.85432e-02 |113 -0.00035  2.67120e-02 |114  0.02283  3.92346e-02
115 -0.00264  3.72383e-02 |116 -0.06027  2.58173e-02 |117 -0.07045  2.37845e-02
118 -0.06371  2.42838e-02 |119 -0.01829  3.20444e-02 |120  0.10985  6.68052e-02
121  0.06087  3.53676e-02 |122  0.04607  2.20950e-02 |123 -0.01422  7.47636e-03
124 -0.05849  1.60315e-03 |125 -0.00410 -2.79543e-03 |126 -0.00214 -6.18572e-03
127 -0.04520 -4.62174e-03 |128 -0.00046 -4.41394e-03 |129  0.04970 -3.19300e-03
130 -0.01726 -8.08743e-04 |131  0.05871 -2.38849e-03 |132 -0.00579 -6.68302e-04
133  0.12243 -1.25692e-03 |134 -0.01340 -2.04938e-04 |135 -0.05339  6.62935e-04
136 -0.06041  3.11990e-04 |137 -0.02253 -9.50969e-05 |138  0.09425 -2.66033e-04
139  0.02585 -1.39021e-04 |140  0.01738  1.06026e-05 |141 -0.02866 -1.25831e-04
142 -0.01487 -1.23572e-04 |143 -0.01102  3.78848e-05 |144 -0.00048  9.37545e-04
145  0.46322 -1.28622e-02 |146  0.37675  1.64790e-02 |147 -0.11928 -1.83814e-02
148  0.21380  1.79886e-02 |149 -0.34918  1.22096e-03 |150 -1.40581 -2.35110e-04
151 -0.14718  8.13518e-04 |152  6.04534  1.25668e-04 |153 -5.88854 -2.76499e-04
154  2.41678  1.38486e-04 |155  0.19969  1.07207e-02 |156  0.25713 -2.48407e-02
157  0.18154 -4.45213e-03 |158  0.25303  1.42290e-03 |159  0.00214 -2.45219e-03
160 -0.09428 -6.24672e-03 |161  0.11988 -9.62127e-04 |162  0.29373  4.04649e-04
163  0.18093 -2.64941e-03 |164  0.24640  9.56459e-04 |165 -0.32654 -1.55286e-03
166  0.24769  4.75347e-04 |167  0.04938 -5.39205e-03 |168 -0.17569 -3.10611e-02
169  0.22114 -2.56305e-04 |170  0.31438 -5.89189e-05 |171  0.07770  3.18262e-03
172 -0.53100  1.54705e-04 |173 -0.36853  3.36044e-04 |174  0.24085 -1.55291e-03
175  0.06710  2.56908e-03 |176 -0.09646  1.06827e-02 |177  0.90932  8.33672e-03
178  0.19427  1.18472e-01 |179 -1.90730  4.28581e-04 |180  0.77430 -3.87629e-04
181  0.07526 -1.43198e-05 |182 -0.14524  7.66976e-03 |183  0.17532  9.07460e-05
184 -1.57689 -7.07642e-05 |185 -0.25066 -6.15784e-03 |186  0.31599 -2.23439e-03
187 -0.27421 -7.82638e-04 |188 -1.40981  2.86748e-04 |189  0.10509 -5.43125e-02
190  0.16796 -3.33576e-02 |191  0.21943  2.87433e-02 |192  0.25530  1.36238e-03
193  0.02317 -4.74812e-02 |194 -0.01010 -2.09846e-02 |195 -0.17073 -3.46557e-02
196 -0.11095 -7.48097e-02 |197 -0.55844  3.62890e-03 |198  0.16973 -5.96404e-04
199  0.09433  4.34949e-02 |200 -0.26253  8.21946e-03 |
200 variables; iteration 1200; function evaluation 1587; phase 4
Function value 7.2033015e+03; maximum gradient component mag -4.5013e-02
Var    Value     Gradient |Var    Value     Gradient |Var    Value     Gradient
  1 -0.46321  4.10001e-02 |  2  0.37782  6.46780e-03 |  3 -0.12384  8.38673e-03
  4 -0.02983  8.85279e-03 |  5 -0.69284  4.91634e-04 |  6 -0.60447  1.60481e-03
  7  0.38251  4.54656e-03 |  8 -0.19163  1.13320e-02 |  9  0.02578  6.66089e-03
 10 -0.58807  4.87175e-04 | 11 -0.62587  1.28219e-02 | 12 -0.22371 -4.50129e-02
 13 -0.00133 -4.92424e-04 | 14 -0.00132 -2.58090e-04 | 15 -0.00130 -3.14792e-04
 16 -0.00127 -3.13910e-04 | 17 -0.00124 -3.51904e-04 | 18 -0.00120 -5.11822e-04
 19 -0.00115 -4.41798e-04 | 20 -0.00109 -4.13552e-04 | 21 -0.00102 -3.97744e-04
 22 -0.00094 -5.33621e-04 | 23 -0.00085 -3.85189e-04 | 24 -0.00075 -5.42561e-04
 25 -0.00064 -3.91053e-04 | 26 -0.00052 -5.69978e-04 | 27 -0.00038 -5.71545e-04
 28 -0.00023 -4.43828e-04 | 29 -0.00006 -5.52277e-04 | 30  0.00011 -5.35657e-04
 31  0.00030 -6.64738e-04 | 32  0.00051 -6.17778e-04 | 33  0.00072 -5.41147e-04
 34  0.00095 -6.09935e-04 | 35  0.00120 -6.95681e-04 | 36  0.00145 -6.25141e-04
 37  0.00172 -7.03259e-04 | 38  0.00199 -7.16595e-04 | 39  0.00227 -6.94221e-04
 40  0.00255 -6.40961e-04 | 41  0.00283 -6.87870e-04 | 42  0.00310 -7.47472e-04
 43  0.00337 -7.32718e-04 | 44  0.00363 -9.16675e-04 | 45  0.00386 -9.04009e-04
 46  0.00405 -9.96981e-04 | 47  0.00421 -9.19506e-04 | 48  0.00430 -9.26997e-04
 49  0.00431 -1.01429e-03 | 50  0.00423 -1.06659e-03 | 51  0.00404 -9.78075e-04
 52  0.00373 -1.05404e-03 | 53  0.00329 -1.00921e-03 | 54  0.00272 -1.09333e-03
 55  0.00206 -1.14538e-03 | 56  0.00131 -1.21012e-03 | 57  0.00051 -1.11429e-03
 58 -0.00032 -1.20245e-03 | 59 -0.00112 -1.20106e-03 | 60 -0.00187 -1.21400e-03
 61 -0.00252 -1.27379e-03 | 62 -0.00303 -1.19059e-03 | 63 -0.00335 -1.31630e-03
 64 -0.00345 -1.37081e-03 | 65 -0.00328 -1.51464e-03 | 66 -0.00281 -1.52225e-03
 67 -0.00201 -1.49726e-03 | 68 -0.00085 -1.62287e-03 | 69  0.00067 -1.76452e-03
 70  0.00256 -1.72215e-03 | 71  0.00477 -1.83487e-03 | 72  0.00726 -1.91248e-03
 73  0.00990 -2.11496e-03 | 74  0.01254 -2.14847e-03 | 75  0.01499 -2.27073e-03
 76  0.01703 -2.33801e-03 | 77  0.01849 -2.45779e-03 | 78  0.01927 -2.55885e-03
 79  0.01939 -2.62495e-03 | 80  0.01895 -2.70771e-03 | 81  0.01808 -2.74880e-03
 82  0.01683 -2.80613e-03 | 83  0.01517 -2.85238e-03 | 84  0.01301 -2.81273e-03
 85  0.01030 -2.83713e-03 | 86  0.00713 -2.81427e-03 | 87  0.00382 -2.68290e-03
 88  0.00076 -2.78134e-03 | 89 -0.00171 -2.81553e-03 | 90 -0.00351 -2.65331e-03
 91 -0.00486 -2.64285e-03 | 92 -0.00612 -2.65424e-03 | 93 -0.00735 -2.59649e-03
 94 -0.00810 -2.57914e-03 | 95 -0.00829 -2.47398e-03 | 96 -0.00870 -2.38588e-03
 97 -0.00800 -2.28439e-03 | 98 -0.00677 -2.13371e-03 | 99 -0.00484 -1.95766e-03
100 -0.00625 -1.58305e-03 |101 -0.00877 -1.10172e-03 |102 -0.01201 -6.35892e-04
103 -0.02073 -5.91554e-05 |104 -0.02227  6.50156e-04 |105 -0.01026  1.55512e-03
106 -0.01331  2.45098e-03 |107 -0.03199  2.98776e-03 |108 -0.01548  4.33811e-03
109  0.03381  7.59842e-03 |110 -0.00108  6.69811e-03 |111 -0.03719  5.57312e-03
112 -0.01750  6.90322e-03 |113 -0.00034  8.18515e-03 |114  0.02284  9.82168e-03
115 -0.00263  7.71657e-03 |116 -0.06026  4.52037e-03 |117 -0.07044  3.58753e-03
118 -0.06370  3.20485e-03 |119 -0.01827  3.71702e-03 |120  0.10988  8.92418e-03
121  0.06089  5.52109e-03 |122  0.04610  4.45856e-03 |123 -0.01420  2.38628e-03
124 -0.05847  1.30812e-03 |125 -0.00408  1.57567e-03 |126 -0.00212  1.16764e-03
127 -0.04519  4.21291e-04 |128 -0.00045  2.25398e-04 |129  0.04970 -3.14772e-05
130 -0.01727 -2.45296e-04 |131  0.05870 -4.52612e-04 |132 -0.00580 -2.98884e-04
133  0.12242 -4.64553e-04 |134 -0.01340 -1.11484e-04 |135 -0.05339 -1.11981e-04
136 -0.06041  1.17560e-05 |137 -0.02253 -2.38390e-06 |138  0.09425 -6.08184e-05
139  0.02585 -7.49963e-05 |140  0.01738 -3.17063e-06 |141 -0.02866  2.60718e-05
142 -0.01487  6.98636e-06 |143 -0.01102  6.62805e-06 |144 -0.00049  8.83418e-05
145  0.46321  1.05177e-03 |146  0.37674  2.05039e-03 |147 -0.11926  6.11252e-03
148  0.21324  6.93115e-04 |149 -0.35080  1.35762e-03 |150 -1.40290  3.03551e-05
151 -0.14750 -5.84037e-04 |152  6.04083  1.89958e-05 |153 -5.88367  2.88470e-05
154  2.41518  1.03151e-05 |155  0.19969 -1.09299e-03 |156  0.25713  4.46515e-04
157  0.18154 -1.66433e-03 |158  0.25303  1.70611e-03 |159  0.00214 -6.60113e-04
160 -0.09428 -2.51962e-03 |161  0.11988 -1.47466e-03 |162  0.29373  1.97892e-03
163  0.18093 -8.56946e-04 |164  0.24640  1.15816e-03 |165 -0.32654  4.81051e-05
166  0.24769 -7.99301e-05 |167  0.04938  4.29193e-04 |168 -0.17569  1.88171e-03
169  0.22116 -2.88289e-05 |170  0.31438  1.42304e-05 |171  0.07770 -7.02480e-04
172 -0.53246  3.22770e-05 |173 -0.36849  4.94308e-04 |174  0.24087 -7.66860e-04
175  0.06709  5.95293e-04 |176 -0.09646  4.08032e-04 |177  0.90736  5.95239e-03
178  0.18932  1.58064e-02 |179 -1.91345  1.01610e-04 |180  0.77432 -2.09500e-05
181  0.07920  6.69256e-06 |182 -0.09952  2.46782e-03 |183  0.17128  1.75631e-05
184 -1.57677 -1.94617e-05 |185 -0.25064  1.66054e-03 |186  0.31612 -7.01815e-04
187 -0.27027  4.73367e-05 |188 -1.41363 -2.06859e-05 |189  0.10509 -4.39960e-03
190  0.16796 -1.22557e-02 |191  0.21943  8.16346e-04 |192  0.25530  1.18844e-02
193  0.02317 -5.45026e-03 |194 -0.01010 -4.30400e-03 |195 -0.17073 -8.27110e-03
196 -0.11095 -1.88762e-02 |197 -0.55843  5.05033e-04 |198  0.16973  1.12062e-04
199  0.09433  7.07360e-03 |200 -0.26252  1.33288e-03 |
200 variables; iteration 1220; function evaluation 1607; phase 4
Function value 7.2033015e+03; maximum gradient component mag -1.3111e-01
Var    Value     Gradient |Var    Value     Gradient |Var    Value     Gradient
  1 -0.46321  1.17480e-01 |  2  0.37782  2.55959e-02 |  3 -0.12384  2.71339e-02
  4 -0.02983  3.48167e-02 |  5 -0.69284  3.80933e-03 |  6 -0.60447  1.06292e-02
  7  0.38252  2.24201e-02 |  8 -0.19163  5.02891e-02 |  9  0.02578  3.14061e-02
 10 -0.58807  4.55805e-03 | 11 -0.62587  4.38607e-02 | 12 -0.22371 -1.31113e-01
 13 -0.00133 -1.60898e-03 | 14 -0.00131 -3.92161e-04 | 15 -0.00129 -7.15263e-04
 16 -0.00127 -6.15401e-04 | 17 -0.00124 -9.63161e-04 | 18 -0.00120 -1.84470e-03
 19 -0.00115 -1.34710e-03 | 20 -0.00109 -9.14617e-04 | 21 -0.00102 -5.58185e-04
 22 -0.00094 -1.70257e-03 | 23 -0.00085 -1.13410e-03 | 24 -0.00076 -2.25263e-03
 25 -0.00064 -1.37300e-03 | 26 -0.00052 -1.95631e-03 | 27 -0.00038 -1.95292e-03
 28 -0.00023 -1.66835e-03 | 29 -0.00007 -2.29461e-03 | 30  0.00011 -1.35957e-03
 31  0.00030 -1.60019e-03 | 32  0.00051 -1.87436e-03 | 33  0.00072 -1.74527e-03
 34  0.00095 -1.75315e-03 | 35  0.00120 -2.13479e-03 | 36  0.00145 -1.59955e-03
 37  0.00172 -2.04256e-03 | 38  0.00199 -2.44373e-03 | 39  0.00227 -1.32710e-03
 40  0.00255 -1.99674e-03 | 41  0.00283 -1.51275e-03 | 42  0.00310 -2.49049e-03
 43  0.00337 -2.41523e-03 | 44  0.00363 -2.28468e-03 | 45  0.00386 -2.54517e-03
 46  0.00405 -2.80308e-03 | 47  0.00421 -2.59028e-03 | 48  0.00429 -3.10141e-03
 49  0.00431 -2.41033e-03 | 50  0.00423 -2.71296e-03 | 51  0.00404 -3.42923e-03
 52  0.00373 -2.99914e-03 | 53  0.00329 -2.71984e-03 | 54  0.00272 -2.99981e-03
 55  0.00206 -3.21371e-03 | 56  0.00131 -3.51594e-03 | 57  0.00051 -3.13728e-03
 58 -0.00032 -3.74081e-03 | 59 -0.00112 -3.44836e-03 | 60 -0.00187 -3.57737e-03
 61 -0.00252 -3.47435e-03 | 62 -0.00303 -3.82909e-03 | 63 -0.00335 -3.71815e-03
 64 -0.00345 -3.91992e-03 | 65 -0.00328 -4.03873e-03 | 66 -0.00281 -4.40609e-03
 67 -0.00201 -4.19154e-03 | 68 -0.00085 -4.39196e-03 | 69  0.00067 -4.97575e-03
 70  0.00256 -4.85213e-03 | 71  0.00478 -4.95102e-03 | 72  0.00726 -5.23006e-03
 73  0.00990 -5.53689e-03 | 74  0.01254 -5.76436e-03 | 75  0.01499 -6.05971e-03
 76  0.01703 -6.37884e-03 | 77  0.01849 -6.70278e-03 | 78  0.01927 -6.80886e-03
 79  0.01939 -6.98377e-03 | 80  0.01895 -7.30761e-03 | 81  0.01808 -7.34823e-03
 82  0.01683 -7.55678e-03 | 83  0.01517 -7.69466e-03 | 84  0.01301 -7.74939e-03
 85  0.01030 -7.71098e-03 | 86  0.00713 -7.78583e-03 | 87  0.00382 -7.69510e-03
 88  0.00076 -7.72323e-03 | 89 -0.00171 -7.72723e-03 | 90 -0.00351 -8.16718e-03
 91 -0.00486 -8.18774e-03 | 92 -0.00612 -7.63940e-03 | 93 -0.00735 -8.13641e-03
 94 -0.00810 -8.38792e-03 | 95 -0.00829 -8.12251e-03 | 96 -0.00870 -7.90060e-03
 97 -0.00799 -7.98436e-03 | 98 -0.00677 -7.67705e-03 | 99 -0.00484 -7.69448e-03
100 -0.00625 -7.07851e-03 |101 -0.00877 -5.92007e-03 |102 -0.01201 -5.30219e-03
103 -0.02073 -4.10396e-03 |104 -0.02227 -2.50249e-03 |105 -0.01026 -1.28196e-03
106 -0.01331  7.69948e-04 |107 -0.03199  2.39707e-03 |108 -0.01549  4.79357e-03
109  0.03381  1.01846e-02 |110 -0.00109  9.78131e-03 |111 -0.03720  8.52086e-03
112 -0.01751  1.12991e-02 |113 -0.00035  1.40015e-02 |114  0.02284  1.73349e-02
115 -0.00263  1.45045e-02 |116 -0.06027  9.22864e-03 |117 -0.07044  9.10291e-03
118 -0.06370  1.03848e-02 |119 -0.01827  1.58840e-02 |120  0.10989  4.73033e-02
121  0.06090  3.39459e-02 |122  0.04611  2.98536e-02 |123 -0.01419  1.75961e-02
124 -0.05847  1.08811e-02 |125 -0.00408  1.44251e-02 |126 -0.00213  1.17739e-02
127 -0.04520  5.79834e-03 |128 -0.00045  5.33314e-03 |129  0.04970  3.86350e-03
130 -0.01727  9.38184e-04 |131  0.05871  2.61187e-05 |132 -0.00580 -4.84577e-04
133  0.12243 -8.30399e-04 |134 -0.01340 -1.59429e-04 |135 -0.05339 -5.43733e-04
136 -0.06041 -2.78008e-04 |137 -0.02252 -2.03282e-04 |138  0.09425 -3.18678e-04
139  0.02585 -3.25526e-04 |140  0.01738 -3.01485e-04 |141 -0.02866  1.27067e-06
142 -0.01486  1.50200e-04 |143 -0.01102  7.77168e-05 |144 -0.00049 -6.55753e-04
145  0.46321  2.68055e-03 |146  0.37673 -2.80842e-03 |147 -0.11929 -3.97390e-02
148  0.21297 -7.04137e-03 |149 -0.35446  2.04946e-03 |150 -1.40130  1.58172e-04
151 -0.14684 -4.82623e-04 |152  6.03754  1.98252e-05 |153 -5.88065  8.92279e-05
154  2.41462 -3.65788e-05 |155  0.19969 -1.81526e-02 |156  0.25713  2.52836e-02
157  0.18153 -1.04438e-02 |158  0.25303  1.18991e-02 |159  0.00215 -2.88962e-03
160 -0.09428 -9.19804e-03 |161  0.11988 -1.03660e-02 |162  0.29373  1.72270e-02
163  0.18092 -7.30366e-03 |164  0.24639  1.00366e-02 |165 -0.32654  2.89289e-04
166  0.24769 -2.96277e-04 |167  0.04938  1.36365e-03 |168 -0.17569  4.51678e-03
169  0.22116 -1.03140e-03 |170  0.31438  3.47271e-04 |171  0.07770 -9.29022e-03
172 -0.53399 -9.24691e-05 |173 -0.36850  9.28211e-04 |174  0.24086 -9.48592e-04
175  0.06709  2.07159e-03 |176 -0.09646 -3.44103e-03 |177  0.90235 -1.05843e-03
178  0.18924  4.59896e-02 |179 -1.91149 -1.94642e-04 |180  0.77582  6.42512e-06
181  0.08059  2.74165e-05 |182 -0.09887  7.11741e-03 |183  0.17163  3.21869e-05
184 -1.57663 -3.73475e-05 |185 -0.25064  1.90321e-02 |186  0.31607 -1.36103e-02
187 -0.26936  3.91529e-04 |188 -1.41409 -8.09530e-05 |189  0.10509 -3.09733e-02
190  0.16796 -7.78364e-02 |191  0.21943  1.31772e-02 |192  0.25530  8.37282e-02
193  0.02317 -2.91714e-02 |194 -0.01010 -2.12122e-02 |195 -0.17073 -3.24752e-02
196 -0.11095 -6.69941e-02 |197 -0.55842 -5.32176e-04 |198  0.16973 -1.57517e-04
199  0.09433 -6.66368e-03 |200 -0.26251 -1.22661e-03 |

 - final statistics:
200 variables; iteration 1228; function evaluation 1616
Function value 7.2033e+03; maximum gradient component mag -4.9851e-04
Exit code = 1;  converg criter 1.0000e-03
Var    Value     Gradient |Var    Value     Gradient |Var    Value     Gradient
  1 -0.46321 -4.98507e-04 |  2  0.37782 -9.71777e-05 |  3 -0.12384 -1.38784e-04
  4 -0.02983 -1.36302e-04 |  5 -0.69284 -1.30364e-05 |  6 -0.60447 -2.29578e-05
  7  0.38252 -6.55784e-05 |  8 -0.19163 -1.51437e-04 |  9  0.02578 -9.05484e-05
 10 -0.58807 -7.31827e-06 | 11 -0.62587 -1.76978e-04 | 12 -0.22371  4.68244e-04
 13 -0.00133  6.45505e-06 | 14 -0.00132  2.77732e-06 | 15 -0.00130  3.46406e-06
 16 -0.00127  4.09051e-06 | 17 -0.00124  3.64157e-06 | 18 -0.00120  5.69133e-06
 19 -0.00115  5.03203e-06 | 20 -0.00109  5.24881e-06 | 21 -0.00102  6.19374e-06
 22 -0.00094  6.24138e-06 | 23 -0.00085  3.16203e-06 | 24 -0.00075  4.50186e-06
 25 -0.00064  2.66349e-06 | 26 -0.00052  5.92495e-06 | 27 -0.00038  5.92309e-06
 28 -0.00023  3.21204e-06 | 29 -0.00006  4.74252e-06 | 30  0.00011  6.99307e-06
 31  0.00030  9.34629e-06 | 32  0.00051  6.63519e-06 | 33  0.00072  4.87269e-06
 34  0.00095  6.82459e-06 | 35  0.00120  7.82474e-06 | 36  0.00145  7.51310e-06
 37  0.00172  8.51275e-06 | 38  0.00199  6.89393e-06 | 39  0.00227  9.16113e-06
 40  0.00255  5.23507e-06 | 41  0.00283  8.19014e-06 | 42  0.00310  6.52041e-06
 43  0.00337  6.91323e-06 | 44  0.00362  1.17342e-05 | 45  0.00386  1.10644e-05
 46  0.00405  1.30033e-05 | 47  0.00420  1.09018e-05 | 48  0.00430  9.12611e-06
 49  0.00431  1.33460e-05 | 50  0.00423  1.34823e-05 | 51  0.00404  9.14014e-06
 52  0.00373  1.24884e-05 | 53  0.00329  1.09947e-05 | 54  0.00272  1.25168e-05
 55  0.00206  1.35020e-05 | 56  0.00131  1.43386e-05 | 57  0.00051  1.26797e-05
 58 -0.00032  1.30150e-05 | 59 -0.00112  1.35261e-05 | 60 -0.00187  1.32024e-05
 61 -0.00252  1.50272e-05 | 62 -0.00303  1.10926e-05 | 63 -0.00335  1.48851e-05
 64 -0.00345  1.56890e-05 | 65 -0.00328  1.93520e-05 | 66 -0.00281  1.84001e-05
 67 -0.00201  1.69351e-05 | 68 -0.00085  1.96268e-05 | 69  0.00067  2.19762e-05
 70  0.00256  2.00011e-05 | 71  0.00477  2.21877e-05 | 72  0.00726  2.29258e-05
 73  0.00990  2.73124e-05 | 74  0.01254  2.60689e-05 | 75  0.01499  2.79079e-05
 76  0.01703  2.76951e-05 | 77  0.01849  2.96501e-05 | 78  0.01927  3.17704e-05
 79  0.01939  3.25135e-05 | 80  0.01895  3.32004e-05 | 81  0.01808  3.41693e-05
 82  0.01683  3.47599e-05 | 83  0.01517  3.50657e-05 | 84  0.01301  3.32557e-05
 85  0.01030  3.43727e-05 | 86  0.00713  3.35847e-05 | 87  0.00382  2.96197e-05
 88  0.00076  3.27791e-05 | 89 -0.00171  3.36025e-05 | 90 -0.00351  2.78612e-05
 91 -0.00486  2.68998e-05 | 92 -0.00612  2.91064e-05 | 93 -0.00735  2.62965e-05
 94 -0.00810  2.60399e-05 | 95 -0.00829  2.41748e-05 | 96 -0.00870  2.30528e-05
 97 -0.00800  2.12003e-05 | 98 -0.00677  1.95362e-05 | 99 -0.00484  1.72187e-05
100 -0.00625  1.21545e-05 |101 -0.00877  5.84016e-06 |102 -0.01201  2.20742e-06
103 -0.02073 -3.80821e-06 |104 -0.02227 -1.10131e-05 |105 -0.01026 -2.03517e-05
106 -0.01331 -2.80055e-05 |107 -0.03199 -3.27472e-05 |108 -0.01549 -4.45330e-05
109  0.03381 -7.29915e-05 |110 -0.00109 -6.25345e-05 |111 -0.03720 -5.04545e-05
112 -0.01751 -5.75565e-05 |113 -0.00035 -6.57874e-05 |114  0.02284 -7.79178e-05
115 -0.00263 -6.02692e-05 |116 -0.06026 -3.70974e-05 |117 -0.07044 -3.05209e-05
118 -0.06369 -3.13375e-05 |119 -0.01826 -4.11911e-05 |120  0.10991 -1.15083e-04
121  0.06091 -8.02497e-05 |122  0.04612 -7.10104e-05 |123 -0.01418 -4.37976e-05
124 -0.05847 -3.18991e-05 |125 -0.00408 -4.72506e-05 |126 -0.00213 -4.35479e-05
127 -0.04520 -2.24250e-05 |128 -0.00046 -2.07246e-05 |129  0.04970 -1.92428e-05
130 -0.01727 -1.78304e-06 |131  0.05871  1.10106e-06 |132 -0.00579  3.68964e-06
133  0.12243  9.37051e-06 |134 -0.01340  1.99005e-06 |135 -0.05339  3.66251e-07
136 -0.06041 -1.47705e-06 |137 -0.02252  1.98097e-07 |138  0.09426  8.99264e-07
139  0.02585  1.96638e-06 |140  0.01738 -8.93700e-07 |141 -0.02866 -8.73318e-07
142 -0.01487  1.20529e-06 |143 -0.01102  1.85832e-08 |144 -0.00049 -4.92812e-06
145  0.46320 -1.54275e-05 |146  0.37674 -6.12016e-05 |147 -0.11942 -4.04359e-04
148  0.21274  1.32761e-05 |149 -0.36550  1.81607e-06 |150 -1.40302  5.26702e-08
151 -0.14578 -5.52059e-06 |152  6.03135 -4.34491e-07 |153 -5.88022 -9.30462e-08
154  2.41490 -5.01096e-07 |155  0.19969  6.81757e-05 |156  0.25713 -8.36385e-05
157  0.18153  3.24247e-05 |158  0.25302 -3.90508e-05 |159  0.00215  1.06176e-05
160 -0.09428  3.68394e-05 |161  0.11987  3.28625e-05 |162  0.29373 -5.38215e-05
163  0.18092  2.01979e-05 |164  0.24639 -2.74907e-05 |165 -0.32653  1.22060e-06
166  0.24769 -5.73790e-07 |167  0.04938 -4.80973e-06 |168 -0.17569 -2.20574e-05
169  0.22116  1.59870e-06 |170  0.31438 -2.45972e-06 |171  0.07770  1.77085e-05
172 -0.53285 -7.77084e-08 |173 -0.36853 -6.63666e-06 |174  0.24086  1.27499e-05
175  0.06709 -4.83025e-06 |176 -0.09645 -3.70546e-05 |177  0.90291  3.19390e-06
178  0.18936 -1.66799e-04 |179 -1.91065  6.54131e-07 |180  0.77406  2.05203e-07
181  0.07931 -1.58293e-07 |182 -0.10017 -2.89566e-05 |183  0.17088 -2.28652e-07
184 -1.57668  1.11085e-07 |185 -0.25062 -2.12326e-05 |186  0.31596  3.27603e-05
187 -0.27062  1.24809e-06 |188 -1.41350  6.24522e-07 |189  0.10509  4.76716e-05
190  0.16796  2.24441e-04 |191  0.21943 -2.06340e-06 |192  0.25530 -2.55051e-04
193  0.02317  6.62918e-05 |194 -0.01010  6.55035e-05 |195 -0.17073  1.05589e-04
196 -0.11095  2.38251e-04 |197 -0.55842 -1.41513e-05 |198  0.16973 -4.01612e-06
199  0.09433 -1.97084e-04 |200 -0.26252 -3.45825e-05 |
Warning: the following parameters had issues
  selparm[55] is within 1% of upper bound: 1.50000e+01 < 6.96808e+01 < 7.00000e+01


 - final statistics:
213 variables; iteration 0; function evaluation 0
Function value 7.2033e+03; maximum gradient component mag -4.9851e-04
Exit code = 0;  converg criter 1.0000e-03
Var    Value     Gradient |Var    Value     Gradient |Var    Value     Gradient
  1 -0.46321 -4.98507e-04 |  2  0.37782 -9.71777e-05 |  3 -0.12384 -1.38784e-04
  4 -0.02983 -1.36302e-04 |  5 -0.69284 -1.30364e-05 |  6 -0.60447 -2.29578e-05
  7  0.38252 -6.55784e-05 |  8 -0.19163 -1.51437e-04 |  9  0.02578 -9.05484e-05
 10 -0.58807 -7.31827e-06 | 11 -0.62587 -1.76978e-04 | 12 -0.22371  4.68244e-04
 13 -0.00133  6.45505e-06 | 14 -0.00132  2.77732e-06 | 15 -0.00130  3.46406e-06
 16 -0.00127  4.09051e-06 | 17 -0.00124  3.64157e-06 | 18 -0.00120  5.69133e-06
 19 -0.00115  5.03203e-06 | 20 -0.00109  5.24881e-06 | 21 -0.00102  6.19374e-06
 22 -0.00094  6.24138e-06 | 23 -0.00085  3.16203e-06 | 24 -0.00075  4.50186e-06
 25 -0.00064  2.66349e-06 | 26 -0.00052  5.92495e-06 | 27 -0.00038  5.92309e-06
 28 -0.00023  3.21204e-06 | 29 -0.00006  4.74252e-06 | 30  0.00011  6.99307e-06
 31  0.00030  9.34629e-06 | 32  0.00051  6.63519e-06 | 33  0.00072  4.87269e-06
 34  0.00095  6.82459e-06 | 35  0.00120  7.82474e-06 | 36  0.00145  7.51310e-06
 37  0.00172  8.51275e-06 | 38  0.00199  6.89393e-06 | 39  0.00227  9.16113e-06
 40  0.00255  5.23507e-06 | 41  0.00283  8.19014e-06 | 42  0.00310  6.52041e-06
 43  0.00337  6.91323e-06 | 44  0.00362  1.17342e-05 | 45  0.00386  1.10644e-05
 46  0.00405  1.30033e-05 | 47  0.00420  1.09018e-05 | 48  0.00430  9.12611e-06
 49  0.00431  1.33460e-05 | 50  0.00423  1.34823e-05 | 51  0.00404  9.14014e-06
 52  0.00373  1.24884e-05 | 53  0.00329  1.09947e-05 | 54  0.00272  1.25168e-05
 55  0.00206  1.35020e-05 | 56  0.00131  1.43386e-05 | 57  0.00051  1.26797e-05
 58 -0.00032  1.30150e-05 | 59 -0.00112  1.35261e-05 | 60 -0.00187  1.32024e-05
 61 -0.00252  1.50272e-05 | 62 -0.00303  1.10926e-05 | 63 -0.00335  1.48851e-05
 64 -0.00345  1.56890e-05 | 65 -0.00328  1.93520e-05 | 66 -0.00281  1.84001e-05
 67 -0.00201  1.69351e-05 | 68 -0.00085  1.96268e-05 | 69  0.00067  2.19762e-05
 70  0.00256  2.00011e-05 | 71  0.00477  2.21877e-05 | 72  0.00726  2.29258e-05
 73  0.00990  2.73124e-05 | 74  0.01254  2.60689e-05 | 75  0.01499  2.79079e-05
 76  0.01703  2.76951e-05 | 77  0.01849  2.96501e-05 | 78  0.01927  3.17704e-05
 79  0.01939  3.25135e-05 | 80  0.01895  3.32004e-05 | 81  0.01808  3.41693e-05
 82  0.01683  3.47599e-05 | 83  0.01517  3.50657e-05 | 84  0.01301  3.32557e-05
 85  0.01030  3.43727e-05 | 86  0.00713  3.35847e-05 | 87  0.00382  2.96197e-05
 88  0.00076  3.27791e-05 | 89 -0.00171  3.36025e-05 | 90 -0.00351  2.78612e-05
 91 -0.00486  2.68998e-05 | 92 -0.00612  2.91064e-05 | 93 -0.00735  2.62965e-05
 94 -0.00810  2.60399e-05 | 95 -0.00829  2.41748e-05 | 96 -0.00870  2.30528e-05
 97 -0.00800  2.12003e-05 | 98 -0.00677  1.95362e-05 | 99 -0.00484  1.72187e-05
100 -0.00625  1.21545e-05 |101 -0.00877  5.84016e-06 |102 -0.01201  2.20742e-06
103 -0.02073 -3.80821e-06 |104 -0.02227 -1.10131e-05 |105 -0.01026 -2.03517e-05
106 -0.01331 -2.80055e-05 |107 -0.03199 -3.27472e-05 |108 -0.01549 -4.45330e-05
109  0.03381 -7.29915e-05 |110 -0.00109 -6.25345e-05 |111 -0.03720 -5.04545e-05
112 -0.01751 -5.75565e-05 |113 -0.00035 -6.57874e-05 |114  0.02284 -7.79178e-05
115 -0.00263 -6.02692e-05 |116 -0.06026 -3.70974e-05 |117 -0.07044 -3.05209e-05
118 -0.06369 -3.13375e-05 |119 -0.01826 -4.11911e-05 |120  0.10991 -1.15083e-04
121  0.06091 -8.02497e-05 |122  0.04612 -7.10104e-05 |123 -0.01418 -4.37976e-05
124 -0.05847 -3.18991e-05 |125 -0.00408 -4.72506e-05 |126 -0.00213 -4.35479e-05
127 -0.04520 -2.24250e-05 |128 -0.00046 -2.07246e-05 |129  0.04970 -1.92428e-05
130 -0.01727 -1.78304e-06 |131  0.05871  1.10106e-06 |132 -0.00579  3.68964e-06
133  0.12243  9.37051e-06 |134 -0.01340  1.99005e-06 |135 -0.05339  3.66251e-07
136 -0.06041 -1.47705e-06 |137 -0.02252  1.98097e-07 |138  0.09426  8.99264e-07
139  0.02585  1.96638e-06 |140  0.01738 -8.93700e-07 |141 -0.02866 -8.73318e-07
142 -0.01487  1.20529e-06 |143 -0.01102  1.85831e-08 |144 -0.00049 -4.92812e-06
145  0.00000  0.00000e+00 |146  0.00000  0.00000e+00 |147  0.00000  0.00000e+00
148  0.00000  0.00000e+00 |149  0.00000  0.00000e+00 |150  0.00000  0.00000e+00
151  0.00000  0.00000e+00 |152  0.00000  0.00000e+00 |153  0.00000  0.00000e+00
154  0.00000  0.00000e+00 |155  0.00000  0.00000e+00 |156  0.00000  0.00000e+00
157  0.00000  0.00000e+00 |158  0.46320 -1.54275e-05 |159  0.37674 -6.12016e-05
160 -0.11942 -4.04359e-04 |161  0.21274  1.32761e-05 |162 -0.36550  1.81607e-06
163 -0.59698 -5.26702e-08 |164 -0.14578 -5.52059e-06 |165 -0.03135  4.34491e-07
166 -0.11978  9.30462e-08 |167 -0.41490  5.01096e-07 |168  0.19969  6.81757e-05
169  0.25713 -8.36385e-05 |170  0.18153  3.24247e-05 |171  0.25302 -3.90508e-05
172  0.00215  1.06176e-05 |173 -0.09428  3.68394e-05 |174  0.11987  3.28625e-05
175  0.29373 -5.38215e-05 |176  0.18092  2.01979e-05 |177  0.24639 -2.74907e-05
178 -0.32653  1.22060e-06 |179  0.24769 -5.73790e-07 |180  0.04938 -4.80973e-06
181 -0.17569 -2.20574e-05 |182  0.22116  1.59870e-06 |183  0.31438 -2.45972e-06
184  0.07770  1.77085e-05 |185 -0.53285 -7.77084e-08 |186 -0.36853 -6.63666e-06
187  0.24086  1.27499e-05 |188  0.06709 -4.83025e-06 |189 -0.09645 -3.70546e-05
190  0.90291  3.19390e-06 |191  0.18936 -1.66799e-04 |192 -0.08935 -6.54131e-07
193  0.77406  2.05203e-07 |194  0.07931 -1.58293e-07 |195 -0.10017 -2.89566e-05
196  0.17088 -2.28652e-07 |197 -0.42332 -1.11085e-07 |198 -0.25062 -2.12326e-05
199  0.31596  3.27603e-05 |200 -0.27062  1.24809e-06 |201 -0.58650 -6.24522e-07
202  0.10509  4.76716e-05 |203  0.16796  2.24441e-04 |204  0.21943 -2.06340e-06
205  0.25530 -2.55051e-04 |206  0.02317  6.62918e-05 |207 -0.01010  6.55035e-05
208 -0.17073  1.05589e-04 |209 -0.11095  2.38251e-04 |210 -0.55842 -1.41513e-05
211  0.16973 -4.01612e-06 |212  0.09433 -1.97084e-04 |213 -0.26252 -3.45825e-05
size of file gradfil1.tmp = 0
size of file gradfil2.tmp = 0
size of file varssave.tmp = 0
size of file cmpdiff.tmp = 1000000040
