
Initial statistics: 136 variables; iteration 0; function evaluation 0; phase 1
Function value 7.3115094e+03; maximum gradient component mag 1.3869e+01
Var    Value     Gradient |Var    Value     Gradient |Var    Value     Gradient
  1 -0.42334  5.44262e+00 |  2 -0.09289 -5.61147e-02 |  3 -0.01009 -5.74188e-02
  4 -0.01031 -5.90421e-02 |  5 -0.01053 -6.07051e-02 |  6 -0.01074 -6.24185e-02
  7 -0.01095 -6.41858e-02 |  8 -0.01115 -6.59961e-02 |  9 -0.01135 -6.78604e-02
 10 -0.01153 -6.97831e-02 | 11 -0.01171 -7.17562e-02 | 12 -0.01187 -7.37905e-02
 13 -0.01203 -7.58965e-02 | 14 -0.01217 -7.80601e-02 | 15 -0.01229 -8.02962e-02
 16 -0.01240 -8.26050e-02 | 17 -0.01249 -8.49914e-02 | 18 -0.01255 -8.74522e-02
 19 -0.01260 -8.99984e-02 | 20 -0.01262 -9.26246e-02 | 21 -0.01262 -9.53421e-02
 22 -0.01260 -9.81613e-02 | 23 -0.01254 -1.01085e-01 | 24 -0.01246 -1.04124e-01
 25 -0.01235 -1.07291e-01 | 26 -0.01220 -1.10579e-01 | 27 -0.01202 -1.13998e-01
 28 -0.01180 -1.17546e-01 | 29 -0.01154 -1.21227e-01 | 30 -0.01124 -1.25033e-01
 31 -0.01091 -1.28988e-01 | 32 -0.01054 -1.33100e-01 | 33 -0.01013 -1.37369e-01
 34 -0.00969 -1.41809e-01 | 35 -0.00923 -1.46425e-01 | 36 -0.00876 -1.51209e-01
 37 -0.00827 -1.56176e-01 | 38 -0.00779 -1.61318e-01 | 39 -0.00732 -1.66646e-01
 40 -0.00687 -1.72155e-01 | 41 -0.00646 -1.77823e-01 | 42 -0.00610 -1.83631e-01
 43 -0.00578 -1.89550e-01 | 44 -0.00550 -1.95555e-01 | 45 -0.00527 -2.01668e-01
 46 -0.00505 -2.07938e-01 | 47 -0.00484 -2.14381e-01 | 48 -0.00461 -2.21037e-01
 49 -0.00433 -2.27993e-01 | 50 -0.00397 -2.35261e-01 | 51 -0.00351 -2.42888e-01
 52 -0.00290 -2.50963e-01 | 53 -0.00211 -2.59490e-01 | 54 -0.00112 -2.68571e-01
 55  0.00012 -2.78189e-01 | 56  0.00162 -2.88606e-01 | 57  0.00342 -2.99780e-01
 58  0.00553 -3.11659e-01 | 59  0.00797 -3.24272e-01 | 60  0.01071 -3.37506e-01
 61  0.01374 -3.51120e-01 | 62  0.01700 -3.64627e-01 | 63  0.02037 -3.77403e-01
 64  0.02373 -3.88527e-01 | 65  0.02687 -3.96766e-01 | 66  0.02959 -4.00756e-01
 67  0.03168 -3.99039e-01 | 68  0.03301 -3.90211e-01 | 69  0.03358 -3.73234e-01
 70  0.03344 -3.47252e-01 | 71  0.03272 -3.11471e-01 | 72  0.03145 -2.64695e-01
 73  0.02960 -2.05344e-01 | 74  0.02705 -1.31498e-01 | 75  0.02380 -4.10741e-02
 76  0.01999  6.81306e-02 | 77  0.01602  1.98048e-01 | 78  0.01239  3.47831e-01
 79  0.00955  5.08372e-01 | 80  0.00761  6.55320e-01 | 81  0.00637  7.51892e-01
 82  0.00544  7.71408e-01 | 83  0.00468  7.59597e-01 | 84  0.00458  8.68423e-01
 85  0.00522  1.10915e+00 | 86  0.00545  1.17143e+00 | 87  0.00713  1.51780e+00
 88  0.00970  2.01752e+00 | 89  0.01366  2.63830e+00 | 90  0.01376  1.61613e+00
 91  0.01250 -2.05881e-01 | 92  0.01081 -2.17370e+00 | 93  0.00275 -4.39993e+00
 94  0.00360 -4.30363e+00 | 95  0.02294  4.75042e-01 | 96  0.02140  2.74744e+00
 97 -0.00268 -1.08696e+00 | 98  0.01577  2.35764e+00 | 99  0.08374  1.38694e+01
100  0.02820  3.15823e+00 |101 -0.01452 -6.48256e+00 |102  0.00430 -4.25593e+00
103  0.01938  1.22584e-01 |104  0.03866  2.32197e+00 |105  0.00285 -3.69631e+00
106 -0.06248 -4.54831e+00 |107 -0.07893 -8.37426e+00 |108 -0.07730 -5.56074e+00
109 -0.03457  4.73262e+00 |110  0.06971  1.14508e+01 |111  0.02361  6.71239e+00
112  0.01375 -1.34274e+00 |113 -0.02797 -7.11896e-01 |114 -0.06716 -3.08226e-01
115 -0.00654  1.58351e-04 |116  0.00456 -4.44017e-04 |117 -0.02731 -3.26885e-04
118  0.02817  5.21086e-06 |119  0.07344  3.74190e-04 |120  0.01038  1.89617e-04
121  0.08254 -1.46156e-04 |122  0.00575 -4.20524e-04 |123  0.13287  1.67393e-04
124 -0.00532 -1.54194e-04 |125 -0.04646  3.32487e-04 |126 -0.05671  1.20902e-04
127 -0.02192  2.26019e-05 |128  0.09420 -2.07907e-04 |129  0.03190  1.11375e-05
130  0.01685  1.99918e-04 |131 -0.02798 -1.08237e-04 |132 -0.01758 -4.06170e-05
133 -0.00588 -2.39738e-04 |134 -0.00040 -1.75992e-05 |135  0.27670 -1.33095e-04
136  0.18753  3.27385e-04 |

 - final statistics:
136 variables; iteration 20; function evaluation 24
Function value 7.3109e+03; maximum gradient component mag 8.9188e+00
Exit code = 1;  converg criter 1.0000e+01
Var    Value     Gradient |Var    Value     Gradient |Var    Value     Gradient
  1 -0.42294  4.56011e+00 |  2 -0.09841  8.91883e+00 |  3 -0.01016 -5.42233e-02
  4 -0.01038 -5.56185e-02 |  5 -0.01060 -5.70290e-02 |  6 -0.01081 -5.84528e-02
  7 -0.01102 -5.98889e-02 |  8 -0.01123 -6.13303e-02 |  9 -0.01142 -6.27727e-02
 10 -0.01161 -6.42110e-02 | 11 -0.01179 -6.56387e-02 | 12 -0.01196 -6.70502e-02
 13 -0.01211 -6.84394e-02 | 14 -0.01225 -6.97970e-02 | 15 -0.01237 -7.11150e-02
 16 -0.01248 -7.23822e-02 | 17 -0.01257 -7.35849e-02 | 18 -0.01264 -7.47065e-02
 19 -0.01269 -7.57303e-02 | 20 -0.01271 -7.66379e-02 | 21 -0.01271 -7.74136e-02
 22 -0.01268 -7.80386e-02 | 23 -0.01263 -7.84914e-02 | 24 -0.01255 -7.87482e-02
 25 -0.01243 -7.87822e-02 | 26 -0.01228 -7.85619e-02 | 27 -0.01210 -7.80547e-02
 28 -0.01187 -7.72264e-02 | 29 -0.01161 -7.60419e-02 | 30 -0.01131 -7.44556e-02
 31 -0.01097 -7.24485e-02 | 32 -0.01059 -6.99779e-02 | 33 -0.01018 -6.70022e-02
 34 -0.00973 -6.34803e-02 | 35 -0.00926 -5.93660e-02 | 36 -0.00877 -5.46091e-02
 37 -0.00828 -4.91630e-02 | 38 -0.00778 -4.29772e-02 | 39 -0.00730 -3.60101e-02
 40 -0.00683 -2.82319e-02 | 41 -0.00641 -1.96301e-02 | 42 -0.00602 -1.02101e-02
 43 -0.00568  1.59963e-05 | 44 -0.00539  1.10472e-02 | 45 -0.00514  2.28930e-02
 46 -0.00490  3.55644e-02 | 47 -0.00467  4.90635e-02 | 48 -0.00442  6.33612e-02
 49 -0.00412  7.84177e-02 | 50 -0.00375  9.41869e-02 | 51 -0.00326  1.10635e-01
 52 -0.00263  1.27719e-01 | 53 -0.00183  1.45451e-01 | 54 -0.00082  1.63894e-01
 55  0.00043  1.83122e-01 | 56  0.00195  2.03466e-01 | 57  0.00376  2.25171e-01
 58  0.00589  2.48584e-01 | 59  0.00835  2.74165e-01 | 60  0.01112  3.02347e-01
 61  0.01418  3.33570e-01 | 62  0.01746  3.68134e-01 | 63  0.02089  4.06244e-01
 64  0.02430  4.47937e-01 | 65  0.02751  4.92962e-01 | 66  0.03032  5.40672e-01
 67  0.03251  5.90185e-01 | 68  0.03396  6.40475e-01 | 69  0.03465  6.90619e-01
 70  0.03465  7.40209e-01 | 71  0.03404  7.88874e-01 | 72  0.03288  8.36070e-01
 73  0.03110  8.80627e-01 | 74  0.02859  9.20992e-01 | 75  0.02532  9.56305e-01
 76  0.02142  9.87513e-01 | 77  0.01729  1.01786e+00 | 78  0.01346  1.05094e+00
 79  0.01038  1.08860e+00 | 80  0.00828  1.12780e+00 | 81  0.00705  1.16140e+00
 82  0.00636  1.18063e+00 | 83  0.00590  1.18560e+00 | 84  0.00555  1.19179e+00
 85  0.00537  1.19710e+00 | 86  0.00521  1.15785e+00 | 87  0.00524  1.13544e+00
 88  0.00526  1.11355e+00 | 89  0.00578  1.09627e+00 | 90  0.00787  8.81624e-01
 91  0.01152  5.74883e-01 | 92  0.01607  2.90578e-01 | 93  0.01677  3.93178e-02
 94  0.01758  2.39995e-02 | 95  0.01788  3.45521e-01 | 96  0.01292  6.04089e-01
 97  0.00977  1.48742e-01 | 98  0.02547  7.13909e-01 | 99  0.04933  1.54680e+00
100  0.02876  4.18593e-01 |101  0.00878 -9.51509e-01 |102  0.01157 -1.17905e+00
103  0.01345 -7.24149e-01 |104  0.02848 -4.49559e-01 |105  0.00843 -1.79015e+00
106 -0.06450 -3.49807e+00 |107 -0.07291 -4.21944e+00 |108 -0.07042 -2.15232e+00
109 -0.04205 -3.66028e-01 |110  0.06274 -4.02462e-01 |111  0.01589 -5.48462e-01
112  0.01821 -1.17915e+00 |113 -0.02936 -1.48617e+00 |114 -0.06874 -1.22799e+00
115 -0.00978 -1.66238e+00 |116  0.00163 -1.23474e+00 |117 -0.02916 -4.17490e-01
118  0.02669  2.04668e-01 |119  0.07228  8.76709e-01 |120  0.00959  4.77330e-01
121  0.08100  3.89609e-01 |122  0.00465  6.25184e-02 |123  0.13223  8.24725e-01
124 -0.00654 -1.99225e-01 |125 -0.04728 -1.09107e-01 |126 -0.05732 -6.66401e-02
127 -0.02249 -6.65555e-02 |128  0.09313 -1.97250e-01 |129  0.03128 -7.70307e-02
130  0.01640 -2.43148e-02 |131 -0.02820 -4.38254e-03 |132 -0.01769 -2.40920e-03
133 -0.00591 -9.71035e-04 |134 -0.00041 -1.49779e-04 |135  0.28529  1.10049e+00
136  0.19452  1.15230e+00 |

Initial statistics: 146 variables; iteration 0; function evaluation 0; phase 2
Function value 7.3108857e+03; maximum gradient component mag -1.6002e+01
Var    Value     Gradient |Var    Value     Gradient |Var    Value     Gradient
  1 -0.42294  4.56011e+00 |  2  0.37110 -1.60024e+01 |  3 -0.12614 -1.59672e+01
  4 -0.01321 -7.11287e+00 |  5 -0.70915 -6.06102e-01 |  6 -0.60419  9.79096e-01
  7  0.37628  1.23665e+01 |  8 -0.18524 -9.83109e+00 |  9  0.03399  3.61595e+00
 10 -0.60948 -1.23469e-01 | 11 -0.62338  3.46871e+00 | 12 -0.09841  8.91883e+00
 13 -0.01016 -5.42233e-02 | 14 -0.01038 -5.56185e-02 | 15 -0.01060 -5.70290e-02
 16 -0.01081 -5.84528e-02 | 17 -0.01102 -5.98889e-02 | 18 -0.01123 -6.13303e-02
 19 -0.01142 -6.27727e-02 | 20 -0.01161 -6.42110e-02 | 21 -0.01179 -6.56387e-02
 22 -0.01196 -6.70502e-02 | 23 -0.01211 -6.84394e-02 | 24 -0.01225 -6.97970e-02
 25 -0.01237 -7.11150e-02 | 26 -0.01248 -7.23822e-02 | 27 -0.01257 -7.35849e-02
 28 -0.01264 -7.47065e-02 | 29 -0.01269 -7.57303e-02 | 30 -0.01271 -7.66379e-02
 31 -0.01271 -7.74136e-02 | 32 -0.01268 -7.80386e-02 | 33 -0.01263 -7.84914e-02
 34 -0.01255 -7.87482e-02 | 35 -0.01243 -7.87822e-02 | 36 -0.01228 -7.85619e-02
 37 -0.01210 -7.80547e-02 | 38 -0.01187 -7.72264e-02 | 39 -0.01161 -7.60419e-02
 40 -0.01131 -7.44556e-02 | 41 -0.01097 -7.24485e-02 | 42 -0.01059 -6.99779e-02
 43 -0.01018 -6.70022e-02 | 44 -0.00973 -6.34803e-02 | 45 -0.00926 -5.93660e-02
 46 -0.00877 -5.46091e-02 | 47 -0.00828 -4.91630e-02 | 48 -0.00778 -4.29772e-02
 49 -0.00730 -3.60101e-02 | 50 -0.00683 -2.82319e-02 | 51 -0.00641 -1.96301e-02
 52 -0.00602 -1.02101e-02 | 53 -0.00568  1.59963e-05 | 54 -0.00539  1.10472e-02
 55 -0.00514  2.28930e-02 | 56 -0.00490  3.55644e-02 | 57 -0.00467  4.90635e-02
 58 -0.00442  6.33612e-02 | 59 -0.00412  7.84177e-02 | 60 -0.00375  9.41869e-02
 61 -0.00326  1.10635e-01 | 62 -0.00263  1.27719e-01 | 63 -0.00183  1.45451e-01
 64 -0.00082  1.63894e-01 | 65  0.00043  1.83122e-01 | 66  0.00195  2.03466e-01
 67  0.00376  2.25171e-01 | 68  0.00589  2.48584e-01 | 69  0.00835  2.74165e-01
 70  0.01112  3.02347e-01 | 71  0.01418  3.33570e-01 | 72  0.01746  3.68134e-01
 73  0.02089  4.06244e-01 | 74  0.02430  4.47937e-01 | 75  0.02751  4.92962e-01
 76  0.03032  5.40672e-01 | 77  0.03251  5.90185e-01 | 78  0.03396  6.40475e-01
 79  0.03465  6.90619e-01 | 80  0.03465  7.40209e-01 | 81  0.03404  7.88874e-01
 82  0.03288  8.36070e-01 | 83  0.03110  8.80627e-01 | 84  0.02859  9.20992e-01
 85  0.02532  9.56305e-01 | 86  0.02142  9.87513e-01 | 87  0.01729  1.01786e+00
 88  0.01346  1.05094e+00 | 89  0.01038  1.08860e+00 | 90  0.00828  1.12780e+00
 91  0.00705  1.16140e+00 | 92  0.00636  1.18063e+00 | 93  0.00590  1.18560e+00
 94  0.00555  1.19179e+00 | 95  0.00537  1.19710e+00 | 96  0.00521  1.15785e+00
 97  0.00524  1.13544e+00 | 98  0.00526  1.11355e+00 | 99  0.00578  1.09627e+00
100  0.00787  8.81624e-01 |101  0.01152  5.74883e-01 |102  0.01607  2.90578e-01
103  0.01677  3.93178e-02 |104  0.01758  2.39995e-02 |105  0.01788  3.45521e-01
106  0.01292  6.04089e-01 |107  0.00977  1.48742e-01 |108  0.02547  7.13909e-01
109  0.04933  1.54680e+00 |110  0.02876  4.18593e-01 |111  0.00878 -9.51509e-01
112  0.01157 -1.17905e+00 |113  0.01345 -7.24149e-01 |114  0.02848 -4.49559e-01
115  0.00843 -1.79015e+00 |116 -0.06450 -3.49807e+00 |117 -0.07291 -4.21944e+00
118 -0.07042 -2.15232e+00 |119 -0.04205 -3.66028e-01 |120  0.06274 -4.02462e-01
121  0.01589 -5.48462e-01 |122  0.01821 -1.17915e+00 |123 -0.02936 -1.48617e+00
124 -0.06874 -1.22799e+00 |125 -0.00978 -1.66238e+00 |126  0.00163 -1.23474e+00
127 -0.02916 -4.17490e-01 |128  0.02669  2.04668e-01 |129  0.07228  8.76709e-01
130  0.00959  4.77330e-01 |131  0.08100  3.89609e-01 |132  0.00465  6.25184e-02
133  0.13223  8.24725e-01 |134 -0.00654 -1.99225e-01 |135 -0.04728 -1.09107e-01
136 -0.05732 -6.66401e-02 |137 -0.02249 -6.65555e-02 |138  0.09313 -1.97250e-01
139  0.03128 -7.70307e-02 |140  0.01640 -2.43148e-02 |141 -0.02820 -4.38254e-03
142 -0.01769 -2.40920e-03 |143 -0.00591 -9.71035e-04 |144 -0.00041 -1.49779e-04
145  0.28529  1.10049e+00 |146  0.19452  1.15230e+00 |

Intermediate statistics: 146 variables; iteration 20; function evaluation 25; phase 2
Function value 7.3108500e+03; maximum gradient component mag 3.0494e+01
Var    Value     Gradient |Var    Value     Gradient |Var    Value     Gradient
  1 -0.42306  6.67575e+00 |  2  0.37199  3.04945e+01 |  3 -0.12527  1.95976e+01
  4 -0.01448  2.04801e+01 |  5 -0.70862 -4.08874e-01 |  6 -0.60432 -2.00307e+00
  7  0.37576 -4.65486e+00 |  8 -0.18497 -5.45608e+00 |  9  0.03403 -3.88447e+00
 10 -0.60984  7.08691e-03 | 11 -0.62352 -1.29014e+00 | 12 -0.09567  1.07170e+01
 13 -0.01016 -3.86279e-02 | 14 -0.01038 -3.96039e-02 | 15 -0.01060 -4.05899e-02
 16 -0.01081 -4.15848e-02 | 17 -0.01102 -4.25875e-02 | 18 -0.01123 -4.35939e-02
 19 -0.01142 -4.46012e-02 | 20 -0.01161 -4.56063e-02 | 21 -0.01179 -4.66049e-02
 22 -0.01196 -4.75931e-02 | 23 -0.01211 -4.85665e-02 | 24 -0.01225 -4.95190e-02
 25 -0.01238 -5.04447e-02 | 26 -0.01249 -5.13361e-02 | 27 -0.01257 -5.21847e-02
 28 -0.01264 -5.29808e-02 | 29 -0.01269 -5.37149e-02 | 30 -0.01271 -5.43761e-02
 31 -0.01271 -5.49540e-02 | 32 -0.01269 -5.54356e-02 | 33 -0.01263 -5.58063e-02
 34 -0.01255 -5.60503e-02 | 35 -0.01244 -5.61505e-02 | 36 -0.01229 -5.60883e-02
 37 -0.01211 -5.58453e-02 | 38 -0.01189 -5.54034e-02 | 39 -0.01163 -5.47443e-02
 40 -0.01133 -5.38443e-02 | 41 -0.01099 -5.26934e-02 | 42 -0.01061 -5.12687e-02
 43 -0.01020 -4.95482e-02 | 44 -0.00976 -4.75109e-02 | 45 -0.00929 -4.51346e-02
 46 -0.00881 -4.23961e-02 | 47 -0.00832 -3.92751e-02 | 48 -0.00782 -3.57491e-02
 49 -0.00735 -3.18002e-02 | 50 -0.00689 -2.74168e-02 | 51 -0.00647 -2.25990e-02
 52 -0.00609 -1.73615e-02 | 53 -0.00576 -1.17289e-02 | 54 -0.00548 -5.72493e-03
 55 -0.00523  6.30931e-04 | 56 -0.00501  7.31880e-03 | 57 -0.00478  1.43110e-02
 58 -0.00454  2.15579e-02 | 59 -0.00425  2.89978e-02 | 60 -0.00388  3.65610e-02
 61 -0.00341  4.41783e-02 | 62 -0.00279  5.17735e-02 | 63 -0.00200  5.92955e-02
 64 -0.00100  6.67158e-02 | 65  0.00024  7.40170e-02 | 66  0.00175  8.12919e-02
 67  0.00356  8.86049e-02 | 68  0.00567  9.60727e-02 | 69  0.00811  1.03861e-01
 70  0.01086  1.12134e-01 | 71  0.01390  1.21061e-01 | 72  0.01717  1.30777e-01
 73  0.02057  1.41398e-01 | 74  0.02395  1.53011e-01 | 75  0.02714  1.65634e-01
 76  0.02990  1.79179e-01 | 77  0.03206  1.93488e-01 | 78  0.03347  2.08358e-01
 79  0.03412  2.23635e-01 | 80  0.03407  2.39331e-01 | 81  0.03343  2.55495e-01
 82  0.03223  2.72131e-01 | 83  0.03041  2.89044e-01 | 84  0.02788  3.05906e-01
 85  0.02457  3.22650e-01 | 86  0.02064  3.39944e-01 | 87  0.01648  3.59444e-01
 88  0.01261  3.83038e-01 | 89  0.00949  4.11775e-01 | 90  0.00735  4.44478e-01
 91  0.00610  4.78064e-01 | 92  0.00543  5.08823e-01 | 93  0.00501  5.37247e-01
 94  0.00469  5.70992e-01 | 95  0.00452  6.08226e-01 | 96  0.00445  6.25248e-01
 97  0.00451  6.51603e-01 | 98  0.00451  6.76146e-01 | 99  0.00494  6.99763e-01
100  0.00731  6.21319e-01 |101  0.01141  4.93481e-01 |102  0.01642  3.71350e-01
103  0.01753  2.65315e-01 |104  0.01824  2.55270e-01 |105  0.01771  3.82436e-01
106  0.01241  5.10774e-01 |107  0.01076  3.12993e-01 |108  0.02610  6.66331e-01
109  0.04711  9.60181e-01 |110  0.02887  3.92138e-01 |111  0.01030 -3.71605e-01
112  0.01260 -4.72551e-01 |113  0.01378 -6.62552e-02 |114  0.02780  3.73722e-01
115  0.00915 -3.73856e-01 |116 -0.06177 -1.33718e+00 |117 -0.06943 -1.61282e+00
118 -0.06889 -6.18098e-01 |119 -0.04216  2.91767e-01 |120  0.06283  1.11151e-01
121  0.01623  4.44573e-02 |122  0.01910 -1.68072e-01 |123 -0.02793 -5.41280e-01
124 -0.06750 -1.65661e-01 |125 -0.00819 -4.19081e-01 |126  0.00294 -2.45217e-01
127 -0.02846 -5.74216e-02 |128  0.02729  1.40061e-01 |129  0.07217  3.87253e-01
130  0.00996  6.85434e-02 |131  0.08115  1.75681e-01 |132  0.00507 -5.09602e-02
133  0.13223  4.80596e-01 |134 -0.00580 -2.60645e-01 |135 -0.04700  1.17322e-01
136 -0.05694 -8.68632e-02 |137 -0.02226  1.03464e-02 |138  0.09366 -1.14732e-01
139  0.03158 -1.15559e-01 |140  0.01659  7.71972e-02 |141 -0.02809  4.65166e-02
142 -0.01740 -1.55946e-01 |143 -0.00612  1.66809e-01 |144 -0.00040  3.53351e-05
145  0.28173  2.29332e+00 |146  0.19193  4.42997e+00 |

 - final statistics:
146 variables; iteration 26; function evaluation 32
Function value 7.3108e+03; maximum gradient component mag 1.4490e+00
Exit code = 1;  converg criter 1.0000e+01
Var    Value     Gradient |Var    Value     Gradient |Var    Value     Gradient
  1 -0.42342 -5.97605e-02 |  2  0.37184 -2.54845e-01 |  3 -0.12527 -2.99393e-01
  4 -0.01484 -4.18169e-01 |  5 -0.70739  4.95905e-01 |  6 -0.60429 -5.27769e-02
  7  0.37573  5.44605e-02 |  8 -0.18496  7.18023e-02 |  9  0.03413 -3.55609e-02
 10 -0.61048 -8.98087e-02 | 11 -0.62348  1.48630e-04 | 12 -0.09643 -7.11070e-02
 13 -0.01015 -3.01582e-02 | 14 -0.01038 -3.11094e-02 | 15 -0.01059 -3.20912e-02
 16 -0.01081 -3.31046e-02 | 17 -0.01102 -3.41510e-02 | 18 -0.01122 -3.52303e-02
 19 -0.01142 -3.63432e-02 | 20 -0.01161 -3.74900e-02 | 21 -0.01179 -3.86709e-02
 22 -0.01195 -3.98863e-02 | 23 -0.01211 -4.11365e-02 | 24 -0.01225 -4.24215e-02
 25 -0.01238 -4.37419e-02 | 26 -0.01249 -4.50977e-02 | 27 -0.01258 -4.64887e-02
 28 -0.01265 -4.79132e-02 | 29 -0.01270 -4.93691e-02 | 30 -0.01272 -5.08535e-02
 31 -0.01272 -5.23646e-02 | 32 -0.01270 -5.39010e-02 | 33 -0.01265 -5.54615e-02
 34 -0.01257 -5.70446e-02 | 35 -0.01246 -5.86481e-02 | 36 -0.01231 -6.02677e-02
 37 -0.01213 -6.18972e-02 | 38 -0.01191 -6.35283e-02 | 39 -0.01166 -6.51510e-02
 40 -0.01136 -6.67491e-02 | 41 -0.01103 -6.83195e-02 | 42 -0.01066 -6.98484e-02
 43 -0.01026 -7.13231e-02 | 44 -0.00982 -7.27303e-02 | 45 -0.00936 -7.40513e-02
 46 -0.00889 -7.52626e-02 | 47 -0.00840 -7.63395e-02 | 48 -0.00792 -7.72518e-02
 49 -0.00745 -7.79695e-02 | 50 -0.00700 -7.84625e-02 | 51 -0.00659 -7.86986e-02
 52 -0.00622 -7.86404e-02 | 53 -0.00590 -7.82524e-02 | 54 -0.00562 -7.74969e-02
 55 -0.00539 -7.63411e-02 | 56 -0.00517 -7.47707e-02 | 57 -0.00495 -7.27833e-02
 58 -0.00472 -7.03732e-02 | 59 -0.00443 -6.75494e-02 | 60 -0.00407 -6.43192e-02
 61 -0.00359 -6.07004e-02 | 62 -0.00298 -5.67032e-02 | 63 -0.00218 -5.23486e-02
 64 -0.00118 -4.76667e-02 | 65  0.00007 -4.26800e-02 | 66  0.00159 -3.74648e-02
 67  0.00341 -3.20640e-02 | 68  0.00554 -2.65523e-02 | 69  0.00799 -2.10303e-02
 70  0.01076 -1.55898e-02 | 71  0.01381 -1.02893e-02 | 72  0.01709 -5.11150e-03
 73  0.02051  3.63260e-05 | 74  0.02391  5.27281e-03 | 75  0.02711  1.06656e-02
 76  0.02989  1.61807e-02 | 77  0.03207  2.16856e-02 | 78  0.03350  2.69994e-02
 79  0.03416  3.19641e-02 | 80  0.03412  3.64934e-02 | 81  0.03348  4.05696e-02
 82  0.03229  4.42027e-02 | 83  0.03047  4.73871e-02 | 84  0.02793  5.00397e-02
 85  0.02462  5.19042e-02 | 86  0.02067  5.25168e-02 | 87  0.01647  5.15813e-02
 88  0.01255  4.96428e-02 | 89  0.00937  4.81520e-02 | 90  0.00718  4.85680e-02
 91  0.00590  5.19505e-02 | 92  0.00524  5.88979e-02 | 93  0.00484  6.86225e-02
 94  0.00453  7.84262e-02 | 95  0.00434  8.83153e-02 | 96  0.00433  1.02487e-01
 97  0.00435  1.08931e-01 | 98  0.00424  1.04836e-01 | 99  0.00444  8.32217e-02
100  0.00704  6.59604e-02 |101  0.01163  5.67900e-02 |102  0.01706  3.92358e-02
103  0.01841 -6.34675e-04 |104  0.01873 -8.56226e-02 |105  0.01704 -2.00815e-01
106  0.01125 -1.99934e-01 |107  0.01194  9.88824e-02 |108  0.02606  1.24661e-01
109  0.04586  2.64048e-01 |110  0.02783  1.84930e-02 |111  0.01180  6.69763e-02
112  0.01338 -7.12002e-02 |113  0.01379  8.61035e-04 |114  0.02620 -1.02793e-01
115  0.00839 -2.06302e-01 |116 -0.05971  1.38241e-01 |117 -0.06647  4.86030e-01
118 -0.06889  5.57289e-02 |119 -0.04243  4.11822e-01 |120  0.06272  2.24843e-01
121  0.01568 -1.77351e-01 |122  0.01806 -5.80102e-01 |123 -0.02698  1.24415e-01
124 -0.06704  3.37872e-02 |125 -0.00766  1.79282e-01 |126  0.00297  5.83114e-02
127 -0.02848  9.12673e-02 |128  0.02758  2.12690e-01 |129  0.07158  1.69908e-01
130  0.01063  2.34609e-01 |131  0.08076 -1.03745e-01 |132  0.00517  4.10011e-02
133  0.13330  1.44898e+00 |134 -0.00493  1.95471e-01 |135 -0.04692  2.77245e-02
136 -0.05682 -5.24963e-02 |137 -0.02235 -8.25303e-02 |138  0.09291 -5.11902e-01
139  0.03188  9.34932e-02 |140  0.01653 -3.85540e-02 |141 -0.02781  1.21826e-01
142 -0.01739 -1.11583e-01 |143 -0.00625  5.72011e-02 |144 -0.00040  2.83263e-04
145  0.28223  1.79482e-01 |146  0.19215  1.28616e-01 |

Initial statistics: 174 variables; iteration 0; function evaluation 0; phase 3
Function value 7.3108363e+03; maximum gradient component mag 4.5150e+00
Var    Value     Gradient |Var    Value     Gradient |Var    Value     Gradient
  1 -0.42342 -5.97605e-02 |  2  0.37184 -2.54845e-01 |  3 -0.12527 -2.99393e-01
  4 -0.01484 -4.18169e-01 |  5 -0.70739  4.95905e-01 |  6 -0.60429 -5.27769e-02
  7  0.37573  5.44605e-02 |  8 -0.18496  7.18023e-02 |  9  0.03413 -3.55609e-02
 10 -0.61048 -8.98087e-02 | 11 -0.62348  1.48630e-04 | 12 -0.09643 -7.11070e-02
 13 -0.01015 -3.01582e-02 | 14 -0.01038 -3.11094e-02 | 15 -0.01059 -3.20912e-02
 16 -0.01081 -3.31046e-02 | 17 -0.01102 -3.41510e-02 | 18 -0.01122 -3.52303e-02
 19 -0.01142 -3.63432e-02 | 20 -0.01161 -3.74900e-02 | 21 -0.01179 -3.86709e-02
 22 -0.01195 -3.98863e-02 | 23 -0.01211 -4.11365e-02 | 24 -0.01225 -4.24215e-02
 25 -0.01238 -4.37419e-02 | 26 -0.01249 -4.50977e-02 | 27 -0.01258 -4.64887e-02
 28 -0.01265 -4.79132e-02 | 29 -0.01270 -4.93691e-02 | 30 -0.01272 -5.08535e-02
 31 -0.01272 -5.23646e-02 | 32 -0.01270 -5.39010e-02 | 33 -0.01265 -5.54615e-02
 34 -0.01257 -5.70446e-02 | 35 -0.01246 -5.86481e-02 | 36 -0.01231 -6.02677e-02
 37 -0.01213 -6.18972e-02 | 38 -0.01191 -6.35283e-02 | 39 -0.01166 -6.51510e-02
 40 -0.01136 -6.67491e-02 | 41 -0.01103 -6.83195e-02 | 42 -0.01066 -6.98484e-02
 43 -0.01026 -7.13231e-02 | 44 -0.00982 -7.27303e-02 | 45 -0.00936 -7.40513e-02
 46 -0.00889 -7.52626e-02 | 47 -0.00840 -7.63395e-02 | 48 -0.00792 -7.72518e-02
 49 -0.00745 -7.79695e-02 | 50 -0.00700 -7.84625e-02 | 51 -0.00659 -7.86986e-02
 52 -0.00622 -7.86404e-02 | 53 -0.00590 -7.82524e-02 | 54 -0.00562 -7.74969e-02
 55 -0.00539 -7.63411e-02 | 56 -0.00517 -7.47707e-02 | 57 -0.00495 -7.27833e-02
 58 -0.00472 -7.03732e-02 | 59 -0.00443 -6.75494e-02 | 60 -0.00407 -6.43192e-02
 61 -0.00359 -6.07004e-02 | 62 -0.00298 -5.67032e-02 | 63 -0.00218 -5.23486e-02
 64 -0.00118 -4.76667e-02 | 65  0.00007 -4.26800e-02 | 66  0.00159 -3.74648e-02
 67  0.00341 -3.20640e-02 | 68  0.00554 -2.65523e-02 | 69  0.00799 -2.10303e-02
 70  0.01076 -1.55898e-02 | 71  0.01381 -1.02893e-02 | 72  0.01709 -5.11150e-03
 73  0.02051  3.63260e-05 | 74  0.02391  5.27281e-03 | 75  0.02711  1.06656e-02
 76  0.02989  1.61807e-02 | 77  0.03207  2.16856e-02 | 78  0.03350  2.69994e-02
 79  0.03416  3.19641e-02 | 80  0.03412  3.64934e-02 | 81  0.03348  4.05696e-02
 82  0.03229  4.42027e-02 | 83  0.03047  4.73871e-02 | 84  0.02793  5.00397e-02
 85  0.02462  5.19042e-02 | 86  0.02067  5.25168e-02 | 87  0.01647  5.15813e-02
 88  0.01255  4.96428e-02 | 89  0.00937  4.81520e-02 | 90  0.00718  4.85680e-02
 91  0.00590  5.19505e-02 | 92  0.00524  5.88979e-02 | 93  0.00484  6.86225e-02
 94  0.00453  7.84262e-02 | 95  0.00434  8.83153e-02 | 96  0.00433  1.02487e-01
 97  0.00435  1.08931e-01 | 98  0.00424  1.04836e-01 | 99  0.00444  8.32217e-02
100  0.00704  6.59604e-02 |101  0.01163  5.67900e-02 |102  0.01706  3.92358e-02
103  0.01841 -6.34675e-04 |104  0.01873 -8.56226e-02 |105  0.01704 -2.00815e-01
106  0.01125 -1.99934e-01 |107  0.01194  9.88824e-02 |108  0.02606  1.24661e-01
109  0.04586  2.64048e-01 |110  0.02783  1.84930e-02 |111  0.01180  6.69763e-02
112  0.01338 -7.12002e-02 |113  0.01379  8.61035e-04 |114  0.02620 -1.02793e-01
115  0.00839 -2.06302e-01 |116 -0.05971  1.38241e-01 |117 -0.06647  4.86030e-01
118 -0.06889  5.57289e-02 |119 -0.04243  4.11822e-01 |120  0.06272  2.24843e-01
121  0.01568 -1.77351e-01 |122  0.01806 -5.80102e-01 |123 -0.02698  1.24415e-01
124 -0.06704  3.37872e-02 |125 -0.00766  1.79282e-01 |126  0.00297  5.83114e-02
127 -0.02848  9.12673e-02 |128  0.02758  2.12690e-01 |129  0.07158  1.69908e-01
130  0.01063  2.34609e-01 |131  0.08076 -1.03745e-01 |132  0.00517  4.10011e-02
133  0.13330  1.44898e+00 |134 -0.00493  1.95471e-01 |135 -0.04692  2.77245e-02
136 -0.05682 -5.24963e-02 |137 -0.02235 -8.25303e-02 |138  0.09291 -5.11902e-01
139  0.03188  9.34932e-02 |140  0.01653 -3.85540e-02 |141 -0.02781  1.21826e-01
142 -0.01739 -1.11583e-01 |143 -0.00625  5.72011e-02 |144 -0.00040  2.83263e-04
145  0.28223  1.79482e-01 |146  0.19215  1.28616e-01 |147  0.04662 -8.55919e-01
148  0.29671  2.09166e+00 |149 -0.47543 -3.46573e-02 |150  0.31377  3.99940e-02
151  0.18255 -9.91435e-01 |152  0.25986  2.48427e+00 |153  0.17459  7.14322e-02
154  0.25418  1.84559e-01 |155  0.10351 -4.07962e-02 |156  0.29677  6.45956e-01
157  0.16893  3.66518e-01 |158  0.24623 -8.95008e-02 |159  0.20265 -4.96180e-02
160  0.31675  2.99496e+00 |161 -0.38040 -2.82407e-01 |162  0.23607  9.00552e-01
163  0.05118  6.32937e-01 |164  0.11969 -9.17577e-01 |165  0.32140 -2.26364e-02
166  0.27252  1.03568e+00 |167  0.01343  1.13737e-02 |168  0.39319 -1.38783e-01
169  0.09932 -3.76066e+00 |170  0.16368  1.36199e+00 |171  0.21870  4.51500e+00
172  0.25726 -2.08100e+00 |173 -0.55411  4.31818e-02 |174  0.17113  5.63119e-02

Intermediate statistics: 174 variables; iteration 20; function evaluation 26; phase 3
Function value 7.3108319e+03; maximum gradient component mag -3.0961e+00
Var    Value     Gradient |Var    Value     Gradient |Var    Value     Gradient
  1 -0.42334  1.10828e+00 |  2  0.37182  2.55043e+00 |  3 -0.12529  1.99269e+00
  4 -0.01472  1.98047e+00 |  5 -0.70793  1.72785e-01 |  6 -0.60424  8.74158e-01
  7  0.37569 -2.12567e+00 |  8 -0.18499 -2.49933e+00 |  9  0.03418 -1.63143e+00
 10 -0.61039  2.21219e-02 | 11 -0.62346  8.80284e-01 | 12 -0.09635 -1.44478e+00
 13 -0.01010 -9.63605e-03 | 14 -0.01032 -9.91962e-03 | 15 -0.01054 -1.02114e-02
 16 -0.01075 -1.05116e-02 | 17 -0.01096 -1.08208e-02 | 18 -0.01116 -1.11390e-02
 19 -0.01136 -1.14664e-02 | 20 -0.01154 -1.18034e-02 | 21 -0.01172 -1.21500e-02
 22 -0.01189 -1.25066e-02 | 23 -0.01204 -1.28735e-02 | 24 -0.01218 -1.32508e-02
 25 -0.01230 -1.36389e-02 | 26 -0.01241 -1.40379e-02 | 27 -0.01250 -1.44481e-02
 28 -0.01257 -1.48695e-02 | 29 -0.01261 -1.53024e-02 | 30 -0.01264 -1.57467e-02
 31 -0.01264 -1.62029e-02 | 32 -0.01261 -1.66710e-02 | 33 -0.01256 -1.71515e-02
 34 -0.01247 -1.76445e-02 | 35 -0.01236 -1.81502e-02 | 36 -0.01221 -1.86683e-02
 37 -0.01203 -1.91984e-02 | 38 -0.01181 -1.97398e-02 | 39 -0.01156 -2.02918e-02
 40 -0.01126 -2.08520e-02 | 41 -0.01092 -2.14221e-02 | 42 -0.01055 -2.20007e-02
 43 -0.01015 -2.25869e-02 | 44 -0.00971 -2.31797e-02 | 45 -0.00925 -2.37773e-02
 46 -0.00878 -2.43765e-02 | 47 -0.00829 -2.49749e-02 | 48 -0.00781 -2.55680e-02
 49 -0.00734 -2.61516e-02 | 50 -0.00689 -2.67206e-02 | 51 -0.00649 -2.72682e-02
 52 -0.00612 -2.77856e-02 | 53 -0.00580 -2.82656e-02 | 54 -0.00553 -2.87021e-02
 55 -0.00529 -2.90909e-02 | 56 -0.00508 -2.94336e-02 | 57 -0.00487 -2.97342e-02
 58 -0.00464 -2.99936e-02 | 59 -0.00436 -3.02181e-02 | 60 -0.00401 -3.04113e-02
 61 -0.00354 -3.05808e-02 | 62 -0.00294 -3.07288e-02 | 63 -0.00215 -3.08619e-02
 64 -0.00116 -3.09895e-02 | 65  0.00008 -3.11121e-02 | 66  0.00159 -3.12642e-02
 67  0.00339 -3.14509e-02 | 68  0.00551 -3.16883e-02 | 69  0.00795 -3.20058e-02
 70  0.01071 -3.24257e-02 | 71  0.01375 -3.29623e-02 | 72  0.01703 -3.35981e-02
 73  0.02043 -3.42841e-02 | 74  0.02383 -3.49449e-02 | 75  0.02702 -3.54964e-02
 76  0.02980 -3.58662e-02 | 77  0.03197 -3.60155e-02 | 78  0.03339 -3.59337e-02
 79  0.03405 -3.56239e-02 | 80  0.03402 -3.50998e-02 | 81  0.03338 -3.43559e-02
 82  0.03219 -3.33708e-02 | 83  0.03039 -3.21038e-02 | 84  0.02785 -3.05345e-02
 85  0.02454 -2.87437e-02 | 86  0.02060 -2.69547e-02 | 87  0.01642 -2.54147e-02
 88  0.01251 -2.41477e-02 | 89  0.00935 -2.29455e-02 | 90  0.00717 -2.15461e-02
 91  0.00589 -1.97128e-02 | 92  0.00521 -1.71851e-02 | 93  0.00480 -1.39850e-02
 94  0.00446 -1.05940e-02 | 95  0.00425 -6.65108e-03 | 96  0.00420 -5.26660e-04
 97  0.00419  4.99212e-03 | 98  0.00408  9.74508e-03 | 99  0.00433  1.21608e-02
100  0.00695  1.75393e-02 |101  0.01152  2.97804e-02 |102  0.01695  4.56015e-02
103  0.01835  5.70190e-02 |104  0.01887  5.44192e-02 |105  0.01750  3.79345e-02
106  0.01173  4.64232e-02 |107  0.01159  1.37348e-01 |108  0.02578  1.56821e-01
109  0.04524  2.26022e-01 |110  0.02801  1.18949e-01 |111  0.01168  1.27649e-01
112  0.01360  6.10542e-02 |113  0.01363  4.48752e-02 |114  0.02620  5.98955e-03
115  0.00883 -3.47598e-02 |116 -0.05985  4.72296e-02 |117 -0.06713  1.28170e-01
118 -0.06858  8.53501e-02 |119 -0.04289  1.64385e-01 |120  0.06251  1.49531e-01
121  0.01566 -1.85893e-04 |122  0.01863 -1.25425e-01 |123 -0.02753 -3.07600e-02
124 -0.06721 -6.26557e-03 |125 -0.00797 -5.30287e-03 |126  0.00292 -3.94746e-02
127 -0.02857 -4.31898e-02 |128  0.02724 -8.66775e-02 |129  0.07150 -1.72388e-01
130  0.01012 -1.05725e-01 |131  0.08080 -2.31842e-01 |132  0.00514 -5.42160e-02
133  0.13227  3.63500e-01 |134 -0.00525 -8.60489e-03 |135 -0.04699 -1.34759e-04
136 -0.05672 -2.20012e-02 |137 -0.02225 -1.18819e-02 |138  0.09372 -8.90371e-02
139  0.03167  1.03416e-02 |140  0.01662 -2.41299e-03 |141 -0.02807  2.49953e-02
142 -0.01712 -3.20661e-02 |143 -0.00637  1.95360e-02 |144 -0.00040 -4.99042e-05
145  0.28201 -3.67576e-01 |146  0.19199 -6.24604e-01 |147  0.04659  8.88053e-01
148  0.29657 -1.42351e+00 |149 -0.47536  1.00897e-03 |150  0.31366  1.13611e-02
151  0.18245  1.06324e+00 |152  0.25965 -2.05283e+00 |153  0.17449  2.03135e-02
154  0.25412  1.92723e-02 |155  0.10312  1.82819e-01 |156  0.29657 -3.86309e-01
157  0.16861 -2.14924e-01 |158  0.24610  4.03041e-01 |159  0.20168 -2.26851e-02
160  0.31604  4.93780e-01 |161 -0.38054 -5.67982e-02 |162  0.23591  2.08962e-01
163  0.05092  3.18934e-01 |164  0.11979  5.72101e-01 |165  0.32128 -9.91849e-02
166  0.27239 -9.33113e-01 |167  0.01343 -4.89474e-02 |168  0.39335 -1.35799e-02
169  0.09921 -3.09612e+00 |170  0.16364 -1.52451e+00 |171  0.21850  1.27594e+00
172  0.25734  1.89303e+00 |173 -0.55421 -1.05502e-01 |174  0.17085  4.55419e-02

 - final statistics:
174 variables; iteration 38; function evaluation 44
Function value 7.3108e+03; maximum gradient component mag 8.3603e-01
Exit code = 1;  converg criter 1.0000e+00
Var    Value     Gradient |Var    Value     Gradient |Var    Value     Gradient
  1 -0.42338  7.04286e-02 |  2  0.37180  4.69026e-01 |  3 -0.12530  3.57956e-01
  4 -0.01470  3.35545e-01 |  5 -0.70785  1.37730e-01 |  6 -0.60427  1.38427e-01
  7  0.37563 -5.11591e-01 |  8 -0.18501 -5.50564e-01 |  9  0.03436  1.03471e-01
 10 -0.61026  1.80040e-01 | 11 -0.62351  1.31987e-01 | 12 -0.09567  8.36031e-01
 13 -0.01011 -5.17036e-03 | 14 -0.01033 -5.33756e-03 | 15 -0.01055 -5.51097e-03
 16 -0.01076 -5.69064e-03 | 17 -0.01097 -5.87685e-03 | 18 -0.01118 -6.06981e-03
 19 -0.01137 -6.26948e-03 | 20 -0.01156 -6.47595e-03 | 21 -0.01174 -6.68947e-03
 22 -0.01190 -6.91001e-03 | 23 -0.01205 -7.13752e-03 | 24 -0.01219 -7.37223e-03
 25 -0.01232 -7.61375e-03 | 26 -0.01243 -7.86159e-03 | 27 -0.01252 -8.11491e-03
 28 -0.01258 -8.37288e-03 | 29 -0.01263 -8.63467e-03 | 30 -0.01265 -8.89982e-03
 31 -0.01265 -9.16764e-03 | 32 -0.01263 -9.43705e-03 | 33 -0.01258 -9.70672e-03
 34 -0.01249 -9.97470e-03 | 35 -0.01238 -1.02383e-02 | 36 -0.01224 -1.04943e-02
 37 -0.01205 -1.07388e-02 | 38 -0.01184 -1.09674e-02 | 39 -0.01158 -1.11754e-02
 40 -0.01128 -1.13565e-02 | 41 -0.01095 -1.15071e-02 | 42 -0.01058 -1.16204e-02
 43 -0.01017 -1.16899e-02 | 44 -0.00973 -1.17084e-02 | 45 -0.00927 -1.16686e-02
 46 -0.00880 -1.15633e-02 | 47 -0.00831 -1.13863e-02 | 48 -0.00783 -1.11319e-02
 49 -0.00736 -1.07955e-02 | 50 -0.00691 -1.03727e-02 | 51 -0.00650 -9.85962e-03
 52 -0.00613 -9.25293e-03 | 53 -0.00581 -8.55218e-03 | 54 -0.00554 -7.75916e-03
 55 -0.00530 -6.87819e-03 | 56 -0.00508 -5.91761e-03 | 57 -0.00487 -4.89020e-03
 58 -0.00464 -3.81325e-03 | 59 -0.00436 -2.71039e-03 | 60 -0.00400 -1.61198e-03
 61 -0.00353 -5.55642e-04 | 62 -0.00292  4.13946e-04 | 63 -0.00214  1.24637e-03
 64 -0.00114  1.88886e-03 | 65  0.00010  2.29160e-03 | 66  0.00160  2.41907e-03
 67  0.00340  2.25404e-03 | 68  0.00552  1.80790e-03 | 69  0.00795  1.11437e-03
 70  0.01070  2.16284e-04 | 71  0.01374 -8.52445e-04 | 72  0.01701 -2.05846e-03
 73  0.02040 -3.33503e-03 | 74  0.02379 -4.54621e-03 | 75  0.02697 -5.51623e-03
 76  0.02974 -6.12239e-03 | 77  0.03189 -6.36818e-03 | 78  0.03331 -6.34060e-03
 79  0.03396 -6.09205e-03 | 80  0.03391 -5.57724e-03 | 81  0.03327 -4.65943e-03
 82  0.03207 -3.19678e-03 | 83  0.03026 -1.09589e-03 | 84  0.02772  1.61957e-03
 85  0.02441  4.77249e-03 | 86  0.02047  8.24530e-03 | 87  0.01630  1.24090e-02
 88  0.01241  1.79345e-02 | 89  0.00927  2.49517e-02 | 90  0.00712  3.29401e-02
 91  0.00587  4.12010e-02 | 92  0.00523  4.90115e-02 | 93  0.00484  5.59916e-02
 94  0.00454  6.23417e-02 | 95  0.00434  6.69019e-02 | 96  0.00427  6.63068e-02
 97  0.00421  6.35427e-02 | 98  0.00390  5.71933e-02 | 99  0.00402  4.64467e-02
100  0.00666  3.25331e-02 |101  0.01144  8.88151e-03 |102  0.01698  1.09293e-02
103  0.01797  4.58489e-03 |104  0.01893  1.29865e-02 |105  0.01791  1.53160e-02
106  0.01193  1.08278e-02 |107  0.01125 -6.02308e-02 |108  0.02551 -6.56132e-02
109  0.04572  1.09941e-01 |110  0.02774  4.15085e-02 |111  0.01160  1.61129e-01
112  0.01417  1.64137e-01 |113  0.01370  3.34842e-02 |114  0.02612 -7.18454e-02
115  0.00920 -1.41299e-02 |116 -0.05989 -4.47129e-02 |117 -0.06689  1.13828e-01
118 -0.06857 -6.45261e-02 |119 -0.04319 -1.71380e-01 |120  0.06250 -2.82378e-01
121  0.01575 -1.40957e-01 |122  0.01895 -4.40916e-02 |123 -0.02728  7.30801e-02
124 -0.06707  3.87529e-02 |125 -0.00787  8.52633e-02 |126  0.00317  1.41470e-01
127 -0.02840  1.04475e-01 |128  0.02742  1.30181e-01 |129  0.07175  1.16856e-01
130  0.01017  2.90690e-02 |131  0.08112  3.32501e-02 |132  0.00529  3.23241e-02
133  0.13205  1.17142e-01 |134 -0.00515  1.86453e-02 |135 -0.04697 -6.48703e-03
136 -0.05667 -1.13640e-02 |137 -0.02233 -4.29274e-02 |138  0.09391 -2.35653e-02
139  0.03165 -3.44105e-03 |140  0.01662 -2.24387e-02 |141 -0.02813 -4.33485e-03
142 -0.01682  5.09746e-02 |143 -0.00641  2.25383e-04 |144 -0.00040 -3.87603e-04
145  0.28109 -1.42863e-01 |146  0.19372  6.80157e-01 |147  0.04648  5.05812e-02
148  0.29659 -2.88221e-01 |149 -0.47577 -4.22403e-02 |150  0.31295 -4.00327e-02
151  0.18241  2.56148e-01 |152  0.25973 -3.25736e-01 |153  0.17446  2.97518e-02
154  0.25413  8.61807e-02 |155  0.10322  1.28075e-01 |156  0.29666 -2.27516e-02
157  0.16847 -7.90806e-02 |158  0.24601  4.31444e-02 |159  0.20123 -1.77082e-01
160  0.31583  4.67541e-02 |161 -0.38019  5.44119e-02 |162  0.23602  4.95943e-02
163  0.05070  2.19870e-02 |164  0.11974  5.80461e-02 |165  0.32120 -4.69756e-02
166  0.27246 -1.47822e-01 |167  0.01326 -3.92336e-01 |168  0.39349  2.38455e-01
169  0.09925 -5.50284e-01 |170  0.16362 -3.08047e-01 |171  0.21852  2.13244e-01
172  0.25731  3.25589e-01 |173 -0.56350  1.49662e-01 |174  0.12485  2.62562e-02

Initial statistics: 196 variables; iteration 0; function evaluation 0; phase 4
Function value 7.3108298e+03; maximum gradient component mag 7.8222e+00
Var    Value     Gradient |Var    Value     Gradient |Var    Value     Gradient
  1 -0.42338  7.04286e-02 |  2  0.37180  4.69026e-01 |  3 -0.12530  3.57956e-01
  4 -0.01470  3.35545e-01 |  5 -0.70785  1.37730e-01 |  6 -0.60427  1.38427e-01
  7  0.37563 -5.11591e-01 |  8 -0.18501 -5.50564e-01 |  9  0.03436  1.03471e-01
 10 -0.61026  1.80040e-01 | 11 -0.62351  1.31987e-01 | 12 -0.09567  8.36031e-01
 13 -0.01011 -5.17036e-03 | 14 -0.01033 -5.33756e-03 | 15 -0.01055 -5.51097e-03
 16 -0.01076 -5.69064e-03 | 17 -0.01097 -5.87685e-03 | 18 -0.01118 -6.06981e-03
 19 -0.01137 -6.26948e-03 | 20 -0.01156 -6.47595e-03 | 21 -0.01174 -6.68947e-03
 22 -0.01190 -6.91001e-03 | 23 -0.01205 -7.13752e-03 | 24 -0.01219 -7.37223e-03
 25 -0.01232 -7.61375e-03 | 26 -0.01243 -7.86159e-03 | 27 -0.01252 -8.11491e-03
 28 -0.01258 -8.37288e-03 | 29 -0.01263 -8.63467e-03 | 30 -0.01265 -8.89982e-03
 31 -0.01265 -9.16764e-03 | 32 -0.01263 -9.43705e-03 | 33 -0.01258 -9.70672e-03
 34 -0.01249 -9.97470e-03 | 35 -0.01238 -1.02383e-02 | 36 -0.01224 -1.04943e-02
 37 -0.01205 -1.07388e-02 | 38 -0.01184 -1.09674e-02 | 39 -0.01158 -1.11754e-02
 40 -0.01128 -1.13565e-02 | 41 -0.01095 -1.15071e-02 | 42 -0.01058 -1.16204e-02
 43 -0.01017 -1.16899e-02 | 44 -0.00973 -1.17084e-02 | 45 -0.00927 -1.16686e-02
 46 -0.00880 -1.15633e-02 | 47 -0.00831 -1.13863e-02 | 48 -0.00783 -1.11319e-02
 49 -0.00736 -1.07955e-02 | 50 -0.00691 -1.03727e-02 | 51 -0.00650 -9.85962e-03
 52 -0.00613 -9.25293e-03 | 53 -0.00581 -8.55218e-03 | 54 -0.00554 -7.75916e-03
 55 -0.00530 -6.87819e-03 | 56 -0.00508 -5.91761e-03 | 57 -0.00487 -4.89020e-03
 58 -0.00464 -3.81325e-03 | 59 -0.00436 -2.71039e-03 | 60 -0.00400 -1.61198e-03
 61 -0.00353 -5.55642e-04 | 62 -0.00292  4.13946e-04 | 63 -0.00214  1.24637e-03
 64 -0.00114  1.88886e-03 | 65  0.00010  2.29160e-03 | 66  0.00160  2.41907e-03
 67  0.00340  2.25404e-03 | 68  0.00552  1.80790e-03 | 69  0.00795  1.11437e-03
 70  0.01070  2.16284e-04 | 71  0.01374 -8.52445e-04 | 72  0.01701 -2.05846e-03
 73  0.02040 -3.33503e-03 | 74  0.02379 -4.54621e-03 | 75  0.02697 -5.51623e-03
 76  0.02974 -6.12239e-03 | 77  0.03189 -6.36818e-03 | 78  0.03331 -6.34060e-03
 79  0.03396 -6.09205e-03 | 80  0.03391 -5.57724e-03 | 81  0.03327 -4.65943e-03
 82  0.03207 -3.19678e-03 | 83  0.03026 -1.09589e-03 | 84  0.02772  1.61957e-03
 85  0.02441  4.77249e-03 | 86  0.02047  8.24530e-03 | 87  0.01630  1.24090e-02
 88  0.01241  1.79345e-02 | 89  0.00927  2.49517e-02 | 90  0.00712  3.29401e-02
 91  0.00587  4.12010e-02 | 92  0.00523  4.90115e-02 | 93  0.00484  5.59916e-02
 94  0.00454  6.23417e-02 | 95  0.00434  6.69019e-02 | 96  0.00427  6.63068e-02
 97  0.00421  6.35427e-02 | 98  0.00390  5.71933e-02 | 99  0.00402  4.64467e-02
100  0.00666  3.25331e-02 |101  0.01144  8.88151e-03 |102  0.01698  1.09293e-02
103  0.01797  4.58489e-03 |104  0.01893  1.29865e-02 |105  0.01791  1.53160e-02
106  0.01193  1.08278e-02 |107  0.01125 -6.02308e-02 |108  0.02551 -6.56132e-02
109  0.04572  1.09941e-01 |110  0.02774  4.15085e-02 |111  0.01160  1.61129e-01
112  0.01417  1.64137e-01 |113  0.01370  3.34842e-02 |114  0.02612 -7.18454e-02
115  0.00920 -1.41299e-02 |116 -0.05989 -4.47129e-02 |117 -0.06689  1.13828e-01
118 -0.06857 -6.45261e-02 |119 -0.04319 -1.71380e-01 |120  0.06250 -2.82378e-01
121  0.01575 -1.40957e-01 |122  0.01895 -4.40916e-02 |123 -0.02728  7.30801e-02
124 -0.06707  3.87529e-02 |125 -0.00787  8.52633e-02 |126  0.00317  1.41470e-01
127 -0.02840  1.04475e-01 |128  0.02742  1.30181e-01 |129  0.07175  1.16856e-01
130  0.01017  2.90690e-02 |131  0.08112  3.32501e-02 |132  0.00529  3.23241e-02
133  0.13205  1.17142e-01 |134 -0.00515  1.86453e-02 |135 -0.04697 -6.48703e-03
136 -0.05667 -1.13640e-02 |137 -0.02233 -4.29274e-02 |138  0.09391 -2.35653e-02
139  0.03165 -3.44105e-03 |140  0.01662 -2.24387e-02 |141 -0.02813 -4.33485e-03
142 -0.01682  5.09746e-02 |143 -0.00641  2.25383e-04 |144 -0.00040 -3.87603e-04
145  0.28109 -1.42863e-01 |146  0.19372  6.80157e-01 |147  0.04648  5.05812e-02
148  0.29659 -2.88221e-01 |149  0.01638  1.65132e-01 |150 -0.11477  2.49419e+00
151 -0.47577 -4.22403e-02 |152  0.31295 -4.00327e-02 |153  0.04878 -2.26872e-01
154 -0.23502 -4.16293e-02 |155  0.18241  2.56148e-01 |156  0.25973 -3.25736e-01
157  0.17446  2.97518e-02 |158  0.25413  8.61807e-02 |159  0.00587  8.90941e-03
160 -0.09827  1.49982e+00 |161  0.10322  1.28075e-01 |162  0.29666 -2.27516e-02
163  0.16847 -7.90806e-02 |164  0.24601  4.31444e-02 |165  0.20123 -1.77082e-01
166  0.31583  4.67541e-02 |167  0.07774 -2.22454e+00 |168 -0.53183 -2.01299e-04
169 -0.38019  5.44119e-02 |170  0.23602  4.95943e-02 |171  0.07820  3.67909e-01
172 -0.12196  3.44132e-02 |173  0.05070  2.19870e-02 |174  0.11974  5.80461e-02
175  0.32120 -4.69756e-02 |176  0.27246 -1.47822e-01 |177  0.00546 -5.60381e-01
178  0.00907  3.13038e-01 |179 -0.15012 -2.20175e-01 |180 -0.12571  2.09092e+00
181  0.01326 -3.92336e-01 |182  0.39349  2.38455e-01 |183  0.01863 -2.83959e-01
184 -0.15435  1.18057e-01 |185  0.09925 -5.50284e-01 |186  0.16362 -3.08047e-01
187  0.21852  2.13244e-01 |188  0.25731  3.25589e-01 |189  0.02453  1.41490e+00
190 -0.00648 -2.54536e-01 |191 -0.17628  3.16709e+00 |192 -0.11429  7.82225e+00
193 -0.56350  1.49662e-01 |194  0.12485  2.62562e-02 |195  0.09511  5.14089e+00
196 -0.25343  3.97659e+00 |

Intermediate statistics: 196 variables; iteration 20; function evaluation 22; phase 4
Function value 7.3107532e+03; maximum gradient component mag 4.9626e+01
Var    Value     Gradient |Var    Value     Gradient |Var    Value     Gradient
  1 -0.42368 -9.94972e+00 |  2  0.37186  5.96971e+00 |  3 -0.12462 -1.93691e+00
  4 -0.01502  8.84886e-01 |  5 -0.70722  3.26797e-01 |  6 -0.60433  4.18676e+00
  7  0.37570 -2.79272e+00 |  8 -0.18416 -1.42613e+00 |  9  0.03367 -2.68740e+00
 10 -0.60930  1.55443e+00 | 11 -0.62322  1.09912e+01 | 12 -0.08723  2.93023e+01
 13 -0.01002  8.44895e-02 | 14 -0.01023  8.69693e-02 | 15 -0.01045  8.95232e-02
 16 -0.01066  9.21533e-02 | 17 -0.01086  9.48608e-02 | 18 -0.01106  9.76494e-02
 19 -0.01126  1.00521e-01 | 20 -0.01144  1.03478e-01 | 21 -0.01161  1.06522e-01
 22 -0.01178  1.09654e-01 | 23 -0.01192  1.12874e-01 | 24 -0.01206  1.16185e-01
 25 -0.01218  1.19589e-01 | 26 -0.01228  1.23087e-01 | 27 -0.01237  1.26683e-01
 28 -0.01243  1.30380e-01 | 29 -0.01248  1.34178e-01 | 30 -0.01250  1.38075e-01
 31 -0.01249  1.42069e-01 | 32 -0.01246  1.46161e-01 | 33 -0.01240  1.50354e-01
 34 -0.01232  1.54649e-01 | 35 -0.01220  1.59050e-01 | 36 -0.01205  1.63557e-01
 37 -0.01186  1.68163e-01 | 38 -0.01164  1.72862e-01 | 39 -0.01138  1.77639e-01
 40 -0.01108  1.82479e-01 | 41 -0.01074  1.87375e-01 | 42 -0.01036  1.92320e-01
 43 -0.00995  1.97309e-01 | 44 -0.00952  2.02340e-01 | 45 -0.00905  2.07407e-01
 46 -0.00857  2.12500e-01 | 47 -0.00809  2.17614e-01 | 48 -0.00761  2.22739e-01
 49 -0.00714  2.27859e-01 | 50 -0.00669  2.32947e-01 | 51 -0.00629  2.37947e-01
 52 -0.00592  2.42780e-01 | 53 -0.00561  2.47388e-01 | 54 -0.00534  2.51748e-01
 55 -0.00511  2.55895e-01 | 56 -0.00491  2.59918e-01 | 57 -0.00471  2.63934e-01
 58 -0.00449  2.68041e-01 | 59 -0.00422  2.72381e-01 | 60 -0.00388  2.77097e-01
 61 -0.00343  2.82377e-01 | 62 -0.00283  2.88395e-01 | 63 -0.00206  2.95369e-01
 64 -0.00109  3.03550e-01 | 65  0.00013  3.13088e-01 | 66  0.00162  3.24412e-01
 67  0.00341  3.37618e-01 | 68  0.00551  3.52781e-01 | 69  0.00794  3.70015e-01
 70  0.01068  3.89307e-01 | 71  0.01370  4.10654e-01 | 72  0.01695  4.33878e-01
 73  0.02034  4.58675e-01 | 74  0.02370  4.84465e-01 | 75  0.02686  5.10293e-01
 76  0.02960  5.34916e-01 | 77  0.03173  5.57215e-01 | 78  0.03310  5.76235e-01
 79  0.03372  5.91235e-01 | 80  0.03363  6.01987e-01 | 81  0.03295  6.08187e-01
 82  0.03171  6.09466e-01 | 83  0.02986  6.05129e-01 | 84  0.02729  5.94529e-01
 85  0.02395  5.77828e-01 | 86  0.02000  5.56210e-01 | 87  0.01581  5.31404e-01
 88  0.01191  5.04886e-01 | 89  0.00876  4.78715e-01 | 90  0.00659  4.55043e-01
 91  0.00534  4.36855e-01 | 92  0.00469  4.29079e-01 | 93  0.00428  4.41265e-01
 94  0.00389  4.89548e-01 | 95  0.00350  5.97394e-01 | 96  0.00312  7.85539e-01
 97  0.00264  1.03734e+00 | 98  0.00193  1.30393e+00 | 99  0.00185  1.50683e+00
100  0.00475  1.61027e+00 |101  0.01015  1.59788e+00 |102  0.01621  1.45672e+00
103  0.01764  1.39107e+00 |104  0.01904  1.13672e+00 |105  0.01852  8.09286e-01
106  0.01281  6.65672e-01 |107  0.01308  5.77436e-01 |108  0.02768  3.74750e-01
109  0.04611  5.23490e-02 |110  0.02865 -1.03882e-01 |111  0.01105 -4.80605e-01
112  0.01384 -7.16442e-01 |113  0.01448 -6.80387e-01 |114  0.02763 -7.72353e-01
115  0.00966 -1.00996e+00 |116 -0.05915 -7.14746e-01 |117 -0.06744 -1.06734e+00
118 -0.06802 -6.98631e-01 |119 -0.04222 -5.31090e-01 |120  0.06362 -1.42771e+00
121  0.01663 -9.95835e-01 |122  0.01969 -1.01231e+00 |123 -0.02726 -8.79001e-01
124 -0.06683 -4.98655e-01 |125 -0.00735 -7.19023e-01 |126  0.00345 -7.25093e-01
127 -0.02833 -5.22589e-01 |128  0.02734 -7.03223e-01 |129  0.07193 -7.98224e-01
130  0.00991 -4.16002e-01 |131  0.08108 -6.09868e-01 |132  0.00504 -2.89817e-01
133  0.13172 -4.73452e-01 |134 -0.00566 -2.67746e-01 |135 -0.04708 -9.60061e-03
136 -0.05677 -2.85912e-02 |137 -0.02200  7.61779e-02 |138  0.09406 -6.05778e-02
139  0.03159 -6.75300e-02 |140  0.01675  1.94714e-02 |141 -0.02810  3.69105e-02
142 -0.01738 -1.36782e-01 |143 -0.00647  2.01449e-02 |144 -0.00040 -1.46247e-04
145  0.26923  1.42935e+00 |146  0.21856  1.69070e+01 |147  0.04540 -4.72442e-01
148  0.29666  2.19385e+00 |149  0.01774  1.88343e+00 |150 -0.11572  3.62975e+00
151 -0.47617  3.76457e-03 |152  0.31367  2.56055e-02 |153  0.04912  6.73277e-02
154 -0.23536  1.06758e-01 |155  0.17997  3.39999e-01 |156  0.25909 -2.30504e+00
157  0.17343  1.18052e+00 |158  0.25352 -2.22539e+00 |159  0.00693  3.25680e-01
160 -0.09956 -7.65101e-02 |161  0.09967  3.86589e-01 |162  0.29564 -2.16202e+00
163  0.16688  7.18426e-01 |164  0.24538 -1.86417e+00 |165  0.19899 -6.78313e-01
166  0.31549  4.38962e-01 |167  0.07792 -3.48120e+00 |168 -0.53183 -2.36808e-04
169 -0.38039  4.53481e-01 |170  0.23590 -8.67386e-01 |171  0.07872  5.67647e-02
172 -0.12249  2.06211e+00 |173  0.04712  1.55071e-01 |174  0.11918  2.28650e+00
175  0.32027 -2.56786e-01 |176  0.27205 -3.32133e+00 |177  0.00912  2.73850e-01
178  0.00997  1.24279e+00 |179 -0.15142  5.02963e-01 |180 -0.12665  9.36006e-01
181  0.01323  1.36920e-01 |182  0.39344 -1.70019e-01 |183  0.01879 -1.83616e-01
184 -0.15552 -5.74109e-01 |185  0.09901 -6.75341e-01 |186  0.16300  3.05910e+00
187  0.21833 -2.58593e+00 |188  0.25732  2.41577e+00 |189  0.02453 -4.23554e+00
190 -0.00503  3.53140e+00 |191 -0.17706 -5.67814e-02 |192 -0.11524  4.83140e+00
193 -0.55991  3.86409e+00 |194  0.12469  2.70979e-01 |195  0.09003  4.96258e+01
196 -0.28391  1.14719e+01 |
196 variables; iteration 40; function evaluation 43; phase 4
Function value 7.3106586e+03; maximum gradient component mag 7.8552e+01
Var    Value     Gradient |Var    Value     Gradient |Var    Value     Gradient
  1 -0.42319 -1.17085e+01 |  2  0.37124  2.76393e+00 |  3 -0.12543 -4.71376e+00
  4 -0.01366  6.59589e+00 |  5 -0.70798  7.74889e-01 |  6 -0.60418  3.33302e+00
  7  0.37651 -1.46233e+00 |  8 -0.18387  1.37100e-03 |  9  0.03201 -5.98199e+00
 10 -0.60912  6.00478e-01 | 11 -0.62318  7.85904e+00 | 12 -0.10266  4.42017e+01
 13 -0.00974  1.50886e-01 | 14 -0.00995  1.55609e-01 | 15 -0.01015  1.60480e-01
 16 -0.01036  1.65502e-01 | 17 -0.01055  1.70676e-01 | 18 -0.01074  1.76006e-01
 19 -0.01093  1.81493e-01 | 20 -0.01110  1.87137e-01 | 21 -0.01126  1.92939e-01
 22 -0.01142  1.98897e-01 | 23 -0.01156  2.05009e-01 | 24 -0.01168  2.11276e-01
 25 -0.01179  2.17696e-01 | 26 -0.01189  2.24269e-01 | 27 -0.01196  2.30993e-01
 28 -0.01202  2.37860e-01 | 29 -0.01205  2.44856e-01 | 30 -0.01206  2.51964e-01
 31 -0.01204  2.59175e-01 | 32 -0.01200  2.66479e-01 | 33 -0.01194  2.73874e-01
 34 -0.01185  2.81355e-01 | 35 -0.01172  2.88911e-01 | 36 -0.01157  2.96524e-01
 37 -0.01137  3.04161e-01 | 38 -0.01115  3.11780e-01 | 39 -0.01088  3.19328e-01
 40 -0.01058  3.26743e-01 | 41 -0.01024  3.34000e-01 | 42 -0.00987  3.41061e-01
 43 -0.00946  3.47903e-01 | 44 -0.00903  3.54506e-01 | 45 -0.00857  3.60843e-01
 46 -0.00811  3.66891e-01 | 47 -0.00763  3.72643e-01 | 48 -0.00716  3.78100e-01
 49 -0.00671  3.83274e-01 | 50 -0.00628  3.88175e-01 | 51 -0.00590  3.92780e-01
 52 -0.00556  3.97034e-01 | 53 -0.00527  4.00930e-01 | 54 -0.00503  4.04536e-01
 55 -0.00483  4.08037e-01 | 56 -0.00466  4.11756e-01 | 57 -0.00449  4.16091e-01
 58 -0.00430  4.21456e-01 | 59 -0.00406  4.28391e-01 | 60 -0.00374  4.37491e-01
 61 -0.00330  4.49486e-01 | 62 -0.00271  4.65132e-01 | 63 -0.00194  4.85317e-01
 64 -0.00094  5.11031e-01 | 65  0.00031  5.43101e-01 | 66  0.00185  5.82890e-01
 67  0.00371  6.31089e-01 | 68  0.00591  6.88240e-01 | 69  0.00846  7.54787e-01
 70  0.01135  8.30605e-01 | 71  0.01455  9.15093e-01 | 72  0.01800  1.00661e+00
 73  0.02159  1.10245e+00 | 74  0.02517  1.19857e+00 | 75  0.02854  1.28971e+00
 76  0.03145  1.37012e+00 | 77  0.03368  1.43496e+00 | 78  0.03512  1.48098e+00
 79  0.03571  1.50676e+00 | 80  0.03555  1.51257e+00 | 81  0.03474  1.49891e+00
 82  0.03334  1.46615e+00 | 83  0.03129  1.41440e+00 | 84  0.02852  1.34441e+00
 85  0.02500  1.25839e+00 | 86  0.02090  1.15998e+00 | 87  0.01661  1.05377e+00
 88  0.01268  9.44949e-01 | 89  0.00963  8.43083e-01 | 90  0.00780  7.64293e-01
 91  0.00732  7.31992e-01 | 92  0.00808  7.68338e-01 | 93  0.00980  8.74223e-01
 94  0.01192  1.00515e+00 | 95  0.01338  1.08145e+00 | 96  0.01267  1.06018e+00
 97  0.00881  1.00371e+00 | 98  0.00294  1.04617e+00 | 99 -0.00185  1.22520e+00
100 -0.00095  1.34973e+00 |101  0.00444  1.30726e+00 |102  0.01261  9.62462e-01
103  0.01248  5.81067e-01 |104  0.01456  1.88047e-01 |105  0.01742 -3.09533e-01
106  0.01126 -6.24871e-01 |107  0.01296 -6.12002e-01 |108  0.03025 -8.31362e-01
109  0.04770 -1.32262e+00 |110  0.02606 -1.31117e+00 |111  0.00696 -1.12251e+00
112  0.01074 -1.06125e+00 |113  0.01198 -7.84301e-01 |114  0.02488 -5.96331e-01
115  0.00666 -6.90819e-01 |116 -0.06108 -3.45052e-01 |117 -0.07077 -1.24590e+00
118 -0.07062 -6.64795e-01 |119 -0.04440 -6.90814e-01 |120  0.05896 -2.67934e+00
121  0.01295 -2.01060e+00 |122  0.01561 -2.01249e+00 |123 -0.03110 -1.55840e+00
124 -0.06969 -7.00598e-01 |125 -0.01038 -5.09450e-01 |126  0.00012 -4.54104e-01
127 -0.03102 -3.55383e-01 |128  0.02446 -2.74973e-01 |129  0.06880 -4.81932e-01
130  0.00807 -2.37929e-01 |131  0.07860 -6.16440e-01 |132  0.00341 -3.30975e-01
133  0.12976 -6.45945e-01 |134 -0.00751 -4.84327e-01 |135 -0.04810 -2.07638e-01
136 -0.05738  2.24912e-02 |137 -0.02198  2.24569e-01 |138  0.09329 -8.49799e-02
139  0.03095 -1.67697e-01 |140  0.01655  8.93997e-02 |141 -0.02805  1.03252e-01
142 -0.01779 -7.85124e-02 |143 -0.00648 -9.86927e-02 |144 -0.00037  5.01698e-03
145  0.29183  2.20039e+00 |146  0.31946  2.86760e+01 |147  0.04470 -4.18391e+00
148  0.29583  2.55831e-02 |149  0.01807  2.14845e-01 |150 -0.11549  2.72922e+00
151 -0.47602  9.03052e-02 |152  0.31325  1.04261e-02 |153  0.04941  3.88491e-01
154 -0.23475  1.59472e-01 |155  0.18031  4.44641e-01 |156  0.25854 -4.80519e+00
157  0.17337 -2.92248e+00 |158  0.25374  3.53431e+00 |159  0.00745 -3.92222e-01
160 -0.10023 -5.36362e+00 |161  0.09928 -7.65091e-02 |162  0.29494 -3.02958e+00
163  0.16751  4.52763e-01 |164  0.24546 -1.49998e+00 |165  0.20569 -4.32180e-01
166  0.31724  1.54958e+00 |167  0.07714 -3.18662e+00 |168 -0.53183 -4.01989e-04
169 -0.38465  4.36668e-01 |170  0.23460 -2.12610e-01 |171  0.08024  2.54506e+00
172 -0.12174  2.01899e+00 |173  0.05261 -1.64652e-01 |174  0.11922 -3.24481e-01
175  0.32157  5.41651e-01 |176  0.27236  2.84335e-01 |177  0.00466 -4.25775e-01
178  0.01035  1.40773e+00 |179 -0.15066 -2.82575e+00 |180 -0.12631  1.94011e+00
181  0.01420  1.05387e-01 |182  0.39322 -6.71570e-01 |183  0.01829 -1.11450e+00
184 -0.15632 -2.29867e+00 |185  0.09970  1.78380e+00 |186  0.16237  8.62008e-01
187  0.21859 -3.96756e+00 |188  0.25678 -9.60999e-01 |189  0.02419 -6.33854e+00
190 -0.00403  5.48516e+00 |191 -0.17684 -1.85139e+00 |192 -0.11508  7.17857e+00
193 -0.62921  6.67389e+00 |194  0.10367  9.15408e-01 |195  0.07209  7.85518e+01
196 -0.31562  1.76859e+01 |
196 variables; iteration 60; function evaluation 64; phase 4
Function value 7.3105129e+03; maximum gradient component mag 7.5903e+01
Var    Value     Gradient |Var    Value     Gradient |Var    Value     Gradient
  1 -0.42299 -3.40104e+00 |  2  0.37134  2.03559e+00 |  3 -0.12550 -9.04256e-01
  4 -0.01394  7.19569e+00 |  5 -0.70745  1.63348e+00 |  6 -0.60410  1.38537e+00
  7  0.37580  5.80370e-01 |  8 -0.18455  3.09806e+00 |  9  0.03354 -7.53535e-01
 10 -0.61120  2.95922e-01 | 11 -0.62307  7.18632e+00 | 12 -0.11323  3.34477e+01
 13 -0.01017 -1.06088e-01 | 14 -0.01039 -1.09260e-01 | 15 -0.01061 -1.12480e-01
 16 -0.01083 -1.15740e-01 | 17 -0.01104 -1.19043e-01 | 18 -0.01125 -1.22369e-01
 19 -0.01145 -1.25702e-01 | 20 -0.01164 -1.29030e-01 | 21 -0.01183 -1.32336e-01
 22 -0.01200 -1.35603e-01 | 23 -0.01216 -1.38809e-01 | 24 -0.01230 -1.41930e-01
 25 -0.01243 -1.44932e-01 | 26 -0.01255 -1.47775e-01 | 27 -0.01264 -1.50405e-01
 28 -0.01272 -1.52767e-01 | 29 -0.01277 -1.54801e-01 | 30 -0.01280 -1.56443e-01
 31 -0.01281 -1.57629e-01 | 32 -0.01279 -1.58277e-01 | 33 -0.01274 -1.58288e-01
 34 -0.01267 -1.57544e-01 | 35 -0.01256 -1.55904e-01 | 36 -0.01242 -1.53204e-01
 37 -0.01225 -1.49260e-01 | 38 -0.01203 -1.43870e-01 | 39 -0.01177 -1.36811e-01
 40 -0.01147 -1.27794e-01 | 41 -0.01114 -1.16609e-01 | 42 -0.01076 -1.02912e-01
 43 -0.01034 -8.63388e-02 | 44 -0.00989 -6.64846e-02 | 45 -0.00940 -4.28947e-02
 46 -0.00889 -1.50776e-02 | 47 -0.00837  1.74759e-02 | 48 -0.00783  5.53016e-02
 49 -0.00730  9.89174e-02 | 50 -0.00678  1.48782e-01 | 51 -0.00627  2.05247e-01
 52 -0.00580  2.68532e-01 | 53 -0.00536  3.38758e-01 | 54 -0.00494  4.16069e-01
 55 -0.00455  5.00682e-01 | 56 -0.00416  5.92839e-01 | 57 -0.00375  6.92696e-01
 58 -0.00330  8.00161e-01 | 59 -0.00277  9.14987e-01 | 60 -0.00215  1.03662e+00
 61 -0.00139  1.16432e+00 | 62 -0.00047  1.29683e+00 | 63  0.00064  1.43260e+00
 64  0.00198  1.56966e+00 | 65  0.00357  1.70493e+00 | 66  0.00542  1.83626e+00
 67  0.00757  1.95917e+00 | 68  0.01000  2.06855e+00 | 69  0.01270  2.15922e+00
 70  0.01566  2.22536e+00 | 71  0.01882  2.26195e+00 | 72  0.02209  2.26517e+00
 73  0.02539  2.23423e+00 | 74  0.02857  2.17156e+00 | 75  0.03146  2.08171e+00
 76  0.03388  1.96941e+00 | 77  0.03566  1.83870e+00 | 78  0.03667  1.69112e+00
 79  0.03688  1.52606e+00 | 80  0.03636  1.34405e+00 | 81  0.03518  1.14576e+00
 82  0.03340  9.33087e-01 | 83  0.03095  7.07248e-01 | 84  0.02772  4.69303e-01
 85  0.02369  2.23248e-01 | 86  0.01904 -2.14254e-02 | 87  0.01424 -2.48251e-01
 88  0.00990 -4.34801e-01 | 89  0.00659 -5.54310e-01 | 90  0.00469 -5.82439e-01
 91  0.00432 -4.96841e-01 | 92  0.00552 -2.63745e-01 | 93  0.00860  1.89145e-01
 94  0.01423  9.58642e-01 | 95  0.02251  1.97595e+00 | 96  0.02992  2.67662e+00
 97  0.02889  2.41928e+00 | 98  0.01760  1.70635e+00 | 99  0.00005  6.50769e-01
100 -0.00724  2.40005e-01 |101 -0.00645 -4.51301e-01 |102  0.00860 -7.59649e-01
103  0.00853 -3.39392e-01 |104  0.00729 -6.74097e-01 |105  0.01646 -8.30769e-01
106  0.01127 -3.48875e-01 |107  0.01082 -3.29776e-01 |108  0.03164 -6.72657e-01
109  0.04766 -2.64508e+00 |110  0.03187 -1.22545e+00 |111  0.00276 -6.98245e-01
112  0.00823  1.79287e-01 |113  0.01225  6.89438e-01 |114  0.02364 -8.65138e-02
115  0.00278 -1.71948e+00 |116 -0.06417 -1.33924e+00 |117 -0.07243 -1.39240e+00
118 -0.07196 -2.86062e-01 |119 -0.04510  4.09645e-01 |120  0.05711  7.79169e-02
121  0.01256  5.37634e-01 |122  0.01453  2.26521e-02 |123 -0.03453 -1.56194e+00
124 -0.07158 -5.00128e-01 |125 -0.01210  1.21453e-01 |126 -0.00225 -2.90489e-01
127 -0.03250 -3.36962e-01 |128  0.02132 -9.90146e-01 |129  0.06674 -7.01346e-01
130  0.00642 -8.57203e-01 |131  0.07497 -1.77482e+00 |132  0.00255 -3.91742e-01
133  0.12824 -6.57591e-01 |134 -0.01025 -1.66120e+00 |135 -0.04702  3.61057e-01
136 -0.05611  5.08480e-01 |137 -0.02130  5.80567e-01 |138  0.09450  7.02540e-01
139  0.03215  4.24714e-01 |140  0.01687  1.84879e-01 |141 -0.02798  1.19152e-01
142 -0.01759 -3.63080e-02 |143 -0.00672 -1.30445e-01 |144 -0.00041  7.77479e-03
145  0.30688  1.47964e+00 |146  0.42948  2.48416e+01 |147  0.04490 -3.19682e+00
148  0.29598  3.41942e+00 |149  0.01963  4.01285e+00 |150 -0.11568  1.29627e+00
151 -0.47436  1.11923e+00 |152  0.31298 -3.87654e-01 |153  0.05004  2.81846e+00
154 -0.23187  1.49677e+00 |155  0.17947 -2.78212e+00 |156  0.25791 -3.20403e+00
157  0.17296 -8.71546e+00 |158  0.25369  7.13785e+00 |159  0.00497 -4.89612e+00
160 -0.09873 -3.14271e+00 |161  0.10140 -1.15540e+00 |162  0.29575  6.14048e-01
163  0.16691 -2.47244e+00 |164  0.24505  1.22019e+00 |165  0.19942 -2.02571e+00
166  0.31633  3.11628e+00 |167  0.07823 -2.11507e+00 |168 -0.53184  9.30910e-05
169 -0.38057 -1.97241e+00 |170  0.23710  5.52598e+00 |171  0.07842 -5.89392e-01
172 -0.12086  4.70846e+00 |173  0.05538 -9.59029e-01 |174  0.11941 -2.15019e+00
175  0.32138 -1.15454e+00 |176  0.27238  1.48969e+00 |177  0.00063 -2.13538e+00
178  0.01004  8.65299e-02 |179 -0.14936 -3.87263e+00 |180 -0.12611 -2.32761e-02
181  0.01583  2.84670e+00 |182  0.39332 -1.58958e+00 |183  0.01848  1.58022e+00
184 -0.15634 -1.73885e+00 |185  0.09888 -4.92795e+00 |186  0.16267 -7.23474e-01
187  0.21782 -5.07301e+00 |188  0.25678  5.61156e-01 |189  0.02481 -4.32334e+00
190 -0.00416  5.09719e+00 |191 -0.17669 -1.97281e+00 |192 -0.11485  2.40208e+00
193 -0.76253  6.02395e+00 |194  0.02886  4.65722e-01 |195  0.05379  7.59027e+01
196 -0.35094  1.67793e+01 |
196 variables; iteration 80; function evaluation 86; phase 4
Function value 7.3102492e+03; maximum gradient component mag 5.8085e+01
Var    Value     Gradient |Var    Value     Gradient |Var    Value     Gradient
  1 -0.42343 -7.29536e+00 |  2  0.37227 -2.33065e+00 |  3 -0.12476 -1.94690e+00
  4 -0.01613 -7.03109e+00 |  5 -0.70889  2.70078e-01 |  6 -0.60389 -3.61973e-01
  7  0.37459  2.52345e+00 |  8 -0.18577 -5.50603e+00 |  9  0.03636  2.64919e+00
 10 -0.61447 -1.29538e+00 | 11 -0.62323 -5.45692e+00 | 12 -0.10611  4.30563e+01
 13 -0.01051 -1.63961e-01 | 14 -0.01075 -1.69000e-01 | 15 -0.01098 -1.74203e-01
 16 -0.01120 -1.79574e-01 | 17 -0.01143 -1.85103e-01 | 18 -0.01164 -1.90803e-01
 19 -0.01185 -1.96678e-01 | 20 -0.01206 -2.02721e-01 | 21 -0.01225 -2.08927e-01
 22 -0.01243 -2.15282e-01 | 23 -0.01260 -2.21768e-01 | 24 -0.01276 -2.28368e-01
 25 -0.01290 -2.35067e-01 | 26 -0.01303 -2.41856e-01 | 27 -0.01314 -2.48735e-01
 28 -0.01322 -2.55702e-01 | 29 -0.01329 -2.62729e-01 | 30 -0.01334 -2.69764e-01
 31 -0.01336 -2.76732e-01 | 32 -0.01335 -2.83572e-01 | 33 -0.01332 -2.90229e-01
 34 -0.01327 -2.96653e-01 | 35 -0.01318 -3.02797e-01 | 36 -0.01305 -3.08605e-01
 37 -0.01290 -3.13999e-01 | 38 -0.01270 -3.18851e-01 | 39 -0.01247 -3.22998e-01
 40 -0.01220 -3.26273e-01 | 41 -0.01189 -3.28371e-01 | 42 -0.01154 -3.29068e-01
 43 -0.01115 -3.28102e-01 | 44 -0.01073 -3.25174e-01 | 45 -0.01029 -3.19946e-01
 46 -0.00982 -3.12020e-01 | 47 -0.00934 -3.00932e-01 | 48 -0.00886 -2.86174e-01
 49 -0.00838 -2.67182e-01 | 50 -0.00792 -2.43338e-01 | 51 -0.00748 -2.13974e-01
 52 -0.00707 -1.78394e-01 | 53 -0.00669 -1.35910e-01 | 54 -0.00634 -8.59320e-02
 55 -0.00601 -2.80072e-02 | 56 -0.00567  3.82271e-02 | 57 -0.00532  1.13110e-01
 58 -0.00492  1.96931e-01 | 59 -0.00445  2.89983e-01 | 60 -0.00387  3.92426e-01
 61 -0.00316  5.04341e-01 | 62 -0.00227  6.25496e-01 | 63 -0.00117  7.55412e-01
 64  0.00016  8.93222e-01 | 65  0.00177  1.03707e+00 | 66  0.00367  1.18523e+00
 67  0.00588  1.33373e+00 | 68  0.00840  1.47742e+00 | 69  0.01121  1.61031e+00
 70  0.01430  1.72579e+00 | 71  0.01760  1.81844e+00 | 72  0.02105  1.88539e+00
 73  0.02454  1.92682e+00 | 74  0.02793  1.94358e+00 | 75  0.03103  1.93393e+00
 76  0.03360  1.89348e+00 | 77  0.03540  1.81922e+00 | 78  0.03632  1.71225e+00
 79  0.03635  1.57628e+00 | 80  0.03557  1.41538e+00 | 81  0.03409  1.23343e+00
 82  0.03198  1.03495e+00 | 83  0.02921  8.25684e-01 | 84  0.02571  6.13541e-01
 85  0.02151  4.09088e-01 | 86  0.01679  2.24488e-01 | 87  0.01200  7.45979e-02
 88  0.00773 -1.65719e-02 | 89  0.00456 -1.16917e-02 | 90  0.00294  1.34761e-01
 91  0.00305  4.64379e-01 | 92  0.00487  9.99545e-01 | 93  0.00837  1.73439e+00
 94  0.01375  2.61970e+00 | 95  0.02108  3.47072e+00 | 96  0.02893  3.89032e+00
 97  0.03198  3.57481e+00 | 98  0.02123  2.45673e+00 | 99 -0.00041  1.07062e+00
100 -0.01222  4.31076e-01 |101 -0.01045  2.60476e-01 |102  0.01093  8.83737e-01
103  0.00706  1.21077e+00 |104  0.00593  1.02477e+00 |105  0.02068  1.05403e+00
106  0.01122  5.71162e-01 |107  0.00554 -5.46365e-01 |108  0.02810 -6.41596e-01
109  0.05033 -2.63684e+00 |110  0.03939 -3.86508e-01 |111  0.00390 -1.46613e-01
112  0.00996  2.64474e-01 |113  0.01296 -5.28201e-01 |114  0.02218 -2.54497e+00
115  0.00550 -2.99442e+00 |116 -0.06439 -2.37253e+00 |117 -0.06748 -3.83580e-01
118 -0.07054 -8.70652e-01 |119 -0.04396 -6.66968e-01 |120  0.05931 -1.49719e+00
121  0.01455 -2.20450e-01 |122  0.01620 -8.78915e-01 |123 -0.03078 -1.11143e+00
124 -0.06897 -2.60626e-01 |125 -0.00922  4.77043e-01 |126  0.00132  3.10312e-01
127 -0.02962  2.87141e-02 |128  0.02520 -8.65252e-01 |129  0.06790 -1.29466e+00
130  0.01064 -6.05615e-01 |131  0.07646 -1.78965e+00 |132  0.00602  4.53810e-01
133  0.13226  1.43790e+00 |134 -0.00623 -6.61017e-01 |135 -0.04478  7.97205e-01
136 -0.05319  9.98125e-01 |137 -0.01970  7.87284e-01 |138  0.09749  1.55235e+00
139  0.03451  1.05213e+00 |140  0.01844  4.73686e-01 |141 -0.02766  3.87568e-02
142 -0.01642  1.00794e-01 |143 -0.00614  1.07635e-01 |144 -0.00039  5.85813e-03
145  0.29712  3.80236e+00 |146  0.45481  2.08748e+01 |147  0.04630  5.09357e+00
148  0.29634 -2.01159e+00 |149  0.01924  7.19403e+00 |150 -0.11550  2.67481e+00
151 -0.47308  1.31438e+00 |152  0.31416 -3.53738e-01 |153  0.04990  3.12934e+00
154 -0.23242  1.17099e+00 |155  0.18005 -1.93852e+00 |156  0.25809 -4.14354e+00
157  0.17323 -2.98377e+00 |158  0.25314 -1.65834e+00 |159  0.00364 -4.04614e+00
160 -0.09650  7.21579e+00 |161  0.10220 -6.23512e-01 |162  0.29592 -2.45461e-01
163  0.16706 -1.62510e+00 |164  0.24495 -4.25495e-01 |165  0.20761  8.09540e-01
166  0.31757 -1.50997e-01 |167  0.07721  5.13738e+00 |168 -0.53184  2.94929e-04
169 -0.38623 -3.18688e+00 |170  0.23520  5.96468e+00 |171  0.07845 -4.05007e+00
172 -0.12047  6.31163e+00 |173  0.05665  1.51440e+00 |174  0.11937 -5.29164e-01
175  0.32214 -1.86338e+00 |176  0.27206 -1.75958e+00 |177 -0.00027  5.98546e-02
178  0.00972  2.84044e-01 |179 -0.14824  3.78331e+00 |180 -0.12582  1.10970e+00
181  0.01379  2.00044e+00 |182  0.39396 -2.54151e-01 |183  0.01926  3.09144e+00
184 -0.15280  3.35735e+00 |185  0.09858 -1.81745e+00 |186  0.16364  4.10543e+00
187  0.21785 -2.66026e+00 |188  0.25708 -5.90296e+00 |189  0.02515  8.68715e+00
190 -0.00599  1.49868e+00 |191 -0.17633  5.83273e+00 |192 -0.11439  3.78885e+00
193 -0.74494  6.32163e+00 |194  0.02844  2.13073e-01 |195  0.03952  5.80852e+01
196 -0.36281  1.55158e+01 |
196 variables; iteration 100; function evaluation 110; phase 4
Function value 7.3100164e+03; maximum gradient component mag 3.8455e+01
Var    Value     Gradient |Var    Value     Gradient |Var    Value     Gradient
  1 -0.42364 -9.50473e+00 |  2  0.37222 -1.36703e+00 |  3 -0.12472 -3.85858e+00
  4 -0.01586 -6.20456e+00 |  5 -0.70551  2.26532e+00 |  6 -0.60425  2.64296e+00
  7  0.37477  2.44234e+00 |  8 -0.18546 -8.21158e+00 |  9  0.03598  1.41684e+00
 10 -0.61191 -8.90360e-02 | 11 -0.62347 -5.48969e+00 | 12 -0.09650  3.84550e+01
 13 -0.01129 -3.47386e-01 | 14 -0.01154 -3.57860e-01 | 15 -0.01180 -3.68675e-01
 16 -0.01205 -3.79742e-01 | 17 -0.01229 -3.90917e-01 | 18 -0.01253 -4.02086e-01
 19 -0.01276 -4.13096e-01 | 20 -0.01298 -4.23757e-01 | 21 -0.01319 -4.33858e-01
 22 -0.01339 -4.43161e-01 | 23 -0.01357 -4.51407e-01 | 24 -0.01373 -4.58335e-01
 25 -0.01387 -4.63688e-01 | 26 -0.01399 -4.67244e-01 | 27 -0.01408 -4.68817e-01
 28 -0.01414 -4.68246e-01 | 29 -0.01417 -4.65335e-01 | 30 -0.01418 -4.59850e-01
 31 -0.01414 -4.51516e-01 | 32 -0.01408 -4.40144e-01 | 33 -0.01397 -4.25635e-01
 34 -0.01383 -4.08023e-01 | 35 -0.01364 -3.87497e-01 | 36 -0.01342 -3.64408e-01
 37 -0.01315 -3.39237e-01 | 38 -0.01284 -3.12532e-01 | 39 -0.01250 -2.84913e-01
 40 -0.01211 -2.57216e-01 | 41 -0.01169 -2.29744e-01 | 42 -0.01124 -2.03212e-01
 43 -0.01077 -1.78093e-01 | 44 -0.01027 -1.54568e-01 | 45 -0.00976 -1.32471e-01
 46 -0.00925 -1.11213e-01 | 47 -0.00872 -8.98162e-02 | 48 -0.00821 -6.72010e-02
 49 -0.00770 -4.23349e-02 | 50 -0.00721 -1.44545e-02 | 51 -0.00676  1.68125e-02
 52 -0.00634  5.14461e-02 | 53 -0.00596  8.92354e-02 | 54 -0.00563  1.29732e-01
 55 -0.00534  1.72363e-01 | 56 -0.00507  2.16698e-01 | 57 -0.00480  2.62598e-01
 58 -0.00452  3.10139e-01 | 59 -0.00419  3.59764e-01 | 60 -0.00378  4.11624e-01
 61 -0.00327  4.65021e-01 | 62 -0.00263  5.16723e-01 | 63 -0.00185  5.59554e-01
 64 -0.00096  5.81789e-01 | 65  0.00003  5.71201e-01 | 66  0.00117  5.31681e-01
 67  0.00265  5.09404e-01 | 68  0.00495  6.16287e-01 | 69  0.00867  9.82391e-01
 70  0.01376  1.58428e+00 | 71  0.01884  2.09358e+00 | 72  0.02226  2.15934e+00
 73  0.02466  1.97737e+00 | 74  0.02813  2.02941e+00 | 75  0.03198  2.19492e+00
 76  0.03350  1.97622e+00 | 77  0.03304  1.49912e+00 | 78  0.03276  1.20565e+00
 79  0.03310  1.17474e+00 | 80  0.03369  1.31944e+00 | 81  0.03417  1.55783e+00
 82  0.03385  1.75237e+00 | 83  0.03154  1.68693e+00 | 84  0.02697  1.30735e+00
 85  0.02207  1.00124e+00 | 86  0.01811  1.01584e+00 | 87  0.01239  6.90836e-01
 88  0.00531 -3.48393e-02 | 89  0.00099 -2.98505e-01 | 90 -0.00005  1.09300e-02
 91  0.00095  6.00800e-01 | 92  0.00314  1.29212e+00 | 93  0.00537  1.81023e+00
 94  0.00693  1.90851e+00 | 95  0.01606  3.40532e+00 | 96  0.02969  5.07275e+00
 97  0.03306  3.79304e+00 | 98  0.02659  2.33384e+00 | 99  0.01135  2.91520e+00
100 -0.01679 -6.28172e-01 |101 -0.01763 -6.83930e-01 |102  0.01301  6.32467e-01
103  0.00349  2.20949e-01 |104  0.00460  1.41245e+00 |105  0.02247  7.26816e-01
106  0.01537  5.01861e-01 |107  0.00247 -1.53283e+00 |108  0.01685 -1.91609e+00
109  0.05991 -1.25459e+00 |110  0.04350 -1.04093e+00 |111  0.00717  2.47731e-01
112  0.00270 -1.80171e+00 |113  0.01643 -4.98751e-02 |114  0.02822 -1.58412e+00
115  0.00289 -4.34222e+00 |116 -0.05976 -1.87838e+00 |117 -0.06894 -2.15696e+00
118 -0.06902 -1.39006e+00 |119 -0.04317 -1.05281e+00 |120  0.06270 -1.76710e+00
121  0.01464 -9.39593e-01 |122  0.02061  2.04140e-01 |123 -0.03075 -1.63658e+00
124 -0.06713  2.33943e-01 |125 -0.00500  1.90582e+00 |126  0.00315  6.22729e-01
127 -0.02879 -9.16192e-06 |128  0.02614 -6.80340e-01 |129  0.07147 -3.92779e-01
130  0.01061 -4.59022e-01 |131  0.07953 -1.61463e+00 |132  0.00428 -7.93573e-01
133  0.13280  6.46744e-01 |134 -0.00685 -1.06929e+00 |135 -0.04780 -4.04400e-01
136 -0.05525  2.69449e-01 |137 -0.02060  3.26133e-01 |138  0.09636  4.30013e-01
139  0.03216  1.76162e-01 |140  0.01955  8.86116e-01 |141 -0.02438  1.14980e+00
142 -0.00706  2.79717e+00 |143 -0.00766 -3.32252e-01 |144 -0.00021  3.38074e-02
145  0.28313  4.75668e+00 |146  0.48754  1.30548e+01 |147  0.04617  4.96405e+00
148  0.29654 -2.23920e+00 |149  0.01841  5.79827e+00 |150 -0.11548  3.83482e+00
151 -0.48353  8.88820e-01 |152  0.30418 -1.00146e+00 |153  0.05222  2.39518e+00
154 -0.23180  1.92397e+00 |155  0.18063  2.67613e-02 |156  0.25880 -4.16191e+00
157  0.17260 -1.72060e+00 |158  0.25280 -3.08364e+00 |159  0.00450 -3.20907e+00
160 -0.09718  6.38051e+00 |161  0.09790 -2.27770e-01 |162  0.29421 -5.13431e+00
163  0.16998  2.70096e+00 |164  0.24681 -1.95602e+00 |165  0.19904 -6.85119e-01
166  0.31552 -7.90506e-01 |167  0.07822  2.92176e+00 |168 -0.53155  5.42908e-04
169 -0.40428 -3.27818e+00 |170  0.22852  3.07549e+00 |171  0.08288 -2.76545e+00
172 -0.12095  6.27940e+00 |173  0.06042  3.33373e+00 |174  0.12018  2.50812e+00
175  0.32304 -2.58753e+00 |176  0.27250 -2.49618e+00 |177 -0.00331  4.56369e-01
178  0.00919  1.33360e+00 |179 -0.14994  2.92863e+00 |180 -0.12611  1.67578e+00
181  0.01265  1.69323e+00 |182  0.39339 -2.08753e-01 |183  0.02013  2.99218e+00
184 -0.15394  2.36557e+00 |185  0.09867  9.80002e-01 |186  0.16321  3.41374e+00
187  0.21798 -4.13242e+00 |188  0.25701 -5.38142e+00 |189  0.02484  6.48534e+00
190 -0.00574  1.56821e+00 |191 -0.17652  6.47979e+00 |192 -0.11468  5.16442e+00
193 -0.76332  4.68500e+00 |194 -0.00492  2.45226e-02 |195  0.02533  3.83912e+01
196 -0.38822  9.67978e+00 |
196 variables; iteration 120; function evaluation 142; phase 4
Function value 7.3095475e+03; maximum gradient component mag 1.9010e+01
Var    Value     Gradient |Var    Value     Gradient |Var    Value     Gradient
  1 -0.42359 -8.45884e+00 |  2  0.37174 -2.53476e+00 |  3 -0.12484 -4.41818e+00
  4 -0.01486 -4.16525e+00 |  5 -0.70530  2.08332e+00 |  6 -0.60452  1.83269e+00
  7  0.37536 -4.21815e-01 |  8 -0.18466 -5.99398e+00 |  9  0.03449 -1.17065e+00
 10 -0.60924  7.03388e-01 | 11 -0.62358 -3.14008e+00 | 12 -0.08507  1.90095e+01
 13 -0.01079 -1.11914e-01 | 14 -0.01095 -9.36683e-02 | 15 -0.01110 -7.58271e-02
 16 -0.01126 -5.88195e-02 | 17 -0.01141 -4.29898e-02 | 18 -0.01157 -2.87249e-02
 19 -0.01172 -1.62987e-02 | 20 -0.01188 -5.88658e-03 | 21 -0.01203  2.41861e-03
 22 -0.01218  8.60357e-03 | 23 -0.01232  1.27284e-02 | 24 -0.01246  1.49200e-02
 25 -0.01258  1.53614e-02 | 26 -0.01270  1.42936e-02 | 27 -0.01280  1.19971e-02
 28 -0.01289  8.73545e-03 | 29 -0.01295  4.65612e-03 | 30 -0.01300 -2.65345e-04
 31 -0.01302 -6.23255e-03 | 32 -0.01303 -1.35391e-02 | 33 -0.01301 -2.25682e-02
 34 -0.01297 -3.37434e-02 | 35 -0.01291 -4.74801e-02 | 36 -0.01283 -6.41135e-02
 37 -0.01272 -8.38014e-02 | 38 -0.01259 -1.06372e-01 | 39 -0.01242 -1.31085e-01
 40 -0.01222 -1.56350e-01 | 41 -0.01197 -1.79571e-01 | 42 -0.01166 -1.96950e-01
 43 -0.01128 -2.03948e-01 | 44 -0.01082 -1.96049e-01 | 45 -0.01026 -1.70053e-01
 46 -0.00961 -1.25442e-01 | 47 -0.00890 -6.52182e-02 | 48 -0.00815  3.84032e-03
 49 -0.00741  7.24329e-02 | 50 -0.00674  1.30809e-01 | 51 -0.00618  1.71027e-01
 52 -0.00574  1.88460e-01 | 53 -0.00545  1.82328e-01 | 54 -0.00530  1.53141e-01
 55 -0.00528  1.00191e-01 | 56 -0.00539  2.09665e-02 | 57 -0.00564 -8.88046e-02
 58 -0.00601 -2.35517e-01 | 59 -0.00652 -4.25323e-01 | 60 -0.00715 -6.62684e-01
 61 -0.00785 -9.41934e-01 | 62 -0.00849 -1.23320e+00 | 63 -0.00871 -1.45592e+00
 64 -0.00787 -1.45796e+00 | 65 -0.00515 -1.04432e+00 | 66 -0.00021 -1.50581e-01
 67  0.00555  8.52541e-01 | 68  0.00872  1.13778e+00 | 69  0.00817  4.65796e-01
 70  0.00954  1.95630e-01 | 71  0.01634  1.09391e+00 | 72  0.02184  1.61455e+00
 73  0.02401  1.38037e+00 | 74  0.02685  1.30078e+00 | 75  0.02986  1.30330e+00
 76  0.02737  3.20392e-01 | 77  0.03433  1.29890e+00 | 78  0.03423  1.06142e+00
 79  0.03035  2.58197e-01 | 80  0.03528  1.24878e+00 | 81  0.03284  9.67877e-01
 82  0.02797  3.16601e-01 | 83  0.02981  1.09094e+00 | 84  0.02635  9.76834e-01
 85  0.02104  6.30339e-01 | 86  0.01703  6.79103e-01 | 87  0.00824 -3.02095e-01
 88  0.00410 -3.16860e-01 | 89  0.00686  1.17793e+00 | 90  0.00291  8.36886e-01
 91 -0.00168  8.34775e-02 | 92 -0.00250  6.98000e-02 | 93  0.00162  1.14817e+00
 94  0.01293  3.85721e+00 | 95 -0.00065  7.09672e-02 | 96  0.00582  9.39898e-01
 97  0.01589  1.60431e+00 | 98  0.03751  2.97575e+00 | 99  0.04093  6.03687e+00
100 -0.01144 -2.56930e+00 |101 -0.03143 -1.74916e+00 |102  0.00921 -8.55497e-01
103  0.02370  1.36009e+00 |104 -0.01439 -2.37677e+00 |105  0.01440 -6.33929e-01
106  0.01876  3.31681e-01 |107  0.01002 -9.39555e-01 |108  0.01603 -9.52463e-01
109  0.03874 -1.42721e+00 |110  0.06308 -3.02754e+00 |111 -0.00317 -2.96632e+00
112  0.01491  1.27315e+00 |113  0.01609 -3.91076e-01 |114  0.02264 -3.52492e+00
115  0.00815 -3.29959e+00 |116 -0.05702 -5.79505e-01 |117 -0.06605 -9.07848e-01
118 -0.06936 -1.81470e+00 |119 -0.04447 -2.04918e+00 |120  0.06428 -1.74692e+00
121  0.01942  8.72028e-03 |122  0.01869 -1.85564e+00 |123 -0.03064 -2.71662e+00
124 -0.06079  2.19656e+00 |125 -0.00564  7.41728e-01 |126  0.00546  1.99984e-01
127 -0.02472  1.34449e-01 |128  0.01744 -4.16032e+00 |129  0.07754  1.44253e+00
130  0.01263  1.50192e+00 |131  0.08317  6.32561e-02 |132 -0.00273 -3.66486e+00
133  0.13450  1.01990e+00 |134 -0.01362 -4.20890e+00 |135 -0.04289  1.59100e+00
136 -0.05267  1.30245e+00 |137 -0.02293 -2.09870e-01 |138  0.09762  1.29483e+00
139  0.03004 -4.80203e-01 |140  0.01281 -1.53056e+00 |141 -0.03155 -1.10200e+00
142 -0.00835  2.53324e+00 |143 -0.00512  2.75256e-01 |144 -0.00065 -6.91830e-02
145  0.26669  2.26687e+00 |146  0.61703  1.36219e+00 |147  0.04579  2.66170e+00
148  0.29654 -2.09790e+00 |149  0.01753  2.66754e+00 |150 -0.11564  2.94388e+00
151 -0.49477 -7.97888e-01 |152  0.30291  1.21490e-01 |153  0.05556  7.57665e-01
154 -0.23782 -3.98583e-01 |155  0.18123  1.38918e+00 |156  0.25957 -2.37996e+00
157  0.17432  6.26106e-01 |158  0.25396 -2.21102e+00 |159  0.00475 -1.50709e+00
160 -0.09855  2.85533e+00 |161  0.10154  1.94587e+00 |162  0.29614 -4.23759e+00
163  0.16960  3.23049e+00 |164  0.24685 -2.13954e+00 |165  0.20539  4.17072e-02
166  0.31653 -8.69796e-01 |167  0.07703  1.49618e+00 |168 -0.52989  7.76018e-05
169 -0.38888 -4.79802e-01 |170  0.23317 -2.42494e-02 |171  0.08026 -6.73282e-01
172 -0.12206  3.74328e+00 |173  0.05837  2.34844e+00 |174  0.12098  3.56250e+00
175  0.32237 -2.28789e+00 |176  0.27301 -1.26217e+00 |177 -0.00227 -6.97851e-01
178  0.00838  1.10496e+00 |179 -0.15113  2.56142e+00 |180 -0.12639  1.66863e+00
181  0.01593  1.76975e+00 |182  0.39415 -3.48354e-01 |183  0.01668  8.77911e-01
184 -0.15381  1.64077e+00 |185  0.09898  4.38276e+00 |186  0.16302  3.46873e+00
187  0.21828 -3.80901e+00 |188  0.25711 -3.86384e+00 |189  0.02451  4.38841e+00
190 -0.00560  1.52271e+00 |191 -0.17690  4.54381e+00 |192 -0.11501  5.49224e+00
193 -0.82110  9.39471e-01 |194 -0.10487 -5.22177e-04 |195 -0.02012  8.00240e+00
196 -0.47103  2.00131e+00 |
196 variables; iteration 140; function evaluation 172; phase 4
Function value 7.3090078e+03; maximum gradient component mag 5.0435e+00
Var    Value     Gradient |Var    Value     Gradient |Var    Value     Gradient
  1 -0.42342 -2.34390e+00 |  2  0.37164 -1.44699e+00 |  3 -0.12518 -9.67798e-01
  4 -0.01461 -1.35682e+00 |  5 -0.70976  2.37847e-01 |  6 -0.60405  1.96766e-01
  7  0.37452  7.15909e-01 |  8 -0.18519 -9.82271e-01 |  9  0.03576 -7.04294e-02
 10 -0.61401  5.46067e-02 | 11 -0.62317 -6.01597e-01 | 12 -0.10067  5.04346e+00
 13 -0.00997  1.50526e-02 | 14 -0.01016  2.17574e-02 | 15 -0.01036  2.64567e-02
 16 -0.01056  2.82188e-02 | 17 -0.01078  2.59360e-02 | 18 -0.01101  1.90965e-02
 19 -0.01124  7.40741e-03 | 20 -0.01149 -9.13566e-03 | 21 -0.01174 -3.00980e-02
 22 -0.01200 -5.46685e-02 | 23 -0.01225 -8.16780e-02 | 24 -0.01249 -1.09655e-01
 25 -0.01271 -1.36844e-01 | 26 -0.01290 -1.61216e-01 | 27 -0.01306 -1.80540e-01
 28 -0.01317 -1.92712e-01 | 29 -0.01323 -1.96286e-01 | 30 -0.01323 -1.90707e-01
 31 -0.01318 -1.76451e-01 | 32 -0.01307 -1.54317e-01 | 33 -0.01291 -1.25693e-01
 34 -0.01270 -9.25012e-02 | 35 -0.01246 -5.71931e-02 | 36 -0.01219 -2.27577e-02
 37 -0.01189  7.47501e-03 | 38 -0.01159  3.00940e-02 | 39 -0.01129  4.26687e-02
 40 -0.01098  4.54626e-02 | 41 -0.01067  3.88723e-02 | 42 -0.01035  2.76372e-02
 43 -0.00999  1.63597e-02 | 44 -0.00959  7.19629e-03 | 45 -0.00917 -1.77362e-03
 46 -0.00875 -1.56752e-02 | 47 -0.00836 -3.90123e-02 | 48 -0.00801 -7.11301e-02
 49 -0.00768 -1.04897e-01 | 50 -0.00733 -1.29256e-01 | 51 -0.00695 -1.34073e-01
 52 -0.00651 -1.13988e-01 | 53 -0.00603 -6.93707e-02 | 54 -0.00551 -3.65616e-03
 55 -0.00495  7.98863e-02 | 56 -0.00435  1.79464e-01 | 57 -0.00369  2.94254e-01
 58 -0.00296  4.22410e-01 | 59 -0.00214  5.56002e-01 | 60 -0.00131  6.73343e-01
 61 -0.00061  7.28107e-01 | 62 -0.00030  6.45656e-01 | 63 -0.00063  3.55714e-01
 64 -0.00148 -1.09622e-01 | 65 -0.00187 -5.16565e-01 | 66 -0.00054 -5.61574e-01
 67  0.00211 -3.58495e-01 | 68  0.00402 -4.08922e-01 | 69  0.00632 -4.39634e-01
 70  0.01128  6.06151e-02 | 71  0.01204 -4.50259e-01 | 72  0.01689 -1.04934e-01
 73  0.02111  6.32163e-02 | 74  0.02412 -1.43615e-02 | 75  0.02846  2.10046e-01
 76  0.02941 -1.31527e-01 | 77  0.03482  4.79772e-01 | 78  0.03261 -1.64659e-01
 79  0.03605  3.63681e-01 | 80  0.03291 -1.62150e-01 | 81  0.03564  4.88828e-01
 82  0.03126 -4.58386e-02 | 83  0.03272  6.22540e-01 | 84  0.02704  8.90821e-02
 85  0.02403  2.11361e-01 | 86  0.01991  2.38338e-01 | 87  0.01729  6.44542e-01
 88  0.00986 -7.93794e-02 | 89  0.00739  1.26920e-01 | 90  0.00440 -2.42908e-02
 91  0.00235 -1.99869e-01 | 92  0.00257 -2.45453e-02 | 93  0.00296  3.47240e-02
 94  0.00567  4.83018e-01 | 95  0.00793  5.94516e-01 | 96  0.01023  4.34494e-01
 97  0.01266 -4.81553e-01 | 98  0.03471 -1.30631e+00 | 99  0.02150 -4.85461e-01
100  0.01061 -6.14930e-02 |101 -0.02468  1.79393e+00 |102  0.00905 -2.44381e-01
103  0.02810  1.00554e+00 |104 -0.00641  7.32813e-01 |105  0.01207  8.28794e-02
106  0.01504  4.52932e-01 |107  0.01371  4.52257e-02 |108  0.01633 -2.42394e-02
109  0.02726 -5.60068e-01 |110  0.06627 -1.56755e+00 |111  0.00231 -1.13697e+00
112  0.00559 -2.01166e-01 |113  0.01084 -5.07119e-01 |114  0.02597 -3.02179e-01
115  0.00716 -5.25485e-01 |116 -0.06054 -1.11885e-02 |117 -0.06861 -2.76591e-01
118 -0.06909 -3.02566e-02 |119 -0.04413 -3.48014e-01 |120  0.06104 -1.13545e-01
121  0.01372 -2.49541e-01 |122  0.01779 -1.32770e-01 |123 -0.02843 -8.16319e-02
124 -0.06751  2.28807e-02 |125 -0.00920 -1.14391e-01 |126  0.00128 -1.66101e-01
127 -0.02919  3.47224e-03 |128  0.02689 -4.27181e-02 |129  0.06913 -7.84900e-02
130  0.01090  3.13648e-02 |131  0.07864 -3.33730e-02 |132  0.00412 -1.51212e-02
133  0.13040 -4.98302e-02 |134 -0.00477  1.45949e-01 |135 -0.04705 -4.21811e-02
136 -0.05536  3.95677e-01 |137 -0.02199  2.05213e-01 |138  0.09305  2.68840e-02
139  0.03044 -4.15387e-01 |140  0.01634 -6.97649e-02 |141 -0.02766  1.05165e-01
142 -0.01698 -3.07423e-02 |143 -0.00525  2.07497e-01 |144 -0.00028  2.69221e-02
145  0.28835  4.46356e-01 |146  0.72773  8.50098e-01 |147  0.04658  3.31054e-01
148  0.29658 -3.63191e-01 |149  0.01679  2.42097e-01 |150 -0.11514  4.76387e-01
151 -0.47741 -1.05327e-01 |152  0.31238  1.02544e-02 |153  0.04943 -1.10348e-01
154 -0.23513 -4.71628e-02 |155  0.18272  3.29216e-01 |156  0.25981 -2.37786e-01
157  0.17454  4.59265e-01 |158  0.25406 -3.95735e-01 |159  0.00627  3.80458e-01
160 -0.09861  5.98590e-01 |161  0.10298  1.59959e-01 |162  0.29648 -5.19186e-01
163  0.16882  3.27101e-01 |164  0.24613 -2.78957e-01 |165  0.20701  2.00497e-01
166  0.31704 -2.64731e-01 |167  0.07697  7.94416e-01 |168 -0.52849  5.34196e-05
169 -0.38250  5.39087e-02 |170  0.23504 -4.74122e-01 |171  0.07855  6.05095e-02
172 -0.12195  6.07264e-02 |173  0.05078  4.74284e-01 |174  0.12020  3.91011e-01
175  0.32060 -2.04163e-01 |176  0.27257 -3.17117e-01 |177  0.00511  3.02895e-01
178  0.00901  2.22550e-01 |179 -0.15007  6.15187e-01 |180 -0.12598  5.39601e-01
181  0.01224 -4.12495e-01 |182  0.39304 -9.14504e-02 |183  0.01978  1.09482e-01
184 -0.15492 -1.68445e-01 |185  0.09949  1.06989e+00 |186  0.16358  2.92407e-01
187  0.21862 -2.49534e-01 |188  0.25724 -2.82832e-01 |189  0.02442  1.26230e+00
190 -0.00607 -1.30955e-01 |191 -0.17648  1.08172e+00 |192 -0.11457  1.12571e+00
193 -0.81001  4.66856e-01 |194 -0.13350 -6.68646e-04 |195 -0.05221  3.31145e+00
196 -0.52870  8.10246e-01 |
196 variables; iteration 160; function evaluation 206; phase 4
Function value 7.3089659e+03; maximum gradient component mag 1.1817e+00
Var    Value     Gradient |Var    Value     Gradient |Var    Value     Gradient
  1 -0.42332 -3.38226e-01 |  2  0.37164  1.85511e-01 |  3 -0.12534  1.25500e-02
  4 -0.01458 -1.11224e-02 |  5 -0.71077 -6.52574e-02 |  6 -0.60389  7.41347e-02
  7  0.37451  4.12453e-02 |  8 -0.18533 -3.78924e-02 |  9  0.03575 -1.30132e-01
 10 -0.61429  9.36396e-03 | 11 -0.62312 -1.67874e-02 | 12 -0.10574  8.13253e-01
 13 -0.00986  1.52715e-02 | 14 -0.01007  1.66548e-02 | 15 -0.01028  1.74902e-02
 16 -0.01049  1.72097e-02 | 17 -0.01070  1.54120e-02 | 18 -0.01091  1.22187e-02
 19 -0.01112  8.37232e-03 | 20 -0.01131  5.12856e-03 | 21 -0.01149  3.87585e-03
 22 -0.01164  5.55307e-03 | 23 -0.01177  1.00943e-02 | 24 -0.01188  1.61919e-02
 25 -0.01198  2.16085e-02 | 26 -0.01207  2.41019e-02 | 27 -0.01216  2.26624e-02
 28 -0.01224  1.83468e-02 | 29 -0.01230  1.38827e-02 | 30 -0.01232  1.20790e-02
 31 -0.01231  1.40940e-02 | 32 -0.01226  1.88516e-02 | 33 -0.01218  2.35072e-02
 34 -0.01209  2.50998e-02 | 35 -0.01198  2.25099e-02 | 36 -0.01185  1.74648e-02
 37 -0.01168  1.35423e-02 | 38 -0.01146  1.35101e-02 | 39 -0.01118  1.70168e-02
 40 -0.01086  2.11303e-02 | 41 -0.01052  2.31153e-02 | 42 -0.01014  2.28313e-02
 43 -0.00974  2.14576e-02 | 44 -0.00931  1.92823e-02 | 45 -0.00886  1.64321e-02
 46 -0.00839  1.47228e-02 | 47 -0.00789  1.62891e-02 | 48 -0.00739  2.04774e-02
 49 -0.00690  2.41640e-02 | 50 -0.00645  2.51396e-02 | 51 -0.00604  2.37118e-02
 52 -0.00568  2.13605e-02 | 53 -0.00537  1.90922e-02 | 54 -0.00510  1.70672e-02
 55 -0.00487  1.50269e-02 | 56 -0.00466  1.26681e-02 | 57 -0.00446  9.73012e-03
 58 -0.00424  5.92741e-03 | 59 -0.00397  9.03204e-04 | 60 -0.00362 -5.55312e-03
 61 -0.00317 -1.27753e-02 | 62 -0.00257 -1.92148e-02 | 63 -0.00180 -2.68099e-02
 64 -0.00083 -4.11994e-02 | 65  0.00041 -4.62477e-02 | 66  0.00200 -3.64843e-02
 67  0.00379 -5.02695e-02 | 68  0.00593 -5.52202e-02 | 69  0.00839 -6.41835e-02
 70  0.01123 -5.93601e-02 | 71  0.01439 -4.84680e-02 | 72  0.01773 -4.90447e-02
 73  0.02112 -6.82711e-02 | 74  0.02477 -3.17393e-02 | 75  0.02806 -2.87913e-02
 76  0.03082 -4.37136e-02 | 77  0.03312 -2.69216e-02 | 78  0.03449 -3.83274e-02
 79  0.03522 -1.91863e-02 | 80  0.03520 -1.03218e-03 | 81  0.03436 -1.38251e-02
 82  0.03304 -2.62229e-03 | 83  0.03101  4.19661e-04 | 84  0.02817 -1.88151e-03
 85  0.02477  4.23609e-02 | 86  0.02027 -7.86688e-03 | 87  0.01603  4.73301e-02
 88  0.01168  1.30102e-02 | 89  0.00840  4.39215e-02 | 90  0.00595  2.79368e-02
 91  0.00457  2.10992e-02 | 92  0.00398  7.38514e-03 | 93  0.00405 -2.96981e-03
 94  0.00474 -2.50774e-02 | 95  0.00621 -7.87665e-02 | 96  0.00893 -9.38972e-02
 97  0.01447 -7.35500e-02 | 98  0.03749 -5.03028e-02 | 99  0.02452  2.38730e-02
100  0.01431  7.10249e-02 |101 -0.02835  7.80999e-02 |102  0.01058  6.39026e-02
103  0.02633  7.39598e-02 |104 -0.00687  9.99328e-03 |105  0.01238  2.03732e-02
106  0.01368  7.78196e-02 |107  0.01374  8.16913e-02 |108  0.01581  8.05514e-02
109  0.02625  9.77792e-02 |110  0.06651 -2.79515e-02 |111  0.00425 -4.33124e-02
112  0.00344 -4.38039e-02 |113  0.01058 -1.71709e-02 |114  0.02480  3.84311e-02
115  0.00718  7.36082e-02 |116 -0.06161  4.54383e-02 |117 -0.06893  1.28783e-03
118 -0.07004 -1.56576e-02 |119 -0.04409 -3.36507e-02 |120  0.05967 -3.07035e-02
121  0.01315 -5.66555e-02 |122  0.01681 -3.81942e-02 |123 -0.02914  1.09162e-02
124 -0.06833 -1.92396e-02 |125 -0.00997 -5.87635e-02 |126  0.00055 -2.89384e-02
127 -0.03000 -1.24642e-02 |128  0.02620  8.14064e-03 |129  0.06840  2.07424e-02
130  0.01044  2.70880e-02 |131  0.07797  4.33556e-02 |132  0.00370 -3.57294e-03
133  0.12992 -4.04166e-02 |134 -0.00522  4.80299e-02 |135 -0.04710 -7.07781e-03
136 -0.05659 -9.66339e-03 |137 -0.02274 -1.43896e-02 |138  0.09245 -1.61824e-02
139  0.03146 -2.23714e-02 |140  0.01643 -5.02179e-03 |141 -0.02790 -1.46131e-02
142 -0.01697 -1.64638e-02 |143 -0.00597  9.72416e-03 |144 -0.00040 -5.64843e-04
145  0.29555  6.36205e-02 |146  0.77360  6.81036e-01 |147  0.04689 -2.42691e-02
148  0.29658 -1.00294e-01 |149  0.01659 -1.63886e-01 |150 -0.11492  2.97619e-02
151 -0.47575 -5.88516e-02 |152  0.31335  2.50946e-02 |153  0.04887 -1.45934e-01
154 -0.23480 -5.20425e-02 |155  0.18327  1.12155e-01 |156  0.25985  2.94969e-02
157  0.17495  2.66493e-01 |158  0.25418 -7.59541e-02 |159  0.00606  2.47096e-01
160 -0.09849 -3.55408e-03 |161  0.10393  4.72611e-02 |162  0.29669 -5.07134e-02
163  0.16914  7.06212e-02 |164  0.24616 -6.50720e-02 |165  0.20785  5.70812e-02
166  0.31725 -8.42100e-02 |167  0.07689 -2.48485e-02 |168 -0.52799 -8.28708e-06
169 -0.37816  1.30009e-01 |170  0.23650 -2.90388e-01 |171  0.07748  1.32505e-01
172 -0.12178 -1.91108e-01 |173  0.05044  1.44547e-02 |174  0.12041  6.63428e-02
175  0.32044  2.15075e-02 |176  0.27262 -1.82275e-02 |177  0.00513  4.06328e-02
178  0.00891  3.36407e-02 |179 -0.14956  3.12555e-02 |180 -0.12582  5.77171e-02
181  0.01383 -7.94964e-02 |182  0.39369  2.79429e-02 |183  0.01857 -1.33141e-01
184 -0.15441 -1.04039e-01 |185  0.09965  6.35846e-02 |186  0.16376 -4.90272e-02
187  0.21868  1.49484e-01 |188  0.25724  5.70561e-02 |189  0.02437 -1.13652e-01
190 -0.00616 -1.28939e-01 |191 -0.17631  3.28196e-02 |192 -0.11440  5.81528e-02
193 -0.80433  6.32259e-02 |194 -0.14278 -7.16667e-04 |195 -0.06488  1.18168e+00
196 -0.55515  5.24974e-01 |
196 variables; iteration 180; function evaluation 240; phase 4
Function value 7.3089626e+03; maximum gradient component mag 3.1831e+00
Var    Value     Gradient |Var    Value     Gradient |Var    Value     Gradient
  1 -0.42333 -3.18196e-01 |  2  0.37162 -4.71944e-01 |  3 -0.12531 -2.61139e-01
  4 -0.01457 -4.88838e-01 |  5 -0.71058  7.32543e-02 |  6 -0.60393  7.82213e-03
  7  0.37443  2.28623e-01 |  8 -0.18532 -2.31863e-01 |  9  0.03586 -1.81047e-01
 10 -0.61441  3.09709e-02 | 11 -0.62312 -6.08653e-02 | 12 -0.10511  3.18313e+00
 13 -0.00984  1.82643e-02 | 14 -0.01001  3.02327e-02 | 15 -0.01017  4.50088e-02
 16 -0.01034  5.60094e-02 | 17 -0.01054  5.51670e-02 | 18 -0.01080  3.92722e-02
 19 -0.01107  1.61508e-02 | 20 -0.01131  2.29661e-03 | 21 -0.01145  9.76899e-03
 22 -0.01153  3.24708e-02 | 23 -0.01162  4.78223e-02 | 24 -0.01179  3.77514e-02
 25 -0.01201  9.57483e-03 | 26 -0.01218 -9.71620e-03 | 27 -0.01224 -3.76277e-03
 28 -0.01223  1.56765e-02 | 29 -0.01223  2.82859e-02 | 30 -0.01224  3.07042e-02
 31 -0.01224  2.90121e-02 | 32 -0.01224  2.07249e-02 | 33 -0.01223  5.68979e-03
 34 -0.01216  2.00643e-03 | 35 -0.01196  2.30981e-02 | 36 -0.01173  4.53985e-02
 37 -0.01157  3.68245e-02 | 38 -0.01144  1.41962e-02 | 39 -0.01116  1.75287e-02
 40 -0.01078  3.98549e-02 | 41 -0.01041  4.73099e-02 | 42 -0.01007  3.78147e-02
 43 -0.00973  1.99581e-02 | 44 -0.00942 -1.46945e-02 | 45 -0.00913 -5.97294e-02
 46 -0.00863 -5.31145e-02 | 47 -0.00781  3.57328e-02 | 48 -0.00709  9.64356e-02
 49 -0.00682  4.45203e-02 | 50 -0.00666 -2.93661e-02 | 51 -0.00623 -2.60655e-02
 52 -0.00568  2.34750e-02 | 53 -0.00527  4.48932e-02 | 54 -0.00511  1.79782e-02
 55 -0.00508 -3.32912e-02 | 56 -0.00504 -7.88584e-02 | 57 -0.00490 -9.44401e-02
 58 -0.00453 -5.87814e-02 | 59 -0.00388  3.62131e-02 | 60 -0.00312  1.37251e-01
 61 -0.00282  9.28674e-02 | 62 -0.00296 -9.73181e-02 | 63 -0.00171  1.70263e-02
 64 -0.00027  1.25406e-01 | 65  0.00021 -6.78528e-02 | 66  0.00271  1.69570e-01
 67  0.00382 -7.66596e-03 | 68  0.00619  4.29926e-02 | 69  0.00895  1.06481e-01
 70  0.01104 -5.73910e-02 | 71  0.01493  1.17034e-01 | 72  0.01775  4.07548e-03
 73  0.02136  3.33806e-02 | 74  0.02475  1.95336e-02 | 75  0.02791 -1.95555e-04
 76  0.03109  6.38235e-02 | 77  0.03296  2.98541e-03 | 78  0.03494  1.00346e-01
 79  0.03520  3.37439e-02 | 80  0.03468 -3.81624e-02 | 81  0.03466  9.45012e-02
 82  0.03294  3.09458e-02 | 83  0.03096  4.05220e-02 | 84  0.02841  9.01200e-02
 85  0.02464  6.04776e-02 | 86  0.02046  7.65846e-02 | 87  0.01579  3.68447e-02
 88  0.01159  3.57910e-02 | 89  0.00798 -8.59134e-03 | 90  0.00528 -8.41001e-02
 91  0.00466  9.28078e-02 | 92  0.00361 -2.50202e-02 | 93  0.00435  1.30812e-01
 94  0.00468  2.72204e-02 | 95  0.00665  9.80700e-02 | 96  0.00918  4.41053e-02
 97  0.01483  1.11028e-01 | 98  0.03754  1.26145e-01 | 99  0.02440  6.55269e-02
100  0.01399  1.91146e-02 |101 -0.02810  2.58041e-01 |102  0.01031  2.00994e-01
103  0.02645  1.51340e-01 |104 -0.00628  4.86926e-01 |105  0.01219  1.39214e-01
106  0.01390  1.19480e-01 |107  0.01367  1.27494e-01 |108  0.01605  9.31204e-02
109  0.02583  4.09217e-02 |110  0.06677  3.41411e-01 |111  0.00501  1.48319e-01
112  0.00345 -2.16441e-02 |113  0.01057 -5.41507e-02 |114  0.02502 -1.09214e-02
115  0.00724 -4.33424e-02 |116 -0.06159 -5.57285e-02 |117 -0.06879 -4.36582e-02
118 -0.06990 -4.41518e-02 |119 -0.04382 -4.03790e-03 |120  0.05980 -9.04621e-02
121  0.01344 -9.39351e-03 |122  0.01696 -6.04681e-02 |123 -0.02907 -3.81618e-02
124 -0.06817 -5.07671e-03 |125 -0.00973 -5.67053e-03 |126  0.00066 -3.80340e-02
127 -0.02995 -3.43988e-02 |128  0.02650  3.65115e-02 |129  0.06835 -5.85319e-02
130  0.01061  6.78995e-03 |131  0.07799 -9.41012e-03 |132  0.00382  2.45010e-02
133  0.13002  1.31509e-03 |134 -0.00521  1.48807e-02 |135 -0.04706 -9.90478e-03
136 -0.05654 -1.38873e-02 |137 -0.02259  1.40007e-02 |138  0.09258  2.93049e-04
139  0.03155  6.07488e-03 |140  0.01654  2.56508e-02 |141 -0.02775  4.00544e-02
142 -0.01685  1.94620e-02 |143 -0.00621 -5.72997e-02 |144 -0.00036  8.93618e-03
145  0.29456  1.40439e-01 |146  0.78322  1.13083e+00 |147  0.04679  1.72460e-01
148  0.29658 -1.62419e-01 |149  0.01675  1.68132e-01 |150 -0.11500  1.01814e-01
151 -0.47609  3.05046e-03 |152  0.31297 -1.36156e-02 |153  0.04906  1.96787e-02
154 -0.23478  1.02075e-02 |155  0.18305  5.21819e-02 |156  0.25979 -8.84861e-02
157  0.17478 -7.55093e-03 |158  0.25412 -1.07153e-02 |159  0.00601  1.83303e-02
160 -0.09848  1.37975e-01 |161  0.10357 -5.36149e-02 |162  0.29659 -4.62408e-02
163  0.16903  1.43764e-02 |164  0.24614 -4.11829e-03 |165  0.20744  2.45687e-02
166  0.31717 -4.68337e-02 |167  0.07695  1.89515e-01 |168 -0.52796  3.09238e-05
169 -0.38000 -5.31798e-02 |170  0.23594 -4.87554e-02 |171  0.07788 -2.23593e-02
172 -0.12178  9.97950e-02 |173  0.05062  1.20250e-01 |174  0.12035  5.35908e-02
175  0.32049 -5.35359e-02 |176  0.27261 -5.10530e-02 |177  0.00499  6.79043e-02
178  0.00893  1.83543e-02 |179 -0.14963  1.79563e-01 |180 -0.12586  2.94948e-02
181  0.01386  5.53018e-02 |182  0.39372 -7.15666e-03 |183  0.01857  9.44980e-03
184 -0.15440  1.50561e-02 |185  0.09958  2.15385e-01 |186  0.16370  2.84663e-01
187  0.21864 -1.27991e-01 |188  0.25723 -3.03029e-01 |189  0.02441  3.25890e-01
190 -0.00609  9.98819e-02 |191 -0.17635  1.66353e-01 |192 -0.11444  2.58275e-01
193 -0.80817  8.31768e-01 |194 -0.15317 -7.70818e-04 |195 -0.06605  2.53750e+00
196 -0.57689  3.87391e-01 |
196 variables; iteration 200; function evaluation 276; phase 4
Function value 7.3089572e+03; maximum gradient component mag 1.4955e+00
Var    Value     Gradient |Var    Value     Gradient |Var    Value     Gradient
  1 -0.42333 -1.45711e-01 |  2  0.37163  2.30309e-02 |  3 -0.12532 -5.35179e-02
  4 -0.01456 -8.23290e-02 |  5 -0.71067 -4.17239e-02 |  6 -0.60392  9.97548e-03
  7  0.37449 -9.38717e-04 |  8 -0.18531 -4.69541e-02 |  9  0.03577 -1.28938e-01
 10 -0.61426  2.38558e-02 | 11 -0.62312 -7.51848e-03 | 12 -0.10507  7.94795e-01
 13 -0.00993 -1.44320e-03 | 14 -0.01015 -4.61598e-03 | 15 -0.01035 -5.17665e-04
 16 -0.01055  5.24354e-04 | 17 -0.01075  1.53064e-03 | 18 -0.01091  1.24940e-02
 19 -0.01106  2.33489e-02 | 20 -0.01127  1.51755e-02 | 21 -0.01149  2.48545e-03
 22 -0.01162  9.87403e-03 | 23 -0.01174  1.69678e-02 | 24 -0.01194  1.07030e-03
 25 -0.01207 -3.66024e-03 | 26 -0.01207  2.38854e-02 | 27 -0.01213  3.20662e-02
 28 -0.01230  2.03537e-03 | 29 -0.01235  2.81990e-04 | 30 -0.01227  2.60058e-02
 31 -0.01232  1.16670e-02 | 32 -0.01233 -1.62371e-03 | 33 -0.01218  2.34611e-02
 34 -0.01210  2.19001e-02 | 35 -0.01207 -8.74837e-04 | 36 -0.01187  1.22024e-02
 37 -0.01167  1.59379e-02 | 38 -0.01147  8.03701e-03 | 39 -0.01116  2.17039e-02
 40 -0.01089  1.35082e-02 | 41 -0.01057  7.92848e-03 | 42 -0.01020  6.26445e-03
 43 -0.00977  1.25569e-02 | 44 -0.00916  5.94138e-02 | 45 -0.00877  4.06101e-02
 46 -0.00861 -4.45162e-02 | 47 -0.00781  3.69959e-02 | 48 -0.00737  2.44784e-02
 49 -0.00726 -6.75754e-02 | 50 -0.00646  2.26056e-02 | 51 -0.00586  7.18424e-02
 52 -0.00574  6.32977e-03 | 53 -0.00557 -3.25754e-02 | 54 -0.00524 -1.85222e-02
 55 -0.00492  4.52538e-03 | 56 -0.00466  1.41151e-02 | 57 -0.00445  1.35701e-02
 58 -0.00421  1.42899e-02 | 59 -0.00392  1.56414e-02 | 60 -0.00368 -1.76586e-02
 61 -0.00336 -5.50885e-02 | 62 -0.00232  4.93209e-02 | 63 -0.00167  1.02640e-02
 64 -0.00096 -6.63140e-02 | 65  0.00076  4.51426e-02 | 66  0.00196 -3.83837e-02
 67  0.00400  8.52215e-03 | 68  0.00579 -8.23021e-02 | 69  0.00837 -6.17468e-02
 70  0.01129 -3.71556e-02 | 71  0.01434 -5.17943e-02 | 72  0.01770 -4.73843e-02
 73  0.02120 -4.34543e-02 | 74  0.02468 -4.25881e-02 | 75  0.02801 -3.05168e-02
 76  0.03081 -3.85324e-02 | 77  0.03309 -2.49774e-02 | 78  0.03448 -3.29968e-02
 79  0.03518 -1.85196e-02 | 80  0.03508 -1.51560e-02 | 81  0.03433 -1.14229e-02
 82  0.03296 -8.44550e-03 | 83  0.03094 -2.89806e-03 | 84  0.02813 -3.49190e-05
 85  0.02454  6.57018e-03 | 86  0.02030  1.29058e-02 | 87  0.01584  2.10663e-02
 88  0.01167  2.65885e-02 | 89  0.00830  4.00035e-02 | 90  0.00569 -1.06962e-02
 91  0.00434 -8.54385e-03 | 92  0.00403  4.79424e-02 | 93  0.00376 -4.04267e-02
 94  0.00479  2.09283e-02 | 95  0.00620 -4.11390e-02 | 96  0.00907 -2.36572e-02
 97  0.01444 -4.65973e-02 | 98  0.03754  2.83311e-03 | 99  0.02458  5.77626e-02
100  0.01410  7.61301e-02 |101 -0.02818  7.97697e-02 |102  0.01023  5.63958e-02
103  0.02622  7.77406e-02 |104 -0.00668  5.36446e-02 |105  0.01250  7.93302e-02
106  0.01359  3.86284e-02 |107  0.01385  5.36716e-02 |108  0.01583  4.86514e-02
109  0.02640  9.68780e-02 |110  0.06654  1.16210e-02 |111  0.00453 -2.19390e-02
112  0.00348 -4.31266e-02 |113  0.01069 -1.20723e-02 |114  0.02490  2.63367e-02
115  0.00731  6.49089e-02 |116 -0.06155  2.37563e-02 |117 -0.06882 -4.21793e-03
118 -0.06992 -1.25323e-02 |119 -0.04398 -2.59174e-02 |120  0.05984 -2.51609e-02
121  0.01329 -4.27130e-02 |122  0.01697 -2.24267e-02 |123 -0.02904  1.06628e-02
124 -0.06822 -1.29772e-02 |125 -0.00982 -3.89255e-02 |126  0.00068 -1.93066e-02
127 -0.02989 -4.97198e-03 |128  0.02634  1.72176e-02 |129  0.06851  1.46321e-02
130  0.01050  1.57022e-02 |131  0.07805  2.65244e-02 |132  0.00376  1.57044e-03
133  0.13000 -3.49866e-02 |134 -0.00519  3.82108e-02 |135 -0.04707 -6.06370e-03
136 -0.05656 -7.41218e-03 |137 -0.02268 -2.84301e-03 |138  0.09252 -4.49246e-03
139  0.03150 -1.25613e-02 |140  0.01644 -8.07616e-03 |141 -0.02786 -2.12675e-03
142 -0.01691 -7.95893e-04 |143 -0.00595  1.40910e-02 |144 -0.00041 -1.71829e-03
145  0.29453  1.93386e-03 |146  0.77908  5.96646e-01 |147  0.04685 -3.42258e-04
148  0.29659 -4.52478e-02 |149  0.01663 -1.04074e-01 |150 -0.11497 -2.41614e-03
151 -0.47575 -3.83425e-02 |152  0.31335  1.69050e-02 |153  0.04890 -1.01285e-01
154 -0.23481 -3.40193e-02 |155  0.18315  8.43007e-02 |156  0.25983  2.07293e-02
157  0.17489  1.65691e-01 |158  0.25417 -4.31953e-02 |159  0.00603  1.43667e-01
160 -0.09852 -4.16752e-02 |161  0.10381  3.25138e-02 |162  0.29667 -1.82951e-02
163  0.16907  4.31036e-02 |164  0.24615 -2.82238e-02 |165  0.20780  4.48204e-02
166  0.31724 -4.80386e-02 |167  0.07689 -5.08620e-04 |168 -0.52815 -1.80057e-05
169 -0.37846  9.02777e-02 |170  0.23642 -2.14424e-01 |171  0.07756  8.86967e-02
172 -0.12181 -1.24607e-01 |173  0.05040  1.06563e-02 |174  0.12037  4.07862e-02
175  0.32043  3.12766e-02 |176  0.27261  4.78774e-03 |177  0.00518  2.77665e-02
178  0.00894  3.97455e-02 |179 -0.14967  2.09177e-02 |180 -0.12585  4.10536e-02
181  0.01380 -5.33349e-02 |182  0.39370  2.90347e-02 |183  0.01860 -8.85633e-02
184 -0.15443 -6.76266e-02 |185  0.09962  1.30137e-01 |186  0.16372  2.44424e-02
187  0.21867  7.08748e-02 |188  0.25724  1.83380e-02 |189  0.02438 -1.83126e-02
190 -0.00613 -6.65266e-02 |191 -0.17635 -7.26027e-03 |192 -0.11443  3.53004e-02
193 -0.81765  9.15306e-02 |194 -0.16842 -8.51069e-04 |195 -0.06003  1.49551e+00
196 -0.61135  1.81417e-01 |
196 variables; iteration 220; function evaluation 314; phase 4
Function value 7.3089229e+03; maximum gradient component mag -1.5286e+00
Var    Value     Gradient |Var    Value     Gradient |Var    Value     Gradient
  1 -0.42335 -1.50722e+00 |  2  0.37172 -8.45466e-01 |  3 -0.12523 -8.41999e-01
  4 -0.01473 -1.04793e+00 |  5 -0.71031 -7.34997e-02 |  6 -0.60394 -1.50023e-02
  7  0.37471 -9.56049e-01 |  8 -0.18521 -1.08057e+00 |  9  0.03543 -7.92289e-01
 10 -0.61377 -6.45846e-02 | 11 -0.62316 -5.65394e-01 | 12 -0.10404 -3.45017e-01
 13 -0.00926  1.84249e-01 | 14 -0.01127 -2.95093e-01 | 15 -0.01011  7.10223e-02
 16 -0.00951  2.88426e-01 | 17 -0.01128 -1.30740e-01 | 18 -0.01141 -1.12381e-01
 19 -0.01120 -4.80586e-03 | 20 -0.01182 -1.22531e-01 | 21 -0.01161 -2.16934e-02
 22 -0.01162  2.13084e-02 | 23 -0.01201 -4.60382e-02 | 24 -0.01214 -4.29513e-02
 25 -0.01165  1.21955e-01 | 26 -0.01273 -1.41934e-01 | 27 -0.01285 -1.52016e-01
 28 -0.01156  2.14399e-01 | 29 -0.01291 -1.39454e-01 | 30 -0.01166  2.02465e-01
 31 -0.01251 -2.81340e-02 | 32 -0.01179  1.58773e-01 | 33 -0.01198  9.12081e-02
 34 -0.01221  4.36328e-03 | 35 -0.01118  2.53153e-01 | 36 -0.01148  1.31117e-01
 37 -0.01098  2.15155e-01 | 38 -0.01079  2.07241e-01 | 39 -0.01053  2.07251e-01
 40 -0.01031  1.84314e-01 | 41 -0.00937  3.43816e-01 | 42 -0.00990  1.02338e-01
 43 -0.00792  5.22067e-01 | 44 -0.01179 -6.22806e-01 | 45 -0.00910 -3.21269e-02
 46 -0.00788  1.64213e-01 | 47 -0.00921 -3.11822e-01 | 48 -0.00652  2.63384e-01
 49 -0.00698  2.20829e-02 | 50 -0.00549  2.92305e-01 | 51 -0.00744 -3.19701e-01
 52 -0.00582  3.38074e-03 | 53 -0.00558 -1.75658e-02 | 54 -0.00371  3.93315e-01
 55 -0.00499  4.57035e-03 | 56 -0.00617 -3.51509e-01 | 57 -0.00445  3.28901e-02
 58 -0.00433  5.68235e-03 | 59 -0.00595 -4.78328e-01 | 60 -0.00154  5.50348e-01
 61 -0.00275  1.23431e-01 | 62 -0.00324 -1.54510e-01 | 63 -0.00276 -2.33558e-01
 64  0.00006  2.19946e-01 | 65 -0.00121 -4.02072e-01 | 66  0.00292  2.33519e-01
 67  0.00288 -2.16492e-01 | 68  0.00679  2.04272e-01 | 69  0.00908  1.57439e-01
 70  0.01114 -1.06611e-02 | 71  0.01533  2.32312e-01 | 72  0.01773  3.24509e-02
 73  0.02147  9.35882e-02 | 74  0.02478  6.57083e-02 | 75  0.02759 -1.47509e-02
 76  0.03122  1.41852e-01 | 77  0.03275  2.29505e-02 | 78  0.03520  2.12390e-01
 79  0.03517  1.00788e-01 | 80  0.03414 -5.71843e-02 | 81  0.03475  1.94569e-01
 82  0.03277  9.02689e-02 | 83  0.03088  1.21110e-01 | 84  0.02850  2.07987e-01
 85  0.02456  1.49080e-01 | 86  0.02040  1.69884e-01 | 87  0.01563  1.11595e-01
 88  0.01115  4.70241e-02 | 89  0.00751 -6.32778e-03 | 90  0.00598  1.96702e-01
 91  0.00498  2.88939e-01 | 92  0.00306 -3.80680e-02 | 93  0.00473  3.44694e-01
 94  0.00418  3.26656e-02 | 95  0.00653  1.98686e-01 | 96  0.00874  6.43140e-02
 97  0.01499  1.32130e-01 | 98  0.03759 -1.70564e-01 | 99  0.02393  2.69745e-01
100  0.01189  2.70759e-02 |101 -0.02841 -1.87793e-01 |102  0.01378  2.53803e-01
103  0.02438  9.11082e-02 |104 -0.00598 -9.26028e-03 |105  0.01296 -7.96187e-02
106  0.01362  1.48866e-01 |107  0.01412 -4.17673e-01 |108  0.01632  1.92708e-01
109  0.02680 -1.40873e-03 |110  0.06661 -1.72507e-01 |111  0.00364  1.67457e-02
112  0.00443  1.12228e-03 |113  0.01065 -2.01784e-01 |114  0.02528 -1.47982e-01
115  0.00737 -2.21421e-01 |116 -0.06137 -1.69734e-01 |117 -0.06877 -2.54272e-01
118 -0.06982 -2.32424e-01 |119 -0.04379 -2.16351e-01 |120  0.06005 -5.19855e-01
121  0.01373 -2.55979e-01 |122  0.01717 -2.86300e-01 |123 -0.02897 -2.07100e-01
124 -0.06796 -1.49233e-02 |125 -0.00947 -9.65324e-02 |126  0.00090 -1.79512e-01
127 -0.02985 -1.42771e-01 |128  0.02642 -1.11671e-01 |129  0.06878 -1.41323e-01
130  0.01062  2.29236e-02 |131  0.07836 -1.01652e-01 |132  0.00381 -1.08011e-01
133  0.13014 -1.37654e-01 |134 -0.00541 -4.59084e-02 |135 -0.04715 -2.20686e-02
136 -0.05653  5.62620e-03 |137 -0.02247  1.65309e-02 |138  0.09276 -3.46922e-02
139  0.03153  1.64687e-03 |140  0.01664  7.60410e-02 |141 -0.02771  7.24788e-02
142 -0.01647  1.34783e-01 |143 -0.00608 -9.93049e-04 |144 -0.00047 -2.05078e-02
145  0.29313  7.25206e-01 |146  0.71946 -8.22506e-01 |147  0.04684  8.15741e-01
148  0.29660 -7.97988e-01 |149  0.01668  3.08044e-01 |150 -0.11503  5.10797e-01
151 -0.47686 -5.79204e-02 |152  0.31239 -1.79464e-02 |153  0.04926 -6.80580e-02
154 -0.23495 -2.99713e-02 |155  0.18306  5.21663e-01 |156  0.25982 -6.48478e-01
157  0.17468  3.60592e-01 |158  0.25408 -2.79237e-01 |159  0.00624  3.82344e-01
160 -0.09852  4.38704e-01 |161  0.10317  5.08053e-02 |162  0.29643 -5.58660e-01
163  0.16907  3.16675e-01 |164  0.24617 -2.88779e-01 |165  0.20762  1.56983e-01
166  0.31718 -2.80298e-01 |167  0.07692  3.86555e-01 |168 -0.52557  2.36972e-04
169 -0.38323 -3.07937e-02 |170  0.23478 -5.25845e-01 |171  0.07858 -5.83666e-02
172 -0.12177  3.70837e-01 |173  0.05122  4.74072e-01 |174  0.12036  3.48452e-01
175  0.32075 -8.17299e-02 |176  0.27260 -3.40688e-01 |177  0.00466  3.16233e-01
178  0.00894  1.36784e-01 |179 -0.14968  5.66184e-01 |180 -0.12589  2.56935e-01
181  0.01360 -7.23315e-02 |182  0.39361  1.25333e-02 |183  0.01877 -6.44667e-02
184 -0.15460 -1.75627e-01 |185  0.09959  1.10051e+00 |186  0.16368  1.39691e+00
187  0.21865 -5.16895e-01 |188  0.25722 -1.52864e+00 |189  0.02441  9.42967e-01
190 -0.00606  4.44561e-01 |191 -0.17639  5.75748e-01 |192 -0.11447  1.32547e+00
193 -0.76789 -1.52126e+00 |194 -0.18585 -9.44144e-04 |195 -0.06577 -3.44813e-01
196 -0.86528 -1.19701e-02 |
196 variables; iteration 240; function evaluation 348; phase 4
Function value 7.3088672e+03; maximum gradient component mag 2.8567e+00
Var    Value     Gradient |Var    Value     Gradient |Var    Value     Gradient
  1 -0.42337  3.09286e-01 |  2  0.37171  1.23350e-01 |  3 -0.12518  6.35309e-02
  4 -0.01464  1.36344e-01 |  5 -0.70994  5.93761e-02 |  6 -0.60405  1.74659e-02
  7  0.37488  3.79527e-01 |  8 -0.18503  2.36282e-01 |  9  0.03519  2.24188e-02
 10 -0.61335  6.03803e-02 | 11 -0.62319  2.36573e-01 | 12 -0.10117  2.85671e+00
 13 -0.00982  3.59816e-02 | 14 -0.01034 -4.53206e-02 | 15 -0.01011  7.39321e-02
 16 -0.01044  4.18634e-02 | 17 -0.01101 -5.80755e-02 | 18 -0.01121 -5.80309e-02
 19 -0.01116  7.12995e-03 | 20 -0.01106  8.18600e-02 | 21 -0.01161 -1.91723e-02
 22 -0.01146  6.47066e-02 | 23 -0.01178  1.87665e-02 | 24 -0.01189  2.64179e-02
 25 -0.01203  2.10917e-02 | 26 -0.01189  8.47456e-02 | 27 -0.01195  9.20208e-02
 28 -0.01224  3.16690e-02 | 29 -0.01221  5.12652e-02 | 30 -0.01253 -3.01828e-02
 31 -0.01227  3.85384e-02 | 32 -0.01300 -1.69239e-01 | 33 -0.01229  9.19377e-03
 34 -0.01241 -4.62464e-02 | 35 -0.01236 -6.60667e-02 | 36 -0.01225 -7.47520e-02
 37 -0.01186 -2.19132e-02 | 38 -0.01182 -7.06302e-02 | 39 -0.01111  5.16792e-02
 40 -0.01102 -5.13791e-03 | 41 -0.01068 -4.09829e-03 | 42 -0.01020  2.22060e-02
 43 -0.01064 -2.02040e-01 | 44 -0.00887  1.50750e-01 | 45 -0.00882  4.19466e-02
 46 -0.00848  5.51621e-03 | 47 -0.00765  9.52559e-02 | 48 -0.00800 -1.22673e-01
 49 -0.00717 -2.97776e-02 | 50 -0.00644  4.48190e-02 | 51 -0.00618  5.32898e-03
 52 -0.00601 -4.39754e-02 | 53 -0.00583 -7.98998e-02 | 54 -0.00513  2.91213e-02
 55 -0.00481  5.02287e-02 | 56 -0.00430  1.26663e-01 | 57 -0.00503 -1.13340e-01
 58 -0.00391  1.11325e-01 | 59 -0.00386  5.24273e-02 | 60 -0.00401 -7.81685e-02
 61 -0.00343 -4.92323e-02 | 62 -0.00226  8.83998e-02 | 63 -0.00157  6.14665e-02
 64 -0.00136 -1.37506e-01 | 65  0.00083  9.36746e-02 | 66  0.00151 -1.16789e-01
 67  0.00409  6.41515e-02 | 68  0.00598 -6.35870e-04 | 69  0.00828 -4.29749e-02
 70  0.01143  3.63190e-02 | 71  0.01405 -6.91871e-02 | 72  0.01771  2.03319e-03
 73  0.02104 -2.68973e-02 | 74  0.02459 -9.41002e-03 | 75  0.02804  2.94551e-02
 76  0.03054 -3.27502e-02 | 77  0.03300  1.64380e-02 | 78  0.03399 -6.22689e-02
 79  0.03492 -6.05695e-03 | 80  0.03515  5.69559e-02 | 81  0.03375 -5.39464e-02
 82  0.03264 -4.70034e-03 | 83  0.03049 -2.32480e-02 | 84  0.02751 -5.55933e-02
 85  0.02403 -2.96648e-02 | 86  0.01972 -4.03576e-02 | 87  0.01542 -7.39440e-04
 88  0.01124  4.64342e-03 | 89  0.00782  5.67604e-03 | 90  0.00553  3.09047e-02
 91  0.00348 -1.29552e-01 | 92  0.00329 -4.18032e-02 | 93  0.00347 -1.90550e-02
 94  0.00404 -6.26245e-02 | 95  0.00553 -1.01207e-01 | 96  0.00850 -5.30516e-02
 97  0.01442 -5.71314e-02 | 98  0.03846  1.47056e-01 | 99  0.02144 -4.72739e-02
100  0.01152  9.11583e-02 |101 -0.02816  2.51679e-01 |102  0.01538 -3.09368e-02
103  0.02343  5.61089e-02 |104 -0.00635  3.19123e-01 |105  0.01504  9.74967e-02
106  0.01264 -4.68456e-03 |107  0.01502  4.76926e-01 |108  0.01527 -2.82021e-03
109  0.02810 -3.55383e-02 |110  0.06628  4.41166e-01 |111  0.00279  9.81373e-03
112  0.00511 -4.29818e-02 |113  0.01178  4.70622e-02 |114  0.02547  3.03311e-02
115  0.00803  1.06115e-01 |116 -0.06084  1.01066e-01 |117 -0.06811  1.02133e-01
118 -0.06926  9.61436e-02 |119 -0.04356  7.58596e-02 |120  0.06090  1.66016e-01
121  0.01422  7.30119e-02 |122  0.01782  1.03771e-01 |123 -0.02829  9.11649e-02
124 -0.06785  5.22560e-03 |125 -0.00908  2.26060e-02 |126  0.00165  5.44791e-02
127 -0.02928  4.24865e-02 |128  0.02680  4.91861e-02 |129  0.06959  4.12834e-02
130  0.01050  1.15946e-02 |131  0.07901  5.23154e-02 |132  0.00433  3.65177e-02
133  0.13066  2.48522e-02 |134 -0.00515  3.16655e-02 |135 -0.04704 -8.78529e-04
136 -0.05658 -3.86495e-03 |137 -0.02258 -1.05623e-02 |138  0.09293  2.12315e-03
139  0.03159 -8.71532e-03 |140  0.01645 -2.20629e-02 |141 -0.02799 -2.37468e-02
142 -0.01716 -6.80580e-02 |143 -0.00635 -4.05317e-02 |144 -0.00056 -3.93873e-02
145  0.28870 -2.46061e-01 |146  0.67903  1.25124e+00 |147  0.04662 -2.50759e-01
148  0.29659  2.22572e-01 |149  0.01675 -1.71445e-01 |150 -0.11517 -1.57223e-01
151 -0.47546  1.23230e-02 |152  0.31368  1.44816e-02 |153  0.04886 -1.03374e-03
154 -0.23489 -9.91452e-03 |155  0.18258 -1.20612e-01 |156  0.25973  2.16228e-01
157  0.17465 -8.10815e-02 |158  0.25410  9.41253e-02 |159  0.00606 -6.09061e-02
160 -0.09872 -1.99217e-01 |161  0.10323 -3.16876e-02 |162  0.29660  1.61795e-01
163  0.16863 -8.26298e-02 |164  0.24602  6.82645e-02 |165  0.20703 -3.55308e-02
166  0.31706  1.16220e-01 |167  0.07695 -1.39433e-01 |168 -0.52551  2.07907e-04
169 -0.37755  3.92966e-02 |170  0.23684  1.42045e-01 |171  0.07748  2.52665e-02
172 -0.12197 -1.65831e-01 |173  0.04933 -1.94615e-01 |174  0.12016 -9.00140e-02
175  0.32013  5.48928e-02 |176  0.27255  1.38660e-01 |177  0.00614 -1.09556e-01
178  0.00906 -3.15791e-03 |179 -0.15033 -2.17148e-01 |180 -0.12604 -5.97114e-02
181  0.01365  4.54897e-03 |182  0.39359 -4.14784e-03 |183  0.01868  1.07740e-02
184 -0.15457  1.23755e-02 |185  0.09949 -2.09033e-01 |186  0.16354 -4.39117e-01
187  0.21860  1.53151e-01 |188  0.25721  4.87272e-01 |189  0.02442 -2.58923e-01
190 -0.00594 -1.16957e-01 |191 -0.17654 -1.64516e-01 |192 -0.11462 -3.82028e-01
193 -0.70731  1.95205e+00 |194 -0.15244  2.74143e-01 |195 -0.08860  2.09697e+00
196 -0.91193 -2.09422e-02 |
196 variables; iteration 260; function evaluation 387; phase 4
Function value 7.3087995e+03; maximum gradient component mag 1.9341e+01
Var    Value     Gradient |Var    Value     Gradient |Var    Value     Gradient
  1 -0.42334 -1.93007e+00 |  2  0.37193 -4.32509e+00 |  3 -0.12513 -1.67213e+00
  4 -0.01504 -2.36266e+00 |  5 -0.71003  3.31932e-02 |  6 -0.60395 -1.36280e-01
  7  0.37524 -1.33978e+00 |  8 -0.18504 -1.14574e+00 |  9  0.03466 -7.14505e-01
 10 -0.61297  1.01905e-01 | 11 -0.62320 -6.98010e-01 | 12 -0.10397 -9.49758e+00
 13 -0.01028 -8.64719e-02 | 14 -0.00955  1.64860e-01 | 15 -0.01187 -3.98072e-01
 16 -0.01117 -1.55638e-01 | 17 -0.00960  3.18856e-01 | 18 -0.00995  2.80533e-01
 19 -0.01113  1.45099e-02 | 20 -0.01250 -3.04213e-01 | 21 -0.01088  1.77119e-01
 22 -0.01190 -5.39229e-02 | 23 -0.01118  1.79384e-01 | 24 -0.01217 -5.11190e-02
 25 -0.01159  1.37601e-01 | 26 -0.01410 -5.11565e-01 | 27 -0.01328 -2.69133e-01
 28 -0.01213  6.04371e-02 | 29 -0.01502 -7.09512e-01 | 30 -0.01234  1.91239e-02
 31 -0.01083  4.25585e-01 | 32 -0.00935  8.19563e-01 | 33 -0.01343 -2.99990e-01
 34 -0.01050  4.68609e-01 | 35 -0.01190  5.70754e-02 | 36 -0.01172  6.69514e-02
 37 -0.01256 -2.11533e-01 | 38 -0.01019  3.67248e-01 | 39 -0.01237 -2.88236e-01
 40 -0.01049  1.34801e-01 | 41 -0.01064  3.77153e-03 | 42 -0.00977  1.36070e-01
 43 -0.00651  8.95989e-01 | 44 -0.01178 -6.21718e-01 | 45 -0.00951 -1.42265e-01
 46 -0.00845  1.05538e-02 | 47 -0.00961 -4.20084e-01 | 48 -0.00537  5.62397e-01
 49 -0.00672  8.53541e-02 | 50 -0.00741 -2.10729e-01 | 51 -0.00600  4.75300e-02
 52 -0.00520  1.60181e-01 | 53 -0.00401  3.82807e-01 | 54 -0.00634 -2.86111e-01
 55 -0.00584 -2.18282e-01 | 56 -0.00696 -5.57406e-01 | 57 -0.00250  5.30030e-01
 58 -0.00538 -2.65046e-01 | 59 -0.00535 -3.29452e-01 | 60 -0.00259  2.82819e-01
 61 -0.00240  2.11081e-01 | 62 -0.00444 -4.57797e-01 | 63 -0.00266 -2.08352e-01
 64  0.00129  5.24319e-01 | 65 -0.00084 -3.11884e-01 | 66  0.00392  4.79323e-01
 67  0.00255 -2.90594e-01 | 68  0.00578 -2.96488e-02 | 69  0.00887  1.15516e-01
 70  0.01038 -1.71845e-01 | 71  0.01543  2.65018e-01 | 72  0.01746 -1.10673e-02
 73  0.02150  1.14409e-01 | 74  0.02464  5.61691e-02 | 75  0.02721 -6.81485e-02
 76  0.03137  1.94492e-01 | 77  0.03252  7.83912e-03 | 78  0.03574  3.41953e-01
 79  0.03509  1.21009e-01 | 80  0.03353 -1.30793e-01 | 81  0.03528  3.30328e-01
 82  0.03275  1.27063e-01 | 83  0.03110  2.03689e-01 | 84  0.02888  3.22768e-01
 85  0.02466  2.09810e-01 | 86  0.02066  2.62838e-01 | 87  0.01534  8.60251e-02
 88  0.01107  6.30651e-02 | 89  0.00756  4.08699e-02 | 90  0.00439 -1.45677e-01
 91  0.00597  5.61913e-01 | 92  0.00390  2.04301e-01 | 93  0.00274 -8.79934e-02
 94  0.00487  2.53983e-01 | 95  0.00678  3.28121e-01 | 96  0.00861  1.27274e-01
 97  0.01508  1.25656e-01 | 98  0.03772 -6.82127e-01 | 99  0.02020  2.30007e-01
100  0.00994 -1.29667e-01 |101 -0.02870 -1.02863e+00 |102  0.02108  1.52171e-01
103  0.02194 -2.35442e-02 |104 -0.00609 -1.22815e+00 |105  0.01533 -2.07326e-01
106  0.01230 -2.10292e-02 |107  0.01430 -1.90788e+00 |108  0.01547  1.87344e-01
109  0.02932  2.14747e-02 |110  0.06433 -1.61447e+00 |111  0.00132  1.51833e-02
112  0.00613 -2.28989e-02 |113  0.01076 -3.84564e-01 |114  0.02515 -3.33051e-01
115  0.00728 -3.93619e-01 |116 -0.06139 -2.75959e-01 |117 -0.06889 -3.84042e-01
118 -0.06997 -3.65730e-01 |119 -0.04401 -3.53928e-01 |120  0.05999 -8.25152e-01
121  0.01387 -4.10682e-01 |122  0.01702 -4.52871e-01 |123 -0.02910 -3.32593e-01
124 -0.06825 -8.09995e-02 |125 -0.00952 -1.86111e-01 |126  0.00091 -3.11075e-01
127 -0.02997 -2.39956e-01 |128  0.02605 -2.35194e-01 |129  0.06902 -2.81086e-01
130  0.01012 -4.04357e-02 |131  0.07868 -1.68193e-01 |132  0.00390 -1.72685e-01
133  0.13019 -2.29601e-01 |134 -0.00583 -1.17528e-01 |135 -0.04748 -6.83119e-02
136 -0.05690 -6.30207e-02 |137 -0.02246  1.11530e-03 |138  0.09284 -9.47493e-02
139  0.03137 -3.69492e-02 |140  0.01644  4.73283e-02 |141 -0.02786  6.58846e-02
142 -0.01644  1.57628e-01 |143 -0.00608  6.02795e-02 |144  0.00035  1.82528e-01
145  0.29320  1.03531e+00 |146  0.73695 -4.54689e+00 |147  0.04693  1.29654e+00
148  0.29659 -1.23921e+00 |149  0.01668  4.88371e-01 |150 -0.11507  7.20791e-01
151 -0.47696 -2.97596e-02 |152  0.31212 -4.05018e-02 |153  0.04934  1.65913e-03
154 -0.23497 -4.11576e-02 |155  0.18310  7.67004e-01 |156  0.25981 -9.70782e-01
157  0.17459  3.98385e-01 |158  0.25401 -3.29117e-01 |159  0.00637  4.94615e-01
160 -0.09857  5.69488e-01 |161  0.10276 -2.39868e-02 |162  0.29624 -7.98209e-01
163  0.16903  3.94618e-01 |164  0.24614 -3.87469e-01 |165  0.20695  2.28757e-01
166  0.31703 -3.74158e-01 |167  0.07702  5.71013e-01 |168 -0.54305 -1.02555e-03
169 -0.38459 -1.59131e-01 |170  0.23436 -4.61703e-01 |171  0.07882 -2.20641e-01
172 -0.12168  6.88686e-01 |173  0.05136  6.91524e-01 |174  0.12034  4.92264e-01
175  0.32089 -1.60297e-01 |176  0.27256 -5.25933e-01 |177  0.00462  4.51603e-01
178  0.00898  1.86441e-01 |179 -0.14963  8.78602e-01 |180 -0.12592  3.18179e-01
181  0.01389  1.90182e-02 |182  0.39364  2.20396e-02 |183  0.01857 -8.81534e-02
184 -0.15461 -2.20542e-01 |185  0.09958  1.91831e+00 |186  0.16367  2.37426e+00
187  0.21863 -9.95740e-01 |188  0.25718 -2.60386e+00 |189  0.02443  1.60178e+00
190 -0.00597  9.52731e-01 |191 -0.17642  7.70144e-01 |192 -0.11452  2.08485e+00
193 -0.69891  1.93409e+01 |194 -0.69520 -6.05228e-03 |195 -0.12233 -5.24461e-02
196 -0.97736 -8.74608e-02 |
196 variables; iteration 280; function evaluation 409; phase 4
Function value 7.3086895e+03; maximum gradient component mag -5.4076e-01
Var    Value     Gradient |Var    Value     Gradient |Var    Value     Gradient
  1 -0.42330 -3.81000e-02 |  2  0.37202  1.39458e-01 |  3 -0.12512  1.60287e-02
  4 -0.01512  6.36576e-02 |  5 -0.70930  1.68303e-02 |  6 -0.60399 -3.57716e-02
  7  0.37578  4.78732e-02 |  8 -0.18488  9.27548e-03 |  9  0.03391  5.45002e-02
 10 -0.61173 -1.55369e-02 | 11 -0.62328 -2.33328e-02 | 12 -0.10427  9.29380e-03
 13 -0.00980  3.23140e-02 | 14 -0.01008  1.48159e-02 | 15 -0.01041 -1.47145e-02
 16 -0.01056  3.97128e-04 | 17 -0.01065  3.17230e-02 | 18 -0.01106 -2.57848e-02
 19 -0.01127 -3.05599e-02 | 20 -0.01118  4.25132e-02 | 21 -0.01161 -2.88055e-02
 22 -0.01164  6.83874e-03 | 23 -0.01171  2.86711e-02 | 24 -0.01198 -9.09761e-03
 25 -0.01191  4.32645e-02 | 26 -0.01224 -1.82897e-02 | 27 -0.01228 -7.70415e-03
 28 -0.01232 -5.14138e-04 | 29 -0.01230  1.48904e-02 | 30 -0.01249 -3.25320e-02
 31 -0.01230  1.92419e-02 | 32 -0.01257 -6.34907e-02 | 33 -0.01210  4.84554e-02
 34 -0.01244 -6.70186e-02 | 35 -0.01206  3.94573e-03 | 36 -0.01213 -5.63069e-02
 37 -0.01173  2.40646e-03 | 38 -0.01163 -3.16364e-02 | 39 -0.01121  1.09587e-02
 40 -0.01104 -2.36978e-02 | 41 -0.01064 -7.81632e-03 | 42 -0.01028 -1.11160e-02
 43 -0.01001 -4.79421e-02 | 44 -0.00937  7.01716e-03 | 45 -0.00893  9.35973e-04
 46 -0.00829  4.30665e-02 | 47 -0.00801 -1.00940e-02 | 48 -0.00738  2.85613e-02
 49 -0.00696  1.59074e-02 | 50 -0.00654  9.02115e-03 | 51 -0.00615  4.46396e-03
 52 -0.00593 -3.22522e-02 | 53 -0.00530  4.64827e-02 | 54 -0.00507  3.63725e-02
 55 -0.00509 -2.65344e-02 | 56 -0.00465  3.12033e-02 | 57 -0.00463 -1.63548e-02
 58 -0.00427  1.75235e-02 | 59 -0.00411 -1.42210e-02 | 60 -0.00360  2.57159e-02
 61 -0.00322  2.21224e-03 | 62 -0.00257  1.25353e-02 | 63 -0.00183 -2.34481e-03
 64 -0.00072  2.27672e-02 | 65  0.00041 -7.95403e-03 | 66  0.00202  1.06705e-02
 67  0.00385  9.93689e-03 | 68  0.00616  4.64738e-02 | 69  0.00860  3.64536e-02
 70  0.01139  3.30327e-02 | 71  0.01449  3.14697e-02 | 72  0.01787  4.04455e-02
 73  0.02130  3.19989e-02 | 74  0.02478  3.54837e-02 | 75  0.02805  3.42467e-02
 76  0.03088  3.31025e-02 | 77  0.03310  3.39834e-02 | 78  0.03451  2.63382e-02
 79  0.03519  3.30173e-02 | 80  0.03510  3.34858e-02 | 81  0.03426  1.50166e-02
 82  0.03294  2.06957e-02 | 83  0.03088  1.10564e-02 | 84  0.02807  6.11675e-03
 85  0.02446  1.45110e-03 | 86  0.02020 -5.01026e-03 | 87  0.01573 -5.32955e-03
 88  0.01152 -1.07569e-02 | 89  0.00805 -2.51656e-02 | 90  0.00574 -8.29340e-03
 91  0.00434 -1.37112e-02 | 92  0.00370 -3.16008e-02 | 93  0.00391  1.20741e-03
 94  0.00453 -2.19084e-02 | 95  0.00629  1.53379e-02 | 96  0.00892  3.72692e-03
 97  0.01526  1.85940e-02 | 98  0.03788  2.41312e-02 | 99  0.01809  3.61899e-03
100  0.00891 -8.62683e-03 |101 -0.02823  3.06708e-02 |102  0.02541  2.91824e-02
103  0.02006  1.88378e-02 |104 -0.00679 -2.02907e-04 |105  0.01803 -1.63093e-02
106  0.01134 -5.46792e-02 |107  0.01416 -1.54864e-01 |108  0.01457 -8.46578e-02
109  0.03048 -2.10239e-01 |110  0.06257 -6.69069e-02 |111  0.00024 -4.56000e-02
112  0.00684 -1.52368e-02 |113  0.01168  1.17563e-02 |114  0.02506  9.57259e-03
115  0.00727 -3.44245e-02 |116 -0.06129 -1.36132e-02 |117 -0.06867 -1.26794e-02
118 -0.06987  9.27884e-03 |119 -0.04423  1.94663e-02 |120  0.06032  3.27678e-02
121  0.01403  4.19672e-02 |122  0.01705  2.42443e-02 |123 -0.02902 -5.71645e-03
124 -0.06857  1.95476e-02 |125 -0.00960  3.48082e-02 |126  0.00126  1.42862e-02
127 -0.02981 -1.14832e-04 |128  0.02585  1.63899e-02 |129  0.06976  1.16216e-02
130  0.00943 -1.61751e-03 |131  0.07932 -1.84104e-02 |132  0.00441 -1.10898e-02
133  0.13075 -7.43225e-04 |134 -0.00582 -2.82525e-02 |135 -0.04740 -2.74030e-03
136 -0.05685  1.32562e-02 |137 -0.02245  1.30413e-02 |138  0.09329  2.67925e-03
139  0.03150  1.20743e-02 |140  0.01641  1.22698e-02 |141 -0.02807  9.01236e-03
142 -0.01699  4.06984e-03 |143 -0.00655 -7.50839e-03 |144 -0.00042 -4.95440e-03
145  0.29337  1.43386e-02 |146  0.79221 -9.00892e-03 |147  0.04685 -1.36325e-03
148  0.29653  2.54103e-02 |149  0.01677  9.18164e-02 |150 -0.11512 -1.24748e-04
151 -0.47570  1.00560e-02 |152  0.31313 -8.53830e-03 |153  0.04897  3.91484e-02
154 -0.23463  1.81387e-02 |155  0.18294 -6.38507e-02 |156  0.25970  8.68093e-03
157  0.17476 -1.26773e-01 |158  0.25406  6.44213e-02 |159  0.00601 -7.45181e-02
160 -0.09862  4.29009e-02 |161  0.10349 -5.09760e-02 |162  0.29652  2.02952e-02
163  0.16886 -2.12659e-02 |164  0.24604  2.64089e-02 |165  0.20607  5.18122e-03
166  0.31683  3.17121e-02 |167  0.07713  1.03709e-01 |168 -0.55939 -1.93195e-03
169 -0.37910 -3.01956e-02 |170  0.23631  2.62233e-02 |171  0.07768  9.68315e-03
172 -0.12164  2.32009e-02 |173  0.04984  2.27825e-03 |174  0.12028  1.57500e-02
175  0.32037  1.92635e-02 |176  0.27252  3.25459e-02 |177  0.00574 -8.88967e-03
178  0.00901  2.34661e-02 |179 -0.14986 -3.16431e-02 |180 -0.12596 -4.74231e-05
181  0.01384  1.88364e-02 |182  0.39347 -8.55907e-03 |183  0.01862  3.84014e-02
184 -0.15449  1.18801e-02 |185  0.09954 -3.20356e-03 |186  0.16371 -3.33598e-02
187  0.21859 -5.76236e-02 |188  0.25719  2.62829e-02 |189  0.02443  1.34150e-01
190 -0.00601  1.36298e-02 |191 -0.17645  7.69608e-02 |192 -0.11455  6.71702e-04
193 -0.68023 -5.40755e-01 |194 -1.35249  5.08172e-03 |195 -0.17011 -1.64633e-03
196 -0.72297  1.77549e-02 |
196 variables; iteration 300; function evaluation 430; phase 4
Function value 7.3086841e+03; maximum gradient component mag -3.2163e-03
Var    Value     Gradient |Var    Value     Gradient |Var    Value     Gradient
  1 -0.42330 -5.85676e-06 |  2  0.37202  1.23992e-04 |  3 -0.12512  5.75263e-05
  4 -0.01513  3.37224e-04 |  5 -0.70931 -8.65123e-05 |  6 -0.60399 -1.65337e-04
  7  0.37581 -8.76972e-04 |  8 -0.18488  8.44651e-05 |  9  0.03386  4.06764e-05
 10 -0.61164 -7.14357e-05 | 11 -0.62328  4.79242e-05 | 12 -0.10427 -3.21628e-03
 13 -0.00993  4.35281e-06 | 14 -0.01014 -1.00241e-04 | 15 -0.01036 -1.14195e-04
 16 -0.01056 -1.21886e-04 | 17 -0.01077 -7.00743e-05 | 18 -0.01096  8.50962e-05
 19 -0.01115  1.01568e-06 | 20 -0.01134 -1.91029e-04 | 21 -0.01151  4.91425e-05
 22 -0.01167 -1.29981e-05 | 23 -0.01182 -1.52240e-04 | 24 -0.01195 -1.99532e-05
 25 -0.01207 -1.12213e-04 | 26 -0.01217  2.27087e-05 | 27 -0.01225 -7.79320e-05
 28 -0.01232 -2.04392e-05 | 29 -0.01236 -8.17589e-05 | 30 -0.01238 -3.83137e-06
 31 -0.01237 -4.01874e-05 | 32 -0.01234  1.10926e-04 | 33 -0.01228 -6.44574e-05
 34 -0.01219  1.72674e-04 | 35 -0.01208 -9.20346e-06 | 36 -0.01193  5.90180e-05
 37 -0.01174 -2.61017e-05 | 38 -0.01152  3.32564e-05 | 39 -0.01126 -9.57456e-05
 40 -0.01095  6.80752e-05 | 41 -0.01062 -3.73101e-05 | 42 -0.01024 -3.84584e-05
 43 -0.00983  1.37849e-04 | 44 -0.00940  1.00662e-05 | 45 -0.00893  3.03766e-06
 46 -0.00846 -8.76306e-05 | 47 -0.00797 -1.98804e-05 | 48 -0.00749  3.08995e-05
 49 -0.00702 -1.54892e-04 | 50 -0.00657 -1.16847e-04 | 51 -0.00616  4.86565e-05
 52 -0.00579  2.04201e-04 | 53 -0.00547 -1.16580e-04 | 54 -0.00520 -1.94836e-04
 55 -0.00497  2.57848e-05 | 56 -0.00475 -7.03617e-06 | 57 -0.00454  1.84679e-04
 58 -0.00431  4.01337e-05 | 59 -0.00403 -6.48098e-05 | 60 -0.00367 -9.98045e-05
 61 -0.00319  3.18573e-05 | 62 -0.00258 -1.95878e-05 | 63 -0.00178  1.84008e-04
 64 -0.00077  6.29530e-06 | 65  0.00050  2.55446e-04 | 66  0.00203  4.13738e-05
 67  0.00387  1.07600e-04 | 68  0.00603 -5.45502e-05 | 69  0.00851 -2.43601e-05
 70  0.01133  5.77148e-05 | 71  0.01443 -2.59188e-05 | 72  0.01777  4.94630e-05
 73  0.02125  3.07842e-05 | 74  0.02472  4.30779e-05 | 75  0.02799  4.44788e-05
 76  0.03083  2.48365e-05 | 77  0.03304  6.92949e-05 | 78  0.03448 -3.08386e-06
 79  0.03512  4.49455e-05 | 80  0.03502  8.21469e-05 | 81  0.03427  2.90703e-06
 82  0.03291  3.61499e-05 | 83  0.03088  2.33459e-05 | 84  0.02808 -8.59718e-06
 85  0.02448  8.32127e-07 | 86  0.02024 -3.49811e-05 | 87  0.01576 -4.11049e-06
 88  0.01157  1.32405e-05 | 89  0.00815  2.88999e-05 | 90  0.00576 -1.55352e-04
 91  0.00439 -2.73887e-05 | 92  0.00382  1.02855e-04 | 93  0.00389 -2.94582e-04
 94  0.00462  1.24107e-04 | 95  0.00622 -4.21102e-05 | 96  0.00890  4.66264e-05
 97  0.01521 -2.03847e-05 | 98  0.03780 -7.92209e-05 | 99  0.01804  5.69025e-05
100  0.00893  1.03606e-04 |101 -0.02828 -3.17791e-04 |102  0.02548 -1.66681e-04
103  0.01991  3.26152e-05 |104 -0.00682 -3.33804e-04 |105  0.01805 -7.72789e-05
106  0.01130 -1.69142e-04 |107  0.01419 -4.44909e-04 |108  0.01449 -4.69084e-04
109  0.03106 -4.95311e-04 |110  0.06232 -1.05186e-03 |111  0.00022 -2.32475e-04
112  0.00686 -7.56471e-05 |113  0.01164 -1.09646e-05 |114  0.02502 -5.86598e-05
115  0.00734 -6.49949e-05 |116 -0.06128 -5.57426e-05 |117 -0.06865  6.50209e-07
118 -0.06988  2.28339e-05 |119 -0.04425  1.87692e-05 |120  0.06034  1.00485e-04
121  0.01401  3.91778e-05 |122  0.01705  6.27233e-05 |123 -0.02898 -5.30490e-06
124 -0.06859 -2.25361e-05 |125 -0.00962  3.48304e-05 |126  0.00127  2.69490e-05
127 -0.02978  2.19656e-05 |128  0.02582 -1.65466e-05 |129  0.06979  5.25463e-05
130  0.00941 -4.43428e-05 |131  0.07938 -3.71803e-05 |132  0.00445 -1.29313e-05
133  0.13077 -1.13064e-05 |134 -0.00576 -6.42597e-05 |135 -0.04740 -4.79394e-06
136 -0.05690  1.92120e-05 |137 -0.02249  1.35699e-05 |138  0.09328  2.13716e-06
139  0.03147  1.88714e-05 |140  0.01638 -8.12645e-06 |141 -0.02809 -1.14318e-05
142 -0.01701  1.46473e-05 |143 -0.00653  9.55526e-05 |144 -0.00040  1.63100e-05
145  0.29337 -9.61359e-05 |146  0.79290 -1.44605e-03 |147  0.04688 -9.18173e-05
148  0.29653  1.16836e-04 |149  0.01671  1.28145e-04 |150 -0.11510 -4.95968e-05
151 -0.47555  2.97195e-05 |152  0.31325 -7.84319e-07 |153  0.04890  4.31880e-05
154 -0.23465  3.72502e-05 |155  0.18300 -1.51263e-04 |156  0.25972  3.74063e-05
157  0.17482 -2.59490e-04 |158  0.25409  1.43220e-04 |159  0.00602 -1.98438e-04
160 -0.09863 -3.28425e-05 |161  0.10359 -3.30722e-05 |162  0.29655  9.83962e-05
163  0.16888 -7.10115e-05 |164  0.24604  3.57790e-05 |165  0.20613 -5.59411e-05
166  0.31684  1.36872e-04 |167  0.07712 -4.10313e-04 |168 -0.52860 -2.94808e-06
169 -0.37854  2.45773e-05 |170  0.23650  1.21880e-04 |171  0.07755  7.22787e-06
172 -0.12164  1.00065e-05 |173  0.04981 -1.27937e-04 |174  0.12028  4.14693e-05
175  0.32036  4.09261e-05 |176  0.27252  9.80690e-05 |177  0.00577 -9.98049e-05
178  0.00901  6.13807e-05 |179 -0.14985 -1.17962e-04 |180 -0.12596  3.66314e-06
181  0.01387  6.43311e-05 |182  0.39349 -9.50864e-06 |183  0.01858  6.24964e-05
184 -0.15448  6.32543e-05 |185  0.09956  2.06113e-04 |186  0.16372 -5.55365e-05
187  0.21861 -2.11464e-04 |188  0.25719  1.20916e-04 |189  0.02442  3.48607e-04
190 -0.00602  6.57087e-05 |191 -0.17645  1.30096e-04 |192 -0.11454  3.57163e-05
193 -0.63272 -2.47262e-03 |194 -1.95223 -1.24210e-04 |195 -0.20574 -1.05176e-03
196 -0.79166  2.81561e-05 |
196 variables; iteration 320; function evaluation 450; phase 4
Function value 7.3086841e+03; maximum gradient component mag -1.1370e-03
Var    Value     Gradient |Var    Value     Gradient |Var    Value     Gradient
  1 -0.42330 -3.19226e-05 |  2  0.37202  1.05700e-04 |  3 -0.12512  3.26807e-05
  4 -0.01513  8.66517e-05 |  5 -0.70931 -3.74210e-05 |  6 -0.60399 -2.56253e-05
  7  0.37581 -2.27869e-04 |  8 -0.18488 -9.35433e-06 |  9  0.03386 -6.36116e-06
 10 -0.61164 -2.86043e-05 | 11 -0.62328 -2.56110e-05 | 12 -0.10428 -1.13696e-03
 13 -0.00993  1.49521e-05 | 14 -0.01014 -2.98844e-06 | 15 -0.01035 -1.17689e-05
 16 -0.01056 -9.28707e-06 | 17 -0.01077  4.70407e-06 | 18 -0.01096  9.44823e-06
 19 -0.01115 -5.65945e-06 | 20 -0.01134 -8.54058e-06 | 21 -0.01151  1.78655e-06
 22 -0.01167  9.92351e-07 | 23 -0.01182 -5.70957e-06 | 24 -0.01195  4.49921e-06
 25 -0.01207 -5.99142e-06 | 26 -0.01217 -1.67241e-06 | 27 -0.01225 -1.49782e-05
 28 -0.01232  3.11546e-06 | 29 -0.01236 -4.99300e-06 | 30 -0.01238  2.05085e-06
 31 -0.01237 -7.01571e-06 | 32 -0.01234  1.31573e-05 | 33 -0.01228 -9.50974e-07
 34 -0.01219  4.36545e-06 | 35 -0.01208  1.59475e-06 | 36 -0.01193  4.82037e-06
 37 -0.01174 -2.59433e-06 | 38 -0.01152  3.02886e-06 | 39 -0.01126 -4.08933e-06
 40 -0.01095  8.76838e-06 | 41 -0.01062 -1.41861e-06 | 42 -0.01024 -2.29539e-06
 43 -0.00983  7.55756e-06 | 44 -0.00940 -8.30155e-06 | 45 -0.00893 -3.04373e-06
 46 -0.00846 -4.81610e-06 | 47 -0.00797 -7.73081e-06 | 48 -0.00749  1.31481e-05
 49 -0.00702 -1.89603e-06 | 50 -0.00657 -1.22475e-05 | 51 -0.00616  3.98331e-06
 52 -0.00579  9.00909e-06 | 53 -0.00547  3.76499e-06 | 54 -0.00520 -9.58408e-06
 55 -0.00497 -1.30098e-05 | 56 -0.00475 -1.12431e-05 | 57 -0.00454  1.33347e-05
 58 -0.00431  2.59181e-06 | 59 -0.00403 -6.50561e-06 | 60 -0.00367 -7.23439e-07
 61 -0.00319  2.59247e-06 | 62 -0.00258 -1.23766e-05 | 63 -0.00178 -2.43759e-06
 64 -0.00076  1.27536e-05 | 65  0.00049 -2.21973e-06 | 66  0.00203  1.17375e-05
 67  0.00387 -4.40080e-06 | 68  0.00603 -6.86607e-06 | 69  0.00852  6.84477e-07
 70  0.01133 -4.47093e-06 | 71  0.01443  2.98170e-06 | 72  0.01777 -1.23295e-06
 73  0.02125  7.90088e-07 | 74  0.02472 -2.56478e-08 | 75  0.02799 -2.91647e-06
 76  0.03083  2.53000e-06 | 77  0.03304  1.19410e-08 | 78  0.03448  5.19572e-06
 79  0.03512  2.58630e-06 | 80  0.03502 -2.25921e-06 | 81  0.03427  6.49946e-06
 82  0.03291  2.93925e-06 | 83  0.03088  4.88400e-06 | 84  0.02808  6.62138e-06
 85  0.02448  5.34149e-06 | 86  0.02024  5.56027e-06 | 87  0.01576  4.28601e-06
 88  0.01157  3.22166e-06 | 89  0.00815  4.14912e-06 | 90  0.00576 -6.93959e-06
 91  0.00439  1.39266e-05 | 92  0.00382  1.05698e-05 | 93  0.00389 -9.35090e-06
 94  0.00462  1.02313e-05 | 95  0.00622  4.31341e-06 | 96  0.00891  2.18082e-06
 97  0.01521  7.26285e-07 | 98  0.03780 -5.08956e-05 | 99  0.01804 -7.94403e-06
100  0.00893 -1.03201e-05 |101 -0.02828 -8.60956e-05 |102  0.02548 -1.47589e-05
103  0.01991 -1.69642e-05 |104 -0.00682 -1.46173e-04 |105  0.01805 -3.82564e-05
106  0.01131 -1.65016e-05 |107  0.01419 -1.64591e-04 |108  0.01449 -3.65519e-05
109  0.03106 -1.12336e-05 |110  0.06232 -1.75116e-04 |111  0.00022 -3.43300e-05
112  0.00686 -3.10268e-06 |113  0.01164 -1.08430e-05 |114  0.02502 -1.13885e-05
115  0.00734 -1.13204e-05 |116 -0.06128 -5.62285e-06 |117 -0.06865 -7.93726e-06
118 -0.06988 -7.78377e-06 |119 -0.04425 -9.52632e-06 |120  0.06034 -2.14886e-05
121  0.01401 -1.22077e-05 |122  0.01704 -1.22752e-05 |123 -0.02898 -8.22849e-06
124 -0.06859 -3.95990e-06 |125 -0.00962 -6.92495e-06 |126  0.00127 -7.93629e-06
127 -0.02978 -6.50061e-06 |128  0.02582 -6.57716e-06 |129  0.06979 -8.53420e-06
130  0.00941 -2.39505e-06 |131  0.07938 -4.01124e-06 |132  0.00445 -3.22191e-06
133  0.13077 -5.49392e-06 |134 -0.00576 -2.29066e-06 |135 -0.04740 -2.33956e-06
136 -0.05690 -2.29460e-06 |137 -0.02249 -6.48885e-07 |138  0.09328 -2.73399e-06
139  0.03147 -2.01177e-06 |140  0.01638 -3.77393e-07 |141 -0.02809 -5.72233e-07
142 -0.01701  3.40702e-07 |143 -0.00653 -2.55358e-06 |144 -0.00040  5.40259e-06
145  0.29338  2.07584e-05 |146  0.79291 -3.98280e-04 |147  0.04689  3.19423e-05
148  0.29653 -3.17806e-05 |149  0.01671  9.78562e-06 |150 -0.11510  1.71029e-05
151 -0.47555  8.53048e-07 |152  0.31325 -6.78346e-07 |153  0.04890  1.22112e-06
154 -0.23464 -8.51768e-07 |155  0.18300  1.97836e-05 |156  0.25972 -2.54950e-05
157  0.17482  7.46261e-06 |158  0.25409 -8.60770e-06 |159  0.00602  7.90832e-06
160 -0.09863  7.43779e-06 |161  0.10359  7.78453e-07 |162  0.29655 -1.99235e-05
163  0.16888  8.93560e-06 |164  0.24604 -1.14923e-05 |165  0.20613  1.24235e-06
166  0.31684 -3.82106e-06 |167  0.07712 -3.65398e-06 |168 -0.52857 -1.26208e-08
169 -0.37854 -2.26008e-06 |170  0.23650 -4.50079e-07 |171  0.07755 -1.11829e-05
172 -0.12164  2.06068e-05 |173  0.04981  9.92217e-06 |174  0.12028  1.15243e-05
175  0.32036 -4.35323e-06 |176  0.27252 -1.00358e-05 |177  0.00577  8.84704e-06
178  0.00901  5.58305e-06 |179 -0.14985  1.86102e-05 |180 -0.12596  6.42649e-06
181  0.01387  3.17369e-06 |182  0.39349 -5.57721e-07 |183  0.01858  1.12688e-06
184 -0.15448 -2.22573e-06 |185  0.09956  5.78557e-05 |186  0.16372  6.27931e-05
187  0.21861 -3.09267e-05 |188  0.25719 -6.69912e-05 |189  0.02442  4.29345e-05
190 -0.00602  2.91942e-05 |191 -0.17645  1.82442e-05 |192 -0.11454  5.30802e-05
193 -0.62964 -4.88194e-04 |194 -1.95438  2.46199e-05 |195 -0.20719 -1.05869e-03
196 -0.79190 -1.01696e-05 |
196 variables; iteration 340; function evaluation 471; phase 4
Function value 7.3086841e+03; maximum gradient component mag -7.2732e-03
Var    Value     Gradient |Var    Value     Gradient |Var    Value     Gradient
  1 -0.42330  1.42051e-04 |  2  0.37202 -1.39373e-03 |  3 -0.12512  7.83811e-05
  4 -0.01513 -9.70704e-05 |  5 -0.70931  6.41838e-04 |  6 -0.60399 -3.39110e-04
  7  0.37581  3.45053e-03 |  8 -0.18488  1.00777e-03 |  9  0.03386  2.16088e-03
 10 -0.61164  8.19298e-05 | 11 -0.62328 -3.38916e-04 | 12 -0.10427 -7.27325e-03
 13 -0.00993 -7.00275e-05 | 14 -0.01014 -2.83830e-04 | 15 -0.01036 -1.99343e-04
 16 -0.01056 -1.44031e-04 | 17 -0.01077 -4.82686e-04 | 18 -0.01096  1.27424e-04
 19 -0.01115  3.96694e-05 | 20 -0.01134 -8.38179e-04 | 21 -0.01151  4.03397e-06
 22 -0.01167 -3.83738e-04 | 23 -0.01182 -7.32687e-04 | 24 -0.01195  1.50215e-04
 25 -0.01207 -8.60270e-04 | 26 -0.01217 -3.32219e-04 | 27 -0.01226 -6.92032e-04
 28 -0.01232 -9.53339e-05 | 29 -0.01236 -6.42345e-04 | 30 -0.01238 -1.30967e-04
 31 -0.01237  1.37257e-04 | 32 -0.01233  9.23487e-04 | 33 -0.01228 -1.58150e-04
 34 -0.01219  6.49824e-04 | 35 -0.01207  5.02293e-04 | 36 -0.01192  7.76917e-04
 37 -0.01174 -2.13222e-04 | 38 -0.01152  1.93768e-04 | 39 -0.01126 -3.42999e-04
 40 -0.01095  9.90804e-05 | 41 -0.01062 -1.20326e-04 | 42 -0.01024 -8.04551e-05
 43 -0.00983  8.19410e-04 | 44 -0.00940 -6.75653e-04 | 45 -0.00894 -2.47550e-04
 46 -0.00846 -8.55475e-05 | 47 -0.00797 -5.72229e-04 | 48 -0.00748  4.63411e-04
 49 -0.00702 -2.25230e-04 | 50 -0.00657 -2.52475e-04 | 51 -0.00616 -6.18471e-04
 52 -0.00579  6.66709e-04 | 53 -0.00547  7.58593e-05 | 54 -0.00520 -1.69682e-04
 55 -0.00497  2.09253e-04 | 56 -0.00476 -7.42869e-04 | 57 -0.00454  1.62480e-04
 58 -0.00431  6.43475e-05 | 59 -0.00403 -1.37866e-04 | 60 -0.00367  2.57613e-04
 61 -0.00320 -6.11401e-05 | 62 -0.00258  6.36576e-05 | 63 -0.00178 -6.93883e-05
 64 -0.00076  7.96641e-04 | 65  0.00049 -1.23263e-04 | 66  0.00203  4.40698e-04
 67  0.00387  2.60562e-04 | 68  0.00603  3.52448e-04 | 69  0.00852  5.95854e-04
 70  0.01133  4.13985e-04 | 71  0.01443  5.42399e-04 | 72  0.01777  4.83451e-04
 73  0.02125  3.49803e-04 | 74  0.02472  3.75648e-04 | 75  0.02799  2.41719e-04
 76  0.03083  3.35600e-04 | 77  0.03304  3.00670e-04 | 78  0.03448  2.30693e-04
 79  0.03512  3.54768e-04 | 80  0.03502  1.42601e-04 | 81  0.03427  1.45386e-04
 82  0.03291  1.24262e-04 | 83  0.03088  4.20448e-05 | 84  0.02808  2.42627e-05
 85  0.02448 -8.88856e-05 | 86  0.02024 -1.51839e-04 | 87  0.01576 -5.23104e-05
 88  0.01157 -2.20732e-04 | 89  0.00815 -1.96423e-04 | 90  0.00576 -3.99874e-04
 91  0.00439  1.72933e-04 | 92  0.00382 -2.97667e-04 | 93  0.00389 -3.30853e-04
 94  0.00461 -1.31596e-04 | 95  0.00622  2.24493e-04 | 96  0.00890  7.76299e-05
 97  0.01521  2.27444e-04 | 98  0.03780 -9.39747e-04 | 99  0.01804  6.14529e-05
100  0.00893 -2.16362e-04 |101 -0.02828 -7.94326e-04 |102  0.02548  3.92313e-04
103  0.01990 -3.83891e-04 |104 -0.00682 -7.93522e-04 |105  0.01805  1.37061e-06
106  0.01131 -5.21750e-04 |107  0.01419 -2.56761e-03 |108  0.01450 -5.25725e-04
109  0.03106 -1.94400e-03 |110  0.06232 -6.70096e-04 |111  0.00022 -5.43979e-04
112  0.00687  3.22025e-04 |113  0.01164  2.44994e-04 |114  0.02502  9.10725e-06
115  0.00734 -5.13698e-04 |116 -0.06128 -3.92142e-04 |117 -0.06865 -2.24342e-04
118 -0.06988 -1.29615e-05 |119 -0.04425  1.26918e-04 |120  0.06034  1.81131e-04
121  0.01401  3.59677e-04 |122  0.01705  9.94989e-05 |123 -0.02898 -2.80410e-04
124 -0.06859  1.58417e-04 |125 -0.00962  3.36165e-04 |126  0.00127  1.02005e-04
127 -0.02978 -6.90174e-06 |128  0.02582  1.11534e-05 |129  0.06979  8.14245e-05
130  0.00941 -1.69839e-04 |131  0.07938 -2.48517e-04 |132  0.00445 -1.40336e-04
133  0.13078  1.07735e-04 |134 -0.00576 -4.29253e-04 |135 -0.04740 -1.05757e-05
136 -0.05690  1.54538e-04 |137 -0.02249  9.41675e-05 |138  0.09328  8.04753e-05
139  0.03147  1.64278e-04 |140  0.01638  1.49682e-04 |141 -0.02809  1.22344e-04
142 -0.01701  2.14565e-04 |143 -0.00653  3.31707e-04 |144 -0.00040  1.48203e-04
145  0.29337  1.90169e-04 |146  0.79289 -2.89328e-03 |147  0.04688  2.09843e-04
148  0.29653  5.23386e-05 |149  0.01671  1.44554e-03 |150 -0.11510  1.78100e-05
151 -0.47555  2.18504e-04 |152  0.31325 -1.50951e-04 |153  0.04891  7.07655e-04
154 -0.23464  3.24040e-04 |155  0.18299 -8.15982e-04 |156  0.25972 -6.30902e-05
157  0.17482 -1.70712e-03 |158  0.25409  7.35208e-04 |159  0.00602 -1.23519e-03
160 -0.09863  6.45435e-04 |161  0.10359 -4.47315e-04 |162  0.29655  2.99191e-04
163  0.16888 -3.66926e-04 |164  0.24604  4.34553e-04 |165  0.20613  3.08880e-04
166  0.31684  1.45657e-04 |167  0.07713  4.15541e-03 |168 -0.52851  5.08711e-06
169 -0.37855 -6.51800e-04 |170  0.23649  8.57430e-04 |171  0.07755 -1.42637e-04
172 -0.12164  7.55537e-04 |173  0.04981  2.25732e-04 |174  0.12028  5.02085e-06
175  0.32036 -3.34590e-05 |176  0.27252  3.58647e-04 |177  0.00577 -4.81716e-05
178  0.00901  1.14074e-05 |179 -0.14985 -1.53726e-04 |180 -0.12596 -2.51831e-04
181  0.01387  2.86178e-04 |182  0.39348 -2.60001e-04 |183  0.01858  6.89987e-04
184 -0.15448  3.85548e-04 |185  0.09956 -7.00532e-04 |186  0.16372  1.59002e-04
187  0.21861 -7.77633e-04 |188  0.25719 -3.16069e-04 |189  0.02442  1.19106e-03
190 -0.00602  3.60301e-04 |191 -0.17645  6.42202e-04 |192 -0.11454 -8.09618e-05
193 -0.63121 -1.00503e-03 |194 -1.95747 -5.02590e-04 |195 -0.18877 -1.18485e-05
196 -0.79220 -6.69743e-05 |

 - final statistics:
196 variables; iteration 345; function evaluation 476
Function value 7.3087e+03; maximum gradient component mag 2.0493e-04
Exit code = 1;  converg criter 1.0000e-03
Var    Value     Gradient |Var    Value     Gradient |Var    Value     Gradient
  1 -0.42330 -1.21659e-04 |  2  0.37202 -1.07374e-04 |  3 -0.12512 -8.04679e-05
  4 -0.01513 -1.01737e-04 |  5 -0.70931 -7.64631e-06 |  6 -0.60399  8.88542e-06
  7  0.37581 -8.07079e-05 |  8 -0.18488 -9.33750e-05 |  9  0.03386 -8.81942e-05
 10 -0.61164  7.40223e-06 | 11 -0.62328 -2.59148e-05 | 12 -0.10428  2.04931e-04
 13 -0.00993 -1.17720e-05 | 14 -0.01014  9.28599e-07 | 15 -0.01035  3.74911e-07
 16 -0.01056 -7.88747e-07 | 17 -0.01077 -6.42868e-07 | 18 -0.01096  1.41174e-05
 19 -0.01115  1.18667e-05 | 20 -0.01134 -9.72766e-06 | 21 -0.01151  1.09178e-05
 22 -0.01167 -2.60905e-06 | 23 -0.01182 -2.25711e-06 | 24 -0.01195  1.65760e-07
 25 -0.01207 -1.18345e-05 | 26 -0.01217  6.53768e-07 | 27 -0.01225  1.71407e-06
 28 -0.01232  2.62727e-06 | 29 -0.01236 -1.03757e-05 | 30 -0.01238  6.76589e-06
 31 -0.01237  1.11814e-05 | 32 -0.01234  2.64200e-05 | 33 -0.01228 -1.35607e-05
 34 -0.01219  1.92993e-05 | 35 -0.01208  7.09143e-06 | 36 -0.01193  1.81029e-05
 37 -0.01174 -7.68845e-07 | 38 -0.01152  1.52667e-05 | 39 -0.01126 -3.17956e-06
 40 -0.01095  1.09820e-05 | 41 -0.01062  4.12917e-06 | 42 -0.01024  6.83686e-06
 43 -0.00983  2.40862e-05 | 44 -0.00940 -6.59747e-06 | 45 -0.00893 -9.06944e-07
 46 -0.00846 -1.23687e-05 | 47 -0.00797  2.81830e-06 | 48 -0.00749  1.20720e-06
 49 -0.00701  4.42673e-06 | 50 -0.00657 -4.25027e-06 | 51 -0.00616  5.40938e-06
 52 -0.00579  1.34754e-05 | 53 -0.00547 -4.61228e-06 | 54 -0.00520 -9.44322e-06
 55 -0.00497  1.47110e-06 | 56 -0.00475 -1.37235e-05 | 57 -0.00454  9.69277e-06
 58 -0.00431 -7.82515e-06 | 59 -0.00403  6.05714e-06 | 60 -0.00367 -4.68347e-06
 61 -0.00319  2.34229e-06 | 62 -0.00258 -9.26497e-06 | 63 -0.00178 -5.78706e-06
 64 -0.00076  1.09208e-06 | 65  0.00049 -5.76847e-06 | 66  0.00203  3.77243e-06
 67  0.00387 -8.31027e-06 | 68  0.00603 -1.29084e-05 | 69  0.00852 -5.78205e-06
 70  0.01133 -1.18662e-05 | 71  0.01443 -5.64744e-07 | 72  0.01777 -1.01831e-05
 73  0.02125  3.86922e-07 | 74  0.02472 -2.98756e-06 | 75  0.02799 -3.03904e-06
 76  0.03083  2.90700e-06 | 77  0.03304 -3.55077e-06 | 78  0.03448  1.27043e-05
 79  0.03512 -1.54182e-06 | 80  0.03502 -3.77287e-06 | 81  0.03427  1.09833e-05
 82  0.03291  3.97028e-06 | 83  0.03088  8.61024e-06 | 84  0.02808  1.31125e-05
 85  0.02448  1.30766e-05 | 86  0.02024  1.55936e-05 | 87  0.01576  3.97933e-06
 88  0.01157  9.51648e-06 | 89  0.00815  1.31454e-05 | 90  0.00576  2.88923e-06
 91  0.00439  1.54240e-05 | 92  0.00382  1.65124e-05 | 93  0.00389  7.85347e-06
 94  0.00462  1.33752e-05 | 95  0.00622  9.79327e-06 | 96  0.00891  3.84802e-06
 97  0.01521  5.94011e-06 | 98  0.03780  2.56785e-05 | 99  0.01804  1.66382e-05
100  0.00893  8.77707e-06 |101 -0.02828  9.23383e-06 |102  0.02548  3.71679e-06
103  0.01991  1.69333e-05 |104 -0.00682  6.76693e-05 |105  0.01805 -2.12745e-06
106  0.01131  1.90038e-05 |107  0.01419  3.14756e-05 |108  0.01449  8.42917e-06
109  0.03106  1.61749e-05 |110  0.06231 -6.89567e-05 |111  0.00022  1.05680e-05
112  0.00686 -2.05881e-05 |113  0.01164 -2.94617e-05 |114  0.02502 -1.85141e-05
115  0.00734 -9.46730e-06 |116 -0.06128 -6.13642e-06 |117 -0.06865 -1.17478e-05
118 -0.06988 -1.51270e-05 |119 -0.04425 -1.69805e-05 |120  0.06034 -3.34566e-05
121  0.01401 -2.36503e-05 |122  0.01704 -1.76351e-05 |123 -0.02898 -5.44030e-06
124 -0.06859 -8.70803e-06 |125 -0.00962 -1.33739e-05 |126  0.00127 -1.26254e-05
127 -0.02978 -8.31897e-06 |128  0.02582 -1.12657e-05 |129  0.06979 -9.08567e-06
130  0.00941 -3.45732e-07 |131  0.07938 -3.40734e-06 |132  0.00445 -4.85568e-06
133  0.13077 -1.26405e-05 |134 -0.00576  4.00821e-06 |135 -0.04740 -3.39417e-06
136 -0.05690 -3.29305e-06 |137 -0.02249 -1.62866e-06 |138  0.09328 -7.12301e-06
139  0.03147 -3.07748e-06 |140  0.01638 -6.83850e-07 |141 -0.02809  4.39549e-07
142 -0.01701  3.25765e-06 |143 -0.00653  8.21515e-07 |144 -0.00040  4.08814e-06
145  0.29338  3.97531e-05 |146  0.79292  3.56113e-05 |147  0.04689  4.14194e-05
148  0.29653 -4.92996e-05 |149  0.01671 -1.43196e-05 |150 -0.11510  3.19083e-05
151 -0.47555 -6.11948e-06 |152  0.31325  6.96710e-07 |153  0.04890 -1.79998e-05
154 -0.23464 -8.02426e-06 |155  0.18300  4.18142e-05 |156  0.25972 -3.47175e-05
157  0.17482  5.70555e-05 |158  0.25409 -3.15419e-05 |159  0.00602  4.79431e-05
160 -0.09863  1.67079e-05 |161  0.10359  1.07452e-05 |162  0.29655 -3.64963e-05
163  0.16888  2.63698e-05 |164  0.24604 -3.06651e-05 |165  0.20613  1.92188e-05
166  0.31684 -2.47435e-05 |167  0.07712  4.19285e-05 |168 -0.52856  1.76559e-07
169 -0.37854  7.39898e-06 |170  0.23650 -3.46763e-05 |171  0.07755 -7.39027e-07
172 -0.12164  4.57148e-06 |173  0.04981  3.29986e-05 |174  0.12028  2.54762e-05
175  0.32036 -3.16118e-06 |176  0.27252 -3.32687e-05 |177  0.00577  2.73916e-05
178  0.00901  1.10523e-05 |179 -0.14985  3.96796e-05 |180 -0.12596  2.41160e-05
181  0.01387 -6.43606e-06 |182  0.39349  8.93298e-06 |183  0.01858 -1.87695e-05
184 -0.15448 -1.73507e-05 |185  0.09956  1.07621e-04 |186  0.16372  8.33213e-05
187  0.21861 -3.05087e-05 |188  0.25719 -9.01755e-05 |189  0.02442  5.29551e-05
190 -0.00602  2.68017e-05 |191 -0.17645  3.08530e-05 |192 -0.11454  1.01202e-04
193 -0.63075  1.09741e-06 |194 -1.95331  5.70035e-07 |195 -0.18930 -1.89932e-06
196 -0.79185  1.24437e-07 |

 - final statistics:
209 variables; iteration 0; function evaluation 0
Function value 7.3087e+03; maximum gradient component mag 2.0493e-04
Exit code = 0;  converg criter 1.0000e-03
Var    Value     Gradient |Var    Value     Gradient |Var    Value     Gradient
  1 -0.42330 -1.21659e-04 |  2  0.37202 -1.07374e-04 |  3 -0.12512 -8.04679e-05
  4 -0.01513 -1.01737e-04 |  5 -0.70931 -7.64631e-06 |  6 -0.60399  8.88544e-06
  7  0.37581 -8.07079e-05 |  8 -0.18488 -9.33750e-05 |  9  0.03386 -8.81942e-05
 10 -0.61164  7.40223e-06 | 11 -0.62328 -2.59148e-05 | 12 -0.10428  2.04931e-04
 13 -0.00993 -1.17720e-05 | 14 -0.01014  9.28599e-07 | 15 -0.01035  3.74911e-07
 16 -0.01056 -7.88747e-07 | 17 -0.01077 -6.42868e-07 | 18 -0.01096  1.41174e-05
 19 -0.01115  1.18667e-05 | 20 -0.01134 -9.72766e-06 | 21 -0.01151  1.09178e-05
 22 -0.01167 -2.60905e-06 | 23 -0.01182 -2.25711e-06 | 24 -0.01195  1.65760e-07
 25 -0.01207 -1.18345e-05 | 26 -0.01217  6.53768e-07 | 27 -0.01225  1.71407e-06
 28 -0.01232  2.62727e-06 | 29 -0.01236 -1.03757e-05 | 30 -0.01238  6.76589e-06
 31 -0.01237  1.11814e-05 | 32 -0.01234  2.64200e-05 | 33 -0.01228 -1.35607e-05
 34 -0.01219  1.92993e-05 | 35 -0.01208  7.09143e-06 | 36 -0.01193  1.81029e-05
 37 -0.01174 -7.68845e-07 | 38 -0.01152  1.52667e-05 | 39 -0.01126 -3.17956e-06
 40 -0.01095  1.09820e-05 | 41 -0.01062  4.12917e-06 | 42 -0.01024  6.83686e-06
 43 -0.00983  2.40862e-05 | 44 -0.00940 -6.59747e-06 | 45 -0.00893 -9.06944e-07
 46 -0.00846 -1.23687e-05 | 47 -0.00797  2.81830e-06 | 48 -0.00749  1.20720e-06
 49 -0.00701  4.42673e-06 | 50 -0.00657 -4.25027e-06 | 51 -0.00616  5.40938e-06
 52 -0.00579  1.34754e-05 | 53 -0.00547 -4.61228e-06 | 54 -0.00520 -9.44322e-06
 55 -0.00497  1.47110e-06 | 56 -0.00475 -1.37235e-05 | 57 -0.00454  9.69277e-06
 58 -0.00431 -7.82515e-06 | 59 -0.00403  6.05714e-06 | 60 -0.00367 -4.68347e-06
 61 -0.00319  2.34229e-06 | 62 -0.00258 -9.26497e-06 | 63 -0.00178 -5.78706e-06
 64 -0.00076  1.09208e-06 | 65  0.00049 -5.76847e-06 | 66  0.00203  3.77243e-06
 67  0.00387 -8.31027e-06 | 68  0.00603 -1.29084e-05 | 69  0.00852 -5.78205e-06
 70  0.01133 -1.18662e-05 | 71  0.01443 -5.64744e-07 | 72  0.01777 -1.01831e-05
 73  0.02125  3.86922e-07 | 74  0.02472 -2.98756e-06 | 75  0.02799 -3.03904e-06
 76  0.03083  2.90700e-06 | 77  0.03304 -3.55077e-06 | 78  0.03448  1.27043e-05
 79  0.03512 -1.54182e-06 | 80  0.03502 -3.77287e-06 | 81  0.03427  1.09833e-05
 82  0.03291  3.97028e-06 | 83  0.03088  8.61024e-06 | 84  0.02808  1.31125e-05
 85  0.02448  1.30766e-05 | 86  0.02024  1.55936e-05 | 87  0.01576  3.97933e-06
 88  0.01157  9.51648e-06 | 89  0.00815  1.31454e-05 | 90  0.00576  2.88923e-06
 91  0.00439  1.54240e-05 | 92  0.00382  1.65124e-05 | 93  0.00389  7.85347e-06
 94  0.00462  1.33752e-05 | 95  0.00622  9.79327e-06 | 96  0.00891  3.84802e-06
 97  0.01521  5.94011e-06 | 98  0.03780  2.56785e-05 | 99  0.01804  1.66382e-05
100  0.00893  8.77707e-06 |101 -0.02828  9.23383e-06 |102  0.02548  3.71679e-06
103  0.01991  1.69333e-05 |104 -0.00682  6.76693e-05 |105  0.01805 -2.12745e-06
106  0.01131  1.90038e-05 |107  0.01419  3.14756e-05 |108  0.01449  8.42917e-06
109  0.03106  1.61749e-05 |110  0.06231 -6.89567e-05 |111  0.00022  1.05680e-05
112  0.00686 -2.05881e-05 |113  0.01164 -2.94617e-05 |114  0.02502 -1.85141e-05
115  0.00734 -9.46730e-06 |116 -0.06128 -6.13642e-06 |117 -0.06865 -1.17478e-05
118 -0.06988 -1.51270e-05 |119 -0.04425 -1.69805e-05 |120  0.06034 -3.34566e-05
121  0.01401 -2.36503e-05 |122  0.01704 -1.76351e-05 |123 -0.02898 -5.44030e-06
124 -0.06859 -8.70803e-06 |125 -0.00962 -1.33739e-05 |126  0.00127 -1.26254e-05
127 -0.02978 -8.31897e-06 |128  0.02582 -1.12657e-05 |129  0.06979 -9.08567e-06
130  0.00941 -3.45733e-07 |131  0.07938 -3.40734e-06 |132  0.00445 -4.85568e-06
133  0.13077 -1.26405e-05 |134 -0.00576  4.00821e-06 |135 -0.04740 -3.39417e-06
136 -0.05690 -3.29305e-06 |137 -0.02249 -1.62866e-06 |138  0.09328 -7.12301e-06
139  0.03147 -3.07748e-06 |140  0.01638 -6.83850e-07 |141 -0.02809  4.39549e-07
142 -0.01701  3.25765e-06 |143 -0.00653  8.21515e-07 |144 -0.00040  4.08814e-06
145  0.00000  0.00000e+00 |146  0.00000  0.00000e+00 |147  0.00000  0.00000e+00
148  0.00000  0.00000e+00 |149  0.00000  0.00000e+00 |150  0.00000  0.00000e+00
151  0.00000  0.00000e+00 |152  0.00000  0.00000e+00 |153  0.00000  0.00000e+00
154  0.00000  0.00000e+00 |155  0.00000  0.00000e+00 |156  0.00000  0.00000e+00
157  0.00000  0.00000e+00 |158  0.29338  3.97531e-05 |159  0.79292  3.56113e-05
160  0.04689  4.14194e-05 |161  0.29653 -4.92996e-05 |162  0.01671 -1.43196e-05
163 -0.11510  3.19083e-05 |164 -0.47555 -6.11948e-06 |165  0.31325  6.96710e-07
166  0.04890 -1.79998e-05 |167 -0.23464 -8.02426e-06 |168  0.18300  4.18142e-05
169  0.25972 -3.47175e-05 |170  0.17482  5.70555e-05 |171  0.25409 -3.15419e-05
172  0.00602  4.79431e-05 |173 -0.09863  1.67079e-05 |174  0.10359  1.07452e-05
175  0.29655 -3.64963e-05 |176  0.16888  2.63698e-05 |177  0.24604 -3.06651e-05
178  0.20613  1.92188e-05 |179  0.31684 -2.47435e-05 |180  0.07712  4.19285e-05
181 -0.52856  1.76559e-07 |182 -0.37854  7.39898e-06 |183  0.23650 -3.46763e-05
184  0.07755 -7.39027e-07 |185 -0.12164  4.57148e-06 |186  0.04981  3.29986e-05
187  0.12028  2.54762e-05 |188  0.32036 -3.16118e-06 |189  0.27252 -3.32687e-05
190  0.00577  2.73916e-05 |191  0.00901  1.10523e-05 |192 -0.14985  3.96796e-05
193 -0.12596  2.41160e-05 |194  0.01387 -6.43606e-06 |195  0.39349  8.93298e-06
196  0.01858 -1.87695e-05 |197 -0.15448 -1.73507e-05 |198  0.09956  1.07621e-04
199  0.16372  8.33213e-05 |200  0.21861 -3.05087e-05 |201  0.25719 -9.01755e-05
202  0.02442  5.29551e-05 |203 -0.00602  2.68017e-05 |204 -0.17645  3.08530e-05
205 -0.11454  1.01202e-04 |206 -0.63075  1.09741e-06 |207 -0.04669 -5.70035e-07
208 -0.18930 -1.89932e-06 |209 -0.79185  1.24437e-07 |
size of file gradfil1.tmp = 0
size of file gradfil2.tmp = 0
size of file varssave.tmp = 0
size of file cmpdiff.tmp = 1000000040
