
Initial statistics: 136 variables; iteration 0; function evaluation 0; phase 1
Function value 3.4864378e+03; maximum gradient component mag 8.9031e+01
Var    Value     Gradient |Var    Value     Gradient |Var    Value     Gradient
  1 -0.42334  7.50556e+01 |  2 -0.09289  8.90308e+01 |  3 -0.01009  3.47430e-02
  4 -0.01031  5.18306e-02 |  5 -0.01053  7.13621e-02 |  6 -0.01074  9.35897e-02
  7 -0.01095  1.18803e-01 |  8 -0.01115  1.47313e-01 |  9 -0.01135  1.79430e-01
 10 -0.01153  2.15488e-01 | 11 -0.01171  2.55855e-01 | 12 -0.01187  3.00900e-01
 13 -0.01203  3.51012e-01 | 14 -0.01217  4.06633e-01 | 15 -0.01229  4.68201e-01
 16 -0.01240  5.36196e-01 | 17 -0.01249  6.11104e-01 | 18 -0.01255  6.93392e-01
 19 -0.01260  7.83456e-01 | 20 -0.01262  8.81661e-01 | 21 -0.01262  9.88398e-01
 22 -0.01260  1.10408e+00 | 23 -0.01254  1.22912e+00 | 24 -0.01246  1.36391e+00
 25 -0.01235  1.50873e+00 | 26 -0.01220  1.66372e+00 | 27 -0.01202  1.82883e+00
 28 -0.01180  2.00381e+00 | 29 -0.01154  2.18824e+00 | 30 -0.01124  2.38138e+00
 31 -0.01091  2.58299e+00 | 32 -0.01054  2.79237e+00 | 33 -0.01013  3.00892e+00
 34 -0.00969  3.23190e+00 | 35 -0.00923  3.46039e+00 | 36 -0.00876  3.69327e+00
 37 -0.00827  3.92952e+00 | 38 -0.00779  4.16808e+00 | 39 -0.00732  4.40810e+00
 40 -0.00687  4.64885e+00 | 41 -0.00646  4.88952e+00 | 42 -0.00610  5.12912e+00
 43 -0.00578  5.36743e+00 | 44 -0.00550  5.60532e+00 | 45 -0.00527  5.84534e+00
 46 -0.00505  6.09233e+00 | 47 -0.00484  6.35251e+00 | 48 -0.00461  6.63207e+00
 49 -0.00433  6.93892e+00 | 50 -0.00397  7.28102e+00 | 51 -0.00351  7.66769e+00
 52 -0.00290  8.10731e+00 | 53 -0.00211  8.60932e+00 | 54 -0.00112  9.18384e+00
 55  0.00012  9.83753e+00 | 56  0.00162  1.05859e+01 | 57  0.00342  1.14334e+01
 58  0.00553  1.23837e+01 | 59  0.00797  1.34402e+01 | 60  0.01071  1.45997e+01
 61  0.01374  1.58542e+01 | 62  0.01700  1.71841e+01 | 63  0.02037  1.85597e+01
 64  0.02373  1.99357e+01 | 65  0.02687  2.12473e+01 | 66  0.02959  2.24109e+01
 67  0.03168  2.33400e+01 | 68  0.03301  2.39576e+01 | 69  0.03358  2.42097e+01
 70  0.03344  2.40783e+01 | 71  0.03272  2.35633e+01 | 72  0.03145  2.26767e+01
 73  0.02960  2.14344e+01 | 74  0.02705  1.98685e+01 | 75  0.02380  1.80471e+01
 76  0.01999  1.60777e+01 | 77  0.01602  1.40919e+01 | 78  0.01239  1.22027e+01
 79  0.00955  1.04835e+01 | 80  0.00761  8.94935e+00 | 81  0.00637  7.58006e+00
 82  0.00544  6.33386e+00 | 83  0.00468  5.17621e+00 | 84  0.00458  4.07717e+00
 85  0.00522  2.96132e+00 | 86  0.00545  1.71256e+00 | 87  0.00713  2.53041e-01
 88  0.00970 -1.57545e+00 | 89  0.01366 -3.95583e+00 | 90  0.01376 -6.82987e+00
 91  0.01250 -1.01818e+01 | 92  0.01081 -1.39871e+01 | 93  0.00275 -1.73204e+01
 94  0.00360 -2.20114e+01 | 95  0.02294 -3.10939e+01 | 96  0.02140 -3.59705e+01
 97 -0.00268 -3.36647e+01 | 98  0.01577 -4.24773e+01 | 99  0.08374 -7.58058e+01
100  0.02820 -5.09655e+01 |101 -0.01452 -3.70115e+01 |102  0.00430 -4.37397e+01
103  0.01938 -5.12800e+01 |104  0.03866 -6.36917e+01 |105  0.00285 -5.18096e+01
106 -0.06248 -3.24403e+01 |107 -0.07893 -2.81434e+01 |108 -0.07730 -2.59212e+01
109 -0.03457 -2.95471e+01 |110  0.06971 -4.68534e+01 |111  0.02361 -1.89811e+01
112  0.01375 -6.14622e+00 |113 -0.02797  2.44468e+00 |114 -0.06716  6.81434e+00
115 -0.00654  2.22317e+01 |116  0.00456  3.44918e+01 |117 -0.02731  2.75736e+01
118  0.02817  3.98123e+01 |119  0.07344  5.01699e+01 |120  0.01038  2.31549e+01
121  0.08254  2.37100e+01 |122  0.00575  4.97540e+00 |123  0.13287 -2.30651e-01
124 -0.00532 -2.02531e+00 |125 -0.04646 -1.75939e+00 |126 -0.05671 -1.13499e+00
127 -0.02192 -1.45445e+00 |128  0.09420 -1.86499e+00 |129  0.03190 -8.02968e-02
130  0.01685  1.23162e-04 |131 -0.02798 -1.13054e-04 |132 -0.01758 -4.16674e-05
133 -0.00588 -2.39785e-04 |134 -0.00040 -1.75992e-05 |135  0.27670 -1.33095e-04
136  0.18753  3.27385e-04 |

Intermediate statistics: 136 variables; iteration 20; function evaluation 27; phase 1
Function value 3.4714590e+03; maximum gradient component mag 5.4616e+01
Var    Value     Gradient |Var    Value     Gradient |Var    Value     Gradient
  1 -0.42971  5.46157e+01 |  2 -0.10293  2.20296e+01 |  3 -0.00646  7.65801e-02
  4 -0.00662  8.25247e-02 |  5 -0.00679  8.89569e-02 |  6 -0.00696  9.59054e-02
  7 -0.00713  1.03401e-01 |  8 -0.00730  1.11477e-01 |  9 -0.00747  1.20159e-01
 10 -0.00765  1.29475e-01 | 11 -0.00782  1.39451e-01 | 12 -0.00799  1.50108e-01
 13 -0.00817  1.61465e-01 | 14 -0.00834  1.73548e-01 | 15 -0.00851  1.86372e-01
 16 -0.00869  1.99957e-01 | 17 -0.00886  2.14315e-01 | 18 -0.00903  2.29447e-01
 19 -0.00920  2.45328e-01 | 20 -0.00937  2.61918e-01 | 21 -0.00954  2.79176e-01
 22 -0.00970  2.97056e-01 | 23 -0.00986  3.15513e-01 | 24 -0.01002  3.34495e-01
 25 -0.01017  3.53941e-01 | 26 -0.01032  3.73779e-01 | 27 -0.01045  3.93917e-01
 28 -0.01057  4.14262e-01 | 29 -0.01067  4.34713e-01 | 30 -0.01075  4.55146e-01
 31 -0.01081  4.75570e-01 | 32 -0.01085  4.95938e-01 | 33 -0.01086  5.16250e-01
 34 -0.01085  5.36524e-01 | 35 -0.01081  5.56760e-01 | 36 -0.01076  5.76955e-01
 37 -0.01069  5.97124e-01 | 38 -0.01061  6.17286e-01 | 39 -0.01053  6.37522e-01
 40 -0.01046  6.57985e-01 | 41 -0.01039  6.78876e-01 | 42 -0.01034  7.00407e-01
 43 -0.01031  7.22867e-01 | 44 -0.01030  7.46608e-01 | 45 -0.01030  7.72129e-01
 46 -0.01032  8.00225e-01 | 47 -0.01033  8.31897e-01 | 48 -0.01035  8.68129e-01
 49 -0.01035  9.10129e-01 | 50 -0.01033  9.59066e-01 | 51 -0.01027  1.01627e+00
 52 -0.01016  1.08287e+00 | 53 -0.00999  1.16010e+00 | 54 -0.00974  1.24938e+00
 55 -0.00939  1.35148e+00 | 56 -0.00894  1.46904e+00 | 57 -0.00836  1.60255e+00
 58 -0.00765  1.75243e+00 | 59 -0.00680  1.91912e+00 | 60 -0.00579  2.10170e+00
 61 -0.00466  2.29839e+00 | 62 -0.00341  2.50514e+00 | 63 -0.00209  2.71614e+00
 64 -0.00076  2.92307e+00 | 65  0.00051  3.11439e+00 | 66  0.00163  3.27550e+00
 67  0.00259  3.39115e+00 | 68  0.00337  3.44704e+00 | 69  0.00406  3.43231e+00
 70  0.00478  3.34294e+00 | 71  0.00565  3.18048e+00 | 72  0.00675  2.95215e+00
 73  0.00802  2.66842e+00 | 74  0.00933  2.34148e+00 | 75  0.01045  1.98504e+00
 76  0.01125  1.61438e+00 | 77  0.01179  1.24624e+00 | 78  0.01232  8.95334e-01
 79  0.01315  5.70508e-01 | 80  0.01433  2.70279e-01 | 81  0.01557 -1.58350e-02
 82  0.01633 -3.01620e-01 | 83  0.01638 -5.98480e-01 | 84  0.01626 -9.24405e-01
 85  0.01612 -1.30487e+00 | 86  0.01479 -1.74235e+00 | 87  0.01461 -2.23449e+00
 88  0.01572 -2.66463e+00 | 89  0.02047 -2.73135e+00 | 90  0.02305 -2.46891e+00
 91  0.02574 -1.92257e+00 | 92  0.02816 -1.36972e+00 | 93  0.03055  6.90282e-01
 94  0.05422  3.91863e+00 | 95  0.00688 -9.66734e+00 | 96  0.06004 -2.24910e+00
 97 -0.00566 -8.55220e+00 | 98  0.03660 -5.30562e+00 | 99  0.12714 -1.47041e+01
100  0.00386 -1.63505e+01 |101 -0.02039 -1.16056e+01 |102  0.01389 -5.35925e+00
103  0.08061  5.61620e+00 |104 -0.00388 -1.43672e+01 |105  0.06250  6.41064e+00
106 -0.05465 -5.35879e+00 |107 -0.06099 -3.87981e+00 |108 -0.05420 -1.36692e+00
109 -0.01208 -1.12722e+00 |110  0.09049 -6.56921e+00 |111  0.02272 -8.59793e+00
112  0.01015 -7.82615e+00 |113 -0.02844 -7.60403e-01 |114 -0.06804  2.47762e+00
115 -0.00914  1.09683e+01 |116 -0.01082  1.33450e+01 |117 -0.04515  8.18853e+00
118  0.00952  1.24206e+01 |119  0.04997  1.53725e+01 |120 -0.00344  7.06486e+00
121  0.06571  5.08088e+00 |122  0.00129 -3.19852e-01 |123  0.11169 -2.00096e+01
124 -0.00413 -1.87750e+00 |125 -0.03633  2.41991e+00 |126 -0.04714  2.55761e+00
127 -0.01359  1.66770e+00 |128  0.09933  5.74683e-01 |129  0.03579  1.31393e+00
130  0.02308  2.12995e+00 |131 -0.02689  1.99808e-01 |132 -0.01812 -1.99291e-01
133 -0.00617 -7.99772e-02 |134 -0.00043 -8.05504e-03 |135  0.28808  5.44776e+00
136  0.19474  8.37640e+00 |

 - final statistics:
136 variables; iteration 30; function evaluation 43
Function value 3.4690e+03; maximum gradient component mag -8.6159e+00
Exit code = 1;  converg criter 1.0000e+01
Var    Value     Gradient |Var    Value     Gradient |Var    Value     Gradient
  1 -0.43368 -8.30307e+00 |  2 -0.10217  5.15591e+00 |  3 -0.00663 -1.09576e-02
  4 -0.00680 -7.20193e-03 |  5 -0.00697 -3.09127e-03 |  6 -0.00714  1.37445e-03
  7 -0.00731  6.20446e-03 |  8 -0.00749  1.13828e-02 |  9 -0.00766  1.68882e-02
 10 -0.00784  2.26974e-02 | 11 -0.00802  2.87809e-02 | 12 -0.00820  3.51008e-02
 13 -0.00839  4.16118e-02 | 14 -0.00857  4.82661e-02 | 15 -0.00876  5.49997e-02
 16 -0.00895  6.17366e-02 | 17 -0.00914  6.83770e-02 | 18 -0.00933  7.47947e-02
 19 -0.00952  8.08402e-02 | 20 -0.00972  8.63534e-02 | 21 -0.00992  9.11886e-02
 22 -0.01012  9.51867e-02 | 23 -0.01033  9.81868e-02 | 24 -0.01053  1.00021e-01
 25 -0.01074  1.00515e-01 | 26 -0.01094  9.94983e-02 | 27 -0.01114  9.68138e-02
 28 -0.01133  9.23585e-02 | 29 -0.01150  8.60847e-02 | 30 -0.01166  7.79401e-02
 31 -0.01180  6.82078e-02 | 32 -0.01193  5.70406e-02 | 33 -0.01203  4.46925e-02
 34 -0.01210  3.14599e-02 | 35 -0.01216  1.76210e-02 | 36 -0.01219  3.45156e-03
 37 -0.01221 -1.07402e-02 | 38 -0.01221 -2.46552e-02 | 39 -0.01221 -3.79182e-02
 40 -0.01221 -5.00519e-02 | 41 -0.01221 -6.04985e-02 | 42 -0.01221 -6.86912e-02
 43 -0.01223 -7.40428e-02 | 44 -0.01225 -7.60956e-02 | 45 -0.01228 -7.44720e-02
 46 -0.01231 -6.86751e-02 | 47 -0.01234 -5.81189e-02 | 48 -0.01236 -4.23708e-02
 49 -0.01236 -2.08807e-02 | 50 -0.01234  6.70125e-03 | 51 -0.01228  4.07734e-02
 52 -0.01218  8.13253e-02 | 53 -0.01203  1.28440e-01 | 54 -0.01181  1.82332e-01
 55 -0.01151  2.42488e-01 | 56 -0.01113  3.10699e-01 | 57 -0.01065  3.86272e-01
 58 -0.01007  4.68605e-01 | 59 -0.00937  5.57401e-01 | 60 -0.00857  6.51203e-01
 61 -0.00766  7.48045e-01 | 62 -0.00669  8.44469e-01 | 63 -0.00568  9.36319e-01
 64 -0.00470  1.01851e+00 | 65 -0.00380  1.08479e+00 | 66 -0.00303  1.12787e+00
 67 -0.00241  1.14078e+00 | 68 -0.00190  1.11763e+00 | 69 -0.00140  1.05627e+00
 70 -0.00075  9.62706e-01 | 71  0.00023  8.52068e-01 | 72  0.00166  7.45441e-01
 73  0.00352  6.58055e-01 | 74  0.00563  5.88348e-01 | 75  0.00764  5.22376e-01
 76  0.00932  4.51283e-01 | 77  0.01065  3.78972e-01 | 78  0.01186  3.12141e-01
 79  0.01320  2.50868e-01 | 80  0.01475  1.96573e-01 | 81  0.01633  1.66422e-01
 82  0.01755  1.84940e-01 | 83  0.01827  2.55397e-01 | 84  0.01907  3.73910e-01
 85  0.02025  5.45551e-01 | 86  0.02070  7.64398e-01 | 87  0.02272  1.01382e+00
 88  0.02558  1.19656e+00 | 89  0.02990  1.24679e+00 | 90  0.03186  1.43206e+00
 91  0.03240  1.45847e+00 | 92  0.02922  7.03829e-01 | 93  0.02159  4.99537e-01
 94  0.02339  2.37798e-01 | 95  0.04772  1.29636e-02 | 96  0.04896  4.95561e-01
 97  0.01803  1.95891e-02 | 98  0.04296  4.07087e-01 | 99  0.11193 -4.84809e+00
100  0.03860 -4.62401e+00 |101  0.00418 -2.05181e+00 |102  0.01779 -4.97801e+00
103  0.03867 -5.85256e+00 |104  0.05515 -8.61594e+00 |105  0.03174 -4.03356e+00
106 -0.03929 -1.66291e+00 |107 -0.05164  2.12323e-02 |108 -0.05561 -1.46885e+00
109 -0.01277 -9.25015e-01 |110  0.09251 -8.66259e-01 |111  0.03315 -2.62906e-02
112  0.01989 -2.02159e-02 |113 -0.02717  2.38482e-01 |114 -0.06605  1.23049e+00
115 -0.01944  8.33115e-01 |116 -0.02334  1.21424e+00 |117 -0.04729  2.06090e+00
118  0.00050  1.40794e+00 |119  0.04307  3.88057e+00 |120 -0.00771  1.45876e+00
121  0.06085 -7.46386e-01 |122  0.00224  1.60381e-01 |123  0.13401  2.92779e-01
124  0.00046  5.71025e-01 |125 -0.04178 -3.91769e-02 |126 -0.05460 -4.66796e-01
127 -0.01622  4.01365e-01 |128  0.09914  1.47059e-01 |129  0.03449  6.59087e-01
130  0.01779 -3.33533e-02 |131 -0.02051  2.27657e+00 |132 -0.01645  1.83685e-01
133 -0.00645 -1.69750e-01 |134 -0.00040 -2.97525e-03 |135  0.28386 -2.35109e-01
136  0.19020 -1.44066e+00 |

Initial statistics: 146 variables; iteration 0; function evaluation 0; phase 2
Function value 3.4689597e+03; maximum gradient component mag -4.5656e+02
Var    Value     Gradient |Var    Value     Gradient |Var    Value     Gradient
  1 -0.43368 -8.30307e+00 |  2  0.37110  9.62885e+00 |  3 -0.12614 -2.21721e+02
  4 -0.01321 -9.87868e+01 |  5 -0.70915 -3.09098e+01 |  6 -0.60419 -4.56563e+02
  7  0.37628  4.75442e+01 |  8 -0.18524 -2.05313e+02 |  9  0.03399 -3.61021e+01
 10 -0.60948  1.79774e+01 | 11 -0.62338 -2.12923e+02 | 12 -0.10217  5.15591e+00
 13 -0.00663 -1.09576e-02 | 14 -0.00680 -7.20193e-03 | 15 -0.00697 -3.09127e-03
 16 -0.00714  1.37445e-03 | 17 -0.00731  6.20446e-03 | 18 -0.00749  1.13828e-02
 19 -0.00766  1.68882e-02 | 20 -0.00784  2.26974e-02 | 21 -0.00802  2.87809e-02
 22 -0.00820  3.51008e-02 | 23 -0.00839  4.16118e-02 | 24 -0.00857  4.82661e-02
 25 -0.00876  5.49997e-02 | 26 -0.00895  6.17366e-02 | 27 -0.00914  6.83770e-02
 28 -0.00933  7.47947e-02 | 29 -0.00952  8.08402e-02 | 30 -0.00972  8.63534e-02
 31 -0.00992  9.11886e-02 | 32 -0.01012  9.51867e-02 | 33 -0.01033  9.81868e-02
 34 -0.01053  1.00021e-01 | 35 -0.01074  1.00515e-01 | 36 -0.01094  9.94983e-02
 37 -0.01114  9.68138e-02 | 38 -0.01133  9.23585e-02 | 39 -0.01150  8.60847e-02
 40 -0.01166  7.79401e-02 | 41 -0.01180  6.82078e-02 | 42 -0.01193  5.70406e-02
 43 -0.01203  4.46925e-02 | 44 -0.01210  3.14599e-02 | 45 -0.01216  1.76210e-02
 46 -0.01219  3.45156e-03 | 47 -0.01221 -1.07402e-02 | 48 -0.01221 -2.46552e-02
 49 -0.01221 -3.79182e-02 | 50 -0.01221 -5.00519e-02 | 51 -0.01221 -6.04985e-02
 52 -0.01221 -6.86912e-02 | 53 -0.01223 -7.40428e-02 | 54 -0.01225 -7.60956e-02
 55 -0.01228 -7.44720e-02 | 56 -0.01231 -6.86751e-02 | 57 -0.01234 -5.81189e-02
 58 -0.01236 -4.23708e-02 | 59 -0.01236 -2.08807e-02 | 60 -0.01234  6.70125e-03
 61 -0.01228  4.07734e-02 | 62 -0.01218  8.13253e-02 | 63 -0.01203  1.28440e-01
 64 -0.01181  1.82332e-01 | 65 -0.01151  2.42488e-01 | 66 -0.01113  3.10699e-01
 67 -0.01065  3.86272e-01 | 68 -0.01007  4.68605e-01 | 69 -0.00937  5.57401e-01
 70 -0.00857  6.51203e-01 | 71 -0.00766  7.48045e-01 | 72 -0.00669  8.44469e-01
 73 -0.00568  9.36319e-01 | 74 -0.00470  1.01851e+00 | 75 -0.00380  1.08479e+00
 76 -0.00303  1.12787e+00 | 77 -0.00241  1.14078e+00 | 78 -0.00190  1.11763e+00
 79 -0.00140  1.05627e+00 | 80 -0.00075  9.62706e-01 | 81  0.00023  8.52068e-01
 82  0.00166  7.45441e-01 | 83  0.00352  6.58055e-01 | 84  0.00563  5.88348e-01
 85  0.00764  5.22376e-01 | 86  0.00932  4.51283e-01 | 87  0.01065  3.78972e-01
 88  0.01186  3.12141e-01 | 89  0.01320  2.50868e-01 | 90  0.01475  1.96573e-01
 91  0.01633  1.66422e-01 | 92  0.01755  1.84940e-01 | 93  0.01827  2.55397e-01
 94  0.01907  3.73910e-01 | 95  0.02025  5.45551e-01 | 96  0.02070  7.64398e-01
 97  0.02272  1.01382e+00 | 98  0.02558  1.19656e+00 | 99  0.02990  1.24679e+00
100  0.03186  1.43206e+00 |101  0.03240  1.45847e+00 |102  0.02922  7.03829e-01
103  0.02159  4.99537e-01 |104  0.02339  2.37798e-01 |105  0.04772  1.29636e-02
106  0.04896  4.95561e-01 |107  0.01803  1.95891e-02 |108  0.04296  4.07087e-01
109  0.11193 -4.84809e+00 |110  0.03860 -4.62401e+00 |111  0.00418 -2.05181e+00
112  0.01779 -4.97801e+00 |113  0.03867 -5.85256e+00 |114  0.05515 -8.61594e+00
115  0.03174 -4.03356e+00 |116 -0.03929 -1.66291e+00 |117 -0.05164  2.12323e-02
118 -0.05561 -1.46885e+00 |119 -0.01277 -9.25015e-01 |120  0.09251 -8.66259e-01
121  0.03315 -2.62906e-02 |122  0.01989 -2.02159e-02 |123 -0.02717  2.38482e-01
124 -0.06605  1.23049e+00 |125 -0.01944  8.33115e-01 |126 -0.02334  1.21424e+00
127 -0.04729  2.06090e+00 |128  0.00050  1.40794e+00 |129  0.04307  3.88057e+00
130 -0.00771  1.45876e+00 |131  0.06085 -7.46386e-01 |132  0.00224  1.60381e-01
133  0.13401  2.92779e-01 |134  0.00046  5.71025e-01 |135 -0.04178 -3.91769e-02
136 -0.05460 -4.66796e-01 |137 -0.01622  4.01365e-01 |138  0.09914  1.47059e-01
139  0.03449  6.59087e-01 |140  0.01779 -3.33533e-02 |141 -0.02051  2.27657e+00
142 -0.01645  1.83685e-01 |143 -0.00645 -1.69750e-01 |144 -0.00040 -2.97525e-03
145  0.28386 -2.35109e-01 |146  0.19020 -1.44066e+00 |

Intermediate statistics: 146 variables; iteration 20; function evaluation 27; phase 2
Function value 3.4606674e+03; maximum gradient component mag -1.8053e+02
Var    Value     Gradient |Var    Value     Gradient |Var    Value     Gradient
  1 -0.43186  3.67869e+01 |  2  0.35584 -1.80535e+02 |  3 -0.13042 -1.65538e+02
  4  0.00947 -1.43694e+02 |  5 -0.75292 -5.79204e+00 |  6 -0.58120 -9.96914e+01
  7  0.36587 -7.92869e+01 |  8 -0.18647 -1.77264e+02 |  9  0.04908 -8.74358e+01
 10 -0.68179  1.23644e+00 | 11 -0.61085 -6.92172e+01 | 12 -0.12598 -3.39314e+01
 13 -0.00614 -7.86908e-02 | 14 -0.00630 -7.69482e-02 | 15 -0.00645 -7.48906e-02
 16 -0.00661 -7.25153e-02 | 17 -0.00677 -6.98250e-02 | 18 -0.00693 -6.68236e-02
 19 -0.00709 -6.35300e-02 | 20 -0.00726 -5.99728e-02 | 21 -0.00742 -5.61872e-02
 22 -0.00759 -5.22220e-02 | 23 -0.00775 -4.81366e-02 | 24 -0.00792 -4.39926e-02
 25 -0.00809 -3.98616e-02 | 26 -0.00826 -3.58109e-02 | 27 -0.00843 -3.19132e-02
 28 -0.00861 -2.82672e-02 | 29 -0.00878 -2.50287e-02 | 30 -0.00896 -2.23968e-02
 31 -0.00914 -2.05704e-02 | 32 -0.00932 -1.97390e-02 | 33 -0.00951 -2.00822e-02
 34 -0.00969 -2.17604e-02 | 35 -0.00988 -2.49129e-02 | 36 -0.01006 -2.96548e-02
 37 -0.01024 -3.60817e-02 | 38 -0.01040 -4.42619e-02 | 39 -0.01056 -5.42358e-02
 40 -0.01070 -6.60121e-02 | 41 -0.01082 -7.94857e-02 | 42 -0.01092 -9.45238e-02
 43 -0.01100 -1.10915e-01 | 44 -0.01106 -1.28402e-01 | 45 -0.01109 -1.46734e-01
 46 -0.01110 -1.65672e-01 | 47 -0.01110 -1.84988e-01 | 48 -0.01108 -2.04455e-01
 49 -0.01106 -2.23778e-01 | 50 -0.01103 -2.42537e-01 | 51 -0.01101 -2.60187e-01
 52 -0.01100 -2.76148e-01 | 53 -0.01100 -2.89922e-01 | 54 -0.01101 -3.01149e-01
 55 -0.01103 -3.09529e-01 | 56 -0.01105 -3.14679e-01 | 57 -0.01107 -3.16123e-01
 58 -0.01108 -3.13441e-01 | 59 -0.01108 -3.06231e-01 | 60 -0.01105 -2.94196e-01
 61 -0.01098 -2.77053e-01 | 62 -0.01087 -2.54714e-01 | 63 -0.01071 -2.27064e-01
 64 -0.01048 -1.93879e-01 | 65 -0.01018 -1.55266e-01 | 66 -0.00978 -1.09976e-01
 67 -0.00929 -5.80658e-02 | 68 -0.00868  4.19936e-04 | 69 -0.00795  6.55264e-02
 70 -0.00710  1.36366e-01 | 71 -0.00614  2.11374e-01 | 72 -0.00509  2.87538e-01
 73 -0.00399  3.60862e-01 | 74 -0.00291  4.26241e-01 | 75 -0.00189  4.77419e-01
 76 -0.00100  5.07257e-01 | 77 -0.00023  5.08853e-01 | 78  0.00043  4.76403e-01
 79  0.00111  4.07631e-01 | 80  0.00195  3.07829e-01 | 81  0.00315  1.90895e-01
 82  0.00482  7.51436e-02 | 83  0.00693 -2.92281e-02 | 84  0.00924 -1.28991e-01
 85  0.01141 -2.38321e-01 | 86  0.01318 -3.61006e-01 | 87  0.01459 -4.86909e-01
 88  0.01592 -5.99311e-01 | 89  0.01758 -6.80414e-01 | 90  0.01969 -7.19949e-01
 91  0.02191 -7.34107e-01 | 92  0.02325 -8.01009e-01 | 93  0.02325 -9.59310e-01
 94  0.02365 -1.01582e+00 | 95  0.02481 -9.45261e-01 | 96  0.02092 -1.53784e+00
 97  0.02249 -1.46193e+00 | 98  0.02773 -9.58416e-01 | 99  0.03751 -1.41301e-01
100  0.03260 -1.05601e+00 |101  0.03174 -1.14921e+00 |102  0.03335 -6.60714e-01
103  0.01721 -1.91285e+00 |104  0.02262 -1.34452e+00 |105  0.07067  1.83342e+00
106  0.03876 -2.72052e+00 |107  0.02445 -8.11473e-02 |108  0.01745 -5.40812e+00
109  0.12232 -6.60188e+00 |110  0.01727 -5.89099e+00 |111  0.00426  7.23336e-01
112  0.01905  1.15672e+00 |113  0.03471  4.49780e+00 |114  0.07717  1.39913e+01
115  0.02092  3.26671e+00 |116 -0.05097 -4.28072e+00 |117 -0.06577 -4.02667e+00
118 -0.05005  7.35313e-01 |119 -0.00591 -2.34564e+00 |120  0.07086 -1.16320e+01
121  0.01058 -5.48683e+00 |122  0.02695  9.14719e+00 |123 -0.01689  1.08921e+01
124 -0.06859 -8.08532e-01 |125 -0.03172 -1.32941e-01 |126 -0.03235  1.50199e+00
127 -0.05359 -4.84078e-01 |128 -0.00786 -2.12006e+00 |129  0.03535  5.93042e+00
130 -0.00743  7.19299e-02 |131  0.04838  2.01335e+00 |132 -0.02017 -2.78059e+00
133  0.12944  6.04268e+00 |134  0.01152  3.49093e+00 |135 -0.03984 -1.43624e+00
136 -0.06014 -3.37207e+00 |137 -0.01735  1.30633e-01 |138  0.08159 -2.82323e+00
139  0.03187  2.75834e-01 |140  0.02272  1.59514e+00 |141 -0.02661 -1.46133e+00
142 -0.01849 -6.06558e-01 |143 -0.00320 -5.42383e-01 |144 -0.00038 -1.74050e-03
145  0.31732 -5.56464e+00 |146  0.21969  7.11827e-01 |

 - final statistics:
146 variables; iteration 38; function evaluation 56
Function value 3.4586e+03; maximum gradient component mag 9.3776e+00
Exit code = 1;  converg criter 1.0000e+01
Var    Value     Gradient |Var    Value     Gradient |Var    Value     Gradient
  1 -0.43323 -7.57509e-01 |  2  0.35862 -6.23618e+00 |  3 -0.12766 -2.21158e+00
  4  0.00949 -3.88707e+00 |  5 -0.74664  3.50608e-02 |  6 -0.57571 -2.73766e-01
  7  0.36469  9.37758e+00 |  8 -0.18338  3.87243e+00 |  9  0.05233  4.29912e+00
 10 -0.70176  2.79707e-01 | 11 -0.60633 -2.76411e-02 | 12 -0.10847  7.65899e-01
 13 -0.00649  3.99952e-03 | 14 -0.00667  4.46788e-03 | 15 -0.00685  4.98605e-03
 16 -0.00703  5.55657e-03 | 17 -0.00722  6.18384e-03 | 18 -0.00741  6.86829e-03
 19 -0.00760  7.61003e-03 | 20 -0.00779  8.40900e-03 | 21 -0.00799  9.26437e-03
 22 -0.00819  1.01744e-02 | 23 -0.00839  1.11364e-02 | 24 -0.00859  1.21477e-02
 25 -0.00880  1.32042e-02 | 26 -0.00900  1.43021e-02 | 27 -0.00921  1.54352e-02
 28 -0.00942  1.65938e-02 | 29 -0.00963  1.77616e-02 | 30 -0.00984  1.89189e-02
 31 -0.01004  2.00502e-02 | 32 -0.01025  2.11410e-02 | 33 -0.01046  2.21784e-02
 34 -0.01066  2.31505e-02 | 35 -0.01086  2.40453e-02 | 36 -0.01105  2.48502e-02
 37 -0.01123  2.55511e-02 | 38 -0.01139  2.61361e-02 | 39 -0.01154  2.65945e-02
 40 -0.01166  2.69065e-02 | 41 -0.01176  2.71033e-02 | 42 -0.01184  2.71887e-02
 43 -0.01189  2.71805e-02 | 44 -0.01192  2.70985e-02 | 45 -0.01192  2.69519e-02
 46 -0.01189  2.67428e-02 | 47 -0.01185  2.64735e-02 | 48 -0.01180  2.61396e-02
 49 -0.01175  2.57467e-02 | 50 -0.01169  2.53147e-02 | 51 -0.01165  2.48695e-02
 52 -0.01161  2.44292e-02 | 53 -0.01160  2.40118e-02 | 54 -0.01161  2.36137e-02
 55 -0.01164  2.32215e-02 | 56 -0.01168  2.28472e-02 | 57 -0.01173  2.25175e-02
 58 -0.01179  2.22314e-02 | 59 -0.01185  2.20115e-02 | 60 -0.01190  2.18570e-02
 61 -0.01193  2.17883e-02 | 62 -0.01195  2.17877e-02 | 63 -0.01192  2.18781e-02
 64 -0.01186  2.21291e-02 | 65 -0.01173  2.25648e-02 | 66 -0.01154  2.35099e-02
 67 -0.01128  2.50374e-02 | 68 -0.01093  2.72704e-02 | 69 -0.01049  3.03695e-02
 70 -0.00994  3.43525e-02 | 71 -0.00931  3.91176e-02 | 72 -0.00861  4.43255e-02
 73 -0.00786  4.94743e-02 | 74 -0.00710  5.39356e-02 | 75 -0.00637  5.70366e-02
 76 -0.00570  5.81619e-02 | 77 -0.00508  5.68579e-02 | 78 -0.00445  5.28413e-02
 79 -0.00369  4.61562e-02 | 80 -0.00267  3.74705e-02 | 81 -0.00126  2.80115e-02
 82  0.00059  1.88649e-02 | 83  0.00281  1.01189e-02 | 84  0.00519  1.50998e-03
 85  0.00745 -6.43495e-03 | 86  0.00940 -1.31519e-02 | 87  0.01102 -1.88426e-02
 88  0.01253 -2.39605e-02 | 89  0.01423 -2.89305e-02 | 90  0.01624 -3.36311e-02
 91  0.01828 -3.65916e-02 | 92  0.01982 -3.69107e-02 | 93  0.02059 -3.57553e-02
 94  0.02126 -3.28228e-02 | 95  0.02215 -2.72805e-02 | 96  0.02153 -2.55688e-02
 97  0.02286 -2.40787e-02 | 98  0.02550 -1.77590e-02 | 99  0.03080 -4.36921e-02
100  0.03220 -7.64179e-03 |101  0.03203 -1.90147e-02 |102  0.03154 -2.49784e-02
103  0.02316 -1.26346e-02 |104  0.02706  1.25092e-01 |105  0.05342 -1.94818e-01
106  0.05279  3.58909e-01 |107  0.01919  2.62460e-01 |108  0.03296  9.06710e-02
109  0.12443 -1.27909e-02 |110  0.03887 -1.96129e-01 |111  0.00171  9.25416e-02
112  0.02198 -1.71578e-01 |113  0.04379 -1.55475e-03 |114  0.06251 -2.07895e-01
115  0.03279 -3.10321e-01 |116 -0.03776 -1.02971e-01 |117 -0.05528  1.25552e-01
118 -0.05034  1.02626e-01 |119 -0.00633 -1.34134e-01 |120  0.08464 -7.62362e-03
121  0.02741  1.55467e-01 |122  0.02052 -2.57575e-01 |123 -0.02479 -2.50136e-01
124 -0.06371 -5.03425e-02 |125 -0.02558  1.63148e-01 |126 -0.02941  4.88187e-02
127 -0.04886 -2.59511e-01 |128  0.00388 -1.24203e-01 |129  0.02813 -2.07691e-01
130  0.00107  1.40520e-01 |131  0.04688 -3.36316e-01 |132 -0.01001 -6.80704e-02
133  0.12288 -7.74713e-02 |134  0.00952  3.64864e-02 |135 -0.03541 -4.65667e-03
136 -0.04849  2.43276e-01 |137 -0.01842 -2.13903e-02 |138  0.09059  2.13104e-01
139  0.03198 -4.10661e-02 |140  0.01831 -2.12431e-01 |141 -0.02365  3.55280e-02
142 -0.01643 -3.09800e-02 |143 -0.00113  2.50569e-02 |144 -0.00036  1.01423e-03
145  0.29132  3.62163e-03 |146  0.19818  1.42157e-01 |

Initial statistics: 176 variables; iteration 0; function evaluation 0; phase 3
Function value 3.4585781e+03; maximum gradient component mag -3.2143e+02
Var    Value     Gradient |Var    Value     Gradient |Var    Value     Gradient
  1 -0.43323 -7.57509e-01 |  2  0.35862 -6.23618e+00 |  3 -0.12766 -2.21158e+00
  4  0.00949 -3.88707e+00 |  5 -0.74664  3.50608e-02 |  6 -0.57571 -2.73766e-01
  7  0.36469  9.37758e+00 |  8 -0.18338  3.87243e+00 |  9  0.05233  4.29912e+00
 10 -0.70176  2.79707e-01 | 11 -0.60633 -2.76411e-02 | 12 -0.10847  7.65899e-01
 13 -0.00649  3.99952e-03 | 14 -0.00667  4.46788e-03 | 15 -0.00685  4.98605e-03
 16 -0.00703  5.55657e-03 | 17 -0.00722  6.18384e-03 | 18 -0.00741  6.86829e-03
 19 -0.00760  7.61003e-03 | 20 -0.00779  8.40900e-03 | 21 -0.00799  9.26437e-03
 22 -0.00819  1.01744e-02 | 23 -0.00839  1.11364e-02 | 24 -0.00859  1.21477e-02
 25 -0.00880  1.32042e-02 | 26 -0.00900  1.43021e-02 | 27 -0.00921  1.54352e-02
 28 -0.00942  1.65938e-02 | 29 -0.00963  1.77616e-02 | 30 -0.00984  1.89189e-02
 31 -0.01004  2.00502e-02 | 32 -0.01025  2.11410e-02 | 33 -0.01046  2.21784e-02
 34 -0.01066  2.31505e-02 | 35 -0.01086  2.40453e-02 | 36 -0.01105  2.48502e-02
 37 -0.01123  2.55511e-02 | 38 -0.01139  2.61361e-02 | 39 -0.01154  2.65945e-02
 40 -0.01166  2.69065e-02 | 41 -0.01176  2.71033e-02 | 42 -0.01184  2.71887e-02
 43 -0.01189  2.71805e-02 | 44 -0.01192  2.70985e-02 | 45 -0.01192  2.69519e-02
 46 -0.01189  2.67428e-02 | 47 -0.01185  2.64735e-02 | 48 -0.01180  2.61396e-02
 49 -0.01175  2.57467e-02 | 50 -0.01169  2.53147e-02 | 51 -0.01165  2.48695e-02
 52 -0.01161  2.44292e-02 | 53 -0.01160  2.40118e-02 | 54 -0.01161  2.36137e-02
 55 -0.01164  2.32215e-02 | 56 -0.01168  2.28472e-02 | 57 -0.01173  2.25175e-02
 58 -0.01179  2.22314e-02 | 59 -0.01185  2.20115e-02 | 60 -0.01190  2.18570e-02
 61 -0.01193  2.17883e-02 | 62 -0.01195  2.17877e-02 | 63 -0.01192  2.18781e-02
 64 -0.01186  2.21291e-02 | 65 -0.01173  2.25648e-02 | 66 -0.01154  2.35099e-02
 67 -0.01128  2.50374e-02 | 68 -0.01093  2.72704e-02 | 69 -0.01049  3.03695e-02
 70 -0.00994  3.43525e-02 | 71 -0.00931  3.91176e-02 | 72 -0.00861  4.43255e-02
 73 -0.00786  4.94743e-02 | 74 -0.00710  5.39356e-02 | 75 -0.00637  5.70366e-02
 76 -0.00570  5.81619e-02 | 77 -0.00508  5.68579e-02 | 78 -0.00445  5.28413e-02
 79 -0.00369  4.61562e-02 | 80 -0.00267  3.74705e-02 | 81 -0.00126  2.80115e-02
 82  0.00059  1.88649e-02 | 83  0.00281  1.01189e-02 | 84  0.00519  1.50998e-03
 85  0.00745 -6.43495e-03 | 86  0.00940 -1.31519e-02 | 87  0.01102 -1.88426e-02
 88  0.01253 -2.39605e-02 | 89  0.01423 -2.89305e-02 | 90  0.01624 -3.36311e-02
 91  0.01828 -3.65916e-02 | 92  0.01982 -3.69107e-02 | 93  0.02059 -3.57553e-02
 94  0.02126 -3.28228e-02 | 95  0.02215 -2.72805e-02 | 96  0.02153 -2.55688e-02
 97  0.02286 -2.40787e-02 | 98  0.02550 -1.77590e-02 | 99  0.03080 -4.36921e-02
100  0.03220 -7.64179e-03 |101  0.03203 -1.90147e-02 |102  0.03154 -2.49784e-02
103  0.02316 -1.26346e-02 |104  0.02706  1.25092e-01 |105  0.05342 -1.94818e-01
106  0.05279  3.58909e-01 |107  0.01919  2.62460e-01 |108  0.03296  9.06710e-02
109  0.12443 -1.27909e-02 |110  0.03887 -1.96129e-01 |111  0.00171  9.25416e-02
112  0.02198 -1.71578e-01 |113  0.04379 -1.55475e-03 |114  0.06251 -2.07895e-01
115  0.03279 -3.10321e-01 |116 -0.03776 -1.02971e-01 |117 -0.05528  1.25552e-01
118 -0.05034  1.02626e-01 |119 -0.00633 -1.34134e-01 |120  0.08464 -7.62362e-03
121  0.02741  1.55467e-01 |122  0.02052 -2.57575e-01 |123 -0.02479 -2.50136e-01
124 -0.06371 -5.03425e-02 |125 -0.02558  1.63148e-01 |126 -0.02941  4.88187e-02
127 -0.04886 -2.59511e-01 |128  0.00388 -1.24203e-01 |129  0.02813 -2.07691e-01
130  0.00107  1.40520e-01 |131  0.04688 -3.36316e-01 |132 -0.01001 -6.80704e-02
133  0.12288 -7.74713e-02 |134  0.00952  3.64864e-02 |135 -0.03541 -4.65667e-03
136 -0.04849  2.43276e-01 |137 -0.01842 -2.13903e-02 |138  0.09059  2.13104e-01
139  0.03198 -4.10661e-02 |140  0.01831 -2.12431e-01 |141 -0.02365  3.55280e-02
142 -0.01643 -3.09800e-02 |143 -0.00113  2.50569e-02 |144 -0.00036  1.01423e-03
145  0.29132  3.62163e-03 |146  0.19818  1.42157e-01 |147  0.04662  2.15470e+01
148  0.29671 -9.65568e+01 |149 -0.47543  2.95748e+00 |150  0.31377 -4.32313e-01
151  0.18255  5.94116e+01 |152  0.25986 -1.08007e+02 |153  0.17459 -2.35212e+01
154  0.25418  1.93964e+00 |155  0.10351  1.02181e+01 |156  0.29677 -3.48350e+01
157  0.16893 -2.78166e+01 |158  0.24623  2.55169e+01 |159 -0.35197  5.71932e+00
160  0.24281 -2.23969e-01 |161  0.20265 -1.44242e+01 |162  0.31675  3.36789e+00
163 -0.38040  7.38408e+00 |164  0.23607 -1.60689e+01 |165  0.05118 -2.26808e+01
166  0.11969 -6.61423e+01 |167  0.32140  1.64393e+01 |168  0.27252  4.23733e+01
169  0.01343 -1.03899e+01 |170  0.39319 -1.13340e+01 |171  0.09932 -3.21435e+02
172  0.16368 -8.71047e+01 |173  0.21870  1.25128e+02 |174  0.25726 -4.52661e+01
175 -0.55411  5.09049e-01 |176  0.17113 -6.58526e-01 |

Intermediate statistics: 176 variables; iteration 20; function evaluation 26; phase 3
Function value 3.4537111e+03; maximum gradient component mag -1.5600e+02
Var    Value     Gradient |Var    Value     Gradient |Var    Value     Gradient
  1 -0.43326  5.56401e+00 |  2  0.36097 -6.44392e+01 |  3 -0.12486 -2.42210e+01
  4  0.00146 -3.81144e+01 |  5 -0.75609  1.00077e+00 |  6 -0.57178 -2.87593e+00
  7  0.36632  5.62614e+01 |  8 -0.18285  5.39457e+01 |  9  0.04971  3.79372e+01
 10 -0.72383  1.89668e+00 | 11 -0.59887  3.19641e+01 | 12 -0.12662 -4.56418e+01
 13 -0.00641 -8.03427e-02 | 14 -0.00659 -8.26478e-02 | 15 -0.00677 -8.50165e-02
 16 -0.00695 -8.74505e-02 | 17 -0.00714 -8.99498e-02 | 18 -0.00733 -9.25181e-02
 19 -0.00752 -9.51587e-02 | 20 -0.00772 -9.78746e-02 | 21 -0.00791 -1.00668e-01
 22 -0.00811 -1.03542e-01 | 23 -0.00831 -1.06498e-01 | 24 -0.00852 -1.09536e-01
 25 -0.00872 -1.12656e-01 | 26 -0.00893 -1.15855e-01 | 27 -0.00913 -1.19132e-01
 28 -0.00934 -1.22490e-01 | 29 -0.00955 -1.25938e-01 | 30 -0.00976 -1.29487e-01
 31 -0.00997 -1.33143e-01 | 32 -0.01018 -1.36902e-01 | 33 -0.01038 -1.40758e-01
 34 -0.01059 -1.44703e-01 | 35 -0.01078 -1.48729e-01 | 36 -0.01097 -1.52830e-01
 37 -0.01115 -1.57008e-01 | 38 -0.01131 -1.61272e-01 | 39 -0.01146 -1.65634e-01
 40 -0.01158 -1.70117e-01 | 41 -0.01168 -1.74716e-01 | 42 -0.01175 -1.79439e-01
 43 -0.01180 -1.84285e-01 | 44 -0.01181 -1.89250e-01 | 45 -0.01181 -1.94340e-01
 46 -0.01178 -1.99570e-01 | 47 -0.01173 -2.04957e-01 | 48 -0.01167 -2.10522e-01
 49 -0.01161 -2.16271e-01 | 50 -0.01154 -2.22186e-01 | 51 -0.01149 -2.28216e-01
 52 -0.01144 -2.34303e-01 | 53 -0.01142 -2.40401e-01 | 54 -0.01142 -2.46514e-01
 55 -0.01143 -2.52685e-01 | 56 -0.01145 -2.58962e-01 | 57 -0.01149 -2.65376e-01
 58 -0.01153 -2.71949e-01 | 59 -0.01157 -2.78714e-01 | 60 -0.01161 -2.85705e-01
 61 -0.01162 -2.92971e-01 | 62 -0.01161 -3.00559e-01 | 63 -0.01157 -3.08533e-01
 64 -0.01148 -3.16962e-01 | 65 -0.01133 -3.25885e-01 | 66 -0.01112 -3.35429e-01
 67 -0.01083 -3.45640e-01 | 68 -0.01045 -3.56567e-01 | 69 -0.00999 -3.68288e-01
 70 -0.00943 -3.80846e-01 | 71 -0.00878 -3.94305e-01 | 72 -0.00805 -4.08705e-01
 73 -0.00728 -4.24133e-01 | 74 -0.00650 -4.40720e-01 | 75 -0.00575 -4.58618e-01
 76 -0.00505 -4.78019e-01 | 77 -0.00439 -4.99303e-01 | 78 -0.00371 -5.23054e-01
 79 -0.00290 -5.50074e-01 | 80 -0.00182 -5.81495e-01 | 81 -0.00036 -6.18469e-01
 82  0.00153 -6.62077e-01 | 83  0.00377 -7.12946e-01 | 84  0.00615 -7.70976e-01
 85  0.00838 -8.35412e-01 | 86  0.01025 -9.05404e-01 | 87  0.01174 -9.81447e-01
 88  0.01307 -1.06566e+00 | 89  0.01454 -1.16218e+00 | 90  0.01624 -1.27270e+00
 91  0.01791 -1.39556e+00 | 92  0.01902 -1.52378e+00 | 93  0.01932 -1.65324e+00
 94  0.01948 -1.79394e+00 | 95  0.01981 -1.94723e+00 | 96  0.01870 -2.06436e+00
 97  0.01955 -2.23208e+00 | 98  0.02159 -2.41292e+00 | 99  0.02632 -2.61006e+00
100  0.02728 -2.68066e+00 |101  0.02737 -2.68551e+00 |102  0.02754 -2.59434e+00
103  0.02044 -2.29966e+00 |104  0.02459 -2.17668e+00 |105  0.05354 -2.44597e+00
106  0.05271 -1.98067e+00 |107  0.01944 -1.49899e+00 |108  0.03469 -1.75993e+00
109  0.13102 -3.45226e+00 |110  0.04369 -1.20139e+00 |111  0.00537 -8.13484e-01
112  0.02749 -8.78052e-01 |113  0.04906 -1.51085e+00 |114  0.06780 -2.25551e+00
115  0.03662 -9.80726e-01 |116 -0.03315  3.77766e-01 |117 -0.05008  8.63093e-01
118 -0.04572  8.36010e-01 |119 -0.00216 -4.67015e-01 |120  0.08530  2.74462e-02
121  0.02664  1.05712e+00 |122  0.02042  1.80227e+00 |123 -0.02388  1.87778e+00
124 -0.06529  6.97671e-01 |125 -0.02708  2.75526e+00 |126 -0.03054  2.75398e+00
127 -0.05006  2.42062e+00 |128  0.00105  3.82118e+00 |129  0.02533  4.53792e+00
130 -0.00322  2.93059e+00 |131  0.04282  3.98752e+00 |132 -0.01266  2.40644e+00
133  0.11718  3.91415e+00 |134  0.00566  9.31404e-01 |135 -0.03888 -1.53538e-01
136 -0.05078  3.13679e-01 |137 -0.01922  4.08627e-03 |138  0.08825  5.74077e-01
139  0.03053  5.05871e-01 |140  0.01711 -2.21567e-01 |141 -0.02464 -3.18309e-01
142 -0.01768  1.27503e-02 |143 -0.00180 -1.04897e-01 |144 -0.00046 -1.40742e-02
145  0.31701 -8.78901e+00 |146  0.21848 -1.62716e+01 |147  0.05537 -3.44900e+01
148  0.30693  3.89870e+01 |149 -0.48665 -3.03103e-01 |150  0.31250  6.46745e-01
151  0.18230 -3.13678e+00 |152  0.26487  1.14036e+01 |153  0.19537 -4.37014e+00
154  0.26402  4.99457e-01 |155  0.12351 -9.70983e+00 |156  0.30791  2.72383e+01
157  0.19657  6.24916e+00 |158  0.25607 -8.20794e+00 |159 -0.36804 -1.12755e+00
160  0.23647 -9.20762e-01 |161  0.24495  2.00997e+00 |162  0.32546  2.65555e+00
163 -0.39210  1.99975e+00 |164  0.23398 -3.85934e+00 |165  0.06645 -8.34919e+00
166  0.14053  6.56604e+00 |167  0.32166  9.52654e+00 |168  0.27452 -2.69349e+01
169  0.03099 -2.72617e+00 |170  0.41760  7.61590e-01 |171  0.11154 -1.56002e+02
172  0.17628 -2.80781e+00 |173  0.22663  1.32811e+02 |174  0.26330 -2.31368e+01
175 -0.55109 -2.91788e+00 |176  0.17247 -4.56403e-01 |
176 variables; iteration 40; function evaluation 48; phase 3
Function value 3.4530830e+03; maximum gradient component mag -3.5052e+01
Var    Value     Gradient |Var    Value     Gradient |Var    Value     Gradient
  1 -0.43257  7.72606e+00 |  2  0.36313 -1.11349e+01 |  3 -0.12484 -7.67219e+00
  4 -0.00045 -6.62282e+00 |  5 -0.75815  4.01986e-01 |  6 -0.57011 -9.17875e-01
  7  0.36703  8.92226e+00 |  8 -0.18371  2.63241e+00 |  9  0.04745  2.99381e+00
 10 -0.71810  3.24454e+00 | 11 -0.59929  6.35284e+00 | 12 -0.13632 -2.06866e+01
 13 -0.00601  1.27593e-02 | 14 -0.00618  1.27540e-02 | 15 -0.00635  1.27438e-02
 16 -0.00652  1.27288e-02 | 17 -0.00670  1.26908e-02 | 18 -0.00688  1.26437e-02
 19 -0.00706  1.25925e-02 | 20 -0.00725  1.25339e-02 | 21 -0.00743  1.24633e-02
 22 -0.00762  1.23705e-02 | 23 -0.00781  1.22394e-02 | 24 -0.00800  1.20486e-02
 25 -0.00819  1.17717e-02 | 26 -0.00839  1.13865e-02 | 27 -0.00859  1.08833e-02
 28 -0.00879  1.02698e-02 | 29 -0.00898  9.55327e-03 | 30 -0.00918  8.71909e-03
 31 -0.00938  7.70423e-03 | 32 -0.00958  6.43788e-03 | 33 -0.00978  4.83788e-03
 34 -0.00997  2.82741e-03 | 35 -0.01017  3.47803e-04 | 36 -0.01035 -2.63122e-03
 37 -0.01053 -6.10817e-03 | 38 -0.01069 -1.00719e-02 | 39 -0.01084 -1.45025e-02
 40 -0.01096 -1.93056e-02 | 41 -0.01106 -2.46591e-02 | 42 -0.01114 -3.05516e-02
 43 -0.01119 -3.70178e-02 | 44 -0.01122 -4.40785e-02 | 45 -0.01123 -5.16962e-02
 46 -0.01121 -5.98048e-02 | 47 -0.01118 -6.83659e-02 | 48 -0.01113 -7.73214e-02
 49 -0.01108 -8.66724e-02 | 50 -0.01103 -9.64676e-02 | 51 -0.01099 -1.06744e-01
 52 -0.01096 -1.17459e-01 | 53 -0.01096 -1.28584e-01 | 54 -0.01097 -1.39987e-01
 55 -0.01100 -1.51499e-01 | 56 -0.01104 -1.63066e-01 | 57 -0.01110 -1.74672e-01
 58 -0.01115 -1.86139e-01 | 59 -0.01121 -1.97437e-01 | 60 -0.01125 -2.08413e-01
 61 -0.01127 -2.19007e-01 | 62 -0.01127 -2.28943e-01 | 63 -0.01122 -2.38083e-01
 64 -0.01112 -2.46391e-01 | 65 -0.01096 -2.53515e-01 | 66 -0.01073 -2.60162e-01
 67 -0.01041 -2.65909e-01 | 68 -0.01001 -2.70565e-01 | 69 -0.00951 -2.74232e-01
 70 -0.00890 -2.76894e-01 | 71 -0.00820 -2.78707e-01 | 72 -0.00742 -2.79791e-01
 73 -0.00659 -2.80398e-01 | 74 -0.00575 -2.80778e-01 | 75 -0.00494 -2.81149e-01
 76 -0.00417 -2.81780e-01 | 77 -0.00344 -2.83107e-01 | 78 -0.00270 -2.85643e-01
 79 -0.00183 -2.89791e-01 | 80 -0.00069 -2.95429e-01 | 81  0.00085 -3.01657e-01
 82  0.00284 -3.07039e-01 | 83  0.00521 -3.10411e-01 | 84  0.00774 -3.11450e-01
 85  0.01015 -3.11019e-01 | 86  0.01219 -3.11695e-01 | 87  0.01385 -3.16418e-01
 88  0.01533 -3.28187e-01 | 89  0.01693 -3.49534e-01 | 90  0.01874 -3.87188e-01
 91  0.02045 -4.47195e-01 | 92  0.02149 -5.33564e-01 | 93  0.02164 -6.45211e-01
 94  0.02168 -7.63660e-01 | 95  0.02194 -8.75893e-01 | 96  0.02033 -1.04273e+00
 97  0.02114 -1.12439e+00 | 98  0.02287 -1.23300e+00 | 99  0.02761 -1.37858e+00
100  0.02791 -1.56637e+00 |101  0.02767 -1.69234e+00 |102  0.02771 -1.82643e+00
103  0.01947 -1.86473e+00 |104  0.02181 -1.97321e+00 |105  0.05145 -2.47499e+00
106  0.04860 -2.14521e+00 |107  0.01631 -8.25959e-01 |108  0.03455 -5.32459e-01
109  0.13269  8.01647e-01 |110  0.04185  8.76860e-01 |111  0.00587  9.88093e-01
112  0.02745  8.42825e-01 |113  0.05000  3.50089e-02 |114  0.06508 -2.03851e+00
115  0.03619 -8.41065e-01 |116 -0.03370  8.34830e-01 |117 -0.04796  2.74069e+00
118 -0.04527  2.33439e+00 |119 -0.00325  8.30040e-01 |120  0.08380  6.99627e-01
121  0.02506  1.40765e+00 |122  0.02060  3.06241e+00 |123 -0.02626  1.41868e+00
124 -0.06906 -1.53541e-01 |125 -0.03030  5.17665e-01 |126 -0.03561 -2.29471e-01
127 -0.05404 -1.29597e-01 |128 -0.00359  4.83495e-01 |129  0.02331  2.42037e+00
130 -0.00435  2.02819e+00 |131  0.04008  1.77200e+00 |132 -0.01336  1.35907e+00
133  0.11235 -2.52950e-01 |134  0.00484  6.07467e-01 |135 -0.04139 -6.22827e-01
136 -0.05319 -5.16322e-01 |137 -0.02071 -2.43261e-01 |138  0.08710  4.67347e-01
139  0.03068  5.34275e-01 |140  0.01451 -5.02489e-01 |141 -0.02614 -3.41637e-01
142 -0.01852 -1.07712e-01 |143 -0.00052  2.92353e-01 |144 -0.00026  3.87239e-02
145  0.33422 -2.62928e+00 |146  0.24050 -4.21190e+00 |147  0.06046 -8.76406e+00
148  0.30738  9.72114e+00 |149 -0.48092  5.86389e-01 |150  0.32278  1.07428e+00
151  0.18068 -2.93382e+00 |152  0.26319  2.27272e+00 |153  0.19936 -2.76103e+00
154  0.26566  1.39947e+00 |155  0.13093  2.12559e-01 |156  0.30834  5.98569e+00
157  0.19804 -2.07515e-01 |158  0.25671  1.92965e+00 |159 -0.37096 -7.88385e-01
160  0.23496 -2.62457e+00 |161  0.23784 -3.18640e+00 |162  0.32273  3.76370e-02
163 -0.39769  2.43805e-01 |164  0.23243 -8.39353e-01 |165  0.07075 -2.42807e+00
166  0.14534 -1.38568e+00 |167  0.32091  2.65383e+00 |168  0.27838 -1.38620e+00
169  0.03668  2.12919e+00 |170  0.42010  4.70980e-01 |171  0.11404 -3.50523e+01
172  0.17847 -9.06735e+00 |173  0.22498  2.13413e+01 |174  0.26447  1.37186e+00
175 -0.59133 -2.08202e+00 |176  0.15215 -1.55972e+00 |
176 variables; iteration 60; function evaluation 76; phase 3
Function value 3.4529307e+03; maximum gradient component mag -1.1716e+00
Var    Value     Gradient |Var    Value     Gradient |Var    Value     Gradient
  1 -0.43261  5.99255e-01 |  2  0.36366  3.22406e-01 |  3 -0.12438 -1.40882e-01
  4 -0.00153 -1.76247e-01 |  5 -0.75977 -4.76507e-02 |  6 -0.56960 -8.57708e-03
  7  0.36682 -1.35544e-01 |  8 -0.18401 -5.12231e-01 |  9  0.04805 -2.98537e-01
 10 -0.72801 -4.70375e-04 | 11 -0.59847  3.05234e-02 | 12 -0.13690 -1.17163e+00
 13 -0.00621 -3.66123e-03 | 14 -0.00639 -3.79450e-03 | 15 -0.00656 -3.93186e-03
 16 -0.00674 -4.07335e-03 | 17 -0.00692 -4.21924e-03 | 18 -0.00710 -4.36939e-03
 19 -0.00729 -4.52377e-03 | 20 -0.00748 -4.68240e-03 | 21 -0.00767 -4.84534e-03
 22 -0.00786 -5.01271e-03 | 23 -0.00806 -5.18474e-03 | 24 -0.00825 -5.36174e-03
 25 -0.00845 -5.54422e-03 | 26 -0.00865 -5.73283e-03 | 27 -0.00885 -5.92829e-03
 28 -0.00905 -6.13114e-03 | 29 -0.00926 -6.34173e-03 | 30 -0.00946 -6.56056e-03
 31 -0.00966 -6.78911e-03 | 32 -0.00986 -7.02954e-03 | 33 -0.01006 -7.28463e-03
 34 -0.01025 -7.55760e-03 | 35 -0.01044 -7.85181e-03 | 36 -0.01063 -8.17035e-03
 37 -0.01080 -8.51568e-03 | 38 -0.01096 -8.88979e-03 | 39 -0.01109 -9.29405e-03
 40 -0.01121 -9.72778e-03 | 41 -0.01130 -1.01959e-02 | 42 -0.01137 -1.06990e-02
 43 -0.01141 -1.12391e-02 | 44 -0.01142 -1.18171e-02 | 45 -0.01141 -1.24324e-02
 46 -0.01138 -1.30834e-02 | 47 -0.01133 -1.37687e-02 | 48 -0.01126 -1.44862e-02
 49 -0.01119 -1.52347e-02 | 50 -0.01112 -1.60130e-02 | 51 -0.01105 -1.68180e-02
 52 -0.01101 -1.76419e-02 | 53 -0.01097 -1.84775e-02 | 54 -0.01096 -1.93156e-02
 55 -0.01097 -2.01478e-02 | 56 -0.01099 -2.09699e-02 | 57 -0.01102 -2.17781e-02
 58 -0.01105 -2.25610e-02 | 59 -0.01108 -2.33111e-02 | 60 -0.01110 -2.40157e-02
 61 -0.01110 -2.46652e-02 | 62 -0.01108 -2.52426e-02 | 63 -0.01102 -2.57364e-02
 64 -0.01090 -2.61401e-02 | 65 -0.01073 -2.64359e-02 | 66 -0.01049 -2.66492e-02
 67 -0.01018 -2.67649e-02 | 68 -0.00977 -2.67811e-02 | 69 -0.00927 -2.67123e-02
 70 -0.00867 -2.65738e-02 | 71 -0.00798 -2.63948e-02 | 72 -0.00722 -2.62102e-02
 73 -0.00640 -2.60692e-02 | 74 -0.00558 -2.60310e-02 | 75 -0.00477 -2.61620e-02
 76 -0.00402 -2.65369e-02 | 77 -0.00331 -2.72505e-02 | 78 -0.00258 -2.84280e-02
 79 -0.00172 -3.02424e-02 | 80 -0.00058 -3.29226e-02 | 81  0.00094 -3.66724e-02
 82  0.00290 -4.14348e-02 | 83  0.00521 -4.65559e-02 | 84  0.00767 -5.09038e-02
 85  0.00999 -5.39173e-02 | 86  0.01193 -5.63678e-02 | 87  0.01349 -5.93795e-02
 88  0.01487 -6.35622e-02 | 89  0.01637 -6.99805e-02 | 90  0.01806 -7.97337e-02
 91  0.01969 -9.14491e-02 | 92  0.02072 -9.83106e-02 | 93  0.02093 -9.79458e-02
 94  0.02101 -9.59759e-02 | 95  0.02125 -9.36299e-02 | 96  0.01996 -8.82073e-02
 97  0.02074 -8.83526e-02 | 98  0.02256 -9.98579e-02 | 99  0.02722 -9.26791e-02
100  0.02800 -5.46491e-02 |101  0.02788 -4.00507e-02 |102  0.02799 -1.65075e-02
103  0.02056  9.05135e-03 |104  0.02409  4.15834e-02 |105  0.05281  2.48761e-03
106  0.05185  5.46295e-02 |107  0.01817  3.24721e-02 |108  0.03425 -7.68377e-04
109  0.13067 -7.37546e-04 |110  0.04269 -3.46391e-02 |111  0.00482 -4.23452e-02
112  0.02694 -1.71855e-02 |113  0.04983  1.49885e-01 |114  0.06833  6.30856e-02
115  0.03699 -1.84095e-04 |116 -0.03452 -4.86417e-03 |117 -0.05177  7.09586e-02
118 -0.04726  8.13688e-02 |119 -0.00251  3.45286e-02 |120  0.08385  1.36788e-01
121  0.02478  7.17351e-02 |122  0.01756  8.93211e-03 |123 -0.02626  6.65946e-02
124 -0.06753  5.75131e-02 |125 -0.03105  8.69157e-02 |126 -0.03443  8.75952e-03
127 -0.05307 -1.64664e-02 |128 -0.00377 -7.01794e-02 |129  0.02008  1.07548e-02
130 -0.00605  2.04737e-01 |131  0.03858  3.59536e-01 |132 -0.01570  1.31920e-01
133  0.11263  2.88136e-01 |134  0.00452  5.81469e-02 |135 -0.03970 -2.28383e-02
136 -0.05159 -3.58035e-02 |137 -0.01998  2.18379e-02 |138  0.08569  2.18624e-03
139  0.02925  4.28087e-02 |140  0.01595 -6.32059e-03 |141 -0.02485 -3.09276e-02
142 -0.01794  4.20451e-03 |143 -0.00181 -2.33622e-02 |144 -0.00042  5.21191e-05
145  0.33557 -6.51117e-02 |146  0.23512 -2.10093e-01 |147  0.06180 -2.46119e-01
148  0.30760  1.25385e-01 |149 -0.48876 -5.74743e-02 |150  0.30540  3.02649e-02
151  0.18208 -3.41741e-01 |152  0.26381 -4.45736e-03 |153  0.20092 -1.12652e-01
154  0.26635  1.13625e-01 |155  0.12607 -1.37611e-02 |156  0.30611  7.64340e-03
157  0.19738 -1.75546e-01 |158  0.25619  2.97160e-01 |159 -0.36845  2.41028e-02
160  0.23641 -1.46375e-02 |161  0.24376 -1.66440e-01 |162  0.32421 -1.51542e-02
163 -0.39713  8.26767e-03 |164  0.23281 -2.58132e-02 |165  0.07203 -6.62211e-02
166  0.14696 -1.93886e-01 |167  0.32110  7.24179e-02 |168  0.27934  3.91699e-01
169  0.03480 -1.26098e-01 |170  0.41803  6.02638e-02 |171  0.11521 -7.47440e-01
172  0.17943 -9.20584e-01 |173  0.22531 -3.59994e-02 |174  0.26500  6.91455e-01
175 -0.55810 -9.21844e-02 |176  0.16992  9.97684e-02 |

 - final statistics:
176 variables; iteration 61; function evaluation 78
Function value 3.4529e+03; maximum gradient component mag -8.0446e-01
Exit code = 1;  converg criter 1.0000e+00
Var    Value     Gradient |Var    Value     Gradient |Var    Value     Gradient
  1 -0.43261  4.49167e-01 |  2  0.36362  2.56142e-01 |  3 -0.12442 -9.63923e-02
  4 -0.00143 -8.02284e-02 |  5 -0.75981 -1.47913e-02 |  6 -0.56959 -5.97045e-04
  7  0.36681 -1.74561e-01 |  8 -0.18402 -4.24630e-01 |  9  0.04808 -2.40571e-01
 10 -0.72798  4.14466e-02 | 11 -0.59847  2.58980e-02 | 12 -0.13687 -8.04457e-01
 13 -0.00621 -2.02214e-03 | 14 -0.00638 -2.05216e-03 | 15 -0.00656 -2.08088e-03
 16 -0.00674 -2.10824e-03 | 17 -0.00692 -2.13524e-03 | 18 -0.00710 -2.16099e-03
 19 -0.00729 -2.18511e-03 | 20 -0.00747 -2.20779e-03 | 21 -0.00766 -2.22936e-03
 22 -0.00786 -2.25064e-03 | 23 -0.00805 -2.27297e-03 | 24 -0.00825 -2.29830e-03
 25 -0.00845 -2.32910e-03 | 26 -0.00864 -2.36756e-03 | 27 -0.00885 -2.41453e-03
 28 -0.00905 -2.46912e-03 | 29 -0.00925 -2.53046e-03 | 30 -0.00945 -2.59993e-03
 31 -0.00965 -2.68294e-03 | 32 -0.00985 -2.78571e-03 | 33 -0.01005 -2.91535e-03
 34 -0.01025 -3.07840e-03 | 35 -0.01044 -3.27943e-03 | 36 -0.01062 -3.51995e-03
 37 -0.01079 -3.79795e-03 | 38 -0.01095 -4.10974e-03 | 39 -0.01109 -4.45038e-03
 40 -0.01120 -4.80886e-03 | 41 -0.01130 -5.19574e-03 | 42 -0.01136 -5.60695e-03
 43 -0.01140 -6.04198e-03 | 44 -0.01142 -6.49912e-03 | 45 -0.01140 -6.97213e-03
 46 -0.01137 -7.45296e-03 | 47 -0.01132 -7.93618e-03 | 48 -0.01125 -8.41552e-03
 49 -0.01118 -8.88989e-03 | 50 -0.01111 -9.36190e-03 | 51 -0.01104 -9.83307e-03
 52 -0.01100 -1.02991e-02 | 53 -0.01096 -1.07573e-02 | 54 -0.01095 -1.11986e-02
 55 -0.01096 -1.16114e-02 | 56 -0.01098 -1.19940e-02 | 57 -0.01100 -1.23481e-02
 58 -0.01104 -1.26663e-02 | 59 -0.01107 -1.29545e-02 | 60 -0.01108 -1.32125e-02
 61 -0.01109 -1.34484e-02 | 62 -0.01106 -1.36580e-02 | 63 -0.01100 -1.38473e-02
 64 -0.01089 -1.40286e-02 | 65 -0.01071 -1.41928e-02 | 66 -0.01048 -1.43916e-02
 67 -0.01016 -1.46004e-02 | 68 -0.00976 -1.48021e-02 | 69 -0.00926 -1.49896e-02
 70 -0.00867 -1.51426e-02 | 71 -0.00798 -1.52455e-02 | 72 -0.00722 -1.52766e-02
 73 -0.00640 -1.52186e-02 | 74 -0.00558 -1.50535e-02 | 75 -0.00478 -1.47643e-02
 76 -0.00403 -1.43405e-02 | 77 -0.00331 -1.37813e-02 | 78 -0.00258 -1.30849e-02
 79 -0.00171 -1.22405e-02 | 80 -0.00056 -1.12524e-02 | 81  0.00097 -1.02483e-02
 82  0.00295 -9.67333e-03 | 83  0.00528 -1.02884e-02 | 84  0.00774 -1.26468e-02
 85  0.01005 -1.64937e-02 | 86  0.01198 -2.10660e-02 | 87  0.01353 -2.59365e-02
 88  0.01490 -3.10866e-02 | 89  0.01640 -3.64543e-02 | 90  0.01812 -4.20779e-02
 91  0.01977 -4.84431e-02 | 92  0.02080 -5.61022e-02 | 93  0.02099 -6.48114e-02
 94  0.02102 -7.38269e-02 | 95  0.02122 -8.22250e-02 | 96  0.01989 -8.96072e-02
 97  0.02067 -9.29399e-02 | 98  0.02257 -9.18446e-02 | 99  0.02723 -8.92448e-02
100  0.02788 -8.13603e-02 |101  0.02780 -6.54051e-02 |102  0.02791 -4.27277e-02
103  0.02049 -1.41051e-02 |104  0.02401  2.03915e-02 |105  0.05298  2.60300e-02
106  0.05178  4.48212e-02 |107  0.01808  1.61782e-02 |108  0.03437  3.30079e-02
109  0.13071  3.37114e-02 |110  0.04273 -1.80240e-02 |111  0.00485 -4.28677e-02
112  0.02696 -4.41366e-02 |113  0.04959  6.13531e-02 |114  0.06852  1.11418e-01
115  0.03702  4.54603e-02 |116 -0.03452 -1.78360e-02 |117 -0.05191 -1.94744e-02
118 -0.04745 -1.69266e-02 |119 -0.00231  1.09825e-01 |120  0.08384  1.15182e-01
121  0.02469  7.03339e-03 |122  0.01758  1.02045e-02 |123 -0.02614  1.22867e-01
124 -0.06756  2.60579e-02 |125 -0.03109  3.91787e-02 |126 -0.03459 -7.17993e-02
127 -0.05306 -2.09036e-02 |128 -0.00371 -4.54577e-02 |129  0.02000 -2.17993e-02
130 -0.00604  1.89325e-01 |131  0.03835  2.03435e-01 |132 -0.01577  8.95524e-02
133  0.11251  1.97032e-01 |134  0.00452  6.98465e-02 |135 -0.03969 -1.72589e-02
136 -0.05169 -6.82507e-02 |137 -0.02009 -1.33690e-02 |138  0.08563 -1.91050e-02
139  0.02914  5.75816e-03 |140  0.01600  1.30664e-02 |141 -0.02482 -1.90289e-02
142 -0.01813 -4.88750e-02 |143 -0.00146  6.59531e-02 |144 -0.00041  2.84658e-03
145  0.33551 -8.72519e-02 |146  0.23511 -1.62893e-01 |147  0.06179 -1.89832e-01
148  0.30761  7.44640e-02 |149 -0.48876 -5.52836e-02 |150  0.30547  3.05008e-02
151  0.18209 -2.93868e-01 |152  0.26384 -3.22947e-02 |153  0.20090 -1.18690e-01
154  0.26635  8.60722e-02 |155  0.12610  3.13790e-03 |156  0.30614  2.15602e-02
157  0.19750 -8.10242e-02 |158  0.25626  2.92264e-01 |159 -0.36851  7.70733e-03
160  0.23639 -1.80118e-02 |161  0.24385 -1.15772e-01 |162  0.32424 -3.68312e-03
163 -0.39709  5.89986e-03 |164  0.23283 -1.09613e-02 |165  0.07203 -5.73766e-02
166  0.14694 -1.75488e-01 |167  0.32109  4.60059e-02 |168  0.27932  3.08486e-01
169  0.03477 -1.06238e-01 |170  0.41790 -3.64368e-03 |171  0.11522 -5.57880e-01
172  0.17943 -7.23105e-01 |173  0.22532 -3.96565e-02 |174  0.26501  5.30893e-01
175 -0.55817 -7.10323e-02 |176  0.16984  6.71708e-02 |

Initial statistics: 200 variables; iteration 0; function evaluation 0; phase 4
Function value 3.4529306e+03; maximum gradient component mag -2.1253e+02
Var    Value     Gradient |Var    Value     Gradient |Var    Value     Gradient
  1 -0.43261  4.49167e-01 |  2  0.36362  2.56142e-01 |  3 -0.12442 -9.63923e-02
  4 -0.00143 -8.02284e-02 |  5 -0.75981 -1.47913e-02 |  6 -0.56959 -5.97044e-04
  7  0.36681 -1.74561e-01 |  8 -0.18402 -4.24630e-01 |  9  0.04808 -2.40571e-01
 10 -0.72798  4.14466e-02 | 11 -0.59847  2.58980e-02 | 12 -0.13687 -8.04457e-01
 13 -0.00621 -2.02214e-03 | 14 -0.00638 -2.05216e-03 | 15 -0.00656 -2.08088e-03
 16 -0.00674 -2.10824e-03 | 17 -0.00692 -2.13524e-03 | 18 -0.00710 -2.16099e-03
 19 -0.00729 -2.18511e-03 | 20 -0.00747 -2.20779e-03 | 21 -0.00766 -2.22936e-03
 22 -0.00786 -2.25064e-03 | 23 -0.00805 -2.27297e-03 | 24 -0.00825 -2.29830e-03
 25 -0.00845 -2.32910e-03 | 26 -0.00864 -2.36756e-03 | 27 -0.00885 -2.41453e-03
 28 -0.00905 -2.46912e-03 | 29 -0.00925 -2.53046e-03 | 30 -0.00945 -2.59993e-03
 31 -0.00965 -2.68294e-03 | 32 -0.00985 -2.78571e-03 | 33 -0.01005 -2.91535e-03
 34 -0.01025 -3.07840e-03 | 35 -0.01044 -3.27943e-03 | 36 -0.01062 -3.51995e-03
 37 -0.01079 -3.79795e-03 | 38 -0.01095 -4.10974e-03 | 39 -0.01109 -4.45038e-03
 40 -0.01120 -4.80886e-03 | 41 -0.01130 -5.19574e-03 | 42 -0.01136 -5.60695e-03
 43 -0.01140 -6.04198e-03 | 44 -0.01142 -6.49912e-03 | 45 -0.01140 -6.97213e-03
 46 -0.01137 -7.45296e-03 | 47 -0.01132 -7.93618e-03 | 48 -0.01125 -8.41552e-03
 49 -0.01118 -8.88989e-03 | 50 -0.01111 -9.36190e-03 | 51 -0.01104 -9.83307e-03
 52 -0.01100 -1.02991e-02 | 53 -0.01096 -1.07573e-02 | 54 -0.01095 -1.11986e-02
 55 -0.01096 -1.16114e-02 | 56 -0.01098 -1.19940e-02 | 57 -0.01100 -1.23481e-02
 58 -0.01104 -1.26663e-02 | 59 -0.01107 -1.29545e-02 | 60 -0.01108 -1.32125e-02
 61 -0.01109 -1.34484e-02 | 62 -0.01106 -1.36580e-02 | 63 -0.01100 -1.38473e-02
 64 -0.01089 -1.40286e-02 | 65 -0.01071 -1.41928e-02 | 66 -0.01048 -1.43916e-02
 67 -0.01016 -1.46004e-02 | 68 -0.00976 -1.48021e-02 | 69 -0.00926 -1.49896e-02
 70 -0.00867 -1.51426e-02 | 71 -0.00798 -1.52455e-02 | 72 -0.00722 -1.52766e-02
 73 -0.00640 -1.52186e-02 | 74 -0.00558 -1.50535e-02 | 75 -0.00478 -1.47643e-02
 76 -0.00403 -1.43405e-02 | 77 -0.00331 -1.37813e-02 | 78 -0.00258 -1.30849e-02
 79 -0.00171 -1.22405e-02 | 80 -0.00056 -1.12524e-02 | 81  0.00097 -1.02483e-02
 82  0.00295 -9.67333e-03 | 83  0.00528 -1.02884e-02 | 84  0.00774 -1.26468e-02
 85  0.01005 -1.64937e-02 | 86  0.01198 -2.10660e-02 | 87  0.01353 -2.59365e-02
 88  0.01490 -3.10866e-02 | 89  0.01640 -3.64543e-02 | 90  0.01812 -4.20779e-02
 91  0.01977 -4.84431e-02 | 92  0.02080 -5.61022e-02 | 93  0.02099 -6.48114e-02
 94  0.02102 -7.38269e-02 | 95  0.02122 -8.22250e-02 | 96  0.01989 -8.96072e-02
 97  0.02067 -9.29399e-02 | 98  0.02257 -9.18446e-02 | 99  0.02723 -8.92448e-02
100  0.02788 -8.13603e-02 |101  0.02780 -6.54051e-02 |102  0.02791 -4.27277e-02
103  0.02049 -1.41051e-02 |104  0.02401  2.03915e-02 |105  0.05298  2.60300e-02
106  0.05178  4.48212e-02 |107  0.01808  1.61782e-02 |108  0.03437  3.30079e-02
109  0.13071  3.37114e-02 |110  0.04273 -1.80240e-02 |111  0.00485 -4.28677e-02
112  0.02696 -4.41366e-02 |113  0.04959  6.13531e-02 |114  0.06852  1.11418e-01
115  0.03702  4.54603e-02 |116 -0.03452 -1.78360e-02 |117 -0.05191 -1.94744e-02
118 -0.04745 -1.69266e-02 |119 -0.00231  1.09825e-01 |120  0.08384  1.15182e-01
121  0.02469  7.03339e-03 |122  0.01758  1.02045e-02 |123 -0.02614  1.22867e-01
124 -0.06756  2.60579e-02 |125 -0.03109  3.91787e-02 |126 -0.03459 -7.17993e-02
127 -0.05306 -2.09036e-02 |128 -0.00371 -4.54577e-02 |129  0.02000 -2.17993e-02
130 -0.00604  1.89325e-01 |131  0.03835  2.03435e-01 |132 -0.01577  8.95524e-02
133  0.11251  1.97032e-01 |134  0.00452  6.98465e-02 |135 -0.03969 -1.72589e-02
136 -0.05169 -6.82507e-02 |137 -0.02009 -1.33690e-02 |138  0.08563 -1.91050e-02
139  0.02914  5.75816e-03 |140  0.01600  1.30664e-02 |141 -0.02482 -1.90289e-02
142 -0.01813 -4.88750e-02 |143 -0.00146  6.59531e-02 |144 -0.00041  2.84658e-03
145  0.33551 -8.72519e-02 |146  0.23511 -1.62893e-01 |147  0.06179 -1.89832e-01
148  0.30761  7.44640e-02 |149  0.01638 -2.24068e+01 |150 -0.11477 -3.02112e+01
151 -0.48876 -5.52836e-02 |152  0.30547  3.05008e-02 |153  0.04878  2.09662e+00
154 -0.23502  5.08987e+00 |155  0.18209 -2.93868e-01 |156  0.26384 -3.22947e-02
157  0.20090 -1.18690e-01 |158  0.26635  8.60722e-02 |159  0.00587  4.23277e+00
160 -0.09827 -2.38693e+01 |161  0.12610  3.13790e-03 |162  0.30614  2.15602e-02
163  0.19750 -8.10242e-02 |164  0.25626  2.92264e-01 |165 -0.36851  7.70733e-03
166  0.23639 -1.80118e-02 |167  0.05275  6.04504e+00 |168 -0.18762 -5.61926e+01
169  0.24385 -1.15772e-01 |170  0.32424 -3.68312e-03 |171  0.07774 -1.25115e+01
172 -0.53183 -3.58237e-03 |173 -0.39709  5.89986e-03 |174  0.23283 -1.09613e-02
175  0.07820  6.37136e+00 |176 -0.12196  4.82395e+01 |177  0.07203 -5.73766e-02
178  0.14694 -1.75488e-01 |179  0.32109  4.60059e-02 |180  0.27932  3.08486e-01
181  0.00546 -2.44862e+00 |182  0.00907 -1.69599e+01 |183 -0.15012 -4.05566e+01
184 -0.12571 -8.00628e+01 |185  0.03477 -1.06238e-01 |186  0.41790 -3.64368e-03
187  0.01863 -3.88306e+00 |188 -0.15435 -1.49832e+01 |189  0.11522 -5.57880e-01
190  0.17943 -7.23105e-01 |191  0.22532 -3.96565e-02 |192  0.26501  5.30893e-01
193  0.02453 -9.88126e+01 |194 -0.00648 -4.08037e+01 |195 -0.17628 -1.03851e+02
196 -0.11429 -2.12529e+02 |197 -0.55817 -7.10323e-02 |198  0.16984  6.71708e-02
199  0.09511 -8.88691e+00 |200 -0.25343 -2.93626e+00 |

Intermediate statistics: 200 variables; iteration 20; function evaluation 22; phase 4
Function value 3.4492893e+03; maximum gradient component mag -2.5064e+02
Var    Value     Gradient |Var    Value     Gradient |Var    Value     Gradient
  1 -0.42903  4.75893e+01 |  2  0.35930 -2.50644e+02 |  3 -0.14021 -1.87895e+02
  4  0.00807 -1.94197e+02 |  5 -0.77954  1.77113e+00 |  6 -0.56651 -1.33307e+01
  7  0.36497 -9.75601e+01 |  8 -0.19668 -8.28994e+01 |  9  0.05879 -7.07166e+01
 10 -0.74207 -2.51125e+00 | 11 -0.59733 -1.34177e+01 | 12 -0.15684 -3.91267e+01
 13 -0.00598 -1.61580e-01 | 14 -0.00614 -1.66125e-01 | 15 -0.00631 -1.70786e-01
 16 -0.00648 -1.75565e-01 | 17 -0.00666 -1.80468e-01 | 18 -0.00684 -1.85495e-01
 19 -0.00702 -1.90647e-01 | 20 -0.00720 -1.95926e-01 | 21 -0.00738 -2.01335e-01
 22 -0.00757 -2.06877e-01 | 23 -0.00776 -2.12558e-01 | 24 -0.00795 -2.18382e-01
 25 -0.00814 -2.24354e-01 | 26 -0.00833 -2.30478e-01 | 27 -0.00853 -2.36754e-01
 28 -0.00872 -2.43183e-01 | 29 -0.00892 -2.49762e-01 | 30 -0.00911 -2.56494e-01
 31 -0.00931 -2.63392e-01 | 32 -0.00951 -2.70473e-01 | 33 -0.00970 -2.77750e-01
 34 -0.00989 -2.85237e-01 | 35 -0.01008 -2.92940e-01 | 36 -0.01026 -3.00862e-01
 37 -0.01042 -3.08995e-01 | 38 -0.01058 -3.17337e-01 | 39 -0.01072 -3.25885e-01
 40 -0.01083 -3.34618e-01 | 41 -0.01092 -3.43607e-01 | 42 -0.01099 -3.52867e-01
 43 -0.01103 -3.62436e-01 | 44 -0.01105 -3.72357e-01 | 45 -0.01104 -3.82663e-01
 46 -0.01101 -3.93391e-01 | 47 -0.01096 -4.04598e-01 | 48 -0.01090 -4.16331e-01
 49 -0.01084 -4.28633e-01 | 50 -0.01077 -4.41519e-01 | 51 -0.01072 -4.54942e-01
 52 -0.01068 -4.68791e-01 | 53 -0.01066 -4.83010e-01 | 54 -0.01066 -4.97590e-01
 55 -0.01067 -5.12578e-01 | 56 -0.01071 -5.28103e-01 | 57 -0.01075 -5.44298e-01
 58 -0.01080 -5.61194e-01 | 59 -0.01084 -5.78915e-01 | 60 -0.01088 -5.97513e-01
 61 -0.01090 -6.17116e-01 | 62 -0.01089 -6.37726e-01 | 63 -0.01084 -6.59446e-01
 64 -0.01075 -6.82450e-01 | 65 -0.01059 -7.06645e-01 | 66 -0.01038 -7.32844e-01
 67 -0.01008 -7.60957e-01 | 68 -0.00970 -7.91037e-01 | 69 -0.00922 -8.23387e-01
 70 -0.00865 -8.58113e-01 | 71 -0.00799 -8.95423e-01 | 72 -0.00725 -9.35335e-01
 73 -0.00647 -9.77970e-01 | 74 -0.00568 -1.02345e+00 | 75 -0.00492 -1.07180e+00
 76 -0.00421 -1.12299e+00 | 77 -0.00355 -1.17753e+00 | 78 -0.00287 -1.23631e+00
 79 -0.00206 -1.30056e+00 | 80 -0.00099 -1.37219e+00 | 81  0.00046 -1.45268e+00
 82  0.00234 -1.54296e+00 | 83  0.00456 -1.64249e+00 | 84  0.00691 -1.74896e+00
 85  0.00910 -1.85882e+00 | 86  0.01090 -1.96840e+00 | 87  0.01229 -2.07678e+00
 88  0.01348 -2.18558e+00 | 89  0.01477 -2.29952e+00 | 90  0.01625 -2.41772e+00
 91  0.01765 -2.53557e+00 | 92  0.01848 -2.63975e+00 | 93  0.01854 -2.72296e+00
 94  0.01861 -2.79060e+00 | 95  0.01913 -2.81184e+00 | 96  0.01844 -2.71599e+00
 97  0.02010 -2.62943e+00 | 98  0.02293 -2.50471e+00 | 99  0.02843 -2.31456e+00
100  0.02981 -1.96409e+00 |101  0.03024 -1.62804e+00 |102  0.03083 -1.14442e+00
103  0.02366 -5.63297e-01 |104  0.02687 -3.48625e-01 |105  0.05585  7.77214e-02
106  0.05477  1.08316e+00 |107  0.01932  5.78647e-01 |108  0.03314  7.59683e-01
109  0.13075  3.75877e+00 |110  0.04366  4.75409e+00 |111  0.00620  3.31307e+00
112  0.02899  3.88276e+00 |113  0.05020  4.88036e+00 |114  0.06934  6.40548e+00
115  0.03984  6.96404e+00 |116 -0.03257  3.36810e+00 |117 -0.04966  2.15663e+00
118 -0.04461  7.36572e-01 |119 -0.00062 -1.33399e+00 |120  0.08233  3.80022e+00
121  0.02554  5.28359e+00 |122  0.01636  3.56258e+00 |123 -0.02786  2.96267e+00
124 -0.06928 -5.25517e-01 |125 -0.03339  1.33943e+00 |126 -0.03610  1.57829e+00
127 -0.05440  3.49601e-01 |128 -0.00474  3.16402e-01 |129  0.01936  2.09226e-02
130 -0.00631  9.74930e-02 |131  0.03633 -9.10898e-01 |132 -0.01744  2.13753e-01
133  0.10838 -2.27827e+00 |134  0.00382  3.14674e-01 |135 -0.04087 -6.79090e-01
136 -0.05253 -2.59890e-02 |137 -0.02205 -1.19154e-01 |138  0.08012  4.84241e-01
139  0.02538  9.48354e-01 |140  0.01325 -4.67615e-01 |141 -0.02596 -7.24409e-01
142 -0.01807 -8.62523e-02 |143 -0.00182 -1.35175e-01 |144 -0.00040  9.19358e-03
145  0.34986  4.85937e+00 |146  0.25045 -1.73994e+01 |147  0.06150  7.85673e+00
148  0.30600 -2.04428e+01 |149  0.02310 -6.11155e-01 |150 -0.10460 -1.26521e+01
151 -0.48504  1.71706e-01 |152  0.30381 -1.43864e-01 |153  0.04695  7.39203e-01
154 -0.24598 -1.17124e+00 |155  0.20030  3.69465e+00 |156  0.26824 -7.98346e+00
157  0.21327 -2.01231e+00 |158  0.27095  5.20085e+00 |159 -0.01421  5.20067e-01
160 -0.08219 -8.05350e+00 |161  0.15325 -6.33521e+00 |162  0.31269  1.55601e+01
163  0.21684 -2.07624e+00 |164  0.26172  5.72643e+00 |165 -0.36002  5.75989e-02
166  0.24120  9.18111e-01 |167  0.04946  4.95218e+00 |168 -0.17709  5.89083e+00
169  0.23710  2.22501e-01 |170  0.32317  1.88436e+00 |171  0.08146 -1.59105e-01
172 -0.53181 -2.15964e-03 |173 -0.38764 -3.42231e+00 |174  0.23432  7.35842e+00
175  0.07130  4.34079e+00 |176 -0.12701 -2.96851e+01 |177  0.07509 -3.06892e+00
178  0.14879 -8.45233e-02 |179  0.32266 -3.72359e-01 |180  0.27998  2.25037e+00
181 -0.00932 -1.16310e+00 |182  0.00340 -5.91584e-02 |183 -0.12369 -1.27916e+01
184 -0.10652 -1.23482e+01 |185  0.03372 -3.42115e+00 |186  0.42244  9.70061e-01
187  0.01400 -2.33972e+00 |188 -0.13020  4.50253e-01 |189  0.11205 -1.66933e+02
190  0.18368 -2.56509e+01 |191  0.22458  1.12534e+02 |192  0.26757  4.67132e+01
193  0.02481 -1.28504e+02 |194 -0.01739 -4.01934e+00 |195 -0.16295 -6.49768e+01
196 -0.09692 -1.37202e+01 |197 -0.56303 -3.61486e+00 |198  0.16947  6.51796e-01
199  0.09774 -4.62095e+01 |200 -0.25092 -1.30508e+01 |
200 variables; iteration 40; function evaluation 42; phase 4
Function value 3.4491000e+03; maximum gradient component mag -2.3894e+02
Var    Value     Gradient |Var    Value     Gradient |Var    Value     Gradient
  1 -0.42882  5.27827e+01 |  2  0.35914 -2.38940e+02 |  3 -0.14081 -1.83161e+02
  4  0.00876 -1.87373e+02 |  5 -0.78805  9.15516e-01 |  6 -0.56471 -1.20414e+00
  7  0.36487 -9.45706e+01 |  8 -0.19736 -8.55880e+01 |  9  0.05958 -6.82811e+01
 10 -0.74624 -2.65776e+00 | 11 -0.59629 -6.70760e+00 | 12 -0.16154 -4.19677e+01
 13 -0.00581 -1.74260e-01 | 14 -0.00597 -1.79235e-01 | 15 -0.00614 -1.84340e-01
 16 -0.00630 -1.89577e-01 | 17 -0.00647 -1.94955e-01 | 18 -0.00665 -2.00470e-01
 19 -0.00682 -2.06124e-01 | 20 -0.00700 -2.11918e-01 | 21 -0.00718 -2.17857e-01
 22 -0.00736 -2.23944e-01 | 23 -0.00755 -2.30186e-01 | 24 -0.00773 -2.36590e-01
 25 -0.00792 -2.43163e-01 | 26 -0.00811 -2.49909e-01 | 27 -0.00830 -2.56829e-01
 28 -0.00849 -2.63918e-01 | 29 -0.00868 -2.71172e-01 | 30 -0.00887 -2.78595e-01
 31 -0.00906 -2.86206e-01 | 32 -0.00925 -2.94026e-01 | 33 -0.00944 -3.02079e-01
 34 -0.00962 -3.10382e-01 | 35 -0.00981 -3.18947e-01 | 36 -0.00998 -3.27771e-01
 37 -0.01014 -3.36844e-01 | 38 -0.01029 -3.46156e-01 | 39 -0.01043 -3.55697e-01
 40 -0.01054 -3.65426e-01 | 41 -0.01063 -3.75442e-01 | 42 -0.01069 -3.85751e-01
 43 -0.01073 -3.96392e-01 | 44 -0.01074 -4.07405e-01 | 45 -0.01073 -4.18815e-01
 46 -0.01070 -4.30645e-01 | 47 -0.01065 -4.42946e-01 | 48 -0.01058 -4.55755e-01
 49 -0.01051 -4.69117e-01 | 50 -0.01045 -4.83050e-01 | 51 -0.01039 -4.97502e-01
 52 -0.01035 -5.12341e-01 | 53 -0.01032 -5.27490e-01 | 54 -0.01032 -5.42911e-01
 55 -0.01033 -5.58623e-01 | 56 -0.01036 -5.74746e-01 | 57 -0.01040 -5.91408e-01
 58 -0.01044 -6.08613e-01 | 59 -0.01048 -6.26480e-01 | 60 -0.01051 -6.45041e-01
 61 -0.01052 -6.64422e-01 | 62 -0.01051 -6.84591e-01 | 63 -0.01046 -7.05640e-01
 64 -0.01035 -7.27756e-01 | 65 -0.01019 -7.50814e-01 | 66 -0.00996 -7.75768e-01
 67 -0.00966 -8.02489e-01 | 68 -0.00926 -8.31030e-01 | 69 -0.00877 -8.61736e-01
 70 -0.00819 -8.94712e-01 | 71 -0.00752 -9.30165e-01 | 72 -0.00677 -9.68070e-01
 73 -0.00597 -1.00850e+00 | 74 -0.00516 -1.05156e+00 | 75 -0.00439 -1.09725e+00
 76 -0.00367 -1.14560e+00 | 77 -0.00299 -1.19714e+00 | 78 -0.00230 -1.25280e+00
 79 -0.00149 -1.31379e+00 | 80 -0.00042 -1.38197e+00 | 81  0.00104 -1.45873e+00
 82  0.00292 -1.54485e+00 | 83  0.00514 -1.63945e+00 | 84  0.00747 -1.73973e+00
 85  0.00965 -1.84136e+00 | 86  0.01144 -1.93968e+00 | 87  0.01282 -2.03219e+00
 88  0.01402 -2.11830e+00 | 89  0.01536 -2.19948e+00 | 90  0.01694 -2.27255e+00
 91  0.01851 -2.33194e+00 | 92  0.01957 -2.36967e+00 | 93  0.01990 -2.39036e+00
 94  0.02025 -2.41037e+00 | 95  0.02095 -2.42401e+00 | 96  0.01990 -2.43389e+00
 97  0.02116 -2.48186e+00 | 98  0.02343 -2.52172e+00 | 99  0.02873 -2.46351e+00
100  0.02934 -2.29541e+00 |101  0.02928 -2.10808e+00 |102  0.02960 -1.76975e+00
103  0.02166 -1.36704e+00 |104  0.02443 -1.19421e+00 |105  0.05531 -6.15035e-01
106  0.05251  3.53043e-01 |107  0.01740  4.48617e-01 |108  0.03465  1.60809e+00
109  0.13071  5.88166e+00 |110  0.04147  5.70886e+00 |111  0.00526  4.10976e+00
112  0.02764  4.63261e+00 |113  0.04866  5.72348e+00 |114  0.06797  7.60793e+00
115  0.03921  7.70534e+00 |116 -0.03433  3.06967e+00 |117 -0.05188  1.53488e+00
118 -0.04611  3.12552e-01 |119 -0.00052 -1.37363e+00 |120  0.07910  2.22645e+00
121  0.02323  3.92217e+00 |122  0.01414  2.76005e+00 |123 -0.02889  2.90560e+00
124 -0.07026 -3.09378e-01 |125 -0.03434  1.56074e+00 |126 -0.03796  1.58920e+00
127 -0.05509  4.97201e-01 |128 -0.00636  1.58023e-01 |129  0.01782 -2.33009e-01
130 -0.00686  6.44400e-02 |131  0.03494 -1.00585e+00 |132 -0.01849  3.55091e-02
133  0.10849 -1.72555e+00 |134  0.00354  1.76305e-01 |135 -0.04085 -6.52871e-01
136 -0.05308 -1.59577e-01 |137 -0.02279 -2.28167e-01 |138  0.07833  5.61878e-02
139  0.02588  8.59583e-01 |140  0.01354 -5.51451e-01 |141 -0.02422 -4.72044e-01
142 -0.01778 -6.46045e-02 |143 -0.00188 -1.00483e-01 |144 -0.00051  6.67802e-03
145  0.35506  3.06913e+00 |146  0.25378 -1.06753e+01 |147  0.06377  7.17065e+00
148  0.30653 -1.90654e+01 |149  0.02106 -2.41367e+00 |150 -0.10356 -1.12097e+01
151 -0.48051  3.75654e-01 |152  0.30764  4.47103e-02 |153  0.04560  9.23742e-01
154 -0.24382 -6.48263e-01 |155  0.19990  3.14477e+00 |156  0.26724 -1.24467e+01
157  0.21589 -7.02893e+00 |158  0.27228  1.29062e+01 |159 -0.01961 -1.56949e+00
160 -0.08235 -1.24668e+01 |161  0.15599 -6.00477e+00 |162  0.31304  1.54531e+01
163  0.21368 -5.31595e+00 |164  0.25970  4.50259e+00 |165 -0.35459  3.10843e+00
166  0.24183 -5.98132e+00 |167  0.04793  4.34052e+00 |168 -0.17595  1.05248e+01
169  0.22235 -9.80111e-01 |170  0.31981 -8.27492e-01 |171  0.08379 -1.69211e+00
172 -0.53171 -1.94063e-03 |173 -0.36105 -1.87065e+00 |174  0.24375  9.37380e+00
175  0.06659  6.08771e+00 |176 -0.12612 -2.39469e+01 |177  0.10600 -2.36337e-01
178  0.14862 -3.39906e+00 |179  0.33203  1.99187e+00 |180  0.27949  1.60484e+00
181 -0.05478 -6.88753e-01 |182  0.00172 -2.92900e+00 |183 -0.11893 -6.77889e+00
184 -0.10592 -1.51890e+01 |185  0.03721 -2.04100e+00 |186  0.42271  8.97750e-01
187  0.01418 -2.52200e+00 |188 -0.13411 -4.22151e+00 |189  0.11211 -1.66168e+02
190  0.18452 -2.39041e+01 |191  0.22427  1.05917e+02 |192  0.26788  5.54642e+01
193  0.02475 -1.27508e+02 |194 -0.01556 -3.25194e-03 |195 -0.16180 -5.79517e+01
196 -0.09710 -2.29423e+01 |197 -0.57956 -2.42827e+00 |198  0.16129 -2.52739e-02
199  0.09769 -2.41726e+01 |200 -0.24113 -7.49128e+00 |
200 variables; iteration 60; function evaluation 62; phase 4
Function value 3.4480371e+03; maximum gradient component mag -1.9610e+01
Var    Value     Gradient |Var    Value     Gradient |Var    Value     Gradient
  1 -0.43006  1.09141e+01 |  2  0.36006 -1.55582e+01 |  3 -0.13978 -1.48257e+01
  4  0.01299 -1.12882e+01 |  5 -0.78522  4.68133e-02 |  6 -0.56469 -2.07258e+00
  7  0.36434 -3.32248e+00 |  8 -0.19746 -1.17267e+01 |  9  0.06273 -3.88753e+00
 10 -0.74874 -1.19025e+00 | 11 -0.59586 -6.65544e-01 | 12 -0.16470 -1.19590e+01
 13 -0.00587 -1.06334e-01 | 14 -0.00604 -1.09428e-01 | 15 -0.00621 -1.12606e-01
 16 -0.00638 -1.15870e-01 | 17 -0.00655 -1.19228e-01 | 18 -0.00672 -1.22680e-01
 19 -0.00690 -1.26227e-01 | 20 -0.00708 -1.29870e-01 | 21 -0.00726 -1.33614e-01
 22 -0.00745 -1.37463e-01 | 23 -0.00763 -1.41419e-01 | 24 -0.00782 -1.45488e-01
 25 -0.00801 -1.49672e-01 | 26 -0.00820 -1.53976e-01 | 27 -0.00840 -1.58403e-01
 28 -0.00859 -1.62960e-01 | 29 -0.00879 -1.67650e-01 | 30 -0.00898 -1.72481e-01
 31 -0.00917 -1.77466e-01 | 32 -0.00937 -1.82619e-01 | 33 -0.00956 -1.87953e-01
 34 -0.00975 -1.93482e-01 | 35 -0.00994 -1.99220e-01 | 36 -0.01012 -2.05174e-01
 37 -0.01029 -2.11351e-01 | 38 -0.01045 -2.17762e-01 | 39 -0.01059 -2.24412e-01
 40 -0.01070 -2.31274e-01 | 41 -0.01080 -2.38432e-01 | 42 -0.01087 -2.45886e-01
 43 -0.01091 -2.53657e-01 | 44 -0.01094 -2.61775e-01 | 45 -0.01093 -2.70255e-01
 46 -0.01091 -2.79110e-01 | 47 -0.01087 -2.88380e-01 | 48 -0.01082 -2.98086e-01
 49 -0.01076 -3.08262e-01 | 50 -0.01071 -3.18922e-01 | 51 -0.01066 -3.30028e-01
 52 -0.01063 -3.41471e-01 | 53 -0.01062 -3.53178e-01 | 54 -0.01063 -3.65090e-01
 55 -0.01066 -3.77178e-01 | 56 -0.01070 -3.89497e-01 | 57 -0.01076 -4.02103e-01
 58 -0.01081 -4.14927e-01 | 59 -0.01087 -4.27994e-01 | 60 -0.01091 -4.41226e-01
 61 -0.01094 -4.54615e-01 | 62 -0.01094 -4.67973e-01 | 63 -0.01090 -4.81193e-01
 64 -0.01080 -4.94218e-01 | 65 -0.01064 -5.06646e-01 | 66 -0.01042 -5.19059e-01
 67 -0.01012 -5.30940e-01 | 68 -0.00972 -5.41900e-01 | 69 -0.00922 -5.51759e-01
 70 -0.00862 -5.60071e-01 | 71 -0.00793 -5.66461e-01 | 72 -0.00714 -5.70352e-01
 73 -0.00630 -5.71258e-01 | 74 -0.00543 -5.68665e-01 | 75 -0.00458 -5.61918e-01
 76 -0.00376 -5.50297e-01 | 77 -0.00297 -5.33402e-01 | 78 -0.00213 -5.11059e-01
 79 -0.00115 -4.83318e-01 | 80  0.00013 -4.50794e-01 | 81  0.00182 -4.14405e-01
 82  0.00397 -3.75777e-01 | 83  0.00647 -3.37217e-01 | 84  0.00911 -3.01674e-01
 85  0.01155 -2.72350e-01 | 86  0.01356 -2.51975e-01 | 87  0.01509 -2.43921e-01
 88  0.01632 -2.53760e-01 | 89  0.01752 -2.91017e-01 | 90  0.01871 -3.61558e-01
 91  0.01964 -4.63261e-01 | 92  0.01984 -5.78346e-01 | 93  0.01924 -6.84261e-01
 94  0.01873 -7.68922e-01 | 95  0.01896 -7.85538e-01 | 96  0.01872 -5.96525e-01
 97  0.02099 -4.04950e-01 | 98  0.02419 -2.40664e-01 | 99  0.02965 -2.08579e-01
100  0.03064 -2.10157e-01 |101  0.03030 -3.07884e-01 |102  0.03044 -3.97200e-01
103  0.02419 -1.11514e-01 |104  0.02627 -2.07741e-01 |105  0.05453 -3.90435e-01
106  0.05689  4.42719e-01 |107  0.02020  5.60764e-01 |108  0.03111 -1.46486e-01
109  0.13026  1.18656e+00 |110  0.04163  1.36391e+00 |111  0.00367  9.62831e-01
112  0.02844  1.43926e+00 |113  0.04870  3.85243e-01 |114  0.06247 -1.38300e+00
115  0.03761 -6.84670e-01 |116 -0.03494  2.25251e-01 |117 -0.05244  5.50858e-01
118 -0.04724  6.67830e-01 |119 -0.00044  1.71085e+00 |120  0.07993  5.29892e+00
121  0.02476  3.76458e+00 |122  0.01341  2.11664e+00 |123 -0.02943  1.40784e+00
124 -0.07060  7.71984e-01 |125 -0.03488  9.75541e-01 |126 -0.03942  8.49694e-01
127 -0.05441  8.14805e-01 |128 -0.00727  3.17744e-01 |129  0.01676  3.08728e-01
130 -0.00701  2.10201e-01 |131  0.03432  2.89317e-01 |132 -0.01917  2.19263e-01
133  0.10785 -1.51423e-01 |134  0.00424  4.32509e-01 |135 -0.03971  1.73970e-01
136 -0.05264  8.89684e-02 |137 -0.02272  5.75193e-02 |138  0.07716 -2.20620e-01
139  0.02763  3.02288e-01 |140  0.01552  3.47669e-01 |141 -0.02264  2.94356e-01
142 -0.01814 -1.20127e-01 |143 -0.00183 -8.06761e-02 |144 -0.00058 -1.14382e-02
145  0.36523  1.26749e+00 |146  0.26149 -5.45309e-01 |147  0.06286 -3.13439e+00
148  0.30715 -8.56643e-01 |149  0.01860 -4.85083e+00 |150 -0.10112  8.75398e-01
151 -0.48285  1.82088e+00 |152  0.30281 -8.97808e-01 |153  0.04774  4.57101e+00
154 -0.24083  1.11842e+00 |155  0.20182  2.32958e-01 |156  0.26866  1.98539e+00
157  0.21257 -1.23688e+00 |158  0.27004  3.51150e-01 |159 -0.01559 -2.83211e-01
160 -0.08057 -2.38745e+00 |161  0.14637 -4.44881e+00 |162  0.30890  1.08874e+00
163  0.21945  9.52289e-01 |164  0.26261  2.72449e+00 |165 -0.35503  3.20048e-01
166  0.24169 -2.12017e+00 |167  0.04722 -2.89020e+00 |168 -0.17854 -8.63863e+00
169  0.19719 -3.20214e+00 |170  0.31589  1.72625e+00 |171  0.08761 -8.36310e-02
172 -0.52974 -1.16571e-03 |173 -0.34889  1.95243e+00 |174  0.24646 -5.56598e-01
175  0.06361  2.21374e+00 |176 -0.12503 -5.86420e+00 |177  0.08275 -1.92671e+00
178  0.15141  3.42791e+00 |179  0.32629  1.32419e+00 |180  0.28177  4.46359e+00
181 -0.02016 -2.62784e-01 |182  0.00247  2.79498e+00 |183 -0.11712 -2.07154e+00
184 -0.10479 -2.45777e+00 |185  0.03769 -3.36989e-01 |186  0.42059 -2.70617e-01
187  0.01246 -1.10790e+00 |188 -0.13101  6.59096e-02 |189  0.11333 -1.79490e+01
190  0.18365 -8.08724e+00 |191  0.22337  4.83897e+00 |192  0.26638  6.51669e+00
193  0.02709 -1.96105e+01 |194 -0.01647 -3.74146e+00 |195 -0.16169 -9.50338e+00
196 -0.09758 -1.62599e+01 |197 -0.58451 -3.89055e-01 |198  0.16178  1.09127e+00
199  0.10225  3.35497e+00 |200 -0.26190 -1.60161e+00 |
200 variables; iteration 80; function evaluation 84; phase 4
Function value 3.4478712e+03; maximum gradient component mag 1.0035e+01
Var    Value     Gradient |Var    Value     Gradient |Var    Value     Gradient
  1 -0.43017  9.77249e-01 |  2  0.36098  5.03492e+00 |  3 -0.13936  2.56702e+00
  4  0.01178  4.11914e+00 |  5 -0.78421  5.08392e-03 |  6 -0.56443  1.10635e-01
  7  0.36468  3.78553e+00 |  8 -0.19722  1.81081e-01 |  9  0.06190  1.02257e+00
 10 -0.74686 -3.30150e-01 | 11 -0.59585  8.74651e-01 | 12 -0.16640  2.16381e-01
 13 -0.00572 -2.26477e-02 | 14 -0.00588 -2.36129e-02 | 15 -0.00604 -2.46258e-02
 16 -0.00621 -2.56892e-02 | 17 -0.00638 -2.68127e-02 | 18 -0.00655 -2.79958e-02
 19 -0.00673 -2.92404e-02 | 20 -0.00690 -3.05509e-02 | 21 -0.00708 -3.19312e-02
 22 -0.00726 -3.33856e-02 | 23 -0.00745 -3.49183e-02 | 24 -0.00763 -3.65333e-02
 25 -0.00782 -3.82342e-02 | 26 -0.00801 -4.00252e-02 | 27 -0.00820 -4.19115e-02
 28 -0.00839 -4.38989e-02 | 29 -0.00858 -4.59912e-02 | 30 -0.00878 -4.81888e-02
 31 -0.00897 -5.04963e-02 | 32 -0.00916 -5.29134e-02 | 33 -0.00935 -5.54382e-02
 34 -0.00954 -5.80654e-02 | 35 -0.00972 -6.07851e-02 | 36 -0.00990 -6.35828e-02
 37 -0.01007 -6.64380e-02 | 38 -0.01022 -6.93285e-02 | 39 -0.01036 -7.22251e-02
 40 -0.01047 -7.50673e-02 | 41 -0.01056 -7.78755e-02 | 42 -0.01063 -8.06037e-02
 43 -0.01067 -8.32261e-02 | 44 -0.01068 -8.57261e-02 | 45 -0.01067 -8.80829e-02
 46 -0.01064 -9.02816e-02 | 47 -0.01058 -9.23270e-02 | 48 -0.01052 -9.42247e-02
 49 -0.01045 -9.60013e-02 | 50 -0.01038 -9.77021e-02 | 51 -0.01031 -9.93767e-02
 52 -0.01027 -1.01065e-01 | 53 -0.01024 -1.02831e-01 | 54 -0.01023 -1.04738e-01
 55 -0.01024 -1.06879e-01 | 56 -0.01026 -1.09418e-01 | 57 -0.01030 -1.12562e-01
 58 -0.01034 -1.16509e-01 | 59 -0.01038 -1.21519e-01 | 60 -0.01042 -1.27839e-01
 61 -0.01045 -1.35744e-01 | 62 -0.01045 -1.45442e-01 | 63 -0.01042 -1.57130e-01
 64 -0.01035 -1.70949e-01 | 65 -0.01022 -1.86793e-01 | 66 -0.01004 -2.04716e-01
 67 -0.00979 -2.24135e-01 | 68 -0.00945 -2.44111e-01 | 69 -0.00902 -2.63353e-01
 70 -0.00847 -2.79955e-01 | 71 -0.00783 -2.91645e-01 | 72 -0.00707 -2.95850e-01
 73 -0.00624 -2.90263e-01 | 74 -0.00535 -2.73168e-01 | 75 -0.00445 -2.43574e-01
 76 -0.00355 -2.01172e-01 | 77 -0.00264 -1.46205e-01 | 78 -0.00167 -7.93036e-02
 79 -0.00053 -2.27180e-03 | 80  0.00090  8.00409e-02 | 81  0.00271  1.57673e-01
 82  0.00488  2.16441e-01 | 83  0.00728  2.45444e-01 | 84  0.00969  2.47373e-01
 85  0.01189  2.37615e-01 | 86  0.01369  2.29672e-01 | 87  0.01509  2.26708e-01
 88  0.01630  2.26892e-01 | 89  0.01759  2.28497e-01 | 90  0.01903  2.25034e-01
 91  0.02028  2.03131e-01 | 92  0.02080  1.62306e-01 | 93  0.02051  1.22499e-01
 94  0.02025  9.27324e-02 | 95  0.02049  8.29387e-02 | 96  0.01963  1.44533e-01
 97  0.02111  1.89944e-01 | 98  0.02357  2.21470e-01 | 99  0.02879  2.13432e-01
100  0.02919  8.28675e-02 |101  0.02886 -3.58929e-02 |102  0.02891 -1.73122e-01
103  0.02274  9.43315e-02 |104  0.02500  5.81994e-02 |105  0.05424  1.77642e-03
106  0.05519  3.98195e-01 |107  0.01844  2.57215e-01 |108  0.03035 -6.12793e-01
109  0.13042 -1.66102e-02 |110  0.04044  2.26991e-02 |111  0.00408  2.63920e-01
112  0.02815  7.92003e-01 |113  0.04905  6.50841e-01 |114  0.06478 -3.12787e-02
115  0.03771  5.89153e-02 |116 -0.03487  3.58544e-01 |117 -0.05283  1.47357e-01
118 -0.04767  2.17230e-02 |119 -0.00113  3.55015e-01 |120  0.07820  8.05666e-01
121  0.02209  2.28978e-01 |122  0.01282  5.67305e-01 |123 -0.02977  7.04056e-01
124 -0.07185  1.27983e-01 |125 -0.03605  2.29265e-02 |126 -0.04070 -4.23752e-02
127 -0.05569  2.42749e-01 |128 -0.00777 -6.43405e-02 |129  0.01461 -9.38659e-01
130 -0.00876 -6.18526e-01 |131  0.03471  7.51942e-01 |132 -0.02008 -4.68215e-02
133  0.10826  8.69773e-01 |134  0.00215 -2.34112e-01 |135 -0.03962  4.48901e-01
136 -0.05343 -1.62389e-01 |137 -0.02372 -3.05356e-01 |138  0.07794  1.92658e-02
139  0.02623 -1.30566e-01 |140  0.01477  3.35121e-01 |141 -0.02381  1.44987e-01
142 -0.01764  1.17272e-01 |143 -0.00197 -1.17677e-01 |144 -0.00054 -9.98790e-03
145  0.36340 -6.58237e-01 |146  0.26724  2.65429e+00 |147  0.06264 -1.35224e+00
148  0.30723  1.51525e+00 |149  0.02178 -6.00194e-01 |150 -0.10218 -8.39295e-02
151 -0.48380  1.56472e-01 |152  0.30355 -2.41803e-01 |153  0.04625  4.97063e-01
154 -0.24193  2.89920e-01 |155  0.20110 -7.02951e-01 |156  0.26825  1.48559e+00
157  0.21471  1.89588e-01 |158  0.27096 -5.47348e-02 |159 -0.01876 -3.08283e-01
160 -0.07990 -2.59313e-01 |161  0.15690  2.87916e-01 |162  0.31240 -1.41133e-01
163  0.21569 -7.98667e-01 |164  0.26052 -2.61179e-01 |165 -0.35879 -4.23706e-01
166  0.24135 -3.03868e-01 |167  0.04854 -3.50637e-01 |168 -0.17688 -3.42736e+00
169  0.23264  2.64859e-01 |170  0.32237 -2.66429e-01 |171  0.08234 -6.42000e-01
172 -0.52739 -1.88965e-03 |173 -0.36252  5.89869e-01 |174  0.24215 -3.85121e-01
175  0.06589  6.00787e-01 |176 -0.12430 -1.58721e-01 |177  0.09089 -6.28240e-01
178  0.15016  7.33308e-01 |179  0.32794  4.92358e-02 |180  0.28059  8.16447e-01
181 -0.03252 -5.68485e-01 |182  0.00045  5.74176e-02 |183 -0.11680 -1.05860e+00
184 -0.10378  1.35160e-01 |185  0.03720 -4.88104e-01 |186  0.42087 -2.91857e-01
187  0.01341 -7.92034e-01 |188 -0.13081  3.34638e-01 |189  0.11391 -1.25319e+00
190  0.18432 -2.77381e+00 |191  0.22357 -4.74794e-01 |192  0.26668  2.15231e+00
193  0.02749 -1.29027e+00 |194 -0.01713 -2.06824e+00 |195 -0.16166 -1.38370e+00
196 -0.09705 -4.89995e+00 |197 -0.58801  3.99166e-02 |198  0.15940  8.17134e-01
199  0.10098  1.00346e+01 |200 -0.25879  6.69556e-02 |
200 variables; iteration 100; function evaluation 113; phase 4
Function value 3.4478392e+03; maximum gradient component mag 5.5590e+00
Var    Value     Gradient |Var    Value     Gradient |Var    Value     Gradient
  1 -0.43012 -5.67320e-01 |  2  0.36120 -7.10335e-01 |  3 -0.13939 -2.14187e-01
  4  0.01123 -3.59489e-01 |  5 -0.78464  4.70676e-02 |  6 -0.56429 -9.24277e-02
  7  0.36464  2.30360e-01 |  8 -0.19745  2.55999e-01 |  9  0.06204  1.14248e-01
 10 -0.74569  7.20949e-02 | 11 -0.59584 -1.29179e-01 | 12 -0.16713  2.98905e+00
 13 -0.00567  9.67588e-03 | 14 -0.00583  9.94667e-03 | 15 -0.00599  1.02350e-02
 16 -0.00615  1.05428e-02 | 17 -0.00632  1.08751e-02 | 18 -0.00649  1.12324e-02
 19 -0.00666  1.16164e-02 | 20 -0.00683  1.20301e-02 | 21 -0.00701  1.24765e-02
 22 -0.00719  1.29590e-02 | 23 -0.00736  1.34816e-02 | 24 -0.00754  1.40482e-02
 25 -0.00772  1.46626e-02 | 26 -0.00791  1.53287e-02 | 27 -0.00809  1.60493e-02
 28 -0.00828  1.68267e-02 | 29 -0.00846  1.76627e-02 | 30 -0.00865  1.85588e-02
 31 -0.00883  1.95210e-02 | 32 -0.00901  2.05525e-02 | 33 -0.00919  2.16557e-02
 34 -0.00937  2.28301e-02 | 35 -0.00955  2.40700e-02 | 36 -0.00972  2.53647e-02
 37 -0.00987  2.66965e-02 | 38 -0.01002  2.80449e-02 | 39 -0.01014  2.93834e-02
 40 -0.01024  3.06634e-02 | 41 -0.01033  3.18909e-02 | 42 -0.01038  3.30244e-02
 43 -0.01041  3.40328e-02 | 44 -0.01042  3.48862e-02 | 45 -0.01041  3.55477e-02
 46 -0.01037  3.59808e-02 | 47 -0.01032  3.61602e-02 | 48 -0.01025  3.60597e-02
 49 -0.01018  3.56687e-02 | 50 -0.01012  3.49917e-02 | 51 -0.01006  3.40431e-02
 52 -0.01002  3.28401e-02 | 53 -0.01000  3.14199e-02 | 54 -0.01000  2.98153e-02
 55 -0.01002  2.80655e-02 | 56 -0.01005  2.62436e-02 | 57 -0.01009  2.44497e-02
 58 -0.01014  2.27934e-02 | 59 -0.01018  2.14219e-02 | 60 -0.01021  2.04895e-02
 61 -0.01022  2.01651e-02 | 62 -0.01019  2.06070e-02 | 63 -0.01012  2.19630e-02
 64 -0.01000  2.43381e-02 | 65 -0.00981  2.77424e-02 | 66 -0.00955  3.20671e-02
 67 -0.00921  3.69664e-02 | 68 -0.00878  4.17965e-02 | 69 -0.00826  4.55862e-02
 70 -0.00764  4.70416e-02 | 71 -0.00695  4.47751e-02 | 72 -0.00620  3.76765e-02
 73 -0.00541  2.54788e-02 | 74 -0.00464  9.11129e-03 | 75 -0.00390 -9.39501e-03
 76 -0.00321 -2.74247e-02 | 77 -0.00255 -4.22980e-02 | 78 -0.00185 -5.11333e-02
 79 -0.00098 -4.99382e-02 | 80  0.00023 -3.32681e-02 | 81  0.00190  2.49397e-03
 82  0.00405  4.93202e-02 | 83  0.00649  8.04761e-02 | 84  0.00888  6.98258e-02
 85  0.01095  2.58855e-02 | 86  0.01262 -1.81717e-02 | 87  0.01395 -4.21084e-02
 88  0.01518 -4.15867e-02 | 89  0.01662 -1.47682e-02 | 90  0.01833  2.85010e-02
 91  0.01991  6.21064e-02 | 92  0.02081  7.76582e-02 | 93  0.02088  9.11881e-02
 94  0.02091  1.02740e-01 | 95  0.02125  1.02179e-01 | 96  0.02008  1.01342e-01
 97  0.02115  7.85287e-02 | 98  0.02336  7.96372e-02 | 99  0.02849  7.79005e-02
100  0.02904  3.00383e-02 |101  0.02881 -1.92707e-02 |102  0.02929 -6.84025e-03
103  0.02235  1.42545e-01 |104  0.02450  3.69069e-02 |105  0.05447  9.48900e-02
106  0.05288  6.79740e-02 |107  0.01757  9.55803e-02 |108  0.03308 -1.62672e-02
109  0.12905  1.83352e-01 |110  0.04051  1.10260e-01 |111  0.00389  8.21977e-02
112  0.02649 -5.30797e-03 |113  0.04778  5.22422e-02 |114  0.06491 -1.81058e-02
115  0.03745  9.46197e-02 |116 -0.03590 -4.90391e-02 |117 -0.05317 -4.49491e-02
118 -0.04782 -1.70940e-01 |119 -0.00165 -2.10762e-01 |120  0.07735 -2.01447e-01
121  0.02201 -1.58244e-01 |122  0.01199 -1.30611e-01 |123 -0.03129 -5.79911e-02
124 -0.07229 -2.65474e-02 |125 -0.03596  1.18285e-01 |126 -0.04091 -3.85105e-02
127 -0.05666 -4.99338e-02 |128 -0.00846 -1.24061e-01 |129  0.01562  5.18968e-03
130 -0.00776  1.62921e-01 |131  0.03321 -1.77403e-01 |132 -0.01953  8.18384e-02
133  0.10717  3.33553e-02 |134  0.00267  7.85751e-02 |135 -0.04105 -7.26630e-02
136 -0.05292  3.06011e-02 |137 -0.02289 -3.11300e-02 |138  0.07785 -4.83246e-03
139  0.02614 -9.24004e-02 |140  0.01358 -1.02830e-02 |141 -0.02427  9.10243e-02
142 -0.01818  3.58327e-04 |143 -0.00147  2.27500e-03 |144 -0.00049 -9.49687e-04
145  0.36434  1.08983e-01 |146  0.26701  1.81776e+00 |147  0.06327  2.35023e-01
148  0.30729 -1.93432e-01 |149  0.02165 -2.33714e-02 |150 -0.10209  1.78870e-01
151 -0.48287 -9.58083e-02 |152  0.30578  8.60262e-02 |153  0.04602  1.20149e-01
154 -0.24240 -1.04097e-01 |155  0.20145  5.27981e-02 |156  0.26817 -1.65103e-01
157  0.21409  1.71783e-01 |158  0.27065  7.86736e-03 |159 -0.01732  2.86428e-02
160 -0.07967  1.37078e-01 |161  0.15669 -9.06313e-03 |162  0.31219 -1.37065e-01
163  0.21720  4.37344e-02 |164  0.26116 -5.25800e-02 |165 -0.35638 -6.32440e-02
166  0.24236  9.30891e-02 |167  0.04801  2.64171e-02 |168 -0.17650  5.46881e-01
169  0.22880 -1.10437e-02 |170  0.32166 -2.43376e-02 |171  0.08299  1.22798e-01
172 -0.51900 -1.33910e-03 |173 -0.36831 -9.10013e-02 |174  0.24026 -2.12917e-02
175  0.06672 -3.39510e-01 |176 -0.12407  9.58374e-02 |177  0.08979  3.91354e-02
178  0.14885 -3.25278e-02 |179  0.32774 -9.42621e-02 |180  0.27990 -1.06676e-01
181 -0.02965  5.21885e-02 |182  0.00160  1.30481e-02 |183 -0.11623  1.77457e-02
184 -0.10375 -1.31851e-02 |185  0.03723  1.30289e-01 |186  0.42170 -2.95019e-02
187  0.01491  1.92147e-01 |188 -0.13151  8.12843e-04 |189  0.11410  4.61851e-01
190  0.18428  6.57781e-01 |191  0.22369 -3.09121e-01 |192  0.26660 -6.60066e-01
193  0.02744  5.39599e-01 |194 -0.01649  3.89004e-01 |195 -0.16146  1.94157e-01
196 -0.09679  1.06423e+00 |197 -0.58005  3.23545e-01 |198  0.16123  2.10839e-02
199  0.09828  5.55904e+00 |200 -0.24808  1.10085e+00 |
200 variables; iteration 120; function evaluation 146; phase 4
Function value 3.4478376e+03; maximum gradient component mag 8.7645e-01
Var    Value     Gradient |Var    Value     Gradient |Var    Value     Gradient
  1 -0.43013  2.68658e-03 |  2  0.36122  1.52867e-01 |  3 -0.13934  4.40421e-02
  4  0.01118  5.00243e-02 |  5 -0.78475 -1.87830e-02 |  6 -0.56429  2.05422e-02
  7  0.36465  2.34627e-02 |  8 -0.19741 -4.28617e-02 |  9  0.06200 -1.34044e-02
 10 -0.74582 -8.53914e-03 | 11 -0.59584  6.55309e-03 | 12 -0.16711  3.10076e-01
 13 -0.00568  4.57842e-04 | 14 -0.00584  5.16211e-04 | 15 -0.00600  5.70277e-04
 16 -0.00617  6.18453e-04 | 17 -0.00634  6.57960e-04 | 18 -0.00651  6.87597e-04
 19 -0.00668  7.05706e-04 | 20 -0.00685  7.10212e-04 | 21 -0.00703  6.99099e-04
 22 -0.00721  6.70183e-04 | 23 -0.00739  6.21273e-04 | 24 -0.00757  5.50286e-04
 25 -0.00775  4.55265e-04 | 26 -0.00794  3.34691e-04 | 27 -0.00812  1.87603e-04
 28 -0.00831  1.37918e-05 | 29 -0.00850 -1.86361e-04 | 30 -0.00869 -4.12176e-04
 31 -0.00887 -6.64823e-04 | 32 -0.00906 -9.44356e-04 | 33 -0.00925 -1.25049e-03
 34 -0.00943 -1.58181e-03 | 35 -0.00961 -1.93558e-03 | 36 -0.00978 -2.30789e-03
 37 -0.00994 -2.69401e-03 | 38 -0.01009 -3.09025e-03 | 39 -0.01022 -3.49335e-03
 40 -0.01033 -3.89514e-03 | 41 -0.01042 -4.30709e-03 | 42 -0.01048 -4.72514e-03
 43 -0.01051 -5.14771e-03 | 44 -0.01053 -5.57077e-03 | 45 -0.01051 -5.98377e-03
 46 -0.01048 -6.37059e-03 | 47 -0.01042 -6.71260e-03 | 48 -0.01036 -6.98589e-03
 49 -0.01029 -7.16851e-03 | 50 -0.01022 -7.24347e-03 | 51 -0.01016 -7.19865e-03
 52 -0.01011 -7.02422e-03 | 53 -0.01008 -6.71880e-03 | 54 -0.01007 -6.27922e-03
 55 -0.01008 -5.70449e-03 | 56 -0.01010 -5.00839e-03 | 57 -0.01013 -4.21480e-03
 58 -0.01017 -3.34643e-03 | 59 -0.01020 -2.44610e-03 | 60 -0.01022 -1.56368e-03
 61 -0.01022 -7.71807e-04 | 62 -0.01019 -1.59440e-04 | 63 -0.01013  1.44899e-04
 64 -0.01002 -2.39303e-05 | 65 -0.00984 -8.54200e-04 | 66 -0.00960 -2.51035e-03
 67 -0.00929 -5.06088e-03 | 68 -0.00889 -8.34919e-03 | 69 -0.00840 -1.18257e-02
 70 -0.00780 -1.44634e-02 | 71 -0.00710 -1.49361e-02 | 72 -0.00632 -1.22030e-02
 73 -0.00547 -6.34080e-03 | 74 -0.00460  1.11853e-03 | 75 -0.00376  7.88150e-03
 76 -0.00299  1.20918e-02 | 77 -0.00226  1.29200e-02 | 78 -0.00154  1.02733e-02
 79 -0.00069  4.71366e-03 | 80  0.00042 -1.32866e-03 | 81  0.00194 -3.24769e-03
 82  0.00390 -1.74151e-03 | 83  0.00619 -6.08275e-03 | 84  0.00860 -9.21420e-03
 85  0.01091 -4.56418e-04 | 86  0.01282  8.14769e-03 | 87  0.01429  1.14383e-02
 88  0.01554  1.23050e-02 | 89  0.01689  1.18715e-02 | 90  0.01842  9.24452e-03
 91  0.01987  6.34758e-03 | 92  0.02075  6.74912e-03 | 93  0.02082  7.59906e-03
 94  0.02086  8.56467e-03 | 95  0.02125  1.13140e-02 | 96  0.02010  1.40632e-02
 97  0.02128  1.80661e-02 | 98  0.02342  9.79535e-03 | 99  0.02858  2.22931e-02
100  0.02934  2.74586e-02 |101  0.02928  2.81975e-02 |102  0.02962  2.34155e-02
103  0.02186  6.75716e-03 |104  0.02464  1.40855e-02 |105  0.05428  4.48882e-03
106  0.05290  1.10224e-02 |107  0.01749  5.30812e-03 |108  0.03361  3.68622e-03
109  0.12887 -1.63185e-02 |110  0.04049 -5.22224e-03 |111  0.00384  6.23439e-03
112  0.02673  5.61457e-03 |113  0.04765 -1.79688e-02 |114  0.06509 -3.53145e-02
115  0.03719 -3.51382e-02 |116 -0.03575  8.84769e-03 |117 -0.05319  7.98161e-03
118 -0.04759  1.80766e-02 |119 -0.00143  2.41208e-02 |120  0.07735  5.10069e-02
121  0.02218  4.34965e-02 |122  0.01211  2.42393e-02 |123 -0.03123  7.89022e-03
124 -0.07225 -1.46332e-03 |125 -0.03625 -1.08936e-02 |126 -0.04085  3.77642e-03
127 -0.05659  8.19829e-03 |128 -0.00823  9.21989e-03 |129  0.01568  1.63528e-03
130 -0.00813 -3.20675e-02 |131  0.03358  3.03861e-02 |132 -0.01976 -1.56762e-02
133  0.10716  5.49485e-03 |134  0.00250 -9.98197e-03 |135 -0.04083  1.19903e-02
136 -0.05303 -6.65384e-03 |137 -0.02279 -2.39607e-03 |138  0.07783 -1.73335e-03
139  0.02652  2.44964e-02 |140  0.01365  4.74720e-03 |141 -0.02450  4.52976e-03
142 -0.01820 -5.48538e-03 |143 -0.00146  3.60597e-03 |144 -0.00048  5.31611e-04
145  0.36436  4.14342e-03 |146  0.26651  3.12948e-01 |147  0.06314 -1.58065e-02
148  0.30726  1.75076e-02 |149  0.02181 -2.77650e-04 |150 -0.10216 -1.36198e-02
151 -0.48114  1.26049e-02 |152  0.30627 -7.02015e-03 |153  0.04535 -1.60029e-02
154 -0.24207 -2.12234e-03 |155  0.20145  8.97556e-04 |156  0.26819  2.06021e-02
157  0.21381 -4.50567e-02 |158  0.27051 -3.05536e-02 |159 -0.01701 -1.79025e-02
160 -0.07972  7.45619e-03 |161  0.15666 -4.15046e-02 |162  0.31220 -1.12608e-02
163  0.21719  3.10986e-02 |164  0.26117  3.46541e-02 |165 -0.35610  5.38621e-03
166  0.24241 -1.94179e-02 |167  0.04796 -1.79166e-02 |168 -0.17656 -7.90781e-02
169  0.22909  3.04211e-03 |170  0.32173  1.71217e-02 |171  0.08293 -1.81852e-02
172 -0.51094 -9.18288e-04 |173 -0.36787  5.90742e-03 |174  0.24042 -8.42447e-03
175  0.06672  9.22794e-03 |176 -0.12408 -1.26082e-02 |177  0.09021  7.52117e-02
178  0.14893  4.17511e-03 |179  0.32787 -1.63000e-02 |180  0.27995  1.49562e-02
181 -0.03033  2.87797e-02 |182  0.00151  3.55034e-03 |183 -0.11623  3.90917e-02
184 -0.10376  8.19469e-03 |185  0.03729  2.21240e-03 |186  0.42178  1.08556e-02
187  0.01463 -1.34712e-03 |188 -0.13141  1.44284e-03 |189  0.11410 -5.15531e-04
190  0.18430 -6.69752e-02 |191  0.22370 -1.61829e-02 |192  0.26661  6.55094e-02
193  0.02742 -4.00807e-02 |194 -0.01658 -3.92810e-02 |195 -0.16147 -2.19491e-02
196 -0.09684 -1.36328e-01 |197 -0.57774  7.74306e-02 |198  0.16212 -7.29504e-03
199  0.09763  8.76451e-01 |200 -0.24625  2.23012e-01 |
200 variables; iteration 140; function evaluation 180; phase 4
Function value 3.4478376e+03; maximum gradient component mag -5.7301e-02
Var    Value     Gradient |Var    Value     Gradient |Var    Value     Gradient
  1 -0.43012  7.17615e-05 |  2  0.36121 -1.14247e-02 |  3 -0.13935 -3.07210e-03
  4  0.01121 -3.41294e-03 |  5 -0.78471  1.16123e-03 |  6 -0.56430 -1.65139e-03
  7  0.36465  1.00328e-03 |  8 -0.19742  3.66136e-03 |  9  0.06201  4.40619e-04
 10 -0.74581  7.11613e-04 | 11 -0.59584 -1.19151e-03 | 12 -0.16708 -2.05327e-02
 13 -0.00569 -3.44324e-05 | 14 -0.00585 -3.85270e-05 | 15 -0.00601 -4.21686e-05
 16 -0.00617 -4.50669e-05 | 17 -0.00634 -4.68299e-05 | 18 -0.00651 -4.71982e-05
 19 -0.00668 -4.59072e-05 | 20 -0.00686 -4.27034e-05 | 21 -0.00703 -3.73916e-05
 22 -0.00721 -2.98233e-05 | 23 -0.00739 -1.99079e-05 | 24 -0.00757 -7.60437e-06
 25 -0.00775  7.08260e-06 | 26 -0.00794  2.41100e-05 | 27 -0.00812  4.34026e-05
 28 -0.00831  6.48579e-05 | 29 -0.00850  8.83538e-05 | 30 -0.00869  1.13748e-04
 31 -0.00887  1.40990e-04 | 32 -0.00906  1.69764e-04 | 33 -0.00924  1.99404e-04
 34 -0.00942  2.28638e-04 | 35 -0.00960  2.55372e-04 | 36 -0.00977  2.76633e-04
 37 -0.00993  2.88743e-04 | 38 -0.01008  2.88020e-04 | 39 -0.01021  2.71510e-04
 40 -0.01032  2.37825e-04 | 41 -0.01040  1.88862e-04 | 42 -0.01046  1.28279e-04
 43 -0.01050  6.22156e-05 | 44 -0.01051 -1.85055e-06 | 45 -0.01049 -5.63491e-05
 46 -0.01046 -9.52405e-05 | 47 -0.01040 -1.15623e-04 | 48 -0.01034 -1.17754e-04
 49 -0.01027 -1.04789e-04 | 50 -0.01020 -8.10872e-05 | 51 -0.01013 -5.04546e-05
 52 -0.01009 -1.53820e-05 | 53 -0.01006  2.22991e-05 | 54 -0.01005  6.13004e-05
 55 -0.01006  1.00092e-04 | 56 -0.01009  1.36637e-04 | 57 -0.01012  1.68132e-04
 58 -0.01016  1.89578e-04 | 59 -0.01019  1.94807e-04 | 60 -0.01022  1.76273e-04
 61 -0.01022  1.28526e-04 | 62 -0.01020  5.00238e-05 | 63 -0.01014 -4.80903e-05
 64 -0.01002 -1.37346e-04 | 65 -0.00984 -1.73842e-04 | 66 -0.00960 -1.12794e-04
 67 -0.00928  6.86538e-05 | 68 -0.00887  3.56068e-04 | 69 -0.00836  6.99055e-04
 70 -0.00775  1.01948e-03 | 71 -0.00705  1.18746e-03 | 72 -0.00627  1.07337e-03
 73 -0.00544  7.71551e-04 | 74 -0.00461  5.64170e-04 | 75 -0.00380  4.18276e-04
 76 -0.00304 -3.25072e-05 | 77 -0.00232 -8.51161e-04 | 78 -0.00159 -1.50726e-03
 79 -0.00072 -9.74437e-04 | 80  0.00042  1.24966e-03 | 81  0.00195  1.55748e-03
 82  0.00391 -2.92978e-04 | 83  0.00622  2.06238e-03 | 84  0.00865  1.05706e-03
 85  0.01092  9.68860e-04 | 86  0.01278 -1.87133e-03 | 87  0.01425  9.17061e-04
 88  0.01549 -1.08369e-03 | 89  0.01684 -1.39115e-03 | 90  0.01840  6.07577e-04
 91  0.01986 -2.09283e-03 | 92  0.02074 -1.67158e-03 | 93  0.02082 -1.72371e-03
 94  0.02087 -1.01156e-03 | 95  0.02127 -1.99710e-05 | 96  0.02011 -8.95685e-04
 97  0.02128 -1.13855e-03 | 98  0.02347 -9.18839e-04 | 99  0.02856 -1.53479e-03
100  0.02930 -1.65836e-03 |101  0.02924 -1.96936e-03 |102  0.02960  5.44782e-05
103  0.02191  1.27802e-03 |104  0.02462 -1.54944e-03 |105  0.05432 -8.22957e-05
106  0.05287 -9.01547e-04 |107  0.01747 -1.35774e-03 |108  0.03357 -3.95552e-04
109  0.12892  2.30281e-03 |110  0.04049  7.94354e-04 |111  0.00381  2.70486e-04
112  0.02670 -6.34314e-04 |113  0.04768  1.26240e-03 |114  0.06513  2.43656e-03
115  0.03724  1.82741e-03 |116 -0.03577 -7.96489e-05 |117 -0.05318 -8.03128e-04
118 -0.04760 -1.23952e-03 |119 -0.00144 -1.25969e-03 |120  0.07735 -3.23427e-03
121  0.02215 -1.86939e-03 |122  0.01210 -2.56828e-03 |123 -0.03123 -6.98024e-04
124 -0.07223  5.17615e-04 |125 -0.03622  4.07148e-04 |126 -0.04084 -3.42086e-04
127 -0.05661 -2.70261e-03 |128 -0.00824 -4.39598e-04 |129  0.01567 -5.18806e-04
130 -0.00806  1.22445e-03 |131  0.03353 -1.71566e-03 |132 -0.01972  5.72562e-04
133  0.10715  3.52911e-04 |134  0.00252  5.18815e-04 |135 -0.04086 -1.33278e-03
136 -0.05301  1.53434e-04 |137 -0.02279 -1.99476e-03 |138  0.07784  9.88480e-04
139  0.02643 -2.04781e-03 |140  0.01364  7.77708e-04 |141 -0.02451  1.71624e-03
142 -0.01818  4.75625e-04 |143 -0.00148  4.99298e-04 |144 -0.00048 -3.76764e-05
145  0.36429  2.05278e-04 |146  0.26644 -1.96921e-02 |147  0.06313  1.38856e-03
148  0.30726 -1.29366e-03 |149  0.02181 -3.75286e-04 |150 -0.10216  1.30673e-03
151 -0.48141 -5.83722e-04 |152  0.30616  2.52307e-04 |153  0.04545  1.66371e-03
154 -0.24208 -3.98860e-04 |155  0.20143  2.79355e-04 |156  0.26819 -9.14170e-04
157  0.21387  2.81528e-03 |158  0.27055  1.48517e-03 |159 -0.01704  8.87190e-04
160 -0.07973  1.90728e-04 |161  0.15677  1.60048e-03 |162  0.31224  1.63159e-04
163  0.21712 -1.48848e-03 |164  0.26114 -1.64383e-03 |165 -0.35613 -4.25414e-04
166  0.24240  1.43517e-03 |167  0.04797  6.87948e-04 |168 -0.17655  5.38198e-03
169  0.22901  3.93721e-05 |170  0.32171 -9.68937e-04 |171  0.08294  1.72198e-03
172 -0.50420 -4.88825e-04 |173 -0.36790 -7.29019e-04 |174  0.24041  3.02456e-04
175  0.06673 -1.57252e-03 |176 -0.12409  4.04490e-04 |177  0.09003 -4.44699e-03
178  0.14891 -3.62951e-04 |179  0.32782  1.00307e-03 |180  0.27994 -9.68735e-04
181 -0.03015 -1.28374e-03 |182  0.00152  3.01742e-04 |183 -0.11625 -2.45774e-03
184 -0.10376 -5.59453e-04 |185  0.03727  9.99611e-04 |186  0.42175 -4.32948e-04
187  0.01465  7.38744e-04 |188 -0.13142  7.69353e-05 |189  0.11409  3.73289e-04
190  0.18429  5.37456e-03 |191  0.22369  1.18084e-04 |192  0.26661 -4.97556e-03
193  0.02742  3.98055e-03 |194 -0.01656  3.28086e-03 |195 -0.16148  1.11014e-03
196 -0.09684  1.08546e-02 |197 -0.57783 -4.95229e-03 |198  0.16209  7.15385e-04
199  0.09759 -5.73011e-02 |200 -0.24612 -1.33891e-02 |

 - final statistics:
200 variables; iteration 160; function evaluation 212
Function value 3.4478e+03; maximum gradient component mag 4.6281e-04
Exit code = 1;  converg criter 1.0000e-03
Var    Value     Gradient |Var    Value     Gradient |Var    Value     Gradient
  1 -0.43012 -8.38641e-05 |  2  0.36121 -3.24328e-04 |  3 -0.13935 -1.86978e-05
  4  0.01121 -1.28150e-04 |  5 -0.78471  2.89988e-05 |  6 -0.56430 -8.24724e-05
  7  0.36465  2.32338e-04 |  8 -0.19742  1.82531e-04 |  9  0.06201  7.06060e-05
 10 -0.74581 -1.04913e-04 | 11 -0.59584 -8.54298e-05 | 12 -0.16708  6.91299e-05
 13 -0.00569  3.75356e-06 | 14 -0.00585  8.47471e-06 | 15 -0.00601  1.31324e-05
 16 -0.00617  1.68520e-05 | 17 -0.00634  1.85825e-05 | 18 -0.00651  1.72872e-05
 19 -0.00668  1.21947e-05 | 20 -0.00686  3.05153e-06 | 21 -0.00703 -9.63811e-06
 22 -0.00721 -2.44874e-05 | 23 -0.00739 -3.92747e-05 | 24 -0.00757 -5.12361e-05
 25 -0.00775 -5.75595e-05 | 26 -0.00794 -5.61027e-05 | 27 -0.00813 -4.61375e-05
 28 -0.00831 -2.88783e-05 | 29 -0.00850 -7.45221e-06 | 30 -0.00869  1.38438e-05
 31 -0.00887  3.08515e-05 | 32 -0.00906  4.07379e-05 | 33 -0.00924  4.30423e-05
 34 -0.00943  3.96953e-05 | 35 -0.00960  3.36901e-05 | 36 -0.00977  2.68523e-05
 37 -0.00994  1.84628e-05 | 38 -0.01008  6.63295e-06 | 39 -0.01021 -7.90771e-06
 40 -0.01032 -1.89275e-05 | 41 -0.01040 -1.88485e-05 | 42 -0.01046 -3.14903e-06
 43 -0.01050  2.34936e-05 | 44 -0.01051  4.84697e-05 | 45 -0.01049  5.82518e-05
 46 -0.01046  4.67017e-05 | 47 -0.01040  1.85539e-05 | 48 -0.01034 -1.53792e-05
 49 -0.01027 -4.50276e-05 | 50 -0.01020 -6.57052e-05 | 51 -0.01013 -7.75594e-05
 52 -0.01009 -8.25643e-05 | 53 -0.01006 -8.26419e-05 | 54 -0.01006 -7.89295e-05
 55 -0.01006 -7.18164e-05 | 56 -0.01009 -6.14272e-05 | 57 -0.01012 -4.74891e-05
 58 -0.01016 -2.85353e-05 | 59 -0.01019 -3.01135e-06 | 60 -0.01022  3.04651e-05
 61 -0.01022  6.92029e-05 | 62 -0.01020  1.02575e-04 | 63 -0.01013  1.12171e-04
 64 -0.01002  8.81141e-05 | 65 -0.00984  4.31148e-05 | 66 -0.00960 -4.68977e-06
 67 -0.00928 -5.86470e-05 | 68 -0.00887 -6.61967e-05 | 69 -0.00836  3.52831e-05
 70 -0.00775  7.50696e-06 | 71 -0.00705 -1.90152e-04 | 72 -0.00627  7.89708e-06
 73 -0.00545  2.11062e-04 | 74 -0.00461  1.20600e-05 | 75 -0.00380 -6.42276e-05
 76 -0.00304 -7.84731e-05 | 77 -0.00232 -5.26471e-05 | 78 -0.00158  1.07775e-04
 79 -0.00072 -5.25912e-05 | 80  0.00042 -3.65123e-04 | 81  0.00195  2.58340e-04
 82  0.00391 -1.02135e-04 | 83  0.00621  1.65453e-04 | 84  0.00865 -7.99429e-05
 85  0.01092  9.73137e-05 | 86  0.01279 -1.34209e-04 | 87  0.01424 -7.81575e-05
 88  0.01549 -9.01477e-06 | 89  0.01685  2.51734e-05 | 90  0.01839  1.62588e-04
 91  0.01987  4.72330e-05 | 92  0.02075  1.30002e-05 | 93  0.02083 -1.47749e-04
 94  0.02087 -7.09589e-05 | 95  0.02126  3.04458e-04 | 96  0.02011 -1.00197e-04
 97  0.02128  2.44676e-05 | 98  0.02346 -1.91968e-05 | 99  0.02857  2.43597e-05
100  0.02930 -6.49613e-06 |101  0.02925  8.22093e-06 |102  0.02959  3.77561e-05
103  0.02190  1.90220e-05 |104  0.02462 -4.49252e-05 |105  0.05431  3.26246e-05
106  0.05287 -1.14331e-05 |107  0.01747 -3.49885e-05 |108  0.03358  5.18386e-06
109  0.12891  9.24378e-05 |110  0.04049  1.12168e-05 |111  0.00381 -1.42643e-05
112  0.02670  8.71471e-05 |113  0.04768 -1.94284e-05 |114  0.06512 -5.69021e-05
115  0.03724 -1.00126e-05 |116 -0.03577 -2.22238e-05 |117 -0.05318 -5.45444e-05
118 -0.04760  5.31265e-06 |119 -0.00144 -3.21476e-05 |120  0.07735 -5.28618e-05
121  0.02215  6.31477e-05 |122  0.01211 -8.25608e-05 |123 -0.03123  1.38114e-05
124 -0.07223  7.78627e-05 |125 -0.03622 -2.41396e-05 |126 -0.04084 -2.05876e-05
127 -0.05660 -9.13230e-05 |128 -0.00824 -2.96541e-05 |129  0.01567  1.19690e-05
130 -0.00807 -9.10014e-05 |131  0.03353  6.74585e-06 |132 -0.01972 -4.86199e-05
133  0.10715  4.29266e-05 |134  0.00252  2.12135e-05 |135 -0.04086 -2.19455e-05
136 -0.05301 -6.48390e-06 |137 -0.02279 -5.92954e-05 |138  0.07784  5.18625e-05
139  0.02644 -3.72606e-07 |140  0.01363 -3.57542e-05 |141 -0.02452  1.16983e-04
142 -0.01818  2.15610e-04 |143 -0.00148 -4.90728e-05 |144 -0.00048  3.13745e-06
145  0.36429  7.28483e-05 |146  0.26644 -1.28464e-05 |147  0.06313  9.85774e-05
148  0.30726 -1.03073e-04 |149  0.02181 -8.63431e-06 |150 -0.10216  9.22525e-05
151 -0.48139  6.85746e-05 |152  0.30617 -7.87177e-05 |153  0.04544  3.78847e-05
154 -0.24208 -6.46545e-05 |155  0.20143  4.78529e-05 |156  0.26819 -4.97715e-05
157  0.21387  1.58532e-05 |158  0.27055 -4.44920e-05 |159 -0.01704  8.16822e-06
160 -0.07973  8.25261e-05 |161  0.15677 -7.20589e-05 |162  0.31224 -6.33030e-05
163  0.21712  7.57731e-05 |164  0.26114  6.62490e-06 |165 -0.35613 -4.62423e-05
166  0.24240  1.03189e-05 |167  0.04797 -1.32903e-05 |168 -0.17655  1.76006e-04
169  0.22901  1.30581e-05 |170  0.32171  1.49582e-05 |171  0.08294  2.24086e-05
172 -0.49736 -8.36372e-08 |173 -0.36790 -2.58318e-05 |174  0.24041 -1.06437e-05
175  0.06673 -1.50563e-04 |176 -0.12409 -7.20113e-06 |177  0.09004  1.14060e-04
178  0.14891  7.53625e-06 |179  0.32782 -2.70385e-05 |180  0.27994 -2.90700e-05
181 -0.03016  8.44678e-05 |182  0.00152  5.66389e-05 |183 -0.11624  3.77456e-05
184 -0.10376  7.21925e-06 |185  0.03727  3.84311e-05 |186  0.42175 -6.04985e-05
187  0.01465  1.90831e-04 |188 -0.13142  1.12258e-07 |189  0.11409  2.42638e-04
190  0.18429  2.74500e-04 |191  0.22370 -2.34258e-04 |192  0.26661 -2.91142e-04
193  0.02742  2.48603e-04 |194 -0.01657  1.93272e-04 |195 -0.16147  7.79767e-05
196 -0.09684  4.62812e-04 |197 -0.57783 -8.70985e-06 |198  0.16209  1.73500e-05
199  0.09759 -4.77106e-05 |200 -0.24613  2.18956e-05 |

 - final statistics:
213 variables; iteration 0; function evaluation 0
Function value 3.4478e+03; maximum gradient component mag 4.6281e-04
Exit code = 0;  converg criter 1.0000e-03
Var    Value     Gradient |Var    Value     Gradient |Var    Value     Gradient
  1 -0.43012 -8.38641e-05 |  2  0.36121 -3.24328e-04 |  3 -0.13935 -1.86978e-05
  4  0.01121 -1.28150e-04 |  5 -0.78471  2.89988e-05 |  6 -0.56430 -8.24724e-05
  7  0.36465  2.32338e-04 |  8 -0.19742  1.82531e-04 |  9  0.06201  7.06060e-05
 10 -0.74581 -1.04913e-04 | 11 -0.59584 -8.54298e-05 | 12 -0.16708  6.91299e-05
 13 -0.00569  3.75356e-06 | 14 -0.00585  8.47471e-06 | 15 -0.00601  1.31324e-05
 16 -0.00617  1.68520e-05 | 17 -0.00634  1.85825e-05 | 18 -0.00651  1.72872e-05
 19 -0.00668  1.21947e-05 | 20 -0.00686  3.05153e-06 | 21 -0.00703 -9.63811e-06
 22 -0.00721 -2.44874e-05 | 23 -0.00739 -3.92747e-05 | 24 -0.00757 -5.12361e-05
 25 -0.00775 -5.75595e-05 | 26 -0.00794 -5.61027e-05 | 27 -0.00813 -4.61375e-05
 28 -0.00831 -2.88783e-05 | 29 -0.00850 -7.45221e-06 | 30 -0.00869  1.38438e-05
 31 -0.00887  3.08515e-05 | 32 -0.00906  4.07379e-05 | 33 -0.00924  4.30423e-05
 34 -0.00943  3.96953e-05 | 35 -0.00960  3.36901e-05 | 36 -0.00977  2.68523e-05
 37 -0.00994  1.84628e-05 | 38 -0.01008  6.63295e-06 | 39 -0.01021 -7.90771e-06
 40 -0.01032 -1.89275e-05 | 41 -0.01040 -1.88485e-05 | 42 -0.01046 -3.14903e-06
 43 -0.01050  2.34936e-05 | 44 -0.01051  4.84697e-05 | 45 -0.01049  5.82518e-05
 46 -0.01046  4.67017e-05 | 47 -0.01040  1.85539e-05 | 48 -0.01034 -1.53792e-05
 49 -0.01027 -4.50276e-05 | 50 -0.01020 -6.57052e-05 | 51 -0.01013 -7.75594e-05
 52 -0.01009 -8.25643e-05 | 53 -0.01006 -8.26419e-05 | 54 -0.01006 -7.89295e-05
 55 -0.01006 -7.18164e-05 | 56 -0.01009 -6.14272e-05 | 57 -0.01012 -4.74891e-05
 58 -0.01016 -2.85353e-05 | 59 -0.01019 -3.01135e-06 | 60 -0.01022  3.04651e-05
 61 -0.01022  6.92029e-05 | 62 -0.01020  1.02575e-04 | 63 -0.01013  1.12171e-04
 64 -0.01002  8.81141e-05 | 65 -0.00984  4.31148e-05 | 66 -0.00960 -4.68977e-06
 67 -0.00928 -5.86470e-05 | 68 -0.00887 -6.61967e-05 | 69 -0.00836  3.52831e-05
 70 -0.00775  7.50696e-06 | 71 -0.00705 -1.90152e-04 | 72 -0.00627  7.89708e-06
 73 -0.00545  2.11062e-04 | 74 -0.00461  1.20600e-05 | 75 -0.00380 -6.42276e-05
 76 -0.00304 -7.84731e-05 | 77 -0.00232 -5.26471e-05 | 78 -0.00158  1.07775e-04
 79 -0.00072 -5.25912e-05 | 80  0.00042 -3.65123e-04 | 81  0.00195  2.58340e-04
 82  0.00391 -1.02135e-04 | 83  0.00621  1.65453e-04 | 84  0.00865 -7.99429e-05
 85  0.01092  9.73137e-05 | 86  0.01279 -1.34209e-04 | 87  0.01424 -7.81575e-05
 88  0.01549 -9.01477e-06 | 89  0.01685  2.51734e-05 | 90  0.01839  1.62588e-04
 91  0.01987  4.72330e-05 | 92  0.02075  1.30002e-05 | 93  0.02083 -1.47749e-04
 94  0.02087 -7.09589e-05 | 95  0.02126  3.04458e-04 | 96  0.02011 -1.00197e-04
 97  0.02128  2.44676e-05 | 98  0.02346 -1.91968e-05 | 99  0.02857  2.43597e-05
100  0.02930 -6.49613e-06 |101  0.02925  8.22093e-06 |102  0.02959  3.77561e-05
103  0.02190  1.90220e-05 |104  0.02462 -4.49252e-05 |105  0.05431  3.26246e-05
106  0.05287 -1.14331e-05 |107  0.01747 -3.49885e-05 |108  0.03358  5.18386e-06
109  0.12891  9.24378e-05 |110  0.04049  1.12168e-05 |111  0.00381 -1.42643e-05
112  0.02670  8.71471e-05 |113  0.04768 -1.94284e-05 |114  0.06512 -5.69021e-05
115  0.03724 -1.00126e-05 |116 -0.03577 -2.22238e-05 |117 -0.05318 -5.45444e-05
118 -0.04760  5.31265e-06 |119 -0.00144 -3.21476e-05 |120  0.07735 -5.28618e-05
121  0.02215  6.31477e-05 |122  0.01211 -8.25608e-05 |123 -0.03123  1.38114e-05
124 -0.07223  7.78627e-05 |125 -0.03622 -2.41396e-05 |126 -0.04084 -2.05876e-05
127 -0.05660 -9.13230e-05 |128 -0.00824 -2.96541e-05 |129  0.01567  1.19690e-05
130 -0.00807 -9.10014e-05 |131  0.03353  6.74585e-06 |132 -0.01972 -4.86199e-05
133  0.10715  4.29266e-05 |134  0.00252  2.12135e-05 |135 -0.04086 -2.19455e-05
136 -0.05301 -6.48390e-06 |137 -0.02279 -5.92954e-05 |138  0.07784  5.18625e-05
139  0.02644 -3.72606e-07 |140  0.01363 -3.57542e-05 |141 -0.02452  1.16983e-04
142 -0.01818  2.15610e-04 |143 -0.00148 -4.90728e-05 |144 -0.00048  3.13745e-06
145  0.00000  0.00000e+00 |146  0.00000  0.00000e+00 |147  0.00000  0.00000e+00
148  0.00000  0.00000e+00 |149  0.00000  0.00000e+00 |150  0.00000  0.00000e+00
151  0.00000  0.00000e+00 |152  0.00000  0.00000e+00 |153  0.00000  0.00000e+00
154  0.00000  0.00000e+00 |155  0.00000  0.00000e+00 |156  0.00000  0.00000e+00
157  0.00000  0.00000e+00 |158  0.36429  7.28483e-05 |159  0.26644 -1.28464e-05
160  0.06313  9.85774e-05 |161  0.30726 -1.03073e-04 |162  0.02181 -8.63431e-06
163 -0.10216  9.22525e-05 |164 -0.48139  6.85746e-05 |165  0.30617 -7.87177e-05
166  0.04544  3.78847e-05 |167 -0.24208 -6.46545e-05 |168  0.20143  4.78529e-05
169  0.26819 -4.97715e-05 |170  0.21387  1.58532e-05 |171  0.27055 -4.44920e-05
172 -0.01704  8.16822e-06 |173 -0.07973  8.25261e-05 |174  0.15677 -7.20589e-05
175  0.31224 -6.33030e-05 |176  0.21712  7.57731e-05 |177  0.26114  6.62490e-06
178 -0.35613 -4.62423e-05 |179  0.24240  1.03189e-05 |180  0.04797 -1.32903e-05
181 -0.17655  1.76006e-04 |182  0.22901  1.30581e-05 |183  0.32171  1.49582e-05
184  0.08294  2.24086e-05 |185 -0.49736 -8.36372e-08 |186 -0.36790 -2.58318e-05
187  0.24041 -1.06437e-05 |188  0.06673 -1.50563e-04 |189 -0.12409 -7.20113e-06
190  0.09004  1.14060e-04 |191  0.14891  7.53625e-06 |192  0.32782 -2.70385e-05
193  0.27994 -2.90700e-05 |194 -0.03016  8.44678e-05 |195  0.00152  5.66389e-05
196 -0.11624  3.77456e-05 |197 -0.10376  7.21925e-06 |198  0.03727  3.84311e-05
199  0.42175 -6.04985e-05 |200  0.01465  1.90831e-04 |201 -0.13142  1.12258e-07
202  0.11409  2.42638e-04 |203  0.18429  2.74500e-04 |204  0.22370 -2.34258e-04
205  0.26661 -2.91142e-04 |206  0.02742  2.48603e-04 |207 -0.01657  1.93272e-04
208 -0.16147  7.79767e-05 |209 -0.09684  4.62812e-04 |210 -0.57783 -8.70985e-06
211  0.16209  1.73500e-05 |212  0.09759 -4.77106e-05 |213 -0.24613  2.18956e-05
size of file gradfil1.tmp = 0
size of file gradfil2.tmp = 0
size of file varssave.tmp = 0
size of file cmpdiff.tmp = 800000032
