
Initial statistics: 136 variables; iteration 0; function evaluation 0; phase 1
Function value 2.5083344e+03; maximum gradient component mag 1.8058e+02
Var    Value     Gradient |Var    Value     Gradient |Var    Value     Gradient
  1 -0.42334  1.80579e+02 |  2 -0.09289  5.98910e+01 |  3 -0.01009 -1.22530e+00
  4 -0.01031 -1.24129e+00 |  5 -0.01053 -1.25532e+00 |  6 -0.01074 -1.26709e+00
  7 -0.01095 -1.27633e+00 |  8 -0.01115 -1.28263e+00 |  9 -0.01135 -1.28563e+00
 10 -0.01153 -1.28496e+00 | 11 -0.01171 -1.28019e+00 | 12 -0.01187 -1.27093e+00
 13 -0.01203 -1.25676e+00 | 14 -0.01217 -1.23721e+00 | 15 -0.01229 -1.21183e+00
 16 -0.01240 -1.18009e+00 | 17 -0.01249 -1.14147e+00 | 18 -0.01255 -1.09542e+00
 19 -0.01260 -1.04145e+00 | 20 -0.01262 -9.79106e-01 | 21 -0.01262 -9.07912e-01
 22 -0.01260 -8.27320e-01 | 23 -0.01254 -7.36691e-01 | 24 -0.01246 -6.35332e-01
 25 -0.01235 -5.22507e-01 | 26 -0.01220 -3.97498e-01 | 27 -0.01202 -2.59659e-01
 28 -0.01180 -1.08481e-01 | 29 -0.01154  5.63944e-02 | 30 -0.01124  2.35127e-01
 31 -0.01091  4.27755e-01 | 32 -0.01054  6.34052e-01 | 33 -0.01013  8.53573e-01
 34 -0.00969  1.08539e+00 | 35 -0.00923  1.32806e+00 | 36 -0.00876  1.57960e+00
 37 -0.00827  1.83756e+00 | 38 -0.00779  2.09913e+00 | 39 -0.00732  2.36122e+00
 40 -0.00687  2.62060e+00 | 41 -0.00646  2.87383e+00 | 42 -0.00610  3.11752e+00
 43 -0.00578  3.34926e+00 | 44 -0.00550  3.56832e+00 | 45 -0.00527  3.77623e+00
 46 -0.00505  3.97696e+00 | 47 -0.00484  4.17611e+00 | 48 -0.00461  4.37962e+00
 49 -0.00433  4.59498e+00 | 50 -0.00397  4.82997e+00 | 51 -0.00351  5.09362e+00
 52 -0.00290  5.39458e+00 | 53 -0.00211  5.74244e+00 | 54 -0.00112  6.14738e+00
 55  0.00012  6.61720e+00 | 56  0.00162  7.16546e+00 | 57  0.00342  7.79783e+00
 58  0.00553  8.51859e+00 | 59  0.00797  9.33076e+00 | 60  0.01071  1.02306e+01
 61  0.01374  1.12083e+01 | 62  0.01700  1.22420e+01 | 63  0.02037  1.32980e+01
 64  0.02373  1.43274e+01 | 65  0.02687  1.52652e+01 | 66  0.02959  1.60360e+01
 67  0.03168  1.65720e+01 | 68  0.03301  1.68284e+01 | 69  0.03358  1.67939e+01
 70  0.03344  1.64921e+01 | 71  0.03272  1.59538e+01 | 72  0.03145  1.51971e+01
 73  0.02960  1.42127e+01 | 74  0.02705  1.29790e+01 | 75  0.02380  1.14991e+01
 76  0.01999  9.83338e+00 | 77  0.01602  8.10638e+00 | 78  0.01239  6.46900e+00
 79  0.00955  5.05029e+00 | 80  0.00761  3.90896e+00 | 81  0.00637  3.02812e+00
 82  0.00544  2.33908e+00 | 83  0.00468  1.77932e+00 | 84  0.00458  1.33304e+00
 85  0.00522  1.00638e+00 | 86  0.00545  7.52764e-01 | 87  0.00713  4.23577e-01
 88  0.00970 -2.23293e-01 | 89  0.01366 -1.31511e+00 | 90  0.01376 -2.66847e+00
 91  0.01250 -4.10161e+00 | 92  0.01081 -5.67704e+00 | 93  0.00275 -7.08031e+00
 94  0.00360 -9.03486e+00 | 95  0.02294 -1.33703e+01 | 96  0.02140 -1.74896e+01
 97 -0.00268 -1.87987e+01 | 98  0.01577 -2.57724e+01 | 99  0.08374 -4.68539e+01
100  0.02820 -2.97080e+01 |101 -0.01452 -1.78640e+01 |102  0.00430 -1.62468e+01
103  0.01938 -1.47726e+01 |104  0.03866 -8.63831e+00 |105  0.00285 -5.09298e-01
106 -0.06248 -1.55054e+00 |107 -0.07893 -3.30515e+00 |108 -0.07730 -7.41069e+00
109 -0.03457 -1.66645e+01 |110  0.06971 -3.09099e+01 |111  0.02361 -9.01485e+00
112  0.01375  9.64784e-01 |113 -0.02797  2.95799e+00 |114 -0.06716  2.60471e+00
115 -0.00654  1.06817e+01 |116  0.00456  2.00674e+01 |117 -0.02731  1.32304e+01
118  0.02817  1.39558e+01 |119  0.07344  1.25805e+01 |120  0.01038  2.55581e+00
121  0.08254 -2.15338e+00 |122  0.00575 -3.99829e+00 |123  0.13287 -1.48941e+01
124 -0.00532 -4.99311e+00 |125 -0.04646 -3.22438e+00 |126 -0.05671 -1.73087e+00
127 -0.02192 -2.61943e+00 |128  0.09420 -2.91577e+00 |129  0.03190 -1.88125e-01
130  0.01685  1.10460e-01 |131 -0.02798 -6.21492e-02 |132 -0.01758 -4.60963e-05
133 -0.00588 -2.40047e-04 |134 -0.00040 -1.75994e-05 |135  0.27670 -1.33095e-04
136  0.18753  3.27385e-04 |

Intermediate statistics: 136 variables; iteration 20; function evaluation 28; phase 1
Function value 2.4998491e+03; maximum gradient component mag 6.0364e+01
Var    Value     Gradient |Var    Value     Gradient |Var    Value     Gradient
  1 -0.43464  2.62184e+01 |  2 -0.11629  6.03644e+01 |  3 -0.00392 -3.35854e-02
  4 -0.00400 -2.34121e-02 |  5 -0.00407 -1.20176e-02 |  6 -0.00414  6.78499e-04
  7 -0.00422  1.47590e-02 |  8 -0.00429  3.03119e-02 |  9 -0.00435  4.74116e-02
 10 -0.00442  6.61228e-02 | 11 -0.00449  8.65122e-02 | 12 -0.00455  1.08624e-01
 13 -0.00461  1.32496e-01 | 14 -0.00467  1.58166e-01 | 15 -0.00473  1.85654e-01
 16 -0.00479  2.14981e-01 | 17 -0.00484  2.46156e-01 | 18 -0.00490  2.79163e-01
 19 -0.00495  3.13934e-01 | 20 -0.00501  3.50357e-01 | 21 -0.00506  3.88293e-01
 22 -0.00512  4.27585e-01 | 23 -0.00518  4.68079e-01 | 24 -0.00524  5.09603e-01
 25 -0.00531  5.51981e-01 | 26 -0.00539  5.95013e-01 | 27 -0.00547  6.38465e-01
 28 -0.00556  6.82054e-01 | 29 -0.00565  7.25437e-01 | 30 -0.00575  7.68231e-01
 31 -0.00587  8.09953e-01 | 32 -0.00599  8.50113e-01 | 33 -0.00613  8.88198e-01
 34 -0.00628  9.23669e-01 | 35 -0.00645  9.55998e-01 | 36 -0.00663  9.84673e-01
 37 -0.00684  1.00921e+00 | 38 -0.00706  1.02921e+00 | 39 -0.00730  1.04443e+00
 40 -0.00756  1.05482e+00 | 41 -0.00783  1.06063e+00 | 42 -0.00811  1.06237e+00
 43 -0.00839  1.06058e+00 | 44 -0.00867  1.05583e+00 | 45 -0.00894  1.04860e+00
 46 -0.00920  1.03921e+00 | 47 -0.00944  1.02793e+00 | 48 -0.00967  1.01511e+00
 49 -0.00987  1.00081e+00 | 50 -0.01005  9.85115e-01 | 51 -0.01020  9.67827e-01
 52 -0.01033  9.48907e-01 | 53 -0.01042  9.28041e-01 | 54 -0.01049  9.04741e-01
 55 -0.01052  8.78989e-01 | 56 -0.01053  8.49188e-01 | 57 -0.01052  8.15453e-01
 58 -0.01048  7.77799e-01 | 59 -0.01040  7.36048e-01 | 60 -0.01030  6.90780e-01
 61 -0.01015  6.42998e-01 | 62 -0.00994  5.94962e-01 | 63 -0.00966  5.49973e-01
 64 -0.00928  5.12818e-01 | 65 -0.00878  4.90026e-01 | 66 -0.00810  4.89326e-01
 67 -0.00722  5.17627e-01 | 68 -0.00611  5.79666e-01 | 69 -0.00475  6.76871e-01
 70 -0.00314  8.06860e-01 | 71 -0.00129  9.65456e-01 | 72  0.00080  1.14667e+00
 73  0.00308  1.34155e+00 | 74  0.00551  1.53551e+00 | 75  0.00799  1.70848e+00
 76  0.01044  1.84129e+00 | 77  0.01279  1.92840e+00 | 78  0.01505  1.98701e+00
 79  0.01730  2.05985e+00 | 80  0.01952  2.19471e+00 | 81  0.02156  2.42423e+00
 82  0.02310  2.73580e+00 | 83  0.02402  3.08664e+00 | 84  0.02473  3.43796e+00
 85  0.02506  3.73308e+00 | 86  0.02342  3.83516e+00 | 87  0.02267  3.79745e+00
 88  0.02322  3.63914e+00 | 89  0.02630  3.44958e+00 | 90  0.02512  3.02186e+00
 91  0.02229  2.50359e+00 | 92  0.01931  1.98799e+00 | 93  0.00966  1.42158e+00
 94  0.00918  9.59784e-01 | 95  0.02914  6.52634e-01 | 96  0.02976 -2.20636e-01
 97  0.01293  1.11454e-01 | 98  0.01349 -5.31747e+00 | 99  0.12299 -4.51336e+00
100  0.02320 -6.47895e+00 |101 -0.00909 -2.80477e+00 |102  0.00642 -3.20494e+00
103  0.01671 -4.97053e+00 |104  0.03576 -1.86380e+00 |105 -0.01426 -2.49385e+00
106 -0.06858 -1.40294e+00 |107 -0.08448 -2.27221e+00 |108 -0.07758 -2.68960e+00
109 -0.02324 -2.81215e+00 |110  0.08615 -3.93702e+00 |111  0.01964 -2.06909e+00
112  0.00553 -1.74526e+00 |113 -0.03504 -7.07296e-01 |114 -0.06992  3.48493e-01
115 -0.01700  1.29121e+00 |116 -0.02364  1.54988e+00 |117 -0.04528  1.27909e+00
118  0.01481  2.17184e+00 |119  0.06230  2.49204e+00 |120  0.00917  8.35798e-01
121  0.08236 -3.08302e-01 |122  0.01110 -1.56513e-01 |123  0.14557 -1.10621e+00
124  0.00532  2.17949e-01 |125 -0.03649  4.94377e-01 |126 -0.04999  4.80523e-01
127 -0.01279  4.64962e-01 |128  0.10162  2.68937e-01 |129  0.03336  2.52911e-01
130  0.01822  3.07677e-01 |131 -0.02713  1.00387e-01 |132 -0.01792 -1.39781e-01
133 -0.00621 -9.19258e-02 |134 -0.00043 -9.49987e-03 |135  0.31272  9.56467e+00
136  0.21604  2.70404e+01 |

 - final statistics:
136 variables; iteration 24; function evaluation 34
Function value 2.4996e+03; maximum gradient component mag 9.7245e+00
Exit code = 1;  converg criter 1.0000e+01
Var    Value     Gradient |Var    Value     Gradient |Var    Value     Gradient
  1 -0.43662  5.97604e+00 |  2 -0.11230  9.72448e+00 |  3 -0.00365 -4.66688e-02
  4 -0.00374 -4.45312e-02 |  5 -0.00384 -4.19610e-02 |  6 -0.00394 -3.89171e-02
  7 -0.00405 -3.53566e-02 |  8 -0.00415 -3.12316e-02 |  9 -0.00426 -2.64973e-02
 10 -0.00436 -2.11106e-02 | 11 -0.00447 -1.50259e-02 | 12 -0.00458 -8.20328e-03
 13 -0.00470 -6.04417e-04 | 14 -0.00481  7.81194e-03 | 15 -0.00493  1.70810e-02
 16 -0.00504  2.72402e-02 | 17 -0.00516  3.83241e-02 | 18 -0.00528  5.03576e-02
 19 -0.00541  6.33453e-02 | 20 -0.00553  7.72749e-02 | 21 -0.00566  9.21225e-02
 22 -0.00579  1.07857e-01 | 23 -0.00593  1.24445e-01 | 24 -0.00607  1.41844e-01
 25 -0.00621  1.60002e-01 | 26 -0.00636  1.78851e-01 | 27 -0.00651  1.98299e-01
 28 -0.00666  2.18224e-01 | 29 -0.00683  2.38466e-01 | 30 -0.00699  2.58831e-01
 31 -0.00716  2.79091e-01 | 32 -0.00734  2.98986e-01 | 33 -0.00752  3.18236e-01
 34 -0.00771  3.36536e-01 | 35 -0.00791  3.53568e-01 | 36 -0.00812  3.69007e-01
 37 -0.00834  3.82535e-01 | 38 -0.00856  3.93872e-01 | 39 -0.00880  4.02799e-01
 40 -0.00904  4.09201e-01 | 41 -0.00929  4.13096e-01 | 42 -0.00954  4.14648e-01
 43 -0.00979  4.14066e-01 | 44 -0.01003  4.11589e-01 | 45 -0.01025  4.07451e-01
 46 -0.01046  4.01817e-01 | 47 -0.01066  3.94820e-01 | 48 -0.01083  3.86642e-01
 49 -0.01098  3.77315e-01 | 50 -0.01111  3.66871e-01 | 51 -0.01121  3.55201e-01
 52 -0.01127  3.42261e-01 | 53 -0.01131  3.27864e-01 | 54 -0.01131  3.11721e-01
 55 -0.01127  2.93783e-01 | 56 -0.01120  2.73167e-01 | 57 -0.01111  2.49880e-01
 58 -0.01098  2.23873e-01 | 59 -0.01081  1.94988e-01 | 60 -0.01060  1.63456e-01
 61 -0.01034  1.29709e-01 | 62 -0.01003  9.48038e-02 | 63 -0.00964  6.02771e-02
 64 -0.00917  2.83415e-02 | 65 -0.00860  1.98861e-03 | 66 -0.00790 -1.53195e-02
 67 -0.00705 -2.07154e-02 | 68 -0.00603 -1.25664e-02 | 69 -0.00483  9.01466e-03
 70 -0.00345  4.19125e-02 | 71 -0.00189  8.30525e-02 | 72 -0.00016  1.28434e-01
 73  0.00173  1.73113e-01 | 74  0.00375  2.11221e-01 | 75  0.00589  2.37635e-01
 76  0.00813  2.51242e-01 | 77  0.01047  2.57311e-01 | 78  0.01290  2.65307e-01
 79  0.01536  2.83656e-01 | 80  0.01764  3.14467e-01 | 81  0.01942  3.55696e-01
 82  0.02040  4.05037e-01 | 83  0.02064  4.62337e-01 | 84  0.02074  5.25449e-01
 85  0.02066  5.83130e-01 | 86  0.01911  6.06362e-01 | 87  0.01879  5.80340e-01
 88  0.01997  5.02042e-01 | 89  0.02369  4.06018e-01 | 90  0.02360  2.70328e-01
 91  0.02153  1.06171e-01 | 92  0.01894 -2.90372e-02 | 93  0.00968 -9.64527e-02
 94  0.00977 -4.58337e-02 | 95  0.02942 -6.19954e-02 | 96  0.03180 -3.35428e-02
 97  0.00966 -2.72044e-01 | 98  0.03116 -8.79718e-01 | 99  0.11438 -2.11541e+00
100  0.03693 -1.68667e+00 |101 -0.00752 -4.08363e-01 |102  0.00589 -1.03429e+00
103  0.02463 -9.02236e-01 |104  0.03112 -1.04754e+00 |105 -0.01176 -7.40686e-01
106 -0.06335  1.51675e+00 |107 -0.08337 -1.15396e+00 |108 -0.07570 -1.18886e+00
109 -0.01989  4.80606e-03 |110  0.09024  6.27325e-01 |111  0.01855 -1.73373e+00
112  0.00592 -1.55637e+00 |113 -0.03087  1.17112e+00 |114 -0.06780  1.04524e+00
115 -0.01518  1.57148e+00 |116 -0.02382  7.17591e-01 |117 -0.04597  1.73217e-01
118  0.01434  4.72328e-01 |119  0.06138  1.99680e-01 |120  0.00914  8.30319e-02
121  0.08522  5.82642e-01 |122  0.01250  3.47449e-01 |123  0.14768 -1.41407e-01
124  0.00550  1.09489e-01 |125 -0.03864 -4.66625e-01 |126 -0.05211 -3.62938e-01
127 -0.01449 -2.42877e-01 |128  0.10073 -3.09708e-01 |129  0.03324  1.20632e-01
130  0.01694 -2.12070e-01 |131 -0.02618  3.99611e-01 |132 -0.01769 -9.83729e-02
133 -0.00599 -4.08394e-02 |134 -0.00040 -2.78757e-03 |135  0.30410  1.27096e+00
136  0.20805  4.77685e+00 |

Initial statistics: 146 variables; iteration 0; function evaluation 0; phase 2
Function value 2.4995545e+03; maximum gradient component mag -4.3954e+02
Var    Value     Gradient |Var    Value     Gradient |Var    Value     Gradient
  1 -0.43662  5.97604e+00 |  2  0.37110 -2.16731e+01 |  3 -0.12614 -2.21208e+02
  4 -0.01321 -1.72623e+02 |  5 -0.70915 -5.30334e-01 |  6 -0.60419 -4.39545e+02
  7  0.37628 -6.99441e+00 |  8 -0.18524 -2.38149e+02 |  9  0.03399 -1.40502e+02
 10 -0.60948  3.24452e+01 | 11 -0.62338 -2.91380e+02 | 12 -0.11230  9.72448e+00
 13 -0.00365 -4.66688e-02 | 14 -0.00374 -4.45312e-02 | 15 -0.00384 -4.19610e-02
 16 -0.00394 -3.89171e-02 | 17 -0.00405 -3.53566e-02 | 18 -0.00415 -3.12316e-02
 19 -0.00426 -2.64973e-02 | 20 -0.00436 -2.11106e-02 | 21 -0.00447 -1.50259e-02
 22 -0.00458 -8.20328e-03 | 23 -0.00470 -6.04417e-04 | 24 -0.00481  7.81194e-03
 25 -0.00493  1.70810e-02 | 26 -0.00504  2.72402e-02 | 27 -0.00516  3.83241e-02
 28 -0.00528  5.03576e-02 | 29 -0.00541  6.33453e-02 | 30 -0.00553  7.72749e-02
 31 -0.00566  9.21225e-02 | 32 -0.00579  1.07857e-01 | 33 -0.00593  1.24445e-01
 34 -0.00607  1.41844e-01 | 35 -0.00621  1.60002e-01 | 36 -0.00636  1.78851e-01
 37 -0.00651  1.98299e-01 | 38 -0.00666  2.18224e-01 | 39 -0.00683  2.38466e-01
 40 -0.00699  2.58831e-01 | 41 -0.00716  2.79091e-01 | 42 -0.00734  2.98986e-01
 43 -0.00752  3.18236e-01 | 44 -0.00771  3.36536e-01 | 45 -0.00791  3.53568e-01
 46 -0.00812  3.69007e-01 | 47 -0.00834  3.82535e-01 | 48 -0.00856  3.93872e-01
 49 -0.00880  4.02799e-01 | 50 -0.00904  4.09201e-01 | 51 -0.00929  4.13096e-01
 52 -0.00954  4.14648e-01 | 53 -0.00979  4.14066e-01 | 54 -0.01003  4.11589e-01
 55 -0.01025  4.07451e-01 | 56 -0.01046  4.01817e-01 | 57 -0.01066  3.94820e-01
 58 -0.01083  3.86642e-01 | 59 -0.01098  3.77315e-01 | 60 -0.01111  3.66871e-01
 61 -0.01121  3.55201e-01 | 62 -0.01127  3.42261e-01 | 63 -0.01131  3.27864e-01
 64 -0.01131  3.11721e-01 | 65 -0.01127  2.93783e-01 | 66 -0.01120  2.73167e-01
 67 -0.01111  2.49880e-01 | 68 -0.01098  2.23873e-01 | 69 -0.01081  1.94988e-01
 70 -0.01060  1.63456e-01 | 71 -0.01034  1.29709e-01 | 72 -0.01003  9.48038e-02
 73 -0.00964  6.02771e-02 | 74 -0.00917  2.83415e-02 | 75 -0.00860  1.98861e-03
 76 -0.00790 -1.53195e-02 | 77 -0.00705 -2.07154e-02 | 78 -0.00603 -1.25664e-02
 79 -0.00483  9.01466e-03 | 80 -0.00345  4.19125e-02 | 81 -0.00189  8.30525e-02
 82 -0.00016  1.28434e-01 | 83  0.00173  1.73113e-01 | 84  0.00375  2.11221e-01
 85  0.00589  2.37635e-01 | 86  0.00813  2.51242e-01 | 87  0.01047  2.57311e-01
 88  0.01290  2.65307e-01 | 89  0.01536  2.83656e-01 | 90  0.01764  3.14467e-01
 91  0.01942  3.55696e-01 | 92  0.02040  4.05037e-01 | 93  0.02064  4.62337e-01
 94  0.02074  5.25449e-01 | 95  0.02066  5.83130e-01 | 96  0.01911  6.06362e-01
 97  0.01879  5.80340e-01 | 98  0.01997  5.02042e-01 | 99  0.02369  4.06018e-01
100  0.02360  2.70328e-01 |101  0.02153  1.06171e-01 |102  0.01894 -2.90372e-02
103  0.00968 -9.64527e-02 |104  0.00977 -4.58337e-02 |105  0.02942 -6.19954e-02
106  0.03180 -3.35428e-02 |107  0.00966 -2.72044e-01 |108  0.03116 -8.79718e-01
109  0.11438 -2.11541e+00 |110  0.03693 -1.68667e+00 |111 -0.00752 -4.08363e-01
112  0.00589 -1.03429e+00 |113  0.02463 -9.02236e-01 |114  0.03112 -1.04754e+00
115 -0.01176 -7.40686e-01 |116 -0.06335  1.51675e+00 |117 -0.08337 -1.15396e+00
118 -0.07570 -1.18886e+00 |119 -0.01989  4.80606e-03 |120  0.09024  6.27325e-01
121  0.01855 -1.73373e+00 |122  0.00592 -1.55637e+00 |123 -0.03087  1.17112e+00
124 -0.06780  1.04524e+00 |125 -0.01518  1.57148e+00 |126 -0.02382  7.17591e-01
127 -0.04597  1.73217e-01 |128  0.01434  4.72328e-01 |129  0.06138  1.99680e-01
130  0.00914  8.30319e-02 |131  0.08522  5.82642e-01 |132  0.01250  3.47449e-01
133  0.14768 -1.41407e-01 |134  0.00550  1.09489e-01 |135 -0.03864 -4.66625e-01
136 -0.05211 -3.62938e-01 |137 -0.01449 -2.42877e-01 |138  0.10073 -3.09708e-01
139  0.03324  1.20632e-01 |140  0.01694 -2.12070e-01 |141 -0.02618  3.99611e-01
142 -0.01769 -9.83729e-02 |143 -0.00599 -4.08394e-02 |144 -0.00040 -2.78757e-03
145  0.30410  1.27096e+00 |146  0.20805  4.77685e+00 |

Intermediate statistics: 146 variables; iteration 20; function evaluation 30; phase 2
Function value 2.4749606e+03; maximum gradient component mag -2.1283e+02
Var    Value     Gradient |Var    Value     Gradient |Var    Value     Gradient
  1 -0.43302  7.12880e+01 |  2  0.31773 -2.12829e+02 |  3 -0.15228 -7.94905e+01
  4  0.09745 -9.72068e+01 |  5 -0.84585 -1.74242e+00 |  6 -0.56302 -6.46284e+01
  7  0.35258 -4.99264e+01 |  8 -0.19443 -9.85869e+01 |  9  0.08703 -7.05095e+01
 10 -0.72168  1.25221e+01 | 11 -0.60059 -5.88795e+01 | 12 -0.11301 -1.19976e+02
 13 -0.00358 -2.56816e-01 | 14 -0.00361 -2.68007e-01 | 15 -0.00370 -2.73159e-01
 16 -0.00380 -2.78174e-01 | 17 -0.00390 -2.83029e-01 | 18 -0.00400 -2.87691e-01
 19 -0.00410 -2.92131e-01 | 20 -0.00421 -2.96329e-01 | 21 -0.00432 -3.00260e-01
 22 -0.00442 -3.03908e-01 | 23 -0.00453 -3.07258e-01 | 24 -0.00465 -3.10292e-01
 25 -0.00476 -3.12992e-01 | 26 -0.00488 -3.15326e-01 | 27 -0.00500 -3.17251e-01
 28 -0.00512 -3.18729e-01 | 29 -0.00524 -3.19766e-01 | 30 -0.00536 -3.20410e-01
 31 -0.00549 -3.20723e-01 | 32 -0.00562 -3.20745e-01 | 33 -0.00576 -3.20505e-01
 34 -0.00590 -3.20020e-01 | 35 -0.00604 -3.19291e-01 | 36 -0.00619 -3.18322e-01
 37 -0.00634 -3.17133e-01 | 38 -0.00649 -3.15786e-01 | 39 -0.00665 -3.14391e-01
 40 -0.00681 -3.13070e-01 | 41 -0.00698 -3.12069e-01 | 42 -0.00715 -3.11576e-01
 43 -0.00733 -3.11794e-01 | 44 -0.00751 -3.12937e-01 | 45 -0.00770 -3.15219e-01
 46 -0.00789 -3.18866e-01 | 47 -0.00809 -3.24121e-01 | 48 -0.00830 -3.31183e-01
 49 -0.00851 -3.40194e-01 | 50 -0.00873 -3.51212e-01 | 51 -0.00894 -3.64191e-01
 52 -0.00916 -3.79003e-01 | 53 -0.00937 -3.95561e-01 | 54 -0.00957 -4.13721e-01
 55 -0.00975 -4.33297e-01 | 56 -0.00992 -4.54221e-01 | 57 -0.01007 -4.76495e-01
 58 -0.01020 -5.00010e-01 | 59 -0.01031 -5.24839e-01 | 60 -0.01039 -5.51022e-01
 61 -0.01043 -5.78741e-01 | 62 -0.01045 -6.07981e-01 | 63 -0.01043 -6.38863e-01
 64 -0.01038 -6.71670e-01 | 65 -0.01028 -7.06348e-01 | 66 -0.01016 -7.43988e-01
 67 -0.01001 -7.84403e-01 | 68 -0.00981 -8.27519e-01 | 69 -0.00958 -8.73483e-01
 70 -0.00930 -9.22002e-01 | 71 -0.00898 -9.72651e-01 | 72 -0.00860 -1.02437e+00
 73 -0.00815 -1.07584e+00 | 74 -0.00761 -1.12547e+00 | 75 -0.00698 -1.17129e+00
 76 -0.00622 -1.21120e+00 | 77 -0.00533 -1.24381e+00 | 78 -0.00429 -1.26865e+00
 79 -0.00309 -1.28648e+00 | 80 -0.00174 -1.29981e+00 | 81 -0.00024 -1.31184e+00
 82  0.00139 -1.32683e+00 | 83  0.00314 -1.34978e+00 | 84  0.00498 -1.38576e+00
 85  0.00691 -1.43822e+00 | 86  0.00893 -1.50674e+00 | 87  0.01106 -1.58446e+00
 88  0.01341 -1.65169e+00 | 89  0.01612 -1.67581e+00 | 90  0.01919 -1.63660e+00
 91  0.02209 -1.58311e+00 | 92  0.02345 -1.68570e+00 | 93  0.02169 -2.17707e+00
 94  0.02033 -2.51469e+00 | 95  0.02089 -2.47330e+00 | 96  0.00985 -4.09626e+00
 97  0.01049 -3.85097e+00 | 98  0.01687 -3.00339e+00 | 99  0.03214 -1.44965e+00
100  0.02321 -3.17748e+00 |101  0.01951 -3.35096e+00 |102  0.01768 -2.89980e+00
103  0.00213 -3.74408e+00 |104  0.00625 -3.12948e+00 |105  0.04076 -1.50976e+00
106  0.01932 -5.49638e+00 |107  0.00802 -2.01028e+00 |108  0.02203 -2.97375e+00
109  0.11042 -7.82856e+00 |110  0.03407 -2.72245e+00 |111 -0.01006 -8.44556e-01
112  0.00993  2.51485e+00 |113  0.02311  2.10543e+00 |114  0.05005  8.12993e+00
115  0.00016  3.32662e+00 |116 -0.06285  2.44567e+00 |117 -0.08383  2.85871e-01
118 -0.07063  3.29506e-01 |119 -0.00973 -1.71375e+00 |120  0.06447 -6.98634e+00
121  0.01103 -2.09789e+00 |122  0.00192 -9.25785e-01 |123 -0.02603  2.43199e+00
124 -0.05920  9.93217e-01 |125 -0.02841  5.78638e+00 |126 -0.02576  4.80032e+00
127 -0.03652  5.14640e+00 |128  0.01645  3.58925e+00 |129  0.05270  5.38295e+00
130  0.03148  7.22213e-01 |131  0.06141 -2.26446e+00 |132 -0.00567  3.48800e-01
133  0.12126 -1.12400e+01 |134  0.01990 -4.67234e-01 |135 -0.02715 -3.97633e-01
136 -0.04767  9.14681e-02 |137 -0.00926  1.84872e+00 |138  0.08041 -2.87400e-01
139  0.03865  7.84318e-01 |140  0.01926  5.99484e-01 |141 -0.01717  3.45520e-01
142 -0.01621 -1.16640e+00 |143 -0.00017  1.96631e-01 |144 -0.00023  1.97537e-02
145  0.30226 -3.27446e+01 |146  0.21014 -4.53057e+01 |
146 variables; iteration 40; function evaluation 59; phase 2
Function value 2.4729813e+03; maximum gradient component mag -1.0774e+01
Var    Value     Gradient |Var    Value     Gradient |Var    Value     Gradient
  1 -0.43702  4.06918e+00 |  2  0.31933 -1.07742e+01 |  3 -0.15529 -4.69399e+00
  4  0.10033 -5.86834e+00 |  5 -0.84615 -1.20586e-01 |  6 -0.55655 -1.09475e+00
  7  0.34577 -1.07019e-01 |  8 -0.19775 -3.27858e+00 |  9  0.10660 -2.78801e+00
 10 -0.75998  1.13556e+00 | 11 -0.59392 -5.00401e-01 | 12 -0.10881 -1.06117e+01
 13 -0.00338 -2.70413e-03 | 14 -0.00336 -3.56483e-03 | 15 -0.00346 -4.86910e-03
 16 -0.00357 -6.31650e-03 | 17 -0.00368 -7.91764e-03 | 18 -0.00379 -9.68173e-03
 19 -0.00391 -1.16156e-02 | 20 -0.00403 -1.37247e-02 | 21 -0.00415 -1.60145e-02
 22 -0.00428 -1.84878e-02 | 23 -0.00442 -2.11464e-02 | 24 -0.00455 -2.39934e-02
 25 -0.00470 -2.70316e-02 | 26 -0.00485 -3.02654e-02 | 27 -0.00500 -3.36976e-02
 28 -0.00516 -3.73216e-02 | 29 -0.00532 -4.11135e-02 | 30 -0.00549 -4.50393e-02
 31 -0.00566 -4.90685e-02 | 32 -0.00584 -5.31759e-02 | 33 -0.00602 -5.73396e-02
 34 -0.00621 -6.15385e-02 | 35 -0.00641 -6.57484e-02 | 36 -0.00661 -6.99374e-02
 37 -0.00681 -7.40612e-02 | 38 -0.00703 -7.80625e-02 | 39 -0.00724 -8.18738e-02
 40 -0.00746 -8.54266e-02 | 41 -0.00768 -8.86537e-02 | 42 -0.00790 -9.14986e-02
 43 -0.00812 -9.39162e-02 | 44 -0.00834 -9.58675e-02 | 45 -0.00857 -9.73234e-02
 46 -0.00879 -9.82688e-02 | 47 -0.00901 -9.87048e-02 | 48 -0.00923 -9.86612e-02
 49 -0.00945 -9.81934e-02 | 50 -0.00966 -9.73761e-02 | 51 -0.00987 -9.62963e-02
 52 -0.01007 -9.50501e-02 | 53 -0.01027 -9.37212e-02 | 54 -0.01044 -9.24039e-02
 55 -0.01060 -9.11998e-02 | 56 -0.01074 -9.01861e-02 | 57 -0.01086 -8.94236e-02
 58 -0.01095 -8.89918e-02 | 59 -0.01102 -8.89364e-02 | 60 -0.01106 -8.93146e-02
 61 -0.01107 -9.01549e-02 | 62 -0.01105 -9.15018e-02 | 63 -0.01099 -9.33563e-02
 64 -0.01089 -9.56764e-02 | 65 -0.01074 -9.84150e-02 | 66 -0.01056 -1.01357e-01
 67 -0.01034 -1.04363e-01 | 68 -0.01007 -1.07208e-01 | 69 -0.00975 -1.09592e-01
 70 -0.00938 -1.11198e-01 | 71 -0.00894 -1.11727e-01 | 72 -0.00844 -1.10996e-01
 73 -0.00787 -1.09056e-01 | 74 -0.00722 -1.06320e-01 | 75 -0.00649 -1.03655e-01
 76 -0.00567 -1.02391e-01 | 77 -0.00476 -1.04048e-01 | 78 -0.00376 -1.09797e-01
 79 -0.00266 -1.19746e-01 | 80 -0.00144 -1.32417e-01 | 81 -0.00010 -1.44805e-01
 82  0.00138 -1.53023e-01 | 83  0.00303 -1.53647e-01 | 84  0.00484 -1.45593e-01
 85  0.00681 -1.31176e-01 | 86  0.00892 -1.14714e-01 | 87  0.01114 -9.93311e-02
 88  0.01347 -8.70073e-02 | 89  0.01581 -8.95107e-02 | 90  0.01789 -1.34688e-01
 91  0.01948 -2.09371e-01 | 92  0.02053 -2.27195e-01 | 93  0.02082 -1.79496e-01
 94  0.02031 -1.87247e-01 | 95  0.01943 -2.58964e-01 | 96  0.01743  1.67038e-03
 97  0.01565 -1.11063e-01 | 98  0.01609 -3.13989e-01 | 99  0.02458  2.61297e-01
100  0.02068 -6.67174e-01 |101  0.02158  1.21760e-01 |102  0.01640 -1.78029e-01
103  0.00558 -2.77351e-01 |104  0.00403 -1.11868e+00 |105  0.02908 -9.00649e-01
106  0.02898 -9.97572e-01 |107  0.00587 -3.32024e-01 |108  0.01918 -4.75829e-01
109  0.12125  3.61243e-01 |110  0.03756  1.82081e-02 |111 -0.00829 -2.99146e-01
112  0.00589  5.31960e-01 |113  0.02614 -7.62766e-02 |114  0.03670 -2.66143e-01
115  0.00489  5.94773e-01 |116 -0.06339  7.34086e-01 |117 -0.08228  5.69449e-01
118 -0.07266 -7.71084e-01 |119 -0.00995 -7.16786e-01 |120  0.07006  4.29759e-01
121  0.01412 -2.89994e-01 |122  0.00225 -9.86048e-03 |123 -0.02515  9.93737e-01
124 -0.05876  3.02462e-01 |125 -0.03612 -2.52404e-01 |126 -0.03519 -5.30198e-01
127 -0.04152  1.21566e+00 |128  0.01728  1.19585e-02 |129  0.04330  4.69084e-01
130  0.03748  4.35566e-01 |131  0.06409 -4.38225e-01 |132 -0.00787 -2.94700e-01
133  0.13216 -3.95419e-01 |134  0.02316  1.56463e-01 |135 -0.02449  8.40023e-02
136 -0.04444  2.60205e-01 |137 -0.01797 -1.20506e+00 |138  0.08335  2.93802e-01
139  0.03622  2.96775e-01 |140  0.02094  5.36911e-01 |141 -0.02243 -7.78039e-01
142 -0.01166 -1.72700e-02 |143 -0.00118 -6.82782e-02 |144 -0.00032 -4.95564e-03
145  0.30317 -2.60214e+00 |146  0.21174 -3.26783e+00 |

 - final statistics:
146 variables; iteration 41; function evaluation 61
Function value 2.4730e+03; maximum gradient component mag -8.8876e+00
Exit code = 1;  converg criter 1.0000e+01
Var    Value     Gradient |Var    Value     Gradient |Var    Value     Gradient
  1 -0.43708  2.90547e+00 |  2  0.31942 -7.24280e+00 |  3 -0.15526 -3.39964e+00
  4  0.10019 -4.27153e+00 |  5 -0.84602 -7.23215e-02 |  6 -0.55652 -6.86835e-01
  7  0.34570  3.78762e-01 |  8 -0.19776 -1.71610e+00 |  9  0.10683 -1.76533e+00
 10 -0.76114  7.38549e-01 | 11 -0.59381  1.65428e-01 | 12 -0.10895 -8.88762e+00
 13 -0.00350 -3.27958e-02 | 14 -0.00348 -3.27080e-02 | 15 -0.00358 -3.40725e-02
 16 -0.00369 -3.54832e-02 | 17 -0.00380 -3.69392e-02 | 18 -0.00391 -3.84350e-02
 19 -0.00403 -3.99644e-02 | 20 -0.00415 -4.15202e-02 | 21 -0.00427 -4.30943e-02
 22 -0.00440 -4.46768e-02 | 23 -0.00453 -4.62568e-02 | 24 -0.00466 -4.78227e-02
 25 -0.00480 -4.93609e-02 | 26 -0.00494 -5.08567e-02 | 27 -0.00508 -5.22923e-02
 28 -0.00523 -5.36472e-02 | 29 -0.00539 -5.48979e-02 | 30 -0.00555 -5.60211e-02
 31 -0.00571 -5.69944e-02 | 32 -0.00587 -5.77934e-02 | 33 -0.00604 -5.83930e-02
 34 -0.00622 -5.87664e-02 | 35 -0.00640 -5.88853e-02 | 36 -0.00658 -5.87224e-02
 37 -0.00677 -5.82540e-02 | 38 -0.00696 -5.74636e-02 | 39 -0.00716 -5.63441e-02
 40 -0.00736 -5.48977e-02 | 41 -0.00756 -5.31389e-02 | 42 -0.00776 -5.10865e-02
 43 -0.00797 -4.87672e-02 | 44 -0.00818 -4.62191e-02 | 45 -0.00838 -4.34945e-02
 46 -0.00860 -4.06576e-02 | 47 -0.00881 -3.77775e-02 | 48 -0.00902 -3.49188e-02
 49 -0.00923 -3.21309e-02 | 50 -0.00943 -2.94524e-02 | 51 -0.00964 -2.69302e-02
 52 -0.00984 -2.46352e-02 | 53 -0.01003 -2.26548e-02 | 54 -0.01020 -2.10467e-02
 55 -0.01036 -1.98047e-02 | 56 -0.01050 -1.88999e-02 | 57 -0.01062 -1.83238e-02
 58 -0.01072 -1.80781e-02 | 59 -0.01079 -1.81938e-02 | 60 -0.01083 -1.87188e-02
 61 -0.01084 -1.97275e-02 | 62 -0.01082 -2.12709e-02 | 63 -0.01076 -2.34033e-02
 64 -0.01066 -2.61944e-02 | 65 -0.01052 -2.96728e-02 | 66 -0.01035 -3.39605e-02
 67 -0.01013 -3.90032e-02 | 68 -0.00987 -4.47047e-02 | 69 -0.00957 -5.09272e-02
 70 -0.00921 -5.74093e-02 | 71 -0.00880 -6.37989e-02 | 72 -0.00832 -6.96234e-02
 73 -0.00778 -7.44099e-02 | 74 -0.00715 -7.78039e-02 | 75 -0.00643 -7.97372e-02
 76 -0.00562 -8.06467e-02 | 77 -0.00470 -8.16592e-02 | 78 -0.00368 -8.44712e-02
 79 -0.00256 -9.09060e-02 | 80 -0.00134 -1.02219e-01 | 81 -0.00000 -1.18363e-01
 82  0.00144 -1.37526e-01 | 83  0.00302 -1.56163e-01 | 84  0.00475 -1.70163e-01
 85  0.00663 -1.77078e-01 | 86  0.00867 -1.77727e-01 | 87  0.01084 -1.75237e-01
 88  0.01313 -1.70424e-01 | 89  0.01553 -1.57667e-01 | 90  0.01793 -1.35508e-01
 91  0.01994 -1.23684e-01 | 92  0.02101 -1.38236e-01 | 93  0.02092 -1.67917e-01
 94  0.02035 -1.86880e-01 | 95  0.01977 -1.92546e-01 | 96  0.01583 -3.39011e-01
 97  0.01470 -3.13737e-01 | 98  0.01669 -1.73459e-01 | 99  0.02206 -2.22991e-01
100  0.02305 -1.49285e-01 |101  0.01947 -2.53234e-01 |102  0.01635 -8.60420e-02
103  0.00775  3.95911e-01 |104  0.00588 -4.81668e-01 |105  0.02933 -6.10834e-01
106  0.02936 -7.18427e-01 |107  0.00671  4.08427e-02 |108  0.02079 -2.38347e-02
109  0.11938 -2.77645e-02 |110  0.03857  1.90654e-01 |111 -0.00700  7.69839e-02
112  0.00400 -8.33183e-02 |113  0.02725  3.18078e-01 |114  0.03697 -1.07048e-02
115  0.00513  6.72468e-01 |116 -0.06416  3.02075e-01 |117 -0.08427 -3.65159e-01
118 -0.07152 -2.27117e-01 |119 -0.00888 -1.49102e-01 |120  0.06926  1.10069e-01
121  0.01486  1.07059e-01 |122  0.00358  7.40969e-01 |123 -0.02721 -1.10580e-01
124 -0.05947 -4.42469e-02 |125 -0.03542  7.98646e-02 |126 -0.03386  5.51396e-02
127 -0.04278  7.06875e-01 |128  0.01694 -2.40428e-01 |129  0.04359  5.68819e-01
130  0.03733  3.68108e-01 |131  0.06411 -4.02639e-01 |132 -0.00790 -3.01825e-01
133  0.13205 -4.56053e-01 |134  0.02246 -1.57501e-01 |135 -0.02458  3.47426e-02
136 -0.04440  3.19434e-01 |137 -0.01561 -4.16799e-01 |138  0.08229 -1.04535e-01
139  0.03536 -2.72084e-02 |140  0.01986  1.31480e-01 |141 -0.02187 -5.56364e-01
142 -0.01242 -2.23013e-01 |143 -0.00093 -5.62755e-03 |144 -0.00031 -2.06501e-03
145  0.30347 -2.07602e+00 |146  0.21197 -2.61703e+00 |

Initial statistics: 176 variables; iteration 0; function evaluation 0; phase 3
Function value 2.4729686e+03; maximum gradient component mag -1.5344e+02
Var    Value     Gradient |Var    Value     Gradient |Var    Value     Gradient
  1 -0.43708  2.90547e+00 |  2  0.31942 -7.24280e+00 |  3 -0.15526 -3.39964e+00
  4  0.10019 -4.27153e+00 |  5 -0.84602 -7.23215e-02 |  6 -0.55652 -6.86835e-01
  7  0.34570  3.78762e-01 |  8 -0.19776 -1.71610e+00 |  9  0.10683 -1.76533e+00
 10 -0.76114  7.38549e-01 | 11 -0.59381  1.65428e-01 | 12 -0.10895 -8.88762e+00
 13 -0.00350 -3.27958e-02 | 14 -0.00348 -3.27080e-02 | 15 -0.00358 -3.40725e-02
 16 -0.00369 -3.54832e-02 | 17 -0.00380 -3.69392e-02 | 18 -0.00391 -3.84350e-02
 19 -0.00403 -3.99644e-02 | 20 -0.00415 -4.15202e-02 | 21 -0.00427 -4.30943e-02
 22 -0.00440 -4.46768e-02 | 23 -0.00453 -4.62568e-02 | 24 -0.00466 -4.78227e-02
 25 -0.00480 -4.93609e-02 | 26 -0.00494 -5.08567e-02 | 27 -0.00508 -5.22923e-02
 28 -0.00523 -5.36472e-02 | 29 -0.00539 -5.48979e-02 | 30 -0.00555 -5.60211e-02
 31 -0.00571 -5.69944e-02 | 32 -0.00587 -5.77934e-02 | 33 -0.00604 -5.83930e-02
 34 -0.00622 -5.87664e-02 | 35 -0.00640 -5.88853e-02 | 36 -0.00658 -5.87224e-02
 37 -0.00677 -5.82540e-02 | 38 -0.00696 -5.74636e-02 | 39 -0.00716 -5.63441e-02
 40 -0.00736 -5.48977e-02 | 41 -0.00756 -5.31389e-02 | 42 -0.00776 -5.10865e-02
 43 -0.00797 -4.87672e-02 | 44 -0.00818 -4.62191e-02 | 45 -0.00838 -4.34945e-02
 46 -0.00860 -4.06576e-02 | 47 -0.00881 -3.77775e-02 | 48 -0.00902 -3.49188e-02
 49 -0.00923 -3.21309e-02 | 50 -0.00943 -2.94524e-02 | 51 -0.00964 -2.69302e-02
 52 -0.00984 -2.46352e-02 | 53 -0.01003 -2.26548e-02 | 54 -0.01020 -2.10467e-02
 55 -0.01036 -1.98047e-02 | 56 -0.01050 -1.88999e-02 | 57 -0.01062 -1.83238e-02
 58 -0.01072 -1.80781e-02 | 59 -0.01079 -1.81938e-02 | 60 -0.01083 -1.87188e-02
 61 -0.01084 -1.97275e-02 | 62 -0.01082 -2.12709e-02 | 63 -0.01076 -2.34033e-02
 64 -0.01066 -2.61944e-02 | 65 -0.01052 -2.96728e-02 | 66 -0.01035 -3.39605e-02
 67 -0.01013 -3.90032e-02 | 68 -0.00987 -4.47047e-02 | 69 -0.00957 -5.09272e-02
 70 -0.00921 -5.74093e-02 | 71 -0.00880 -6.37989e-02 | 72 -0.00832 -6.96234e-02
 73 -0.00778 -7.44099e-02 | 74 -0.00715 -7.78039e-02 | 75 -0.00643 -7.97372e-02
 76 -0.00562 -8.06467e-02 | 77 -0.00470 -8.16592e-02 | 78 -0.00368 -8.44712e-02
 79 -0.00256 -9.09060e-02 | 80 -0.00134 -1.02219e-01 | 81 -0.00000 -1.18363e-01
 82  0.00144 -1.37526e-01 | 83  0.00302 -1.56163e-01 | 84  0.00475 -1.70163e-01
 85  0.00663 -1.77078e-01 | 86  0.00867 -1.77727e-01 | 87  0.01084 -1.75237e-01
 88  0.01313 -1.70424e-01 | 89  0.01553 -1.57667e-01 | 90  0.01793 -1.35508e-01
 91  0.01994 -1.23684e-01 | 92  0.02101 -1.38236e-01 | 93  0.02092 -1.67917e-01
 94  0.02035 -1.86880e-01 | 95  0.01977 -1.92546e-01 | 96  0.01583 -3.39011e-01
 97  0.01470 -3.13737e-01 | 98  0.01669 -1.73459e-01 | 99  0.02206 -2.22991e-01
100  0.02305 -1.49285e-01 |101  0.01947 -2.53234e-01 |102  0.01635 -8.60420e-02
103  0.00775  3.95911e-01 |104  0.00588 -4.81668e-01 |105  0.02933 -6.10834e-01
106  0.02936 -7.18427e-01 |107  0.00671  4.08427e-02 |108  0.02079 -2.38347e-02
109  0.11938 -2.77645e-02 |110  0.03857  1.90654e-01 |111 -0.00700  7.69839e-02
112  0.00400 -8.33183e-02 |113  0.02725  3.18078e-01 |114  0.03697 -1.07048e-02
115  0.00513  6.72468e-01 |116 -0.06416  3.02075e-01 |117 -0.08427 -3.65159e-01
118 -0.07152 -2.27117e-01 |119 -0.00888 -1.49102e-01 |120  0.06926  1.10069e-01
121  0.01486  1.07059e-01 |122  0.00358  7.40969e-01 |123 -0.02721 -1.10580e-01
124 -0.05947 -4.42469e-02 |125 -0.03542  7.98646e-02 |126 -0.03386  5.51396e-02
127 -0.04278  7.06875e-01 |128  0.01694 -2.40428e-01 |129  0.04359  5.68819e-01
130  0.03733  3.68108e-01 |131  0.06411 -4.02639e-01 |132 -0.00790 -3.01825e-01
133  0.13205 -4.56053e-01 |134  0.02246 -1.57501e-01 |135 -0.02458  3.47426e-02
136 -0.04440  3.19434e-01 |137 -0.01561 -4.16799e-01 |138  0.08229 -1.04535e-01
139  0.03536 -2.72084e-02 |140  0.01986  1.31480e-01 |141 -0.02187 -5.56364e-01
142 -0.01242 -2.23013e-01 |143 -0.00093 -5.62755e-03 |144 -0.00031 -2.06501e-03
145  0.30347 -2.07602e+00 |146  0.21197 -2.61703e+00 |147  0.04662 -2.01040e+01
148  0.29671 -4.89254e+01 |149 -0.47543  6.62768e-01 |150  0.31377 -4.84738e-01
151  0.18255 -1.35550e+01 |152  0.25986  6.87344e+00 |153  0.17459 -2.53004e+01
154  0.25418  5.42024e+00 |155  0.10351 -6.99076e+00 |156  0.29677 -3.01204e+00
157  0.16893 -2.24589e+01 |158  0.24623  1.80466e+01 |159 -0.35197  1.01161e+01
160  0.24281 -1.11051e+01 |161  0.20265  7.39037e+00 |162  0.31675 -3.15907e+01
163 -0.38040  5.83579e+00 |164  0.23607 -1.32396e+01 |165  0.05118 -5.93792e+00
166  0.11969 -2.15923e+01 |167  0.32140 -7.52617e+00 |168  0.27252 -2.09335e+00
169  0.01343  2.86988e+00 |170  0.39319 -1.72199e+01 |171  0.09932 -1.53436e+02
172  0.16368 -1.00619e+02 |173  0.21870  1.63214e+01 |174  0.25726 -2.75052e+01
175 -0.55411  9.93132e-01 |176  0.17113 -1.82696e+00 |

Intermediate statistics: 176 variables; iteration 20; function evaluation 23; phase 3
Function value 2.4711484e+03; maximum gradient component mag 2.1628e+02
Var    Value     Gradient |Var    Value     Gradient |Var    Value     Gradient
  1 -0.43595  2.26109e+00 |  2  0.32316  2.16279e+02 |  3 -0.15370  9.36156e+01
  4  0.09745  1.11549e+02 |  5 -0.86209 -2.22411e+00 |  6 -0.55097  9.68196e+00
  7  0.34701 -6.50738e+01 |  8 -0.19946 -5.14849e+01 |  9  0.10385 -4.48111e+01
 10 -0.78211 -1.02332e+00 | 11 -0.58598  4.37015e+01 | 12 -0.12651 -3.09053e+01
 13 -0.00348 -1.33461e-01 | 14 -0.00346 -1.32070e-01 | 15 -0.00356 -1.35668e-01
 16 -0.00366 -1.39354e-01 | 17 -0.00377 -1.43135e-01 | 18 -0.00388 -1.47009e-01
 19 -0.00399 -1.50977e-01 | 20 -0.00411 -1.55040e-01 | 21 -0.00423 -1.59199e-01
 22 -0.00436 -1.63455e-01 | 23 -0.00448 -1.67809e-01 | 24 -0.00461 -1.72262e-01
 25 -0.00475 -1.76813e-01 | 26 -0.00489 -1.81460e-01 | 27 -0.00503 -1.86202e-01
 28 -0.00518 -1.91035e-01 | 29 -0.00533 -1.95964e-01 | 30 -0.00549 -2.00990e-01
 31 -0.00565 -2.06116e-01 | 32 -0.00582 -2.11341e-01 | 33 -0.00599 -2.16662e-01
 34 -0.00617 -2.22074e-01 | 35 -0.00635 -2.27571e-01 | 36 -0.00654 -2.33151e-01
 37 -0.00674 -2.38811e-01 | 38 -0.00694 -2.44555e-01 | 39 -0.00714 -2.50388e-01
 40 -0.00735 -2.56295e-01 | 41 -0.00756 -2.62319e-01 | 42 -0.00777 -2.68451e-01
 43 -0.00799 -2.74690e-01 | 44 -0.00821 -2.81040e-01 | 45 -0.00843 -2.87500e-01
 46 -0.00866 -2.94071e-01 | 47 -0.00888 -3.00763e-01 | 48 -0.00911 -3.07574e-01
 49 -0.00933 -3.14507e-01 | 50 -0.00955 -3.21565e-01 | 51 -0.00977 -3.28759e-01
 52 -0.00998 -3.36107e-01 | 53 -0.01018 -3.43664e-01 | 54 -0.01036 -3.51469e-01
 55 -0.01053 -3.59522e-01 | 56 -0.01067 -3.67835e-01 | 57 -0.01079 -3.76440e-01
 58 -0.01089 -3.85339e-01 | 59 -0.01096 -3.94592e-01 | 60 -0.01100 -4.04222e-01
 61 -0.01100 -4.14287e-01 | 62 -0.01097 -4.24759e-01 | 63 -0.01090 -4.35654e-01
 64 -0.01079 -4.47028e-01 | 65 -0.01062 -4.58799e-01 | 66 -0.01043 -4.71370e-01
 67 -0.01018 -4.84651e-01 | 68 -0.00989 -4.98629e-01 | 69 -0.00955 -5.13434e-01
 70 -0.00916 -5.29095e-01 | 71 -0.00871 -5.45715e-01 | 72 -0.00820 -5.63329e-01
 73 -0.00762 -5.82098e-01 | 74 -0.00696 -6.02289e-01 | 75 -0.00622 -6.24226e-01
 76 -0.00539 -6.48284e-01 | 77 -0.00445 -6.75064e-01 | 78 -0.00341 -7.05220e-01
 79 -0.00226 -7.39307e-01 | 80 -0.00099 -7.77990e-01 | 81  0.00039 -8.21632e-01
 82  0.00189 -8.70591e-01 | 83  0.00351 -9.25113e-01 | 84  0.00523 -9.85468e-01
 85  0.00706 -1.05215e+00 | 86  0.00899 -1.12559e+00 | 87  0.01100 -1.20623e+00
 88  0.01307 -1.29331e+00 | 89  0.01517 -1.38649e+00 | 90  0.01717 -1.48353e+00
 91  0.01878 -1.58402e+00 | 92  0.01956 -1.68291e+00 | 93  0.01924 -1.77099e+00
 94  0.01839 -1.85230e+00 | 95  0.01744 -1.93822e+00 | 96  0.01386 -1.98557e+00
 97  0.01226 -2.05129e+00 | 98  0.01314 -2.11413e+00 | 99  0.01812 -2.27077e+00
100  0.01864 -2.29619e+00 |101  0.01575 -2.18248e+00 |102  0.01243 -2.00443e+00
103  0.00280 -1.68070e+00 |104  0.00451 -1.43041e+00 |105  0.02875 -1.27005e+00
106  0.03086 -1.16985e+00 |107  0.00586 -3.44220e-01 |108  0.02121  2.81417e-01
109  0.12189  1.39622e+00 |110  0.03936  1.46132e-01 |111 -0.00622  9.56473e-01
112  0.00444  1.42249e+00 |113  0.02705  2.09394e+00 |114  0.03907  3.60683e+00
115  0.00534  1.88654e+00 |116 -0.06234  1.63118e+00 |117 -0.08047  1.95049e+00
118 -0.06896  1.62238e+00 |119 -0.00676  2.24297e+00 |120  0.06933  1.24090e+00
121  0.01517  1.74957e-01 |122  0.00361  1.05558e+00 |123 -0.02494  6.05501e-01
124 -0.05817  2.64867e+00 |125 -0.03246  3.30029e-01 |126 -0.03154  2.97963e+00
127 -0.04229  1.30500e+00 |128  0.02168  2.49785e+00 |129  0.04617  3.38333e+00
130  0.03944  1.59279e+00 |131  0.06689  2.28478e+00 |132 -0.00579  7.79037e-01
133  0.13197  1.70761e+00 |134  0.02223 -1.99456e-01 |135 -0.02587 -6.16112e-02
136 -0.04565 -4.93853e-01 |137 -0.01475  3.03124e-01 |138  0.08200  4.32734e-01
139  0.03454 -7.20469e-01 |140  0.01867  2.10040e-01 |141 -0.02104  3.98621e-01
142 -0.01243  2.64549e-02 |143 -0.00107 -4.35556e-02 |144 -0.00034 -1.20546e-02
145  0.33273 -3.31954e+00 |146  0.23505 -5.90040e+00 |147  0.05791  1.31072e+01
148  0.29806 -8.58682e+01 |149 -0.47758 -2.46596e-01 |150  0.31459  8.33753e-02
151  0.19483 -2.92503e+01 |152  0.26479  5.06018e+01 |153  0.18826 -1.16990e+01
154  0.25869 -1.69145e+00 |155  0.13279 -1.04063e+00 |156  0.30600  6.68729e+00
157  0.18651 -2.46431e+01 |158  0.25460  3.85366e+01 |159 -0.36687  2.54625e+00
160  0.23759 -6.98128e+00 |161  0.22132  7.21225e+00 |162  0.32317 -1.65703e+01
163 -0.39142  3.40204e+00 |164  0.23230 -8.05762e+00 |165  0.05929 -3.47903e+00
166  0.12930 -1.93523e+01 |167  0.32314 -3.46892e+00 |168  0.27618  8.62553e+00
169  0.02395  3.03157e+00 |170  0.40555 -6.21007e+00 |171  0.10524 -1.52441e+02
172  0.17214 -7.60284e+01 |173  0.22331  6.88219e+01 |174  0.26036  9.64637e+00
175 -0.55429  1.23549e-01 |176  0.17176 -1.28760e+00 |
176 variables; iteration 40; function evaluation 47; phase 3
Function value 2.4697703e+03; maximum gradient component mag -6.2417e+01
Var    Value     Gradient |Var    Value     Gradient |Var    Value     Gradient
  1 -0.43593  9.23854e+00 |  2  0.32210  6.14420e+01 |  3 -0.15497  2.25652e+01
  4  0.09595  2.94125e+01 |  5 -0.87806 -1.63223e+00 |  6 -0.54852  3.90636e+00
  7  0.34570 -1.64334e+01 |  8 -0.20102 -2.10775e+01 |  9  0.10896 -8.27068e+00
 10 -0.76894  2.95402e+00 | 11 -0.58505  1.80033e+01 | 12 -0.13869 -2.91461e+01
 13 -0.00300 -2.95063e-02 | 14 -0.00298 -2.96586e-02 | 15 -0.00308 -3.16152e-02
 16 -0.00317 -3.36769e-02 | 17 -0.00327 -3.58599e-02 | 18 -0.00337 -3.81528e-02
 19 -0.00348 -4.05482e-02 | 20 -0.00359 -4.30434e-02 | 21 -0.00370 -4.56348e-02
 22 -0.00381 -4.83213e-02 | 23 -0.00393 -5.11035e-02 | 24 -0.00406 -5.39863e-02
 25 -0.00418 -5.69790e-02 | 26 -0.00432 -6.00914e-02 | 27 -0.00445 -6.33256e-02
 28 -0.00459 -6.66634e-02 | 29 -0.00474 -7.00678e-02 | 30 -0.00489 -7.35055e-02
 31 -0.00504 -7.69874e-02 | 32 -0.00520 -8.05360e-02 | 33 -0.00536 -8.41856e-02
 34 -0.00553 -8.79708e-02 | 35 -0.00570 -9.19147e-02 | 36 -0.00589 -9.60184e-02
 37 -0.00607 -1.00254e-01 | 38 -0.00627 -1.04582e-01 | 39 -0.00646 -1.08952e-01
 40 -0.00666 -1.13244e-01 | 41 -0.00686 -1.17616e-01 | 42 -0.00707 -1.22064e-01
 43 -0.00728 -1.26665e-01 | 44 -0.00749 -1.31514e-01 | 45 -0.00771 -1.36667e-01
 46 -0.00793 -1.42170e-01 | 47 -0.00815 -1.48113e-01 | 48 -0.00837 -1.54565e-01
 49 -0.00859 -1.61647e-01 | 50 -0.00881 -1.69503e-01 | 51 -0.00903 -1.78198e-01
 52 -0.00924 -1.87627e-01 | 53 -0.00945 -1.97665e-01 | 54 -0.00964 -2.08102e-01
 55 -0.00981 -2.18774e-01 | 56 -0.00996 -2.29776e-01 | 57 -0.01008 -2.41276e-01
 58 -0.01019 -2.53199e-01 | 59 -0.01026 -2.65660e-01 | 60 -0.01030 -2.78626e-01
 61 -0.01031 -2.92216e-01 | 62 -0.01028 -3.06270e-01 | 63 -0.01021 -3.20838e-01
 64 -0.01010 -3.36131e-01 | 65 -0.00993 -3.51923e-01 | 66 -0.00974 -3.69520e-01
 67 -0.00950 -3.88607e-01 | 68 -0.00922 -4.09148e-01 | 69 -0.00889 -4.31470e-01
 70 -0.00851 -4.55573e-01 | 71 -0.00807 -4.81560e-01 | 72 -0.00758 -5.09254e-01
 73 -0.00702 -5.38568e-01 | 74 -0.00638 -5.69390e-01 | 75 -0.00565 -6.01596e-01
 76 -0.00483 -6.35284e-01 | 77 -0.00391 -6.71190e-01 | 78 -0.00289 -7.10470e-01
 79 -0.00176 -7.54319e-01 | 80 -0.00051 -8.03294e-01 | 81  0.00085 -8.56389e-01
 82  0.00233 -9.10351e-01 | 83  0.00397 -9.59572e-01 | 84  0.00579 -9.97385e-01
 85  0.00781 -1.01886e+00 | 86  0.01001 -1.02444e+00 | 87  0.01237 -1.02007e+00
 88  0.01482 -1.01559e+00 | 89  0.01729 -1.01564e+00 | 90  0.01955 -1.03990e+00
 91  0.02112 -1.12183e+00 | 92  0.02141 -1.28524e+00 | 93  0.02019 -1.51574e+00
 94  0.01845 -1.73907e+00 | 95  0.01696 -1.89202e+00 | 96  0.01200 -2.17492e+00
 97  0.01073 -2.09911e+00 | 98  0.01269 -1.85064e+00 | 99  0.01844 -1.78026e+00
100  0.01903 -1.72201e+00 |101  0.01585 -1.65290e+00 |102  0.01349 -1.29867e+00
103  0.00458 -7.42089e-01 |104  0.00356 -1.10089e+00 |105  0.02916 -9.30878e-01
106  0.02957 -7.57853e-01 |107  0.00648  4.42272e-01 |108  0.02143  9.28572e-02
109  0.12248  6.79672e-01 |110  0.04121  7.64510e-01 |111 -0.00984 -7.22116e-01
112  0.00055 -1.01167e+00 |113  0.02301 -4.80677e-01 |114  0.04149  1.90606e+00
115  0.00060  4.11945e-02 |116 -0.06332  1.05910e+00 |117 -0.08247  8.58781e-01
118 -0.07152  9.74259e-01 |119 -0.00722  2.28133e+00 |120  0.07153  3.19785e+00
121  0.01142 -1.85390e-02 |122  0.00109  3.85036e-01 |123 -0.03050 -5.76770e-01
124 -0.06252  4.24479e-01 |125 -0.03241  1.90971e+00 |126 -0.03242  2.90849e+00
127 -0.04509  1.26130e+00 |128  0.01739  2.03927e+00 |129  0.04731  4.05701e+00
130  0.03665  1.70333e+00 |131  0.06605  2.05789e+00 |132 -0.00284  2.36109e+00
133  0.13302  3.24645e+00 |134  0.02228  7.78169e-01 |135 -0.02804 -4.50155e-01
136 -0.04695 -4.06616e-01 |137 -0.01624 -3.06275e-01 |138  0.08217  7.61772e-01
139  0.03494  4.93256e-01 |140  0.01524 -7.44259e-01 |141 -0.02448 -7.66414e-01
142 -0.01474 -5.72137e-01 |143 -0.00075  2.70493e-02 |144 -0.00019  1.97711e-02
145  0.35383 -1.88494e+00 |146  0.25519 -3.90712e+00 |147  0.06553 -2.98707e+00
148  0.30381 -1.58918e+01 |149 -0.47788 -5.03165e-01 |150  0.31603  2.70169e-01
151  0.19955 -1.35958e+01 |152  0.26418  1.73784e+01 |153  0.19797 -5.33978e+00
154  0.26371  3.69071e+00 |155  0.12746 -5.07127e+00 |156  0.30248  3.08318e+00
157  0.19168 -1.02682e+01 |158  0.25431  1.36793e+01 |159 -0.37191 -2.04696e-01
160  0.23670 -2.75039e+00 |161  0.22613  3.72626e+00 |162  0.32695 -2.24537e+00
163 -0.39823  2.03861e+00 |164  0.22977 -6.44073e+00 |165  0.06302 -4.27845e+00
166  0.13485 -8.38069e+00 |167  0.32533  2.65492e+00 |168  0.27772  3.42976e+00
169  0.02758  2.83188e+00 |170  0.41196 -2.75014e+00 |171  0.10912 -6.24171e+01
172  0.17744 -3.76861e+01 |173  0.22453  2.48364e+01 |174  0.26257  1.66486e+01
175 -0.57453 -2.00442e+00 |176  0.16488  2.67829e-01 |
176 variables; iteration 60; function evaluation 74; phase 3
Function value 2.4694273e+03; maximum gradient component mag -6.4096e+00
Var    Value     Gradient |Var    Value     Gradient |Var    Value     Gradient
  1 -0.43560  8.31678e-01 |  2  0.32112 -6.40960e+00 |  3 -0.15638 -1.21155e+00
  4  0.09733 -3.21303e+00 |  5 -0.87012  6.76276e-01 |  6 -0.54776  1.76058e+00
  7  0.34800 -1.19295e+00 |  8 -0.20023 -1.11455e+00 |  9  0.10441 -1.21709e+00
 10 -0.78640 -4.79253e-03 | 11 -0.58457  1.63081e+00 | 12 -0.13909 -1.87407e+00
 13 -0.00337 -3.23859e-02 | 14 -0.00334 -3.19303e-02 | 15 -0.00344 -3.25721e-02
 16 -0.00354 -3.32162e-02 | 17 -0.00364 -3.38602e-02 | 18 -0.00375 -3.45068e-02
 19 -0.00386 -3.51587e-02 | 20 -0.00397 -3.58181e-02 | 21 -0.00409 -3.64871e-02
 22 -0.00421 -3.71678e-02 | 23 -0.00433 -3.78615e-02 | 24 -0.00446 -3.85684e-02
 25 -0.00459 -3.92868e-02 | 26 -0.00472 -4.00147e-02 | 27 -0.00486 -4.07531e-02
 28 -0.00500 -4.15108e-02 | 29 -0.00515 -4.23048e-02 | 30 -0.00530 -4.31497e-02
 31 -0.00546 -4.40457e-02 | 32 -0.00562 -4.49870e-02 | 33 -0.00579 -4.59637e-02
 34 -0.00596 -4.69649e-02 | 35 -0.00614 -4.79837e-02 | 36 -0.00633 -4.90221e-02
 37 -0.00652 -5.00932e-02 | 38 -0.00672 -5.12166e-02 | 39 -0.00692 -5.24147e-02
 40 -0.00712 -5.37238e-02 | 41 -0.00733 -5.51019e-02 | 42 -0.00754 -5.65387e-02
 43 -0.00776 -5.79979e-02 | 44 -0.00798 -5.94381e-02 | 45 -0.00820 -6.08284e-02
 46 -0.00842 -6.21370e-02 | 47 -0.00864 -6.33131e-02 | 48 -0.00886 -6.43030e-02
 49 -0.00907 -6.50304e-02 | 50 -0.00929 -6.54212e-02 | 51 -0.00950 -6.54556e-02
 52 -0.00970 -6.52060e-02 | 53 -0.00989 -6.47657e-02 | 54 -0.01006 -6.42392e-02
 55 -0.01022 -6.36800e-02 | 56 -0.01035 -6.30456e-02 | 57 -0.01046 -6.23014e-02
 58 -0.01054 -6.15228e-02 | 59 -0.01059 -6.07117e-02 | 60 -0.01061 -5.99213e-02
 61 -0.01060 -5.91452e-02 | 62 -0.01055 -5.84667e-02 | 63 -0.01045 -5.78806e-02
 64 -0.01032 -5.73207e-02 | 65 -0.01013 -5.68685e-02 | 66 -0.00991 -5.61135e-02
 67 -0.00963 -5.51923e-02 | 68 -0.00931 -5.41518e-02 | 69 -0.00894 -5.29532e-02
 70 -0.00851 -5.16754e-02 | 71 -0.00802 -5.04024e-02 | 72 -0.00747 -4.93120e-02
 73 -0.00685 -4.85857e-02 | 74 -0.00615 -4.84119e-02 | 75 -0.00537 -4.89246e-02
 76 -0.00450 -5.00987e-02 | 77 -0.00352 -5.17285e-02 | 78 -0.00243 -5.35551e-02
 79 -0.00122 -5.54656e-02 | 80  0.00011 -5.77305e-02 | 81  0.00155 -6.09100e-02
 82  0.00312 -6.56583e-02 | 83  0.00480 -7.23440e-02 | 84  0.00658 -8.09063e-02
 85  0.00846 -9.11004e-02 | 86  0.01043 -1.02663e-01 | 87  0.01247 -1.14737e-01
 88  0.01458 -1.24166e-01 | 89  0.01673 -1.24197e-01 | 90  0.01883 -1.07585e-01
 91  0.02054 -8.43248e-02 | 92  0.02123 -9.23114e-02 | 93  0.02062 -1.32961e-01
 94  0.01954 -1.59105e-01 | 95  0.01846 -1.67182e-01 | 96  0.01480 -1.53089e-01
 97  0.01307 -1.65812e-01 | 98  0.01381 -1.69229e-01 | 99  0.01888 -1.53194e-01
100  0.01924 -1.36841e-01 |101  0.01624 -1.32514e-01 |102  0.01291 -1.13057e-01
103  0.00264 -1.48670e-01 |104  0.00547  2.31732e-01 |105  0.03054  4.48733e-01
106  0.03117  3.25265e-01 |107  0.00443 -7.80289e-02 |108  0.02232  3.69563e-01
109  0.12164  6.35198e-02 |110  0.03818 -4.28976e-02 |111 -0.00687 -1.97143e-02
112  0.00355 -4.06464e-02 |113  0.02679  2.40000e-01 |114  0.03850  2.29724e-01
115  0.00315 -1.55451e-01 |116 -0.06472 -1.27132e-01 |117 -0.08220  2.32534e-02
118 -0.07026  1.34133e-01 |119 -0.00684  1.77263e-01 |120  0.07000  5.77479e-01
121  0.01471  5.46904e-01 |122  0.00162  2.30304e-01 |123 -0.02742 -1.14634e-01
124 -0.05983  1.11779e-01 |125 -0.03600  1.40597e-01 |126 -0.03449  3.26906e-01
127 -0.04540 -5.59452e-02 |128  0.01698 -5.91733e-03 |129  0.04160 -5.62250e-02
130  0.03684  3.22255e-01 |131  0.06315 -1.14486e-01 |132 -0.00804  9.25832e-02
133  0.12963  6.09109e-01 |134  0.02034  9.90782e-02 |135 -0.02672  2.52571e-02
136 -0.04739 -1.30403e-01 |137 -0.01544 -6.64957e-02 |138  0.07998  6.95201e-02
139  0.03223 -1.06673e-02 |140  0.01763 -1.15227e-02 |141 -0.02090  1.15975e-01
142 -0.01224  1.27554e-01 |143 -0.00103 -7.55266e-03 |144 -0.00032 -4.74486e-03
145  0.35454 -5.12200e-01 |146  0.25310 -7.74769e-01 |147  0.06869 -1.64930e+00
148  0.30625  9.33228e-01 |149 -0.47938 -3.12979e-01 |150  0.31282 -2.83724e-02
151  0.20281  2.47750e-01 |152  0.26526 -1.44748e-01 |153  0.20131  1.64647e-01
154  0.26518  8.49021e-01 |155  0.13499 -2.45859e-01 |156  0.30520  3.00573e-01
157  0.19646 -2.33939e-01 |158  0.25567  1.11584e-01 |159 -0.36900  9.30637e-02
160  0.23817 -1.21045e-02 |161  0.22144  4.65358e-02 |162  0.32598 -1.18327e-01
163 -0.39819 -8.71055e-02 |164  0.23094 -3.85023e-01 |165  0.06522 -5.23814e-01
166  0.13813 -1.11551e+00 |167  0.32551 -1.20430e-01 |168  0.27894  3.74412e-01
169  0.02750  4.26801e-01 |170  0.41564 -6.36586e-01 |171  0.11145 -4.63181e+00
172  0.18029 -5.09820e+00 |173  0.22562  9.28667e-01 |174  0.26376  2.25610e+00
175 -0.56067  2.73268e-01 |176  0.16983 -4.66981e-01 |

 - final statistics:
176 variables; iteration 71; function evaluation 91
Function value 2.4694e+03; maximum gradient component mag -6.1469e-01
Exit code = 1;  converg criter 1.0000e+00
Var    Value     Gradient |Var    Value     Gradient |Var    Value     Gradient
  1 -0.43558  3.12524e-01 |  2  0.32116 -6.02511e-01 |  3 -0.15661 -5.45126e-01
  4  0.09750 -4.18389e-01 |  5 -0.87586  3.98420e-02 |  6 -0.54737  1.58053e-01
  7  0.34794 -1.75898e-01 |  8 -0.20036 -3.87054e-01 |  9  0.10465 -1.62331e-01
 10 -0.78707  5.72980e-02 | 11 -0.58440  5.59700e-02 | 12 -0.14101 -6.14688e-01
 13 -0.00325 -3.11920e-03 | 14 -0.00323 -3.07760e-03 | 15 -0.00332 -3.16522e-03
 16 -0.00342 -3.25345e-03 | 17 -0.00352 -3.34192e-03 | 18 -0.00363 -3.43070e-03
 19 -0.00373 -3.51989e-03 | 20 -0.00384 -3.60958e-03 | 21 -0.00396 -3.69989e-03
 22 -0.00407 -3.79098e-03 | 23 -0.00419 -3.88298e-03 | 24 -0.00432 -3.97585e-03
 25 -0.00445 -4.06941e-03 | 26 -0.00458 -4.16336e-03 | 27 -0.00472 -4.25779e-03
 28 -0.00486 -4.35386e-03 | 29 -0.00500 -4.45400e-03 | 30 -0.00515 -4.56069e-03
 31 -0.00531 -4.67442e-03 | 32 -0.00546 -4.79485e-03 | 33 -0.00563 -4.92092e-03
 34 -0.00580 -5.05124e-03 | 35 -0.00598 -5.18493e-03 | 36 -0.00616 -5.32245e-03
 37 -0.00635 -5.46626e-03 | 38 -0.00654 -5.62010e-03 | 39 -0.00674 -5.78858e-03
 40 -0.00694 -5.97992e-03 | 41 -0.00714 -6.18700e-03 | 42 -0.00735 -6.40978e-03
 43 -0.00756 -6.64336e-03 | 44 -0.00777 -6.88178e-03 | 45 -0.00799 -7.12162e-03
 46 -0.00821 -7.35995e-03 | 47 -0.00842 -7.59090e-03 | 48 -0.00864 -7.80935e-03
 49 -0.00886 -8.00678e-03 | 50 -0.00907 -8.17575e-03 | 51 -0.00928 -8.31959e-03
 52 -0.00948 -8.45927e-03 | 53 -0.00968 -8.61909e-03 | 54 -0.00985 -8.82654e-03
 55 -0.01001 -9.10124e-03 | 56 -0.01015 -9.44581e-03 | 57 -0.01026 -9.86386e-03
 58 -0.01034 -1.03777e-02 | 59 -0.01040 -1.09942e-02 | 60 -0.01043 -1.17278e-02
 61 -0.01042 -1.25805e-02 | 62 -0.01038 -1.35665e-02 | 63 -0.01029 -1.46823e-02
 64 -0.01016 -1.59124e-02 | 65 -0.00997 -1.72563e-02 | 66 -0.00976 -1.86482e-02
 67 -0.00949 -2.00905e-02 | 68 -0.00918 -2.15673e-02 | 69 -0.00881 -2.30524e-02
 70 -0.00839 -2.45296e-02 | 71 -0.00791 -2.59859e-02 | 72 -0.00737 -2.74147e-02
 73 -0.00676 -2.88124e-02 | 74 -0.00606 -3.01695e-02 | 75 -0.00528 -3.14476e-02
 76 -0.00440 -3.25647e-02 | 77 -0.00342 -3.34311e-02 | 78 -0.00232 -3.40018e-02
 79 -0.00111 -3.43360e-02 | 80  0.00022 -3.46063e-02 | 81  0.00168 -3.49642e-02
 82  0.00326 -3.54575e-02 | 83  0.00496 -3.61313e-02 | 84  0.00677 -3.73344e-02
 85  0.00868 -3.96199e-02 | 86  0.01068 -4.25749e-02 | 87  0.01277 -4.38872e-02
 88  0.01491 -4.12448e-02 | 89  0.01707 -3.68738e-02 | 90  0.01907 -3.79756e-02
 91  0.02060 -4.50591e-02 | 92  0.02132 -4.22561e-02 | 93  0.02095 -2.78041e-02
 94  0.02001 -2.02710e-02 | 95  0.01895 -1.86560e-02 | 96  0.01521 -1.30603e-02
 97  0.01354 -2.97388e-03 | 98  0.01424 -4.20099e-03 | 99  0.01924 -4.87986e-03
100  0.01954 -4.35022e-03 |101  0.01653 -1.27352e-02 |102  0.01322 -1.27198e-02
103  0.00320 -4.57737e-03 |104  0.00470  2.82222e-02 |105  0.02899 -2.61720e-02
106  0.03024 -1.89438e-02 |107  0.00471  4.15750e-02 |108  0.02111  4.06493e-02
109  0.12153 -5.37255e-03 |110  0.03802 -3.30006e-02 |111 -0.00698  3.82265e-02
112  0.00352  2.50833e-02 |113  0.02605  2.15906e-02 |114  0.03774  2.41467e-02
115  0.00326  2.35078e-02 |116 -0.06462  5.53458e-02 |117 -0.08231  1.01507e-01
118 -0.07061  8.47908e-02 |119 -0.00734 -4.25321e-02 |120  0.06903  5.70617e-02
121  0.01371  8.65945e-02 |122  0.00078 -3.55250e-02 |123 -0.02713  1.68770e-01
124 -0.06054  2.78202e-03 |125 -0.03638  4.36339e-02 |126 -0.03591 -6.93300e-02
127 -0.04543  1.55658e-02 |128  0.01654  5.86485e-02 |129  0.04136  1.08084e-02
130  0.03590  4.35301e-02 |131  0.06276 -2.75216e-02 |132 -0.00858 -3.83830e-02
133  0.12823 -1.49181e-02 |134  0.02007  8.01527e-02 |135 -0.02680  7.49420e-02
136 -0.04711  2.73771e-02 |137 -0.01531  3.62464e-02 |138  0.07938 -1.31724e-02
139  0.03209 -2.93848e-02 |140  0.01758  2.73413e-02 |141 -0.02123  3.38226e-02
142 -0.01270  2.19668e-02 |143 -0.00102  5.33138e-05 |144 -0.00031 -3.87590e-05
145  0.35799 -1.18983e-01 |146  0.25633 -6.44087e-02 |147  0.06941 -3.09826e-01
148  0.30644  4.13904e-01 |149 -0.47794 -5.30987e-02 |150  0.31461  1.45625e-02
151  0.20303 -7.73578e-02 |152  0.26523  1.54368e-01 |153  0.20122 -1.26009e-02
154  0.26492  8.86829e-02 |155  0.13574 -8.77117e-02 |156  0.30533  1.24941e-01
157  0.19720 -5.44643e-02 |158  0.25591  1.07054e-01 |159 -0.36953 -2.95507e-02
160  0.23802  5.75191e-03 |161  0.22187 -1.92232e-02 |162  0.32607  4.64843e-02
163 -0.39747 -4.47721e-03 |164  0.23125  5.81489e-02 |165  0.06598 -1.17859e-02
166  0.13889 -1.07439e-01 |167  0.32570  5.67254e-02 |168  0.27921  8.80953e-02
169  0.02771 -3.60728e-02 |170  0.41695 -9.58986e-02 |171  0.11182 -2.56109e-01
172  0.18089 -4.76313e-01 |173  0.22581  1.26321e-01 |174  0.26394  4.36242e-01
175 -0.56395 -1.19223e-02 |176  0.16905 -5.72892e-03 |

Initial statistics: 200 variables; iteration 0; function evaluation 0; phase 4
Function value 2.4694171e+03; maximum gradient component mag -1.8204e+02
Var    Value     Gradient |Var    Value     Gradient |Var    Value     Gradient
  1 -0.43558  3.12524e-01 |  2  0.32116 -6.02511e-01 |  3 -0.15661 -5.45126e-01
  4  0.09750 -4.18389e-01 |  5 -0.87586  3.98420e-02 |  6 -0.54737  1.58053e-01
  7  0.34794 -1.75898e-01 |  8 -0.20036 -3.87054e-01 |  9  0.10465 -1.62331e-01
 10 -0.78707  5.72980e-02 | 11 -0.58440  5.59700e-02 | 12 -0.14101 -6.14688e-01
 13 -0.00325 -3.11920e-03 | 14 -0.00323 -3.07760e-03 | 15 -0.00332 -3.16522e-03
 16 -0.00342 -3.25345e-03 | 17 -0.00352 -3.34192e-03 | 18 -0.00363 -3.43070e-03
 19 -0.00373 -3.51989e-03 | 20 -0.00384 -3.60958e-03 | 21 -0.00396 -3.69989e-03
 22 -0.00407 -3.79098e-03 | 23 -0.00419 -3.88298e-03 | 24 -0.00432 -3.97585e-03
 25 -0.00445 -4.06941e-03 | 26 -0.00458 -4.16336e-03 | 27 -0.00472 -4.25779e-03
 28 -0.00486 -4.35386e-03 | 29 -0.00500 -4.45400e-03 | 30 -0.00515 -4.56069e-03
 31 -0.00531 -4.67442e-03 | 32 -0.00546 -4.79485e-03 | 33 -0.00563 -4.92092e-03
 34 -0.00580 -5.05124e-03 | 35 -0.00598 -5.18493e-03 | 36 -0.00616 -5.32245e-03
 37 -0.00635 -5.46626e-03 | 38 -0.00654 -5.62010e-03 | 39 -0.00674 -5.78858e-03
 40 -0.00694 -5.97992e-03 | 41 -0.00714 -6.18700e-03 | 42 -0.00735 -6.40978e-03
 43 -0.00756 -6.64336e-03 | 44 -0.00777 -6.88178e-03 | 45 -0.00799 -7.12162e-03
 46 -0.00821 -7.35995e-03 | 47 -0.00842 -7.59090e-03 | 48 -0.00864 -7.80935e-03
 49 -0.00886 -8.00678e-03 | 50 -0.00907 -8.17575e-03 | 51 -0.00928 -8.31959e-03
 52 -0.00948 -8.45927e-03 | 53 -0.00968 -8.61909e-03 | 54 -0.00985 -8.82654e-03
 55 -0.01001 -9.10124e-03 | 56 -0.01015 -9.44581e-03 | 57 -0.01026 -9.86386e-03
 58 -0.01034 -1.03777e-02 | 59 -0.01040 -1.09942e-02 | 60 -0.01043 -1.17278e-02
 61 -0.01042 -1.25805e-02 | 62 -0.01038 -1.35665e-02 | 63 -0.01029 -1.46823e-02
 64 -0.01016 -1.59124e-02 | 65 -0.00997 -1.72563e-02 | 66 -0.00976 -1.86482e-02
 67 -0.00949 -2.00905e-02 | 68 -0.00918 -2.15673e-02 | 69 -0.00881 -2.30524e-02
 70 -0.00839 -2.45296e-02 | 71 -0.00791 -2.59859e-02 | 72 -0.00737 -2.74147e-02
 73 -0.00676 -2.88124e-02 | 74 -0.00606 -3.01695e-02 | 75 -0.00528 -3.14476e-02
 76 -0.00440 -3.25647e-02 | 77 -0.00342 -3.34311e-02 | 78 -0.00232 -3.40018e-02
 79 -0.00111 -3.43360e-02 | 80  0.00022 -3.46063e-02 | 81  0.00168 -3.49642e-02
 82  0.00326 -3.54575e-02 | 83  0.00496 -3.61313e-02 | 84  0.00677 -3.73344e-02
 85  0.00868 -3.96199e-02 | 86  0.01068 -4.25749e-02 | 87  0.01277 -4.38872e-02
 88  0.01491 -4.12448e-02 | 89  0.01707 -3.68738e-02 | 90  0.01907 -3.79756e-02
 91  0.02060 -4.50591e-02 | 92  0.02132 -4.22561e-02 | 93  0.02095 -2.78041e-02
 94  0.02001 -2.02710e-02 | 95  0.01895 -1.86560e-02 | 96  0.01521 -1.30603e-02
 97  0.01354 -2.97388e-03 | 98  0.01424 -4.20099e-03 | 99  0.01924 -4.87986e-03
100  0.01954 -4.35022e-03 |101  0.01653 -1.27352e-02 |102  0.01322 -1.27198e-02
103  0.00320 -4.57737e-03 |104  0.00470  2.82222e-02 |105  0.02899 -2.61720e-02
106  0.03024 -1.89438e-02 |107  0.00471  4.15750e-02 |108  0.02111  4.06493e-02
109  0.12153 -5.37255e-03 |110  0.03802 -3.30006e-02 |111 -0.00698  3.82265e-02
112  0.00352  2.50833e-02 |113  0.02605  2.15906e-02 |114  0.03774  2.41467e-02
115  0.00326  2.35078e-02 |116 -0.06462  5.53458e-02 |117 -0.08231  1.01507e-01
118 -0.07061  8.47908e-02 |119 -0.00734 -4.25321e-02 |120  0.06903  5.70617e-02
121  0.01371  8.65945e-02 |122  0.00078 -3.55250e-02 |123 -0.02713  1.68770e-01
124 -0.06054  2.78202e-03 |125 -0.03638  4.36339e-02 |126 -0.03591 -6.93300e-02
127 -0.04543  1.55658e-02 |128  0.01654  5.86485e-02 |129  0.04136  1.08084e-02
130  0.03590  4.35301e-02 |131  0.06276 -2.75216e-02 |132 -0.00858 -3.83830e-02
133  0.12823 -1.49181e-02 |134  0.02007  8.01527e-02 |135 -0.02680  7.49420e-02
136 -0.04711  2.73771e-02 |137 -0.01531  3.62464e-02 |138  0.07938 -1.31724e-02
139  0.03209 -2.93848e-02 |140  0.01758  2.73413e-02 |141 -0.02123  3.38226e-02
142 -0.01270  2.19668e-02 |143 -0.00102  5.33138e-05 |144 -0.00031 -3.87590e-05
145  0.35799 -1.18983e-01 |146  0.25633 -6.44087e-02 |147  0.06941 -3.09826e-01
148  0.30644  4.13904e-01 |149  0.01638 -1.87852e+01 |150 -0.11477 -2.27452e+01
151 -0.47794 -5.30987e-02 |152  0.31461  1.45625e-02 |153  0.04878  1.97862e+00
154 -0.23502  1.93374e+00 |155  0.20303 -7.73578e-02 |156  0.26523  1.54368e-01
157  0.20122 -1.26009e-02 |158  0.26492  8.86829e-02 |159  0.00587  3.06354e+00
160 -0.09827 -1.95038e+01 |161  0.13574 -8.77117e-02 |162  0.30533  1.24941e-01
163  0.19720 -5.44643e-02 |164  0.25591  1.07054e-01 |165 -0.36953 -2.95507e-02
166  0.23802  5.75191e-03 |167  0.05275  1.53657e+00 |168 -0.18762 -4.19236e+00
169  0.22187 -1.92232e-02 |170  0.32607  4.64843e-02 |171  0.07774 -3.15806e+01
172 -0.53183 -5.81335e-03 |173 -0.39747 -4.47721e-03 |174  0.23125  5.81489e-02
175  0.07820  6.96959e+00 |176 -0.12196  2.89461e+01 |177  0.06598 -1.17859e-02
178  0.13889 -1.07439e-01 |179  0.32570  5.67254e-02 |180  0.27921  8.80953e-02
181  0.00546 -2.44542e+00 |182  0.00907 -2.04662e+01 |183 -0.15012 -3.23254e+01
184 -0.12571 -7.56967e+01 |185  0.02771 -3.60728e-02 |186  0.41695 -9.58986e-02
187  0.01863 -4.56367e+00 |188 -0.15435 -1.33972e+01 |189  0.11182 -2.56109e-01
190  0.18089 -4.76313e-01 |191  0.22581  1.26321e-01 |192  0.26394  4.36242e-01
193  0.02453 -1.11543e+02 |194 -0.00648 -4.45082e+01 |195 -0.17628 -9.87754e+01
196 -0.11429 -1.82041e+02 |197 -0.56395 -1.19223e-02 |198  0.16905 -5.72892e-03
199  0.09511  6.01956e+00 |200 -0.25343 -1.28899e-01 |

Intermediate statistics: 200 variables; iteration 20; function evaluation 23; phase 4
Function value 2.4671138e+03; maximum gradient component mag -1.9805e+02
Var    Value     Gradient |Var    Value     Gradient |Var    Value     Gradient
  1 -0.43493  1.22241e+01 |  2  0.31874 -6.81649e+01 |  3 -0.16904 -6.22208e+01
  4  0.10948 -3.87802e+01 |  5 -0.88686  1.01533e+00 |  6 -0.54383 -4.63902e+00
  7  0.34440 -1.84059e-01 |  8 -0.21074 -4.40460e+01 |  9  0.11986 -1.05905e+00
 10 -0.79273 -1.58751e+00 | 11 -0.58326 -1.78902e+01 | 12 -0.15599 -1.58466e+01
 13 -0.00323 -1.92132e-01 | 14 -0.00321 -1.90454e-01 | 15 -0.00330 -1.95725e-01
 16 -0.00340 -2.01130e-01 | 17 -0.00350 -2.06683e-01 | 18 -0.00360 -2.12378e-01
 19 -0.00371 -2.18213e-01 | 20 -0.00382 -2.24191e-01 | 21 -0.00394 -2.30313e-01
 22 -0.00405 -2.36583e-01 | 23 -0.00417 -2.43006e-01 | 24 -0.00430 -2.49584e-01
 25 -0.00443 -2.56325e-01 | 26 -0.00456 -2.63233e-01 | 27 -0.00470 -2.70311e-01
 28 -0.00484 -2.77559e-01 | 29 -0.00498 -2.84968e-01 | 30 -0.00513 -2.92533e-01
 31 -0.00529 -3.00263e-01 | 32 -0.00545 -3.08168e-01 | 33 -0.00561 -3.16265e-01
 34 -0.00579 -3.24570e-01 | 35 -0.00596 -3.33094e-01 | 36 -0.00615 -3.41840e-01
 37 -0.00634 -3.50800e-01 | 38 -0.00653 -3.59964e-01 | 39 -0.00673 -3.69312e-01
 40 -0.00694 -3.78767e-01 | 41 -0.00714 -3.88435e-01 | 42 -0.00735 -3.98289e-01
 43 -0.00757 -4.08348e-01 | 44 -0.00778 -4.18643e-01 | 45 -0.00800 -4.29185e-01
 46 -0.00822 -4.39975e-01 | 47 -0.00845 -4.51047e-01 | 48 -0.00867 -4.62416e-01
 49 -0.00889 -4.74140e-01 | 50 -0.00911 -4.86303e-01 | 51 -0.00933 -4.98969e-01
 52 -0.00954 -5.12123e-01 | 53 -0.00975 -5.25769e-01 | 54 -0.00993 -5.39847e-01
 55 -0.01010 -5.54299e-01 | 56 -0.01025 -5.69207e-01 | 57 -0.01037 -5.84715e-01
 58 -0.01047 -6.00809e-01 | 59 -0.01054 -6.17614e-01 | 60 -0.01058 -6.35133e-01
 61 -0.01058 -6.53468e-01 | 62 -0.01055 -6.72477e-01 | 63 -0.01047 -6.92157e-01
 64 -0.01035 -7.12611e-01 | 65 -0.01018 -7.33509e-01 | 66 -0.00998 -7.55940e-01
 67 -0.00973 -7.79522e-01 | 68 -0.00943 -8.04104e-01 | 69 -0.00909 -8.29921e-01
 70 -0.00869 -8.56901e-01 | 71 -0.00824 -8.85160e-01 | 72 -0.00772 -9.14579e-01
 73 -0.00714 -9.45299e-01 | 74 -0.00648 -9.77592e-01 | 75 -0.00575 -1.01166e+00
 76 -0.00492 -1.04759e+00 | 77 -0.00400 -1.08580e+00 | 78 -0.00297 -1.12660e+00
 79 -0.00184 -1.16995e+00 | 80 -0.00059 -1.21602e+00 | 81  0.00077 -1.26435e+00
 82  0.00224 -1.31451e+00 | 83  0.00383 -1.36592e+00 | 84  0.00552 -1.41792e+00
 85  0.00731 -1.46999e+00 | 86  0.00919 -1.52116e+00 | 87  0.01115 -1.57049e+00
 88  0.01316 -1.61548e+00 | 89  0.01520 -1.65562e+00 | 90  0.01713 -1.68766e+00
 91  0.01872 -1.70980e+00 | 92  0.01956 -1.71296e+00 | 93  0.01940 -1.68633e+00
 94  0.01880 -1.62785e+00 | 95  0.01821 -1.53319e+00 | 96  0.01502 -1.35201e+00
 97  0.01380 -1.14919e+00 | 98  0.01501 -9.48729e-01 | 99  0.02065 -7.36785e-01
100  0.02181 -4.42801e-01 |101  0.01957 -8.87287e-02 |102  0.01694  3.34682e-01
103  0.00727  7.60946e-01 |104  0.00917  1.13734e+00 |105  0.03520  1.95249e+00
106  0.03695  2.78591e+00 |107  0.00994  2.53092e+00 |108  0.02563  3.36241e+00
109  0.12772  7.94214e+00 |110  0.03973  4.83562e+00 |111 -0.00537  3.52737e+00
112  0.00482  3.97570e+00 |113  0.02630  4.68900e+00 |114  0.03815  4.90251e+00
115  0.00502  4.24628e+00 |116 -0.06305  2.65792e+00 |117 -0.08093  2.12287e+00
118 -0.06948  2.00210e+00 |119 -0.00651  2.56504e+00 |120  0.06938  4.56783e+00
121  0.01483  3.17733e+00 |122 -0.00008  2.36816e+00 |123 -0.02982  1.03627e+00
124 -0.06331 -2.74532e-01 |125 -0.03946  5.46840e-01 |126 -0.03949 -7.29550e-01
127 -0.04899 -5.92694e-01 |128  0.01427 -1.18109e+00 |129  0.03881 -1.23630e+00
130  0.03495 -1.16105e+00 |131  0.06265 -1.02015e+00 |132 -0.00868 -3.64121e-01
133  0.12698 -1.83112e+00 |134  0.01926 -4.96610e-01 |135 -0.02791 -3.95982e-01
136 -0.04744 -6.77679e-02 |137 -0.01691 -2.45371e-01 |138  0.07657 -4.44956e-01
139  0.02958 -1.81497e-01 |140  0.01565 -3.57922e-01 |141 -0.02284 -3.03338e-01
142 -0.01288 -2.24721e-01 |143 -0.00099 -5.91431e-03 |144 -0.00030  1.09888e-03
145  0.37978  5.53571e+00 |146  0.27401 -1.08850e+00 |147  0.06647  4.56738e+00
148  0.30440 -1.63711e+01 |149  0.02286 -1.55077e+00 |150 -0.10706 -2.83274e+00
151 -0.47387 -2.26352e-01 |152  0.31346 -9.23911e-02 |153  0.04627  3.15668e-01
154 -0.23928 -5.38968e-01 |155  0.21080  1.37099e+01 |156  0.26522 -3.04759e+01
157  0.21046  2.84359e+00 |158  0.26866 -5.16746e-01 |159 -0.00883  1.53884e+00
160 -0.08461  2.24453e+00 |161  0.15757  2.42879e+00 |162  0.31022 -2.73889e+00
163  0.21323  7.05267e+00 |164  0.26046 -8.25627e+00 |165 -0.36854 -6.97347e-02
166  0.23954  2.90650e+00 |167  0.05147  5.12971e+00 |168 -0.18455  1.91444e+01
169  0.19739 -5.25680e-01 |170  0.32235  9.00266e-01 |171  0.08355 -1.89423e+01
172 -0.53181 -3.44726e-03 |173 -0.38766  6.84552e-01 |174  0.23288 -4.34678e+00
175  0.07194 -5.24962e-01 |176 -0.12246  1.70369e+01 |177  0.06901  4.95901e-01
178  0.13702 -9.83928e+00 |179  0.32877 -3.32832e-01 |180  0.27885  6.62752e+00
181 -0.00132  1.33071e+00 |182  0.00442 -1.21911e+01 |183 -0.12899 -5.11553e+00
184 -0.11221 -3.22341e+01 |185  0.02529  9.78763e-01 |186  0.42300 -4.19263e-02
187  0.01965  2.06376e+00 |188 -0.13672  2.25691e+00 |189  0.10985 -1.16393e+01
190  0.18492 -2.95312e+01 |191  0.22236 -3.85874e+01 |192  0.26472  3.48621e+00
193  0.02575 -1.03536e+02 |194 -0.01786 -4.69260e+01 |195 -0.16867 -7.59149e+01
196 -0.10744 -1.98049e+02 |197 -0.56025 -2.88010e-01 |198  0.16935 -8.06892e-01
199  0.09320 -2.02884e+00 |200 -0.24739  8.09113e-02 |
200 variables; iteration 40; function evaluation 46; phase 4
Function value 2.4669561e+03; maximum gradient component mag -1.9397e+02
Var    Value     Gradient |Var    Value     Gradient |Var    Value     Gradient
  1 -0.43493  1.14225e+01 |  2  0.31902 -6.53499e+01 |  3 -0.16969 -6.13863e+01
  4  0.10927 -3.89685e+01 |  5 -0.90579 -2.62751e-01 |  6 -0.54232  1.47593e+00
  7  0.34480 -9.57190e-02 |  8 -0.21111 -4.44167e+01 |  9  0.11928 -2.58116e+00
 10 -0.79334 -7.89101e-01 | 11 -0.58232 -9.22415e+00 | 12 -0.15685 -1.07316e+01
 13 -0.00315 -1.51632e-01 | 14 -0.00313 -1.50427e-01 | 15 -0.00322 -1.54590e-01
 16 -0.00332 -1.58860e-01 | 17 -0.00342 -1.63245e-01 | 18 -0.00352 -1.67743e-01
 19 -0.00363 -1.72350e-01 | 20 -0.00373 -1.77070e-01 | 21 -0.00385 -1.81903e-01
 22 -0.00396 -1.86852e-01 | 23 -0.00408 -1.91920e-01 | 24 -0.00420 -1.97111e-01
 25 -0.00433 -2.02429e-01 | 26 -0.00446 -2.07879e-01 | 27 -0.00459 -2.13463e-01
 28 -0.00473 -2.19181e-01 | 29 -0.00487 -2.25024e-01 | 30 -0.00502 -2.30987e-01
 31 -0.00517 -2.37076e-01 | 32 -0.00533 -2.43300e-01 | 33 -0.00549 -2.49675e-01
 34 -0.00566 -2.56213e-01 | 35 -0.00584 -2.62925e-01 | 36 -0.00602 -2.69813e-01
 37 -0.00621 -2.76869e-01 | 38 -0.00640 -2.84084e-01 | 39 -0.00660 -2.91439e-01
 40 -0.00680 -2.98871e-01 | 41 -0.00700 -3.06459e-01 | 42 -0.00721 -3.14181e-01
 43 -0.00742 -3.22054e-01 | 44 -0.00763 -3.30102e-01 | 45 -0.00785 -3.38332e-01
 46 -0.00807 -3.46746e-01 | 47 -0.00828 -3.55369e-01 | 48 -0.00850 -3.64216e-01
 49 -0.00872 -3.73336e-01 | 50 -0.00894 -3.82801e-01 | 51 -0.00916 -3.92662e-01
 52 -0.00937 -4.02906e-01 | 53 -0.00957 -4.13525e-01 | 54 -0.00975 -4.24465e-01
 55 -0.00992 -4.35682e-01 | 56 -0.01006 -4.47250e-01 | 57 -0.01018 -4.59287e-01
 58 -0.01027 -4.71794e-01 | 59 -0.01034 -4.84872e-01 | 60 -0.01038 -4.98529e-01
 61 -0.01038 -5.12841e-01 | 62 -0.01034 -5.27708e-01 | 63 -0.01026 -5.43133e-01
 64 -0.01014 -5.59197e-01 | 65 -0.00997 -5.75669e-01 | 66 -0.00976 -5.93356e-01
 67 -0.00951 -6.11988e-01 | 68 -0.00921 -6.31462e-01 | 69 -0.00887 -6.51955e-01
 70 -0.00847 -6.73416e-01 | 71 -0.00801 -6.95923e-01 | 72 -0.00750 -7.19372e-01
 73 -0.00691 -7.43831e-01 | 74 -0.00626 -7.69457e-01 | 75 -0.00552 -7.96351e-01
 76 -0.00469 -8.24534e-01 | 77 -0.00376 -8.54272e-01 | 78 -0.00273 -8.85737e-01
 79 -0.00160 -9.18798e-01 | 80 -0.00034 -9.53452e-01 | 81  0.00102 -9.89181e-01
 82  0.00250 -1.02551e+00 | 83  0.00410 -1.06185e+00 | 84  0.00581 -1.09762e+00
 85  0.00762 -1.13237e+00 | 86  0.00952 -1.16527e+00 | 87  0.01151 -1.19533e+00
 88  0.01355 -1.22060e+00 | 89  0.01564 -1.24077e+00 | 90  0.01762 -1.25455e+00
 91  0.01925 -1.26098e+00 | 92  0.02012 -1.25359e+00 | 93  0.01995 -1.22808e+00
 94  0.01927 -1.18677e+00 | 95  0.01849 -1.12861e+00 | 96  0.01490 -1.02817e+00
 97  0.01337 -9.00384e-01 | 98  0.01442 -7.55216e-01 | 99  0.01996 -5.75558e-01
100  0.02124 -3.11843e-01 |101  0.01935  2.41239e-02 |102  0.01687  3.96999e-01
103  0.00730  7.25001e-01 |104  0.00988  1.06066e+00 |105  0.03587  1.71251e+00
106  0.03712  2.20556e+00 |107  0.01103  1.99624e+00 |108  0.02583  2.59267e+00
109  0.12638  6.02231e+00 |110  0.03937  4.01516e+00 |111 -0.00629  3.17136e+00
112  0.00359  3.52251e+00 |113  0.02447  3.91854e+00 |114  0.03630  3.98243e+00
115  0.00357  3.46164e+00 |116 -0.06385  2.18137e+00 |117 -0.08150  1.75396e+00
118 -0.06993  1.69388e+00 |119 -0.00663  2.07607e+00 |120  0.06827  3.34486e+00
121  0.01364  2.38795e+00 |122 -0.00103  1.80631e+00 |123 -0.02984  1.16753e+00
124 -0.06351 -5.91577e-02 |125 -0.03969  6.48239e-01 |126 -0.03988 -3.87849e-01
127 -0.04892 -2.58845e-01 |128  0.01417 -6.42736e-01 |129  0.03849 -1.05942e+00
130  0.03475 -9.19776e-01 |131  0.06114 -1.42501e+00 |132 -0.00921 -5.87239e-01
133  0.12636 -2.05179e+00 |134  0.01923 -4.72158e-01 |135 -0.02784 -3.39299e-01
136 -0.04763 -6.35016e-02 |137 -0.01737 -3.21362e-01 |138  0.07547 -7.36327e-01
139  0.02973 -2.31015e-01 |140  0.01587 -3.59516e-01 |141 -0.02215 -2.59940e-01
142 -0.01253 -1.38043e-01 |143 -0.00116 -8.17957e-03 |144 -0.00036 -1.21897e-03
145  0.38270  6.19664e+00 |146  0.27641 -2.59005e+00 |147  0.06791  5.29207e+00
148  0.30457 -1.98823e+01 |149  0.02142 -4.03632e+00 |150 -0.10725 -5.05492e+00
151 -0.46625  2.48954e-02 |152  0.32049  9.15975e-02 |153  0.04374  1.31657e-01
154 -0.23879 -6.70413e-01 |155  0.21084  6.83057e+00 |156  0.26559 -1.63485e+01
157  0.20884 -8.72210e-01 |158  0.26803  2.92507e+00 |159 -0.00720  7.91063e-01
160 -0.08487  6.56442e-01 |161  0.15832  8.73271e-01 |162  0.31062  2.27139e+00
163  0.21083  8.00605e+00 |164  0.25881 -1.46274e+01 |165 -0.36885 -9.56717e-01
166  0.23891  1.15492e+00 |167  0.05051 -1.75205e+00 |168 -0.18478  2.18637e+01
169  0.17226 -1.63799e+00 |170  0.31723 -1.96243e-01 |171  0.08755 -1.02988e+01
172 -0.53174 -2.24980e-03 |173 -0.36832  1.16128e+00 |174  0.23974 -2.76865e+00
175  0.06797 -2.22452e+00 |176 -0.12235  1.93339e+01 |177  0.08372  4.76234e+00
178  0.13655 -9.17057e+00 |179  0.33241 -4.50545e+00 |180  0.27852  4.40852e+00
181 -0.01821  1.89087e+00 |182  0.00482 -1.17812e+01 |183 -0.12607  4.95950e-01
184 -0.11187 -2.97972e+01 |185  0.02504  6.01090e-01 |186  0.42399  3.55626e-01
187  0.02015  1.82482e+00 |188 -0.13726  1.40645e+00 |189  0.11033 -9.47484e+00
190  0.18508 -2.38842e+01 |191  0.22272 -3.93504e+01 |192  0.26486  8.50348e+00
193  0.02516 -1.01638e+02 |194 -0.01523 -4.19801e+01 |195 -0.16748 -6.52909e+01
196 -0.10780 -1.93970e+02 |197 -0.55168 -3.83512e-01 |198  0.17353 -1.40392e-01
199  0.09265 -6.15762e+00 |200 -0.24988 -2.13130e+00 |
200 variables; iteration 60; function evaluation 69; phase 4
Function value 2.4658597e+03; maximum gradient component mag -1.8626e+01
Var    Value     Gradient |Var    Value     Gradient |Var    Value     Gradient
  1 -0.43422  1.97883e-01 |  2  0.31994  8.15255e+00 |  3 -0.16923  3.75410e+00
  4  0.10859  4.62667e+00 |  5 -0.91323 -7.27228e-01 |  6 -0.54223  2.10830e+00
  7  0.34544 -2.50061e+00 |  8 -0.21139 -3.04628e+00 |  9  0.11801  1.25615e-01
 10 -0.79460  2.19039e-01 | 11 -0.58186  5.38408e+00 | 12 -0.16056 -6.03802e+00
 13 -0.00306 -2.61540e-02 | 14 -0.00304 -2.59272e-02 | 15 -0.00313 -2.65954e-02
 16 -0.00322 -2.72791e-02 | 17 -0.00331 -2.79770e-02 | 18 -0.00341 -2.86905e-02
 19 -0.00352 -2.94202e-02 | 20 -0.00362 -3.01665e-02 | 21 -0.00373 -3.09295e-02
 22 -0.00384 -3.17093e-02 | 23 -0.00396 -3.25055e-02 | 24 -0.00408 -3.33177e-02
 25 -0.00420 -3.41447e-02 | 26 -0.00433 -3.49857e-02 | 27 -0.00446 -3.58399e-02
 28 -0.00459 -3.67075e-02 | 29 -0.00473 -3.75896e-02 | 30 -0.00488 -3.84877e-02
 31 -0.00503 -3.93998e-02 | 32 -0.00518 -4.03225e-02 | 33 -0.00534 -4.12515e-02
 34 -0.00550 -4.21822e-02 | 35 -0.00568 -4.31112e-02 | 36 -0.00585 -4.40371e-02
 37 -0.00604 -4.49621e-02 | 38 -0.00623 -4.58895e-02 | 39 -0.00642 -4.68247e-02
 40 -0.00661 -4.77827e-02 | 41 -0.00681 -4.87463e-02 | 42 -0.00702 -4.97186e-02
 43 -0.00722 -5.06946e-02 | 44 -0.00743 -5.16670e-02 | 45 -0.00765 -5.26341e-02
 46 -0.00786 -5.35960e-02 | 47 -0.00807 -5.45471e-02 | 48 -0.00829 -5.54849e-02
 49 -0.00850 -5.64009e-02 | 50 -0.00872 -5.72862e-02 | 51 -0.00893 -5.81447e-02
 52 -0.00913 -5.90043e-02 | 53 -0.00933 -5.98920e-02 | 54 -0.00951 -6.08399e-02
 55 -0.00966 -6.18697e-02 | 56 -0.00980 -6.29708e-02 | 57 -0.00991 -6.41286e-02
 58 -0.01000 -6.53661e-02 | 59 -0.01006 -6.66844e-02 | 60 -0.01008 -6.81108e-02
 61 -0.01008 -6.96553e-02 | 62 -0.01003 -7.13682e-02 | 63 -0.00994 -7.32741e-02
 64 -0.00981 -7.53834e-02 | 65 -0.00962 -7.77652e-02 | 66 -0.00940 -8.03112e-02
 67 -0.00914 -8.31170e-02 | 68 -0.00882 -8.62398e-02 | 69 -0.00846 -8.97017e-02
 70 -0.00805 -9.35538e-02 | 71 -0.00758 -9.78362e-02 | 72 -0.00704 -1.02597e-01
 73 -0.00645 -1.07879e-01 | 74 -0.00577 -1.13734e-01 | 75 -0.00502 -1.20213e-01
 76 -0.00417 -1.27324e-01 | 77 -0.00323 -1.35039e-01 | 78 -0.00219 -1.43236e-01
 79 -0.00103 -1.51624e-01 | 80  0.00024 -1.59827e-01 | 81  0.00162 -1.67258e-01
 82  0.00313 -1.73268e-01 | 83  0.00476 -1.77163e-01 | 84  0.00650 -1.78374e-01
 85  0.00836 -1.76652e-01 | 86  0.01031 -1.71940e-01 | 87  0.01236 -1.64194e-01
 88  0.01446 -1.53709e-01 | 89  0.01658 -1.42912e-01 | 90  0.01856 -1.37351e-01
 91  0.02014 -1.40879e-01 | 92  0.02090 -1.51089e-01 | 93  0.02057 -1.71799e-01
 94  0.01965 -2.13495e-01 | 95  0.01852 -2.87509e-01 | 96  0.01445 -3.98863e-01
 97  0.01254 -4.76189e-01 | 98  0.01323 -5.16638e-01 | 99  0.01878 -4.99690e-01
100  0.02021 -4.02758e-01 |101  0.01883 -1.84001e-01 |102  0.01692  5.69022e-03
103  0.00695  2.60837e-02 |104  0.00851 -1.94349e-02 |105  0.03569  1.32949e-01
106  0.03587 -4.12657e-02 |107  0.00889 -9.99181e-02 |108  0.02580  5.62627e-02
109  0.12685  6.27741e-03 |110  0.03823 -1.20188e-01 |111 -0.00782 -3.11855e-01
112  0.00167 -6.58900e-01 |113  0.02247 -1.12175e+00 |114  0.03399 -1.27368e+00
115  0.00164 -8.07245e-01 |116 -0.06502 -1.83016e-03 |117 -0.08264  1.52513e-01
118 -0.07097  3.20990e-01 |119 -0.00673  1.13396e+00 |120  0.06916  2.97335e+00
121  0.01320  1.72925e+00 |122 -0.00035  1.86499e+00 |123 -0.03030  1.00903e+00
124 -0.06416  5.62512e-01 |125 -0.04014  5.18966e-01 |126 -0.04067  3.37704e-01
127 -0.04944  8.40074e-02 |128  0.01247 -1.77786e-01 |129  0.03786 -1.10530e-01
130  0.03361 -3.84029e-01 |131  0.05956 -7.41235e-01 |132 -0.00958 -5.84697e-02
133  0.12480 -6.54339e-01 |134  0.01860 -4.25085e-02 |135 -0.02795  7.16423e-02
136 -0.04801 -4.09369e-02 |137 -0.01715 -1.79593e-02 |138  0.07619  8.80450e-02
139  0.02982 -8.30338e-04 |140  0.01558 -1.06454e-01 |141 -0.02288 -1.67630e-01
142 -0.01274  5.19078e-03 |143 -0.00104  1.31396e-02 |144 -0.00032  4.25315e-03
145  0.38862 -1.05074e+00 |146  0.28351 -2.26181e+00 |147  0.07031  1.42314e+00
148  0.30649  6.03639e+00 |149  0.02389  2.96104e+00 |150 -0.10727 -2.75851e+00
151 -0.46477  1.30472e+00 |152  0.32311 -3.54456e-02 |153  0.04505  3.74677e+00
154 -0.23543  7.42323e-01 |155  0.21181 -1.53347e+00 |156  0.26622  1.74566e+00
157  0.20874  8.63998e-01 |158  0.26718 -1.12478e+00 |159 -0.00630  1.19639e+00
160 -0.08456  6.84549e-01 |161  0.15528  1.93415e-01 |162  0.30873 -2.43008e+00
163  0.21398  1.16916e+00 |164  0.26087  2.39024e+00 |165 -0.36781  2.11559e-01
166  0.23870 -7.41266e-01 |167  0.05079 -2.68950e-01 |168 -0.18541 -2.28453e+00
169  0.17754 -8.54739e-02 |170  0.31879  6.41407e-01 |171  0.08745 -2.22633e+00
172 -0.53019 -1.77614e-03 |173 -0.38109 -5.22614e-01 |174  0.23550  3.21774e-01
175  0.07030  1.79215e-01 |176 -0.12326 -1.24147e+00 |177  0.08792  7.74616e-01
178  0.13494 -2.58726e+00 |179  0.33344 -5.92695e-01 |180  0.27789 -6.18717e-01
181 -0.02685 -7.25175e-01 |182  0.00893 -1.90455e+00 |183 -0.12572 -3.21438e+00
184 -0.10819 -2.73976e-01 |185  0.02697  1.84969e-01 |186  0.42036 -2.61499e-01
187  0.01780  6.18646e-01 |188 -0.13594  1.57081e+00 |189  0.10800 -8.40973e+00
190  0.18074 -9.60299e+00 |191  0.22288  5.69579e+00 |192  0.26362  6.73602e+00
193  0.02956 -3.91902e+00 |194 -0.00646 -4.70829e+00 |195 -0.16521 -2.39868e+00
196 -0.10227 -1.86263e+01 |197 -0.56824 -7.22655e-01 |198  0.16580 -1.12286e+00
199  0.09419 -5.46313e+00 |200 -0.25260 -2.03536e+00 |
200 variables; iteration 80; function evaluation 92; phase 4
Function value 2.4657957e+03; maximum gradient component mag -4.8681e+00
Var    Value     Gradient |Var    Value     Gradient |Var    Value     Gradient
  1 -0.43390  5.34358e-01 |  2  0.32041  3.47867e+00 |  3 -0.16919  1.31987e+00
  4  0.10745  1.33709e+00 |  5 -0.90411 -4.63921e-02 |  6 -0.54271  3.23936e-01
  7  0.34614 -2.78266e-01 |  8 -0.21109 -9.46104e-01 |  9  0.11634 -3.41652e-01
 10 -0.79555 -6.99226e-02 | 11 -0.58219  1.60746e+00 | 12 -0.16280 -1.99730e+00
 13 -0.00299 -5.88322e-03 | 14 -0.00297 -5.93691e-03 | 15 -0.00306 -6.07061e-03
 16 -0.00315 -6.20465e-03 | 17 -0.00324 -6.33953e-03 | 18 -0.00334 -6.47409e-03
 19 -0.00344 -6.60758e-03 | 20 -0.00354 -6.73957e-03 | 21 -0.00365 -6.86965e-03
 22 -0.00376 -6.99759e-03 | 23 -0.00387 -7.12340e-03 | 24 -0.00399 -7.24725e-03
 25 -0.00411 -7.36932e-03 | 26 -0.00424 -7.48934e-03 | 27 -0.00437 -7.60604e-03
 28 -0.00450 -7.71724e-03 | 29 -0.00464 -7.82113e-03 | 30 -0.00478 -7.91731e-03
 31 -0.00493 -8.00705e-03 | 32 -0.00508 -8.09141e-03 | 33 -0.00524 -8.17139e-03
 34 -0.00540 -8.24710e-03 | 35 -0.00557 -8.31726e-03 | 36 -0.00574 -8.37912e-03
 37 -0.00593 -8.42882e-03 | 38 -0.00611 -8.46272e-03 | 39 -0.00630 -8.47785e-03
 40 -0.00650 -8.47124e-03 | 41 -0.00669 -8.44539e-03 | 42 -0.00689 -8.39929e-03
 43 -0.00710 -8.33194e-03 | 44 -0.00731 -8.24141e-03 | 45 -0.00752 -8.12552e-03
 46 -0.00773 -7.98282e-03 | 47 -0.00794 -7.81237e-03 | 48 -0.00815 -7.61355e-03
 49 -0.00837 -7.38412e-03 | 50 -0.00858 -7.11937e-03 | 51 -0.00879 -6.81579e-03
 52 -0.00899 -6.47853e-03 | 53 -0.00918 -6.12035e-03 | 54 -0.00936 -5.76280e-03
 55 -0.00952 -5.42790e-03 | 56 -0.00965 -5.12569e-03 | 57 -0.00976 -4.86248e-03
 58 -0.00984 -4.66078e-03 | 59 -0.00990 -4.53662e-03 | 60 -0.00992 -4.52055e-03
 61 -0.00991 -4.64005e-03 | 62 -0.00986 -4.94630e-03 | 63 -0.00977 -5.48103e-03
 64 -0.00964 -6.27814e-03 | 65 -0.00945 -7.39878e-03 | 66 -0.00923 -8.81277e-03
 67 -0.00896 -1.05873e-02 | 68 -0.00865 -1.27601e-02 | 69 -0.00828 -1.53389e-02
 70 -0.00787 -1.83263e-02 | 71 -0.00740 -2.16942e-02 | 72 -0.00686 -2.53818e-02
 73 -0.00626 -2.92826e-02 | 74 -0.00558 -3.32459e-02 | 75 -0.00482 -3.70756e-02
 76 -0.00397 -4.05441e-02 | 77 -0.00301 -4.34463e-02 | 78 -0.00194 -4.56547e-02
 79 -0.00077 -4.71998e-02 | 80  0.00053 -4.83348e-02 | 81  0.00194 -4.95312e-02
 82  0.00346 -5.13860e-02 | 83  0.00508 -5.44389e-02 | 84  0.00681 -5.88847e-02
 85  0.00862 -6.42673e-02 | 86  0.01053 -6.94291e-02 | 87  0.01251 -7.31017e-02
 88  0.01454 -7.47770e-02 | 89  0.01659 -7.60274e-02 | 90  0.01851 -8.03698e-02
 91  0.02004 -8.94242e-02 | 92  0.02079 -9.71594e-02 | 93  0.02053 -9.94276e-02
 94  0.01976 -1.04353e-01 | 95  0.01887 -1.14942e-01 | 96  0.01524 -1.12557e-01
 97  0.01375 -7.59690e-02 | 98  0.01470 -4.51066e-02 | 99  0.02007 -3.35561e-02
100  0.02105 -2.17966e-02 |101  0.01873 -2.63283e-02 |102  0.01595 -3.13478e-02
103  0.00665  9.66351e-02 |104  0.00940  2.62639e-01 |105  0.03521  2.58943e-01
106  0.03585  1.23670e-01 |107  0.00927 -1.45284e-02 |108  0.02572  2.45404e-01
109  0.12606  3.26916e-01 |110  0.03757 -1.96449e-02 |111 -0.00818 -1.22925e-01
112  0.00152 -2.65792e-01 |113  0.02361 -2.35822e-02 |114  0.03522  9.72168e-02
115  0.00252  1.41307e-01 |116 -0.06615 -3.31373e-01 |117 -0.08334 -1.84855e-01
118 -0.07133  1.60006e-02 |119 -0.00755  3.59664e-01 |120  0.06756  9.65689e-01
121  0.01206  3.38961e-01 |122 -0.00268  1.29492e-01 |123 -0.03026  7.14525e-01
124 -0.06452  1.32263e-01 |125 -0.04147 -2.74780e-01 |126 -0.04192 -4.05149e-01
127 -0.04956 -5.77088e-02 |128  0.01065 -7.40675e-01 |129  0.03828  4.28594e-01
130  0.03354  3.24496e-01 |131  0.06109  7.30209e-01 |132 -0.01005 -8.04610e-02
133  0.12407 -1.26970e+00 |134  0.01838 -1.44006e-01 |135 -0.02849 -1.26060e-01
136 -0.04772  1.59992e-01 |137 -0.01700  1.59468e-01 |138  0.07583  3.50875e-02
139  0.02901 -2.16234e-01 |140  0.01518 -3.12715e-01 |141 -0.02266 -1.93464e-01
142 -0.01202  1.93163e-01 |143 -0.00114  1.13976e-02 |144 -0.00036  2.17654e-04
145  0.39168 -8.87984e-01 |146  0.28594 -1.42322e-01 |147  0.07006 -9.08327e-02
148  0.30595  1.90180e+00 |149  0.02209  3.62955e-02 |150 -0.10590 -6.30284e-01
151 -0.46807  9.68848e-02 |152  0.31875  5.43604e-02 |153  0.04453  8.97768e-01
154 -0.23571  3.59784e-01 |155  0.21263 -5.40483e-01 |156  0.26626  1.00294e+00
157  0.21013  4.02422e-03 |158  0.26770 -2.44486e-01 |159 -0.00937  9.26835e-02
160 -0.08417 -1.94328e-01 |161  0.15801  3.12541e-01 |162  0.30954 -3.73196e-01
163  0.21222 -1.95127e-01 |164  0.25970  8.41080e-01 |165 -0.36734  1.12493e-01
166  0.23911  2.56860e-03 |167  0.05064  8.30549e-02 |168 -0.18493 -8.48022e-01
169  0.17669 -1.76824e-01 |170  0.31828  1.47830e-01 |171  0.08783 -6.30806e-01
172 -0.52818 -1.51329e-03 |173 -0.36966  1.67833e-01 |174  0.23931  4.02779e-01
175  0.06791  4.67568e-02 |176 -0.12306 -1.00141e+00 |177  0.08191 -1.55003e-01
178  0.13713 -2.91986e-01 |179  0.33194  2.36719e-01 |180  0.27890  3.00511e-01
181 -0.01847 -2.58574e-01 |182  0.00860 -3.47963e-01 |183 -0.12448 -8.93192e-01
184 -0.10790 -7.74868e-02 |185  0.02854 -8.81283e-02 |186  0.42141 -7.21704e-02
187  0.01640 -2.86057e-01 |188 -0.13587  5.93357e-01 |189  0.10862 -2.32145e+00
190  0.18137 -3.25579e+00 |191  0.22308  2.36319e+00 |192  0.26387  2.56584e+00
193  0.02936 -3.55241e-01 |194 -0.00738 -1.45720e+00 |195 -0.16469  1.80054e-01
196 -0.10136 -4.86806e+00 |197 -0.55761 -4.77131e-02 |198  0.17085 -4.09473e-01
199  0.09285 -7.91833e-01 |200 -0.25027 -1.71465e-01 |
200 variables; iteration 100; function evaluation 125; phase 4
Function value 2.4657863e+03; maximum gradient component mag -4.2675e-02
Var    Value     Gradient |Var    Value     Gradient |Var    Value     Gradient
  1 -0.43383  1.71615e-02 |  2  0.32030  1.63902e-02 |  3 -0.16949 -7.91023e-03
  4  0.10778  2.18567e-03 |  5 -0.90423  4.92024e-03 |  6 -0.54257 -3.14803e-03
  7  0.34623  5.85937e-03 |  8 -0.21115 -2.02946e-02 |  9  0.11616 -2.35008e-03
 10 -0.79539  1.30671e-02 | 11 -0.58224  3.50671e-03 | 12 -0.16381 -1.41699e-02
 13 -0.00298  1.17078e-04 | 14 -0.00296  1.07433e-04 | 15 -0.00305  1.12624e-04
 16 -0.00314  1.18134e-04 | 17 -0.00323  1.23905e-04 | 18 -0.00333  1.30017e-04
 19 -0.00343  1.36505e-04 | 20 -0.00353  1.43366e-04 | 21 -0.00364  1.50598e-04
 22 -0.00375  1.58168e-04 | 23 -0.00386  1.66018e-04 | 24 -0.00398  1.74081e-04
 25 -0.00410  1.82272e-04 | 26 -0.00422  1.90535e-04 | 27 -0.00435  1.98870e-04
 28 -0.00449  2.07310e-04 | 29 -0.00463  2.15821e-04 | 30 -0.00477  2.24245e-04
 31 -0.00492  2.32279e-04 | 32 -0.00507  2.39618e-04 | 33 -0.00522  2.45963e-04
 34 -0.00539  2.51074e-04 | 35 -0.00556  2.54809e-04 | 36 -0.00573  2.57103e-04
 37 -0.00592  2.57924e-04 | 38 -0.00610  2.57163e-04 | 39 -0.00630  2.54595e-04
 40 -0.00649  2.49871e-04 | 41 -0.00669  2.42398e-04 | 42 -0.00689  2.31695e-04
 43 -0.00709  2.17282e-04 | 44 -0.00730  1.98733e-04 | 45 -0.00752  1.75618e-04
 46 -0.00773  1.47500e-04 | 47 -0.00794  1.14051e-04 | 48 -0.00816  7.50375e-05
 49 -0.00837  3.04688e-05 | 50 -0.00859 -1.95032e-05 | 51 -0.00880 -7.48942e-05
 52 -0.00901 -1.36130e-04 | 53 -0.00920 -2.03310e-04 | 54 -0.00938 -2.76143e-04
 55 -0.00954 -3.53796e-04 | 56 -0.00967 -4.34775e-04 | 57 -0.00979 -5.17421e-04
 58 -0.00987 -6.00542e-04 | 59 -0.00993 -6.82083e-04 | 60 -0.00996 -7.60396e-04
 61 -0.00995 -8.33256e-04 | 62 -0.00990 -8.99150e-04 | 63 -0.00981 -9.56190e-04
 64 -0.00967 -1.00264e-03 | 65 -0.00948 -1.03803e-03 | 66 -0.00926 -1.06003e-03
 67 -0.00899 -1.06974e-03 | 68 -0.00866 -1.06772e-03 | 69 -0.00829 -1.05401e-03
 70 -0.00787 -1.02754e-03 | 71 -0.00739 -9.84854e-04 | 72 -0.00684 -9.17828e-04
 73 -0.00623 -8.12187e-04 | 74 -0.00554 -6.46053e-04 | 75 -0.00476 -3.90661e-04
 76 -0.00389 -1.80716e-05 | 77 -0.00293  4.80725e-04 | 78 -0.00186  1.07145e-03
 79 -0.00067  1.65223e-03 | 80  0.00062  2.05767e-03 | 81  0.00203  2.10901e-03
 82  0.00355  1.72119e-03 | 83  0.00518  1.00576e-03 | 84  0.00691  2.58091e-04
 85  0.00874 -2.79167e-04 | 86  0.01066 -7.34066e-04 | 87  0.01264 -1.53155e-03
 88  0.01466 -2.74240e-03 | 89  0.01670 -3.26341e-03 | 90  0.01864 -1.27912e-03
 91  0.02021  2.66944e-03 | 92  0.02100  3.92924e-03 | 93  0.02072 -5.60232e-05
 94  0.01994 -3.62470e-03 | 95  0.01909 -1.05920e-03 | 96  0.01548  8.37548e-03
 97  0.01381  4.80564e-03 | 98  0.01463  1.09806e-03 | 99  0.01993 -2.01410e-03
100  0.02090  1.04693e-03 |101  0.01866 -1.81149e-03 |102  0.01598  6.60185e-03
103  0.00623 -6.42701e-03 |104  0.00861  8.91852e-03 |105  0.03429 -1.30146e-04
106  0.03557 -9.47464e-03 |107  0.00968  3.51733e-03 |108  0.02491  4.72218e-03
109  0.12499  3.89965e-04 |110  0.03764  2.24746e-04 |111 -0.00824  6.34650e-03
112  0.00178  1.06498e-02 |113  0.02323 -1.52103e-03 |114  0.03471 -6.23658e-03
115  0.00191  1.49942e-02 |116 -0.06572 -1.07142e-02 |117 -0.08316 -1.32581e-04
118 -0.07149  2.42375e-04 |119 -0.00798  1.21302e-02 |120  0.06656 -2.21072e-03
121  0.01174  5.39250e-03 |122 -0.00269  8.86724e-03 |123 -0.03159 -1.58265e-02
124 -0.06480  1.07222e-02 |125 -0.04122 -2.50069e-03 |126 -0.04144 -2.42482e-02
127 -0.05001  2.05251e-02 |128  0.01203  1.64517e-03 |129  0.03715 -1.52889e-02
130  0.03332  1.32019e-02 |131  0.06009 -5.79046e-03 |132 -0.00988  5.45917e-04
133  0.12569 -8.18824e-03 |134  0.01858  7.73486e-03 |135 -0.02811  7.89013e-04
136 -0.04807 -4.11961e-03 |137 -0.01721  3.97617e-03 |138  0.07598 -3.19449e-03
139  0.02968 -3.31726e-03 |140  0.01610  3.06115e-03 |141 -0.02198  2.05530e-03
142 -0.01270 -8.36358e-04 |143 -0.00114 -1.95618e-04 |144 -0.00035 -1.06248e-04
145  0.39431 -9.97741e-03 |146  0.28713  1.01851e-02 |147  0.07005 -1.70643e-02
148  0.30568  1.19684e-02 |149  0.02203 -2.11500e-04 |150 -0.10556 -7.22195e-03
151 -0.46570  1.84749e-04 |152  0.31941  7.97220e-04 |153  0.04323  4.66916e-03
154 -0.23599  2.69380e-03 |155  0.21313 -1.07641e-02 |156  0.26622  1.50901e-02
157  0.21060 -2.88129e-03 |158  0.26782  3.17284e-03 |159 -0.01008 -1.93551e-03
160 -0.08389 -6.24830e-03 |161  0.15824 -1.64370e-03 |162  0.30943  3.87946e-03
163  0.21236 -9.32366e-03 |164  0.25958  6.70482e-03 |165 -0.36774 -1.62354e-03
166  0.23894 -9.62554e-06 |167  0.05064 -2.27600e-04 |168 -0.18500 -1.93499e-02
169  0.17782 -2.71625e-03 |170  0.31843  1.78205e-03 |171  0.08774 -5.09453e-03
172 -0.52332 -1.23811e-03 |173 -0.37307 -1.06562e-05 |174  0.23809  3.25108e-03
175  0.06845  3.40037e-03 |176 -0.12264 -1.38708e-02 |177  0.08104  8.20209e-03
178  0.13730  4.36341e-03 |179  0.33163  1.81909e-03 |180  0.27888  5.44248e-03
181 -0.01714 -6.01811e-04 |182  0.00877 -4.70304e-03 |183 -0.12399 -3.74803e-03
184 -0.10780  3.39957e-03 |185  0.02833 -6.26713e-03 |186  0.42115 -6.49210e-03
187  0.01724 -3.59474e-03 |188 -0.13641 -2.18346e-04 |189  0.10879 -2.85015e-02
190  0.18179 -3.59260e-02 |191  0.22307  2.56117e-02 |192  0.26394  3.54365e-02
193  0.02930 -6.11754e-03 |194 -0.00772 -1.12436e-02 |195 -0.16460  2.18026e-03
196 -0.10101 -4.26751e-02 |197 -0.55444  2.31933e-03 |198  0.17259 -1.45195e-03
199  0.09259  1.59818e-02 |200 -0.24988  6.64713e-03 |
200 variables; iteration 120; function evaluation 157; phase 4
Function value 2.4657863e+03; maximum gradient component mag 2.7392e-02
Var    Value     Gradient |Var    Value     Gradient |Var    Value     Gradient
  1 -0.43383 -1.29595e-02 |  2  0.32030 -9.16645e-03 |  3 -0.16950  7.13635e-03
  4  0.10778 -8.86811e-04 |  5 -0.90435 -2.39426e-03 |  6 -0.54256  6.57784e-04
  7  0.34624 -4.12138e-03 |  8 -0.21115  1.47328e-02 |  9  0.11615  3.52934e-03
 10 -0.79545 -3.65363e-03 | 11 -0.58224 -3.38446e-03 | 12 -0.16382  1.85414e-02
 13 -0.00298 -2.45881e-04 | 14 -0.00296 -2.29401e-04 | 15 -0.00305 -2.46501e-04
 16 -0.00314 -2.64987e-04 | 17 -0.00323 -2.84905e-04 | 18 -0.00333 -3.06364e-04
 19 -0.00343 -3.29427e-04 | 20 -0.00353 -3.54114e-04 | 21 -0.00364 -3.80437e-04
 22 -0.00375 -4.08343e-04 | 23 -0.00386 -4.37742e-04 | 24 -0.00398 -4.68525e-04
 25 -0.00410 -5.00528e-04 | 26 -0.00423 -5.33583e-04 | 27 -0.00436 -5.67495e-04
 28 -0.00449 -6.01987e-04 | 29 -0.00463 -6.36589e-04 | 30 -0.00477 -6.70617e-04
 31 -0.00492 -7.03304e-04 | 32 -0.00507 -7.33815e-04 | 33 -0.00523 -7.61350e-04
 34 -0.00539 -7.85145e-04 | 35 -0.00556 -8.04428e-04 | 36 -0.00574 -8.18320e-04
 37 -0.00592 -8.25673e-04 | 38 -0.00611 -8.25093e-04 | 39 -0.00630 -8.14855e-04
 40 -0.00649 -7.92146e-04 | 41 -0.00669 -7.57041e-04 | 42 -0.00689 -7.07938e-04
 43 -0.00710 -6.44145e-04 | 44 -0.00731 -5.65496e-04 | 45 -0.00752 -4.71831e-04
 46 -0.00773 -3.63440e-04 | 47 -0.00795 -2.42138e-04 | 48 -0.00816 -1.10320e-04
 49 -0.00837  2.84166e-05 | 50 -0.00859  1.70596e-04 | 51 -0.00880  3.14784e-04
 52 -0.00901  4.62338e-04 | 53 -0.00920  6.12489e-04 | 54 -0.00938  7.63159e-04
 55 -0.00954  9.11112e-04 | 56 -0.00967  1.05137e-03 | 57 -0.00978  1.18021e-03
 58 -0.00987  1.30015e-03 | 59 -0.00993  1.41032e-03 | 60 -0.00995  1.51473e-03
 61 -0.00994  1.61422e-03 | 62 -0.00989  1.71698e-03 | 63 -0.00980  1.82648e-03
 64 -0.00966  1.94241e-03 | 65 -0.00947  2.07571e-03 | 66 -0.00925  2.19532e-03
 67 -0.00898  2.31331e-03 | 68 -0.00865  2.43207e-03 | 69 -0.00828  2.54259e-03
 70 -0.00786  2.63721e-03 | 71 -0.00738  2.69563e-03 | 72 -0.00683  2.68332e-03
 73 -0.00622  2.54096e-03 | 74 -0.00553  2.18860e-03 | 75 -0.00476  1.54541e-03
 76 -0.00389  5.86083e-04 | 77 -0.00293 -5.67302e-04 | 78 -0.00187 -1.59690e-03
 79 -0.00069 -2.09285e-03 | 80  0.00060 -1.86722e-03 | 81  0.00201 -1.23892e-03
 82  0.00354 -8.37967e-04 | 83  0.00517 -9.02104e-04 | 84  0.00690 -9.91793e-04
 85  0.00874 -7.17666e-04 | 86  0.01066 -1.63475e-04 | 87  0.01265  6.59579e-04
 88  0.01468  1.73509e-03 | 89  0.01672  1.37746e-03 | 90  0.01863 -2.80686e-03
 91  0.02019 -1.45968e-03 | 92  0.02097 -2.38472e-03 | 93  0.02071 -5.61038e-04
 94  0.01995 -5.00180e-04 | 95  0.01911  3.64506e-03 | 96  0.01542 -5.87476e-03
 97  0.01378 -2.33140e-03 | 98  0.01463  9.71148e-04 | 99  0.01995  1.80025e-03
100  0.02091  3.34150e-03 |101  0.01868  3.20109e-03 |102  0.01594 -2.13878e-03
103  0.00628  4.50933e-03 |104  0.00855 -7.29504e-03 |105  0.03427 -6.22483e-03
106  0.03560 -5.98708e-04 |107  0.00968  7.02961e-03 |108  0.02489  2.23945e-03
109  0.12498  1.08806e-03 |110  0.03763 -2.76716e-03 |111 -0.00828 -6.57988e-03
112  0.00173 -7.34563e-03 |113  0.02325  3.75392e-03 |114  0.03474  2.69657e-03
115  0.00186 -9.10122e-03 |116 -0.06568  6.79125e-03 |117 -0.08317 -1.67263e-03
118 -0.07148  4.59565e-04 |119 -0.00801 -6.31028e-03 |120  0.06657  7.41915e-04
121  0.01173 -3.05087e-03 |122 -0.00271 -4.17355e-03 |123 -0.03154  6.44894e-03
124 -0.06483 -7.17812e-03 |125 -0.04121  6.14268e-03 |126 -0.04137  5.02386e-03
127 -0.05008 -8.08625e-03 |128  0.01203  1.75784e-03 |129  0.03721  4.74278e-03
130  0.03328 -6.09106e-03 |131  0.06011  4.79874e-03 |132 -0.00990 -8.54803e-03
133  0.12571  3.98400e-03 |134  0.01858  5.90687e-03 |135 -0.02811 -2.03303e-03
136 -0.04805  3.76141e-03 |137 -0.01722  1.00035e-03 |138  0.07598 -1.15397e-03
139  0.02969  7.94246e-04 |140  0.01611  2.55409e-03 |141 -0.02199 -2.53448e-03
142 -0.01267  7.45722e-03 |143 -0.00114  4.23574e-04 |144 -0.00035  3.86371e-05
145  0.39434  5.52941e-03 |146  0.28714 -2.46251e-03 |147  0.07007  9.58136e-03
148  0.30568 -8.77497e-03 |149  0.02202  1.24186e-03 |150 -0.10556  4.56276e-03
151 -0.46568 -3.81747e-04 |152  0.31941  6.94882e-06 |153  0.04322 -2.63555e-03
154 -0.23599 -1.29013e-03 |155  0.21315  6.82170e-03 |156  0.26622 -1.02225e-02
157  0.21060  1.03815e-03 |158  0.26782 -2.59739e-03 |159 -0.01007  1.97284e-03
160 -0.08388  3.32279e-03 |161  0.15826  1.69653e-03 |162  0.30943 -2.59427e-03
163  0.21239  4.90557e-03 |164  0.25958 -4.80084e-03 |165 -0.36775  8.45109e-04
166  0.23894 -5.98985e-05 |167  0.05063  6.04702e-04 |168 -0.18500  1.26391e-02
169  0.17785  1.57636e-03 |170  0.31843 -1.47276e-03 |171  0.08774  4.44565e-03
172 -0.51192 -5.47218e-04 |173 -0.37307  4.97096e-06 |174  0.23809 -2.19958e-03
175  0.06844 -1.83504e-03 |176 -0.12264  7.83091e-03 |177  0.08096 -3.62712e-03
178  0.13729 -1.66528e-03 |179  0.33161 -1.52293e-03 |180  0.27887 -3.95289e-03
181 -0.01704  6.36604e-04 |182  0.00879  4.15907e-03 |183 -0.12399  2.97810e-03
184 -0.10780 -1.10540e-03 |185  0.02836  3.21223e-03 |186  0.42118  2.97681e-03
187  0.01723  1.92001e-03 |188 -0.13641  7.99064e-05 |189  0.10879  1.85740e-02
190  0.18180  2.23139e-02 |191  0.22307 -1.54967e-02 |192  0.26394 -2.29658e-02
193  0.02930  6.94017e-03 |194 -0.00772  8.10813e-03 |195 -0.16460  6.65187e-04
196 -0.10100  2.73921e-02 |197 -0.55446 -8.26454e-04 |198  0.17259  2.47951e-04
199  0.09259 -4.16633e-03 |200 -0.24988 -2.72088e-03 |

 - final statistics:
200 variables; iteration 136; function evaluation 185
Function value 2.4658e+03; maximum gradient component mag -8.9734e-04
Exit code = 1;  converg criter 1.0000e-03
Var    Value     Gradient |Var    Value     Gradient |Var    Value     Gradient
  1 -0.43383 -3.12030e-04 |  2  0.32030 -5.14924e-05 |  3 -0.16950  2.77242e-04
  4  0.10778  7.06888e-05 |  5 -0.90432 -1.09643e-04 |  6 -0.54256  2.87046e-05
  7  0.34624 -5.40807e-04 |  8 -0.21115  2.21062e-04 |  9  0.11615 -3.21007e-05
 10 -0.79543  3.24067e-04 | 11 -0.58224 -2.71955e-05 | 12 -0.16382 -6.96397e-05
 13 -0.00298 -5.51967e-05 | 14 -0.00296 -5.54250e-05 | 15 -0.00305 -5.91158e-05
 16 -0.00314 -6.27703e-05 | 17 -0.00323 -6.63487e-05 | 18 -0.00333 -6.97287e-05
 19 -0.00343 -7.27764e-05 | 20 -0.00353 -7.53490e-05 | 21 -0.00364 -7.72791e-05
 22 -0.00375 -7.83835e-05 | 23 -0.00386 -7.84667e-05 | 24 -0.00398 -7.73230e-05
 25 -0.00410 -7.47375e-05 | 26 -0.00423 -7.04701e-05 | 27 -0.00436 -6.42309e-05
 28 -0.00449 -5.56745e-05 | 29 -0.00463 -4.44699e-05 | 30 -0.00477 -3.03859e-05
 31 -0.00492 -1.34177e-05 | 32 -0.00507  6.31506e-06 | 33 -0.00523  2.85275e-05
 34 -0.00539  5.28246e-05 | 35 -0.00556  7.87423e-05 | 36 -0.00574  1.05772e-04
 37 -0.00592  1.33336e-04 | 38 -0.00610  1.60646e-04 | 39 -0.00630  1.86651e-04
 40 -0.00649  2.10276e-04 | 41 -0.00669  2.29222e-04 | 42 -0.00689  2.41862e-04
 43 -0.00710  2.46551e-04 | 44 -0.00730  2.42027e-04 | 45 -0.00752  2.27745e-04
 46 -0.00773  2.03979e-04 | 47 -0.00794  1.71873e-04 | 48 -0.00816  1.33749e-04
 49 -0.00837  9.28327e-05 | 50 -0.00859  5.29604e-05 | 51 -0.00880  1.80125e-05
 52 -0.00901 -8.82182e-06 | 53 -0.00920 -2.53946e-05 | 54 -0.00938 -3.06977e-05
 55 -0.00954 -2.49984e-05 | 56 -0.00967 -9.39057e-06 | 57 -0.00979  1.43597e-05
 58 -0.00987  4.31893e-05 | 59 -0.00993  7.47997e-05 | 60 -0.00996  1.06403e-04
 61 -0.00995  1.36008e-04 | 62 -0.00990  1.59688e-04 | 63 -0.00980  1.73407e-04
 64 -0.00967  1.72794e-04 | 65 -0.00948  1.49083e-04 | 66 -0.00925  1.08064e-04
 67 -0.00898  4.52090e-05 | 68 -0.00866 -3.57920e-05 | 69 -0.00829 -1.18975e-04
 70 -0.00787 -1.79726e-04 | 71 -0.00738 -1.83244e-04 | 72 -0.00684 -9.37945e-05
 73 -0.00622  1.04529e-04 | 74 -0.00553  3.76524e-04 | 75 -0.00476  6.16962e-04
 76 -0.00389  6.79871e-04 | 77 -0.00293  4.79708e-04 | 78 -0.00186  8.28157e-05
 79 -0.00068 -3.26806e-04 | 80  0.00061 -5.20019e-04 | 81  0.00202 -3.18483e-04
 82  0.00354 -9.90989e-06 | 83  0.00517 -1.69271e-04 | 84  0.00691 -3.81582e-04
 85  0.00874 -2.73107e-04 | 86  0.01066 -4.25716e-04 | 87  0.01264 -1.52090e-04
 88  0.01468  3.11639e-04 | 89  0.01672  6.64939e-06 | 90  0.01864 -4.61623e-04
 91  0.02020 -3.96809e-05 | 92  0.02098 -3.03862e-04 | 93  0.02072  2.08237e-05
 94  0.01995  4.27656e-05 | 95  0.01910  2.57283e-04 | 96  0.01544 -3.02328e-04
 97  0.01379 -2.54263e-05 | 98  0.01463 -9.35110e-05 | 99  0.01994 -7.23450e-05
100  0.02090 -2.13063e-04 |101  0.01866 -4.05620e-04 |102  0.01595 -8.97340e-04
103  0.00626  1.77254e-04 |104  0.00858 -1.29201e-05 |105  0.03429 -7.32588e-04
106  0.03561  3.78986e-04 |107  0.00966  8.21952e-04 |108  0.02488  1.28212e-04
109  0.12498 -1.18211e-04 |110  0.03764 -6.29469e-05 |111 -0.00826 -6.80812e-04
112  0.00175 -3.39562e-04 |113  0.02324  2.37792e-04 |114  0.03473  2.89594e-05
115  0.00188 -2.69915e-04 |116 -0.06569 -2.53240e-04 |117 -0.08316  4.60404e-04
118 -0.07149 -6.42326e-04 |119 -0.00800 -7.20916e-06 |120  0.06656 -5.55644e-05
121  0.01173  4.60277e-06 |122 -0.00271 -2.11867e-04 |123 -0.03156  1.60443e-04
124 -0.06482 -4.07607e-04 |125 -0.04122  4.70788e-05 |126 -0.04138  2.89807e-04
127 -0.05007 -5.39783e-04 |128  0.01203 -1.91437e-04 |129  0.03719  2.81729e-04
130  0.03329 -3.59716e-04 |131  0.06010 -6.68541e-05 |132 -0.00988  5.30021e-04
133  0.12570 -4.90806e-05 |134  0.01857  9.85892e-05 |135 -0.02811 -5.45033e-04
136 -0.04806  5.69317e-05 |137 -0.01722  2.12078e-04 |138  0.07598 -1.99696e-04
139  0.02969  8.99730e-05 |140  0.01610  2.62776e-04 |141 -0.02199 -2.73009e-04
142 -0.01270  3.45164e-04 |143 -0.00114  2.75823e-05 |144 -0.00035  1.77145e-05
145  0.39433  2.13922e-04 |146  0.28713 -4.05452e-04 |147  0.07007  3.43049e-04
148  0.30568 -2.26626e-04 |149  0.02202  7.10066e-05 |150 -0.10556  1.14129e-04
151 -0.46569  5.09232e-05 |152  0.31940  2.04935e-05 |153  0.04322  1.21310e-04
154 -0.23599 -5.45793e-04 |155  0.21315  1.52502e-04 |156  0.26622 -3.48240e-04
157  0.21061  1.83767e-04 |158  0.26782 -1.31153e-05 |159 -0.01008 -7.78684e-05
160 -0.08388  1.76611e-04 |161  0.15825 -3.00986e-06 |162  0.30943 -1.15048e-04
163  0.21238  1.86606e-04 |164  0.25958 -1.53255e-04 |165 -0.36774  5.90507e-05
166  0.23894 -2.03249e-05 |167  0.05064 -2.58973e-05 |168 -0.18500  3.70051e-04
169  0.17784  3.55402e-05 |170  0.31843  6.19954e-06 |171  0.08774 -6.98594e-05
172 -0.50392  3.14243e-05 |173 -0.37307 -9.38742e-06 |174  0.23809 -5.01312e-05
175  0.06845 -6.27766e-05 |176 -0.12264  2.28888e-04 |177  0.08099 -1.08019e-04
178  0.13730 -1.29781e-04 |179  0.33161 -2.95873e-05 |180  0.27887 -7.73393e-05
181 -0.01707  4.54564e-05 |182  0.00878  3.17595e-05 |183 -0.12399 -2.61633e-05
184 -0.10780 -7.22741e-05 |185  0.02835  7.09407e-05 |186  0.42117  1.88850e-04
187  0.01723  9.48152e-05 |188 -0.13641  2.73235e-06 |189  0.10879  4.73344e-04
190  0.18179  6.10582e-04 |191  0.22307 -5.57406e-04 |192  0.26394 -7.07592e-04
193  0.02930  1.05530e-04 |194 -0.00772  1.57147e-04 |195 -0.16460 -1.05475e-04
196 -0.10100  7.13444e-04 |197 -0.55445 -1.98466e-04 |198  0.17259 -9.69503e-05
199  0.09259 -6.50257e-04 |200 -0.24988 -2.73065e-04 |
Warning: the following parameters had issues
  MGparm[5] is within 1% of lower bound: 1.00000e-06 < 5.63783e-03 < 1.00000e+00


 - final statistics:
213 variables; iteration 0; function evaluation 0
Function value 2.4658e+03; maximum gradient component mag -8.9734e-04
Exit code = 0;  converg criter 1.0000e-03
Var    Value     Gradient |Var    Value     Gradient |Var    Value     Gradient
  1 -0.43383 -3.12030e-04 |  2  0.32030 -5.14924e-05 |  3 -0.16950  2.77242e-04
  4  0.10778  7.06888e-05 |  5 -0.90432 -1.09643e-04 |  6 -0.54256  2.87046e-05
  7  0.34624 -5.40807e-04 |  8 -0.21115  2.21062e-04 |  9  0.11615 -3.21007e-05
 10 -0.79543  3.24067e-04 | 11 -0.58224 -2.71955e-05 | 12 -0.16382 -6.96397e-05
 13 -0.00298 -5.51967e-05 | 14 -0.00296 -5.54250e-05 | 15 -0.00305 -5.91158e-05
 16 -0.00314 -6.27703e-05 | 17 -0.00323 -6.63487e-05 | 18 -0.00333 -6.97287e-05
 19 -0.00343 -7.27764e-05 | 20 -0.00353 -7.53490e-05 | 21 -0.00364 -7.72791e-05
 22 -0.00375 -7.83835e-05 | 23 -0.00386 -7.84667e-05 | 24 -0.00398 -7.73230e-05
 25 -0.00410 -7.47375e-05 | 26 -0.00423 -7.04701e-05 | 27 -0.00436 -6.42309e-05
 28 -0.00449 -5.56745e-05 | 29 -0.00463 -4.44699e-05 | 30 -0.00477 -3.03859e-05
 31 -0.00492 -1.34177e-05 | 32 -0.00507  6.31506e-06 | 33 -0.00523  2.85275e-05
 34 -0.00539  5.28246e-05 | 35 -0.00556  7.87423e-05 | 36 -0.00574  1.05772e-04
 37 -0.00592  1.33336e-04 | 38 -0.00610  1.60646e-04 | 39 -0.00630  1.86651e-04
 40 -0.00649  2.10276e-04 | 41 -0.00669  2.29222e-04 | 42 -0.00689  2.41862e-04
 43 -0.00710  2.46551e-04 | 44 -0.00730  2.42027e-04 | 45 -0.00752  2.27745e-04
 46 -0.00773  2.03979e-04 | 47 -0.00794  1.71873e-04 | 48 -0.00816  1.33749e-04
 49 -0.00837  9.28327e-05 | 50 -0.00859  5.29604e-05 | 51 -0.00880  1.80125e-05
 52 -0.00901 -8.82182e-06 | 53 -0.00920 -2.53946e-05 | 54 -0.00938 -3.06977e-05
 55 -0.00954 -2.49984e-05 | 56 -0.00967 -9.39057e-06 | 57 -0.00979  1.43597e-05
 58 -0.00987  4.31893e-05 | 59 -0.00993  7.47997e-05 | 60 -0.00996  1.06403e-04
 61 -0.00995  1.36008e-04 | 62 -0.00990  1.59688e-04 | 63 -0.00980  1.73407e-04
 64 -0.00967  1.72794e-04 | 65 -0.00948  1.49083e-04 | 66 -0.00925  1.08064e-04
 67 -0.00898  4.52090e-05 | 68 -0.00866 -3.57920e-05 | 69 -0.00829 -1.18975e-04
 70 -0.00787 -1.79726e-04 | 71 -0.00738 -1.83244e-04 | 72 -0.00684 -9.37945e-05
 73 -0.00622  1.04529e-04 | 74 -0.00553  3.76524e-04 | 75 -0.00476  6.16962e-04
 76 -0.00389  6.79871e-04 | 77 -0.00293  4.79708e-04 | 78 -0.00186  8.28157e-05
 79 -0.00068 -3.26806e-04 | 80  0.00061 -5.20019e-04 | 81  0.00202 -3.18483e-04
 82  0.00354 -9.90989e-06 | 83  0.00517 -1.69271e-04 | 84  0.00691 -3.81582e-04
 85  0.00874 -2.73107e-04 | 86  0.01066 -4.25716e-04 | 87  0.01264 -1.52090e-04
 88  0.01468  3.11639e-04 | 89  0.01672  6.64939e-06 | 90  0.01864 -4.61623e-04
 91  0.02020 -3.96809e-05 | 92  0.02098 -3.03862e-04 | 93  0.02072  2.08237e-05
 94  0.01995  4.27656e-05 | 95  0.01910  2.57283e-04 | 96  0.01544 -3.02328e-04
 97  0.01379 -2.54263e-05 | 98  0.01463 -9.35110e-05 | 99  0.01994 -7.23450e-05
100  0.02090 -2.13063e-04 |101  0.01866 -4.05620e-04 |102  0.01595 -8.97340e-04
103  0.00626  1.77254e-04 |104  0.00858 -1.29201e-05 |105  0.03429 -7.32588e-04
106  0.03561  3.78986e-04 |107  0.00966  8.21952e-04 |108  0.02488  1.28212e-04
109  0.12498 -1.18211e-04 |110  0.03764 -6.29469e-05 |111 -0.00826 -6.80812e-04
112  0.00175 -3.39562e-04 |113  0.02324  2.37792e-04 |114  0.03473  2.89594e-05
115  0.00188 -2.69915e-04 |116 -0.06569 -2.53240e-04 |117 -0.08316  4.60404e-04
118 -0.07149 -6.42326e-04 |119 -0.00800 -7.20916e-06 |120  0.06656 -5.55644e-05
121  0.01173  4.60277e-06 |122 -0.00271 -2.11867e-04 |123 -0.03156  1.60443e-04
124 -0.06482 -4.07607e-04 |125 -0.04122  4.70788e-05 |126 -0.04138  2.89807e-04
127 -0.05007 -5.39783e-04 |128  0.01203 -1.91437e-04 |129  0.03719  2.81729e-04
130  0.03329 -3.59716e-04 |131  0.06010 -6.68541e-05 |132 -0.00988  5.30021e-04
133  0.12570 -4.90806e-05 |134  0.01857  9.85892e-05 |135 -0.02811 -5.45033e-04
136 -0.04806  5.69317e-05 |137 -0.01722  2.12078e-04 |138  0.07598 -1.99696e-04
139  0.02969  8.99730e-05 |140  0.01610  2.62776e-04 |141 -0.02199 -2.73009e-04
142 -0.01270  3.45164e-04 |143 -0.00114  2.75823e-05 |144 -0.00035  1.77145e-05
145  0.00000  0.00000e+00 |146  0.00000  0.00000e+00 |147  0.00000  0.00000e+00
148  0.00000  0.00000e+00 |149  0.00000  0.00000e+00 |150  0.00000  0.00000e+00
151  0.00000  0.00000e+00 |152  0.00000  0.00000e+00 |153  0.00000  0.00000e+00
154  0.00000  0.00000e+00 |155  0.00000  0.00000e+00 |156  0.00000  0.00000e+00
157  0.00000  0.00000e+00 |158  0.39433  2.13922e-04 |159  0.28713 -4.05452e-04
160  0.07007  3.43049e-04 |161  0.30568 -2.26626e-04 |162  0.02202  7.10066e-05
163 -0.10556  1.14129e-04 |164 -0.46569  5.09232e-05 |165  0.31940  2.04935e-05
166  0.04322  1.21310e-04 |167 -0.23599 -5.45793e-04 |168  0.21315  1.52502e-04
169  0.26622 -3.48240e-04 |170  0.21061  1.83767e-04 |171  0.26782 -1.31153e-05
172 -0.01008 -7.78684e-05 |173 -0.08388  1.76611e-04 |174  0.15825 -3.00986e-06
175  0.30943 -1.15048e-04 |176  0.21238  1.86606e-04 |177  0.25958 -1.53255e-04
178 -0.36774  5.90507e-05 |179  0.23894 -2.03249e-05 |180  0.05064 -2.58973e-05
181 -0.18500  3.70051e-04 |182  0.17784  3.55402e-05 |183  0.31843  6.19954e-06
184  0.08774 -6.98594e-05 |185 -0.50392  3.14243e-05 |186 -0.37307 -9.38742e-06
187  0.23809 -5.01312e-05 |188  0.06845 -6.27766e-05 |189 -0.12264  2.28888e-04
190  0.08099 -1.08019e-04 |191  0.13730 -1.29781e-04 |192  0.33161 -2.95873e-05
193  0.27887 -7.73393e-05 |194 -0.01707  4.54564e-05 |195  0.00878  3.17595e-05
196 -0.12399 -2.61633e-05 |197 -0.10780 -7.22741e-05 |198  0.02835  7.09407e-05
199  0.42117  1.88850e-04 |200  0.01723  9.48152e-05 |201 -0.13641  2.73235e-06
202  0.10879  4.73344e-04 |203  0.18179  6.10582e-04 |204  0.22307 -5.57406e-04
205  0.26394 -7.07592e-04 |206  0.02930  1.05530e-04 |207 -0.00772  1.57147e-04
208 -0.16460 -1.05475e-04 |209 -0.10100  7.13444e-04 |210 -0.55445 -1.98466e-04
211  0.17259 -9.69503e-05 |212  0.09259 -6.50257e-04 |213 -0.24988 -2.73065e-04
size of file gradfil1.tmp = 0
size of file gradfil2.tmp = 0
size of file varssave.tmp = 0
size of file cmpdiff.tmp = 1000000040
