
Initial statistics: 136 variables; iteration 0; function evaluation 0; phase 1
Function value 6.7591326e+03; maximum gradient component mag -2.3410e+02
Var    Value     Gradient |Var    Value     Gradient |Var    Value     Gradient
  1 -0.42334 -2.34101e+02 |  2 -0.09289 -5.30446e+01 |  3 -0.01009 -6.59385e-01
  4 -0.01031 -6.77855e-01 |  5 -0.01053 -6.96816e-01 |  6 -0.01074 -7.16293e-01
  7 -0.01095 -7.36322e-01 |  8 -0.01115 -7.56895e-01 |  9 -0.01135 -7.78036e-01
 10 -0.01153 -7.99768e-01 | 11 -0.01171 -8.22103e-01 | 12 -0.01187 -8.45077e-01
 13 -0.01203 -8.68730e-01 | 14 -0.01217 -8.93078e-01 | 15 -0.01229 -9.18172e-01
 16 -0.01240 -9.44043e-01 | 17 -0.01249 -9.70726e-01 | 18 -0.01255 -9.98234e-01
 19 -0.01260 -1.02660e+00 | 20 -0.01262 -1.05583e+00 | 21 -0.01262 -1.08601e+00
 22 -0.01260 -1.11720e+00 | 23 -0.01254 -1.14950e+00 | 24 -0.01246 -1.18299e+00
 25 -0.01235 -1.21777e+00 | 26 -0.01220 -1.25387e+00 | 27 -0.01202 -1.29135e+00
 28 -0.01180 -1.33023e+00 | 29 -0.01154 -1.37053e+00 | 30 -0.01124 -1.41215e+00
 31 -0.01091 -1.45534e+00 | 32 -0.01054 -1.50012e+00 | 33 -0.01013 -1.54656e+00
 34 -0.00969 -1.59472e+00 | 35 -0.00923 -1.64462e+00 | 36 -0.00876 -1.69620e+00
 37 -0.00827 -1.74949e+00 | 38 -0.00779 -1.80444e+00 | 39 -0.00732 -1.86108e+00
 40 -0.00687 -1.91943e+00 | 41 -0.00646 -1.97945e+00 | 42 -0.00610 -2.04092e+00
 43 -0.00578 -2.10369e+00 | 44 -0.00550 -2.16758e+00 | 45 -0.00527 -2.23264e+00
 46 -0.00505 -2.29935e+00 | 47 -0.00484 -2.36839e+00 | 48 -0.00461 -2.44027e+00
 49 -0.00433 -2.51591e+00 | 50 -0.00397 -2.59602e+00 | 51 -0.00351 -2.68168e+00
 52 -0.00290 -2.77367e+00 | 53 -0.00211 -2.87308e+00 | 54 -0.00112 -2.98148e+00
 55  0.00012 -3.09958e+00 | 56  0.00162 -3.23129e+00 | 57  0.00342 -3.37741e+00
 58  0.00553 -3.53921e+00 | 59  0.00797 -3.71874e+00 | 60  0.01071 -3.91701e+00
 61  0.01374 -4.13479e+00 | 62  0.01700 -4.37104e+00 | 63  0.02037 -4.62357e+00
 64  0.02373 -4.88795e+00 | 65  0.02687 -5.15652e+00 | 66  0.02959 -5.41851e+00
 67  0.03168 -5.66266e+00 | 68  0.03301 -5.87880e+00 | 69  0.03358 -6.06005e+00
 70  0.03344 -6.20452e+00 | 71  0.03272 -6.31070e+00 | 72  0.03145 -6.37494e+00
 73  0.02960 -6.38862e+00 | 74  0.02705 -6.34049e+00 | 75  0.02380 -6.22328e+00
 76  0.01999 -6.03911e+00 | 77  0.01602 -5.80185e+00 | 78  0.01239 -5.53096e+00
 79  0.00955 -5.25047e+00 | 80  0.00761 -4.98260e+00 | 81  0.00637 -4.74841e+00
 82  0.00544 -4.54716e+00 | 83  0.00468 -4.31678e+00 | 84  0.00458 -3.91155e+00
 85  0.00522 -3.30543e+00 | 86  0.00545 -2.74770e+00 | 87  0.00713 -1.80776e+00
 88  0.00970 -5.51354e-01 | 89  0.01366  1.04413e+00 | 90  0.01376  1.31357e+00
 91  0.01250  1.02229e+00 | 92  0.01081  7.56807e-01 | 93  0.00275  9.37021e-02
 94  0.00360  2.03397e+00 | 95  0.02294  1.01277e+01 | 96  0.02140  1.52499e+01
 97 -0.00268  1.30973e+01 | 98  0.01577  2.48486e+01 | 99  0.08374  5.96755e+01
100  0.02820  3.14313e+01 |101 -0.01452  1.05083e+01 |102  0.00430  1.33864e+01
103  0.01938  1.85289e+01 |104  0.03866  2.40826e+01 |105  0.00285  1.19756e+01
106 -0.06248 -3.64109e+00 |107 -0.07893 -6.78872e+00 |108 -0.07730 -3.82911e+00
109 -0.03457  9.67396e+00 |110  0.06971  7.29551e+00 |111  0.02361 -5.46727e+00
112  0.01375 -9.50548e+00 |113 -0.02797  1.06538e+00 |114 -0.06716  1.03524e+00
115 -0.00654  4.20766e-01 |116  0.00456  3.33037e+00 |117 -0.02731 -3.99287e+00
118  0.02817 -8.48769e-01 |119  0.07344 -8.28575e+00 |120  0.01038 -4.46973e+00
121  0.08254 -4.46163e+00 |122  0.00575 -3.81720e+00 |123  0.13287 -4.08762e+00
124 -0.00532  2.15323e-01 |125 -0.04646 -3.11853e+00 |126 -0.05671 -2.60475e+00
127 -0.02192 -2.81949e+00 |128  0.09420  7.48429e+00 |129  0.03190  8.55302e+00
130  0.01685  4.25043e+00 |131 -0.02798  1.44960e+00 |132 -0.01758  5.72881e-01
133 -0.00588  1.26290e-02 |134 -0.00040 -9.86714e-02 |135  0.27670 -1.33095e-04
136  0.18753  3.27385e-04 |

Intermediate statistics: 136 variables; iteration 20; function evaluation 24; phase 1
Function value 6.7505103e+03; maximum gradient component mag -9.2671e+01
Var    Value     Gradient |Var    Value     Gradient |Var    Value     Gradient
  1 -0.39013 -6.33962e+01 |  2 -0.03743 -9.26714e+01 |  3 -0.00499  4.03548e-01
  4 -0.00507  4.21397e-01 |  5 -0.00515  4.39820e-01 |  6 -0.00522  4.58780e-01
  7 -0.00529  4.78247e-01 |  8 -0.00535  4.98165e-01 |  9 -0.00540  5.18455e-01
 10 -0.00544  5.39031e-01 | 11 -0.00547  5.59800e-01 | 12 -0.00550  5.80640e-01
 13 -0.00551  6.01420e-01 | 14 -0.00551  6.22006e-01 | 15 -0.00549  6.42238e-01
 16 -0.00547  6.61954e-01 | 17 -0.00543  6.80970e-01 | 18 -0.00537  6.99071e-01
 19 -0.00530  7.15986e-01 | 20 -0.00522  7.31407e-01 | 21 -0.00512  7.45012e-01
 22 -0.00500  7.56459e-01 | 23 -0.00487  7.65406e-01 | 24 -0.00472  7.71497e-01
 25 -0.00455  7.74356e-01 | 26 -0.00437  7.73598e-01 | 27 -0.00417  7.68793e-01
 28 -0.00396  7.59480e-01 | 29 -0.00372  7.45154e-01 | 30 -0.00348  7.25226e-01
 31 -0.00322  6.99256e-01 | 32 -0.00295  6.66680e-01 | 33 -0.00267  6.26991e-01
 34 -0.00240  5.79699e-01 | 35 -0.00214  5.24281e-01 | 36 -0.00189  4.60205e-01
 37 -0.00168  3.86934e-01 | 38 -0.00151  3.03964e-01 | 39 -0.00140  2.10912e-01
 40 -0.00136  1.07618e-01 | 41 -0.00139 -5.82922e-03 | 42 -0.00151 -1.29158e-01
 43 -0.00172 -2.61972e-01 | 44 -0.00201 -4.03831e-01 | 45 -0.00236 -5.54131e-01
 46 -0.00277 -7.11868e-01 | 47 -0.00321 -8.75558e-01 | 48 -0.00364 -1.04322e+00
 49 -0.00403 -1.21251e+00 | 50 -0.00435 -1.38062e+00 | 51 -0.00455 -1.54443e+00
 52 -0.00458 -1.70048e+00 | 53 -0.00440 -1.84510e+00 | 54 -0.00397 -1.97457e+00
 55 -0.00324 -2.08473e+00 | 56 -0.00217 -2.17278e+00 | 57 -0.00072 -2.23497e+00
 58  0.00114 -2.26843e+00 | 59  0.00342 -2.27174e+00 | 60  0.00612 -2.24480e+00
 61  0.00921 -2.18967e+00 | 62  0.01260 -2.11036e+00 | 63  0.01617 -2.01256e+00
 64  0.01974 -1.90198e+00 | 65  0.02310 -1.78194e+00 | 66  0.02602 -1.65191e+00
 67  0.02831 -1.50937e+00 | 68  0.02985 -1.35320e+00 | 69  0.03063 -1.18633e+00
 70  0.03069 -1.01590e+00 | 71  0.03013 -8.50838e-01 | 72  0.02896 -7.00524e-01
 73  0.02712 -5.73805e-01 | 74  0.02449 -4.79449e-01 | 75  0.02101 -4.27781e-01
 76  0.01680 -4.33370e-01 | 77  0.01217 -5.17948e-01 | 78  0.00757 -7.09039e-01
 79  0.00335 -1.03486e+00 | 80 -0.00029 -1.51124e+00 | 81 -0.00337 -2.12482e+00
 82 -0.00594 -2.81233e+00 | 83 -0.00794 -3.46882e+00 | 84 -0.00925 -4.01500e+00
 85 -0.00978 -4.41395e+00 | 86 -0.00893 -4.50924e+00 | 87 -0.00880 -4.71559e+00
 88 -0.01104 -5.30046e+00 | 89 -0.01687 -6.59782e+00 | 90 -0.01769 -7.12747e+00
 91 -0.01173 -6.28888e+00 | 92  0.00333 -3.48347e+00 | 93  0.03151  2.60176e+00
 94  0.03614  3.62538e+00 | 95 -0.01178 -6.39057e+00 | 96 -0.00134 -2.98687e+00
 97  0.01021  1.23248e+00 | 98 -0.00368 -1.46700e+00 | 99  0.01979  3.96512e+00
100  0.00122 -3.42158e-01 |101 -0.00023 -6.31763e-01 |102  0.02175  4.15187e+00
103  0.01433  2.77539e+00 |104  0.00884 -8.20791e-01 |105 -0.01425 -3.06348e+00
106 -0.04879 -6.26779e-01 |107 -0.08238 -6.55359e+00 |108 -0.07981 -3.54067e+00
109 -0.05283  2.72326e+00 |110  0.05985  5.66425e+00 |111  0.02750 -2.51361e-01
112  0.01913 -3.51162e+00 |113 -0.03806 -1.10838e+00 |114 -0.07983 -3.27929e+00
115 -0.01578 -3.87946e+00 |116 -0.01166 -2.26471e+00 |117 -0.02293 -2.30309e+00
118  0.02424  2.40428e+00 |119  0.09095  5.26330e+00 |120  0.02061  2.78244e+00
121  0.08941  1.26014e+00 |122  0.01474 -4.29562e-01 |123  0.14337  9.27202e-01
124 -0.00700 -1.56783e+00 |125 -0.03516  6.06623e-01 |126 -0.04606  1.11379e+00
127 -0.00883  1.91257e+00 |128  0.07379  4.83804e-01 |129  0.00820  1.00201e+00
130  0.00675  2.11958e+00 |131 -0.02677  2.37439e+00 |132 -0.01868  2.71588e-01
133 -0.00639 -1.01917e-01 |134 -0.00020 -4.83052e-02 |135  0.21349 -5.46106e+00
136  0.12026 -6.55540e+01 |

 - final statistics:
136 variables; iteration 33; function evaluation 45
Function value 6.7491e+03; maximum gradient component mag -5.1259e+00
Exit code = 1;  converg criter 1.0000e+01
Var    Value     Gradient |Var    Value     Gradient |Var    Value     Gradient
  1 -0.37946  5.04644e+00 |  2 -0.01647 -5.12590e+00 |  3 -0.00527 -1.79679e-02
  4 -0.00539 -1.89587e-02 |  5 -0.00551 -2.00454e-02 |  6 -0.00562 -2.12284e-02
  7 -0.00573 -2.25075e-02 |  8 -0.00583 -2.38795e-02 |  9 -0.00593 -2.53384e-02
 10 -0.00603 -2.68769e-02 | 11 -0.00611 -2.84858e-02 | 12 -0.00618 -3.01535e-02
 13 -0.00625 -3.18668e-02 | 14 -0.00630 -3.36123e-02 | 15 -0.00634 -3.53747e-02
 16 -0.00636 -3.71391e-02 | 17 -0.00637 -3.88895e-02 | 18 -0.00637 -4.06091e-02
 19 -0.00634 -4.22783e-02 | 20 -0.00630 -4.38767e-02 | 21 -0.00624 -4.53859e-02
 22 -0.00616 -4.67890e-02 | 23 -0.00605 -4.80719e-02 | 24 -0.00593 -4.92228e-02
 25 -0.00578 -5.02307e-02 | 26 -0.00560 -5.10862e-02 | 27 -0.00540 -5.17780e-02
 28 -0.00517 -5.22941e-02 | 29 -0.00491 -5.26201e-02 | 30 -0.00462 -5.27330e-02
 31 -0.00431 -5.26287e-02 | 32 -0.00397 -5.22849e-02 | 33 -0.00362 -5.16801e-02
 34 -0.00324 -5.07887e-02 | 35 -0.00285 -4.95798e-02 | 36 -0.00247 -4.80257e-02
 37 -0.00209 -4.61125e-02 | 38 -0.00173 -4.38434e-02 | 39 -0.00140 -4.12466e-02
 40 -0.00112 -3.83728e-02 | 41 -0.00089 -3.52886e-02 | 42 -0.00072 -3.20728e-02
 43 -0.00061 -2.88269e-02 | 44 -0.00056 -2.56672e-02 | 45 -0.00055 -2.27267e-02
 46 -0.00059 -2.01697e-02 | 47 -0.00063 -1.81980e-02 | 48 -0.00067 -1.70528e-02
 49 -0.00066 -1.70367e-02 | 50 -0.00059 -1.84872e-02 | 51 -0.00042 -2.17781e-02
 52 -0.00011 -2.72678e-02 | 53  0.00036 -3.52613e-02 | 54  0.00103 -4.58936e-02
 55  0.00193 -5.88881e-02 | 56  0.00310 -7.34104e-02 | 57  0.00457 -8.77850e-02
 58  0.00637 -1.00378e-01 | 59  0.00849 -1.12418e-01 | 60  0.01088 -1.33116e-01
 61  0.01343 -1.82685e-01 | 62  0.01596 -2.80121e-01 | 63  0.01843 -4.08945e-01
 64  0.02102 -4.97934e-01 | 65  0.02388 -4.84130e-01 | 66  0.02666 -3.96084e-01
 67  0.02896 -2.80606e-01 | 68  0.03070 -1.23909e-01 | 69  0.03155  1.60924e-02
 70  0.03087  8.28038e-03 | 71  0.02859 -1.83888e-01 | 72  0.02547 -4.37045e-01
 73  0.02226 -6.00009e-01 | 74  0.01917 -6.05157e-01 | 75  0.01584 -5.07175e-01
 76  0.01186 -4.15350e-01 | 77  0.00743 -3.70502e-01 | 78  0.00317 -3.48105e-01
 79 -0.00040 -3.30159e-01 | 80 -0.00306 -3.18186e-01 | 81 -0.00489 -3.18595e-01
 82 -0.00619 -3.35851e-01 | 83 -0.00725 -3.67069e-01 | 84 -0.00814 -3.95511e-01
 85 -0.00876 -4.04833e-01 | 86 -0.00908 -3.97136e-01 | 87 -0.00904 -3.31718e-01
 88 -0.00894 -2.42547e-01 | 89 -0.00850 -1.61328e-01 | 90 -0.00675 -2.92987e-01
 91 -0.00297 -3.54537e-01 | 92  0.00261 -2.09404e-01 | 93  0.00457 -2.50151e-01
 94  0.00849  8.04207e-02 | 95  0.01151  3.95007e-01 | 96  0.00794  5.89764e-01
 97  0.00289  5.63372e-01 | 98  0.00302  6.23426e-01 | 99  0.00763  1.14483e+00
100  0.00675  7.50969e-01 |101  0.00789  5.90738e-01 |102  0.01183  7.26026e-01
103  0.00894  9.08355e-01 |104  0.01217  1.01703e+00 |105 -0.00948  5.47161e-01
106 -0.05315  3.31867e-01 |107 -0.07087  1.10707e-01 |108 -0.07353  6.28138e-01
109 -0.05811  2.50118e-01 |110  0.05193  5.85983e-01 |111  0.02923  7.08652e-01
112  0.02342  2.89622e-01 |113 -0.03823  2.27514e-01 |114 -0.07439  1.56456e-01
115 -0.01119  1.48760e-01 |116 -0.01039  1.24459e-01 |117 -0.01724  4.62259e-02
118  0.01911 -6.01557e-02 |119  0.08423 -4.18121e-02 |120  0.01575 -1.42682e-01
121  0.08725 -7.00478e-02 |122  0.01525 -2.58850e-03 |123  0.14052 -8.40435e-02
124 -0.00428 -9.99311e-02 |125 -0.03695  1.71553e-01 |126 -0.05026 -1.07407e-01
127 -0.01607 -2.03955e-01 |128  0.07078 -4.95948e-02 |129  0.00356 -2.50521e-02
130 -0.00095  2.02146e-02 |131 -0.03624 -2.14296e-01 |132 -0.02023  2.13622e-02
133 -0.00563  1.10950e-01 |134 -0.00001 -1.24816e-03 |135  0.18950 -1.85808e+00
136  0.10743  6.44825e-01 |

Initial statistics: 146 variables; iteration 0; function evaluation 0; phase 2
Function value 6.7490821e+03; maximum gradient component mag 4.5107e+02
Var    Value     Gradient |Var    Value     Gradient |Var    Value     Gradient
  1 -0.37946  5.04644e+00 |  2  0.37110  7.87474e+01 |  3 -0.12614  2.76268e+02
  4 -0.01321  1.43266e+02 |  5 -0.70915 -1.42217e+00 |  6 -0.60419  4.51067e+02
  7  0.37628 -8.04409e+01 |  8 -0.18524 -4.18808e+02 |  9  0.03399 -1.67503e+02
 10 -0.60948 -1.02534e+01 | 11 -0.62338  4.31791e+02 | 12 -0.01647 -5.12590e+00
 13 -0.00527 -1.79679e-02 | 14 -0.00539 -1.89587e-02 | 15 -0.00551 -2.00454e-02
 16 -0.00562 -2.12284e-02 | 17 -0.00573 -2.25075e-02 | 18 -0.00583 -2.38795e-02
 19 -0.00593 -2.53384e-02 | 20 -0.00603 -2.68769e-02 | 21 -0.00611 -2.84858e-02
 22 -0.00618 -3.01535e-02 | 23 -0.00625 -3.18668e-02 | 24 -0.00630 -3.36123e-02
 25 -0.00634 -3.53747e-02 | 26 -0.00636 -3.71391e-02 | 27 -0.00637 -3.88895e-02
 28 -0.00637 -4.06091e-02 | 29 -0.00634 -4.22783e-02 | 30 -0.00630 -4.38767e-02
 31 -0.00624 -4.53859e-02 | 32 -0.00616 -4.67890e-02 | 33 -0.00605 -4.80719e-02
 34 -0.00593 -4.92228e-02 | 35 -0.00578 -5.02307e-02 | 36 -0.00560 -5.10862e-02
 37 -0.00540 -5.17780e-02 | 38 -0.00517 -5.22941e-02 | 39 -0.00491 -5.26201e-02
 40 -0.00462 -5.27330e-02 | 41 -0.00431 -5.26287e-02 | 42 -0.00397 -5.22849e-02
 43 -0.00362 -5.16801e-02 | 44 -0.00324 -5.07887e-02 | 45 -0.00285 -4.95798e-02
 46 -0.00247 -4.80257e-02 | 47 -0.00209 -4.61125e-02 | 48 -0.00173 -4.38434e-02
 49 -0.00140 -4.12466e-02 | 50 -0.00112 -3.83728e-02 | 51 -0.00089 -3.52886e-02
 52 -0.00072 -3.20728e-02 | 53 -0.00061 -2.88269e-02 | 54 -0.00056 -2.56672e-02
 55 -0.00055 -2.27267e-02 | 56 -0.00059 -2.01697e-02 | 57 -0.00063 -1.81980e-02
 58 -0.00067 -1.70528e-02 | 59 -0.00066 -1.70367e-02 | 60 -0.00059 -1.84872e-02
 61 -0.00042 -2.17781e-02 | 62 -0.00011 -2.72678e-02 | 63  0.00036 -3.52613e-02
 64  0.00103 -4.58936e-02 | 65  0.00193 -5.88881e-02 | 66  0.00310 -7.34104e-02
 67  0.00457 -8.77850e-02 | 68  0.00637 -1.00378e-01 | 69  0.00849 -1.12418e-01
 70  0.01088 -1.33116e-01 | 71  0.01343 -1.82685e-01 | 72  0.01596 -2.80121e-01
 73  0.01843 -4.08945e-01 | 74  0.02102 -4.97934e-01 | 75  0.02388 -4.84130e-01
 76  0.02666 -3.96084e-01 | 77  0.02896 -2.80606e-01 | 78  0.03070 -1.23909e-01
 79  0.03155  1.60924e-02 | 80  0.03087  8.28038e-03 | 81  0.02859 -1.83888e-01
 82  0.02547 -4.37045e-01 | 83  0.02226 -6.00009e-01 | 84  0.01917 -6.05157e-01
 85  0.01584 -5.07175e-01 | 86  0.01186 -4.15350e-01 | 87  0.00743 -3.70502e-01
 88  0.00317 -3.48105e-01 | 89 -0.00040 -3.30159e-01 | 90 -0.00306 -3.18186e-01
 91 -0.00489 -3.18595e-01 | 92 -0.00619 -3.35851e-01 | 93 -0.00725 -3.67069e-01
 94 -0.00814 -3.95511e-01 | 95 -0.00876 -4.04833e-01 | 96 -0.00908 -3.97136e-01
 97 -0.00904 -3.31718e-01 | 98 -0.00894 -2.42547e-01 | 99 -0.00850 -1.61328e-01
100 -0.00675 -2.92987e-01 |101 -0.00297 -3.54537e-01 |102  0.00261 -2.09404e-01
103  0.00457 -2.50151e-01 |104  0.00849  8.04207e-02 |105  0.01151  3.95007e-01
106  0.00794  5.89764e-01 |107  0.00289  5.63372e-01 |108  0.00302  6.23426e-01
109  0.00763  1.14483e+00 |110  0.00675  7.50969e-01 |111  0.00789  5.90738e-01
112  0.01183  7.26026e-01 |113  0.00894  9.08355e-01 |114  0.01217  1.01703e+00
115 -0.00948  5.47161e-01 |116 -0.05315  3.31867e-01 |117 -0.07087  1.10707e-01
118 -0.07353  6.28138e-01 |119 -0.05811  2.50118e-01 |120  0.05193  5.85983e-01
121  0.02923  7.08652e-01 |122  0.02342  2.89622e-01 |123 -0.03823  2.27514e-01
124 -0.07439  1.56456e-01 |125 -0.01119  1.48760e-01 |126 -0.01039  1.24459e-01
127 -0.01724  4.62259e-02 |128  0.01911 -6.01557e-02 |129  0.08423 -4.18121e-02
130  0.01575 -1.42682e-01 |131  0.08725 -7.00478e-02 |132  0.01525 -2.58850e-03
133  0.14052 -8.40435e-02 |134 -0.00428 -9.99311e-02 |135 -0.03695  1.71553e-01
136 -0.05026 -1.07407e-01 |137 -0.01607 -2.03955e-01 |138  0.07078 -4.95948e-02
139  0.00356 -2.50521e-02 |140 -0.00095  2.02146e-02 |141 -0.03624 -2.14296e-01
142 -0.02023  2.13622e-02 |143 -0.00563  1.10950e-01 |144 -0.00001 -1.24816e-03
145  0.18950 -1.85808e+00 |146  0.10743  6.44825e-01 |

Intermediate statistics: 146 variables; iteration 20; function evaluation 26; phase 2
Function value 6.7296633e+03; maximum gradient component mag 3.0906e+02
Var    Value     Gradient |Var    Value     Gradient |Var    Value     Gradient
  1 -0.35144 -9.92584e+01 |  2  0.34172 -3.97350e+01 |  3 -0.18927  9.51423e+01
  4  0.08334 -1.33353e+01 |  5 -0.60659 -2.69382e+01 |  6 -0.65412 -1.23850e+02
  7  0.37622 -1.17891e+02 |  8 -0.18812 -2.99085e+02 |  9  0.03657 -1.57926e+02
 10 -0.56719 -5.29408e-01 | 11 -0.63509  3.09059e+02 | 12  0.10819 -8.32196e+01
 13 -0.00234  1.06207e+00 | 14 -0.00240  1.08941e+00 | 15 -0.00247  1.11684e+00
 16 -0.00253  1.14431e+00 | 17 -0.00259  1.17174e+00 | 18 -0.00265  1.19903e+00
 19 -0.00271  1.22611e+00 | 20 -0.00277  1.25287e+00 | 21 -0.00282  1.27922e+00
 22 -0.00287  1.30507e+00 | 23 -0.00291  1.33030e+00 | 24 -0.00295  1.35482e+00
 25 -0.00298  1.37849e+00 | 26 -0.00301  1.40115e+00 | 27 -0.00303  1.42264e+00
 28 -0.00305  1.44277e+00 | 29 -0.00306  1.46137e+00 | 30 -0.00306  1.47829e+00
 31 -0.00306  1.49341e+00 | 32 -0.00305  1.50655e+00 | 33 -0.00303  1.51756e+00
 34 -0.00301  1.52622e+00 | 35 -0.00298  1.53232e+00 | 36 -0.00295  1.53561e+00
 37 -0.00290  1.53591e+00 | 38 -0.00285  1.53307e+00 | 39 -0.00280  1.52702e+00
 40 -0.00274  1.51773e+00 | 41 -0.00267  1.50542e+00 | 42 -0.00260  1.49023e+00
 43 -0.00253  1.47240e+00 | 44 -0.00246  1.45224e+00 | 45 -0.00240  1.43009e+00
 46 -0.00236  1.40638e+00 | 47 -0.00234  1.38163e+00 | 48 -0.00236  1.35643e+00
 49 -0.00241  1.33147e+00 | 50 -0.00252  1.30752e+00 | 51 -0.00267  1.28549e+00
 52 -0.00287  1.26644e+00 | 53 -0.00312  1.25165e+00 | 54 -0.00341  1.24253e+00
 55 -0.00371  1.24053e+00 | 56 -0.00401  1.24714e+00 | 57 -0.00428  1.26375e+00
 58 -0.00450  1.29153e+00 | 59 -0.00462  1.33138e+00 | 60 -0.00462  1.38369e+00
 61 -0.00447  1.44829e+00 | 62 -0.00413  1.52418e+00 | 63 -0.00357  1.60955e+00
 64 -0.00276  1.70172e+00 | 65 -0.00169  1.79690e+00 | 66 -0.00032  1.89062e+00
 67  0.00135  1.97700e+00 | 68  0.00332  2.04887e+00 | 69  0.00559  2.09713e+00
 70  0.00811  2.10917e+00 | 71  0.01081  2.06807e+00 | 72  0.01357  1.95571e+00
 73  0.01627  1.76326e+00 | 74  0.01881  1.49857e+00 | 75  0.02107  1.16888e+00
 76  0.02279  7.56808e-01 | 77  0.02370  2.42562e-01 | 78  0.02369 -3.74463e-01
 79  0.02269 -1.10351e+00 | 80  0.02071 -1.95437e+00 | 81  0.01792 -2.91044e+00
 82  0.01454 -3.93559e+00 | 83  0.01067 -4.99717e+00 | 84  0.00627 -6.07181e+00
 85  0.00132 -7.14402e+00 | 86 -0.00406 -8.20522e+00 | 87 -0.00955 -9.25485e+00
 88 -0.01470 -1.02997e+01 | 89 -0.01907 -1.13516e+01 | 90 -0.02241 -1.24113e+01
 91 -0.02472 -1.34617e+01 | 92 -0.02616 -1.44600e+01 | 93 -0.02694 -1.53501e+01
 94 -0.02711 -1.60794e+01 | 95 -0.02664 -1.66046e+01 | 96 -0.02555 -1.68760e+01
 97 -0.02404 -1.68261e+01 | 98 -0.02232 -1.63747e+01 | 99 -0.01959 -1.55254e+01
100 -0.01415 -1.45221e+01 |101 -0.00611 -1.31381e+01 |102  0.00292 -1.12408e+01
103  0.00985 -8.59736e+00 |104  0.01707 -5.44380e+00 |105  0.02263 -1.84375e+00
106  0.02039  1.64597e+00 |107  0.01531  4.38323e+00 |108  0.01480  6.73749e+00
109  0.01809  9.31931e+00 |110  0.01803  1.14893e+01 |111  0.02188  1.45939e+01
112  0.02987  1.85178e+01 |113  0.03037  2.04650e+01 |114  0.03213  1.87981e+01
115  0.00140  1.01529e+01 |116 -0.04711  3.16203e+00 |117 -0.06251  2.32807e+00
118 -0.06136  4.54625e+00 |119 -0.06454 -5.61946e-02 |120  0.08718  1.22307e+01
121  0.05061  1.40072e+00 |122  0.02477 -8.77811e+00 |123 -0.03115 -4.99447e+00
124 -0.07389 -7.72904e+00 |125 -0.03009 -1.35499e+01 |126 -0.01388 -1.34783e+01
127 -0.02725 -9.93667e+00 |128  0.01201 -9.48408e+00 |129  0.07442 -1.09024e+01
130  0.00673 -2.12588e-01 |131  0.11385  1.26840e+01 |132  0.01343  3.48957e+00
133  0.14386  3.09846e+00 |134  0.00131  1.84000e+00 |135 -0.04058 -1.99006e+00
136 -0.06296 -2.84292e+00 |137 -0.02527 -1.88069e+00 |138  0.07895  3.43162e+00
139  0.00295 -7.22485e-01 |140 -0.00190  1.21430e-01 |141 -0.05103 -3.14664e+00
142 -0.02386 -5.12212e-01 |143  0.00155  1.14116e+00 |144 -0.00000 -3.96137e-04
145  0.03892 -3.00368e+01 |146 -0.03617 -3.87970e+01 |
146 variables; iteration 40; function evaluation 55; phase 2
Function value 6.7204671e+03; maximum gradient component mag -6.5699e+01
Var    Value     Gradient |Var    Value     Gradient |Var    Value     Gradient
  1 -0.31369 -2.42011e+01 |  2  0.33567 -2.94157e+01 |  3 -0.21332 -6.56991e+01
  4  0.11324 -4.66022e+01 |  5 -0.57754 -4.15841e+00 |  6 -0.66066 -1.42762e+01
  7  0.36928  4.54633e+00 |  8 -0.18617  7.91324e+00 |  9  0.04915  2.61957e+00
 10 -0.53275  1.50350e+00 | 11 -0.65227  4.51403e+00 | 12  0.10833 -3.15134e+00
 13 -0.00248  6.56783e-02 | 14 -0.00252  6.66237e-02 | 15 -0.00256  6.77509e-02
 16 -0.00259  6.90813e-02 | 17 -0.00262  7.06488e-02 | 18 -0.00265  7.24644e-02
 19 -0.00266  7.45434e-02 | 20 -0.00267  7.69042e-02 | 21 -0.00267  7.95619e-02
 22 -0.00267  8.25314e-02 | 23 -0.00265  8.58254e-02 | 24 -0.00262  8.94540e-02
 25 -0.00258  9.34232e-02 | 26 -0.00253  9.77323e-02 | 27 -0.00246  1.02372e-01
 28 -0.00238  1.07325e-01 | 29 -0.00229  1.12576e-01 | 30 -0.00219  1.18112e-01
 31 -0.00207  1.23946e-01 | 32 -0.00194  1.30086e-01 | 33 -0.00179  1.36546e-01
 34 -0.00163  1.43339e-01 | 35 -0.00146  1.50468e-01 | 36 -0.00127  1.57932e-01
 37 -0.00107  1.65719e-01 | 38 -0.00086  1.73833e-01 | 39 -0.00063  1.82289e-01
 40 -0.00040  1.91046e-01 | 41 -0.00015  2.00348e-01 | 42  0.00010  2.10272e-01
 43  0.00036  2.20958e-01 | 44  0.00061  2.32559e-01 | 45  0.00085  2.45173e-01
 46  0.00107  2.58852e-01 | 47  0.00127  2.73619e-01 | 48  0.00141  2.89378e-01
 49  0.00151  3.05938e-01 | 50  0.00153  3.22974e-01 | 51  0.00148  3.40003e-01
 52  0.00135  3.56426e-01 | 53  0.00113  3.71814e-01 | 54  0.00084  3.85952e-01
 55  0.00048  3.98979e-01 | 56  0.00009  4.11553e-01 | 57 -0.00033  4.24701e-01
 58 -0.00072  4.39394e-01 | 59 -0.00106  4.56633e-01 | 60 -0.00132  4.76720e-01
 61 -0.00145  4.99192e-01 | 62 -0.00144  5.22179e-01 | 63 -0.00125  5.42695e-01
 64 -0.00087  5.56602e-01 | 65 -0.00028  5.58303e-01 | 66  0.00052  5.42946e-01
 67  0.00153  5.04747e-01 | 68  0.00275  4.40553e-01 | 69  0.00420  3.53465e-01
 70  0.00593  2.59649e-01 | 71  0.00806  1.98027e-01 | 72  0.01073  2.09925e-01
 73  0.01358  2.40344e-01 | 74  0.01571  1.24250e-01 | 75  0.01720 -7.09766e-02
 76  0.01922 -4.81671e-02 | 77  0.02135  1.33543e-01 | 78  0.02142  4.95242e-02
 79  0.01820 -5.51125e-01 | 80  0.01475 -1.06530e+00 | 81  0.01352 -9.99005e-01
 82  0.01228 -8.22271e-01 | 83  0.00909 -9.50616e-01 | 84  0.00499 -1.15358e+00
 85  0.00094 -1.21017e+00 | 86 -0.00353 -1.25218e+00 | 87 -0.00806 -1.27297e+00
 88 -0.01199 -1.20708e+00 | 89 -0.01503 -1.08844e+00 | 90 -0.01702 -9.35302e-01
 91 -0.01796 -7.37089e-01 | 92 -0.01798 -4.73902e-01 | 93 -0.01743 -1.74750e-01
 94 -0.01685  4.45617e-02 | 95 -0.01681  1.65700e-02 | 96 -0.01767 -3.53593e-01
 97 -0.01776 -5.49014e-01 | 98 -0.01551 -8.68384e-02 | 99 -0.01185  5.61292e-01
100 -0.00663  8.84930e-01 |101 -0.00551 -5.00246e-01 |102  0.01026  1.47790e+00
103  0.00030 -2.10115e+00 |104  0.01443 -2.71935e-01 |105  0.01132 -1.90022e+00
106  0.01401 -7.69981e-01 |107  0.00477 -1.93726e+00 |108  0.00777 -1.43209e+00
109  0.01162 -1.07381e+00 |110  0.01181 -6.71506e-01 |111  0.01530  3.83008e-01
112  0.02066  1.55129e+00 |113  0.01642  1.49210e+00 |114  0.01921  4.32648e-01
115 -0.00480 -1.25901e+00 |116 -0.04853 -1.55802e+00 |117 -0.06575 -1.11231e+00
118 -0.07530 -2.28470e+00 |119 -0.06364 -1.14551e+00 |120  0.07105 -6.27676e-01
121  0.04585 -1.46015e+00 |122  0.02989 -1.50589e+00 |123 -0.03130 -1.42946e-01
124 -0.06977 -8.21711e-01 |125 -0.02355 -1.66974e+00 |126 -0.00816 -1.65968e+00
127 -0.02295  3.23369e-01 |128  0.01172 -7.23216e-01 |129  0.07798 -2.94861e-01
130  0.00366  1.97596e+00 |131  0.09714  4.79131e+00 |132  0.00659  4.66893e-01
133  0.13237 -2.45705e-01 |134 -0.00330 -8.19381e-01 |135 -0.03829 -2.61163e-01
136 -0.05546  4.02622e-01 |137 -0.02195  8.22688e-02 |138  0.06642 -2.40102e+00
139  0.00468  3.53572e-01 |140 -0.00140  6.15579e-01 |141 -0.04416 -1.48748e-01
142 -0.01838  5.72223e-01 |143 -0.00301  7.10053e-02 |144  0.00000  5.69150e-04
145  0.05332 -1.60904e+00 |146 -0.02693 -1.32002e+00 |

 - final statistics:
146 variables; iteration 51; function evaluation 73
Function value 6.7203e+03; maximum gradient component mag -7.7932e+00
Exit code = 1;  converg criter 1.0000e+01
Var    Value     Gradient |Var    Value     Gradient |Var    Value     Gradient
  1 -0.30978 -6.99179e-01 |  2  0.33189 -3.64052e+00 |  3 -0.21727 -7.79321e+00
  4  0.12388 -5.67313e+00 |  5 -0.57386 -1.44074e-02 |  6 -0.66262 -3.75438e-02
  7  0.36733  6.59957e-01 |  8 -0.18794  7.49142e-01 |  9  0.05372  8.05312e-01
 10 -0.53463 -2.64038e-01 | 11 -0.65286 -1.19600e+00 | 12  0.12128  7.36261e-01
 13 -0.00230 -5.23980e-03 | 14 -0.00233 -5.02487e-03 | 15 -0.00236 -4.81703e-03
 16 -0.00238 -4.61905e-03 | 17 -0.00239 -4.43607e-03 | 18 -0.00240 -4.26883e-03
 19 -0.00240 -4.11879e-03 | 20 -0.00240 -3.98789e-03 | 21 -0.00239 -3.87733e-03
 22 -0.00237 -3.78805e-03 | 23 -0.00234 -3.72041e-03 | 24 -0.00230 -3.67403e-03
 25 -0.00225 -3.64753e-03 | 26 -0.00218 -3.63801e-03 | 27 -0.00211 -3.64059e-03
 28 -0.00202 -3.64848e-03 | 29 -0.00192 -3.65410e-03 | 30 -0.00181 -3.65035e-03
 31 -0.00168 -3.63446e-03 | 32 -0.00154 -3.60265e-03 | 33 -0.00139 -3.55197e-03
 34 -0.00122 -3.47873e-03 | 35 -0.00104 -3.37760e-03 | 36 -0.00085 -3.24148e-03
 37 -0.00064 -3.06131e-03 | 38 -0.00042 -2.83029e-03 | 39 -0.00019 -2.54284e-03
 40  0.00005 -2.18388e-03 | 41  0.00030 -1.78553e-03 | 42  0.00055 -1.35086e-03
 43  0.00081 -8.93730e-04 | 44  0.00105 -4.30101e-04 | 45  0.00129  3.01312e-05
 46  0.00149  4.79203e-04 | 47  0.00167  9.06186e-04 | 48  0.00179  1.30633e-03
 49  0.00185  1.67543e-03 | 50  0.00184  2.01594e-03 | 51  0.00176  2.34782e-03
 52  0.00159  2.71578e-03 | 53  0.00134  3.16338e-03 | 54  0.00101  3.73379e-03
 55  0.00062  4.43883e-03 | 56  0.00019  5.20557e-03 | 57 -0.00026  5.86445e-03
 58 -0.00071  6.19647e-03 | 59 -0.00113  5.91578e-03 | 60 -0.00148  4.81155e-03
 61 -0.00173  2.79160e-03 | 62 -0.00184  2.80406e-05 | 63 -0.00178 -3.08150e-03
 64 -0.00151 -5.92322e-03 | 65 -0.00100 -7.68977e-03 | 66 -0.00022 -7.92463e-03
 67  0.00086 -6.51095e-03 | 68  0.00224 -4.50837e-03 | 69  0.00392 -4.07112e-03
 70  0.00588 -6.05749e-03 | 71  0.00809 -4.96438e-03 | 72  0.01054  7.59352e-03
 73  0.01303  1.86497e-02 | 74  0.01537  1.76806e-02 | 75  0.01745  2.80746e-02
 76  0.01900  3.44741e-02 | 77  0.01994  6.19243e-02 | 78  0.02007  8.74955e-02
 79  0.01929  8.86297e-02 | 80  0.01798  1.20237e-01 | 81  0.01599  1.25311e-01
 82  0.01360  1.45402e-01 | 83  0.01073  1.68247e-01 | 84  0.00725  1.73022e-01
 85  0.00332  1.97599e-01 | 86 -0.00103  2.20156e-01 | 87 -0.00551  2.34353e-01
 88 -0.00968  2.36206e-01 | 89 -0.01313  2.30524e-01 | 90 -0.01563  2.14469e-01
 91 -0.01721  1.84860e-01 | 92 -0.01812  1.39800e-01 | 93 -0.01856  8.90479e-02
 94 -0.01857  6.52323e-02 | 95 -0.01796  1.11141e-01 | 96 -0.01676  2.33558e-01
 97 -0.01566  2.91495e-01 | 98 -0.01520  1.89417e-01 | 99 -0.01427  3.78541e-02
100 -0.01050 -2.77628e-02 |101 -0.00356  1.43629e-01 |102  0.00317  5.15790e-02
103  0.00792  1.01492e-01 |104  0.01321  1.59308e-01 |105  0.01661  1.46168e-01
106  0.01369  2.29365e-01 |107  0.00924  1.22197e-01 |108  0.01010  6.25103e-02
109  0.01344  3.72114e-02 |110  0.01412 -9.24114e-03 |111  0.01582 -1.39212e-01
112  0.01843 -3.24639e-01 |113  0.01452 -4.56484e-01 |114  0.01950 -3.45766e-01
115 -0.00122 -6.44359e-02 |116 -0.04542  1.68093e-01 |117 -0.06489 -1.79923e-02
118 -0.07113 -1.02200e-02 |119 -0.06200 -4.72296e-02 |120  0.07012 -2.11369e-01
121  0.04777 -1.30252e-01 |122  0.03252 -5.99737e-02 |123 -0.03156  2.74627e-02
124 -0.06824  7.41741e-02 |125 -0.02160  4.06372e-02 |126 -0.00578 -9.95957e-02
127 -0.02656 -2.21403e-01 |128  0.01336  6.26545e-02 |129  0.07648 -1.43349e-01
130  0.00024 -1.29132e-01 |131  0.08626 -6.13701e-01 |132  0.00448 -3.35230e-01
133  0.12886 -9.09630e-03 |134 -0.00184  1.30971e-01 |135 -0.03722  8.12912e-02
136 -0.05649 -3.15465e-02 |137 -0.02212  1.89826e-01 |138  0.07096  2.13073e-01
139  0.00377 -2.52572e-01 |140 -0.00239  1.00837e-01 |141 -0.04405 -5.96141e-02
142 -0.02046 -1.29286e-01 |143 -0.00280  2.84177e-02 |144 -0.00000 -6.94085e-05
145  0.03878  1.31001e-01 |146 -0.04135  3.63361e-01 |

Initial statistics: 176 variables; iteration 0; function evaluation 0; phase 3
Function value 6.7202584e+03; maximum gradient component mag -7.7932e+00
Var    Value     Gradient |Var    Value     Gradient |Var    Value     Gradient
  1 -0.30978 -6.99179e-01 |  2  0.33189 -3.64052e+00 |  3 -0.21727 -7.79321e+00
  4  0.12388 -5.67313e+00 |  5 -0.57386 -1.44074e-02 |  6 -0.66262 -3.75438e-02
  7  0.36733  6.59957e-01 |  8 -0.18794  7.49142e-01 |  9  0.05372  8.05312e-01
 10 -0.53463 -2.64038e-01 | 11 -0.65286 -1.19600e+00 | 12  0.12128  7.36261e-01
 13 -0.00230 -5.23980e-03 | 14 -0.00233 -5.02487e-03 | 15 -0.00236 -4.81703e-03
 16 -0.00238 -4.61905e-03 | 17 -0.00239 -4.43607e-03 | 18 -0.00240 -4.26883e-03
 19 -0.00240 -4.11879e-03 | 20 -0.00240 -3.98789e-03 | 21 -0.00239 -3.87733e-03
 22 -0.00237 -3.78805e-03 | 23 -0.00234 -3.72041e-03 | 24 -0.00230 -3.67403e-03
 25 -0.00225 -3.64753e-03 | 26 -0.00218 -3.63801e-03 | 27 -0.00211 -3.64059e-03
 28 -0.00202 -3.64848e-03 | 29 -0.00192 -3.65410e-03 | 30 -0.00181 -3.65035e-03
 31 -0.00168 -3.63446e-03 | 32 -0.00154 -3.60265e-03 | 33 -0.00139 -3.55197e-03
 34 -0.00122 -3.47873e-03 | 35 -0.00104 -3.37760e-03 | 36 -0.00085 -3.24148e-03
 37 -0.00064 -3.06131e-03 | 38 -0.00042 -2.83029e-03 | 39 -0.00019 -2.54284e-03
 40  0.00005 -2.18388e-03 | 41  0.00030 -1.78553e-03 | 42  0.00055 -1.35086e-03
 43  0.00081 -8.93730e-04 | 44  0.00105 -4.30101e-04 | 45  0.00129  3.01312e-05
 46  0.00149  4.79203e-04 | 47  0.00167  9.06186e-04 | 48  0.00179  1.30633e-03
 49  0.00185  1.67543e-03 | 50  0.00184  2.01594e-03 | 51  0.00176  2.34782e-03
 52  0.00159  2.71578e-03 | 53  0.00134  3.16338e-03 | 54  0.00101  3.73379e-03
 55  0.00062  4.43883e-03 | 56  0.00019  5.20557e-03 | 57 -0.00026  5.86445e-03
 58 -0.00071  6.19647e-03 | 59 -0.00113  5.91578e-03 | 60 -0.00148  4.81155e-03
 61 -0.00173  2.79160e-03 | 62 -0.00184  2.80406e-05 | 63 -0.00178 -3.08150e-03
 64 -0.00151 -5.92322e-03 | 65 -0.00100 -7.68977e-03 | 66 -0.00022 -7.92463e-03
 67  0.00086 -6.51095e-03 | 68  0.00224 -4.50837e-03 | 69  0.00392 -4.07112e-03
 70  0.00588 -6.05749e-03 | 71  0.00809 -4.96438e-03 | 72  0.01054  7.59352e-03
 73  0.01303  1.86497e-02 | 74  0.01537  1.76806e-02 | 75  0.01745  2.80746e-02
 76  0.01900  3.44741e-02 | 77  0.01994  6.19243e-02 | 78  0.02007  8.74955e-02
 79  0.01929  8.86297e-02 | 80  0.01798  1.20237e-01 | 81  0.01599  1.25311e-01
 82  0.01360  1.45402e-01 | 83  0.01073  1.68247e-01 | 84  0.00725  1.73022e-01
 85  0.00332  1.97599e-01 | 86 -0.00103  2.20156e-01 | 87 -0.00551  2.34353e-01
 88 -0.00968  2.36206e-01 | 89 -0.01313  2.30524e-01 | 90 -0.01563  2.14469e-01
 91 -0.01721  1.84860e-01 | 92 -0.01812  1.39800e-01 | 93 -0.01856  8.90479e-02
 94 -0.01857  6.52323e-02 | 95 -0.01796  1.11141e-01 | 96 -0.01676  2.33558e-01
 97 -0.01566  2.91495e-01 | 98 -0.01520  1.89417e-01 | 99 -0.01427  3.78541e-02
100 -0.01050 -2.77628e-02 |101 -0.00356  1.43629e-01 |102  0.00317  5.15790e-02
103  0.00792  1.01492e-01 |104  0.01321  1.59308e-01 |105  0.01661  1.46168e-01
106  0.01369  2.29365e-01 |107  0.00924  1.22197e-01 |108  0.01010  6.25103e-02
109  0.01344  3.72114e-02 |110  0.01412 -9.24114e-03 |111  0.01582 -1.39212e-01
112  0.01843 -3.24639e-01 |113  0.01452 -4.56484e-01 |114  0.01950 -3.45766e-01
115 -0.00122 -6.44359e-02 |116 -0.04542  1.68093e-01 |117 -0.06489 -1.79923e-02
118 -0.07113 -1.02200e-02 |119 -0.06200 -4.72296e-02 |120  0.07012 -2.11369e-01
121  0.04777 -1.30252e-01 |122  0.03252 -5.99737e-02 |123 -0.03156  2.74627e-02
124 -0.06824  7.41741e-02 |125 -0.02160  4.06372e-02 |126 -0.00578 -9.95957e-02
127 -0.02656 -2.21403e-01 |128  0.01336  6.26545e-02 |129  0.07648 -1.43349e-01
130  0.00024 -1.29132e-01 |131  0.08626 -6.13701e-01 |132  0.00448 -3.35230e-01
133  0.12886 -9.09630e-03 |134 -0.00184  1.30971e-01 |135 -0.03722  8.12912e-02
136 -0.05649 -3.15465e-02 |137 -0.02212  1.89826e-01 |138  0.07096  2.13073e-01
139  0.00377 -2.52572e-01 |140 -0.00239  1.00837e-01 |141 -0.04405 -5.96141e-02
142 -0.02046 -1.29286e-01 |143 -0.00280  2.84177e-02 |144 -0.00000 -6.94085e-05
145  0.03878  1.31001e-01 |146 -0.04135  3.63361e-01 |147  0.04662 -1.56607e-02
148  0.29671 -2.00260e-03 |149 -0.47543 -3.53280e-03 |150  0.31377  1.84520e-03
151  0.18255 -7.87539e-03 |152  0.25986  1.11117e-02 |153  0.17459 -3.08218e-02
154  0.25418  2.37800e-02 |155  0.10351 -3.32630e-03 |156  0.29677  2.09784e-03
157  0.16893 -8.63779e-02 |158  0.24623  9.77506e-02 |159 -0.35197 -1.97095e-01
160  0.24281 -1.36191e-01 |161  0.20265 -6.29981e-02 |162  0.31675  2.83466e-01
163 -0.38040  1.78553e-01 |164  0.23607 -4.16761e-02 |165  0.05118  2.07825e-02
166  0.11969 -1.22276e-01 |167  0.32140  1.15146e-01 |168  0.27252  3.06623e-02
169  0.01343 -6.37529e-02 |170  0.39319 -1.25499e-02 |171  0.09932 -9.44925e-02
172  0.16368 -3.18231e-02 |173  0.21870  1.57052e-02 |174  0.25726  1.38336e-02
175 -0.55411 -3.69903e-01 |176  0.17113  9.16796e-02 |

Intermediate statistics: 176 variables; iteration 20; function evaluation 26; phase 3
Function value 6.7201659e+03; maximum gradient component mag 2.0258e+01
Var    Value     Gradient |Var    Value     Gradient |Var    Value     Gradient
  1 -0.31048 -1.56144e+00 |  2  0.33142  2.51501e+00 |  3 -0.21796  2.67432e-02
  4  0.12543  1.35371e-01 |  5 -0.57428 -5.41962e-01 |  6 -0.66286 -1.25734e+00
  7  0.36743  1.56180e+00 |  8 -0.18854  1.19399e+00 |  9  0.05404  3.99624e-01
 10 -0.53506 -4.49533e-01 | 11 -0.65279  3.16115e+00 | 12  0.10348  2.02578e+01
 13 -0.00228  7.26756e-03 | 14 -0.00231  6.49440e-03 | 15 -0.00234  5.69511e-03
 16 -0.00236  4.87023e-03 | 17 -0.00238  4.02495e-03 | 18 -0.00240  3.15371e-03
 19 -0.00240  2.25178e-03 | 20 -0.00240  1.31453e-03 | 21 -0.00240  3.34651e-04
 22 -0.00238 -6.96981e-04 | 23 -0.00236 -1.79208e-03 | 24 -0.00232 -2.96527e-03
 25 -0.00227 -4.23534e-03 | 26 -0.00222 -5.62578e-03 | 27 -0.00215 -7.16660e-03
 28 -0.00207 -8.89399e-03 | 29 -0.00197 -1.08480e-02 | 30 -0.00187 -1.30695e-02
 31 -0.00175 -1.55924e-02 | 32 -0.00162 -1.84546e-02 | 33 -0.00148 -2.16944e-02
 34 -0.00132 -2.53534e-02 | 35 -0.00115 -2.94782e-02 | 36 -0.00098 -3.41192e-02
 37 -0.00079 -3.93313e-02 | 38 -0.00059 -4.51630e-02 | 39 -0.00038 -5.16576e-02
 40 -0.00016 -5.88751e-02 | 41  0.00007 -6.67693e-02 | 42  0.00029 -7.53500e-02
 43  0.00052 -8.45946e-02 | 44  0.00074 -9.44659e-02 | 45  0.00094 -1.04928e-01
 46  0.00111 -1.15936e-01 | 47  0.00125 -1.27423e-01 | 48  0.00133 -1.39320e-01
 49  0.00136 -1.51537e-01 | 50  0.00132 -1.63979e-01 | 51  0.00119 -1.76563e-01
 52  0.00098 -1.89236e-01 | 53  0.00070 -2.01931e-01 | 54  0.00033 -2.14558e-01
 55 -0.00010 -2.26948e-01 | 56 -0.00057 -2.38722e-01 | 57 -0.00105 -2.49260e-01
 58 -0.00153 -2.57781e-01 | 59 -0.00196 -2.63315e-01 | 60 -0.00230 -2.65016e-01
 61 -0.00253 -2.62288e-01 | 62 -0.00260 -2.55131e-01 | 63 -0.00249 -2.44085e-01
 64 -0.00216 -2.30205e-01 | 65 -0.00160 -2.14948e-01 | 66 -0.00077 -1.98959e-01
 67  0.00035 -1.82015e-01 | 68  0.00178 -1.61416e-01 | 69  0.00354 -1.32633e-01
 70  0.00562 -9.45369e-02 | 71  0.00795 -5.79021e-02 | 72  0.01038 -3.56835e-02
 73  0.01290 -4.50683e-03 | 74  0.01542  4.86530e-02 | 75  0.01758  8.97228e-02
 76  0.01925  1.39360e-01 | 77  0.02013  1.68270e-01 | 78  0.02022  2.01807e-01
 79  0.01967  2.63598e-01 | 80  0.01826  2.89267e-01 | 81  0.01644  3.46277e-01
 82  0.01404  3.81129e-01 | 83  0.01112  4.05840e-01 | 84  0.00776  4.54603e-01
 85  0.00366  4.57464e-01 | 86 -0.00089  4.49256e-01 | 87 -0.00552  4.46345e-01
 88 -0.00974  4.65006e-01 | 89 -0.01321  4.98410e-01 | 90 -0.01568  5.56200e-01
 91 -0.01717  6.47090e-01 | 92 -0.01790  7.74738e-01 | 93 -0.01820  9.09907e-01
 94 -0.01848  9.59879e-01 | 95 -0.01901  8.05326e-01 | 96 -0.01972  4.29064e-01
 97 -0.01949  2.05372e-01 | 98 -0.01740  4.28408e-01 | 99 -0.01314  7.52586e-01
100 -0.00751  8.43458e-01 |101 -0.00182  3.32920e-01 |102  0.00360  3.18699e-01
103  0.00863  3.01084e-01 |104  0.01423  1.53273e-01 |105  0.01523  1.47204e-02
106  0.01206  7.87238e-02 |107  0.00937  3.34271e-01 |108  0.01022  4.18574e-01
109  0.01248  3.44000e-01 |110  0.01164  2.00604e-01 |111  0.01611  1.25504e-01
112  0.01865  9.04855e-02 |113  0.01545  3.95986e-01 |114  0.02005  7.47540e-01
115 -0.00085  1.00847e+00 |116 -0.04515  9.68392e-01 |117 -0.06348  1.05488e+00
118 -0.07099  4.11453e-01 |119 -0.06179  3.28529e-01 |120  0.07076  7.62957e-01
121  0.04829  4.06421e-01 |122  0.03257 -4.38659e-02 |123 -0.03177 -1.93299e-01
124 -0.06807  4.62085e-02 |125 -0.02201 -3.46160e-01 |126 -0.00548 -2.35865e-01
127 -0.02465  1.34753e-01 |128  0.01148 -5.93513e-01 |129  0.07815  1.74259e-01
130 -0.00013 -2.16959e-01 |131  0.08713 -3.33299e-01 |132  0.00498 -1.50132e-01
133  0.12975  4.09553e-01 |134 -0.00183  1.20195e-01 |135 -0.03759 -9.05755e-02
136 -0.05698 -2.05728e-01 |137 -0.02431 -5.85275e-01 |138  0.06977 -2.22701e-01
139  0.00495  3.07226e-01 |140 -0.00351 -2.70795e-01 |141 -0.04310  2.35723e-01
142 -0.01883  3.37228e-01 |143 -0.00302 -4.18874e-02 |144 -0.00000  5.36319e-05
145  0.05254  1.65651e+00 |146 -0.04259  1.55015e+01 |147  0.05131 -1.52964e-02
148  0.29744 -3.18117e-03 |149 -0.47434 -3.65919e-03 |150  0.31320  1.87634e-03
151  0.18502 -1.02200e-02 |152  0.25639  1.38427e-02 |153  0.18416 -3.56507e-02
154  0.24676  2.94061e-02 |155  0.10451 -3.42161e-03 |156  0.29620  1.45438e-03
157  0.19628 -1.15085e-01 |158  0.21551  1.20709e-01 |159 -0.28789 -1.64848e-02
160  0.28787 -1.29466e-01 |161  0.21889  5.55072e-02 |162  0.23487 -1.73507e-02
163 -0.43446  9.46747e-02 |164  0.24790  9.57995e-03 |165  0.04588  6.54381e-02
166  0.15821 -1.76585e-01 |167  0.28433  7.71843e-02 |168  0.26235  8.54919e-02
169  0.03325 -7.74470e-02 |170  0.39714 -1.32424e-02 |171  0.13374 -1.27556e-01
172  0.17341 -3.34306e-02 |173  0.21206  3.11266e-02 |174  0.25303  1.58248e-02
175 -0.43237  3.15672e+00 |176  0.14303  4.11375e-01 |
176 variables; iteration 40; function evaluation 51; phase 3
Function value 6.7198765e+03; maximum gradient component mag 4.0028e+01
Var    Value     Gradient |Var    Value     Gradient |Var    Value     Gradient
  1 -0.31223 -4.67084e+00 |  2  0.32961 -3.54842e+00 |  3 -0.22106 -1.31533e+01
  4  0.13107 -2.28498e+00 |  5 -0.57379 -1.87269e+00 |  6 -0.66383 -8.64572e+00
  7  0.36436  4.89340e+00 |  8 -0.19408  4.00276e+01 |  9  0.06329  1.66612e+01
 10 -0.53457 -8.08952e-01 | 11 -0.65461 -2.55745e+00 | 12  0.01521 -1.96294e+01
 13 -0.00053  5.81742e-02 | 14 -0.00052  5.87558e-02 | 15 -0.00051  5.90537e-02
 16 -0.00049  5.90273e-02 | 17 -0.00047  5.86254e-02 | 18 -0.00044  5.78075e-02
 19 -0.00041  5.65267e-02 | 20 -0.00037  5.47311e-02 | 21 -0.00033  5.23675e-02
 22 -0.00028  4.93787e-02 | 23 -0.00022  4.57060e-02 | 24 -0.00016  4.12895e-02
 25 -0.00008  3.60676e-02 | 26 -0.00000  2.99794e-02 | 27  0.00009  2.29639e-02
 28  0.00019  1.49590e-02 | 29  0.00030  5.89706e-03 | 30  0.00041 -4.29766e-03
 31  0.00054 -1.57188e-02 | 32  0.00067 -2.84562e-02 | 33  0.00081 -4.25979e-02
 34  0.00095 -5.82208e-02 | 35  0.00110 -7.53868e-02 | 36  0.00126 -9.41395e-02
 37  0.00142 -1.14507e-01 | 38  0.00158 -1.36511e-01 | 39  0.00175 -1.60159e-01
 40  0.00192 -1.85412e-01 | 41  0.00209 -2.12347e-01 | 42  0.00225 -2.40924e-01
 43  0.00240 -2.71099e-01 | 44  0.00253 -3.02794e-01 | 45  0.00264 -3.35869e-01
 46  0.00272 -3.70116e-01 | 47  0.00275 -4.05266e-01 | 48  0.00272 -4.40947e-01
 49  0.00263 -4.76720e-01 | 50  0.00246 -5.12067e-01 | 51  0.00221 -5.46369e-01
 52  0.00188 -5.78870e-01 | 53  0.00147 -6.08779e-01 | 54  0.00099 -6.35226e-01
 55  0.00046 -6.57365e-01 | 56 -0.00010 -6.74521e-01 | 57 -0.00068 -6.86187e-01
 58 -0.00123 -6.91905e-01 | 59 -0.00173 -6.91393e-01 | 60 -0.00214 -6.84209e-01
 61 -0.00244 -6.69793e-01 | 62 -0.00257 -6.47223e-01 | 63 -0.00252 -6.15493e-01
 64 -0.00223 -5.73505e-01 | 65 -0.00167 -5.19861e-01 | 66 -0.00082 -4.54199e-01
 67  0.00034 -3.76995e-01 | 68  0.00182 -2.92895e-01 | 69  0.00356 -2.12834e-01
 70  0.00549 -1.49385e-01 | 71  0.00766 -8.45292e-02 | 72  0.01037  7.31068e-02
 73  0.01317  2.37849e-01 | 74  0.01449  9.97040e-02 | 75  0.01612  1.03003e-01
 76  0.01606 -1.43578e-01 | 77  0.01954  5.12949e-01 | 78  0.02188  1.09031e+00
 79  0.01792  4.85152e-01 | 80  0.01893  1.08561e+00 | 81  0.01512  7.44311e-01
 82  0.01282  8.27890e-01 | 83  0.00999  8.84232e-01 | 84  0.00594  7.61656e-01
 85  0.00196  7.65562e-01 | 86 -0.00262  7.03250e-01 | 87 -0.00758  5.47247e-01
 88 -0.01232  3.44511e-01 | 89 -0.01620  1.62290e-01 | 90 -0.01902  8.35907e-03
 91 -0.02085 -1.20279e-01 | 92 -0.02190 -2.19386e-01 | 93 -0.02252 -3.06162e-01
 94 -0.02304 -4.52518e-01 | 95 -0.02369 -7.41637e-01 | 96 -0.02432 -1.13803e+00
 97 -0.02422 -1.29344e+00 | 98 -0.02056 -7.28421e-01 | 99 -0.01472 -2.20037e-01
100 -0.00778 -2.45843e-01 |101 -0.00111 -4.81273e-01 |102 -0.00274 -2.10042e+00
103  0.00623 -1.60012e+00 |104  0.01299 -1.50800e+00 |105  0.00747 -2.95099e+00
106  0.01260 -1.19541e+00 |107  0.00702 -1.35611e+00 |108  0.00662 -1.08826e+00
109  0.00701 -3.44559e-01 |110  0.00954  9.81198e-01 |111  0.01657  1.64691e+00
112  0.01579  7.10833e-01 |113  0.01276  5.02515e-01 |114  0.01976  1.06037e+00
115 -0.00277  7.83819e-01 |116 -0.04929 -7.80748e-02 |117 -0.06417  1.41162e+00
118 -0.07069  1.33961e+00 |119 -0.06024  1.81518e+00 |120  0.07045  2.31050e+00
121  0.04617  5.32362e-01 |122  0.03065 -4.72476e-01 |123 -0.03289 -3.61164e-01
124 -0.06776  3.94177e-01 |125 -0.02283 -1.27745e-01 |126 -0.00579  2.62448e-02
127 -0.02455  3.57962e-01 |128  0.01220 -4.24012e-01 |129  0.07626  2.67702e-01
130  0.00223  1.09833e-01 |131  0.08397 -1.06183e+00 |132  0.00457 -2.44564e-01
133  0.12925  8.42160e-01 |134  0.00064  7.31662e-01 |135 -0.03725 -2.94877e-01
136 -0.05733 -6.26787e-01 |137 -0.02507 -8.39979e-01 |138  0.07185  1.01757e+00
139  0.00267 -7.94817e-01 |140 -0.00251  1.84642e-02 |141 -0.04314  2.18492e-01
142 -0.01894  1.88691e-01 |143 -0.00355 -2.28114e-01 |144 -0.00003 -1.57400e-03
145  0.13669 -9.44909e+00 |146  0.06214 -6.95434e+00 |147  0.08781  1.03746e-02
148  0.30672 -1.31294e-02 |149 -0.46425 -4.87891e-03 |150  0.30805  2.23771e-03
151  0.21592 -3.48808e-02 |152  0.21553  3.99209e-02 |153  0.26539  2.04584e-02
154  0.17553  9.48995e-03 |155  0.11347 -3.39992e-03 |156  0.29314 -3.94860e-03
157  0.34966  7.25341e-03 |158 -0.00731 -3.01803e-03 |159 -0.16446 -1.68507e+00
160  0.67361  2.54393e-03 |161  0.27665  4.84833e-02 |162 -0.20767 -1.06278e-03
163 -0.80494 -1.01550e-02 |164  0.30754  2.93123e-03 |165 -0.02299  4.60570e-01
166  0.43241  1.60815e-01 |167  0.03682 -1.12225e-01 |168  0.17397 -1.22600e-01
169  0.20911 -2.36546e-02 |170  0.42826  6.28680e-03 |171  0.56240 -2.74004e-02
172  0.24287  5.23785e-02 |173  0.11309  2.16372e-02 |174  0.21360 -4.03431e-04
175 -0.43575 -1.98752e+00 |176 -0.06195 -3.16938e-04 |
176 variables; iteration 60; function evaluation 80; phase 3
Function value 6.7196761e+03; maximum gradient component mag 1.5524e+01
Var    Value     Gradient |Var    Value     Gradient |Var    Value     Gradient
  1 -0.31059  3.86797e+00 |  2  0.33079  4.18538e+00 |  3 -0.22173  1.55236e+01
  4  0.12938  6.12910e+00 |  5 -0.57160  1.22215e+00 |  6 -0.66387  6.28721e-01
  7  0.36428  3.16025e+00 |  8 -0.19886  1.50705e+01 |  9  0.06724  3.90992e+00
 10 -0.52879  1.30509e+00 | 11 -0.65634  3.84470e-01 | 12 -0.03128  6.08033e+00
 13 -0.00032 -9.48736e-02 | 14 -0.00031 -9.75355e-02 | 15 -0.00029 -1.00300e-01
 16 -0.00027 -1.03177e-01 | 17 -0.00024 -1.06174e-01 | 18 -0.00020 -1.09299e-01
 19 -0.00016 -1.12560e-01 | 20 -0.00011 -1.15964e-01 | 21 -0.00006 -1.19516e-01
 22  0.00000 -1.23219e-01 | 23  0.00007 -1.27072e-01 | 24  0.00015 -1.31068e-01
 25  0.00024 -1.35196e-01 | 26  0.00034 -1.39439e-01 | 27  0.00045 -1.43780e-01
 28  0.00057 -1.48201e-01 | 29  0.00070 -1.52685e-01 | 30  0.00084 -1.57212e-01
 31  0.00099 -1.61747e-01 | 32  0.00115 -1.66240e-01 | 33  0.00132 -1.70613e-01
 34  0.00150 -1.74769e-01 | 35  0.00169 -1.78596e-01 | 36  0.00189 -1.81982e-01
 37  0.00210 -1.84828e-01 | 38  0.00231 -1.87053e-01 | 39  0.00253 -1.88594e-01
 40  0.00276 -1.89444e-01 | 41  0.00299 -1.89460e-01 | 42  0.00321 -1.88613e-01
 43  0.00343 -1.86865e-01 | 44  0.00364 -1.84199e-01 | 45  0.00382 -1.80633e-01
 46  0.00397 -1.76191e-01 | 47  0.00407 -1.70865e-01 | 48  0.00412 -1.64669e-01
 49  0.00410 -1.57632e-01 | 50  0.00400 -1.49849e-01 | 51  0.00382 -1.41543e-01
 52  0.00354 -1.33070e-01 | 53  0.00317 -1.24760e-01 | 54  0.00271 -1.16803e-01
 55  0.00219 -1.09004e-01 | 56  0.00161 -1.00544e-01 | 57  0.00102 -9.03066e-02
 58  0.00044 -7.75937e-02 | 59 -0.00010 -6.25287e-02 | 60 -0.00057 -4.63856e-02
 61 -0.00094 -3.09846e-02 | 62 -0.00118 -1.80960e-02 | 63 -0.00126 -8.83595e-03
 64 -0.00115 -3.81769e-03 | 65 -0.00083 -3.98454e-03 | 66 -0.00026 -1.08108e-02
 67  0.00055 -2.58505e-02 | 68  0.00166 -4.28994e-02 | 69  0.00313 -4.32983e-02
 70  0.00495 -2.93444e-02 | 71  0.00694 -2.98760e-02 | 72  0.00902 -5.03884e-02
 73  0.01131 -3.48865e-02 | 74  0.01370  2.53888e-02 | 75  0.01426 -2.49803e-01
 76  0.01594 -1.72134e-01 | 77  0.01716 -5.28514e-02 | 78  0.01361 -7.89309e-01
 79  0.01525 -2.57220e-01 | 80  0.01750  5.58927e-01 | 81  0.01176 -2.48363e-01
 82  0.00923 -2.61539e-01 | 83  0.00637 -2.46387e-01 | 84  0.00304 -2.23001e-01
 85 -0.00096 -2.34418e-01 | 86 -0.00494 -1.45912e-01 | 87 -0.00931 -1.32204e-01
 88 -0.01336 -1.25397e-01 | 89 -0.01668 -1.16454e-01 | 90 -0.01907 -1.06118e-01
 91 -0.02057 -8.65630e-02 | 92 -0.02143 -6.55329e-02 | 93 -0.02196 -5.27715e-02
 94 -0.02227 -6.61232e-02 | 95 -0.02235 -1.35754e-01 | 96 -0.02227 -3.03810e-01
 97 -0.02226 -5.15659e-01 | 98 -0.02154 -7.93480e-01 | 99 -0.01822 -8.90495e-01
100 -0.01141 -7.30762e-01 |101 -0.00523 -7.87512e-01 |102  0.00015 -3.97157e-01
103  0.00621 -1.41965e-01 |104  0.01059 -5.49698e-02 |105  0.01509  1.10252e+00
106  0.00991  9.07891e-01 |107  0.00622  1.20764e+00 |108  0.00525  1.22518e+00
109  0.00545  1.41808e+00 |110  0.00570  1.57037e+00 |111  0.01016  1.41519e+00
112  0.01474  1.86712e+00 |113  0.01262  2.04294e+00 |114  0.01641  1.87602e+00
115 -0.00626  1.19370e+00 |116 -0.04692  1.73262e+00 |117 -0.06836  3.63789e-01
118 -0.07419  1.41767e-01 |119 -0.06415  3.66458e-01 |120  0.06746  1.36888e+00
121  0.04609  1.30716e+00 |122  0.03008  1.08924e+00 |123 -0.03205  9.46126e-01
124 -0.06768  1.13116e+00 |125 -0.02341  1.66160e-01 |126 -0.00663 -1.44716e-01
127 -0.02719 -3.98949e-01 |128  0.01189 -4.38095e-01 |129  0.07722  2.24167e-01
130  0.00050  1.60114e-01 |131  0.08752  1.25172e-01 |132  0.00489 -2.58294e-01
133  0.12854 -4.43845e-01 |134 -0.00210 -5.97544e-01 |135 -0.03654  1.42064e-01
136 -0.05430  5.28682e-01 |137 -0.02441 -6.33330e-01 |138  0.07139  2.08127e-01
139  0.00282 -6.63733e-01 |140 -0.00157  4.68872e-01 |141 -0.04390  1.46076e-01
142 -0.02109 -3.39534e-01 |143 -0.00319 -5.71283e-02 |144 -0.00003 -8.66340e-04
145  0.18854  3.73444e+00 |146  0.11209  4.25152e+00 |147  0.03996  2.24497e-02
148  0.35894  3.69870e-02 |149 -0.43743 -6.40849e-03 |150  0.29551  2.98932e-03
151  0.30191  2.63707e-02 |152  0.10435 -1.05584e-02 |153  0.19866 -2.06151e-02
154  0.11798  1.25174e-02 |155  0.12221  2.07545e-02 |156  0.33124 -5.70670e-02
157  0.34415  2.36863e-02 |158  0.02051 -4.87978e-03 |159 -0.10619  7.82896e-01
160  0.58851  2.59041e-03 |161  0.25184  2.59080e-02 |162 -0.35685 -1.97204e-03
163 -0.90208 -2.11417e-02 |164  0.28249  1.43988e-03 |165 -0.01282  4.60764e-02
166  0.29551  7.47909e-03 |167  0.22604 -3.51121e-01 |168  0.16334  6.86943e-02
169  0.45030  1.64291e-02 |170  0.29989  2.65625e-02 |171  0.70266  3.93986e-03
172  0.15600  1.04160e-02 |173  0.02717  1.83955e-04 |174  0.17287 -2.10517e-02
175 -0.40662  1.12556e+00 |176 -0.22784 -1.17495e-03 |
Maximum number of function evaluations exceeded

 - final statistics:
176 variables; iteration 75; function evaluation 100
Function value 6.7196e+03; maximum gradient component mag 4.5384e+00
Exit code = 3;  converg criter 1.0000e+00
Var    Value     Gradient |Var    Value     Gradient |Var    Value     Gradient
  1 -0.31066 -2.13573e+00 |  2  0.33077  1.10546e+00 |  3 -0.22161  2.49942e+00
  4  0.12927  1.10996e+00 |  5 -0.57263  1.76656e-01 |  6 -0.66367 -2.18126e+00
  7  0.36401  4.02763e-01 |  8 -0.19885 -7.12473e-01 |  9  0.06767 -1.92704e-01
 10 -0.52979  2.73634e-01 | 11 -0.65627 -4.68846e-01 | 12 -0.02757  4.53838e+00
 13 -0.00048 -3.71952e-02 | 14 -0.00047 -3.68235e-02 | 15 -0.00045 -3.64711e-02
 16 -0.00042 -3.61570e-02 | 17 -0.00039 -3.59005e-02 | 18 -0.00036 -3.57203e-02
 19 -0.00032 -3.56357e-02 | 20 -0.00027 -3.56642e-02 | 21 -0.00022 -3.58177e-02
 22 -0.00016 -3.61015e-02 | 23 -0.00009 -3.65093e-02 | 24 -0.00002 -3.70176e-02
 25  0.00007 -3.75888e-02 | 26  0.00016 -3.81740e-02 | 27  0.00027 -3.87185e-02
 28  0.00039 -3.91654e-02 | 29  0.00051 -3.94524e-02 | 30  0.00065 -3.94996e-02
 31  0.00080 -3.91883e-02 | 32  0.00096 -3.83614e-02 | 33  0.00113 -3.68189e-02
 34  0.00132 -3.43373e-02 | 35  0.00151 -3.07023e-02 | 36  0.00172 -2.57449e-02
 37  0.00194 -1.93680e-02 | 38  0.00217 -1.15379e-02 | 39  0.00241 -2.28387e-03
 40  0.00266  8.24621e-03 | 41  0.00291  2.01295e-02 | 42  0.00316  3.32130e-02
 43  0.00341  4.73577e-02 | 44  0.00364  6.24154e-02 | 45  0.00385  7.82319e-02
 46  0.00402  9.46937e-02 | 47  0.00415  1.11753e-01 | 48  0.00422  1.29357e-01
 49  0.00422  1.47436e-01 | 50  0.00414  1.65853e-01 | 51  0.00398  1.84287e-01
 52  0.00372  2.02053e-01 | 53  0.00336  2.18048e-01 | 54  0.00291  2.30752e-01
 55  0.00236  2.38907e-01 | 56  0.00175  2.42835e-01 | 57  0.00111  2.44916e-01
 58  0.00048  2.48130e-01 | 59 -0.00010  2.54001e-01 | 60 -0.00061  2.60747e-01
 61 -0.00102  2.64879e-01 | 62 -0.00131  2.63633e-01 | 63 -0.00146  2.56917e-01
 64 -0.00140  2.46267e-01 | 65 -0.00113  2.31653e-01 | 66 -0.00062  2.10455e-01
 67  0.00014  1.81434e-01 | 68  0.00127  1.67356e-01 | 69  0.00290  1.98201e-01
 70  0.00472  2.13163e-01 | 71  0.00665  1.97575e-01 | 72  0.00877  1.83539e-01
 73  0.01081  1.46002e-01 | 74  0.01414  3.85155e-01 | 75  0.01539  2.58938e-01
 76  0.01633  2.09845e-01 | 77  0.01689  1.99508e-01 | 78  0.01528 -2.01876e-01
 79  0.01562  9.39039e-02 | 80  0.01483  2.51527e-01 | 81  0.01240  1.11159e-01
 82  0.00992  9.17539e-02 | 83  0.00696  8.10230e-02 | 84  0.00343  4.75852e-02
 85 -0.00087 -4.44297e-02 | 86 -0.00448  1.18848e-01 | 87 -0.00983 -1.18347e-01
 88 -0.01395 -1.74061e-01 | 89 -0.01667 -2.47188e-02 | 90 -0.01898  7.48422e-03
 91 -0.02065 -3.94690e-02 | 92 -0.02143 -3.03349e-02 | 93 -0.02180 -1.27767e-02
 94 -0.02221 -8.93306e-02 | 95 -0.02265 -2.89476e-01 | 96 -0.02240 -4.34888e-01
 97 -0.02199 -5.67148e-01 | 98 -0.02088 -7.94629e-01 | 99 -0.01716 -7.95533e-01
100 -0.01036 -7.24821e-01 |101 -0.00324 -6.55958e-01 |102  0.00104 -6.18246e-01
103  0.00713 -5.05039e-01 |104  0.01235 -4.99242e-01 |105  0.01366 -2.38890e-01
106  0.01001 -2.47496e-01 |107  0.00645 -9.08859e-02 |108  0.00569 -1.22433e-01
109  0.00544 -9.38157e-03 |110  0.00509  9.51900e-02 |111  0.01111  2.68091e-01
112  0.01483  4.25158e-01 |113  0.01167  3.80014e-01 |114  0.01590  4.09772e-01
115 -0.00516  5.16094e-01 |116 -0.04940  3.37510e-01 |117 -0.06703  5.25342e-01
118 -0.07473 -3.16129e-01 |119 -0.06343  3.65003e-01 |120  0.06712  4.43660e-01
121  0.04513  3.54545e-01 |122  0.03041  6.26990e-01 |123 -0.03336  2.01712e-01
124 -0.06851  7.14077e-01 |125 -0.02387 -9.37933e-02 |126 -0.00619  1.42061e-01
127 -0.02620  8.89664e-02 |128  0.01224 -3.43144e-01 |129  0.07630 -1.99748e-02
130  0.00030 -5.72263e-02 |131  0.08672 -7.31302e-02 |132  0.00486 -2.56104e-01
133  0.12832 -3.23578e-01 |134 -0.00181 -4.19396e-01 |135 -0.03752 -1.89490e-01
136 -0.05603 -8.61801e-02 |137 -0.02270 -8.89673e-02 |138  0.07057 -8.84469e-02
139  0.00432 -1.18853e-01 |140 -0.00158  4.08914e-01 |141 -0.04398  2.01144e-01
142 -0.02138 -4.98184e-01 |143 -0.00376 -1.91036e-01 |144 -0.00003 -1.56657e-03
145  0.18553  1.68162e+00 |146  0.10684  1.58633e+00 |147  0.03657 -1.28606e-03
148  0.33861  2.19071e-04 |149 -0.43042 -6.15852e-03 |150  0.29215  3.01562e-03
151  0.27411  2.79334e-02 |152  0.11525 -5.93303e-03 |153  0.20379 -1.86251e-02
154  0.10333  1.45781e-02 |155  0.10586  1.12899e-02 |156  0.38181 -2.70420e-02
157  0.34376  1.69705e-02 |158  0.00461 -1.21705e-03 |159 -0.11681  3.35076e-01
160  0.58116  4.46624e-04 |161  0.26709 -1.92030e-01 |162 -0.35063 -9.64655e-04
163 -0.88282 -1.80763e-02 |164  0.28959  1.66167e-03 |165 -0.00383 -2.04226e-01
166  0.28697 -4.49094e-04 |167  0.27314  5.57801e-02 |168  0.11635  2.88943e-02
169  0.41721  1.92174e-02 |170  0.28862  2.92066e-02 |171  0.69532  5.82771e-03
172  0.16866 -2.22061e-02 |173 -0.00640 -2.74667e-04 |174  0.17368  3.58264e-03
175 -0.40582  3.73093e-01 |176 -0.20232 -1.04403e-03 |

Initial statistics: 200 variables; iteration 0; function evaluation 0; phase 4
Function value 6.7196363e+03; maximum gradient component mag 9.3103e+00
Var    Value     Gradient |Var    Value     Gradient |Var    Value     Gradient
  1 -0.31066 -2.36070e+00 |  2  0.33077  9.60132e-01 |  3 -0.22161  1.87889e+00
  4  0.12927  8.62792e-01 |  5 -0.57263  1.30662e-01 |  6 -0.66367 -2.27857e+00
  7  0.36401  3.16943e-01 |  8 -0.19885 -1.21652e+00 |  9  0.06767 -3.00918e-01
 10 -0.52979  2.35877e-01 | 11 -0.65627 -4.80393e-01 | 12 -0.02757  4.33617e+00
 13 -0.00048 -2.75913e-02 | 14 -0.00047 -2.68787e-02 | 15 -0.00045 -2.61947e-02
 16 -0.00042 -2.55628e-02 | 17 -0.00039 -2.50067e-02 | 18 -0.00036 -2.45501e-02
 19 -0.00032 -2.42177e-02 | 20 -0.00027 -2.40322e-02 | 21 -0.00022 -2.40111e-02
 22 -0.00016 -2.41646e-02 | 23 -0.00009 -2.44907e-02 | 24 -0.00002 -2.49685e-02
 25  0.00007 -2.55623e-02 | 26  0.00016 -2.62233e-02 | 27  0.00027 -2.68970e-02
 28  0.00039 -2.75258e-02 | 29  0.00051 -2.80461e-02 | 30  0.00065 -2.83749e-02
 31  0.00080 -2.83858e-02 | 32  0.00096 -2.79108e-02 | 33  0.00113 -2.67344e-02
 34  0.00132 -2.46165e-02 | 35  0.00151 -2.13287e-02 | 36  0.00172 -1.66944e-02
 37  0.00194 -1.06179e-02 | 38  0.00217 -3.07523e-03 | 39  0.00241  5.88721e-03
 40  0.00266  1.60952e-02 | 41  0.00291  2.76123e-02 | 42  0.00316  4.02555e-02
 43  0.00341  5.38598e-02 | 44  0.00364  6.82556e-02 | 45  0.00385  8.32767e-02
 46  0.00402  9.88114e-02 | 47  0.00415  1.14824e-01 | 48  0.00422  1.31284e-01
 49  0.00422  1.48154e-01 | 50  0.00414  1.65338e-01 | 51  0.00398  1.82548e-01
 52  0.00372  1.99085e-01 | 53  0.00336  2.13751e-01 | 54  0.00291  2.24840e-01
 55  0.00236  2.30919e-01 | 56  0.00175  2.32359e-01 | 57  0.00111  2.31914e-01
 58  0.00048  2.33055e-01 | 59 -0.00010  2.37588e-01 | 60 -0.00061  2.43622e-01
 61 -0.00102  2.47422e-01 | 62 -0.00131  2.46125e-01 | 63 -0.00146  2.39779e-01
 64 -0.00140  2.30104e-01 | 65 -0.00113  2.17021e-01 | 66 -0.00062  1.97445e-01
 67  0.00014  1.69726e-01 | 68  0.00127  1.58870e-01 | 69  0.00290  1.97345e-01
 70  0.00472  2.15146e-01 | 71  0.00665  2.02193e-01 | 72  0.00877  1.93449e-01
 73  0.01081  1.54888e-01 | 74  0.01414  4.27879e-01 | 75  0.01539  2.99421e-01
 76  0.01633  2.13815e-01 | 77  0.01689  1.89167e-01 | 78  0.01528 -1.41562e-01
 79  0.01562  1.05001e-01 | 80  0.01483  2.48384e-01 | 81  0.01240  1.43938e-01
 82  0.00992  1.28803e-01 | 83  0.00696  1.05462e-01 | 84  0.00343  6.64169e-02
 85 -0.00087 -3.97866e-02 | 86 -0.00448  1.25634e-01 | 87 -0.00983 -1.35839e-01
 88 -0.01395 -1.73235e-01 | 89 -0.01667 -2.02730e-02 | 90 -0.01898 -1.13038e-02
 91 -0.02065 -6.35510e-02 | 92 -0.02143 -4.40063e-02 | 93 -0.02180 -1.33346e-02
 94 -0.02221 -8.07396e-02 | 95 -0.02265 -2.79936e-01 | 96 -0.02240 -4.25651e-01
 97 -0.02199 -5.48862e-01 | 98 -0.02088 -7.48321e-01 | 99 -0.01716 -7.83053e-01
100 -0.01036 -7.01087e-01 |101 -0.00324 -6.22324e-01 |102  0.00104 -6.40916e-01
103  0.00713 -5.68004e-01 |104  0.01235 -5.29685e-01 |105  0.01366 -3.38619e-01
106  0.01001 -3.71197e-01 |107  0.00645 -1.70028e-01 |108  0.00569 -1.76856e-01
109  0.00544 -5.69276e-02 |110  0.00509  5.50809e-02 |111  0.01111  2.54127e-01
112  0.01483  3.81058e-01 |113  0.01167  3.06465e-01 |114  0.01590  3.38896e-01
115 -0.00516  4.64188e-01 |116 -0.04940  2.74648e-01 |117 -0.06703  5.02398e-01
118 -0.07473 -3.06957e-01 |119 -0.06343  3.80714e-01 |120  0.06712  4.03625e-01
121  0.04513  3.19598e-01 |122  0.03041  5.82558e-01 |123 -0.03336  1.66948e-01
124 -0.06851  6.58446e-01 |125 -0.02387 -6.48516e-02 |126 -0.00619  1.52499e-01
127 -0.02620  3.66071e-02 |128  0.01224 -2.82336e-01 |129  0.07630 -2.94925e-02
130  0.00030 -7.39647e-02 |131  0.08672 -8.53811e-02 |132  0.00486 -2.04987e-01
133  0.12832 -3.20835e-01 |134 -0.00181 -4.27454e-01 |135 -0.03752 -2.47002e-01
136 -0.05603 -5.97316e-02 |137 -0.02270 -9.42328e-02 |138  0.07057 -5.25988e-02
139  0.00432 -8.10379e-02 |140 -0.00158  4.27279e-01 |141 -0.04398  7.81448e-02
142 -0.02138 -4.32101e-01 |143 -0.00376 -2.13226e-01 |144 -0.00003 -1.66652e-03
145  0.18553  1.54576e+00 |146  0.10684  1.43963e+00 |147  0.03657 -2.52900e-03
148  0.33861 -4.42301e-04 |149  0.01638  8.31896e-03 |150 -0.11477  1.40014e-01
151 -0.43042 -6.14913e-03 |152  0.29215  3.02277e-03 |153  0.04878 -6.69930e-03
154 -0.23502 -2.08840e-03 |155  0.27411  2.54313e-02 |156  0.11525 -3.97497e-03
157  0.20379 -1.71625e-02 |158  0.10333  1.41178e-02 |159  0.00587  1.34309e-02
160 -0.09827  9.71121e-02 |161  0.10586  1.05523e-02 |162  0.38181 -2.36011e-02
163  0.34376  1.80097e-02 |164  0.00461 -1.24978e-03 |165 -0.11681  3.07264e-01
166  0.58116  3.18770e-04 |167  0.05275  1.66671e+00 |168 -0.18762  2.66273e+00
169  0.26709 -3.10000e-01 |170 -0.35063 -1.65179e-03 |171  0.07774  5.13213e-01
172 -0.53183 -3.41996e-03 |173 -0.88282 -1.77582e-02 |174  0.28959  1.67340e-03
175  0.07820 -6.33968e-02 |176 -0.12196 -1.28709e-01 |177 -0.00383 -2.14635e-01
178  0.28697 -4.17378e-03 |179  0.27314  7.64749e-02 |180  0.11635  2.89256e-02
181  0.00546  2.22410e-02 |182  0.00907  7.09426e-02 |183 -0.15012  2.62127e+00
184 -0.12571  7.38316e-02 |185  0.41721  1.83045e-02 |186  0.28862  3.48229e-02
187  0.01863  6.37812e-04 |188 -0.15435 -6.69693e-04 |189  0.69532  6.46566e-03
190  0.16866 -2.21827e-02 |191 -0.00640 -3.33153e-04 |192  0.17368  4.14943e-03
193  0.02453  4.50837e-03 |194 -0.00648 -1.61222e-03 |195 -0.17628 -3.90513e-04
196 -0.11429  2.97445e-01 |197 -0.40582  3.32775e-01 |198 -0.20232 -1.03349e-03
199  0.09511  9.31032e+00 |200 -0.25343  4.47290e+00 |

Intermediate statistics: 200 variables; iteration 20; function evaluation 24; phase 4
Function value 6.7192797e+03; maximum gradient component mag 3.3570e+01
Var    Value     Gradient |Var    Value     Gradient |Var    Value     Gradient
  1 -0.30687  1.13785e+01 |  2  0.32988 -9.98701e+00 |  3 -0.22343  3.35701e+01
  4  0.13134  5.82815e+00 |  5 -0.57319  7.03046e-02 |  6 -0.66407  3.50509e-01
  7  0.36344 -2.08379e+00 |  8 -0.20084  2.15826e+01 |  9  0.06962  3.75648e+00
 10 -0.52880  2.36230e+00 | 11 -0.65637  1.08580e+01 | 12 -0.06110  7.11087e-01
 13  0.00001 -3.32247e-02 | 14  0.00003 -3.45752e-02 | 15  0.00005 -3.60402e-02
 16  0.00008 -3.76352e-02 | 17  0.00012 -3.93768e-02 | 18  0.00015 -4.12816e-02
 19  0.00020 -4.33675e-02 | 20  0.00025 -4.56529e-02 | 21  0.00031 -4.81551e-02
 22  0.00037 -5.08902e-02 | 23  0.00045 -5.38713e-02 | 24  0.00053 -5.71064e-02
 25  0.00062 -6.06000e-02 | 26  0.00071 -6.43540e-02 | 27  0.00082 -6.83700e-02
 28  0.00094 -7.26510e-02 | 29  0.00107 -7.72003e-02 | 30  0.00120 -8.20166e-02
 31  0.00134 -8.70868e-02 | 32  0.00149 -9.23852e-02 | 33  0.00165 -9.78724e-02
 34  0.00182 -1.03502e-01 | 35  0.00199 -1.09235e-01 | 36  0.00217 -1.15048e-01
 37  0.00235 -1.20951e-01 | 38  0.00254 -1.26976e-01 | 39  0.00273 -1.33180e-01
 40  0.00292 -1.39663e-01 | 41  0.00310 -1.46440e-01 | 42  0.00328 -1.53607e-01
 43  0.00344 -1.61250e-01 | 44  0.00358 -1.69449e-01 | 45  0.00370 -1.78274e-01
 46  0.00377 -1.87766e-01 | 47  0.00379 -1.97927e-01 | 48  0.00376 -2.08745e-01
 49  0.00365 -2.20195e-01 | 50  0.00345 -2.32269e-01 | 51  0.00317 -2.45017e-01
 52  0.00280 -2.58639e-01 | 53  0.00233 -2.73519e-01 | 54  0.00178 -2.90229e-01
 55  0.00115 -3.09263e-01 | 56  0.00047 -3.30514e-01 | 57 -0.00023 -3.53091e-01
 58 -0.00093 -3.75887e-01 | 59 -0.00158 -3.98413e-01 | 60 -0.00216 -4.21478e-01
 61 -0.00263 -4.46563e-01 | 62 -0.00297 -4.74859e-01 | 63 -0.00313 -5.06576e-01
 64 -0.00309 -5.41353e-01 | 65 -0.00281 -5.79373e-01 | 66 -0.00227 -6.21916e-01
 67 -0.00145 -6.69625e-01 | 68 -0.00031 -7.14169e-01 | 69  0.00120 -7.44418e-01
 70  0.00296 -7.83846e-01 | 71  0.00492 -8.36027e-01 | 72  0.00704 -8.88527e-01
 73  0.00915 -9.53394e-01 | 74  0.01174 -8.94880e-01 | 75  0.01333 -9.90987e-01
 76  0.01453 -1.06716e+00 | 77  0.01524 -1.11031e+00 | 78  0.01462 -1.27562e+00
 79  0.01451 -1.17923e+00 | 80  0.01355 -1.11887e+00 | 81  0.01160 -1.15332e+00
 82  0.00941 -1.14127e+00 | 83  0.00681 -1.12258e+00 | 84  0.00373 -1.09873e+00
 85  0.00011 -1.08677e+00 | 86 -0.00342 -9.69734e-01 | 87 -0.00753 -9.92091e-01
 88 -0.01086 -9.31121e-01 | 89 -0.01309 -7.93499e-01 | 90 -0.01450 -7.06806e-01
 91 -0.01510 -6.44751e-01 | 92 -0.01501 -5.48273e-01 | 93 -0.01473 -4.32250e-01
 94 -0.01472 -3.30873e-01 | 95 -0.01512 -2.45946e-01 | 96 -0.01564 -8.66153e-02
 97 -0.01662  1.22635e-01 | 98 -0.01640  2.78302e-01 | 99 -0.01299  4.75270e-01
100 -0.00600  6.70888e-01 |101  0.00101  9.16298e-01 |102  0.00485  1.14136e+00
103  0.01101  1.29897e+00 |104  0.01608  1.43375e+00 |105  0.01615  1.59586e+00
106  0.01217  1.51116e+00 |107  0.00736  1.59036e+00 |108  0.00555  1.89795e+00
109  0.00353  2.43164e+00 |110  0.00234  2.97776e+00 |111  0.00806  3.59295e+00
112  0.01179  3.92379e+00 |113  0.00916  3.71297e+00 |114  0.01287  3.37344e+00
115 -0.00897  2.31129e+00 |116 -0.05269  1.20288e+00 |117 -0.06994  1.20021e+00
118 -0.07788  1.14548e-01 |119 -0.06568  9.58705e-01 |120  0.06418  2.19184e+00
121  0.04185  1.20080e+00 |122  0.02630  5.68238e-01 |123 -0.03651  5.74942e-02
124 -0.07076  4.26282e-01 |125 -0.02692 -3.88706e-01 |126 -0.00922 -1.87452e-01
127 -0.02863 -1.96763e-01 |128  0.01086 -2.33133e-01 |129  0.07374 -8.72683e-02
130 -0.00032 -1.19564e-01 |131  0.08396 -7.33490e-01 |132  0.00408 -2.21974e-01
133  0.12692 -9.08243e-01 |134 -0.00142 -2.19097e-01 |135 -0.03723 -2.19001e-01
136 -0.05548  1.02284e-01 |137 -0.02258  2.59558e-02 |138  0.07056  2.09712e-01
139  0.00401 -4.17713e-01 |140 -0.00138  3.91170e-01 |141 -0.04430 -1.55673e-01
142 -0.02034 -2.13716e-01 |143 -0.00313 -1.09407e-01 |144 -0.00002 -7.69945e-04
145  0.22521 -3.99186e+00 |146  0.18220  1.20423e+01 |147  0.03530  2.12703e-01
148  0.33920 -5.56807e-02 |149  0.01433  2.30241e-01 |150 -0.12697  4.71418e-01
151 -0.42994 -8.10328e-03 |152  0.29191  3.74338e-03 |153  0.04931 -1.07920e-02
154 -0.23486 -1.83577e-03 |155  0.27196  6.48196e-02 |156  0.11559 -1.42505e-02
157  0.20441  1.11515e-01 |158  0.10239 -1.31906e-02 |159  0.00457  7.05640e-02
160 -0.10613  2.18920e-01 |161  0.10489  3.41900e-02 |162  0.38397 -7.00457e-02
163  0.34248  2.15055e-02 |164  0.00470 -1.80226e-03 |165 -0.10613 -8.16491e-01
166  0.58129 -4.35886e-03 |167  0.05033 -2.40031e+00 |168 -0.18516 -4.93920e+00
169  0.27893 -9.38288e-02 |170 -0.35048 -1.92845e-03 |171  0.04360 -6.97051e-02
172 -0.53156 -3.33511e-03 |173 -0.88147 -1.72623e-02 |174  0.28946  1.73874e-03
175  0.08027 -1.32302e-02 |176 -0.11317 -8.18320e-02 |177  0.00453  1.04591e+00
178  0.29035  4.22562e-02 |179  0.24437 -1.34484e-01 |180  0.11314  1.38341e-02
181 -0.02642  9.98131e-01 |182  0.00453  8.78269e-02 |183 -0.25706  8.44559e-01
184 -0.13067  8.33502e-02 |185  0.41602  3.57118e-02 |186  0.28508 -2.10479e-02
187  0.01858  7.63789e-04 |188 -0.15429 -6.45148e-04 |189  0.69481  4.84620e-03
190  0.16715  4.72347e-01 |191 -0.00638  2.05063e-04 |192  0.17424 -1.60041e-01
193  0.02425 -4.22183e-03 |194 -0.00850  2.68426e-01 |195 -0.17624 -1.42768e-03
196 -0.13924  7.80330e-01 |197 -0.39161  1.99504e+00 |198 -0.20224 -9.63842e-04
199  0.08379  3.02819e+01 |200 -0.27544  8.11078e+00 |
200 variables; iteration 40; function evaluation 49; phase 4
Function value 6.7187942e+03; maximum gradient component mag 3.4997e+01
Var    Value     Gradient |Var    Value     Gradient |Var    Value     Gradient
  1 -0.29950 -3.66112e-01 |  2  0.32853  2.37826e-01 |  3 -0.22924  1.11030e+01
  4  0.13872  8.57918e+00 |  5 -0.57264 -8.42304e-01 |  6 -0.66493 -1.08848e+01
  7  0.36415  7.42561e+00 |  8 -0.20223  3.49972e+01 |  9  0.06940  1.26413e+01
 10 -0.52422  5.25416e+00 | 11 -0.65709  1.66465e+00 | 12 -0.08026  5.47173e+00
 13 -0.00031 -2.22256e-01 | 14 -0.00029 -2.25014e-01 | 15 -0.00026 -2.27781e-01
 16 -0.00023 -2.30583e-01 | 17 -0.00019 -2.33445e-01 | 18 -0.00015 -2.36386e-01
 19 -0.00010 -2.39431e-01 | 20 -0.00005 -2.42600e-01 | 21  0.00001 -2.45901e-01
 22  0.00008 -2.49332e-01 | 23  0.00015 -2.52871e-01 | 24  0.00023 -2.56463e-01
 25  0.00032 -2.60026e-01 | 26  0.00042 -2.63457e-01 | 27  0.00053 -2.66637e-01
 28  0.00064 -2.69437e-01 | 29  0.00077 -2.71713e-01 | 30  0.00091 -2.73283e-01
 31  0.00106 -2.73890e-01 | 32  0.00122 -2.73203e-01 | 33  0.00139 -2.70813e-01
 34  0.00157 -2.66265e-01 | 35  0.00177 -2.59124e-01 | 36  0.00198 -2.49040e-01
 37  0.00220 -2.35798e-01 | 38  0.00243 -2.19308e-01 | 39  0.00268 -1.99610e-01
 40  0.00292 -1.76953e-01 | 41  0.00318 -1.51245e-01 | 42  0.00342 -1.22792e-01
 43  0.00366 -9.18967e-02 | 44  0.00388 -5.88873e-02 | 45  0.00407 -2.41139e-02
 46  0.00423  1.21317e-02 | 47  0.00433  4.96371e-02 | 48  0.00436  8.81615e-02
 49  0.00432  1.27400e-01 | 50  0.00419  1.66918e-01 | 51  0.00397  2.05934e-01
 52  0.00364  2.42969e-01 | 53  0.00319  2.75632e-01 | 54  0.00262  3.00571e-01
 55  0.00194  3.14861e-01 | 56  0.00116  3.18828e-01 | 57  0.00034  3.17281e-01
 58 -0.00047  3.16538e-01 | 59 -0.00122  3.20141e-01 | 60 -0.00190  3.25599e-01
 61 -0.00248  3.27749e-01 | 62 -0.00294  3.22862e-01 | 63 -0.00325  3.11249e-01
 64 -0.00337  2.95140e-01 | 65 -0.00326  2.73787e-01 | 66 -0.00293  2.41984e-01
 67 -0.00236  1.96412e-01 | 68 -0.00139  1.81118e-01 | 69  0.00027  2.62858e-01
 70  0.00210  3.22768e-01 | 71  0.00399  3.42208e-01 | 72  0.00611  3.84098e-01
 73  0.00819  4.02971e-01 | 74  0.01114  6.36168e-01 | 75  0.01241  5.32585e-01
 76  0.01365  5.15179e-01 | 77  0.01435  5.10413e-01 | 78  0.01499  6.49249e-01
 79  0.01376  5.24100e-01 | 80  0.01261  5.42519e-01 | 81  0.01082  5.11920e-01
 82  0.00873  4.96289e-01 | 83  0.00622  4.60505e-01 | 84  0.00317  3.83172e-01
 85 -0.00073  1.76166e-01 | 86 -0.00312  4.00189e-01 | 87 -0.00759  6.60078e-02
 88 -0.01033  4.21631e-02 | 89 -0.01231 -2.46702e-02 | 90 -0.01329 -1.30933e-01
 91 -0.01297 -1.78213e-01 | 92 -0.01170 -1.55484e-01 | 93 -0.00970  3.33090e-02
 94 -0.00765  4.00423e-01 | 95 -0.00717  7.25357e-01 | 96 -0.01085  5.37192e-01
 97 -0.01663  6.02635e-03 | 98 -0.01769 -4.65448e-01 | 99 -0.01509 -1.33462e+00
100 -0.00795 -2.18296e+00 |101 -0.00239 -1.98103e+00 |102 -0.00161 -3.11071e+00
103  0.00263 -4.16079e+00 |104  0.01258 -2.72217e+00 |105  0.01281 -2.71089e+00
106  0.01213 -2.11937e+00 |107  0.01236 -2.87384e-01 |108  0.00579  2.55808e-01
109 -0.00619 -5.34088e-01 |110 -0.00657 -7.99912e-01 |111  0.00006 -4.52792e-01
112  0.00674  5.71650e-01 |113  0.00703  1.75855e+00 |114  0.01242  2.69457e+00
115 -0.00932  2.27942e+00 |116 -0.05310  1.25336e+00 |117 -0.07091  1.05299e+00
118 -0.07459  1.58579e+00 |119 -0.06710  2.77892e-01 |120  0.06446  1.37656e+00
121  0.04289  6.06960e-01 |122  0.02560 -2.02879e-01 |123 -0.03781 -7.39136e-01
124 -0.07060  9.35483e-01 |125 -0.02453  1.23896e+00 |126 -0.00621  2.14120e+00
127 -0.02648  1.49743e+00 |128  0.01135  9.24119e-01 |129  0.07467  5.05910e-01
130 -0.00015  2.52641e-01 |131  0.08651 -1.72561e-01 |132  0.00529  1.01151e-01
133  0.13139  1.80982e+00 |134 -0.00061 -8.59206e-02 |135 -0.03651 -1.56880e-01
136 -0.05381  6.33208e-01 |137 -0.02217  6.23079e-02 |138  0.07210  5.39652e-01
139  0.00507 -2.16845e-01 |140 -0.00350 -3.69432e-01 |141 -0.04560 -4.85319e-01
142 -0.02047 -1.68795e-01 |143 -0.00424 -3.86129e-01 |144 -0.00002 -2.47963e-03
145  0.30723  4.03243e+00 |146  0.24269  4.89724e+00 |147 -0.04678  5.30340e-01
148  0.31101 -4.74154e-02 |149 -0.06593  1.37065e-01 |150 -0.30747  5.29281e-02
151 -0.42246 -8.47882e-03 |152  0.28832  4.17508e-03 |153  0.05863 -1.18573e-02
154 -0.23306 -1.90135e-04 |155  0.24471 -6.83318e-03 |156  0.11717  5.83106e-03
157  0.19145 -1.11484e-01 |158  0.08809  6.18628e-02 |159 -0.06035  4.92036e-02
160 -0.25750  3.92476e-02 |161  0.08630  2.18525e-02 |162  0.41942 -2.57843e-02
163  0.30530  2.83196e+00 |164  0.01556 -1.39490e-01 |165 -0.08162  9.06179e-01
166  0.58238  4.53981e-03 |167  0.02564  2.73017e+00 |168 -0.21697  4.80459e+00
169  0.39374  1.12735e-01 |170 -0.34856 -1.91546e-03 |171  0.04127  7.62781e-01
172 -0.52812 -3.29157e-03 |173 -0.86370 -1.41461e-02 |174  0.28779  1.63688e-03
175  0.09152  8.31317e-02 |176 -0.05996  1.24696e-02 |177 -0.00422 -4.85359e+00
178  0.28188 -5.92294e-01 |179 -0.08069 -4.00316e-04 |180  0.07276  1.69686e-01
181 -0.12017 -1.03274e+00 |182 -0.07413 -2.05842e-02 |183 -0.35910  8.23280e-02
184 -0.20275  5.23546e-02 |185  0.37923 -2.03614e-02 |186  0.28990  2.78079e-01
187  0.01757  2.11477e-03 |188 -0.15368 -3.52507e-04 |189  0.68728  2.33830e-02
190  0.15982  3.83921e-01 |191 -0.00599 -7.85494e-04 |192  0.12920 -1.49956e-02
193  0.01864  1.76726e-02 |194 -0.09381  1.68006e-01 |195 -0.17595  1.17444e-03
196 -0.37057  1.08919e-02 |197 -0.36839  1.86628e+00 |198 -0.37127 -2.07263e-03
199  0.07138  1.53991e+01 |200 -0.30252  3.98909e+00 |
200 variables; iteration 60; function evaluation 71; phase 4
Function value 6.7185609e+03; maximum gradient component mag 2.1775e+01
Var    Value     Gradient |Var    Value     Gradient |Var    Value     Gradient
  1 -0.30253  1.09859e+01 |  2  0.33139  8.28031e+00 |  3 -0.22753  6.13124e+00
  4  0.13274  3.78682e+00 |  5 -0.57393  4.08308e-01 |  6 -0.66371  1.53598e+01
  7  0.36231  1.50589e+00 |  8 -0.20558  4.21551e+00 |  9  0.07523  2.58806e+00
 10 -0.52728  5.62060e-01 | 11 -0.65786 -5.37503e+00 | 12 -0.08953  4.44127e+00
 13  0.00012 -1.56485e-01 | 14  0.00014 -1.63596e-01 | 15  0.00015 -1.70778e-01
 16  0.00018 -1.77985e-01 | 17  0.00020 -1.85163e-01 | 18  0.00024 -1.92258e-01
 19  0.00028 -1.99206e-01 | 20  0.00032 -2.05936e-01 | 21  0.00038 -2.12373e-01
 22  0.00045 -2.18443e-01 | 23  0.00052 -2.24071e-01 | 24  0.00061 -2.29200e-01
 25  0.00071 -2.33778e-01 | 26  0.00082 -2.37764e-01 | 27  0.00094 -2.41124e-01
 28  0.00107 -2.43825e-01 | 29  0.00121 -2.45843e-01 | 30  0.00137 -2.47185e-01
 31  0.00153 -2.47926e-01 | 32  0.00171 -2.48217e-01 | 33  0.00189 -2.48304e-01
 34  0.00207 -2.48505e-01 | 35  0.00226 -2.49151e-01 | 36  0.00244 -2.50522e-01
 37  0.00263 -2.52774e-01 | 38  0.00280 -2.55949e-01 | 39  0.00297 -2.59948e-01
 40  0.00314 -2.64466e-01 | 41  0.00329 -2.69526e-01 | 42  0.00343 -2.74761e-01
 43  0.00355 -2.79791e-01 | 44  0.00365 -2.84192e-01 | 45  0.00372 -2.87523e-01
 46  0.00375 -2.89397e-01 | 47  0.00373 -2.89538e-01 | 48  0.00365 -2.87651e-01
 49  0.00351 -2.83366e-01 | 50  0.00329 -2.76215e-01 | 51  0.00299 -2.65345e-01
 52  0.00261 -2.49316e-01 | 53  0.00217 -2.26141e-01 | 54  0.00168 -1.94193e-01
 55  0.00114 -1.54615e-01 | 56  0.00056 -1.13948e-01 | 57 -0.00009 -8.20297e-02
 58 -0.00079 -6.56810e-02 | 59 -0.00152 -6.48325e-02 | 60 -0.00222 -7.41761e-02
 61 -0.00283 -8.84573e-02 | 62 -0.00330 -1.04265e-01 | 63 -0.00358 -1.19445e-01
 64 -0.00364 -1.31542e-01 | 65 -0.00343 -1.35687e-01 | 66 -0.00287 -1.21142e-01
 67 -0.00187 -6.88634e-02 | 68 -0.00045  1.14220e-02 | 69  0.00099  2.64966e-02
 70  0.00271  4.29697e-02 | 71  0.00483  1.01247e-01 | 72  0.00683  9.26845e-02
 73  0.00901  1.12339e-01 | 74  0.00823 -5.27810e-01 | 75  0.01105 -2.97973e-01
 76  0.01295 -1.88285e-01 | 77  0.01382 -1.71818e-01 | 78  0.01711  5.28323e-01
 79  0.01388 -4.22512e-02 | 80  0.01125 -3.57646e-01 | 81  0.01052 -1.55914e-01
 82  0.00865 -1.24954e-01 | 83  0.00658 -5.85554e-02 | 84  0.00426  4.38793e-02
 85  0.00152  1.36458e-01 | 86 -0.00284 -1.15485e-01 | 87 -0.00661 -2.52350e-01
 88 -0.00925 -2.32622e-01 | 89 -0.01156 -3.69555e-01 | 90 -0.01229 -3.97917e-01
 91 -0.01166 -3.60971e-01 | 92 -0.01018 -2.95884e-01 | 93 -0.00756  4.08208e-02
 94 -0.00516  5.38740e-01 | 95 -0.00537  9.06715e-01 | 96 -0.01242  3.51973e-01
 97 -0.02206 -5.08876e-01 | 98 -0.02410 -5.45928e-01 | 99 -0.01636  6.77311e-01
100 -0.00565  1.32507e+00 |101 -0.00300  1.58310e+00 |102  0.00009  1.59367e+00
103  0.00867  1.78619e+00 |104  0.01239  2.05530e+00 |105  0.01375  1.83238e+00
106  0.01317  1.41822e+00 |107  0.00711  1.06863e+00 |108  0.00281  1.87022e+00
109 -0.00843  1.27726e+00 |110 -0.00791  1.07373e+00 |111  0.00061  1.59962e+00
112  0.00683  2.05088e+00 |113  0.00570  2.15660e+00 |114  0.01128  2.23339e+00
115 -0.01409  3.37728e-01 |116 -0.05138  1.58645e+00 |117 -0.06904  1.48585e+00
118 -0.07506  4.80978e-01 |119 -0.06746 -1.42870e+00 |120  0.06223 -4.00349e+00
121  0.04585 -1.28309e+00 |122  0.03052 -7.84868e-02 |123 -0.03404 -4.53510e-01
124 -0.07293 -1.25981e+00 |125 -0.02490 -6.21941e-01 |126 -0.00714  1.48189e-01
127 -0.02920 -6.12021e-01 |128  0.01090 -5.93148e-01 |129  0.07155 -1.15661e+00
130  0.00156  4.03098e-01 |131  0.08460  8.83561e-02 |132  0.00412 -3.06058e-01
133  0.12705 -1.21950e-01 |134 -0.00213 -6.52780e-01 |135 -0.03740 -1.89870e-01
136 -0.05487  2.03521e-01 |137 -0.02288 -2.29763e-01 |138  0.07199  2.68977e-01
139  0.00440 -8.49505e-02 |140 -0.00272 -1.43074e-01 |141 -0.04450 -1.58755e-01
142 -0.01697  7.60945e-01 |143 -0.00208  1.91424e-01 |144  0.00000  2.97155e-03
145  0.29098 -2.39231e+00 |146  0.27574  8.39916e+00 |147 -0.14142 -8.47434e-02
148  0.19144  4.52804e-02 |149 -0.13338 -1.33488e-02 |150 -0.46791 -3.17718e-04
151 -0.40282 -6.15817e-03 |152  0.27825  3.91779e-03 |153  0.08447 -6.19027e-03
154 -0.23059  1.23293e-04 |155  0.23451 -1.21160e-02 |156  0.10325  6.76015e-03
157  0.18452 -1.86261e-01 |158  0.04332  6.64221e-02 |159 -0.20524 -6.31549e-04
160 -0.46976 -1.82445e-03 |161  0.05277  5.10392e-03 |162  0.43578  2.95888e-02
163  0.30210  7.58725e-01 |164  0.03498 -1.40887e-02 |165 -0.03457 -7.65141e-01
166  0.58389 -4.98725e-03 |167  0.02654 -1.34434e+00 |168 -0.20483 -2.09496e+00
169  0.36910 -1.61939e-03 |170 -0.34396 -1.88446e-03 |171  0.02711  2.94078e-01
172 -0.51974 -3.09144e-03 |173 -0.82421 -1.13229e-02 |174  0.28334  2.08074e-03
175  0.10032  3.33691e-02 |176  0.00066  2.75952e-03 |177  0.01209  2.09552e+00
178  0.27937  1.71958e-03 |179 -0.14295 -1.11612e-02 |180 -0.02786 -7.28440e-05
181 -0.13805 -3.60299e-04 |182 -0.21852 -1.12282e-03 |183 -0.39743  9.09646e-02
184 -0.34647  3.51300e-03 |185  0.27262  1.43153e-01 |186  0.22845 -3.74806e-02
187  0.00658  2.94977e-02 |188 -0.15414  7.24413e-03 |189  0.63894  3.07918e-01
190  0.14018  1.05240e+00 |191  0.00020 -9.29633e-02 |192 -0.07749 -3.86127e-04
193 -0.01648  8.84404e-03 |194 -0.17504  1.59809e-01 |195 -0.17808  2.13137e-04
196 -0.43265  7.56115e-03 |197 -0.37267  2.83850e+00 |198 -0.39400 -2.23760e-03
199  0.06579  2.17746e+01 |200 -0.32403  3.77348e+00 |
200 variables; iteration 80; function evaluation 98; phase 4
Function value 6.7184590e+03; maximum gradient component mag 1.7100e+01
Var    Value     Gradient |Var    Value     Gradient |Var    Value     Gradient
  1 -0.30791  8.96815e+00 |  2  0.33175  3.38027e+00 |  3 -0.22579  1.70996e+01
  4  0.13036  4.38613e+00 |  5 -0.57443  4.67700e-01 |  6 -0.66339  1.16151e+01
  7  0.36181 -1.01998e-01 |  8 -0.20707 -4.95483e+00 |  9  0.07713 -1.33385e-01
 10 -0.52727  4.35822e-01 | 11 -0.65811 -3.44371e+00 | 12 -0.09250  7.48999e+00
 13  0.00056  4.75840e-02 | 14  0.00058  4.62038e-02 | 15  0.00061  4.47010e-02
 16  0.00064  4.30801e-02 | 17  0.00068  4.13404e-02 | 18  0.00073  3.94879e-02
 19  0.00077  3.75266e-02 | 20  0.00083  3.54570e-02 | 21  0.00089  3.32759e-02
 22  0.00096  3.09729e-02 | 23  0.00104  2.85271e-02 | 24  0.00112  2.59020e-02
 25  0.00122  2.30473e-02 | 26  0.00132  1.99028e-02 | 27  0.00143  1.64043e-02
 28  0.00155  1.24862e-02 | 29  0.00167  8.07780e-03 | 30  0.00180  3.09027e-03
 31  0.00194 -2.61430e-03 | 32  0.00208 -9.21552e-03 | 33  0.00223 -1.69466e-02
 34  0.00237 -2.60694e-02 | 35  0.00251 -3.68345e-02 | 36  0.00265 -4.94357e-02
 37  0.00278 -6.39727e-02 | 38  0.00291 -8.04599e-02 | 39  0.00303 -9.88204e-02
 40  0.00313 -1.18807e-01 | 41  0.00323 -1.40453e-01 | 42  0.00331 -1.63472e-01
 43  0.00337 -1.87599e-01 | 44  0.00340 -2.12561e-01 | 45  0.00340 -2.38074e-01
 46  0.00335 -2.63889e-01 | 47  0.00326 -2.89803e-01 | 48  0.00310 -3.15588e-01
 49  0.00287 -3.40973e-01 | 50  0.00255 -3.65643e-01 | 51  0.00215 -3.89094e-01
 52  0.00167 -4.10443e-01 | 53  0.00110 -4.28419e-01 | 54  0.00047 -4.41634e-01
 55 -0.00021 -4.49641e-01 | 56 -0.00093 -4.53516e-01 | 57 -0.00165 -4.53911e-01
 58 -0.00235 -4.48485e-01 | 59 -0.00298 -4.32890e-01 | 60 -0.00348 -4.02827e-01
 61 -0.00381 -3.56149e-01 | 62 -0.00394 -2.94038e-01 | 63 -0.00386 -2.21871e-01
 64 -0.00356 -1.47651e-01 | 65 -0.00305 -7.91040e-02 | 66 -0.00232 -2.36363e-02
 67 -0.00138  1.15709e-02 | 68 -0.00024  2.41501e-02 | 69  0.00117  3.11307e-02
 70  0.00293  5.99488e-02 | 71  0.00496  1.00858e-01 | 72  0.00698  1.01212e-01
 73  0.00888  5.97257e-02 | 74  0.01195  2.95234e-01 | 75  0.01312  1.49264e-01
 76  0.01435  1.08804e-01 | 77  0.01509  9.37244e-02 | 78  0.01549  1.61527e-01
 79  0.01430  3.38636e-02 | 80  0.01299  6.28676e-03 | 81  0.01092 -9.36495e-02
 82  0.00869 -1.50302e-01 | 83  0.00619 -1.89576e-01 | 84  0.00334 -2.21313e-01
 85 -0.00002 -2.92343e-01 | 86 -0.00457 -6.07421e-01 | 87 -0.00648 -2.78521e-01
 88 -0.00951 -3.69443e-01 | 89 -0.01086 -2.72060e-01 | 90 -0.01101 -1.85266e-01
 91 -0.00996 -1.12510e-01 | 92 -0.00779 -1.42773e-02 | 93 -0.00648 -2.45663e-01
 94 -0.00604 -5.11141e-01 | 95 -0.00751 -6.10430e-01 | 96 -0.01087  3.09739e-02
 97 -0.01590  1.04168e+00 | 98 -0.01922  1.04020e+00 | 99 -0.01702  7.18361e-01
100 -0.00795  7.26067e-01 |101 -0.00574  9.84186e-01 |102 -0.00139  1.48567e+00
103  0.00670  1.55020e+00 |104  0.01159  2.14709e+00 |105  0.01277  1.76085e+00
106  0.01599  1.74750e+00 |107  0.01232  1.45800e+00 |108  0.00183  6.88561e-01
109 -0.00802  8.34955e-01 |110 -0.00729  6.52665e-01 |111 -0.00074  2.48989e-01
112  0.00533  9.04715e-02 |113  0.00437 -1.26055e-01 |114  0.00831 -3.75475e-01
115 -0.01098  3.93089e-02 |116 -0.05281  4.72076e-01 |117 -0.07051  5.27800e-01
118 -0.07518  4.84070e-01 |119 -0.06608 -7.51613e-02 |120  0.06657  6.61540e-01
121  0.04505  6.24225e-01 |122  0.03066  1.25636e+00 |123 -0.03082  1.56125e+00
124 -0.06913  6.18459e-01 |125 -0.02110  1.20451e+00 |126 -0.01056 -1.00188e+00
127 -0.02867 -5.81854e-01 |128  0.01145 -4.48302e-01 |129  0.07338 -5.15548e-01
130  0.00032 -9.38637e-02 |131  0.08381 -7.79426e-01 |132  0.00383 -6.15244e-01
133  0.12739 -8.42679e-02 |134 -0.00051 -7.50862e-02 |135 -0.03813 -5.80125e-01
136 -0.05233  9.73066e-01 |137 -0.02268 -1.77175e-01 |138  0.07269  5.07624e-01
139  0.00426 -2.11058e-01 |140 -0.00109  4.52193e-01 |141 -0.04744 -1.18135e+00
142 -0.01710  7.48316e-01 |143 -0.00195  2.16073e-01 |144 -0.00001  6.76979e-04
145  0.31453 -1.60938e-02 |146  0.29685  6.49105e+00 |147 -0.16109  3.90806e-02
148  0.16668  1.53044e-02 |149 -0.20546 -9.42509e-04 |150 -0.52310 -2.02102e-03
151 -0.38379 -3.68811e-03 |152  0.26678  3.26853e-03 |153  0.10255  4.46109e-03
154 -0.23039  1.19160e-04 |155  0.25108  1.33607e-02 |156  0.08565  1.62271e-03
157  0.18460 -4.72966e-03 |158  0.00463  2.39342e-03 |159 -0.25548 -1.33311e-03
160 -0.57480 -3.86523e-03 |161  0.02218  1.53572e-02 |162  0.40498  1.11745e-02
163  0.29715 -1.35294e-02 |164  0.02254 -7.90128e-03 |165 -0.04614 -2.01807e-01
166  0.58298 -1.19293e-03 |167  0.02176  8.12550e-02 |168 -0.21667  4.93257e-01
169  0.36234 -9.08711e-02 |170 -0.33849 -1.84795e-03 |171  0.01189  1.34919e-02
172 -0.51050 -2.80289e-03 |173 -0.78592 -1.05968e-02 |174  0.27742  2.76062e-03
175  0.08516 -3.82946e-03 |176  0.01627  5.99520e-03 |177  0.01106 -1.22370e+00
178  0.28509  3.35897e-03 |179 -0.17135 -8.48142e-03 |180 -0.08092 -4.01505e-04
181 -0.12056  2.82604e-03 |182 -0.28388 -1.50178e-03 |183 -0.40501  5.88243e-02
184 -0.41402 -1.49581e-03 |185  0.18583  9.35654e-02 |186  0.13747  2.99794e-02
187 -0.04880  4.54241e-02 |188 -0.18116  3.20969e-02 |189  0.62051  2.11647e-01
190  0.13080  2.15060e-02 |191  0.00664 -2.10364e-02 |192 -0.21861 -1.12332e-03
193 -0.08010  1.29342e-02 |194 -0.17271  4.77888e-03 |195 -0.18479  4.15032e-03
196 -0.44386  6.01394e-03 |197 -0.37628  7.74833e-01 |198 -0.38345 -2.16005e-03
199  0.05944  1.58446e+01 |200 -0.33105  3.35792e+00 |
200 variables; iteration 100; function evaluation 130; phase 4
Function value 6.7183632e+03; maximum gradient component mag 2.3008e+01
Var    Value     Gradient |Var    Value     Gradient |Var    Value     Gradient
  1 -0.30888 -2.39887e+00 |  2  0.33105 -3.43789e-01 |  3 -0.22727 -2.53118e+00
  4  0.13258 -6.98515e-01 |  5 -0.57344 -9.87137e-02 |  6 -0.66383 -2.15689e+00
  7  0.36227  5.95746e-01 |  8 -0.20796  6.63255e-01 |  9  0.07699 -1.00706e-01
 10 -0.52678  6.68249e-01 | 11 -0.65815  1.14349e+00 | 12 -0.09890  1.49761e+01
 13  0.00030 -2.24377e-02 | 14  0.00034 -2.14267e-02 | 15  0.00037 -2.03283e-02
 16  0.00041 -1.91532e-02 | 17  0.00046 -1.79165e-02 | 18  0.00051 -1.66404e-02
 19  0.00057 -1.53573e-02 | 20  0.00063 -1.41095e-02 | 21  0.00070 -1.29480e-02
 22  0.00078 -1.19328e-02 | 23  0.00086 -1.11284e-02 | 24  0.00096 -1.05927e-02
 25  0.00105 -1.03749e-02 | 26  0.00116 -1.05041e-02 | 27  0.00127 -1.09832e-02
 28  0.00139 -1.17827e-02 | 29  0.00152 -1.28317e-02 | 30  0.00165 -1.40088e-02
 31  0.00180 -1.51415e-02 | 32  0.00195 -1.60278e-02 | 33  0.00210 -1.64755e-02
 34  0.00227 -1.63569e-02 | 35  0.00244 -1.56582e-02 | 36  0.00261 -1.44906e-02
 37  0.00278 -1.30622e-02 | 38  0.00296 -1.16069e-02 | 39  0.00313 -1.03222e-02
 40  0.00330 -9.31236e-03 | 41  0.00345 -8.60788e-03 | 42  0.00360 -8.14268e-03
 43  0.00372 -7.83829e-03 | 44  0.00382 -7.67944e-03 | 45  0.00389 -7.74297e-03
 46  0.00391 -8.20239e-03 | 47  0.00388 -9.06920e-03 | 48  0.00378 -1.01617e-02
 49  0.00361 -1.08994e-02 | 50  0.00336 -1.04376e-02 | 51  0.00303 -8.04611e-03
 52  0.00261 -3.80042e-03 | 53  0.00210  3.28892e-04 | 54  0.00149  4.26889e-04
 55  0.00079 -4.06372e-03 | 56  0.00008 -1.84051e-03 | 57 -0.00058  2.08403e-02
 58 -0.00118  5.59309e-02 | 59 -0.00179  7.93430e-02 | 60 -0.00239  8.44291e-02
 61 -0.00289  8.89983e-02 | 62 -0.00318  1.11356e-01 | 63 -0.00322  1.49574e-01
 64 -0.00306  1.86238e-01 | 65 -0.00271  2.09071e-01 | 66 -0.00212  2.24376e-01
 67 -0.00120  2.47955e-01 | 68 -0.00015  2.33207e-01 | 69  0.00093  1.55743e-01
 70  0.00231  8.98031e-02 | 71  0.00420  9.91079e-02 | 72  0.00588  2.47296e-02
 73  0.00867  1.95524e-01 | 74  0.01012  6.98736e-02 | 75  0.01180  5.01293e-02
 76  0.01450  3.50928e-01 | 77  0.01437  1.59309e-01 | 78  0.01390  5.82415e-02
 79  0.01445  3.39042e-01 | 80  0.01186  5.46470e-02 | 81  0.01070  1.91726e-01
 82  0.00761 -2.65564e-02 | 83  0.00419 -2.48723e-01 | 84  0.00260  4.96940e-02
 85 -0.00052  6.65461e-02 | 86 -0.00463 -1.15181e-01 | 87 -0.00502  6.36332e-01
 88 -0.00931  2.32672e-01 | 89 -0.00977  5.85300e-01 | 90 -0.00942  8.04979e-01
 91 -0.00911  6.36694e-01 | 92 -0.00658  7.13747e-01 | 93 -0.00480  3.52839e-01
 94 -0.00307  2.15588e-02 | 95 -0.00228  1.40665e-01 | 96 -0.00869  6.70542e-02
 97 -0.01811  3.77199e-01 | 98 -0.02160  7.77884e-01 | 99 -0.01788  8.97971e-01
100 -0.00748  7.71197e-01 |101 -0.00629  8.61373e-01 |102 -0.00413  7.50015e-01
103  0.00280  4.76742e-02 |104  0.00590  2.00317e-01 |105  0.01013  4.57767e-01
106  0.01581  4.93022e-01 |107  0.01507  5.01099e-01 |108  0.00434  1.28013e-01
109 -0.01105 -2.59411e-01 |110 -0.01216 -7.96468e-01 |111 -0.00254 -4.30751e-01
112  0.00442 -2.95881e-01 |113  0.00368 -3.45953e-01 |114  0.00605 -9.32774e-01
115 -0.01137 -1.19081e-01 |116 -0.05443 -1.79905e-01 |117 -0.07294 -5.46045e-01
118 -0.07595  1.16121e-01 |119 -0.06596 -3.19471e-02 |120  0.06626  3.81000e-01
121  0.04490  1.78771e-01 |122  0.02958  3.37673e-01 |123 -0.03307  4.04668e-01
124 -0.06931  5.01158e-01 |125 -0.02383  3.89231e-01 |126 -0.00733  5.32154e-01
127 -0.02819  7.40447e-02 |128  0.01086  2.98477e-02 |129  0.07520  5.19366e-01
130 -0.00123 -2.27807e-01 |131  0.08546 -1.05943e-01 |132  0.00532  4.11539e-02
133  0.12851  2.69304e-01 |134 -0.00074 -1.77226e-01 |135 -0.03676 -5.61032e-02
136 -0.05592 -1.97718e-01 |137 -0.02324 -3.71988e-01 |138  0.07103 -6.34600e-02
139  0.00444 -1.42186e-01 |140 -0.00131  3.30958e-01 |141 -0.04318  2.27448e-01
142 -0.01870  2.20437e-01 |143 -0.00243  9.38403e-02 |144 -0.00001 -9.17383e-05
145  0.32096  1.90835e+00 |146  0.33177  9.41830e+00 |147 -0.16179  1.60715e+00
148  0.13528 -3.37670e-02 |149 -0.26730  1.41510e-02 |150 -0.54266 -2.50626e-03
151 -0.35046 -3.39652e-03 |152  0.24159  3.22418e-03 |153  0.09214  5.92302e-03
154 -0.23100  7.42810e-04 |155  0.24555  1.01808e-03 |156  0.05797  4.71499e-04
157  0.17681  7.41065e-04 |158 -0.15669 -7.89228e-04 |159 -0.33619 -1.83265e-03
160 -0.65221 -5.13663e-03 |161 -0.09945  2.44285e-02 |162  0.35448  4.46919e-03
163  0.28761  3.00290e-02 |164  0.00899 -5.35392e-03 |165 -0.01413  5.27703e-01
166  0.57863  4.24849e-03 |167  0.01101  1.45380e+00 |168 -0.21563  2.44809e+00
169  0.37615 -6.73655e-02 |170 -0.32501 -1.75948e-03 |171  0.00136  4.03733e-02
172 -0.49009 -2.23233e-03 |173 -0.70167 -1.33299e-02 |174  0.25350  8.51656e-03
175  0.07691 -2.66292e-02 |176 -0.02061  1.95097e-02 |177  0.00859 -8.80792e-01
178  0.28346  2.06767e-03 |179 -0.23160 -1.17043e-03 |180 -0.14693 -7.38258e-04
181 -0.08962  2.80020e-02 |182 -0.30137 -1.60926e-03 |183 -0.43010  2.62615e-02
184 -0.49153 -2.89088e-03 |185  0.16102  2.70530e-02 |186  0.04710  3.71107e-03
187 -0.08540  1.85784e-02 |188 -0.24711  1.15375e-02 |189  0.55454  3.85864e-02
190  0.11786 -7.34428e-03 |191 -0.12912 -6.46263e-04 |192 -0.35040 -1.92791e-03
193 -0.25242 -1.31530e-03 |194 -0.17684 -8.96292e-04 |195 -0.26094  8.05577e-03
196 -0.49694 -2.27148e-04 |197 -0.37545  2.66588e+00 |198 -0.41005 -2.35921e-03
199  0.04971  2.30078e+01 |200 -0.34540  3.74508e+00 |
200 variables; iteration 120; function evaluation 165; phase 4
Function value 6.7182213e+03; maximum gradient component mag 2.1520e+01
Var    Value     Gradient |Var    Value     Gradient |Var    Value     Gradient
  1 -0.31172 -7.44736e+00 |  2  0.33097 -1.12252e+00 |  3 -0.22815 -1.19593e+01
  4  0.13349 -4.88255e+00 |  5 -0.57212  2.36056e-01 |  6 -0.66421 -4.99128e+00
  7  0.36167 -8.36227e-01 |  8 -0.20965 -6.97706e+00 |  9  0.07921 -3.01617e+00
 10 -0.53057 -2.07176e+00 | 11 -0.65794  5.46676e-01 | 12 -0.10485  2.03006e+01
 13  0.00013  9.20968e-04 | 14  0.00017  5.05086e-03 | 15  0.00021  9.75367e-03
 16  0.00026  1.50921e-02 | 17  0.00032  2.11331e-02 | 18  0.00038  2.79234e-02
 19  0.00045  3.55067e-02 | 20  0.00054  4.39053e-02 | 21  0.00063  5.31107e-02
 22  0.00073  6.30747e-02 | 23  0.00085  7.36977e-02 | 24  0.00097  8.48163e-02
 25  0.00110  9.62128e-02 | 26  0.00124  1.07622e-01 | 27  0.00139  1.18757e-01
 28  0.00155  1.29367e-01 | 29  0.00171  1.39290e-01 | 30  0.00188  1.48534e-01
 31  0.00205  1.57267e-01 | 32  0.00223  1.65779e-01 | 33  0.00241  1.74259e-01
 34  0.00259  1.82536e-01 | 35  0.00278  1.89912e-01 | 36  0.00296  1.95186e-01
 37  0.00313  1.97043e-01 | 38  0.00328  1.94490e-01 | 39  0.00341  1.87441e-01
 40  0.00352  1.78212e-01 | 41  0.00362  1.66759e-01 | 42  0.00371  1.56769e-01
 43  0.00381  1.51693e-01 | 44  0.00392  1.54253e-01 | 45  0.00403  1.66254e-01
 46  0.00415  1.87612e-01 | 47  0.00424  2.16199e-01 | 48  0.00429  2.48855e-01
 49  0.00426  2.81337e-01 | 50  0.00414  3.09326e-01 | 51  0.00390  3.30092e-01
 52  0.00353  3.42084e-01 | 53  0.00301  3.38238e-01 | 54  0.00229  3.05491e-01
 55  0.00141  2.50934e-01 | 56  0.00056  2.09832e-01 | 57 -0.00031  1.69935e-01
 58 -0.00135  8.36143e-02 | 59 -0.00234 -1.24341e-03 | 60 -0.00289  2.66743e-03
 61 -0.00301  9.00480e-02 | 62 -0.00293  1.91675e-01 | 63 -0.00280  2.60415e-01
 64 -0.00262  2.85928e-01 | 65 -0.00242  2.57758e-01 | 66 -0.00221  1.63503e-01
 67 -0.00148  1.30137e-01 | 68  0.00092  4.40266e-01 | 69  0.00234  4.37083e-01
 70  0.00118 -2.54095e-01 | 71  0.00169 -5.74589e-01 | 72  0.00511 -2.28704e-01
 73  0.00659 -3.53840e-01 | 74  0.01028  4.46445e-02 | 75  0.01250  1.54664e-01
 76  0.01531  4.89145e-01 | 77  0.01941  1.24097e+00 | 78  0.01582  4.73990e-01
 79  0.00888 -8.79326e-01 | 80  0.01342  4.47112e-01 | 81  0.01081  2.87360e-01
 82  0.01269  1.25151e+00 | 83  0.00608  3.23979e-01 | 84  0.00156 -5.24974e-02
 85 -0.00046  2.56226e-01 | 86 -0.00231  6.72791e-01 | 87 -0.00745  2.14454e-01
 88 -0.00978  3.50171e-01 | 89 -0.01095  5.41724e-01 | 90 -0.01615 -7.03021e-01
 91 -0.00740  1.48173e+00 | 92 -0.00969  2.63773e-01 | 93 -0.00484  5.46435e-01
 94  0.00194  9.53508e-01 | 95  0.00606  1.04294e+00 | 96 -0.00086  6.36954e-01
 97 -0.01378  9.75806e-01 | 98 -0.02519  2.00981e-01 | 99 -0.02084  7.90018e-01
100 -0.00745  5.80073e-01 |101 -0.00851  5.10394e-01 |102 -0.00879  2.03098e-01
103  0.00280  3.08448e-01 |104  0.00374  3.30446e-01 |105  0.00505  1.43287e-01
106  0.01551  2.83521e-01 |107  0.01720 -8.73238e-01 |108  0.00885 -7.89869e-01
109 -0.01307 -9.05630e-01 |110 -0.01336 -7.35325e-01 |111 -0.00527 -8.48970e-01
112  0.00030 -1.17842e+00 |113  0.00266 -4.98527e-01 |114  0.00664 -6.90647e-01
115 -0.01358 -6.98019e-01 |116 -0.05677 -9.35444e-01 |117 -0.07190 -6.43966e-02
118 -0.07869 -1.00799e+00 |119 -0.06701 -5.34862e-01 |120  0.06499 -4.80977e-01
121  0.04597  2.68729e-01 |122  0.03086  2.00215e-01 |123 -0.03364 -3.01175e-01
124 -0.06841  5.91479e-01 |125 -0.02279  5.72184e-01 |126 -0.00732  3.26389e-01
127 -0.02717  3.52820e-01 |128  0.01248  3.03791e-01 |129  0.07254 -1.80087e-01
130  0.00106  1.78258e-01 |131  0.08411 -9.52390e-02 |132  0.00458 -1.28343e-01
133  0.12621 -7.91507e-01 |134 -0.00054  1.86552e-01 |135 -0.03647  2.53835e-01
136 -0.05642 -2.58935e-01 |137 -0.02174  3.58168e-01 |138  0.06918 -1.43264e-01
139  0.00384  1.53487e-01 |140 -0.00332 -1.15377e-01 |141 -0.04443 -2.15481e-02
142 -0.01975 -3.17442e-02 |143 -0.00148  3.27673e-01 |144  0.00001  1.78066e-03
145  0.35818  3.14953e+00 |146  0.38225  8.80784e+00 |147 -0.16307  1.12850e+00
148  0.05461 -3.68224e-03 |149 -0.42355 -2.46511e-03 |150 -0.62093 -4.11962e-03
151 -0.26508 -2.43516e-03 |152  0.17500  1.37181e-03 |153  0.04414  1.02548e-03
154 -0.24176  2.46748e-03 |155  0.17528 -1.73588e-02 |156 -0.00829  4.49212e-03
157  0.17968  9.93607e-04 |158 -0.38114 -2.14330e-03 |159 -0.42592 -2.48405e-03
160 -0.79342 -9.33463e-03 |161 -0.42985 -8.59783e-03 |162  0.17499  6.98126e-03
163  0.27911  2.38230e+00 |164  0.06363 -7.53586e-01 |165 -0.02544  8.97686e-01
166  0.56242  9.22884e-03 |167 -0.00262  1.80684e+00 |168 -0.23296  3.04037e+00
169  0.40183  1.88562e-02 |170 -0.28845 -1.52961e-03 |171 -0.00532  2.20457e-01
172 -0.44083 -1.10289e-04 |173 -0.54865 -2.50574e-02 |174  0.18958  4.80186e-02
175  0.07648  8.80483e-02 |176 -0.13003  1.51022e-01 |177  0.00535 -6.77583e-01
178  0.25316 -2.31700e+00 |179 -0.33492 -1.82430e-03 |180 -0.33420 -1.81954e-03
181 -0.07516 -1.12584e-01 |182 -0.34840 -1.91438e-03 |183 -0.47906  4.17433e-03
184 -0.58921 -4.15065e-03 |185  0.13109 -1.49586e-02 |186 -0.11609 -5.76145e-04
187 -0.31754 -1.71135e-03 |188 -0.38151 -1.24214e-03 |189  0.53679  3.15286e+00
190  0.11242 -1.09819e-01 |191 -0.08760 -7.70538e-03 |192 -0.55259 -3.70878e-03
193 -0.55624 -3.75222e-03 |194 -0.32423 -1.75438e-03 |195 -0.41497 -2.20039e-03
196 -0.59006 -3.69217e-03 |197 -0.37523  3.18753e+00 |198 -0.40868 -2.34862e-03
199  0.03232  2.15195e+01 |200 -0.36713  3.32607e+00 |
200 variables; iteration 140; function evaluation 191; phase 4
Function value 6.7180717e+03; maximum gradient component mag 2.6772e+01
Var    Value     Gradient |Var    Value     Gradient |Var    Value     Gradient
  1 -0.31409 -5.50741e+00 |  2  0.33071 -1.41383e+00 |  3 -0.22921 -1.05761e+01
  4  0.13478 -3.60870e+00 |  5 -0.57157  5.93226e-01 |  6 -0.66452 -8.22761e+00
  7  0.36121  1.61790e-01 |  8 -0.21231  5.12874e+00 |  9  0.08208  5.27934e-02
 10 -0.52765  2.79882e-02 | 11 -0.65882  4.78520e+00 | 12 -0.11337  7.38741e+00
 13  0.00113  1.12817e-01 | 14  0.00116  1.11312e-01 | 15  0.00119  1.09258e-01
 16  0.00122  1.06558e-01 | 17  0.00126  1.03086e-01 | 18  0.00129  9.87410e-02
 19  0.00133  9.34168e-02 | 20  0.00137  8.69977e-02 | 21  0.00141  7.94074e-02
 22  0.00146  7.05999e-02 | 23  0.00151  6.05926e-02 | 24  0.00156  4.94922e-02
 25  0.00162  3.74867e-02 | 26  0.00168  2.48379e-02 | 27  0.00175  1.18339e-02
 28  0.00183 -1.31026e-03 | 29  0.00191 -1.45893e-02 | 30  0.00200 -2.83724e-02
 31  0.00210 -4.34490e-02 | 32  0.00218 -6.09195e-02 | 33  0.00227 -8.16885e-02
 34  0.00234 -1.05664e-01 | 35  0.00241 -1.31075e-01 | 36  0.00249 -1.54151e-01
 37  0.00260 -1.69895e-01 | 38  0.00276 -1.73216e-01 | 39  0.00299 -1.60800e-01
 40  0.00327 -1.35141e-01 | 41  0.00360 -9.40968e-02 | 42  0.00395 -4.53973e-02
 43  0.00429  2.29935e-03 | 44  0.00456  4.09748e-02 | 45  0.00473  6.44541e-02
 46  0.00479  7.07844e-02 | 47  0.00474  6.20105e-02 | 48  0.00457  4.09049e-02
 49  0.00429  1.05259e-02 | 50  0.00390 -2.62187e-02 | 51  0.00340 -6.65485e-02
 52  0.00283 -1.01837e-01 | 53  0.00231 -1.06566e-01 | 54  0.00192 -5.78638e-02
 55  0.00155  1.18017e-02 | 56  0.00103  5.65091e-02 | 57  0.00062  1.32915e-01
 58  0.00056  2.93697e-01 | 59  0.00038  4.19070e-01 | 60 -0.00049  3.50478e-01
 61 -0.00194  1.09343e-01 | 62 -0.00330 -1.48879e-01 | 63 -0.00413 -3.18343e-01
 64 -0.00432 -3.79930e-01 | 65 -0.00374 -3.06182e-01 | 66 -0.00212 -3.64899e-02
 67 -0.00011  2.56684e-01 | 68 -0.00025 -5.79441e-02 | 69 -0.00002 -3.39516e-01
 70  0.00556  6.11878e-01 | 71  0.00805  7.54433e-01 | 72  0.00125 -1.31080e+00
 73  0.01136  5.66086e-01 | 74  0.01239  3.42124e-01 | 75  0.01293  6.87600e-02
 76  0.01484  1.97581e-01 | 77  0.01728  5.77646e-01 | 78  0.01476  4.18933e-02
 79  0.01563  4.04532e-01 | 80  0.00806 -9.71859e-01 | 81  0.01575  1.16594e+00
 82  0.01219  8.75181e-01 | 83  0.00532 -1.22885e-01 | 84  0.00405  2.65746e-01
 85 -0.00112 -2.04874e-01 | 86 -0.00716 -8.67384e-01 | 87 -0.00857 -3.83216e-01
 88 -0.00379  1.64384e+00 | 89 -0.01321 -3.52632e-01 | 90 -0.00788  1.30396e+00
 91 -0.01522 -8.17681e-01 | 92 -0.00754  7.45819e-01 | 93 -0.00542  3.24218e-01
 94 -0.00056 -3.29007e-02 | 95  0.00357 -7.51700e-01 | 96  0.00380 -5.87044e-02
 97 -0.01325 -1.51585e-02 | 98 -0.02666 -1.22847e-01 | 99 -0.02409  6.39221e-01
100 -0.00798  4.76954e-01 |101 -0.01000  6.15807e-01 |102 -0.01286  2.82100e-01
103  0.00092  6.16319e-01 |104 -0.00051  3.48110e-01 |105  0.00100  1.12420e+00
106  0.00589  5.60672e-01 |107  0.02228  1.72619e+00 |108  0.01629  1.46079e+00
109 -0.01496 -5.40964e-04 |110 -0.01740 -2.74074e-01 |111 -0.00638  1.64018e-01
112  0.00040 -1.84952e-01 |113  0.00214  2.39342e-02 |114  0.00453 -6.68372e-01
115 -0.01253  1.55877e-01 |116 -0.05423  3.54453e-01 |117 -0.07381 -6.40617e-01
118 -0.07699 -3.28947e-01 |119 -0.06695 -6.04692e-01 |120  0.06527 -8.42976e-01
121  0.04567 -1.76384e-01 |122  0.03109  3.31154e-01 |123 -0.03195  4.88149e-01
124 -0.06908  2.46639e-01 |125 -0.02322  3.44652e-01 |126 -0.00633  4.86723e-01
127 -0.02975 -6.10376e-01 |128  0.01099 -3.17192e-01 |129  0.07345 -2.88214e-01
130 -0.00118 -4.44448e-01 |131  0.08422 -2.95066e-01 |132  0.00543  2.35089e-01
133  0.12682 -1.64072e-01 |134 -0.00138 -2.21767e-01 |135 -0.03665  2.24757e-01
136 -0.05573 -2.49999e-02 |137 -0.02432 -4.91884e-01 |138  0.06987  7.67267e-02
139  0.00444  3.55371e-01 |140 -0.00188  3.84425e-01 |141 -0.04305  3.82497e-01
142 -0.01776  5.08587e-01 |143 -0.00436 -3.97868e-01 |144 -0.00002 -5.02905e-03
145  0.37129  1.47723e+00 |146  0.43062  5.60419e+00 |147 -0.16164  1.56703e+00
148 -0.06578 -7.92188e-04 |149 -0.45681 -2.72959e-03 |150 -0.71101 -6.33864e-03
151 -0.19578 -1.54730e-04 |152  0.12371  4.72560e-04 |153  0.01430  1.44657e-03
154 -0.26116  1.58250e-03 |155  0.24970  4.55377e-01 |156 -0.15972 -2.10303e-03
157  0.17948  1.33186e-03 |158 -0.50755 -3.21706e-03 |159 -0.43813 -2.58350e-03
160 -0.86589 -1.46868e-02 |161 -0.57788 -2.95198e-02 |162  0.00445  6.83050e-03
163  0.27578  8.69223e-01 |164  0.20254 -3.69722e-01 |165 -0.00930  5.47498e-01
166  0.54714  4.34300e-03 |167 -0.00955  1.12072e+00 |168 -0.23683  1.46988e+00
169  0.41990 -1.87769e-01 |170 -0.25996 -1.35931e-03 |171 -0.04832  4.92880e-02
172 -0.41189  4.89503e-03 |173 -0.57520 -5.54526e-02 |174  0.19285  8.60615e-02
175  0.07876  1.58788e-01 |176 -0.13506  3.62674e-02 |177  0.00442  1.01074e+00
178  0.25475 -6.50373e-01 |179 -0.40814 -2.34451e-03 |180 -0.49649 -3.10720e-03
181 -0.03313  1.06186e+00 |182 -0.43935 -2.59359e-03 |183 -0.49785  3.93313e-03
184 -0.58948 -4.14266e-03 |185  0.17743  1.12120e-03 |186 -0.20037 -1.02281e-03
187 -0.45512 -2.72722e-03 |188 -0.48917 -2.92157e-03 |189  0.53541  2.67724e+01
190  0.11524 -3.01186e-02 |191 -0.02060 -1.12002e-04 |192 -0.65829 -5.27960e-03
193 -0.65845  1.46447e-02 |194 -0.44630 -2.65179e-03 |195 -0.46111 -2.69799e-03
196 -0.73690 -7.10958e-03 |197 -0.37459  2.66036e+00 |198 -0.42302 -2.46085e-03
199  0.01604  1.46010e+01 |200 -0.37939  3.00798e+00 |
200 variables; iteration 160; function evaluation 224; phase 4
Function value 6.7179313e+03; maximum gradient component mag 1.7981e+01
Var    Value     Gradient |Var    Value     Gradient |Var    Value     Gradient
  1 -0.31525 -1.80334e+00 |  2  0.33115  4.32359e-03 |  3 -0.22958 -3.57761e+00
  4  0.13428 -1.26678e+00 |  5 -0.57505 -6.80292e-01 |  6 -0.66384 -1.14733e-01
  7  0.36076  1.63768e-01 |  8 -0.21452 -4.39264e+00 |  9  0.08460 -1.54955e+00
 10 -0.52550  7.97754e-01 | 11 -0.65964 -5.58374e-01 | 12 -0.11921  1.00593e+01
 13  0.00068  3.75795e-04 | 14  0.00069 -3.92411e-03 | 15  0.00071 -9.07087e-03
 16  0.00073 -1.50385e-02 | 17  0.00075 -2.17077e-02 | 18  0.00077 -2.88400e-02
 19  0.00080 -3.60545e-02 | 20  0.00084 -4.27887e-02 | 21  0.00089 -4.82745e-02
 22  0.00095 -5.15773e-02 | 23  0.00104 -5.16091e-02 | 24  0.00115 -4.71698e-02
 25  0.00129 -3.70579e-02 | 26  0.00147 -2.01959e-02 | 27  0.00169  4.07149e-03
 28  0.00195  3.53842e-02 | 29  0.00223  7.14649e-02 | 30  0.00252  1.07210e-01
 31  0.00279  1.35120e-01 | 32  0.00300  1.48601e-01 | 33  0.00316  1.47689e-01
 34  0.00330  1.42251e-01 | 35  0.00348  1.46028e-01 | 36  0.00372  1.62618e-01
 37  0.00394  1.76805e-01 | 38  0.00406  1.64713e-01 | 39  0.00404  1.20042e-01
 40  0.00398  6.82393e-02 | 41  0.00404  4.93709e-02 | 42  0.00431  8.05928e-02
 43  0.00466  1.36676e-01 | 44  0.00494  1.81233e-01 | 45  0.00507  2.00510e-01
 46  0.00511  2.06508e-01 | 47  0.00507  2.06005e-01 | 48  0.00478  1.61886e-01
 49  0.00401  1.85383e-02 | 50  0.00317 -1.18163e-01 | 51  0.00351  4.72246e-02
 52  0.00409  2.93155e-01 | 53  0.00278  1.06878e-01 | 54  0.00222  1.20894e-01
 55  0.00240  3.31653e-01 | 56  0.00106  1.81177e-01 | 57 -0.00110 -1.68321e-01
 58 -0.00114  2.99547e-03 | 59 -0.00147  9.24744e-02 | 60 -0.00262 -4.32007e-02
 61 -0.00162  3.37516e-01 | 62 -0.00241  2.28117e-01 | 63 -0.00273  1.92781e-01
 64 -0.00310  9.14885e-02 | 65 -0.00353 -8.73860e-02 | 66 -0.00062  5.11998e-01
 67 -0.00065  2.95232e-01 | 68  0.00191  6.56311e-01 | 69  0.00317  6.18488e-01
 70  0.00273  1.08572e-01 | 71  0.00639  5.42427e-01 | 72  0.00888  6.53069e-01
 73  0.00767 -1.08004e-01 | 74  0.01109  2.19028e-01 | 75  0.01258  1.51882e-01
 76  0.01394  1.48558e-01 | 77  0.01420  4.45917e-02 | 78  0.01532  2.91236e-01
 79  0.01469  3.14807e-01 | 80  0.01469  6.13004e-01 | 81  0.00934 -1.84031e-01
 82  0.00730 -1.61556e-01 | 83  0.00635  2.01526e-01 | 84  0.00286  5.57695e-02
 85 -0.00017  9.83722e-02 | 86 -0.00166  5.87228e-01 | 87 -0.00596  3.41364e-01
 88 -0.01115 -2.87388e-01 | 89 -0.00966  6.20660e-01 | 90 -0.01406 -3.66080e-01
 91 -0.01058  4.63808e-01 | 92 -0.01051  6.07645e-02 | 93 -0.00861 -2.41315e-01
 94 -0.00183  2.72710e-02 | 95  0.01007  6.74419e-01 | 96  0.00967  9.16672e-03
 97 -0.00690  8.04957e-02 | 98 -0.02431  2.33096e-01 | 99 -0.02931 -1.77258e-02
100 -0.00730  3.28048e-02 |101 -0.01025  2.14275e-02 |102 -0.01583  3.27786e-02
103  0.00037 -5.06406e-02 |104  0.00103  8.82484e-03 |105 -0.00456 -1.82823e-01
106  0.00125 -1.90077e-01 |107  0.01758 -4.01813e-01 |108  0.02102 -5.41575e-01
109 -0.01258 -3.32776e-02 |110 -0.01795 -1.22366e-01 |111 -0.00985 -3.84809e-01
112 -0.00096 -1.95621e-01 |113 -0.00033 -1.43042e-01 |114  0.00576  2.34557e-01
115 -0.01424  2.41274e-01 |116 -0.05615  1.57911e-01 |117 -0.07271  3.67676e-01
118 -0.07659  4.41545e-01 |119 -0.06599  2.15719e-01 |120  0.06541 -5.75083e-02
121  0.04517 -3.57026e-01 |122  0.03074 -5.06140e-02 |123 -0.03281 -7.01926e-02
124 -0.06963 -1.09955e-01 |125 -0.02360 -2.73514e-01 |126 -0.00785 -1.32796e-01
127 -0.02734  1.22834e-01 |128  0.01101 -8.72364e-02 |129  0.07376  5.30125e-02
130 -0.00037 -8.42013e-02 |131  0.08447 -3.15716e-01 |132  0.00494 -1.12062e-01
133  0.12782  5.21843e-01 |134 -0.00111 -9.51795e-02 |135 -0.03726 -6.68303e-02
136 -0.05604 -1.23820e-01 |137 -0.02290  2.34449e-02 |138  0.06876 -2.12312e-01
139  0.00283 -1.61423e-01 |140 -0.00378 -8.94737e-02 |141 -0.04505 -1.02336e-01
142 -0.02082 -2.83337e-01 |143 -0.00298 -4.84698e-02 |144  0.00001  2.27757e-03
145  0.38819  1.77134e-01 |146  0.48579  7.58408e+00 |147 -0.16239 -1.77511e-01
148 -0.20241 -6.60819e-04 |149 -0.48435 -2.99080e-03 |150 -0.87882 -1.62864e-02
151 -0.11798  3.02882e-03 |152  0.05433  2.25872e-04 |153 -0.03867  1.55385e-03
154 -0.29578  5.46931e-05 |155  0.23849  7.91449e-03 |156 -0.35951 -1.99037e-03
157  0.18997  3.51264e-02 |158 -0.61759 -4.58521e-03 |159 -0.47358 -2.89111e-03
160 -0.90158 -2.01480e-02 |161 -0.58241 -4.23336e-03 |162 -0.23923 -1.23950e-03
163  0.25405  4.07175e-01 |164  0.20481  3.32064e-02 |165 -0.00260  1.21534e-01
166  0.54562 -3.27478e-03 |167 -0.02104  4.01487e-01 |168 -0.24336  3.78239e-01
169  0.42356 -5.33923e-01 |170 -0.23743  1.64057e-03 |171 -0.11568 -2.02146e-03
172 -0.43200  3.57620e-03 |173 -0.56031  2.83961e-02 |174  0.13332 -3.83627e-02
175  0.07399 -1.97940e-01 |176 -0.13741  6.58840e-02 |177  0.00237 -1.77777e-01
178  0.25711 -2.43267e-01 |179 -0.49653 -3.10759e-03 |180 -0.62261 -4.66370e-03
181 -0.03249  1.18890e-01 |182 -0.64903 -5.10901e-03 |183 -0.55391 -2.05258e-03
184 -0.59960 -4.29515e-03 |185  0.16427 -2.32096e-02 |186 -0.31127 -1.67143e-03
187 -0.75215 -7.65724e-03 |188 -0.60784 -4.42762e-03 |189  0.53514  3.04903e+00
190  0.12604  6.82650e-04 |191  0.03281 -3.90251e-03 |192 -0.78094 -8.76585e-03
193 -0.75592 -7.78816e-03 |194 -0.73288 -7.04220e-03 |195 -0.47473 -2.84474e-03
196 -0.85473 -1.35125e-02 |197 -0.37602  2.98063e+00 |198 -0.38545 -2.17463e-03
199 -0.00444  1.79810e+01 |200 -0.40370  2.82845e+00 |
200 variables; iteration 180; function evaluation 260; phase 4
Function value 6.7177569e+03; maximum gradient component mag 7.9206e+00
Var    Value     Gradient |Var    Value     Gradient |Var    Value     Gradient
  1 -0.31400  2.09989e+00 |  2  0.33032  4.51410e-01 |  3 -0.23058  4.17550e+00
  4  0.13671  8.00289e-01 |  5 -0.57222  6.79133e-01 |  6 -0.66477  3.18921e+00
  7  0.36111 -2.28103e-01 |  8 -0.21297 -5.17874e+00 |  9  0.08269 -8.82132e-01
 10 -0.52973 -1.04183e+00 | 11 -0.65860 -3.30109e-01 | 12 -0.11568  5.48548e+00
 13  0.00047  3.09909e-02 | 14  0.00042  1.22492e-02 | 15  0.00038 -5.42095e-03
 16  0.00035 -2.09642e-02 | 17  0.00034 -3.32432e-02 | 18  0.00036 -4.11948e-02
 19  0.00040 -4.40653e-02 | 20  0.00047 -4.16232e-02 | 21  0.00056 -3.42098e-02
 22  0.00068 -2.25847e-02 | 23  0.00083 -7.37136e-03 | 24  0.00099  1.15410e-02
 25  0.00119  3.51221e-02 | 26  0.00141  6.34956e-02 | 27  0.00165  9.15532e-02
 28  0.00182  1.03499e-01 | 29  0.00184  7.38008e-02 | 30  0.00162 -1.42112e-02
 31  0.00127 -1.34627e-01 | 32  0.00113 -2.08912e-01 | 33  0.00145 -1.69028e-01
 34  0.00210 -5.32737e-02 | 35  0.00259  2.36173e-02 | 36  0.00286  4.48390e-02
 37  0.00322  8.83366e-02 | 38  0.00339  8.49638e-02 | 39  0.00293 -6.80213e-02
 40  0.00284 -1.33496e-01 | 41  0.00404  1.15044e-01 | 42  0.00487  2.74548e-01
 43  0.00426  9.45214e-02 | 44  0.00417  4.30944e-02 | 45  0.00394 -3.30414e-02
 46  0.00305 -2.60687e-01 | 47  0.00404 -2.32672e-02 | 48  0.00436  6.49723e-02
 49  0.00458  1.48667e-01 | 50  0.00364 -2.73056e-02 | 51  0.00461  2.75377e-01
 52  0.00204 -2.51020e-01 | 53  0.00253 -2.22163e-02 | 54  0.00118 -2.18045e-01
 55  0.00165  4.09473e-02 | 56  0.00157  1.78532e-01 | 57 -0.00146 -4.04438e-01
 58 -0.00093 -1.19042e-01 | 59 -0.00415 -7.70893e-01 | 60 -0.00212 -1.40135e-01
 61  0.00249  1.11280e+00 | 62 -0.00040  4.51035e-01 | 63 -0.00607 -9.59641e-01
 64 -0.00152  1.43436e-01 | 65 -0.00242 -1.86298e-01 | 66 -0.00393 -7.29472e-01
 67 -0.00102 -2.46345e-01 | 68 -0.00057 -4.43418e-01 | 69  0.00134 -3.49136e-01
 70  0.00333 -3.01631e-01 | 71  0.00458 -4.74123e-01 | 72  0.00499 -8.64840e-01
 73  0.00991 -2.34216e-01 | 74  0.01195 -2.48579e-01 | 75  0.01313 -3.96246e-01
 76  0.01557 -1.72097e-01 | 77  0.01727  3.54564e-02 | 78  0.01494 -4.44718e-01
 79  0.01393 -4.76518e-01 | 80  0.01147 -6.82154e-01 | 81  0.01316  1.39692e-01
 82  0.01163  3.59135e-01 | 83  0.00601 -2.76394e-01 | 84  0.00545  3.53402e-01
 85  0.00140  2.45930e-01 | 86 -0.00568 -5.89047e-01 | 87 -0.00756 -1.45030e-01
 88 -0.00716  7.88337e-01 | 89 -0.01224  2.62769e-02 | 90 -0.01127  5.82117e-01
 91 -0.01370 -9.76687e-02 | 92 -0.01070  4.09070e-01 | 93 -0.00784  5.24449e-01
 94 -0.00050  1.09117e+00 | 95  0.00558  5.93368e-02 | 96  0.01489  6.21314e-01
 97 -0.00100  8.11151e-01 | 98 -0.02180  7.38133e-01 | 99 -0.02999  8.51919e-01
100 -0.00469  9.60078e-01 |101 -0.00687  8.76486e-01 |102 -0.01665  7.71042e-01
103  0.00179  8.73788e-01 |104  0.00364  6.89099e-01 |105 -0.00471  2.21128e-01
106 -0.00456  1.50695e-03 |107  0.01215 -3.01142e-01 |108  0.03233  1.34849e-01
109 -0.01144 -3.29095e-01 |110 -0.01781 -7.36800e-02 |111 -0.01099 -4.58167e-01
112 -0.00296 -4.94487e-01 |113  0.00043 -3.46480e-02 |114  0.00543 -2.21054e-01
115 -0.01473 -3.53042e-01 |116 -0.05636 -2.50296e-01 |117 -0.07374 -3.37449e-01
118 -0.07819 -4.77654e-01 |119 -0.06681 -2.01224e-01 |120  0.06471 -3.36685e-01
121  0.04623  1.98667e-01 |122  0.03072 -8.41360e-02 |123 -0.03239  3.14875e-02
124 -0.06998 -2.84422e-01 |125 -0.02284  2.34515e-01 |126 -0.00672  3.23280e-01
127 -0.02779  5.40817e-02 |128  0.01156  6.57994e-02 |129  0.07305  8.55380e-02
130  0.00008 -4.05917e-02 |131  0.08370 -1.29591e-01 |132  0.00473  4.66423e-02
133  0.12607 -4.38462e-01 |134 -0.00129 -1.63968e-02 |135 -0.03738 -3.34304e-02
136 -0.05548  1.10036e-01 |137 -0.02330 -5.72397e-02 |138  0.06927  1.87808e-01
139  0.00374  2.67688e-01 |140 -0.00404 -2.38608e-01 |141 -0.04505 -1.71307e-01
142 -0.01891  2.45181e-01 |143 -0.00292 -4.90456e-02 |144  0.00000  1.40867e-03
145  0.40467  7.04897e-01 |146  0.51664  2.63376e+00 |147 -0.16470 -4.88289e-03
148 -0.32243 -1.74275e-03 |149 -0.40063 -2.28726e-03 |150 -0.90224 -2.02774e-02
151 -0.10159 -2.88098e-04 |152 -0.03701 -1.90984e-04 |153 -0.15649 -7.38274e-04
154 -0.34844 -8.63110e-04 |155  0.23019  1.55796e-03 |156 -0.57415 -3.97415e-03
157  0.15945 -1.14152e-01 |158 -0.73584 -7.13110e-03 |159 -0.43433 -2.55218e-03
160 -0.67257 -5.52702e-03 |161 -0.50014 -3.16130e-03 |162 -0.42414 -2.46978e-03
163  0.19958  2.08759e-02 |164  0.11124 -1.26198e-02 |165 -0.01840  1.68358e-01
166  0.60470  2.43513e-03 |167 -0.04565  2.30171e-01 |168 -0.25064  7.37696e-01
169  0.41491 -7.28344e-01 |170 -0.10946 -4.28571e-04 |171 -0.18773 -1.10479e-01
172 -0.51679 -1.94093e-03 |173 -0.56703 -3.60458e-02 |174  0.17900  6.72876e-02
175  0.07764  1.45547e-01 |176 -0.14241 -3.67851e-02 |177 -0.00009  6.68378e-01
178  0.27272  8.73751e-04 |179 -0.50237 -3.16507e-03 |180 -0.52314 -3.37875e-03
181 -0.04655  6.79241e-01 |182 -0.94324 -3.50938e-02 |183 -0.61369 -3.68578e-03
184 -0.58389 -4.06457e-03 |185  0.16100  7.16345e-01 |186 -0.28631 -2.03565e-03
187 -0.94390 -3.55078e-02 |188 -0.72580 -6.83587e-03 |189  0.53346  1.10413e+00
190  0.14346  2.06993e-01 |191  0.15215 -2.58672e-01 |192 -0.70618 -6.31623e-03
193 -0.53113 -3.46495e-03 |194 -1.06244  3.18885e-02 |195 -0.37306 -1.84231e-03
196 -0.94533 -3.64331e-02 |197 -0.37229  3.48583e+00 |198 -0.21943 -1.12791e-03
199 -0.02640  7.92065e+00 |200 -0.42337  1.76581e+00 |
200 variables; iteration 200; function evaluation 289; phase 4
Function value 6.7175843e+03; maximum gradient component mag 7.5575e+00
Var    Value     Gradient |Var    Value     Gradient |Var    Value     Gradient
  1 -0.31444 -1.27561e+00 |  2  0.32929  9.20903e-01 |  3 -0.23302  6.46695e-01
  4  0.14052  8.28034e-01 |  5 -0.57195 -3.77108e-02 |  6 -0.66541 -2.12542e+00
  7  0.36183  9.30047e-01 |  8 -0.21312  4.31612e+00 |  9  0.08135  1.38348e+00
 10 -0.52934  1.69616e-01 | 11 -0.65836 -5.76921e-02 | 12 -0.12064  4.52847e+00
 13  0.00018  4.24627e-02 | 14  0.00019  3.91828e-02 | 15  0.00012  1.54369e-02
 16 -0.00003 -2.65642e-02 | 17 -0.00020 -7.75951e-02 | 18 -0.00034 -1.20245e-01
 19 -0.00034 -1.31444e-01 | 20 -0.00013 -9.12561e-02 | 21  0.00030  8.23688e-04
 22  0.00080  1.08889e-01 | 23  0.00108  1.59975e-01 | 24  0.00083  8.04330e-02
 25  0.00007 -1.29070e-01 | 26 -0.00065 -3.29505e-01 | 27 -0.00042 -2.98414e-01
 28  0.00104  3.11632e-02 | 29  0.00243  3.40662e-01 | 30  0.00194  1.88600e-01
 31  0.00019 -2.71878e-01 | 32  0.00020 -3.06241e-01 | 33  0.00229  1.66580e-01
 34  0.00328  3.68509e-01 | 35  0.00275  1.99676e-01 | 36  0.00229  4.75375e-02
 37  0.00190 -8.84609e-02 | 38  0.00234 -2.11041e-02 | 39  0.00306  1.12083e-01
 40  0.00315  9.30672e-02 | 41  0.00288 -1.08686e-02 | 42  0.00306 -4.22877e-03
 43  0.00357  8.53502e-02 | 44  0.00326 -1.65141e-02 | 45  0.00367  6.34165e-02
 46  0.00377  7.53542e-02 | 47  0.00351  1.35655e-02 | 48  0.00356  4.15456e-02
 49  0.00379  1.30618e-01 | 50  0.00281 -5.50328e-02 | 51  0.00264 -2.50211e-02
 52  0.00290  1.30947e-01 | 53  0.00236  1.14696e-01 | 54  0.00049 -2.08892e-01
 55 -0.00051 -3.06181e-01 | 56  0.00055  1.10632e-01 | 57 -0.00065 -2.32346e-02
 58 -0.00171 -1.28066e-01 | 59 -0.00033  3.64095e-01 | 60 -0.00271 -1.03829e-01
 61 -0.00116  3.83142e-01 | 62 -0.00356 -1.61465e-01 | 63 -0.00261  9.01450e-02
 64 -0.00327 -1.18429e-01 | 65 -0.00101  3.44070e-01 | 66 -0.00111  1.42425e-01
 67 -0.00107 -9.28011e-02 | 68 -0.00016 -1.80177e-01 | 69  0.00335  2.93043e-01
 70  0.00416  4.89372e-02 | 71  0.00652  1.27982e-01 | 72  0.00896  1.92437e-01
 73  0.01086  1.22113e-01 | 74  0.01265  4.11713e-02 | 75  0.01491  1.12589e-01
 76  0.01650  1.31192e-01 | 77  0.01711  7.69294e-02 | 78  0.01756  1.56931e-01
 79  0.01660  1.05070e-01 | 80  0.01522  1.00876e-01 | 81  0.01276 -3.07919e-02
 82  0.01049 -2.89523e-02 | 83  0.00760 -8.42672e-02 | 84  0.00539  1.07041e-01
 85  0.00202  1.10866e-01 | 86 -0.00226 -6.98581e-02 | 87 -0.00516  6.30586e-02
 88 -0.00861 -8.45367e-02 | 89 -0.01010  3.47416e-02 | 90 -0.01109 -2.81600e-02
 91 -0.01066 -2.29577e-02 | 92 -0.00953 -1.06046e-01 | 93 -0.00753 -2.32856e-01
 94 -0.00237 -6.72929e-02 | 95  0.00673 -2.28871e-01 | 96  0.01979 -1.36534e-01
 97  0.00720 -2.62467e-01 | 98 -0.01483 -1.28796e-01 | 99 -0.03306 -1.76666e-01
100 -0.00573 -1.97877e-01 |101 -0.00025 -1.47888e-01 |102 -0.01873 -2.67318e-01
103  0.00003 -1.87003e-01 |104  0.00662 -2.62163e-01 |105 -0.00287 -2.48726e-01
106 -0.00687 -5.42465e-02 |107  0.00563  1.81381e-01 |108  0.03747  2.79072e-01
109 -0.00905  1.54840e-01 |110 -0.02109  1.42717e-01 |111 -0.01166  3.17337e-01
112 -0.00388  3.03472e-02 |113 -0.00063  4.40297e-01 |114  0.00375  2.05973e-01
115 -0.01495  4.20312e-01 |116 -0.05699  2.14897e-01 |117 -0.07421  6.32435e-02
118 -0.07767  2.22009e-01 |119 -0.06699  9.50888e-02 |120  0.06489  2.08381e-01
121  0.04563  1.48745e-01 |122  0.03127  1.73235e-01 |123 -0.03234  1.00542e-01
124 -0.06901  9.34949e-02 |125 -0.02310  7.55495e-02 |126 -0.00696  1.97802e-01
127 -0.02778  7.99772e-02 |128  0.01127  1.00954e-01 |129  0.07330  1.69433e-01
130 -0.00011  1.38232e-02 |131  0.08440  3.67813e-02 |132  0.00449 -8.18090e-03
133  0.12717  1.59291e-01 |134 -0.00162 -4.19939e-02 |135 -0.03725  1.13734e-03
136 -0.05628 -8.11485e-02 |137 -0.02342 -3.66988e-02 |138  0.06829 -8.03079e-02
139  0.00294 -8.78210e-02 |140 -0.00356  3.56333e-02 |141 -0.04450  4.81406e-03
142 -0.01988 -2.49904e-02 |143 -0.00258  2.20449e-02 |144  0.00002  4.19189e-03
145  0.40770  1.06448e+00 |146  0.59572  3.13343e+00 |147 -0.16740 -4.43585e-02
148 -0.58327 -4.09332e-03 |149 -0.30365 -1.62352e-03 |150 -0.83115 -1.15319e-02
151 -0.08896 -1.59226e-04 |152 -0.16306 -8.22739e-04 |153 -0.30368 -1.62366e-03
154 -0.40170 -1.95788e-03 |155  0.21458  1.47024e-03 |156 -0.84601 -1.27310e-02
157  0.16885 -9.13774e-04 |158 -0.71679 -6.58957e-03 |159 -0.45182 -2.69875e-03
160 -0.35719  2.04241e-02 |161 -0.41223 -2.34354e-03 |162 -0.71672 -6.58769e-03
163  0.12370 -7.22438e-01 |164 -0.00162  1.46156e-01 |165  0.01163  6.02297e-01
166  0.65114  5.24514e-03 |167 -0.06504  3.98111e-01 |168 -0.25280  8.74562e-01
169  0.42376 -3.31457e-01 |170 -0.06884  9.05670e-04 |171 -0.22879 -1.41137e-02
172 -0.58658 -3.87448e-03 |173 -0.56383  2.02841e-02 |174  0.14526 -1.97817e-02
175  0.07655  3.64586e-02 |176 -0.14472 -3.52971e-02 |177 -0.00100 -2.05852e+00
178  0.29009  5.61789e-03 |179 -0.52754 -3.42593e-03 |180 -0.44544 -2.64455e-03
181 -0.08613 -4.14232e-01 |182 -0.80637 -1.00075e-02 |183 -0.68971 -5.95273e-03
184 -0.50821 -3.10289e-03 |185  0.15936 -2.65118e-01 |186 -0.23576 -9.95551e-04
187 -0.79468 -9.40021e-03 |188 -0.80983 -1.02008e-02 |189  0.53137  1.20248e+00
190  0.13496  8.96112e-03 |191  0.20777  7.71412e-02 |192 -0.45809 -2.75297e-03
193 -0.26412  4.83894e-02 |194 -1.17964  1.08353e-02 |195 -0.23409  4.00822e-03
196 -0.89805 -1.94334e-02 |197 -0.37609  3.89620e-01 |198 -0.20174  2.37848e-04
199 -0.06315  7.55747e+00 |200 -0.47310  9.95689e-01 |
200 variables; iteration 220; function evaluation 317; phase 4
Function value 6.7175024e+03; maximum gradient component mag 9.8351e+00
Var    Value     Gradient |Var    Value     Gradient |Var    Value     Gradient
  1 -0.31589 -3.31670e+00 |  2  0.32938 -7.53874e-01 |  3 -0.23369 -4.34238e+00
  4  0.14085 -1.92714e+00 |  5 -0.57262 -2.81839e-01 |  6 -0.66538 -2.29557e+00
  7  0.36127 -6.28734e-01 |  8 -0.21526 -6.09772e+00 |  9  0.08395 -2.05505e+00
 10 -0.52929 -2.77793e-01 | 11 -0.65882 -7.05021e-01 | 12 -0.12502  9.83514e+00
 13 -0.00079 -1.96180e-01 | 14 -0.00040 -1.03802e-01 | 15  0.00052  1.18811e-01
 16  0.00147  3.47200e-01 | 17  0.00184  4.29679e-01 | 18  0.00124  2.73190e-01
 19 -0.00006 -5.74928e-02 | 20 -0.00102 -3.05991e-01 | 21 -0.00061 -2.17290e-01
 22  0.00096  1.55099e-01 | 23  0.00196  3.83263e-01 | 24  0.00122  1.83582e-01
 25  0.00031 -6.12125e-02 | 26  0.00107  1.01913e-01 | 27  0.00162  2.11628e-01
 28  0.00033 -1.30555e-01 | 29  0.00077 -5.31347e-02 | 30  0.00172  1.50311e-01
 31  0.00022 -2.49761e-01 | 32  0.00224  2.07532e-01 | 33  0.00310  3.83177e-01
 34  0.00117 -1.24396e-01 | 35  0.00254  1.71122e-01 | 36  0.00238  9.33315e-02
 37  0.00085 -3.17552e-01 | 38  0.00392  3.87739e-01 | 39  0.00234 -3.52601e-02
 40  0.00289  6.01886e-02 | 41  0.00302  5.57105e-02 | 42  0.00432  3.36280e-01
 43  0.00501  4.72315e-01 | 44  0.00261 -1.29429e-01 | 45  0.00389  1.59550e-01
 46  0.00341  3.76236e-02 | 47  0.00425  2.42831e-01 | 48  0.00345  6.91885e-02
 49  0.00201 -2.42538e-01 | 50  0.00403  3.00175e-01 | 51  0.00291  1.03739e-01
 52  0.00260  1.25460e-01 | 53  0.00238  1.89320e-01 | 54  0.00135  7.29678e-02
 55  0.00128  2.07622e-01 | 56  0.00028  1.20664e-01 | 57 -0.00018  1.73344e-01
 58 -0.00074  1.94333e-01 | 59 -0.00201  2.72570e-02 | 60 -0.00207  1.40928e-01
 61 -0.00283  4.80832e-02 | 62 -0.00207  3.02211e-01 | 63 -0.00244  2.24184e-01
 64 -0.00179  3.46896e-01 | 65 -0.00240  8.82252e-02 | 66 -0.00117  2.25696e-01
 67  0.00006  2.91566e-01 | 68  0.00147  3.26117e-01 | 69  0.00255  2.10439e-01
 70  0.00477  3.13271e-01 | 71  0.00573  6.76723e-02 | 72  0.00863  2.48366e-01
 73  0.01108  3.08818e-01 | 74  0.01308  2.79409e-01 | 75  0.01504  2.88712e-01
 76  0.01662  3.05690e-01 | 77  0.01785  3.87250e-01 | 78  0.01752  3.01751e-01
 79  0.01648  2.29508e-01 | 80  0.01519  2.42144e-01 | 81  0.01335  2.44253e-01
 82  0.01126  2.83129e-01 | 83  0.00864  2.87903e-01 | 84  0.00539  2.28938e-01
 85  0.00185  1.79907e-01 | 86 -0.00136  2.57414e-01 | 87 -0.00497  2.05428e-01
 88 -0.00793  1.79458e-01 | 89 -0.01039  3.74565e-02 | 90 -0.01110  5.55826e-02
 91 -0.01072  5.77248e-02 | 92 -0.00936  6.18269e-02 | 93 -0.00700  8.55030e-02
 94 -0.00321  4.80404e-02 | 95  0.00538  2.07614e-02 | 96  0.01965  1.44143e-01
 97  0.01026  1.83385e-01 | 98 -0.01220  1.25692e-01 | 99 -0.03463  2.33526e-01
100 -0.00754  1.25197e-01 |101  0.00184  1.71966e-01 |102 -0.01968  2.54415e-01
103 -0.00213 -7.94289e-02 |104  0.00763 -9.38344e-02 |105 -0.00246 -1.73480e-01
106 -0.00983 -5.86104e-01 |107 -0.00121 -6.65638e-01 |108  0.03925 -1.01378e-01
109 -0.00854 -3.30675e-01 |110 -0.02241 -3.78573e-01 |111 -0.01359 -5.04977e-01
112 -0.00467 -6.48725e-01 |113 -0.00256 -6.92635e-01 |114  0.00396 -5.83334e-01
115 -0.01592 -5.91447e-01 |116 -0.05717 -2.90714e-01 |117 -0.07369 -4.52085e-02
118 -0.07783 -1.03959e-01 |119 -0.06684 -2.63093e-02 |120  0.06482  5.09646e-02
121  0.04494  1.04384e-01 |122  0.03062  2.40850e-01 |123 -0.03292  2.10870e-01
124 -0.06982  1.02023e-01 |125 -0.02392  1.48888e-01 |126 -0.00793  1.84987e-01
127 -0.02835  1.40726e-02 |128  0.01078 -3.36723e-02 |129  0.07274  7.95482e-03
130  0.00003 -2.40738e-02 |131  0.08379 -1.86854e-01 |132  0.00425 -1.63125e-01
133  0.12663 -1.92027e-01 |134 -0.00153 -6.84405e-02 |135 -0.03754 -1.52844e-01
136 -0.05572  5.80880e-02 |137 -0.02307  3.77808e-02 |138  0.06879  6.76599e-02
139  0.00329 -4.10386e-03 |140 -0.00332  6.69518e-02 |141 -0.04454 -3.42021e-02
142 -0.01960  4.25644e-02 |143 -0.00244  5.20840e-02 |144 -0.00029 -7.16943e-02
145  0.43333  5.55944e-01 |146  0.64210  3.93924e+00 |147 -0.16852  3.92943e-01
148 -0.70097 -6.18886e-03 |149 -0.15057  3.85364e-02 |150 -0.51514  6.16234e-04
151 -0.09887 -4.85629e-04 |152 -0.19660 -1.00228e-03 |153 -0.32432 -1.75499e-03
154 -0.36019 -1.08904e-03 |155  0.20940  4.44195e-03 |156 -0.61840 -4.59775e-03
157  0.18859  2.37872e-02 |158 -0.53293 -3.48469e-03 |159 -0.36445 -2.02468e-03
160 -0.50380 -2.31936e-03 |161 -0.34109  7.13979e-03 |162 -0.67005 -5.50874e-03
163  0.11390 -3.98470e-01 |164 -0.09528  3.06181e-02 |165 -0.00220  2.89404e-01
166  0.54000 -1.20025e-04 |167 -0.07351  2.22549e-01 |168 -0.26660  4.08293e-01
169  0.43823 -8.93569e-02 |170 -0.12053  7.74426e-03 |171 -0.19195 -1.02981e-03
172 -0.49814 -6.54464e-04 |173 -0.56288 -5.24112e-03 |174  0.15849  7.88849e-03
175  0.07645 -3.60851e-02 |176 -0.14051  4.48170e-02 |177  0.00318 -1.38966e+00
178  0.29493  7.13413e-02 |179 -0.49884 -3.13014e-03 |180 -0.30030 -1.60260e-03
181 -0.07756 -3.63531e-01 |182 -0.65590 -5.23485e-03 |183 -0.70340 -6.24490e-03
184 -0.38780 -3.00288e-04 |185  0.15874 -1.29431e-01 |186 -0.18658 -8.32503e-04
187 -0.44901 -2.67475e-03 |188 -0.54130 -3.54387e-03 |189  0.53038  4.27805e-01
190  0.13396  6.66053e-03 |191  0.20702 -1.47510e-01 |192 -0.05659 -2.79992e-04
193 -0.49249 -3.06835e-03 |194 -1.29722  6.23278e-03 |195 -0.28817  7.78674e-04
196 -0.64398 -4.71643e-03 |197 -0.37486  3.28549e-01 |198 -0.25842 -1.35029e-03
199 -0.08744  6.55785e+00 |200 -0.48698  9.99593e-01 |
200 variables; iteration 240; function evaluation 342; phase 4
Function value 6.7174474e+03; maximum gradient component mag -2.2221e+00
Var    Value     Gradient |Var    Value     Gradient |Var    Value     Gradient
  1 -0.31572  8.44909e-01 |  2  0.32948  9.05274e-02 |  3 -0.23243  4.67466e-01
  4  0.13969  1.93528e-01 |  5 -0.57258  1.77722e-01 |  6 -0.66523  1.15198e+00
  7  0.36165  3.50054e-02 |  8 -0.21341  1.50433e+00 |  9  0.08188  3.22750e-01
 10 -0.52928  1.84255e-01 | 11 -0.65851  2.62181e-01 | 12 -0.12033 -2.22206e+00
 13 -0.00062 -1.94436e-01 | 14  0.00047  6.77124e-02 | 15  0.00056  8.30686e-02
 16  0.00002 -5.91654e-02 | 17  0.00024 -1.24411e-02 | 18  0.00092  1.44615e-01
 19  0.00042  7.68892e-03 | 20 -0.00053 -2.38573e-01 | 21  0.00036 -3.42200e-02
 22  0.00119  1.51921e-01 | 23 -0.00033 -2.41658e-01 | 24 -0.00001 -1.83788e-01
 25  0.00135  1.27907e-01 | 26  0.00015 -1.92333e-01 | 27  0.00162  1.40670e-01
 28  0.00139  5.38298e-02 | 29  0.00039 -2.24183e-01 | 30  0.00174  7.14151e-02
 31  0.00065 -2.30551e-01 | 32  0.00238  1.52260e-01 | 33  0.00204  2.97970e-02
 34  0.00195 -3.22323e-02 | 35  0.00289  1.53235e-01 | 36  0.00274  7.16455e-02
 37  0.00276  3.29508e-02 | 38  0.00222 -1.42207e-01 | 39  0.00193 -2.54295e-01
 40  0.00266 -1.23385e-01 | 41  0.00219 -2.77014e-01 | 42  0.00350 -3.45257e-03
 43  0.00374  1.78019e-02 | 44  0.00365 -3.40682e-02 | 45  0.00386 -9.07824e-03
 46  0.00410  3.35248e-02 | 47  0.00408  2.60927e-02 | 48  0.00311 -1.95200e-01
 49  0.00351 -7.13819e-02 | 50  0.00381  4.50155e-02 | 51  0.00330 -1.03923e-02
 52  0.00305  1.75507e-02 | 53  0.00275  5.33326e-02 | 54  0.00131 -1.69132e-01
 55  0.00082 -1.45892e-01 | 56  0.00063 -4.00820e-02 | 57  0.00006 -2.70018e-02
 58 -0.00038  1.75634e-02 | 59 -0.00130 -6.97214e-02 | 60 -0.00132  4.46586e-02
 61 -0.00220 -8.45267e-02 | 62 -0.00212 -1.18856e-02 | 63 -0.00239 -7.30880e-02
 64 -0.00208 -4.42042e-02 | 65 -0.00153 -1.91702e-02 | 66 -0.00051  5.41279e-02
 67 -0.00027 -1.38429e-01 | 68  0.00133 -6.59972e-02 | 69  0.00340  4.99013e-02
 70  0.00450 -1.30700e-01 | 71  0.00769  1.31592e-01 | 72  0.00960  5.86310e-02
 73  0.01118 -9.85243e-02 | 74  0.01345 -8.79757e-02 | 75  0.01556 -6.50948e-02
 76  0.01677 -1.40698e-01 | 77  0.01736 -2.03203e-01 | 78  0.01803 -8.01864e-02
 79  0.01721 -1.00633e-01 | 80  0.01632  4.60895e-03 | 81  0.01380 -1.25595e-01
 82  0.01123 -1.74269e-01 | 83  0.00898 -6.00897e-02 | 84  0.00540 -1.58082e-01
 85  0.00216 -8.88040e-02 | 86 -0.00146 -5.41621e-02 | 87 -0.00503 -2.71730e-02
 88 -0.00851 -1.05234e-01 | 89 -0.01018  5.74996e-02 | 90 -0.01164 -2.35284e-02
 91 -0.01108  1.47335e-01 | 92 -0.01066  2.73885e-02 | 93 -0.00871  8.20703e-02
 94 -0.00561  7.29908e-03 | 95  0.00445  4.17858e-01 | 96  0.01790  2.32811e-01
 97  0.00698  9.55065e-02 | 98 -0.01420  1.32481e-01 | 99 -0.03636  1.99155e-01
100 -0.00996  3.18000e-01 |101 -0.00093  1.61576e-01 |102 -0.02088  2.33900e-01
103 -0.00365  3.43227e-01 |104  0.00581  4.40756e-01 |105 -0.00288  3.55785e-01
106 -0.00924  3.30650e-01 |107 -0.00066  2.96959e-01 |108  0.03880  2.08142e-01
109 -0.00696  1.07544e-01 |110 -0.02167 -1.36249e-01 |111 -0.01270 -1.37935e-01
112 -0.00354 -1.66948e-01 |113 -0.00132 -2.52720e-01 |114  0.00505 -2.86560e-01
115 -0.01483 -3.63215e-01 |116 -0.05636 -1.74619e-01 |117 -0.07350 -1.64911e-01
118 -0.07730 -7.40690e-02 |119 -0.06682 -2.15958e-01 |120  0.06515 -3.18114e-01
121  0.04543 -1.62903e-01 |122  0.03120  5.06424e-02 |123 -0.03258  4.10731e-02
124 -0.06935  2.33623e-02 |125 -0.02330  7.62105e-02 |126 -0.00763  4.79014e-02
127 -0.02788  4.92941e-02 |128  0.01152  9.63657e-02 |129  0.07263 -1.46971e-01
130  0.00031  4.91956e-02 |131  0.08423 -8.31482e-03 |132  0.00463  1.98641e-02
133  0.12705  3.72459e-02 |134 -0.00135  2.87703e-02 |135 -0.03737 -7.35624e-02
136 -0.05603 -2.68758e-02 |137 -0.02326 -1.10629e-02 |138  0.06839 -8.46991e-02
139  0.00309 -6.38010e-02 |140 -0.00352  1.58449e-02 |141 -0.04447  9.86828e-04
142 -0.01991 -3.96749e-02 |143 -0.00258  1.98060e-02 |144 -0.00021 -5.20409e-02
145  0.43344 -1.53247e+00 |146  0.64200  9.49999e-01 |147 -0.16913  7.93287e-02
148 -0.85046 -1.31248e-02 |149 -0.17637  7.66762e-03 |150 -0.52669  5.88096e-06
151 -0.08624  7.39333e-04 |152 -0.19856 -1.01294e-03 |153 -0.29629 -1.57773e-03
154 -0.29712  1.93632e-03 |155  0.20343  5.98110e-02 |156 -0.34390 -1.88405e-03
157  0.18206  2.84931e-03 |158 -0.39397 -2.23736e-03 |159 -0.21003 -1.05184e-03
160 -0.45513 -3.24779e-04 |161 -0.34287  1.39996e-03 |162 -0.47281 -2.88411e-03
163  0.10995 -8.78427e-01 |164 -0.15502  1.37133e-02 |165 -0.01637 -3.11016e-01
166  0.58227 -1.02846e-02 |167 -0.07348 -3.21383e-01 |168 -0.27546 -6.29519e-01
169  0.44932  2.02849e-03 |170 -0.15172 -7.63206e-04 |171 -0.16887 -8.55595e-04
172 -0.46216  2.74887e-03 |173 -0.55989  1.58803e-02 |174  0.15323 -8.18590e-03
175  0.07615  1.62905e-02 |176 -0.14192 -1.05122e-02 |177  0.00922  1.28221e+00
178  0.29599  5.04013e-01 |179 -0.42148 -2.44861e-03 |180 -0.06012 -7.44194e-04
181 -0.05712  6.74501e-01 |182 -0.34842 -1.91446e-03 |183 -0.69786 -5.95403e-03
184 -0.32695  8.75642e-03 |185  0.15774  1.43760e-01 |186 -0.13564 -1.75455e-03
187 -0.07249  4.61741e-02 |188 -0.20729  4.65598e-02 |189  0.52932  1.86921e-02
190  0.12100 -1.58388e-03 |191  0.20314  1.78271e-01 |192 -0.14844 -7.46132e-04
193 -0.53141 -3.46793e-03 |194 -1.44709  3.71253e-03 |195 -0.29476 -8.53226e-04
196 -0.44683  1.14359e-02 |197 -0.37300  4.09970e-01 |198 -0.25325 -1.32014e-03
199 -0.09711  2.17665e+00 |200 -0.51121  4.95622e-01 |
200 variables; iteration 260; function evaluation 372; phase 4
Function value 6.7174060e+03; maximum gradient component mag 3.4515e+00
Var    Value     Gradient |Var    Value     Gradient |Var    Value     Gradient
  1 -0.31434  2.11232e+00 |  2  0.32959  2.11766e-01 |  3 -0.23209  3.45147e+00
  4  0.13917  1.04861e+00 |  5 -0.57315  2.08584e-01 |  6 -0.66503  2.83175e+00
  7  0.36170  1.27187e-01 |  8 -0.21284  2.37004e-01 |  9  0.08139  2.24206e-01
 10 -0.52934  2.22604e-01 | 11 -0.65840 -4.14762e-01 | 12 -0.11806  1.81686e+00
 13 -0.00006 -5.65229e-02 | 14  0.00046  6.49637e-02 | 15 -0.00032 -1.34403e-01
 16  0.00092  1.65021e-01 | 17 -0.00008 -9.25723e-02 | 18  0.00068  8.47738e-02
 19 -0.00001 -9.63203e-02 | 20  0.00066  5.36451e-02 | 21  0.00005 -1.10342e-01
 22  0.00089  7.93808e-02 | 23  0.00018 -1.15135e-01 | 24  0.00107  8.27049e-02
 25  0.00114  7.70943e-02 | 26  0.00067 -6.58275e-02 | 27  0.00118  3.18426e-02
 28  0.00111 -1.61593e-02 | 29  0.00111 -4.85103e-02 | 30  0.00135 -2.29967e-02
 31  0.00136 -5.73547e-02 | 32  0.00189  3.46030e-02 | 33  0.00193  4.49943e-03
 34  0.00191 -4.10910e-02 | 35  0.00235  2.28994e-02 | 36  0.00222 -5.30076e-02
 37  0.00253 -2.19063e-02 | 38  0.00261 -4.54417e-02 | 39  0.00254 -1.05416e-01
 40  0.00307 -2.18196e-02 | 41  0.00308 -5.92572e-02 | 42  0.00348 -2.53516e-03
 43  0.00360 -9.94888e-03 | 44  0.00357 -4.71516e-02 | 45  0.00378 -2.12913e-02
 46  0.00388 -1.26685e-02 | 47  0.00378 -3.71379e-02 | 48  0.00360 -6.83528e-02
 49  0.00351 -6.13175e-02 | 50  0.00339 -4.38849e-02 | 51  0.00315 -3.15338e-02
 52  0.00272 -4.62123e-02 | 53  0.00225 -4.92362e-02 | 54  0.00157 -8.61938e-02
 55  0.00123 -2.38145e-02 | 56  0.00041 -7.07257e-02 | 57 -0.00015 -5.11445e-02
 58 -0.00075 -4.48124e-02 | 59 -0.00142 -6.70808e-02 | 60 -0.00188 -5.61517e-02
 61 -0.00249 -1.15563e-01 | 62 -0.00244 -4.37800e-02 | 63 -0.00272 -1.05613e-01
 64 -0.00246 -8.41544e-02 | 65 -0.00216 -1.17030e-01 | 66 -0.00121 -5.49256e-02
 67 -0.00057 -1.42882e-01 | 68  0.00072 -1.39445e-01 | 69  0.00234 -1.26667e-01
 70  0.00423 -1.10424e-01 | 71  0.00643 -7.25585e-02 | 72  0.00843 -1.14564e-01
 73  0.01043 -1.66745e-01 | 74  0.01283 -1.19014e-01 | 75  0.01485 -1.06089e-01
 76  0.01621 -1.39962e-01 | 77  0.01716 -1.17528e-01 | 78  0.01669 -2.26559e-01
 79  0.01660 -8.80253e-02 | 80  0.01517 -9.11444e-02 | 81  0.01299 -1.46364e-01
 82  0.01073 -1.23451e-01 | 83  0.00826 -5.86184e-02 | 84  0.00505 -7.35526e-02
 85  0.00170 -3.75015e-02 | 86 -0.00193 -1.52279e-02 | 87 -0.00560 -2.36786e-02
 88 -0.00876 -3.51144e-02 | 89 -0.01067  4.39094e-02 | 90 -0.01183  2.55687e-02
 91 -0.01159  8.48801e-02 | 92 -0.01068  7.39625e-02 | 93 -0.00879  8.90549e-02
 94 -0.00531  9.75604e-02 | 95  0.00362  1.99433e-01 | 96  0.01867  2.59868e-01
 97  0.00842  2.68305e-01 | 98 -0.01295  2.85813e-01 | 99 -0.03573  3.33224e-01
100 -0.00943  3.60850e-01 |101  0.00065  3.83354e-01 |102 -0.02006  4.20380e-01
103 -0.00301  4.21862e-01 |104  0.00678  5.28235e-01 |105 -0.00188  4.97231e-01
106 -0.00870  3.96861e-01 |107 -0.00018  4.33385e-01 |108  0.03995  3.54923e-01
109 -0.00644  1.53385e-01 |110 -0.02086  5.89101e-02 |111 -0.01225 -9.29133e-03
112 -0.00303 -3.54853e-02 |113 -0.00080 -1.53251e-01 |114  0.00543 -2.10204e-01
115 -0.01386 -8.97855e-02 |116 -0.05590 -4.94261e-02 |117 -0.07327 -1.43285e-01
118 -0.07698  1.56831e-02 |119 -0.06624  4.22967e-02 |120  0.06574  1.74139e-01
121  0.04546  2.33414e-02 |122  0.03126  1.34580e-01 |123 -0.03242  1.23691e-01
124 -0.06916  9.48763e-02 |125 -0.02310  1.16752e-01 |126 -0.00754  5.02625e-02
127 -0.02769  6.28578e-02 |128  0.01130  2.60027e-02 |129  0.07330  6.49796e-02
130  0.00021  2.63706e-02 |131  0.08431 -4.59174e-02 |132  0.00477  4.18300e-02
133  0.12722  6.58908e-02 |134 -0.00135  9.20347e-04 |135 -0.03719 -3.19107e-02
136 -0.05602 -4.55874e-02 |137 -0.02319 -1.71638e-02 |138  0.06868 -4.28372e-03
139  0.00340  1.57616e-02 |140 -0.00339  2.99361e-02 |141 -0.04439  4.55343e-03
142 -0.01978 -4.28031e-03 |143 -0.00278 -3.20236e-02 |144 -0.00006 -1.40434e-02
145  0.43533  3.00273e-01 |146  0.64158  1.02890e+00 |147 -0.17024  2.20811e-01
148 -0.94464 -3.59685e-02 |149 -0.16308  2.65065e-02 |150 -0.55205 -1.70697e-03
151 -0.11016 -4.70866e-04 |152 -0.18655 -9.47901e-04 |153 -0.24238 -1.25749e-03
154 -0.32907 -8.92698e-05 |155  0.19146  2.71510e-03 |156 -0.14529 -7.29724e-04
157  0.16853 -6.46180e-04 |158 -0.40360 -2.30978e-03 |159 -0.15768 -4.91053e-04
160 -0.42951  1.47555e-03 |161 -0.34097  6.59492e-03 |162 -0.29777 -1.58693e-03
163  0.11398 -6.75778e-02 |164 -0.17933 -9.09143e-04 |165 -0.01544  1.16047e-01
166  0.69782  4.95974e-03 |167 -0.07701  8.89260e-02 |168 -0.28736  1.64410e-01
169  0.45124  8.60325e-05 |170 -0.07658  1.69393e-04 |171 -0.18856 -9.58857e-04
172 -0.52432 -1.91475e-03 |173 -0.56417  5.41484e-03 |174  0.15255 -2.76441e-03
175  0.07637  1.61884e-02 |176 -0.14121 -1.29173e-02 |177  0.01100 -2.09324e+00
178  0.29046  9.92715e-03 |179 -0.39797 -1.95421e-03 |180  0.02845  1.08788e-02
181 -0.10492  3.16866e-02 |182 -0.24268 -2.82709e-04 |183 -0.74097 -7.18820e-03
184 -0.45735 -2.27255e-03 |185  0.15688  7.49009e-02 |186 -0.11675 -7.52305e-04
187 -0.14408  2.37639e-03 |188 -0.53048 -3.43143e-03 |189  0.52840  4.72125e-02
190  0.11318 -6.17550e-02 |191  0.18959  6.94585e-02 |192 -0.30064 -1.60476e-03
193 -0.42037 -2.43983e-03 |194 -1.60068  2.27742e-03 |195 -0.27321  3.34960e-06
196 -0.50144  9.30269e-04 |197 -0.37223  8.28902e-02 |198 -0.23165 -1.19646e-03
199 -0.10405  1.53265e+00 |200 -0.55740  1.97999e-01 |
200 variables; iteration 280; function evaluation 393; phase 4
Function value 6.7173801e+03; maximum gradient component mag 1.4345e+01
Var    Value     Gradient |Var    Value     Gradient |Var    Value     Gradient
  1 -0.31467 -8.40668e-01 |  2  0.32942  2.69785e-02 |  3 -0.23251 -4.02877e-01
  4  0.13986 -5.02697e-02 |  5 -0.57280 -6.81871e-02 |  6 -0.66522 -1.09286e+00
  7  0.36175  8.50858e-02 |  8 -0.21300 -1.53900e-01 |  9  0.08142  3.66089e-02
 10 -0.52967 -1.08360e-02 | 11 -0.65835 -2.76321e-01 | 12 -0.11871  7.49369e-01
 13  0.00011  1.28130e-02 | 14 -0.00001 -2.13164e-02 | 15  0.00020  2.51860e-02
 16  0.00011 -3.48323e-03 | 17  0.00024  2.06914e-02 | 18  0.00027  1.68612e-02
 19  0.00024 -4.91226e-04 | 20  0.00031  3.05764e-03 | 21  0.00041  1.35880e-02
 22  0.00043  3.60892e-03 | 23  0.00056  1.80478e-02 | 24  0.00046 -2.66064e-02
 25  0.00067  1.94270e-03 | 26  0.00084  1.94261e-02 | 27  0.00092  1.25936e-02
 28  0.00103  9.99963e-03 | 29  0.00116  1.31322e-02 | 30  0.00131  1.52611e-02
 31  0.00146  1.78011e-02 | 32  0.00160  1.56686e-02 | 33  0.00179  2.34718e-02
 34  0.00192  1.43822e-02 | 35  0.00209  1.59753e-02 | 36  0.00223  8.93389e-03
 37  0.00245  1.88219e-02 | 38  0.00259  1.15012e-02 | 39  0.00275  7.93487e-03
 40  0.00301  2.85988e-02 | 41  0.00312  1.56708e-02 | 42  0.00330  2.06152e-02
 43  0.00342  1.67153e-02 | 44  0.00356  2.28161e-02 | 45  0.00367  2.72224e-02
 46  0.00370  2.18479e-02 | 47  0.00370  2.08873e-02 | 48  0.00364  2.08040e-02
 49  0.00352  2.25353e-02 | 50  0.00332  2.37954e-02 | 51  0.00303  2.36983e-02
 52  0.00268  3.13756e-02 | 53  0.00218  2.28515e-02 | 54  0.00168  3.06925e-02
 55  0.00103  1.90573e-02 | 56  0.00047  3.72080e-02 | 57 -0.00018  3.83248e-02
 58 -0.00087  2.59549e-02 | 59 -0.00141  3.55863e-02 | 60 -0.00190  3.96625e-02
 61 -0.00234  2.69537e-02 | 62 -0.00249  4.92896e-02 | 63 -0.00249  5.96472e-02
 64 -0.00238  4.50310e-02 | 65 -0.00194  5.10689e-02 | 66 -0.00121  6.08383e-02
 67 -0.00023  6.14980e-02 | 68  0.00105  6.33136e-02 | 69  0.00258  5.78968e-02
 70  0.00441  6.39502e-02 | 71  0.00645  6.91838e-02 | 72  0.00864  7.68326e-02
 73  0.01085  7.40472e-02 | 74  0.01303  7.70010e-02 | 75  0.01501  8.31586e-02
 76  0.01658  9.27644e-02 | 77  0.01747  1.00213e-01 | 78  0.01736  6.48137e-02
 79  0.01692  1.23253e-01 | 80  0.01535  7.99272e-02 | 81  0.01349  8.30396e-02
 82  0.01109  6.18235e-02 | 83  0.00844  6.87102e-02 | 84  0.00531  5.44477e-02
 85  0.00195  6.80116e-02 | 86 -0.00177  4.78633e-02 | 87 -0.00525  6.29998e-02
 88 -0.00836  4.22023e-02 | 89 -0.01054  2.54429e-02 | 90 -0.01153  2.63359e-02
 91 -0.01151  5.33141e-04 | 92 -0.01050 -1.17901e-02 | 93 -0.00874 -6.15426e-02
 94 -0.00533 -1.01811e-01 | 95  0.00331 -1.24252e-01 | 96  0.01870 -1.43596e-01
 97  0.00857 -1.23709e-01 | 98 -0.01273 -9.57055e-02 | 99 -0.03610 -1.08691e-01
100 -0.00966 -1.57158e-01 |101  0.00090 -1.49439e-01 |102 -0.02026 -1.57713e-01
103 -0.00340 -2.25531e-01 |104  0.00624 -2.19765e-01 |105 -0.00187 -2.01804e-01
106 -0.00920 -1.80249e-01 |107 -0.00128 -1.53844e-01 |108  0.04037 -1.89581e-01
109 -0.00640 -1.04683e-01 |110 -0.02104 -7.12223e-02 |111 -0.01260 -4.16300e-02
112 -0.00354 -1.68201e-02 |113 -0.00082  6.31087e-04 |114  0.00563 -1.27433e-02
115 -0.01397 -1.49163e-03 |116 -0.05590  3.51800e-02 |117 -0.07308 -5.71188e-03
118 -0.07701  3.63454e-02 |119 -0.06628  3.22764e-02 |120  0.06566  1.10518e-01
121  0.04566  3.30066e-02 |122  0.03121  2.30603e-02 |123 -0.03246  2.78596e-02
124 -0.06924  8.09270e-03 |125 -0.02317  2.16214e-02 |126 -0.00737  2.15045e-02
127 -0.02778 -2.08248e-02 |128  0.01131 -1.17533e-02 |129  0.07336  5.65412e-02
130  0.00017  8.65576e-03 |131  0.08440  3.46211e-03 |132  0.00466  1.00987e-02
133  0.12712 -1.51518e-02 |134 -0.00145 -2.48349e-02 |135 -0.03721 -3.45996e-02
136 -0.05588  1.04018e-02 |137 -0.02324 -2.43993e-02 |138  0.06870  2.40113e-02
139  0.00332 -7.05873e-03 |140 -0.00351 -3.62432e-03 |141 -0.04444 -7.03862e-03
142 -0.01969  2.29985e-02 |143 -0.00263  5.50476e-03 |144 -0.00003 -8.18296e-03
145  0.44459  1.34539e-01 |146  0.64817  1.38137e-01 |147 -0.17174  4.70145e-02
148 -0.68615 -5.84739e-03 |149 -0.15405  6.14089e-03 |150 -0.63867 -4.52110e-03
151 -0.15417  8.33164e-03 |152 -0.04933 -7.87262e-04 |153 -0.01608  1.62437e-03
154 -0.29843  2.75751e-04 |155  0.16856  2.95495e-04 |156 -0.22696 -1.17003e-03
157  0.18502  5.28231e-03 |158 -0.15891 -8.00924e-04 |159 -0.24992 -1.30086e-03
160 -0.47709 -1.55314e-03 |161 -0.35278 -1.86911e-03 |162 -0.07820 -3.87882e-04
163  0.12162 -2.60255e-03 |164 -0.22486 -1.15821e-03 |165 -0.01791  1.22421e-02
166  0.62885  1.07666e-03 |167 -0.08642  3.18241e-02 |168 -0.30880  5.07442e-02
169  0.45889  2.74950e-03 |170 -0.13235 -6.62701e-04 |171 -0.23967 -1.24197e-03
172 -0.49311 -2.46375e-04 |173 -0.56472  1.23584e-03 |174  0.15322 -1.71382e-04
175  0.07630 -3.56213e-03 |176 -0.14135 -6.86001e-03 |177  0.01131  1.43450e+01
178  0.27770  1.55804e-03 |179 -0.42676  4.47330e-02 |180 -0.04193 -1.87360e-04
181 -0.15019 -9.42473e-04 |182 -0.18908 -8.94739e-04 |183 -0.83157 -1.15769e-02
184 -0.39956 -6.84574e-04 |185  0.15502  2.69329e-02 |186 -0.09793 -4.96294e-04
187 -0.17827  9.51163e-04 |188 -0.32482  1.59648e-03 |189  0.52603  1.05989e-01
190  0.11529  2.27032e-02 |191  0.19490 -3.61782e-02 |192 -0.43042 -2.52037e-03
193 -0.27344 -1.27589e-03 |194 -1.87048 -2.01944e-02 |195 -0.28806  1.69180e-04
196 -0.54160 -1.78655e-03 |197 -0.36740  8.20533e-02 |198 -0.16423 -8.28932e-04
199 -0.12203  3.16728e-01 |200 -0.63421  4.13807e-02 |
200 variables; iteration 300; function evaluation 413; phase 4
Function value 6.7173736e+03; maximum gradient component mag -2.7403e-01
Var    Value     Gradient |Var    Value     Gradient |Var    Value     Gradient
  1 -0.31453 -2.49446e-01 |  2  0.32940  8.88643e-04 |  3 -0.23262 -2.74029e-01
  4  0.13999 -6.16136e-02 |  5 -0.57278 -1.26533e-02 |  6 -0.66523 -2.42341e-01
  7  0.36175  1.53217e-02 |  8 -0.21304 -2.24802e-01 |  9  0.08144 -5.03881e-02
 10 -0.52966  1.81652e-02 | 11 -0.65836 -3.58848e-02 | 12 -0.11899 -2.77091e-02
 13  0.00012  1.08618e-02 | 14  0.00008 -4.08254e-03 | 15  0.00016  7.99314e-03
 16  0.00013 -6.55701e-03 | 17  0.00021  5.34434e-03 | 18  0.00021 -4.91935e-03
 19  0.00031  8.87854e-03 | 20  0.00038  1.38896e-02 | 21  0.00046  1.93266e-02
 22  0.00045 -8.06345e-04 | 23  0.00058  1.36892e-02 | 24  0.00059 -4.67364e-03
 25  0.00069 -2.25428e-03 | 26  0.00083  8.86404e-03 | 27  0.00090 -1.24149e-03
 28  0.00106  8.19579e-03 | 29  0.00118  7.55351e-03 | 30  0.00133  1.06670e-02
 31  0.00149  1.30861e-02 | 32  0.00159  2.50288e-03 | 33  0.00173 -2.05206e-03
 34  0.00192  3.68627e-03 | 35  0.00210  5.97728e-03 | 36  0.00229  9.74130e-03
 37  0.00246  9.30731e-03 | 38  0.00263  9.09139e-03 | 39  0.00281  1.04878e-02
 40  0.00298  9.32058e-03 | 41  0.00313  5.51502e-03 | 42  0.00329  6.56926e-03
 43  0.00340 -1.19246e-03 | 44  0.00356  8.32878e-03 | 45  0.00365  7.96243e-03
 46  0.00373  1.45030e-02 | 47  0.00371  7.79017e-03 | 48  0.00370  1.94692e-02
 49  0.00354  1.24949e-02 | 50  0.00331  4.41485e-03 | 51  0.00304  8.91849e-03
 52  0.00270  1.87659e-02 | 53  0.00221  1.17782e-02 | 54  0.00165  5.44941e-03
 55  0.00107  1.06557e-02 | 56  0.00046  1.76273e-02 | 57 -0.00021  1.24666e-02
 58 -0.00082  1.68362e-02 | 59 -0.00138  2.32128e-02 | 60 -0.00190  1.88428e-02
 61 -0.00227  2.21456e-02 | 62 -0.00257  4.58587e-03 | 63 -0.00258  1.40820e-02
 64 -0.00245  1.82916e-03 | 65 -0.00190  3.35630e-02 | 66 -0.00125  2.00095e-02
 67 -0.00029  1.44588e-02 | 68  0.00100  1.81971e-02 | 69  0.00260  2.56355e-02
 70  0.00437  1.44747e-02 | 71  0.00644  2.47708e-02 | 72  0.00858  1.81355e-02
 73  0.01079  1.37669e-02 | 74  0.01297  1.34836e-02 | 75  0.01497  2.08538e-02
 76  0.01648  1.63446e-02 | 77  0.01736  1.99834e-02 | 78  0.01742  1.93682e-02
 79  0.01661 -1.09553e-03 | 80  0.01533  1.67023e-02 | 81  0.01343  1.48326e-02
 82  0.01115  2.23370e-02 | 83  0.00842  1.49294e-02 | 84  0.00530  7.35718e-03
 85  0.00188  1.29307e-02 | 86 -0.00179  9.71654e-03 | 87 -0.00539  1.55963e-03
 88 -0.00840  1.35455e-02 | 89 -0.01053  1.74365e-02 | 90 -0.01161  3.73719e-03
 91 -0.01149  1.46517e-02 | 92 -0.01050  7.71345e-03 | 93 -0.00860  9.14857e-03
 94 -0.00510  7.39634e-03 | 95  0.00358  1.55336e-02 | 96  0.01886 -3.77672e-03
 97  0.00864 -1.53889e-02 | 98 -0.01276 -3.54919e-02 | 99 -0.03608 -3.02876e-02
100 -0.00961 -4.18827e-02 |101  0.00084 -5.25367e-02 |102 -0.02023 -5.04680e-02
103 -0.00324 -5.88908e-02 |104  0.00631 -7.20966e-02 |105 -0.00183 -9.30391e-02
106 -0.00930 -1.00131e-01 |107 -0.00156 -1.19664e-01 |108  0.04052 -1.03706e-01
109 -0.00637 -6.75276e-02 |110 -0.02111 -6.73851e-02 |111 -0.01277 -6.29790e-02
112 -0.00377 -5.63747e-02 |113 -0.00092 -1.54641e-02 |114  0.00571  1.10767e-02
115 -0.01395  3.35143e-03 |116 -0.05602 -9.42868e-03 |117 -0.07301  2.10442e-02
118 -0.07707  8.91783e-03 |119 -0.06631  1.32254e-03 |120  0.06551  5.61561e-03
121  0.04566  2.05598e-02 |122  0.03119  2.30613e-02 |123 -0.03254 -2.51738e-03
124 -0.06929 -1.03410e-02 |125 -0.02320 -1.37139e-03 |126 -0.00737  5.19014e-03
127 -0.02764  9.43949e-03 |128  0.01147  8.33177e-03 |129  0.07323 -2.40498e-02
130  0.00022  5.20831e-04 |131  0.08442 -8.32759e-03 |132  0.00464 -1.21778e-03
133  0.12715  1.65410e-03 |134 -0.00136  2.69565e-03 |135 -0.03711 -1.16546e-02
136 -0.05591 -7.31021e-03 |137 -0.02311  1.46905e-02 |138  0.06864 -6.06327e-03
139  0.00337  8.40341e-03 |140 -0.00353 -9.35259e-03 |141 -0.04440  1.01196e-02
142 -0.01981 -1.11134e-02 |143 -0.00266 -1.52627e-03 |144  0.00001  2.20535e-03
145  0.44740 -7.95634e-02 |146  0.64949  2.92170e-02 |147 -0.17217  2.08576e-02
148 -0.37769 -2.11842e-03 |149 -0.14916  2.51197e-03 |150 -0.51446  9.22600e-04
151 -0.20412 -1.79195e-03 |152  0.09034  4.80094e-04 |153 -0.00875 -3.50545e-04
154 -0.30191  5.29705e-05 |155  0.15844 -6.31218e-02 |156 -0.14655  3.37118e-05
157  0.17600 -5.61558e-03 |158 -0.02615  1.65785e-03 |159 -0.18138 -7.85818e-04
160 -0.45568 -5.11699e-04 |161 -0.35765  2.46943e-03 |162  0.20889  3.63283e-03
163  0.13150  5.07112e-04 |164 -0.23285 -1.20326e-03 |165 -0.01802 -3.43952e-02
166  0.61187 -1.08699e-03 |167 -0.09340  3.95772e-03 |168 -0.31717 -1.14614e-03
169  0.46036  2.76328e-03 |170 -0.06810 -3.27384e-04 |171 -0.24508 -1.27295e-03
172 -0.48233  5.72927e-04 |173 -0.56539 -2.18586e-04 |174  0.15299  1.24309e-05
175  0.07645  2.45185e-04 |176 -0.14122  4.55687e-03 |177  0.01130  1.26148e-01
178  0.26734 -5.83528e-04 |179 -0.44878  1.11241e-02 |180 -0.07463 -1.60066e-04
181 -0.18880 -1.40278e-03 |182 -0.14774  4.52431e-04 |183 -0.85532 -1.35664e-02
184 -0.37945  5.21673e-04 |185  0.15365  4.26589e-03 |186 -0.00901 -4.33243e-05
187 -0.42748 -2.49655e-03 |188 -0.35721  2.22635e-04 |189  0.52492  6.61728e-02
190  0.11975 -2.15560e-03 |191  0.19396  7.19351e-03 |192 -0.27265 -1.43431e-03
193 -0.28896 -1.53260e-03 |194 -1.83889  6.35184e-04 |195 -0.28690  3.48894e-05
196 -0.51639 -2.75147e-04 |197 -0.36507  7.93281e-04 |198 -0.12106 -1.96945e-04
199 -0.13096  1.25294e-01 |200 -0.66651  2.11271e-02 |
200 variables; iteration 320; function evaluation 434; phase 4
Function value 6.7173707e+03; maximum gradient component mag 5.2149e-01
Var    Value     Gradient |Var    Value     Gradient |Var    Value     Gradient
  1 -0.31441  1.39659e-01 |  2  0.32944  9.00308e-02 |  3 -0.23246  5.07096e-01
  4  0.13978  1.76884e-01 |  5 -0.57289 -5.48349e-03 |  6 -0.66518  1.93777e-01
  7  0.36176  4.37824e-02 |  8 -0.21288  7.23859e-02 |  9  0.08130  4.95900e-02
 10 -0.52968  1.65829e-02 | 11 -0.65833 -9.75599e-02 | 12 -0.11835  1.57239e-01
 13  0.00010  2.53590e-03 | 14  0.00015  8.30492e-03 | 15  0.00012 -4.91497e-03
 16  0.00020  7.39414e-03 | 17  0.00017 -8.49242e-03 | 18  0.00025  3.08795e-04
 19  0.00029 -9.05574e-04 | 20  0.00036  4.44757e-03 | 21  0.00039 -3.67987e-03
 22  0.00049  5.14753e-03 | 23  0.00054 -1.44864e-03 | 24  0.00066  8.30479e-03
 25  0.00074  5.88081e-03 | 26  0.00081 -1.50398e-03 | 27  0.00095  5.35466e-03
 28  0.00106  1.87697e-03 | 29  0.00119  2.22515e-03 | 30  0.00132  1.98039e-03
 31  0.00146 -1.81109e-04 | 32  0.00163  4.42057e-03 | 33  0.00179  5.05006e-03
 34  0.00194  1.09403e-03 | 35  0.00213  5.84430e-03 | 36  0.00228  6.85491e-04
 37  0.00246  1.88894e-03 | 38  0.00263 -1.23465e-04 | 39  0.00281  6.32361e-04
 40  0.00298 -7.76457e-04 | 41  0.00315  1.49922e-03 | 42  0.00331 -2.08124e-04
 43  0.00345 -1.00726e-03 | 44  0.00357 -1.93503e-04 | 45  0.00366 -2.15416e-04
 46  0.00373  3.99144e-03 | 47  0.00373  9.34644e-04 | 48  0.00367  3.28316e-04
 49  0.00356  4.65391e-03 | 50  0.00333 -1.88612e-03 | 51  0.00305  1.02923e-03
 52  0.00268  2.83617e-03 | 53  0.00221 -1.16071e-03 | 54  0.00168  9.98070e-04
 55  0.00108 -4.58529e-04 | 56  0.00044 -9.39939e-04 | 57 -0.00020  1.68389e-03
 58 -0.00085 -1.75319e-03 | 59 -0.00141  4.27818e-03 | 60 -0.00191  2.50250e-03
 61 -0.00232 -2.40792e-03 | 62 -0.00252  6.55695e-03 | 63 -0.00259 -6.31477e-04
 64 -0.00244 -5.03663e-03 | 65 -0.00199  1.67251e-03 | 66 -0.00126  9.62726e-03
 67 -0.00033 -3.41706e-03 | 68  0.00096  5.21388e-04 | 69  0.00254  4.18439e-03
 70  0.00433 -2.10981e-03 | 71  0.00639  6.19599e-03 | 72  0.00855  4.92981e-03
 73  0.01073 -6.33927e-03 | 74  0.01294  1.39234e-05 | 75  0.01490 -1.12595e-03
 76  0.01642 -3.64428e-03 | 77  0.01729 -2.08021e-03 | 78  0.01737  1.28929e-03
 79  0.01667  2.53503e-03 | 80  0.01527 -4.85113e-03 | 81  0.01335 -1.20378e-02
 82  0.01104 -1.25481e-02 | 83  0.00836 -8.31750e-03 | 84  0.00525 -1.45418e-02
 85  0.00182 -1.36039e-02 | 86 -0.00182 -8.84153e-03 | 87 -0.00544 -2.08732e-02
 88 -0.00854 -3.21774e-02 | 89 -0.01066 -2.12949e-02 | 90 -0.01175 -3.60620e-02
 91 -0.01164 -2.36153e-02 | 92 -0.01066 -3.05494e-02 | 93 -0.00880 -3.27503e-02
 94 -0.00534 -3.90908e-02 | 95  0.00333 -3.17170e-02 | 96  0.01871 -3.57892e-02
 97  0.00847 -2.95521e-02 | 98 -0.01284 -2.31424e-02 | 99 -0.03616 -2.24580e-02
100 -0.00972 -3.11000e-02 |101  0.00074 -2.25957e-02 |102 -0.02027 -1.20852e-02
103 -0.00331 -2.15858e-02 |104  0.00623 -1.61178e-02 |105 -0.00184 -6.42217e-03
106 -0.00916  9.05558e-04 |107 -0.00130  1.62839e-02 |108  0.04051  2.42519e-02
109 -0.00620  3.28560e-02 |110 -0.02090  3.09540e-02 |111 -0.01258  4.60085e-02
112 -0.00358  4.56679e-02 |113 -0.00078  4.34301e-02 |114  0.00584  4.42698e-02
115 -0.01375  5.14310e-02 |116 -0.05587  2.76804e-02 |117 -0.07291  4.04675e-02
118 -0.07696  3.15005e-02 |119 -0.06620  3.32922e-02 |120  0.06562  4.68235e-02
121  0.04568  1.97747e-02 |122  0.03120  7.75247e-03 |123 -0.03249  9.70837e-04
124 -0.06923 -2.34281e-03 |125 -0.02315 -5.27587e-03 |126 -0.00734 -3.68180e-03
127 -0.02760  5.24120e-03 |128  0.01148  3.27439e-03 |129  0.07334  8.19571e-03
130  0.00023  2.50764e-03 |131  0.08445 -4.94960e-03 |132  0.00465 -1.11591e-03
133  0.12720  1.64956e-02 |134 -0.00135 -1.55620e-03 |135 -0.03706  4.21720e-03
136 -0.05588  1.78505e-04 |137 -0.02313  2.36146e-03 |138  0.06867  1.66904e-03
139  0.00336 -2.62921e-03 |140 -0.00349  3.33265e-03 |141 -0.04441  1.33843e-03
142 -0.01978 -1.68124e-03 |143 -0.00267 -5.55805e-03 |144  0.00000  3.55613e-04
145  0.44786  6.41501e-02 |146  0.64846  9.62708e-02 |147 -0.17248  2.16605e-02
148 -0.01212 -5.92770e-05 |149 -0.14715  2.74877e-03 |150 -0.51674  6.65162e-04
151 -0.15931 -3.81721e-04 |152  0.03751  1.79323e-04 |153 -0.07955 -3.85843e-04
154 -0.31246 -5.43142e-05 |155  0.16287 -4.70280e-03 |156 -0.13703 -6.86760e-04
157  0.16905  9.35698e-04 |158 -0.14308 -7.18214e-04 |159 -0.15471  1.70551e-05
160 -0.44955 -1.58466e-04 |161 -0.39686 -1.07044e-03 |162  0.16082  1.86094e-03
163  0.14315  5.58875e-03 |164 -0.20122 -1.02747e-03 |165 -0.01773 -6.96083e-03
166  0.64312  1.60570e-03 |167 -0.09850  8.46908e-03 |168 -0.32516  1.88276e-02
169  0.46413  2.75137e-03 |170 -0.04868 -1.88132e-04 |171 -0.20884 -1.06925e-03
172 -0.49145 -1.37379e-04 |173 -0.56531 -6.09408e-05 |174  0.15316  3.77395e-04
175  0.07639  5.19668e-04 |176 -0.14116 -6.16937e-04 |177  0.01142  5.21493e-01
178  0.26234 -1.99461e-02 |179 -0.53174  3.61452e-03 |180 -0.11145 -5.00690e-04
181 -0.22418 -1.43981e-03 |182 -0.21027 -1.07716e-03 |183 -0.85635 -1.36663e-02
184 -0.39949 -6.20029e-04 |185  0.15269  2.55206e-02 |186  0.00850  6.03512e-04
187 -0.21162  1.48390e-03 |188 -0.36338 -1.57953e-04 |189  0.52363  6.11935e-02
190  0.12902 -4.04249e-03 |191  0.19065  8.52508e-03 |192 -0.02187  1.94844e-03
193 -0.24527 -4.05517e-04 |194 -1.81813  2.37155e-04 |195 -0.28757 -5.08405e-05
196 -0.53235 -1.31109e-03 |197 -0.36181  2.35515e-02 |198 -0.09753  2.03579e-03
199 -0.13788  7.95343e-02 |200 -0.69608  1.05873e-02 |
200 variables; iteration 340; function evaluation 454; phase 4
Function value 6.7173695e+03; maximum gradient component mag -8.1146e-01
Var    Value     Gradient |Var    Value     Gradient |Var    Value     Gradient
  1 -0.31447 -1.52686e-01 |  2  0.32944 -2.54938e-02 |  3 -0.23249 -2.64363e-01
  4  0.13982 -9.88284e-02 |  5 -0.57280 -8.88387e-04 |  6 -0.66521 -1.04740e-01
  7  0.36176 -3.50680e-02 |  8 -0.21292 -2.39305e-01 |  9  0.08135 -9.88281e-02
 10 -0.52972 -3.45141e-02 | 11 -0.65833  1.43933e-02 | 12 -0.11852  1.23118e-01
 13  0.00011  3.87046e-03 | 14  0.00009 -6.15725e-03 | 15  0.00016  5.40654e-03
 16  0.00016 -2.63960e-03 | 17  0.00021  2.44727e-03 | 18  0.00026  3.29081e-03
 19  0.00030  3.37629e-03 | 20  0.00037  7.28043e-03 | 21  0.00043  5.87523e-03
 22  0.00046 -2.28611e-03 | 23  0.00057  5.64736e-03 | 24  0.00062 -1.17345e-03
 25  0.00071 -8.74178e-04 | 26  0.00085  8.58220e-03 | 27  0.00092 -1.22232e-03
 28  0.00105  1.61306e-03 | 29  0.00118  8.79854e-04 | 30  0.00132  2.85259e-03
 31  0.00148  6.76742e-03 | 32  0.00163  4.14230e-03 | 33  0.00176 -7.59400e-04
 34  0.00192 -1.87618e-03 | 35  0.00211  1.47914e-03 | 36  0.00230  6.10328e-03
 37  0.00247  4.65226e-03 | 38  0.00265  6.91349e-03 | 39  0.00284  8.89379e-03
 40  0.00301  8.82097e-03 | 41  0.00316  3.47556e-03 | 42  0.00333  5.86004e-03
 43  0.00344 -1.62393e-04 | 44  0.00359  5.10760e-03 | 45  0.00369  7.40623e-03
 46  0.00372  2.30167e-03 | 47  0.00373  2.54177e-03 | 48  0.00370  8.68379e-03
 49  0.00355  4.43173e-03 | 50  0.00334  3.30429e-03 | 51  0.00305  2.81432e-03
 52  0.00268  4.05396e-03 | 53  0.00222  2.90819e-03 | 54  0.00169  5.91642e-03
 55  0.00108  3.28348e-03 | 56  0.00045  4.36960e-03 | 57 -0.00020  3.41613e-03
 58 -0.00083  3.33462e-03 | 59 -0.00142  3.19730e-03 | 60 -0.00193  1.54271e-04
 61 -0.00230  4.94330e-03 | 62 -0.00255  7.52973e-04 | 63 -0.00255  1.02550e-02
 64 -0.00240  5.94027e-03 | 65 -0.00196  8.51314e-03 | 66 -0.00129  3.54295e-03
 67 -0.00029  8.30322e-03 | 68  0.00099  8.17376e-03 | 69  0.00255  8.52756e-03
 70  0.00437  9.98626e-03 | 71  0.00637  4.89704e-03 | 72  0.00856  8.65144e-03
 73  0.01078  8.35175e-03 | 74  0.01295  4.53671e-03 | 75  0.01492  6.39783e-03
 76  0.01647  1.07877e-02 | 77  0.01731  7.79632e-03 | 78  0.01735  2.95769e-03
 79  0.01668  1.23660e-02 | 80  0.01531  1.19679e-02 | 81  0.01339  6.75568e-03
 82  0.01106  2.07716e-03 | 83  0.00837  5.16497e-03 | 84  0.00529  4.89450e-03
 85  0.00184  4.83174e-03 | 86 -0.00183  2.72526e-03 | 87 -0.00537  1.25946e-02
 88 -0.00845  8.47692e-03 | 89 -0.01061  8.48181e-03 | 90 -0.01164  8.40596e-03
 91 -0.01158  7.09062e-03 | 92 -0.01061  2.28182e-03 | 93 -0.00877 -7.34457e-03
 94 -0.00529 -6.53871e-03 | 95  0.00335 -5.24277e-03 | 96  0.01876 -2.03277e-05
 97  0.00849 -3.98822e-03 | 98 -0.01282 -2.41861e-03 | 99 -0.03615 -6.54838e-03
100 -0.00969 -6.91181e-03 |101  0.00076 -1.11698e-02 |102 -0.02028 -1.56415e-02
103 -0.00331 -1.47841e-02 |104  0.00620 -2.27136e-02 |105 -0.00185 -2.51171e-02
106 -0.00920 -9.58125e-03 |107 -0.00135  2.74389e-03 |108  0.04053  2.87382e-03
109 -0.00624  6.38341e-03 |110 -0.02094  1.26180e-02 |111 -0.01270  8.66073e-03
112 -0.00367  1.61051e-02 |113 -0.00083  1.99624e-02 |114  0.00584  2.36519e-02
115 -0.01385  3.18429e-03 |116 -0.05588  1.05750e-02 |117 -0.07301 -1.34418e-02
118 -0.07700  3.11359e-03 |119 -0.06630 -1.77531e-02 |120  0.06560 -8.30139e-03
121  0.04568 -2.01802e-02 |122  0.03121 -2.92488e-02 |123 -0.03247 -1.84604e-02
124 -0.06922 -1.47014e-02 |125 -0.02313 -1.97728e-02 |126 -0.00732 -2.58755e-02
127 -0.02766 -2.83715e-02 |128  0.01144 -2.45635e-02 |129  0.07333 -1.66870e-03
130  0.00021  5.58308e-06 |131  0.08445  1.06523e-02 |132  0.00465  5.81172e-03
133  0.12714 -1.60839e-02 |134 -0.00136 -1.10595e-03 |135 -0.03710 -6.75340e-03
136 -0.05587  3.84277e-03 |137 -0.02316 -2.78158e-03 |138  0.06866  2.64152e-03
139  0.00335  3.02809e-03 |140 -0.00353 -8.55415e-03 |141 -0.04444 -4.82577e-03
142 -0.01976  3.04120e-03 |143 -0.00264  3.02433e-03 |144  0.00000  8.09080e-04
145  0.44885  1.29242e-02 |146  0.64891  2.49508e-02 |147 -0.17297 -2.10728e-02
148  0.02443  1.11702e-03 |149 -0.14627 -3.48225e-03 |150 -0.52748 -2.19648e-04
151 -0.16080 -8.85624e-04 |152 -0.04401 -2.17572e-04 |153 -0.06144 -3.76448e-04
154 -0.29620  6.44814e-04 |155  0.16700 -1.57107e-04 |156 -0.10958 -5.46140e-04
157  0.16930 -1.44561e-03 |158 -0.06179  5.17327e-04 |159 -0.15201  8.15874e-04
160 -0.44072  4.71597e-04 |161 -0.42096  2.79117e-03 |162  0.07915  9.61304e-05
163  0.14475  1.20067e-02 |164 -0.17455 -8.83659e-04 |165 -0.01724  2.32582e-02
166  0.62545  1.94611e-04 |167 -0.10138  4.69392e-03 |168 -0.32895  8.80235e-03
169  0.46702  6.77743e-03 |170 -0.02427  3.73609e-04 |171 -0.16116  2.58882e-03
172 -0.49226 -2.02508e-04 |173 -0.56546 -4.20158e-04 |174  0.15269 -3.98376e-04
175  0.07636 -7.02216e-03 |176 -0.14140 -1.52284e-04 |177  0.01142 -8.11457e-01
178  0.26576 -2.73715e-03 |179 -0.53628  1.97989e-03 |180 -0.11387 -5.68001e-04
181 -0.23528 -1.58691e-03 |182 -0.14648  9.39272e-05 |183 -0.81646 -1.05640e-02
184 -0.38381  2.61078e-04 |185  0.15212  1.28348e-02 |186 -0.05615 -2.79030e-04
187 -0.21605  5.52215e-05 |188 -0.34997  7.04426e-04 |189  0.52274  8.93858e-02
190  0.11530 -2.04795e-02 |191  0.19074 -1.37211e-02 |192 -0.13577 -6.79421e-04
193 -0.22856  2.75808e-03 |194 -1.82655  8.81677e-04 |195 -0.28355  1.96873e-04
196 -0.50136  9.52194e-04 |197 -0.36222 -2.41471e-02 |198 -0.12096 -5.93965e-04
199 -0.14121  3.80239e-02 |200 -0.71465  5.89318e-03 |
200 variables; iteration 360; function evaluation 474; phase 4
Function value 6.7173682e+03; maximum gradient component mag -4.2757e-01
Var    Value     Gradient |Var    Value     Gradient |Var    Value     Gradient
  1 -0.31444  1.62066e-01 |  2  0.32944  2.03899e-02 |  3 -0.23250  1.97550e-01
  4  0.13982  4.04163e-02 |  5 -0.57284  7.17322e-03 |  6 -0.66520  2.11771e-01
  7  0.36175 -1.39357e-02 |  8 -0.21293 -1.13562e-01 |  9  0.08136 -2.33509e-02
 10 -0.52967  1.83769e-02 | 11 -0.65834 -4.34124e-03 | 12 -0.11851 -1.37828e-01
 13  0.00012  4.70045e-03 | 14  0.00012 -7.52043e-04 | 15  0.00013 -4.03908e-03
 16  0.00016 -3.17913e-03 | 17  0.00018 -7.04703e-03 | 18  0.00024 -2.15628e-03
 19  0.00030  1.59883e-03 | 20  0.00039  8.75908e-03 | 21  0.00041  6.07531e-04
 22  0.00047 -1.62232e-03 | 23  0.00056  1.11002e-03 | 24  0.00064  2.57444e-03
 25  0.00072 -3.00043e-04 | 26  0.00084  2.59547e-03 | 27  0.00092 -4.65653e-03
 28  0.00105 -2.04527e-03 | 29  0.00119  1.13054e-03 | 30  0.00132  4.63049e-05
 31  0.00148  3.56111e-03 | 32  0.00162 -5.06734e-04 | 33  0.00176 -5.92540e-03
 34  0.00194 -1.31482e-03 | 35  0.00211 -8.42637e-04 | 36  0.00229  1.60966e-03
 37  0.00247  2.57692e-03 | 38  0.00264  9.52420e-04 | 39  0.00284  4.63873e-03
 40  0.00299  1.25481e-04 | 41  0.00316  6.84359e-04 | 42  0.00331 -2.20863e-03
 43  0.00343 -7.02592e-03 | 44  0.00359  1.89922e-03 | 45  0.00367 -1.70963e-03
 46  0.00374  1.63206e-03 | 47  0.00372 -2.33628e-03 | 48  0.00369  2.92348e-03
 49  0.00357  4.34923e-03 | 50  0.00334 -2.39667e-03 | 51  0.00306 -1.53086e-03
 52  0.00269  1.11842e-03 | 53  0.00221 -3.24027e-03 | 54  0.00168 -1.55928e-03
 55  0.00109 -1.47040e-04 | 56  0.00045 -1.81389e-03 | 57 -0.00020 -1.56745e-03
 58 -0.00083 -9.11777e-04 | 59 -0.00141 -1.32692e-04 | 60 -0.00192 -1.76759e-03
 61 -0.00230 -7.64105e-04 | 62 -0.00255 -7.15229e-03 | 63 -0.00256  3.09400e-03
 64 -0.00242 -5.47395e-03 | 65 -0.00196  2.88325e-03 | 66 -0.00127  4.57390e-05
 67 -0.00031 -4.68744e-03 | 68  0.00098 -1.86159e-03 | 69  0.00255  6.70274e-04
 70  0.00434 -4.68280e-03 | 71  0.00637 -2.76963e-03 | 72  0.00856  1.03509e-03
 73  0.01078 -3.09891e-03 | 74  0.01296 -3.06137e-03 | 75  0.01490 -8.48639e-03
 76  0.01646 -3.01687e-03 | 77  0.01730 -7.61486e-03 | 78  0.01733 -1.40717e-02
 79  0.01669  1.63627e-03 | 80  0.01528 -7.92852e-03 | 81  0.01338 -8.45590e-03
 82  0.01104 -1.46938e-02 | 83  0.00836 -1.20190e-02 | 84  0.00527 -1.16573e-02
 85  0.00183 -1.12548e-02 | 86 -0.00183 -1.09577e-02 | 87 -0.00539 -6.66923e-03
 88 -0.00849 -1.45186e-02 | 89 -0.01063 -7.86071e-03 | 90 -0.01167 -1.07704e-02
 91 -0.01160 -7.80505e-03 | 92 -0.01061 -7.05625e-03 | 93 -0.00878 -1.73700e-02
 94 -0.00532 -2.13060e-02 | 95  0.00334 -1.80567e-02 | 96  0.01874 -1.94744e-02
 97  0.00847 -1.57235e-02 | 98 -0.01282 -6.75148e-03 | 99 -0.03616 -1.57446e-02
100 -0.00970 -1.42847e-02 |101  0.00074 -1.02876e-02 |102 -0.02026 -9.63496e-03
103 -0.00334 -1.41382e-02 |104  0.00621 -2.32017e-03 |105 -0.00183 -4.32868e-03
106 -0.00919  8.84573e-03 |107 -0.00132  2.57539e-02 |108  0.04055  1.84270e-02
109 -0.00625  1.38052e-02 |110 -0.02098  1.12713e-02 |111 -0.01270  2.42048e-02
112 -0.00368  3.14461e-02 |113 -0.00083  3.68668e-02 |114  0.00584  4.51129e-02
115 -0.01377  4.82783e-02 |116 -0.05585  3.72677e-02 |117 -0.07296  2.08366e-02
118 -0.07697  2.68455e-02 |119 -0.06625  1.21672e-02 |120  0.06559  1.95970e-02
121  0.04567  2.52057e-03 |122  0.03123  7.97178e-03 |123 -0.03247  3.23353e-03
124 -0.06923 -9.24735e-03 |125 -0.02314 -1.74139e-02 |126 -0.00732 -2.03999e-02
127 -0.02764 -2.25238e-02 |128  0.01146 -2.16066e-02 |129  0.07332 -1.36100e-02
130  0.00021 -6.50564e-03 |131  0.08444 -4.66561e-03 |132  0.00465  2.45881e-03
133  0.12717  8.63125e-03 |134 -0.00137 -8.58362e-03 |135 -0.03709 -5.46838e-03
136 -0.05588  1.29395e-03 |137 -0.02317 -8.33689e-03 |138  0.06866  6.29705e-04
139  0.00335 -6.92223e-04 |140 -0.00350  3.02476e-03 |141 -0.04442 -1.92542e-04
142 -0.01977  6.72583e-04 |143 -0.00265 -6.02845e-04 |144  0.00001  3.22291e-03
145  0.44970  1.88797e-02 |146  0.64896 -1.48255e-02 |147 -0.17420 -1.57161e-02
148  0.02966  2.14825e-03 |149 -0.13695 -2.13304e-03 |150 -0.52590 -1.39255e-04
151 -0.20461 -2.33124e-03 |152 -0.08617 -4.38140e-04 |153 -0.01883 -9.11627e-04
154 -0.29031  8.51333e-04 |155  0.17722  5.16911e-04 |156 -0.03076 -4.68661e-05
157  0.16980 -1.18141e-02 |158 -0.05284  1.87378e-03 |159 -0.17747 -8.97625e-04
160 -0.48174 -1.71172e-03 |161 -0.47255 -6.62075e-03 |162 -0.08879 -9.14065e-05
163  0.14060  2.29959e-03 |164 -0.12942 -6.47625e-04 |165 -0.01745  7.63203e-03
166  0.63501  8.79037e-04 |167 -0.10895  1.40499e-03 |168 -0.33449  7.60329e-03
169  0.46429  1.01900e-02 |170 -0.06375 -3.12996e-04 |171 -0.15492  4.49683e-03
172 -0.48782  1.30246e-04 |173 -0.56554 -1.31621e-04 |174  0.15258 -6.06894e-04
175  0.07641 -2.24397e-03 |176 -0.14126  1.47960e-03 |177  0.01143 -4.27573e-01
178  0.27581 -6.51946e-03 |179 -0.54742  1.66856e-03 |180 -0.02538  2.06396e-03
181 -0.25567 -1.83320e-03 |182 -0.22228 -1.14377e-03 |183 -0.69727 -5.94465e-03
184 -0.40895 -1.00456e-03 |185  0.15047  2.47134e-03 |186 -0.02556 -1.26428e-04
187 -0.21928 -9.99846e-04 |188 -0.35381  4.60553e-04 |189  0.52094  5.47722e-02
190  0.13384  9.74258e-03 |191  0.18962  9.49896e-03 |192 -0.05143 -2.54366e-04
193 -0.22656  1.14152e-04 |194 -1.80180 -3.02507e-05 |195 -0.28112  2.16634e-04
196 -0.49726  1.37413e-03 |197 -0.35852 -5.40468e-03 |198 -0.10390 -4.98535e-04
199 -0.14924  1.90450e-02 |200 -0.73698  1.70805e-03 |
200 variables; iteration 380; function evaluation 494; phase 4
Function value 6.7173673e+03; maximum gradient component mag 7.6193e-02
Var    Value     Gradient |Var    Value     Gradient |Var    Value     Gradient
  1 -0.31447 -1.26577e-02 |  2  0.32943 -1.90600e-02 |  3 -0.23249 -4.43417e-02
  4  0.13983 -2.02811e-02 |  5 -0.57282 -3.80203e-03 |  6 -0.66521  3.94574e-03
  7  0.36176 -1.17748e-02 |  8 -0.21290 -5.89051e-02 |  9  0.08131 -3.19761e-02
 10 -0.52972 -8.32403e-03 | 11 -0.65833  1.16280e-02 | 12 -0.11847  7.61926e-02
 13  0.00009 -1.61319e-04 | 14  0.00010 -4.09090e-03 | 15  0.00014 -1.68982e-04
 16  0.00018  2.81903e-03 | 17  0.00021  1.60765e-03 | 18  0.00026  3.09293e-03
 19  0.00029 -1.08049e-03 | 20  0.00034 -1.69627e-03 | 21  0.00039 -4.11872e-03
 22  0.00047 -9.52499e-04 | 23  0.00055  2.12914e-03 | 24  0.00062 -1.01261e-03
 25  0.00072  7.08745e-04 | 26  0.00084  3.74316e-03 | 27  0.00093 -7.51549e-04
 28  0.00105 -1.11826e-03 | 29  0.00117 -2.48121e-03 | 30  0.00131 -2.32611e-03
 31  0.00145 -2.81007e-03 | 32  0.00162  2.39224e-03 | 33  0.00178  1.02552e-03
 34  0.00194 -4.75378e-04 | 35  0.00210 -1.43655e-03 | 36  0.00227 -1.28751e-03
 37  0.00246 -4.03187e-05 | 38  0.00263  1.55759e-04 | 39  0.00280 -1.41554e-03
 40  0.00299  1.23654e-03 | 41  0.00316  1.41909e-03 | 42  0.00332  2.40105e-03
 43  0.00346  2.07583e-03 | 44  0.00358  8.46442e-04 | 45  0.00368  1.76790e-03
 46  0.00372 -4.06224e-04 | 47  0.00373  5.85008e-06 | 48  0.00366 -3.61975e-03
 49  0.00355 -6.19473e-04 | 50  0.00335  7.36528e-04 | 51  0.00306  7.32465e-05
 52  0.00268 -1.72467e-04 | 53  0.00222 -1.25521e-03 | 54  0.00170  2.61072e-03
 55  0.00110  1.88830e-03 | 56  0.00046  1.69435e-03 | 57 -0.00019  2.27320e-04
 58 -0.00082  9.40298e-04 | 59 -0.00141 -1.50302e-03 | 60 -0.00191  1.03817e-03
 61 -0.00231 -4.16187e-03 | 62 -0.00252  2.11131e-03 | 63 -0.00258 -2.41404e-03
 64 -0.00239  1.72951e-03 | 65 -0.00200 -6.60543e-03 | 66 -0.00127  1.39887e-03
 67 -0.00030 -2.66074e-03 | 68  0.00098 -7.75534e-04 | 69  0.00253 -3.17983e-03
 70  0.00436  5.59524e-04 | 71  0.00637 -2.88489e-03 | 72  0.00854 -3.47898e-03
 73  0.01079 -2.60563e-04 | 74  0.01297  4.73550e-05 | 75  0.01493 -7.11942e-04
 76  0.01645 -2.20787e-03 | 77  0.01732 -7.34850e-04 | 78  0.01740  4.27531e-03
 79  0.01665 -2.84685e-03 | 80  0.01529  2.80939e-04 | 81  0.01341  2.95598e-03
 82  0.01110  4.33907e-03 | 83  0.00839  2.54688e-03 | 84  0.00530  3.45397e-03
 85  0.00185  2.88659e-03 | 86 -0.00182  1.19353e-03 | 87 -0.00540  2.15534e-04
 88 -0.00846  2.51693e-03 | 89 -0.01065 -2.46329e-03 | 90 -0.01167  2.29429e-03
 91 -0.01163 -3.53011e-03 | 92 -0.01064 -2.93867e-03 | 93 -0.00875  5.37563e-03
 94 -0.00526  8.98557e-03 | 95  0.00335  3.39204e-03 | 96  0.01875  3.56601e-03
 97  0.00845 -1.39486e-03 | 98 -0.01286 -4.37532e-03 | 99 -0.03616 -3.52066e-03
100 -0.00969 -4.62991e-04 |101  0.00073 -3.03716e-03 |102 -0.02028 -3.18916e-03
103 -0.00330  1.62883e-03 |104  0.00616 -9.57996e-03 |105 -0.00183 -3.37837e-03
106 -0.00920  2.32564e-03 |107 -0.00137  2.06716e-03 |108  0.04058 -2.07109e-03
109 -0.00624 -3.25575e-03 |110 -0.02096  4.28135e-03 |111 -0.01275  6.01250e-03
112 -0.00373  8.09429e-03 |113 -0.00085  7.75424e-03 |114  0.00584  1.02836e-02
115 -0.01379  1.23484e-02 |116 -0.05588  9.92000e-03 |117 -0.07297  7.45631e-03
118 -0.07701  4.29572e-03 |119 -0.06624  9.24811e-03 |120  0.06558  4.17523e-03
121  0.04571  2.31107e-03 |122  0.03123 -8.75475e-03 |123 -0.03246 -9.47357e-03
124 -0.06919 -1.20726e-03 |125 -0.02311 -8.17171e-03 |126 -0.00730 -1.20843e-02
127 -0.02759 -1.20856e-03 |128  0.01151  7.33873e-04 |129  0.07331 -6.24915e-03
130  0.00024  3.93060e-03 |131  0.08445  5.54439e-03 |132  0.00463 -3.06123e-03
133  0.12717  5.72882e-03 |134 -0.00134  7.88089e-03 |135 -0.03706  5.19461e-03
136 -0.05588  1.29731e-03 |137 -0.02314  4.31771e-03 |138  0.06865  6.58592e-05
139  0.00335  1.02067e-04 |140 -0.00351 -1.59630e-03 |141 -0.04441  1.81534e-03
142 -0.01977 -8.97221e-04 |143 -0.00264  1.31147e-03 |144 -0.00000 -1.82788e-04
145  0.45075  4.48624e-02 |146  0.64893 -2.73579e-04 |147 -0.17570 -1.57785e-02
148  0.01068  7.13492e-04 |149 -0.13180 -3.16413e-03 |150 -0.52752 -1.79176e-04
151 -0.18901 -2.18892e-03 |152  0.03831  1.68380e-04 |153 -0.05570 -8.32389e-04
154 -0.32615 -4.28109e-04 |155  0.18289  8.40761e-04 |156 -0.01505 -1.79812e-05
157  0.16731 -2.00563e-03 |158 -0.08384 -3.00930e-04 |159 -0.15210 -1.92511e-04
160 -0.45333 -3.87539e-04 |161 -0.47526 -9.39515e-03 |162 -0.11679 -1.95929e-04
163  0.13885  1.36804e-03 |164 -0.08339 -4.14044e-04 |165 -0.01742  1.11975e-02
166  0.62734  3.10975e-04 |167 -0.11623  9.16584e-05 |168 -0.34348  7.18293e-03
169  0.45755 -1.77116e-03 |170 -0.03682  1.29941e-03 |171 -0.18249 -9.26072e-04
172 -0.50217 -8.52001e-04 |173 -0.56532  9.47445e-05 |174  0.15308  2.34704e-04
175  0.07644  3.16741e-03 |176 -0.14141 -9.19878e-04 |177  0.01143 -9.17899e-03
178  0.28196  1.13345e-02 |179 -0.54945  2.16869e-03 |180 -0.05999 -2.96945e-04
181 -0.28310 -2.41728e-03 |182 -0.18883  1.23476e-03 |183 -0.59009 -3.19871e-03
184 -0.37254  1.09461e-03 |185  0.14840  3.03245e-04 |186 -0.00671  3.64730e-04
187 -0.20650 -9.53916e-04 |188 -0.35761  2.27884e-04 |189  0.51885  5.16269e-02
190  0.12735  1.09146e-03 |191  0.18881 -4.67604e-04 |192 -0.07808 -3.87259e-04
193 -0.23411 -1.16941e-03 |194 -1.80584  9.86945e-04 |195 -0.28645 -5.84717e-06
196 -0.52658 -9.74941e-04 |197 -0.35343 -6.97399e-03 |198 -0.06626  2.47363e-03
199 -0.15990  8.39373e-03 |200 -0.76773 -2.48966e-03 |
200 variables; iteration 400; function evaluation 514; phase 4
Function value 6.7173669e+03; maximum gradient component mag 1.1977e-01
Var    Value     Gradient |Var    Value     Gradient |Var    Value     Gradient
  1 -0.31449 -5.65381e-02 |  2  0.32944  5.79169e-02 |  3 -0.23247  1.19766e-01
  4  0.13980  6.16610e-02 |  5 -0.57280  1.71784e-02 |  6 -0.66520 -6.02918e-02
  7  0.36176  4.06227e-02 |  8 -0.21289  4.28033e-02 |  9  0.08132  4.21198e-02
 10 -0.52972 -1.10172e-02 | 11 -0.65833 -5.80183e-02 | 12 -0.11844  1.35829e-02
 13  0.00011  3.22880e-03 | 14  0.00012  1.47820e-03 | 15  0.00015  2.71535e-03
 16  0.00016 -3.77905e-03 | 17  0.00021  2.19035e-03 | 18  0.00024 -2.08697e-03
 19  0.00031  4.05645e-03 | 20  0.00035  2.43981e-03 | 21  0.00043  6.56498e-03
 22  0.00047  6.62367e-04 | 23  0.00056  4.52921e-03 | 24  0.00063  1.56485e-03
 25  0.00072 -5.84407e-04 | 26  0.00083  2.09944e-03 | 27  0.00093 -9.51408e-04
 28  0.00106  2.93561e-03 | 29  0.00120  5.83133e-03 | 30  0.00134  5.54690e-03
 31  0.00149  6.45516e-03 | 32  0.00162  2.03888e-03 | 33  0.00177  6.35522e-04
 34  0.00195  2.66990e-03 | 35  0.00211  1.97959e-03 | 36  0.00230  4.87003e-03
 37  0.00246  2.76961e-03 | 38  0.00265  3.72515e-03 | 39  0.00284  6.93723e-03
 40  0.00299  2.81044e-03 | 41  0.00315  6.35012e-04 | 42  0.00330 -2.19930e-03
 43  0.00345 -8.56427e-04 | 44  0.00359  4.23676e-03 | 45  0.00368  3.42257e-03
 46  0.00372  6.02236e-04 | 47  0.00374  3.49365e-03 | 48  0.00369  4.70827e-03
 49  0.00355  4.62982e-04 | 50  0.00334 -7.85585e-04 | 51  0.00305  4.52588e-04
 52  0.00268  1.76080e-03 | 53  0.00223  3.18060e-03 | 54  0.00168 -5.16623e-04
 55  0.00108  1.71650e-04 | 56  0.00045 -3.71603e-04 | 57 -0.00019  1.27631e-03
 58 -0.00084 -3.29086e-03 | 59 -0.00140  4.17758e-03 | 60 -0.00192 -7.88446e-04
 61 -0.00228  6.16978e-03 | 62 -0.00254 -3.32140e-04 | 63 -0.00256  5.28222e-03
 64 -0.00242 -3.67970e-03 | 65 -0.00193  1.23869e-02 | 66 -0.00130 -2.29126e-03
 67 -0.00027  7.61531e-03 | 68  0.00100  7.44369e-03 | 69  0.00258  1.12538e-02
 70  0.00436  3.08443e-03 | 71  0.00640  7.45677e-03 | 72  0.00858  9.63055e-03
 73  0.01078  3.52319e-03 | 74  0.01294 -5.10781e-04 | 75  0.01492  2.50134e-03
 76  0.01647  6.73874e-03 | 77  0.01732  5.64420e-03 | 78  0.01735 -1.07329e-03
 79  0.01669  1.01303e-02 | 80  0.01529  5.31884e-03 | 81  0.01339  3.20153e-03
 82  0.01105 -2.39686e-03 | 83  0.00837  1.13232e-03 | 84  0.00528  1.96605e-04
 85  0.00184  3.91303e-03 | 86 -0.00183  2.59072e-03 | 87 -0.00538  8.43538e-03
 88 -0.00846  4.66314e-03 | 89 -0.01061  1.05291e-02 | 90 -0.01169 -9.26693e-04
 91 -0.01160  7.89024e-03 | 92 -0.01062  4.89019e-03 | 93 -0.00882 -1.14002e-02
 94 -0.00538 -2.08424e-02 | 95  0.00330 -1.12054e-02 | 96  0.01870 -1.35199e-02
 97  0.00844 -7.37112e-03 | 98 -0.01284  1.07130e-03 | 99 -0.03617 -4.51453e-03
100 -0.00974 -1.78077e-02 |101  0.00072 -1.17214e-02 |102 -0.02027 -7.47890e-03
103 -0.00335 -2.35399e-02 |104  0.00619 -1.96954e-02 |105 -0.00184 -2.44597e-02
106 -0.00922 -2.55041e-02 |107 -0.00140 -2.59608e-02 |108  0.04057 -1.78575e-02
109 -0.00618  2.11242e-03 |110 -0.02098 -1.00923e-02 |111 -0.01276 -9.00263e-03
112 -0.00374 -5.62617e-03 |113 -0.00083 -2.87685e-03 |114  0.00588 -6.69450e-04
115 -0.01379 -7.55778e-03 |116 -0.05587 -7.53514e-03 |117 -0.07298 -1.61049e-02
118 -0.07698  2.31838e-03 |119 -0.06629 -1.25760e-02 |120  0.06563  2.91477e-02
121  0.04569  1.30692e-02 |122  0.03126  2.01718e-02 |123 -0.03245  8.68769e-03
124 -0.06919  6.42367e-03 |125 -0.02309  1.30675e-02 |126 -0.00726  1.22889e-02
127 -0.02763 -8.01332e-03 |128  0.01146 -1.01693e-02 |129  0.07334  7.26643e-03
130  0.00021 -1.31770e-03 |131  0.08444  4.87718e-03 |132  0.00465  4.60294e-03
133  0.12713 -2.11051e-02 |134 -0.00138 -7.25559e-03 |135 -0.03711 -8.68597e-03
136 -0.05589 -1.78558e-03 |137 -0.02317 -5.71153e-03 |138  0.06865 -1.03606e-03
139  0.00334  1.01050e-05 |140 -0.00351 -1.06156e-04 |141 -0.04444 -4.02187e-03
142 -0.01976  2.63282e-03 |143 -0.00264  1.25698e-03 |144  0.00001  1.72557e-03
145  0.45127 -3.25602e-02 |146  0.64889  1.38261e-02 |147 -0.17639 -1.24345e-03
148 -0.03464 -1.70871e-04 |149 -0.12869 -7.18410e-04 |150 -0.51618  8.22995e-04
151 -0.15903 -5.24623e-05 |152  0.05332  2.52928e-04 |153 -0.04230  1.43348e-04
154 -0.31042 -2.29822e-04 |155  0.18659  1.15264e-03 |156 -0.02335 -1.17691e-04
157  0.17718  2.94691e-05 |158 -0.03012  3.05244e-04 |159 -0.18388 -7.47093e-04
160 -0.46329 -9.37192e-04 |161 -0.44037 -2.44535e-03 |162 -0.02053 -1.07370e-04
163  0.13867  1.26539e-03 |164 -0.06439 -3.19731e-04 |165 -0.01763 -1.23158e-02
166  0.62155 -4.85377e-04 |167 -0.11451 -5.25597e-05 |168 -0.34983 -1.44080e-03
169  0.45426  2.23578e-03 |170 -0.07138 -2.35401e-04 |171 -0.16526 -8.20579e-04
172 -0.49118 -1.17849e-04 |173 -0.56538 -5.79958e-04 |174  0.15287 -8.60378e-05
175  0.07638 -6.70921e-03 |176 -0.14144  1.43492e-03 |177  0.01145  9.75948e-02
178  0.28494  8.38902e-03 |179 -0.57145  1.20512e-03 |180 -0.03047 -1.49783e-04
181 -0.29245 -2.42987e-03 |182 -0.20723 -1.07326e-04 |183 -0.52859 -1.91054e-04
184 -0.37428  9.44822e-04 |185  0.14752  5.77805e-04 |186 -0.00514  8.81742e-04
187 -0.19107 -4.79975e-04 |188 -0.36761 -3.22306e-04 |189  0.51787  6.76980e-02
190  0.12229 -6.45509e-03 |191  0.18803 -7.84047e-03 |192 -0.05649  8.29676e-04
193 -0.20608  1.76650e-03 |194 -1.82347  8.86434e-04 |195 -0.29423 -3.05296e-04
196 -0.50489  6.14494e-04 |197 -0.35136 -3.39132e-04 |198 -0.06948  1.04212e-05
199 -0.16513  4.81341e-03 |200 -0.77430 -3.24169e-03 |
200 variables; iteration 420; function evaluation 535; phase 4
Function value 6.7173667e+03; maximum gradient component mag 6.2095e-02
Var    Value     Gradient |Var    Value     Gradient |Var    Value     Gradient
  1 -0.31449 -1.61539e-02 |  2  0.32943 -4.22172e-03 |  3 -0.23249 -2.02631e-02
  4  0.13984 -5.81808e-03 |  5 -0.57282 -1.09635e-03 |  6 -0.66521 -1.97528e-02
  7  0.36176 -1.28468e-03 |  8 -0.21291 -9.50897e-03 |  9  0.08133 -1.99231e-03
 10 -0.52971 -1.24139e-03 | 11 -0.65833 -9.01938e-04 | 12 -0.11850 -1.09866e-02
 13  0.00009 -7.85503e-05 | 14  0.00012  7.73966e-04 | 15  0.00014  3.48535e-04
 16  0.00017 -2.60144e-04 | 17  0.00021  6.34353e-05 | 18  0.00025  6.58543e-04
 19  0.00029  2.68408e-04 | 20  0.00034 -3.26876e-04 | 21  0.00041  4.81548e-04
 22  0.00047  3.66243e-04 | 23  0.00054 -3.67059e-04 | 24  0.00063 -1.72172e-04
 25  0.00072 -1.84490e-05 | 26  0.00082 -4.07364e-04 | 27  0.00094  8.65110e-04
 28  0.00105 -6.04840e-05 | 29  0.00118  3.09390e-04 | 30  0.00132  3.07519e-04
 31  0.00146  2.66365e-04 | 32  0.00162  1.48336e-04 | 33  0.00178  2.93209e-04
 34  0.00194  3.81494e-04 | 35  0.00211  7.55733e-04 | 36  0.00228  5.71614e-04
 37  0.00246  6.03793e-04 | 38  0.00264  2.84341e-04 | 39  0.00281  5.67425e-04
 40  0.00299  3.20741e-04 | 41  0.00316  5.47542e-04 | 42  0.00331  3.81655e-04
 43  0.00346  3.72306e-04 | 44  0.00358  3.48921e-04 | 45  0.00367  3.03594e-04
 46  0.00373  2.71359e-04 | 47  0.00373  3.96351e-04 | 48  0.00368  4.64512e-04
 49  0.00355  3.00077e-04 | 50  0.00335  7.63762e-04 | 51  0.00306  5.90442e-04
 52  0.00268  1.32457e-04 | 53  0.00223  6.99021e-04 | 54  0.00169  8.81736e-04
 55  0.00109  4.26155e-04 | 56  0.00046  3.58720e-04 | 57 -0.00019  4.82417e-04
 58 -0.00082  4.86612e-04 | 59 -0.00140  4.22738e-04 | 60 -0.00190  4.04045e-04
 61 -0.00229  7.51150e-04 | 62 -0.00252  7.92676e-04 | 63 -0.00256  1.00083e-03
 64 -0.00239  8.78607e-04 | 65 -0.00197  1.36903e-04 | 66 -0.00127  4.92362e-04
 67 -0.00028  1.13657e-03 | 68  0.00099  9.88170e-04 | 69  0.00255  6.55953e-04
 70  0.00437  7.39731e-04 | 71  0.00639  3.07964e-04 | 72  0.00856  7.94847e-04
 73  0.01079  9.36207e-04 | 74  0.01298  1.16203e-03 | 75  0.01494  1.01458e-03
 76  0.01647  1.04428e-03 | 77  0.01733  1.22818e-03 | 78  0.01739  9.27046e-04
 79  0.01668  8.95739e-04 | 80  0.01530  9.48947e-04 | 81  0.01341  1.22570e-03
 82  0.01109  9.98357e-04 | 83  0.00839  8.41065e-04 | 84  0.00530  8.21779e-04
 85  0.00185  8.39000e-04 | 86 -0.00181  8.32338e-04 | 87 -0.00539  9.62246e-04
 88 -0.00846  9.60712e-04 | 89 -0.01063  4.42229e-04 | 90 -0.01168  2.87999e-04
 91 -0.01162 -7.23423e-05 | 92 -0.01063  2.58129e-04 | 93 -0.00878 -4.40074e-04
 94 -0.00531 -3.13535e-04 | 95  0.00332 -7.73350e-04 | 96  0.01871 -9.88713e-04
 97  0.00843 -6.74620e-04 | 98 -0.01288 -8.10368e-04 | 99 -0.03618 -1.20147e-03
100 -0.00973 -2.20569e-03 |101  0.00069 -2.51544e-03 |102 -0.02029 -2.52289e-03
103 -0.00335 -3.10507e-03 |104  0.00616 -2.80868e-03 |105 -0.00185 -2.62877e-03
106 -0.00922 -2.89193e-03 |107 -0.00138 -2.26187e-03 |108  0.04056 -2.68133e-03
109 -0.00625 -3.48680e-03 |110 -0.02099 -3.76560e-03 |111 -0.01278 -3.47395e-03
112 -0.00375 -3.00679e-03 |113 -0.00084 -3.07769e-03 |114  0.00586 -3.24170e-03
115 -0.01378 -2.67440e-03 |116 -0.05587 -1.64715e-03 |117 -0.07296 -2.08190e-03
118 -0.07699 -1.11786e-03 |119 -0.06625 -8.70407e-04 |120  0.06560  5.20888e-04
121  0.04569  6.90892e-04 |122  0.03123  1.90395e-04 |123 -0.03246 -9.73589e-06
124 -0.06920  5.05604e-04 |125 -0.02311  1.06130e-04 |126 -0.00730  6.26844e-04
127 -0.02760  3.71844e-05 |128  0.01149  2.77807e-04 |129  0.07332  8.83698e-04
130  0.00023  3.99629e-05 |131  0.08445  5.87317e-04 |132  0.00464  2.97711e-04
133  0.12716 -1.01289e-04 |134 -0.00136 -1.38754e-04 |135 -0.03708  1.79454e-04
136 -0.05588  7.26542e-05 |137 -0.02315  5.63437e-05 |138  0.06865 -6.63256e-05
139  0.00335 -2.03049e-04 |140 -0.00351  2.83099e-04 |141 -0.04442 -2.05085e-05
142 -0.01977  1.93044e-04 |143 -0.00265  2.24443e-05 |144 -0.00000 -2.35816e-04
145  0.45155 -1.22599e-02 |146  0.64903  2.98061e-04 |147 -0.17647  7.23001e-04
148 -0.01681 -6.63980e-05 |149 -0.12741 -2.84843e-04 |150 -0.52592 -5.80472e-05
151 -0.15873  5.18944e-04 |152  0.01475  5.13137e-05 |153 -0.04366  5.12532e-05
154 -0.30420  5.41142e-05 |155  0.18712  1.00569e-03 |156 -0.00339  3.10798e-05
157  0.16869 -1.51108e-03 |158 -0.07070 -3.86052e-05 |159 -0.15495 -1.54604e-04
160 -0.44766 -2.72156e-05 |161 -0.42837  7.60507e-04 |162  0.01427  2.67425e-05
163  0.13998  1.76251e-03 |164 -0.05983 -3.00909e-04 |165 -0.01756 -3.54707e-03
166  0.62484 -1.43700e-04 |167 -0.11272  2.94612e-04 |168 -0.35216  1.05187e-04
169  0.45365  2.44589e-03 |170 -0.06759 -7.51234e-05 |171 -0.15149 -1.15690e-04
172 -0.48909  3.34165e-05 |173 -0.56536 -5.08435e-05 |174  0.15297  2.01727e-05
175  0.07642  1.27125e-04 |176 -0.14136  4.58565e-05 |177  0.01146  6.20947e-02
178  0.28312  7.27543e-03 |179 -0.58684  2.25521e-04 |180 -0.01866  9.40629e-06
181 -0.29396 -2.28305e-03 |182 -0.19796  9.97212e-05 |183 -0.52635  3.70376e-05
184 -0.38859 -1.92858e-05 |185  0.14730  4.73365e-03 |186 -0.01159  2.58375e-04
187 -0.18586 -6.04549e-05 |188 -0.36195 -2.37592e-05 |189  0.51769  5.55147e-02
190  0.12413  2.20118e-03 |191  0.18829 -1.56107e-04 |192 -0.05447  5.17224e-05
193 -0.21186  3.25540e-05 |194 -1.83544 -4.77584e-04 |195 -0.28416  8.83918e-05
196 -0.51436 -1.53523e-04 |197 -0.35100 -1.04923e-03 |198 -0.07041 -1.31111e-04
199 -0.16649  3.74619e-03 |200 -0.77477 -3.30087e-03 |
200 variables; iteration 440; function evaluation 555; phase 4
Function value 6.7173667e+03; maximum gradient component mag 1.0377e-01
Var    Value     Gradient |Var    Value     Gradient |Var    Value     Gradient
  1 -0.31449 -1.48843e-02 |  2  0.32943 -1.84146e-03 |  3 -0.23249 -2.51632e-02
  4  0.13983 -9.75139e-03 |  5 -0.57282 -2.55044e-04 |  6 -0.66521 -1.80808e-02
  7  0.36176 -3.68020e-03 |  8 -0.21290  5.19945e-03 |  9  0.08132 -3.77487e-03
 10 -0.52972 -4.76132e-03 | 11 -0.65833  6.27604e-03 | 12 -0.11847  3.61491e-02
 13  0.00009 -1.55113e-04 | 14  0.00012 -3.33760e-05 | 15  0.00014  3.23563e-04
 16  0.00018  6.42653e-04 | 17  0.00021  3.00987e-04 | 18  0.00025  8.07149e-05
 19  0.00029 -7.55074e-05 | 20  0.00034 -5.44180e-04 | 21  0.00040 -2.20247e-04
 22  0.00047 -3.15069e-04 | 23  0.00055 -2.08055e-04 | 24  0.00063 -1.58586e-04
 25  0.00072  2.53921e-04 | 26  0.00082  8.99263e-05 | 27  0.00094  3.82788e-04
 28  0.00105  3.04510e-04 | 29  0.00118 -1.69249e-04 | 30  0.00132 -1.11015e-04
 31  0.00146  1.40969e-04 | 32  0.00162  6.33094e-05 | 33  0.00178  7.30328e-04
 34  0.00194  2.27626e-04 | 35  0.00211 -1.66939e-04 | 36  0.00228 -1.38615e-04
 37  0.00246 -2.00517e-04 | 38  0.00264  8.92534e-05 | 39  0.00281 -2.50068e-05
 40  0.00299  4.50151e-04 | 41  0.00316  7.19641e-05 | 42  0.00332  4.74304e-04
 43  0.00346  6.97344e-04 | 44  0.00358 -5.66816e-05 | 45  0.00367 -6.43371e-05
 46  0.00373 -2.78880e-04 | 47  0.00373  1.49770e-04 | 48  0.00368  1.41619e-04
 49  0.00355  3.40264e-04 | 50  0.00335  9.58593e-04 | 51  0.00306  6.25282e-04
 52  0.00268 -5.63926e-04 | 53  0.00223  1.39868e-04 | 54  0.00169  6.37945e-04
 55  0.00110  4.47604e-04 | 56  0.00046  1.88419e-04 | 57 -0.00019  1.45570e-04
 58 -0.00082 -1.37015e-04 | 59 -0.00140  5.71535e-04 | 60 -0.00190 -7.43872e-05
 61 -0.00229  3.01973e-04 | 62 -0.00251  1.60093e-03 | 63 -0.00256  1.34969e-04
 64 -0.00239  1.18874e-03 | 65 -0.00197 -7.27202e-04 | 66 -0.00127 -7.25427e-05
 67 -0.00028  1.00437e-03 | 68  0.00099  4.45983e-05 | 69  0.00255 -4.65972e-04
 70  0.00437  7.82593e-04 | 71  0.00639 -4.11746e-05 | 72  0.00856 -2.24865e-05
 73  0.01079  9.77001e-04 | 74  0.01298  7.33321e-04 | 75  0.01494  1.09370e-03
 76  0.01647  3.72843e-04 | 77  0.01733  3.70607e-04 | 78  0.01739  1.09707e-03
 79  0.01667 -2.06422e-04 | 80  0.01530  6.12354e-04 | 81  0.01341  8.17900e-04
 82  0.01109  1.41040e-03 | 83  0.00839  8.71740e-04 | 84  0.00530  9.48317e-04
 85  0.00185  6.09862e-04 | 86 -0.00182  5.12418e-04 | 87 -0.00540 -1.77312e-04
 88 -0.00847  6.31986e-04 | 89 -0.01064 -7.07550e-04 | 90 -0.01168  3.39483e-04
 91 -0.01163 -1.21666e-03 | 92 -0.01064 -2.33369e-04 | 93 -0.00878  7.63664e-04
 94 -0.00531  2.23103e-03 | 95  0.00332  6.24587e-04 | 96  0.01871  1.03552e-03
 97  0.00842 -1.72724e-04 | 98 -0.01289 -9.74222e-04 | 99 -0.03619  5.37395e-04
100 -0.00973  4.45669e-04 |101  0.00069  3.18758e-04 |102 -0.02030  1.99939e-03
103 -0.00334  2.17856e-03 |104  0.00616  1.26333e-03 |105 -0.00185  2.86796e-03
106 -0.00922  4.72226e-04 |107 -0.00138 -1.40870e-04 |108  0.04056  1.42773e-03
109 -0.00624 -5.59918e-04 |110 -0.02098  5.28806e-04 |111 -0.01277  8.86290e-04
112 -0.00374  1.92075e-03 |113 -0.00083  2.13613e-03 |114  0.00587  1.22373e-03
115 -0.01378 -5.86845e-04 |116 -0.05587 -2.47610e-04 |117 -0.07295  1.27695e-03
118 -0.07699 -1.00373e-03 |119 -0.06625 -9.12063e-04 |120  0.06560 -1.03334e-03
121  0.04570  6.95269e-04 |122  0.03123 -2.03181e-03 |123 -0.03246 -1.01611e-03
124 -0.06920 -1.54697e-03 |125 -0.02311 -8.25596e-04 |126 -0.00730 -7.11218e-04
127 -0.02760 -2.49890e-04 |128  0.01149  9.15559e-05 |129  0.07332 -6.55471e-04
130  0.00023 -5.89323e-04 |131  0.08445  3.59114e-04 |132  0.00465  1.13312e-03
133  0.12716 -1.80614e-03 |134 -0.00136  9.92107e-04 |135 -0.03707  5.48478e-04
136 -0.05588  8.54045e-04 |137 -0.02315  1.25575e-03 |138  0.06865  1.47445e-05
139  0.00335 -6.07328e-05 |140 -0.00351 -3.40929e-04 |141 -0.04442 -3.40677e-04
142 -0.01977  7.70712e-04 |143 -0.00265 -2.23727e-04 |144 -0.00000 -2.05141e-04
145  0.45152  3.88347e-03 |146  0.64896  1.06252e-02 |147 -0.17646 -1.60174e-04
148 -0.00076  1.99506e-04 |149 -0.12730 -3.26077e-04 |150 -0.52312  1.60326e-04
151 -0.16050  3.54388e-05 |152 -0.07005 -3.49613e-04 |153 -0.04752 -9.29350e-05
154 -0.30272  1.72577e-04 |155  0.18964  1.05731e-03 |156  0.00568  1.02269e-04
157  0.17222  1.11863e-03 |158 -0.05407 -2.76993e-05 |159 -0.16332 -1.02929e-04
160 -0.44824 -6.69630e-05 |161 -0.42760  1.62308e-03 |162  0.02835  5.57229e-05
163  0.13929  1.44808e-03 |164 -0.04678 -2.37035e-04 |165 -0.01751  1.42242e-03
166  0.62618  1.40721e-05 |167 -0.11099  7.36589e-04 |168 -0.35256  1.35704e-03
169  0.44849  1.01013e-03 |170 -0.08371 -7.95269e-06 |171 -0.14667 -2.32631e-04
172 -0.49164 -1.56244e-04 |173 -0.56532  5.16171e-06 |174  0.15301  8.55937e-05
175  0.07642  4.91683e-04 |176 -0.14136 -2.71179e-04 |177  0.01146  1.03770e-01
178  0.27882  5.95679e-03 |179 -0.59004 -8.30676e-06 |180 -0.03646 -1.50347e-04
181 -0.28357 -2.03851e-03 |182 -0.18026  3.39746e-04 |183 -0.51920  6.70461e-04
184 -0.38816  7.45106e-06 |185  0.14674  5.88334e-03 |186 -0.02155 -5.05120e-05
187 -0.18198  5.60498e-05 |188 -0.36081  3.95120e-05 |189  0.51762  5.55145e-02
190  0.12465  2.26696e-03 |191  0.18817 -1.43041e-03 |192 -0.07391 -3.64748e-04
193 -0.21242 -1.03565e-04 |194 -1.83142  1.60642e-04 |195 -0.28080  2.50969e-04
196 -0.51261 -2.14504e-05 |197 -0.34972 -3.64327e-03 |198 -0.05694  1.74119e-03
199 -0.16829  4.06461e-03 |200 -0.75625 -1.05055e-03 |
200 variables; iteration 460; function evaluation 575; phase 4
Function value 6.7173666e+03; maximum gradient component mag 5.4883e-02
Var    Value     Gradient |Var    Value     Gradient |Var    Value     Gradient
  1 -0.31449 -1.43904e-02 |  2  0.32943 -6.28490e-03 |  3 -0.23249 -3.34119e-02
  4  0.13983 -1.46605e-02 |  5 -0.57282 -1.72092e-03 |  6 -0.66521 -1.72401e-02
  7  0.36176 -3.30721e-03 |  8 -0.21291 -4.92381e-03 |  9  0.08132 -5.02357e-03
 10 -0.52971 -1.31599e-03 | 11 -0.65833  1.58661e-03 | 12 -0.11848  1.39537e-02
 13  0.00010  2.45115e-04 | 14  0.00012 -4.54000e-04 | 15  0.00014 -2.10586e-04
 16  0.00018  6.46667e-04 | 17  0.00021 -4.81171e-05 | 18  0.00025 -2.12004e-04
 19  0.00029 -8.32740e-06 | 20  0.00035  7.62673e-04 | 21  0.00040 -1.02228e-04
 22  0.00047 -4.09045e-05 | 23  0.00055  6.58574e-04 | 24  0.00063  3.64698e-04
 25  0.00072  2.49512e-04 | 26  0.00082  1.61718e-04 | 27  0.00093 -5.64971e-04
 28  0.00105  4.62477e-04 | 29  0.00118 -3.55533e-04 | 30  0.00132  1.65186e-04
 31  0.00146 -3.75865e-04 | 32  0.00162  8.52551e-04 | 33  0.00178  4.84122e-04
 34  0.00194  7.89293e-05 | 35  0.00211  4.11132e-04 | 36  0.00228  6.89925e-06
 37  0.00246  1.38728e-04 | 38  0.00264  1.08563e-04 | 39  0.00281 -1.05271e-04
 40  0.00299  4.50916e-04 | 41  0.00316  4.99897e-04 | 42  0.00332  4.78894e-04
 43  0.00346  5.29215e-04 | 44  0.00358  4.28725e-04 | 45  0.00368  5.43624e-04
 46  0.00373  5.76848e-04 | 47  0.00373  6.76968e-04 | 48  0.00368  5.20674e-04
 49  0.00355  4.09669e-04 | 50  0.00335  6.88659e-04 | 51  0.00306  2.93982e-04
 52  0.00269  1.25453e-03 | 53  0.00223  7.00114e-04 | 54  0.00169  6.73687e-04
 55  0.00109  3.65395e-04 | 56  0.00046  9.84517e-04 | 57 -0.00019  1.03363e-03
 58 -0.00082  4.72091e-04 | 59 -0.00140  7.13545e-04 | 60 -0.00190  1.00996e-03
 61 -0.00229 -6.37945e-05 | 62 -0.00252  6.97160e-04 | 63 -0.00256  1.27796e-03
 64 -0.00239  8.99700e-05 | 65 -0.00196  6.95925e-04 | 66 -0.00127  1.05841e-03
 67 -0.00028  4.15435e-04 | 68  0.00099  6.54397e-04 | 69  0.00255  6.92637e-04
 70  0.00437  5.19924e-04 | 71  0.00639  7.66040e-04 | 72  0.00856  8.21921e-04
 73  0.01079  8.06610e-04 | 74  0.01298  1.38151e-03 | 75  0.01494  9.45881e-04
 76  0.01647  7.45031e-04 | 77  0.01733  5.70515e-04 | 78  0.01739  8.61792e-04
 79  0.01668  5.65750e-04 | 80  0.01530  1.25650e-03 | 81  0.01341  1.07627e-03
 82  0.01109  9.36849e-04 | 83  0.00839  8.67356e-04 | 84  0.00530  7.85999e-04
 85  0.00185  4.15945e-04 | 86 -0.00182  6.78468e-04 | 87 -0.00540  1.81196e-04
 88 -0.00847  2.46849e-04 | 89 -0.01064 -6.75135e-05 | 90 -0.01168 -1.35798e-04
 91 -0.01162 -3.02028e-04 | 92 -0.01064 -5.85675e-04 | 93 -0.00878 -1.01122e-04
 94 -0.00531 -3.38771e-04 | 95  0.00332  1.23087e-04 | 96  0.01870 -1.25640e-03
 97  0.00841 -2.01865e-03 | 98 -0.01289 -1.49953e-03 | 99 -0.03619 -8.47850e-04
100 -0.00974 -7.25797e-04 |101  0.00068 -1.35016e-03 |102 -0.02030 -6.17192e-04
103 -0.00335  6.41043e-05 |104  0.00614 -8.29392e-04 |105 -0.00186  4.59594e-04
106 -0.00923  8.44643e-04 |107 -0.00138  9.53363e-04 |108  0.04056 -1.16896e-03
109 -0.00624 -1.77692e-03 |110 -0.02098 -9.97167e-05 |111 -0.01278  2.46183e-04
112 -0.00376 -5.35226e-04 |113 -0.00084 -9.32002e-04 |114  0.00587 -5.32001e-04
115 -0.01377 -7.14476e-04 |116 -0.05586  3.11499e-04 |117 -0.07295 -3.04361e-04
118 -0.07699 -1.33639e-03 |119 -0.06624 -2.61301e-04 |120  0.06560 -4.49395e-03
121  0.04569 -2.17266e-03 |122  0.03123 -1.42565e-03 |123 -0.03246 -3.08629e-04
124 -0.06920 -2.57842e-06 |125 -0.02312 -1.15712e-03 |126 -0.00730 -6.65917e-04
127 -0.02760  2.13160e-04 |128  0.01149  5.31228e-04 |129  0.07332 -1.33754e-03
130  0.00023 -3.72296e-04 |131  0.08445 -7.71063e-04 |132  0.00464 -6.53170e-04
133  0.12717  5.94569e-04 |134 -0.00136  5.82413e-04 |135 -0.03707  8.68013e-04
136 -0.05588 -1.83241e-04 |137 -0.02315 -5.72848e-05 |138  0.06865 -7.86988e-04
139  0.00335  1.81777e-05 |140 -0.00350  3.99219e-04 |141 -0.04442  3.55529e-04
142 -0.01977 -3.78017e-04 |143 -0.00265 -1.80535e-04 |144  0.00000  2.21306e-04
145  0.45169  1.26237e-04 |146  0.64899  2.46638e-03 |147 -0.17672  1.37550e-03
148 -0.00255  1.66312e-04 |149 -0.12591 -1.93279e-06 |150 -0.52433  5.67306e-05
151 -0.16082 -5.47704e-04 |152 -0.00193 -9.51349e-06 |153 -0.04302  4.10748e-05
154 -0.30584 -1.02942e-05 |155  0.19104  1.52261e-03 |156 -0.00872 -6.66772e-05
157  0.16959  1.51659e-04 |158 -0.06776 -1.22048e-04 |159 -0.15602  1.41536e-05
160 -0.44690  2.39678e-05 |161 -0.42897 -7.27679e-04 |162  0.01021  3.62587e-05
163  0.13802  1.08705e-03 |164 -0.02903 -1.47824e-04 |165 -0.01753 -1.20678e-04
166  0.62581 -4.16640e-05 |167 -0.10955  1.02941e-03 |168 -0.35466  7.69124e-04
169  0.44243 -3.04864e-03 |170 -0.10991  1.06407e-04 |171 -0.14188 -3.80741e-04
172 -0.48793  1.05450e-04 |173 -0.56533  3.96032e-05 |174  0.15297 -2.17294e-05
175  0.07642  8.43298e-05 |176 -0.14135  4.13351e-05 |177  0.01147  1.42798e-02
178  0.27319  2.73206e-03 |179 -0.59832 -5.03997e-04 |180 -0.04676  3.90198e-05
181 -0.27321 -1.81821e-03 |182 -0.16359  2.35131e-04 |183 -0.51606  9.72415e-04
184 -0.38723  6.33996e-05 |185  0.14607  4.87963e-03 |186 -0.03559 -1.73443e-04
187 -0.18012 -1.07702e-04 |188 -0.36345 -1.01681e-04 |189  0.51724  5.48830e-02
190  0.11986 -1.82746e-03 |191  0.18800 -8.24380e-04 |192 -0.07479  1.80675e-04
193 -0.21083 -1.04939e-04 |194 -1.84744 -9.72990e-04 |195 -0.28224  1.76490e-04
196 -0.51066  1.32142e-04 |197 -0.34850  2.37007e-04 |198 -0.06229 -2.04474e-05
199 -0.17172  2.52778e-03 |200 -0.74187  9.68524e-04 |
200 variables; iteration 480; function evaluation 595; phase 4
Function value 6.7173665e+03; maximum gradient component mag -7.2336e-02
Var    Value     Gradient |Var    Value     Gradient |Var    Value     Gradient
  1 -0.31451 -4.56744e-02 |  2  0.32943 -1.04515e-02 |  3 -0.23250 -7.23358e-02
  4  0.13985 -2.34217e-02 |  5 -0.57281 -3.41332e-03 |  6 -0.66521 -5.15398e-02
  7  0.36176 -3.91355e-03 |  8 -0.21292 -2.59667e-02 |  9  0.08133 -1.33229e-02
 10 -0.52971 -3.14324e-03 | 11 -0.65833  6.01485e-03 | 12 -0.11852  3.23712e-02
 13  0.00010  3.91497e-04 | 14  0.00011 -6.72613e-04 | 15  0.00014  6.51108e-04
 16  0.00017  2.91760e-04 | 17  0.00021  6.21926e-04 | 18  0.00025  2.15760e-04
 19  0.00029  1.17908e-04 | 20  0.00035  2.62680e-04 | 21  0.00041  5.52980e-04
 22  0.00047 -3.43008e-04 | 23  0.00055  7.65479e-04 | 24  0.00063 -4.23596e-04
 25  0.00072  3.38646e-04 | 26  0.00083  9.81395e-04 | 27  0.00093 -7.23089e-05
 28  0.00105  9.12708e-04 | 29  0.00118  6.87644e-04 | 30  0.00132  4.65685e-04
 31  0.00147  8.38661e-04 | 32  0.00162  4.71835e-04 | 33  0.00178  8.42258e-04
 34  0.00194  7.84166e-04 | 35  0.00211  2.18453e-04 | 36  0.00228  5.45277e-04
 37  0.00246  5.55784e-04 | 38  0.00264  8.07255e-04 | 39  0.00281  5.71603e-04
 40  0.00299  1.10700e-03 | 41  0.00316  6.80720e-04 | 42  0.00332  1.08211e-03
 43  0.00346  1.11196e-03 | 44  0.00358  1.14612e-03 | 45  0.00368  1.20978e-03
 46  0.00373  7.99802e-04 | 47  0.00373  1.06820e-03 | 48  0.00368  8.46659e-04
 49  0.00355  1.17738e-03 | 50  0.00335  1.46885e-03 | 51  0.00306  1.35263e-03
 52  0.00269  1.05951e-03 | 53  0.00223  1.21364e-03 | 54  0.00169  1.69478e-03
 55  0.00110  1.33771e-03 | 56  0.00046  1.42575e-03 | 57 -0.00019  1.55640e-03
 58 -0.00082  1.37035e-03 | 59 -0.00140  1.71764e-03 | 60 -0.00190  1.62406e-03
 61 -0.00229  1.56628e-03 | 62 -0.00251  1.99589e-03 | 63 -0.00256  1.91821e-03
 64 -0.00239  1.68575e-03 | 65 -0.00196  1.34144e-03 | 66 -0.00127  1.38680e-03
 67 -0.00028  2.26427e-03 | 68  0.00100  1.79786e-03 | 69  0.00256  1.50180e-03
 70  0.00437  1.72165e-03 | 71  0.00640  1.78845e-03 | 72  0.00857  1.79007e-03
 73  0.01080  2.37931e-03 | 74  0.01298  2.01091e-03 | 75  0.01495  2.42264e-03
 76  0.01647  1.81116e-03 | 77  0.01733  1.02334e-03 | 78  0.01740  2.05469e-03
 79  0.01668  1.43026e-03 | 80  0.01531  2.14390e-03 | 81  0.01342  2.41706e-03
 82  0.01110  1.97011e-03 | 83  0.00840  1.72758e-03 | 84  0.00531  1.70459e-03
 85  0.00186  1.53446e-03 | 86 -0.00181  1.35586e-03 | 87 -0.00539  1.22688e-03
 88 -0.00846  1.66432e-03 | 89 -0.01063  7.87055e-04 | 90 -0.01167  1.38686e-03
 91 -0.01162 -2.81058e-06 | 92 -0.01063  6.38305e-04 | 93 -0.00878  8.00088e-04
 94 -0.00531  8.28137e-04 | 95  0.00332  3.87783e-04 | 96  0.01871  4.04575e-05
 97  0.00842 -1.32756e-03 | 98 -0.01289 -8.14937e-04 | 99 -0.03619 -2.68610e-04
100 -0.00974 -1.25302e-03 |101  0.00068 -2.28417e-03 |102 -0.02030 -9.10431e-04
103 -0.00336 -2.04158e-03 |104  0.00614 -3.46628e-03 |105 -0.00186 -3.31142e-03
106 -0.00924 -4.15371e-03 |107 -0.00140 -4.17653e-03 |108  0.04056 -4.26756e-03
109 -0.00624 -4.87729e-03 |110 -0.02099 -4.70839e-03 |111 -0.01280 -4.99682e-03
112 -0.00377 -4.71150e-03 |113 -0.00085 -3.89416e-03 |114  0.00587 -4.12648e-03
115 -0.01378 -4.29170e-03 |116 -0.05587 -2.35050e-03 |117 -0.07295 -1.67005e-03
118 -0.07699 -2.22098e-03 |119 -0.06625 -1.69253e-03 |120  0.06560 -3.74805e-03
121  0.04570 -5.97602e-04 |122  0.03123 -1.65609e-03 |123 -0.03246 -1.42735e-03
124 -0.06920 -5.24695e-04 |125 -0.02312 -1.68150e-03 |126 -0.00729  2.45067e-04
127 -0.02760  8.58877e-05 |128  0.01149  8.69270e-04 |129  0.07332 -3.62393e-04
130  0.00023  3.47490e-04 |131  0.08445 -1.05604e-04 |132  0.00464 -1.33418e-04
133  0.12716 -3.16351e-04 |134 -0.00136  6.22105e-04 |135 -0.03708 -9.15712e-04
136 -0.05588  1.26040e-03 |137 -0.02315  1.06102e-03 |138  0.06865 -3.93258e-04
139  0.00335 -5.34643e-04 |140 -0.00351 -3.07936e-04 |141 -0.04442  8.10344e-04
142 -0.01977  1.55812e-04 |143 -0.00265  2.23072e-04 |144  0.00000  1.73062e-05
145  0.45197  1.81690e-04 |146  0.64907  5.30118e-03 |147 -0.17730  7.44408e-05
148 -0.00635  1.16607e-04 |149 -0.12346 -2.76456e-04 |150 -0.52763 -1.95410e-04
151 -0.15522  4.28192e-04 |152  0.05741  2.17062e-04 |153 -0.06096 -2.19080e-04
154 -0.30787  2.62509e-05 |155  0.19012  8.46309e-04 |156  0.01091  2.18655e-04
157  0.17221  1.90367e-03 |158 -0.05882 -1.99611e-04 |159 -0.16307 -6.48121e-05
160 -0.44607  8.25791e-05 |161 -0.42888 -9.25022e-04 |162  0.02236  9.69567e-05
163  0.13740  4.69891e-04 |164 -0.01189  1.01057e-04 |165 -0.01751  1.72251e-03
166  0.62653  4.98808e-06 |167 -0.11194  5.26632e-04 |168 -0.35725  4.64664e-04
169  0.44188 -8.75777e-05 |170 -0.12076 -2.99590e-04 |171 -0.13500  8.55998e-04
172 -0.48765  1.30019e-04 |173 -0.56534 -3.33520e-05 |174  0.15298  1.68367e-05
175  0.07642 -3.24649e-04 |176 -0.14138 -1.72547e-04 |177  0.01147  2.23985e-02
178  0.26828  1.70062e-03 |179 -0.59738 -4.60611e-04 |180 -0.08782 -4.34299e-04
181 -0.26892 -1.76072e-03 |182 -0.15017  4.81901e-04 |183 -0.51789  7.84143e-04
184 -0.38836 -4.15532e-06 |185  0.14483  3.19866e-03 |186 -0.01971  2.72279e-04
187 -0.17379 -4.64406e-05 |188 -0.36548 -2.07031e-04 |189  0.51645  5.58424e-02
190  0.12159 -2.15978e-04 |191  0.18770 -9.87898e-04 |192 -0.07143 -1.97645e-04
193 -0.20586  2.06404e-04 |194 -1.83919  1.65599e-04 |195 -0.28420  8.40661e-05
196 -0.51864 -4.60915e-04 |197 -0.34702 -7.41143e-04 |198 -0.05794  3.40597e-05
199 -0.17633  1.04032e-03 |200 -0.74432  6.04152e-04 |
200 variables; iteration 500; function evaluation 616; phase 4
Function value 6.7173664e+03; maximum gradient component mag 5.3960e-02
Var    Value     Gradient |Var    Value     Gradient |Var    Value     Gradient
  1 -0.31450 -1.60313e-02 |  2  0.32943 -9.21530e-04 |  3 -0.23249 -1.47576e-02
  4  0.13984 -5.02619e-03 |  5 -0.57282 -1.44408e-03 |  6 -0.66521 -1.96333e-02
  7  0.36176 -1.28002e-03 |  8 -0.21291 -4.97879e-03 |  9  0.08133 -1.07097e-03
 10 -0.52971  1.00788e-03 | 11 -0.65833 -6.09817e-04 | 12 -0.11850  1.74153e-02
 13  0.00010  3.49054e-04 | 14  0.00012 -1.24560e-04 | 15  0.00014  1.24273e-04
 16  0.00017  5.02953e-04 | 17  0.00021  5.55641e-05 | 18  0.00025 -1.37969e-04
 19  0.00029 -6.52408e-05 | 20  0.00035  5.13340e-04 | 21  0.00040 -9.86509e-05
 22  0.00047 -1.11396e-04 | 23  0.00055  2.91015e-04 | 24  0.00063  1.58251e-04
 25  0.00072  3.09005e-04 | 26  0.00082  5.95643e-04 | 27  0.00093 -1.24521e-04
 28  0.00105  4.59731e-04 | 29  0.00118  2.23854e-04 | 30  0.00132  2.72800e-05
 31  0.00146  3.42396e-04 | 32  0.00162  2.44019e-04 | 33  0.00178  3.90229e-04
 34  0.00194  3.37371e-04 | 35  0.00211 -5.58394e-05 | 36  0.00228  4.82894e-05
 37  0.00246  1.26958e-04 | 38  0.00264  4.92622e-04 | 39  0.00281  1.90924e-04
 40  0.00299  2.31764e-04 | 41  0.00316  3.60711e-04 | 42  0.00331  4.16425e-04
 43  0.00346  5.46446e-04 | 44  0.00358  4.36434e-04 | 45  0.00367  2.41885e-04
 46  0.00373  3.14511e-04 | 47  0.00373  4.64863e-04 | 48  0.00368  3.05173e-04
 49  0.00355  6.61761e-04 | 50  0.00335  7.48006e-04 | 51  0.00306  7.90328e-04
 52  0.00269  3.19662e-04 | 53  0.00223  4.73685e-04 | 54  0.00169  6.69068e-04
 55  0.00109  8.43891e-04 | 56  0.00046  4.43891e-04 | 57 -0.00019  7.28801e-04
 58 -0.00082  6.37073e-04 | 59 -0.00140  9.02043e-04 | 60 -0.00190  7.63654e-04
 61 -0.00229  7.92868e-04 | 62 -0.00252  1.32402e-03 | 63 -0.00256  8.30255e-04
 64 -0.00239  1.19602e-03 | 65 -0.00196  4.33762e-04 | 66 -0.00127  1.01609e-03
 67 -0.00028  1.30479e-03 | 68  0.00099  1.07640e-03 | 69  0.00255  1.07097e-03
 70  0.00437  1.07695e-03 | 71  0.00639  1.11059e-03 | 72  0.00856  1.09416e-03
 73  0.01080  1.35392e-03 | 74  0.01298  1.55964e-03 | 75  0.01494  1.46126e-03
 76  0.01647  1.22837e-03 | 77  0.01733  1.45594e-03 | 78  0.01739  1.19814e-03
 79  0.01668  1.29692e-03 | 80  0.01530  9.03484e-04 | 81  0.01341  1.50016e-03
 82  0.01109  1.40889e-03 | 83  0.00839  9.86657e-04 | 84  0.00530  7.18177e-04
 85  0.00185  7.54089e-04 | 86 -0.00182  3.71058e-04 | 87 -0.00540 -9.45826e-06
 88 -0.00847  5.90626e-04 | 89 -0.01064 -2.18028e-04 | 90 -0.01168  4.68369e-04
 91 -0.01163 -1.05594e-03 | 92 -0.01064 -3.83618e-04 | 93 -0.00878 -1.78950e-04
 94 -0.00531 -3.22886e-04 | 95  0.00332 -1.04494e-03 | 96  0.01871 -1.05694e-03
 97  0.00842 -1.16813e-03 | 98 -0.01288 -1.39492e-03 | 99 -0.03618 -1.35314e-03
100 -0.00973 -1.75804e-03 |101  0.00069 -2.47344e-03 |102 -0.02029 -2.07047e-03
103 -0.00335 -2.99426e-03 |104  0.00616 -2.78180e-03 |105 -0.00185 -2.90939e-03
106 -0.00922 -3.23150e-03 |107 -0.00138 -2.68707e-03 |108  0.04057 -2.94727e-03
109 -0.00624 -3.50409e-03 |110 -0.02099 -2.90318e-03 |111 -0.01279 -2.79416e-03
112 -0.00377 -2.36233e-03 |113 -0.00084 -1.69044e-03 |114  0.00588 -1.19097e-03
115 -0.01377 -2.16721e-04 |116 -0.05586  3.00997e-04 |117 -0.07294  4.81376e-04
118 -0.07698 -1.61070e-04 |119 -0.06624  7.26349e-04 |120  0.06560  7.99287e-04
121  0.04569  1.70399e-03 |122  0.03123  1.62207e-03 |123 -0.03246  7.45778e-04
124 -0.06920  9.38986e-04 |125 -0.02312  6.63987e-04 |126 -0.00730  2.87552e-04
127 -0.02760  2.70017e-04 |128  0.01149  4.23090e-04 |129  0.07332 -2.74942e-04
130  0.00023  4.16306e-04 |131  0.08445 -3.55983e-04 |132  0.00464 -6.99108e-04
133  0.12717  7.27374e-04 |134 -0.00136 -7.53742e-05 |135 -0.03708 -5.48919e-04
136 -0.05588  5.53291e-04 |137 -0.02315  3.02297e-04 |138  0.06865  4.44700e-04
139  0.00335 -1.56728e-05 |140 -0.00351 -5.30812e-05 |141 -0.04442  3.04221e-04
142 -0.01977  1.31377e-04 |143 -0.00265  3.17426e-06 |144  0.00000  1.62534e-04
145  0.45208  1.24151e-03 |146  0.64902  1.99118e-03 |147 -0.17794  2.66316e-03
148 -0.01589 -2.85022e-05 |149 -0.12039  2.67936e-04 |150 -0.52361  1.21492e-04
151 -0.15971 -1.37482e-04 |152  0.02507  1.19232e-04 |153 -0.04194  6.32350e-05
154 -0.30260  1.12444e-04 |155  0.18730  1.16100e-03 |156 -0.01257 -6.10359e-05
157  0.16975  8.03013e-04 |158 -0.06974 -2.25448e-04 |159 -0.15631  3.23265e-05
160 -0.44869 -9.59622e-05 |161 -0.42870  5.32175e-04 |162  0.00211 -2.13099e-05
163  0.13630 -2.66582e-03 |164 -0.00485  1.14700e-03 |165 -0.01752  1.18315e-05
166  0.62645 -9.15339e-06 |167 -0.11690 -1.28694e-04 |168 -0.35891  3.56171e-04
169  0.44406  2.95081e-04 |170 -0.10571 -1.36746e-04 |171 -0.13876  3.87619e-04
172 -0.48931  9.59873e-06 |173 -0.56533  1.94984e-05 |174  0.15298  1.43033e-05
175  0.07642  3.25411e-06 |176 -0.14135 -2.42953e-04 |177  0.01146  1.15627e-02
178  0.26565 -7.60135e-03 |179 -0.58479  1.12265e-04 |180 -0.07796  2.79297e-04
181 -0.26832 -1.81209e-03 |182 -0.14935 -2.92517e-04 |183 -0.52411  2.21470e-04
184 -0.38799  1.63701e-05 |185  0.14365  2.93544e-03 |186 -0.02319  3.43836e-04
187 -0.16717  1.08340e-04 |188 -0.36182 -1.73625e-05 |189  0.51558  5.39602e-02
190  0.12076 -9.95518e-04 |191  0.18712 -2.02066e-04 |192 -0.08166 -3.57339e-04
193 -0.20360  2.18984e-06 |194 -1.83890  4.64140e-04 |195 -0.28535  2.31422e-05
196 -0.51015  1.74770e-04 |197 -0.34570 -2.03229e-03 |198 -0.05084  5.19234e-04
199 -0.18055  2.12866e-04 |200 -0.75692 -1.14431e-03 |
200 variables; iteration 520; function evaluation 637; phase 4
Function value 6.7173664e+03; maximum gradient component mag -7.6766e-02
Var    Value     Gradient |Var    Value     Gradient |Var    Value     Gradient
  1 -0.31451 -5.39189e-02 |  2  0.32943 -9.30519e-03 |  3 -0.23250 -7.67660e-02
  4  0.13985 -2.23931e-02 |  5 -0.57281 -2.96148e-03 |  6 -0.66521 -6.13713e-02
  7  0.36176 -2.71857e-03 |  8 -0.21291 -2.04387e-02 |  9  0.08133 -8.89344e-03
 10 -0.52972 -2.45114e-03 | 11 -0.65833  5.20076e-04 | 12 -0.11851  6.49837e-02
 13  0.00010  5.26754e-04 | 14  0.00012 -1.17403e-06 | 15  0.00014  5.54841e-04
 16  0.00017  3.96326e-04 | 17  0.00021  4.12507e-04 | 18  0.00025  2.43506e-04
 19  0.00029  1.60507e-04 | 20  0.00035  3.76160e-04 | 21  0.00040  3.97429e-04
 22  0.00047 -1.85440e-04 | 23  0.00055  2.77616e-04 | 24  0.00063 -8.01646e-05
 25  0.00072  6.53632e-04 | 26  0.00082  8.15140e-04 | 27  0.00093  3.02105e-04
 28  0.00105  8.94350e-04 | 29  0.00118  1.15954e-04 | 30  0.00132  3.37634e-04
 31  0.00146  1.10939e-04 | 32  0.00162  6.19924e-04 | 33  0.00177  7.20201e-04
 34  0.00194  5.08278e-04 | 35  0.00211  6.19823e-04 | 36  0.00228  4.29388e-04
 37  0.00246  7.18080e-04 | 38  0.00263  6.09931e-04 | 39  0.00281  2.58898e-04
 40  0.00299  7.44863e-04 | 41  0.00316  1.12775e-03 | 42  0.00331  1.12398e-03
 43  0.00346  1.33091e-03 | 44  0.00358  1.05411e-03 | 45  0.00367  9.25536e-04
 46  0.00373  9.50958e-04 | 47  0.00373  1.10894e-03 | 48  0.00368  9.85149e-04
 49  0.00355  1.27635e-03 | 50  0.00335  1.49608e-03 | 51  0.00306  1.78582e-03
 52  0.00269  1.09121e-03 | 53  0.00223  1.61435e-03 | 54  0.00169  1.82684e-03
 55  0.00109  1.38148e-03 | 56  0.00046  1.39395e-03 | 57 -0.00019  1.59977e-03
 58 -0.00082  2.04004e-03 | 59 -0.00140  1.37182e-03 | 60 -0.00190  1.82456e-03
 61 -0.00229  1.86952e-03 | 62 -0.00251  2.59510e-03 | 63 -0.00256  1.34782e-03
 64 -0.00238  2.78541e-03 | 65 -0.00197  1.17146e-03 | 66 -0.00127  1.68898e-03
 67 -0.00028  2.34348e-03 | 68  0.00099  1.94141e-03 | 69  0.00255  2.02094e-03
 70  0.00437  2.36666e-03 | 71  0.00639  2.07426e-03 | 72  0.00856  2.03638e-03
 73  0.01080  2.77257e-03 | 74  0.01298  2.91321e-03 | 75  0.01495  3.33151e-03
 76  0.01647  2.80393e-03 | 77  0.01733  2.79472e-03 | 78  0.01740  3.26630e-03
 79  0.01667  2.08211e-03 | 80  0.01531  3.45826e-03 | 81  0.01341  3.45997e-03
 82  0.01110  3.93173e-03 | 83  0.00839  3.27201e-03 | 84  0.00530  3.10951e-03
 85  0.00185  2.78106e-03 | 86 -0.00182  2.34932e-03 | 87 -0.00540  1.95522e-03
 88 -0.00846  3.06305e-03 | 89 -0.01063  1.94779e-03 | 90 -0.01167  2.95011e-03
 91 -0.01162  1.20266e-03 | 92 -0.01064  1.50657e-03 | 93 -0.00877  2.24303e-03
 94 -0.00530  2.81023e-03 | 95  0.00333  1.78552e-03 | 96  0.01872  1.91208e-03
 97  0.00843 -3.34707e-04 | 98 -0.01288 -1.77592e-03 | 99 -0.03618 -1.27348e-03
100 -0.00972 -1.89601e-03 |101  0.00070 -2.90638e-03 |102 -0.02029 -2.89179e-03
103 -0.00334 -2.90053e-03 |104  0.00616 -4.77953e-03 |105 -0.00185 -4.95562e-03
106 -0.00922 -5.85594e-03 |107 -0.00139 -6.53041e-03 |108  0.04057 -5.43838e-03
109 -0.00625 -5.85799e-03 |110 -0.02100 -4.49947e-03 |111 -0.01280 -4.88925e-03
112 -0.00377 -3.88131e-03 |113 -0.00085 -3.35480e-03 |114  0.00587 -4.03577e-03
115 -0.01378 -4.34767e-03 |116 -0.05587 -2.76893e-03 |117 -0.07295 -2.55719e-03
118 -0.07699 -2.28189e-03 |119 -0.06624 -1.80345e-03 |120  0.06560 -4.33196e-03
121  0.04569 -2.03844e-03 |122  0.03123 -3.11489e-03 |123 -0.03247 -1.30198e-03
124 -0.06920 -7.69520e-04 |125 -0.02312 -5.59344e-04 |126 -0.00730  1.29255e-03
127 -0.02760  1.94324e-03 |128  0.01149  2.11628e-03 |129  0.07332  5.87008e-04
130  0.00023  9.38828e-04 |131  0.08445  1.60413e-03 |132  0.00464  4.82814e-04
133  0.12717 -3.81611e-04 |134 -0.00136  1.21007e-03 |135 -0.03708 -1.37298e-05
136 -0.05588  2.42217e-04 |137 -0.02315  1.54546e-03 |138  0.06865 -9.53073e-05
139  0.00335  9.89537e-05 |140 -0.00351 -8.89885e-04 |141 -0.04442  9.51692e-04
142 -0.01977 -6.50190e-04 |143 -0.00265  5.21145e-06 |144  0.00000  4.14168e-05
145  0.45217  1.74269e-02 |146  0.64905  7.69333e-04 |147 -0.17852  2.86760e-03
148 -0.07307 -3.62180e-04 |149 -0.11802  3.14051e-04 |150 -0.52714 -1.59117e-04
151 -0.16006  1.36130e-04 |152 -0.02903 -1.48528e-04 |153 -0.04852 -2.68042e-05
154 -0.31188 -2.22860e-04 |155  0.18700  1.03216e-03 |156 -0.00489  1.28240e-05
157  0.16991 -4.40216e-04 |158 -0.06241  1.14066e-04 |159 -0.15618  1.32307e-04
160 -0.44807 -5.54266e-05 |161 -0.42878  7.75946e-04 |162 -0.00612 -6.20515e-05
163  0.13229 -3.75401e-03 |164 -0.01712  1.18385e-03 |165 -0.01748  4.32326e-03
166  0.62677  6.62235e-05 |167 -0.12025 -3.43694e-04 |168 -0.35970  1.37738e-03
169  0.44478  1.13281e-03 |170 -0.10859 -3.62834e-04 |171 -0.14270 -2.10935e-04
172 -0.48933  1.33771e-05 |173 -0.56530  1.29217e-04 |174  0.15299 -2.63121e-05
175  0.07642  4.46597e-04 |176 -0.14136 -3.60752e-04 |177  0.01145  5.58040e-02
178  0.26512 -6.96914e-03 |179 -0.57509  5.86836e-04 |180 -0.08415 -4.46368e-05
181 -0.25964 -1.72941e-03 |182 -0.14702 -1.56133e-04 |183 -0.52627  3.21845e-05
184 -0.38841 -8.71729e-06 |185  0.14258  3.34116e-03 |186 -0.03435 -5.41691e-05
187 -0.16398 -2.18744e-05 |188 -0.36148  3.25604e-06 |189  0.51480  5.52382e-02
190  0.12396 -1.51624e-03 |191  0.18679 -1.94964e-03 |192 -0.05131  3.99831e-04
193 -0.19990  1.45959e-04 |194 -1.83257  2.77068e-04 |195 -0.28298  1.35867e-04
196 -0.51451 -1.65836e-04 |197 -0.34455 -6.53325e-05 |198 -0.05664 -1.89988e-04
199 -0.18415 -2.18805e-04 |200 -0.75719 -1.18027e-03 |
200 variables; iteration 540; function evaluation 657; phase 4
Function value 6.7173662e+03; maximum gradient component mag 5.2808e-02
Var    Value     Gradient |Var    Value     Gradient |Var    Value     Gradient
  1 -0.31451 -8.89182e-03 |  2  0.32943  1.78667e-03 |  3 -0.23249 -6.35631e-03
  4  0.13984  1.62226e-03 |  5 -0.57281  1.26799e-03 |  6 -0.66521 -1.55547e-02
  7  0.36176  4.87196e-03 |  8 -0.21291  3.09561e-02 |  9  0.08132  8.39827e-03
 10 -0.52972 -1.14687e-03 | 11 -0.65833 -6.78952e-04 | 12 -0.11848  1.18665e-02
 13  0.00010  6.31402e-06 | 14  0.00012 -4.32941e-04 | 15  0.00015  4.74053e-04
 16  0.00017 -3.69926e-04 | 17  0.00021  7.48382e-04 | 18  0.00025  4.20160e-05
 19  0.00029 -2.58266e-04 | 20  0.00034 -4.41040e-04 | 21  0.00041  4.42866e-04
 22  0.00047  8.22858e-05 | 23  0.00055  7.14803e-04 | 24  0.00063 -6.18613e-04
 25  0.00072 -2.14434e-04 | 26  0.00082 -3.20688e-05 | 27  0.00093 -4.42481e-04
 28  0.00106  4.79416e-04 | 29  0.00118  2.24884e-04 | 30  0.00132  3.78555e-04
 31  0.00146 -3.90551e-04 | 32  0.00162 -4.75657e-05 | 33  0.00178  1.48947e-04
 34  0.00194  3.78224e-04 | 35  0.00211  2.71304e-04 | 36  0.00228  1.65604e-04
 37  0.00246 -2.17972e-04 | 38  0.00264  4.17515e-05 | 39  0.00281 -2.94164e-04
 40  0.00299  3.21057e-05 | 41  0.00316 -4.41008e-04 | 42  0.00332 -5.35446e-05
 43  0.00346  4.46694e-04 | 44  0.00358  3.95415e-05 | 45  0.00368  4.70539e-04
 46  0.00373 -1.33332e-04 | 47  0.00373  9.68928e-05 | 48  0.00368 -4.91280e-04
 49  0.00355 -4.60885e-04 | 50  0.00335 -7.47766e-05 | 51  0.00306 -1.27749e-04
 52  0.00269  6.81298e-05 | 53  0.00223  1.43515e-04 | 54  0.00169 -5.47408e-04
 55  0.00109 -7.27327e-04 | 56  0.00046  1.09165e-04 | 57 -0.00019 -1.95484e-04
 58 -0.00082 -2.97703e-04 | 59 -0.00140  1.68854e-04 | 60 -0.00190  1.87868e-05
 61 -0.00228  5.88403e-04 | 62 -0.00252 -1.46761e-04 | 63 -0.00256 -3.13337e-04
 64 -0.00239 -9.20692e-05 | 65 -0.00196  1.92956e-04 | 66 -0.00127 -1.97740e-04
 67 -0.00028  4.20177e-04 | 68  0.00100  5.64187e-05 | 69  0.00256  6.46470e-04
 70  0.00437  6.42017e-05 | 71  0.00640  6.14434e-04 | 72  0.00856  9.81486e-05
 73  0.01080  4.97408e-04 | 74  0.01298 -1.76859e-04 | 75  0.01494  3.39238e-04
 76  0.01647  4.58867e-04 | 77  0.01733  7.73764e-04 | 78  0.01739  6.42283e-04
 79  0.01667  3.20105e-04 | 80  0.01530  2.17941e-05 | 81  0.01341  1.31689e-03
 82  0.01109  1.06107e-03 | 83  0.00839  3.77232e-04 | 84  0.00530  7.54552e-04
 85  0.00184  8.32934e-04 | 86 -0.00183  2.52188e-04 | 87 -0.00540  9.17624e-04
 88 -0.00847  1.86706e-03 | 89 -0.01064  1.04295e-03 | 90 -0.01169  2.98276e-04
 91 -0.01163  5.43748e-04 | 92 -0.01065  6.54832e-04 | 93 -0.00879 -1.17621e-04
 94 -0.00532 -4.41169e-04 | 95  0.00331  4.60469e-05 | 96  0.01870  2.94703e-04
 97  0.00841 -2.33628e-04 | 98 -0.01289  2.26728e-04 | 99 -0.03618  9.81432e-04
100 -0.00974 -7.26234e-04 |101  0.00068  6.41461e-04 |102 -0.02029  1.38755e-03
103 -0.00335  5.32199e-06 |104  0.00615 -1.44734e-03 |105 -0.00185 -6.88064e-04
106 -0.00922 -1.55967e-03 |107 -0.00137 -1.50187e-03 |108  0.04058  8.68977e-04
109 -0.00623  1.01798e-03 |110 -0.02099 -4.55828e-05 |111 -0.01281  1.65338e-04
112 -0.00379 -4.20936e-04 |113 -0.00084 -3.34273e-04 |114  0.00589 -7.60690e-04
115 -0.01376 -1.36915e-03 |116 -0.05585 -1.14781e-03 |117 -0.07294 -1.69574e-03
118 -0.07698 -9.85810e-04 |119 -0.06624 -1.54725e-03 |120  0.06561  9.18964e-04
121  0.04569  1.37136e-03 |122  0.03124  1.57140e-03 |123 -0.03246  3.19234e-04
124 -0.06920  1.75327e-03 |125 -0.02311  1.28110e-03 |126 -0.00729  2.39732e-03
127 -0.02760  2.87391e-04 |128  0.01149  3.27460e-04 |129  0.07333  5.32645e-04
130  0.00023  4.81862e-04 |131  0.08445  8.10622e-04 |132  0.00464  1.43748e-05
133  0.12716 -2.03865e-03 |134 -0.00136 -3.15908e-04 |135 -0.03708 -4.72655e-04
136 -0.05588  8.13584e-06 |137 -0.02315  3.78913e-04 |138  0.06865 -4.10617e-04
139  0.00335 -2.17341e-04 |140 -0.00351  1.37202e-04 |141 -0.04442  2.31057e-04
142 -0.01977 -1.44803e-04 |143 -0.00265  1.73053e-04 |144 -0.00000 -6.30011e-05
145  0.45275 -4.80736e-03 |146  0.64899  5.25768e-03 |147 -0.18064  6.43255e-04
148 -0.02960 -1.12484e-04 |149 -0.10979 -8.63755e-05 |150 -0.52431  7.07312e-05
151 -0.15958  9.48189e-05 |152  0.00312  7.40084e-06 |153 -0.04864 -4.07887e-05
154 -0.30950 -1.28421e-04 |155  0.18705  1.16909e-03 |156 -0.01788 -9.07061e-05
157  0.17026  5.17630e-04 |158 -0.06342 -6.29755e-05 |159 -0.15737  6.44549e-05
160 -0.44772 -3.17424e-05 |161 -0.42911 -1.54177e-04 |162 -0.01358 -8.28426e-05
163  0.12019 -4.54240e-03 |164 -0.13033 -6.52318e-04 |165 -0.01752  2.07671e-04
166  0.62711 -3.63857e-05 |167 -0.12826 -6.08834e-04 |168 -0.37018 -9.80481e-04
169  0.44609  4.10849e-04 |170 -0.09327  9.74491e-06 |171 -0.14210  1.04149e-04
172 -0.49031 -6.20225e-05 |173 -0.56536 -1.43000e-04 |174  0.15301  1.08263e-04
175  0.07642 -4.56931e-04 |176 -0.14134  3.08879e-04 |177  0.01146  9.39885e-03
178  0.26482 -6.54890e-03 |179 -0.58771 -1.51907e-04 |180 -0.08983 -2.78572e-04
181 -0.24121 -1.45015e-03 |182 -0.14638 -1.48773e-04 |183 -0.52137  4.82708e-04
184 -0.38809  1.31516e-05 |185  0.13741  1.79983e-03 |186 -0.08601 -4.27006e-04
187 -0.14637 -1.71147e-05 |188 -0.36188 -1.60086e-05 |189  0.51095  5.28079e-02
190  0.12585  1.92589e-03 |191  0.18439 -1.80144e-03 |192 -0.05121 -1.25577e-04
193 -0.18829 -5.96467e-05 |194 -1.82760  2.51027e-04 |195 -0.28325  9.39545e-05
196 -0.51118  9.10136e-05 |197 -0.33816  6.06832e-03 |198 -0.05635 -2.77859e-04
199 -0.20367 -9.60196e-04 |200 -0.75835 -1.32732e-03 |
  ic > imax  in fminim is answer attained ?
Var    Value     Gradient |Var    Value     Gradient |Var    Value     Gradient
  1 -0.31452  1.02362e-02 |  2  0.32943  4.94703e-03 |  3 -0.23249  2.71223e-02
  4  0.13983  8.08657e-03 |  5 -0.57282  1.60609e-03 |  6 -0.66521  6.08381e-03
  7  0.36176  2.02664e-03 |  8 -0.21291  2.01438e-02 |  9  0.08133  8.00304e-03
 10 -0.52972 -9.21308e-05 | 11 -0.65833 -1.59749e-03 | 12 -0.11850 -1.55603e-02
 13  0.00009 -3.84487e-05 | 14  0.00012  3.94596e-04 | 15  0.00014 -1.61645e-04
 16  0.00017 -2.38157e-04 | 17  0.00021 -2.17249e-04 | 18  0.00025  2.08797e-04
 19  0.00029 -1.56862e-05 | 20  0.00035  1.55399e-04 | 21  0.00041  6.18835e-05
 22  0.00047  1.08567e-04 | 23  0.00055 -2.81618e-04 | 24  0.00063 -1.13831e-04
 25  0.00072 -2.93668e-05 | 26  0.00082 -2.21817e-04 | 27  0.00094  2.81782e-04
 28  0.00105 -1.74880e-04 | 29  0.00118  1.29136e-04 | 30  0.00132  1.52759e-04
 31  0.00147  1.23800e-04 | 32  0.00162 -3.63847e-04 | 33  0.00177 -4.83348e-04
 34  0.00194 -6.10089e-05 | 35  0.00211  1.98139e-04 | 36  0.00228  1.21189e-04
 37  0.00246  1.00079e-04 | 38  0.00264 -1.10907e-04 | 39  0.00281  2.17733e-05
 40  0.00299 -1.48240e-04 | 41  0.00316 -3.02103e-04 | 42  0.00332 -1.92539e-05
 43  0.00346 -3.78922e-04 | 44  0.00358 -1.85619e-04 | 45  0.00367 -3.34109e-04
 46  0.00373  2.42470e-05 | 47  0.00373 -4.69136e-04 | 48  0.00368  7.25513e-06
 49  0.00356 -2.00678e-06 | 50  0.00335 -3.90288e-04 | 51  0.00306 -2.99994e-04
 52  0.00269 -3.95832e-04 | 53  0.00223 -4.01160e-04 | 54  0.00169 -6.70439e-04
 55  0.00110 -3.89436e-04 | 56  0.00046 -3.75235e-04 | 57 -0.00019 -5.54123e-04
 58 -0.00082 -3.98254e-05 | 59 -0.00140 -3.06189e-05 | 60 -0.00190 -2.44692e-04
 61 -0.00228  9.65023e-05 | 62 -0.00252 -5.79334e-04 | 63 -0.00256 -5.37466e-04
 64 -0.00239 -4.33342e-04 | 65 -0.00196 -1.31863e-04 | 66 -0.00126 -1.28614e-04
 67 -0.00028 -4.20017e-04 | 68  0.00100 -3.12923e-04 | 69  0.00256 -2.84446e-04
 70  0.00437 -2.16421e-04 | 71  0.00640  7.09137e-05 | 72  0.00856 -4.11572e-04
 73  0.01080  5.28027e-05 | 74  0.01298 -1.68194e-04 | 75  0.01494 -3.41223e-04
 76  0.01647  1.40892e-04 | 77  0.01733  1.86435e-04 | 78  0.01739 -5.17483e-04
 79  0.01668 -1.80508e-04 | 80  0.01530 -1.09964e-03 | 81  0.01341  2.53845e-04
 82  0.01109  3.37287e-05 | 83  0.00839 -8.40765e-04 | 84  0.00530 -5.16973e-04
 85  0.00184 -5.47848e-04 | 86 -0.00182 -9.94378e-04 | 87 -0.00540 -7.08301e-04
 88 -0.00847 -4.18330e-04 | 89 -0.01064 -8.98096e-04 | 90 -0.01169 -1.14180e-03
 91 -0.01163 -1.51257e-03 | 92 -0.01065 -1.24795e-03 | 93 -0.00879 -1.56211e-03
 94 -0.00532 -2.43600e-03 | 95  0.00331 -2.94155e-03 | 96  0.01870 -3.37787e-03
 97  0.00841 -2.32565e-03 | 98 -0.01289 -1.99296e-03 | 99 -0.03619 -1.70395e-03
100 -0.00974 -2.34171e-03 |101  0.00068 -2.23499e-03 |102 -0.02030 -1.60779e-03
103 -0.00335 -1.94643e-03 |104  0.00615 -9.93673e-04 |105 -0.00185 -2.26926e-04
106 -0.00922  3.90964e-04 |107 -0.00137  1.72397e-03 |108  0.04057  1.88146e-03
109 -0.00623  1.73558e-03 |110 -0.02100  1.39021e-03 |111 -0.01281  1.98321e-03
112 -0.00379  1.65222e-03 |113 -0.00084  2.08808e-03 |114  0.00589  1.73280e-03
115 -0.01375  2.43560e-03 |116 -0.05585  1.24742e-03 |117 -0.07293  1.25493e-03
118 -0.07698  4.02711e-04 |119 -0.06623  7.67444e-04 |120  0.06561  2.91724e-03
121  0.04569  2.71941e-03 |122  0.03123  2.93346e-03 |123 -0.03246  1.59776e-03
124 -0.06920  1.09905e-03 |125 -0.02311  2.12740e-03 |126 -0.00730  9.25018e-04
127 -0.02760  8.32562e-06 |128  0.01149 -1.13938e-04 |129  0.07333  3.37585e-04
130  0.00023 -2.66364e-04 |131  0.08445 -3.31675e-04 |132  0.00465  8.65302e-05
133  0.12717 -8.64366e-04 |134 -0.00136 -7.50554e-04 |135 -0.03708 -1.93805e-04
136 -0.05588 -1.00269e-04 |137 -0.02315 -9.21643e-04 |138  0.06865  4.36145e-04
139  0.00335  4.41262e-05 |140 -0.00350  3.43879e-04 |141 -0.04442 -1.89655e-04
142 -0.01977  6.34857e-04 |143 -0.00265  7.85589e-05 |144 -0.00000 -1.45761e-04
145  0.45279 -1.49309e-03 |146  0.64901 -1.51679e-03 |147 -0.18070  2.07232e-03
148 -0.03220 -1.37307e-04 |149 -0.10927  2.88870e-04 |150 -0.52412  8.08740e-05
151 -0.15957  3.04169e-05 |152  0.01020  4.28152e-05 |153 -0.04639 -2.30839e-05
154 -0.30557  2.14273e-05 |155  0.18715  1.18209e-03 |156 -0.01982 -1.01168e-04
157  0.16998  8.61020e-05 |158 -0.06451 -5.20831e-05 |159 -0.15710 -7.27448e-06
160 -0.44692  2.36227e-05 |161 -0.42894  1.23608e-04 |162 -0.00579 -5.03238e-05
163  0.12008 -4.75398e-03 |164 -0.12844 -6.42582e-04 |165 -0.01752 -1.15599e-04
166  0.62777  2.91053e-05 |167 -0.12830 -6.08515e-04 |168 -0.37055 -8.12276e-04
169  0.44577  4.06747e-04 |170 -0.09486  2.67419e-06 |171 -0.14123  2.17621e-04
172 -0.48920  1.98816e-05 |173 -0.56536 -3.81806e-05 |174  0.15297  2.49527e-05
175  0.07642  2.50422e-04 |176 -0.14132  2.05075e-04 |177  0.01146  5.50354e-02
178  0.26461 -8.14478e-03 |179 -0.58820 -1.47160e-04 |180 -0.08769 -9.25090e-05
181 -0.24095 -1.44571e-03 |182 -0.14531 -6.65306e-05 |183 -0.51938  6.57190e-04
184 -0.38784  2.68769e-05 |185  0.13731  1.58191e-03 |186 -0.08675 -4.30739e-04
187 -0.14663 -7.05036e-05 |188 -0.36114  2.51660e-05 |189  0.51087  5.20419e-02
190  0.12536  1.97225e-03 |191  0.18438  4.50728e-04 |192 -0.05353 -1.39864e-04
193 -0.18678  1.36933e-04 |194 -1.82945  1.66649e-04 |195 -0.28490  1.18029e-05
196 -0.51013  1.76940e-04 |197 -0.33802  6.27919e-03 |198 -0.05691 -2.80936e-04
199 -0.20416 -9.68079e-04 |200 -0.75839 -1.33626e-03 |
Function minimizer not making progress ... is minimum attained?
Minimprove criterion = 0.0000e+00

 - final statistics:
200 variables; iteration 544; function evaluation 690
Function value 6.7174e+03; maximum gradient component mag 5.5035e-02
Exit code = 1;  converg criter 1.0000e-03
Var    Value     Gradient |Var    Value     Gradient |Var    Value     Gradient
  1 -0.31452  1.02362e-02 |  2  0.32943  4.94703e-03 |  3 -0.23249  2.71223e-02
  4  0.13983  8.08657e-03 |  5 -0.57282  1.60609e-03 |  6 -0.66521  6.08381e-03
  7  0.36176  2.02664e-03 |  8 -0.21291  2.01438e-02 |  9  0.08133  8.00304e-03
 10 -0.52972 -9.21308e-05 | 11 -0.65833 -1.59749e-03 | 12 -0.11850 -1.55603e-02
 13  0.00009 -3.84487e-05 | 14  0.00012  3.94596e-04 | 15  0.00014 -1.61645e-04
 16  0.00017 -2.38157e-04 | 17  0.00021 -2.17249e-04 | 18  0.00025  2.08797e-04
 19  0.00029 -1.56862e-05 | 20  0.00035  1.55399e-04 | 21  0.00041  6.18835e-05
 22  0.00047  1.08567e-04 | 23  0.00055 -2.81618e-04 | 24  0.00063 -1.13831e-04
 25  0.00072 -2.93668e-05 | 26  0.00082 -2.21817e-04 | 27  0.00094  2.81782e-04
 28  0.00105 -1.74880e-04 | 29  0.00118  1.29136e-04 | 30  0.00132  1.52759e-04
 31  0.00147  1.23800e-04 | 32  0.00162 -3.63847e-04 | 33  0.00177 -4.83348e-04
 34  0.00194 -6.10089e-05 | 35  0.00211  1.98139e-04 | 36  0.00228  1.21189e-04
 37  0.00246  1.00079e-04 | 38  0.00264 -1.10907e-04 | 39  0.00281  2.17733e-05
 40  0.00299 -1.48240e-04 | 41  0.00316 -3.02103e-04 | 42  0.00332 -1.92539e-05
 43  0.00346 -3.78922e-04 | 44  0.00358 -1.85619e-04 | 45  0.00367 -3.34109e-04
 46  0.00373  2.42470e-05 | 47  0.00373 -4.69136e-04 | 48  0.00368  7.25513e-06
 49  0.00356 -2.00678e-06 | 50  0.00335 -3.90288e-04 | 51  0.00306 -2.99994e-04
 52  0.00269 -3.95832e-04 | 53  0.00223 -4.01160e-04 | 54  0.00169 -6.70439e-04
 55  0.00110 -3.89436e-04 | 56  0.00046 -3.75235e-04 | 57 -0.00019 -5.54123e-04
 58 -0.00082 -3.98254e-05 | 59 -0.00140 -3.06189e-05 | 60 -0.00190 -2.44692e-04
 61 -0.00228  9.65023e-05 | 62 -0.00252 -5.79334e-04 | 63 -0.00256 -5.37466e-04
 64 -0.00239 -4.33342e-04 | 65 -0.00196 -1.31863e-04 | 66 -0.00126 -1.28614e-04
 67 -0.00028 -4.20017e-04 | 68  0.00100 -3.12923e-04 | 69  0.00256 -2.84446e-04
 70  0.00437 -2.16421e-04 | 71  0.00640  7.09137e-05 | 72  0.00856 -4.11572e-04
 73  0.01080  5.28027e-05 | 74  0.01298 -1.68194e-04 | 75  0.01494 -3.41223e-04
 76  0.01647  1.40892e-04 | 77  0.01733  1.86435e-04 | 78  0.01739 -5.17483e-04
 79  0.01668 -1.80508e-04 | 80  0.01530 -1.09964e-03 | 81  0.01341  2.53845e-04
 82  0.01109  3.37287e-05 | 83  0.00839 -8.40765e-04 | 84  0.00530 -5.16973e-04
 85  0.00184 -5.47848e-04 | 86 -0.00182 -9.94378e-04 | 87 -0.00540 -7.08301e-04
 88 -0.00847 -4.18330e-04 | 89 -0.01064 -8.98096e-04 | 90 -0.01169 -1.14180e-03
 91 -0.01163 -1.51257e-03 | 92 -0.01065 -1.24795e-03 | 93 -0.00879 -1.56211e-03
 94 -0.00532 -2.43600e-03 | 95  0.00331 -2.94155e-03 | 96  0.01870 -3.37787e-03
 97  0.00841 -2.32565e-03 | 98 -0.01289 -1.99296e-03 | 99 -0.03619 -1.70395e-03
100 -0.00974 -2.34171e-03 |101  0.00068 -2.23499e-03 |102 -0.02030 -1.60779e-03
103 -0.00335 -1.94643e-03 |104  0.00615 -9.93673e-04 |105 -0.00185 -2.26926e-04
106 -0.00922  3.90964e-04 |107 -0.00137  1.72397e-03 |108  0.04057  1.88146e-03
109 -0.00623  1.73558e-03 |110 -0.02100  1.39021e-03 |111 -0.01281  1.98321e-03
112 -0.00379  1.65222e-03 |113 -0.00084  2.08808e-03 |114  0.00589  1.73280e-03
115 -0.01375  2.43560e-03 |116 -0.05585  1.24742e-03 |117 -0.07293  1.25493e-03
118 -0.07698  4.02711e-04 |119 -0.06623  7.67444e-04 |120  0.06561  2.91724e-03
121  0.04569  2.71941e-03 |122  0.03123  2.93346e-03 |123 -0.03246  1.59776e-03
124 -0.06920  1.09905e-03 |125 -0.02311  2.12740e-03 |126 -0.00730  9.25018e-04
127 -0.02760  8.32562e-06 |128  0.01149 -1.13938e-04 |129  0.07333  3.37585e-04
130  0.00023 -2.66364e-04 |131  0.08445 -3.31675e-04 |132  0.00465  8.65302e-05
133  0.12717 -8.64366e-04 |134 -0.00136 -7.50554e-04 |135 -0.03708 -1.93805e-04
136 -0.05588 -1.00269e-04 |137 -0.02315 -9.21643e-04 |138  0.06865  4.36145e-04
139  0.00335  4.41262e-05 |140 -0.00350  3.43879e-04 |141 -0.04442 -1.89655e-04
142 -0.01977  6.34857e-04 |143 -0.00265  7.85589e-05 |144 -0.00000 -1.45761e-04
145  0.45279 -1.49309e-03 |146  0.64901 -1.51679e-03 |147 -0.18070  2.07232e-03
148 -0.03220 -1.37307e-04 |149 -0.10927  2.88870e-04 |150 -0.52412  8.08740e-05
151 -0.15957  3.04169e-05 |152  0.01020  4.28152e-05 |153 -0.04639 -2.30839e-05
154 -0.30557  2.14273e-05 |155  0.18715  1.18209e-03 |156 -0.01982 -1.01168e-04
157  0.16998  8.61020e-05 |158 -0.06451 -5.20831e-05 |159 -0.15710 -7.27448e-06
160 -0.44692  2.36227e-05 |161 -0.42894  1.23608e-04 |162 -0.00579 -5.03238e-05
163  0.12008 -4.75398e-03 |164 -0.12844 -6.42582e-04 |165 -0.01752 -1.15599e-04
166  0.62777  2.91053e-05 |167 -0.12830 -6.08515e-04 |168 -0.37055 -8.12276e-04
169  0.44577  4.06747e-04 |170 -0.09486  2.67419e-06 |171 -0.14123  2.17621e-04
172 -0.48920  1.98816e-05 |173 -0.56536 -3.81806e-05 |174  0.15297  2.49527e-05
175  0.07642  2.50422e-04 |176 -0.14132  2.05075e-04 |177  0.01146  5.50354e-02
178  0.26461 -8.14478e-03 |179 -0.58820 -1.47160e-04 |180 -0.08769 -9.25090e-05
181 -0.24095 -1.44571e-03 |182 -0.14531 -6.65306e-05 |183 -0.51938  6.57190e-04
184 -0.38784  2.68769e-05 |185  0.13731  1.58191e-03 |186 -0.08675 -4.30739e-04
187 -0.14663 -7.05036e-05 |188 -0.36114  2.51660e-05 |189  0.51087  5.20419e-02
190  0.12536  1.97225e-03 |191  0.18438  4.50728e-04 |192 -0.05353 -1.39864e-04
193 -0.18678  1.36933e-04 |194 -1.82945  1.66649e-04 |195 -0.28490  1.18029e-05
196 -0.51013  1.76940e-04 |197 -0.33802  6.27919e-03 |198 -0.05691 -2.80936e-04
199 -0.20416 -9.68079e-04 |200 -0.75839 -1.33626e-03 |

Initial statistics: 213 variables; iteration 0; function evaluation 0; phase 5
Function value 6.7173662e+03; maximum gradient component mag 5.5027e-02
Var    Value     Gradient |Var    Value     Gradient |Var    Value     Gradient
  1 -0.31452  1.02364e-02 |  2  0.32943  4.94677e-03 |  3 -0.23249  2.71254e-02
  4  0.13983  8.08617e-03 |  5 -0.57282  1.60626e-03 |  6 -0.66521  6.09325e-03
  7  0.36176  2.02676e-03 |  8 -0.21291  2.01480e-02 |  9  0.08133  8.00401e-03
 10 -0.52972 -9.22116e-05 | 11 -0.65833 -1.59622e-03 | 12 -0.11850 -1.55624e-02
 13  0.00009 -3.84385e-05 | 14  0.00012  3.94581e-04 | 15  0.00014 -1.61785e-04
 16  0.00017 -2.38035e-04 | 17  0.00021 -2.17289e-04 | 18  0.00025  2.08787e-04
 19  0.00029 -1.57392e-05 | 20  0.00035  1.55532e-04 | 21  0.00041  6.17821e-05
 22  0.00047  1.08600e-04 | 23  0.00055 -2.81598e-04 | 24  0.00063 -1.13667e-04
 25  0.00072 -2.93755e-05 | 26  0.00082 -2.21908e-04 | 27  0.00094  2.81657e-04
 28  0.00105 -1.74859e-04 | 29  0.00118  1.29106e-04 | 30  0.00132  1.52733e-04
 31  0.00147  1.23681e-04 | 32  0.00162 -3.63774e-04 | 33  0.00177 -4.83319e-04
 34  0.00194 -6.09741e-05 | 35  0.00211  1.98143e-04 | 36  0.00228  1.21144e-04
 37  0.00246  1.00025e-04 | 38  0.00264 -1.10911e-04 | 39  0.00281  2.17460e-05
 40  0.00299 -1.48281e-04 | 41  0.00316 -3.02129e-04 | 42  0.00332 -1.92978e-05
 43  0.00346 -3.78837e-04 | 44  0.00358 -1.85653e-04 | 45  0.00367 -3.34100e-04
 46  0.00373  2.41772e-05 | 47  0.00373 -4.69091e-04 | 48  0.00368  7.23084e-06
 49  0.00356 -2.13701e-06 | 50  0.00335 -3.90168e-04 | 51  0.00306 -3.00001e-04
 52  0.00269 -3.95751e-04 | 53  0.00223 -4.01095e-04 | 54  0.00169 -6.70429e-04
 55  0.00110 -3.89423e-04 | 56  0.00046 -3.75216e-04 | 57 -0.00019 -5.54045e-04
 58 -0.00082 -3.98995e-05 | 59 -0.00140 -3.06233e-05 | 60 -0.00190 -2.44657e-04
 61 -0.00228  9.64525e-05 | 62 -0.00252 -5.79398e-04 | 63 -0.00256 -5.37332e-04
 64 -0.00239 -4.33528e-04 | 65 -0.00196 -1.31967e-04 | 66 -0.00126 -1.28821e-04
 67 -0.00028 -4.20010e-04 | 68  0.00100 -3.13001e-04 | 69  0.00256 -2.84501e-04
 70  0.00437 -2.16512e-04 | 71  0.00640  7.08119e-05 | 72  0.00856 -4.11607e-04
 73  0.01080  5.28273e-05 | 74  0.01298 -1.68143e-04 | 75  0.01494 -3.41312e-04
 76  0.01647  1.40866e-04 | 77  0.01733  1.86380e-04 | 78  0.01739 -5.17432e-04
 79  0.01668 -1.80434e-04 | 80  0.01530 -1.09974e-03 | 81  0.01341  2.53911e-04
 82  0.01109  3.37222e-05 | 83  0.00839 -8.40807e-04 | 84  0.00530 -5.16991e-04
 85  0.00184 -5.47969e-04 | 86 -0.00182 -9.94435e-04 | 87 -0.00540 -7.08440e-04
 88 -0.00847 -4.18351e-04 | 89 -0.01064 -8.98203e-04 | 90 -0.01169 -1.14191e-03
 91 -0.01163 -1.51276e-03 | 92 -0.01065 -1.24799e-03 | 93 -0.00879 -1.56221e-03
 94 -0.00532 -2.43605e-03 | 95  0.00331 -2.94152e-03 | 96  0.01870 -3.37807e-03
 97  0.00841 -2.32594e-03 | 98 -0.01289 -1.99304e-03 | 99 -0.03619 -1.70392e-03
100 -0.00974 -2.34166e-03 |101  0.00068 -2.23502e-03 |102 -0.02030 -1.60769e-03
103 -0.00335 -1.94628e-03 |104  0.00615 -9.93829e-04 |105 -0.00185 -2.26828e-04
106 -0.00922  3.91318e-04 |107 -0.00137  1.72460e-03 |108  0.04057  1.88179e-03
109 -0.00623  1.73555e-03 |110 -0.02100  1.39032e-03 |111 -0.01281  1.98338e-03
112 -0.00379  1.65226e-03 |113 -0.00084  2.08788e-03 |114  0.00589  1.73262e-03
115 -0.01375  2.43537e-03 |116 -0.05585  1.24738e-03 |117 -0.07293  1.25474e-03
118 -0.07698  4.02365e-04 |119 -0.06623  7.67156e-04 |120  0.06561  2.91673e-03
121  0.04569  2.71956e-03 |122  0.03123  2.93365e-03 |123 -0.03246  1.59793e-03
124 -0.06920  1.09942e-03 |125 -0.02311  2.12760e-03 |126 -0.00730  9.25345e-04
127 -0.02760  8.40880e-06 |128  0.01149 -1.13819e-04 |129  0.07333  3.37590e-04
130  0.00023 -2.66381e-04 |131  0.08445 -3.31695e-04 |132  0.00465  8.64522e-05
133  0.12717 -8.64350e-04 |134 -0.00136 -7.50571e-04 |135 -0.03708 -1.93643e-04
136 -0.05588 -1.00138e-04 |137 -0.02315 -9.21649e-04 |138  0.06865  4.35985e-04
139  0.00335  4.41273e-05 |140 -0.00350  3.43900e-04 |141 -0.04442 -1.89619e-04
142 -0.01977  6.34843e-04 |143 -0.00265  7.84840e-05 |144 -0.00000 -1.45716e-04
145  0.00000  0.00000e+00 |146  0.00000  0.00000e+00 |147  0.00000  0.00000e+00
148  0.00000  0.00000e+00 |149  0.00000  0.00000e+00 |150  0.00000  0.00000e+00
151  0.00000  0.00000e+00 |152  0.00000  0.00000e+00 |153  0.00000  0.00000e+00
154  0.00000  0.00000e+00 |155  0.00000  0.00000e+00 |156  0.00000  0.00000e+00
157  0.00000  0.00000e+00 |158  0.45279 -1.49436e-03 |159  0.64901 -1.51685e-03
160 -0.18070  2.07250e-03 |161 -0.03220 -1.37317e-04 |162 -0.10927  2.88916e-04
163 -0.52412  8.09036e-05 |164 -0.15957  3.06219e-05 |165  0.01020  4.28348e-05
166 -0.04639 -2.30790e-05 |167 -0.30557  2.14313e-05 |168  0.18715  1.18210e-03
169 -0.01982 -1.01177e-04 |170  0.16998  8.60740e-05 |171 -0.06451 -5.20584e-05
172 -0.15710 -7.25136e-06 |173 -0.44692  2.36349e-05 |174 -0.42894  1.23549e-04
175 -0.00579 -5.03380e-05 |176  0.12008 -4.75424e-03 |177 -0.12844 -6.42583e-04
178 -0.01752 -1.16130e-04 |179  0.62777  2.91058e-05 |180 -0.12830 -6.08517e-04
181 -0.37055 -8.12352e-04 |182  0.44577  4.06611e-04 |183 -0.09486  2.69641e-06
184 -0.14123  2.17595e-04 |185 -0.48920  1.98763e-05 |186 -0.56536 -3.81969e-05
187  0.15297  2.49618e-05 |188  0.07642  2.50412e-04 |189 -0.14132  2.05097e-04
190  0.01146  5.50269e-02 |191  0.26461 -8.14491e-03 |192 -0.58820 -1.47155e-04
193 -0.08769 -9.24540e-05 |194 -0.24095 -1.44571e-03 |195 -0.14531 -6.64469e-05
196 -0.51938  6.57206e-04 |197 -0.38784  2.68744e-05 |198  0.13731  1.58186e-03
199 -0.08675 -4.30737e-04 |200 -0.14663 -7.05059e-05 |201 -0.36114  2.51532e-05
202  0.51087  5.20419e-02 |203  0.12536  1.97229e-03 |204  0.18438  4.50660e-04
205 -0.05353 -1.39870e-04 |206 -0.18678  1.36947e-04 |207 -0.17055 -1.66625e-04
208 -0.28490  1.18064e-05 |209 -0.51013  1.76944e-04 |210 -0.33802  6.27929e-03
211 -0.05691 -2.80937e-04 |212 -0.20416 -9.68083e-04 |213 -0.75839 -1.33627e-03
  ic > imax  in fminim is answer attained ?
Var    Value     Gradient |Var    Value     Gradient |Var    Value     Gradient
  1 -0.31452  1.02364e-02 |  2  0.32943  4.94677e-03 |  3 -0.23249  2.71254e-02
  4  0.13983  8.08617e-03 |  5 -0.57282  1.60626e-03 |  6 -0.66521  6.09325e-03
  7  0.36176  2.02676e-03 |  8 -0.21291  2.01480e-02 |  9  0.08133  8.00401e-03
 10 -0.52972 -9.22116e-05 | 11 -0.65833 -1.59622e-03 | 12 -0.11850 -1.55624e-02
 13  0.00009 -3.84385e-05 | 14  0.00012  3.94581e-04 | 15  0.00014 -1.61785e-04
 16  0.00017 -2.38035e-04 | 17  0.00021 -2.17289e-04 | 18  0.00025  2.08787e-04
 19  0.00029 -1.57392e-05 | 20  0.00035  1.55532e-04 | 21  0.00041  6.17821e-05
 22  0.00047  1.08600e-04 | 23  0.00055 -2.81598e-04 | 24  0.00063 -1.13667e-04
 25  0.00072 -2.93755e-05 | 26  0.00082 -2.21908e-04 | 27  0.00094  2.81657e-04
 28  0.00105 -1.74859e-04 | 29  0.00118  1.29106e-04 | 30  0.00132  1.52733e-04
 31  0.00147  1.23681e-04 | 32  0.00162 -3.63774e-04 | 33  0.00177 -4.83319e-04
 34  0.00194 -6.09741e-05 | 35  0.00211  1.98143e-04 | 36  0.00228  1.21144e-04
 37  0.00246  1.00025e-04 | 38  0.00264 -1.10911e-04 | 39  0.00281  2.17460e-05
 40  0.00299 -1.48281e-04 | 41  0.00316 -3.02129e-04 | 42  0.00332 -1.92978e-05
 43  0.00346 -3.78837e-04 | 44  0.00358 -1.85653e-04 | 45  0.00367 -3.34100e-04
 46  0.00373  2.41772e-05 | 47  0.00373 -4.69091e-04 | 48  0.00368  7.23084e-06
 49  0.00356 -2.13701e-06 | 50  0.00335 -3.90168e-04 | 51  0.00306 -3.00001e-04
 52  0.00269 -3.95751e-04 | 53  0.00223 -4.01095e-04 | 54  0.00169 -6.70429e-04
 55  0.00110 -3.89423e-04 | 56  0.00046 -3.75216e-04 | 57 -0.00019 -5.54045e-04
 58 -0.00082 -3.98995e-05 | 59 -0.00140 -3.06233e-05 | 60 -0.00190 -2.44657e-04
 61 -0.00228  9.64525e-05 | 62 -0.00252 -5.79398e-04 | 63 -0.00256 -5.37332e-04
 64 -0.00239 -4.33528e-04 | 65 -0.00196 -1.31967e-04 | 66 -0.00126 -1.28821e-04
 67 -0.00028 -4.20010e-04 | 68  0.00100 -3.13001e-04 | 69  0.00256 -2.84501e-04
 70  0.00437 -2.16512e-04 | 71  0.00640  7.08119e-05 | 72  0.00856 -4.11607e-04
 73  0.01080  5.28273e-05 | 74  0.01298 -1.68143e-04 | 75  0.01494 -3.41312e-04
 76  0.01647  1.40866e-04 | 77  0.01733  1.86380e-04 | 78  0.01739 -5.17432e-04
 79  0.01668 -1.80434e-04 | 80  0.01530 -1.09974e-03 | 81  0.01341  2.53911e-04
 82  0.01109  3.37222e-05 | 83  0.00839 -8.40807e-04 | 84  0.00530 -5.16991e-04
 85  0.00184 -5.47969e-04 | 86 -0.00182 -9.94435e-04 | 87 -0.00540 -7.08440e-04
 88 -0.00847 -4.18351e-04 | 89 -0.01064 -8.98203e-04 | 90 -0.01169 -1.14191e-03
 91 -0.01163 -1.51276e-03 | 92 -0.01065 -1.24799e-03 | 93 -0.00879 -1.56221e-03
 94 -0.00532 -2.43605e-03 | 95  0.00331 -2.94152e-03 | 96  0.01870 -3.37807e-03
 97  0.00841 -2.32594e-03 | 98 -0.01289 -1.99304e-03 | 99 -0.03619 -1.70392e-03
100 -0.00974 -2.34166e-03 |101  0.00068 -2.23502e-03 |102 -0.02030 -1.60769e-03
103 -0.00335 -1.94628e-03 |104  0.00615 -9.93829e-04 |105 -0.00185 -2.26828e-04
106 -0.00922  3.91318e-04 |107 -0.00137  1.72460e-03 |108  0.04057  1.88179e-03
109 -0.00623  1.73555e-03 |110 -0.02100  1.39032e-03 |111 -0.01281  1.98338e-03
112 -0.00379  1.65226e-03 |113 -0.00084  2.08788e-03 |114  0.00589  1.73262e-03
115 -0.01375  2.43537e-03 |116 -0.05585  1.24738e-03 |117 -0.07293  1.25474e-03
118 -0.07698  4.02365e-04 |119 -0.06623  7.67156e-04 |120  0.06561  2.91673e-03
121  0.04569  2.71956e-03 |122  0.03123  2.93365e-03 |123 -0.03246  1.59793e-03
124 -0.06920  1.09942e-03 |125 -0.02311  2.12760e-03 |126 -0.00730  9.25345e-04
127 -0.02760  8.40880e-06 |128  0.01149 -1.13819e-04 |129  0.07333  3.37590e-04
130  0.00023 -2.66381e-04 |131  0.08445 -3.31695e-04 |132  0.00465  8.64522e-05
133  0.12717 -8.64350e-04 |134 -0.00136 -7.50571e-04 |135 -0.03708 -1.93643e-04
136 -0.05588 -1.00138e-04 |137 -0.02315 -9.21649e-04 |138  0.06865  4.35985e-04
139  0.00335  4.41273e-05 |140 -0.00350  3.43900e-04 |141 -0.04442 -1.89619e-04
142 -0.01977  6.34843e-04 |143 -0.00265  7.84840e-05 |144 -0.00000 -1.45716e-04
145  0.00000  0.00000e+00 |146  0.00000  0.00000e+00 |147  0.00000  0.00000e+00
148  0.00000  0.00000e+00 |149  0.00000  0.00000e+00 |150  0.00000  0.00000e+00
151  0.00000  0.00000e+00 |152  0.00000  0.00000e+00 |153  0.00000  0.00000e+00
154  0.00000  0.00000e+00 |155  0.00000  0.00000e+00 |156  0.00000  0.00000e+00
157  0.00000  0.00000e+00 |158  0.45279 -1.49436e-03 |159  0.64901 -1.51685e-03
160 -0.18070  2.07250e-03 |161 -0.03220 -1.37317e-04 |162 -0.10927  2.88916e-04
163 -0.52412  8.09036e-05 |164 -0.15957  3.06219e-05 |165  0.01020  4.28348e-05
166 -0.04639 -2.30790e-05 |167 -0.30557  2.14313e-05 |168  0.18715  1.18210e-03
169 -0.01982 -1.01177e-04 |170  0.16998  8.60740e-05 |171 -0.06451 -5.20584e-05
172 -0.15710 -7.25136e-06 |173 -0.44692  2.36349e-05 |174 -0.42894  1.23549e-04
175 -0.00579 -5.03380e-05 |176  0.12008 -4.75424e-03 |177 -0.12844 -6.42583e-04
178 -0.01752 -1.16130e-04 |179  0.62777  2.91058e-05 |180 -0.12830 -6.08517e-04
181 -0.37055 -8.12352e-04 |182  0.44577  4.06611e-04 |183 -0.09486  2.69641e-06
184 -0.14123  2.17595e-04 |185 -0.48920  1.98763e-05 |186 -0.56536 -3.81969e-05
187  0.15297  2.49618e-05 |188  0.07642  2.50412e-04 |189 -0.14132  2.05097e-04
190  0.01146  5.50269e-02 |191  0.26461 -8.14491e-03 |192 -0.58820 -1.47155e-04
193 -0.08769 -9.24540e-05 |194 -0.24095 -1.44571e-03 |195 -0.14531 -6.64469e-05
196 -0.51938  6.57206e-04 |197 -0.38784  2.68744e-05 |198  0.13731  1.58186e-03
199 -0.08675 -4.30737e-04 |200 -0.14663 -7.05059e-05 |201 -0.36114  2.51532e-05
202  0.51087  5.20419e-02 |203  0.12536  1.97229e-03 |204  0.18438  4.50660e-04
205 -0.05353 -1.39870e-04 |206 -0.18678  1.36947e-04 |207 -0.17055 -1.66625e-04
208 -0.28490  1.18064e-05 |209 -0.51013  1.76944e-04 |210 -0.33802  6.27929e-03
211 -0.05691 -2.80937e-04 |212 -0.20416 -9.68083e-04 |213 -0.75839 -1.33627e-03
Function minimizer not making progress ... is minimum attained?
Minimprove criterion = 0.0000e+00

 - final statistics:
213 variables; iteration 1; function evaluation 30
Function value 6.7174e+03; maximum gradient component mag 5.5027e-02
Exit code = 1;  converg criter 1.0000e-03
Var    Value     Gradient |Var    Value     Gradient |Var    Value     Gradient
  1 -0.31452  1.02364e-02 |  2  0.32943  4.94677e-03 |  3 -0.23249  2.71254e-02
  4  0.13983  8.08617e-03 |  5 -0.57282  1.60626e-03 |  6 -0.66521  6.09325e-03
  7  0.36176  2.02676e-03 |  8 -0.21291  2.01480e-02 |  9  0.08133  8.00401e-03
 10 -0.52972 -9.22116e-05 | 11 -0.65833 -1.59622e-03 | 12 -0.11850 -1.55624e-02
 13  0.00009 -3.84385e-05 | 14  0.00012  3.94581e-04 | 15  0.00014 -1.61785e-04
 16  0.00017 -2.38035e-04 | 17  0.00021 -2.17289e-04 | 18  0.00025  2.08787e-04
 19  0.00029 -1.57392e-05 | 20  0.00035  1.55532e-04 | 21  0.00041  6.17821e-05
 22  0.00047  1.08600e-04 | 23  0.00055 -2.81598e-04 | 24  0.00063 -1.13667e-04
 25  0.00072 -2.93755e-05 | 26  0.00082 -2.21908e-04 | 27  0.00094  2.81657e-04
 28  0.00105 -1.74859e-04 | 29  0.00118  1.29106e-04 | 30  0.00132  1.52733e-04
 31  0.00147  1.23681e-04 | 32  0.00162 -3.63774e-04 | 33  0.00177 -4.83319e-04
 34  0.00194 -6.09741e-05 | 35  0.00211  1.98143e-04 | 36  0.00228  1.21144e-04
 37  0.00246  1.00025e-04 | 38  0.00264 -1.10911e-04 | 39  0.00281  2.17460e-05
 40  0.00299 -1.48281e-04 | 41  0.00316 -3.02129e-04 | 42  0.00332 -1.92978e-05
 43  0.00346 -3.78837e-04 | 44  0.00358 -1.85653e-04 | 45  0.00367 -3.34100e-04
 46  0.00373  2.41772e-05 | 47  0.00373 -4.69091e-04 | 48  0.00368  7.23084e-06
 49  0.00356 -2.13701e-06 | 50  0.00335 -3.90168e-04 | 51  0.00306 -3.00001e-04
 52  0.00269 -3.95751e-04 | 53  0.00223 -4.01095e-04 | 54  0.00169 -6.70429e-04
 55  0.00110 -3.89423e-04 | 56  0.00046 -3.75216e-04 | 57 -0.00019 -5.54045e-04
 58 -0.00082 -3.98995e-05 | 59 -0.00140 -3.06233e-05 | 60 -0.00190 -2.44657e-04
 61 -0.00228  9.64525e-05 | 62 -0.00252 -5.79398e-04 | 63 -0.00256 -5.37332e-04
 64 -0.00239 -4.33528e-04 | 65 -0.00196 -1.31967e-04 | 66 -0.00126 -1.28821e-04
 67 -0.00028 -4.20010e-04 | 68  0.00100 -3.13001e-04 | 69  0.00256 -2.84501e-04
 70  0.00437 -2.16512e-04 | 71  0.00640  7.08119e-05 | 72  0.00856 -4.11607e-04
 73  0.01080  5.28273e-05 | 74  0.01298 -1.68143e-04 | 75  0.01494 -3.41312e-04
 76  0.01647  1.40866e-04 | 77  0.01733  1.86380e-04 | 78  0.01739 -5.17432e-04
 79  0.01668 -1.80434e-04 | 80  0.01530 -1.09974e-03 | 81  0.01341  2.53911e-04
 82  0.01109  3.37222e-05 | 83  0.00839 -8.40807e-04 | 84  0.00530 -5.16991e-04
 85  0.00184 -5.47969e-04 | 86 -0.00182 -9.94435e-04 | 87 -0.00540 -7.08440e-04
 88 -0.00847 -4.18351e-04 | 89 -0.01064 -8.98203e-04 | 90 -0.01169 -1.14191e-03
 91 -0.01163 -1.51276e-03 | 92 -0.01065 -1.24799e-03 | 93 -0.00879 -1.56221e-03
 94 -0.00532 -2.43605e-03 | 95  0.00331 -2.94152e-03 | 96  0.01870 -3.37807e-03
 97  0.00841 -2.32594e-03 | 98 -0.01289 -1.99304e-03 | 99 -0.03619 -1.70392e-03
100 -0.00974 -2.34166e-03 |101  0.00068 -2.23502e-03 |102 -0.02030 -1.60769e-03
103 -0.00335 -1.94628e-03 |104  0.00615 -9.93829e-04 |105 -0.00185 -2.26828e-04
106 -0.00922  3.91318e-04 |107 -0.00137  1.72460e-03 |108  0.04057  1.88179e-03
109 -0.00623  1.73555e-03 |110 -0.02100  1.39032e-03 |111 -0.01281  1.98338e-03
112 -0.00379  1.65226e-03 |113 -0.00084  2.08788e-03 |114  0.00589  1.73262e-03
115 -0.01375  2.43537e-03 |116 -0.05585  1.24738e-03 |117 -0.07293  1.25474e-03
118 -0.07698  4.02365e-04 |119 -0.06623  7.67156e-04 |120  0.06561  2.91673e-03
121  0.04569  2.71956e-03 |122  0.03123  2.93365e-03 |123 -0.03246  1.59793e-03
124 -0.06920  1.09942e-03 |125 -0.02311  2.12760e-03 |126 -0.00730  9.25345e-04
127 -0.02760  8.40880e-06 |128  0.01149 -1.13819e-04 |129  0.07333  3.37590e-04
130  0.00023 -2.66381e-04 |131  0.08445 -3.31695e-04 |132  0.00465  8.64522e-05
133  0.12717 -8.64350e-04 |134 -0.00136 -7.50571e-04 |135 -0.03708 -1.93643e-04
136 -0.05588 -1.00138e-04 |137 -0.02315 -9.21649e-04 |138  0.06865  4.35985e-04
139  0.00335  4.41273e-05 |140 -0.00350  3.43900e-04 |141 -0.04442 -1.89619e-04
142 -0.01977  6.34843e-04 |143 -0.00265  7.84840e-05 |144 -0.00000 -1.45716e-04
145  0.00000  0.00000e+00 |146  0.00000  0.00000e+00 |147  0.00000  0.00000e+00
148  0.00000  0.00000e+00 |149  0.00000  0.00000e+00 |150  0.00000  0.00000e+00
151  0.00000  0.00000e+00 |152  0.00000  0.00000e+00 |153  0.00000  0.00000e+00
154  0.00000  0.00000e+00 |155  0.00000  0.00000e+00 |156  0.00000  0.00000e+00
157  0.00000  0.00000e+00 |158  0.45279 -1.49436e-03 |159  0.64901 -1.51685e-03
160 -0.18070  2.07250e-03 |161 -0.03220 -1.37317e-04 |162 -0.10927  2.88916e-04
163 -0.52412  8.09036e-05 |164 -0.15957  3.06219e-05 |165  0.01020  4.28348e-05
166 -0.04639 -2.30790e-05 |167 -0.30557  2.14313e-05 |168  0.18715  1.18210e-03
169 -0.01982 -1.01177e-04 |170  0.16998  8.60740e-05 |171 -0.06451 -5.20584e-05
172 -0.15710 -7.25136e-06 |173 -0.44692  2.36349e-05 |174 -0.42894  1.23549e-04
175 -0.00579 -5.03380e-05 |176  0.12008 -4.75424e-03 |177 -0.12844 -6.42583e-04
178 -0.01752 -1.16130e-04 |179  0.62777  2.91058e-05 |180 -0.12830 -6.08517e-04
181 -0.37055 -8.12352e-04 |182  0.44577  4.06611e-04 |183 -0.09486  2.69641e-06
184 -0.14123  2.17595e-04 |185 -0.48920  1.98763e-05 |186 -0.56536 -3.81969e-05
187  0.15297  2.49618e-05 |188  0.07642  2.50412e-04 |189 -0.14132  2.05097e-04
190  0.01146  5.50269e-02 |191  0.26461 -8.14491e-03 |192 -0.58820 -1.47155e-04
193 -0.08769 -9.24540e-05 |194 -0.24095 -1.44571e-03 |195 -0.14531 -6.64469e-05
196 -0.51938  6.57206e-04 |197 -0.38784  2.68744e-05 |198  0.13731  1.58186e-03
199 -0.08675 -4.30737e-04 |200 -0.14663 -7.05059e-05 |201 -0.36114  2.51532e-05
202  0.51087  5.20419e-02 |203  0.12536  1.97229e-03 |204  0.18438  4.50660e-04
205 -0.05353 -1.39870e-04 |206 -0.18678  1.36947e-04 |207 -0.17055 -1.66625e-04
208 -0.28490  1.18064e-05 |209 -0.51013  1.76944e-04 |210 -0.33802  6.27929e-03
211 -0.05691 -2.80937e-04 |212 -0.20416 -9.68083e-04 |213 -0.75839 -1.33627e-03
size of file gradfil1.tmp = 0
size of file gradfil2.tmp = 0
size of file varssave.tmp = 0
size of file cmpdiff.tmp = 1000000040
