
Initial statistics: 136 variables; iteration 0; function evaluation 0; phase 1
Function value 7.2873100e+03; maximum gradient component mag -1.1507e+01
Var    Value     Gradient |Var    Value     Gradient |Var    Value     Gradient
  1 -0.42334 -1.15073e+01 |  2 -0.09289 -6.32336e-02 |  3 -0.01009  1.28149e-02
  4 -0.01031  1.32511e-02 |  5 -0.01053  1.37059e-02 |  6 -0.01074  1.41702e-02
  7 -0.01095  1.46445e-02 |  8 -0.01115  1.51402e-02 |  9 -0.01135  1.56481e-02
 10 -0.01153  1.61665e-02 | 11 -0.01171  1.67067e-02 | 12 -0.01187  1.72613e-02
 13 -0.01203  1.78242e-02 | 14 -0.01217  1.84141e-02 | 15 -0.01229  1.90204e-02
 16 -0.01240  1.96466e-02 | 17 -0.01249  2.02899e-02 | 18 -0.01255  2.09553e-02
 19 -0.01260  2.16351e-02 | 20 -0.01262  2.23409e-02 | 21 -0.01262  2.30727e-02
 22 -0.01260  2.38308e-02 | 23 -0.01254  2.46233e-02 | 24 -0.01246  2.54500e-02
 25 -0.01235  2.63028e-02 | 26 -0.01220  2.71927e-02 | 27 -0.01202  2.81084e-02
 28 -0.01180  2.90527e-02 | 29 -0.01154  3.00232e-02 | 30 -0.01124  3.10190e-02
 31 -0.01091  3.20504e-02 | 32 -0.01054  3.31120e-02 | 33 -0.01013  3.42167e-02
 34 -0.00969  3.53596e-02 | 35 -0.00923  3.65382e-02 | 36 -0.00876  3.77633e-02
 37 -0.00827  3.90259e-02 | 38 -0.00779  4.03357e-02 | 39 -0.00732  4.16819e-02
 40 -0.00687  4.30559e-02 | 41 -0.00646  4.44395e-02 | 42 -0.00610  4.57887e-02
 43 -0.00578  4.70921e-02 | 44 -0.00550  4.83534e-02 | 45 -0.00527  4.95559e-02
 46 -0.00505  5.06923e-02 | 47 -0.00484  5.17934e-02 | 48 -0.00461  5.28300e-02
 49 -0.00433  5.37679e-02 | 50 -0.00397  5.46176e-02 | 51 -0.00351  5.53884e-02
 52 -0.00290  5.59934e-02 | 53 -0.00211  5.64657e-02 | 54 -0.00112  5.67552e-02
 55  0.00012  5.68147e-02 | 56  0.00162  5.66279e-02 | 57  0.00342  5.61076e-02
 58  0.00553  5.51791e-02 | 59  0.00797  5.37047e-02 | 60  0.01071  5.15121e-02
 61  0.01374  4.84553e-02 | 62  0.01700  4.43768e-02 | 63  0.02037  3.90515e-02
 64  0.02373  3.22648e-02 | 65  0.02687  2.37765e-02 | 66  0.02959  1.32285e-02
 67  0.03168  4.30514e-04 | 68  0.03301 -1.46188e-02 | 69  0.03358 -3.19162e-02
 70  0.03344 -5.12645e-02 | 71  0.03272 -7.25931e-02 | 72  0.03145 -9.56644e-02
 73  0.02960 -1.20166e-01 | 74  0.02705 -1.45561e-01 | 75  0.02380 -1.71182e-01
 76  0.01999 -1.96488e-01 | 77  0.01602 -2.21382e-01 | 78  0.01239 -2.46397e-01
 79  0.00955 -2.72362e-01 | 80  0.00761 -2.99532e-01 | 81  0.00637 -3.27421e-01
 82  0.00544 -3.54547e-01 | 83  0.00468 -3.79705e-01 | 84  0.00458 -4.03096e-01
 85  0.00522 -4.23527e-01 | 86  0.00545 -4.34760e-01 | 87  0.00713 -4.40218e-01
 88  0.00970 -4.34221e-01 | 89  0.01366 -4.12835e-01 | 90  0.01376 -3.53397e-01
 91  0.01250 -2.58990e-01 | 92  0.01081 -1.27971e-01 | 93  0.00275  4.12640e-02
 94  0.00360  2.51246e-01 | 95  0.02294  5.92805e-01 | 96  0.02140  9.33907e-01
 97 -0.00268  1.09123e+00 | 98  0.01577  1.63620e+00 | 99  0.08374  3.33742e+00
100  0.02820  2.45677e+00 |101 -0.01452  1.83949e+00 |102  0.00430  2.04152e+00
103  0.01938  1.94994e+00 |104  0.03866  1.57993e+00 |105  0.00285  5.12644e-01
106 -0.06248 -1.27689e-01 |107 -0.07893 -4.22699e-01 |108 -0.07730 -6.00452e-01
109 -0.03457 -9.18034e-01 |110  0.06971 -2.07057e+00 |111  0.02361 -1.51425e+00
112  0.01375 -1.60986e+00 |113 -0.02797 -1.29496e+00 |114 -0.06716 -1.00177e+00
115 -0.00654 -1.61741e+00 |116  0.00456 -1.55453e+00 |117 -0.02731 -8.58779e-01
118  0.02817 -6.80650e-01 |119  0.07344 -2.62303e-01 |120  0.01038  1.27679e-02
121  0.08254  8.88844e-03 |122  0.00575 -4.21728e-02 |123  0.13287 -1.57104e-01
124 -0.00532 -3.35095e-02 |125 -0.04646 -7.32396e-03 |126 -0.05671 -1.11339e-03
127 -0.02192 -1.16822e-04 |128  0.09420 -2.18576e-04 |129  0.03190  1.09288e-05
130  0.01685  1.99846e-04 |131 -0.02798 -1.08254e-04 |132 -0.01758 -4.06194e-05
133 -0.00588 -2.39738e-04 |134 -0.00040 -1.75992e-05 |135  0.27670 -1.33095e-04
136  0.18753  3.27385e-04 |

 - final statistics:
136 variables; iteration 1; function evaluation 2
Function value 7.2873e+03; maximum gradient component mag 4.3958e+00
Exit code = 1;  converg criter 1.0000e+01
Var    Value     Gradient |Var    Value     Gradient |Var    Value     Gradient
  1 -0.42279  4.39578e+00 |  2 -0.09289 -2.85025e+00 |  3 -0.01009 -2.77481e-02
  4 -0.01031 -2.83149e-02 |  5 -0.01053 -2.88802e-02 |  6 -0.01074 -2.94527e-02
  7 -0.01095 -3.00328e-02 |  8 -0.01115 -3.06081e-02 |  9 -0.01135 -3.11872e-02
 10 -0.01153 -3.17716e-02 | 11 -0.01171 -3.23505e-02 | 12 -0.01188 -3.29311e-02
 13 -0.01203 -3.35199e-02 | 14 -0.01217 -3.40990e-02 | 15 -0.01229 -3.46786e-02
 16 -0.01240 -3.52548e-02 | 17 -0.01249 -3.58283e-02 | 18 -0.01256 -3.63925e-02
 19 -0.01260 -3.69537e-02 | 20 -0.01262 -3.75010e-02 | 21 -0.01262 -3.80372e-02
 22 -0.01260 -3.85636e-02 | 23 -0.01254 -3.90737e-02 | 24 -0.01246 -3.95676e-02
 25 -0.01235 -4.00512e-02 | 26 -0.01220 -4.05097e-02 | 27 -0.01202 -4.09489e-02
 28 -0.01180 -4.13613e-02 | 29 -0.01154 -4.17455e-02 | 30 -0.01125 -4.20947e-02
 31 -0.01091 -4.24087e-02 | 32 -0.01054 -4.26900e-02 | 33 -0.01013 -4.29254e-02
 34 -0.00970 -4.31181e-02 | 35 -0.00924 -4.32664e-02 | 36 -0.00876 -4.33547e-02
 37 -0.00827 -4.33900e-02 | 38 -0.00779 -4.33586e-02 | 39 -0.00732 -4.32658e-02
 40 -0.00688 -4.31096e-02 | 41 -0.00647 -4.28882e-02 | 42 -0.00610 -4.26198e-02
 43 -0.00578 -4.23035e-02 | 44 -0.00551 -4.19356e-02 | 45 -0.00527 -4.15418e-02
 46 -0.00506 -4.11485e-02 | 47 -0.00484 -4.07457e-02 | 48 -0.00461 -4.03721e-02
 49 -0.00433 -4.00878e-02 | 50 -0.00397 -3.99020e-02 | 51 -0.00351 -3.98361e-02
 52 -0.00290 -3.99929e-02 | 53 -0.00212 -4.03686e-02 | 54 -0.00112 -4.10482e-02
 55  0.00011 -4.20823e-02 | 56  0.00162 -4.35864e-02 | 57  0.00342 -4.56416e-02
 58  0.00553 -4.83259e-02 | 59  0.00797 -5.17965e-02 | 60  0.01071 -5.62084e-02
 61  0.01374 -6.16818e-02 | 62  0.01699 -6.82992e-02 | 63  0.02037 -7.61811e-02
 64  0.02373 -8.53879e-02 | 65  0.02687 -9.59390e-02 | 66  0.02959 -1.07920e-01
 67  0.03167 -1.21276e-01 | 68  0.03301 -1.35834e-01 | 69  0.03358 -1.51515e-01
 70  0.03345 -1.68179e-01 | 71  0.03272 -1.85833e-01 | 72  0.03145 -2.04297e-01
 73  0.02960 -2.23260e-01 | 74  0.02706 -2.42178e-01 | 75  0.02381 -2.60480e-01
 76  0.02000 -2.77865e-01 | 77  0.01603 -2.94605e-01 | 78  0.01241 -3.11576e-01
 79  0.00956 -3.29827e-01 | 80  0.00762 -3.49604e-01 | 81  0.00639 -3.70287e-01
 82  0.00546 -3.90204e-01 | 83  0.00470 -4.08093e-01 | 84  0.00459 -4.24233e-01
 85  0.00524 -4.37372e-01 | 86  0.00547 -4.41170e-01 | 87  0.00715 -4.39327e-01
 88  0.00972 -4.26237e-01 | 89  0.01368 -3.98181e-01 | 90  0.01378 -3.33983e-01
 91  0.01252 -2.36598e-01 | 92  0.01081 -1.04879e-01 | 93  0.00275  6.06206e-02
 94  0.00359  2.64618e-01 | 95  0.02291  5.96247e-01 | 96  0.02135  9.17987e-01
 97 -0.00273  1.05733e+00 | 98  0.01569  1.57121e+00 | 99  0.08358  3.19381e+00
100  0.02809  2.35507e+00 |101 -0.01461  1.78346e+00 |102  0.00420  2.00825e+00
103  0.01928  1.97043e+00 |104  0.03859  1.70259e+00 |105  0.00282  7.00240e-01
106 -0.06247  5.29040e-02 |107 -0.07891 -2.10882e-01 |108 -0.07727 -3.41480e-01
109 -0.03453 -5.02883e-01 |110  0.06981 -1.07805e+00 |111  0.02368 -8.27953e-01
112  0.01382 -1.00641e+00 |113 -0.02791 -8.94453e-01 |114 -0.06711 -7.38058e-01
115 -0.00646 -1.23882e+00 |116  0.00464 -1.21099e+00 |117 -0.02727 -6.53214e-01
118  0.02820 -4.52918e-01 |119  0.07345 -4.60227e-02 |120  0.01038  9.86457e-02
121  0.08254  1.08815e-01 |122  0.00575 -3.23265e-03 |123  0.13288 -8.03792e-02
124 -0.00532 -1.62926e-02 |125 -0.04646  1.32827e-03 |126 -0.05671  4.73104e-03
127 -0.02192  6.55567e-03 |128  0.09420  1.53895e-02 |129  0.03190  8.47449e-03
130  0.01685  6.86280e-03 |131 -0.02798  3.01390e-03 |132 -0.01758  1.47538e-03
133 -0.00588  2.28538e-04 |134 -0.00040  5.06275e-05 |135  0.27670 -5.64754e-01
136  0.18753 -4.08644e-01 |

Initial statistics: 146 variables; iteration 0; function evaluation 0; phase 2
Function value 7.2873054e+03; maximum gradient component mag 6.3686e+01
Var    Value     Gradient |Var    Value     Gradient |Var    Value     Gradient
  1 -0.42279  4.39578e+00 |  2  0.37110  4.30107e-01 |  3 -0.12614  4.86023e+01
  4 -0.01321  4.44759e+00 |  5 -0.70915  3.32963e-01 |  6 -0.60419  6.36865e+01
  7  0.37628 -4.23660e-01 |  8 -0.18524  2.47366e+00 |  9  0.03399 -1.35354e+00
 10 -0.60948 -5.17924e-01 | 11 -0.62338  2.30981e+01 | 12 -0.09289 -2.85025e+00
 13 -0.01009 -2.77481e-02 | 14 -0.01031 -2.83149e-02 | 15 -0.01053 -2.88802e-02
 16 -0.01074 -2.94527e-02 | 17 -0.01095 -3.00328e-02 | 18 -0.01115 -3.06081e-02
 19 -0.01135 -3.11872e-02 | 20 -0.01153 -3.17716e-02 | 21 -0.01171 -3.23505e-02
 22 -0.01188 -3.29311e-02 | 23 -0.01203 -3.35199e-02 | 24 -0.01217 -3.40990e-02
 25 -0.01229 -3.46786e-02 | 26 -0.01240 -3.52548e-02 | 27 -0.01249 -3.58283e-02
 28 -0.01256 -3.63925e-02 | 29 -0.01260 -3.69537e-02 | 30 -0.01262 -3.75010e-02
 31 -0.01262 -3.80372e-02 | 32 -0.01260 -3.85636e-02 | 33 -0.01254 -3.90737e-02
 34 -0.01246 -3.95676e-02 | 35 -0.01235 -4.00512e-02 | 36 -0.01220 -4.05097e-02
 37 -0.01202 -4.09489e-02 | 38 -0.01180 -4.13613e-02 | 39 -0.01154 -4.17455e-02
 40 -0.01125 -4.20947e-02 | 41 -0.01091 -4.24087e-02 | 42 -0.01054 -4.26900e-02
 43 -0.01013 -4.29254e-02 | 44 -0.00970 -4.31181e-02 | 45 -0.00924 -4.32664e-02
 46 -0.00876 -4.33547e-02 | 47 -0.00827 -4.33900e-02 | 48 -0.00779 -4.33586e-02
 49 -0.00732 -4.32658e-02 | 50 -0.00688 -4.31096e-02 | 51 -0.00647 -4.28882e-02
 52 -0.00610 -4.26198e-02 | 53 -0.00578 -4.23035e-02 | 54 -0.00551 -4.19356e-02
 55 -0.00527 -4.15418e-02 | 56 -0.00506 -4.11485e-02 | 57 -0.00484 -4.07457e-02
 58 -0.00461 -4.03721e-02 | 59 -0.00433 -4.00878e-02 | 60 -0.00397 -3.99020e-02
 61 -0.00351 -3.98361e-02 | 62 -0.00290 -3.99929e-02 | 63 -0.00212 -4.03686e-02
 64 -0.00112 -4.10482e-02 | 65  0.00011 -4.20823e-02 | 66  0.00162 -4.35864e-02
 67  0.00342 -4.56416e-02 | 68  0.00553 -4.83259e-02 | 69  0.00797 -5.17965e-02
 70  0.01071 -5.62084e-02 | 71  0.01374 -6.16818e-02 | 72  0.01699 -6.82992e-02
 73  0.02037 -7.61811e-02 | 74  0.02373 -8.53879e-02 | 75  0.02687 -9.59390e-02
 76  0.02959 -1.07920e-01 | 77  0.03167 -1.21276e-01 | 78  0.03301 -1.35834e-01
 79  0.03358 -1.51515e-01 | 80  0.03345 -1.68179e-01 | 81  0.03272 -1.85833e-01
 82  0.03145 -2.04297e-01 | 83  0.02960 -2.23260e-01 | 84  0.02706 -2.42178e-01
 85  0.02381 -2.60480e-01 | 86  0.02000 -2.77865e-01 | 87  0.01603 -2.94605e-01
 88  0.01241 -3.11576e-01 | 89  0.00956 -3.29827e-01 | 90  0.00762 -3.49604e-01
 91  0.00639 -3.70287e-01 | 92  0.00546 -3.90204e-01 | 93  0.00470 -4.08093e-01
 94  0.00459 -4.24233e-01 | 95  0.00524 -4.37372e-01 | 96  0.00547 -4.41170e-01
 97  0.00715 -4.39327e-01 | 98  0.00972 -4.26237e-01 | 99  0.01368 -3.98181e-01
100  0.01378 -3.33983e-01 |101  0.01252 -2.36598e-01 |102  0.01081 -1.04879e-01
103  0.00275  6.06206e-02 |104  0.00359  2.64618e-01 |105  0.02291  5.96247e-01
106  0.02135  9.17987e-01 |107 -0.00273  1.05733e+00 |108  0.01569  1.57121e+00
109  0.08358  3.19381e+00 |110  0.02809  2.35507e+00 |111 -0.01461  1.78346e+00
112  0.00420  2.00825e+00 |113  0.01928  1.97043e+00 |114  0.03859  1.70259e+00
115  0.00282  7.00240e-01 |116 -0.06247  5.29040e-02 |117 -0.07891 -2.10882e-01
118 -0.07727 -3.41480e-01 |119 -0.03453 -5.02883e-01 |120  0.06981 -1.07805e+00
121  0.02368 -8.27953e-01 |122  0.01382 -1.00641e+00 |123 -0.02791 -8.94453e-01
124 -0.06711 -7.38058e-01 |125 -0.00646 -1.23882e+00 |126  0.00464 -1.21099e+00
127 -0.02727 -6.53214e-01 |128  0.02820 -4.52918e-01 |129  0.07345 -4.60227e-02
130  0.01038  9.86457e-02 |131  0.08254  1.08815e-01 |132  0.00575 -3.23265e-03
133  0.13288 -8.03792e-02 |134 -0.00532 -1.62926e-02 |135 -0.04646  1.32827e-03
136 -0.05671  4.73104e-03 |137 -0.02192  6.55567e-03 |138  0.09420  1.53895e-02
139  0.03190  8.47449e-03 |140  0.01685  6.86280e-03 |141 -0.02798  3.01390e-03
142 -0.01758  1.47538e-03 |143 -0.00588  2.28538e-04 |144 -0.00040  5.06275e-05
145  0.27670 -5.64754e-01 |146  0.18753 -4.08644e-01 |

Intermediate statistics: 146 variables; iteration 20; function evaluation 23; phase 2
Function value 7.2872008e+03; maximum gradient component mag 5.4560e+01
Var    Value     Gradient |Var    Value     Gradient |Var    Value     Gradient
  1 -0.42238  8.15328e+00 |  2  0.36959  1.92097e+01 |  3 -0.12831  5.45603e+01
  4 -0.00859  3.44158e+01 |  5 -0.70384  2.73438e+00 |  6 -0.60568  4.11052e+01
  7  0.37613 -3.02689e+01 |  8 -0.18566 -3.58156e+01 |  9  0.03380 -2.56294e+01
 10 -0.60649  3.36609e-01 | 11 -0.62388  1.28139e+01 | 12 -0.09079 -8.87311e-01
 13 -0.01011 -2.59491e-02 | 14 -0.01033 -2.66851e-02 | 15 -0.01055 -2.74386e-02
 16 -0.01076 -2.82107e-02 | 17 -0.01097 -2.90027e-02 | 18 -0.01118 -2.98141e-02
 19 -0.01138 -3.06468e-02 | 20 -0.01156 -3.15018e-02 | 21 -0.01174 -3.23794e-02
 22 -0.01191 -3.32811e-02 | 23 -0.01207 -3.42076e-02 | 24 -0.01221 -3.51573e-02
 25 -0.01233 -3.61303e-02 | 26 -0.01244 -3.71253e-02 | 27 -0.01253 -3.81429e-02
 28 -0.01261 -3.91860e-02 | 29 -0.01265 -4.02602e-02 | 30 -0.01268 -4.13678e-02
 31 -0.01268 -4.25095e-02 | 32 -0.01266 -4.36824e-02 | 33 -0.01261 -4.48816e-02
 34 -0.01253 -4.61018e-02 | 35 -0.01242 -4.73396e-02 | 36 -0.01228 -4.85924e-02
 37 -0.01210 -4.98630e-02 | 38 -0.01189 -5.11565e-02 | 39 -0.01163 -5.24799e-02
 40 -0.01134 -5.38351e-02 | 41 -0.01101 -5.52312e-02 | 42 -0.01064 -5.66653e-02
 43 -0.01024 -5.81325e-02 | 44 -0.00981 -5.96289e-02 | 45 -0.00935 -6.11490e-02
 46 -0.00888 -6.26852e-02 | 47 -0.00840 -6.42301e-02 | 48 -0.00792 -6.57681e-02
 49 -0.00745 -6.72801e-02 | 50 -0.00701 -6.87447e-02 | 51 -0.00661 -7.01453e-02
 52 -0.00625 -7.14765e-02 | 53 -0.00593 -7.27504e-02 | 54 -0.00566 -7.39826e-02
 55 -0.00543 -7.51844e-02 | 56 -0.00522 -7.63662e-02 | 57 -0.00501 -7.75394e-02
 58 -0.00478 -7.87151e-02 | 59 -0.00450 -7.99221e-02 | 60 -0.00415 -8.11834e-02
 61 -0.00368 -8.25331e-02 | 62 -0.00308 -8.39973e-02 | 63 -0.00230 -8.56085e-02
 64 -0.00131 -8.74102e-02 | 65 -0.00008 -8.94198e-02 | 66  0.00143 -9.17459e-02
 67  0.00322 -9.44088e-02 | 68  0.00533 -9.74424e-02 | 69  0.00776 -1.00903e-01
 70  0.01050 -1.04817e-01 | 71  0.01352 -1.09212e-01 | 72  0.01677 -1.14079e-01
 73  0.02013 -1.19393e-01 | 74  0.02348 -1.25084e-01 | 75  0.02661 -1.30999e-01
 76  0.02931 -1.36858e-01 | 77  0.03139 -1.42358e-01 | 78  0.03271 -1.47225e-01
 79  0.03327 -1.51245e-01 | 80  0.03313 -1.54359e-01 | 81  0.03239 -1.56466e-01
 82  0.03112 -1.57414e-01 | 83  0.02927 -1.56905e-01 | 84  0.02674 -1.54623e-01
 85  0.02350 -1.50442e-01 | 86  0.01970 -1.44541e-01 | 87  0.01574 -1.37387e-01
 88  0.01214 -1.29448e-01 | 89  0.00930 -1.21001e-01 | 90  0.00738 -1.11772e-01
 91  0.00617 -1.01014e-01 | 92  0.00527 -8.75704e-02 | 93  0.00454 -7.04266e-02
 94  0.00446 -4.99380e-02 | 95  0.00514 -2.50046e-02 | 96  0.00542  8.39352e-03
 97  0.00710  4.35088e-02 | 98  0.00970  8.34672e-02 | 99  0.01371  1.28656e-01
100  0.01393  1.90203e-01 |101  0.01270  2.51445e-01 |102  0.01100  3.12508e-01
103  0.00301  3.56872e-01 |104  0.00384  4.00176e-01 |105  0.02310  5.06834e-01
106  0.02149  5.78173e-01 |107 -0.00255  5.39714e-01 |108  0.01566  6.28083e-01
109  0.08311  8.62670e-01 |110  0.02850  5.65811e-01 |111 -0.01467  2.57119e-01
112  0.00380  1.06027e-01 |113  0.01921 -2.60686e-02 |114  0.03864 -1.26867e-01
115  0.00334 -2.22222e-01 |116 -0.06193 -1.49792e-01 |117 -0.07845 -1.35331e-01
118 -0.07710 -2.52573e-01 |119 -0.03531 -2.43201e-01 |120  0.07113  1.87730e-01
121  0.02462  4.29841e-01 |122  0.01470  2.19474e-01 |123 -0.02695  1.60745e-01
124 -0.06637  8.54615e-02 |125 -0.00579  1.15640e-01 |126  0.00615  3.61221e-01
127 -0.02659  1.26527e-01 |128  0.02832  3.86480e-02 |129  0.07411  1.31065e-01
130  0.00950 -2.47349e-01 |131  0.08365  2.75615e-01 |132  0.00610  2.14110e-01
133  0.13356  1.16319e-01 |134 -0.00498 -1.23331e-01 |135 -0.04637 -9.12426e-02
136 -0.05696 -8.46541e-02 |137 -0.02199  6.03779e-02 |138  0.09511  2.00774e-01
139  0.03165 -1.46312e-01 |140  0.01691 -8.09559e-04 |141 -0.02846 -5.21295e-02
142 -0.01769 -8.88657e-03 |143 -0.00580 -8.18788e-02 |144 -0.00040 -3.96842e-04
145  0.27384 -1.19159e+00 |146  0.18538  1.07273e+00 |

 - final statistics:
146 variables; iteration 32; function evaluation 38
Function value 7.2871e+03; maximum gradient component mag 3.1191e+00
Exit code = 1;  converg criter 1.0000e+01
Var    Value     Gradient |Var    Value     Gradient |Var    Value     Gradient
  1 -0.42237  4.82916e-01 |  2  0.36981  1.13897e+00 |  3 -0.12907  3.11911e+00
  4 -0.00874  2.03189e+00 |  5 -0.70226 -2.40496e-02 |  6 -0.60685  2.31430e+00
  7  0.37647 -1.79315e+00 |  8 -0.18533 -2.08418e+00 |  9  0.03381 -1.69712e+00
 10 -0.60539  5.76741e-01 | 11 -0.62439  6.76160e-01 | 12 -0.09126 -1.59196e-02
 13 -0.01005  2.24220e-02 | 14 -0.01027  2.28503e-02 | 15 -0.01049  2.32721e-02
 16 -0.01070  2.36949e-02 | 17 -0.01091  2.41189e-02 | 18 -0.01112  2.45337e-02
 19 -0.01131  2.49483e-02 | 20 -0.01150  2.53660e-02 | 21 -0.01168  2.57786e-02
 22 -0.01185  2.61951e-02 | 23 -0.01200  2.66245e-02 | 24 -0.01214  2.70522e-02
 25 -0.01227  2.74890e-02 | 26 -0.01238  2.79301e-02 | 27 -0.01247  2.83735e-02
 28 -0.01254  2.88123e-02 | 29 -0.01259  2.92591e-02 | 30 -0.01261  2.97153e-02
 31 -0.01262  3.01926e-02 | 32 -0.01259  3.06977e-02 | 33 -0.01254  3.12257e-02
 34 -0.01246  3.17742e-02 | 35 -0.01236  3.23426e-02 | 36 -0.01221  3.29094e-02
 37 -0.01204  3.34741e-02 | 38 -0.01182  3.40282e-02 | 39 -0.01157  3.45742e-02
 40 -0.01127  3.51165e-02 | 41 -0.01094  3.56582e-02 | 42 -0.01058  3.62081e-02
 43 -0.01018  3.67526e-02 | 44 -0.00974  3.72906e-02 | 45 -0.00929  3.78188e-02
 46 -0.00882  3.83263e-02 | 47 -0.00834  3.88221e-02 | 48 -0.00786  3.92949e-02
 49 -0.00739  3.97345e-02 | 50 -0.00695  4.01020e-02 | 51 -0.00655  4.03425e-02
 52 -0.00619  4.04152e-02 | 53 -0.00587  4.02853e-02 | 54 -0.00560  3.99385e-02
 55 -0.00537  3.93813e-02 | 56 -0.00516  3.85986e-02 | 57 -0.00495  3.75323e-02
 58 -0.00473  3.61453e-02 | 59 -0.00445  3.44074e-02 | 60 -0.00410  3.22520e-02
 61 -0.00364  2.96134e-02 | 62 -0.00303  2.64504e-02 | 63 -0.00225  2.26546e-02
 64 -0.00127  1.81352e-02 | 65 -0.00004  1.27619e-02 | 66  0.00145  6.40052e-03
 67  0.00324 -1.11288e-03 | 68  0.00533 -9.90691e-03 | 69  0.00774 -2.00380e-02
 70  0.01046 -3.13887e-02 | 71  0.01346 -4.35138e-02 | 72  0.01669 -5.56287e-02
 73  0.02004 -6.69543e-02 | 74  0.02338 -7.73434e-02 | 75  0.02650 -8.78344e-02
 76  0.02919 -9.92301e-02 | 77  0.03125 -1.11404e-01 | 78  0.03255 -1.23937e-01
 79  0.03308 -1.35168e-01 | 80  0.03291 -1.45090e-01 | 81  0.03217 -1.51758e-01
 82  0.03090 -1.54248e-01 | 83  0.02906 -1.51370e-01 | 84  0.02656 -1.44042e-01
 85  0.02334 -1.34888e-01 | 86  0.01956 -1.25467e-01 | 87  0.01562 -1.14318e-01
 88  0.01204 -9.90475e-02 | 89  0.00925 -7.92691e-02 | 90  0.00737 -5.62165e-02
 91  0.00621 -3.15232e-02 | 92  0.00535 -6.53217e-03 | 93  0.00466  1.83227e-02
 94  0.00462  4.46244e-02 | 95  0.00533  7.11948e-02 | 96  0.00561  8.88328e-02
 97  0.00735  1.18603e-01 | 98  0.01002  1.45009e-01 | 99  0.01404  1.54913e-01
100  0.01423  1.50622e-01 |101  0.01295  1.23293e-01 |102  0.01116  7.64572e-02
103  0.00291 -1.69933e-02 |104  0.00358 -9.97462e-02 |105  0.02259 -2.06621e-01
106  0.02096 -2.32343e-01 |107 -0.00288 -1.47264e-01 |108  0.01579 -2.36437e-02
109  0.08232 -1.88831e-01 |110  0.02910  2.29030e-01 |111 -0.01455  1.50579e-01
112  0.00341  4.97575e-02 |113  0.01953  2.79146e-01 |114  0.03874  1.08599e-01
115  0.00329 -2.24345e-01 |116 -0.06291 -6.53459e-01 |117 -0.07902 -4.61215e-01
118 -0.07692 -4.08939e-02 |119 -0.03449  2.93708e-01 |120  0.07092  5.04876e-02
121  0.02450 -1.19993e-02 |122  0.01419 -1.93591e-01 |123 -0.02662  2.07707e-01
124 -0.06636  3.06375e-02 |125 -0.00634 -2.74550e-01 |126  0.00571 -1.38443e-01
127 -0.02733 -1.69957e-01 |128  0.02876  2.72014e-01 |129  0.07367  5.74664e-02
130  0.00987  1.37486e-01 |131  0.08315 -1.88559e-01 |132  0.00584 -8.06670e-02
133  0.13345  3.66583e-02 |134 -0.00497  8.88413e-02 |135 -0.04657 -8.44459e-02
136 -0.05690  2.64011e-02 |137 -0.02221 -4.15436e-02 |138  0.09529  2.39654e-01
139  0.03233  2.36899e-01 |140  0.01598 -3.36171e-01 |141 -0.02840  1.75520e-02
142 -0.01752  6.65554e-02 |143 -0.00539  7.52120e-02 |144 -0.00040  1.16243e-03
145  0.27490 -1.05406e-01 |146  0.18579  2.56684e-02 |

Initial statistics: 176 variables; iteration 0; function evaluation 0; phase 3
Function value 7.2871408e+03; maximum gradient component mag 1.3620e+01
Var    Value     Gradient |Var    Value     Gradient |Var    Value     Gradient
  1 -0.42237  4.82916e-01 |  2  0.36981  1.13897e+00 |  3 -0.12907  3.11911e+00
  4 -0.00874  2.03189e+00 |  5 -0.70226 -2.40496e-02 |  6 -0.60685  2.31430e+00
  7  0.37647 -1.79315e+00 |  8 -0.18533 -2.08418e+00 |  9  0.03381 -1.69712e+00
 10 -0.60539  5.76741e-01 | 11 -0.62439  6.76160e-01 | 12 -0.09126 -1.59196e-02
 13 -0.01005  2.24220e-02 | 14 -0.01027  2.28503e-02 | 15 -0.01049  2.32721e-02
 16 -0.01070  2.36949e-02 | 17 -0.01091  2.41189e-02 | 18 -0.01112  2.45337e-02
 19 -0.01131  2.49483e-02 | 20 -0.01150  2.53660e-02 | 21 -0.01168  2.57786e-02
 22 -0.01185  2.61951e-02 | 23 -0.01200  2.66245e-02 | 24 -0.01214  2.70522e-02
 25 -0.01227  2.74890e-02 | 26 -0.01238  2.79301e-02 | 27 -0.01247  2.83735e-02
 28 -0.01254  2.88123e-02 | 29 -0.01259  2.92591e-02 | 30 -0.01261  2.97153e-02
 31 -0.01262  3.01926e-02 | 32 -0.01259  3.06977e-02 | 33 -0.01254  3.12257e-02
 34 -0.01246  3.17742e-02 | 35 -0.01236  3.23426e-02 | 36 -0.01221  3.29094e-02
 37 -0.01204  3.34741e-02 | 38 -0.01182  3.40282e-02 | 39 -0.01157  3.45742e-02
 40 -0.01127  3.51165e-02 | 41 -0.01094  3.56582e-02 | 42 -0.01058  3.62081e-02
 43 -0.01018  3.67526e-02 | 44 -0.00974  3.72906e-02 | 45 -0.00929  3.78188e-02
 46 -0.00882  3.83263e-02 | 47 -0.00834  3.88221e-02 | 48 -0.00786  3.92949e-02
 49 -0.00739  3.97345e-02 | 50 -0.00695  4.01020e-02 | 51 -0.00655  4.03425e-02
 52 -0.00619  4.04152e-02 | 53 -0.00587  4.02853e-02 | 54 -0.00560  3.99385e-02
 55 -0.00537  3.93813e-02 | 56 -0.00516  3.85986e-02 | 57 -0.00495  3.75323e-02
 58 -0.00473  3.61453e-02 | 59 -0.00445  3.44074e-02 | 60 -0.00410  3.22520e-02
 61 -0.00364  2.96134e-02 | 62 -0.00303  2.64504e-02 | 63 -0.00225  2.26546e-02
 64 -0.00127  1.81352e-02 | 65 -0.00004  1.27619e-02 | 66  0.00145  6.40052e-03
 67  0.00324 -1.11288e-03 | 68  0.00533 -9.90691e-03 | 69  0.00774 -2.00380e-02
 70  0.01046 -3.13887e-02 | 71  0.01346 -4.35138e-02 | 72  0.01669 -5.56287e-02
 73  0.02004 -6.69543e-02 | 74  0.02338 -7.73434e-02 | 75  0.02650 -8.78344e-02
 76  0.02919 -9.92301e-02 | 77  0.03125 -1.11404e-01 | 78  0.03255 -1.23937e-01
 79  0.03308 -1.35168e-01 | 80  0.03291 -1.45090e-01 | 81  0.03217 -1.51758e-01
 82  0.03090 -1.54248e-01 | 83  0.02906 -1.51370e-01 | 84  0.02656 -1.44042e-01
 85  0.02334 -1.34888e-01 | 86  0.01956 -1.25467e-01 | 87  0.01562 -1.14318e-01
 88  0.01204 -9.90475e-02 | 89  0.00925 -7.92691e-02 | 90  0.00737 -5.62165e-02
 91  0.00621 -3.15232e-02 | 92  0.00535 -6.53217e-03 | 93  0.00466  1.83227e-02
 94  0.00462  4.46244e-02 | 95  0.00533  7.11948e-02 | 96  0.00561  8.88328e-02
 97  0.00735  1.18603e-01 | 98  0.01002  1.45009e-01 | 99  0.01404  1.54913e-01
100  0.01423  1.50622e-01 |101  0.01295  1.23293e-01 |102  0.01116  7.64572e-02
103  0.00291 -1.69933e-02 |104  0.00358 -9.97462e-02 |105  0.02259 -2.06621e-01
106  0.02096 -2.32343e-01 |107 -0.00288 -1.47264e-01 |108  0.01579 -2.36437e-02
109  0.08232 -1.88831e-01 |110  0.02910  2.29030e-01 |111 -0.01455  1.50579e-01
112  0.00341  4.97575e-02 |113  0.01953  2.79146e-01 |114  0.03874  1.08599e-01
115  0.00329 -2.24345e-01 |116 -0.06291 -6.53459e-01 |117 -0.07902 -4.61215e-01
118 -0.07692 -4.08939e-02 |119 -0.03449  2.93708e-01 |120  0.07092  5.04876e-02
121  0.02450 -1.19993e-02 |122  0.01419 -1.93591e-01 |123 -0.02662  2.07707e-01
124 -0.06636  3.06375e-02 |125 -0.00634 -2.74550e-01 |126  0.00571 -1.38443e-01
127 -0.02733 -1.69957e-01 |128  0.02876  2.72014e-01 |129  0.07367  5.74664e-02
130  0.00987  1.37486e-01 |131  0.08315 -1.88559e-01 |132  0.00584 -8.06670e-02
133  0.13345  3.66583e-02 |134 -0.00497  8.88413e-02 |135 -0.04657 -8.44459e-02
136 -0.05690  2.64011e-02 |137 -0.02221 -4.15436e-02 |138  0.09529  2.39654e-01
139  0.03233  2.36899e-01 |140  0.01598 -3.36171e-01 |141 -0.02840  1.75520e-02
142 -0.01752  6.65554e-02 |143 -0.00539  7.52120e-02 |144 -0.00040  1.16243e-03
145  0.27490 -1.05406e-01 |146  0.18579  2.56684e-02 |147  0.04662  2.56199e+00
148  0.29671 -2.05758e-01 |149 -0.47543  9.29870e-02 |150  0.31377 -4.82077e-02
151  0.18255 -2.33976e-01 |152  0.25986 -1.08546e-01 |153  0.17459  1.25538e-03
154  0.25418  3.69029e-02 |155  0.10351 -6.12067e-01 |156  0.29677  7.75563e-01
157  0.16893 -2.46787e-01 |158  0.24623  2.39196e-01 |159 -0.35197 -3.82276e-01
160  0.24281  4.61000e-01 |161  0.20265  7.86278e-01 |162  0.31675 -1.77582e-01
163 -0.38040  5.40070e-02 |164  0.23607 -2.57320e-02 |165  0.05118  8.47562e-01
166  0.11969  3.06141e+00 |167  0.32140 -6.81224e-01 |168  0.27252 -7.24122e-01
169  0.01343  4.87629e-01 |170  0.39319  2.56767e-01 |171  0.09932  1.36195e+01
172  0.16368  6.53486e+00 |173  0.21870 -4.55061e+00 |174  0.25726  1.32860e+00
175 -0.55411 -2.29240e-02 |176  0.17113  1.93659e-02 |

Intermediate statistics: 176 variables; iteration 20; function evaluation 25; phase 3
Function value 7.2871309e+03; maximum gradient component mag 5.7859e+00
Var    Value     Gradient |Var    Value     Gradient |Var    Value     Gradient
  1 -0.42239  1.73247e+00 |  2  0.36966  9.45876e-01 |  3 -0.12909  5.78589e+00
  4 -0.00846  2.90340e+00 |  5 -0.70168  1.36820e-01 |  6 -0.60705  8.23861e-01
  7  0.37620  1.85351e+00 |  8 -0.18539  1.02289e+00 |  9  0.03442  8.69334e-01
 10 -0.60605 -9.80300e-02 | 11 -0.62455 -1.41195e+00 | 12 -0.09072 -1.15251e+00
 13 -0.01008  3.14990e-06 | 14 -0.01030 -3.25297e-05 | 15 -0.01052 -7.15928e-05
 16 -0.01074 -1.12591e-04 | 17 -0.01094 -1.55843e-04 | 18 -0.01115 -2.02984e-04
 19 -0.01135 -2.52351e-04 | 20 -0.01153 -3.03503e-04 | 21 -0.01171 -3.58040e-04
 22 -0.01188 -4.14511e-04 | 23 -0.01203 -4.71557e-04 | 24 -0.01217 -5.31910e-04
 25 -0.01230 -5.93617e-04 | 26 -0.01241 -6.57298e-04 | 27 -0.01250 -7.22931e-04
 28 -0.01257 -7.91656e-04 | 29 -0.01262 -8.61821e-04 | 30 -0.01265 -9.34076e-04
 31 -0.01265 -1.00722e-03 | 32 -0.01262 -1.08037e-03 | 33 -0.01257 -1.15444e-03
 34 -0.01249 -1.22960e-03 | 35 -0.01238 -1.30554e-03 | 36 -0.01224 -1.38572e-03
 37 -0.01206 -1.47014e-03 | 38 -0.01185 -1.56091e-03 | 39 -0.01159 -1.65845e-03
 40 -0.01130 -1.76176e-03 | 41 -0.01097 -1.87354e-03 | 42 -0.01060 -1.99193e-03
 43 -0.01020 -2.11924e-03 | 44 -0.00977 -2.25557e-03 | 45 -0.00931 -2.40099e-03
 46 -0.00884 -2.55706e-03 | 47 -0.00836 -2.72215e-03 | 48 -0.00788 -2.89782e-03
 49 -0.00742 -3.08548e-03 | 50 -0.00698 -3.29184e-03 | 51 -0.00657 -3.52674e-03
 52 -0.00621 -3.79740e-03 | 53 -0.00590 -4.11169e-03 | 54 -0.00563 -4.47288e-03
 55 -0.00540 -4.87898e-03 | 56 -0.00519 -5.33308e-03 | 57 -0.00498 -5.84786e-03
 58 -0.00475 -6.43091e-03 | 59 -0.00448 -7.09116e-03 | 60 -0.00412 -7.84315e-03
 61 -0.00366 -8.70321e-03 | 62 -0.00306 -9.67987e-03 | 63 -0.00228 -1.07975e-02
 64 -0.00129 -1.20798e-02 | 65 -0.00006 -1.35551e-02 | 66  0.00144 -1.52718e-02
 67  0.00323 -1.72714e-02 | 68  0.00534 -1.95971e-02 | 69  0.00776 -2.22866e-02
 70  0.01049 -2.53396e-02 | 71  0.01351 -2.86752e-02 | 72  0.01675 -3.21048e-02
 73  0.02012 -3.54027e-02 | 74  0.02346 -3.84800e-02 | 75  0.02659 -4.15976e-02
 76  0.02929 -4.50136e-02 | 77  0.03137 -4.87442e-02 | 78  0.03269 -5.27150e-02
 79  0.03323 -5.64354e-02 | 80  0.03309 -5.99421e-02 | 81  0.03236 -6.26517e-02
 82  0.03109 -6.43276e-02 | 83  0.02925 -6.46685e-02 | 84  0.02673 -6.40473e-02
 85  0.02350 -6.33044e-02 | 86  0.01971 -6.28656e-02 | 87  0.01576 -6.23229e-02
 88  0.01217 -6.11808e-02 | 89  0.00935 -5.95665e-02 | 90  0.00745 -5.79011e-02
 91  0.00626 -5.65440e-02 | 92  0.00538 -5.56369e-02 | 93  0.00467 -5.51582e-02
 94  0.00461 -5.50259e-02 | 95  0.00531 -5.56329e-02 | 96  0.00560 -5.80613e-02
 97  0.00731 -5.88136e-02 | 98  0.00994 -6.08581e-02 | 99  0.01398 -6.76261e-02
100  0.01419 -7.36812e-02 |101  0.01295 -8.08743e-02 |102  0.01122 -8.90425e-02
103  0.00312 -9.94319e-02 |104  0.00389 -1.10677e-01 |105  0.02307 -1.43324e-01
106  0.02136 -1.42435e-01 |107 -0.00274 -1.07450e-01 |108  0.01551 -7.99145e-02
109  0.08275 -1.73546e-01 |110  0.02841 -5.59999e-03 |111 -0.01475  2.18621e-02
112  0.00368  3.96485e-02 |113  0.01922  7.35354e-02 |114  0.03851 -9.21769e-03
115  0.00329 -1.00320e-01 |116 -0.06216 -1.31416e-01 |117 -0.07862 -8.81800e-02
118 -0.07697 -5.98358e-03 |119 -0.03507  6.48563e-02 |120  0.07097  1.57130e-01
121  0.02435  1.18634e-01 |122  0.01457  1.35364e-01 |123 -0.02700  1.66864e-01
124 -0.06646  1.23543e-01 |125 -0.00603  2.00013e-01 |126  0.00583  2.43719e-01
127 -0.02686  1.70366e-01 |128  0.02833  3.18298e-01 |129  0.07370  3.08485e-01
130  0.00968  1.32772e-01 |131  0.08307  3.39795e-02 |132  0.00576 -3.06983e-03
133  0.13320  3.50304e-02 |134 -0.00503  4.16387e-02 |135 -0.04636 -9.59549e-03
136 -0.05696  1.31760e-02 |137 -0.02212 -5.03807e-03 |138  0.09482  2.32141e-02
139  0.03172  2.31341e-02 |140  0.01678 -3.22984e-02 |141 -0.02847 -7.37208e-04
142 -0.01769  2.12145e-02 |143 -0.00559  6.46020e-03 |144 -0.00040  2.74875e-04
145  0.27406 -5.81518e-03 |146  0.18506 -1.10982e-01 |147  0.04591 -1.46394e+00
148  0.29657  2.87867e+00 |149 -0.47574  1.01591e-02 |150  0.31391 -1.07060e-02
151  0.18247 -2.10076e-01 |152  0.25992  2.05978e-01 |153  0.17462 -4.89510e-03
154  0.25395  3.98170e-02 |155  0.10375  5.51813e-02 |156  0.29687 -1.71340e-01
157  0.16885  1.90904e-01 |158  0.24622 -2.97537e-01 |159 -0.35156 -4.18523e-02
160  0.24289  1.97852e-02 |161  0.20136  8.80064e-02 |162  0.31648 -1.74268e-02
163 -0.38042 -6.12360e-05 |164  0.23610  5.18064e-03 |165  0.05088  1.57297e-01
166  0.11885  5.40139e-01 |167  0.32153  8.55488e-03 |168  0.27218 -1.76009e-01
169  0.01301  2.96349e-01 |170  0.39282 -8.48329e-03 |171  0.09887 -6.41519e-01
172  0.16320 -2.09522e-01 |173  0.21861  3.03824e+00 |174  0.25710  4.18487e+00
175 -0.55415 -4.24153e-02 |176  0.17114  4.12845e-03 |
176 variables; iteration 40; function evaluation 47; phase 3
Function value 7.2871296e+03; maximum gradient component mag 3.6040e+00
Var    Value     Gradient |Var    Value     Gradient |Var    Value     Gradient
  1 -0.42239  1.17437e+00 |  2  0.36965  5.96835e-01 |  3 -0.12913  3.60403e+00
  4 -0.00840  1.81939e+00 |  5 -0.70177 -9.20813e-03 |  6 -0.60707  5.16930e-01
  7  0.37619  1.28804e+00 |  8 -0.18537  7.00863e-01 |  9  0.03443  3.24719e-01
 10 -0.60608 -1.33354e-01 | 11 -0.62454 -8.32277e-01 | 12 -0.08968 -6.62953e-01
 13 -0.01009  6.64025e-04 | 14 -0.01031  6.53893e-04 | 15 -0.01053  6.38697e-04
 16 -0.01075  6.19727e-04 | 17 -0.01096  5.96619e-04 | 18 -0.01116  5.67023e-04
 19 -0.01136  5.32581e-04 | 20 -0.01155  4.93743e-04 | 21 -0.01172  4.48547e-04
 22 -0.01189  3.98830e-04 | 23 -0.01205  3.46499e-04 | 24 -0.01219  2.88422e-04
 25 -0.01232  2.27247e-04 | 26 -0.01242  1.62228e-04 | 27 -0.01252  9.32708e-05
 28 -0.01259  1.89847e-05 | 29 -0.01264 -5.76722e-05 | 30 -0.01266 -1.36117e-04
 31 -0.01267 -2.13116e-04 | 32 -0.01264 -2.86203e-04 | 33 -0.01259 -3.55291e-04
 34 -0.01251 -4.19478e-04 | 35 -0.01241 -4.77173e-04 | 36 -0.01226 -5.31318e-04
 37 -0.01209 -5.79776e-04 | 38 -0.01187 -6.22011e-04 | 39 -0.01162 -6.54551e-04
 40 -0.01132 -6.72389e-04 | 41 -0.01099 -6.72258e-04 | 42 -0.01063 -6.47441e-04
 43 -0.01023 -5.95589e-04 | 44 -0.00979 -5.11445e-04 | 45 -0.00934 -3.89492e-04
 46 -0.00887 -2.25287e-04 | 47 -0.00839 -1.04997e-05 | 48 -0.00791  2.60147e-04
 49 -0.00744  5.92588e-04 | 50 -0.00700  9.88493e-04 | 51 -0.00660  1.44732e-03
 52 -0.00624  1.97056e-03 | 53 -0.00592  2.55953e-03 | 54 -0.00565  3.21872e-03
 55 -0.00542  3.95605e-03 | 56 -0.00521  4.77614e-03 | 57 -0.00500  5.67703e-03
 58 -0.00477  6.65808e-03 | 59 -0.00449  7.71780e-03 | 60 -0.00414  8.84802e-03
 61 -0.00367  1.00393e-02 | 62 -0.00307  1.12824e-02 | 63 -0.00229  1.25597e-02
 64 -0.00130  1.38578e-02 | 65 -0.00007  1.51593e-02 | 66  0.00143  1.64689e-02
 67  0.00322  1.77913e-02 | 68  0.00533  1.91527e-02 | 69  0.00775  2.06005e-02
 70  0.01049  2.21767e-02 | 71  0.01351  2.38816e-02 | 72  0.01675  2.56376e-02
 73  0.02011  2.73514e-02 | 74  0.02345  2.90448e-02 | 75  0.02658  3.08622e-02
 76  0.02928  3.27854e-02 | 77  0.03135  3.45906e-02 | 78  0.03267  3.60399e-02
 79  0.03322  3.71062e-02 | 80  0.03307  3.78174e-02 | 81  0.03234  3.83111e-02
 82  0.03107  3.85363e-02 | 83  0.02922  3.82709e-02 | 84  0.02669  3.71970e-02
 85  0.02344  3.53350e-02 | 86  0.01965  3.30565e-02 | 87  0.01570  3.04724e-02
 88  0.01210  2.73946e-02 | 89  0.00928  2.37821e-02 | 90  0.00737  1.95461e-02
 91  0.00617  1.43876e-02 | 92  0.00528  7.93206e-03 | 93  0.00456 -1.47438e-04
 94  0.00449 -1.02315e-02 | 95  0.00517 -2.26704e-02 | 96  0.00547 -3.69250e-02
 97  0.00718 -5.42114e-02 | 98  0.00982 -7.48963e-02 | 99  0.01386 -1.01521e-01
100  0.01407 -1.29459e-01 |101  0.01283 -1.58836e-01 |102  0.01107 -1.92466e-01
103  0.00301 -2.12447e-01 |104  0.00386 -2.38834e-01 |105  0.02298 -2.97715e-01
106  0.02135 -2.86998e-01 |107 -0.00253 -1.92926e-01 |108  0.01529 -2.21996e-01
109  0.08300 -2.21262e-01 |110  0.02847 -4.79562e-02 |111 -0.01454  6.88409e-02
112  0.00380  7.55384e-02 |113  0.01934  1.15374e-01 |114  0.03865  4.20481e-02
115  0.00337 -6.45262e-02 |116 -0.06187 -8.60757e-03 |117 -0.07832  2.84940e-02
118 -0.07693 -3.11576e-02 |119 -0.03495  4.42961e-02 |120  0.07116  6.82857e-02
121  0.02442 -2.39319e-02 |122  0.01466 -2.38883e-02 |123 -0.02684  8.51334e-02
124 -0.06646  5.06327e-04 |125 -0.00593  3.55640e-02 |126  0.00595  7.75681e-02
127 -0.02694 -8.52202e-03 |128  0.02844  1.65262e-01 |129  0.07381  1.59492e-01
130  0.00974  8.14876e-02 |131  0.08330  9.58109e-02 |132  0.00591  3.57796e-02
133  0.13328  5.18990e-03 |134 -0.00491  5.96733e-02 |135 -0.04626  1.03176e-02
136 -0.05682  4.95337e-02 |137 -0.02207 -1.93897e-03 |138  0.09470 -5.90272e-02
139  0.03186  4.65392e-02 |140  0.01682 -2.78010e-02 |141 -0.02844  8.71242e-04
142 -0.01766  2.72675e-02 |143 -0.00561  9.50999e-04 |144 -0.00040  1.21880e-04
145  0.27250 -2.10757e-01 |146  0.18338 -1.63202e-01 |147  0.04585 -9.19339e-01
148  0.29653  1.80882e+00 |149 -0.47557  5.32175e-02 |150  0.31396 -1.98028e-02
151  0.18241 -1.10930e-01 |152  0.25993  1.45998e-01 |153  0.17742  1.59012e-02
154  0.23721  2.83429e-02 |155  0.10372  2.23347e-02 |156  0.29692  1.14291e-02
157  0.16881  1.98547e-01 |158  0.24623 -2.82827e-01 |159 -0.35142 -2.31724e-02
160  0.24296  6.83387e-02 |161  0.20136  1.87299e-01 |162  0.31645 -1.98239e-01
163 -0.38036 -2.05363e-02 |164  0.23616  6.20216e-02 |165  0.05090  2.62989e-01
166  0.11873  2.34195e-01 |167  0.32152 -1.16321e-01 |168  0.27214 -1.50074e-01
169  0.01273 -2.32659e-01 |170  0.39294  2.30258e-01 |171  0.09880 -4.73810e-01
172  0.16312 -9.16068e-02 |173  0.21852  1.83878e+00 |174  0.25706  2.62979e+00
175 -0.55191  8.85857e-02 |176  0.17220  6.79824e-02 |

 - final statistics:
176 variables; iteration 44; function evaluation 51
Function value 7.2871e+03; maximum gradient component mag 8.2425e-01
Exit code = 1;  converg criter 1.0000e+00
Var    Value     Gradient |Var    Value     Gradient |Var    Value     Gradient
  1 -0.42243  2.51335e-01 |  2  0.36967  1.08525e-01 |  3 -0.12919  8.24254e-01
  4 -0.00838  3.95123e-01 |  5 -0.70183 -1.67421e-01 |  6 -0.60708  1.36723e-01
  7  0.37611  3.07878e-01 |  8 -0.18540  1.25417e-01 |  9  0.03456 -3.03584e-02
 10 -0.60613 -7.68502e-02 | 11 -0.62454 -2.12233e-01 | 12 -0.08953 -1.11476e-01
 13 -0.01012 -8.45053e-03 | 14 -0.01034 -8.55908e-03 | 15 -0.01056 -8.65545e-03
 16 -0.01077 -8.74347e-03 | 17 -0.01098 -8.82249e-03 | 18 -0.01119 -8.88591e-03
 19 -0.01138 -8.93842e-03 | 20 -0.01157 -8.98131e-03 | 21 -0.01175 -9.00905e-03
 22 -0.01192 -9.02649e-03 | 23 -0.01207 -9.03837e-03 | 24 -0.01221 -9.03542e-03
 25 -0.01234 -9.02392e-03 | 26 -0.01245 -9.00080e-03 | 27 -0.01254 -8.96486e-03
 28 -0.01261 -8.91159e-03 | 29 -0.01266 -8.84798e-03 | 30 -0.01268 -8.77371e-03
 31 -0.01268 -8.69472e-03 | 32 -0.01266 -8.61384e-03 | 33 -0.01261 -8.52708e-03
 34 -0.01253 -8.43231e-03 | 35 -0.01242 -8.32928e-03 | 36 -0.01227 -8.20570e-03
 37 -0.01209 -8.06302e-03 | 38 -0.01188 -7.89824e-03 | 39 -0.01162 -7.71534e-03
 40 -0.01133 -7.51986e-03 | 41 -0.01100 -7.31404e-03 | 42 -0.01063 -7.10517e-03
 43 -0.01023 -6.88769e-03 | 44 -0.00979 -6.66360e-03 | 45 -0.00934 -6.43458e-03
 46 -0.00886 -6.19771e-03 | 47 -0.00838 -5.96001e-03 | 48 -0.00791 -5.71758e-03
 49 -0.00744 -5.46837e-03 | 50 -0.00700 -5.20038e-03 | 51 -0.00660 -4.90047e-03
 52 -0.00623 -4.56773e-03 | 53 -0.00592 -4.20233e-03 | 54 -0.00565 -3.80914e-03
 55 -0.00542 -3.39630e-03 | 56 -0.00521 -2.95829e-03 | 57 -0.00500 -2.47162e-03
 58 -0.00477 -1.92420e-03 | 59 -0.00450 -1.30347e-03 | 60 -0.00415 -5.80131e-04
 61 -0.00368  2.78901e-04 | 62 -0.00308  1.29956e-03 | 63 -0.00230  2.53889e-03
 64 -0.00131  4.04872e-03 | 65 -0.00008  5.88554e-03 | 66  0.00142  8.09814e-03
 67  0.00322  1.06972e-02 | 68  0.00532  1.36295e-02 | 69  0.00775  1.67698e-02
 70  0.01049  1.99499e-02 | 71  0.01352  2.31001e-02 | 72  0.01676  2.64306e-02
 73  0.02013  3.03802e-02 | 74  0.02348  3.50905e-02 | 75  0.02661  3.98067e-02
 76  0.02932  4.37042e-02 | 77  0.03139  4.66060e-02 | 78  0.03270  4.86158e-02
 79  0.03325  5.02494e-02 | 80  0.03310  5.12536e-02 | 81  0.03236  5.21436e-02
 82  0.03109  5.31558e-02 | 83  0.02924  5.47370e-02 | 84  0.02672  5.63265e-02
 85  0.02348  5.62685e-02 | 86  0.01968  5.35761e-02 | 87  0.01572  4.93804e-02
 88  0.01211  4.50154e-02 | 89  0.00928  4.04768e-02 | 90  0.00737  3.54961e-02
 91  0.00616  3.02053e-02 | 92  0.00527  2.48573e-02 | 93  0.00457  1.96264e-02
 94  0.00451  1.42068e-02 | 95  0.00520  8.30295e-03 | 96  0.00551  2.39687e-03
 97  0.00721 -6.45316e-03 | 98  0.00984 -1.60596e-02 | 99  0.01389 -2.75011e-02
100  0.01411 -3.78687e-02 |101  0.01288 -4.84352e-02 |102  0.01118 -5.61657e-02
103  0.00313 -6.01037e-02 |104  0.00393 -6.51024e-02 |105  0.02318 -9.00522e-02
106  0.02140 -1.07432e-01 |107 -0.00283 -1.07951e-01 |108  0.01578  1.91436e-02
109  0.08297 -6.01550e-02 |110  0.02858  6.85400e-02 |111 -0.01481 -1.47766e-03
112  0.00404  1.11533e-01 |113  0.01920  3.36115e-02 |114  0.03857  1.36676e-02
115  0.00359  6.38782e-02 |116 -0.06172  1.02971e-01 |117 -0.07816  9.96390e-02
118 -0.07710 -1.64006e-01 |119 -0.03524 -1.53675e-01 |120  0.07132  8.79272e-02
121  0.02456 -8.89460e-03 |122  0.01442 -2.47860e-01 |123 -0.02681 -6.66674e-03
124 -0.06635 -6.27722e-03 |125 -0.00591 -2.64825e-02 |126  0.00588  1.28657e-02
127 -0.02637  1.40434e-01 |128  0.02831  6.70985e-02 |129  0.07385  7.75167e-02
130  0.00973 -1.52281e-02 |131  0.08311 -1.00189e-01 |132  0.00596  1.23714e-02
133  0.13340  8.23734e-02 |134 -0.00489  4.11383e-02 |135 -0.04626  1.25115e-03
136 -0.05692 -3.96875e-03 |137 -0.02217 -3.73646e-02 |138  0.09483 -1.86737e-03
139  0.03168 -2.21827e-02 |140  0.01677 -4.72720e-02 |141 -0.02851 -2.28142e-02
142 -0.01777 -1.07449e-02 |143 -0.00576 -3.75103e-02 |144 -0.00040 -5.79169e-05
145  0.27229 -1.03257e-01 |146  0.18365 -5.64829e-02 |147  0.04584 -1.77652e-01
148  0.29648  4.23241e-01 |149 -0.47579  5.26684e-03 |150  0.31389 -1.23189e-02
151  0.18235 -8.87509e-02 |152  0.25991 -5.90592e-02 |153  0.17973  5.30823e-02
154  0.21624  1.09875e-03 |155  0.10366  5.99716e-03 |156  0.29690 -2.54710e-02
157  0.16872  1.72228e-02 |158  0.24620 -1.15007e-01 |159 -0.35154 -3.59768e-02
160  0.24291  7.58499e-03 |161  0.20134  1.67335e-01 |162  0.31649 -2.77622e-02
163 -0.38032 -6.32160e-03 |164  0.23617  1.92309e-02 |165  0.05069  2.35015e-03
166  0.11866  3.36210e-02 |167  0.32147 -1.01984e-01 |168  0.27212 -6.27010e-02
169  0.01272 -1.37075e-01 |170  0.39287  1.24202e-01 |171  0.09874 -1.08454e-01
172  0.16304  8.40458e-02 |173  0.21844  4.41229e-01 |174  0.25698  5.43463e-01
175 -0.55435 -2.97168e-02 |176  0.17097 -4.43469e-02 |

Initial statistics: 200 variables; iteration 0; function evaluation 0; phase 4
Function value 7.2871288e+03; maximum gradient component mag -1.3492e+01
Var    Value     Gradient |Var    Value     Gradient |Var    Value     Gradient
  1 -0.42243  2.51335e-01 |  2  0.36967  1.08525e-01 |  3 -0.12919  8.24254e-01
  4 -0.00838  3.95123e-01 |  5 -0.70183 -1.67421e-01 |  6 -0.60708  1.36723e-01
  7  0.37611  3.07878e-01 |  8 -0.18540  1.25417e-01 |  9  0.03456 -3.03584e-02
 10 -0.60613 -7.68502e-02 | 11 -0.62454 -2.12233e-01 | 12 -0.08953 -1.11476e-01
 13 -0.01012 -8.45053e-03 | 14 -0.01034 -8.55908e-03 | 15 -0.01056 -8.65545e-03
 16 -0.01077 -8.74347e-03 | 17 -0.01098 -8.82249e-03 | 18 -0.01119 -8.88591e-03
 19 -0.01138 -8.93842e-03 | 20 -0.01157 -8.98131e-03 | 21 -0.01175 -9.00905e-03
 22 -0.01192 -9.02649e-03 | 23 -0.01207 -9.03837e-03 | 24 -0.01221 -9.03542e-03
 25 -0.01234 -9.02392e-03 | 26 -0.01245 -9.00080e-03 | 27 -0.01254 -8.96486e-03
 28 -0.01261 -8.91159e-03 | 29 -0.01266 -8.84798e-03 | 30 -0.01268 -8.77371e-03
 31 -0.01268 -8.69472e-03 | 32 -0.01266 -8.61384e-03 | 33 -0.01261 -8.52708e-03
 34 -0.01253 -8.43231e-03 | 35 -0.01242 -8.32928e-03 | 36 -0.01227 -8.20570e-03
 37 -0.01209 -8.06302e-03 | 38 -0.01188 -7.89824e-03 | 39 -0.01162 -7.71534e-03
 40 -0.01133 -7.51986e-03 | 41 -0.01100 -7.31404e-03 | 42 -0.01063 -7.10517e-03
 43 -0.01023 -6.88769e-03 | 44 -0.00979 -6.66360e-03 | 45 -0.00934 -6.43458e-03
 46 -0.00886 -6.19771e-03 | 47 -0.00838 -5.96001e-03 | 48 -0.00791 -5.71758e-03
 49 -0.00744 -5.46837e-03 | 50 -0.00700 -5.20038e-03 | 51 -0.00660 -4.90047e-03
 52 -0.00623 -4.56773e-03 | 53 -0.00592 -4.20233e-03 | 54 -0.00565 -3.80914e-03
 55 -0.00542 -3.39630e-03 | 56 -0.00521 -2.95829e-03 | 57 -0.00500 -2.47162e-03
 58 -0.00477 -1.92420e-03 | 59 -0.00450 -1.30347e-03 | 60 -0.00415 -5.80131e-04
 61 -0.00368  2.78901e-04 | 62 -0.00308  1.29956e-03 | 63 -0.00230  2.53889e-03
 64 -0.00131  4.04872e-03 | 65 -0.00008  5.88554e-03 | 66  0.00142  8.09814e-03
 67  0.00322  1.06972e-02 | 68  0.00532  1.36295e-02 | 69  0.00775  1.67698e-02
 70  0.01049  1.99499e-02 | 71  0.01352  2.31001e-02 | 72  0.01676  2.64306e-02
 73  0.02013  3.03802e-02 | 74  0.02348  3.50905e-02 | 75  0.02661  3.98067e-02
 76  0.02932  4.37042e-02 | 77  0.03139  4.66060e-02 | 78  0.03270  4.86158e-02
 79  0.03325  5.02494e-02 | 80  0.03310  5.12536e-02 | 81  0.03236  5.21436e-02
 82  0.03109  5.31558e-02 | 83  0.02924  5.47370e-02 | 84  0.02672  5.63265e-02
 85  0.02348  5.62685e-02 | 86  0.01968  5.35761e-02 | 87  0.01572  4.93804e-02
 88  0.01211  4.50154e-02 | 89  0.00928  4.04768e-02 | 90  0.00737  3.54961e-02
 91  0.00616  3.02053e-02 | 92  0.00527  2.48573e-02 | 93  0.00457  1.96264e-02
 94  0.00451  1.42068e-02 | 95  0.00520  8.30295e-03 | 96  0.00551  2.39687e-03
 97  0.00721 -6.45316e-03 | 98  0.00984 -1.60596e-02 | 99  0.01389 -2.75011e-02
100  0.01411 -3.78687e-02 |101  0.01288 -4.84352e-02 |102  0.01118 -5.61657e-02
103  0.00313 -6.01037e-02 |104  0.00393 -6.51024e-02 |105  0.02318 -9.00522e-02
106  0.02140 -1.07432e-01 |107 -0.00283 -1.07951e-01 |108  0.01578  1.91436e-02
109  0.08297 -6.01550e-02 |110  0.02858  6.85400e-02 |111 -0.01481 -1.47766e-03
112  0.00404  1.11533e-01 |113  0.01920  3.36115e-02 |114  0.03857  1.36676e-02
115  0.00359  6.38782e-02 |116 -0.06172  1.02971e-01 |117 -0.07816  9.96390e-02
118 -0.07710 -1.64006e-01 |119 -0.03524 -1.53675e-01 |120  0.07132  8.79272e-02
121  0.02456 -8.89460e-03 |122  0.01442 -2.47860e-01 |123 -0.02681 -6.66674e-03
124 -0.06635 -6.27722e-03 |125 -0.00591 -2.64825e-02 |126  0.00588  1.28657e-02
127 -0.02637  1.40434e-01 |128  0.02831  6.70985e-02 |129  0.07385  7.75167e-02
130  0.00973 -1.52281e-02 |131  0.08311 -1.00189e-01 |132  0.00596  1.23714e-02
133  0.13340  8.23734e-02 |134 -0.00489  4.11383e-02 |135 -0.04626  1.25115e-03
136 -0.05692 -3.96875e-03 |137 -0.02217 -3.73646e-02 |138  0.09483 -1.86737e-03
139  0.03168 -2.21827e-02 |140  0.01677 -4.72720e-02 |141 -0.02851 -2.28142e-02
142 -0.01777 -1.07449e-02 |143 -0.00576 -3.75103e-02 |144 -0.00040 -5.79169e-05
145  0.27229 -1.03257e-01 |146  0.18365 -5.64829e-02 |147  0.04584 -1.77652e-01
148  0.29648  4.23241e-01 |149  0.01638  1.09340e+00 |150 -0.11477 -6.09908e+00
151 -0.47579  5.26684e-03 |152  0.31389 -1.23189e-02 |153  0.04878 -4.68080e-02
154 -0.23502  4.92688e-02 |155  0.18235 -8.87509e-02 |156  0.25991 -5.90592e-02
157  0.17973  5.30823e-02 |158  0.21624  1.09875e-03 |159  0.00587  5.67995e-02
160 -0.09827  4.54355e-01 |161  0.10366  5.99716e-03 |162  0.29690 -2.54710e-02
163  0.16872  1.72228e-02 |164  0.24620 -1.15007e-01 |165 -0.35154 -3.59768e-02
166  0.24291  7.58499e-03 |167  0.05275 -4.23087e-01 |168 -0.18762  9.18082e-01
169  0.20134  1.67335e-01 |170  0.31649 -2.77622e-02 |171  0.07774  4.56320e-01
172 -0.53183  9.22797e-05 |173 -0.38032 -6.32160e-03 |174  0.23617  1.92309e-02
175  0.07820 -4.26370e-01 |176 -0.12196  1.49399e+00 |177  0.05069  2.35015e-03
178  0.11866  3.36210e-02 |179  0.32147 -1.01984e-01 |180  0.27212 -6.27010e-02
181  0.00546 -4.54990e-02 |182  0.00907  1.11631e+00 |183 -0.15012  8.17051e-01
184 -0.12571 -1.76526e+00 |185  0.01272 -1.37075e-01 |186  0.39287  1.24202e-01
187  0.01863 -1.80515e-02 |188 -0.15435 -2.01488e-01 |189  0.09874 -1.08454e-01
190  0.16304  8.40458e-02 |191  0.21844  4.41229e-01 |192  0.25698  5.43463e-01
193  0.02453  2.89579e+00 |194 -0.00648  3.34639e+00 |195 -0.17628 -4.71384e+00
196 -0.11429 -1.34918e+01 |197 -0.55435 -2.97168e-02 |198  0.17097 -4.43469e-02
199  0.09511 -2.50645e-01 |200 -0.25343 -7.57500e-02 |

Intermediate statistics: 200 variables; iteration 20; function evaluation 23; phase 4
Function value 7.2871108e+03; maximum gradient component mag -1.3321e+01
Var    Value     Gradient |Var    Value     Gradient |Var    Value     Gradient
  1 -0.42228 -9.22398e-01 |  2  0.36960  4.18128e-02 |  3 -0.12999 -4.06271e+00
  4 -0.00773 -2.07636e+00 |  5 -0.70189  4.30442e-02 |  6 -0.60707  1.43218e+00
  7  0.37589 -9.18503e+00 |  8 -0.18618 -1.33213e+01 |  9  0.03523 -9.51373e+00
 10 -0.60656 -6.70697e-01 | 11 -0.62465 -2.31625e+00 | 12 -0.09069 -4.60963e-01
 13 -0.01014  3.20616e-03 | 14 -0.01036  3.27606e-03 | 15 -0.01058  3.34566e-03
 16 -0.01080  3.41462e-03 | 17 -0.01101  3.48323e-03 | 18 -0.01121  3.55095e-03
 19 -0.01141  3.61730e-03 | 20 -0.01160  3.68211e-03 | 21 -0.01178  3.74535e-03
 22 -0.01195  3.80695e-03 | 23 -0.01211  3.86693e-03 | 24 -0.01225  3.92560e-03
 25 -0.01238  3.98283e-03 | 26 -0.01249  4.03840e-03 | 27 -0.01258  4.09166e-03
 28 -0.01265  4.14191e-03 | 29 -0.01270  4.18856e-03 | 30 -0.01273  4.23159e-03
 31 -0.01273  4.27176e-03 | 32 -0.01271  4.30977e-03 | 33 -0.01267  4.34658e-03
 34 -0.01259  4.38291e-03 | 35 -0.01248  4.41906e-03 | 36 -0.01234  4.45514e-03
 37 -0.01216  4.49066e-03 | 38 -0.01195  4.52531e-03 | 39 -0.01170  4.55855e-03
 40 -0.01141  4.58815e-03 | 41 -0.01108  4.61764e-03 | 42 -0.01071  4.64608e-03
 43 -0.01032  4.67397e-03 | 44 -0.00989  4.70185e-03 | 45 -0.00943  4.72955e-03
 46 -0.00896  4.75706e-03 | 47 -0.00848  4.78536e-03 | 48 -0.00801  4.81664e-03
 49 -0.00755  4.85563e-03 | 50 -0.00711  4.90988e-03 | 51 -0.00671  4.98742e-03
 52 -0.00635  5.09336e-03 | 53 -0.00603  5.22984e-03 | 54 -0.00577  5.39460e-03
 55 -0.00554  5.58419e-03 | 56 -0.00533  5.79930e-03 | 57 -0.00512  6.04396e-03
 58 -0.00489  6.31998e-03 | 59 -0.00462  6.63045e-03 | 60 -0.00426  6.97705e-03
 61 -0.00380  7.36233e-03 | 62 -0.00320  7.78550e-03 | 63 -0.00242  8.24931e-03
 64 -0.00143  8.75850e-03 | 65 -0.00020  9.31667e-03 | 66  0.00130  9.93792e-03
 67  0.00310  1.06243e-02 | 68  0.00521  1.13766e-02 | 69  0.00763  1.21883e-02
 70  0.01037  1.30407e-02 | 71  0.01339  1.39133e-02 | 72  0.01664  1.48127e-02
 73  0.02000  1.57833e-02 | 74  0.02334  1.68399e-02 | 75  0.02648  1.78377e-02
 76  0.02918  1.85738e-02 | 77  0.03125  1.89483e-02 | 78  0.03258  1.89549e-02
 79  0.03313  1.87294e-02 | 80  0.03300  1.82585e-02 | 81  0.03227  1.77077e-02
 82  0.03101  1.71608e-02 | 83  0.02916  1.67235e-02 | 84  0.02664  1.62771e-02
 85  0.02341  1.55303e-02 | 86  0.01962  1.44174e-02 | 87  0.01568  1.32555e-02
 88  0.01209  1.23476e-02 | 89  0.00927  1.18201e-02 | 90  0.00737  1.17979e-02
 91  0.00617  1.23388e-02 | 92  0.00529  1.32869e-02 | 93  0.00459  1.41969e-02
 94  0.00453  1.45117e-02 | 95  0.00523  1.39509e-02 | 96  0.00555  1.18536e-02
 97  0.00726  7.32160e-03 | 98  0.00991  2.30891e-03 | 99  0.01398 -2.61540e-03
100  0.01421 -5.45483e-03 |101  0.01299 -1.20246e-02 |102  0.01129 -2.11017e-02
103  0.00323 -3.21213e-02 |104  0.00402 -5.09139e-02 |105  0.02330 -7.78122e-02
106  0.02159 -1.00669e-01 |107 -0.00259 -1.06977e-01 |108  0.01552 -1.35006e-01
109  0.08324 -2.71106e-01 |110  0.02851 -1.56286e-01 |111 -0.01457 -1.37883e-01
112  0.00392 -1.88254e-01 |113  0.01938 -2.16940e-01 |114  0.03883 -2.20315e-01
115  0.00376 -1.41493e-01 |116 -0.06166 -7.45941e-02 |117 -0.07817 -7.01505e-02
118 -0.07651 -4.70150e-02 |119 -0.03475 -1.10073e-01 |120  0.07126 -2.78597e-01
121  0.02464 -1.23493e-02 |122  0.01509  1.13757e-01 |123 -0.02663  1.22345e-01
124 -0.06611  1.13281e-01 |125 -0.00554  2.03094e-01 |126  0.00625  2.24405e-01
127 -0.02645  1.28434e-01 |128  0.02867  1.35320e-01 |129  0.07404  1.92793e-01
130  0.01009  2.46124e-02 |131  0.08341  8.39185e-02 |132  0.00595 -2.08133e-03
133  0.13336 -5.80742e-02 |134 -0.00483 -3.56729e-02 |135 -0.04621 -7.68661e-03
136 -0.05689 -2.60034e-02 |137 -0.02210 -8.59153e-03 |138  0.09470 -2.68673e-02
139  0.03171 -2.28188e-02 |140  0.01688 -1.92037e-03 |141 -0.02847 -1.36617e-02
142 -0.01774 -1.80375e-02 |143 -0.00557  7.33270e-03 |144 -0.00040  1.86593e-04
145  0.27388 -1.68557e+00 |146  0.18457  1.04087e+00 |147  0.04673  8.89091e-01
148  0.29680 -4.52908e-01 |149  0.01455  3.71648e-01 |150 -0.11335 -1.18299e+00
151 -0.47590  5.18061e-03 |152  0.31395  2.81537e-03 |153  0.04882 -1.46986e-02
154 -0.23507 -3.81721e-02 |155  0.18325 -6.74116e-01 |156  0.26024  1.48789e+00
157  0.17940  5.36838e-02 |158  0.21622  4.57874e-03 |159  0.00552  6.28096e-02
160 -0.10105  4.75808e-01 |161  0.10501 -1.68269e-02 |162  0.29726  7.11893e-02
163  0.16965  2.60987e-02 |164  0.24655  1.28490e-01 |165 -0.35173 -2.65670e-01
166  0.24285  2.94973e-01 |167  0.05279 -8.84536e-01 |168 -0.18773 -4.27862e+00
169  0.20090 -1.64055e-01 |170  0.31638  1.15021e-01 |171  0.07780 -1.16644e+00
172 -0.53183  2.71044e-05 |173 -0.38062 -1.21560e-01 |174  0.23609  3.84559e-01
175  0.07813 -6.53938e-02 |176 -0.12193 -1.80760e-02 |177  0.05069  1.13479e-01
178  0.11960 -9.52366e-01 |179  0.32136 -1.86480e-01 |180  0.27262  1.49611e+00
181  0.00555  6.50184e-02 |182  0.00750 -6.53501e-01 |183 -0.15011 -1.37430e-01
184 -0.12499 -1.62060e+00 |185  0.01312 -1.01748e-02 |186  0.39280 -2.35894e-02
187  0.01828  1.52734e-02 |188 -0.15377 -2.75909e-02 |189  0.09916 -4.74240e-01
190  0.16369 -8.28703e+00 |191  0.21864 -1.00866e+00 |192  0.25752  1.20073e+01
193  0.02402 -2.57898e+00 |194 -0.00819 -3.06537e-01 |195 -0.17548 -2.27661e+00
196 -0.11316  3.46067e-01 |197 -0.55424  2.48529e-01 |198  0.17113 -1.56356e-02
199  0.09529  3.26050e+00 |200 -0.25308  9.72187e-01 |
200 variables; iteration 40; function evaluation 44; phase 4
Function value 7.2870738e+03; maximum gradient component mag 1.2769e+01
Var    Value     Gradient |Var    Value     Gradient |Var    Value     Gradient
  1 -0.42192  1.66489e+00 |  2  0.36961  1.91572e+00 |  3 -0.13038 -2.18516e+00
  4 -0.00764  1.16418e+00 |  5 -0.70280  1.97242e-01 |  6 -0.60667  5.16900e+00
  7  0.37630 -5.27604e+00 |  8 -0.18640 -6.86728e+00 |  9  0.03467 -6.39842e+00
 10 -0.60619 -3.98428e-01 | 11 -0.62460 -1.58926e+00 | 12 -0.10381 -5.62202e+00
 13 -0.01002 -9.52539e-03 | 14 -0.01024 -9.95149e-03 | 15 -0.01046 -1.04006e-02
 16 -0.01067 -1.08667e-02 | 17 -0.01088 -1.13525e-02 | 18 -0.01108 -1.18636e-02
 19 -0.01128 -1.23918e-02 | 20 -0.01147 -1.29345e-02 | 21 -0.01164 -1.34978e-02
 22 -0.01181 -1.40737e-02 | 23 -0.01196 -1.46546e-02 | 24 -0.01211 -1.52507e-02
 25 -0.01223 -1.58506e-02 | 26 -0.01234 -1.64544e-02 | 27 -0.01243 -1.70589e-02
 28 -0.01250 -1.76655e-02 | 29 -0.01255 -1.82606e-02 | 30 -0.01258 -1.88402e-02
 31 -0.01258 -1.93933e-02 | 32 -0.01255 -1.99098e-02 | 33 -0.01250 -2.03877e-02
 34 -0.01243 -2.08205e-02 | 35 -0.01232 -2.11985e-02 | 36 -0.01217 -2.15276e-02
 37 -0.01200 -2.17951e-02 | 38 -0.01178 -2.19968e-02 | 39 -0.01153 -2.21180e-02
 40 -0.01124 -2.21306e-02 | 41 -0.01091 -2.20375e-02 | 42 -0.01054 -2.18070e-02
 43 -0.01014 -2.14268e-02 | 44 -0.00971 -2.08733e-02 | 45 -0.00926 -2.01179e-02
 46 -0.00878 -1.91349e-02 | 47 -0.00830 -1.78863e-02 | 48 -0.00782 -1.63446e-02
 49 -0.00736 -1.44856e-02 | 50 -0.00692 -1.23094e-02 | 51 -0.00651 -9.83220e-03
 52 -0.00614 -7.06534e-03 | 53 -0.00583 -4.02442e-03 | 54 -0.00555 -7.01956e-04
 55 -0.00532  2.93387e-03 | 56 -0.00511  6.90105e-03 | 57 -0.00489  1.11861e-02
 58 -0.00466  1.57796e-02 | 59 -0.00437  2.06570e-02 | 60 -0.00401  2.57672e-02
 61 -0.00354  3.10501e-02 | 62 -0.00292  3.64512e-02 | 63 -0.00212  4.18743e-02
 64 -0.00111  4.72289e-02 | 65  0.00014  5.23941e-02 | 66  0.00166  5.73253e-02
 67  0.00348  6.19620e-02 | 68  0.00562  6.63117e-02 | 69  0.00807  7.04802e-02
 70  0.01085  7.45704e-02 | 71  0.01391  7.85636e-02 | 72  0.01720  8.20787e-02
 73  0.02061  8.44916e-02 | 74  0.02400  8.54673e-02 | 75  0.02719  8.55584e-02
 76  0.02996  8.53393e-02 | 77  0.03212  8.47303e-02 | 78  0.03354  8.33077e-02
 79  0.03419  8.00918e-02 | 80  0.03415  7.51308e-02 | 81  0.03351  6.75229e-02
 82  0.03232  5.67930e-02 | 83  0.03053  4.22672e-02 | 84  0.02805  2.45689e-02
 85  0.02485  5.71120e-03 | 86  0.02111 -1.29302e-02 | 87  0.01720 -3.21159e-02
 88  0.01365 -5.29551e-02 | 89  0.01088 -7.54447e-02 | 90  0.00903 -9.97533e-02
 91  0.00788 -1.26586e-01 | 92  0.00703 -1.56537e-01 | 93  0.00633 -1.89837e-01
 94  0.00625 -2.26347e-01 | 95  0.00688 -2.65467e-01 | 96  0.00704 -3.05813e-01
 97  0.00860 -3.45631e-01 | 98  0.01106 -3.87424e-01 | 99  0.01497 -4.30932e-01
100  0.01500 -4.59041e-01 |101  0.01360 -4.75446e-01 |102  0.01167 -4.84362e-01
103  0.00330 -4.62246e-01 |104  0.00390 -4.58666e-01 |105  0.02288 -4.68760e-01
106  0.02097 -3.27223e-01 |107 -0.00288 -1.14267e-01 |108  0.01456 -1.40080e-01
109  0.08203  2.50068e-01 |110  0.02717  2.36762e-01 |111 -0.01543  2.68485e-01
112  0.00227  8.39076e-02 |113  0.01771  2.42664e-02 |114  0.03663 -2.24876e-01
115  0.00150 -3.09538e-01 |116 -0.06333 -9.72055e-02 |117 -0.08011 -1.80105e-01
118 -0.07856 -1.22264e-01 |119 -0.03635  7.24909e-02 |120  0.06882  1.60080e-01
121  0.02234  9.42223e-02 |122  0.01251  9.28112e-02 |123 -0.02899  4.26144e-02
124 -0.06793  9.26600e-02 |125 -0.00824 -6.97743e-02 |126  0.00362  2.68749e-02
127 -0.02858 -1.20448e-02 |128  0.02670  2.02034e-01 |129  0.07140  7.31735e-02
130  0.00910  2.23346e-01 |131  0.08158  1.21489e-01 |132  0.00509  6.58009e-02
133  0.13146 -4.94012e-01 |134 -0.00528  2.24632e-01 |135 -0.04629  1.82784e-01
136 -0.05699  1.14156e-01 |137 -0.02208  1.06303e-01 |138  0.09430  7.60319e-02
139  0.03152  7.23520e-02 |140  0.01668  6.54455e-02 |141 -0.02848  3.56372e-02
142 -0.01789 -3.23935e-03 |143 -0.00530  6.23654e-02 |144 -0.00039 -1.23663e-04
145  0.29345 -1.80365e+00 |146  0.20262  9.16761e-01 |147  0.04783 -6.85938e-01
148  0.29688  9.86049e-01 |149  0.01319 -1.91023e+00 |150 -0.11267 -1.90314e+00
151 -0.47658 -1.40341e-02 |152  0.31296 -2.32480e-02 |153  0.04909  1.20004e-01
154 -0.23405  1.84676e-01 |155  0.18473 -1.68621e+00 |156  0.26046  3.83365e+00
157  0.16402  1.35462e-01 |158  0.21466  1.57025e-01 |159 -0.01355  3.24110e-01
160 -0.21801  2.38483e-01 |161  0.10963  1.98563e+00 |162  0.29846 -1.45616e+00
163  0.16993 -1.64604e+00 |164  0.24642  1.75097e+00 |165 -0.35253 -6.83626e-01
166  0.24283  1.52768e+00 |167  0.05284 -5.85321e-01 |168 -0.18794 -7.89192e+00
169  0.19938  2.16065e-01 |170  0.31659  1.87259e+00 |171  0.07853  6.28688e+00
172 -0.53186  7.06589e-04 |173 -0.38352 -9.32461e-02 |174  0.23477 -6.24572e-01
175  0.07814 -3.00110e-01 |176 -0.12139 -1.58653e+00 |177  0.05230 -3.86301e-01
178  0.11932 -1.67628e+00 |179  0.32172 -2.42193e-01 |180  0.27213 -1.16630e-01
181  0.00369 -4.83394e-01 |182  0.00785 -7.98143e-01 |183 -0.14812 -2.52241e-01
184 -0.12461 -2.06333e+00 |185  0.01451 -2.15684e-01 |186  0.39313  4.57248e-02
187  0.01731 -8.43745e-01 |188 -0.15363 -1.00724e+00 |189  0.09954 -3.88649e+00
190  0.16427 -9.57187e+00 |191  0.21886  2.04415e+00 |192  0.25755  1.27686e+01
193  0.02396 -4.08844e+00 |194 -0.00877 -1.66749e+00 |195 -0.17502 -3.45598e+00
196 -0.11281 -2.73043e+00 |197 -0.55206  1.51002e-01 |198  0.17177 -6.36736e-02
199  0.09401  1.04786e-01 |200 -0.25256  2.13153e-01 |
200 variables; iteration 60; function evaluation 66; phase 4
Function value 7.2870502e+03; maximum gradient component mag 8.4971e+00
Var    Value     Gradient |Var    Value     Gradient |Var    Value     Gradient
  1 -0.42184  2.81206e+00 |  2  0.36962  2.04056e+00 |  3 -0.13039  1.26392e-01
  4 -0.00771  1.87378e+00 |  5 -0.70274  2.52207e-01 |  6 -0.60670  2.73998e+00
  7  0.37620 -9.13722e-01 |  8 -0.18652 -8.39927e-01 |  9  0.03498 -2.00774e+00
 10 -0.60717 -6.01314e-01 | 11 -0.62449 -7.35299e-01 | 12 -0.10656 -6.58345e+00
 13 -0.00992  1.28739e-02 | 14 -0.01014  1.33591e-02 | 15 -0.01035  1.38685e-02
 16 -0.01056  1.43991e-02 | 17 -0.01076  1.49482e-02 | 18 -0.01096  1.55220e-02
 19 -0.01115  1.61157e-02 | 20 -0.01134  1.67255e-02 | 21 -0.01151  1.73531e-02
 22 -0.01167  1.79903e-02 | 23 -0.01182  1.86276e-02 | 24 -0.01196  1.92681e-02
 25 -0.01208  1.99010e-02 | 26 -0.01218  2.05257e-02 | 27 -0.01227  2.11415e-02
 28 -0.01233  2.17502e-02 | 29 -0.01238  2.23386e-02 | 30 -0.01240  2.28965e-02
 31 -0.01240  2.34050e-02 | 32 -0.01237  2.38515e-02 | 33 -0.01231  2.42312e-02
 34 -0.01223  2.45398e-02 | 35 -0.01212  2.47731e-02 | 36 -0.01198  2.49384e-02
 37 -0.01180  2.50276e-02 | 38 -0.01158  2.50319e-02 | 39 -0.01133  2.49327e-02
 40 -0.01103  2.47153e-02 | 41 -0.01070  2.43476e-02 | 42 -0.01034  2.38151e-02
 43 -0.00994  2.31138e-02 | 44 -0.00951  2.22350e-02 | 45 -0.00906  2.11730e-02
 46 -0.00859  1.99262e-02 | 47 -0.00812  1.84861e-02 | 48 -0.00765  1.68539e-02
 49 -0.00719  1.50255e-02 | 50 -0.00676  1.29899e-02 | 51 -0.00636  1.07202e-02
 52 -0.00600  8.17574e-03 | 53 -0.00570  5.31678e-03 | 54 -0.00544  2.13152e-03
 55 -0.00522 -1.35654e-03 | 56 -0.00503 -5.10953e-03 | 57 -0.00483 -9.09248e-03
 58 -0.00462 -1.32634e-02 | 59 -0.00435 -1.75852e-02 | 60 -0.00400 -2.20082e-02
 61 -0.00355 -2.64873e-02 | 62 -0.00294 -3.09586e-02 | 63 -0.00216 -3.53833e-02
 64 -0.00116 -3.97552e-02 | 65  0.00008 -4.41058e-02 | 66  0.00160 -4.86002e-02
 67  0.00342 -5.34002e-02 | 68  0.00555 -5.86679e-02 | 69  0.00801 -6.43798e-02
 70  0.01079 -7.01507e-02 | 71  0.01386 -7.55816e-02 | 72  0.01716 -8.15175e-02
 73  0.02058 -9.08189e-02 | 74  0.02396 -1.05616e-01 | 75  0.02713 -1.21993e-01
 76  0.02990 -1.34220e-01 | 77  0.03209 -1.40844e-01 | 78  0.03356 -1.42940e-01
 79  0.03427 -1.44607e-01 | 80  0.03429 -1.44636e-01 | 81  0.03370 -1.47116e-01
 82  0.03255 -1.54343e-01 | 83  0.03075 -1.70069e-01 | 84  0.02824 -1.90933e-01
 85  0.02503 -2.06038e-01 | 86  0.02132 -2.10088e-01 | 87  0.01745 -2.11524e-01
 88  0.01391 -2.17149e-01 | 89  0.01116 -2.25373e-01 | 90  0.00933 -2.34507e-01
 91  0.00820 -2.44592e-01 | 92  0.00737 -2.55373e-01 | 93  0.00670 -2.65530e-01
 94  0.00666 -2.71848e-01 | 95  0.00735 -2.74696e-01 | 96  0.00753 -2.83578e-01
 97  0.00915 -2.80089e-01 | 98  0.01165 -2.83297e-01 | 99  0.01559 -2.87923e-01
100  0.01546 -3.18037e-01 |101  0.01390 -3.42722e-01 |102  0.01182 -3.58920e-01
103  0.00349 -3.13077e-01 |104  0.00427 -2.59027e-01 |105  0.02304 -2.90938e-01
106  0.02094 -2.31953e-01 |107 -0.00320 -1.58489e-01 |108  0.01329 -3.52872e-01
109  0.08329  5.27140e-01 |110  0.02501 -2.60331e-01 |111 -0.01595  1.88110e-01
112  0.00254  4.25114e-01 |113  0.01774  5.03554e-01 |114  0.03648  4.48654e-01
115  0.00154  3.51359e-01 |116 -0.06347  2.82642e-01 |117 -0.07973  3.19206e-01
118 -0.07923 -1.73594e-01 |119 -0.03706 -1.15289e-02 |120  0.06845  5.96268e-01
121  0.02194  4.06683e-01 |122  0.01177  1.54908e-01 |123 -0.02890  3.85975e-01
124 -0.06836  1.13726e-01 |125 -0.00883 -5.94151e-03 |126  0.00280 -1.87867e-02
127 -0.02875  9.89376e-02 |128  0.02653  2.35105e-01 |129  0.06995 -2.94310e-01
130  0.00910  1.45800e-01 |131  0.08031 -2.49972e-01 |132  0.00464 -3.93998e-03
133  0.13102 -3.19511e-01 |134 -0.00657 -2.49740e-01 |135 -0.04683  5.51418e-02
136 -0.05762 -6.11449e-02 |137 -0.02291 -1.31787e-01 |138  0.09384  1.20303e-02
139  0.03098 -2.38389e-02 |140  0.01569 -2.41280e-01 |141 -0.02878 -2.66080e-02
142 -0.01769  7.31082e-02 |143 -0.00510  1.14083e-01 |144 -0.00037  4.01871e-03
145  0.29795 -8.11222e-01 |146  0.20549  6.26841e-01 |147  0.04753 -1.61191e+00
148  0.29678  1.78316e+00 |149  0.01385 -1.23021e+00 |150 -0.11267 -1.90595e+00
151 -0.47680 -3.19025e-02 |152  0.31366  5.69667e-02 |153  0.04923  2.32742e-01
154 -0.23392  2.17099e-01 |155  0.18495 -1.36895e+00 |156  0.26046  3.04961e+00
157  0.14654 -1.87487e-01 |158  0.16134  1.68737e-01 |159 -0.06852  7.53274e-02
160 -0.26477  1.61900e-01 |161  0.10831  6.01456e-01 |162  0.29795 -1.05084e-01
163  0.17119 -7.20355e-01 |164  0.24704  1.67556e+00 |165 -0.35288 -5.28363e-01
166  0.24252  8.96123e-01 |167  0.05277 -6.07034e-01 |168 -0.18799 -6.44606e+00
169  0.19972 -5.07353e-02 |170  0.31629  3.96113e-01 |171  0.07835  2.04607e+00
172 -0.53191  3.47967e-04 |173 -0.38461 -1.49290e-01 |174  0.23445 -5.06931e-01
175  0.07834  2.36018e-02 |176 -0.12126 -1.07897e+00 |177  0.05348 -4.26506e-02
178  0.11984 -1.24432e+00 |179  0.32221  4.46353e-01 |180  0.27238  2.64487e-01
181  0.00299 -1.56544e-01 |182  0.00751 -6.66763e-01 |183 -0.14812 -1.54702e+00
184 -0.12437 -1.44538e+00 |185  0.01575  1.69837e-01 |186  0.39390  2.71671e-01
187  0.01628 -6.29675e-01 |188 -0.15263 -1.40108e-02 |189  0.09966 -4.35137e+00
190  0.16456 -6.54525e+00 |191  0.21891  2.53234e+00 |192  0.25754  8.49706e+00
193  0.02392 -4.09020e+00 |194 -0.00907 -1.66964e+00 |195 -0.17480 -2.69770e+00
196 -0.11272 -3.15127e+00 |197 -0.55067  1.20238e-01 |198  0.17269  1.21021e-01
199  0.09371 -6.76824e-01 |200 -0.25160  7.09761e-02 |
200 variables; iteration 80; function evaluation 86; phase 4
Function value 7.2870175e+03; maximum gradient component mag 6.2633e+00
Var    Value     Gradient |Var    Value     Gradient |Var    Value     Gradient
  1 -0.42195  9.50595e-01 |  2  0.36973 -9.77005e-02 |  3 -0.13012  2.43952e+00
  4 -0.00807  4.99487e-01 |  5 -0.70267 -2.94551e-01 |  6 -0.60687 -2.54611e+00
  7  0.37615  4.57101e+00 |  8 -0.18653  6.26334e+00 |  9  0.03530  5.50892e+00
 10 -0.60601  5.43171e-01 | 11 -0.62455  8.65144e-01 | 12 -0.10292 -6.97126e-01
 13 -0.01007 -1.73021e-02 | 14 -0.01029 -1.78365e-02 | 15 -0.01051 -1.83875e-02
 16 -0.01072 -1.89564e-02 | 17 -0.01093 -1.95457e-02 | 18 -0.01113 -2.01542e-02
 19 -0.01133 -2.07835e-02 | 20 -0.01152 -2.14354e-02 | 21 -0.01170 -2.21106e-02
 22 -0.01186 -2.28124e-02 | 23 -0.01202 -2.35442e-02 | 24 -0.01216 -2.43072e-02
 25 -0.01229 -2.51054e-02 | 26 -0.01240 -2.59405e-02 | 27 -0.01249 -2.68133e-02
 28 -0.01256 -2.77229e-02 | 29 -0.01261 -2.86714e-02 | 30 -0.01264 -2.96607e-02
 31 -0.01264 -3.06973e-02 | 32 -0.01262 -3.17867e-02 | 33 -0.01257 -3.29328e-02
 34 -0.01249 -3.41388e-02 | 35 -0.01238 -3.54064e-02 | 36 -0.01224 -3.67319e-02
 37 -0.01207 -3.81126e-02 | 38 -0.01186 -3.95441e-02 | 39 -0.01161 -4.10229e-02
 40 -0.01132 -4.25385e-02 | 41 -0.01099 -4.41016e-02 | 42 -0.01063 -4.57058e-02
 43 -0.01023 -4.73457e-02 | 44 -0.00980 -4.90152e-02 | 45 -0.00935 -5.07034e-02
 46 -0.00889 -5.23966e-02 | 47 -0.00841 -5.40843e-02 | 48 -0.00794 -5.57532e-02
 49 -0.00748 -5.73937e-02 | 50 -0.00704 -5.89970e-02 | 51 -0.00664 -6.05496e-02
 52 -0.00628 -6.20269e-02 | 53 -0.00597 -6.34049e-02 | 54 -0.00571 -6.46544e-02
 55 -0.00548 -6.57475e-02 | 56 -0.00527 -6.66703e-02 | 57 -0.00507 -6.74164e-02
 58 -0.00484 -6.79660e-02 | 59 -0.00457 -6.83149e-02 | 60 -0.00421 -6.84538e-02
 61 -0.00374 -6.83865e-02 | 62 -0.00313 -6.81025e-02 | 63 -0.00234 -6.76165e-02
 64 -0.00134 -6.69608e-02 | 65 -0.00009 -6.61608e-02 | 66  0.00143 -6.53291e-02
 67  0.00325 -6.44911e-02 | 68  0.00538 -6.36569e-02 | 69  0.00784 -6.28115e-02
 70  0.01061 -6.19759e-02 | 71  0.01367 -6.13722e-02 | 72  0.01695 -6.11224e-02
 73  0.02036 -6.01950e-02 | 74  0.02377 -5.66833e-02 | 75  0.02697 -5.14985e-02
 76  0.02975 -4.76677e-02 | 77  0.03190 -4.58225e-02 | 78  0.03329 -4.48127e-02
 79  0.03392 -4.26132e-02 | 80  0.03385 -4.01299e-02 | 81  0.03320 -3.60144e-02
 82  0.03202 -2.92467e-02 | 83  0.03027 -1.75770e-02 | 84  0.02785 -2.24033e-03
 85  0.02470  1.08085e-02 | 86  0.02096  1.88630e-02 | 87  0.01705  2.64597e-02
 88  0.01351  3.54441e-02 | 89  0.01074  4.47461e-02 | 90  0.00890  5.44495e-02
 91  0.00776  6.49448e-02 | 92  0.00692  7.61238e-02 | 93  0.00625  8.75581e-02
 94  0.00620  9.86475e-02 | 95  0.00688  1.09617e-01 | 96  0.00712  1.23422e-01
 97  0.00873  1.34782e-01 | 98  0.01125  1.48230e-01 | 99  0.01519  1.61581e-01
100  0.01534  1.86642e-01 |101  0.01402  2.08019e-01 |102  0.01218  2.21225e-01
103  0.00378  1.98966e-01 |104  0.00433  2.04242e-01 |105  0.02340  2.42152e-01
106  0.02125  1.97795e-01 |107 -0.00303  1.50628e-01 |108  0.01571  3.04701e-01
109  0.08122  3.92922e-02 |110  0.02774  1.93786e-01 |111 -0.01585  1.63785e-02
112  0.00269  1.04329e-01 |113  0.01814  2.26498e-01 |114  0.03756  3.91715e-01
115  0.00244  3.09034e-01 |116 -0.06310  7.43083e-03 |117 -0.07981 -1.18469e-01
118 -0.07809 -3.62605e-03 |119 -0.03581  8.22939e-02 |120  0.06893 -4.13744e-01
121  0.02271 -3.31674e-01 |122  0.01286 -2.40608e-01 |123 -0.02858 -1.27820e-01
124 -0.06790 -1.11291e-01 |125 -0.00747  1.14140e-02 |126  0.00427  7.23274e-02
127 -0.02816 -1.68180e-02 |128  0.02640 -5.61484e-02 |129  0.07240  1.33579e-01
130  0.00881  4.00315e-02 |131  0.08197 -3.14140e-02 |132  0.00556  1.32335e-01
133  0.13279  3.49107e-01 |134 -0.00530  1.10295e-01 |135 -0.04664 -2.58323e-02
136 -0.05732 -5.51187e-02 |137 -0.02243 -5.46073e-02 |138  0.09438  5.19689e-03
139  0.03129 -6.85209e-02 |140  0.01649 -7.96722e-02 |141 -0.02884 -1.18207e-01
142 -0.01779  1.01480e-02 |143 -0.00565 -1.00577e-02 |144 -0.00040  2.97739e-04
145  0.29172  1.06153e+00 |146  0.20082 -1.85573e-01 |147  0.04727 -3.18569e-01
148  0.29668  4.46119e-01 |149  0.01424  1.63844e-01 |150 -0.11267  3.28179e-01
151 -0.47567 -2.80886e-02 |152  0.31287 -7.33275e-02 |153  0.04856 -2.01045e-01
154 -0.23427  5.52701e-02 |155  0.18465  8.28108e-01 |156  0.26016 -1.67985e+00
157  0.13778 -1.50491e-01 |158  0.04825  4.69078e-02 |159 -0.08413  1.10307e-02
160 -0.31631  6.76475e-02 |161  0.10576 -9.72086e-01 |162  0.29709  1.19632e+00
163  0.17042  3.97549e-01 |164  0.24646 -1.03246e+00 |165 -0.35193  2.84285e-01
166  0.24254 -1.11309e+00 |167  0.05253 -1.84048e-01 |168 -0.18736  2.87370e+00
169  0.20001 -7.42706e-01 |170  0.31610 -2.63326e-01 |171  0.07800 -4.39272e+00
172 -0.53208 -1.82952e-04 |173 -0.37863  1.72673e-01 |174  0.23661 -3.33518e-01
175  0.07732  3.04557e-01 |176 -0.12115  1.23494e+00 |177  0.04953 -3.05027e-01
178  0.12022  4.57268e-01 |179  0.32096 -2.29914e-01 |180  0.27267  1.42171e-01
181  0.00632  1.88323e-01 |182  0.00736  5.16995e-01 |183 -0.14849  1.07723e-01
184 -0.12425  1.04432e+00 |185  0.01394  2.30086e-01 |186  0.39309 -9.57931e-03
187  0.01796  3.01608e-01 |188 -0.15302  3.50366e-01 |189  0.09963  3.45529e-01
190  0.16464  3.98433e+00 |191  0.21889  2.01836e-01 |192  0.25735 -5.96915e+00
193  0.02392  5.54366e-01 |194 -0.00912  3.71248e-01 |195 -0.17472  1.47180e+00
196 -0.11283 -2.48209e-01 |197 -0.55474 -2.55592e-01 |198  0.17106  2.17988e-01
199  0.09456 -1.87447e+00 |200 -0.25302 -6.64916e-01 |
200 variables; iteration 100; function evaluation 113; phase 4
Function value 7.2870060e+03; maximum gradient component mag -4.6646e-01
Var    Value     Gradient |Var    Value     Gradient |Var    Value     Gradient
  1 -0.42201  3.05182e-01 |  2  0.36966  6.75950e-02 |  3 -0.13010  1.74648e-01
  4 -0.00789  1.06151e-01 |  5 -0.70226  2.54762e-02 |  6 -0.60692  4.02620e-02
  7  0.37615  2.83673e-02 |  8 -0.18635  7.70277e-02 |  9  0.03510  4.37946e-02
 10 -0.60626  2.43103e-02 | 11 -0.62455  3.81949e-02 | 12 -0.09820 -4.66460e-01
 13 -0.01010 -3.22293e-04 | 14 -0.01032 -2.51081e-04 | 15 -0.01054 -1.72893e-04
 16 -0.01075 -7.95210e-05 | 17 -0.01096  2.87434e-05 | 18 -0.01117  1.41965e-04
 19 -0.01136  2.67970e-04 | 20 -0.01155  4.08092e-04 | 21 -0.01173  5.52822e-04
 22 -0.01190  7.07870e-04 | 23 -0.01205  8.77736e-04 | 24 -0.01219  1.04693e-03
 25 -0.01232  1.22156e-03 | 26 -0.01243  1.39387e-03 | 27 -0.01252  1.55738e-03
 28 -0.01259  1.70038e-03 | 29 -0.01264  1.82586e-03 | 30 -0.01266  1.92845e-03
 31 -0.01267  2.01075e-03 | 32 -0.01264  2.07134e-03 | 33 -0.01260  2.10014e-03
 34 -0.01252  2.08853e-03 | 35 -0.01241  2.02896e-03 | 36 -0.01227  1.89631e-03
 37 -0.01209  1.68143e-03 | 38 -0.01188  1.36852e-03 | 39 -0.01163  9.52569e-04
 40 -0.01134  4.34596e-04 | 41 -0.01101 -1.85121e-04 | 42 -0.01065 -8.92121e-04
 43 -0.01026 -1.68863e-03 | 44 -0.00983 -2.55930e-03 | 45 -0.00938 -3.48382e-03
 46 -0.00891 -4.44600e-03 | 47 -0.00844 -5.41193e-03 | 48 -0.00797 -6.36902e-03
 49 -0.00751 -7.30590e-03 | 50 -0.00707 -8.22755e-03 | 51 -0.00667 -9.13337e-03
 52 -0.00632 -1.00004e-02 | 53 -0.00601 -1.08079e-02 | 54 -0.00574 -1.15368e-02
 55 -0.00552 -1.21709e-02 | 56 -0.00531 -1.27035e-02 | 57 -0.00511 -1.31303e-02
 58 -0.00488 -1.34343e-02 | 59 -0.00460 -1.36138e-02 | 60 -0.00425 -1.36970e-02
 61 -0.00378 -1.37577e-02 | 62 -0.00318 -1.39348e-02 | 63 -0.00239 -1.44176e-02
 64 -0.00140 -1.53836e-02 | 65 -0.00017 -1.68461e-02 | 66  0.00134 -1.85558e-02
 67  0.00314 -2.00339e-02 | 68  0.00526 -2.09408e-02 | 69  0.00770 -2.12855e-02
 70  0.01046 -2.13174e-02 | 71  0.01350 -2.22193e-02 | 72  0.01675 -2.50013e-02
 73  0.02013 -2.74543e-02 | 74  0.02349 -3.13084e-02 | 75  0.02667 -2.98183e-02
 76  0.02950 -1.23349e-02 | 77  0.03169 -1.99286e-03 | 78  0.03301 -1.31439e-02
 79  0.03353 -2.82300e-02 | 80  0.03336 -4.43197e-02 | 81  0.03265 -5.26080e-02
 82  0.03148 -4.38560e-02 | 83  0.02983 -1.68335e-02 | 84  0.02739 -7.97125e-03
 85  0.02410 -2.61102e-02 | 86  0.02030 -3.39923e-02 | 87  0.01639 -3.34099e-02
 88  0.01283 -3.08237e-02 | 89  0.01005 -3.01259e-02 | 90  0.00817 -3.02309e-02
 91  0.00701 -3.02080e-02 | 92  0.00615 -3.01973e-02 | 93  0.00546 -2.98315e-02
 94  0.00543 -2.80887e-02 | 95  0.00613 -2.67826e-02 | 96  0.00639 -3.26010e-02
 97  0.00809 -2.86993e-02 | 98  0.01071 -2.23109e-02 | 99  0.01476 -1.47681e-02
100  0.01486 -2.15877e-02 |101  0.01351 -2.60324e-02 |102  0.01168 -3.07450e-02
103  0.00348 -2.45511e-02 |104  0.00404 -4.56769e-02 |105  0.02332 -3.12639e-03
106  0.02152  3.29242e-02 |107 -0.00249  9.80142e-02 |108  0.01509 -2.52026e-02
109  0.08270  4.14537e-02 |110  0.02779 -5.42945e-03 |111 -0.01512  5.58972e-03
112  0.00343  5.72002e-02 |113  0.01878  4.83248e-02 |114  0.03798 -2.47696e-03
115  0.00295  2.04867e-02 |116 -0.06233  4.17926e-02 |117 -0.07883  5.07701e-02
118 -0.07735  2.98344e-02 |119 -0.03571 -5.42604e-02 |120  0.07031  1.00533e-01
121  0.02348 -1.95428e-02 |122  0.01389  5.42061e-02 |123 -0.02776  2.45424e-02
124 -0.06729 -8.19278e-02 |125 -0.00685 -1.93244e-02 |126  0.00508  7.10065e-02
127 -0.02736  3.74511e-02 |128  0.02720 -6.68028e-02 |129  0.07301  5.91382e-02
130  0.00925  2.83018e-02 |131  0.08272  5.89833e-02 |132  0.00522 -1.35990e-01
133  0.13287  2.18918e-02 |134 -0.00506  9.98514e-02 |135 -0.04634  4.21434e-02
136 -0.05714 -2.29070e-02 |137 -0.02210  3.26915e-02 |138  0.09450 -4.19428e-03
139  0.03166  3.85569e-02 |140  0.01670 -2.11351e-02 |141 -0.02834  4.53049e-02
142 -0.01789 -3.25707e-02 |143 -0.00560  3.28102e-03 |144 -0.00042 -3.03950e-03
145  0.28465 -3.16757e-02 |146  0.19374 -5.24372e-02 |147  0.04711 -5.20849e-02
148  0.29674  4.45348e-02 |149  0.01423 -2.80117e-02 |150 -0.11287 -6.28056e-02
151 -0.47548  1.60859e-03 |152  0.31406  2.11992e-02 |153  0.04869  4.88499e-03
154 -0.23467 -2.43507e-02 |155  0.18405 -7.73106e-02 |156  0.26019  5.06967e-02
157  0.15097  6.94007e-03 |158  0.02825  3.68985e-04 |159 -0.10803  6.21818e-03
160 -0.34326  2.73459e-02 |161  0.10615 -1.27304e-02 |162  0.29737  3.44333e-02
163  0.17030 -2.39004e-02 |164  0.24662  4.52207e-02 |165 -0.35207 -4.87344e-02
166  0.24272 -1.22622e-02 |167  0.05275 -1.10791e-02 |168 -0.18745 -1.38657e-01
169  0.20123 -6.22908e-03 |170  0.31646  1.02416e-02 |171  0.07794 -2.82618e-02
172 -0.53236  6.54552e-05 |173 -0.37977 -1.93936e-02 |174  0.23627 -1.09149e-03
175  0.07762  1.84279e-02 |176 -0.12151 -4.22468e-02 |177  0.05186  2.39240e-02
178  0.11994 -2.24005e-02 |179  0.32173  1.76585e-02 |180  0.27253  2.19544e-02
181  0.00443 -5.73468e-03 |182  0.00744 -2.38837e-02 |183 -0.14892 -1.11923e-02
184 -0.12451 -2.70036e-02 |185  0.01364 -3.37775e-02 |186  0.39295 -4.74255e-04
187  0.01805 -2.17753e-02 |188 -0.15335  1.38272e-02 |189  0.09947 -1.15929e-01
190  0.16438 -1.61732e-01 |191  0.21880  6.80986e-02 |192  0.25743  1.77027e-01
193  0.02400 -1.03932e-01 |194 -0.00886 -4.38037e-02 |195 -0.17502 -7.69423e-02
196 -0.11295 -1.89717e-01 |197 -0.55477 -2.42217e-02 |198  0.17084 -6.99674e-02
199  0.09493 -6.55330e-02 |200 -0.25226  1.37985e-02 |
200 variables; iteration 120; function evaluation 146; phase 4
Function value 7.2870051e+03; maximum gradient component mag -2.4768e-01
Var    Value     Gradient |Var    Value     Gradient |Var    Value     Gradient
  1 -0.42202 -5.09634e-02 |  2  0.36965 -4.26114e-02 |  3 -0.13009 -9.34354e-02
  4 -0.00787 -5.30536e-02 |  5 -0.70232  1.83036e-03 |  6 -0.60692  9.54143e-02
  7  0.37611 -1.76307e-01 |  8 -0.18635 -2.47679e-01 |  9  0.03515 -1.94327e-01
 10 -0.60639 -3.82907e-02 | 11 -0.62455 -4.57883e-02 | 12 -0.09760  2.12487e-01
 13 -0.01008  6.93879e-03 | 14 -0.01030  7.05771e-03 | 15 -0.01052  7.19093e-03
 16 -0.01074  7.33640e-03 | 17 -0.01095  7.48869e-03 | 18 -0.01115  7.64011e-03
 19 -0.01135  7.78526e-03 | 20 -0.01154  7.91681e-03 | 21 -0.01171  8.02731e-03
 22 -0.01188  8.10982e-03 | 23 -0.01204  8.15663e-03 | 24 -0.01218  8.16354e-03
 25 -0.01231  8.12477e-03 | 26 -0.01242  8.03821e-03 | 27 -0.01251  7.90355e-03
 28 -0.01258  7.72395e-03 | 29 -0.01263  7.49938e-03 | 30 -0.01266  7.23278e-03
 31 -0.01267  6.92481e-03 | 32 -0.01265  6.57804e-03 | 33 -0.01260  6.19880e-03
 34 -0.01252  5.79341e-03 | 35 -0.01242  5.36788e-03 | 36 -0.01228  4.93121e-03
 37 -0.01210  4.48397e-03 | 38 -0.01189  4.02236e-03 | 39 -0.01164  3.53440e-03
 40 -0.01135  3.00424e-03 | 41 -0.01103  2.41313e-03 | 42 -0.01066  1.74994e-03
 43 -0.01027  1.00993e-03 | 44 -0.00984  2.05629e-04 | 45 -0.00939 -6.30027e-04
 46 -0.00893 -1.44803e-03 | 47 -0.00845 -2.18402e-03 | 48 -0.00798 -2.78331e-03
 49 -0.00752 -3.20467e-03 | 50 -0.00708 -3.42408e-03 | 51 -0.00668 -3.42669e-03
 52 -0.00632 -3.21555e-03 | 53 -0.00601 -2.81508e-03 | 54 -0.00574 -2.26641e-03
 55 -0.00551 -1.61922e-03 | 56 -0.00530 -9.16415e-04 | 57 -0.00510 -1.98788e-04
 58 -0.00487  4.52574e-04 | 59 -0.00459  9.14787e-04 | 60 -0.00424  1.03530e-03
 61 -0.00378  6.56344e-04 | 62 -0.00317 -2.54035e-04 | 63 -0.00240 -1.33474e-03
 64 -0.00140 -1.61485e-03 | 65 -0.00016  1.27238e-04 | 66  0.00136  3.88406e-03
 67  0.00318  7.01345e-03 | 68  0.00529  6.34672e-03 | 69  0.00771  2.62771e-03
 70  0.01046  1.00886e-03 | 71  0.01350  2.68983e-03 | 72  0.01676  2.12983e-03
 73  0.02017  7.05276e-03 | 74  0.02356  1.20925e-02 | 75  0.02661 -8.81116e-03
 76  0.02945  1.03471e-02 | 77  0.03151  1.44670e-03 | 78  0.03287 -1.14229e-03
 79  0.03354  1.17332e-02 | 80  0.03345  1.26886e-02 | 81  0.03283  2.45517e-02
 82  0.03151  5.00191e-03 | 83  0.02975  1.44756e-02 | 84  0.02719 -6.35506e-05
 85  0.02396 -6.55533e-03 | 86  0.02032  1.86352e-02 | 87  0.01637  1.08291e-02
 88  0.01280  1.22481e-02 | 89  0.01001  9.80305e-03 | 90  0.00812  6.75181e-03
 91  0.00694  4.74919e-03 | 92  0.00608  5.75193e-03 | 93  0.00541  9.15133e-03
 94  0.00535  6.89682e-03 | 95  0.00605  7.99479e-03 | 96  0.00649  4.49375e-02
 97  0.00810  2.88205e-02 | 98  0.01061  6.11005e-03 | 99  0.01460 -3.40897e-04
100  0.01475 -1.29007e-03 |101  0.01350  7.69094e-03 |102  0.01174  1.73025e-02
103  0.00347 -5.22827e-03 |104  0.00425  1.30520e-02 |105  0.02322 -2.40911e-02
106  0.02162  3.49339e-02 |107 -0.00265  1.72562e-02 |108  0.01535  6.55965e-03
109  0.08267 -7.43467e-03 |110  0.02802  6.51904e-03 |111 -0.01504 -9.16061e-03
112  0.00350  8.03880e-03 |113  0.01876 -2.14946e-02 |114  0.03822  7.81497e-03
115  0.00304 -1.20818e-02 |116 -0.06228 -1.17447e-02 |117 -0.07880 -1.20446e-02
118 -0.07735 -3.70478e-02 |119 -0.03533  2.38177e-02 |120  0.07027 -3.47309e-02
121  0.02375 -1.61658e-02 |122  0.01397 -1.26338e-03 |123 -0.02772 -3.28333e-02
124 -0.06689  4.18166e-02 |125 -0.00661  4.80717e-03 |126  0.00489 -6.96122e-02
127 -0.02732  5.69662e-03 |128  0.02766  2.17583e-02 |129  0.07287 -4.06657e-02
130  0.00942 -1.05871e-02 |131  0.08255 -4.19596e-02 |132  0.00578  7.79721e-02
133  0.13285 -1.59096e-02 |134 -0.00526 -1.73797e-02 |135 -0.04646 -1.45993e-02
136 -0.05702  9.59728e-03 |137 -0.02227 -1.97554e-02 |138  0.09452  1.33891e-02
139  0.03155 -6.49960e-03 |140  0.01676 -4.19403e-03 |141 -0.02846 -1.92956e-03
142 -0.01771  1.96393e-02 |143 -0.00565 -1.33119e-02 |144 -0.00037  9.26042e-03
145  0.28376  4.14420e-04 |146  0.19314  2.68613e-02 |147  0.04709  5.69384e-02
148  0.29675 -6.29809e-02 |149  0.01424  1.27791e-02 |150 -0.11289  1.23202e-02
151 -0.47576  1.01088e-02 |152  0.31366 -1.13715e-02 |153  0.04875  3.17917e-03
154 -0.23469 -5.93329e-03 |155  0.18404  3.24996e-02 |156  0.26021 -7.29271e-04
157  0.14899 -4.24630e-03 |158 -0.01608 -1.19164e-04 |159 -0.12736 -7.58043e-04
160 -0.39371  6.66272e-03 |161  0.10608  3.99562e-02 |162  0.29736 -7.01498e-02
163  0.17024  1.23637e-03 |164  0.24661 -1.74202e-04 |165 -0.35162  1.60504e-02
166  0.24288  3.24099e-02 |167  0.05267  1.61505e-02 |168 -0.18745 -2.07960e-02
169  0.20118  1.84924e-02 |170  0.31645  1.26737e-03 |171  0.07794  1.50560e-01
172 -0.53292  3.23112e-05 |173 -0.37907  9.16198e-03 |174  0.23651  6.05381e-03
175  0.07749 -1.24415e-02 |176 -0.12156 -3.69121e-03 |177  0.05148 -1.27910e-02
178  0.11991  3.82589e-04 |179  0.32160 -1.76572e-02 |180  0.27252 -2.73809e-02
181  0.00477  1.59517e-02 |182  0.00746 -1.04669e-02 |183 -0.14903  1.25141e-02
184 -0.12454 -1.17553e-02 |185  0.01369  1.94204e-02 |186  0.39298  3.17363e-03
187  0.01803  8.99098e-04 |188 -0.15339 -1.51377e-02 |189  0.09945  9.13107e-02
190  0.16436 -5.38585e-03 |191  0.21880 -4.91900e-02 |192  0.25743  4.93110e-02
193  0.02401  5.00591e-02 |194 -0.00884  1.98361e-02 |195 -0.17504  6.29647e-03
196 -0.11296  6.75832e-02 |197 -0.55377  3.66392e-03 |198  0.17135  2.54583e-02
199  0.09488  5.11088e-02 |200 -0.25252  4.24121e-04 |
200 variables; iteration 140; function evaluation 181; phase 4
Function value 7.2870049e+03; maximum gradient component mag 9.5948e-03
Var    Value     Gradient |Var    Value     Gradient |Var    Value     Gradient
  1 -0.42202 -8.15070e-03 |  2  0.36965 -2.35459e-03 |  3 -0.13010 -4.74205e-03
  4 -0.00788 -3.58966e-03 |  5 -0.70231 -1.46445e-04 |  6 -0.60692 -2.80426e-03
  7  0.37613  3.71607e-03 |  8 -0.18635  3.17868e-03 |  9  0.03512  4.75722e-03
 10 -0.60632  9.47217e-04 | 11 -0.62455 -4.49979e-03 | 12 -0.09791  9.59475e-03
 13 -0.01010  5.59989e-04 | 14 -0.01032  5.29297e-04 | 15 -0.01054  4.67961e-04
 16 -0.01076  3.74784e-04 | 17 -0.01097  2.56547e-04 | 18 -0.01117  1.26776e-04
 19 -0.01137 -5.01315e-06 | 20 -0.01156 -1.25199e-04 | 21 -0.01174 -2.20248e-04
 22 -0.01191 -2.81005e-04 | 23 -0.01206 -2.99797e-04 | 24 -0.01220 -2.77228e-04
 25 -0.01233 -2.15411e-04 | 26 -0.01244 -1.23909e-04 | 27 -0.01253 -1.58578e-05
 28 -0.01260  9.13955e-05 | 29 -0.01265  1.88661e-04 | 30 -0.01268  2.65803e-04
 31 -0.01268  3.20223e-04 | 32 -0.01266  3.49423e-04 | 33 -0.01261  3.47891e-04
 34 -0.01253  3.12514e-04 | 35 -0.01243  2.42521e-04 | 36 -0.01229  1.34458e-04
 37 -0.01211  1.15239e-06 | 38 -0.01190 -1.33287e-04 | 39 -0.01165 -2.28485e-04
 40 -0.01136 -2.39347e-04 | 41 -0.01103 -1.31827e-04 | 42 -0.01066  9.04719e-05
 43 -0.01026  3.83844e-04 | 44 -0.00983  6.56854e-04 | 45 -0.00938  8.05059e-04
 46 -0.00891  7.63202e-04 | 47 -0.00844  5.38438e-04 | 48 -0.00796  2.16695e-04
 49 -0.00750 -8.98087e-05 | 50 -0.00707 -2.96880e-04 | 51 -0.00667 -3.72700e-04
 52 -0.00631 -3.29208e-04 | 53 -0.00599 -2.04941e-04 | 54 -0.00573 -4.16748e-05
 55 -0.00550  1.29559e-04 | 56 -0.00529  2.89216e-04 | 57 -0.00509  4.22251e-04
 58 -0.00486  5.09563e-04 | 59 -0.00459  5.27193e-04 | 60 -0.00423  4.63493e-04
 61 -0.00377  3.66089e-04 | 62 -0.00316  3.93674e-04 | 63 -0.00238  7.18407e-04
 64 -0.00138  1.17330e-03 | 65 -0.00015  1.25437e-03 | 66  0.00136  1.21882e-03
 67  0.00316  1.30437e-03 | 68  0.00528  4.99733e-05 | 69  0.00772 -5.76569e-05
 70  0.01047  1.07787e-03 | 71  0.01351  1.37778e-03 | 72  0.01677 -5.90402e-04
 73  0.02017  2.22157e-03 | 74  0.02353  3.47366e-05 | 75  0.02669 -1.41597e-03
 76  0.02943  2.82540e-04 | 77  0.03156  1.47734e-03 | 78  0.03293  1.28547e-03
 79  0.03353  2.31470e-04 | 80  0.03344 -2.49477e-04 | 81  0.03277  1.26332e-03
 82  0.03155  1.16193e-03 | 83  0.02974 -8.52701e-04 | 84  0.02726  1.02016e-03
 85  0.02407  2.30625e-03 | 86  0.02031  1.01014e-03 | 87  0.01638 -2.25724e-04
 88  0.01283  1.85826e-03 | 89  0.01003  9.01483e-04 | 90  0.00817  1.69888e-03
 91  0.00700  1.48149e-03 | 92  0.00614  8.18454e-04 | 93  0.00545  6.38548e-04
 94  0.00540  6.90890e-04 | 95  0.00611  2.18896e-03 | 96  0.00638  1.07517e-03
 97  0.00806 -1.30840e-03 | 98  0.01066  1.91236e-03 | 99  0.01467  3.39501e-04
100  0.01482  1.51718e-03 |101  0.01352  1.57703e-03 |102  0.01170 -6.94239e-04
103  0.00352  1.42662e-03 |104  0.00420 -7.95597e-04 |105  0.02336  2.20622e-03
106  0.02149 -1.23241e-03 |107 -0.00271 -3.10194e-04 |108  0.01532 -1.35080e-03
109  0.08267 -2.33662e-03 |110  0.02795 -1.79986e-03 |111 -0.01503 -8.78062e-04
112  0.00341 -1.68839e-03 |113  0.01878 -3.39446e-03 |114  0.03814 -2.23902e-03
115  0.00302 -2.28565e-03 |116 -0.06231 -2.26865e-03 |117 -0.07883 -5.61985e-04
118 -0.07732  2.40843e-04 |119 -0.03545 -2.10101e-03 |120  0.07025 -3.45730e-03
121  0.02370 -2.04014e-03 |122  0.01390 -1.59235e-03 |123 -0.02771 -2.96301e-04
124 -0.06704 -1.00995e-03 |125 -0.00671 -1.35992e-03 |126  0.00500  8.46318e-04
127 -0.02740  9.62202e-04 |128  0.02750 -8.85805e-04 |129  0.07292  5.79671e-04
130  0.00933  1.19836e-03 |131  0.08262  1.24222e-03 |132  0.00557 -1.08048e-03
133  0.13287  1.27393e-03 |134 -0.00525  9.20104e-04 |135 -0.04643  1.24632e-03
136 -0.05706  3.42317e-04 |137 -0.02221  2.49846e-04 |138  0.09450  1.12370e-03
139  0.03156 -9.61924e-04 |140  0.01676  2.10659e-03 |141 -0.02846  8.89715e-04
142 -0.01778 -8.17539e-04 |143 -0.00560  8.24439e-04 |144 -0.00041 -8.94392e-04
145  0.28420  1.63541e-03 |146  0.19348 -7.95816e-04 |147  0.04710  5.43783e-04
148  0.29674  4.93592e-04 |149  0.01424  1.54516e-03 |150 -0.11288  3.21319e-03
151 -0.47577  1.11122e-04 |152  0.31373 -6.40643e-04 |153  0.04876 -5.98124e-04
154 -0.23465  2.83362e-04 |155  0.18405  1.07665e-03 |156  0.26020 -3.03527e-03
157  0.14708  2.13596e-03 |158 -0.05518 -3.08987e-04 |159 -0.14698 -6.89492e-04
160 -0.44441  3.99664e-04 |161  0.10610 -7.66870e-04 |162  0.29736  6.03997e-04
163  0.17027  4.67537e-04 |164  0.24661 -1.88791e-03 |165 -0.35176 -7.62921e-07
166  0.24283 -1.44247e-03 |167  0.05269  8.52657e-04 |168 -0.18744  4.88613e-03
169  0.20122 -1.81845e-03 |170  0.31646 -6.95263e-04 |171  0.07794 -4.21529e-03
172 -0.53340 -1.89148e-05 |173 -0.37933 -4.27877e-04 |174  0.23642 -3.20835e-04
175  0.07753  5.75082e-04 |176 -0.12154  8.76059e-04 |177  0.05166 -7.24913e-04
178  0.11993  9.88690e-04 |179  0.32166 -2.12469e-04 |180  0.27253  1.32620e-04
181  0.00460  6.06461e-05 |182  0.00745  1.96677e-04 |183 -0.14897  1.29233e-03
184 -0.12452  1.67117e-03 |185  0.01367 -6.17676e-04 |186  0.39296 -6.34026e-04
187  0.01805  2.72573e-04 |188 -0.15337  3.00291e-04 |189  0.09946  2.83907e-03
190  0.16437  7.93257e-03 |191  0.21880 -6.95719e-04 |192  0.25743 -8.59158e-03
193  0.02400  3.38276e-03 |194 -0.00885  2.76769e-03 |195 -0.17503  3.42917e-03
196 -0.11296  8.73018e-03 |197 -0.55397 -7.26455e-04 |198  0.17123 -1.14030e-03
199  0.09488 -2.17964e-03 |200 -0.25242 -1.68859e-04 |
200 variables; iteration 160; function evaluation 218; phase 4
Function value 7.2870047e+03; maximum gradient component mag -2.1392e-01
Var    Value     Gradient |Var    Value     Gradient |Var    Value     Gradient
  1 -0.42199  2.02798e-01 |  2  0.36968  3.46308e-02 |  3 -0.13011  1.63614e-01
  4 -0.00794  8.30709e-02 |  5 -0.70235  1.85331e-03 |  6 -0.60690 -6.23917e-03
  7  0.37620  2.34354e-02 |  8 -0.18638  7.18174e-02 |  9  0.03501  3.92042e-02
 10 -0.60630  8.20471e-03 | 11 -0.62450  1.27637e-01 | 12 -0.09872 -2.13925e-01
 13 -0.01010  2.10629e-03 | 14 -0.01031  2.71476e-03 | 15 -0.01053  2.46133e-03
 16 -0.01075  1.31019e-03 | 17 -0.01097 -4.62722e-04 | 18 -0.01118 -2.38321e-03
 19 -0.01139 -4.06121e-03 | 20 -0.01158 -5.21161e-03 | 21 -0.01176 -5.70967e-03
 22 -0.01193 -5.49375e-03 | 23 -0.01208 -4.47395e-03 | 24 -0.01221 -2.69163e-03
 25 -0.01233 -4.20914e-04 | 26 -0.01243  1.57896e-03 | 27 -0.01252  2.31280e-03
 28 -0.01260  1.19472e-03 | 29 -0.01266 -1.53780e-03 | 30 -0.01270 -4.71845e-03
 31 -0.01271 -7.00792e-03 | 32 -0.01269 -7.44337e-03 | 33 -0.01263 -5.87580e-03
 34 -0.01255 -3.23107e-03 | 35 -0.01243 -9.52018e-04 | 36 -0.01229 -1.63313e-04
 37 -0.01211 -1.06005e-03 | 38 -0.01191 -2.94414e-03 | 39 -0.01166 -4.92029e-03
 40 -0.01138 -6.18127e-03 | 41 -0.01105 -5.75008e-03 | 42 -0.01067 -3.38810e-03
 43 -0.01027 -1.06765e-03 | 44 -0.00984 -2.03188e-03 | 45 -0.00941 -6.35404e-03
 46 -0.00895 -9.41558e-03 | 47 -0.00846 -7.24456e-03 | 48 -0.00797 -1.72915e-03
 49 -0.00749  2.05770e-03 | 50 -0.00706  1.69076e-03 | 51 -0.00667 -1.35680e-03
 52 -0.00632 -4.50702e-03 | 53 -0.00601 -6.38975e-03 | 54 -0.00575 -7.01946e-03
 55 -0.00552 -6.93283e-03 | 56 -0.00531 -6.59817e-03 | 57 -0.00511 -6.30682e-03
 58 -0.00488 -6.25442e-03 | 59 -0.00461 -6.52811e-03 | 60 -0.00425 -6.83791e-03
 61 -0.00379 -6.48733e-03 | 62 -0.00318 -6.39012e-03 | 63 -0.00241 -1.08064e-02
 64 -0.00143 -1.47116e-02 | 65 -0.00016 -5.15742e-03 | 66  0.00139  4.49868e-03
 67  0.00319  3.58387e-03 | 68  0.00524 -1.37943e-02 | 69  0.00770 -1.12397e-02
 70  0.01048 -5.40160e-03 | 71  0.01348 -1.48563e-02 | 72  0.01668 -3.01091e-02
 73  0.02017 -8.06576e-03 | 74  0.02350 -1.81780e-02 | 75  0.02672 -8.25026e-03
 76  0.02946 -1.01485e-02 | 77  0.03158 -1.12078e-02 | 78  0.03296 -1.07177e-02
 79  0.03357 -1.17032e-02 | 80  0.03347 -1.41159e-02 | 81  0.03279 -1.59994e-02
 82  0.03158 -1.76916e-02 | 83  0.02977 -2.00116e-02 | 84  0.02728 -2.17525e-02
 85  0.02407 -2.39005e-02 | 86  0.02030 -2.85072e-02 | 87  0.01647 -1.02759e-02
 88  0.01290 -1.11473e-02 | 89  0.01009 -1.59942e-02 | 90  0.00822 -1.67141e-02
 91  0.00704 -1.95909e-02 | 92  0.00620 -1.67748e-02 | 93  0.00549 -2.12262e-02
 94  0.00546 -1.70243e-02 | 95  0.00612 -2.38636e-02 | 96  0.00639 -2.77686e-02
 97  0.00817 -2.11641e-03 | 98  0.01070 -1.48183e-02 | 99  0.01467 -2.41223e-02
100  0.01484 -1.55560e-02 |101  0.01351 -1.53593e-02 |102  0.01171 -1.21534e-02
103  0.00354 -2.44295e-03 |104  0.00418 -8.06089e-03 |105  0.02336  6.53181e-03
106  0.02146  3.17619e-03 |107 -0.00271  1.12798e-02 |108  0.01532  1.67778e-02
109  0.08265  4.24803e-02 |110  0.02796  3.50398e-02 |111 -0.01502  3.03091e-02
112  0.00344  3.93172e-02 |113  0.01882  5.04241e-02 |114  0.03818  6.41165e-02
115  0.00306  5.27618e-02 |116 -0.06226  3.17796e-02 |117 -0.07878  2.85605e-02
118 -0.07728  2.90848e-02 |119 -0.03541  3.47780e-02 |120  0.07030  7.53135e-02
121  0.02373  4.64349e-02 |122  0.01391  3.66048e-02 |123 -0.02771  2.27024e-02
124 -0.06704  1.03400e-02 |125 -0.00671  1.11685e-02 |126  0.00497  8.20172e-03
127 -0.02744  1.90554e-03 |128  0.02742 -4.33042e-03 |129  0.07289 -5.11819e-03
130  0.00925 -2.08116e-03 |131  0.08262 -3.74199e-03 |132  0.00556 -5.29813e-03
133  0.13289 -2.84616e-03 |134 -0.00527  3.86072e-04 |135 -0.04643  9.79233e-04
136 -0.05708 -8.21343e-04 |137 -0.02221 -3.36792e-04 |138  0.09450 -4.25903e-04
139  0.03155 -2.34354e-03 |140  0.01676  1.18935e-03 |141 -0.02845  3.15313e-04
142 -0.01779 -1.22890e-03 |143 -0.00562 -4.66654e-04 |144 -0.00043 -6.27411e-03
145  0.28521  3.25587e-04 |146  0.19446 -1.87013e-03 |147  0.04720 -9.64478e-03
148  0.29674 -1.89897e-02 |149  0.01421 -1.88198e-02 |150 -0.11284 -5.15305e-02
151 -0.47575  1.69998e-04 |152  0.31372 -7.94573e-04 |153  0.04874 -1.04124e-05
154 -0.23458  4.27514e-04 |155  0.18416 -1.57699e-02 |156  0.26020  3.80235e-03
157  0.12901  1.29080e-02 |158 -0.09198 -4.57094e-04 |159 -0.13721  3.14982e-03
160 -0.49049 -8.38406e-04 |161  0.10627 -1.07687e-02 |162  0.29737  8.85472e-03
163  0.17040 -8.39339e-03 |164  0.24662  6.11547e-03 |165 -0.35171 -2.79638e-04
166  0.24284 -1.59583e-03 |167  0.05267 -1.75769e-03 |168 -0.18736  2.48025e-03
169  0.20153 -4.37245e-04 |170  0.31649  1.66276e-04 |171  0.07792 -8.33494e-03
172 -0.53239  5.43603e-05 |173 -0.37898  6.97196e-04 |174  0.23654 -2.03482e-03
175  0.07737 -3.15425e-04 |176 -0.12145  1.12262e-02 |177  0.05183  2.89548e-03
178  0.12003  4.07953e-03 |179  0.32167 -3.08259e-03 |180  0.27253 -4.75473e-03
181  0.00446 -8.21273e-05 |182  0.00742  1.50171e-03 |183 -0.14883 -1.59383e-02
184 -0.12446 -1.18757e-03 |185  0.01382  2.62488e-03 |186  0.39294 -2.48144e-03
187  0.01799  3.29559e-03 |188 -0.15329  2.81512e-03 |189  0.09953 -1.40542e-02
190  0.16444 -6.11950e-02 |191  0.21881  2.63070e-04 |192  0.25742  1.14347e-02
193  0.02399 -2.33307e-02 |194 -0.00889 -3.93844e-02 |195 -0.17498 -2.14263e-02
196 -0.11292 -1.83948e-01 |197 -0.55395 -1.14583e-03 |198  0.17124 -1.45597e-03
199  0.09487 -5.34568e-03 |200 -0.25237 -1.69618e-03 |
200 variables; iteration 180; function evaluation 255; phase 4
Function value 7.2870047e+03; maximum gradient component mag 2.1702e-02
Var    Value     Gradient |Var    Value     Gradient |Var    Value     Gradient
  1 -0.42200 -2.01889e-02 |  2  0.36968 -3.68267e-03 |  3 -0.13010 -1.67923e-02
  4 -0.00793 -8.43208e-03 |  5 -0.70235 -4.85263e-04 |  6 -0.60690  1.74634e-03
  7  0.37620 -4.32373e-03 |  8 -0.18637 -9.84443e-03 |  9  0.03501 -6.12907e-03
 10 -0.60631 -1.47511e-03 | 11 -0.62451 -1.29336e-02 | 12 -0.09865  2.17017e-02
 13 -0.01012 -2.24503e-03 | 14 -0.01034 -2.43467e-03 | 15 -0.01055 -9.56065e-04
 16 -0.01076  1.06543e-03 | 17 -0.01097  1.76713e-03 | 18 -0.01118  5.76795e-04
 19 -0.01138 -9.26691e-04 | 20 -0.01157 -6.84660e-04 | 21 -0.01174  1.13256e-03
 22 -0.01191  2.06766e-03 | 23 -0.01207  6.05271e-04 | 24 -0.01222 -1.35005e-03
 25 -0.01234 -1.02421e-03 | 26 -0.01245  8.89511e-04 | 27 -0.01254  1.02073e-03
 28 -0.01262 -1.07526e-03 | 29 -0.01267 -1.89240e-03 | 30 -0.01269  2.46734e-04
 31 -0.01269  2.33812e-03 | 32 -0.01267  1.41033e-03 | 33 -0.01263 -7.16082e-04
 34 -0.01255 -4.45378e-04 | 35 -0.01244  1.04511e-03 | 36 -0.01230  8.54154e-05
 37 -0.01213 -1.40180e-03 | 38 -0.01191  3.58007e-04 | 39 -0.01165  1.49295e-03
 40 -0.01137 -3.63629e-04 | 41 -0.01104  1.58239e-04 | 42 -0.01067  9.63328e-04
 43 -0.01028 -1.34940e-03 | 44 -0.00985  2.71881e-04 | 45 -0.00939  3.20282e-03
 46 -0.00893  3.02776e-04 | 47 -0.00846 -4.96485e-04 | 48 -0.00797  2.32098e-03
 49 -0.00752  3.83382e-04 | 50 -0.00709 -3.37651e-03 | 51 -0.00669 -2.06173e-03
 52 -0.00631  2.19423e-03 | 53 -0.00599  4.15507e-03 | 54 -0.00573  2.75639e-03
 55 -0.00552 -8.18565e-05 | 56 -0.00532 -2.43869e-03 | 57 -0.00512 -3.21086e-03
 58 -0.00489 -1.93944e-03 | 59 -0.00460  6.92163e-04 | 60 -0.00425  1.90535e-03
 61 -0.00379 -5.48173e-04 | 62 -0.00319 -9.39271e-04 | 63 -0.00240  1.51728e-03
 64 -0.00141 -7.81605e-04 | 65 -0.00017 -2.28788e-04 | 66  0.00132 -5.37977e-03
 67  0.00316  3.81201e-03 | 68  0.00527  2.04809e-03 | 69  0.00771  2.95675e-03
 70  0.01048  5.02554e-03 | 71  0.01350  1.40555e-03 | 72  0.01678  4.08934e-03
 73  0.02015  5.48483e-04 | 74  0.02353  2.17356e-03 | 75  0.02669  1.71092e-04
 76  0.02943  3.24060e-04 | 77  0.03155  4.18907e-04 | 78  0.03293 -1.92531e-04
 79  0.03353  5.22586e-06 | 80  0.03346  9.77468e-04 | 81  0.03278  8.84496e-04
 82  0.03157  7.58337e-04 | 83  0.02978  1.37614e-03 | 84  0.02729  1.10530e-03
 85  0.02410  1.48595e-03 | 86  0.02035  2.25180e-03 | 87  0.01642 -3.98000e-05
 88  0.01286 -2.18757e-04 | 89  0.01011  9.82741e-03 | 90  0.00820 -5.78287e-04
 91  0.00705  4.78042e-03 | 92  0.00617  8.83570e-05 | 93  0.00550  3.82728e-03
 94  0.00543 -1.72044e-03 | 95  0.00613 -1.15446e-03 | 96  0.00643  4.14980e-03
 97  0.00809  8.78232e-04 | 98  0.01069  2.75313e-03 | 99  0.01469  1.36752e-03
100  0.01483  1.83259e-03 |101  0.01352  1.03759e-03 |102  0.01170 -8.32674e-04
103  0.00352  2.15958e-03 |104  0.00421  7.24907e-04 |105  0.02332 -3.25820e-03
106  0.02148  1.22082e-03 |107 -0.00271 -1.47272e-03 |108  0.01532 -1.46820e-03
109  0.08265 -4.15617e-03 |110  0.02796 -3.93346e-03 |111 -0.01503 -4.35285e-03
112  0.00345 -2.59893e-03 |113  0.01881 -6.49010e-03 |114  0.03818 -5.05429e-03
115  0.00306 -5.94357e-03 |116 -0.06226 -3.13083e-03 |117 -0.07878 -3.60974e-03
118 -0.07728 -3.91769e-03 |119 -0.03540 -2.63600e-03 |120  0.07030 -7.83472e-03
121  0.02373 -4.91201e-03 |122  0.01392 -3.38824e-03 |123 -0.02771 -3.51388e-03
124 -0.06703 -7.07729e-05 |125 -0.00670 -6.96240e-04 |126  0.00496 -2.58512e-03
127 -0.02744 -1.21338e-03 |128  0.02744  1.66625e-03 |129  0.07289 -6.28267e-04
130  0.00926 -9.33867e-04 |131  0.08262 -1.06286e-03 |132  0.00558  2.50462e-03
133  0.13288 -8.03543e-04 |134 -0.00527 -1.01340e-03 |135 -0.04644 -1.51245e-03
136 -0.05707  3.85217e-04 |137 -0.02221 -4.45326e-04 |138  0.09450 -5.37695e-04
139  0.03156  1.03634e-03 |140  0.01676 -1.09763e-03 |141 -0.02846 -9.06775e-04
142 -0.01778  5.77116e-04 |143 -0.00561  6.22094e-04 |144 -0.00040  4.81947e-04
145  0.28512  5.00401e-06 |146  0.19437 -2.89826e-04 |147  0.04720  1.43743e-03
148  0.29674  1.14733e-03 |149  0.01421  1.84324e-03 |150 -0.11285  4.96959e-03
151 -0.47575  5.16021e-04 |152  0.31372 -9.23980e-04 |153  0.04874  5.39435e-05
154 -0.23459 -4.94725e-04 |155  0.18415  1.84941e-03 |156  0.26020 -1.30713e-04
157  0.12090  6.04275e-04 |158 -0.09129 -4.49074e-04 |159 -0.12438  6.83607e-04
160 -0.48020 -1.28911e-04 |161  0.10626  1.75523e-03 |162  0.29737 -1.65654e-03
163  0.17039  1.16942e-03 |164  0.24662 -3.94973e-04 |165 -0.35171  7.39700e-04
166  0.24285  7.57201e-04 |167  0.05267  6.89696e-05 |168 -0.18737 -6.28356e-04
169  0.20151  5.75523e-04 |170  0.31649  5.18592e-05 |171  0.07792  2.85398e-03
172 -0.53269  3.10111e-05 |173 -0.37898  7.25991e-04 |174  0.23653  7.37661e-05
175  0.07738 -3.12269e-04 |176 -0.12146 -8.93365e-04 |177  0.05181 -2.25945e-04
178  0.12003 -4.46602e-04 |179  0.32167  1.79217e-04 |180  0.27253  1.57058e-04
181  0.00448 -8.97961e-05 |182  0.00742 -1.30970e-04 |183 -0.14884  1.52169e-03
184 -0.12447 -6.62495e-05 |185  0.01381  7.89179e-05 |186  0.39294  4.64197e-04
187  0.01799  7.99242e-05 |188 -0.15330 -4.79204e-04 |189  0.09952  2.03054e-03
190  0.16444  5.39486e-03 |191  0.21881 -6.11800e-04 |192  0.25742  8.57837e-06
193  0.02400  2.59743e-03 |194 -0.00889  3.77478e-03 |195 -0.17498  1.93839e-03
196 -0.11292  1.81632e-02 |197 -0.55393 -5.71342e-04 |198  0.17125  6.55183e-04
199  0.09487 -9.36483e-04 |200 -0.25238 -7.68146e-04 |
200 variables; iteration 200; function evaluation 290; phase 4
Function value 7.2870047e+03; maximum gradient component mag -4.2440e-02
Var    Value     Gradient |Var    Value     Gradient |Var    Value     Gradient
  1 -0.42200  3.94152e-02 |  2  0.36968  7.08782e-03 |  3 -0.13010  3.47158e-02
  4 -0.00794  1.67745e-02 |  5 -0.70235  5.41449e-04 |  6 -0.60690 -5.51228e-03
  7  0.37620  1.26663e-02 |  8 -0.18637  2.47925e-02 |  9  0.03501  1.73356e-02
 10 -0.60630  3.26800e-03 | 11 -0.62451  2.53377e-02 | 12 -0.09869 -4.24400e-02
 13 -0.01010  1.38566e-03 | 14 -0.01033  7.12821e-04 | 15 -0.01055 -1.52492e-03
 16 -0.01077 -1.86456e-03 | 17 -0.01097  1.33792e-04 | 18 -0.01118  6.63275e-04
 19 -0.01138 -1.36846e-03 | 20 -0.01157 -2.30940e-03 | 21 -0.01175 -1.02709e-03
 22 -0.01191 -5.46748e-04 | 23 -0.01207 -1.27920e-03 | 24 -0.01221 -1.02816e-03
 25 -0.01234 -4.31531e-04 | 26 -0.01245 -8.27083e-04 | 27 -0.01254 -8.71676e-04
 28 -0.01261  1.28937e-04 | 29 -0.01266  5.03900e-04 | 30 -0.01269 -6.52903e-04
 31 -0.01270 -1.78097e-03 | 32 -0.01267 -1.28366e-03 | 33 -0.01262 -1.40623e-04
 34 -0.01254 -1.77215e-04 | 35 -0.01244 -6.63245e-04 | 36 -0.01230 -2.16624e-04
 37 -0.01212 -6.28628e-04 | 38 -0.01191 -6.50105e-04 | 39 -0.01166 -2.90727e-04
 40 -0.01137 -2.13777e-03 | 41 -0.01104 -2.82140e-04 | 42 -0.01068 -1.26578e-03
 43 -0.01027  2.55359e-04 | 44 -0.00985 -1.23438e-03 | 45 -0.00940 -1.61636e-03
 46 -0.00893 -1.49746e-03 | 47 -0.00846 -3.12716e-03 | 48 -0.00795  5.34889e-03
 49 -0.00751  3.79920e-04 | 50 -0.00709 -3.30067e-03 | 51 -0.00667  1.64396e-03
 52 -0.00631  7.82450e-04 | 53 -0.00602 -3.14253e-03 | 54 -0.00575 -3.62276e-03
 55 -0.00552 -1.49035e-03 | 56 -0.00530  5.25872e-04 | 57 -0.00510  1.11252e-03
 58 -0.00487  3.13569e-04 | 59 -0.00460 -8.34860e-04 | 60 -0.00425 -1.49407e-03
 61 -0.00379 -1.09730e-03 | 62 -0.00317  1.30145e-03 | 63 -0.00242 -5.43358e-03
 64 -0.00141 -3.23243e-03 | 65 -0.00015  3.78749e-03 | 66  0.00132 -5.49501e-03
 67  0.00315 -7.80267e-04 | 68  0.00526 -1.94189e-03 | 69  0.00770 -2.15357e-03
 70  0.01046 -2.49356e-03 | 71  0.01350 -2.20336e-03 | 72  0.01675 -4.61458e-03
 73  0.02016 -4.62715e-04 | 74  0.02352 -3.35913e-03 | 75  0.02670 -1.98522e-03
 76  0.02944 -1.86721e-03 | 77  0.03156 -1.72519e-03 | 78  0.03294 -1.37538e-03
 79  0.03355 -1.80687e-03 | 80  0.03346 -3.49903e-03 | 81  0.03279 -3.11985e-03
 82  0.03158 -3.16967e-03 | 83  0.02977 -4.27809e-03 | 84  0.02730 -3.47715e-03
 85  0.02410 -3.58618e-03 | 86  0.02034 -4.97347e-03 | 87  0.01644 -2.36660e-03
 88  0.01287 -3.37102e-03 | 89  0.01009 -3.07273e-03 | 90  0.00821 -4.94174e-03
 91  0.00704 -5.36094e-03 | 92  0.00617 -7.50314e-03 | 93  0.00550 -2.51581e-03
 94  0.00547  1.39463e-03 | 95  0.00616 -6.36560e-04 | 96  0.00641 -5.56693e-03
 97  0.00810 -2.60964e-03 | 98  0.01068 -5.51634e-03 | 99  0.01470 -1.99090e-03
100  0.01483 -4.50658e-03 |101  0.01352 -2.86153e-03 |102  0.01171 -2.07069e-03
103  0.00353  2.33189e-03 |104  0.00419 -3.64568e-03 |105  0.02335  3.53838e-03
106  0.02147 -4.74308e-04 |107 -0.00271  1.52016e-03 |108  0.01532  2.52270e-03
109  0.08265  7.90197e-03 |110  0.02796  6.62881e-03 |111 -0.01502  6.64088e-03
112  0.00344  6.87394e-03 |113  0.01882  9.55673e-03 |114  0.03818  1.15341e-02
115  0.00306  1.00923e-02 |116 -0.06226  6.39317e-03 |117 -0.07878  6.04860e-03
118 -0.07728  6.76280e-03 |119 -0.03541  5.12220e-03 |120  0.07030  1.58006e-02
121  0.02373  9.27303e-03 |122  0.01391  6.43706e-03 |123 -0.02771  5.93773e-03
124 -0.06704 -5.79896e-04 |125 -0.00670  1.82878e-03 |126  0.00497  4.60153e-03
127 -0.02744  1.15917e-03 |128  0.02742 -2.97646e-03 |129  0.07290  8.74949e-04
130  0.00925  8.67071e-04 |131  0.08262  9.48017e-04 |132  0.00556 -5.38338e-03
133  0.13289 -1.55986e-04 |134 -0.00527  1.01902e-03 |135 -0.04643  1.80931e-03
136 -0.05708 -1.32092e-03 |137 -0.02221 -1.59803e-04 |138  0.09450 -3.32503e-04
139  0.03156 -2.03836e-03 |140  0.01676  4.91820e-04 |141 -0.02845  6.32064e-04
142 -0.01779 -1.34347e-03 |143 -0.00562  4.24712e-04 |144 -0.00042 -4.82659e-03
145  0.28517  1.31396e-03 |146  0.19442 -3.53134e-04 |147  0.04720 -3.20874e-03
148  0.29674 -2.23987e-03 |149  0.01421 -3.10908e-03 |150 -0.11284 -9.00648e-03
151 -0.47575 -1.05145e-03 |152  0.31373  1.23899e-03 |153  0.04874  4.50398e-05
154 -0.23458  5.18832e-04 |155  0.18416 -3.25459e-03 |156  0.26020 -1.71013e-03
157  0.12202  1.48260e-03 |158 -0.08029 -3.81829e-04 |159 -0.12906  5.94246e-04
160 -0.47359  3.83172e-04 |161  0.10626 -3.70308e-03 |162  0.29737  4.20195e-03
163  0.17040 -4.44607e-04 |164  0.24662  2.54183e-04 |165 -0.35172 -5.34150e-04
166  0.24284 -2.47179e-03 |167  0.05267 -2.12525e-04 |168 -0.18737  5.69668e-03
169  0.20153 -2.32437e-04 |170  0.31649 -5.74649e-04 |171  0.07792 -9.39511e-03
172 -0.53381 -6.16749e-05 |173 -0.37901 -7.59015e-04 |174  0.23653 -3.78023e-04
175  0.07738  3.54414e-04 |176 -0.12145  3.78747e-03 |177  0.05183  2.59143e-03
178  0.12003  1.53984e-03 |179  0.32167 -4.77079e-04 |180  0.27253 -4.03061e-04
181  0.00446 -8.15743e-04 |182  0.00742  1.30176e-03 |183 -0.14883 -2.12697e-03
184 -0.12446  1.26544e-03 |185  0.01382 -1.46917e-04 |186  0.39294 -4.38456e-04
187  0.01799  4.61178e-04 |188 -0.15329  1.78498e-03 |189  0.09952 -3.84942e-03
190  0.16444 -6.88414e-03 |191  0.21881  1.00881e-04 |192  0.25742 -5.56114e-03
193  0.02399 -3.55128e-03 |194 -0.00889 -7.05077e-03 |195 -0.17498 -2.34636e-03
196 -0.11292 -3.51985e-02 |197 -0.55392  3.25347e-04 |198  0.17125 -1.02321e-03
199  0.09486  2.26570e-04 |200 -0.25236  1.13080e-03 |
200 variables; iteration 220; function evaluation 325; phase 4
Function value 7.2870047e+03; maximum gradient component mag 1.0294e-02
Var    Value     Gradient |Var    Value     Gradient |Var    Value     Gradient
  1 -0.42200 -8.77076e-03 |  2  0.36968 -1.79920e-03 |  3 -0.13010 -8.04963e-03
  4 -0.00793 -3.96029e-03 |  5 -0.70235 -8.98049e-05 |  6 -0.60690  1.84512e-03
  7  0.37620 -3.55530e-03 |  8 -0.18637 -6.45394e-03 |  9  0.03501 -4.10418e-03
 10 -0.60631 -8.82571e-04 | 11 -0.62451 -6.18765e-03 | 12 -0.09867  1.02936e-02
 13 -0.01009  4.68117e-03 | 14 -0.01034 -1.99323e-03 | 15 -0.01055 -5.19005e-04
 16 -0.01076  1.92711e-03 | 17 -0.01098 -1.49358e-03 | 18 -0.01118  6.81227e-04
 19 -0.01138 -5.50281e-06 | 20 -0.01156  4.77528e-04 | 21 -0.01174  2.06013e-03
 22 -0.01192 -2.41541e-03 | 23 -0.01206  2.00597e-03 | 24 -0.01221  2.56676e-04
 25 -0.01234 -2.66576e-04 | 26 -0.01245  9.79232e-04 | 27 -0.01254 -5.21965e-04
 28 -0.01261  1.15923e-03 | 29 -0.01267 -1.00209e-03 | 30 -0.01269  9.16898e-04
 31 -0.01270 -2.70918e-04 | 32 -0.01267  9.45581e-04 | 33 -0.01263 -7.41307e-04
 34 -0.01254  7.54735e-04 | 35 -0.01244 -2.17850e-04 | 36 -0.01230  1.29309e-04
 37 -0.01212  8.35186e-04 | 38 -0.01191 -6.45845e-04 | 39 -0.01165  1.20409e-03
 40 -0.01137 -2.12888e-04 | 41 -0.01104  4.50332e-04 | 42 -0.01067  1.14594e-03
 43 -0.01028  2.82419e-04 | 44 -0.00986 -2.75548e-03 | 45 -0.00939  2.54707e-03
 46 -0.00893  6.64716e-04 | 47 -0.00846 -2.70783e-03 | 48 -0.00799 -2.92711e-03
 49 -0.00752  2.11619e-04 | 50 -0.00708 -2.99144e-04 | 51 -0.00667  3.17549e-03
 52 -0.00633 -3.32818e-03 | 53 -0.00600  1.69478e-03 | 54 -0.00574  2.54812e-03
 55 -0.00552 -7.80129e-04 | 56 -0.00531  5.94177e-04 | 57 -0.00510  1.86537e-03
 58 -0.00489 -1.11711e-03 | 59 -0.00460  2.64211e-03 | 60 -0.00425  3.50185e-04
 61 -0.00379 -1.67248e-04 | 62 -0.00319 -1.39738e-03 | 63 -0.00239  1.42449e-03
 64 -0.00140  1.30461e-03 | 65 -0.00017 -6.84374e-04 | 66  0.00135  2.74186e-03
 67  0.00314 -1.71048e-04 | 68  0.00527  1.25987e-03 | 69  0.00770 -2.82415e-04
 70  0.01046  3.06624e-05 | 71  0.01350  3.37309e-04 | 72  0.01677  6.71364e-04
 73  0.02015 -3.79452e-04 | 74  0.02353  6.05011e-04 | 75  0.02669  4.85736e-04
 76  0.02943  3.54738e-04 | 77  0.03156  2.12809e-04 | 78  0.03293  3.16575e-04
 79  0.03354  4.35869e-04 | 80  0.03346  8.82260e-04 | 81  0.03279  7.64921e-04
 82  0.03158  8.95972e-04 | 83  0.02978  1.20891e-03 | 84  0.02730  1.00325e-03
 85  0.02410  9.83911e-04 | 86  0.02035  1.48348e-03 | 87  0.01643  9.02163e-04
 88  0.01287  1.42392e-03 | 89  0.01008  6.43915e-04 | 90  0.00821  1.43694e-03
 91  0.00704  1.21452e-03 | 92  0.00618  1.13001e-03 | 93  0.00549  5.56589e-04
 94  0.00544  5.40291e-05 | 95  0.00614 -1.88540e-04 | 96  0.00642  7.44501e-04
 97  0.00810  2.63286e-04 | 98  0.01069  1.63183e-03 | 99  0.01469  3.57343e-04
100  0.01484  1.64909e-03 |101  0.01352  1.17096e-03 |102  0.01171  1.05168e-03
103  0.00351 -1.41439e-03 |104  0.00421  1.55555e-04 |105  0.02333 -5.17338e-04
106  0.02148  6.16127e-04 |107 -0.00271 -9.97033e-04 |108  0.01533 -5.86929e-04
109  0.08266 -1.78983e-03 |110  0.02796 -2.09824e-03 |111 -0.01502 -1.37413e-03
112  0.00344 -1.99644e-03 |113  0.01882 -2.10619e-03 |114  0.03818 -3.08879e-03
115  0.00306 -2.28202e-03 |116 -0.06226 -1.70520e-03 |117 -0.07878 -1.30612e-03
118 -0.07728 -1.45497e-03 |119 -0.03540 -1.04821e-03 |120  0.07030 -3.39208e-03
121  0.02374 -1.76399e-03 |122  0.01392 -1.27423e-03 |123 -0.02771 -1.30114e-03
124 -0.06703  4.08893e-04 |125 -0.00670 -4.81968e-04 |126  0.00497 -1.14187e-03
127 -0.02744  2.09698e-05 |128  0.02743  7.05387e-04 |129  0.07289 -2.01872e-04
130  0.00926 -2.47124e-04 |131  0.08262 -4.68810e-04 |132  0.00557  1.34096e-03
133  0.13289 -1.96753e-04 |134 -0.00527 -2.87931e-04 |135 -0.04644 -3.93485e-04
136 -0.05707  3.08317e-04 |137 -0.02220  5.36049e-05 |138  0.09450  1.70780e-04
139  0.03156  3.28221e-04 |140  0.01676  5.59170e-05 |141 -0.02846 -2.01703e-04
142 -0.01778  1.98935e-04 |143 -0.00562 -4.90365e-04 |144 -0.00040  2.02002e-03
145  0.28515 -1.06360e-04 |146  0.19440 -3.25369e-04 |147  0.04720  8.62812e-04
148  0.29674  1.16180e-04 |149  0.01421  9.55075e-04 |150 -0.11284  2.24942e-03
151 -0.47575  2.13731e-04 |152  0.31372 -2.83585e-04 |153  0.04873 -1.32916e-05
154 -0.23459 -2.06738e-04 |155  0.18416  7.38410e-04 |156  0.26020  1.73020e-04
157  0.12303 -4.28487e-04 |158 -0.06766 -2.39057e-04 |159 -0.14158 -3.19854e-04
160 -0.47648  1.89705e-04 |161  0.10626  9.45661e-04 |162  0.29737 -1.30847e-03
163  0.17039  2.78774e-04 |164  0.24662  5.79630e-06 |165 -0.35171  1.21001e-04
166  0.24284  4.64555e-04 |167  0.05267  5.02204e-04 |168 -0.18737 -8.10731e-04
169  0.20152  1.91282e-04 |170  0.31649 -6.74395e-05 |171  0.07792  2.55290e-03
172 -0.53316 -8.17934e-06 |173 -0.37899 -3.23702e-05 |174  0.23653  1.46485e-04
175  0.07738 -1.04599e-04 |176 -0.12145 -8.38943e-04 |177  0.05181  6.18340e-07
178  0.12003 -2.45526e-04 |179  0.32167  2.93094e-05 |180  0.27253 -1.47174e-04
181  0.00448  4.54077e-05 |182  0.00742 -3.84746e-04 |183 -0.14884  7.75747e-04
184 -0.12447 -2.72340e-04 |185  0.01382 -1.55051e-04 |186  0.39294  8.17541e-05
187  0.01799 -3.42028e-05 |188 -0.15330 -3.62901e-04 |189  0.09952  1.32528e-03
190  0.16444  1.54636e-03 |191  0.21881 -6.09639e-04 |192  0.25742  1.24273e-03
193  0.02400  1.42067e-03 |194 -0.00889  1.78849e-03 |195 -0.17498  6.57991e-04
196 -0.11292  8.37829e-03 |197 -0.55393 -2.45987e-04 |198  0.17125  1.50292e-04
199  0.09487 -3.40845e-04 |200 -0.25237 -4.50755e-04 |

 - final statistics:
200 variables; iteration 231; function evaluation 345
Function value 7.2870e+03; maximum gradient component mag 8.5327e-04
Exit code = 1;  converg criter 1.0000e-03
Var    Value     Gradient |Var    Value     Gradient |Var    Value     Gradient
  1 -0.42200  8.53267e-04 |  2  0.36968 -2.39607e-06 |  3 -0.13010  8.19543e-04
  4 -0.00793  2.67878e-04 |  5 -0.70235  3.22564e-05 |  6 -0.60690 -1.53338e-04
  7  0.37620  3.02923e-04 |  8 -0.18637  5.80048e-04 |  9  0.03501  5.97053e-04
 10 -0.60630  1.21845e-04 | 11 -0.62451  5.75486e-04 | 12 -0.09868 -2.43569e-04
 13 -0.01011  9.86764e-05 | 14 -0.01033  2.39578e-04 | 15 -0.01055 -6.24939e-04
 16 -0.01076  3.98703e-04 | 17 -0.01098 -1.11938e-04 | 18 -0.01118 -1.02536e-04
 19 -0.01138  1.10408e-04 | 20 -0.01157 -3.78622e-05 | 21 -0.01175 -1.69603e-04
 22 -0.01191  4.56984e-04 | 23 -0.01207 -5.28710e-04 | 24 -0.01221  3.77317e-04
 25 -0.01234 -1.38226e-04 | 26 -0.01245  2.92054e-05 | 27 -0.01254  7.42954e-05
 28 -0.01261 -1.10500e-04 | 29 -0.01266  1.52758e-04 | 30 -0.01269 -2.46576e-04
 31 -0.01269  1.56341e-04 | 32 -0.01267 -3.12348e-04 | 33 -0.01262  1.97218e-04
 34 -0.01255 -3.13905e-04 | 35 -0.01244  2.65855e-04 | 36 -0.01230 -2.70965e-04
 37 -0.01212  9.36389e-05 | 38 -0.01191  1.36311e-05 | 39 -0.01166 -9.06169e-05
 40 -0.01137  1.10271e-05 | 41 -0.01104 -1.35912e-04 | 42 -0.01068  1.58353e-04
 43 -0.01028  3.05074e-04 | 44 -0.00985 -2.26659e-04 | 45 -0.00940  1.15635e-04
 46 -0.00893 -2.14810e-04 | 47 -0.00845  3.51719e-04 | 48 -0.00798  2.13679e-04
 49 -0.00752 -1.30462e-04 | 50 -0.00708  1.22687e-04 | 51 -0.00668 -1.99919e-04
 52 -0.00632  2.93097e-04 | 53 -0.00601 -5.35994e-04 | 54 -0.00574  5.15176e-04
 55 -0.00552 -1.36107e-04 | 56 -0.00531  1.22790e-04 | 57 -0.00511 -4.30302e-04
 58 -0.00488  7.01886e-04 | 59 -0.00461 -7.47730e-04 | 60 -0.00425  2.20261e-04
 61 -0.00379 -4.05716e-04 | 62 -0.00318 -1.78027e-04 | 63 -0.00240 -9.33688e-05
 64 -0.00140 -2.24058e-05 | 65 -0.00017  1.97776e-04 | 66  0.00134 -6.58200e-06
 67  0.00315  1.44564e-05 | 68  0.00526  5.56415e-05 | 69  0.00770 -3.67424e-05
 70  0.01046  3.25479e-05 | 71  0.01350  9.72835e-05 | 72  0.01676 -5.82003e-05
 73  0.02016 -1.21642e-04 | 74  0.02353  2.06057e-06 | 75  0.02669  6.64776e-05
 76  0.02944  3.78674e-05 | 77  0.03156 -4.62952e-05 | 78  0.03293  5.27153e-06
 79  0.03354 -3.67976e-05 | 80  0.03346 -8.83567e-05 | 81  0.03279 -7.30390e-05
 82  0.03158 -2.70020e-05 | 83  0.02978 -3.43876e-05 | 84  0.02730 -5.50414e-05
 85  0.02410 -1.39128e-04 | 86  0.02035 -1.20049e-04 | 87  0.01643 -1.34434e-04
 88  0.01287 -4.75991e-05 | 89  0.01008 -7.82101e-05 | 90  0.00821 -1.06036e-04
 91  0.00704  8.26847e-06 | 92  0.00618 -5.10982e-05 | 93  0.00550  3.55048e-05
 94  0.00545  8.38098e-05 | 95  0.00614  9.19497e-05 | 96  0.00642 -2.13852e-05
 97  0.00810 -4.99755e-05 | 98  0.01069 -3.04085e-05 | 99  0.01469 -2.06436e-04
100  0.01483  1.49702e-05 |101  0.01352 -5.54521e-05 |102  0.01171 -2.35715e-05
103  0.00352  1.21980e-04 |104  0.00421 -3.63481e-05 |105  0.02334  2.17883e-04
106  0.02148 -1.43885e-04 |107 -0.00271  1.18835e-04 |108  0.01532 -2.18916e-05
109  0.08265  1.33555e-04 |110  0.02796  1.16825e-04 |111 -0.01502  1.53767e-04
112  0.00344  8.60391e-05 |113  0.01882  2.07711e-04 |114  0.03818  1.58060e-04
115  0.00306  2.30882e-04 |116 -0.06226  1.06587e-04 |117 -0.07878  1.77459e-04
118 -0.07728  2.06407e-04 |119 -0.03540  1.01838e-04 |120  0.07030  4.12558e-04
121  0.02374  2.58804e-04 |122  0.01392  1.62576e-04 |123 -0.02771  1.88190e-04
124 -0.06703 -3.67103e-05 |125 -0.00670  1.28168e-05 |126  0.00497  1.50039e-04
127 -0.02744  6.16523e-05 |128  0.02743 -1.26608e-04 |129  0.07289  7.86707e-06
130  0.00926  7.87887e-05 |131  0.08262  1.25815e-05 |132  0.00557 -1.81885e-04
133  0.13289 -4.02587e-06 |134 -0.00527  5.23850e-05 |135 -0.04644  1.08081e-04
136 -0.05707 -3.75727e-05 |137 -0.02221 -2.13439e-05 |138  0.09450  4.39651e-05
139  0.03156 -1.07662e-04 |140  0.01676  6.87936e-05 |141 -0.02846  3.94394e-05
142 -0.01778 -8.98507e-05 |143 -0.00562 -8.03666e-05 |144 -0.00041 -7.00029e-05
145  0.28516  2.14366e-04 |146  0.19440  1.11072e-05 |147  0.04720  6.17069e-05
148  0.29674 -2.74273e-04 |149  0.01421  6.01590e-05 |150 -0.11284 -6.48046e-05
151 -0.47575 -7.49005e-05 |152  0.31373  8.03252e-05 |153  0.04873 -9.06895e-06
154 -0.23459  2.71277e-05 |155  0.18416  3.56383e-05 |156  0.26020 -3.47508e-04
157  0.12381 -1.50179e-04 |158 -0.05940 -5.70917e-05 |159 -0.14020 -9.61128e-05
160 -0.47774  8.71690e-05 |161  0.10626 -1.02981e-04 |162  0.29737 -4.26644e-07
163  0.17039  7.72864e-05 |164  0.24662 -1.16358e-04 |165 -0.35171 -4.81814e-06
166  0.24284 -1.66183e-04 |167  0.05267  1.73543e-04 |168 -0.18737  7.01755e-04
169  0.20152 -1.31065e-05 |170  0.31649 -1.11603e-04 |171  0.07792 -2.82826e-04
172 -0.53017  2.42967e-04 |173 -0.37899 -1.05910e-04 |174  0.23653  1.12205e-05
175  0.07738  1.08758e-05 |176 -0.12145  2.39178e-04 |177  0.05182  1.96715e-04
178  0.12003  1.57805e-04 |179  0.32167 -8.85402e-05 |180  0.27253 -1.17545e-04
181  0.00448 -2.80962e-05 |182  0.00742  5.43643e-05 |183 -0.14884  1.02878e-04
184 -0.12446  1.52946e-04 |185  0.01382 -2.29444e-05 |186  0.39294 -4.44257e-05
187  0.01799  2.67484e-05 |188 -0.15329  9.07188e-05 |189  0.09952  3.25799e-04
190  0.16444  3.07566e-04 |191  0.21881 -2.91707e-04 |192  0.25742 -7.92536e-04
193  0.02400  3.38234e-04 |194 -0.00889 -1.51483e-05 |195 -0.17498  1.91656e-04
196 -0.11292 -5.89206e-04 |197 -0.55392  9.41005e-06 |198  0.17126 -5.19472e-05
199  0.09486  1.94093e-04 |200 -0.25237  1.21666e-04 |

 - final statistics:
213 variables; iteration 0; function evaluation 0
Function value 7.2870e+03; maximum gradient component mag 8.5327e-04
Exit code = 0;  converg criter 1.0000e-03
Var    Value     Gradient |Var    Value     Gradient |Var    Value     Gradient
  1 -0.42200  8.53267e-04 |  2  0.36968 -2.39606e-06 |  3 -0.13010  8.19543e-04
  4 -0.00793  2.67878e-04 |  5 -0.70235  3.22564e-05 |  6 -0.60690 -1.53338e-04
  7  0.37620  3.02923e-04 |  8 -0.18637  5.80048e-04 |  9  0.03501  5.97053e-04
 10 -0.60630  1.21845e-04 | 11 -0.62451  5.75486e-04 | 12 -0.09868 -2.43569e-04
 13 -0.01011  9.86764e-05 | 14 -0.01033  2.39578e-04 | 15 -0.01055 -6.24939e-04
 16 -0.01076  3.98703e-04 | 17 -0.01098 -1.11938e-04 | 18 -0.01118 -1.02536e-04
 19 -0.01138  1.10408e-04 | 20 -0.01157 -3.78622e-05 | 21 -0.01175 -1.69603e-04
 22 -0.01191  4.56984e-04 | 23 -0.01207 -5.28710e-04 | 24 -0.01221  3.77317e-04
 25 -0.01234 -1.38226e-04 | 26 -0.01245  2.92054e-05 | 27 -0.01254  7.42954e-05
 28 -0.01261 -1.10500e-04 | 29 -0.01266  1.52758e-04 | 30 -0.01269 -2.46576e-04
 31 -0.01269  1.56341e-04 | 32 -0.01267 -3.12348e-04 | 33 -0.01262  1.97218e-04
 34 -0.01255 -3.13905e-04 | 35 -0.01244  2.65855e-04 | 36 -0.01230 -2.70965e-04
 37 -0.01212  9.36389e-05 | 38 -0.01191  1.36311e-05 | 39 -0.01166 -9.06169e-05
 40 -0.01137  1.10271e-05 | 41 -0.01104 -1.35912e-04 | 42 -0.01068  1.58353e-04
 43 -0.01028  3.05074e-04 | 44 -0.00985 -2.26659e-04 | 45 -0.00940  1.15635e-04
 46 -0.00893 -2.14810e-04 | 47 -0.00845  3.51719e-04 | 48 -0.00798  2.13679e-04
 49 -0.00752 -1.30462e-04 | 50 -0.00708  1.22687e-04 | 51 -0.00668 -1.99919e-04
 52 -0.00632  2.93097e-04 | 53 -0.00601 -5.35994e-04 | 54 -0.00574  5.15176e-04
 55 -0.00552 -1.36107e-04 | 56 -0.00531  1.22790e-04 | 57 -0.00511 -4.30302e-04
 58 -0.00488  7.01886e-04 | 59 -0.00461 -7.47730e-04 | 60 -0.00425  2.20261e-04
 61 -0.00379 -4.05716e-04 | 62 -0.00318 -1.78027e-04 | 63 -0.00240 -9.33688e-05
 64 -0.00140 -2.24058e-05 | 65 -0.00017  1.97776e-04 | 66  0.00134 -6.58200e-06
 67  0.00315  1.44564e-05 | 68  0.00526  5.56415e-05 | 69  0.00770 -3.67424e-05
 70  0.01046  3.25479e-05 | 71  0.01350  9.72835e-05 | 72  0.01676 -5.82003e-05
 73  0.02016 -1.21642e-04 | 74  0.02353  2.06057e-06 | 75  0.02669  6.64776e-05
 76  0.02944  3.78674e-05 | 77  0.03156 -4.62952e-05 | 78  0.03293  5.27153e-06
 79  0.03354 -3.67976e-05 | 80  0.03346 -8.83567e-05 | 81  0.03279 -7.30390e-05
 82  0.03158 -2.70020e-05 | 83  0.02978 -3.43876e-05 | 84  0.02730 -5.50414e-05
 85  0.02410 -1.39128e-04 | 86  0.02035 -1.20049e-04 | 87  0.01643 -1.34434e-04
 88  0.01287 -4.75991e-05 | 89  0.01008 -7.82101e-05 | 90  0.00821 -1.06036e-04
 91  0.00704  8.26847e-06 | 92  0.00618 -5.10982e-05 | 93  0.00550  3.55048e-05
 94  0.00545  8.38098e-05 | 95  0.00614  9.19497e-05 | 96  0.00642 -2.13852e-05
 97  0.00810 -4.99755e-05 | 98  0.01069 -3.04085e-05 | 99  0.01469 -2.06436e-04
100  0.01483  1.49702e-05 |101  0.01352 -5.54521e-05 |102  0.01171 -2.35715e-05
103  0.00352  1.21980e-04 |104  0.00421 -3.63481e-05 |105  0.02334  2.17883e-04
106  0.02148 -1.43885e-04 |107 -0.00271  1.18835e-04 |108  0.01532 -2.18916e-05
109  0.08265  1.33555e-04 |110  0.02796  1.16825e-04 |111 -0.01502  1.53767e-04
112  0.00344  8.60391e-05 |113  0.01882  2.07711e-04 |114  0.03818  1.58060e-04
115  0.00306  2.30882e-04 |116 -0.06226  1.06587e-04 |117 -0.07878  1.77459e-04
118 -0.07728  2.06407e-04 |119 -0.03540  1.01838e-04 |120  0.07030  4.12558e-04
121  0.02374  2.58804e-04 |122  0.01392  1.62576e-04 |123 -0.02771  1.88190e-04
124 -0.06703 -3.67103e-05 |125 -0.00670  1.28168e-05 |126  0.00497  1.50039e-04
127 -0.02744  6.16523e-05 |128  0.02743 -1.26608e-04 |129  0.07289  7.86707e-06
130  0.00926  7.87887e-05 |131  0.08262  1.25815e-05 |132  0.00557 -1.81885e-04
133  0.13289 -4.02587e-06 |134 -0.00527  5.23850e-05 |135 -0.04644  1.08081e-04
136 -0.05707 -3.75727e-05 |137 -0.02221 -2.13439e-05 |138  0.09450  4.39651e-05
139  0.03156 -1.07662e-04 |140  0.01676  6.87936e-05 |141 -0.02846  3.94394e-05
142 -0.01778 -8.98507e-05 |143 -0.00562 -8.03666e-05 |144 -0.00041 -7.00029e-05
145  0.00000  0.00000e+00 |146  0.00000  0.00000e+00 |147  0.00000  0.00000e+00
148  0.00000  0.00000e+00 |149  0.00000  0.00000e+00 |150  0.00000  0.00000e+00
151  0.00000  0.00000e+00 |152  0.00000  0.00000e+00 |153  0.00000  0.00000e+00
154  0.00000  0.00000e+00 |155  0.00000  0.00000e+00 |156  0.00000  0.00000e+00
157  0.00000  0.00000e+00 |158  0.28516  2.14366e-04 |159  0.19440  1.11072e-05
160  0.04720  6.17069e-05 |161  0.29674 -2.74273e-04 |162  0.01421  6.01590e-05
163 -0.11284 -6.48046e-05 |164 -0.47575 -7.49005e-05 |165  0.31373  8.03252e-05
166  0.04873 -9.06895e-06 |167 -0.23459  2.71277e-05 |168  0.18416  3.56383e-05
169  0.26020 -3.47508e-04 |170  0.12381 -1.50179e-04 |171 -0.05940 -5.70917e-05
172 -0.14020 -9.61128e-05 |173 -0.47774  8.71690e-05 |174  0.10626 -1.02981e-04
175  0.29737 -4.26646e-07 |176  0.17039  7.72864e-05 |177  0.24662 -1.16358e-04
178 -0.35171 -4.81814e-06 |179  0.24284 -1.66183e-04 |180  0.05267  1.73543e-04
181 -0.18737  7.01755e-04 |182  0.20152 -1.31065e-05 |183  0.31649 -1.11603e-04
184  0.07792 -2.82826e-04 |185 -0.53017  2.42967e-04 |186 -0.37899 -1.05910e-04
187  0.23653  1.12205e-05 |188  0.07738  1.08758e-05 |189 -0.12145  2.39178e-04
190  0.05182  1.96715e-04 |191  0.12003  1.57805e-04 |192  0.32167 -8.85402e-05
193  0.27253 -1.17545e-04 |194  0.00448 -2.80962e-05 |195  0.00742  5.43643e-05
196 -0.14884  1.02878e-04 |197 -0.12446  1.52946e-04 |198  0.01382 -2.29444e-05
199  0.39294 -4.44257e-05 |200  0.01799  2.67484e-05 |201 -0.15329  9.07188e-05
202  0.09952  3.25799e-04 |203  0.16444  3.07566e-04 |204  0.21881 -2.91707e-04
205  0.25742 -7.92536e-04 |206  0.02400  3.38234e-04 |207 -0.00889 -1.51483e-05
208 -0.17498  1.91656e-04 |209 -0.11292 -5.89206e-04 |210 -0.55392  9.41005e-06
211  0.17126 -5.19472e-05 |212  0.09486  1.94093e-04 |213 -0.25237  1.21666e-04
size of file gradfil1.tmp = 0
size of file gradfil2.tmp = 0
size of file varssave.tmp = 0
size of file cmpdiff.tmp = 1000000040
