
Initial statistics: 136 variables; iteration 0; function evaluation 0; phase 1
Function value 7.1076659e+03; maximum gradient component mag -2.7461e+02
Var    Value     Gradient |Var    Value     Gradient |Var    Value     Gradient
  1 -0.42334 -2.74612e+02 |  2 -0.09289 -3.53308e+01 |  3 -0.01009 -1.99883e-01
  4 -0.01031 -2.05022e-01 |  5 -0.01053 -2.10282e-01 |  6 -0.01074 -2.15674e-01
  7 -0.01095 -2.21211e-01 |  8 -0.01115 -2.26880e-01 |  9 -0.01135 -2.32695e-01
 10 -0.01153 -2.38663e-01 | 11 -0.01171 -2.44776e-01 | 12 -0.01187 -2.51047e-01
 13 -0.01203 -2.57490e-01 | 14 -0.01217 -2.64093e-01 | 15 -0.01229 -2.70879e-01
 16 -0.01240 -2.77856e-01 | 17 -0.01249 -2.85042e-01 | 18 -0.01255 -2.92440e-01
 19 -0.01260 -3.00058e-01 | 20 -0.01262 -3.07879e-01 | 21 -0.01262 -3.15908e-01
 22 -0.01260 -3.24155e-01 | 23 -0.01254 -3.32634e-01 | 24 -0.01246 -3.41372e-01
 25 -0.01235 -3.50415e-01 | 26 -0.01220 -3.59785e-01 | 27 -0.01202 -3.69523e-01
 28 -0.01180 -3.79646e-01 | 29 -0.01154 -3.90159e-01 | 30 -0.01124 -4.01020e-01
 31 -0.01091 -4.12274e-01 | 32 -0.01054 -4.23901e-01 | 33 -0.01013 -4.35893e-01
 34 -0.00969 -4.48258e-01 | 35 -0.00923 -4.60975e-01 | 36 -0.00876 -4.73984e-01
 37 -0.00827 -4.87247e-01 | 38 -0.00779 -5.00690e-01 | 39 -0.00732 -5.14313e-01
 40 -0.00687 -5.28178e-01 | 41 -0.00646 -5.42391e-01 | 42 -0.00610 -5.57038e-01
 43 -0.00578 -5.72129e-01 | 44 -0.00550 -5.87556e-01 | 45 -0.00527 -6.03235e-01
 46 -0.00505 -6.19264e-01 | 47 -0.00484 -6.35838e-01 | 48 -0.00461 -6.53157e-01
 49 -0.00433 -6.71548e-01 | 50 -0.00397 -6.91252e-01 | 51 -0.00351 -7.12604e-01
 52 -0.00290 -7.35906e-01 | 53 -0.00211 -7.61472e-01 | 54 -0.00112 -7.89831e-01
 55  0.00012 -8.21307e-01 | 56  0.00162 -8.57100e-01 | 57  0.00342 -8.97624e-01
 58  0.00553 -9.43439e-01 | 59  0.00797 -9.95415e-01 | 60  0.01071 -1.05420e+00
 61  0.01374 -1.12040e+00 | 62  0.01700 -1.19419e+00 | 63  0.02037 -1.27553e+00
 64  0.02373 -1.36386e+00 | 65  0.02687 -1.45787e+00 | 66  0.02959 -1.55551e+00
 67  0.03168 -1.65454e+00 | 68  0.03301 -1.75287e+00 | 69  0.03358 -1.84933e+00
 70  0.03344 -1.94408e+00 | 71  0.03272 -2.03751e+00 | 72  0.03145 -2.12924e+00
 73  0.02960 -2.21731e+00 | 74  0.02705 -2.29859e+00 | 75  0.02380 -2.37113e+00
 76  0.01999 -2.43643e+00 | 77  0.01602 -2.50089e+00 | 78  0.01239 -2.57348e+00
 79  0.00955 -2.66358e+00 | 80  0.00761 -2.77509e+00 | 81  0.00637 -2.90687e+00
 82  0.00544 -3.05212e+00 | 83  0.00468 -3.20968e+00 | 84  0.00458 -3.39448e+00
 85  0.00522 -3.61335e+00 | 86  0.00545 -3.83386e+00 | 87  0.00713 -4.10833e+00
 88  0.00970 -4.41327e+00 | 89  0.01366 -4.74344e+00 | 90  0.01376 -4.85460e+00
 91  0.01250 -4.74080e+00 | 92  0.01081 -4.34453e+00 | 93  0.00275 -3.42337e+00
 94  0.00360 -2.37717e+00 | 95  0.02294 -1.06894e+00 | 96  0.02140  9.26204e-01
 97 -0.00268  2.47680e+00 | 98  0.01577  4.71241e+00 | 99  0.08374  1.08184e+01
100  0.02820  9.00161e+00 |101 -0.01452  8.08425e+00 |102  0.00430  1.15586e+01
103  0.01938  1.50650e+01 |104  0.03866  1.83648e+01 |105  0.00285  1.30644e+01
106 -0.06248  6.43718e+00 |107 -0.07893  3.83145e+00 |108 -0.07730  1.73933e+00
109 -0.03457 -4.78689e-01 |110  0.06971 -6.27049e+00 |111  0.02361 -6.39640e+00
112  0.01375 -5.75167e+00 |113 -0.02797 -2.44548e+00 |114 -0.06716  1.00755e-01
115 -0.00654  3.01387e+00 |116  0.00456  5.10994e+00 |117 -0.02731  3.90921e+00
118  0.02817  4.09639e+00 |119  0.07344  2.47323e+00 |120  0.01038 -6.61497e-03
121  0.08254 -1.60596e+00 |122  0.00575 -1.07983e+00 |123  0.13287 -1.64059e+00
124 -0.00532 -1.59072e-02 |125 -0.04646  2.69125e-01 |126 -0.05671  2.30185e-01
127 -0.02192  9.06397e-02 |128  0.09420  1.24379e-02 |129  0.03190 -9.33999e-05
130  0.01685  1.90873e-04 |131 -0.02798 -1.10527e-04 |132 -0.01758 -4.11327e-05
133 -0.00588 -2.39766e-04 |134 -0.00040 -1.75986e-05 |135  0.27670 -1.33095e-04
136  0.18753  3.27385e-04 |

Intermediate statistics: 136 variables; iteration 20; function evaluation 29; phase 1
Function value 7.1041861e+03; maximum gradient component mag -2.7177e+01
Var    Value     Gradient |Var    Value     Gradient |Var    Value     Gradient
  1 -0.40433 -2.71767e+01 |  2 -0.05772 -1.37787e+00 |  3 -0.00788  1.03789e-01
  4 -0.00808  1.00686e-01 |  5 -0.00829  9.74971e-02 |  6 -0.00848  9.42562e-02
  7 -0.00868  9.09979e-02 |  8 -0.00887  8.77510e-02 |  9 -0.00905  8.45620e-02
 10 -0.00923  8.14796e-02 | 11 -0.00939  7.85503e-02 | 12 -0.00955  7.58346e-02
 13 -0.00969  7.33945e-02 | 14 -0.00982  7.12816e-02 | 15 -0.00994  6.95584e-02
 16 -0.01004  6.82747e-02 | 17 -0.01012  6.74783e-02 | 18 -0.01018  6.72183e-02
 19 -0.01022  6.75681e-02 | 20 -0.01024  6.86143e-02 | 21 -0.01023  7.04601e-02
 22 -0.01020  7.32023e-02 | 23 -0.01014  7.69260e-02 | 24 -0.01005  8.17023e-02
 25 -0.00993  8.75843e-02 | 26 -0.00978  9.45947e-02 | 27 -0.00959  1.02748e-01
 28 -0.00937  1.12048e-01 | 29 -0.00911  1.22497e-01 | 30 -0.00881  1.34067e-01
 31 -0.00847  1.46792e-01 | 32 -0.00810  1.60623e-01 | 33 -0.00770  1.75479e-01
 34 -0.00727  1.91248e-01 | 35 -0.00682  2.07784e-01 | 36 -0.00635  2.24921e-01
 37 -0.00589  2.42510e-01 | 38 -0.00543  2.60365e-01 | 39 -0.00499  2.78257e-01
 40 -0.00458  2.95848e-01 | 41 -0.00422  3.12674e-01 | 42 -0.00390  3.28207e-01
 43 -0.00365  3.41996e-01 | 44 -0.00345  3.53647e-01 | 45 -0.00329  3.62756e-01
 46 -0.00317  3.68818e-01 | 47 -0.00306  3.71191e-01 | 48 -0.00294  3.69143e-01
 49 -0.00279  3.62068e-01 | 50 -0.00258  3.49330e-01 | 51 -0.00228  3.30468e-01
 52 -0.00185  3.05121e-01 | 53 -0.00127  2.73080e-01 | 54 -0.00050  2.34378e-01
 55  0.00050  1.89018e-01 | 56  0.00174  1.37664e-01 | 57  0.00327  8.05959e-02
 58  0.00509  1.83461e-02 | 59  0.00722 -4.82085e-02 | 60  0.00966 -1.18063e-01
 61  0.01236 -1.90035e-01 | 62  0.01529 -2.62927e-01 | 63  0.01833 -3.35389e-01
 64  0.02135 -4.06110e-01 | 65  0.02416 -4.73821e-01 | 66  0.02654 -5.37144e-01
 67  0.02830 -5.94878e-01 | 68  0.02932 -6.46395e-01 | 69  0.02957 -6.91566e-01
 70  0.02914 -7.30483e-01 | 71  0.02813 -7.63313e-01 | 72  0.02659 -7.89825e-01
 73  0.02447 -8.08999e-01 | 74  0.02171 -8.18893e-01 | 75  0.01828 -8.16640e-01
 76  0.01436 -7.99646e-01 | 77  0.01034 -7.67134e-01 | 78  0.00670 -7.22092e-01
 79  0.00384 -6.71018e-01 | 80  0.00187 -6.22975e-01 | 81  0.00058 -5.85622e-01
 82 -0.00043 -5.64605e-01 | 83 -0.00126 -5.64522e-01 | 84 -0.00147 -5.93134e-01
 85 -0.00095 -6.55042e-01 | 86 -0.00076 -7.40182e-01 | 87  0.00090 -8.49321e-01
 88  0.00365 -9.54908e-01 | 89  0.00812 -1.01897e+00 | 90  0.00893 -1.05889e+00
 91  0.00810 -1.10784e+00 | 92  0.00649 -1.12243e+00 | 93 -0.00179 -1.04344e+00
 94 -0.00066 -6.59002e-01 | 95  0.01794 -2.28552e-01 | 96  0.01747  6.26284e-01
 97 -0.00590  9.69114e-01 | 98  0.01262  1.31756e+00 | 99  0.07912  2.29130e+00
100  0.02482  1.39304e+00 |101 -0.01806  1.04750e+00 |102 -0.00064  1.58790e+00
103  0.01412  2.37749e+00 |104  0.03239  2.30019e+00 |105 -0.00352  2.16516e-01
106 -0.06929 -1.52861e+00 |107 -0.08494 -1.86212e+00 |108 -0.08126 -1.35958e+00
109 -0.03664 -7.14378e-01 |110  0.07065 -3.75927e-01 |111  0.02628 -5.35051e-01
112  0.01533 -1.44852e+00 |113 -0.02865 -1.40008e+00 |114 -0.06873 -9.46490e-01
115 -0.01221 -2.01941e+00 |116 -0.00354 -2.04042e+00 |117 -0.03353 -1.26706e+00
118  0.02257 -1.05853e+00 |119  0.07171 -4.80903e-02 |120  0.01114  6.39432e-01
121  0.08467  1.54257e+00 |122  0.00691  3.76107e-01 |123  0.13164 -1.51269e+00
124 -0.00693 -4.98092e-01 |125 -0.04689  2.94842e-01 |126 -0.05672  3.78982e-01
127 -0.02221  1.39041e-01 |128  0.09310 -1.62016e-01 |129  0.03143 -9.54931e-03
130  0.01690  2.16084e-01 |131 -0.02903 -2.43409e-01 |132 -0.01878 -2.91679e-01
133 -0.00638 -1.07794e-01 |134 -0.00046 -1.34105e-02 |135  0.23476 -2.52970e+00
136  0.15031  2.41962e+00 |

 - final statistics:
136 variables; iteration 24; function evaluation 34
Function value 7.1041e+03; maximum gradient component mag -3.7917e+00
Exit code = 1;  converg criter 1.0000e+01
Var    Value     Gradient |Var    Value     Gradient |Var    Value     Gradient
  1 -0.40296 -3.79171e+00 |  2 -0.05759 -1.11694e+00 |  3 -0.00764  6.07842e-02
  4 -0.00781  6.18376e-02 |  5 -0.00799  6.27120e-02 |  6 -0.00816  6.33850e-02
  7 -0.00833  6.38352e-02 |  8 -0.00849  6.40384e-02 |  9 -0.00865  6.39755e-02
 10 -0.00881  6.36291e-02 | 11 -0.00895  6.29836e-02 | 12 -0.00909  6.20287e-02
 13 -0.00921  6.07580e-02 | 14 -0.00933  5.91652e-02 | 15 -0.00943  5.72510e-02
 16 -0.00952  5.50165e-02 | 17 -0.00959  5.24665e-02 | 18 -0.00965  4.96097e-02
 19 -0.00969  4.64645e-02 | 20 -0.00971  4.30541e-02 | 21 -0.00970  3.94068e-02
 22 -0.00968  3.55518e-02 | 23 -0.00963  3.15182e-02 | 24 -0.00956  2.73369e-02
 25 -0.00946  2.30424e-02 | 26 -0.00934  1.86701e-02 | 27 -0.00918  1.42647e-02
 28 -0.00899  9.87588e-03 | 29 -0.00876  5.56000e-03 | 30 -0.00850  1.38012e-03
 31 -0.00821 -2.61477e-03 | 32 -0.00789 -6.36946e-03 | 33 -0.00753 -9.83817e-03
 34 -0.00716 -1.29778e-02 | 35 -0.00676 -1.57446e-02 | 36 -0.00635 -1.80965e-02
 37 -0.00595 -1.99915e-02 | 38 -0.00555 -2.13871e-02 | 39 -0.00517 -2.22378e-02
 40 -0.00482 -2.24923e-02 | 41 -0.00451 -2.20872e-02 | 42 -0.00425 -2.09498e-02
 43 -0.00403 -1.90163e-02 | 44 -0.00387 -1.62415e-02 | 45 -0.00374 -1.26156e-02
 46 -0.00364 -8.18020e-03 | 47 -0.00354 -3.03759e-03 | 48 -0.00342  2.63996e-03
 49 -0.00325  8.59653e-03 | 50 -0.00301  1.45053e-02 | 51 -0.00266  1.99971e-02
 52 -0.00217  2.47080e-02 | 53 -0.00151  2.83398e-02 | 54 -0.00065  3.07190e-02
 55  0.00045  3.18302e-02 | 56  0.00181  3.18050e-02 | 57  0.00347  3.08168e-02
 58  0.00543  2.88789e-02 | 59  0.00771  2.55780e-02 | 60  0.01028  1.97893e-02
 61  0.01312  9.61993e-03 | 62  0.01614 -7.33360e-03 | 63  0.01923 -3.26477e-02
 64  0.02224 -6.51642e-02 | 65  0.02500 -9.90689e-02 | 66  0.02736 -1.23149e-01
 67  0.02919 -1.25363e-01 | 68  0.03037 -1.03155e-01 | 69  0.03084 -6.80035e-02
 70  0.03059 -3.71724e-02 | 71  0.02963 -2.58022e-02 | 72  0.02799 -3.91930e-02
 73  0.02568 -7.25913e-02 | 74  0.02267 -1.12863e-01 | 75  0.01903 -1.42632e-01
 76  0.01497 -1.52352e-01 | 77  0.01084 -1.44643e-01 | 78  0.00709 -1.28178e-01
 79  0.00411 -1.08278e-01 | 80  0.00204 -8.74512e-02 | 81  0.00068 -6.76504e-02
 82 -0.00035 -5.14826e-02 | 83 -0.00116 -4.24648e-02 | 84 -0.00129 -4.53050e-02
 85 -0.00065 -6.37500e-02 | 86 -0.00032 -1.00074e-01 | 87  0.00148 -1.58071e-01
 88  0.00424 -2.39430e-01 | 89  0.00859 -3.04412e-01 | 90  0.00937 -3.50290e-01
 91  0.00862 -3.99523e-01 | 92  0.00732 -3.82487e-01 | 93 -0.00042 -2.68635e-01
 94  0.00032 -9.87578e-02 | 95  0.01889  1.30432e-01 | 96  0.01744  4.06323e-01
 97 -0.00625  3.51205e-01 | 98  0.01171  1.89364e-01 | 99  0.07822  3.04064e-01
100  0.02544  3.21516e-01 |101 -0.01669  5.50159e-01 |102 -0.00025  3.52324e-01
103  0.01203  1.59642e-03 |104  0.03098  5.32414e-01 |105 -0.00142  9.66875e-01
106 -0.06728 -1.64078e-01 |107 -0.08451 -1.15581e+00 |108 -0.08073 -6.28750e-01
109 -0.03501  5.12821e-01 |110  0.07050  2.07354e-01 |111  0.02508 -4.79606e-01
112  0.01681  3.11271e-01 |113 -0.02613  6.99201e-01 |114 -0.06874 -4.06295e-01
115 -0.01159 -8.41848e-01 |116 -0.00230 -6.02601e-01 |117 -0.03262 -2.82812e-01
118  0.02388  1.58065e-01 |119  0.07261  7.31198e-01 |120  0.01072  2.03729e-01
121  0.08238 -6.28591e-01 |122  0.00605 -3.55326e-01 |123  0.13357  2.21626e-01
124 -0.00618 -1.16288e-01 |125 -0.04779 -9.28614e-02 |126 -0.05692  2.72890e-01
127 -0.02241  5.10895e-02 |128  0.09323 -1.34831e-01 |129  0.03129 -6.60785e-02
130  0.01675  1.53932e-01 |131 -0.02925 -3.27720e-01 |132 -0.01795 -5.49841e-02
133 -0.00574  5.01291e-02 |134 -0.00040  1.12329e-03 |135  0.23505 -6.47925e-01
136  0.14953  1.34192e-01 |

Initial statistics: 146 variables; iteration 0; function evaluation 0; phase 2
Function value 7.1041389e+03; maximum gradient component mag 3.9727e+02
Var    Value     Gradient |Var    Value     Gradient |Var    Value     Gradient
  1 -0.40296 -3.79171e+00 |  2  0.37110  3.41935e+01 |  3 -0.12614  2.59372e+02
  4 -0.01321  6.78228e+01 |  5 -0.70915  2.78804e+00 |  6 -0.60419  3.97266e+02
  7  0.37628 -4.47181e+01 |  8 -0.18524 -1.35933e+02 |  9  0.03399 -9.62519e+01
 10 -0.60948 -4.59796e+00 | 11 -0.62338  3.50171e+02 | 12 -0.05759 -1.11694e+00
 13 -0.00764  6.07842e-02 | 14 -0.00781  6.18376e-02 | 15 -0.00799  6.27120e-02
 16 -0.00816  6.33850e-02 | 17 -0.00833  6.38352e-02 | 18 -0.00849  6.40384e-02
 19 -0.00865  6.39755e-02 | 20 -0.00881  6.36291e-02 | 21 -0.00895  6.29836e-02
 22 -0.00909  6.20287e-02 | 23 -0.00921  6.07580e-02 | 24 -0.00933  5.91652e-02
 25 -0.00943  5.72510e-02 | 26 -0.00952  5.50165e-02 | 27 -0.00959  5.24665e-02
 28 -0.00965  4.96097e-02 | 29 -0.00969  4.64645e-02 | 30 -0.00971  4.30541e-02
 31 -0.00970  3.94068e-02 | 32 -0.00968  3.55518e-02 | 33 -0.00963  3.15182e-02
 34 -0.00956  2.73369e-02 | 35 -0.00946  2.30424e-02 | 36 -0.00934  1.86701e-02
 37 -0.00918  1.42647e-02 | 38 -0.00899  9.87588e-03 | 39 -0.00876  5.56000e-03
 40 -0.00850  1.38012e-03 | 41 -0.00821 -2.61477e-03 | 42 -0.00789 -6.36946e-03
 43 -0.00753 -9.83817e-03 | 44 -0.00716 -1.29778e-02 | 45 -0.00676 -1.57446e-02
 46 -0.00635 -1.80965e-02 | 47 -0.00595 -1.99915e-02 | 48 -0.00555 -2.13871e-02
 49 -0.00517 -2.22378e-02 | 50 -0.00482 -2.24923e-02 | 51 -0.00451 -2.20872e-02
 52 -0.00425 -2.09498e-02 | 53 -0.00403 -1.90163e-02 | 54 -0.00387 -1.62415e-02
 55 -0.00374 -1.26156e-02 | 56 -0.00364 -8.18020e-03 | 57 -0.00354 -3.03759e-03
 58 -0.00342  2.63996e-03 | 59 -0.00325  8.59653e-03 | 60 -0.00301  1.45053e-02
 61 -0.00266  1.99971e-02 | 62 -0.00217  2.47080e-02 | 63 -0.00151  2.83398e-02
 64 -0.00065  3.07190e-02 | 65  0.00045  3.18302e-02 | 66  0.00181  3.18050e-02
 67  0.00347  3.08168e-02 | 68  0.00543  2.88789e-02 | 69  0.00771  2.55780e-02
 70  0.01028  1.97893e-02 | 71  0.01312  9.61993e-03 | 72  0.01614 -7.33360e-03
 73  0.01923 -3.26477e-02 | 74  0.02224 -6.51642e-02 | 75  0.02500 -9.90689e-02
 76  0.02736 -1.23149e-01 | 77  0.02919 -1.25363e-01 | 78  0.03037 -1.03155e-01
 79  0.03084 -6.80035e-02 | 80  0.03059 -3.71724e-02 | 81  0.02963 -2.58022e-02
 82  0.02799 -3.91930e-02 | 83  0.02568 -7.25913e-02 | 84  0.02267 -1.12863e-01
 85  0.01903 -1.42632e-01 | 86  0.01497 -1.52352e-01 | 87  0.01084 -1.44643e-01
 88  0.00709 -1.28178e-01 | 89  0.00411 -1.08278e-01 | 90  0.00204 -8.74512e-02
 91  0.00068 -6.76504e-02 | 92 -0.00035 -5.14826e-02 | 93 -0.00116 -4.24648e-02
 94 -0.00129 -4.53050e-02 | 95 -0.00065 -6.37500e-02 | 96 -0.00032 -1.00074e-01
 97  0.00148 -1.58071e-01 | 98  0.00424 -2.39430e-01 | 99  0.00859 -3.04412e-01
100  0.00937 -3.50290e-01 |101  0.00862 -3.99523e-01 |102  0.00732 -3.82487e-01
103 -0.00042 -2.68635e-01 |104  0.00032 -9.87578e-02 |105  0.01889  1.30432e-01
106  0.01744  4.06323e-01 |107 -0.00625  3.51205e-01 |108  0.01171  1.89364e-01
109  0.07822  3.04064e-01 |110  0.02544  3.21516e-01 |111 -0.01669  5.50159e-01
112 -0.00025  3.52324e-01 |113  0.01203  1.59642e-03 |114  0.03098  5.32414e-01
115 -0.00142  9.66875e-01 |116 -0.06728 -1.64078e-01 |117 -0.08451 -1.15581e+00
118 -0.08073 -6.28750e-01 |119 -0.03501  5.12821e-01 |120  0.07050  2.07354e-01
121  0.02508 -4.79606e-01 |122  0.01681  3.11271e-01 |123 -0.02613  6.99201e-01
124 -0.06874 -4.06295e-01 |125 -0.01159 -8.41848e-01 |126 -0.00230 -6.02601e-01
127 -0.03262 -2.82812e-01 |128  0.02388  1.58065e-01 |129  0.07261  7.31198e-01
130  0.01072  2.03729e-01 |131  0.08238 -6.28591e-01 |132  0.00605 -3.55326e-01
133  0.13357  2.21626e-01 |134 -0.00618 -1.16288e-01 |135 -0.04779 -9.28614e-02
136 -0.05692  2.72890e-01 |137 -0.02241  5.10895e-02 |138  0.09323 -1.34831e-01
139  0.03129 -6.60785e-02 |140  0.01675  1.53932e-01 |141 -0.02925 -3.27720e-01
142 -0.01795 -5.49841e-02 |143 -0.00574  5.01291e-02 |144 -0.00040  1.12329e-03
145  0.23505 -6.47925e-01 |146  0.14953  1.34192e-01 |

Intermediate statistics: 146 variables; iteration 20; function evaluation 27; phase 2
Function value 7.0966697e+03; maximum gradient component mag 2.7716e+02
Var    Value     Gradient |Var    Value     Gradient |Var    Value     Gradient
  1 -0.40415 -4.70386e+01 |  2  0.36893  2.63452e+02 |  3 -0.13736  2.77159e+02
  4  0.00459  1.93085e+02 |  5 -0.67346  2.44903e+00 |  6 -0.61741  1.75236e+02
  7  0.37383 -1.78774e+02 |  8 -0.18765 -2.19536e+02 |  9  0.03718 -1.79484e+02
 10 -0.57208 -7.96290e+00 | 11 -0.63705  7.19899e+01 | 12 -0.02942 -2.74812e+01
 13 -0.00787  2.79128e-01 | 14 -0.00805  2.85577e-01 | 15 -0.00824  2.92069e-01
 16 -0.00842  2.98591e-01 | 17 -0.00860  3.05140e-01 | 18 -0.00877  3.11694e-01
 19 -0.00894  3.18238e-01 | 20 -0.00910  3.24760e-01 | 21 -0.00925  3.31247e-01
 22 -0.00939  3.37688e-01 | 23 -0.00953  3.44075e-01 | 24 -0.00965  3.50402e-01
 25 -0.00976  3.56656e-01 | 26 -0.00985  3.62822e-01 | 27 -0.00993  3.68869e-01
 28 -0.00999  3.74762e-01 | 29 -0.01004  3.80468e-01 | 30 -0.01006  3.85970e-01
 31 -0.01007  3.91271e-01 | 32 -0.01005  3.96370e-01 | 33 -0.01001  4.01267e-01
 34 -0.00994  4.05951e-01 | 35 -0.00985  4.10395e-01 | 36 -0.00973  4.14556e-01
 37 -0.00958  4.18373e-01 | 38 -0.00940  4.21787e-01 | 39 -0.00919  4.24738e-01
 40 -0.00894  4.27145e-01 | 41 -0.00867  4.29028e-01 | 42 -0.00836  4.30340e-01
 43 -0.00802  4.31045e-01 | 44 -0.00767  4.31100e-01 | 45 -0.00729  4.30438e-01
 46 -0.00691  4.28984e-01 | 47 -0.00653  4.26678e-01 | 48 -0.00615  4.23461e-01
 49 -0.00581  4.19297e-01 | 50 -0.00549  4.14162e-01 | 51 -0.00522  4.08014e-01
 52 -0.00499  4.00767e-01 | 53 -0.00482  3.92341e-01 | 54 -0.00469  3.82644e-01
 55 -0.00460  3.71614e-01 | 56 -0.00454  3.59257e-01 | 57 -0.00448  3.45600e-01
 58 -0.00440  3.30617e-01 | 59 -0.00428  3.14303e-01 | 60 -0.00408  2.96592e-01
 61 -0.00378  2.77416e-01 | 62 -0.00334  2.56626e-01 | 63 -0.00273  2.34077e-01
 64 -0.00191  2.09613e-01 | 65 -0.00086  1.82991e-01 | 66  0.00046  1.54061e-01
 67  0.00206  1.22410e-01 | 68  0.00397  8.75804e-02 | 69  0.00619  4.90669e-02
 70  0.00871  6.36169e-03 | 71  0.01150 -4.08759e-02 | 72  0.01451 -9.26475e-02
 73  0.01762 -1.48705e-01 | 74  0.02071 -2.09228e-01 | 75  0.02356 -2.76209e-01
 76  0.02593 -3.54887e-01 | 77  0.02759 -4.52416e-01 | 78  0.02838 -5.71682e-01
 79  0.02834 -7.06754e-01 | 80  0.02761 -8.46955e-01 | 81  0.02633 -9.82391e-01
 82  0.02461 -1.10871e+00 | 83  0.02240 -1.22655e+00 | 84  0.01957 -1.34006e+00
 85  0.01609 -1.45484e+00 | 86  0.01207 -1.57371e+00 | 87  0.00790 -1.69803e+00
 88  0.00409 -1.83083e+00 | 89  0.00104 -1.97737e+00 | 90 -0.00109 -2.13977e+00
 91 -0.00245 -2.31643e+00 | 92 -0.00337 -2.50171e+00 | 93 -0.00401 -2.69855e+00
 94 -0.00405 -2.93370e+00 | 95 -0.00328 -3.20110e+00 | 96 -0.00236 -3.41711e+00
 97 -0.00063 -3.74953e+00 | 98  0.00239 -4.05445e+00 | 99  0.00708 -4.38968e+00
100  0.00938 -4.42936e+00 |101  0.00934 -4.40666e+00 |102  0.00807 -4.31885e+00
103  0.00122 -3.82015e+00 |104  0.00209 -3.42415e+00 |105  0.02022 -3.39408e+00
106  0.01851 -2.69364e+00 |107 -0.00266 -8.75096e-01 |108  0.01520  3.59397e-02
109  0.07824  6.37048e-01 |110  0.03772  2.57352e+00 |111 -0.01232  2.18335e+00
112  0.00212  2.57694e+00 |113  0.01780  3.79216e+00 |114  0.03725  5.40328e+00
115  0.00401  3.69038e+00 |116 -0.06105  1.92048e+00 |117 -0.07997 -8.72060e-02
118 -0.08030 -1.79777e+00 |119 -0.04353 -1.22163e+00 |120  0.08050  1.56246e+00
121  0.03540  1.75350e+00 |122  0.02015  6.60340e-01 |123 -0.02290 -9.55081e-02
124 -0.06614  1.45964e+00 |125 -0.00866  2.09712e-01 |126  0.00291  1.07664e+00
127 -0.03115  4.73268e-02 |128  0.01885 -1.39611e+00 |129  0.07977  4.18957e-02
130 -0.00092 -2.58214e+00 |131  0.09378  1.73712e+00 |132  0.00811 -2.92327e-01
133  0.13718  1.41173e-01 |134 -0.00263 -8.71858e-01 |135 -0.04745  5.41569e-01
136 -0.05968 -8.41574e-01 |137 -0.02308  1.44572e-01 |138  0.10216  1.27407e+00
139  0.02870 -1.32209e+00 |140  0.01659  2.88530e-01 |141 -0.03345 -5.62665e-01
142 -0.01961 -1.30058e+00 |143 -0.00522  1.06742e+00 |144 -0.00040 -2.05747e-03
145  0.19580 -8.59485e+00 |146  0.11453 -1.17742e+01 |
146 variables; iteration 40; function evaluation 56; phase 2
Function value 7.0937254e+03; maximum gradient component mag 1.8430e+01
Var    Value     Gradient |Var    Value     Gradient |Var    Value     Gradient
  1 -0.39695 -1.41978e+00 |  2  0.36149  1.84297e+01 |  3 -0.14942  3.51805e+00
  4  0.02108  6.51855e+00 |  5 -0.65434 -7.97402e-01 |  6 -0.62632  2.24474e-01
  7  0.37095 -2.09775e+00 |  8 -0.18836 -1.78486e+00 |  9  0.04729 -2.74174e+00
 10 -0.56530  2.69209e-01 | 11 -0.64092 -9.25013e-02 | 12 -0.03952 -9.95362e-03
 13 -0.00789 -9.13482e-04 | 14 -0.00807 -6.17059e-04 | 15 -0.00825 -3.43672e-04
 16 -0.00843 -9.86014e-05 | 17 -0.00861  1.16752e-04 | 18 -0.00878  2.94521e-04
 19 -0.00895  4.29861e-04 | 20 -0.00911  5.19976e-04 | 21 -0.00926  5.62725e-04
 22 -0.00940  5.58820e-04 | 23 -0.00954  5.10810e-04 | 24 -0.00966  4.22267e-04
 25 -0.00976  3.00623e-04 | 26 -0.00986  1.55381e-04 | 27 -0.00994 -1.81421e-06
 28 -0.01000 -1.60442e-04 | 29 -0.01004 -3.11737e-04 | 30 -0.01007 -4.47293e-04
 31 -0.01007 -5.49063e-04 | 32 -0.01005 -5.95849e-04 | 33 -0.01001 -5.63616e-04
 34 -0.00994 -4.26781e-04 | 35 -0.00985 -1.59835e-04 | 36 -0.00973  2.59015e-04
 37 -0.00957  8.48560e-04 | 38 -0.00939  1.62392e-03 | 39 -0.00917  2.59608e-03
 40 -0.00892  3.76089e-03 | 41 -0.00864  5.15022e-03 | 42 -0.00833  6.76408e-03
 43 -0.00799  8.60695e-03 | 44 -0.00762  1.06790e-02 | 45 -0.00724  1.29695e-02
 46 -0.00685  1.54612e-02 | 47 -0.00646  1.81405e-02 | 48 -0.00609  2.09899e-02
 49 -0.00573  2.40003e-02 | 50 -0.00540  2.71665e-02 | 51 -0.00512  3.04765e-02
 52 -0.00489  3.39004e-02 | 53 -0.00471  3.74056e-02 | 54 -0.00457  4.09454e-02
 55 -0.00448  4.44627e-02 | 56 -0.00441  4.78997e-02 | 57 -0.00435  5.11815e-02
 58 -0.00426  5.41898e-02 | 59 -0.00413  5.68100e-02 | 60 -0.00393  5.88988e-02
 61 -0.00363  6.03360e-02 | 62 -0.00318  6.10047e-02 | 63 -0.00256  6.08721e-02
 64 -0.00174  6.00043e-02 | 65 -0.00069  5.85226e-02 | 66  0.00063  5.67712e-02
 67  0.00225  5.49702e-02 | 68  0.00417  5.33345e-02 | 69  0.00640  5.20492e-02
 70  0.00895  5.13771e-02 | 71  0.01177  5.22981e-02 | 72  0.01483  5.75776e-02
 73  0.01802  7.11227e-02 | 74  0.02120  8.83079e-02 | 75  0.02400  7.79523e-02
 76  0.02601  3.23431e-03 | 77  0.02727 -8.79263e-02 | 78  0.02828 -7.68736e-02
 79  0.02911  4.61120e-02 | 80  0.02913  1.48255e-01 | 81  0.02794  1.30640e-01
 82  0.02586  4.07252e-02 | 83  0.02336 -2.76936e-02 | 84  0.02053 -3.84673e-02
 85  0.01718 -2.23337e-02 | 86  0.01329 -1.57373e-02 | 87  0.00922 -2.15656e-02
 88  0.00548 -3.23914e-02 | 89  0.00252 -4.58711e-02 | 90  0.00047 -6.08387e-02
 91 -0.00083 -7.49906e-02 | 92 -0.00172 -8.54048e-02 | 93 -0.00232 -8.97166e-02
 94 -0.00225 -9.00907e-02 | 95 -0.00133 -8.73873e-02 | 96 -0.00040 -6.66770e-02
 97  0.00163 -7.52568e-02 | 98  0.00491 -9.17468e-02 | 99  0.00990 -1.18832e-01
100  0.01204 -6.17906e-02 |101  0.01216 -2.16967e-02 |102  0.01105  1.19442e-02
103  0.00389  1.47276e-01 |104  0.00477  2.16811e-01 |105  0.02296  1.83734e-01
106  0.01959  2.63484e-02 |107 -0.00490 -3.98787e-01 |108  0.01452  1.43042e-01
109  0.08057 -2.69345e-01 |110  0.03230  7.02221e-02 |111 -0.01354  1.00773e-01
112  0.00299  7.82954e-01 |113  0.01659  4.21846e-01 |114  0.03468  3.22983e-03
115  0.00080 -2.93114e-01 |116 -0.06317  7.98906e-02 |117 -0.08134 -2.21280e-01
118 -0.07972 -3.68014e-01 |119 -0.04225 -7.52865e-02 |120  0.07899  1.84844e-01
121  0.03131 -5.17010e-01 |122  0.01919 -1.56939e-01 |123 -0.02366  7.37971e-01
124 -0.06523  7.06422e-01 |125 -0.01298  9.49698e-03 |126 -0.00327 -9.30159e-01
127 -0.03528 -4.96801e-01 |128  0.01844 -4.48197e-01 |129  0.07380  5.32345e-01
130  0.00415  3.54931e-01 |131  0.08717 -5.90193e-01 |132  0.00607 -3.06865e-01
133  0.13481  5.43041e-01 |134 -0.00411 -6.71164e-01 |135 -0.04658  1.22828e-01
136 -0.05888  2.51825e-02 |137 -0.02374  9.67335e-02 |138  0.09875  5.89646e-01
139  0.03013 -6.47765e-02 |140  0.01665 -5.99038e-02 |141 -0.03235 -2.21313e-03
142 -0.01668  2.14218e-01 |143 -0.00582 -1.82096e-01 |144 -0.00040 -2.02970e-03
145  0.21301 -2.10741e-01 |146  0.12890 -8.94229e-02 |

 - final statistics:
146 variables; iteration 45; function evaluation 64
Function value 7.0937e+03; maximum gradient component mag 6.8026e+00
Exit code = 1;  converg criter 1.0000e+01
Var    Value     Gradient |Var    Value     Gradient |Var    Value     Gradient
  1 -0.39687 -2.93993e-01 |  2  0.36111  6.80261e+00 |  3 -0.14959  5.47919e-01
  4  0.02154  1.93131e+00 |  5 -0.65379 -2.64438e-01 |  6 -0.62643 -4.06031e-01
  7  0.37077  1.60165e-01 |  8 -0.18849  1.51256e-01 |  9  0.04774 -1.50865e-01
 10 -0.56574  1.28419e-01 | 11 -0.64090 -4.37157e-02 | 12 -0.04108  2.07097e-01
 13 -0.00784  7.19811e-03 | 14 -0.00803  7.22626e-03 | 15 -0.00821  7.24481e-03
 16 -0.00839  7.25404e-03 | 17 -0.00857  7.25463e-03 | 18 -0.00874  7.24621e-03
 19 -0.00891  7.22874e-03 | 20 -0.00907  7.20223e-03 | 21 -0.00922  7.16656e-03
 22 -0.00936  7.12178e-03 | 23 -0.00949  7.06794e-03 | 24 -0.00961  7.00495e-03
 25 -0.00972  6.93301e-03 | 26 -0.00982  6.85244e-03 | 27 -0.00989  6.76370e-03
 28 -0.00995  6.66708e-03 | 29 -0.01000  6.56272e-03 | 30 -0.01002  6.45080e-03
 31 -0.01002  6.33291e-03 | 32 -0.01000  6.21107e-03 | 33 -0.00996  6.08768e-03
 34 -0.00989  5.96528e-03 | 35 -0.00980  5.84633e-03 | 36 -0.00968  5.73264e-03
 37 -0.00953  5.62546e-03 | 38 -0.00934  5.52541e-03 | 39 -0.00913  5.43228e-03
 40 -0.00888  5.34321e-03 | 41 -0.00861  5.26070e-03 | 42 -0.00830  5.18215e-03
 43 -0.00796  5.10599e-03 | 44 -0.00760  5.03103e-03 | 45 -0.00723  4.95614e-03
 46 -0.00685  4.88164e-03 | 47 -0.00646  4.81197e-03 | 48 -0.00609  4.75503e-03
 49 -0.00575  4.72560e-03 | 50 -0.00543  4.74553e-03 | 51 -0.00516  4.84053e-03
 52 -0.00493  5.03406e-03 | 53 -0.00476  5.34637e-03 | 54 -0.00463  5.78711e-03
 55 -0.00455  6.35598e-03 | 56 -0.00449  7.04927e-03 | 57 -0.00443  7.86002e-03
 58 -0.00435  8.77350e-03 | 59 -0.00422  9.78304e-03 | 60 -0.00402  1.08776e-02
 61 -0.00371  1.20512e-02 | 62 -0.00326  1.32791e-02 | 63 -0.00263  1.45142e-02
 64 -0.00180  1.56467e-02 | 65 -0.00073  1.64058e-02 | 66  0.00060  1.64008e-02
 67  0.00222  1.48564e-02 | 68  0.00413  1.07524e-02 | 69  0.00635  3.41830e-03
 70  0.00886 -5.61850e-03 | 71  0.01167 -8.90008e-03 | 72  0.01477  7.03480e-03
 73  0.01808  4.17647e-02 | 74  0.02119  4.63112e-02 | 75  0.02369 -2.47586e-02
 76  0.02589 -6.26304e-02 | 77  0.02819  4.71977e-02 | 78  0.02949  1.11506e-01
 79  0.02895 -2.50039e-02 | 80  0.02792 -1.22596e-01 | 81  0.02734 -2.24353e-02
 82  0.02616  6.53753e-02 | 83  0.02367  4.18280e-03 | 84  0.02051 -6.82861e-02
 85  0.01721 -3.70424e-02 | 86  0.01349  1.20357e-02 | 87  0.00941  1.06965e-02
 88  0.00561 -9.62886e-03 | 89  0.00262 -2.17988e-02 | 90  0.00059 -2.54393e-02
 91 -0.00067 -2.51920e-02 | 92 -0.00153 -2.29923e-02 | 93 -0.00213 -1.94567e-02
 94 -0.00207 -1.72286e-02 | 95 -0.00117 -1.53581e-02 | 96 -0.00023  1.45791e-02
 97  0.00190  3.11648e-02 | 98  0.00524  2.49626e-02 | 99  0.00980 -1.04973e-01
100  0.01242  4.98596e-02 |101  0.01246  5.72730e-02 |102  0.01074 -6.65922e-02
103  0.00386  1.14951e-01 |104  0.00430  5.29046e-02 |105  0.02231 -6.46676e-04
106  0.01971  1.03230e-01 |107 -0.00404 -7.21334e-02 |108  0.01377  9.66700e-02
109  0.08144  4.39448e-02 |110  0.03151 -2.18811e-03 |111 -0.01328  4.50461e-02
112  0.00181  1.81830e-01 |113  0.01627  7.73540e-02 |114  0.03473 -1.76949e-02
115  0.00098 -5.69199e-02 |116 -0.06378 -2.41727e-02 |117 -0.08117  1.04850e-02
118 -0.07959 -1.37272e-01 |119 -0.04190  7.15610e-02 |120  0.07821 -6.66169e-02
121  0.03185 -1.20899e-01 |122  0.01934 -5.20864e-02 |123 -0.02500  1.46304e-01
124 -0.06647  5.95437e-02 |125 -0.01342  5.18965e-02 |126 -0.00222 -1.71652e-01
127 -0.03535 -1.98180e-01 |128  0.01938  1.07191e-02 |129  0.07260  1.50762e-01
130  0.00338  5.50516e-02 |131  0.08763 -1.02589e-01 |132  0.00616 -5.21136e-02
133  0.13417  9.18391e-02 |134 -0.00321 -1.87006e-01 |135 -0.04673  1.98523e-02
136 -0.05904 -6.69351e-03 |137 -0.02395  2.26274e-02 |138  0.09765  1.57479e-01
139  0.03009 -5.86660e-02 |140  0.01694  4.92770e-02 |141 -0.03215  6.54804e-02
142 -0.01734  2.29595e-02 |143 -0.00507 -3.13020e-02 |144 -0.00040 -1.37844e-03
145  0.21517  3.48405e-03 |146  0.13082  5.98698e-02 |

Initial statistics: 176 variables; iteration 0; function evaluation 0; phase 3
Function value 7.0937155e+03; maximum gradient component mag 7.0218e+01
Var    Value     Gradient |Var    Value     Gradient |Var    Value     Gradient
  1 -0.39687 -2.93993e-01 |  2  0.36111  6.80261e+00 |  3 -0.14959  5.47919e-01
  4  0.02154  1.93131e+00 |  5 -0.65379 -2.64438e-01 |  6 -0.62643 -4.06031e-01
  7  0.37077  1.60165e-01 |  8 -0.18849  1.51256e-01 |  9  0.04774 -1.50865e-01
 10 -0.56574  1.28419e-01 | 11 -0.64090 -4.37157e-02 | 12 -0.04108  2.07097e-01
 13 -0.00784  7.19811e-03 | 14 -0.00803  7.22626e-03 | 15 -0.00821  7.24481e-03
 16 -0.00839  7.25404e-03 | 17 -0.00857  7.25463e-03 | 18 -0.00874  7.24621e-03
 19 -0.00891  7.22874e-03 | 20 -0.00907  7.20223e-03 | 21 -0.00922  7.16656e-03
 22 -0.00936  7.12178e-03 | 23 -0.00949  7.06794e-03 | 24 -0.00961  7.00495e-03
 25 -0.00972  6.93301e-03 | 26 -0.00982  6.85244e-03 | 27 -0.00989  6.76370e-03
 28 -0.00995  6.66708e-03 | 29 -0.01000  6.56272e-03 | 30 -0.01002  6.45080e-03
 31 -0.01002  6.33291e-03 | 32 -0.01000  6.21107e-03 | 33 -0.00996  6.08768e-03
 34 -0.00989  5.96528e-03 | 35 -0.00980  5.84633e-03 | 36 -0.00968  5.73264e-03
 37 -0.00953  5.62546e-03 | 38 -0.00934  5.52541e-03 | 39 -0.00913  5.43228e-03
 40 -0.00888  5.34321e-03 | 41 -0.00861  5.26070e-03 | 42 -0.00830  5.18215e-03
 43 -0.00796  5.10599e-03 | 44 -0.00760  5.03103e-03 | 45 -0.00723  4.95614e-03
 46 -0.00685  4.88164e-03 | 47 -0.00646  4.81197e-03 | 48 -0.00609  4.75503e-03
 49 -0.00575  4.72560e-03 | 50 -0.00543  4.74553e-03 | 51 -0.00516  4.84053e-03
 52 -0.00493  5.03406e-03 | 53 -0.00476  5.34637e-03 | 54 -0.00463  5.78711e-03
 55 -0.00455  6.35598e-03 | 56 -0.00449  7.04927e-03 | 57 -0.00443  7.86002e-03
 58 -0.00435  8.77350e-03 | 59 -0.00422  9.78304e-03 | 60 -0.00402  1.08776e-02
 61 -0.00371  1.20512e-02 | 62 -0.00326  1.32791e-02 | 63 -0.00263  1.45142e-02
 64 -0.00180  1.56467e-02 | 65 -0.00073  1.64058e-02 | 66  0.00060  1.64008e-02
 67  0.00222  1.48564e-02 | 68  0.00413  1.07524e-02 | 69  0.00635  3.41830e-03
 70  0.00886 -5.61850e-03 | 71  0.01167 -8.90008e-03 | 72  0.01477  7.03480e-03
 73  0.01808  4.17647e-02 | 74  0.02119  4.63112e-02 | 75  0.02369 -2.47586e-02
 76  0.02589 -6.26304e-02 | 77  0.02819  4.71977e-02 | 78  0.02949  1.11506e-01
 79  0.02895 -2.50039e-02 | 80  0.02792 -1.22596e-01 | 81  0.02734 -2.24353e-02
 82  0.02616  6.53753e-02 | 83  0.02367  4.18280e-03 | 84  0.02051 -6.82861e-02
 85  0.01721 -3.70424e-02 | 86  0.01349  1.20357e-02 | 87  0.00941  1.06965e-02
 88  0.00561 -9.62886e-03 | 89  0.00262 -2.17988e-02 | 90  0.00059 -2.54393e-02
 91 -0.00067 -2.51920e-02 | 92 -0.00153 -2.29923e-02 | 93 -0.00213 -1.94567e-02
 94 -0.00207 -1.72286e-02 | 95 -0.00117 -1.53581e-02 | 96 -0.00023  1.45791e-02
 97  0.00190  3.11648e-02 | 98  0.00524  2.49626e-02 | 99  0.00980 -1.04973e-01
100  0.01242  4.98596e-02 |101  0.01246  5.72730e-02 |102  0.01074 -6.65922e-02
103  0.00386  1.14951e-01 |104  0.00430  5.29046e-02 |105  0.02231 -6.46676e-04
106  0.01971  1.03230e-01 |107 -0.00404 -7.21334e-02 |108  0.01377  9.66700e-02
109  0.08144  4.39448e-02 |110  0.03151 -2.18811e-03 |111 -0.01328  4.50461e-02
112  0.00181  1.81830e-01 |113  0.01627  7.73540e-02 |114  0.03473 -1.76949e-02
115  0.00098 -5.69199e-02 |116 -0.06378 -2.41727e-02 |117 -0.08117  1.04850e-02
118 -0.07959 -1.37272e-01 |119 -0.04190  7.15610e-02 |120  0.07821 -6.66169e-02
121  0.03185 -1.20899e-01 |122  0.01934 -5.20864e-02 |123 -0.02500  1.46304e-01
124 -0.06647  5.95437e-02 |125 -0.01342  5.18965e-02 |126 -0.00222 -1.71652e-01
127 -0.03535 -1.98180e-01 |128  0.01938  1.07191e-02 |129  0.07260  1.50762e-01
130  0.00338  5.50516e-02 |131  0.08763 -1.02589e-01 |132  0.00616 -5.21136e-02
133  0.13417  9.18391e-02 |134 -0.00321 -1.87006e-01 |135 -0.04673  1.98523e-02
136 -0.05904 -6.69351e-03 |137 -0.02395  2.26274e-02 |138  0.09765  1.57479e-01
139  0.03009 -5.86660e-02 |140  0.01694  4.92770e-02 |141 -0.03215  6.54804e-02
142 -0.01734  2.29595e-02 |143 -0.00507 -3.13020e-02 |144 -0.00040 -1.37844e-03
145  0.21517  3.48405e-03 |146  0.13082  5.98698e-02 |147  0.04662  7.02178e+01
148  0.29671 -4.16796e+01 |149 -0.47543  2.76364e-02 |150  0.31377  2.65903e-01
151  0.18255 -4.09017e-02 |152  0.25986  4.94323e-02 |153  0.17459 -2.41541e-02
154  0.25418  3.45023e-02 |155  0.10351  7.51482e+00 |156  0.29677 -1.62421e+01
157  0.16893  1.09807e+01 |158  0.24623 -1.54783e+01 |159 -0.35197 -2.01749e+00
160  0.24281  1.75619e+00 |161  0.20265  9.41113e+00 |162  0.31675 -8.39400e+00
163 -0.38040  1.40034e-01 |164  0.23607 -2.34500e+00 |165  0.05118  8.06057e+00
166  0.11969  4.45935e+01 |167  0.32140 -9.26286e+00 |168  0.27252 -2.02044e+01
169  0.01343  1.21985e+01 |170  0.39319 -2.92631e+00 |171  0.09932 -3.17112e+00
172  0.16368  2.21848e-01 |173  0.21870  1.24468e+00 |174  0.25726 -1.62504e-01
175 -0.55411 -6.45947e-01 |176  0.17113  2.83184e-01 |

Intermediate statistics: 176 variables; iteration 20; function evaluation 22; phase 3
Function value 7.0929092e+03; maximum gradient component mag 7.8239e+01
Var    Value     Gradient |Var    Value     Gradient |Var    Value     Gradient
  1 -0.39817 -1.04879e+01 |  2  0.36056  7.82390e+01 |  3 -0.14987  2.52172e+01
  4  0.02488  4.67852e+01 |  5 -0.65234  7.27908e-01 |  6 -0.62719  1.20862e+01
  7  0.36730 -2.03730e+01 |  8 -0.18948 -2.55999e+01 |  9  0.05392 -1.27353e+01
 10 -0.56579 -9.48534e-01 | 11 -0.64237 -6.07232e+00 | 12 -0.02723 -3.18303e+01
 13 -0.00707  1.11633e-01 | 14 -0.00724  1.14646e-01 | 15 -0.00740  1.17710e-01
 16 -0.00756  1.20824e-01 | 17 -0.00772  1.23988e-01 | 18 -0.00787  1.27197e-01
 19 -0.00802  1.30444e-01 | 20 -0.00816  1.33722e-01 | 21 -0.00829  1.37023e-01
 22 -0.00841  1.40334e-01 | 23 -0.00852  1.43644e-01 | 24 -0.00863  1.46941e-01
 25 -0.00871  1.50216e-01 | 26 -0.00879  1.53471e-01 | 27 -0.00885  1.56710e-01
 28 -0.00889  1.59924e-01 | 29 -0.00891  1.63080e-01 | 30 -0.00892  1.66135e-01
 31 -0.00890  1.69059e-01 | 32 -0.00887  1.71830e-01 | 33 -0.00881  1.74432e-01
 34 -0.00873  1.76857e-01 | 35 -0.00862  1.79096e-01 | 36 -0.00849  1.81133e-01
 37 -0.00833  1.82938e-01 | 38 -0.00813  1.84463e-01 | 39 -0.00791  1.85649e-01
 40 -0.00766  1.86424e-01 | 41 -0.00737  1.86754e-01 | 42 -0.00706  1.86599e-01
 43 -0.00672  1.85936e-01 | 44 -0.00636  1.84743e-01 | 45 -0.00599  1.82985e-01
 46 -0.00561  1.80629e-01 | 47 -0.00523  1.77645e-01 | 48 -0.00486  1.74006e-01
 49 -0.00452  1.69688e-01 | 50 -0.00422  1.64635e-01 | 51 -0.00396  1.58731e-01
 52 -0.00375  1.51817e-01 | 53 -0.00360  1.43764e-01 | 54 -0.00350  1.34537e-01
 55 -0.00343  1.24197e-01 | 56 -0.00340  1.12834e-01 | 57 -0.00336  1.00506e-01
 58 -0.00331  8.72583e-02 | 59 -0.00321  7.31509e-02 | 60 -0.00304  5.82420e-02
 61 -0.00275  4.25971e-02 | 62 -0.00233  2.62979e-02 | 63 -0.00174  9.45239e-03
 64 -0.00093 -7.80239e-03 | 65  0.00011 -2.52416e-02 | 66  0.00141 -4.25591e-02
 67  0.00302 -5.92107e-02 | 68  0.00493 -7.44848e-02 | 69  0.00717 -8.78962e-02
 70  0.00971 -1.00365e-01 | 71  0.01251 -1.16627e-01 | 72  0.01545 -1.45275e-01
 73  0.01843 -1.85980e-01 | 74  0.02144 -2.07291e-01 | 75  0.02444 -1.80313e-01
 76  0.02685 -1.74000e-01 | 77  0.02811 -2.59485e-01 | 78  0.02871 -3.14893e-01
 79  0.02919 -2.42699e-01 | 80  0.02882 -1.92775e-01 | 81  0.02721 -2.65047e-01
 82  0.02511 -3.28121e-01 | 83  0.02295 -2.93889e-01 | 84  0.02018 -2.49557e-01
 85  0.01644 -2.70114e-01 | 86  0.01216 -3.01237e-01 | 87  0.00793 -2.99664e-01
 88  0.00412 -2.87682e-01 | 89  0.00106 -2.85141e-01 | 90 -0.00109 -2.94328e-01
 91 -0.00249 -3.13915e-01 | 92 -0.00349 -3.43224e-01 | 93 -0.00422 -3.80954e-01
 94 -0.00427 -4.23474e-01 | 95 -0.00346 -4.68400e-01 | 96 -0.00274 -5.24725e-01
 97 -0.00070 -5.56623e-01 | 98  0.00290 -5.37157e-01 | 99  0.00883 -4.07883e-01
100  0.01075 -4.61895e-01 |101  0.01116 -3.66775e-01 |102  0.01058 -1.79229e-01
103  0.00256 -2.30250e-01 |104  0.00395 -2.63187e-02 |105  0.02273  1.70616e-01
106  0.01868 -2.58302e-02 |107 -0.00354  2.75817e-01 |108  0.01277  4.43594e-01
109  0.08185  8.69501e-01 |110  0.03082 -4.36102e-02 |111 -0.01315  9.82186e-02
112  0.00109 -1.93524e-01 |113  0.01584 -5.70744e-01 |114  0.03356 -1.02262e+00
115  0.00045 -1.36852e+00 |116 -0.06482 -9.61024e-01 |117 -0.08288 -9.00815e-01
118 -0.08014 -7.12653e-01 |119 -0.04337 -6.56980e-01 |120  0.07653 -2.76296e+00
121  0.02935 -2.83730e+00 |122  0.01732 -2.38448e+00 |123 -0.02835 -2.22344e+00
124 -0.06810 -5.32806e-01 |125 -0.01808 -1.99897e+00 |126 -0.00663 -1.80818e+00
127 -0.03894 -1.33992e+00 |128  0.01682 -1.26916e+00 |129  0.06443 -1.88890e+00
130  0.00322 -4.39655e-01 |131  0.08186 -4.44160e-01 |132  0.00216 -7.60710e-01
133  0.13096  1.17375e+00 |134 -0.00458 -8.46957e-01 |135 -0.04842 -1.81174e-01
136 -0.06025 -3.79946e-01 |137 -0.02597 -3.44096e-01 |138  0.09480 -8.54851e-01
139  0.02980 -2.59322e-01 |140  0.01670  9.78724e-02 |141 -0.03282 -4.57710e-02
142 -0.01707 -5.70931e-02 |143 -0.00388  3.61673e-01 |144 -0.00047  2.62230e-03
145  0.19360 -1.05464e+01 |146  0.11106 -1.78698e+01 |147  0.03516  1.78661e+01
148  0.29359 -1.62626e+01 |149 -0.47801 -3.47203e-01 |150  0.31140  1.81356e-01
151  0.18337 -4.01339e-02 |152  0.25891  4.76074e-02 |153  0.17577 -6.11255e-02
154  0.25308  6.38570e-02 |155  0.08905  3.31567e+00 |156  0.29239 -1.53093e+01
157  0.16355  1.30051e+01 |158  0.24369 -2.23629e+01 |159 -0.34728  5.24127e-01
160  0.24421 -2.12087e+00 |161  0.19088  2.53914e+00 |162  0.31495 -4.43746e+00
163 -0.36654  2.93296e-01 |164  0.24262  2.16205e+00 |165  0.04801  2.84201e+00
166  0.11237  3.13838e+01 |167  0.32235 -4.39737e+00 |168  0.26832 -2.97827e+01
169  0.00491  4.32776e-01 |170  0.39424 -2.38952e-02 |171  0.16340 -3.03615e+00
172  0.16147  5.65466e-02 |173  0.19298  1.13239e+00 |174  0.25934 -3.96313e-02
175 -0.55013 -3.52332e+00 |176  0.17256 -2.35040e-01 |
176 variables; iteration 40; function evaluation 48; phase 3
Function value 7.0908092e+03; maximum gradient component mag -1.0629e+02
Var    Value     Gradient |Var    Value     Gradient |Var    Value     Gradient
  1 -0.40430  9.20133e+01 |  2  0.35749  2.65506e+00 |  3 -0.15388 -3.96389e+00
  4  0.03029  2.40490e+01 |  5 -0.64947  3.89985e+00 |  6 -0.62870  4.26942e-01
  7  0.36530 -2.15536e+01 |  8 -0.19444 -1.06292e+02 |  9  0.06103 -2.03341e+01
 10 -0.55540  4.59476e+00 | 11 -0.64515 -3.95716e+01 | 12 -0.10564 -9.65956e-01
 13 -0.00519  2.74888e-02 | 14 -0.00528  3.56267e-02 | 15 -0.00536  4.46691e-02
 16 -0.00544  5.47064e-02 | 17 -0.00551  6.58696e-02 | 18 -0.00557  7.83122e-02
 19 -0.00562  9.22193e-02 | 20 -0.00566  1.07783e-01 | 21 -0.00568  1.25179e-01
 22 -0.00569  1.44553e-01 | 23 -0.00568  1.65982e-01 | 24 -0.00566  1.89446e-01
 25 -0.00562  2.14863e-01 | 26 -0.00555  2.42209e-01 | 27 -0.00547  2.71702e-01
 28 -0.00537  3.03894e-01 | 29 -0.00524  3.39437e-01 | 30 -0.00508  3.78705e-01
 31 -0.00489  4.21721e-01 | 32 -0.00468  4.68329e-01 | 33 -0.00443  5.18345e-01
 34 -0.00416  5.71659e-01 | 35 -0.00386  6.28368e-01 | 36 -0.00353  6.88813e-01
 37 -0.00317  7.53511e-01 | 38 -0.00277  8.22972e-01 | 39 -0.00234  8.97453e-01
 40 -0.00187  9.76757e-01 | 41 -0.00137  1.06048e+00 | 42 -0.00085  1.14779e+00
 43 -0.00031  1.23786e+00 | 44  0.00025  1.32995e+00 | 45  0.00080  1.42333e+00
 46  0.00133  1.51729e+00 | 47  0.00184  1.61137e+00 | 48  0.00232  1.70554e+00
 49  0.00275  1.80029e+00 | 50  0.00313  1.89645e+00 | 51  0.00345  1.99427e+00
 52  0.00371  2.09245e+00 | 53  0.00388  2.18810e+00 | 54  0.00396  2.27757e+00
 55  0.00396  2.35819e+00 | 56  0.00388  2.42922e+00 | 57  0.00375  2.49097e+00
 58  0.00359  2.54364e+00 | 59  0.00344  2.58752e+00 | 60  0.00332  2.62291e+00
 61  0.00327  2.65041e+00 | 62  0.00332  2.67067e+00 | 63  0.00352  2.68495e+00
 64  0.00390  2.69479e+00 | 65  0.00450  2.70101e+00 | 66  0.00533  2.70450e+00
 67  0.00643  2.70357e+00 | 68  0.00778  2.69527e+00 | 69  0.00939  2.67726e+00
 70  0.01125  2.65488e+00 | 71  0.01347  2.65783e+00 | 72  0.01623  2.74370e+00
 73  0.01946  2.91412e+00 | 74  0.02209  2.95157e+00 | 75  0.02293  2.63397e+00
 76  0.02390  2.44093e+00 | 77  0.02741  2.91560e+00 | 78  0.02923  3.15566e+00
 79  0.02585  2.41162e+00 | 80  0.02266  1.81640e+00 | 81  0.02323  2.12418e+00
 82  0.02296  2.33013e+00 | 83  0.01905  1.81212e+00 | 84  0.01447  1.22456e+00
 85  0.01141  1.07109e+00 | 86  0.00816  9.46115e-01 | 87  0.00391  5.64966e-01
 88 -0.00027  6.69765e-02 | 89 -0.00359 -4.52526e-01 | 90 -0.00593 -1.00886e+00
 91 -0.00758 -1.62803e+00 | 92 -0.00890 -2.31547e+00 | 93 -0.01001 -3.06760e+00
 94 -0.01052 -3.90559e+00 | 95 -0.01020 -4.84270e+00 | 96 -0.00945 -5.79094e+00
 97 -0.00744 -6.92347e+00 | 98 -0.00429 -8.33841e+00 | 99 -0.00128 -1.01203e+01
100  0.00123 -1.12043e+01 |101  0.00153 -1.21459e+01 |102 -0.00089 -1.27781e+01
103 -0.00515 -1.21394e+01 |104 -0.00006 -1.20835e+01 |105  0.00906 -1.36432e+01
106  0.01468 -1.07828e+01 |107 -0.00101 -6.97945e+00 |108  0.01106 -5.86874e+00
109  0.06859 -7.97386e+00 |110  0.03509 -2.91433e+00 |111 -0.02125 -3.82719e+00
112 -0.00957 -5.40804e+00 |113  0.00516 -5.89502e+00 |114  0.02414 -5.58317e+00
115 -0.01011 -3.64449e+00 |116 -0.06820  1.40741e+00 |117 -0.08557  3.60941e+00
118 -0.07916  6.44714e+00 |119 -0.04473  6.57752e+00 |120  0.07058  1.47613e+01
121  0.02901  1.40196e+01 |122  0.02377  1.80966e+01 |123 -0.02976  8.83620e+00
124 -0.06988  4.11363e+00 |125 -0.02497  2.49381e+00 |126 -0.01054  3.00591e+00
127 -0.03770  2.71110e+00 |128  0.00211 -2.27813e+00 |129  0.06364  1.30594e+00
130 -0.00854 -1.37820e+00 |131  0.07974  1.18946e+00 |132 -0.01079 -4.11031e+00
133  0.11590 -8.04515e+00 |134 -0.01249 -2.96660e+00 |135 -0.05228 -9.56010e-01
136 -0.05777  1.52757e+00 |137 -0.02210  1.55361e+00 |138  0.08608 -3.00951e+00
139  0.02910  7.70111e-01 |140  0.01878  2.21279e+00 |141 -0.03135  1.27884e+00
142 -0.01708  3.55827e-01 |143 -0.00799 -1.01686e+00 |144 -0.00000  7.36809e-02
145  0.29156 -3.43963e+01 |146  0.20471  2.22358e+01 |147  0.03568 -9.20873e+00
148  0.29428  1.69718e+01 |149 -0.47224  1.02134e+00 |150  0.32005  3.59868e-01
151  0.22988 -8.66548e-02 |152  0.20503  9.23877e-02 |153  0.24878  5.47477e-02
154  0.18487 -7.42787e-03 |155  0.07164 -2.13046e+01 |156  0.28530  9.06382e+00
157  0.15312 -1.04356e+01 |158  0.23728 -6.96939e+00 |159 -0.33353  1.36653e+00
160  0.25039  5.57133e+00 |161  0.18506 -8.07802e+00 |162  0.31664  1.51503e+01
163 -0.42786 -1.20704e+01 |164  0.22022  5.82072e+00 |165  0.04212 -2.76522e+01
166  0.10777 -8.10154e+00 |167  0.32765  3.30865e+01 |168  0.26894  1.07924e+01
169  0.01947  2.35096e+01 |170  0.39508 -4.56854e+00 |171  0.66061 -3.56770e+00
172  0.05318  1.45569e-01 |173  0.02527  1.75242e+00 |174  0.36576  3.44453e-01
175 -0.48854  1.08969e+01 |176  0.19590 -2.80233e+00 |
176 variables; iteration 60; function evaluation 68; phase 3
Function value 7.0895251e+03; maximum gradient component mag -7.7257e+01
Var    Value     Gradient |Var    Value     Gradient |Var    Value     Gradient
  1 -0.40990  1.93917e+01 |  2  0.35655 -7.25777e+01 |  3 -0.15353 -7.72567e+01
  4  0.02973 -3.67326e+01 |  5 -0.64902  2.60539e+00 |  6 -0.62906 -1.87776e+01
  7  0.36284 -1.27022e+01 |  8 -0.19534 -5.59987e+01 |  9  0.06567 -7.64974e-01
 10 -0.56077  4.66477e+00 | 11 -0.64459 -6.45167e+00 | 12 -0.11478  7.14971e+01
 13 -0.00380  5.78707e-01 | 14 -0.00387  5.95731e-01 | 15 -0.00395  6.13219e-01
 16 -0.00402  6.31201e-01 | 17 -0.00408  6.49746e-01 | 18 -0.00414  6.68884e-01
 19 -0.00419  6.88660e-01 | 20 -0.00423  7.09123e-01 | 21 -0.00426  7.30308e-01
 22 -0.00428  7.52240e-01 | 23 -0.00429  7.74926e-01 | 24 -0.00429  7.98369e-01
 25 -0.00428  8.22595e-01 | 26 -0.00425  8.47682e-01 | 27 -0.00420  8.73787e-01
 28 -0.00414  9.01117e-01 | 29 -0.00406  9.29844e-01 | 30 -0.00395  9.60040e-01
 31 -0.00383  9.91740e-01 | 32 -0.00369  1.02496e+00 | 33 -0.00353  1.05976e+00
 34 -0.00334  1.09627e+00 | 35 -0.00313  1.13468e+00 | 36 -0.00289  1.17523e+00
 37 -0.00263  1.21815e+00 | 38 -0.00234  1.26362e+00 | 39 -0.00203  1.31171e+00
 40 -0.00168  1.36219e+00 | 41 -0.00132  1.41520e+00 | 42 -0.00093  1.47046e+00
 43 -0.00053  1.52781e+00 | 44 -0.00011  1.58716e+00 | 45  0.00031  1.64841e+00
 46  0.00072  1.71155e+00 | 47  0.00111  1.77681e+00 | 48  0.00149  1.84452e+00
 49  0.00182  1.91516e+00 | 50  0.00212  1.98908e+00 | 51  0.00236  2.06610e+00
 52  0.00255  2.14520e+00 | 53  0.00267  2.22509e+00 | 54  0.00272  2.30440e+00
 55  0.00272  2.38227e+00 | 56  0.00267  2.45867e+00 | 57  0.00260  2.53371e+00
 58  0.00253  2.60676e+00 | 59  0.00249  2.67735e+00 | 60  0.00250  2.74448e+00
 61  0.00259  2.80740e+00 | 62  0.00280  2.86475e+00 | 63  0.00314  2.91595e+00
 64  0.00367  2.96112e+00 | 65  0.00440  2.99960e+00 | 66  0.00537  3.03470e+00
 67  0.00660  3.06547e+00 | 68  0.00810  3.09076e+00 | 69  0.00988  3.10863e+00
 70  0.01190  3.11625e+00 | 71  0.01416  3.11831e+00 | 72  0.01668  3.13372e+00
 73  0.01940  3.16945e+00 | 74  0.02190  3.15719e+00 | 75  0.02365  3.01988e+00
 76  0.02506  2.89322e+00 | 77  0.02676  2.94747e+00 | 78  0.02736  2.89461e+00
 79  0.02590  2.53068e+00 | 80  0.02396  2.17824e+00 | 81  0.02279  2.08393e+00
 82  0.02093  1.92153e+00 | 83  0.01778  1.55710e+00 | 84  0.01408  1.16845e+00
 85  0.01037  8.81894e-01 | 86  0.00629  5.85203e-01 | 87  0.00200  2.34779e-01
 88 -0.00184 -1.17117e-01 | 89 -0.00482 -4.68281e-01 | 90 -0.00689 -8.41323e-01
 91 -0.00825 -1.24671e+00 | 92 -0.00927 -1.68597e+00 | 93 -0.01008 -2.16207e+00
 94 -0.01029 -2.69095e+00 | 95 -0.00964 -3.27694e+00 | 96 -0.00896 -3.92467e+00
 97 -0.00719 -4.74732e+00 | 98 -0.00384 -5.70300e+00 | 99  0.00408 -6.21571e+00
100  0.00280 -7.76710e+00 |101  0.00287 -8.63062e+00 |102  0.00749 -8.26260e+00
103 -0.00751 -9.76849e+00 |104 -0.00359 -9.90216e+00 |105  0.01884 -1.02285e+01
106  0.00644 -1.09608e+01 |107 -0.00811 -7.39625e+00 |108  0.00699 -5.84443e+00
109  0.06850 -5.57978e+00 |110  0.03530  2.68553e+00 |111 -0.01338  3.23919e+00
112 -0.00401  1.54340e+00 |113  0.00389 -1.81850e+00 |114  0.02404 -3.30248e+00
115 -0.00923 -4.14773e+00 |116 -0.08088 -6.38607e+00 |117 -0.09291 -3.49719e+00
118 -0.08740 -1.47938e+00 |119 -0.05718 -1.91120e+00 |120  0.07650  1.62614e+01
121  0.02514  1.11448e+01 |122  0.01287  8.57091e+00 |123 -0.03343  5.89648e+00
124 -0.07013  4.69726e+00 |125 -0.01810  9.16109e+00 |126 -0.00705  8.53359e+00
127 -0.04370  2.59228e+00 |128  0.00717 -1.30717e+00 |129  0.04839 -5.63611e+00
130 -0.00425 -3.40081e+00 |131  0.06557 -6.96190e+00 |132 -0.00834 -3.11838e+00
133  0.12127 -8.16103e-02 |134 -0.01565 -3.95786e+00 |135 -0.05059 -3.31239e-01
136 -0.05986  7.32997e-01 |137 -0.02572  4.65274e-01 |138  0.07948 -5.32219e+00
139  0.02273 -1.65474e+00 |140  0.01467  4.43876e-01 |141 -0.03340  5.18404e-01
142 -0.02262 -1.48706e+00 |143 -0.00443 -2.57036e-01 |144  0.00001  7.92397e-02
145  0.31133 -1.14565e+01 |146  0.22505  4.22188e+01 |147  0.03526 -1.12248e+01
148  0.29447  2.11214e+01 |149 -0.47646  1.69458e+00 |150  0.31131 -6.70330e-01
151  0.30616  1.50149e-02 |152  0.12215 -3.24335e-04 |153  0.19353 -4.70970e-02
154  0.13650  2.53747e-02 |155  0.08161 -1.55604e+01 |156  0.28988  1.03923e+01
157  0.16176 -1.16990e+01 |158  0.24436  1.04934e+01 |159 -0.34379  1.51241e+00
160  0.24603  6.48225e-02 |161  0.18821 -4.76618e+00 |162  0.31720  1.04259e+01
163 -0.41334 -6.89725e+00 |164  0.22434 -1.65518e+00 |165  0.05035 -1.07691e+01
166  0.10239 -3.41149e+01 |167  0.32889  2.46173e+01 |168  0.26718  1.87551e+01
169  0.01389  1.82971e+01 |170  0.39023 -7.85385e+00 |171  0.67323 -3.31327e+00
172  0.00435  7.93935e-01 |173  0.04187  1.99285e+00 |174  0.19621 -7.26424e-01
175 -0.51752  8.51816e+00 |176  0.19227  6.71384e+00 |
176 variables; iteration 80; function evaluation 94; phase 3
Function value 7.0880134e+03; maximum gradient component mag -5.0990e+01
Var    Value     Gradient |Var    Value     Gradient |Var    Value     Gradient
  1 -0.41861  4.60709e+01 |  2  0.35954 -5.09902e+01 |  3 -0.15112 -2.04605e+01
  4  0.02321 -1.73435e+01 |  5 -0.64392  5.72293e+00 |  6 -0.62865 -4.68728e+00
  7  0.36511 -4.17703e+00 |  8 -0.19540 -2.33728e+01 |  9  0.06187  5.47082e+00
 10 -0.55368  9.07007e+00 | 11 -0.64502  2.26058e+00 | 12 -0.14335  2.97767e+01
 13 -0.00509 -3.22531e-01 | 14 -0.00517 -3.24120e-01 | 15 -0.00524 -3.24051e-01
 16 -0.00530 -3.22205e-01 | 17 -0.00534 -3.18486e-01 | 18 -0.00538 -3.12844e-01
 19 -0.00539 -3.05242e-01 | 20 -0.00539 -2.95632e-01 | 21 -0.00538 -2.83948e-01
 22 -0.00535 -2.70101e-01 | 23 -0.00529 -2.53979e-01 | 24 -0.00522 -2.35448e-01
 25 -0.00512 -2.14383e-01 | 26 -0.00500 -1.90707e-01 | 27 -0.00486 -1.64440e-01
 28 -0.00469 -1.35733e-01 | 29 -0.00449 -1.04790e-01 | 30 -0.00427 -7.17229e-02
 31 -0.00403 -3.65130e-02 | 32 -0.00376  8.81465e-04 | 33 -0.00346  4.04867e-02
 34 -0.00314  8.22821e-02 | 35 -0.00279  1.26163e-01 | 36 -0.00242  1.71924e-01
 37 -0.00201  2.19250e-01 | 38 -0.00159  2.67760e-01 | 39 -0.00114  3.17090e-01
 40 -0.00067  3.66929e-01 | 41 -0.00018  4.17425e-01 | 42  0.00033  4.68827e-01
 43  0.00085  5.21637e-01 | 44  0.00139  5.76416e-01 | 45  0.00193  6.33582e-01
 46  0.00247  6.93212e-01 | 47  0.00299  7.54581e-01 | 48  0.00348  8.15550e-01
 49  0.00391  8.72258e-01 | 50  0.00424  9.19363e-01 | 51  0.00444  9.51474e-01
 52  0.00450  9.65287e-01 | 53  0.00441  9.60762e-01 | 54  0.00420  9.39822e-01
 55  0.00387  9.04231e-01 | 56  0.00344  8.54923e-01 | 57  0.00295  7.93462e-01
 58  0.00243  7.23631e-01 | 59  0.00194  6.50761e-01 | 60  0.00153  5.80989e-01
 61  0.00125  5.19939e-01 | 62  0.00116  4.72586e-01 | 63  0.00131  4.41760e-01
 64  0.00172  4.28034e-01 | 65  0.00244  4.31429e-01 | 66  0.00348  4.51184e-01
 67  0.00492  4.97931e-01 | 68  0.00691  6.01888e-01 | 69  0.00970  8.16753e-01
 70  0.01334  1.15080e+00 | 71  0.01669  1.34403e+00 | 72  0.01700  8.12590e-01
 73  0.01446 -3.33245e-01 | 74  0.01688 -3.75029e-01 | 75  0.02627  1.05595e+00
 76  0.03041  1.45679e+00 | 77  0.02331 -2.52091e-01 | 78  0.02049 -9.56894e-01
 79  0.02725  3.76174e-01 | 80  0.03358  1.73805e+00 | 81  0.02404  8.72428e-02
 82  0.01471 -1.49566e+00 | 83  0.01662 -6.86959e-01 | 84  0.02254  1.12036e+00
 85  0.01450  1.01617e-01 | 86  0.00109 -2.11345e+00 | 87 -0.00353 -2.39800e+00
 88 -0.00546 -2.14209e+00 | 89 -0.00790 -2.19100e+00 | 90 -0.00971 -2.31422e+00
 91 -0.01042 -2.34966e+00 | 92 -0.01033 -2.27535e+00 | 93 -0.00974 -2.13067e+00
 94 -0.00794 -1.84653e+00 | 95 -0.00581 -1.70225e+00 | 96 -0.01171 -3.52579e+00
 97 -0.00791 -3.32321e+00 | 98  0.00454 -1.55359e+00 | 99  0.01223 -1.48236e+00
100  0.00917 -3.02252e+00 |101  0.00260 -4.88746e+00 |102  0.01655 -2.36654e+00
103 -0.00873 -6.40479e+00 |104  0.00505 -4.48262e+00 |105 -0.01222 -1.16767e+01
106  0.01440 -5.00398e+00 |107 -0.00017 -2.88846e-01 |108 -0.00012 -2.15887e+00
109  0.06197  2.63795e+00 |110  0.03767  1.16429e+01 |111 -0.01529  8.83792e+00
112 -0.01630  4.72359e+00 |113  0.01835  1.04143e+01 |114  0.00666 -2.78993e-01
115 -0.00430  2.72193e+00 |116 -0.08581 -4.95049e+00 |117 -0.09788 -2.65409e+00
118 -0.08732  1.88263e+00 |119 -0.05358  1.74221e+00 |120  0.06640  8.28617e+00
121  0.01978  6.34803e+00 |122  0.01443  9.73188e+00 |123 -0.03913  2.93786e+00
124 -0.07524  1.11004e+00 |125 -0.03160 -6.90564e-01 |126 -0.01903 -5.56644e-01
127 -0.04851  1.51699e-02 |128  0.00917  1.80111e+00 |129  0.05655  1.15846e+00
130 -0.00984 -2.16074e+00 |131  0.06503 -7.12807e+00 |132 -0.00801 -2.62517e+00
133  0.13108  1.13741e+01 |134 -0.01115 -1.10641e+00 |135 -0.05780 -2.84656e+00
136 -0.06771 -2.22893e+00 |137 -0.03721 -3.24081e+00 |138  0.09299  8.50344e-01
139  0.01917 -2.34341e+00 |140  0.00552 -3.39850e+00 |141 -0.04449 -3.44859e+00
142  0.00854  7.76512e+00 |143  0.00631  2.64438e+00 |144  0.00025  1.52351e-01
145  0.35432 -6.80074e+00 |146  0.26191  3.03216e+01 |147  0.03757 -3.54065e+00
148  0.29370  1.13277e+01 |149 -0.46672  1.53205e+00 |150  0.32953  6.93928e-01
151  0.27592  5.51661e-02 |152  0.10961 -1.18814e-02 |153  0.15715  1.68919e-01
154  0.11302 -5.19654e-02 |155  0.09924 -6.30777e+00 |156  0.29528  5.80236e+00
157  0.16892 -5.86854e+00 |158  0.24749  9.13024e+00 |159 -0.34265  2.65964e+00
160  0.24636  1.38649e-01 |161  0.18286 -8.69526e+00 |162  0.31374  1.94171e+00
163 -0.39041 -1.75278e+00 |164  0.23178 -1.96539e+00 |165  0.05281  9.18210e-01
166  0.10448 -2.53345e+01 |167  0.32582  8.81761e+00 |168  0.26667  9.52832e+00
169  0.01147  8.19010e+00 |170  0.39587 -3.55683e-01 |171  0.67608 -1.77052e+00
172 -0.17727 -1.08470e+00 |173  0.02699  6.93854e-01 |174 -0.03394 -4.61030e-03
175 -0.53861  3.27593e+00 |176  0.18625  7.93367e+00 |
Maximum number of function evaluations exceeded

 - final statistics:
176 variables; iteration 85; function evaluation 100
Function value 7.0874e+03; maximum gradient component mag 5.5156e+01
Exit code = 3;  converg criter 1.0000e+00
Var    Value     Gradient |Var    Value     Gradient |Var    Value     Gradient
  1 -0.42126 -1.00486e+00 |  2  0.36077 -3.68269e+01 |  3 -0.14955 -3.34278e+01
  4  0.02045 -2.03401e+01 |  5 -0.64695  3.48396e+00 |  6 -0.62795 -3.40570e+00
  7  0.36572 -6.30710e+00 |  8 -0.19503 -3.42220e+01 |  9  0.06069 -4.06407e+00
 10 -0.55582  5.42045e+00 | 11 -0.64497  2.08915e-02 | 12 -0.14430  5.51558e+01
 13 -0.00503 -1.22023e-01 | 14 -0.00512 -1.21081e-01 | 15 -0.00520 -1.18622e-01
 16 -0.00527 -1.14525e-01 | 17 -0.00532 -1.08690e-01 | 18 -0.00537 -1.01067e-01
 19 -0.00540 -9.16147e-02 | 20 -0.00542 -8.02855e-02 | 21 -0.00542 -6.70135e-02
 22 -0.00540 -5.17070e-02 | 23 -0.00537 -3.42467e-02 | 24 -0.00531 -1.44887e-02
 25 -0.00524  7.70832e-03 | 26 -0.00514  3.24314e-02 | 27 -0.00501  5.96565e-02
 28 -0.00487  8.92286e-02 | 29 -0.00469  1.20951e-01 | 30 -0.00450  1.54736e-01
 31 -0.00428  1.90647e-01 | 32 -0.00403  2.28773e-01 | 33 -0.00376  2.69196e-01
 34 -0.00346  3.11948e-01 | 35 -0.00314  3.56972e-01 | 36 -0.00278  4.04102e-01
 37 -0.00240  4.53060e-01 | 38 -0.00200  5.03519e-01 | 39 -0.00157  5.55177e-01
 40 -0.00112  6.07759e-01 | 41 -0.00064  6.61529e-01 | 42 -0.00015  7.16733e-01
 43  0.00036  7.73827e-01 | 44  0.00088  8.33272e-01 | 45  0.00142  8.95347e-01
 46  0.00195  9.59996e-01 | 47  0.00246  1.02650e+00 | 48  0.00294  1.09297e+00
 49  0.00336  1.15615e+00 | 50  0.00370  1.21166e+00 | 51  0.00392  1.25506e+00
 52  0.00401  1.28347e+00 | 53  0.00398  1.29659e+00 | 54  0.00381  1.29547e+00
 55  0.00354  1.28093e+00 | 56  0.00318  1.25316e+00 | 57  0.00275  1.21310e+00
 58  0.00229  1.16380e+00 | 59  0.00185  1.11017e+00 | 60  0.00147  1.05783e+00
 61  0.00121  1.01191e+00 | 62  0.00113  9.76502e-01 | 63  0.00125  9.53630e-01
 64  0.00161  9.43394e-01 | 65  0.00224  9.45646e-01 | 66  0.00318  9.61138e-01
 67  0.00447  9.98371e-01 | 68  0.00618  1.07011e+00 | 69  0.00830  1.16592e+00
 70  0.01040  1.19316e+00 | 71  0.01217  1.08676e+00 | 72  0.01522  1.23298e+00
 73  0.01980  1.69834e+00 | 74  0.02102  1.42629e+00 | 75  0.02788  2.41499e+00
 76  0.03539  3.58594e+00 | 77  0.02112  3.85161e-01 | 78  0.01438 -1.11274e+00
 79  0.02838  1.85036e+00 | 80  0.03893  4.20457e+00 | 81  0.02527  1.68979e+00
 82  0.01446 -2.34306e-01 | 83  0.01758  9.36776e-01 | 84  0.01325  5.95363e-01
 85  0.00939  4.67402e-01 | 86  0.00701  7.76297e-01 | 87  0.00092  1.96159e-01
 88 -0.00313 -2.90759e-03 | 89 -0.00616 -1.53457e-01 | 90 -0.00823 -2.99979e-01
 91 -0.00926 -3.68143e-01 | 92 -0.00960 -3.58959e-01 | 93 -0.00953 -3.10162e-01
 94 -0.00851 -1.79996e-01 | 95 -0.00711 -1.68286e-01 | 96 -0.00749 -6.32778e-01
 97 -0.00170  1.28601e-01 | 98  0.00426  4.97645e-01 | 99  0.00662 -4.79232e-01
100  0.00147 -2.42390e+00 |101  0.01417 -8.66616e-03 |102  0.02214  1.41320e+00
103 -0.00754 -4.20632e+00 |104 -0.00429 -4.60211e+00 |105 -0.00657 -9.11819e+00
106  0.01985 -2.55516e+00 |107 -0.00564 -1.43130e+00 |108 -0.00360 -3.79227e+00
109  0.06886  7.93850e-01 |110  0.02713  4.88324e+00 |111 -0.01184  6.53367e+00
112 -0.01575  9.21376e-01 |113  0.01276  3.40285e+00 |114  0.00970 -3.95513e+00
115 -0.00459 -6.48342e-01 |116 -0.08733 -7.11607e+00 |117 -0.09336 -2.33360e+00
118 -0.09133 -1.58881e+00 |119 -0.04867  4.22692e-01 |120  0.06157 -2.93695e+00
121  0.02096  3.72764e-01 |122  0.01156  3.38443e+00 |123 -0.03917 -1.87199e-01
124 -0.07516 -3.17958e-01 |125 -0.03163 -2.63568e+00 |126 -0.01813 -1.73676e+00
127 -0.04912 -1.06262e+00 |128  0.00710  6.17747e-01 |129  0.05792  2.00840e+00
130 -0.00767 -9.89475e-01 |131  0.06460 -6.18331e+00 |132 -0.00360 -8.99127e-01
133  0.13028  9.96739e+00 |134 -0.00984 -6.97802e-01 |135 -0.05528 -1.89124e+00
136 -0.06443 -1.16201e+00 |137 -0.03405 -2.18195e+00 |138  0.09721  2.68720e+00
139  0.02136 -1.64263e+00 |140  0.00928 -2.15477e+00 |141 -0.04352 -3.30494e+00
142  0.00676  7.18248e+00 |143  0.00532  2.47302e+00 |144  0.00001  9.89267e-02
145  0.35703 -1.36532e+00 |146  0.26234  1.93627e+01 |147  0.03753  3.52405e+00
148  0.29329  3.17629e+00 |149 -0.48250 -2.83471e+00 |150  0.32212  1.60792e+00
151  0.19459 -1.63468e-01 |152  0.11874  7.81886e-02 |153 -0.02382  9.27292e-02
154  0.14548 -6.41331e-02 |155  0.10320 -6.11148e-01 |156  0.29661 -5.06369e-01
157  0.16874 -7.49988e-01 |158  0.24709  1.98948e+00 |159 -0.34656  1.36549e+00
160  0.24506 -7.76445e-02 |161  0.18359 -6.22161e+00 |162  0.31357 -9.89996e-01
163 -0.38348 -6.86621e-01 |164  0.23432 -1.58600e+00 |165  0.05101  1.33022e+00
166  0.10648 -1.32381e+01 |167  0.32437  4.49217e+00 |168  0.26745  3.71051e+00
169  0.00891  3.87282e+00 |170  0.39588  9.25035e-01 |171  0.67949 -1.85214e+00
172 -0.17972 -2.44118e-01 |173  0.03264  7.98084e-01 |174 -0.14991 -3.26843e-03
175 -0.54951  1.19962e+00 |176  0.18041  5.98945e+00 |

Initial statistics: 200 variables; iteration 0; function evaluation 0; phase 4
Function value 7.0874402e+03; maximum gradient component mag -7.4683e+01
Var    Value     Gradient |Var    Value     Gradient |Var    Value     Gradient
  1 -0.42126 -1.00486e+00 |  2  0.36077 -3.68269e+01 |  3 -0.14955 -3.34278e+01
  4  0.02045 -2.03401e+01 |  5 -0.64695  3.48396e+00 |  6 -0.62795 -3.40570e+00
  7  0.36572 -6.30710e+00 |  8 -0.19503 -3.42220e+01 |  9  0.06069 -4.06407e+00
 10 -0.55582  5.42045e+00 | 11 -0.64497  2.08915e-02 | 12 -0.14430  5.51558e+01
 13 -0.00503 -1.22023e-01 | 14 -0.00512 -1.21081e-01 | 15 -0.00520 -1.18622e-01
 16 -0.00527 -1.14525e-01 | 17 -0.00532 -1.08690e-01 | 18 -0.00537 -1.01067e-01
 19 -0.00540 -9.16147e-02 | 20 -0.00542 -8.02855e-02 | 21 -0.00542 -6.70135e-02
 22 -0.00540 -5.17070e-02 | 23 -0.00537 -3.42467e-02 | 24 -0.00531 -1.44887e-02
 25 -0.00524  7.70832e-03 | 26 -0.00514  3.24314e-02 | 27 -0.00501  5.96565e-02
 28 -0.00487  8.92286e-02 | 29 -0.00469  1.20951e-01 | 30 -0.00450  1.54736e-01
 31 -0.00428  1.90647e-01 | 32 -0.00403  2.28773e-01 | 33 -0.00376  2.69196e-01
 34 -0.00346  3.11948e-01 | 35 -0.00314  3.56972e-01 | 36 -0.00278  4.04102e-01
 37 -0.00240  4.53060e-01 | 38 -0.00200  5.03519e-01 | 39 -0.00157  5.55177e-01
 40 -0.00112  6.07759e-01 | 41 -0.00064  6.61529e-01 | 42 -0.00015  7.16733e-01
 43  0.00036  7.73827e-01 | 44  0.00088  8.33272e-01 | 45  0.00142  8.95347e-01
 46  0.00195  9.59996e-01 | 47  0.00246  1.02650e+00 | 48  0.00294  1.09297e+00
 49  0.00336  1.15615e+00 | 50  0.00370  1.21166e+00 | 51  0.00392  1.25506e+00
 52  0.00401  1.28347e+00 | 53  0.00398  1.29659e+00 | 54  0.00381  1.29547e+00
 55  0.00354  1.28093e+00 | 56  0.00318  1.25316e+00 | 57  0.00275  1.21310e+00
 58  0.00229  1.16380e+00 | 59  0.00185  1.11017e+00 | 60  0.00147  1.05783e+00
 61  0.00121  1.01191e+00 | 62  0.00113  9.76502e-01 | 63  0.00125  9.53630e-01
 64  0.00161  9.43394e-01 | 65  0.00224  9.45646e-01 | 66  0.00318  9.61138e-01
 67  0.00447  9.98371e-01 | 68  0.00618  1.07011e+00 | 69  0.00830  1.16592e+00
 70  0.01040  1.19316e+00 | 71  0.01217  1.08676e+00 | 72  0.01522  1.23298e+00
 73  0.01980  1.69834e+00 | 74  0.02102  1.42629e+00 | 75  0.02788  2.41499e+00
 76  0.03539  3.58594e+00 | 77  0.02112  3.85161e-01 | 78  0.01438 -1.11274e+00
 79  0.02838  1.85036e+00 | 80  0.03893  4.20457e+00 | 81  0.02527  1.68979e+00
 82  0.01446 -2.34306e-01 | 83  0.01758  9.36776e-01 | 84  0.01325  5.95363e-01
 85  0.00939  4.67402e-01 | 86  0.00701  7.76297e-01 | 87  0.00092  1.96159e-01
 88 -0.00313 -2.90759e-03 | 89 -0.00616 -1.53457e-01 | 90 -0.00823 -2.99979e-01
 91 -0.00926 -3.68143e-01 | 92 -0.00960 -3.58959e-01 | 93 -0.00953 -3.10162e-01
 94 -0.00851 -1.79996e-01 | 95 -0.00711 -1.68286e-01 | 96 -0.00749 -6.32778e-01
 97 -0.00170  1.28601e-01 | 98  0.00426  4.97645e-01 | 99  0.00662 -4.79232e-01
100  0.00147 -2.42390e+00 |101  0.01417 -8.66616e-03 |102  0.02214  1.41320e+00
103 -0.00754 -4.20632e+00 |104 -0.00429 -4.60211e+00 |105 -0.00657 -9.11819e+00
106  0.01985 -2.55516e+00 |107 -0.00564 -1.43130e+00 |108 -0.00360 -3.79227e+00
109  0.06886  7.93850e-01 |110  0.02713  4.88324e+00 |111 -0.01184  6.53367e+00
112 -0.01575  9.21376e-01 |113  0.01276  3.40285e+00 |114  0.00970 -3.95513e+00
115 -0.00459 -6.48342e-01 |116 -0.08733 -7.11607e+00 |117 -0.09336 -2.33360e+00
118 -0.09133 -1.58881e+00 |119 -0.04867  4.22692e-01 |120  0.06157 -2.93695e+00
121  0.02096  3.72764e-01 |122  0.01156  3.38443e+00 |123 -0.03917 -1.87199e-01
124 -0.07516 -3.17958e-01 |125 -0.03163 -2.63568e+00 |126 -0.01813 -1.73676e+00
127 -0.04912 -1.06262e+00 |128  0.00710  6.17747e-01 |129  0.05792  2.00840e+00
130 -0.00767 -9.89475e-01 |131  0.06460 -6.18331e+00 |132 -0.00360 -8.99127e-01
133  0.13028  9.96739e+00 |134 -0.00984 -6.97802e-01 |135 -0.05528 -1.89124e+00
136 -0.06443 -1.16201e+00 |137 -0.03405 -2.18195e+00 |138  0.09721  2.68720e+00
139  0.02136 -1.64263e+00 |140  0.00928 -2.15477e+00 |141 -0.04352 -3.30494e+00
142  0.00676  7.18248e+00 |143  0.00532  2.47302e+00 |144  0.00001  9.89267e-02
145  0.35703 -1.36532e+00 |146  0.26234  1.93627e+01 |147  0.03753  3.52405e+00
148  0.29329  3.17629e+00 |149  0.01638  1.58881e+01 |150 -0.11477 -7.46834e+01
151 -0.48250 -2.83471e+00 |152  0.32212  1.60792e+00 |153  0.04878 -4.11017e+00
154 -0.23502  2.00395e-02 |155  0.19459 -1.63468e-01 |156  0.11874  7.81886e-02
157 -0.02382  9.27292e-02 |158  0.14548 -6.41331e-02 |159  0.00587 -5.80172e-02
160 -0.09827 -9.56403e-02 |161  0.10320 -6.11148e-01 |162  0.29661 -5.06369e-01
163  0.16874 -7.49988e-01 |164  0.24709  1.98948e+00 |165 -0.34656  1.36549e+00
166  0.24506 -7.76445e-02 |167  0.05275  3.00614e+00 |168 -0.18762  9.26836e+00
169  0.18359 -6.22161e+00 |170  0.31357 -9.89996e-01 |171  0.07774 -3.24976e+01
172 -0.53183 -7.82900e-06 |173 -0.38348 -6.86621e-01 |174  0.23432 -1.58600e+00
175  0.07820 -7.40662e+00 |176 -0.12196  4.38066e+00 |177  0.05101  1.33022e+00
178  0.10648 -1.32381e+01 |179  0.32437  4.49217e+00 |180  0.26745  3.71051e+00
181  0.00546  4.31519e+00 |182  0.00907  4.86656e+00 |183 -0.15012  7.53121e+00
184 -0.12571 -3.53988e+01 |185  0.00891  3.87282e+00 |186  0.39588  9.25035e-01
187  0.01863  4.66882e+00 |188 -0.15435 -4.12206e+00 |189  0.67949 -1.85214e+00
190 -0.17972 -2.44118e-01 |191  0.03264  7.98084e-01 |192 -0.14991 -3.26843e-03
193  0.02453 -1.66653e+00 |194 -0.00648 -5.40921e-01 |195 -0.17628 -2.38756e-01
196 -0.11429  1.32776e+00 |197 -0.54951  1.19962e+00 |198  0.18041  5.98945e+00
199  0.09511  4.30653e+01 |200 -0.25343  1.75636e+01 |

Intermediate statistics: 200 variables; iteration 20; function evaluation 23; phase 4
Function value 7.0852662e+03; maximum gradient component mag 8.9421e+01
Var    Value     Gradient |Var    Value     Gradient |Var    Value     Gradient
  1 -0.43187  4.43590e+00 |  2  0.36127 -2.45833e+01 |  3 -0.15110  3.08440e+01
  4  0.02022  4.08510e+00 |  5 -0.65259  2.12602e+00 |  6 -0.62700  1.42066e+01
  7  0.36721  8.94214e+01 |  8 -0.19843  5.07705e+01 |  9  0.06363  6.28309e+01
 10 -0.56026  2.63715e+00 | 11 -0.64501 -2.71247e+00 | 12 -0.17037  1.75261e+01
 13 -0.00317  4.16142e-03 | 14 -0.00322  3.89728e-03 | 15 -0.00326  3.48889e-03
 16 -0.00330  2.92569e-03 | 17 -0.00334  2.20105e-03 | 18 -0.00337  1.31170e-03
 19 -0.00339  2.56613e-04 | 20 -0.00340 -9.64984e-04 | 21 -0.00340 -2.35500e-03
 22 -0.00340 -3.91700e-03 | 23 -0.00338 -5.65637e-03 | 24 -0.00334 -7.57967e-03
 25 -0.00330 -9.69163e-03 | 26 -0.00324 -1.19899e-02 | 27 -0.00316 -1.44588e-02
 28 -0.00307 -1.70676e-02 | 29 -0.00296 -1.97793e-02 | 30 -0.00284 -2.25663e-02
 31 -0.00269 -2.54136e-02 | 32 -0.00253 -2.83068e-02 | 33 -0.00234 -3.12277e-02
 34 -0.00214 -3.41509e-02 | 35 -0.00192 -3.70398e-02 | 36 -0.00168 -3.98454e-02
 37 -0.00141 -4.25064e-02 | 38 -0.00112 -4.49568e-02 | 39 -0.00082 -4.71327e-02
 40 -0.00049 -4.89656e-02 | 41 -0.00014 -5.04558e-02 | 42  0.00022 -5.15848e-02
 43  0.00060 -5.23553e-02 | 44  0.00098 -5.27700e-02 | 45  0.00136 -5.28130e-02
 46  0.00172 -5.24417e-02 | 47  0.00206 -5.15698e-02 | 48  0.00237 -5.00234e-02
 49  0.00263 -4.75425e-02 | 50  0.00283 -4.38015e-02 | 51  0.00297 -3.84871e-02
 52  0.00305 -3.14098e-02 | 53  0.00305 -2.25768e-02 | 54  0.00299 -1.20813e-02
 55  0.00288  1.75945e-05 | 56  0.00272  1.37087e-02 | 57  0.00255  2.89196e-02
 58  0.00238  4.53842e-02 | 59  0.00224  6.26658e-02 | 60  0.00216  8.02213e-02
 61  0.00217  9.75270e-02 | 62  0.00230  1.14092e-01 | 63  0.00259  1.29613e-01
 64  0.00307  1.43982e-01 | 65  0.00377  1.57086e-01 | 66  0.00472  1.69028e-01
 67  0.00594  1.79211e-01 | 68  0.00744  1.87094e-01 | 69  0.00923  1.93997e-01
 70  0.01131  2.05160e-01 | 71  0.01366  2.21692e-01 | 72  0.01614  2.28268e-01
 73  0.01865  2.31754e-01 | 74  0.02115  2.51347e-01 | 75  0.02336  2.69140e-01
 76  0.02517  3.10095e-01 | 77  0.02598  2.85463e-01 | 78  0.02611  2.85810e-01
 79  0.02572  3.39852e-01 | 80  0.02461  3.87813e-01 | 81  0.02257  3.64547e-01
 82  0.02029  3.91995e-01 | 83  0.01740  3.89376e-01 | 84  0.01409  4.04568e-01
 85  0.01025  4.10601e-01 | 86  0.00598  3.83883e-01 | 87  0.00200  4.10943e-01
 88 -0.00157  4.13955e-01 | 89 -0.00426  4.14256e-01 | 90 -0.00596  4.16252e-01
 91 -0.00690  4.13042e-01 | 92 -0.00744  4.04988e-01 | 93 -0.00772  3.96666e-01
 94 -0.00735  3.84860e-01 | 95 -0.00607  3.86330e-01 | 96 -0.00460  4.21276e-01
 97 -0.00227  3.25737e-01 | 98  0.00153  2.35191e-01 | 99  0.00720  1.81543e-01
100  0.00950  1.00575e-01 |101  0.00862 -2.84471e-01 |102  0.00643 -6.48048e-01
103  0.00045 -3.04648e-01 |104  0.00103 -3.43579e-01 |105  0.01807 -4.70422e-01
106  0.01097 -1.48001e+00 |107 -0.01130 -1.65505e+00 |108  0.00545 -1.62607e+00
109  0.06444 -3.21054e+00 |110  0.01731 -2.44430e+00 |111 -0.02669 -1.77187e+00
112 -0.01119 -8.91376e-01 |113 -0.00009 -1.82481e+00 |114  0.01796 -2.23453e+00
115 -0.01822 -2.68520e+00 |116 -0.07591  7.07202e-02 |117 -0.09521 -7.81788e-02
118 -0.09151  8.73298e-01 |119 -0.05377  8.25129e-01 |120  0.06229  3.19453e+00
121  0.01934  2.14918e+00 |122  0.00598  2.20996e+00 |123 -0.03666  2.04503e+00
124 -0.07696  7.69284e-01 |125 -0.02749  1.67289e+00 |126 -0.01780  1.15246e+00
127 -0.04712  1.24344e+00 |128  0.00605  1.82269e+00 |129  0.05326  1.22665e+00
130 -0.00628  1.20585e+00 |131  0.06999 -1.07394e-01 |132 -0.00322  2.97435e-01
133  0.12243  3.35679e+00 |134 -0.00783  1.40679e+00 |135 -0.05073  4.26168e-01
136 -0.06138  5.59787e-01 |137 -0.02612  3.81313e-01 |138  0.09090 -3.14855e-01
139  0.02732  5.51225e-01 |140  0.01529  4.09490e-01 |141 -0.03224  6.83971e-01
142 -0.02109 -8.68191e-01 |143 -0.00628 -3.54627e-01 |144 -0.00044 -1.12665e-02
145  0.40400  2.65409e-01 |146  0.28990  1.67524e+01 |147  0.04974  8.34376e+00
148  0.29757  1.17356e+01 |149 -0.01218  5.76423e+00 |150 -0.10022 -1.63365e+00
151 -0.47483 -8.01605e-03 |152  0.31318  2.32726e-01 |153  0.04816  4.47813e-01
154 -0.23395 -5.76380e-02 |155  0.19595 -1.63663e-01 |156  0.11808  8.05744e-02
157 -0.02445  1.84571e-01 |158  0.14637 -1.74908e-01 |159  0.00748 -2.29082e-01
160 -0.10027  4.49218e-01 |161  0.11897 -3.18843e+00 |162  0.30136  1.19241e+01
163  0.17552 -4.16123e+00 |164  0.24980  1.02641e+01 |165 -0.35024 -2.95668e-01
166  0.24288  2.31269e-01 |167  0.05221 -2.59156e+00 |168 -0.18942 -4.92923e+00
169  0.18948  9.58666e-01 |170  0.31551  2.21025e-01 |171  0.07862  6.91803e+00
172 -0.53185  2.79362e-03 |173 -0.38454 -3.50105e-01 |174  0.23431 -4.26387e-01
175  0.07796 -1.96526e+00 |176 -0.11987 -4.56473e+00 |177  0.05089 -5.28045e+00
178  0.11905  3.81479e+00 |179  0.32369  5.68089e+00 |180  0.27261 -8.47447e-01
181  0.00235 -3.43260e+00 |182 -0.00653  2.27503e+00 |183 -0.15209 -6.44065e-01
184 -0.11870 -1.42064e+00 |185  0.01131  9.39436e-01 |186  0.39346  1.55060e-01
187  0.01336  1.27618e+00 |188 -0.14701  7.54468e-01 |189  0.69239 -7.97777e-01
190 -0.17523  4.42199e+00 |191  0.02831  1.21290e-01 |192 -0.14980 -3.60896e-02
193  0.03967 -1.53175e+00 |194  0.00124 -1.84240e+00 |195 -0.17417 -2.04609e-01
196 -0.13239  4.82222e+00 |197 -0.54807  3.70073e+00 |198  0.17577  1.18365e+00
199  0.09689  4.87748e+01 |200 -0.25386  1.63367e+01 |
200 variables; iteration 40; function evaluation 47; phase 4
Function value 7.0843346e+03; maximum gradient component mag -1.0408e+02
Var    Value     Gradient |Var    Value     Gradient |Var    Value     Gradient
  1 -0.43610  4.77642e+01 |  2  0.36258 -2.48421e+01 |  3 -0.15095  4.71424e+01
  4  0.01749 -7.13116e-01 |  5 -0.64903  5.41573e+00 |  6 -0.62667  5.84376e+01
  7  0.37056  7.54254e+01 |  8 -0.19630 -5.87475e+01 |  9  0.05559  2.18413e+01
 10 -0.56439 -7.87767e+00 | 11 -0.64418 -1.04076e+02 | 12 -0.18574  3.25630e+00
 13 -0.00107  5.61874e-01 | 14 -0.00106  5.77220e-01 | 15 -0.00105  5.92376e-01
 16 -0.00103  6.07310e-01 | 17 -0.00101  6.22022e-01 | 18 -0.00099  6.36500e-01
 19 -0.00095  6.50746e-01 | 20 -0.00091  6.64763e-01 | 21 -0.00086  6.78546e-01
 22 -0.00081  6.92075e-01 | 23 -0.00074  7.05320e-01 | 24 -0.00066  7.18233e-01
 25 -0.00057  7.30767e-01 | 26 -0.00046  7.42894e-01 | 27 -0.00035  7.54633e-01
 28 -0.00022  7.66059e-01 | 29 -0.00007  7.77259e-01 | 30  0.00008  7.88256e-01
 31  0.00026  7.99021e-01 | 32  0.00045  8.09478e-01 | 33  0.00065  8.19558e-01
 34  0.00087  8.29200e-01 | 35  0.00111  8.38376e-01 | 36  0.00135  8.47099e-01
 37  0.00162  8.55416e-01 | 38  0.00190  8.63410e-01 | 39  0.00219  8.71116e-01
 40  0.00250  8.78312e-01 | 41  0.00282  8.85116e-01 | 42  0.00314  8.91098e-01
 43  0.00347  8.95814e-01 | 44  0.00379  8.98807e-01 | 45  0.00409  8.99589e-01
 46  0.00436  8.97772e-01 | 47  0.00459  8.93375e-01 | 48  0.00478  8.86893e-01
 49  0.00491  8.79622e-01 | 50  0.00498  8.73564e-01 | 51  0.00500  8.70759e-01
 52  0.00497  8.72325e-01 | 53  0.00487  8.78299e-01 | 54  0.00473  8.87736e-01
 55  0.00454  8.99628e-01 | 56  0.00432  9.13600e-01 | 57  0.00408  9.29087e-01
 58  0.00385  9.44111e-01 | 59  0.00365  9.56553e-01 | 60  0.00350  9.63740e-01
 61  0.00342  9.63794e-01 | 62  0.00345  9.54811e-01 | 63  0.00361  9.36384e-01
 64  0.00396  9.09256e-01 | 65  0.00451  8.73056e-01 | 66  0.00531  8.30061e-01
 67  0.00635  7.74185e-01 | 68  0.00761  6.96434e-01 | 69  0.00911  6.00553e-01
 70  0.01105  5.39395e-01 | 71  0.01362  5.57243e-01 | 72  0.01563  4.07788e-01
 73  0.01661  2.20871e-02 | 74  0.01979  1.26600e-01 | 75  0.01819 -7.02343e-01
 76  0.01496 -1.74063e+00 | 77  0.02772  5.73132e-01 | 78  0.03319  1.54698e+00
 79  0.02064 -8.49036e-01 | 80  0.00977 -2.84369e+00 | 81  0.01687 -1.05030e+00
 82  0.02049  1.69628e-01 | 83  0.01303 -8.11402e-01 | 84  0.01015 -7.13664e-01
 85  0.00621 -7.37494e-01 | 86  0.00105 -9.75429e-01 | 87 -0.00180 -6.75011e-01
 88 -0.00496 -5.57016e-01 | 89 -0.00722 -4.26869e-01 | 90 -0.00839 -2.61296e-01
 91 -0.00883 -9.01229e-02 | 92 -0.00889  9.04058e-02 | 93 -0.00873  2.98845e-01
 94 -0.00807  5.25755e-01 | 95 -0.00656  8.45875e-01 | 96 -0.00453  1.38630e+00
 97 -0.00324  1.46718e+00 | 98 -0.00037  1.62180e+00 | 99  0.00656  2.27280e+00
100  0.01244  3.21923e+00 |101  0.00631  1.36729e+00 |102 -0.00074 -5.28232e-01
103 -0.00075  1.07865e+00 |104 -0.00613 -7.93065e-01 |105  0.02039  5.13061e-01
106 -0.00120 -4.26044e+00 |107 -0.01721 -3.57813e+00 |108  0.00494 -3.67364e+00
109  0.05706 -7.61721e+00 |110  0.01131 -6.33790e+00 |111 -0.03123 -5.09444e+00
112 -0.01702 -4.95746e+00 |113 -0.01085 -6.49388e+00 |114  0.01971 -1.34471e+00
115 -0.01675 -5.95450e-01 |116 -0.08162 -2.40858e+00 |117 -0.09546 -1.64661e+00
118 -0.09305 -1.70180e+00 |119 -0.05053 -5.09292e-01 |120  0.06823 -2.22917e+00
121  0.02368 -2.40982e+00 |122  0.01388 -1.18934e+00 |123 -0.03399 -2.04589e+00
124 -0.07001  3.98900e-01 |125 -0.02241  8.25202e-01 |126 -0.01299  9.93027e-01
127 -0.04663  9.82415e-01 |128  0.00618  2.52435e+00 |129  0.05270  2.66529e+00
130 -0.00767  2.36586e+00 |131  0.06734  7.40551e-01 |132 -0.00508 -8.44924e-02
133  0.11091 -6.61063e+00 |134 -0.01193  3.27368e-01 |135 -0.05320  8.86618e-02
136 -0.06257  5.30479e-01 |137 -0.02651  4.81100e-01 |138  0.09684  2.64976e+00
139  0.02695  7.45336e-01 |140  0.01433 -1.40915e-01 |141 -0.03512 -3.61000e-01
142 -0.02111 -8.41801e-01 |143 -0.01072 -1.35730e+00 |144 -0.00061 -5.90184e-02
145  0.43115 -2.38366e+00 |146  0.34452  2.14719e+01 |147  0.05037 -9.95079e-01
148  0.29744  3.72287e+01 |149 -0.00913  7.54841e+00 |150 -0.10019  5.79455e+00
151 -0.46793  9.03355e-01 |152  0.30313 -2.68036e+00 |153  0.04185 -2.87944e+00
154 -0.22867  7.24496e-01 |155  0.21135 -2.91754e-01 |156  0.11087  1.05855e-01
157 -0.02908 -1.13652e-01 |158  0.15634 -3.91468e-02 |159  0.03054 -4.74164e-01
160 -0.11325 -1.15383e+00 |161  0.11679 -5.69889e+00 |162  0.29970  1.77089e+01
163  0.17153 -7.99976e+00 |164  0.24640  9.84073e+00 |165 -0.35671 -2.86951e-01
166  0.23908 -3.41522e+00 |167  0.05415 -1.36090e+00 |168 -0.18962 -2.49317e+01
169  0.20060 -2.52204e+00 |170  0.31746  6.45649e+00 |171  0.07662 -1.50830e+01
172 -0.53203  5.00614e-04 |173 -0.38321  3.68956e+00 |174  0.23354 -8.64620e+00
175  0.07729  3.26711e+00 |176 -0.11620 -1.01084e+01 |177  0.05934  9.11650e+00
178  0.11837 -1.00908e+01 |179  0.32254 -5.80858e+00 |180  0.27263  2.15340e+01
181  0.00203  6.67582e+00 |182 -0.00265  2.57880e+00 |183 -0.15325 -2.04871e+00
184 -0.11860 -5.97320e+00 |185  0.01973  1.24243e+00 |186  0.38848 -5.21630e-01
187  0.00723  1.27472e-03 |188 -0.14408  1.43389e+00 |189  0.76278 -4.99346e+00
190 -0.17406  4.94474e-01 |191  0.04392  3.70957e+00 |192 -0.14632 -1.23948e-02
193  0.16021 -1.85520e-02 |194  0.05491 -1.77838e+00 |195 -0.15752 -3.01754e-02
196 -0.30551  2.11292e-01 |197 -0.56134  3.91432e+00 |198  0.16288 -1.95700e+00
199  0.09210  3.31395e+01 |200 -0.27526  8.35850e+00 |
200 variables; iteration 60; function evaluation 71; phase 4
Function value 7.0834777e+03; maximum gradient component mag 3.7514e+01
Var    Value     Gradient |Var    Value     Gradient |Var    Value     Gradient
  1 -0.43836  1.36503e+01 |  2  0.36459 -9.07566e+00 |  3 -0.14967  1.55769e+01
  4  0.01359 -1.04174e+01 |  5 -0.64952  3.54622e+00 |  6 -0.62619  3.75142e+01
  7  0.37016  2.70479e+01 |  8 -0.19462  4.17830e+00 |  9  0.05287  9.93795e+00
 10 -0.56380 -1.39725e+00 | 11 -0.64283 -1.91588e+01 | 12 -0.18490 -1.37533e+01
 13 -0.00287  7.71737e-02 | 14 -0.00291  7.95236e-02 | 15 -0.00294  8.21160e-02
 16 -0.00296  8.49645e-02 | 17 -0.00298  8.80874e-02 | 18 -0.00299  9.14788e-02
 19 -0.00299  9.51345e-02 | 20 -0.00298  9.90528e-02 | 21 -0.00296  1.03233e-01
 22 -0.00292  1.07676e-01 | 23 -0.00288  1.12389e-01 | 24 -0.00282  1.17376e-01
 25 -0.00274  1.22643e-01 | 26 -0.00265  1.28183e-01 | 27 -0.00254  1.33971e-01
 28 -0.00241  1.39957e-01 | 29 -0.00227  1.46084e-01 | 30 -0.00211  1.52304e-01
 31 -0.00193  1.58595e-01 | 32 -0.00173  1.64926e-01 | 33 -0.00152  1.71262e-01
 34 -0.00129  1.77552e-01 | 35 -0.00103  1.83724e-01 | 36 -0.00076  1.89683e-01
 37 -0.00048  1.95307e-01 | 38 -0.00017  2.00468e-01 | 39  0.00015  2.05030e-01
 40  0.00049  2.08814e-01 | 41  0.00084  2.11839e-01 | 42  0.00120  2.14010e-01
 43  0.00156  2.15285e-01 | 44  0.00193  2.15618e-01 | 45  0.00229  2.14921e-01
 46  0.00262  2.13048e-01 | 47  0.00293  2.09777e-01 | 48  0.00319  2.04706e-01
 49  0.00340  1.97272e-01 | 50  0.00353  1.86776e-01 | 51  0.00358  1.72524e-01
 52  0.00355  1.54030e-01 | 53  0.00342  1.31174e-01 | 54  0.00321  1.04001e-01
 55  0.00292  7.25162e-02 | 56  0.00258  3.66684e-02 | 57  0.00220 -3.48502e-03
 58  0.00181 -4.75715e-02 | 59  0.00144 -9.49598e-02 | 60  0.00113 -1.44880e-01
 61  0.00092 -1.96641e-01 | 62  0.00084 -2.49586e-01 | 63  0.00093 -3.03359e-01
 64  0.00122 -3.57926e-01 | 65  0.00174 -4.13041e-01 | 66  0.00253 -4.69304e-01
 67  0.00361 -5.25439e-01 | 68  0.00501 -5.79846e-01 | 69  0.00671 -6.34271e-01
 70  0.00866 -6.99978e-01 | 71  0.01078 -7.83923e-01 | 72  0.01321 -8.40493e-01
 73  0.01587 -8.65276e-01 | 74  0.01806 -9.71557e-01 | 75  0.02059 -9.54334e-01
 76  0.02263 -9.37318e-01 | 77  0.02210 -1.28394e+00 | 78  0.02146 -1.49567e+00
 79  0.02229 -1.26519e+00 | 80  0.02210 -1.08864e+00 | 81  0.01911 -1.34489e+00
 82  0.01573 -1.58471e+00 | 83  0.01373 -1.44597e+00 | 84  0.01039 -1.47533e+00
 85  0.00675 -1.46256e+00 | 86  0.00312 -1.37395e+00 | 87 -0.00099 -1.40915e+00
 88 -0.00434 -1.38780e+00 | 89 -0.00679 -1.36134e+00 | 90 -0.00827 -1.33679e+00
 91 -0.00896 -1.29950e+00 | 92 -0.00924 -1.24486e+00 | 93 -0.00929 -1.17647e+00
 94 -0.00875 -1.08470e+00 | 95 -0.00758 -9.96715e-01 | 96 -0.00680 -9.59845e-01
 97 -0.00384 -6.39091e-01 | 98  0.00025 -3.06158e-01 | 99  0.00509 -1.16754e-01
100  0.00616 -9.10237e-03 |101  0.00888  9.65749e-01 |102  0.00949  1.78589e+00
103 -0.00190  1.16712e+00 |104 -0.00107  1.63889e+00 |105  0.01264  1.63057e+00
106  0.01331  2.89392e+00 |107 -0.00953  2.08611e+00 |108  0.00128  2.67428e-01
109  0.05879 -4.44890e-01 |110  0.01333 -1.32236e+00 |111 -0.02780 -9.00905e-01
112 -0.01759 -2.07928e+00 |113 -0.00070 -1.97298e+00 |114  0.01342 -2.90247e+00
115 -0.01413 -8.68512e-01 |116 -0.07740 -1.01572e+00 |117 -0.09307 -8.85416e-01
118 -0.08982 -8.52331e-01 |119 -0.05016 -4.22183e-01 |120  0.07182  5.07882e-01
121  0.02696  4.58031e-01 |122  0.01604  1.79319e+00 |123 -0.02433  3.49298e+00
124 -0.06698  2.07679e+00 |125 -0.01683  3.10952e+00 |126 -0.00713  2.96589e+00
127 -0.04274  1.39220e+00 |128  0.00931  1.47477e+00 |129  0.05681  9.91040e-01
130 -0.00733  2.70664e-01 |131  0.06924 -1.84832e+00 |132 -0.00524 -1.34559e+00
133  0.12049 -1.61026e-01 |134 -0.00955  3.06713e-01 |135 -0.05221  1.43040e-01
136 -0.06188  2.48363e-01 |137 -0.02871 -7.15480e-01 |138  0.08911 -1.99111e+00
139  0.02551 -8.88364e-02 |140  0.01605  6.77306e-01 |141 -0.03570 -6.74627e-01
142 -0.01228  1.45036e+00 |143 -0.00402  5.08656e-01 |144 -0.00036  1.62129e-03
145  0.42317 -4.83041e+00 |146  0.31585  1.69962e+00 |147  0.05107  2.15718e+00
148  0.29632  1.72874e+01 |149 -0.01260  2.52787e+00 |150 -0.10067  3.20355e+00
151 -0.47935  1.30443e+00 |152  0.30814 -7.18220e-01 |153  0.05022  2.65485e+00
154 -0.23205 -3.90781e-01 |155  0.29636  1.22150e-02 |156  0.07514 -4.90044e-03
157 -0.07195  1.88274e-01 |158  0.23253 -3.33539e-01 |159  0.08921 -1.68281e-01
160 -0.20110  1.59314e-01 |161  0.10940 -5.49398e+00 |162  0.29606  8.30638e+00
163  0.17429 -1.35542e+00 |164  0.24725  2.24038e+00 |165 -0.35594 -2.06097e+00
166  0.23989 -8.07096e-01 |167  0.05366 -4.76332e+00 |168 -0.18779 -2.17889e+01
169  0.18614 -3.66061e+00 |170  0.31415  4.16179e+00 |171  0.07927 -9.79779e+00
172 -0.53345  1.34086e-03 |173 -0.38110  2.26921e+00 |174  0.23370 -8.89962e+00
175  0.07393 -2.88411e+00 |176 -0.11600 -1.14051e+01 |177  0.06003  1.25466e+01
178  0.12040 -5.81331e+00 |179  0.32116 -1.51394e+01 |180  0.27180  8.44290e+00
181  0.00074  6.66047e+00 |182 -0.00634 -2.59662e+00 |183 -0.15469 -5.60984e+00
184 -0.11869 -7.69759e+00 |185  0.01888  3.75388e+00 |186  0.38430 -4.06173e+00
187  0.01074  1.91258e+00 |188 -0.14764 -1.06394e+00 |189  0.76500 -3.28139e+00
190 -0.17514 -2.11104e+00 |191  0.01889  2.55387e+00 |192 -0.12781  1.21690e-02
193  0.89495  1.88572e-02 |194  0.05447 -4.83530e-01 |195 -0.03868 -5.16484e-02
196 -0.30457  4.93456e-01 |197 -0.55084 -1.18102e-01 |198  0.17389  6.74079e-01
199  0.09573 -1.49000e+00 |200 -0.26101  1.32235e+00 |
200 variables; iteration 80; function evaluation 94; phase 4
Function value 7.0831757e+03; maximum gradient component mag -1.0939e+01
Var    Value     Gradient |Var    Value     Gradient |Var    Value     Gradient
  1 -0.43845  7.32971e+00 |  2  0.36342  5.82229e+00 |  3 -0.15160  6.26730e+00
  4  0.01739  3.81112e+00 |  5 -0.65038  3.82011e-01 |  6 -0.62729 -6.04391e+00
  7  0.36892 -1.09394e+01 |  8 -0.19528 -1.08047e+01 |  9  0.05414 -9.75166e+00
 10 -0.56312 -2.77613e-01 | 11 -0.64278 -1.05732e+01 | 12 -0.18616 -1.03995e+01
 13 -0.00304 -4.00615e-02 | 14 -0.00309 -4.17766e-02 | 15 -0.00312 -4.34083e-02
 16 -0.00316 -4.49465e-02 | 17 -0.00318 -4.63767e-02 | 18 -0.00320 -4.77002e-02
 19 -0.00321 -4.89156e-02 | 20 -0.00321 -5.00180e-02 | 21 -0.00320 -5.09998e-02
 22 -0.00318 -5.18494e-02 | 23 -0.00315 -5.25508e-02 | 24 -0.00310 -5.30846e-02
 25 -0.00304 -5.34308e-02 | 26 -0.00296 -5.35744e-02 | 27 -0.00286 -5.35120e-02
 28 -0.00275 -5.32549e-02 | 29 -0.00262 -5.28192e-02 | 30 -0.00248 -5.22128e-02
 31 -0.00231 -5.14247e-02 | 32 -0.00213 -5.04502e-02 | 33 -0.00193 -4.92878e-02
 34 -0.00171 -4.79464e-02 | 35 -0.00147 -4.64489e-02 | 36 -0.00122 -4.48341e-02
 37 -0.00094 -4.31564e-02 | 38 -0.00065 -4.14704e-02 | 39 -0.00034 -3.98286e-02
 40 -0.00002 -3.83168e-02 | 41  0.00032 -3.68297e-02 | 42  0.00067 -3.53559e-02
 43  0.00103 -3.38235e-02 | 44  0.00139 -3.21424e-02 | 45  0.00174 -3.02405e-02
 46  0.00207 -2.80648e-02 | 47  0.00238 -2.55877e-02 | 48  0.00264 -2.28696e-02
 49  0.00285 -2.00318e-02 | 50  0.00300 -1.72397e-02 | 51  0.00307 -1.46399e-02
 52  0.00306 -1.22772e-02 | 53  0.00297 -1.00129e-02 | 54  0.00281 -7.65621e-03
 55  0.00259 -5.08352e-03 | 56  0.00232 -2.22260e-03 | 57  0.00202  1.02188e-03
 58  0.00171  4.76781e-03 | 59  0.00144  9.25966e-03 | 60  0.00123  1.46392e-02
 61  0.00112  2.09995e-02 | 62  0.00113  2.81924e-02 | 63  0.00131  3.60479e-02
 64  0.00168  4.44116e-02 | 65  0.00229  5.29702e-02 | 66  0.00315  6.20500e-02
 67  0.00429  7.10603e-02 | 68  0.00571  7.82921e-02 | 69  0.00740  7.92573e-02
 70  0.00934  7.28792e-02 | 71  0.01153  6.99508e-02 | 72  0.01378  4.43792e-02
 73  0.01596 -8.80301e-03 | 74  0.01831 -2.73220e-03 | 75  0.02040  7.65800e-03
 76  0.02273  1.66502e-01 | 77  0.02238 -8.40434e-02 | 78  0.02258 -6.40746e-02
 79  0.02204 -4.19440e-02 | 80  0.02157  1.29304e-01 | 81  0.01858 -1.08431e-01
 82  0.01708  5.55461e-02 | 83  0.01362 -1.11470e-01 | 84  0.01043 -1.25182e-01
 85  0.00657 -1.97646e-01 | 86  0.00255 -2.53826e-01 | 87 -0.00126 -2.86052e-01
 88 -0.00442 -2.93243e-01 | 89 -0.00671 -3.05427e-01 | 90 -0.00806 -3.38940e-01
 91 -0.00868 -3.85788e-01 | 92 -0.00894 -4.43566e-01 | 93 -0.00900 -5.16978e-01
 94 -0.00851 -6.05184e-01 | 95 -0.00735 -7.19027e-01 | 96 -0.00640 -8.79992e-01
 97 -0.00410 -1.01433e+00 | 98 -0.00058 -1.14943e+00 | 99  0.00459 -1.26409e+00
100  0.00669 -1.30041e+00 |101  0.00827 -9.71449e-01 |102  0.00820 -6.70491e-01
103 -0.00171 -1.03819e+00 |104 -0.00098 -7.85746e-01 |105  0.01168 -1.52193e+00
106  0.01037 -7.41490e-01 |107 -0.01343 -8.11326e-01 |108  0.00371 -2.63123e-01
109  0.05900 -1.09389e+00 |110  0.01694 -2.47613e-02 |111 -0.02836 -7.12129e-01
112 -0.01689 -1.67550e+00 |113  0.00006 -1.45068e+00 |114  0.01445 -2.53648e+00
115 -0.01630 -2.08328e+00 |116 -0.07741 -1.22448e+00 |117 -0.09359 -8.18065e-01
118 -0.08851  1.44559e-01 |119 -0.04835  1.06460e+00 |120  0.07151  2.68528e+00
121  0.02826  2.70742e+00 |122  0.01860  4.07214e+00 |123 -0.02565  3.34747e+00
124 -0.06708  1.94224e+00 |125 -0.01710  2.47144e+00 |126 -0.00809  2.09790e+00
127 -0.04134  1.34159e+00 |128  0.01137  1.25265e+00 |129  0.05715  1.54134e-01
130 -0.00617 -4.23917e-01 |131  0.07058 -1.75993e+00 |132 -0.00344 -8.17997e-01
133  0.12173 -2.08670e-01 |134 -0.00901 -2.83455e-01 |135 -0.05238 -4.01239e-01
136 -0.06332 -6.17770e-01 |137 -0.02760 -3.61741e-01 |138  0.09347  7.43323e-03
139  0.02598 -3.27929e-01 |140  0.01356 -5.86892e-01 |141 -0.03261  3.54811e-01
142 -0.01642  1.74924e-01 |143 -0.00506  1.70281e-01 |144 -0.00040 -4.85783e-04
145  0.42299 -5.16793e-01 |146  0.31625 -1.65244e+00 |147  0.04935 -1.89145e+00
148  0.29464 -5.49013e-01 |149 -0.01548 -1.52597e+00 |150 -0.10032 -3.44115e+00
151 -0.46707  1.12055e+00 |152  0.31863 -1.72570e-01 |153  0.04562  1.54246e+00
154 -0.22882  3.98597e-01 |155  0.28587  2.79421e-02 |156  0.09372 -9.05660e-03
157 -0.11113  2.27955e-01 |158  0.39520  9.19276e-02 |159  0.09105  8.20159e-01
160 -0.22131  1.81310e-01 |161  0.11392 -1.53932e+00 |162  0.29739  2.28871e+00
163  0.17417  5.68538e-02 |164  0.24671 -1.78204e+00 |165 -0.34814  4.83852e-02
166  0.24243 -2.21353e+00 |167  0.05200 -2.58740e+00 |168 -0.18605 -1.26721e+00
169  0.19790 -1.46556e-01 |170  0.31615  1.30734e+00 |171  0.07789  3.14942e-01
172 -0.53597  1.32332e-03 |173 -0.38227  9.03524e-01 |174  0.23507 -2.46407e+00
175  0.07620  5.46606e-01 |176 -0.11419 -1.59938e+00 |177  0.05567 -1.86258e+00
178  0.12076 -9.55046e-01 |179  0.32265  6.65565e-01 |180  0.27106 -1.41649e+00
181  0.00064 -2.24484e+00 |182 -0.00796 -1.79399e+00 |183 -0.15260 -4.80755e+00
184 -0.11749  5.81518e-01 |185  0.01499 -6.31033e-01 |186  0.38588  1.39277e-01
187  0.01285  8.24380e-01 |188 -0.14575  5.09431e-01 |189  0.77350 -1.00447e+00
190 -0.17540 -6.36857e-01 |191  0.02142  9.08719e-01 |192 -0.10457  3.24404e-03
193  0.95144  4.10239e-02 |194  0.06062  1.72129e+00 |195  0.02664 -1.37651e-02
196 -0.33417  2.52877e-01 |197 -0.55715 -1.23663e+00 |198  0.17273  1.60834e+00
199  0.09768 -7.08427e+00 |200 -0.26535 -1.07868e+00 |
200 variables; iteration 100; function evaluation 123; phase 4
Function value 7.0830531e+03; maximum gradient component mag 8.3546e+00
Var    Value     Gradient |Var    Value     Gradient |Var    Value     Gradient
  1 -0.43888  2.91318e+00 |  2  0.36310  2.83206e-01 |  3 -0.15173  2.22903e+00
  4  0.01796  1.26827e+00 |  5 -0.65258 -1.12477e+00 |  6 -0.62700 -5.55056e+00
  7  0.36903  8.35464e+00 |  8 -0.19557  8.26271e+00 |  9  0.05496  6.35893e+00
 10 -0.56301  5.68190e-01 | 11 -0.64257  3.16512e+00 | 12 -0.18580 -1.06232e+00
 13 -0.00261  7.39028e-02 | 14 -0.00263  7.80376e-02 | 15 -0.00264  8.19709e-02
 16 -0.00265  8.56551e-02 | 17 -0.00266  8.90413e-02 | 18 -0.00266  9.20906e-02
 19 -0.00265  9.47595e-02 | 20 -0.00264  9.69975e-02 | 21 -0.00261  9.87472e-02
 22 -0.00258  9.99408e-02 | 23 -0.00254  1.00501e-01 | 24 -0.00249  1.00347e-01
 25 -0.00242  9.93962e-02 | 26 -0.00235  9.75793e-02 | 27 -0.00226  9.48536e-02
 28 -0.00215  9.12106e-02 | 29 -0.00204  8.66569e-02 | 30 -0.00191  8.11922e-02
 31 -0.00176  7.47950e-02 | 32 -0.00160  6.74615e-02 | 33 -0.00143  5.92065e-02
 34 -0.00124  5.00723e-02 | 35 -0.00104  4.01307e-02 | 36 -0.00081  2.94813e-02
 37 -0.00058  1.82373e-02 | 38 -0.00032  6.49405e-03 | 39 -0.00005 -5.69434e-03
 40  0.00025 -1.83207e-02 | 41  0.00055 -3.15719e-02 | 42  0.00086 -4.56233e-02
 43  0.00118 -6.07252e-02 | 44  0.00150 -7.71286e-02 | 45  0.00180 -9.50602e-02
 46  0.00208 -1.14700e-01 | 47  0.00232 -1.36129e-01 | 48  0.00252 -1.59360e-01
 49  0.00266 -1.84299e-01 | 50  0.00273 -2.10741e-01 | 51  0.00272 -2.38393e-01
 52  0.00263 -2.66917e-01 | 53  0.00246 -2.95855e-01 | 54  0.00222 -3.24802e-01
 55  0.00191 -3.53403e-01 | 56  0.00156 -3.81226e-01 | 57  0.00119 -4.07836e-01
 58  0.00081 -4.32830e-01 | 59  0.00048 -4.55709e-01 | 60  0.00020 -4.75811e-01
 61  0.00003 -4.92199e-01 | 62  0.00001 -5.03560e-01 | 63  0.00016 -5.08345e-01
 64  0.00055 -5.04745e-01 | 65  0.00119 -4.90836e-01 | 66  0.00215 -4.63435e-01
 67  0.00344 -4.20974e-01 | 68  0.00507 -3.68782e-01 | 69  0.00694 -3.27170e-01
 70  0.00896 -3.17449e-01 | 71  0.01106 -3.39489e-01 | 72  0.01343 -3.40225e-01
 73  0.01722 -4.93394e-02 | 74  0.01965 -3.21927e-02 | 75  0.02210  4.64851e-02
 76  0.01935 -8.24330e-01 | 77  0.02521  1.79508e-01 | 78  0.02451  2.44152e-02
 79  0.02377  1.53846e-02 | 80  0.01830 -8.17974e-01 | 81  0.02211  3.54087e-01
 82  0.01311 -1.04364e+00 | 83  0.01465 -1.21250e-01 | 84  0.01090 -2.32238e-01
 85  0.00667 -3.61059e-01 | 86  0.00277 -3.55875e-01 | 87 -0.00120 -3.90037e-01
 88 -0.00502 -5.19391e-01 | 89 -0.00804 -6.73349e-01 | 90 -0.00971 -7.33618e-01
 91 -0.01037 -7.24317e-01 | 92 -0.01048 -6.63182e-01 | 93 -0.01021 -5.53470e-01
 94 -0.00928 -4.18602e-01 | 95 -0.00753 -2.67741e-01 | 96 -0.00550 -3.88598e-02
 97 -0.00211  2.05745e-01 | 98  0.00210  3.20045e-01 | 99  0.00716  2.18600e-01
100  0.00945  2.16932e-01 |101  0.00753 -3.40083e-01 |102  0.00448 -8.45540e-01
103 -0.00273 -6.80279e-01 |104 -0.00212 -4.15096e-01 |105  0.01667  3.29034e-01
106  0.00992 -1.06444e-01 |107 -0.01231 -3.74223e-02 |108  0.00138 -4.23979e-01
109  0.06226  4.46592e-01 |110  0.01566  4.25353e-01 |111 -0.03047 -4.68275e-01
112 -0.01168  1.93448e+00 |113  0.00292  2.77084e+00 |114  0.01669  2.36489e+00
115 -0.01270  2.43489e+00 |116 -0.07312  2.23217e+00 |117 -0.09046  1.39802e+00
118 -0.08741  8.32520e-01 |119 -0.04801  1.08656e+00 |120  0.07246  2.98018e+00
121  0.02855  1.58364e+00 |122  0.01527  4.06768e-01 |123 -0.03035 -4.21465e-01
124 -0.07095 -7.86496e-01 |125 -0.02109 -1.16917e+00 |126 -0.01029 -7.37192e-01
127 -0.04376 -7.51341e-01 |128  0.00722 -1.44580e+00 |129  0.05617 -1.10262e+00
130 -0.00530  3.62283e-01 |131  0.07447  1.08797e+00 |132 -0.00308 -3.63136e-01
133  0.12325  5.87938e-01 |134 -0.00751  3.72292e-01 |135 -0.05203 -4.20465e-01
136 -0.06193 -6.86167e-02 |137 -0.02481  6.11408e-01 |138  0.09401  3.35413e-01
139  0.02858  5.26283e-01 |140  0.01752  8.38107e-01 |141 -0.02995  1.13366e+00
142 -0.02049 -1.00745e+00 |143 -0.00629 -1.68461e-01 |144 -0.00046 -8.39365e-03
145  0.42056  1.63563e+00 |146  0.31500  2.41990e+00 |147  0.04901 -1.50329e+00
148  0.29505  2.22093e+00 |149 -0.01357 -2.14237e-01 |150 -0.10038 -3.01906e+00
151 -0.48189 -6.59160e-01 |152  0.30591 -3.50518e-03 |153  0.04919 -9.10236e-01
154 -0.23162 -2.21671e-01 |155  0.31741  9.44998e-02 |156  0.13986 -1.94664e-02
157 -0.28373  4.08441e-01 |158  0.30712  2.20994e-01 |159  0.09427  2.22917e+00
160 -0.25521  2.57997e-01 |161  0.11543 -4.67822e-01 |162  0.29809  1.07799e+00
163  0.17520 -9.99827e-01 |164  0.24751  1.12027e+00 |165 -0.34533  1.13519e+00
166  0.24399 -8.30709e-01 |167  0.05199  2.47991e+00 |168 -0.18547  5.05698e+00
169  0.19699 -1.55784e-01 |170  0.31537  3.93988e-01 |171  0.07811  1.26973e+00
172 -0.54187  7.78709e-04 |173 -0.37664  5.75469e-01 |174  0.23734 -1.29057e+00
175  0.07503 -3.13755e-01 |176 -0.11430  2.98557e+00 |177  0.05556  1.09282e+00
178  0.12173  8.22942e-01 |179  0.32316  1.46331e-02 |180  0.27184  7.07430e-01
181  0.00137  1.02544e+00 |182 -0.00782  5.17076e-02 |183 -0.15114  1.20151e+00
184 -0.11717  1.85416e+00 |185  0.01758 -5.74028e-02 |186  0.38869  1.08310e-01
187  0.01019  5.01215e-02 |188 -0.14489  6.00681e-01 |189  0.77989 -2.71033e-01
190 -0.17201 -3.46827e+00 |191  0.01399  2.78089e-01 |192 -0.16970  6.97620e-02
193  0.87945  1.63870e-02 |194  0.07078  1.81597e+00 |195  0.08696 -2.48348e-03
196 -0.34858  1.36898e-01 |197 -0.56024  8.43454e-01 |198  0.16840 -9.39205e-01
199  0.09860  7.74141e+00 |200 -0.26642  1.66990e+00 |
200 variables; iteration 120; function evaluation 156; phase 4
Function value 7.0828806e+03; maximum gradient component mag -1.8539e+01
Var    Value     Gradient |Var    Value     Gradient |Var    Value     Gradient
  1 -0.43841  5.86029e+00 |  2  0.36284 -6.55606e+00 |  3 -0.15167 -1.85391e+01
  4  0.01841 -7.06589e+00 |  5 -0.64947 -2.91615e-02 |  6 -0.62729 -8.70335e+00
  7  0.36810 -4.71401e+00 |  8 -0.19515  4.10474e+00 |  9  0.05575 -8.23237e-01
 10 -0.56347  5.40076e-01 | 11 -0.64242  9.24537e+00 | 12 -0.18571 -1.05779e+01
 13 -0.00278 -1.62849e-02 | 14 -0.00277 -6.85189e-03 | 15 -0.00276  2.04652e-03
 16 -0.00275  1.02507e-02 | 17 -0.00274  1.76006e-02 | 18 -0.00272  2.39778e-02
 19 -0.00269  2.92533e-02 | 20 -0.00266  3.32832e-02 | 21 -0.00263  3.59105e-02
 22 -0.00259  3.69542e-02 | 23 -0.00255  3.62182e-02 | 24 -0.00250  3.35123e-02
 25 -0.00244  2.86654e-02 | 26 -0.00238  2.15793e-02 | 27 -0.00230  1.22775e-02
 28 -0.00222  9.31194e-04 | 29 -0.00213 -1.22049e-02 | 30 -0.00203 -2.68648e-02
 31 -0.00192 -4.28140e-02 | 32 -0.00178 -5.97309e-02 | 33 -0.00164 -7.72102e-02
 34 -0.00147 -9.47616e-02 | 35 -0.00128 -1.11843e-01 | 36 -0.00107 -1.27926e-01
 37 -0.00083 -1.42617e-01 | 38 -0.00057 -1.55809e-01 | 39 -0.00028 -1.67823e-01
 40  0.00002 -1.79609e-01 | 41  0.00034 -1.92345e-01 | 42  0.00067 -2.07659e-01
 43  0.00098 -2.27144e-01 | 44  0.00128 -2.52045e-01 | 45  0.00154 -2.83080e-01
 46  0.00177 -3.20197e-01 | 47  0.00194 -3.62455e-01 | 48  0.00206 -4.08174e-01
 49  0.00212 -4.55055e-01 | 50  0.00212 -5.00630e-01 | 51  0.00207 -5.42879e-01
 52  0.00196 -5.80791e-01 | 53  0.00178 -6.14715e-01 | 54  0.00154 -6.45455e-01
 55  0.00126 -6.73480e-01 | 56  0.00093 -6.98754e-01 | 57  0.00059 -7.20680e-01
 58  0.00026 -7.38302e-01 | 59 -0.00002 -7.50095e-01 | 60 -0.00022 -7.53823e-01
 61 -0.00027 -7.45883e-01 | 62 -0.00013 -7.21539e-01 | 63  0.00026 -6.74713e-01
 64  0.00096 -5.99957e-01 | 65  0.00200 -4.99032e-01 | 66  0.00331 -3.94281e-01
 67  0.00465 -3.51676e-01 | 68  0.00569 -4.49874e-01 | 69  0.00668 -6.23106e-01
 70  0.00861 -6.40445e-01 | 71  0.01119 -5.67686e-01 | 72  0.01268 -7.70090e-01
 73  0.01610 -5.66189e-01 | 74  0.01961 -3.32143e-01 | 75  0.01941 -7.95001e-01
 76  0.02150 -6.84926e-01 | 77  0.02253 -6.49524e-01 | 78  0.02766  3.49384e-01
 79  0.02151 -7.14299e-01 | 80  0.01717 -1.30585e+00 | 81  0.01890 -5.49318e-01
 82  0.01471 -9.13208e-01 | 83  0.01471 -2.94808e-01 | 84  0.01033 -5.07769e-01
 85  0.00731 -3.21887e-01 | 86 -0.00039 -1.17612e+00 | 87 -0.00256 -7.47720e-01
 88 -0.00530 -5.68808e-01 | 89 -0.00805 -6.12194e-01 | 90 -0.00866 -3.55423e-01
 91 -0.00813  3.88849e-03 | 92 -0.00748  3.00752e-01 | 93 -0.00714  4.53800e-01
 94 -0.00707  3.71459e-01 | 95 -0.00683  1.32307e-01 | 96 -0.00594  6.47398e-02
 97 -0.00301  2.08660e-01 | 98 -0.00036 -1.47082e-02 | 99  0.00482  2.54446e-02
100  0.00847  5.10832e-01 |101  0.00606  8.16860e-02 |102  0.00240 -2.42043e-01
103 -0.00011  1.44545e+00 |104  0.00418  3.11429e+00 |105  0.01530  2.42810e+00
106  0.00560  1.29304e+00 |107 -0.00642  4.28394e+00 |108 -0.00100  1.93000e+00
109  0.06007  4.72892e+00 |110  0.01810  4.50687e+00 |111 -0.02956  1.85436e+00
112 -0.01569  2.22703e+00 |113  0.00129  3.20383e+00 |114  0.01583  2.40145e+00
115 -0.01500  1.38391e+00 |116 -0.07583  7.68772e-01 |117 -0.09031  1.18419e+00
118 -0.08711  5.32265e-01 |119 -0.04987 -4.76644e-01 |120  0.07264 -9.14000e-01
121  0.02552 -2.75556e+00 |122  0.01420 -3.03888e+00 |123 -0.02742 -1.20024e+00
124 -0.06724 -9.75844e-01 |125 -0.01993 -2.85905e+00 |126 -0.00687 -1.97131e+00
127 -0.04074 -1.36008e+00 |128  0.01186 -1.90904e+00 |129  0.05963 -1.73845e+00
130 -0.00279 -3.86709e-01 |131  0.07545 -8.17726e-01 |132 -0.00321 -1.04881e+00
133  0.12315  3.52047e-01 |134 -0.00656  9.23309e-01 |135 -0.05264 -3.14813e-01
136 -0.06316 -2.71501e-01 |137 -0.02635  4.02851e-01 |138  0.09439  7.91637e-01
139  0.02355 -1.17290e+00 |140  0.01612  3.78425e-01 |141 -0.03349  9.72820e-03
142 -0.01119  1.77924e+00 |143 -0.01093 -1.41307e+00 |144 -0.00053 -2.66590e-02
145  0.42014 -1.48074e+00 |146  0.31385 -8.53716e-01 |147  0.04842  1.02177e+01
148  0.29489 -1.45980e+01 |149 -0.01345  2.12494e+00 |150 -0.10069  5.30423e+00
151 -0.46689  5.86477e-02 |152  0.31738  2.08450e-01 |153  0.04640  1.24633e-01
154 -0.23015 -6.58200e-02 |155  0.38324  6.20791e-02 |156  0.21747  1.63116e-02
157 -0.35801 -6.40412e-01 |158  0.17194  2.40693e-01 |159  0.04068 -4.26578e-01
160 -0.32579  1.07025e-01 |161  0.11450  3.82114e+00 |162  0.29809 -7.41202e+00
163  0.17390  1.97289e+00 |164  0.24707 -4.15824e+00 |165 -0.34836 -8.27698e-01
166  0.24358  2.18093e+00 |167  0.05256 -5.88700e-01 |168 -0.18554 -1.51559e+00
169  0.19942  2.17969e-01 |170  0.31585 -9.49236e-01 |171  0.07758 -1.86004e+00
172 -0.54653  6.32686e-05 |173 -0.38064 -1.58647e+00 |174  0.23650  3.42246e+00
175  0.07746 -2.31001e+00 |176 -0.11424 -3.00351e+00 |177  0.05237  1.40757e+00
178  0.12030  2.65224e+00 |179  0.32243 -3.02314e+00 |180  0.27138 -2.67288e+00
181  0.00318  8.78151e-01 |182 -0.00568  1.58042e+00 |183 -0.15239  3.44028e+00
184 -0.11803  5.01081e-01 |185  0.01411  6.03188e-01 |186  0.38626 -5.68243e-01
187  0.01411  1.40843e+00 |188 -0.14779 -1.03889e+00 |189  0.77825  1.52548e-03
190 -0.17268 -1.24185e+01 |191 -0.00322  1.49958e-02 |192 -0.17878  2.17529e-01
193  0.83203  1.16276e-02 |194  0.07848 -1.75119e+00 |195  0.10571 -1.66625e-03
196 -0.36064  5.87723e-02 |197 -0.56155 -5.37640e-01 |198  0.16917  4.71691e-02
199  0.09879 -1.43747e+00 |200 -0.26583 -1.31937e-01 |
200 variables; iteration 140; function evaluation 187; phase 4
Function value 7.0827320e+03; maximum gradient component mag -4.8502e+00
Var    Value     Gradient |Var    Value     Gradient |Var    Value     Gradient
  1 -0.43917  2.46033e+00 |  2  0.36301  4.49779e-02 |  3 -0.15104 -3.63953e+00
  4  0.01769  3.88346e-02 |  5 -0.65075 -1.81812e-01 |  6 -0.62711 -4.85018e+00
  7  0.36856 -5.26491e-01 |  8 -0.19483 -6.96477e-01 |  9  0.05487  1.23519e-01
 10 -0.56302  1.20494e-01 | 11 -0.64260 -1.86330e+00 | 12 -0.18702 -4.73425e+00
 13 -0.00284  4.74407e-03 | 14 -0.00289 -8.59808e-04 | 15 -0.00295 -6.30335e-03
 16 -0.00299 -1.15497e-02 | 17 -0.00303 -1.65680e-02 | 18 -0.00306 -2.13393e-02
 19 -0.00309 -2.58420e-02 | 20 -0.00310 -3.00492e-02 | 21 -0.00310 -3.39280e-02
 22 -0.00308 -3.74338e-02 | 23 -0.00306 -4.05126e-02 | 24 -0.00302 -4.31082e-02
 25 -0.00296 -4.51651e-02 | 26 -0.00288 -4.66499e-02 | 27 -0.00279 -4.75758e-02
 28 -0.00268 -4.80260e-02 | 29 -0.00255 -4.81469e-02 | 30 -0.00240 -4.81403e-02
 31 -0.00224 -4.82708e-02 | 32 -0.00206 -4.89299e-02 | 33 -0.00187 -5.06429e-02
 34 -0.00166 -5.40312e-02 | 35 -0.00145 -5.96938e-02 | 36 -0.00123 -6.79850e-02
 37 -0.00100 -7.86985e-02 | 38 -0.00076 -9.07660e-02 | 39 -0.00050 -1.02125e-01
 40 -0.00021 -1.09905e-01 | 41  0.00013 -1.11739e-01 | 42  0.00050 -1.06253e-01
 43  0.00090 -9.43643e-02 | 44  0.00132 -7.92627e-02 | 45  0.00173 -6.53370e-02
 46  0.00210 -5.63454e-02 | 47  0.00241 -5.37218e-02 | 48  0.00266 -5.62264e-02
 49  0.00285 -6.07686e-02 | 50  0.00298 -6.40816e-02 | 51  0.00305 -6.40827e-02
 52  0.00306 -6.03347e-02 | 53  0.00300 -5.39193e-02 | 54  0.00287 -4.63234e-02
 55  0.00267 -3.87750e-02 | 56  0.00243 -3.20729e-02 | 57  0.00215 -2.63278e-02
 58  0.00187 -2.12627e-02 | 59  0.00161 -1.63558e-02 | 60  0.00141 -1.16144e-02
 61  0.00130 -7.26431e-03 | 62  0.00132 -2.82142e-03 | 63  0.00152  6.56922e-03
 64  0.00199  3.32229e-02 | 65  0.00278  8.38494e-02 | 66  0.00368  9.81631e-02
 67  0.00402 -9.04178e-02 | 68  0.00439 -3.32647e-01 | 69  0.00710 -9.56428e-02
 70  0.00924 -5.71071e-02 | 71  0.01147 -5.18100e-02 | 72  0.01387 -4.67674e-02
 73  0.01465 -4.00621e-01 | 74  0.01844 -8.52183e-02 | 75  0.02113  5.02920e-02
 76  0.02238 -5.39824e-03 | 77  0.02314 -2.10325e-02 | 78  0.02338  1.78446e-02
 79  0.02198 -1.16920e-01 | 80  0.02077 -7.73165e-02 | 81  0.01766 -3.21286e-01
 82  0.01636 -8.93446e-02 | 83  0.01385 -1.88216e-02 | 84  0.00989 -1.67019e-01
 85  0.00638 -1.24023e-01 | 86  0.00200 -2.24262e-01 | 87 -0.00074  5.04012e-02
 88 -0.00438 -2.42310e-02 | 89 -0.00648  6.32225e-02 | 90 -0.00833 -3.99350e-02
 91 -0.00883  1.06964e-02 | 92 -0.00886  8.30740e-02 | 93 -0.00829  2.52983e-01
 94 -0.00798  1.92543e-01 | 95 -0.00839 -2.55700e-01 | 96 -0.00613 -2.62395e-03
 97 -0.00351  1.85594e-02 | 98  0.00041  4.56092e-02 | 99  0.00509 -1.23865e-01
100  0.00741 -6.70029e-02 |101  0.00849  1.56894e-01 |102  0.00686  8.42010e-02
103 -0.00153  8.57362e-03 |104 -0.00134  1.40908e-01 |105  0.01303 -9.97103e-02
106  0.00930  1.23824e-01 |107 -0.01379 -1.83205e-02 |108  0.00187  2.52821e-01
109  0.05954  4.41819e-01 |110  0.01357  2.09361e-01 |111 -0.02843  2.20294e-01
112 -0.01591 -7.61446e-03 |113 -0.00095  1.06315e-01 |114  0.01524 -1.64366e-01
115 -0.01468 -4.45355e-02 |116 -0.07578 -1.03930e-01 |117 -0.09168 -9.23946e-02
118 -0.08738  1.35742e-01 |119 -0.04818  1.34873e-01 |120  0.07172 -1.22577e-01
121  0.02861 -1.22192e-01 |122  0.01706 -1.86284e-01 |123 -0.02728 -1.66703e-01
124 -0.06709 -7.34394e-02 |125 -0.01663 -4.82731e-02 |126 -0.00656  3.70579e-02
127 -0.03994  8.41870e-02 |128  0.01300  8.69216e-02 |129  0.06061  1.36346e-01
130 -0.00395 -5.26718e-02 |131  0.07503  2.80533e-01 |132 -0.00201  2.84559e-01
133  0.12171  4.90364e-01 |134 -0.00928  2.13095e-02 |135 -0.05212 -1.10593e-02
136 -0.06201  9.10897e-02 |137 -0.02623  2.09874e-01 |138  0.09301 -2.31346e-01
139  0.02726  3.98271e-02 |140  0.01539  2.03951e-02 |141 -0.03277  2.52352e-01
142 -0.01700  3.14437e-02 |143 -0.00446  2.75642e-01 |144 -0.00034  1.48508e-02
145  0.42367 -1.25866e-01 |146  0.31691 -3.64297e-01 |147  0.04803 -3.33908e-01
148  0.29483  7.93826e-01 |149 -0.01283 -7.06227e-02 |150 -0.10122  7.14315e-02
151 -0.47042  1.72331e-01 |152  0.31525 -4.88281e-02 |153  0.04743  1.00675e-01
154 -0.22969 -1.06872e-01 |155  0.37139  7.37164e-02 |156  0.19843 -1.14203e-02
157 -0.29500  2.89850e-02 |158  0.10482  1.90220e-03 |159 -0.00243  3.34778e-01
160 -0.38767  1.32044e-01 |161  0.11200 -1.63501e-01 |162  0.29733  6.03539e-01
163  0.17383  8.39843e-03 |164  0.24731 -2.68632e-02 |165 -0.34689 -2.32172e-02
166  0.24342  1.52836e-01 |167  0.05233 -3.90703e-02 |168 -0.18589 -6.28440e-01
169  0.19654 -4.10174e-02 |170  0.31524 -1.93988e-01 |171  0.07797 -1.86359e-02
172 -0.54976  3.19280e-06 |173 -0.38590  1.81658e-02 |174  0.23448  1.62890e-01
175  0.07891  2.01268e-01 |176 -0.11317 -5.07861e-01 |177  0.05411  5.58357e-02
178  0.12018  1.70817e-02 |179  0.32280 -6.14015e-02 |180  0.27136  8.36018e-02
181  0.00227 -2.96881e-02 |182 -0.00614 -4.71200e-03 |183 -0.15245  3.88062e-01
184 -0.11821  3.26453e-02 |185  0.01640 -2.66325e-02 |186  0.38602  1.44247e-01
187  0.01112  1.01949e-01 |188 -0.14635 -1.52196e-01 |189  0.77933  1.19780e-02
190 -0.16963 -9.34245e-01 |191 -0.00698  5.44261e-03 |192 -0.19649 -1.00134e-03
193  0.71760  6.61111e-03 |194  0.07450 -4.26645e-01 |195  0.10701 -1.40874e-03
196 -0.37783  4.32105e-02 |197 -0.55817 -8.17384e-02 |198  0.17069  9.71511e-02
199  0.09858 -6.59869e-01 |200 -0.26798 -3.02241e-01 |
200 variables; iteration 160; function evaluation 220; phase 4
Function value 7.0827067e+03; maximum gradient component mag 5.6593e+00
Var    Value     Gradient |Var    Value     Gradient |Var    Value     Gradient
  1 -0.43939  1.72721e+00 |  2  0.36322  1.73987e+00 |  3 -0.15080  4.16926e+00
  4  0.01718  2.66196e+00 |  5 -0.65072  1.11008e-01 |  6 -0.62700 -4.64196e-01
  7  0.36870  1.76642e+00 |  8 -0.19476  1.76321e+00 |  9  0.05461  1.81711e+00
 10 -0.56357 -1.97478e-02 | 11 -0.64251 -1.41088e+00 | 12 -0.18741 -2.50465e+00
 13 -0.00266  6.44642e-02 | 14 -0.00274  5.44100e-02 | 15 -0.00282  4.34668e-02
 16 -0.00289  3.22573e-02 | 17 -0.00295  2.13272e-02 | 18 -0.00301  1.10246e-02
 19 -0.00305  1.59592e-03 | 20 -0.00308 -6.80655e-03 | 21 -0.00309 -1.41146e-02
 22 -0.00309 -2.03038e-02 | 23 -0.00308 -2.53902e-02 | 24 -0.00304 -2.94649e-02
 25 -0.00299 -3.27543e-02 | 26 -0.00293 -3.57479e-02 | 27 -0.00285 -3.92782e-02
 28 -0.00276 -4.43961e-02 | 29 -0.00266 -5.19001e-02 | 30 -0.00255 -6.16430e-02
 31 -0.00243 -7.18879e-02 | 32 -0.00228 -7.89297e-02 | 33 -0.00208 -7.75725e-02
 34 -0.00181 -6.30876e-02 | 35 -0.00146 -3.45787e-02 | 36 -0.00106  1.69549e-03
 37 -0.00067  3.21314e-02 | 38 -0.00034  4.16144e-02 | 39 -0.00011  2.42611e-02
 40  0.00008 -8.65669e-03 | 41  0.00031 -3.41704e-02 | 42  0.00066 -3.54235e-02
 43  0.00109 -1.64547e-02 | 44  0.00152  2.84713e-03 | 45  0.00189  7.88377e-03
 46  0.00220  2.37397e-03 | 47  0.00249 -9.44856e-04 | 48  0.00277  3.62566e-03
 49  0.00301  1.18236e-02 | 50  0.00317  1.74717e-02 | 51  0.00325  1.81792e-02
 52  0.00323  1.46957e-02 | 53  0.00312  8.83714e-03 | 54  0.00293  2.05444e-03
 55  0.00268 -4.45156e-03 | 56  0.00239 -9.87576e-03 | 57  0.00207 -1.49269e-02
 58  0.00174 -2.12329e-02 | 59  0.00143 -2.97840e-02 | 60  0.00116 -4.12212e-02
 61  0.00097 -5.75353e-02 | 62  0.00087 -7.97745e-02 | 63  0.00095 -1.00581e-01
 64  0.00126 -1.11123e-01 | 65  0.00170 -1.43830e-01 | 66  0.00275 -9.03794e-02
 67  0.00449  6.19312e-02 | 68  0.00482 -1.90855e-01 | 69  0.00766  8.01278e-02
 70  0.00901 -6.05300e-02 | 71  0.01129 -4.21980e-02 | 72  0.01364 -4.06040e-02
 73  0.01633  2.13468e-02 | 74  0.01833 -4.45947e-02 | 75  0.02029 -5.37424e-02
 76  0.02164 -8.19315e-02 | 77  0.02298  2.28181e-02 | 78  0.02247 -8.61301e-02
 79  0.02248  6.51596e-02 | 80  0.02024 -1.06199e-01 | 81  0.01914  7.00051e-02
 82  0.01665  4.83963e-02 | 83  0.01371  2.18910e-02 | 84  0.01029 -1.43841e-02
 85  0.00685  3.72739e-02 | 86  0.00311  7.98773e-02 | 87 -0.00083  5.11040e-02
 88 -0.00530 -2.54187e-01 | 89 -0.00715 -1.21778e-01 | 90 -0.00846 -1.06876e-01
 91 -0.00936 -1.82675e-01 | 92 -0.00910 -5.19618e-02 | 93 -0.00963 -1.90552e-01
 94 -0.00904 -1.87832e-01 | 95 -0.00720 -5.63021e-02 | 96 -0.00633 -1.71087e-01
 97 -0.00352 -1.05191e-01 | 98  0.00070 -1.34530e-02 | 99  0.00564 -1.45856e-01
100  0.00863  3.18963e-02 |101  0.00659 -5.06870e-01 |102  0.00633 -3.03577e-01
103 -0.00103 -1.35037e-01 |104 -0.00253 -4.62001e-01 |105  0.01387 -3.15162e-01
106  0.00861 -5.01836e-01 |107 -0.01346 -4.16157e-01 |108  0.00146 -5.71298e-01
109  0.05848 -1.00132e+00 |110  0.01367 -6.50872e-01 |111 -0.02902 -4.85677e-01
112 -0.01544 -3.34918e-01 |113 -0.00136 -4.26460e-01 |114  0.01574 -3.77397e-01
115 -0.01457 -1.60686e-01 |116 -0.07530  4.33205e-02 |117 -0.09137  4.66037e-02
118 -0.08787 -5.95680e-02 |119 -0.04857  7.70743e-02 |120  0.07192  5.10050e-01
121  0.02873  4.78543e-01 |122  0.01716  5.15908e-01 |123 -0.02717  4.14102e-01
124 -0.06706  4.36368e-01 |125 -0.01692  6.54766e-01 |126 -0.00678  7.14332e-01
127 -0.04034  4.18083e-01 |128  0.01279  6.14641e-01 |129  0.06007  7.08457e-01
130 -0.00373  4.62964e-01 |131  0.07391  6.82205e-01 |132 -0.00321  8.43943e-02
133  0.12059  9.11567e-02 |134 -0.00959 -5.05810e-03 |135 -0.05227 -6.71563e-02
136 -0.06225 -6.00971e-02 |137 -0.02684 -5.72314e-02 |138  0.09393  1.02352e-01
139  0.02701 -2.03686e-02 |140  0.01529 -2.60616e-02 |141 -0.03398 -1.35511e-01
142 -0.01744 -6.90406e-02 |143 -0.00614 -1.34590e-01 |144 -0.00052 -3.08045e-02
145  0.42423  2.68629e-01 |146  0.31796  1.60062e-01 |147  0.04795 -3.76672e+00
148  0.29472  5.65929e+00 |149 -0.01231 -6.94087e-01 |150 -0.10137 -2.05384e+00
151 -0.47590  1.72975e-02 |152  0.31264 -8.03049e-02 |153  0.04899  1.18780e-01
154 -0.22938  4.87957e-02 |155  0.23904 -1.06843e-01 |156  0.06904  4.53023e-02
157 -0.25651  4.85172e-01 |158  0.02937 -2.46014e-02 |159 -0.04522  3.72611e-01
160 -0.53467  6.46260e-03 |161  0.11182 -1.37928e+00 |162  0.29722  3.25756e+00
163  0.17389 -7.15440e-01 |164  0.24735  1.25941e+00 |165 -0.34722  1.34328e-01
166  0.24322 -3.29475e-01 |167  0.05243  3.28208e-01 |168 -0.18576  6.68131e-01
169  0.19764  7.65836e-05 |170  0.31540  9.78162e-02 |171  0.07782  6.01775e-02
172 -0.55233 -2.34879e-04 |173 -0.38777  3.49720e-01 |174  0.23385 -6.17237e-01
175  0.07890  9.16563e-01 |176 -0.11291  5.40516e-01 |177  0.05334 -5.26994e-01
178  0.12011 -6.43750e-01 |179  0.32247  8.34437e-01 |180  0.27129  1.00083e+00
181  0.00320 -1.22205e-01 |182 -0.00595 -6.90862e-02 |183 -0.15255 -8.13668e-01
184 -0.11823  2.13948e-02 |185  0.01712 -1.92987e-01 |186  0.38590  6.71655e-02
187  0.01024 -3.09090e-01 |188 -0.14593  2.47703e-02 |189  0.78766  1.83502e-02
190 -0.16412 -1.09005e-01 |191 -0.00163  3.66307e-03 |192 -0.18463 -9.37557e-04
193  0.50993  3.24113e-03 |194  0.07414  1.03289e+00 |195  0.13342 -1.72832e-04
196 -0.39025  3.39653e-02 |197 -0.55778  7.75811e-02 |198  0.17042 -1.39795e-01
199  0.09817  1.35819e-03 |200 -0.26669  5.20714e-02 |
200 variables; iteration 180; function evaluation 254; phase 4
Function value 7.0826936e+03; maximum gradient component mag -3.7162e-01
Var    Value     Gradient |Var    Value     Gradient |Var    Value     Gradient
  1 -0.43923  2.13425e-01 |  2  0.36319 -5.36824e-02 |  3 -0.15093 -2.30470e-01
  4  0.01731 -3.12310e-02 |  5 -0.65076 -1.41961e-02 |  6 -0.62701 -2.09839e-01
  7  0.36870 -1.92361e-01 |  8 -0.19481 -3.71617e-01 |  9  0.05462 -1.81787e-01
 10 -0.56348  7.90026e-03 | 11 -0.64251 -1.39133e-01 | 12 -0.18716 -3.09778e-01
 13 -0.00285  2.05665e-02 | 14 -0.00294  8.82892e-03 | 15 -0.00301 -1.00105e-03
 16 -0.00307 -7.53054e-03 | 17 -0.00310 -1.01691e-02 | 18 -0.00311 -8.96784e-03
 19 -0.00310 -4.65281e-03 | 20 -0.00307  1.54589e-03 | 21 -0.00303  8.15803e-03
 22 -0.00298  1.37325e-02 | 23 -0.00294  1.70692e-02 | 24 -0.00289  1.74044e-02
 25 -0.00283  1.44390e-02 | 26 -0.00278  8.20473e-03 | 27 -0.00272 -1.03274e-03
 28 -0.00266 -1.23674e-02 | 29 -0.00258 -2.33127e-02 | 30 -0.00246 -2.96158e-02
 31 -0.00229 -2.76738e-02 | 32 -0.00208 -1.88472e-02 | 33 -0.00185 -1.08104e-02
 34 -0.00163 -1.01100e-02 | 35 -0.00140 -1.09119e-02 | 36 -0.00111  5.08227e-04
 37 -0.00076  1.97217e-02 | 38 -0.00048  1.79235e-02 | 39 -0.00029 -8.73252e-03
 40  0.00001 -1.28890e-02 | 41  0.00047  1.63730e-02 | 42  0.00079  1.00487e-02
 43  0.00095 -3.59025e-02 | 44  0.00132 -3.28147e-02 | 45  0.00182  4.31983e-03
 46  0.00214  2.61922e-03 | 47  0.00242 -5.78267e-04 | 48  0.00276  1.92604e-02
 49  0.00294  1.27444e-02 | 50  0.00295 -1.91402e-02 | 51  0.00295 -3.38860e-02
 52  0.00300 -1.99712e-02 | 53  0.00302  4.89321e-03 | 54  0.00292  2.05102e-02
 55  0.00268  1.82716e-02 | 56  0.00237  9.29414e-03 | 57  0.00205  4.57292e-03
 58  0.00173  2.15178e-03 | 59  0.00145  2.73472e-03 | 60  0.00125  6.43251e-03
 61  0.00113  9.98751e-03 | 62  0.00112  8.44146e-03 | 63  0.00120 -1.00988e-02
 64  0.00154 -1.23708e-02 | 65  0.00221  1.03726e-02 | 66  0.00294 -1.56127e-02
 67  0.00412  3.35413e-03 | 68  0.00541 -2.22725e-02 | 69  0.00715 -1.15662e-02
 70  0.00915 -8.20133e-04 | 71  0.01138  5.10566e-03 | 72  0.01373  2.92976e-03
 73  0.01609 -7.66564e-03 | 74  0.01848  8.39711e-03 | 75  0.02045 -1.24807e-03
 76  0.02197 -4.24792e-05 | 77  0.02277 -5.19917e-03 | 78  0.02285  2.30807e-03
 79  0.02206 -1.07834e-02 | 80  0.02073  2.66126e-03 | 81  0.01868 -2.05500e-02
 82  0.01633 -1.31503e-02 | 83  0.01345 -2.72865e-02 | 84  0.01021 -2.18332e-02
 85  0.00665  6.38815e-03 | 86  0.00256 -2.91738e-02 | 87 -0.00100  3.84182e-02
 88 -0.00442  8.25894e-03 | 89 -0.00691 -1.38786e-02 | 90 -0.00838 -2.58671e-02
 91 -0.00886  1.99214e-02 | 92 -0.00905  4.26317e-02 | 93 -0.00918  1.92731e-02
 94 -0.00868  6.06950e-03 | 95 -0.00740 -8.62899e-04 | 96 -0.00612 -3.19959e-03
 97 -0.00361 -7.47827e-03 | 98  0.00028  1.70191e-02 | 99  0.00560  3.05912e-03
100  0.00765 -6.95833e-03 |101  0.00789  1.80223e-02 |102  0.00651  1.82432e-03
103 -0.00141  4.31523e-02 |104 -0.00180  3.43166e-02 |105  0.01347  1.94166e-04
106  0.00907  4.65238e-02 |107 -0.01346  7.18810e-03 |108  0.00162  2.56896e-02
109  0.05908  4.45733e-02 |110  0.01381  2.88472e-02 |111 -0.02865  1.53985e-02
112 -0.01554 -1.43028e-02 |113 -0.00114 -3.51418e-02 |114  0.01595 -4.16786e-02
115 -0.01436 -2.71320e-02 |116 -0.07525 -1.80776e-02 |117 -0.09126 -1.12086e-02
118 -0.08752  8.23755e-03 |119 -0.04842 -6.42984e-03 |120  0.07173 -1.12718e-01
121  0.02876 -6.42769e-02 |122  0.01716 -2.90656e-02 |123 -0.02710 -1.51857e-02
124 -0.06718 -1.45111e-02 |125 -0.01700 -6.28388e-03 |126 -0.00694 -8.41518e-03
127 -0.04021 -1.11830e-02 |128  0.01282  8.48857e-03 |129  0.06027  2.44265e-02
130 -0.00384  1.40247e-02 |131  0.07359  5.23896e-02 |132 -0.00306  3.84778e-02
133  0.12060  2.96861e-02 |134 -0.00955  6.03852e-03 |135 -0.05208  1.14349e-02
136 -0.06206  1.34534e-02 |137 -0.02670 -1.28588e-03 |138  0.09362 -1.73621e-02
139  0.02704 -2.68567e-03 |140  0.01527 -1.23062e-02 |141 -0.03357  5.35514e-03
142 -0.01719  1.73577e-03 |143 -0.00560  3.24690e-03 |144 -0.00044 -1.12570e-02
145  0.42359 -2.00231e-02 |146  0.31723 -6.20538e-02 |147  0.04807 -7.02090e-02
148  0.29466  1.29471e-01 |149 -0.01261 -9.83282e-03 |150 -0.10123 -5.06715e-04
151 -0.47409  1.07902e-02 |152  0.31454  1.45121e-02 |153  0.04848  3.22500e-02
154 -0.22939  4.74553e-03 |155  0.22337  1.01765e-03 |156 -0.05358 -2.55284e-04
157 -0.26008 -5.23000e-02 |158 -0.11821 -5.90041e-04 |159 -0.08390 -2.26185e-02
160 -0.66012 -3.89584e-03 |161  0.11203  7.27914e-04 |162  0.29717  8.10910e-02
163  0.17398  4.90793e-02 |164  0.24733 -5.57263e-02 |165 -0.34704  5.35851e-03
166  0.24336 -2.11581e-02 |167  0.05235 -1.50747e-02 |168 -0.18575 -3.49991e-02
169  0.19763  8.26842e-03 |170  0.31541 -2.42139e-03 |171  0.07783 -9.67188e-03
172 -0.55125 -1.54641e-04 |173 -0.38706  1.60904e-02 |174  0.23415  8.32575e-03
175  0.07852  6.67724e-02 |176 -0.11307 -7.42151e-02 |177  0.05394  1.73202e-02
178  0.12018 -1.08031e-02 |179  0.32264 -2.03106e-02 |180  0.27129  1.83956e-02
181  0.00251 -1.05179e-02 |182 -0.00606  8.02245e-03 |183 -0.15248  7.20102e-02
184 -0.11819  5.19650e-02 |185  0.01680 -1.16119e-02 |186  0.38591  2.94749e-02
187  0.01073  1.03024e-02 |188 -0.14611  2.73326e-03 |189  0.79584  3.60343e-02
190 -0.15792 -3.53363e-01 |191 -0.00067 -2.79499e-03 |192 -0.14065 -7.05617e-04
193  0.33480  1.82311e-03 |194  0.07322 -1.26088e-01 |195  0.16406  4.80492e-04
196 -0.40594  2.03866e-02 |197 -0.55800 -1.32820e-02 |198  0.17056 -6.32277e-04
199  0.09834 -1.86533e-01 |200 -0.26700 -5.27807e-02 |
200 variables; iteration 200; function evaluation 286; phase 4
Function value 7.0826908e+03; maximum gradient component mag -3.7857e-01
Var    Value     Gradient |Var    Value     Gradient |Var    Value     Gradient
  1 -0.43923  2.10852e-02 |  2  0.36323 -5.97669e-02 |  3 -0.15090  1.50960e-02
  4  0.01722 -7.34753e-02 |  5 -0.65086 -5.64344e-03 |  6 -0.62697  1.42351e-01
  7  0.36872 -4.21432e-02 |  8 -0.19481 -3.44622e-01 |  9  0.05459 -1.34955e-01
 10 -0.56359 -4.06057e-02 | 11 -0.64249 -2.79082e-01 | 12 -0.18710 -4.42673e-02
 13 -0.00298 -8.07606e-03 | 14 -0.00296  5.51390e-03 | 15 -0.00298  9.70512e-03
 16 -0.00303  3.86768e-03 | 17 -0.00309 -6.13544e-03 | 18 -0.00313 -1.16026e-02
 19 -0.00312 -7.47562e-03 | 20 -0.00308  2.89051e-03 | 21 -0.00304  9.85691e-03
 22 -0.00303  5.62019e-03 | 23 -0.00305 -8.15894e-03 | 24 -0.00305 -2.02390e-02
 25 -0.00298 -1.90382e-02 | 26 -0.00284 -3.86927e-03 | 27 -0.00268  1.28801e-02
 28 -0.00256  1.69639e-02 | 29 -0.00247  7.71120e-03 | 30 -0.00236 -2.38985e-03
 31 -0.00223 -7.70532e-03 | 32 -0.00207 -1.29736e-02 | 33 -0.00187 -1.24801e-02
 34 -0.00164 -6.97666e-03 | 35 -0.00143 -1.25288e-02 | 36 -0.00112  1.13863e-03
 37 -0.00074  3.02762e-02 | 38 -0.00055  6.86920e-03 | 39 -0.00026  3.75321e-03
 40  0.00016  2.62043e-02 | 41  0.00038 -5.17486e-04 | 42  0.00064 -2.15133e-02
 43  0.00116  1.98141e-02 | 44  0.00142 -3.08558e-03 | 45  0.00178 -1.08821e-03
 46  0.00217  1.61279e-02 | 47  0.00240 -2.45205e-03 | 48  0.00271  1.19247e-02
 49  0.00290  6.67127e-03 | 50  0.00298 -6.92154e-03 | 51  0.00312  9.63857e-03
 52  0.00306 -2.37676e-03 | 53  0.00296 -3.74819e-03 | 54  0.00284  6.05131e-03
 55  0.00262  8.41232e-03 | 56  0.00231 -4.12373e-04 | 57  0.00196 -1.32908e-02
 58  0.00165 -1.29403e-02 | 59  0.00141 -4.27099e-03 | 60  0.00119 -2.56507e-03
 61  0.00105 -4.18203e-03 | 62  0.00106 -2.37028e-03 | 63  0.00129  1.66377e-02
 64  0.00157 -7.16283e-04 | 65  0.00218  6.78290e-03 | 66  0.00302  8.88494e-03
 67  0.00410  3.67881e-03 | 68  0.00549  9.71582e-04 | 69  0.00719  4.57643e-03
 70  0.00916  6.12287e-03 | 71  0.01135  5.46503e-03 | 72  0.01371  6.85221e-03
 73  0.01613  8.15209e-03 | 74  0.01844  9.73881e-03 | 75  0.02044  6.68092e-03
 76  0.02194  5.26567e-03 | 77  0.02280  1.10960e-02 | 78  0.02282  6.42505e-03
 79  0.02211  9.23154e-03 | 80  0.02070  7.61777e-03 | 81  0.01875  4.93928e-03
 82  0.01637  6.90755e-03 | 83  0.01354  2.29228e-03 | 84  0.01029  4.67199e-03
 85  0.00660  1.60130e-03 | 86  0.00267  1.94059e-03 | 87 -0.00111  1.41764e-02
 88 -0.00445  4.13935e-03 | 89 -0.00686  2.52131e-03 | 90 -0.00826  4.61346e-03
 91 -0.00892  2.91009e-03 | 92 -0.00920  1.94195e-04 | 93 -0.00924  6.67349e-05
 94 -0.00869  1.30616e-04 | 95 -0.00738  1.74586e-03 | 96 -0.00610 -9.72820e-04
 97 -0.00355  1.23186e-03 | 98  0.00020 -7.70453e-03 | 99  0.00560 -6.93886e-03
100  0.00773  1.40273e-03 |101  0.00788  2.69549e-03 |102  0.00658 -4.01004e-03
103 -0.00152 -8.69571e-03 |104 -0.00184 -3.63948e-03 |105  0.01361 -4.64143e-03
106  0.00900 -1.47499e-02 |107 -0.01337 -1.01363e-02 |108  0.00168 -1.52600e-02
109  0.05912 -3.58626e-02 |110  0.01388 -1.96218e-02 |111 -0.02859 -5.72603e-03
112 -0.01538  1.34816e-02 |113 -0.00098  1.39394e-02 |114  0.01619  4.42999e-02
115 -0.01423  2.83887e-02 |116 -0.07514  1.58296e-02 |117 -0.09116  1.49649e-02
118 -0.08747  2.49925e-03 |119 -0.04837  3.59174e-03 |120  0.07190  1.27598e-02
121  0.02875  7.12340e-04 |122  0.01708 -1.27505e-02 |123 -0.02724 -1.96135e-02
124 -0.06733 -1.56985e-02 |125 -0.01722 -3.33500e-02 |126 -0.00715 -3.62259e-02
127 -0.04035 -2.98373e-02 |128  0.01260 -4.18059e-02 |129  0.06007 -4.21481e-02
130 -0.00398 -1.65868e-02 |131  0.07341  1.53310e-04 |132 -0.00312  1.51413e-03
133  0.12056 -1.73833e-02 |134 -0.00953  7.79189e-03 |135 -0.05207  6.73769e-03
136 -0.06206  3.43504e-03 |137 -0.02668 -2.09553e-04 |138  0.09368  8.11045e-03
139  0.02704  2.66457e-03 |140  0.01531  8.04002e-03 |141 -0.03360 -4.99994e-03
142 -0.01719  1.86440e-03 |143 -0.00565 -5.28849e-03 |144 -0.00036  1.09264e-02
145  0.42339  9.56011e-04 |146  0.31718 -7.20019e-02 |147  0.04811  4.15173e-02
148  0.29464 -3.63256e-02 |149 -0.01256  3.52175e-02 |150 -0.10122  5.44528e-02
151 -0.47448 -1.09195e-02 |152  0.31416  1.45734e-03 |153  0.04848 -3.31035e-02
154 -0.22944  2.36724e-03 |155  0.21237 -3.81449e-03 |156 -0.21904 -1.12569e-03
157 -0.23645 -1.04658e-02 |158 -0.27857 -1.46976e-03 |159 -0.15052 -2.21940e-03
160 -0.82630 -1.11138e-02 |161  0.11205  1.86697e-02 |162  0.29714 -3.71588e-02
163  0.17402  5.18875e-03 |164  0.24733  1.22094e-02 |165 -0.34710  7.20998e-03
166  0.24335 -2.13898e-02 |167  0.05236  1.73834e-02 |168 -0.18572  1.16058e-02
169  0.19776  2.38742e-03 |170  0.31541 -4.44678e-03 |171  0.07782 -1.74560e-03
172 -0.54551  3.34679e-04 |173 -0.38703  8.12677e-04 |174  0.23416 -8.68461e-03
175  0.07836 -1.38203e-02 |176 -0.11310  8.45550e-02 |177  0.05389  1.38659e-02
178  0.12020 -3.34054e-02 |179  0.32260  1.44960e-03 |180  0.27127  2.57005e-02
181  0.00259  1.69500e-02 |182 -0.00605  1.50504e-03 |183 -0.15247  1.60741e-02
184 -0.11818 -1.00170e-02 |185  0.01692  4.77070e-03 |186  0.38600 -6.36758e-03
187  0.01064 -9.92720e-03 |188 -0.14605  2.24899e-02 |189  0.80802  6.84284e-02
190 -0.14596 -3.78575e-01 |191  0.00046 -1.53996e-02 |192  0.00136  9.67580e-03
193  0.01803 -4.25731e-04 |194  0.07112 -5.26422e-02 |195  0.20068  2.63035e-04
196 -0.44242  7.06890e-03 |197 -0.55799 -1.06327e-02 |198  0.17054 -1.25933e-02
199  0.09835 -2.36888e-01 |200 -0.26710 -7.40540e-02 |
200 variables; iteration 220; function evaluation 328; phase 4
Function value 7.0826862e+03; maximum gradient component mag -3.5749e-01
Var    Value     Gradient |Var    Value     Gradient |Var    Value     Gradient
  1 -0.43926 -1.61681e-02 |  2  0.36322  1.11011e-02 |  3 -0.15095 -1.64282e-01
  4  0.01727  1.90354e-02 |  5 -0.65086  2.67591e-03 |  6 -0.62698 -1.69557e-01
  7  0.36873 -1.56640e-01 |  8 -0.19483  9.39865e-02 |  9  0.05458 -5.91276e-02
 10 -0.56355  2.23627e-02 | 11 -0.64247  2.45151e-01 | 12 -0.18720 -2.25320e-01
 13 -0.00283  2.64813e-02 | 14 -0.00323 -6.54974e-02 | 15 -0.00313 -2.97518e-02
 16 -0.00273  7.63605e-02 | 17 -0.00292  3.40386e-02 | 18 -0.00359 -1.30056e-01
 19 -0.00350 -1.05456e-01 | 20 -0.00269  9.71286e-02 | 21 -0.00261  1.15531e-01
 22 -0.00325 -5.30406e-02 | 23 -0.00320 -5.02669e-02 | 24 -0.00261  8.58336e-02
 25 -0.00287  6.20470e-03 | 26 -0.00314 -8.33785e-02 | 27 -0.00239  8.39933e-02
 28 -0.00207  1.35812e-01 | 29 -0.00236  3.05441e-02 | 30 -0.00233  3.27402e-03
 31 -0.00291 -1.84259e-01 | 32 -0.00269 -1.73734e-01 | 33 -0.00148  8.06756e-02
 34 -0.00148  2.79634e-02 | 35 -0.00133  7.17031e-03 | 36 -0.00151 -9.84953e-02
 37 -0.00089 -1.14004e-02 | 38 -0.00003  1.29609e-01 | 39  0.00013  9.43319e-02
 40  0.00029  5.49160e-02 | 41  0.00048  1.88739e-02 | 42  0.00023 -1.27856e-01
 43  0.00156  1.11655e-01 | 44  0.00095 -1.24407e-01 | 45  0.00154 -6.32045e-02
 46  0.00239  6.16197e-02 | 47  0.00281  9.18249e-02 | 48  0.00270  1.05004e-03
 49  0.00269 -4.87712e-02 | 50  0.00307  7.85147e-03 | 51  0.00325  3.50816e-02
 52  0.00344  8.24539e-02 | 53  0.00263 -9.19980e-02 | 54  0.00269 -3.78827e-02
 55  0.00244 -4.45928e-02 | 56  0.00253  4.56058e-02 | 57  0.00160 -1.08595e-01
 58  0.00132 -1.00848e-01 | 59  0.00137 -2.15705e-02 | 60  0.00119 -1.21551e-02
 61  0.00110 -2.82322e-04 | 62  0.00126  3.89893e-02 | 63  0.00148  5.53602e-02
 64  0.00149 -2.75240e-02 | 65  0.00233  3.66709e-02 | 66  0.00291 -2.43464e-02
 67  0.00417  1.24972e-02 | 68  0.00536 -3.80411e-02 | 69  0.00716 -9.32318e-03
 70  0.00915 -4.50908e-03 | 71  0.01134 -3.77911e-03 | 72  0.01372  2.02239e-04
 73  0.01607 -1.24007e-02 | 74  0.01845  2.72543e-03 | 75  0.02045 -5.82019e-05
 76  0.02191 -1.09484e-02 | 77  0.02279  1.09381e-03 | 78  0.02279 -9.34912e-03
 79  0.02207 -5.82812e-03 | 80  0.02088  3.73357e-02 | 81  0.01871 -1.04867e-02
 82  0.01628 -2.05827e-02 | 83  0.01338 -3.93151e-02 | 84  0.01023 -1.42625e-02
 85  0.00655 -1.42626e-02 | 86  0.00254 -3.26757e-02 | 87 -0.00097  4.90203e-02
 88 -0.00447 -1.68845e-03 | 89 -0.00695 -2.18954e-02 | 90 -0.00841 -3.21928e-02
 91 -0.00893  1.75276e-03 | 92 -0.00899  5.66694e-02 | 93 -0.00917  2.01930e-02
 94 -0.00867  4.91440e-03 | 95 -0.00732  1.53330e-02 | 96 -0.00617 -2.43348e-02
 97 -0.00361 -1.75193e-02 | 98  0.00023 -9.22060e-03 | 99  0.00559 -1.65443e-02
100  0.00764 -2.83614e-02 |101  0.00787 -8.89087e-03 |102  0.00655 -1.81936e-02
103 -0.00152 -1.35379e-02 |104 -0.00183 -8.85559e-03 |105  0.01354 -2.10392e-02
106  0.00906  4.37280e-03 |107 -0.01337 -6.37815e-03 |108  0.00165 -1.12119e-02
109  0.05921  1.28798e-02 |110  0.01392  5.19864e-03 |111 -0.02857 -3.32807e-03
112 -0.01539 -3.58046e-03 |113 -0.00094  1.15654e-03 |114  0.01624  2.02337e-02
115 -0.01421 -3.15125e-03 |116 -0.07505  2.10099e-02 |117 -0.09113 -2.95652e-03
118 -0.08740  6.07491e-03 |119 -0.04836 -2.20539e-02 |120  0.07184 -5.85695e-02
121  0.02870 -1.24581e-02 |122  0.01704  2.48885e-02 |123 -0.02725  3.70824e-02
124 -0.06739  1.15537e-02 |125 -0.01726  3.11619e-02 |126 -0.00718  3.84221e-02
127 -0.04038  1.80962e-02 |128  0.01256  1.45457e-02 |129  0.06010  4.03232e-02
130 -0.00400  1.34176e-02 |131  0.07352  7.98434e-02 |132 -0.00313  1.23583e-02
133  0.12062  3.85177e-02 |134 -0.00952  1.18454e-02 |135 -0.05204  1.66145e-02
136 -0.06211 -1.24548e-02 |137 -0.02679 -3.61038e-02 |138  0.09363 -8.66059e-03
139  0.02700 -1.27132e-02 |140  0.01526 -8.75184e-03 |141 -0.03358  9.04610e-04
142 -0.01725 -1.64005e-02 |143 -0.00567 -1.11551e-02 |144  0.00003  1.07301e-01
145  0.42350  9.36779e-03 |146  0.31722 -8.21977e-02 |147  0.04816 -2.03467e-01
148  0.29467  3.37325e-01 |149 -0.01266 -4.51865e-02 |150 -0.10117 -3.42394e-02
151 -0.47435 -8.48374e-03 |152  0.31442  2.63406e-02 |153  0.04848  1.50865e-02
154 -0.22941  6.00724e-03 |155  0.24933 -6.73138e-02 |156 -0.28743 -1.57337e-03
157 -0.22946  5.89064e-02 |158 -0.44119 -2.60886e-03 |159 -0.22368  2.15687e-03
160 -0.79291 -9.12666e-03 |161  0.11220 -9.93586e-03 |162  0.29718  4.23736e-02
163  0.17409 -3.96280e-02 |164  0.24735  7.46023e-02 |165 -0.34713  2.53062e-02
166  0.24333 -8.75437e-02 |167  0.05236  2.02699e-02 |168 -0.18569  1.25633e-01
169  0.19780 -2.59265e-02 |170  0.31542  6.64294e-02 |171  0.07783 -2.26674e-02
172 -0.56765 -1.32464e-03 |173 -0.38666  8.69845e-02 |174  0.23426 -1.20016e-01
175  0.07830  1.15793e-01 |176 -0.11311  1.86541e-04 |177  0.05401 -4.44405e-02
178  0.12028  6.17338e-02 |179  0.32264  6.48221e-02 |180  0.27129 -5.97388e-02
181  0.00244 -5.18068e-02 |182 -0.00611 -2.27275e-03 |183 -0.15242  5.94732e-02
184 -0.11815 -1.07398e-01 |185  0.01685 -4.35433e-02 |186  0.38603  2.68014e-02
187  0.01073 -3.19028e-03 |188 -0.14603  1.14182e-02 |189  0.78861  3.20127e-02
190 -0.13232 -3.57493e-01 |191 -0.03883 -1.11806e-03 |192  0.02114  3.08408e-03
193 -0.20356 -1.08742e-03 |194  0.06843  1.59747e-02 |195  0.21872 -1.56787e-03
196 -0.47207  2.08838e-03 |197 -0.55773  9.31173e-04 |198  0.17064 -2.13018e-02
199  0.09829 -2.37803e-01 |200 -0.26676 -3.32836e-02 |
200 variables; iteration 240; function evaluation 366; phase 4
Function value 7.0826656e+03; maximum gradient component mag -2.0213e+00
Var    Value     Gradient |Var    Value     Gradient |Var    Value     Gradient
  1 -0.43935  1.33321e+00 |  2  0.36324  6.94358e-01 |  3 -0.15097  1.73607e+00
  4  0.01723  1.14371e+00 |  5 -0.65114  9.40465e-02 |  6 -0.62693 -3.64319e-01
  7  0.36878  1.19149e+00 |  8 -0.19488  1.67524e+00 |  9  0.05455  1.24330e+00
 10 -0.56359  3.18123e-02 | 11 -0.64241 -6.86641e-01 | 12 -0.18741 -2.02131e+00
 13 -0.00255  8.81535e-02 | 14 -0.00321 -6.99576e-02 | 15 -0.00293  9.64904e-03
 16 -0.00295  1.24227e-02 | 17 -0.00349 -1.18171e-01 | 18 -0.00249  1.36790e-01
 19 -0.00236  1.70482e-01 | 20 -0.00403 -2.52570e-01 | 21 -0.00347 -1.13627e-01
 22 -0.00293  1.62875e-02 | 23 -0.00333 -9.37861e-02 | 24 -0.00264  6.76325e-02
 25 -0.00333 -1.22762e-01 | 26 -0.00251  6.42024e-02 | 27 -0.00258  2.04414e-02
 28 -0.00397 -3.57355e-01 | 29 -0.00220  5.80029e-02 | 30 -0.00257 -7.29464e-02
 31 -0.00103  2.72624e-01 | 32 -0.00052  3.56260e-01 | 33 -0.00281 -2.66718e-01
 34 -0.00163 -2.55988e-02 | 35 -0.00066  1.57550e-01 | 36 -0.00004  2.50212e-01
 37 -0.00076  2.44071e-03 | 38 -0.00114 -1.62940e-01 | 39 -0.00125 -2.65711e-01
 40 -0.00014 -6.96509e-02 | 41  0.00028 -4.96142e-02 | 42  0.00182  2.42834e-01
 43  0.00030 -2.15653e-01 | 44  0.00216  1.50271e-01 | 45  0.00181 -1.78708e-02
 46  0.00142 -1.93947e-01 | 47  0.00225 -6.49158e-02 | 48  0.00297  4.61915e-02
 49  0.00335  8.84022e-02 | 50  0.00252 -1.47192e-01 | 51  0.00283 -8.93430e-02
 52  0.00264 -1.31165e-01 | 53  0.00381  1.68954e-01 | 54  0.00207 -2.10890e-01
 55  0.00297  6.16806e-02 | 56  0.00245  4.12815e-04 | 57  0.00256  1.00563e-01
 58  0.00258  1.80761e-01 | 59  0.00151 -1.10538e-02 | 60  0.00122 -2.91392e-02
 61  0.00087 -8.27762e-02 | 62  0.00030 -2.21488e-01 | 63  0.00124 -3.13512e-02
 64  0.00171 -2.79061e-03 | 65  0.00178 -1.25978e-01 | 66  0.00323  2.42563e-02
 67  0.00400 -5.91348e-02 | 68  0.00580  3.56927e-02 | 69  0.00733 -1.67296e-03
 70  0.00908 -5.20216e-02 | 71  0.01128 -5.05623e-02 | 72  0.01362 -5.50281e-02
 73  0.01622 -1.48741e-02 | 74  0.01824 -7.68643e-02 | 75  0.02036 -5.56367e-02
 76  0.02187 -5.46042e-02 | 77  0.02270 -5.39839e-02 | 78  0.02273 -5.82717e-02
 79  0.02210 -3.61276e-02 | 80  0.02027 -1.25326e-01 | 81  0.01893 -1.34322e-03
 82  0.01645 -1.90891e-02 | 83  0.01384  2.54464e-02 | 84  0.01041 -9.96102e-03
 85  0.00658 -4.30672e-02 | 86  0.00297  3.28974e-02 | 87 -0.00168 -1.69676e-01
 88 -0.00442 -3.29775e-02 | 89 -0.00680 -2.77811e-02 | 90 -0.00812 -5.25625e-03
 91 -0.00914 -1.01885e-01 | 92 -0.00979 -2.03578e-01 | 93 -0.00951 -1.20485e-01
 94 -0.00883 -8.44224e-02 | 95 -0.00742 -6.01213e-02 | 96 -0.00600 -2.90078e-02
 97 -0.00342 -2.41661e-02 | 98  0.00003 -1.17301e-01 | 99  0.00576 -4.63494e-02
100  0.00792 -4.61001e-02 |101  0.00777 -1.31427e-01 |102  0.00661 -1.27628e-01
103 -0.00165 -1.82615e-01 |104 -0.00201 -2.02967e-01 |105  0.01394 -1.24342e-01
106  0.00889 -2.56193e-01 |107 -0.01325 -1.70154e-01 |108  0.00164 -2.60607e-01
109  0.05930 -4.02922e-01 |110  0.01403 -2.85534e-01 |111 -0.02854 -2.20216e-01
112 -0.01512 -1.60393e-01 |113 -0.00068 -1.48427e-01 |114  0.01645 -1.48885e-01
115 -0.01369 -3.86088e-02 |116 -0.07468 -2.51592e-02 |117 -0.09054  4.64341e-02
118 -0.08711  2.08570e-02 |119 -0.04813  1.47495e-01 |120  0.07178  7.13902e-01
121  0.02833  5.67540e-01 |122  0.01648  4.90023e-01 |123 -0.02803  2.80470e-01
124 -0.06793  2.42051e-01 |125 -0.01803  3.02652e-01 |126 -0.00804  3.08841e-01
127 -0.04097  2.20712e-01 |128  0.01201  2.40659e-01 |129  0.05951  2.16235e-01
130 -0.00391  1.09901e-01 |131  0.07358 -4.03530e-04 |132 -0.00313 -5.79459e-02
133  0.12054 -1.27634e-01 |134 -0.00969 -3.47706e-02 |135 -0.05228 -4.35585e-02
136 -0.06221 -1.29782e-02 |137 -0.02671  1.29312e-02 |138  0.09360  3.50696e-02
139  0.02702  1.74496e-02 |140  0.01529  2.75790e-02 |141 -0.03365 -1.51386e-02
142 -0.01729 -1.50447e-02 |143 -0.00565 -5.66021e-03 |144 -0.00098 -1.43587e-01
145  0.42366  3.01450e-03 |146  0.31751 -2.08376e-01 |147  0.04828 -1.03564e+00
148  0.29478  1.08188e+00 |149 -0.01256 -2.44080e-01 |150 -0.10112 -8.25185e-01
151 -0.47406  6.45766e-03 |152  0.31338 -5.61333e-02 |153  0.04834 -8.96176e-03
154 -0.22967 -9.26445e-03 |155  0.25487  7.53546e-03 |156 -0.35982 -1.99252e-03
157 -0.23072 -4.32215e-02 |158 -0.61782 -4.58878e-03 |159 -0.31387 -1.68795e-03
160 -0.52973  2.04795e-02 |161  0.11257 -4.92605e-01 |162  0.29733  8.64100e-01
163  0.17438 -3.15679e-01 |164  0.24744  4.60498e-01 |165 -0.34705  1.91357e-02
166  0.24342  4.88822e-02 |167  0.05235  8.48665e-02 |168 -0.18563 -7.54203e-02
169  0.19824  2.87682e-02 |170  0.31543 -6.62399e-02 |171  0.07780  1.31218e-01
172 -0.57403 -1.70422e-03 |173 -0.38725 -4.07783e-02 |174  0.23409  6.62880e-03
175  0.07845  2.25429e-02 |176 -0.11318  2.93114e-01 |177  0.05389 -1.81336e-01
178  0.12042 -2.13388e-01 |179  0.32249  2.82126e-01 |180  0.27140  2.70907e-01
181  0.00266 -6.89091e-02 |182 -0.00618 -3.82399e-02 |183 -0.15244 -4.81159e-01
184 -0.11800  1.68212e-02 |185  0.01706  6.02681e-02 |186  0.38647 -7.38574e-02
187  0.01061 -1.07679e-02 |188 -0.14591  6.44391e-03 |189  0.73048 -5.94307e-02
190 -0.11085 -3.44769e-01 |191 -0.13218 -6.61817e-04 |192  0.01488  6.20529e-02
193 -0.39853 -2.27145e-03 |194  0.06128  1.00505e+00 |195  0.24701 -2.92848e-05
196 -0.50098  1.19834e-04 |197 -0.55859 -2.48958e-02 |198  0.17030 -4.03509e-02
199  0.09862 -3.20174e-01 |200 -0.26813 -2.24095e-01 |
200 variables; iteration 260; function evaluation 401; phase 4
Function value 7.0826580e+03; maximum gradient component mag -3.9742e-01
Var    Value     Gradient |Var    Value     Gradient |Var    Value     Gradient
  1 -0.43930 -1.15553e-01 |  2  0.36325 -3.84744e-02 |  3 -0.15104  7.53222e-02
  4  0.01726 -2.59991e-02 |  5 -0.65133 -1.38185e-02 |  6 -0.62691  1.58463e-01
  7  0.36881  1.29225e-02 |  8 -0.19493  2.30235e-01 |  9  0.05453  3.49087e-02
 10 -0.56360  2.33008e-03 | 11 -0.64238  2.26085e-01 | 12 -0.18730 -1.03408e-01
 13 -0.00297 -1.09109e-02 | 14 -0.00306 -2.25859e-02 | 15 -0.00290  2.47795e-02
 16 -0.00305 -6.83766e-03 | 17 -0.00313 -2.14653e-02 | 18 -0.00297  2.37497e-02
 19 -0.00307  8.72966e-04 | 20 -0.00317 -2.58668e-02 | 21 -0.00295  2.65126e-02
 22 -0.00304 -2.63208e-03 | 23 -0.00284  3.87443e-02 | 24 -0.00308 -3.57317e-02
 25 -0.00293 -1.30758e-02 | 26 -0.00277  8.00896e-03 | 27 -0.00282 -2.71351e-02
 28 -0.00247  3.22015e-02 | 29 -0.00237  2.47154e-02 | 30 -0.00247 -3.68338e-02
 31 -0.00222 -1.38349e-02 | 32 -0.00207 -2.10410e-02 | 33 -0.00189 -2.44293e-02
 34 -0.00153  1.10548e-02 | 35 -0.00132  5.63882e-03 | 36 -0.00103  1.56843e-02
 37 -0.00079  1.04488e-02 | 38 -0.00051  7.32131e-03 | 39 -0.00031 -1.83220e-02
 40  0.00017  2.21264e-02 | 41  0.00041 -1.85491e-03 | 42  0.00068 -1.89788e-02
 43  0.00121  2.37612e-02 | 44  0.00144 -6.49369e-03 | 45  0.00179 -6.91022e-03
 46  0.00220  1.39034e-02 | 47  0.00240 -8.79225e-03 | 48  0.00271  2.97628e-03
 49  0.00289 -3.73566e-03 | 50  0.00301 -7.56648e-03 | 51  0.00314  6.89096e-03
 52  0.00308 -4.95945e-03 | 53  0.00298 -7.75747e-03 | 54  0.00280 -1.14755e-02
 55  0.00258 -8.66184e-03 | 56  0.00234 -2.05852e-03 | 57  0.00196 -1.86663e-02
 58  0.00176  7.75028e-03 | 59  0.00143 -5.94008e-03 | 60  0.00128  1.23981e-02
 61  0.00112  5.93047e-03 | 62  0.00105 -1.10346e-02 | 63  0.00134  2.22044e-02
 64  0.00149 -2.47613e-02 | 65  0.00219  5.95123e-03 | 66  0.00302  4.76878e-03
 67  0.00411  1.65997e-03 | 68  0.00551  6.76285e-04 | 69  0.00720  3.46222e-03
 70  0.00914 -3.31010e-03 | 71  0.01133 -3.63316e-03 | 72  0.01370 -8.38168e-04
 73  0.01612  1.09114e-03 | 74  0.01840 -4.07330e-03 | 75  0.02042 -2.88446e-03
 76  0.02193 -2.73511e-03 | 77  0.02272 -9.78410e-03 | 78  0.02277 -8.70095e-03
 79  0.02205 -7.36924e-03 | 80  0.02066 -4.34773e-03 | 81  0.01874  4.71821e-06
 82  0.01631 -1.07166e-02 | 83  0.01351 -7.60748e-03 | 84  0.01025 -6.15698e-03
 85  0.00658 -3.78778e-03 | 86  0.00263 -7.08459e-03 | 87 -0.00115  6.88758e-03
 88 -0.00445  5.50840e-03 | 89 -0.00692 -9.31243e-03 | 90 -0.00834 -1.00037e-02
 91 -0.00897 -5.06552e-03 | 92 -0.00926 -9.19215e-03 | 93 -0.00930 -7.74947e-03
 94 -0.00875 -5.26047e-03 | 95 -0.00741  1.73579e-03 | 96 -0.00613 -2.46840e-05
 97 -0.00358  1.50647e-03 | 98  0.00015 -1.25474e-02 | 99  0.00560  1.15608e-03
100  0.00769 -1.12557e-03 |101  0.00786  5.87000e-03 |102  0.00659  4.93559e-03
103 -0.00150  1.59269e-04 |104 -0.00179  9.12680e-03 |105  0.01369  1.51882e-02
106  0.00917  2.02046e-02 |107 -0.01326  1.01550e-02 |108  0.00183  8.82872e-03
109  0.05957  3.00508e-02 |110  0.01427  2.73224e-02 |111 -0.02824  1.51565e-02
112 -0.01493  2.10483e-02 |113 -0.00046  1.47199e-02 |114  0.01684  1.50127e-02
115 -0.01344  1.17097e-02 |116 -0.07436  4.63952e-03 |117 -0.09029  1.05687e-02
118 -0.08674  8.61314e-03 |119 -0.04781  4.78968e-03 |120  0.07184 -6.24118e-03
121  0.02821 -1.55048e-02 |122  0.01633 -2.55123e-02 |123 -0.02816 -3.33280e-02
124 -0.06821 -3.43613e-02 |125 -0.01826 -3.87509e-02 |126 -0.00837 -3.63562e-02
127 -0.04129 -2.51646e-02 |128  0.01173 -2.02221e-02 |129  0.05937 -1.29675e-02
130 -0.00411 -4.51815e-03 |131  0.07364  2.27029e-03 |132 -0.00295  1.17936e-02
133  0.12075  1.70678e-02 |134 -0.00957  7.85016e-03 |135 -0.05213  3.07350e-03
136 -0.06213  8.18031e-03 |137 -0.02676 -3.17131e-04 |138  0.09348 -2.10615e-03
139  0.02697  2.29240e-03 |140  0.01520  1.40554e-03 |141 -0.03360 -2.56917e-05
142 -0.01726 -4.00746e-03 |143 -0.00564 -3.77729e-03 |144 -0.00042 -5.13462e-03
145  0.42324 -1.78381e-02 |146  0.31732 -1.68275e-01 |147  0.04842  8.22946e-03
148  0.29481 -1.84445e-02 |149 -0.01273 -3.98040e-03 |150 -0.10102 -2.62760e-02
151 -0.47350 -1.00964e-04 |152  0.31399 -1.79517e-03 |153  0.04814  3.20731e-03
154 -0.22967  7.30118e-04 |155  0.25672  2.71330e-03 |156 -0.43293 -2.54071e-03
157 -0.22966 -1.48716e-01 |158 -0.72804 -6.90068e-03 |159 -0.35210 -1.93945e-03
160 -0.61043  1.57504e-04 |161  0.11302 -2.32754e-03 |162  0.29744  2.96719e-02
163  0.17459  2.74469e-02 |164  0.24748 -2.65866e-02 |165 -0.34718  4.67809e-03
166  0.24340  1.40132e-02 |167  0.05235  7.23542e-03 |168 -0.18556 -1.63042e-02
169  0.19862  1.38591e-02 |170  0.31549 -1.76245e-02 |171  0.07776  4.12605e-02
172 -0.54816  7.69968e-05 |173 -0.38644 -3.22730e-03 |174  0.23435  1.31185e-02
175  0.07817 -2.19648e-03 |176 -0.11331 -7.73185e-03 |177  0.05406  3.14414e-02
178  0.12054 -2.02335e-02 |179  0.32250 -5.58560e-02 |180  0.27141  1.55201e-02
181  0.00247  1.07023e-02 |182 -0.00627 -7.50512e-03 |183 -0.15237  2.36088e-02
184 -0.11793  4.90417e-02 |185  0.01707  9.12286e-03 |186  0.38669  1.13605e-02
187  0.01068  5.96899e-03 |188 -0.14584  7.94658e-03 |189  0.73461 -2.93295e-02
190 -0.10339 -2.79287e-01 |191 -0.13458 -6.74237e-04 |192 -0.01337  2.83363e-03
193 -0.55643 -3.75451e-03 |194  0.05839 -8.18795e-02 |195  0.26626  6.20001e-04
196 -0.51864 -1.19922e-03 |197 -0.55806 -3.04449e-02 |198  0.17052 -1.00622e-02
199  0.09844 -3.97424e-01 |200 -0.26739 -1.33063e-01 |
200 variables; iteration 280; function evaluation 430; phase 4
Function value 7.0826512e+03; maximum gradient component mag -1.4881e+00
Var    Value     Gradient |Var    Value     Gradient |Var    Value     Gradient
  1 -0.43929 -5.16329e-02 |  2  0.36327  1.12548e-01 |  3 -0.15107  1.46148e+00
  4  0.01724  4.27864e-01 |  5 -0.65154  6.94834e-02 |  6 -0.62686  1.31134e+00
  7  0.36883  3.80939e-01 |  8 -0.19498  1.34775e+00 |  9  0.05453  4.98176e-01
 10 -0.56377  1.96538e-02 | 11 -0.64234  7.54336e-01 | 12 -0.18724 -5.28689e-01
 13 -0.00294 -3.72419e-03 | 14 -0.00297 -2.25153e-03 | 15 -0.00304 -9.00286e-03
 16 -0.00297  1.39939e-02 | 17 -0.00297  1.94568e-02 | 18 -0.00342 -8.89836e-02
 19 -0.00285  5.64176e-02 | 20 -0.00315 -2.00682e-02 | 21 -0.00307 -4.91748e-03
 22 -0.00274  7.27065e-02 | 23 -0.00319 -4.92716e-02 | 24 -0.00301 -1.56165e-02
 25 -0.00275  3.19387e-02 | 26 -0.00284 -1.03204e-02 | 27 -0.00290 -4.93333e-02
 28 -0.00222  9.41225e-02 | 29 -0.00224  5.70282e-02 | 30 -0.00260 -6.96015e-02
 31 -0.00222 -1.23520e-02 | 32 -0.00222 -5.87169e-02 | 33 -0.00175  1.10696e-02
 34 -0.00148  2.35854e-02 | 35 -0.00135 -7.34878e-05 | 36 -0.00105  1.16869e-02
 37 -0.00087 -1.00915e-02 | 38 -0.00039  3.72305e-02 | 39 -0.00022  4.18496e-03
 40  0.00027  4.71319e-02 | 41  0.00047  1.26086e-02 | 42  0.00059 -4.23762e-02
 43  0.00130  4.51063e-02 | 44  0.00135 -2.88259e-02 | 45  0.00176 -1.40642e-02
 46  0.00223  1.96365e-02 | 47  0.00246  3.45118e-03 | 48  0.00269 -2.39980e-03
 49  0.00277 -3.31847e-02 | 50  0.00306  3.05220e-03 | 51  0.00318  1.54620e-02
 52  0.00310 -2.16096e-03 | 53  0.00293 -2.26575e-02 | 54  0.00284 -3.57527e-03
 55  0.00255 -1.99335e-02 | 56  0.00237  3.20564e-03 | 57  0.00192 -3.30476e-02
 58  0.00165 -2.33591e-02 | 59  0.00144 -6.37147e-03 | 60  0.00133  2.01396e-02
 61  0.00114  6.70417e-03 | 62  0.00106 -1.40510e-02 | 63  0.00147  4.80194e-02
 64  0.00147 -3.65511e-02 | 65  0.00217 -6.79683e-03 | 66  0.00298 -1.20342e-02
 67  0.00414 -5.92607e-04 | 68  0.00557  5.92915e-03 | 69  0.00724  2.20126e-03
 70  0.00913 -1.44677e-02 | 71  0.01133 -1.41524e-02 | 72  0.01369 -1.58374e-02
 73  0.01610 -1.54227e-02 | 74  0.01835 -2.89837e-02 | 75  0.02041 -1.97813e-02
 76  0.02194 -1.65413e-02 | 77  0.02276 -1.93482e-02 | 78  0.02276 -2.93128e-02
 79  0.02208 -1.94715e-02 | 80  0.02065 -2.56548e-02 | 81  0.01873 -2.14325e-02
 82  0.01638 -1.47439e-02 | 83  0.01356 -1.47129e-02 | 84  0.01030 -1.57198e-02
 85  0.00659 -2.02489e-02 | 86  0.00267 -1.73224e-02 | 87 -0.00113 -6.60510e-03
 88 -0.00438  6.14707e-03 | 89 -0.00687 -1.53828e-02 | 90 -0.00832 -2.33593e-02
 91 -0.00901 -3.17224e-02 | 92 -0.00925 -2.00016e-02 | 93 -0.00930 -1.87292e-02
 94 -0.00877 -2.18853e-02 | 95 -0.00745 -1.94492e-02 | 96 -0.00616 -2.20473e-02
 97 -0.00359 -2.06327e-02 | 98  0.00009 -5.52309e-02 | 99  0.00562 -2.90457e-02
100  0.00768 -4.86731e-02 |101  0.00788 -4.79192e-02 |102  0.00672 -3.51195e-02
103 -0.00142 -5.88047e-02 |104 -0.00169 -5.08466e-02 |105  0.01379 -6.95197e-02
106  0.00931 -6.70484e-02 |107 -0.01311 -5.83332e-02 |108  0.00191 -9.48669e-02
109  0.05990 -1.22371e-01 |110  0.01449 -9.95413e-02 |111 -0.02799 -6.27705e-02
112 -0.01466 -7.22953e-02 |113 -0.00008 -5.88448e-02 |114  0.01722 -7.92166e-02
115 -0.01309 -2.98815e-02 |116 -0.07412  2.04281e-03 |117 -0.09013  6.84596e-03
118 -0.08661  1.82169e-02 |119 -0.04770  5.28190e-02 |120  0.07188  2.08892e-01
121  0.02798  1.74575e-01 |122  0.01600  1.83162e-01 |123 -0.02855  1.36795e-01
124 -0.06862  8.77954e-02 |125 -0.01882  1.07469e-01 |126 -0.00889  1.14832e-01
127 -0.04163  7.66267e-02 |128  0.01138  1.06395e-01 |129  0.05909  1.14268e-01
130 -0.00429  3.77808e-02 |131  0.07336 -6.58621e-04 |132 -0.00304 -2.89963e-02
133  0.12070 -4.00876e-02 |134 -0.00956 -1.41214e-03 |135 -0.05210  5.13392e-04
136 -0.06215 -6.78179e-03 |137 -0.02683 -2.99987e-02 |138  0.09339 -2.44490e-02
139  0.02691 -9.98836e-03 |140  0.01513 -9.83963e-03 |141 -0.03362 -8.12192e-03
142 -0.01724  5.41560e-03 |143 -0.00563  7.59178e-06 |144 -0.00037  8.62563e-03
145  0.42284 -1.35652e-01 |146  0.31720 -6.24612e-01 |147  0.04852 -3.59735e-01
148  0.29482  3.43979e-01 |149 -0.01277 -8.44580e-02 |150 -0.10094 -2.43200e-01
151 -0.47386  1.65935e-03 |152  0.31388  1.19006e-02 |153  0.04817  5.05184e-02
154 -0.22976  3.57244e-03 |155  0.26064  1.57125e-03 |156 -0.37431 -2.09427e-03
157 -0.22664  1.07765e-01 |158 -0.66940 -5.49564e-03 |159 -0.42458 -2.47328e-03
160 -0.56549  7.19977e-03 |161  0.11327 -1.00280e-01 |162  0.29747  1.11652e-01
163  0.17476 -1.34122e-01 |164  0.24752  2.11475e-01 |165 -0.34740 -1.13017e-02
166  0.24336 -1.39734e-02 |167  0.05237 -3.26564e-02 |168 -0.18550 -1.64479e-01
169  0.19892 -2.28255e-03 |170  0.31554  3.56253e-02 |171  0.07775  6.56086e-02
172 -0.54316  5.17592e-04 |173 -0.38604  3.84670e-02 |174  0.23448 -3.96888e-02
175  0.07788  7.81846e-02 |176 -0.11345  5.95881e-02 |177  0.05420 -1.12940e-01
178  0.12062 -1.70637e-02 |179  0.32249  1.33543e-01 |180  0.27141  4.59090e-03
181  0.00234 -1.03639e-01 |182 -0.00631 -1.34925e-02 |183 -0.15230 -1.92579e-01
184 -0.11787 -1.89166e-01 |185  0.01711  1.59637e-02 |186  0.38697 -6.21932e-04
187  0.01074  3.06746e-02 |188 -0.14579 -2.29654e-02 |189  0.76030  6.88251e-03
190 -0.07881  2.25783e-01 |191 -0.10716 -5.33860e-04 |192 -0.05984 -1.00374e-02
193 -0.54463 -3.61616e-03 |194  0.05217  2.12464e-01 |195  0.20094 -3.13900e-03
196 -0.58552 -3.55021e-03 |197 -0.55837 -9.66004e-02 |198  0.17042 -3.87452e-02
199  0.09875 -1.48809e+00 |200 -0.26900 -5.49479e-01 |
200 variables; iteration 300; function evaluation 451; phase 4
Function value 7.0826471e+03; maximum gradient component mag -4.4571e-01
Var    Value     Gradient |Var    Value     Gradient |Var    Value     Gradient
  1 -0.43928 -1.62816e-01 |  2  0.36326  1.83332e-02 |  3 -0.15108 -4.45712e-01
  4  0.01727 -9.40087e-02 |  5 -0.65151 -1.99498e-02 |  6 -0.62688 -3.92815e-01
  7  0.36883 -1.19470e-01 |  8 -0.19499 -2.94275e-01 |  9  0.05455 -1.04109e-01
 10 -0.56368  1.15303e-02 | 11 -0.64235 -3.98218e-02 | 12 -0.18724  2.82109e-01
 13 -0.00296 -6.28916e-03 | 14 -0.00296  2.43250e-03 | 15 -0.00303 -7.44387e-03
 16 -0.00302  2.20130e-03 | 17 -0.00306 -1.65987e-03 | 18 -0.00308 -3.99760e-03
 19 -0.00315 -1.99868e-02 | 20 -0.00305  6.40041e-03 | 21 -0.00305  3.16979e-03
 22 -0.00304 -2.08749e-03 | 23 -0.00294  1.43315e-02 | 24 -0.00296 -3.38356e-03
 25 -0.00290 -4.50198e-03 | 26 -0.00273  1.97896e-02 | 27 -0.00275 -9.74878e-03
 28 -0.00253  1.93830e-02 | 29 -0.00235  3.24343e-02 | 30 -0.00246 -3.08420e-02
 31 -0.00221 -1.05285e-02 | 32 -0.00208 -2.14067e-02 | 33 -0.00185 -1.38825e-02
 34 -0.00150  2.15636e-02 | 35 -0.00129  1.51969e-02 | 36 -0.00108  5.18216e-03
 37 -0.00081  7.47205e-03 | 38 -0.00052  7.73176e-03 | 39 -0.00027 -5.56666e-03
 40  0.00011  7.91141e-03 | 41  0.00038 -7.68385e-03 | 42  0.00073 -5.65451e-03
 43  0.00113  4.36614e-03 | 44  0.00141 -1.15305e-02 | 45  0.00183  5.09607e-03
 46  0.00223  2.20156e-02 | 47  0.00250  1.66847e-02 | 48  0.00271  4.75842e-03
 49  0.00283 -1.52214e-02 | 50  0.00301 -5.07257e-03 | 51  0.00316  1.42948e-02
 52  0.00313  1.01152e-02 | 53  0.00302  5.14479e-03 | 54  0.00277 -1.69066e-02
 55  0.00258 -8.46784e-03 | 56  0.00240  1.40179e-02 | 57  0.00198 -1.31517e-02
 58  0.00176  9.34927e-03 | 59  0.00140 -1.07237e-02 | 60  0.00122  6.23757e-05
 61  0.00107 -5.10948e-03 | 62  0.00103 -1.18185e-02 | 63  0.00140  3.87645e-02
 64  0.00152 -1.59762e-02 | 65  0.00223  1.63986e-02 | 66  0.00299 -2.11128e-04
 67  0.00412  6.51789e-03 | 68  0.00543 -1.41578e-02 | 69  0.00716 -1.92316e-03
 70  0.00917  9.16067e-03 | 71  0.01135  6.30137e-03 | 72  0.01372  1.06964e-02
 73  0.01610  5.17342e-03 | 74  0.01845  1.57385e-02 | 75  0.02044  9.96646e-03
 76  0.02192  6.16386e-03 | 77  0.02280  1.78823e-02 | 78  0.02281  1.17033e-02
 79  0.02210  1.55509e-02 | 80  0.02075  2.81162e-02 | 81  0.01872  1.00474e-02
 82  0.01634  1.14471e-02 | 83  0.01346 -1.73754e-03 | 84  0.01024  6.41386e-03
 85  0.00657  9.38998e-03 | 86  0.00261  3.43139e-03 | 87 -0.00113  2.56474e-02
 88 -0.00454 -2.05354e-03 | 89 -0.00691  7.36948e-03 | 90 -0.00832  8.08777e-03
 91 -0.00893  1.92238e-02 | 92 -0.00914  3.31121e-02 | 93 -0.00924  1.80201e-02
 94 -0.00870  1.49154e-02 | 95 -0.00738  1.71509e-02 | 96 -0.00613  5.73633e-03
 97 -0.00359  5.79043e-03 | 98  0.00024  1.47532e-02 | 99  0.00556 -1.35192e-03
100  0.00771  9.75692e-03 |101  0.00789  1.65481e-02 |102  0.00660  9.67574e-03
103 -0.00146  1.04327e-02 |104 -0.00175  1.12833e-02 |105  0.01374  1.31500e-02
106  0.00926  2.13608e-02 |107 -0.01313  1.66319e-02 |108  0.00203  2.38630e-02
109  0.05987  3.86954e-02 |110  0.01451  2.17552e-02 |111 -0.02799  1.52877e-02
112 -0.01466  1.30711e-02 |113 -0.00014  3.76732e-03 |114  0.01721 -2.07421e-02
115 -0.01318 -3.31276e-02 |116 -0.07413 -9.48160e-03 |117 -0.09017 -3.34960e-02
118 -0.08664 -3.26705e-02 |119 -0.04776 -5.46711e-02 |120  0.07174 -1.51149e-01
121  0.02793 -9.88154e-02 |122  0.01594 -7.68571e-02 |123 -0.02854 -2.74005e-02
124 -0.06860 -1.86274e-02 |125 -0.01871 -5.09633e-03 |126 -0.00882  1.33766e-03
127 -0.04158 -3.63775e-04 |128  0.01142  7.10617e-03 |129  0.05915  1.71195e-02
130 -0.00425  7.53015e-03 |131  0.07353  4.00127e-02 |132 -0.00298  8.78599e-03
133  0.12078  5.43362e-02 |134 -0.00958 -4.71926e-04 |135 -0.05211  2.04412e-03
136 -0.06217 -6.62314e-03 |137 -0.02677 -1.97477e-03 |138  0.09342 -6.43539e-03
139  0.02692 -6.81336e-03 |140  0.01514 -8.23852e-03 |141 -0.03360  2.36206e-03
142 -0.01728 -5.02446e-03 |143 -0.00562  2.78797e-03 |144 -0.00042 -5.32580e-03
145  0.42303  5.23065e-02 |146  0.31718  1.61580e-01 |147  0.04853 -2.78533e-03
148  0.29484  1.12843e-01 |149 -0.01282 -5.41876e-04 |150 -0.10093  3.60023e-02
151 -0.47357 -5.50528e-03 |152  0.31395  1.01256e-02 |153  0.04810  7.22856e-03
154 -0.22974 -1.10946e-04 |155  0.25838  4.72621e-03 |156 -0.08181 -6.98364e-04
157 -0.22733 -2.53624e-01 |158 -0.24342 -1.26380e-03 |159 -0.37375 -2.09033e-03
160 -0.57191  5.54778e-03 |161  0.11334  1.93145e-02 |162  0.29752 -1.07178e-03
163  0.17476  3.91641e-03 |164  0.24753 -1.73180e-03 |165 -0.34742  4.32233e-03
166  0.24335 -3.27497e-02 |167  0.05236  3.72572e-03 |168 -0.18554  1.18851e-01
169  0.19892 -9.57602e-03 |170  0.31555  2.70012e-02 |171  0.07775  1.02094e-02
172 -0.53486  1.35264e-03 |173 -0.38625  1.71005e-02 |174  0.23440 -4.34600e-02
175  0.07799  2.89239e-02 |176 -0.11345 -7.40472e-02 |177  0.05412 -3.73130e-03
178  0.12065  7.00418e-02 |179  0.32248  8.28834e-03 |180  0.27144 -5.97212e-02
181  0.00242  6.77208e-03 |182 -0.00635  1.13148e-02 |183 -0.15231  8.01045e-02
184 -0.11785  3.13489e-03 |185  0.01707 -2.72219e-02 |186  0.38697  1.65618e-02
187  0.01071 -1.90824e-02 |188 -0.14577 -8.94162e-03 |189  0.77665  1.46398e-02
190 -0.07331 -3.28561e-01 |191 -0.06323 -3.17233e-04 |192  0.08165  1.19900e-02
193 -0.10021 -5.06695e-04 |194  0.05088 -1.02450e-01 |195  0.38937  2.17722e-03
196 -0.54134 -2.30173e-03 |197 -0.55762  3.11826e-02 |198  0.17068  1.28783e-02
199  0.09826  4.08376e-01 |200 -0.26658  1.57795e-01 |
200 variables; iteration 320; function evaluation 472; phase 4
Function value 7.0826376e+03; maximum gradient component mag 2.6089e+00
Var    Value     Gradient |Var    Value     Gradient |Var    Value     Gradient
  1 -0.43924 -9.25856e-01 |  2  0.36327  1.98031e-01 |  3 -0.15117  2.56918e+00
  4  0.01731  5.08375e-01 |  5 -0.65180  5.93570e-02 |  6 -0.62683  2.60891e+00
  7  0.36886  1.81717e-02 |  8 -0.19509  1.87344e+00 |  9  0.05456  2.70084e-01
 10 -0.56382  7.85921e-02 | 11 -0.64230  2.09158e+00 | 12 -0.18717  2.26848e+00
 13 -0.00295 -3.18669e-04 | 14 -0.00284  3.67523e-02 | 15 -0.00293  2.20325e-02
 16 -0.00321 -3.95583e-02 | 17 -0.00317 -2.36550e-02 | 18 -0.00299  2.56588e-02
 19 -0.00294  3.91812e-02 | 20 -0.00319 -2.52290e-02 | 21 -0.00314 -1.59177e-02
 22 -0.00303  5.75140e-03 | 23 -0.00292  2.57108e-02 | 24 -0.00314 -4.23023e-02
 25 -0.00308 -4.23235e-02 | 26 -0.00265  4.60846e-02 | 27 -0.00271  6.95347e-03
 28 -0.00273 -2.49842e-02 | 29 -0.00238  3.28626e-02 | 30 -0.00240 -9.66917e-03
 31 -0.00225 -1.10081e-02 | 32 -0.00206 -7.52173e-03 | 33 -0.00190 -1.66329e-02
 34 -0.00151  2.63692e-02 | 35 -0.00130  2.27177e-02 | 36 -0.00116 -4.80487e-03
 37 -0.00069  4.45778e-02 | 38 -0.00059 -1.12301e-03 | 39 -0.00034 -1.39509e-02
 40  0.00007  9.14046e-03 | 41  0.00040  9.52545e-03 | 42  0.00070 -2.15576e-03
 43  0.00125  4.69652e-02 | 44  0.00145  1.01970e-02 | 45  0.00174 -3.80436e-03
 46  0.00221  3.05400e-02 | 47  0.00232 -1.32188e-02 | 48  0.00267  9.00102e-03
 49  0.00302  4.41721e-02 | 50  0.00294 -8.73185e-03 | 51  0.00306  5.96809e-03
 52  0.00327  5.88512e-02 | 53  0.00295  3.96062e-03 | 54  0.00287  2.43031e-02
 55  0.00263  2.10423e-02 | 56  0.00239  3.09041e-02 | 57  0.00193 -7.46779e-03
 58  0.00199  8.24187e-02 | 59  0.00145  1.97142e-02 | 60  0.00125  2.61854e-02
 61  0.00110  2.19277e-02 | 62  0.00106  1.19713e-02 | 63  0.00121  1.16258e-02
 64  0.00154  5.57280e-03 | 65  0.00230  5.12495e-02 | 66  0.00308  3.79656e-02
 67  0.00411  1.95267e-02 | 68  0.00544  4.24751e-03 | 69  0.00718  1.70324e-02
 70  0.00917  2.24533e-02 | 71  0.01136  2.05674e-02 | 72  0.01373  2.12385e-02
 73  0.01613  1.73179e-02 | 74  0.01844  1.79809e-02 | 75  0.02041  5.01696e-03
 76  0.02199  1.83294e-02 | 77  0.02276  4.76935e-03 | 78  0.02284  8.65301e-03
 79  0.02204 -8.26980e-03 | 80  0.02070  1.72518e-03 | 81  0.01865 -2.45831e-02
 82  0.01637 -3.37281e-03 | 83  0.01347 -2.38322e-02 | 84  0.01024 -1.96211e-02
 85  0.00659 -1.24545e-02 | 86  0.00260 -2.64196e-02 | 87 -0.00108  1.25573e-02
 88 -0.00445 -6.93032e-03 | 89 -0.00687 -9.39167e-03 | 90 -0.00829 -8.89068e-03
 91 -0.00889  3.91990e-03 | 92 -0.00920 -6.35678e-03 | 93 -0.00924 -4.74528e-03
 94 -0.00875 -1.96237e-02 | 95 -0.00742 -1.75598e-02 | 96 -0.00610 -1.18031e-02
 97 -0.00360 -2.31910e-02 | 98  0.00021 -2.14108e-02 | 99  0.00558 -2.71089e-02
100  0.00770 -2.48779e-02 |101  0.00799  5.90954e-03 |102  0.00674  7.43922e-03
103 -0.00135 -1.94458e-03 |104 -0.00158  1.00097e-02 |105  0.01385 -1.83081e-02
106  0.00949  1.02601e-02 |107 -0.01296 -8.14837e-04 |108  0.00229  2.02172e-02
109  0.06033  2.47357e-02 |110  0.01493  2.39430e-02 |111 -0.02757  3.39094e-02
112 -0.01422  1.29513e-02 |113  0.00031  7.56224e-03 |114  0.01777  2.06845e-02
115 -0.01269  4.37758e-02 |116 -0.07388  2.90250e-02 |117 -0.08992  5.86524e-02
118 -0.08647  8.42795e-02 |119 -0.04766  1.12152e-01 |120  0.07151  2.14401e-01
121  0.02749  1.52478e-01 |122  0.01536  1.40717e-01 |123 -0.02920  9.01804e-02
124 -0.06922  5.42804e-02 |125 -0.01942  5.70026e-02 |126 -0.00950  3.07230e-02
127 -0.04201  4.79800e-03 |128  0.01100  2.00217e-03 |129  0.05888 -1.07161e-02
130 -0.00441 -2.69192e-02 |131  0.07330 -3.09755e-02 |132 -0.00295  7.68384e-03
133  0.12072 -1.31654e-02 |134 -0.00960 -1.16070e-02 |135 -0.05209  4.64539e-03
136 -0.06210  1.46966e-02 |137 -0.02678 -2.92846e-03 |138  0.09330 -2.41832e-02
139  0.02691  2.37061e-03 |140  0.01507 -1.00413e-02 |141 -0.03362 -3.15633e-03
142 -0.01723  1.88816e-02 |143 -0.00558  1.44674e-02 |144 -0.00038  5.93569e-03
145  0.42263 -3.98813e-02 |146  0.31692  2.02253e-01 |147  0.04867  9.55046e-02
148  0.29488 -3.45195e-01 |149 -0.01291 -2.74424e-02 |150 -0.10079 -1.29226e-01
151 -0.47339  1.93665e-02 |152  0.31388  1.55653e-03 |153  0.04797  3.83226e-02
154 -0.22985  3.33812e-03 |155  0.26254  2.06091e-03 |156  0.04397  1.59379e-04
157 -0.22546  3.79587e-03 |158  0.06061  1.26263e-02 |159 -0.45580 -2.73254e-03
160 -0.74026 -6.82588e-03 |161  0.11385  1.93909e-02 |162  0.29764 -9.67465e-02
163  0.17512  3.64155e-02 |164  0.24763 -6.64219e-02 |165 -0.34752 -2.43976e-02
166  0.24340  7.78534e-02 |167  0.05232 -5.05732e-02 |168 -0.18548 -8.72122e-02
169  0.19957  5.41269e-02 |170  0.31566 -5.02013e-02 |171  0.07770  2.38627e-01
172 -0.49704  7.49824e-03 |173 -0.38590 -4.89337e-02 |174  0.23454  1.24018e-01
175  0.07772 -2.35418e-03 |176 -0.11365 -6.78679e-02 |177  0.05429 -5.25786e-02
178  0.12079  7.05232e-02 |179  0.32243  3.31924e-02 |180  0.27150 -1.03649e-01
181  0.00230 -5.29509e-02 |182 -0.00646  2.21073e-02 |183 -0.15222 -2.10791e-01
184 -0.11769  5.87047e-02 |185  0.01716  5.02409e-02 |186  0.38744 -1.95038e-02
187  0.01072  3.09065e-02 |188 -0.14565  1.21203e-03 |189  0.72977 -9.47276e-02
190 -0.03075 -1.70587e-01 |191 -0.11631 -5.54917e-04 |192  0.17784  8.27723e-03
193  0.15706  6.53174e-04 |194  0.03800  2.99525e-01 |195  0.13444 -5.67251e-04
196 -0.45056  5.96560e-03 |197 -0.55773  4.45407e-02 |198  0.17065  2.06817e-02
199  0.09838  7.15027e-01 |200 -0.26696  1.72469e-01 |
200 variables; iteration 340; function evaluation 496; phase 4
Function value 7.0826033e+03; maximum gradient component mag 1.4093e+00
Var    Value     Gradient |Var    Value     Gradient |Var    Value     Gradient
  1 -0.43921 -5.07227e-01 |  2  0.36318 -4.72021e-01 |  3 -0.15147 -2.89941e-01
  4  0.01769 -3.58767e-01 |  5 -0.65242  4.35220e-02 |  6 -0.62675  8.61681e-01
  7  0.36878 -3.20254e-01 |  8 -0.19543  8.63394e-01 |  9  0.05499 -7.64817e-02
 10 -0.56403  1.03047e-01 | 11 -0.64225  1.40926e+00 | 12 -0.18686  1.21002e+00
 13 -0.00293 -3.93553e-04 | 14 -0.00292  1.27157e-02 | 15 -0.00290  2.59302e-02
 16 -0.00306 -9.42305e-03 | 17 -0.00308 -7.06949e-03 | 18 -0.00312 -1.38655e-02
 19 -0.00313 -1.53617e-02 | 20 -0.00290  4.27923e-02 | 21 -0.00289  4.04430e-02
 22 -0.00312 -2.40616e-02 | 23 -0.00296  8.24276e-03 | 24 -0.00297 -6.97540e-03
 25 -0.00292 -1.01427e-02 | 26 -0.00285 -1.23400e-02 | 27 -0.00304 -8.38178e-02
 28 -0.00235  6.26403e-02 | 29 -0.00224  5.74638e-02 | 30 -0.00273 -1.00804e-01
 31 -0.00210  1.58125e-02 | 32 -0.00202 -7.91351e-03 | 33 -0.00210 -7.77907e-02
 34 -0.00148  2.29174e-02 | 35 -0.00123  2.88095e-02 | 36 -0.00080  7.21775e-02
 37 -0.00088 -1.36259e-02 | 38 -0.00052  3.39493e-03 | 39 -0.00044 -5.25377e-02
 40  0.00026  4.11612e-02 | 41  0.00035 -1.98208e-02 | 42  0.00068 -2.39701e-02
 43  0.00100 -3.27846e-02 | 44  0.00146 -5.98728e-03 | 45  0.00189  1.31492e-02
 46  0.00214 -5.68629e-03 | 47  0.00255  2.14648e-02 | 48  0.00292  4.87093e-02
 49  0.00277 -3.80111e-02 | 50  0.00291 -3.84714e-02 | 51  0.00320  1.43776e-02
 52  0.00290 -5.47487e-02 | 53  0.00323  4.41564e-02 | 54  0.00264 -5.83973e-02
 55  0.00266  9.50675e-04 | 56  0.00249  2.44638e-02 | 57  0.00207 -2.80269e-03
 58  0.00180  4.54408e-03 | 59  0.00147 -8.91102e-03 | 60  0.00143  3.70878e-02
 61  0.00121  1.27463e-02 | 62  0.00094 -5.04720e-02 | 63  0.00175  1.07084e-01
 64  0.00154 -3.05460e-02 | 65  0.00229  1.16920e-02 | 66  0.00319  2.81663e-02
 67  0.00421  5.86140e-03 | 68  0.00549 -2.40992e-02 | 69  0.00725 -7.07365e-03
 70  0.00933  1.94095e-02 | 71  0.01143 -4.08626e-03 | 72  0.01381 -7.00961e-04
 73  0.01617 -1.38679e-02 | 74  0.01854 -3.57464e-03 | 75  0.02052 -1.23921e-02
 76  0.02204 -1.17490e-02 | 77  0.02294  1.22577e-04 | 78  0.02293 -1.26045e-02
 79  0.02215 -2.27794e-02 | 80  0.02082 -1.06993e-02 | 81  0.01870 -4.96786e-02
 82  0.01649 -1.19370e-02 | 83  0.01356 -3.61904e-02 | 84  0.01030 -3.50709e-02
 85  0.00671 -1.40820e-02 | 86  0.00267 -3.63516e-02 | 87 -0.00084  4.41823e-02
 88 -0.00422  2.64491e-02 | 89 -0.00677 -9.40679e-03 | 90 -0.00822 -1.64787e-02
 91 -0.00877  1.00553e-02 | 92 -0.00905  8.18676e-03 | 93 -0.00910  2.76118e-03
 94 -0.00863 -1.95333e-02 | 95 -0.00739 -4.21411e-02 | 96 -0.00599 -1.81092e-02
 97 -0.00342 -1.46063e-02 | 98  0.00034 -3.09531e-02 | 99  0.00577 -2.87373e-02
100  0.00785 -3.85233e-02 |101  0.00843  5.15503e-02 |102  0.00718  4.20755e-02
103 -0.00095  1.31347e-02 |104 -0.00099  4.91333e-02 |105  0.01443 -2.12187e-02
106  0.01027  3.61122e-02 |107 -0.01221  2.06686e-02 |108  0.00317  5.50424e-02
109  0.06195  8.04072e-02 |110  0.01602  2.58845e-02 |111 -0.02645  8.06628e-02
112 -0.01306  6.52242e-02 |113  0.00148  1.01094e-01 |114  0.01916  1.97802e-01
115 -0.01171  2.33878e-01 |116 -0.07324  1.82476e-01 |117 -0.08966  1.54383e-01
118 -0.08661  1.92434e-01 |119 -0.04807  2.35645e-01 |120  0.06980  2.69844e-01
121  0.02544  1.18443e-01 |122  0.01301  1.22102e-01 |123 -0.03126  9.89532e-02
124 -0.07111  1.70577e-02 |125 -0.02150 -4.69723e-02 |126 -0.01134 -1.22481e-01
127 -0.04309 -1.16732e-01 |128  0.01009 -1.31287e-01 |129  0.05830 -1.32238e-01
130 -0.00441 -4.39949e-02 |131  0.07312 -2.30480e-02 |132 -0.00301  6.78131e-03
133  0.12041 -1.39577e-01 |134 -0.00972 -1.50112e-02 |135 -0.05214  1.29251e-02
136 -0.06222  1.04604e-02 |137 -0.02693 -2.93166e-03 |138  0.09290 -3.90688e-02
139  0.02673 -2.61125e-03 |140  0.01484 -2.05984e-02 |141 -0.03371 -1.32419e-02
142 -0.01730  2.05610e-02 |143 -0.00544  3.96031e-02 |144 -0.00055 -3.58750e-02
145  0.42182 -1.56975e-01 |146  0.31611  4.54782e-01 |147  0.04888  5.41842e-01
148  0.29515 -9.64285e-01 |149 -0.01312  1.00538e-01 |150 -0.10040  3.13331e-01
151 -0.47268 -1.75403e-02 |152  0.31428  6.61108e-02 |153  0.04784  6.77331e-02
154 -0.23017  4.69694e-02 |155  0.28917  7.01545e-03 |156 -0.19042 -9.68757e-04
157 -0.22447 -4.81036e-01 |158  0.05958  1.10659e-02 |159 -0.78366 -8.88565e-03
160 -0.58509  1.70141e-03 |161  0.11522  2.43799e-01 |162  0.29815 -5.69557e-01
163  0.17594  7.42573e-02 |164  0.24800 -1.58301e-01 |165 -0.34871 -6.89313e-02
166  0.24324  8.95723e-02 |167  0.05239 -1.57961e-02 |168 -0.18554 -2.98609e-01
169  0.20052 -4.15701e-02 |170  0.31593 -4.99107e-02 |171  0.07765 -4.59743e-01
172 -0.72310 -6.58554e-03 |173 -0.38531 -7.57979e-02 |174  0.23469  1.67838e-01
175  0.07755 -4.70408e-02 |176 -0.11436  2.16015e-01 |177  0.05482  8.27010e-02
178  0.12111  1.42211e-02 |179  0.32242 -1.12018e-01 |180  0.27185 -7.87057e-02
181  0.00192  3.39920e-02 |182 -0.00679 -4.38773e-03 |183 -0.15187 -1.10287e-01
184 -0.11730 -1.47424e-01 |185  0.01659  9.75558e-02 |186  0.38891 -5.55285e-02
187  0.01122  1.33014e-01 |188 -0.14546  2.88437e-02 |189  0.77201  1.10295e-02
190  0.09918  1.78187e-01 |191 -0.10496 -5.22717e-04 |192  0.26194 -6.79592e-02
193  0.21482  1.10001e-03 |194 -0.06687  1.71933e-01 |195  0.21773  1.02053e-03
196 -0.63895 -4.70641e-03 |197 -0.55670  1.10225e-01 |198  0.17105  4.85751e-02
199  0.09822  1.19459e+00 |200 -0.26637  4.07850e-01 |
200 variables; iteration 360; function evaluation 517; phase 4
Function value 7.0825987e+03; maximum gradient component mag -4.6697e-01
Var    Value     Gradient |Var    Value     Gradient |Var    Value     Gradient
  1 -0.43923  4.85668e-02 |  2  0.36321 -7.53441e-02 |  3 -0.15142 -4.66968e-01
  4  0.01761 -1.18194e-01 |  5 -0.65242 -1.78024e-03 |  6 -0.62676 -3.02581e-01
  7  0.36881 -1.04368e-01 |  8 -0.19540 -2.15479e-01 |  9  0.05492 -7.99665e-02
 10 -0.56412 -3.61861e-03 | 11 -0.64223 -1.98717e-01 | 12 -0.18697 -1.54012e-01
 13 -0.00289  6.95101e-03 | 14 -0.00294  3.21084e-03 | 15 -0.00299 -6.11563e-04
 16 -0.00300  5.10874e-03 | 17 -0.00303  2.67085e-03 | 18 -0.00304  3.77369e-03
 19 -0.00307 -4.02635e-03 | 20 -0.00305  1.73004e-03 | 21 -0.00305 -2.94600e-03
 22 -0.00301  1.83297e-03 | 23 -0.00298 -4.55229e-04 | 24 -0.00292  2.37932e-03
 25 -0.00286  3.09287e-04 | 26 -0.00281 -4.94202e-03 | 27 -0.00271 -4.52020e-03
 28 -0.00262 -9.23554e-03 | 29 -0.00246 -4.24950e-04 | 30 -0.00235 -1.10898e-02
 31 -0.00212  6.05271e-03 | 32 -0.00194  8.69194e-03 | 33 -0.00184 -1.65331e-02
 34 -0.00157 -3.26685e-03 | 35 -0.00133 -1.63599e-03 | 36 -0.00102  1.31622e-02
 37 -0.00082 -4.67380e-03 | 38 -0.00055 -7.53739e-03 | 39 -0.00026 -1.27016e-02
 40  0.00009 -4.61895e-03 | 41  0.00041 -9.00920e-03 | 42  0.00080  9.16520e-04
 43  0.00106 -2.01957e-02 | 44  0.00150 -5.38131e-04 | 45  0.00186  3.41977e-03
 46  0.00216 -5.25091e-03 | 47  0.00250  6.23848e-03 | 48  0.00276  5.75941e-03
 49  0.00294 -1.52892e-03 | 50  0.00306 -5.82170e-03 | 51  0.00316  1.43188e-03
 52  0.00311 -8.70082e-03 | 53  0.00312  1.51095e-02 | 54  0.00286 -9.60058e-03
 55  0.00270  7.64943e-03 | 56  0.00241  2.96288e-03 | 57  0.00214  1.13230e-02
 58  0.00181  4.44038e-03 | 59  0.00152  3.19975e-03 | 60  0.00128 -1.30096e-03
 61  0.00115 -2.15584e-03 | 62  0.00114 -5.04999e-03 | 63  0.00135  8.23292e-03
 64  0.00168  4.60518e-03 | 65  0.00224  4.29238e-04 | 66  0.00306 -1.92541e-03
 67  0.00418  1.16037e-03 | 68  0.00562  9.70896e-03 | 69  0.00726 -2.00714e-03
 70  0.00924  3.61613e-03 | 71  0.01144  4.90119e-03 | 72  0.01380  3.45015e-03
 73  0.01617 -5.21017e-03 | 74  0.01850 -5.31074e-04 | 75  0.02053  2.38764e-03
 76  0.02206  6.46043e-03 | 77  0.02285 -2.80322e-04 | 78  0.02292  4.70226e-03
 79  0.02215 -1.58789e-03 | 80  0.02074 -5.06344e-03 | 81  0.01878 -7.66664e-03
 82  0.01646  8.85055e-03 | 83  0.01363  4.89324e-03 | 84  0.01034 -8.27267e-05
 85  0.00670  1.11361e-02 | 86  0.00274  7.33093e-03 | 87 -0.00107  1.50159e-02
 88 -0.00439  1.17044e-02 | 89 -0.00681  8.43825e-03 | 90 -0.00826  9.89457e-04
 91 -0.00888  1.26613e-02 | 92 -0.00916  1.08788e-02 | 93 -0.00920  1.19647e-02
 94 -0.00866  9.66547e-03 | 95 -0.00740 -7.30771e-03 | 96 -0.00603  8.78153e-03
 97 -0.00348  6.54427e-03 | 98  0.00035  7.83613e-03 | 99  0.00580  1.18051e-02
100  0.00793  3.37687e-03 |101  0.00818  1.03267e-02 |102  0.00702  1.18228e-02
103 -0.00092  2.23885e-02 |104 -0.00113  2.36347e-02 |105  0.01454  5.24915e-03
106  0.01019  1.36991e-02 |107 -0.01227  1.00018e-02 |108  0.00308  1.90397e-02
109  0.06185  1.65027e-02 |110  0.01608  4.55613e-03 |111 -0.02655  8.27527e-03
112 -0.01305 -1.21290e-02 |113  0.00153 -1.88698e-02 |114  0.01916 -2.96915e-02
115 -0.01173 -2.45540e-02 |116 -0.07329 -2.33994e-02 |117 -0.08967 -2.29480e-02
118 -0.08664 -1.29976e-02 |119 -0.04813 -9.92082e-03 |120  0.07000 -4.11671e-02
121  0.02563 -2.46034e-02 |122  0.01313 -1.49948e-02 |123 -0.03125  9.37922e-04
124 -0.07108  2.42427e-03 |125 -0.02144  3.27306e-03 |126 -0.01124 -8.18833e-05
127 -0.04301 -2.52574e-03 |128  0.01009  2.68239e-03 |129  0.05825 -2.49026e-03
130 -0.00450 -5.77619e-03 |131  0.07296 -1.35618e-02 |132 -0.00307  5.54383e-03
133  0.12049 -1.09090e-02 |134 -0.00970 -2.02928e-03 |135 -0.05216  1.52980e-03
136 -0.06222  6.25759e-03 |137 -0.02688  1.03782e-02 |138  0.09297 -8.41340e-03
139  0.02673 -1.77378e-03 |140  0.01490 -3.72126e-03 |141 -0.03366  7.82017e-04
142 -0.01732  1.07940e-02 |143 -0.00558  6.44795e-03 |144 -0.00045 -9.91052e-03
145  0.42204 -2.16697e-02 |146  0.31638 -3.11830e-02 |147  0.04890  9.55794e-02
148  0.29513 -1.26161e-01 |149 -0.01307  3.34727e-02 |150 -0.10044  9.76139e-02
151 -0.47293 -2.78141e-04 |152  0.31366  3.49577e-03 |153  0.04780 -4.84421e-03
154 -0.23025  5.21797e-04 |155  0.29295 -2.13854e-03 |156  0.08924  2.56461e-03
157 -0.22375  6.73721e-02 |158 -0.04174 -2.78954e-04 |159 -0.73378 -7.06926e-03
160 -0.60036 -4.16592e-04 |161  0.11510  3.46300e-02 |162  0.29809 -7.48457e-02
163  0.17594  1.10248e-02 |164  0.24798 -2.53421e-02 |165 -0.34846 -1.27748e-02
166  0.24328  1.93646e-02 |167  0.05233 -1.22122e-02 |168 -0.18551 -5.28914e-02
169  0.20062  4.05330e-03 |170  0.31594 -1.72322e-02 |171  0.07766 -1.07939e-02
172 -0.54824  1.47650e-05 |173 -0.38512 -2.30715e-02 |174  0.23473  3.76738e-02
175  0.07742 -2.70416e-02 |176 -0.11433 -2.43501e-02 |177  0.05477  2.19548e-02
178  0.12115  8.91294e-03 |179  0.32240 -2.50540e-02 |180  0.27183 -2.79614e-02
181  0.00196  1.63301e-02 |182 -0.00678  8.76494e-03 |183 -0.15186  5.36507e-02
184 -0.11728 -1.48638e-02 |185  0.01678  7.24003e-03 |186  0.38888 -4.56412e-03
187  0.01103  9.36920e-03 |188 -0.14539 -6.84282e-03 |189  0.75285  4.99533e-03
190  0.10438 -4.83055e-02 |191 -0.12080 -6.03390e-04 |192  0.26521  1.72542e-03
193  0.06649  1.76914e-04 |194 -0.14157 -8.38937e-04 |195  0.23062  9.81734e-04
196 -0.57995 -3.40764e-03 |197 -0.55763 -1.02031e-02 |198  0.17065  1.00741e-02
199  0.09848 -1.09092e-01 |200 -0.26758 -2.57019e-02 |
200 variables; iteration 380; function evaluation 537; phase 4
Function value 7.0825982e+03; maximum gradient component mag -4.3183e-01
Var    Value     Gradient |Var    Value     Gradient |Var    Value     Gradient
  1 -0.43924 -3.00830e-01 |  2  0.36321 -1.45024e-01 |  3 -0.15143 -4.31835e-01
  4  0.01762 -1.85167e-01 |  5 -0.65246 -1.69854e-02 |  6 -0.62675 -1.05767e-01
  7  0.36881 -8.73298e-02 |  8 -0.19541 -5.45616e-02 |  9  0.05493 -8.64452e-02
 10 -0.56415 -1.35303e-02 | 11 -0.64223  1.63164e-02 | 12 -0.18697  3.07710e-01
 13 -0.00292  1.20321e-03 | 14 -0.00292  1.03730e-02 | 15 -0.00299  2.42716e-03
 16 -0.00304 -3.87550e-03 | 17 -0.00305 -1.62572e-03 | 18 -0.00301  1.23666e-02
 19 -0.00304  7.31742e-03 | 20 -0.00308 -5.33305e-03 | 21 -0.00308 -8.78435e-03
 22 -0.00300  6.72633e-03 | 23 -0.00297  5.70965e-03 | 24 -0.00298 -1.01362e-02
 25 -0.00293 -1.39685e-02 | 26 -0.00275  1.23291e-02 | 27 -0.00264  1.71340e-02
 28 -0.00267 -1.88455e-02 | 29 -0.00246  2.41809e-03 | 30 -0.00226  1.59967e-02
 31 -0.00217 -2.16199e-03 | 32 -0.00199 -2.29949e-03 | 33 -0.00172  1.68098e-02
 34 -0.00156  1.88085e-03 | 35 -0.00134 -1.12633e-03 | 36 -0.00116 -1.80050e-02
 37 -0.00076  1.50877e-02 | 38 -0.00054 -1.93780e-03 | 39 -0.00020  6.89805e-03
 40  0.00008 -2.91809e-03 | 41  0.00046  7.46726e-03 | 42  0.00078  1.15050e-04
 43  0.00121  2.00100e-02 | 44  0.00151  5.75357e-03 | 45  0.00183 -1.23222e-03
 46  0.00220  8.38119e-03 | 47  0.00242 -9.82714e-03 | 48  0.00271 -2.92464e-03
 49  0.00299  1.66562e-02 | 50  0.00306 -1.13087e-03 | 51  0.00311 -5.26003e-03
 52  0.00323  2.51341e-02 | 53  0.00301 -7.03881e-03 | 54  0.00296  2.06150e-02
 55  0.00268  6.83604e-03 | 56  0.00241  6.45749e-03 | 57  0.00207 -2.38351e-03
 58  0.00185  1.81152e-02 | 59  0.00151  4.10509e-03 | 60  0.00126 -2.88984e-03
 61  0.00115  6.71772e-04 | 62  0.00118  1.00249e-02 | 63  0.00123 -1.54754e-02
 64  0.00168  7.47001e-03 | 65  0.00226  9.97802e-03 | 66  0.00308  5.00644e-03
 67  0.00419  6.30095e-03 | 68  0.00564  1.78473e-02 | 69  0.00727  6.08488e-03
 70  0.00924  7.80443e-03 | 71  0.01144  7.95863e-03 | 72  0.01379  5.53716e-03
 73  0.01619  2.82931e-03 | 74  0.01849  1.51962e-03 | 75  0.02053  6.61166e-03
 76  0.02204  4.94147e-03 | 77  0.02287  5.81696e-03 | 78  0.02291  3.98130e-03
 79  0.02217  3.49987e-03 | 80  0.02071 -8.72478e-03 | 81  0.01881 -1.06842e-04
 82  0.01646  7.30695e-03 | 83  0.01364  7.78238e-03 | 84  0.01034  1.53592e-04
 85  0.00666  2.35805e-03 | 86  0.00273  4.19683e-03 | 87 -0.00109  9.37530e-03
 88 -0.00441  5.37240e-03 | 89 -0.00680  9.76429e-03 | 90 -0.00824  5.61493e-03
 91 -0.00891  4.33962e-03 | 92 -0.00920 -7.04632e-04 | 93 -0.00922  7.74059e-03
 94 -0.00865  1.02222e-02 | 95 -0.00737  1.39710e-03 | 96 -0.00601  1.62551e-02
 97 -0.00345  1.57481e-02 | 98  0.00034  9.12529e-03 | 99  0.00581  1.66741e-02
100  0.00796  1.35073e-02 |101  0.00816  8.43405e-03 |102  0.00703  1.48929e-02
103 -0.00097  1.20344e-02 |104 -0.00114  2.10892e-02 |105  0.01457  1.29915e-02
106  0.01018  1.27972e-02 |107 -0.01226  1.25245e-02 |108  0.00308  2.24740e-02
109  0.06189  3.71181e-02 |110  0.01608  1.86167e-02 |111 -0.02657  1.40207e-02
112 -0.01302  1.92493e-02 |113  0.00157  2.92678e-02 |114  0.01920  3.04083e-02
115 -0.01170  2.53831e-02 |116 -0.07327  5.73489e-03 |117 -0.08967 -8.16624e-03
118 -0.08664 -2.74164e-03 |119 -0.04813  1.54190e-03 |120  0.06999 -1.79822e-02
121  0.02559 -3.14146e-02 |122  0.01307 -4.26899e-02 |123 -0.03133 -3.50036e-02
124 -0.07116 -2.84372e-02 |125 -0.02154 -5.22113e-02 |126 -0.01133 -5.36820e-02
127 -0.04307 -3.74980e-02 |128  0.01000 -4.95650e-02 |129  0.05816 -6.26057e-02
130 -0.00453 -2.11212e-02 |131  0.07290 -3.05878e-02 |132 -0.00310 -3.72216e-03
133  0.12047 -2.04482e-02 |134 -0.00970  2.62531e-04 |135 -0.05216  9.51852e-04
136 -0.06222  4.36994e-03 |137 -0.02688  1.06857e-02 |138  0.09297 -1.86802e-03
139  0.02674  4.24472e-03 |140  0.01492  4.76145e-03 |141 -0.03363  9.38581e-03
142 -0.01738 -6.92120e-03 |143 -0.00559  4.14439e-03 |144 -0.00036  1.10263e-02
145  0.42205 -1.86511e-03 |146  0.31640  4.00317e-02 |147  0.04890  1.77865e-01
148  0.29513 -2.33262e-01 |149 -0.01307  5.92902e-02 |150 -0.10043  1.58501e-01
151 -0.47307 -1.43356e-02 |152  0.31355  4.61374e-03 |153  0.04782 -2.83267e-02
154 -0.23028 -9.88491e-05 |155  0.29282  1.82439e-03 |156  0.05765  7.12930e-04
157 -0.22346  3.83834e-02 |158  0.04569  1.55590e-03 |159 -0.68515 -5.82558e-03
160 -0.59085  2.90116e-04 |161  0.11513  5.55020e-02 |162  0.29810 -1.07390e-01
163  0.17594  5.14366e-03 |164  0.24798 -2.17338e-02 |165 -0.34851 -5.38994e-03
166  0.24327  8.07736e-03 |167  0.05234  2.41618e-02 |168 -0.18552 -2.17893e-02
169  0.20059 -2.55990e-03 |170  0.31593 -2.29314e-02 |171  0.07766  1.31123e-03
172 -0.54611  1.99917e-04 |173 -0.38500 -1.51588e-02 |174  0.23477  1.82525e-02
175  0.07736 -6.25265e-02 |176 -0.11434  7.67089e-02 |177  0.05482  6.19409e-02
178  0.12115 -1.48805e-02 |179  0.32241 -6.07426e-02 |180  0.27184  9.80115e-04
181  0.00193  3.70363e-02 |182 -0.00679  1.04116e-03 |183 -0.15184  6.31237e-02
184 -0.11727  1.37950e-03 |185  0.01679  1.69668e-02 |186  0.38892 -1.04251e-02
187  0.01102  1.46839e-02 |188 -0.14537  1.23177e-02 |189  0.74393 -1.90370e-03
190  0.10456 -3.01607e-02 |191 -0.11720 -5.84993e-04 |192  0.26449 -1.45237e-03
193  0.15202  6.20310e-04 |194 -0.16391 -8.46978e-04 |195  0.13662 -4.87051e-04
196 -0.53496 -1.95651e-03 |197 -0.55760  1.10215e-02 |198  0.17064 -2.72768e-03
199  0.09847  8.78289e-02 |200 -0.26749  2.62504e-02 |
200 variables; iteration 400; function evaluation 558; phase 4
Function value 7.0825976e+03; maximum gradient component mag -2.4109e-01
Var    Value     Gradient |Var    Value     Gradient |Var    Value     Gradient
  1 -0.43924 -4.38162e-02 |  2  0.36321 -4.36935e-02 |  3 -0.15141 -2.41089e-01
  4  0.01760 -4.93029e-02 |  5 -0.65243 -4.92719e-03 |  6 -0.62675 -1.80817e-01
  7  0.36881 -4.05690e-03 |  8 -0.19540 -6.33069e-02 |  9  0.05492 -5.20509e-03
 10 -0.56412 -1.87528e-03 | 11 -0.64223 -1.05296e-01 | 12 -0.18697 -6.11382e-02
 13 -0.00293 -1.02970e-03 | 14 -0.00294  4.02870e-03 | 15 -0.00298  3.08012e-03
 16 -0.00304 -4.12884e-03 | 17 -0.00305 -2.12156e-03 | 18 -0.00305  2.09524e-03
 19 -0.00304  5.73087e-03 | 20 -0.00307 -3.83356e-03 | 21 -0.00305 -1.53314e-03
 22 -0.00301  3.10947e-03 | 23 -0.00297  2.86063e-03 | 24 -0.00295 -5.15056e-03
 25 -0.00289 -3.83952e-03 | 26 -0.00277  5.43373e-03 | 27 -0.00269  1.81547e-03
 28 -0.00259  1.51477e-04 | 29 -0.00245  1.32921e-03 | 30 -0.00230  3.65084e-03
 31 -0.00217 -3.77260e-03 | 32 -0.00199 -3.83988e-03 | 33 -0.00176  5.69314e-03
 34 -0.00156  1.69919e-04 | 35 -0.00133 -5.25595e-04 | 36 -0.00111 -6.79311e-03
 37 -0.00080  2.82256e-03 | 38 -0.00052 -5.47344e-05 | 39 -0.00021  1.22788e-03
 40  0.00010  8.59183e-05 | 41  0.00045  3.41632e-03 | 42  0.00078 -2.58872e-03
 43  0.00118  9.87162e-03 | 44  0.00150 -2.21154e-04 | 45  0.00183 -2.63154e-03
 46  0.00218  2.85249e-03 | 47  0.00245 -6.81674e-03 | 48  0.00272 -3.55742e-03
 49  0.00295  3.69857e-03 | 50  0.00308 -4.09637e-04 | 51  0.00314 -2.69590e-03
 52  0.00317  7.03970e-03 | 53  0.00303 -6.77441e-03 | 54  0.00292  6.07688e-03
 55  0.00266 -1.45937e-03 | 56  0.00239 -5.30400e-04 | 57  0.00207 -4.63990e-03
 58  0.00180  3.64409e-03 | 59  0.00151 -2.64164e-05 | 60  0.00129  1.19857e-03
 61  0.00117  2.04760e-03 | 62  0.00117  3.91945e-03 | 63  0.00129 -5.30583e-03
 64  0.00166 -5.85904e-04 | 65  0.00225  2.81015e-03 | 66  0.00308  9.05216e-04
 67  0.00419  1.39350e-03 | 68  0.00560  5.60593e-03 | 69  0.00728  3.23056e-03
 70  0.00924  2.35957e-03 | 71  0.01143  8.36243e-04 | 72  0.01378 -1.52618e-04
 73  0.01619  2.26161e-04 | 74  0.01850 -1.10137e-03 | 75  0.02052  1.20457e-03
 76  0.02203 -2.21020e-05 | 77  0.02286  1.98741e-03 | 78  0.02290  6.83689e-05
 79  0.02217  1.36450e-03 | 80  0.02075 -3.35861e-03 | 81  0.01883  8.42630e-04
 82  0.01645  3.15432e-03 | 83  0.01364  4.51243e-03 | 84  0.01036  1.99443e-03
 85  0.00667  2.19782e-03 | 86  0.00273  2.17431e-03 | 87 -0.00110  4.71504e-03
 88 -0.00439  8.04502e-03 | 89 -0.00682  4.42770e-03 | 90 -0.00824  3.42081e-03
 91 -0.00891  1.27486e-03 | 92 -0.00919  1.11278e-04 | 93 -0.00922  3.22562e-03
 94 -0.00866  4.61739e-03 | 95 -0.00735  2.35362e-03 | 96 -0.00603  6.98424e-03
 97 -0.00346  7.84887e-03 | 98  0.00034  1.57669e-03 | 99  0.00580  6.55380e-03
100  0.00795  4.89512e-03 |101  0.00818  4.12831e-03 |102  0.00702  3.69119e-03
103 -0.00097  9.03138e-04 |104 -0.00116  3.26540e-03 |105  0.01457 -3.47754e-05
106  0.01018 -2.87304e-03 |107 -0.01227 -5.16784e-03 |108  0.00305 -3.96926e-03
109  0.06184 -8.57603e-03 |110  0.01606 -1.23924e-02 |111 -0.02659 -9.94567e-03
112 -0.01305 -1.01764e-02 |113  0.00152 -1.14323e-02 |114  0.01916 -1.02135e-02
115 -0.01175 -4.97858e-03 |116 -0.07329 -1.47623e-03 |117 -0.08967 -5.66589e-03
118 -0.08666 -4.50221e-03 |119 -0.04815 -5.92435e-03 |120  0.06997 -2.95414e-02
121  0.02561 -2.24214e-02 |122  0.01310 -1.68901e-02 |123 -0.03129 -9.00050e-03
124 -0.07111 -5.58379e-03 |125 -0.02147 -8.40955e-03 |126 -0.01127 -6.96421e-03
127 -0.04303 -3.26853e-03 |128  0.01007  1.04422e-03 |129  0.05823  3.31859e-03
130 -0.00449  1.01464e-02 |131  0.07297  1.56535e-02 |132 -0.00309  5.84162e-03
133  0.12049 -4.49350e-03 |134 -0.00971  4.04878e-04 |135 -0.05216 -1.80974e-04
136 -0.06223  8.06875e-04 |137 -0.02691  1.80038e-03 |138  0.09298 -1.92315e-03
139  0.02674  1.72652e-03 |140  0.01492  1.07827e-03 |141 -0.03365  1.93128e-03
142 -0.01738 -6.12544e-03 |143 -0.00560  1.06170e-03 |144 -0.00039  4.78489e-03
145  0.42207 -6.94171e-03 |146  0.31640 -4.51348e-04 |147  0.04888 -3.35947e-02
148  0.29513  6.81146e-02 |149 -0.01306  5.03115e-03 |150 -0.10045  1.98632e-02
151 -0.47298 -1.11898e-03 |152  0.31360  1.83681e-03 |153  0.04782  5.66960e-05
154 -0.23026  1.16039e-03 |155  0.29322  3.37151e-03 |156  0.04211  1.74212e-04
157 -0.22373  7.25570e-02 |158  0.01217  3.32991e-05 |159 -0.49537 -3.09621e-03
160 -0.59203  3.40662e-04 |161  0.11508 -8.89980e-03 |162  0.29810  4.10504e-02
163  0.17593 -1.17432e-02 |164  0.24798  2.06119e-02 |165 -0.34847 -1.05065e-03
166  0.24328 -8.92618e-04 |167  0.05234  1.33887e-02 |168 -0.18552 -1.46500e-02
169  0.20058 -2.02165e-03 |170  0.31594 -6.41352e-03 |171  0.07766 -5.09486e-03
172 -0.54900 -4.73159e-05 |173 -0.38504  4.97022e-03 |174  0.23475 -1.83359e-03
175  0.07742  7.63655e-03 |176 -0.11433  4.15958e-02 |177  0.05479  1.26961e-02
178  0.12114 -2.79605e-02 |179  0.32241 -7.45365e-03 |180  0.27184  3.44208e-02
181  0.00195  7.06541e-03 |182 -0.00678 -4.06777e-03 |183 -0.15186  2.44289e-02
184 -0.11728 -9.21312e-03 |185  0.01677 -1.99627e-04 |186  0.38889  3.11467e-03
187  0.01103  3.67261e-03 |188 -0.14539  9.74440e-04 |189  0.76921  1.02721e-02
190  0.10465  8.26782e-03 |191 -0.05003 -2.47700e-04 |192  0.26533 -1.29610e-03
193  0.15058  6.46202e-04 |194 -0.29220 -1.55305e-03 |195  0.13966 -2.13893e-04
196 -0.46959  3.22176e-03 |197 -0.55764  2.62328e-03 |198  0.17063 -2.63573e-03
199  0.09848 -1.10351e-02 |200 -0.26756 -4.54222e-03 |
200 variables; iteration 420; function evaluation 581; phase 4
Function value 7.0825974e+03; maximum gradient component mag -2.4817e-01
Var    Value     Gradient |Var    Value     Gradient |Var    Value     Gradient
  1 -0.43924  1.10526e-02 |  2  0.36322 -5.87102e-02 |  3 -0.15141 -1.26186e-01
  4  0.01760 -8.99756e-02 |  5 -0.65243 -1.03853e-02 |  6 -0.62675 -3.14562e-02
  7  0.36882 -3.91069e-02 |  8 -0.19540 -1.27446e-01 |  9  0.05492 -7.15441e-02
 10 -0.56413 -1.41917e-02 | 11 -0.64223 -5.10757e-02 | 12 -0.18698  8.71030e-03
 13 -0.00293 -1.51965e-03 | 14 -0.00295  1.67387e-03 | 15 -0.00299  3.44961e-05
 16 -0.00303 -2.20067e-03 | 17 -0.00304 -7.38736e-04 | 18 -0.00305  8.49094e-04
 19 -0.00306  3.17830e-04 | 20 -0.00306 -1.13464e-03 | 21 -0.00305 -1.19975e-03
 22 -0.00302  3.45059e-05 | 23 -0.00298  1.46549e-03 | 24 -0.00295 -3.41291e-03
 25 -0.00288 -2.82035e-03 | 26 -0.00278  2.50768e-03 | 27 -0.00270 -8.75104e-05
 28 -0.00259 -2.90998e-04 | 29 -0.00245  1.05958e-03 | 30 -0.00231 -2.44557e-04
 31 -0.00216 -2.13543e-03 | 32 -0.00199 -3.19833e-03 | 33 -0.00177  1.07581e-03
 34 -0.00156  4.54695e-04 | 35 -0.00133 -9.81180e-05 | 36 -0.00109 -2.78794e-03
 37 -0.00080  2.64954e-03 | 38 -0.00052  4.82296e-04 | 39 -0.00021  8.55457e-04
 40  0.00011  3.47556e-04 | 41  0.00044  1.23630e-04 | 42  0.00078 -2.32729e-03
 43  0.00116  3.73253e-03 | 44  0.00150 -3.75402e-04 | 45  0.00184 -1.07983e-03
 46  0.00218  1.94263e-03 | 47  0.00247 -2.51585e-03 | 48  0.00273 -1.33533e-03
 49  0.00295  7.27252e-04 | 50  0.00308 -1.52214e-03 | 51  0.00315 -1.25476e-03
 52  0.00316  2.70170e-03 | 53  0.00305 -3.14799e-03 | 54  0.00290  1.13942e-03
 55  0.00267 -1.62970e-03 | 56  0.00240 -4.50838e-04 | 57  0.00208 -3.69892e-03
 58  0.00180  1.14832e-03 | 59  0.00151 -1.94675e-03 | 60  0.00129 -1.76830e-03
 61  0.00116 -1.43679e-03 | 62  0.00116 -7.16685e-04 | 63  0.00130 -2.97407e-03
 64  0.00166 -3.03470e-03 | 65  0.00224 -3.68013e-05 | 66  0.00307 -7.95572e-04
 67  0.00418 -9.97549e-04 | 68  0.00558 -1.65621e-03 | 69  0.00726 -1.48395e-03
 70  0.00923 -1.74541e-03 | 71  0.01143 -1.20559e-03 | 72  0.01379 -4.76012e-04
 73  0.01620 -4.63862e-04 | 74  0.01851 -9.63889e-04 | 75  0.02052 -9.69084e-04
 76  0.02203 -1.73590e-03 | 77  0.02286 -1.65190e-03 | 78  0.02290 -1.67883e-03
 79  0.02217 -1.24878e-03 | 80  0.02078 -9.18551e-04 | 81  0.01884 -2.38733e-04
 82  0.01644 -2.39628e-03 | 83  0.01362 -2.31949e-03 | 84  0.01035 -1.77330e-03
 85  0.00667 -1.71288e-03 | 86  0.00273 -2.03337e-03 | 87 -0.00111 -1.89563e-04
 88 -0.00441 -2.11606e-03 | 89 -0.00682 -1.54289e-03 | 90 -0.00825 -1.33314e-03
 91 -0.00890 -5.11750e-04 | 92 -0.00918 -1.10441e-03 | 93 -0.00922 -1.01899e-03
 94 -0.00867 -3.17723e-04 | 95 -0.00734  1.17737e-03 | 96 -0.00604  3.21698e-04
 97 -0.00348  1.16527e-04 | 98  0.00035  1.32972e-03 | 99  0.00579  1.48221e-03
100  0.00795  3.16885e-03 |101  0.00818  3.14567e-03 |102  0.00702  3.93569e-03
103 -0.00097  4.80028e-03 |104 -0.00118  5.57821e-03 |105  0.01458  1.05589e-02
106  0.01018  1.20205e-02 |107 -0.01227  1.18281e-02 |108  0.00305  1.64697e-02
109  0.06184  3.30618e-02 |110  0.01608  2.79850e-02 |111 -0.02659  2.22823e-02
112 -0.01304  3.05493e-02 |113  0.00153  3.68752e-02 |114  0.01917  4.58524e-02
115 -0.01174  3.21919e-02 |116 -0.07329  1.54510e-02 |117 -0.08966  1.00615e-02
118 -0.08665  9.37683e-03 |119 -0.04815  1.18786e-02 |120  0.07000  2.25933e-02
121  0.02562  5.01784e-04 |122  0.01311 -1.32459e-02 |123 -0.03129 -1.95614e-02
124 -0.07112 -2.15614e-02 |125 -0.02148 -3.58293e-02 |126 -0.01127 -4.07409e-02
127 -0.04303 -2.98274e-02 |128  0.01005 -4.12370e-02 |129  0.05822 -4.85933e-02
130 -0.00452 -2.67131e-02 |131  0.07294 -3.81411e-02 |132 -0.00310 -1.04102e-02
133  0.12049 -7.54078e-03 |134 -0.00970  1.54692e-03 |135 -0.05216  2.26829e-03
136 -0.06223  8.96290e-04 |137 -0.02691  7.49160e-04 |138  0.09299  4.06616e-03
139  0.02673  1.60322e-03 |140  0.01491  1.39785e-03 |141 -0.03366  6.44550e-04
142 -0.01737 -1.18030e-03 |143 -0.00561 -1.02879e-03 |144 -0.00040  1.31354e-03
145  0.42207  1.53632e-03 |146  0.31640 -3.29479e-03 |147  0.04890  1.55731e-01
148  0.29513 -2.48170e-01 |149 -0.01308  2.63786e-02 |150 -0.10045  6.36143e-02
151 -0.47304 -9.19982e-03 |152  0.31357  2.61308e-03 |153  0.04783 -1.49201e-02
154 -0.23026  1.71797e-03 |155  0.28925  7.05892e-03 |156 -0.09848 -4.92500e-04
157 -0.22430 -9.31646e-03 |158  0.03549  5.95992e-04 |159 -0.48502 -2.97573e-03
160 -0.59050  4.71632e-04 |161  0.11509  5.36415e-02 |162  0.29809 -1.26159e-01
163  0.17594  2.68576e-02 |164  0.24798 -4.76367e-02 |165 -0.34844 -1.96505e-04
166  0.24329  9.53136e-05 |167  0.05233 -2.48084e-03 |168 -0.18551  1.30570e-03
169  0.20063  1.91952e-04 |170  0.31595  9.55200e-04 |171  0.07766  1.14181e-03
172 -0.54729  9.63133e-05 |173 -0.38505 -1.28242e-02 |174  0.23475  1.05150e-02
175  0.07739 -5.13596e-02 |176 -0.11433  8.81418e-03 |177  0.05477  2.03860e-02
178  0.12115  1.28191e-02 |179  0.32240 -2.98091e-02 |180  0.27183 -2.72122e-02
181  0.00196  1.12076e-02 |182 -0.00679  1.66001e-03 |183 -0.15186  2.10248e-02
184 -0.11728  1.15719e-02 |185  0.01679  1.00505e-02 |186  0.38889 -5.94116e-03
187  0.01101  6.05835e-03 |188 -0.14538  7.09992e-03 |189  0.75284  4.65333e-03
190  0.10463 -6.40833e-02 |191 -0.07220 -3.56013e-04 |192  0.26545  1.26808e-02
193  0.08371 -1.56195e-04 |194 -0.28083 -1.49049e-03 |195  0.16041 -1.99342e-04
196 -0.46987  3.20754e-03 |197 -0.55767 -3.77958e-04 |198  0.17062 -1.11992e-03
199  0.09848 -1.27794e-02 |200 -0.26755 -3.90966e-03 |
200 variables; iteration 440; function evaluation 601; phase 4
Function value 7.0825972e+03; maximum gradient component mag -3.0591e-01
Var    Value     Gradient |Var    Value     Gradient |Var    Value     Gradient
  1 -0.43924  2.26700e-02 |  2  0.36322  3.33395e-02 |  3 -0.15141  7.39186e-02
  4  0.01760  4.80004e-02 |  5 -0.65243  5.58195e-03 |  6 -0.62675  1.29147e-02
  7  0.36882  2.04147e-02 |  8 -0.19540  3.72347e-02 |  9  0.05492  2.99330e-02
 10 -0.56413  5.52926e-03 | 11 -0.64223  3.57634e-03 | 12 -0.18698 -2.31524e-02
 13 -0.00292  1.02056e-03 | 14 -0.00296 -1.14131e-03 | 15 -0.00300 -1.05415e-03
 16 -0.00301  2.13875e-03 | 17 -0.00303  1.26246e-03 | 18 -0.00305 -3.45130e-05
 19 -0.00307 -1.74094e-03 | 20 -0.00305  1.68426e-03 | 21 -0.00304  3.24166e-04
 22 -0.00302 -5.35048e-04 | 23 -0.00299 -1.01720e-03 | 24 -0.00292  2.32744e-03
 25 -0.00286  1.40167e-03 | 26 -0.00280 -1.78711e-03 | 27 -0.00269  3.04325e-04
 28 -0.00259 -1.11771e-03 | 29 -0.00246 -6.39970e-04 | 30 -0.00232 -4.29411e-04
 31 -0.00214  2.56358e-03 | 32 -0.00196  2.16709e-03 | 33 -0.00178 -6.39052e-04
 34 -0.00157 -1.12912e-03 | 35 -0.00133 -9.87365e-04 | 36 -0.00107  2.34213e-03
 37 -0.00081 -1.26889e-03 | 38 -0.00052 -5.39230e-04 | 39 -0.00022 -7.53240e-05
 40  0.00010 -1.69893e-04 | 41  0.00044 -6.90943e-04 | 42  0.00079  1.52774e-03
 43  0.00113 -3.63071e-03 | 44  0.00150  6.86198e-04 | 45  0.00185  1.44386e-03
 46  0.00217 -1.09797e-03 | 47  0.00248  2.17384e-03 | 48  0.00274  1.30591e-03
 49  0.00294 -1.03497e-03 | 50  0.00308 -1.70373e-04 | 51  0.00315  6.73329e-04
 52  0.00313 -1.94913e-03 | 53  0.00307  3.24926e-03 | 54  0.00289 -1.30659e-03
 55  0.00268  1.17498e-03 | 56  0.00240  4.33403e-04 | 57  0.00211  2.86854e-03
 58  0.00178 -1.23428e-03 | 59  0.00151  7.74411e-04 | 60  0.00129 -3.47927e-04
 61  0.00116 -3.19477e-04 | 62  0.00115 -2.15437e-04 | 63  0.00132  1.34498e-03
 64  0.00167  1.74479e-03 | 65  0.00224 -8.80141e-04 | 66  0.00307  2.81197e-04
 67  0.00418 -2.13113e-05 | 68  0.00558 -3.47376e-05 | 69  0.00726 -4.00899e-04
 70  0.00923  7.64078e-05 | 71  0.01143  4.57075e-04 | 72  0.01379  3.33007e-04
 73  0.01619  3.79659e-05 | 74  0.01851  4.38964e-04 | 75  0.02052  9.28497e-05
 76  0.02203  3.69306e-04 | 77  0.02286  2.70160e-04 | 78  0.02291  8.47105e-04
 79  0.02217  5.25074e-05 | 80  0.02077  2.07250e-04 | 81  0.01883 -1.26159e-04
 82  0.01644  4.44982e-04 | 83  0.01362  1.47230e-04 | 84  0.01036  1.11091e-04
 85  0.00667  3.39475e-04 | 86  0.00273  6.60555e-04 | 87 -0.00111 -1.18140e-03
 88 -0.00441 -9.41046e-04 | 89 -0.00682  7.83677e-05 | 90 -0.00824  8.33246e-05
 91 -0.00890  2.68561e-04 | 92 -0.00917  9.62522e-05 | 93 -0.00922 -4.61882e-05
 94 -0.00867 -4.21696e-04 | 95 -0.00735 -8.90246e-04 | 96 -0.00604 -8.13989e-04
 97 -0.00348 -1.10980e-03 | 98  0.00035 -8.07698e-05 | 99  0.00579 -1.09623e-03
100  0.00795 -1.64875e-03 |101  0.00818 -2.19389e-03 |102  0.00702 -2.40206e-03
103 -0.00097 -2.05600e-03 |104 -0.00117 -3.09143e-03 |105  0.01457 -4.64158e-03
106  0.01018 -5.65700e-03 |107 -0.01227 -4.96478e-03 |108  0.00305 -7.30704e-03
109  0.06183 -1.48941e-02 |110  0.01608 -1.20122e-02 |111 -0.02658 -1.00378e-02
112 -0.01304 -1.37238e-02 |113  0.00154 -1.71586e-02 |114  0.01917 -2.10093e-02
115 -0.01174 -1.55318e-02 |116 -0.07329 -8.36401e-03 |117 -0.08966 -5.09210e-03
118 -0.08665 -5.35065e-03 |119 -0.04815 -6.57149e-03 |120  0.07000 -9.62002e-03
121  0.02562  1.14897e-03 |122  0.01311  7.16708e-03 |123 -0.03129  9.48306e-03
124 -0.07112  1.10251e-02 |125 -0.02147  1.85283e-02 |126 -0.01127  2.12238e-02
127 -0.04303  1.56933e-02 |128  0.01005  2.06421e-02 |129  0.05823  2.41531e-02
130 -0.00452  1.21653e-02 |131  0.07294  1.65510e-02 |132 -0.00310  4.08581e-03
133  0.12049  2.83547e-03 |134 -0.00970 -1.00753e-03 |135 -0.05216 -1.21701e-03
136 -0.06223 -5.51227e-04 |137 -0.02691 -1.89310e-04 |138  0.09299 -1.15033e-03
139  0.02673 -8.65131e-04 |140  0.01491 -5.22936e-04 |141 -0.03366 -3.47804e-04
142 -0.01736  1.28046e-03 |143 -0.00561  2.12255e-05 |144 -0.00041 -1.64734e-03
145  0.42208  2.08338e-03 |146  0.31640  3.15789e-03 |147  0.04890 -7.13041e-02
148  0.29513  1.13297e-01 |149 -0.01308 -1.24573e-02 |150 -0.10045 -3.08923e-02
151 -0.47303  4.67359e-03 |152  0.31357 -2.01465e-03 |153  0.04782  6.54900e-03
154 -0.23026 -9.09444e-04 |155  0.27140  9.99077e-04 |156 -0.02565 -9.93241e-06
157 -0.22399 -3.05906e-01 |158  0.02874  2.25650e-04 |159 -0.40060  3.17904e-04
160 -0.59627 -2.31776e-04 |161  0.11509 -2.53257e-02 |162  0.29809  5.72431e-02
163  0.17594 -1.21757e-02 |164  0.24798  2.06900e-02 |165 -0.34844  3.82231e-04
166  0.24329  1.87019e-05 |167  0.05233 -2.69194e-04 |168 -0.18551  1.97399e-03
169  0.20063  1.83140e-04 |170  0.31595  2.16738e-04 |171  0.07766 -3.79448e-04
172 -0.54838  3.66329e-06 |173 -0.38506  5.19640e-03 |174  0.23474 -4.89350e-03
175  0.07740  2.38798e-02 |176 -0.11433 -9.37187e-03 |177  0.05477 -1.01185e-02
178  0.12115 -3.88688e-03 |179  0.32240  1.55576e-02 |180  0.27183  1.13180e-02
181  0.00197 -4.80285e-03 |182 -0.00679  3.81153e-04 |183 -0.15186 -1.25647e-02
184 -0.11728 -2.66182e-03 |185  0.01679 -5.01142e-03 |186  0.38889  1.92363e-03
187  0.01101 -4.36728e-03 |188 -0.14538 -3.72385e-03 |189  0.74440 -1.25251e-03
190  0.10465  1.82153e-02 |191 -0.10606 -5.28316e-04 |192  0.26543 -7.34702e-03
193  0.11090  3.72132e-04 |194 -0.28593 -1.51550e-03 |195  0.17435  3.49528e-04
196 -0.52362 -1.43696e-03 |197 -0.55767 -4.92780e-05 |198  0.17062  4.52178e-04
199  0.09848  6.85410e-03 |200 -0.26754  2.39476e-03 |
200 variables; iteration 460; function evaluation 621; phase 4
Function value 7.0825971e+03; maximum gradient component mag 1.5044e-01
Var    Value     Gradient |Var    Value     Gradient |Var    Value     Gradient
  1 -0.43924 -1.01433e-01 |  2  0.36322 -1.62718e-02 |  3 -0.15141  8.67055e-02
  4  0.01759 -2.05881e-03 |  5 -0.65244  1.19598e-03 |  6 -0.62675  1.46057e-01
  7  0.36882  1.29511e-02 |  8 -0.19540  1.06912e-01 |  9  0.05492  1.69928e-02
 10 -0.56414  3.37820e-03 | 11 -0.64223  1.16414e-01 | 12 -0.18698  1.50438e-01
 13 -0.00292  1.48005e-03 | 14 -0.00299 -6.99095e-03 | 15 -0.00299  1.23150e-03
 16 -0.00299  7.86696e-03 | 17 -0.00303  3.21144e-03 | 18 -0.00307 -2.81360e-03
 19 -0.00307 -5.65884e-04 | 20 -0.00304  5.65149e-03 | 21 -0.00302  6.35281e-03
 22 -0.00302 -5.70807e-04 | 23 -0.00301 -6.30371e-03 | 24 -0.00289  1.02530e-02
 25 -0.00283  1.10192e-02 | 26 -0.00283 -1.03195e-02 | 27 -0.00270 -1.16670e-03
 28 -0.00255  1.02217e-02 | 29 -0.00247 -1.99569e-03 | 30 -0.00232 -2.98164e-04
 31 -0.00213  7.22460e-03 | 32 -0.00195  7.35630e-03 | 33 -0.00178  8.11011e-04
 34 -0.00159 -5.92210e-03 | 35 -0.00135 -5.24548e-03 | 36 -0.00103  1.22825e-02
 37 -0.00084 -7.24598e-03 | 38 -0.00052  1.72751e-03 | 39 -0.00021  1.78127e-03
 40  0.00013  7.06165e-03 | 41  0.00044  1.75013e-03 | 42  0.00080  3.70529e-03
 43  0.00112 -5.52085e-03 | 44  0.00150  1.71509e-03 | 45  0.00186  3.83824e-03
 46  0.00215 -4.20816e-03 | 47  0.00250  7.27327e-03 | 48  0.00275  5.91012e-03
 49  0.00292 -4.77962e-03 | 50  0.00309  3.57682e-03 | 51  0.00317  4.84333e-03
 52  0.00309 -1.17793e-02 | 53  0.00309  8.04902e-03 | 54  0.00287 -4.16118e-03
 55  0.00268  2.53106e-03 | 56  0.00238 -3.44250e-03 | 57  0.00213  8.95795e-03
 58  0.00173 -1.28562e-02 | 59  0.00152  3.19499e-03 | 60  0.00130  3.63022e-03
 61  0.00117  2.91602e-03 | 62  0.00116  1.96290e-03 | 63  0.00134  7.11434e-03
 64  0.00169  6.69570e-03 | 65  0.00221 -5.66247e-03 | 66  0.00308  2.72580e-03
 67  0.00418  4.98778e-05 | 68  0.00558  1.86334e-03 | 69  0.00728  3.54815e-03
 70  0.00923  1.58842e-03 | 71  0.01142  1.65782e-04 | 72  0.01378 -7.28706e-04
 73  0.01620  1.24101e-03 | 74  0.01850 -4.20599e-04 | 75  0.02052  8.42393e-04
 76  0.02202 -6.80149e-04 | 77  0.02286  1.87722e-03 | 78  0.02290 -1.91790e-05
 79  0.02218  1.45599e-03 | 80  0.02077  1.87029e-04 | 81  0.01884  2.48070e-03
 82  0.01644  1.04683e-03 | 83  0.01364  3.31427e-03 | 84  0.01037  3.06003e-03
 85  0.00667 -6.55855e-05 | 86  0.00274  3.80455e-03 | 87 -0.00114 -7.18648e-03
 88 -0.00440  3.41048e-03 | 89 -0.00682  1.12660e-03 | 90 -0.00823  2.98445e-03
 91 -0.00891 -2.47876e-03 | 92 -0.00919 -2.88727e-03 | 93 -0.00922 -5.08566e-05
 94 -0.00867  7.62705e-04 | 95 -0.00734  2.48616e-03 | 96 -0.00604  2.16389e-03
 97 -0.00346  3.92104e-03 | 98  0.00035  2.29659e-04 | 99  0.00580  1.98454e-03
100  0.00795  1.14122e-03 |101  0.00818  4.95343e-04 |102  0.00703  1.41460e-03
103 -0.00098 -4.45013e-03 |104 -0.00117 -1.42224e-03 |105  0.01458 -4.94356e-04
106  0.01018 -2.45170e-03 |107 -0.01226 -3.70987e-04 |108  0.00305 -3.46466e-03
109  0.06185 -6.38738e-04 |110  0.01608 -2.98005e-03 |111 -0.02658 -1.20343e-03
112 -0.01302  4.97834e-03 |113  0.00155  1.07026e-02 |114  0.01919  1.70206e-02
115 -0.01172  1.78809e-02 |116 -0.07327  1.37902e-02 |117 -0.08965  1.02692e-02
118 -0.08664  6.47069e-03 |119 -0.04814  4.84946e-03 |120  0.07001  3.60224e-03
121  0.02562 -2.19749e-03 |122  0.01311 -4.28528e-03 |123 -0.03131 -5.79050e-03
124 -0.07114 -6.02683e-03 |125 -0.02151 -1.24469e-02 |126 -0.01130 -1.17148e-02
127 -0.04305 -6.93604e-03 |128  0.01002 -9.29791e-03 |129  0.05820 -7.21195e-03
130 -0.00454  3.39240e-03 |131  0.07293  1.12381e-02 |132 -0.00310  1.22225e-03
133  0.12048 -2.56068e-03 |134 -0.00970  6.40649e-04 |135 -0.05216 -7.63616e-04
136 -0.06223 -1.10768e-03 |137 -0.02691 -1.46784e-03 |138  0.09299  4.12032e-05
139  0.02674  1.24721e-03 |140  0.01491  1.83877e-03 |141 -0.03366  5.50265e-04
142 -0.01738 -4.29437e-03 |143 -0.00561  5.16245e-04 |144 -0.00043 -4.55164e-03
145  0.42205 -2.00646e-03 |146  0.31638  2.45385e-02 |147  0.04890 -1.24812e-02
148  0.29513  3.53583e-02 |149 -0.01308  3.36178e-03 |150 -0.10044  1.21095e-02
151 -0.47307 -2.91257e-03 |152  0.31356  2.09494e-03 |153  0.04783 -2.87393e-03
154 -0.23026  8.53514e-04 |155  0.26872  5.60578e-04 |156 -0.03271  2.40887e-05
157 -0.22347 -8.19581e-03 |158  0.03803  5.50685e-04 |159 -0.36365 -6.25211e-04
160 -0.59170  1.28169e-04 |161  0.11510 -1.85753e-03 |162  0.29809  1.04352e-02
163  0.17595 -4.82432e-03 |164  0.24799  1.32897e-02 |165 -0.34845  1.99681e-03
166  0.24329 -3.27136e-03 |167  0.05233  1.28039e-02 |168 -0.18551 -1.12859e-03
169  0.20062 -3.38267e-03 |170  0.31594 -1.45970e-03 |171  0.07766 -8.13598e-03
172 -0.54867 -2.09934e-05 |173 -0.38505  2.71348e-03 |174  0.23475 -6.59983e-03
175  0.07738  5.53893e-03 |176 -0.11433  3.89169e-02 |177  0.05479  6.93037e-03
178  0.12116 -1.07649e-02 |179  0.32240 -6.08845e-03 |180  0.27183  1.70205e-02
181  0.00195  2.14781e-03 |182 -0.00680 -4.07788e-03 |183 -0.15185  5.73679e-03
184 -0.11728 -1.00434e-02 |185  0.01679 -3.55136e-04 |186  0.38890  1.51880e-03
187  0.01102  6.24913e-03 |188 -0.14538  4.66880e-03 |189  0.74561 -2.21893e-04
190  0.10464 -4.83659e-02 |191 -0.08927 -4.43113e-04 |192  0.26528 -1.25216e-03
193  0.09999  8.96478e-05 |194 -0.30202 -1.61596e-03 |195  0.15611 -1.75103e-04
196 -0.50768 -5.11119e-04 |197 -0.55762  8.89897e-03 |198  0.17064 -1.92039e-03
199  0.09848  8.22049e-02 |200 -0.26749  2.20311e-02 |
200 variables; iteration 480; function evaluation 643; phase 4
Function value 7.0825970e+03; maximum gradient component mag -8.6864e-02
Var    Value     Gradient |Var    Value     Gradient |Var    Value     Gradient
  1 -0.43924 -2.14971e-03 |  2  0.36322 -3.62122e-03 |  3 -0.15141 -5.83779e-03
  4  0.01760 -6.42291e-03 |  5 -0.65244 -7.69361e-04 |  6 -0.62675  2.15685e-03
  7  0.36882 -3.16228e-03 |  8 -0.19540 -1.06537e-02 |  9  0.05492 -5.88222e-03
 10 -0.56414 -1.19441e-03 | 11 -0.64223 -2.26216e-03 | 12 -0.18698  6.17838e-03
 13 -0.00292  1.19624e-04 | 14 -0.00296 -6.90618e-05 | 15 -0.00299  7.36197e-06
 16 -0.00302  1.11415e-04 | 17 -0.00304 -7.31618e-06 | 18 -0.00305  2.21185e-05
 19 -0.00306  2.75126e-05 | 20 -0.00306 -2.51817e-05 | 21 -0.00304  2.81704e-05
 22 -0.00302  9.02471e-05 | 23 -0.00298 -5.95587e-05 | 24 -0.00293  1.99551e-04
 25 -0.00287  1.33192e-04 | 26 -0.00279 -1.01908e-04 | 27 -0.00269  2.53127e-04
 28 -0.00259 -1.96362e-04 | 29 -0.00246 -1.19543e-04 | 30 -0.00231  2.44324e-04
 31 -0.00215 -2.09633e-05 | 32 -0.00197  1.55836e-04 | 33 -0.00178 -5.85446e-07
 34 -0.00156  2.02423e-04 | 35 -0.00133  2.54781e-04 | 36 -0.00108 -1.05712e-04
 37 -0.00081  2.17703e-05 | 38 -0.00052  1.00578e-05 | 39 -0.00022 -1.71542e-05
 40  0.00010 -1.68447e-04 | 41  0.00044  4.20584e-05 | 42  0.00079  2.41024e-04
 43  0.00114 -7.44700e-05 | 44  0.00150  2.41187e-05 | 45  0.00184 -2.72321e-05
 46  0.00217 -7.45129e-05 | 47  0.00248  1.48410e-04 | 48  0.00273  1.76772e-05
 49  0.00294  1.61009e-04 | 50  0.00308  2.69873e-04 | 51  0.00315  7.69639e-05
 52  0.00314  3.32536e-05 | 53  0.00306  2.84115e-05 | 54  0.00290  1.07432e-04
 55  0.00267  1.55200e-04 | 56  0.00240  1.02468e-04 | 57  0.00210  1.58876e-04
 58  0.00179  1.69080e-04 | 59  0.00151  1.45822e-04 | 60  0.00129  6.57349e-05
 61  0.00116  5.67667e-05 | 62  0.00116  3.21357e-05 | 63  0.00131  7.69274e-05
 64  0.00167  1.83513e-04 | 65  0.00224  1.07292e-04 | 66  0.00307  7.08146e-06
 67  0.00418  9.34671e-05 | 68  0.00558  1.64639e-04 | 69  0.00727  1.08019e-04
 70  0.00923  1.08744e-04 | 71  0.01143  1.03255e-04 | 72  0.01378  8.36631e-05
 73  0.01620  7.51720e-05 | 74  0.01851  6.96589e-05 | 75  0.02052  6.53579e-05
 76  0.02203  7.11683e-05 | 77  0.02286  1.42319e-04 | 78  0.02291  1.56462e-04
 79  0.02217  7.14101e-05 | 80  0.02077 -4.67676e-05 | 81  0.01883  3.56833e-05
 82  0.01644  2.00035e-04 | 83  0.01362  1.69697e-04 | 84  0.01036  1.38260e-04
 85  0.00667  1.19016e-04 | 86  0.00273  1.13482e-04 | 87 -0.00111  1.12349e-04
 88 -0.00441  6.27465e-05 | 89 -0.00682  7.74736e-05 | 90 -0.00824  3.33072e-05
 91 -0.00890  1.32560e-05 | 92 -0.00918  4.98807e-05 | 93 -0.00922  3.25936e-05
 94 -0.00867  6.82703e-05 | 95 -0.00735  2.54512e-05 | 96 -0.00604  1.07496e-04
 97 -0.00348  1.44105e-04 | 98  0.00035  1.61652e-04 | 99  0.00579  3.22138e-04
100  0.00795  3.71817e-04 |101  0.00818  3.07754e-04 |102  0.00702  2.91725e-04
103 -0.00097  5.53787e-04 |104 -0.00117  4.12316e-04 |105  0.01457  8.30001e-04
106  0.01018  7.16577e-04 |107 -0.01227  8.05653e-04 |108  0.00305  1.11640e-03
109  0.06184  1.90002e-03 |110  0.01609  1.65190e-03 |111 -0.02658  1.41778e-03
112 -0.01303  1.73607e-03 |113  0.00154  1.96134e-03 |114  0.01918  2.50028e-03
115 -0.01173  1.78884e-03 |116 -0.07328  6.04318e-04 |117 -0.08966  3.04942e-04
118 -0.08664  9.38248e-05 |119 -0.04814  2.65302e-04 |120  0.07001  4.17265e-04
121  0.02562 -5.87918e-04 |122  0.01311 -1.42877e-03 |123 -0.03129 -1.61201e-03
124 -0.07113 -1.34634e-03 |125 -0.02149 -2.24032e-03 |126 -0.01128 -2.65361e-03
127 -0.04304 -2.03610e-03 |128  0.01003 -2.66176e-03 |129  0.05821 -3.12814e-03
130 -0.00454 -1.69954e-03 |131  0.07292 -2.12322e-03 |132 -0.00310 -5.33141e-04
133  0.12049 -5.78210e-04 |134 -0.00970 -7.91706e-05 |135 -0.05216  5.54942e-05
136 -0.06223  7.85756e-05 |137 -0.02691  6.72240e-05 |138  0.09299  2.86189e-04
139  0.02673  8.25181e-05 |140  0.01491 -1.40936e-05 |141 -0.03366 -1.49313e-04
142 -0.01736  1.15183e-04 |143 -0.00561 -3.54960e-05 |144 -0.00041  7.09385e-05
145  0.42206 -4.77551e-05 |146  0.31640  4.69828e-04 |147  0.04890  9.25633e-03
148  0.29513 -1.20328e-02 |149 -0.01308  1.93496e-03 |150 -0.10044  4.71884e-03
151 -0.47306 -3.72125e-04 |152  0.31356 -9.01607e-05 |153  0.04783 -1.09548e-03
154 -0.23026 -6.58843e-05 |155  0.26023 -1.93058e-03 |156 -0.07955 -4.67541e-05
157 -0.22353  3.13886e-03 |158 -0.00869 -1.47200e-04 |159 -0.37134 -8.04502e-04
160 -0.59492 -1.24381e-04 |161  0.11509  2.85778e-03 |162  0.29809 -6.71772e-03
163  0.17594  1.70563e-03 |164  0.24798 -3.43103e-03 |165 -0.34844  2.82244e-06
166  0.24329 -4.65796e-04 |167  0.05233 -1.95138e-04 |168 -0.18551 -4.26284e-04
169  0.20064 -1.23324e-04 |170  0.31595  3.00779e-04 |171  0.07765 -7.73090e-04
172 -0.54845 -2.16013e-06 |173 -0.38504 -4.09521e-04 |174  0.23475 -3.26597e-04
175  0.07738 -2.62032e-03 |176 -0.11433 -6.22744e-04 |177  0.05477  2.12826e-03
178  0.12116  3.69653e-04 |179  0.32240 -2.73651e-03 |180  0.27183 -1.16794e-03
181  0.00196  1.51963e-03 |182 -0.00680  4.44625e-05 |183 -0.15186  1.75425e-03
184 -0.11728  3.00297e-04 |185  0.01680  5.21956e-04 |186  0.38890 -3.02922e-04
187  0.01101  1.48344e-04 |188 -0.14538  4.04956e-04 |189  0.74601 -1.84866e-03
190  0.10462 -8.68639e-02 |191 -0.06250  8.45363e-04 |192  0.26542  5.87884e-04
193  0.09463  8.83700e-05 |194 -0.26335 -1.40518e-03 |195  0.16493  2.46750e-05
196 -0.51040 -6.89772e-04 |197 -0.55766  1.38195e-05 |198  0.17063 -8.57238e-05
199  0.09848 -5.96743e-05 |200 -0.26755 -1.29752e-04 |
200 variables; iteration 500; function evaluation 664; phase 4
Function value 7.0825969e+03; maximum gradient component mag 2.6202e-03
Var    Value     Gradient |Var    Value     Gradient |Var    Value     Gradient
  1 -0.43924 -1.52477e-03 |  2  0.36322 -7.05037e-04 |  3 -0.15142 -8.60274e-04
  4  0.01760 -9.85779e-04 |  5 -0.65245 -5.01884e-05 |  6 -0.62675  1.41330e-03
  7  0.36882 -3.59535e-04 |  8 -0.19541 -2.24291e-04 |  9  0.05492 -5.52966e-04
 10 -0.56415 -8.65075e-05 | 11 -0.64223  4.46931e-04 | 12 -0.18697  2.62019e-03
 13 -0.00292 -8.85696e-06 | 14 -0.00296  1.35370e-04 | 15 -0.00299  6.59389e-05
 16 -0.00302 -1.12733e-04 | 17 -0.00304 -3.41956e-05 | 18 -0.00305  6.46937e-05
 19 -0.00306  1.36770e-04 | 20 -0.00306 -1.00636e-04 | 21 -0.00304 -5.07777e-05
 22 -0.00302  4.96015e-05 | 23 -0.00298  1.04199e-04 | 24 -0.00293 -1.46960e-04
 25 -0.00287 -1.10963e-04 | 26 -0.00279  1.81223e-04 | 27 -0.00270 -2.60871e-06
 28 -0.00259  1.37980e-06 | 29 -0.00246  7.09591e-05 | 30 -0.00231 -6.00643e-06
 31 -0.00215 -6.87982e-05 | 32 -0.00197 -8.80015e-05 | 33 -0.00178  3.58868e-05
 34 -0.00156  8.37021e-06 | 35 -0.00133 -9.59164e-06 | 36 -0.00108 -6.41175e-05
 37 -0.00081  1.01594e-04 | 38 -0.00052  1.55632e-05 | 39 -0.00022  9.34693e-06
 40  0.00010  2.36638e-05 | 41  0.00044  4.08507e-05 | 42  0.00079 -6.57168e-05
 43  0.00114  2.02115e-04 | 44  0.00150  2.19932e-05 | 45  0.00184 -1.11800e-05
 46  0.00218  1.34288e-04 | 47  0.00247 -9.68189e-05 | 48  0.00273 -3.03877e-05
 49  0.00294  1.09100e-04 | 50  0.00308 -2.07331e-05 | 51  0.00315  2.16403e-06
 52  0.00314  2.06489e-04 | 53  0.00306 -5.60562e-05 | 54  0.00290  1.13633e-04
 55  0.00267  4.47316e-06 | 56  0.00240  4.95073e-05 | 57  0.00210 -5.96818e-05
 58  0.00179  1.74965e-04 | 59  0.00151  3.78457e-05 | 60  0.00129  7.62112e-05
 61  0.00116  8.35875e-05 | 62  0.00116  9.68584e-05 | 63  0.00131 -6.41496e-05
 64  0.00167 -1.93023e-05 | 65  0.00224  1.08946e-04 | 66  0.00307  2.29915e-05
 67  0.00418  5.33535e-05 | 68  0.00558  1.18768e-04 | 69  0.00727  5.87718e-05
 70  0.00923  5.69053e-05 | 71  0.01143  5.01634e-05 | 72  0.01379  5.36385e-05
 73  0.01620  2.00985e-05 | 74  0.01851  2.47977e-05 | 75  0.02052  4.20427e-05
 76  0.02203  5.48599e-05 | 77  0.02286  1.41748e-05 | 78  0.02291  2.07153e-05
 79  0.02218  1.48325e-05 | 80  0.02077 -4.95929e-05 | 81  0.01883 -9.19647e-06
 82  0.01644  4.79076e-05 | 83  0.01363  5.06343e-05 | 84  0.01036  1.65661e-05
 85  0.00667  5.92401e-05 | 86  0.00273  2.59274e-05 | 87 -0.00111  1.18685e-04
 88 -0.00441  9.45249e-05 | 89 -0.00682  5.12770e-05 | 90 -0.00824 -6.72885e-07
 91 -0.00890  4.40446e-05 | 92 -0.00917  1.45790e-05 | 93 -0.00922  2.80777e-05
 94 -0.00867  6.95758e-05 | 95 -0.00735  8.83089e-06 | 96 -0.00604  9.90036e-05
 97 -0.00348  7.87848e-05 | 98  0.00035  3.47597e-05 | 99  0.00579  1.17574e-04
100  0.00795  9.62637e-05 |101  0.00818  1.08954e-04 |102  0.00702  1.17341e-04
103 -0.00097  1.58930e-04 |104 -0.00117  1.43652e-04 |105  0.01457  1.21943e-04
106  0.01019  1.72760e-04 |107 -0.01226  6.82964e-05 |108  0.00306  1.45719e-04
109  0.06185  1.90478e-04 |110  0.01609  1.01108e-04 |111 -0.02657  8.50271e-05
112 -0.01302  3.07440e-05 |113  0.00156 -2.78027e-05 |114  0.01920 -3.13173e-05
115 -0.01171  1.26695e-05 |116 -0.07328 -5.52015e-05 |117 -0.08966 -2.66819e-05
118 -0.08663  1.42003e-06 |119 -0.04813  7.68370e-05 |120  0.07003 -6.67524e-07
121  0.02562 -5.58741e-05 |122  0.01311 -8.24035e-05 |123 -0.03131 -1.02311e-04
124 -0.07114 -1.22755e-04 |125 -0.02151 -1.64913e-04 |126 -0.01130 -2.58968e-04
127 -0.04306 -2.39753e-04 |128  0.01001 -2.23933e-04 |129  0.05818 -3.23631e-04
130 -0.00456 -1.51545e-04 |131  0.07288 -3.13782e-04 |132 -0.00311 -3.63975e-05
133  0.12048 -1.76926e-04 |134 -0.00970 -3.78973e-05 |135 -0.05215 -9.93721e-06
136 -0.06222  5.24184e-05 |137 -0.02691  4.10520e-05 |138  0.09299 -3.10731e-05
139  0.02673  1.85148e-05 |140  0.01491 -1.69219e-05 |141 -0.03366 -4.13122e-06
142 -0.01736  1.44900e-05 |143 -0.00561  3.19327e-05 |144 -0.00041  5.32962e-05
145  0.42204 -2.54055e-04 |146  0.31639  1.42694e-04 |147  0.04891  1.26161e-03
148  0.29512 -1.61784e-03 |149 -0.01309  3.39559e-04 |150 -0.10044  9.17810e-04
151 -0.47311 -3.20640e-05 |152  0.31354 -1.69080e-06 |153  0.04783 -9.78754e-05
154 -0.23027  1.51525e-05 |155  0.26919  7.30014e-04 |156 -0.03238 -4.21371e-06
157 -0.22321  2.00177e-03 |158  0.02151 -1.06130e-05 |159 -0.33739  2.13613e-05
160 -0.59225 -4.64919e-05 |161  0.11511  3.62386e-04 |162  0.29808 -7.73599e-04
163  0.17595  1.95842e-04 |164  0.24798 -4.10761e-04 |165 -0.34844 -1.18420e-04
166  0.24329  1.61383e-04 |167  0.05233 -1.03793e-04 |168 -0.18551 -6.77215e-04
169  0.20065  3.35487e-05 |170  0.31595 -1.54898e-04 |171  0.07765  4.73596e-06
172 -0.54840  1.83374e-06 |173 -0.38502 -1.29911e-04 |174  0.23476  1.86926e-04
175  0.07735 -3.05564e-04 |176 -0.11434 -1.10045e-04 |177  0.05478  4.60367e-04
178  0.12116 -1.13603e-04 |179  0.32240 -5.75899e-04 |180  0.27183 -6.22901e-05
181  0.00196  2.50698e-04 |182 -0.00680 -6.72793e-05 |183 -0.15186  2.06066e-04
184 -0.11728 -1.56874e-05 |185  0.01681  1.43269e-04 |186  0.38890  5.29197e-08
187  0.01101  1.33743e-04 |188 -0.14537  5.84666e-05 |189  0.74620 -6.31714e-04
190  0.10477  6.80681e-04 |191 -0.06499  2.67616e-04 |192  0.26547  7.55256e-05
193  0.09023  2.25320e-05 |194 -0.12223 -8.35396e-05 |195  0.16601  8.70010e-06
196 -0.50338 -2.17708e-04 |197 -0.55766  2.56261e-05 |198  0.17063  2.02529e-05
199  0.09848  4.06001e-04 |200 -0.26755 -5.74072e-05 |

 - final statistics:
200 variables; iteration 504; function evaluation 668
Function value 7.0826e+03; maximum gradient component mag 9.3232e-04
Exit code = 1;  converg criter 1.0000e-03
Var    Value     Gradient |Var    Value     Gradient |Var    Value     Gradient
  1 -0.43924 -4.25051e-04 |  2  0.36322 -1.15497e-04 |  3 -0.15142 -8.14735e-06
  4  0.01760 -2.46541e-04 |  5 -0.65245  2.60025e-05 |  6 -0.62675  7.31919e-04
  7  0.36882  5.49877e-05 |  8 -0.19541 -9.23908e-04 |  9  0.05492 -2.51008e-04
 10 -0.56415 -5.88157e-05 | 11 -0.64223 -1.60422e-04 | 12 -0.18697  9.32319e-04
 13 -0.00292  6.35972e-06 | 14 -0.00296  2.46687e-05 | 15 -0.00299 -4.94851e-06
 16 -0.00302  2.28810e-05 | 17 -0.00304  5.27595e-05 | 18 -0.00305  9.07785e-06
 19 -0.00306 -1.51612e-05 | 20 -0.00306  6.00619e-05 | 21 -0.00304  2.01710e-05
 22 -0.00302 -5.58094e-06 | 23 -0.00298  3.29589e-05 | 24 -0.00293  1.12451e-05
 25 -0.00287  1.71077e-05 | 26 -0.00279  4.00512e-05 | 27 -0.00270 -4.57071e-05
 28 -0.00259  6.64012e-05 | 29 -0.00246  4.81505e-05 | 30 -0.00231 -4.40889e-05
 31 -0.00215  8.82848e-05 | 32 -0.00197  1.91912e-05 | 33 -0.00178  3.65844e-05
 34 -0.00156 -4.90651e-05 | 35 -0.00133 -5.78952e-05 | 36 -0.00108  9.45347e-05
 37 -0.00081 -1.53574e-06 | 38 -0.00052  2.30949e-05 | 39 -0.00022  4.68406e-05
 40  0.00010  7.32715e-05 | 41  0.00044  2.12530e-05 | 42  0.00079  6.34036e-06
 43  0.00114 -5.14906e-06 | 44  0.00150  5.06008e-05 | 45  0.00185  8.16689e-05
 46  0.00217  5.06769e-05 | 47  0.00248  3.22952e-05 | 48  0.00273  5.03559e-05
 49  0.00294 -2.63990e-05 | 50  0.00308 -3.15219e-05 | 51  0.00315  3.29947e-05
 52  0.00314  1.13239e-05 | 53  0.00306  9.76091e-05 | 54  0.00290  4.74678e-06
 55  0.00267  1.85542e-05 | 56  0.00240  3.48905e-05 | 57  0.00210  6.10850e-05
 58  0.00179 -1.49094e-05 | 59  0.00151  2.99337e-05 | 60  0.00129  3.56879e-05
 61  0.00116  4.31237e-05 | 62  0.00116  5.62016e-05 | 63  0.00131  5.37186e-05
 64  0.00167  3.30769e-05 | 65  0.00224  1.05625e-05 | 66  0.00307  5.09784e-05
 67  0.00418  2.49750e-05 | 68  0.00558  9.37782e-06 | 69  0.00727  1.71216e-05
 70  0.00923  2.85512e-05 | 71  0.01143  3.54430e-05 | 72  0.01379  3.40487e-05
 73  0.01620  2.65781e-05 | 74  0.01851  4.12694e-05 | 75  0.02052  1.36090e-05
 76  0.02203  8.78684e-06 | 77  0.02286  3.59723e-05 | 78  0.02291  6.45463e-05
 79  0.02218  1.38124e-05 | 80  0.02078  1.02902e-05 | 81  0.01883  1.75033e-05
 82  0.01644  2.86841e-05 | 83  0.01363  9.64697e-06 | 84  0.01036  1.63783e-05
 85  0.00667  1.87576e-05 | 86  0.00273  2.06300e-05 | 87 -0.00111 -1.98623e-05
 88 -0.00441  8.40947e-06 | 89 -0.00682  1.98365e-05 | 90 -0.00824  3.24388e-05
 91 -0.00890  3.30943e-05 | 92 -0.00917  2.32710e-05 | 93 -0.00922  2.24363e-05
 94 -0.00867  2.03446e-05 | 95 -0.00735  2.80918e-05 | 96 -0.00604  2.03111e-05
 97 -0.00348  1.98489e-05 | 98  0.00035  4.98391e-05 | 99  0.00579  3.60824e-05
100  0.00795  5.62282e-05 |101  0.00818  5.54149e-05 |102  0.00702  4.27550e-05
103 -0.00097  5.23841e-05 |104 -0.00117  3.70505e-05 |105  0.01457  5.05327e-05
106  0.01019  1.90421e-05 |107 -0.01226  2.25778e-05 |108  0.00306 -9.50585e-06
109  0.06185 -4.92075e-05 |110  0.01609 -5.66629e-05 |111 -0.02657 -6.36637e-05
112 -0.01302 -1.30154e-04 |113  0.00156 -1.90091e-04 |114  0.01920 -1.91980e-04
115 -0.01171 -1.49806e-04 |116 -0.07328 -1.44619e-04 |117 -0.08966 -9.32224e-05
118 -0.08664 -1.29813e-04 |119 -0.04813 -1.53782e-04 |120  0.07003 -3.39121e-04
121  0.02562 -2.00115e-04 |122  0.01311 -1.35038e-04 |123 -0.03131 -7.39549e-05
124 -0.07114  1.39249e-05 |125 -0.02151  7.47450e-05 |126 -0.01130  9.90381e-05
127 -0.04306  5.75215e-05 |128  0.01001  9.03514e-05 |129  0.05818  1.27854e-04
130 -0.00456  4.58078e-05 |131  0.07288  7.46970e-05 |132 -0.00311  1.32125e-05
133  0.12048 -1.23596e-04 |134 -0.00970 -3.62682e-05 |135 -0.05215 -2.15296e-05
136 -0.06222  6.11070e-06 |137 -0.02691 -6.04812e-06 |138  0.09299  1.66877e-05
139  0.02673 -5.70553e-06 |140  0.01491 -9.26804e-06 |141 -0.03366 -2.28886e-05
142 -0.01736  3.38502e-05 |143 -0.00561 -9.66665e-06 |144 -0.00041 -4.73093e-05
145  0.42204 -7.81437e-05 |146  0.31639  6.96018e-05 |147  0.04891 -2.10773e-04
148  0.29512  7.98094e-04 |149 -0.01309  2.90988e-05 |150 -0.10044  1.72030e-04
151 -0.47311  6.30239e-05 |152  0.31354 -6.44682e-05 |153  0.04783  8.10166e-06
154 -0.23027 -1.77047e-05 |155  0.26919  7.03722e-04 |156 -0.03206  2.85422e-06
157 -0.22322  6.28956e-05 |158  0.02193 -4.59502e-06 |159 -0.33745  4.19274e-05
160 -0.59220 -4.24773e-05 |161  0.11511 -1.33785e-04 |162  0.29808  2.66598e-04
163  0.17595 -3.42323e-05 |164  0.24798 -1.12022e-04 |165 -0.34844 -1.61757e-05
166  0.24329 -4.74733e-05 |167  0.05233 -5.49625e-05 |168 -0.18551 -2.90104e-04
169  0.20065 -1.64362e-05 |170  0.31595  2.74591e-05 |171  0.07765 -1.74895e-04
172 -0.54842 -5.88325e-08 |173 -0.38502  1.03510e-04 |174  0.23476 -2.01152e-04
175  0.07735  1.88800e-04 |176 -0.11434 -3.22010e-04 |177  0.05478  3.10596e-04
178  0.12116 -2.03015e-04 |179  0.32240 -2.67821e-04 |180  0.27183  2.48485e-04
181  0.00196  2.31871e-04 |182 -0.00680 -6.23861e-05 |183 -0.15186  1.13393e-05
184 -0.11728 -1.19660e-04 |185  0.01681 -2.49870e-05 |186  0.38890  1.51231e-05
187  0.01101 -2.37009e-05 |188 -0.14537 -3.45202e-05 |189  0.74619 -6.51108e-04
190  0.10476 -1.85176e-04 |191 -0.06498  2.72216e-04 |192  0.26546  1.09169e-05
193  0.09021  1.97144e-05 |194 -0.12187 -3.68709e-05 |195  0.16580  2.55297e-06
196 -0.50344 -2.22027e-04 |197 -0.55766 -2.67681e-06 |198  0.17063 -3.06662e-05
199  0.09848 -1.73202e-04 |200 -0.26754 -9.66129e-05 |

 - final statistics:
213 variables; iteration 0; function evaluation 0
Function value 7.0826e+03; maximum gradient component mag 9.3232e-04
Exit code = 0;  converg criter 1.0000e-03
Var    Value     Gradient |Var    Value     Gradient |Var    Value     Gradient
  1 -0.43924 -4.25051e-04 |  2  0.36322 -1.15497e-04 |  3 -0.15142 -8.14734e-06
  4  0.01760 -2.46541e-04 |  5 -0.65245  2.60025e-05 |  6 -0.62675  7.31919e-04
  7  0.36882  5.49877e-05 |  8 -0.19541 -9.23908e-04 |  9  0.05492 -2.51008e-04
 10 -0.56415 -5.88157e-05 | 11 -0.64223 -1.60422e-04 | 12 -0.18697  9.32319e-04
 13 -0.00292  6.35972e-06 | 14 -0.00296  2.46687e-05 | 15 -0.00299 -4.94851e-06
 16 -0.00302  2.28810e-05 | 17 -0.00304  5.27595e-05 | 18 -0.00305  9.07785e-06
 19 -0.00306 -1.51612e-05 | 20 -0.00306  6.00619e-05 | 21 -0.00304  2.01710e-05
 22 -0.00302 -5.58094e-06 | 23 -0.00298  3.29589e-05 | 24 -0.00293  1.12451e-05
 25 -0.00287  1.71077e-05 | 26 -0.00279  4.00512e-05 | 27 -0.00270 -4.57071e-05
 28 -0.00259  6.64012e-05 | 29 -0.00246  4.81505e-05 | 30 -0.00231 -4.40889e-05
 31 -0.00215  8.82848e-05 | 32 -0.00197  1.91912e-05 | 33 -0.00178  3.65844e-05
 34 -0.00156 -4.90651e-05 | 35 -0.00133 -5.78952e-05 | 36 -0.00108  9.45347e-05
 37 -0.00081 -1.53574e-06 | 38 -0.00052  2.30949e-05 | 39 -0.00022  4.68406e-05
 40  0.00010  7.32715e-05 | 41  0.00044  2.12530e-05 | 42  0.00079  6.34036e-06
 43  0.00114 -5.14906e-06 | 44  0.00150  5.06008e-05 | 45  0.00185  8.16689e-05
 46  0.00217  5.06769e-05 | 47  0.00248  3.22952e-05 | 48  0.00273  5.03559e-05
 49  0.00294 -2.63990e-05 | 50  0.00308 -3.15219e-05 | 51  0.00315  3.29947e-05
 52  0.00314  1.13239e-05 | 53  0.00306  9.76091e-05 | 54  0.00290  4.74678e-06
 55  0.00267  1.85542e-05 | 56  0.00240  3.48905e-05 | 57  0.00210  6.10850e-05
 58  0.00179 -1.49094e-05 | 59  0.00151  2.99337e-05 | 60  0.00129  3.56879e-05
 61  0.00116  4.31237e-05 | 62  0.00116  5.62016e-05 | 63  0.00131  5.37186e-05
 64  0.00167  3.30769e-05 | 65  0.00224  1.05625e-05 | 66  0.00307  5.09784e-05
 67  0.00418  2.49750e-05 | 68  0.00558  9.37782e-06 | 69  0.00727  1.71216e-05
 70  0.00923  2.85512e-05 | 71  0.01143  3.54430e-05 | 72  0.01379  3.40487e-05
 73  0.01620  2.65781e-05 | 74  0.01851  4.12694e-05 | 75  0.02052  1.36090e-05
 76  0.02203  8.78684e-06 | 77  0.02286  3.59723e-05 | 78  0.02291  6.45463e-05
 79  0.02218  1.38124e-05 | 80  0.02078  1.02902e-05 | 81  0.01883  1.75033e-05
 82  0.01644  2.86841e-05 | 83  0.01363  9.64697e-06 | 84  0.01036  1.63783e-05
 85  0.00667  1.87576e-05 | 86  0.00273  2.06300e-05 | 87 -0.00111 -1.98623e-05
 88 -0.00441  8.40947e-06 | 89 -0.00682  1.98365e-05 | 90 -0.00824  3.24388e-05
 91 -0.00890  3.30943e-05 | 92 -0.00917  2.32710e-05 | 93 -0.00922  2.24363e-05
 94 -0.00867  2.03446e-05 | 95 -0.00735  2.80918e-05 | 96 -0.00604  2.03111e-05
 97 -0.00348  1.98489e-05 | 98  0.00035  4.98391e-05 | 99  0.00579  3.60824e-05
100  0.00795  5.62282e-05 |101  0.00818  5.54149e-05 |102  0.00702  4.27550e-05
103 -0.00097  5.23841e-05 |104 -0.00117  3.70505e-05 |105  0.01457  5.05327e-05
106  0.01019  1.90421e-05 |107 -0.01226  2.25778e-05 |108  0.00306 -9.50585e-06
109  0.06185 -4.92075e-05 |110  0.01609 -5.66629e-05 |111 -0.02657 -6.36637e-05
112 -0.01302 -1.30154e-04 |113  0.00156 -1.90091e-04 |114  0.01920 -1.91980e-04
115 -0.01171 -1.49806e-04 |116 -0.07328 -1.44619e-04 |117 -0.08966 -9.32224e-05
118 -0.08664 -1.29813e-04 |119 -0.04813 -1.53782e-04 |120  0.07003 -3.39121e-04
121  0.02562 -2.00115e-04 |122  0.01311 -1.35038e-04 |123 -0.03131 -7.39549e-05
124 -0.07114  1.39249e-05 |125 -0.02151  7.47450e-05 |126 -0.01130  9.90381e-05
127 -0.04306  5.75215e-05 |128  0.01001  9.03514e-05 |129  0.05818  1.27854e-04
130 -0.00456  4.58078e-05 |131  0.07288  7.46970e-05 |132 -0.00311  1.32125e-05
133  0.12048 -1.23596e-04 |134 -0.00970 -3.62682e-05 |135 -0.05215 -2.15296e-05
136 -0.06222  6.11070e-06 |137 -0.02691 -6.04812e-06 |138  0.09299  1.66877e-05
139  0.02673 -5.70553e-06 |140  0.01491 -9.26804e-06 |141 -0.03366 -2.28886e-05
142 -0.01736  3.38502e-05 |143 -0.00561 -9.66665e-06 |144 -0.00041 -4.73093e-05
145  0.00000  0.00000e+00 |146  0.00000  0.00000e+00 |147  0.00000  0.00000e+00
148  0.00000  0.00000e+00 |149  0.00000  0.00000e+00 |150  0.00000  0.00000e+00
151  0.00000  0.00000e+00 |152  0.00000  0.00000e+00 |153  0.00000  0.00000e+00
154  0.00000  0.00000e+00 |155  0.00000  0.00000e+00 |156  0.00000  0.00000e+00
157  0.00000  0.00000e+00 |158  0.42204 -7.81437e-05 |159  0.31639  6.96018e-05
160  0.04891 -2.10773e-04 |161  0.29512  7.98094e-04 |162 -0.01309  2.90988e-05
163 -0.10044  1.72030e-04 |164 -0.47311  6.30239e-05 |165  0.31354 -6.44682e-05
166  0.04783  8.10166e-06 |167 -0.23027 -1.77047e-05 |168  0.26919  7.03722e-04
169 -0.03206  2.85422e-06 |170 -0.22322  6.28956e-05 |171  0.02193 -4.59502e-06
172 -0.33745  4.19274e-05 |173 -0.59220 -4.24773e-05 |174  0.11511 -1.33785e-04
175  0.29808  2.66598e-04 |176  0.17595 -3.42323e-05 |177  0.24798 -1.12022e-04
178 -0.34844 -1.61757e-05 |179  0.24329 -4.74733e-05 |180  0.05233 -5.49625e-05
181 -0.18551 -2.90104e-04 |182  0.20065 -1.64362e-05 |183  0.31595  2.74591e-05
184  0.07765 -1.74895e-04 |185 -0.54842 -5.88325e-08 |186 -0.38502  1.03510e-04
187  0.23476 -2.01152e-04 |188  0.07735  1.88800e-04 |189 -0.11434 -3.22010e-04
190  0.05478  3.10596e-04 |191  0.12116 -2.03015e-04 |192  0.32240 -2.67821e-04
193  0.27183  2.48485e-04 |194  0.00196  2.31871e-04 |195 -0.00680 -6.23861e-05
196 -0.15186  1.13393e-05 |197 -0.11728 -1.19660e-04 |198  0.01681 -2.49870e-05
199  0.38890  1.51231e-05 |200  0.01101 -2.37009e-05 |201 -0.14537 -3.45202e-05
202  0.74619 -6.51108e-04 |203  0.10476 -1.85176e-04 |204 -0.06498  2.72216e-04
205  0.26546  1.09169e-05 |206  0.09021  1.97144e-05 |207 -0.12187 -3.68709e-05
208  0.16580  2.55297e-06 |209 -0.50344 -2.22027e-04 |210 -0.55766 -2.67681e-06
211  0.17063 -3.06662e-05 |212  0.09848 -1.73202e-04 |213 -0.26754 -9.66129e-05
size of file gradfil1.tmp = 0
size of file gradfil2.tmp = 0
size of file varssave.tmp = 0
size of file cmpdiff.tmp = 1000000040
