
Initial statistics: 136 variables; iteration 0; function evaluation 0; phase 1
Function value 7.3085198e+03; maximum gradient component mag 1.4146e+01
Var    Value     Gradient |Var    Value     Gradient |Var    Value     Gradient
  1 -0.42334  1.52300e+00 |  2 -0.09289 -9.82992e+00 |  3 -0.01009 -2.80246e-01
  4 -0.01031 -2.88210e-01 |  5 -0.01053 -2.96387e-01 |  6 -0.01074 -3.04792e-01
  7 -0.01095 -3.13441e-01 |  8 -0.01115 -3.22326e-01 |  9 -0.01135 -3.31460e-01
 10 -0.01153 -3.40856e-01 | 11 -0.01171 -3.50515e-01 | 12 -0.01187 -3.60457e-01
 13 -0.01203 -3.70704e-01 | 14 -0.01217 -3.81254e-01 | 15 -0.01229 -3.92136e-01
 16 -0.01240 -4.03359e-01 | 17 -0.01249 -4.14939e-01 | 18 -0.01255 -4.26878e-01
 19 -0.01260 -4.39194e-01 | 20 -0.01262 -4.51893e-01 | 21 -0.01262 -4.65013e-01
 22 -0.01260 -4.78590e-01 | 23 -0.01254 -4.92660e-01 | 24 -0.01246 -5.07260e-01
 25 -0.01235 -5.22427e-01 | 26 -0.01220 -5.38168e-01 | 27 -0.01202 -5.54499e-01
 28 -0.01180 -5.71424e-01 | 29 -0.01154 -5.88947e-01 | 30 -0.01124 -6.07030e-01
 31 -0.01091 -6.25783e-01 | 32 -0.01054 -6.45216e-01 | 33 -0.01013 -6.65354e-01
 34 -0.00969 -6.86231e-01 | 35 -0.00923 -7.07852e-01 | 36 -0.00876 -7.30194e-01
 37 -0.00827 -7.53273e-01 | 38 -0.00779 -7.77066e-01 | 39 -0.00732 -8.01578e-01
 40 -0.00687 -8.26793e-01 | 41 -0.00646 -8.52628e-01 | 42 -0.00610 -8.78941e-01
 43 -0.00578 -9.05619e-01 | 44 -0.00550 -9.32576e-01 | 45 -0.00527 -9.59838e-01
 46 -0.00505 -9.87598e-01 | 47 -0.00484 -1.01608e+00 | 48 -0.00461 -1.04543e+00
 49 -0.00433 -1.07600e+00 | 50 -0.00397 -1.10801e+00 | 51 -0.00351 -1.14181e+00
 52 -0.00290 -1.17767e+00 | 53 -0.00211 -1.21593e+00 | 54 -0.00112 -1.25712e+00
 55  0.00012 -1.30138e+00 | 56  0.00162 -1.35018e+00 | 57  0.00342 -1.40364e+00
 58  0.00553 -1.46203e+00 | 59  0.00797 -1.52592e+00 | 60  0.01071 -1.59542e+00
 61  0.01374 -1.67047e+00 | 62  0.01700 -1.75020e+00 | 63  0.02037 -1.83330e+00
 64  0.02373 -1.91752e+00 | 65  0.02687 -1.99942e+00 | 66  0.02959 -2.07454e+00
 67  0.03168 -2.13840e+00 | 68  0.03301 -2.18713e+00 | 69  0.03358 -2.21839e+00
 70  0.03344 -2.23179e+00 | 71  0.03272 -2.22729e+00 | 72  0.03145 -2.20417e+00
 73  0.02960 -2.16026e+00 | 74  0.02705 -2.09291e+00 | 75  0.02380 -2.00124e+00
 76  0.01999 -1.88763e+00 | 77  0.01602 -1.75759e+00 | 78  0.01239 -1.61648e+00
 79  0.00955 -1.46688e+00 | 80  0.00761 -1.30508e+00 | 81  0.00637 -1.12326e+00
 82  0.00544 -9.11506e-01 | 83  0.00468 -6.63242e-01 | 84  0.00458 -3.74379e-01
 85  0.00522 -3.56052e-02 | 86  0.00545  3.61356e-01 | 87  0.00713  8.29577e-01
 88  0.00970  1.38707e+00 | 89  0.01366  2.06338e+00 | 90  0.01376  2.77838e+00
 91  0.01250  3.52784e+00 | 92  0.01081  4.30358e+00 | 93  0.00275  4.84721e+00
 94  0.00360  5.68820e+00 | 95  0.02294  7.49124e+00 | 96  0.02140  8.12561e+00
 97 -0.00268  7.14812e+00 | 98  0.01577  8.47418e+00 | 99  0.08374  1.41464e+01
100  0.02820  8.79727e+00 |101 -0.01452  5.77256e+00 |102  0.00430  5.90099e+00
103  0.01938  5.58399e+00 |104  0.03866  5.10117e+00 |105  0.00285  2.72589e+00
106 -0.06248  9.51966e-01 |107 -0.07893  2.92635e-01 |108 -0.07730 -1.51453e-01
109 -0.03457 -6.62544e-01 |110  0.06971 -2.03570e+00 |111  0.02361 -1.52527e+00
112  0.01375 -1.36570e+00 |113 -0.02797 -9.36500e-01 |114 -0.06716 -6.88441e-01
115 -0.00654 -1.20694e+00 |116  0.00456 -1.52009e+00 |117 -0.02731 -1.35524e+00
118  0.02817 -2.20155e+00 |119  0.07344 -2.88481e+00 |120  0.01038 -1.41005e+00
121  0.08254 -1.66204e+00 |122  0.00575 -5.15739e-01 |123  0.13287 -5.73013e-01
124 -0.00532 -4.69366e-02 |125 -0.04646  2.89641e-03 |126 -0.05671  3.61066e-03
127 -0.02192  1.26766e-03 |128  0.09420  4.96695e-04 |129  0.03190  8.57335e-05
130  0.01685  1.98101e-04 |131 -0.02798 -1.09015e-04 |132 -0.01758 -4.07906e-05
133 -0.00588 -2.39747e-04 |134 -0.00040 -1.75991e-05 |135  0.27670 -1.33095e-04
136  0.18753  3.27385e-04 |

 - final statistics:
136 variables; iteration 15; function evaluation 19
Function value 7.3084e+03; maximum gradient component mag -5.6083e+00
Exit code = 1;  converg criter 1.0000e+01
Var    Value     Gradient |Var    Value     Gradient |Var    Value     Gradient
  1 -0.42265  7.11013e-01 |  2 -0.08878 -5.60828e+00 |  3 -0.01013 -1.29726e-01
  4 -0.01033 -1.26827e-01 |  5 -0.01052 -1.23515e-01 |  6 -0.01071 -1.19861e-01
  7 -0.01089 -1.15854e-01 |  8 -0.01107 -1.11390e-01 |  9 -0.01123 -1.06547e-01
 10 -0.01139 -1.01346e-01 | 11 -0.01153 -9.56981e-02 | 12 -0.01167 -8.96778e-02
 13 -0.01178 -8.33524e-02 | 14 -0.01189 -7.65785e-02 | 15 -0.01197 -6.94570e-02
 16 -0.01204 -6.19645e-02 | 17 -0.01209 -5.41235e-02 | 18 -0.01212 -4.59016e-02
 19 -0.01212 -3.73965e-02 | 20 -0.01210 -2.85710e-02 | 21 -0.01205 -1.94947e-02
 22 -0.01198 -1.02260e-02 | 23 -0.01188 -7.50423e-04 | 24 -0.01175  8.88989e-03
 25 -0.01159  1.85981e-02 | 26 -0.01140  2.84437e-02 | 27 -0.01117  3.82975e-02
 28 -0.01090  4.81240e-02 | 29 -0.01060  5.78108e-02 | 30 -0.01025  6.72298e-02
 31 -0.00987  7.63186e-02 | 32 -0.00946  8.48850e-02 | 33 -0.00901  9.29065e-02
 34 -0.00853  1.00208e-01 | 35 -0.00804  1.06613e-01 | 36 -0.00752  1.12034e-01
 37 -0.00701  1.16158e-01 | 38 -0.00650  1.18825e-01 | 39 -0.00601  1.19711e-01
 40 -0.00555  1.18593e-01 | 41 -0.00513  1.15244e-01 | 42 -0.00477  1.09193e-01
 43 -0.00446  1.00141e-01 | 44 -0.00421  8.77858e-02 | 45 -0.00401  7.16198e-02
 46 -0.00384  5.13886e-02 | 47 -0.00369  2.74326e-02 | 48 -0.00353 -3.21536e-04
 49 -0.00333 -3.19415e-02 | 50 -0.00306 -6.68471e-02 | 51 -0.00270 -1.04393e-01
 52 -0.00220 -1.44720e-01 | 53 -0.00152 -1.86667e-01 | 54 -0.00064 -2.29840e-01
 55  0.00048 -2.73433e-01 | 56  0.00187 -3.16981e-01 | 57  0.00357 -3.59829e-01
 58  0.00558 -4.01076e-01 | 59  0.00791 -4.40503e-01 | 60  0.01057 -4.77769e-01
 61  0.01352 -5.11858e-01 | 62  0.01671 -5.41068e-01 | 63  0.02004 -5.64117e-01
 64  0.02338 -5.79238e-01 | 65  0.02654 -5.84931e-01 | 66  0.02929 -5.81706e-01
 67  0.03143 -5.69542e-01 | 68  0.03285 -5.47745e-01 | 69  0.03350 -5.17133e-01
 70  0.03347 -4.78080e-01 | 71  0.03285 -4.33028e-01 | 72  0.03168 -3.83573e-01
 73  0.02991 -3.32120e-01 | 74  0.02744 -2.81260e-01 | 75  0.02420 -2.34273e-01
 76  0.02038 -1.94403e-01 | 77  0.01635 -1.63367e-01 | 78  0.01265 -1.42425e-01
 79  0.00969 -1.30396e-01 | 80  0.00765 -1.22301e-01 | 81  0.00632 -1.12238e-01
 82  0.00532 -9.76527e-02 | 83  0.00448 -8.57798e-02 | 84  0.00423 -8.84210e-02
 85  0.00462 -1.15923e-01 | 86  0.00443 -1.77427e-01 | 87  0.00555 -2.58389e-01
 88  0.00748 -3.33613e-01 | 89  0.01092 -3.32851e-01 | 90  0.01103 -1.74831e-01
 91  0.00974  2.13903e-02 | 92  0.00820  3.11725e-01 | 93  0.00053  6.35932e-01
 94  0.00169  1.05477e+00 | 95  0.02136  1.75869e+00 | 96  0.02016  2.11946e+00
 97 -0.00298  2.08577e+00 | 98  0.01540  2.19522e+00 | 99  0.08085  2.64008e+00
100  0.02637  1.37481e+00 |101 -0.01558  1.05252e+00 |102  0.00345  1.42613e+00
103  0.01970  1.97711e+00 |104  0.03909  1.77232e+00 |105  0.00189  2.06621e-01
106 -0.06336 -4.63500e-01 |107 -0.07896 -2.74288e-01 |108 -0.07710 -2.02776e-01
109 -0.03417 -1.68276e-01 |110  0.07048 -1.74304e-01 |111  0.02452  1.27221e-01
112  0.01479  2.40490e-01 |113 -0.02732  3.60723e-02 |114 -0.06694 -2.18231e-01
115 -0.00629 -4.31295e-01 |116  0.00558 -3.32245e-01 |117 -0.02623 -2.56375e-01
118  0.02986 -2.89687e-01 |119  0.07585 -2.07508e-01 |120  0.01203  7.08508e-02
121  0.08495  3.43075e-01 |122  0.00704  1.65483e-01 |123  0.13363 -4.59473e-01
124 -0.00492 -7.28448e-02 |125 -0.04550  2.54641e-01 |126 -0.05535  4.03238e-01
127 -0.02069  3.41711e-01 |128  0.09465  1.74195e-02 |129  0.03299  2.76663e-01
130  0.01824  4.14358e-01 |131 -0.02669  3.45357e-01 |132 -0.01682  1.81777e-01
133 -0.00565  4.96550e-02 |134 -0.00037  7.33376e-03 |135  0.27106 -1.03779e+00
136  0.18312 -1.45094e+00 |

Initial statistics: 146 variables; iteration 0; function evaluation 0; phase 2
Function value 7.3083817e+03; maximum gradient component mag -9.9033e+01
Var    Value     Gradient |Var    Value     Gradient |Var    Value     Gradient
  1 -0.42265  7.11013e-01 |  2  0.37110  1.59938e+00 |  3 -0.12614 -8.76561e+01
  4 -0.01321 -1.24587e+01 |  5 -0.70915 -2.36181e+00 |  6 -0.60419 -1.93783e+01
  7  0.37628 -3.70625e+00 |  8 -0.18524 -9.90329e+01 |  9  0.03399 -1.49511e+01
 10 -0.60948 -2.84211e+00 | 11 -0.62338 -1.54789e+01 | 12 -0.08878 -5.60828e+00
 13 -0.01013 -1.29726e-01 | 14 -0.01033 -1.26827e-01 | 15 -0.01052 -1.23515e-01
 16 -0.01071 -1.19861e-01 | 17 -0.01089 -1.15854e-01 | 18 -0.01107 -1.11390e-01
 19 -0.01123 -1.06547e-01 | 20 -0.01139 -1.01346e-01 | 21 -0.01153 -9.56981e-02
 22 -0.01167 -8.96778e-02 | 23 -0.01178 -8.33524e-02 | 24 -0.01189 -7.65785e-02
 25 -0.01197 -6.94570e-02 | 26 -0.01204 -6.19645e-02 | 27 -0.01209 -5.41235e-02
 28 -0.01212 -4.59016e-02 | 29 -0.01212 -3.73965e-02 | 30 -0.01210 -2.85710e-02
 31 -0.01205 -1.94947e-02 | 32 -0.01198 -1.02260e-02 | 33 -0.01188 -7.50423e-04
 34 -0.01175  8.88989e-03 | 35 -0.01159  1.85981e-02 | 36 -0.01140  2.84437e-02
 37 -0.01117  3.82975e-02 | 38 -0.01090  4.81240e-02 | 39 -0.01060  5.78108e-02
 40 -0.01025  6.72298e-02 | 41 -0.00987  7.63186e-02 | 42 -0.00946  8.48850e-02
 43 -0.00901  9.29065e-02 | 44 -0.00853  1.00208e-01 | 45 -0.00804  1.06613e-01
 46 -0.00752  1.12034e-01 | 47 -0.00701  1.16158e-01 | 48 -0.00650  1.18825e-01
 49 -0.00601  1.19711e-01 | 50 -0.00555  1.18593e-01 | 51 -0.00513  1.15244e-01
 52 -0.00477  1.09193e-01 | 53 -0.00446  1.00141e-01 | 54 -0.00421  8.77858e-02
 55 -0.00401  7.16198e-02 | 56 -0.00384  5.13886e-02 | 57 -0.00369  2.74326e-02
 58 -0.00353 -3.21536e-04 | 59 -0.00333 -3.19415e-02 | 60 -0.00306 -6.68471e-02
 61 -0.00270 -1.04393e-01 | 62 -0.00220 -1.44720e-01 | 63 -0.00152 -1.86667e-01
 64 -0.00064 -2.29840e-01 | 65  0.00048 -2.73433e-01 | 66  0.00187 -3.16981e-01
 67  0.00357 -3.59829e-01 | 68  0.00558 -4.01076e-01 | 69  0.00791 -4.40503e-01
 70  0.01057 -4.77769e-01 | 71  0.01352 -5.11858e-01 | 72  0.01671 -5.41068e-01
 73  0.02004 -5.64117e-01 | 74  0.02338 -5.79238e-01 | 75  0.02654 -5.84931e-01
 76  0.02929 -5.81706e-01 | 77  0.03143 -5.69542e-01 | 78  0.03285 -5.47745e-01
 79  0.03350 -5.17133e-01 | 80  0.03347 -4.78080e-01 | 81  0.03285 -4.33028e-01
 82  0.03168 -3.83573e-01 | 83  0.02991 -3.32120e-01 | 84  0.02744 -2.81260e-01
 85  0.02420 -2.34273e-01 | 86  0.02038 -1.94403e-01 | 87  0.01635 -1.63367e-01
 88  0.01265 -1.42425e-01 | 89  0.00969 -1.30396e-01 | 90  0.00765 -1.22301e-01
 91  0.00632 -1.12238e-01 | 92  0.00532 -9.76527e-02 | 93  0.00448 -8.57798e-02
 94  0.00423 -8.84210e-02 | 95  0.00462 -1.15923e-01 | 96  0.00443 -1.77427e-01
 97  0.00555 -2.58389e-01 | 98  0.00748 -3.33613e-01 | 99  0.01092 -3.32851e-01
100  0.01103 -1.74831e-01 |101  0.00974  2.13903e-02 |102  0.00820  3.11725e-01
103  0.00053  6.35932e-01 |104  0.00169  1.05477e+00 |105  0.02136  1.75869e+00
106  0.02016  2.11946e+00 |107 -0.00298  2.08577e+00 |108  0.01540  2.19522e+00
109  0.08085  2.64008e+00 |110  0.02637  1.37481e+00 |111 -0.01558  1.05252e+00
112  0.00345  1.42613e+00 |113  0.01970  1.97711e+00 |114  0.03909  1.77232e+00
115  0.00189  2.06621e-01 |116 -0.06336 -4.63500e-01 |117 -0.07896 -2.74288e-01
118 -0.07710 -2.02776e-01 |119 -0.03417 -1.68276e-01 |120  0.07048 -1.74304e-01
121  0.02452  1.27221e-01 |122  0.01479  2.40490e-01 |123 -0.02732  3.60723e-02
124 -0.06694 -2.18231e-01 |125 -0.00629 -4.31295e-01 |126  0.00558 -3.32245e-01
127 -0.02623 -2.56375e-01 |128  0.02986 -2.89687e-01 |129  0.07585 -2.07508e-01
130  0.01203  7.08508e-02 |131  0.08495  3.43075e-01 |132  0.00704  1.65483e-01
133  0.13363 -4.59473e-01 |134 -0.00492 -7.28448e-02 |135 -0.04550  2.54641e-01
136 -0.05535  4.03238e-01 |137 -0.02069  3.41711e-01 |138  0.09465  1.74195e-02
139  0.03299  2.76663e-01 |140  0.01824  4.14358e-01 |141 -0.02669  3.45357e-01
142 -0.01682  1.81777e-01 |143 -0.00565  4.96550e-02 |144 -0.00037  7.33376e-03
145  0.27106 -1.03779e+00 |146  0.18312 -1.45094e+00 |

Intermediate statistics: 146 variables; iteration 20; function evaluation 25; phase 2
Function value 7.3080938e+03; maximum gradient component mag -5.1752e+01
Var    Value     Gradient |Var    Value     Gradient |Var    Value     Gradient
  1 -0.42245  1.13915e+01 |  2  0.37083 -5.17525e+01 |  3 -0.12243 -5.33548e+00
  4 -0.01657 -8.52489e+00 |  5 -0.70825  1.12339e+00 |  6 -0.60340  5.70592e+00
  7  0.37653 -3.88725e+01 |  8 -0.18184 -1.37249e+01 |  9  0.02976 -1.43361e+01
 10 -0.60712  1.56917e+00 | 11 -0.62264  1.22116e+01 | 12 -0.08585 -2.90834e+00
 13 -0.01000 -1.42572e-01 | 14 -0.01020 -1.43811e-01 | 15 -0.01041 -1.44890e-01
 16 -0.01061 -1.45832e-01 | 17 -0.01080 -1.46632e-01 | 18 -0.01099 -1.47237e-01
 19 -0.01117 -1.47676e-01 | 20 -0.01134 -1.47950e-01 | 21 -0.01150 -1.48019e-01
 22 -0.01165 -1.47908e-01 | 23 -0.01178 -1.47642e-01 | 24 -0.01190 -1.47155e-01
 25 -0.01201 -1.46485e-01 | 26 -0.01209 -1.45619e-01 | 27 -0.01216 -1.44561e-01
 28 -0.01220 -1.43293e-01 | 29 -0.01222 -1.41852e-01 | 30 -0.01222 -1.40220e-01
 31 -0.01220 -1.38427e-01 | 32 -0.01214 -1.36498e-01 | 33 -0.01206 -1.34427e-01
 34 -0.01195 -1.32233e-01 | 35 -0.01181 -1.29957e-01 | 36 -0.01164 -1.27569e-01
 37 -0.01142 -1.25127e-01 | 38 -0.01118 -1.22651e-01 | 39 -0.01089 -1.20198e-01
 40 -0.01056 -1.17825e-01 | 41 -0.01020 -1.15596e-01 | 42 -0.00980 -1.13608e-01
 43 -0.00936 -1.11901e-01 | 44 -0.00890 -1.10577e-01 | 45 -0.00841 -1.09739e-01
 46 -0.00791 -1.09458e-01 | 47 -0.00740 -1.09899e-01 | 48 -0.00690 -1.11168e-01
 49 -0.00642 -1.13437e-01 | 50 -0.00596 -1.16832e-01 | 51 -0.00555 -1.21470e-01
 52 -0.00518 -1.27544e-01 | 53 -0.00486 -1.35195e-01 | 54 -0.00460 -1.44583e-01
 55 -0.00438 -1.55956e-01 | 56 -0.00419 -1.69489e-01 | 57 -0.00402 -1.85149e-01
 58 -0.00382 -2.03007e-01 | 59 -0.00359 -2.23135e-01 | 60 -0.00329 -2.45337e-01
 61 -0.00289 -2.69382e-01 | 62 -0.00234 -2.95208e-01 | 63 -0.00163 -3.22315e-01
 64 -0.00071 -3.50420e-01 | 65  0.00045 -3.78991e-01 | 66  0.00188 -4.07847e-01
 67  0.00361 -4.36445e-01 | 68  0.00566 -4.64215e-01 | 69  0.00803 -4.90826e-01
 70  0.01072 -5.15814e-01 | 71  0.01371 -5.38659e-01 | 72  0.01693 -5.58814e-01
 73  0.02028 -5.75994e-01 | 74  0.02362 -5.90050e-01 | 75  0.02675 -6.00835e-01
 76  0.02945 -6.07723e-01 | 77  0.03151 -6.09849e-01 | 78  0.03282 -6.06438e-01
 79  0.03336 -5.96721e-01 | 80  0.03320 -5.80669e-01 | 81  0.03245 -5.58075e-01
 82  0.03118 -5.29055e-01 | 83  0.02933 -4.93497e-01 | 84  0.02680 -4.51637e-01
 85  0.02356 -4.04971e-01 | 86  0.01976 -3.56924e-01 | 87  0.01578 -3.12261e-01
 88  0.01211 -2.75066e-01 | 89  0.00918 -2.47118e-01 | 90  0.00713 -2.26740e-01
 91  0.00576 -2.10421e-01 | 92  0.00469 -1.95120e-01 | 93  0.00379 -1.82361e-01
 94  0.00350 -1.78938e-01 | 95  0.00389 -1.84604e-01 | 96  0.00386 -1.91985e-01
 97  0.00516 -2.18051e-01 | 98  0.00729 -2.43338e-01 | 99  0.01072 -2.28433e-01
100  0.01060 -1.10126e-01 |101  0.00923  4.86448e-02 |102  0.00758  3.02719e-01
103  0.00000  6.07569e-01 |104  0.00109  8.85485e-01 |105  0.02023  1.42888e+00
106  0.01938  2.01217e+00 |107 -0.00366  1.93958e+00 |108  0.01501  2.20753e+00
109  0.08016  3.09794e+00 |110  0.02702  2.61075e+00 |111 -0.01573  1.52473e+00
112  0.00312  1.61354e+00 |113  0.01878  1.87120e+00 |114  0.03860  2.00156e+00
115  0.00179  1.22304e+00 |116 -0.06297  3.11492e-01 |117 -0.07872  3.83918e-01
118 -0.07709  1.62102e-01 |119 -0.03431 -1.51692e-01 |120  0.07074  9.23320e-01
121  0.02462  1.40368e+00 |122  0.01432  6.15116e-01 |123 -0.02756  6.05278e-01
124 -0.06708 -6.62062e-01 |125 -0.00600 -2.08525e-01 |126  0.00612  3.34484e-01
127 -0.02595  5.01279e-02 |128  0.02883 -4.46503e-01 |129  0.07816  6.16109e-01
130  0.00950 -5.33122e-01 |131  0.08660  8.04951e-01 |132  0.00716  5.09610e-01
133  0.13461 -5.45614e-01 |134 -0.00518 -3.01651e-01 |135 -0.04597 -2.83836e-01
136 -0.05609  4.34293e-02 |137 -0.02097  2.10936e-01 |138  0.09518  1.72756e-01
139  0.03243  1.31669e-01 |140  0.01779 -1.26426e-02 |141 -0.02765 -3.83390e-02
142 -0.01740  5.07786e-02 |143 -0.00668 -4.12314e-01 |144 -0.00040 -1.34688e-04
145  0.26716  1.36769e-02 |146  0.18022  7.79941e-01 |

 - final statistics:
146 variables; iteration 32; function evaluation 41
Function value 7.3080e+03; maximum gradient component mag -4.9847e+00
Exit code = 1;  converg criter 1.0000e+01
Var    Value     Gradient |Var    Value     Gradient |Var    Value     Gradient
  1 -0.42272  1.09457e+00 |  2  0.37282 -3.54447e+00 |  3 -0.12118 -4.60531e-01
  4 -0.01992 -5.48357e-01 |  5 -0.70694  4.44921e-01 |  6 -0.60333  5.17477e-01
  7  0.37864 -4.98469e+00 |  8 -0.18112 -1.91340e+00 |  9  0.02691 -1.89972e+00
 10 -0.60538 -5.71201e-01 | 11 -0.62302  1.33834e+00 | 12 -0.08685 -2.41385e-01
 13 -0.00981 -2.84580e-02 | 14 -0.01002 -3.00370e-02 | 15 -0.01024 -3.16672e-02
 16 -0.01045 -3.33325e-02 | 17 -0.01065 -3.50222e-02 | 18 -0.01085 -3.67281e-02
 19 -0.01105 -3.84272e-02 | 20 -0.01123 -4.00999e-02 | 21 -0.01140 -4.17326e-02
 22 -0.01156 -4.32987e-02 | 23 -0.01171 -4.47715e-02 | 24 -0.01185 -4.61383e-02
 25 -0.01197 -4.73681e-02 | 26 -0.01207 -4.84381e-02 | 27 -0.01215 -4.93210e-02
 28 -0.01221 -4.99932e-02 | 29 -0.01225 -5.04217e-02 | 30 -0.01227 -5.05832e-02
 31 -0.01226 -5.04480e-02 | 32 -0.01222 -4.99866e-02 | 33 -0.01216 -4.91758e-02
 34 -0.01206 -4.79912e-02 | 35 -0.01194 -4.64080e-02 | 36 -0.01178 -4.44196e-02
 37 -0.01158 -4.20122e-02 | 38 -0.01134 -3.91872e-02 | 39 -0.01107 -3.59486e-02
 40 -0.01075 -3.23060e-02 | 41 -0.01040 -2.82850e-02 | 42 -0.01001 -2.39054e-02
 43 -0.00958 -1.92076e-02 | 44 -0.00912 -1.42275e-02 | 45 -0.00864 -9.00412e-03
 46 -0.00814 -3.58425e-03 | 47 -0.00763  2.00248e-03 | 48 -0.00713  7.71437e-03
 49 -0.00664  1.35154e-02 | 50 -0.00618  1.93514e-02 | 51 -0.00575  2.51507e-02
 52 -0.00537  3.08349e-02 | 53 -0.00503  3.63064e-02 | 54 -0.00475  4.14579e-02
 55 -0.00450  4.61736e-02 | 56 -0.00428  5.03094e-02 | 57 -0.00406  5.36842e-02
 58 -0.00383  5.61035e-02 | 59 -0.00355  5.73768e-02 | 60 -0.00320  5.73046e-02
 61 -0.00275  5.57201e-02 | 62 -0.00216  5.24730e-02 | 63 -0.00140  4.74356e-02
 64 -0.00044  4.04757e-02 | 65  0.00075  3.14148e-02 | 66  0.00221  2.00326e-02
 67  0.00395  6.02102e-03 | 68  0.00600 -1.07829e-02 | 69  0.00835 -3.01225e-02
 70  0.01101 -5.04174e-02 | 71  0.01397 -6.76223e-02 | 72  0.01720 -7.52511e-02
 73  0.02063 -6.64495e-02 | 74  0.02413 -4.11075e-02 | 75  0.02745 -1.33407e-02
 76  0.03026  6.61820e-04 | 77  0.03229 -1.33704e-02 | 78  0.03335 -6.53060e-02
 79  0.03350 -1.39426e-01 | 80  0.03289 -2.21193e-01 | 81  0.03182 -2.77895e-01
 82  0.03042 -2.96773e-01 | 83  0.02867 -2.69792e-01 | 84  0.02639 -2.08027e-01
 85  0.02340 -1.42191e-01 | 86  0.01966 -1.06664e-01 | 87  0.01558 -1.07925e-01
 88  0.01177 -1.21986e-01 | 89  0.00877 -1.28630e-01 | 90  0.00671 -1.23972e-01
 91  0.00537 -1.11879e-01 | 92  0.00433 -9.63440e-02 | 93  0.00347 -8.20786e-02
 94  0.00323 -7.29085e-02 | 95  0.00371 -6.71966e-02 | 96  0.00381 -6.16921e-02
 97  0.00529 -5.83343e-02 | 98  0.00760 -4.95434e-02 | 99  0.01113 -3.40897e-02
100  0.01105  2.28980e-02 |101  0.00965  8.20481e-02 |102  0.00787  1.54076e-01
103  0.00009  2.28583e-01 |104  0.00093  2.77528e-01 |105  0.01940  2.82460e-01
106  0.01797  2.20261e-01 |107 -0.00530  6.84854e-02 |108  0.01424  2.08816e-01
109  0.07870 -9.08318e-02 |110  0.02701  2.61530e-01 |111 -0.01641  6.64242e-02
112  0.00252  2.43695e-01 |113  0.01808  4.44888e-01 |114  0.03775  2.76779e-01
115  0.00099 -2.30469e-01 |116 -0.06339 -2.92698e-01 |117 -0.07889  2.59678e-03
118 -0.07765 -5.59281e-02 |119 -0.03486 -7.43006e-02 |120  0.07046  9.31512e-02
121  0.02435  1.79450e-01 |122  0.01299 -3.03882e-01 |123 -0.02846 -7.69478e-02
124 -0.06725  9.87227e-03 |125 -0.00576  2.12952e-01 |126  0.00588  1.79326e-01
127 -0.02619  9.89886e-02 |128  0.02819 -3.37495e-01 |129  0.07748 -1.11335e-01
130  0.00931  2.66061e-02 |131  0.08729  8.46336e-01 |132  0.00827  6.45886e-01
133  0.13606  8.01622e-01 |134 -0.00586 -1.22589e-01 |135 -0.04694 -1.29344e-01
136 -0.05666  4.59377e-02 |137 -0.02124  6.62737e-02 |138  0.09598  1.44044e-01
139  0.03235  2.18986e-01 |140  0.01702 -7.66124e-02 |141 -0.02786  7.18812e-02
142 -0.01770 -1.45214e-01 |143 -0.00687 -7.47065e-04 |144 -0.00040  1.18772e-04
145  0.26872  2.60971e-01 |146  0.18124  2.65253e-01 |

Initial statistics: 176 variables; iteration 0; function evaluation 0; phase 3
Function value 7.3080115e+03; maximum gradient component mag 1.3449e+01
Var    Value     Gradient |Var    Value     Gradient |Var    Value     Gradient
  1 -0.42272  1.09457e+00 |  2  0.37282 -3.54447e+00 |  3 -0.12118 -4.60531e-01
  4 -0.01992 -5.48357e-01 |  5 -0.70694  4.44921e-01 |  6 -0.60333  5.17477e-01
  7  0.37864 -4.98469e+00 |  8 -0.18112 -1.91340e+00 |  9  0.02691 -1.89972e+00
 10 -0.60538 -5.71201e-01 | 11 -0.62302  1.33834e+00 | 12 -0.08685 -2.41385e-01
 13 -0.00981 -2.84580e-02 | 14 -0.01002 -3.00370e-02 | 15 -0.01024 -3.16672e-02
 16 -0.01045 -3.33325e-02 | 17 -0.01065 -3.50222e-02 | 18 -0.01085 -3.67281e-02
 19 -0.01105 -3.84272e-02 | 20 -0.01123 -4.00999e-02 | 21 -0.01140 -4.17326e-02
 22 -0.01156 -4.32987e-02 | 23 -0.01171 -4.47715e-02 | 24 -0.01185 -4.61383e-02
 25 -0.01197 -4.73681e-02 | 26 -0.01207 -4.84381e-02 | 27 -0.01215 -4.93210e-02
 28 -0.01221 -4.99932e-02 | 29 -0.01225 -5.04217e-02 | 30 -0.01227 -5.05832e-02
 31 -0.01226 -5.04480e-02 | 32 -0.01222 -4.99866e-02 | 33 -0.01216 -4.91758e-02
 34 -0.01206 -4.79912e-02 | 35 -0.01194 -4.64080e-02 | 36 -0.01178 -4.44196e-02
 37 -0.01158 -4.20122e-02 | 38 -0.01134 -3.91872e-02 | 39 -0.01107 -3.59486e-02
 40 -0.01075 -3.23060e-02 | 41 -0.01040 -2.82850e-02 | 42 -0.01001 -2.39054e-02
 43 -0.00958 -1.92076e-02 | 44 -0.00912 -1.42275e-02 | 45 -0.00864 -9.00412e-03
 46 -0.00814 -3.58425e-03 | 47 -0.00763  2.00248e-03 | 48 -0.00713  7.71437e-03
 49 -0.00664  1.35154e-02 | 50 -0.00618  1.93514e-02 | 51 -0.00575  2.51507e-02
 52 -0.00537  3.08349e-02 | 53 -0.00503  3.63064e-02 | 54 -0.00475  4.14579e-02
 55 -0.00450  4.61736e-02 | 56 -0.00428  5.03094e-02 | 57 -0.00406  5.36842e-02
 58 -0.00383  5.61035e-02 | 59 -0.00355  5.73768e-02 | 60 -0.00320  5.73046e-02
 61 -0.00275  5.57201e-02 | 62 -0.00216  5.24730e-02 | 63 -0.00140  4.74356e-02
 64 -0.00044  4.04757e-02 | 65  0.00075  3.14148e-02 | 66  0.00221  2.00326e-02
 67  0.00395  6.02102e-03 | 68  0.00600 -1.07829e-02 | 69  0.00835 -3.01225e-02
 70  0.01101 -5.04174e-02 | 71  0.01397 -6.76223e-02 | 72  0.01720 -7.52511e-02
 73  0.02063 -6.64495e-02 | 74  0.02413 -4.11075e-02 | 75  0.02745 -1.33407e-02
 76  0.03026  6.61820e-04 | 77  0.03229 -1.33704e-02 | 78  0.03335 -6.53060e-02
 79  0.03350 -1.39426e-01 | 80  0.03289 -2.21193e-01 | 81  0.03182 -2.77895e-01
 82  0.03042 -2.96773e-01 | 83  0.02867 -2.69792e-01 | 84  0.02639 -2.08027e-01
 85  0.02340 -1.42191e-01 | 86  0.01966 -1.06664e-01 | 87  0.01558 -1.07925e-01
 88  0.01177 -1.21986e-01 | 89  0.00877 -1.28630e-01 | 90  0.00671 -1.23972e-01
 91  0.00537 -1.11879e-01 | 92  0.00433 -9.63440e-02 | 93  0.00347 -8.20786e-02
 94  0.00323 -7.29085e-02 | 95  0.00371 -6.71966e-02 | 96  0.00381 -6.16921e-02
 97  0.00529 -5.83343e-02 | 98  0.00760 -4.95434e-02 | 99  0.01113 -3.40897e-02
100  0.01105  2.28980e-02 |101  0.00965  8.20481e-02 |102  0.00787  1.54076e-01
103  0.00009  2.28583e-01 |104  0.00093  2.77528e-01 |105  0.01940  2.82460e-01
106  0.01797  2.20261e-01 |107 -0.00530  6.84854e-02 |108  0.01424  2.08816e-01
109  0.07870 -9.08318e-02 |110  0.02701  2.61530e-01 |111 -0.01641  6.64242e-02
112  0.00252  2.43695e-01 |113  0.01808  4.44888e-01 |114  0.03775  2.76779e-01
115  0.00099 -2.30469e-01 |116 -0.06339 -2.92698e-01 |117 -0.07889  2.59678e-03
118 -0.07765 -5.59281e-02 |119 -0.03486 -7.43006e-02 |120  0.07046  9.31512e-02
121  0.02435  1.79450e-01 |122  0.01299 -3.03882e-01 |123 -0.02846 -7.69478e-02
124 -0.06725  9.87227e-03 |125 -0.00576  2.12952e-01 |126  0.00588  1.79326e-01
127 -0.02619  9.89886e-02 |128  0.02819 -3.37495e-01 |129  0.07748 -1.11335e-01
130  0.00931  2.66061e-02 |131  0.08729  8.46336e-01 |132  0.00827  6.45886e-01
133  0.13606  8.01622e-01 |134 -0.00586 -1.22589e-01 |135 -0.04694 -1.29344e-01
136 -0.05666  4.59377e-02 |137 -0.02124  6.62737e-02 |138  0.09598  1.44044e-01
139  0.03235  2.18986e-01 |140  0.01702 -7.66124e-02 |141 -0.02786  7.18812e-02
142 -0.01770 -1.45214e-01 |143 -0.00687 -7.47065e-04 |144 -0.00040  1.18772e-04
145  0.26872  2.60971e-01 |146  0.18124  2.65253e-01 |147  0.04662 -6.69296e+00
148  0.29671  1.02822e+01 |149 -0.47543 -3.53868e-01 |150  0.31377  1.94341e-01
151  0.18255 -5.60004e-01 |152  0.25986  4.45533e+00 |153  0.17459  4.78228e-01
154  0.25418 -2.05247e-01 |155  0.10351  1.69464e+00 |156  0.29677  2.71738e-01
157  0.16893 -4.72615e-01 |158  0.24623  6.26545e-01 |159 -0.35197 -1.26026e+00
160  0.24281  9.89341e-01 |161  0.20265 -1.23262e-01 |162  0.31675  2.98517e+00
163 -0.38040 -7.01599e-01 |164  0.23607  1.46014e+00 |165  0.05118  1.16954e+00
166  0.11969  2.91495e-01 |167  0.32140 -9.31088e-01 |168  0.27252  8.74455e-02
169  0.01343 -1.05485e+00 |170  0.39319  1.81688e+00 |171  0.09932  1.34488e+01
172  0.16368 -8.92238e+00 |173  0.21870 -2.71840e+00 |174  0.25726  6.47439e+00
175 -0.55411 -4.75146e-02 |176  0.17113  1.20402e-01 |

Intermediate statistics: 176 variables; iteration 20; function evaluation 22; phase 3
Function value 7.3079921e+03; maximum gradient component mag 1.4610e+01
Var    Value     Gradient |Var    Value     Gradient |Var    Value     Gradient
  1 -0.42286 -4.68517e+00 |  2  0.37305  4.88330e+00 |  3 -0.12097  2.16796e+00
  4 -0.02030  2.88216e+00 |  5 -0.70736  2.96744e-03 |  6 -0.60327 -5.43247e-01
  7  0.37932  1.46104e+01 |  8 -0.18089  1.10948e+01 |  9  0.02623  1.09436e+01
 10 -0.60411  3.48872e-01 | 11 -0.62303  4.04567e+00 | 12 -0.08672  1.62947e+00
 13 -0.00973  1.78254e-02 | 14 -0.00994  1.84211e-02 | 15 -0.01015  1.90339e-02
 16 -0.01035  1.96616e-02 | 17 -0.01055  2.03031e-02 | 18 -0.01074  2.09575e-02
 19 -0.01093  2.16216e-02 | 20 -0.01111  2.22928e-02 | 21 -0.01127  2.29693e-02
 22 -0.01143  2.36475e-02 | 23 -0.01157  2.43238e-02 | 24 -0.01170  2.49965e-02
 25 -0.01182  2.56616e-02 | 26 -0.01192  2.63161e-02 | 27 -0.01200  2.69567e-02
 28 -0.01206  2.75801e-02 | 29 -0.01210  2.81816e-02 | 30 -0.01211  2.87579e-02
 31 -0.01210  2.93056e-02 | 32 -0.01207  2.98213e-02 | 33 -0.01201  3.03026e-02
 34 -0.01192  3.07468e-02 | 35 -0.01180  3.11509e-02 | 36 -0.01164  3.15145e-02
 37 -0.01146  3.18362e-02 | 38 -0.01123  3.21171e-02 | 39 -0.01097  3.23592e-02
 40 -0.01067  3.25642e-02 | 41 -0.01033  3.27416e-02 | 42 -0.00995  3.28965e-02
 43 -0.00954  3.30381e-02 | 44 -0.00910  3.31742e-02 | 45 -0.00864  3.33119e-02
 46 -0.00816  3.34590e-02 | 47 -0.00768  3.36208e-02 | 48 -0.00720  3.38022e-02
 49 -0.00673  3.40059e-02 | 50 -0.00629  3.42343e-02 | 51 -0.00588  3.44896e-02
 52 -0.00552  3.47743e-02 | 53 -0.00520  3.51011e-02 | 54 -0.00494  3.54893e-02
 55 -0.00471  3.59633e-02 | 56 -0.00450  3.65531e-02 | 57 -0.00430  3.72921e-02
 58 -0.00407  3.82114e-02 | 59 -0.00380  3.93488e-02 | 60 -0.00346  4.07392e-02
 61 -0.00300  4.24171e-02 | 62 -0.00240  4.44058e-02 | 63 -0.00163  4.67269e-02
 64 -0.00065  4.94003e-02 | 65  0.00058  5.24268e-02 | 66  0.00207  5.58528e-02
 67  0.00386  5.96649e-02 | 68  0.00596  6.38185e-02 | 69  0.00838  6.82186e-02
 70  0.01111  7.26341e-02 | 71  0.01412  7.67136e-02 | 72  0.01735  8.01505e-02
 73  0.02070  8.30204e-02 | 74  0.02402  8.60353e-02 | 75  0.02713  9.00303e-02
 76  0.02980  9.47793e-02 | 77  0.03185  9.91025e-02 | 78  0.03312  1.01650e-01
 79  0.03361  1.02255e-01 | 80  0.03339  1.01688e-01 | 81  0.03258  1.01119e-01
 82  0.03124  1.00657e-01 | 83  0.02930  9.95215e-02 | 84  0.02668  9.62551e-02
 85  0.02333  9.00627e-02 | 86  0.01942  8.23851e-02 | 87  0.01536  7.57818e-02
 88  0.01165  7.08020e-02 | 89  0.00871  6.64841e-02 | 90  0.00666  6.22876e-02
 91  0.00530  5.84509e-02 | 92  0.00424  5.54380e-02 | 93  0.00338  5.41483e-02
 94  0.00317  5.54885e-02 | 95  0.00370  5.88509e-02 | 96  0.00387  6.37679e-02
 97  0.00544  7.19344e-02 | 98  0.00784  8.12798e-02 | 99  0.01143  8.90180e-02
100  0.01124  8.71099e-02 |101  0.00973  8.52556e-02 |102  0.00779  7.60562e-02
103 -0.00020  6.03339e-02 |104  0.00050  6.27460e-02 |105  0.01899  6.68036e-02
106  0.01770  3.08640e-02 |107 -0.00524  2.10209e-02 |108  0.01340 -7.53027e-03
109  0.07890 -2.30203e-04 |110  0.02601 -6.10198e-02 |111 -0.01632  1.01770e-01
112  0.00250  2.24821e-01 |113  0.01745  2.16718e-01 |114  0.03717  1.07613e-01
115  0.00141 -6.11195e-02 |116 -0.06306 -7.63129e-02 |117 -0.07924 -9.70395e-02
118 -0.07772 -1.46018e-02 |119 -0.03469  5.12459e-02 |120  0.07048 -1.36747e-01
121  0.02434 -3.84395e-01 |122  0.01349 -4.30827e-01 |123 -0.02852 -4.17504e-01
124 -0.06738 -1.79546e-01 |125 -0.00581 -3.58408e-01 |126  0.00568 -5.42396e-01
127 -0.02668 -4.27416e-01 |128  0.02846 -5.71872e-01 |129  0.07774 -8.27728e-01
130  0.00905 -2.26710e-01 |131  0.08748 -1.54789e-01 |132  0.00779 -6.38602e-02
133  0.13613  7.71649e-02 |134 -0.00561  5.40730e-02 |135 -0.04661  4.96557e-02
136 -0.05694  1.36629e-02 |137 -0.02137 -2.27089e-02 |138  0.09591 -3.98309e-02
139  0.03184  5.62455e-03 |140  0.01717  2.23168e-02 |141 -0.02811  3.90130e-03
142 -0.01715  3.37900e-02 |143 -0.00699  2.52180e-02 |144 -0.00040  3.13395e-04
145  0.26826  1.45430e-01 |146  0.18101  2.15883e-01 |147  0.04712  3.95515e+00
148  0.29616 -6.58246e+00 |149 -0.47429  5.79325e-02 |150  0.31324 -1.66666e-02
151  0.18196  2.79021e+00 |152  0.25917 -4.24357e+00 |153  0.17443  7.78623e-01
154  0.25397 -1.12871e+00 |155  0.09961 -4.74097e-01 |156  0.29519  6.97842e-01
157  0.17305 -4.81428e-01 |158  0.24078  6.35846e-01 |159 -0.34959  1.79182e-01
160  0.24345 -1.44849e-01 |161  0.20162  2.64699e-01 |162  0.31586 -4.02368e-01
163 -0.37963  1.05359e-01 |164  0.23601 -3.83839e-01 |165  0.05078  2.92599e-01
166  0.11934 -1.21278e+00 |167  0.32151 -6.05175e-03 |168  0.27241  1.01570e+00
169  0.01371  4.00310e-01 |170  0.39161  4.98411e-02 |171  0.09870 -6.62019e+00
172  0.16419  5.91413e+00 |173  0.21843  5.86085e+00 |174  0.25726 -6.88488e+00
175 -0.55397  3.08690e-03 |176  0.17117  5.06729e-02 |
176 variables; iteration 40; function evaluation 45; phase 3
Function value 7.3079557e+03; maximum gradient component mag 1.1618e+01
Var    Value     Gradient |Var    Value     Gradient |Var    Value     Gradient
  1 -0.42284 -3.88402e+00 |  2  0.37282  2.66297e+00 |  3 -0.12131  1.87184e-01
  4 -0.01970  3.52895e+00 |  5 -0.70707  2.21800e-01 |  6 -0.60337 -7.40477e-01
  7  0.37925  1.16177e+01 |  8 -0.18091  8.08914e+00 |  9  0.02628  8.39049e+00
 10 -0.60426  2.94525e-02 | 11 -0.62310  3.14235e+00 | 12 -0.08737  2.17420e+00
 13 -0.00968  1.41821e-02 | 14 -0.00989  1.48205e-02 | 15 -0.01009  1.54814e-02
 16 -0.01030  1.61618e-02 | 17 -0.01049  1.68601e-02 | 18 -0.01069  1.75759e-02
 19 -0.01087  1.83051e-02 | 20 -0.01105  1.90446e-02 | 21 -0.01121  1.97932e-02
 22 -0.01137  2.05467e-02 | 23 -0.01151  2.13013e-02 | 24 -0.01163  2.20569e-02
 25 -0.01175  2.28099e-02 | 26 -0.01184  2.35592e-02 | 27 -0.01192  2.43032e-02
 28 -0.01198  2.50410e-02 | 29 -0.01202  2.57683e-02 | 30 -0.01203  2.64832e-02
 31 -0.01202  2.71832e-02 | 32 -0.01198  2.78671e-02 | 33 -0.01192  2.85360e-02
 34 -0.01183  2.91915e-02 | 35 -0.01171  2.98350e-02 | 36 -0.01155  3.04718e-02
 37 -0.01136  3.11042e-02 | 38 -0.01113  3.17371e-02 | 39 -0.01087  3.23747e-02
 40 -0.01056  3.30215e-02 | 41 -0.01022  3.36887e-02 | 42 -0.00984  3.43852e-02
 43 -0.00943  3.51261e-02 | 44 -0.00899  3.59249e-02 | 45 -0.00853  3.67945e-02
 46 -0.00805  3.77482e-02 | 47 -0.00756  3.87946e-02 | 48 -0.00707  3.99436e-02
 49 -0.00660  4.12021e-02 | 50 -0.00616  4.25773e-02 | 51 -0.00575  4.40728e-02
 52 -0.00538  4.56847e-02 | 53 -0.00507  4.74148e-02 | 54 -0.00480  4.92717e-02
 55 -0.00457  5.12737e-02 | 56 -0.00436  5.34548e-02 | 57 -0.00415  5.58580e-02
 58 -0.00393  5.85170e-02 | 59 -0.00365  6.14720e-02 | 60 -0.00330  6.47601e-02
 61 -0.00285  6.84206e-02 | 62 -0.00225  7.24823e-02 | 63 -0.00147  7.69862e-02
 64 -0.00048  8.19927e-02 | 65  0.00074  8.75613e-02 | 66  0.00224  9.38678e-02
 67  0.00404  1.01035e-01 | 68  0.00614  1.09144e-01 | 69  0.00858  1.18116e-01
 70  0.01132  1.27292e-01 | 71  0.01434  1.35063e-01 | 72  0.01756  1.39134e-01
 73  0.02088  1.38050e-01 | 74  0.02416  1.34079e-01 | 75  0.02723  1.33594e-01
 76  0.02990  1.40021e-01 | 77  0.03197  1.51740e-01 | 78  0.03329  1.64383e-01
 79  0.03382  1.74311e-01 | 80  0.03365  1.82757e-01 | 81  0.03287  1.90329e-01
 82  0.03155  1.95448e-01 | 83  0.02960  1.92760e-01 | 84  0.02692  1.77421e-01
 85  0.02348  1.52381e-01 | 86  0.01951  1.30600e-01 | 87  0.01545  1.21102e-01
 88  0.01176  1.18579e-01 | 89  0.00883  1.15286e-01 | 90  0.00678  1.09071e-01
 91  0.00541  1.01003e-01 | 92  0.00434  9.23317e-02 | 93  0.00345  8.48708e-02
 94  0.00322  7.98556e-02 | 95  0.00373  7.62286e-02 | 96  0.00388  7.34646e-02
 97  0.00542  7.31438e-02 | 98  0.00779  7.22528e-02 | 99  0.01137  6.82365e-02
100  0.01113  4.77997e-02 |101  0.00959  3.10534e-02 |102  0.00763  7.43658e-03
103 -0.00037 -2.16657e-02 |104  0.00031 -4.69063e-02 |105  0.01874 -1.03454e-01
106  0.01740 -1.81964e-01 |107 -0.00553 -1.97019e-01 |108  0.01292 -3.35213e-01
109  0.07850 -5.18822e-01 |110  0.02553 -4.42413e-01 |111 -0.01664 -1.55088e-01
112  0.00206 -6.22386e-02 |113  0.01698 -4.08870e-02 |114  0.03663 -1.83970e-02
115  0.00097  7.81610e-03 |116 -0.06331  1.22783e-01 |117 -0.07949  1.72923e-01
118 -0.07802  2.61031e-01 |119 -0.03498  4.73607e-01 |120  0.07022  8.99330e-01
121  0.02416  2.65674e-01 |122  0.01305 -1.81481e-01 |123 -0.02914 -4.43607e-01
124 -0.06789 -2.84648e-01 |125 -0.00648 -5.29396e-01 |126  0.00506 -7.34117e-01
127 -0.02702 -5.30512e-01 |128  0.02806 -6.73831e-01 |129  0.07762 -7.82244e-01
130  0.00875 -3.32379e-01 |131  0.08711 -2.60018e-01 |132  0.00761 -8.70624e-02
133  0.13582 -9.83549e-02 |134 -0.00570  2.14206e-03 |135 -0.04665  6.15037e-03
136 -0.05696  3.40332e-03 |137 -0.02139 -1.40391e-02 |138  0.09589 -4.08060e-03
139  0.03185  5.91814e-03 |140  0.01711 -3.00943e-02 |141 -0.02813 -2.61267e-02
142 -0.01718  2.19850e-02 |143 -0.00702 -3.49300e-02 |144 -0.00039 -2.83982e-03
145  0.26939  7.21493e-01 |146  0.18191  7.86400e-02 |147  0.04683  2.78811e+00
148  0.29607 -6.48708e+00 |149 -0.47421  5.46647e-02 |150  0.31320 -1.95734e-02
151  0.18198  2.74011e+00 |152  0.25918 -4.42566e+00 |153  0.17435  5.28013e-01
154  0.25402 -7.36602e-01 |155  0.09954 -7.14444e-01 |156  0.29522  1.03412e+00
157  0.22073  1.03365e-01 |158  0.16976  4.22908e-02 |159 -0.34952  4.13981e-01
160  0.24339 -6.83592e-01 |161  0.20151 -1.58970e-03 |162  0.31621  1.40955e+00
163 -0.37952  1.23318e+00 |164  0.23548 -3.53162e+00 |165  0.05078  1.15668e+00
166  0.11947  1.08183e-01 |167  0.32115 -1.69357e+00 |168  0.27251  4.56583e-01
169  0.01351  2.78400e-01 |170  0.39172  8.34416e-02 |171  0.09860 -5.07828e+00
172  0.16412  5.76002e+00 |173  0.21836  4.20588e+00 |174  0.25726 -7.13424e+00
175 -0.55432 -2.74440e-02 |176  0.17105  5.16337e-02 |
176 variables; iteration 60; function evaluation 70; phase 3
Function value 7.3079462e+03; maximum gradient component mag 1.8044e+00
Var    Value     Gradient |Var    Value     Gradient |Var    Value     Gradient
  1 -0.42281 -1.35083e+00 |  2  0.37296  3.43110e-01 |  3 -0.12110 -4.94290e-01
  4 -0.02016  3.00418e-01 |  5 -0.70722  1.02610e-01 |  6 -0.60330 -2.38688e-01
  7  0.37914  1.80443e+00 |  8 -0.18093  1.03850e+00 |  9  0.02619  1.38535e+00
 10 -0.60373  1.79132e-01 | 11 -0.62323  3.24313e-01 | 12 -0.08756  6.11944e-01
 13 -0.00973 -6.42320e-03 | 14 -0.00994 -5.74539e-03 | 15 -0.01015 -5.03399e-03
 16 -0.01035 -4.29985e-03 | 17 -0.01055 -3.54859e-03 | 18 -0.01074 -2.77984e-03
 19 -0.01092 -2.00423e-03 | 20 -0.01110 -1.22774e-03 | 21 -0.01126 -4.49215e-04
 22 -0.01141  3.24289e-04 | 23 -0.01155  1.08781e-03 | 24 -0.01168  1.84943e-03
 25 -0.01179  2.60567e-03 | 26 -0.01189  3.36174e-03 | 27 -0.01197  4.12246e-03
 28 -0.01202  4.89684e-03 | 29 -0.01206  5.68766e-03 | 30 -0.01207  6.50429e-03
 31 -0.01206  7.35080e-03 | 32 -0.01202  8.23260e-03 | 33 -0.01196  9.15912e-03
 34 -0.01186  1.01377e-02 | 35 -0.01174  1.11732e-02 | 36 -0.01158  1.22795e-02
 37 -0.01139  1.34601e-02 | 38 -0.01116  1.47226e-02 | 39 -0.01089  1.60700e-02
 40 -0.01058  1.75052e-02 | 41 -0.01024  1.90323e-02 | 42 -0.00985  2.06520e-02
 43 -0.00944  2.23767e-02 | 44 -0.00899  2.42100e-02 | 45 -0.00852  2.61537e-02
 46 -0.00804  2.82123e-02 | 47 -0.00754  3.03701e-02 | 48 -0.00705  3.26150e-02
 49 -0.00658  3.49164e-02 | 50 -0.00613  3.72400e-02 | 51 -0.00571  3.95370e-02
 52 -0.00534  4.17344e-02 | 53 -0.00502  4.37696e-02 | 54 -0.00475  4.55936e-02
 55 -0.00452  4.71717e-02 | 56 -0.00431  4.84964e-02 | 57 -0.00410  4.95782e-02
 58 -0.00388  5.04019e-02 | 59 -0.00361  5.09589e-02 | 60 -0.00327  5.12538e-02
 61 -0.00282  5.13029e-02 | 62 -0.00223  5.11430e-02 | 63 -0.00146  5.08728e-02
 64 -0.00049  5.06679e-02 | 65  0.00073  5.07501e-02 | 66  0.00221  5.13697e-02
 67  0.00399  5.24472e-02 | 68  0.00609  5.31669e-02 | 69  0.00849  5.18097e-02
 70  0.01119  4.68329e-02 | 71  0.01416  4.12978e-02 | 72  0.01741  4.75970e-02
 73  0.02091  7.93817e-02 | 74  0.02445  1.22725e-01 | 75  0.02760  1.29374e-01
 76  0.03001  7.93589e-02 | 77  0.03170  1.54191e-02 | 78  0.03291  3.77269e-03
 79  0.03365  4.87494e-02 | 80  0.03379  1.10302e-01 | 81  0.03305  1.21471e-01
 82  0.03144  7.26989e-02 | 83  0.02915  2.46868e-03 | 84  0.02646 -1.56153e-02
 85  0.02343  4.04470e-02 | 86  0.01980  9.03548e-02 | 87  0.01571  8.09567e-02
 88  0.01191  5.68510e-02 | 89  0.00894  4.71360e-02 | 90  0.00689  4.31677e-02
 91  0.00551  3.66628e-02 | 92  0.00443  2.60673e-02 | 93  0.00351  1.33515e-02
 94  0.00325  1.42513e-03 | 95  0.00372 -1.03248e-02 | 96  0.00382 -2.37856e-02
 97  0.00535 -2.92656e-02 | 98  0.00772 -2.96616e-02 | 99  0.01129 -2.66178e-02
100  0.01105 -3.10582e-02 |101  0.00953 -2.24807e-02 |102  0.00763  2.06202e-03
103 -0.00024  3.72429e-02 |104  0.00064  8.87371e-02 |105  0.01906  8.60531e-02
106  0.01750 -1.92307e-02 |107 -0.00553 -1.03365e-01 |108  0.01322 -1.21618e-01
109  0.07818 -3.06358e-01 |110  0.02614 -1.10224e-01 |111 -0.01658 -7.73742e-02
112  0.00175 -1.86893e-01 |113  0.01700 -1.15559e-01 |114  0.03673 -6.66285e-02
115  0.00117  2.61822e-02 |116 -0.06330  1.32100e-02 |117 -0.07960 -5.60401e-02
118 -0.07807 -2.04890e-03 |119 -0.03504  7.24125e-02 |120  0.06988  6.53072e-02
121  0.02405  7.08790e-02 |122  0.01313  1.00271e-03 |123 -0.02878 -4.65610e-02
124 -0.06776 -7.90012e-02 |125 -0.00628 -1.28323e-01 |126  0.00518 -2.28776e-01
127 -0.02659 -6.53907e-02 |128  0.02822 -2.11418e-01 |129  0.07779 -1.95674e-01
130  0.00908 -3.41893e-02 |131  0.08712 -4.08885e-02 |132  0.00765 -8.81100e-03
133  0.13582 -2.61923e-02 |134 -0.00569 -9.31647e-03 |135 -0.04661  3.85670e-02
136 -0.05692  6.21247e-03 |137 -0.02135  8.65637e-03 |138  0.09591  2.21732e-03
139  0.03180 -1.73114e-02 |140  0.01719  6.37491e-03 |141 -0.02799  3.48155e-02
142 -0.01728 -2.13597e-02 |143 -0.00699 -2.16304e-03 |144 -0.00038  2.89696e-03
145  0.26952  1.89895e-01 |146  0.18186  1.06840e-01 |147  0.04694  4.82106e-01
148  0.29633 -1.04474e+00 |149 -0.47392  1.46408e-01 |150  0.31317 -6.12509e-02
151  0.18168  5.27178e-01 |152  0.25916 -7.98051e-01 |153  0.17444  2.20929e-01
154  0.25412 -4.27200e-02 |155  0.10013 -6.15681e-02 |156  0.29536  1.65920e-01
157  0.19236 -5.45034e-02 |158  0.13856  5.56383e-02 |159 -0.34961  1.59485e-01
160  0.24346 -1.51595e-01 |161  0.20087 -2.56322e-01 |162  0.31581  2.36623e-01
163 -0.37977  1.71305e-01 |164  0.23588 -7.27663e-01 |165  0.05059  2.23209e-01
166  0.11948  1.13737e-01 |167  0.32140 -3.05972e-01 |168  0.27247  1.62001e-01
169  0.01350  2.20835e-01 |170  0.39167  1.14351e-01 |171  0.09868 -7.94836e-01
172  0.16404  1.05237e+00 |173  0.21830  6.95158e-01 |174  0.25731 -1.22028e+00
175 -0.55295  3.14001e-02 |176  0.17173  1.39407e-01 |

 - final statistics:
176 variables; iteration 65; function evaluation 75
Function value 7.3079e+03; maximum gradient component mag 9.3693e-01
Exit code = 1;  converg criter 1.0000e+00
Var    Value     Gradient |Var    Value     Gradient |Var    Value     Gradient
  1 -0.42282 -8.66948e-01 |  2  0.37297  1.60041e-01 |  3 -0.12108 -3.73264e-01
  4 -0.02019  1.02382e-01 |  5 -0.70740  2.62591e-03 |  6 -0.60329 -1.43895e-01
  7  0.37911  9.36926e-01 |  8 -0.18094  4.88352e-01 |  9  0.02621  7.30415e-01
 10 -0.60389  4.23113e-02 | 11 -0.62322  1.36130e-01 | 12 -0.08733  3.71020e-01
 13 -0.00974 -1.17323e-02 | 14 -0.00995 -1.09357e-02 | 15 -0.01015 -1.01151e-02
 16 -0.01035 -9.28646e-03 | 17 -0.01055 -8.45899e-03 | 18 -0.01074 -7.63442e-03
 19 -0.01092 -6.82801e-03 | 20 -0.01110 -6.04894e-03 | 21 -0.01126 -5.29733e-03
 22 -0.01141 -4.58335e-03 | 23 -0.01155 -3.91429e-03 | 24 -0.01168 -3.28156e-03
 25 -0.01179 -2.69063e-03 | 26 -0.01189 -2.13648e-03 | 27 -0.01197 -1.61471e-03
 28 -0.01202 -1.11597e-03 | 29 -0.01206 -6.38467e-04 | 30 -0.01207 -1.73130e-04
 31 -0.01206  2.82030e-04 | 32 -0.01202  7.30006e-04 | 33 -0.01196  1.17815e-03
 34 -0.01187  1.63113e-03 | 35 -0.01174  2.09098e-03 | 36 -0.01159  2.57090e-03
 37 -0.01140  3.07249e-03 | 38 -0.01117  3.60318e-03 | 39 -0.01090  4.16556e-03
 40 -0.01059  4.76410e-03 | 41 -0.01025  5.40213e-03 | 42 -0.00987  6.08233e-03
 43 -0.00946  6.82390e-03 | 44 -0.00901  7.63708e-03 | 45 -0.00854  8.53327e-03
 46 -0.00806  9.52990e-03 | 47 -0.00757  1.06183e-02 | 48 -0.00708  1.17973e-02
 49 -0.00661  1.30421e-02 | 50 -0.00616  1.43269e-02 | 51 -0.00575  1.56124e-02
 52 -0.00538  1.68312e-02 | 53 -0.00506  1.79283e-02 | 54 -0.00479  1.88636e-02
 55 -0.00456  1.96133e-02 | 56 -0.00435  2.01886e-02 | 57 -0.00415  2.06276e-02
 58 -0.00393  2.09408e-02 | 59 -0.00366  2.11403e-02 | 60 -0.00332  2.12582e-02
 61 -0.00286  2.13332e-02 | 62 -0.00227  2.14341e-02 | 63 -0.00151  2.17050e-02
 64 -0.00053  2.23914e-02 | 65  0.00069  2.38134e-02 | 66  0.00218  2.62731e-02
 67  0.00397  2.96194e-02 | 68  0.00607  3.26322e-02 | 69  0.00848  3.29828e-02
 70  0.01118  2.92047e-02 | 71  0.01417  2.64298e-02 | 72  0.01744  3.86730e-02
 73  0.02095  7.21067e-02 | 74  0.02440  9.95661e-02 | 75  0.02744  8.66576e-02
 76  0.02992  5.04808e-02 | 77  0.03184  3.11808e-02 | 78  0.03315  3.91583e-02
 79  0.03373  5.60620e-02 | 80  0.03362  7.41463e-02 | 81  0.03287  8.45028e-02
 82  0.03146  7.51820e-02 | 83  0.02934  3.88976e-02 | 84  0.02656  7.66002e-03
 85  0.02337  3.16678e-02 | 86  0.01973  8.06863e-02 | 87  0.01569  8.21874e-02
 88  0.01188  5.90445e-02 | 89  0.00891  4.90639e-02 | 90  0.00686  4.59911e-02
 91  0.00548  3.97271e-02 | 92  0.00439  2.85484e-02 | 93  0.00347  1.56322e-02
 94  0.00321  5.55551e-03 | 95  0.00370 -2.29784e-03 | 96  0.00381 -1.08651e-02
 97  0.00537 -8.25010e-03 | 98  0.00777 -5.97490e-04 | 99  0.01137  7.48126e-03
100  0.01113  1.45311e-03 |101  0.00959  1.30982e-04 |102  0.00766  8.38653e-03
103 -0.00028  1.73354e-02 |104  0.00048  3.02595e-02 |105  0.01890  1.92279e-02
106  0.01736 -6.20721e-02 |107 -0.00540 -3.61745e-02 |108  0.01337 -3.40131e-02
109  0.07836 -1.59619e-01 |110  0.02614 -2.81115e-02 |111 -0.01656 -4.23578e-02
112  0.00181 -1.61589e-01 |113  0.01703 -1.16836e-01 |114  0.03666 -8.20843e-02
115  0.00134  1.04595e-01 |116 -0.06315  8.53646e-02 |117 -0.07964 -8.74154e-02
118 -0.07801 -1.44496e-02 |119 -0.03504  2.78665e-02 |120  0.06997  5.14262e-02
121  0.02395  6.89292e-03 |122  0.01321  1.48438e-02 |123 -0.02866  5.52292e-03
124 -0.06771 -5.44076e-02 |125 -0.00618 -5.46703e-02 |126  0.00532 -1.15508e-01
127 -0.02647  1.88340e-02 |128  0.02835 -1.09517e-01 |129  0.07791 -7.55942e-02
130  0.00902 -5.38087e-02 |131  0.08713 -2.34274e-02 |132  0.00761 -2.38938e-02
133  0.13587 -2.92079e-03 |134 -0.00570 -2.93637e-02 |135 -0.04658  4.06298e-02
136 -0.05687  1.25300e-02 |137 -0.02130  2.44556e-02 |138  0.09592  1.64885e-02
139  0.03189  3.55591e-03 |140  0.01722  1.07688e-02 |141 -0.02801  2.02096e-02
142 -0.01725 -1.45111e-02 |143 -0.00699 -2.44418e-03 |144 -0.00038  4.48690e-03
145  0.26918  1.08354e-01 |146  0.18166  7.43031e-02 |147  0.04695  2.66922e-01
148  0.29636 -5.45861e-01 |149 -0.47414  6.76844e-02 |150  0.31329 -2.50359e-02
151  0.18168  3.26541e-01 |152  0.25918 -4.23688e-01 |153  0.17440  1.37807e-01
154  0.25410 -1.61611e-02 |155  0.10013 -3.35060e-02 |156  0.29536  8.20152e-02
157  0.19316 -3.95522e-02 |158  0.13544  4.33170e-02 |159 -0.34963  1.22191e-01
160  0.24347 -7.73121e-02 |161  0.20100 -1.47678e-01 |162  0.31583  1.38219e-01
163 -0.37950  9.94334e-02 |164  0.23603 -4.05314e-01 |165  0.05055  1.28739e-01
166  0.11947  7.28620e-02 |167  0.32142 -1.64661e-01 |168  0.27246  9.70451e-02
169  0.01348  1.70265e-01 |170  0.39169  1.55153e-01 |171  0.09869 -4.19922e-01
172  0.16403  5.84947e-01 |173  0.21829  3.78159e-01 |174  0.25732 -6.56101e-01
175 -0.55338  2.77047e-02 |176  0.17143  5.86427e-02 |

Initial statistics: 200 variables; iteration 0; function evaluation 0; phase 4
Function value 7.3079456e+03; maximum gradient component mag 7.3261e+01
Var    Value     Gradient |Var    Value     Gradient |Var    Value     Gradient
  1 -0.42282 -8.66948e-01 |  2  0.37297  1.60041e-01 |  3 -0.12108 -3.73264e-01
  4 -0.02019  1.02382e-01 |  5 -0.70740  2.62591e-03 |  6 -0.60329 -1.43895e-01
  7  0.37911  9.36926e-01 |  8 -0.18094  4.88352e-01 |  9  0.02621  7.30415e-01
 10 -0.60389  4.23113e-02 | 11 -0.62322  1.36130e-01 | 12 -0.08733  3.71020e-01
 13 -0.00974 -1.17323e-02 | 14 -0.00995 -1.09357e-02 | 15 -0.01015 -1.01151e-02
 16 -0.01035 -9.28646e-03 | 17 -0.01055 -8.45899e-03 | 18 -0.01074 -7.63442e-03
 19 -0.01092 -6.82801e-03 | 20 -0.01110 -6.04894e-03 | 21 -0.01126 -5.29733e-03
 22 -0.01141 -4.58335e-03 | 23 -0.01155 -3.91429e-03 | 24 -0.01168 -3.28156e-03
 25 -0.01179 -2.69063e-03 | 26 -0.01189 -2.13648e-03 | 27 -0.01197 -1.61471e-03
 28 -0.01202 -1.11597e-03 | 29 -0.01206 -6.38467e-04 | 30 -0.01207 -1.73130e-04
 31 -0.01206  2.82030e-04 | 32 -0.01202  7.30006e-04 | 33 -0.01196  1.17815e-03
 34 -0.01187  1.63113e-03 | 35 -0.01174  2.09098e-03 | 36 -0.01159  2.57090e-03
 37 -0.01140  3.07249e-03 | 38 -0.01117  3.60318e-03 | 39 -0.01090  4.16556e-03
 40 -0.01059  4.76410e-03 | 41 -0.01025  5.40213e-03 | 42 -0.00987  6.08233e-03
 43 -0.00946  6.82390e-03 | 44 -0.00901  7.63708e-03 | 45 -0.00854  8.53327e-03
 46 -0.00806  9.52990e-03 | 47 -0.00757  1.06183e-02 | 48 -0.00708  1.17973e-02
 49 -0.00661  1.30421e-02 | 50 -0.00616  1.43269e-02 | 51 -0.00575  1.56124e-02
 52 -0.00538  1.68312e-02 | 53 -0.00506  1.79283e-02 | 54 -0.00479  1.88636e-02
 55 -0.00456  1.96133e-02 | 56 -0.00435  2.01886e-02 | 57 -0.00415  2.06276e-02
 58 -0.00393  2.09408e-02 | 59 -0.00366  2.11403e-02 | 60 -0.00332  2.12582e-02
 61 -0.00286  2.13332e-02 | 62 -0.00227  2.14341e-02 | 63 -0.00151  2.17050e-02
 64 -0.00053  2.23914e-02 | 65  0.00069  2.38134e-02 | 66  0.00218  2.62731e-02
 67  0.00397  2.96194e-02 | 68  0.00607  3.26322e-02 | 69  0.00848  3.29828e-02
 70  0.01118  2.92047e-02 | 71  0.01417  2.64298e-02 | 72  0.01744  3.86730e-02
 73  0.02095  7.21067e-02 | 74  0.02440  9.95661e-02 | 75  0.02744  8.66576e-02
 76  0.02992  5.04808e-02 | 77  0.03184  3.11808e-02 | 78  0.03315  3.91583e-02
 79  0.03373  5.60620e-02 | 80  0.03362  7.41463e-02 | 81  0.03287  8.45028e-02
 82  0.03146  7.51820e-02 | 83  0.02934  3.88976e-02 | 84  0.02656  7.66002e-03
 85  0.02337  3.16678e-02 | 86  0.01973  8.06863e-02 | 87  0.01569  8.21874e-02
 88  0.01188  5.90445e-02 | 89  0.00891  4.90639e-02 | 90  0.00686  4.59911e-02
 91  0.00548  3.97271e-02 | 92  0.00439  2.85484e-02 | 93  0.00347  1.56322e-02
 94  0.00321  5.55551e-03 | 95  0.00370 -2.29784e-03 | 96  0.00381 -1.08651e-02
 97  0.00537 -8.25010e-03 | 98  0.00777 -5.97490e-04 | 99  0.01137  7.48126e-03
100  0.01113  1.45311e-03 |101  0.00959  1.30982e-04 |102  0.00766  8.38653e-03
103 -0.00028  1.73354e-02 |104  0.00048  3.02595e-02 |105  0.01890  1.92279e-02
106  0.01736 -6.20721e-02 |107 -0.00540 -3.61745e-02 |108  0.01337 -3.40131e-02
109  0.07836 -1.59619e-01 |110  0.02614 -2.81115e-02 |111 -0.01656 -4.23578e-02
112  0.00181 -1.61589e-01 |113  0.01703 -1.16836e-01 |114  0.03666 -8.20843e-02
115  0.00134  1.04595e-01 |116 -0.06315  8.53646e-02 |117 -0.07964 -8.74154e-02
118 -0.07801 -1.44496e-02 |119 -0.03504  2.78665e-02 |120  0.06997  5.14262e-02
121  0.02395  6.89292e-03 |122  0.01321  1.48438e-02 |123 -0.02866  5.52292e-03
124 -0.06771 -5.44076e-02 |125 -0.00618 -5.46703e-02 |126  0.00532 -1.15508e-01
127 -0.02647  1.88340e-02 |128  0.02835 -1.09517e-01 |129  0.07791 -7.55942e-02
130  0.00902 -5.38087e-02 |131  0.08713 -2.34274e-02 |132  0.00761 -2.38938e-02
133  0.13587 -2.92079e-03 |134 -0.00570 -2.93637e-02 |135 -0.04658  4.06298e-02
136 -0.05687  1.25300e-02 |137 -0.02130  2.44556e-02 |138  0.09592  1.64885e-02
139  0.03189  3.55591e-03 |140  0.01722  1.07688e-02 |141 -0.02801  2.02096e-02
142 -0.01725 -1.45111e-02 |143 -0.00699 -2.44418e-03 |144 -0.00038  4.48690e-03
145  0.26918  1.08354e-01 |146  0.18166  7.43031e-02 |147  0.04695  2.66922e-01
148  0.29636 -5.45861e-01 |149  0.01638  1.89267e+00 |150 -0.11477  2.20869e+01
151 -0.47414  6.76844e-02 |152  0.31329 -2.50359e-02 |153  0.04878  1.66856e-01
154 -0.23502 -2.59832e-01 |155  0.18168  3.26541e-01 |156  0.25918 -4.23688e-01
157  0.17440  1.37807e-01 |158  0.25410 -1.61611e-02 |159  0.00587  5.91516e-02
160 -0.09827  1.39432e+01 |161  0.10013 -3.35060e-02 |162  0.29536  8.20152e-02
163  0.19316 -3.95522e-02 |164  0.13544  4.33170e-02 |165 -0.34963  1.22191e-01
166  0.24347 -7.73121e-02 |167  0.05275 -3.65808e-01 |168 -0.18762  9.10311e-01
169  0.20100 -1.47678e-01 |170  0.31583  1.38219e-01 |171  0.07774  2.47431e+00
172 -0.53183  7.68517e-05 |173 -0.37950  9.94334e-02 |174  0.23603 -4.05314e-01
175  0.07820 -6.03282e-02 |176 -0.12196 -7.67391e+00 |177  0.05055  1.28739e-01
178  0.11947  7.28620e-02 |179  0.32142 -1.64661e-01 |180  0.27246  9.70451e-02
181  0.00546  5.47067e-02 |182  0.00907  7.45127e-01 |183 -0.15012  6.61909e+00
184 -0.12571  2.14849e+01 |185  0.01348  1.70265e-01 |186  0.39169  1.55153e-01
187  0.01863  1.06953e+00 |188 -0.15435  3.11244e+00 |189  0.09869 -4.19922e-01
190  0.16403  5.84947e-01 |191  0.21829  3.78159e-01 |192  0.25732 -6.56101e-01
193  0.02453  1.12657e+01 |194 -0.00648 -8.12086e-01 |195 -0.17628  3.56444e+01
196 -0.11429  7.32605e+01 |197 -0.55338  2.77047e-02 |198  0.17143  5.86427e-02
199  0.09511  1.35427e+00 |200 -0.25343  2.42875e-01 |

Intermediate statistics: 200 variables; iteration 20; function evaluation 24; phase 4
Function value 7.3074743e+03; maximum gradient component mag -2.8004e+01
Var    Value     Gradient |Var    Value     Gradient |Var    Value     Gradient
  1 -0.42413 -3.23577e+00 |  2  0.37323 -2.80039e+01 |  3 -0.11594  5.22691e+00
  4 -0.02455 -7.26405e+00 |  5 -0.70418  5.82490e-01 |  6 -0.60342  4.08348e-02
  7  0.38032  8.80289e+00 |  8 -0.17606  2.04371e+01 |  9  0.02089  1.20528e+01
 10 -0.60051  2.14752e+00 | 11 -0.62284  7.73667e+00 | 12 -0.07914 -1.19877e+01
 13 -0.00945  5.07969e-03 | 14 -0.00966  5.34852e-03 | 15 -0.00986  5.62875e-03
 16 -0.01005  5.91976e-03 | 17 -0.01024  6.21915e-03 | 18 -0.01043  6.52907e-03
 19 -0.01060  6.84933e-03 | 20 -0.01077  7.17930e-03 | 21 -0.01093  7.51907e-03
 22 -0.01107  7.86756e-03 | 23 -0.01121  8.22373e-03 | 24 -0.01133  8.58792e-03
 25 -0.01143  8.95997e-03 | 26 -0.01152  9.34163e-03 | 27 -0.01159  9.73531e-03
 28 -0.01164  1.01432e-02 | 29 -0.01166  1.05647e-02 | 30 -0.01166  1.09989e-02
 31 -0.01164  1.14427e-02 | 32 -0.01159  1.18951e-02 | 33 -0.01152  1.23548e-02
 34 -0.01142  1.28213e-02 | 35 -0.01128  1.32937e-02 | 36 -0.01111  1.37715e-02
 37 -0.01091  1.42525e-02 | 38 -0.01067  1.47325e-02 | 39 -0.01039  1.52067e-02
 40 -0.01007  1.56773e-02 | 41 -0.00971  1.61273e-02 | 42 -0.00931  1.65574e-02
 43 -0.00889  1.69660e-02 | 44 -0.00843  1.73491e-02 | 45 -0.00795  1.77030e-02
 46 -0.00745  1.80238e-02 | 47 -0.00695  1.83006e-02 | 48 -0.00644  1.85194e-02
 49 -0.00596  1.86535e-02 | 50 -0.00550  1.86618e-02 | 51 -0.00508  1.84893e-02
 52 -0.00470  1.80772e-02 | 53 -0.00437  1.73779e-02 | 54 -0.00409  1.63696e-02
 55 -0.00385  1.50491e-02 | 56 -0.00363  1.34114e-02 | 57 -0.00342  1.14405e-02
 58 -0.00319  9.11356e-03 | 59 -0.00292  6.40284e-03 | 60 -0.00257  3.28361e-03
 61 -0.00211 -2.72194e-04 | 62 -0.00152 -4.28663e-03 | 63 -0.00075 -8.78190e-03
 64  0.00022 -1.37791e-02 | 65  0.00144 -1.92947e-02 | 66  0.00292 -2.53561e-02
 67  0.00470 -3.20339e-02 | 68  0.00678 -3.95646e-02 | 69  0.00919 -4.83973e-02
 70  0.01190 -5.89512e-02 | 71  0.01489 -7.05532e-02 | 72  0.01812 -8.05301e-02
 73  0.02149 -8.68840e-02 | 74  0.02483 -9.45487e-02 | 75  0.02791 -1.11877e-01
 76  0.03050 -1.36059e-01 | 77  0.03248 -1.56852e-01 | 78  0.03372 -1.70455e-01
 79  0.03420 -1.81287e-01 | 80  0.03396 -1.91575e-01 | 81  0.03312 -2.03985e-01
 82  0.03170 -2.21604e-01 | 83  0.02966 -2.45564e-01 | 84  0.02695 -2.66924e-01
 85  0.02361 -2.74517e-01 | 86  0.01973 -2.77330e-01 | 87  0.01565 -2.90422e-01
 88  0.01189 -3.08571e-01 | 89  0.00892 -3.26644e-01 | 90  0.00686 -3.47367e-01
 91  0.00549 -3.72722e-01 | 92  0.00441 -4.02094e-01 | 93  0.00352 -4.33883e-01
 94  0.00325 -4.66647e-01 | 95  0.00368 -4.98399e-01 | 96  0.00372 -5.26462e-01
 97  0.00512 -5.48727e-01 | 98  0.00732 -5.68580e-01 | 99  0.01069 -5.76221e-01
100  0.01032 -5.68446e-01 |101  0.00869 -5.27596e-01 |102  0.00665 -4.40574e-01
103 -0.00134 -3.20807e-01 |104 -0.00061 -2.00783e-01 |105  0.01770 -1.46923e-02
106  0.01633  2.55176e-01 |107 -0.00612  3.93802e-01 |108  0.01290  6.86319e-01
109  0.07715  1.40624e+00 |110  0.02466  1.14611e+00 |111 -0.01772  7.87983e-01
112  0.00072  9.07424e-01 |113  0.01575  9.11592e-01 |114  0.03529  7.84223e-01
115 -0.00087  4.60585e-01 |116 -0.06505 -3.21947e-02 |117 -0.08123 -1.10597e-01
118 -0.07996 -1.50694e-01 |119 -0.03679 -1.37144e-01 |120  0.06875 -8.84194e-02
121  0.02253 -3.81459e-01 |122  0.01115 -8.68419e-01 |123 -0.03063 -6.61985e-01
124 -0.06903 -7.35837e-01 |125 -0.00806 -8.14267e-01 |126  0.00372 -7.02562e-01
127 -0.02824 -3.88008e-01 |128  0.02651 -4.29780e-01 |129  0.07639 -6.10319e-01
130  0.00727  3.51391e-03 |131  0.08656 -2.69834e-01 |132  0.00733  1.10031e-01
133  0.13585 -1.83863e-02 |134 -0.00638 -4.00163e-02 |135 -0.04708 -1.68661e-01
136 -0.05711  2.24203e-02 |137 -0.02113 -1.40938e-03 |138  0.09701  2.68038e-02
139  0.03209  7.17697e-02 |140  0.01755 -1.10831e-01 |141 -0.02799  1.00281e-02
142 -0.01699  7.95372e-02 |143 -0.00738 -1.38175e-01 |144 -0.00040 -2.60530e-03
145  0.25973  2.49344e-01 |146  0.17455 -6.02247e+00 |147  0.04508  1.17340e+00
148  0.29533 -4.67280e+00 |149  0.02008  1.03049e+00 |150 -0.12066  6.63078e+00
151 -0.47400 -1.21340e-02 |152  0.31323  2.29429e-02 |153  0.04885  6.84946e-02
154 -0.23484  1.69856e-01 |155  0.17655 -2.01876e+00 |156  0.25785  2.77601e+00
157  0.17227 -1.30880e+00 |158  0.25312  1.65014e+00 |159  0.00913  6.60837e-03
160 -0.10396  5.10264e+00 |161  0.09251  4.43705e-01 |162  0.29320 -1.66324e+00
163  0.19382 -1.65061e-01 |164  0.13501  9.99725e-02 |165 -0.35046  3.35553e-01
166  0.24294 -1.03635e+00 |167  0.05312 -6.99426e-01 |168 -0.18894 -1.13734e+00
169  0.20267 -1.18346e+00 |170  0.31631  1.15393e+00 |171  0.07692 -4.97414e+00
172 -0.53183 -8.72622e-04 |173 -0.38034  1.15122e+00 |174  0.23578 -2.49371e+00
175  0.08021 -2.85183e-01 |176 -0.12180  3.18207e+00 |177  0.04878 -2.51716e-01
178  0.11650 -2.24829e+00 |179  0.32084  2.47454e-01 |180  0.27122  1.54693e+00
181  0.00766 -6.42700e-01 |182  0.01367  4.11213e-01 |183 -0.15447  1.41747e+00
184 -0.13080  4.78349e+00 |185  0.01291  1.40136e-02 |186  0.39115 -1.91827e-02
187  0.01924 -1.76640e-01 |188 -0.15888  1.06571e-01 |189  0.09776 -2.69817e+01
190  0.16217  1.88733e+01 |191  0.21818  1.90468e+01 |192  0.25626 -1.18429e+01
193  0.02533 -2.16685e+01 |194 -0.00083  6.95109e+00 |195 -0.18181 -1.13513e+01
196 -0.11975  1.56713e+01 |197 -0.55319 -1.48410e+00 |198  0.17112  5.38238e-03
199  0.09421 -1.75114e+01 |200 -0.25595 -5.75798e+00 |
200 variables; iteration 40; function evaluation 45; phase 4
Function value 7.3074420e+03; maximum gradient component mag -3.1209e+01
Var    Value     Gradient |Var    Value     Gradient |Var    Value     Gradient
  1 -0.42440 -6.77038e-02 |  2  0.37306 -2.42154e+01 |  3 -0.11580  9.97258e+00
  4 -0.02417 -2.57605e+00 |  5 -0.70418  2.15063e-01 |  6 -0.60369 -2.31407e+00
  7  0.38003  1.17744e+01 |  8 -0.17585  2.29878e+01 |  9  0.02133  1.48748e+01
 10 -0.60127  1.71271e+00 | 11 -0.62281  8.35355e+00 | 12 -0.06705 -1.53991e+01
 13 -0.00959 -3.95295e-02 | 14 -0.00980 -4.04226e-02 | 15 -0.01000 -4.13406e-02
 16 -0.01020 -4.22887e-02 | 17 -0.01039 -4.32712e-02 | 18 -0.01058 -4.42892e-02
 19 -0.01076 -4.53474e-02 | 20 -0.01093 -4.64491e-02 | 21 -0.01109 -4.75952e-02
 22 -0.01124 -4.87891e-02 | 23 -0.01138 -5.00335e-02 | 24 -0.01150 -5.13271e-02
 25 -0.01161 -5.26728e-02 | 26 -0.01170 -5.40717e-02 | 27 -0.01178 -5.55259e-02
 28 -0.01183 -5.70366e-02 | 29 -0.01186 -5.86052e-02 | 30 -0.01186 -6.02289e-02
 31 -0.01185 -6.19080e-02 | 32 -0.01180 -6.36447e-02 | 33 -0.01173 -6.54426e-02
 34 -0.01163 -6.73082e-02 | 35 -0.01150 -6.92508e-02 | 36 -0.01133 -7.12771e-02
 37 -0.01113 -7.33953e-02 | 38 -0.01089 -7.56105e-02 | 39 -0.01062 -7.79255e-02
 40 -0.01030 -8.03357e-02 | 41 -0.00994 -8.28552e-02 | 42 -0.00955 -8.54877e-02
 43 -0.00912 -8.82415e-02 | 44 -0.00867 -9.11310e-02 | 45 -0.00819 -9.41693e-02
 46 -0.00769 -9.73671e-02 | 47 -0.00719 -1.00748e-01 | 48 -0.00669 -1.04334e-01
 49 -0.00620 -1.08166e-01 | 50 -0.00574 -1.12290e-01 | 51 -0.00532 -1.16748e-01
 52 -0.00494 -1.21566e-01 | 53 -0.00461 -1.26760e-01 | 54 -0.00433 -1.32336e-01
 55 -0.00409 -1.38322e-01 | 56 -0.00387 -1.44787e-01 | 57 -0.00366 -1.51821e-01
 58 -0.00343 -1.59505e-01 | 59 -0.00315 -1.67946e-01 | 60 -0.00280 -1.77237e-01
 61 -0.00235 -1.87494e-01 | 62 -0.00176 -1.98807e-01 | 63 -0.00100 -2.11279e-01
 64 -0.00004 -2.25021e-01 | 65  0.00116 -2.40071e-01 | 66  0.00263 -2.56708e-01
 67  0.00439 -2.75121e-01 | 68  0.00646 -2.95821e-01 | 69  0.00884 -3.19681e-01
 70  0.01152 -3.47263e-01 | 71  0.01448 -3.77399e-01 | 72  0.01768 -4.06624e-01
 73  0.02101 -4.33692e-01 | 74  0.02431 -4.65370e-01 | 75  0.02733 -5.08783e-01
 76  0.02987 -5.58107e-01 | 77  0.03178 -6.03399e-01 | 78  0.03296 -6.42144e-01
 79  0.03335 -6.77716e-01 | 80  0.03305 -7.11454e-01 | 81  0.03213 -7.44943e-01
 82  0.03066 -7.80371e-01 | 83  0.02857 -8.18770e-01 | 84  0.02582 -8.52688e-01
 85  0.02243 -8.70025e-01 | 86  0.01852 -8.77011e-01 | 87  0.01440 -8.93193e-01
 88  0.01060 -9.17213e-01 | 89  0.00756 -9.43204e-01 | 90  0.00543 -9.73881e-01
 91  0.00396 -1.01074e+00 | 92  0.00280 -1.05054e+00 | 93  0.00182 -1.08968e+00
 94  0.00150 -1.12736e+00 | 95  0.00195 -1.15954e+00 | 96  0.00211 -1.17436e+00
 97  0.00369 -1.17986e+00 | 98  0.00612 -1.17551e+00 | 99  0.00969 -1.15601e+00
100  0.00958 -1.08488e+00 |101  0.00818 -9.68123e-01 |102  0.00638 -7.95439e-01
103 -0.00133 -5.63395e-01 |104 -0.00046 -3.50039e-01 |105  0.01797 -7.44880e-02
106  0.01697  3.40230e-01 |107 -0.00557  5.92726e-01 |108  0.01321  1.02777e+00
109  0.07853  2.21994e+00 |110  0.02616  1.90408e+00 |111 -0.01658  1.40205e+00
112  0.00204  1.67551e+00 |113  0.01725  1.89137e+00 |114  0.03704  2.02436e+00
115  0.00100  1.53086e+00 |116 -0.06331  7.69232e-01 |117 -0.07946  6.25754e-01
118 -0.07812  5.81274e-01 |119 -0.03508  7.92840e-01 |120  0.07098  1.87648e+00
121  0.02447  1.01849e+00 |122  0.01337  4.33314e-01 |123 -0.02857  2.72839e-01
124 -0.06731 -8.15934e-02 |125 -0.00596  1.26433e-01 |126  0.00583  1.85111e-01
127 -0.02642  2.49055e-01 |128  0.02839  2.98267e-01 |129  0.07835  2.95015e-01
130  0.00863  3.73235e-01 |131  0.08800  2.80712e-01 |132  0.00817  3.28816e-01
133  0.13691  4.12598e-01 |134 -0.00561  8.97596e-02 |135 -0.04651 -9.76239e-02
136 -0.05663  6.22983e-02 |137 -0.02073  9.00746e-03 |138  0.09754  7.21348e-04
139  0.03243  5.44825e-02 |140  0.01770 -1.29121e-01 |141 -0.02799 -7.46410e-03
142 -0.01706  7.28818e-02 |143 -0.00727 -1.36996e-01 |144 -0.00038  2.78739e-04
145  0.24167 -6.62424e-01 |146  0.15828 -6.07152e+00 |147  0.04477 -3.57239e+00
148  0.29556  1.07934e+00 |149  0.02002 -2.61392e+00 |150 -0.12140 -5.29809e-01
151 -0.47422 -3.12874e-02 |152  0.31354  2.97431e-02 |153  0.04885 -1.71571e-02
154 -0.23529  1.00195e-01 |155  0.17612 -2.19875e+00 |156  0.25802  3.77052e+00
157  0.17222 -2.11445e+00 |158  0.25329  2.79222e+00 |159  0.00903 -5.23343e-01
160 -0.10438  3.60157e+00 |161  0.09219 -1.48824e+00 |162  0.29375  3.46306e+00
163  0.19867 -1.19313e-01 |164  0.13213  7.17956e-02 |165 -0.35087 -5.18848e-01
166  0.24323  7.27462e-01 |167  0.05334 -1.46806e+00 |168 -0.18847 -7.43763e-02
169  0.20342 -2.08952e+00 |170  0.31645  2.10045e+00 |171  0.07656 -1.03418e+01
172 -0.53181 -1.37022e-03 |173 -0.38696  7.90762e-01 |174  0.23382 -1.77442e+00
175  0.08217  2.49817e-01 |176 -0.12199  3.98497e+00 |177  0.04550 -1.31027e-01
178  0.11646 -3.57182e+00 |179  0.31959 -9.89640e-02 |180  0.27138  3.01434e+00
181  0.01087 -1.77552e-01 |182  0.01327 -7.79281e-01 |183 -0.15642 -6.27477e-01
184 -0.13078  5.88020e+00 |185  0.01281  4.43104e-01 |186  0.39097 -2.21672e-01
187  0.01932  3.84436e-01 |188 -0.15883  7.07195e-01 |189  0.09734 -3.12090e+01
190  0.16165  1.45436e+01 |191  0.21774  1.54021e+01 |192  0.25625 -4.31162e+00
193  0.02529 -2.97615e+01 |194 -0.00004  8.08246e+00 |195 -0.18195 -1.14184e+01
196 -0.12012  1.03955e+01 |197 -0.55383 -1.20043e+00 |198  0.17125  1.36259e-02
199  0.09601 -1.44253e+01 |200 -0.25905 -5.04335e+00 |
200 variables; iteration 60; function evaluation 66; phase 4
Function value 7.3074107e+03; maximum gradient component mag -1.6024e+01
Var    Value     Gradient |Var    Value     Gradient |Var    Value     Gradient
  1 -0.42437  9.32415e-01 |  2  0.37342 -1.13062e+01 |  3 -0.11569  5.39062e+00
  4 -0.02457 -9.50424e-01 |  5 -0.70416 -1.45582e-01 |  6 -0.60367 -1.16268e+00
  7  0.38028  6.22092e+00 |  8 -0.17558  1.19226e+01 |  9  0.02063  7.15390e+00
 10 -0.60144  4.77715e-01 | 11 -0.62287  3.92245e+00 | 12 -0.06465 -1.24866e+01
 13 -0.00959 -4.48753e-02 | 14 -0.00979 -4.60374e-02 | 15 -0.01000 -4.72216e-02
 16 -0.01020 -4.84306e-02 | 17 -0.01039 -4.96670e-02 | 18 -0.01058 -5.09304e-02
 19 -0.01076 -5.22231e-02 | 20 -0.01093 -5.35466e-02 | 21 -0.01109 -5.49007e-02
 22 -0.01124 -5.62868e-02 | 23 -0.01138 -5.77062e-02 | 24 -0.01150 -5.91568e-02
 25 -0.01161 -6.06395e-02 | 26 -0.01170 -6.21536e-02 | 27 -0.01178 -6.36990e-02
 28 -0.01183 -6.52742e-02 | 29 -0.01186 -6.68780e-02 | 30 -0.01186 -6.85066e-02
 31 -0.01185 -7.01591e-02 | 32 -0.01180 -7.18354e-02 | 33 -0.01173 -7.35361e-02
 34 -0.01163 -7.52640e-02 | 35 -0.01150 -7.70230e-02 | 36 -0.01133 -7.88151e-02
 37 -0.01113 -8.06436e-02 | 38 -0.01089 -8.25103e-02 | 39 -0.01061 -8.44162e-02
 40 -0.01029 -8.63567e-02 | 41 -0.00993 -8.83460e-02 | 42 -0.00954 -9.03879e-02
 43 -0.00911 -9.24906e-02 | 44 -0.00865 -9.46666e-02 | 45 -0.00817 -9.69265e-02
 46 -0.00767 -9.92796e-02 | 47 -0.00717 -1.01743e-01 | 48 -0.00667 -1.04333e-01
 49 -0.00618 -1.07071e-01 | 50 -0.00572 -1.09982e-01 | 51 -0.00530 -1.13081e-01
 52 -0.00492 -1.16373e-01 | 53 -0.00459 -1.19858e-01 | 54 -0.00431 -1.23538e-01
 55 -0.00406 -1.27431e-01 | 56 -0.00384 -1.31589e-01 | 57 -0.00363 -1.36076e-01
 58 -0.00340 -1.40943e-01 | 59 -0.00312 -1.46264e-01 | 60 -0.00277 -1.52094e-01
 61 -0.00232 -1.58499e-01 | 62 -0.00173 -1.65517e-01 | 63 -0.00097 -1.73191e-01
 64 -0.00000 -1.81578e-01 | 65  0.00120 -1.90687e-01 | 66  0.00266 -2.00719e-01
 67  0.00442 -2.11740e-01 | 68  0.00649 -2.23836e-01 | 69  0.00887 -2.37063e-01
 70  0.01156 -2.51423e-01 | 71  0.01453 -2.67204e-01 | 72  0.01772 -2.84393e-01
 73  0.02103 -3.00866e-01 | 74  0.02433 -3.15443e-01 | 75  0.02737 -3.35242e-01
 76  0.02991 -3.64236e-01 | 77  0.03180 -3.92067e-01 | 78  0.03297 -4.09690e-01
 79  0.03338 -4.21070e-01 | 80  0.03308 -4.29993e-01 | 81  0.03216 -4.41077e-01
 82  0.03066 -4.58343e-01 | 83  0.02854 -4.80633e-01 | 84  0.02579 -4.95188e-01
 85  0.02238 -4.96689e-01 | 86  0.01842 -4.99339e-01 | 87  0.01427 -5.06182e-01
 88  0.01048 -5.12954e-01 | 89  0.00745 -5.22851e-01 | 90  0.00531 -5.37220e-01
 91  0.00386 -5.55239e-01 | 92  0.00273 -5.74613e-01 | 93  0.00179 -5.93802e-01
 94  0.00151 -6.13538e-01 | 95  0.00197 -6.31215e-01 | 96  0.00213 -6.36559e-01
 97  0.00367 -6.40393e-01 | 98  0.00605 -6.37030e-01 | 99  0.00956 -6.21664e-01
100  0.00942 -5.71795e-01 |101  0.00800 -4.90979e-01 |102  0.00614 -3.77533e-01
103 -0.00151 -2.24434e-01 |104 -0.00052 -7.93194e-02 |105  0.01789  1.13045e-01
106  0.01694  3.49406e-01 |107 -0.00542  4.35753e-01 |108  0.01319  5.71586e-01
109  0.07792  1.06675e+00 |110  0.02596  8.78040e-01 |111 -0.01676  6.39573e-01
112  0.00196  8.41386e-01 |113  0.01715  1.02906e+00 |114  0.03688  1.15968e+00
115  0.00103  9.52316e-01 |116 -0.06326  5.39220e-01 |117 -0.07937  4.88621e-01
118 -0.07795  5.01181e-01 |119 -0.03523  6.14539e-01 |120  0.07098  1.38289e+00
121  0.02433  5.32184e-01 |122  0.01340  1.84373e-01 |123 -0.02831  1.63472e-01
124 -0.06750 -2.27862e-01 |125 -0.00589 -2.10890e-01 |126  0.00580 -2.73446e-01
127 -0.02629 -2.83417e-02 |128  0.02804 -1.38200e-01 |129  0.07898  1.32847e-01
130  0.00823  1.97457e-01 |131  0.08839  3.36520e-01 |132  0.00822  2.53831e-01
133  0.13712  4.04127e-01 |134 -0.00541  1.40352e-01 |135 -0.04664 -6.36454e-02
136 -0.05654  1.08426e-01 |137 -0.02065  6.69710e-02 |138  0.09747 -5.78678e-02
139  0.03254  2.68879e-02 |140  0.01816  4.87141e-02 |141 -0.02793 -1.08021e-02
142 -0.01713 -2.08929e-02 |143 -0.00751 -8.86953e-02 |144 -0.00041 -1.19299e-03
145  0.23821 -1.53936e+00 |146  0.15459 -5.10515e+00 |147  0.04506 -1.66631e+00
148  0.29572  8.67696e-01 |149  0.01992 -1.85580e+00 |150 -0.12158 -4.35070e-01
151 -0.47452  4.93342e-02 |152  0.31381  7.77514e-02 |153  0.04928  3.65270e-01
154 -0.23564  1.95912e-02 |155  0.17617 -1.15873e+00 |156  0.25806  2.55508e+00
157  0.17185 -1.37966e+00 |158  0.25289  1.11597e+00 |159  0.00933 -5.66054e-01
160 -0.10490  1.95128e+00 |161  0.09190 -7.03162e-01 |162  0.29358  1.75714e+00
163  0.24810  8.91607e-02 |164  0.09584 -4.83767e-02 |165 -0.34945 -1.97677e-01
166  0.24372  7.05736e-01 |167  0.05322 -9.92843e-01 |168 -0.18852 -1.69466e+00
169  0.20104 -1.30185e+00 |170  0.31577  7.15155e-01 |171  0.07701 -5.23276e+00
172 -0.53148 -8.47041e-04 |173 -0.38008  9.54907e-01 |174  0.23650 -1.67248e-01
175  0.08141  1.71518e+00 |176 -0.12225  2.00886e+00 |177  0.04608 -3.60967e-01
178  0.11653 -2.18525e+00 |179  0.31990  5.13573e-02 |180  0.27125  1.54295e+00
181  0.01006 -6.24746e-01 |182  0.01339 -7.05529e-01 |183 -0.15635  4.66412e-01
184 -0.13134  2.67221e+00 |185  0.01224 -2.60464e-01 |186  0.39045 -4.14653e-01
187  0.01941 -6.06306e-01 |188 -0.15944 -1.87571e-01 |189  0.09745 -1.60241e+01
190  0.16104  6.26102e+00 |191  0.21771  8.15802e+00 |192  0.25601 -1.14560e+00
193  0.02540 -1.54050e+01 |194  0.00022  3.86332e+00 |195 -0.18198 -6.16396e+00
196 -0.12039  4.24519e+00 |197 -0.55116 -8.92777e-01 |198  0.17207 -1.27759e-01
199  0.09516 -1.20236e+01 |200 -0.25573 -4.06592e+00 |
200 variables; iteration 80; function evaluation 90; phase 4
Function value 7.3073840e+03; maximum gradient component mag 3.4968e+00
Var    Value     Gradient |Var    Value     Gradient |Var    Value     Gradient
  1 -0.42416  1.84727e+00 |  2  0.37379  3.49683e+00 |  3 -0.11564  4.81694e-01
  4 -0.02493  1.74552e+00 |  5 -0.70386 -7.48987e-02 |  6 -0.60363  3.63539e-01
  7  0.38042 -3.52669e-01 |  8 -0.17543 -7.52735e-01 |  9  0.02014 -6.41599e-01
 10 -0.60148 -2.13480e-01 | 11 -0.62291 -2.59502e-01 | 12 -0.06154 -2.76684e+00
 13 -0.00962 -3.14336e-02 | 14 -0.00983 -3.08723e-02 | 15 -0.01003 -3.02193e-02
 16 -0.01022 -2.94858e-02 | 17 -0.01041 -2.86795e-02 | 18 -0.01060 -2.78003e-02
 19 -0.01077 -2.68610e-02 | 20 -0.01094 -2.58708e-02 | 21 -0.01109 -2.48313e-02
 22 -0.01124 -2.37538e-02 | 23 -0.01137 -2.26473e-02 | 24 -0.01149 -2.15077e-02
 25 -0.01159 -2.03437e-02 | 26 -0.01168 -1.91562e-02 | 27 -0.01174 -1.79486e-02
 28 -0.01179 -1.67217e-02 | 29 -0.01182 -1.54830e-02 | 30 -0.01182 -1.42321e-02
 31 -0.01179 -1.29752e-02 | 32 -0.01174 -1.17172e-02 | 33 -0.01167 -1.04605e-02
 34 -0.01156 -9.21124e-03 | 35 -0.01142 -7.97992e-03 | 36 -0.01125 -6.76845e-03
 37 -0.01105 -5.58919e-03 | 38 -0.01080 -4.44879e-03 | 39 -0.01052 -3.35543e-03
 40 -0.01020 -2.31012e-03 | 41 -0.00984 -1.32432e-03 | 42 -0.00944 -4.02574e-04
 43 -0.00901  4.57141e-04 | 44 -0.00855  1.24224e-03 | 45 -0.00806  1.93357e-03
 46 -0.00756  2.50673e-03 | 47 -0.00706  2.90517e-03 | 48 -0.00656  3.06953e-03
 49 -0.00607  2.91650e-03 | 50 -0.00561  2.36339e-03 | 51 -0.00519  1.33049e-03
 52 -0.00481 -2.60082e-04 | 53 -0.00449 -2.46270e-03 | 54 -0.00421 -5.31445e-03
 55 -0.00398 -8.84119e-03 | 56 -0.00377 -1.30458e-02 | 57 -0.00357 -1.79028e-02
 58 -0.00335 -2.33771e-02 | 59 -0.00309 -2.94143e-02 | 60 -0.00276 -3.59188e-02
 61 -0.00233 -4.27657e-02 | 62 -0.00175 -4.97812e-02 | 63 -0.00101 -5.67481e-02
 64 -0.00006 -6.34281e-02 | 65  0.00113 -6.96084e-02 | 66  0.00258 -7.52437e-02
 67  0.00433 -8.03530e-02 | 68  0.00639 -8.47241e-02 | 69  0.00877 -8.75212e-02
 70  0.01147 -8.82002e-02 | 71  0.01445 -8.88542e-02 | 72  0.01763 -9.12346e-02
 73  0.02094 -9.04012e-02 | 74  0.02423 -8.72059e-02 | 75  0.02726 -9.02626e-02
 76  0.02984 -9.00157e-02 | 77  0.03181 -8.23363e-02 | 78  0.03298 -7.93521e-02
 79  0.03332 -8.15837e-02 | 80  0.03295 -8.40925e-02 | 81  0.03201 -8.10457e-02
 82  0.03056 -7.08501e-02 | 83  0.02853 -6.04223e-02 | 84  0.02579 -5.62340e-02
 85  0.02237 -4.67259e-02 | 86  0.01840 -3.96252e-02 | 87  0.01424 -4.18995e-02
 88  0.01044 -3.92558e-02 | 89  0.00740 -4.07165e-02 | 90  0.00522 -4.78686e-02
 91  0.00374 -5.77237e-02 | 92  0.00257 -6.87188e-02 | 93  0.00161 -8.02031e-02
 94  0.00130 -9.13868e-02 | 95  0.00176 -9.75354e-02 | 96  0.00197 -8.77703e-02
 97  0.00354 -8.19823e-02 | 98  0.00594 -7.47301e-02 | 99  0.00948 -6.91550e-02
100  0.00946 -4.39261e-02 |101  0.00812 -2.26876e-02 |102  0.00626 -2.83880e-02
103 -0.00151 -5.04969e-02 |104 -0.00076 -9.80813e-02 |105  0.01757 -1.37890e-01
106  0.01656 -1.36689e-01 |107 -0.00568 -4.70837e-02 |108  0.01306 -7.15731e-02
109  0.07851  4.45196e-03 |110  0.02634  5.22043e-02 |111 -0.01666 -1.72044e-02
112  0.00212  1.38367e-01 |113  0.01763  3.32720e-01 |114  0.03755  2.86500e-01
115  0.00095 -4.47029e-02 |116 -0.06355 -3.35048e-01 |117 -0.07978 -4.04631e-01
118 -0.07814 -1.46391e-01 |119 -0.03488  2.68597e-01 |120  0.07101  5.06670e-01
121  0.02485  5.52743e-01 |122  0.01396  5.12688e-01 |123 -0.02788  3.67864e-01
124 -0.06683  2.85694e-01 |125 -0.00504  4.44378e-01 |126  0.00677  3.07077e-01
127 -0.02650 -8.79747e-03 |128  0.02849 -1.99384e-02 |129  0.07924 -4.11137e-02
130  0.00780 -1.36457e-01 |131  0.08866  3.84136e-02 |132  0.00793 -4.35917e-02
133  0.13696  1.74573e-01 |134 -0.00579 -3.95994e-02 |135 -0.04651  1.09464e-01
136 -0.05735 -1.84065e-01 |137 -0.02091 -6.02883e-02 |138  0.09770 -5.08195e-02
139  0.03212 -5.87576e-02 |140  0.01732 -1.41152e-01 |141 -0.02754  2.26005e-01
142 -0.01655  1.15568e-01 |143 -0.00756 -4.67856e-03 |144 -0.00036  3.72663e-03
145  0.23485 -7.13077e-01 |146  0.15198 -3.67092e-01 |147  0.04488 -5.52142e-01
148  0.29568  5.77359e-01 |149  0.02051 -1.46075e-01 |150 -0.12188 -5.72652e-01
151 -0.47541 -4.28113e-03 |152  0.31187 -1.05056e-01 |153  0.04915 -7.92424e-02
154 -0.23573  1.17664e-02 |155  0.17619 -6.82455e-04 |156  0.25806  5.92879e-01
157  0.17244  1.51696e-01 |158  0.25303 -5.57764e-02 |159  0.00932 -1.09180e-01
160 -0.10551 -3.13458e-01 |161  0.09144 -7.07795e-02 |162  0.29331 -5.98448e-02
163  0.20718  6.52631e-02 |164  0.09329  1.33341e-02 |165 -0.35207 -2.03793e-01
166  0.24266  3.31421e-02 |167  0.05383 -1.03848e-01 |168 -0.18883 -1.53837e+00
169  0.20394  1.16609e-01 |170  0.31633 -1.09415e-01 |171  0.07676  5.88849e-01
172 -0.53078 -5.13436e-04 |173 -0.39261 -3.07362e-01 |174  0.23226  3.80727e-01
175  0.08381  2.76891e-01 |176 -0.12247 -4.83380e-01 |177  0.04554  1.14268e-01
178  0.11682 -1.30478e-01 |179  0.31968  1.18852e-01 |180  0.27118 -2.03504e-01
181  0.01094  1.29508e-02 |182  0.01355 -1.64471e-01 |183 -0.15711 -2.38428e-01
184 -0.13189 -9.79894e-01 |185  0.01266  2.36181e-01 |186  0.39063 -3.15278e-01
187  0.01924 -8.62745e-02 |188 -0.15930  1.98185e-01 |189  0.09765  1.51688e+00
190  0.16053 -3.07504e+00 |191  0.21769 -5.22917e-01 |192  0.25574  2.04871e+00
193  0.02553  1.53863e+00 |194  0.00030 -1.61663e+00 |195 -0.18190  2.36696e-01
196 -0.12061 -3.07408e+00 |197 -0.55321 -2.13858e-01 |198  0.17144  1.21106e-01
199  0.09530 -1.13834e+00 |200 -0.25614 -4.83368e-01 |
200 variables; iteration 100; function evaluation 117; phase 4
Function value 7.3073793e+03; maximum gradient component mag -2.7936e-01
Var    Value     Gradient |Var    Value     Gradient |Var    Value     Gradient
  1 -0.42423  1.33801e-01 |  2  0.37372  1.67292e-01 |  3 -0.11554  6.85290e-02
  4 -0.02490  1.11015e-01 |  5 -0.70359  1.37911e-02 |  6 -0.60371  2.33500e-02
  7  0.38030  2.56991e-02 |  8 -0.17536  8.64668e-02 |  9  0.02032  5.81990e-02
 10 -0.60140  3.56373e-02 | 11 -0.62292 -7.45950e-03 | 12 -0.05729 -2.04112e-01
 13 -0.00953  7.26570e-03 | 14 -0.00974  7.24718e-03 | 15 -0.00995  7.18800e-03
 16 -0.01014  7.08800e-03 | 17 -0.01034  6.94669e-03 | 18 -0.01053  6.76216e-03
 19 -0.01071  6.53600e-03 | 20 -0.01088  6.26938e-03 | 21 -0.01105  5.96213e-03
 22 -0.01120  5.61682e-03 | 23 -0.01134  5.23597e-03 | 24 -0.01147  4.81890e-03
 25 -0.01158  4.36860e-03 | 26 -0.01167  3.88626e-03 | 27 -0.01174  3.37393e-03
 28 -0.01180  2.83294e-03 | 29 -0.01183  2.26622e-03 | 30 -0.01184  1.67416e-03
 31 -0.01183  1.05840e-03 | 32 -0.01179  4.20111e-04 | 33 -0.01172 -2.40391e-04
 34 -0.01162 -9.21649e-04 | 35 -0.01149 -1.62089e-03 | 36 -0.01133 -2.33738e-03
 37 -0.01113 -3.06721e-03 | 38 -0.01090 -3.80770e-03 | 39 -0.01062 -4.55520e-03
 40 -0.01031 -5.30584e-03 | 41 -0.00996 -6.05442e-03 | 42 -0.00957 -6.79296e-03
 43 -0.00915 -7.51233e-03 | 44 -0.00870 -8.19715e-03 | 45 -0.00822 -8.82800e-03
 46 -0.00773 -9.38311e-03 | 47 -0.00723 -9.83669e-03 | 48 -0.00673 -1.01649e-02
 49 -0.00625 -1.03449e-02 | 50 -0.00579 -1.03581e-02 | 51 -0.00537 -1.01894e-02
 52 -0.00499 -9.82639e-03 | 53 -0.00466 -9.26259e-03 | 54 -0.00438 -8.49398e-03
 55 -0.00413 -7.51852e-03 | 56 -0.00391 -6.33834e-03 | 57 -0.00369 -4.96201e-03
 58 -0.00346 -3.40686e-03 | 59 -0.00318 -1.70550e-03 | 60 -0.00282  9.21392e-05
 61 -0.00236  1.91755e-03 | 62 -0.00177  3.68638e-03 | 63 -0.00100  5.30596e-03
 64 -0.00003  6.68908e-03 | 65  0.00117  7.76680e-03 | 66  0.00264  8.50734e-03
 67  0.00440  8.93076e-03 | 68  0.00646  9.15748e-03 | 69  0.00883  9.32180e-03
 70  0.01152  9.27243e-03 | 71  0.01448  8.77295e-03 | 72  0.01765  8.07922e-03
 73  0.02093  7.50781e-03 | 74  0.02419  8.20066e-03 | 75  0.02721  8.12940e-03
 76  0.02973  3.26250e-04 | 77  0.03159 -9.17000e-03 | 78  0.03272 -1.03495e-02
 79  0.03308 -8.15707e-03 | 80  0.03273 -5.09554e-03 | 81  0.03178 -4.00436e-03
 82  0.03025 -9.55312e-03 | 83  0.02811 -2.01717e-02 | 84  0.02534 -2.50865e-02
 85  0.02189 -2.53983e-02 | 86  0.01789 -2.74027e-02 | 87  0.01374 -2.96878e-02
 88  0.00993 -3.16212e-02 | 89  0.00689 -3.22976e-02 | 90  0.00475 -3.20519e-02
 91  0.00330 -3.08498e-02 | 92  0.00218 -2.88595e-02 | 93  0.00128 -2.65668e-02
 94  0.00102 -2.48231e-02 | 95  0.00151 -2.41843e-02 | 96  0.00170 -2.44909e-02
 97  0.00326 -2.70329e-02 | 98  0.00565 -3.13288e-02 | 99  0.00919 -3.44183e-02
100  0.00909 -3.69733e-02 |101  0.00771 -3.64903e-02 |102  0.00590 -3.17838e-02
103 -0.00169 -1.79021e-02 |104 -0.00066 -1.15452e-02 |105  0.01774 -2.39711e-02
106  0.01672 -2.96656e-02 |107 -0.00558 -2.21655e-02 |108  0.01339  1.13214e-03
109  0.07872  2.32758e-02 |110  0.02648  1.14697e-03 |111 -0.01613  9.81145e-03
112  0.00241 -5.55015e-03 |113  0.01760 -1.44039e-03 |114  0.03768  1.44569e-02
115  0.00145  2.60122e-02 |116 -0.06269  5.19157e-02 |117 -0.07879  6.86196e-02
118 -0.07753  3.38842e-02 |119 -0.03495 -3.52892e-05 |120  0.07151  3.26760e-02
121  0.02501  1.79268e-02 |122  0.01425 -1.16778e-02 |123 -0.02773 -1.88926e-02
124 -0.06669 -7.18675e-03 |125 -0.00498  3.70305e-02 |126  0.00691  2.97932e-02
127 -0.02586  4.84897e-02 |128  0.02899  3.33521e-02 |129  0.07954  4.85202e-02
130  0.00847  4.70402e-02 |131  0.08877  3.29162e-02 |132  0.00819 -4.48507e-03
133  0.13703  2.52727e-03 |134 -0.00550  1.11424e-03 |135 -0.04668 -1.52992e-02
136 -0.05675  2.85238e-03 |137 -0.02073  9.37312e-03 |138  0.09787  1.81434e-02
139  0.03226 -1.69543e-02 |140  0.01782  1.58003e-02 |141 -0.02827 -2.60163e-02
142 -0.01709 -4.55904e-02 |143 -0.00747  9.98007e-03 |144 -0.00038  4.74725e-05
145  0.22940 -3.86908e-02 |146  0.14654  3.91321e-02 |147  0.04478 -8.60556e-02
148  0.29571  1.14539e-01 |149  0.02048 -5.09419e-02 |150 -0.12196 -6.70234e-02
151 -0.47489 -1.76605e-02 |152  0.31314  1.67786e-03 |153  0.04914  9.94449e-03
154 -0.23587 -1.66975e-02 |155  0.17560 -6.07948e-02 |156  0.25787  6.36883e-02
157  0.17201 -2.54151e-02 |158  0.25288  1.23560e-02 |159  0.00960  9.64434e-03
160 -0.10559 -2.37887e-02 |161  0.09122  4.02573e-04 |162  0.29336  3.79078e-02
163  0.19955 -1.13243e-02 |164  0.05439  3.99561e-03 |165 -0.35099  1.45725e-02
166  0.24300  6.23112e-03 |167  0.05361 -1.76742e-02 |168 -0.18887 -1.52059e-01
169  0.20352 -1.97066e-02 |170  0.31623  2.23508e-03 |171  0.07676 -8.13335e-03
172 -0.52906 -4.27100e-04 |173 -0.38966  8.71184e-04 |174  0.23319  1.00545e-02
175  0.08311 -4.65011e-02 |176 -0.12265 -7.37458e-02 |177  0.04446 -2.39562e-02
178  0.11682 -1.68356e-02 |179  0.31934  1.06170e-02 |180  0.27125  2.47004e-02
181  0.01177 -9.64577e-03 |182  0.01349 -2.63575e-02 |183 -0.15746 -7.34372e-02
184 -0.13189 -6.46930e-02 |185  0.01201 -1.22064e-02 |186  0.39083  3.29584e-02
187  0.01981  1.45329e-02 |188 -0.15965 -1.20598e-02 |189  0.09753 -1.10677e-01
190  0.16048 -2.79363e-01 |191  0.21764  7.86546e-02 |192  0.25577  2.42312e-01
193  0.02554 -5.53754e-02 |194  0.00040 -9.43445e-02 |195 -0.18201 -3.19121e-02
196 -0.12068 -2.24018e-01 |197 -0.55141  3.34935e-02 |198  0.17194 -4.75153e-02
199  0.09519  1.17264e-01 |200 -0.25562  4.57322e-02 |
200 variables; iteration 120; function evaluation 149; phase 4
Function value 7.3073792e+03; maximum gradient component mag 5.7118e-02
Var    Value     Gradient |Var    Value     Gradient |Var    Value     Gradient
  1 -0.42424 -5.58500e-02 |  2  0.37372 -2.02372e-02 |  3 -0.11553 -3.81672e-02
  4 -0.02489 -2.87173e-02 |  5 -0.70358  5.34843e-04 |  6 -0.60372 -8.73733e-03
  7  0.38029 -1.02630e-02 |  8 -0.17535 -3.21564e-02 |  9  0.02034 -2.09129e-02
 10 -0.60146 -4.62158e-04 | 11 -0.62292 -8.73287e-03 | 12 -0.05657  5.71179e-02
 13 -0.00957 -1.30490e-03 | 14 -0.00978 -1.15782e-03 | 15 -0.00998 -1.02152e-03
 16 -0.01018 -8.98710e-04 | 17 -0.01037 -7.90923e-04 | 18 -0.01056 -6.98609e-04
 19 -0.01074 -6.21794e-04 | 20 -0.01091 -5.59437e-04 | 21 -0.01108 -5.09575e-04
 22 -0.01123 -4.69970e-04 | 23 -0.01137 -4.37923e-04 | 24 -0.01149 -4.10289e-04
 25 -0.01160 -3.84211e-04 | 26 -0.01169 -3.56834e-04 | 27 -0.01176 -3.25637e-04
 28 -0.01182 -2.88476e-04 | 29 -0.01185 -2.43834e-04 | 30 -0.01185 -1.90689e-04
 31 -0.01184 -1.28716e-04 | 32 -0.01179 -5.81629e-05 | 33 -0.01172  2.01209e-05
 34 -0.01162  1.04529e-04 | 35 -0.01149  1.92636e-04 | 36 -0.01133  2.81396e-04
 37 -0.01113  3.66919e-04 | 38 -0.01089  4.45058e-04 | 39 -0.01061  5.11844e-04
 40 -0.01030  5.64651e-04 | 41 -0.00994  6.02838e-04 | 42 -0.00955  6.29464e-04
 43 -0.00913  6.52512e-04 | 44 -0.00867  6.83554e-04 | 45 -0.00819  7.36120e-04
 46 -0.00770  8.22271e-04 | 47 -0.00720  9.45702e-04 | 48 -0.00670  1.10113e-03
 49 -0.00621  1.27236e-03 | 50 -0.00576  1.43802e-03 | 51 -0.00534  1.57678e-03
 52 -0.00496  1.67171e-03 | 53 -0.00463  1.71409e-03 | 54 -0.00435  1.70169e-03
 55 -0.00411  1.63569e-03 | 56 -0.00389  1.51826e-03 | 57 -0.00368  1.35067e-03
 58 -0.00345  1.13343e-03 | 59 -0.00317  8.69672e-04 | 60 -0.00282  5.69335e-04
 61 -0.00237  2.57998e-04 | 62 -0.00178 -1.21982e-05 | 63 -0.00102 -1.54516e-04
 64 -0.00006 -5.73851e-05 | 65  0.00114  3.73265e-04 | 66  0.00261  1.10791e-03
 67  0.00436  1.78417e-03 | 68  0.00642  1.67545e-03 | 69  0.00879  9.45355e-04
 70  0.01147  9.58093e-04 | 71  0.01443  1.26188e-03 | 72  0.01760  1.25403e-03
 73  0.02089  2.62824e-03 | 74  0.02412  8.43480e-04 | 75  0.02715  3.41126e-03
 76  0.02968 -1.54788e-03 | 77  0.03160  2.66293e-03 | 78  0.03272  9.58539e-04
 79  0.03305  1.68477e-03 | 80  0.03269  4.06091e-03 | 81  0.03169  2.80179e-04
 82  0.03021  7.23871e-03 | 83  0.02810  4.12654e-03 | 84  0.02534  5.60998e-03
 85  0.02186  1.91802e-03 | 86  0.01788  4.07098e-03 | 87  0.01372  4.37805e-03
 88  0.00992  4.58508e-03 | 89  0.00687  4.90246e-03 | 90  0.00472  5.04663e-03
 91  0.00327  4.93244e-03 | 92  0.00214  4.49625e-03 | 93  0.00121  4.41239e-03
 94  0.00095  5.14842e-03 | 95  0.00144  5.89224e-03 | 96  0.00162  4.82849e-03
 97  0.00320  6.20223e-03 | 98  0.00562  8.79704e-03 | 99  0.00916  5.53805e-03
100  0.00908  5.92257e-03 |101  0.00771  2.77650e-03 |102  0.00589 -1.56110e-04
103 -0.00173 -2.38592e-03 |104 -0.00070 -1.16763e-04 |105  0.01775 -2.55256e-03
106  0.01681  5.62214e-03 |107 -0.00551  9.21086e-04 |108  0.01339 -4.69939e-03
109  0.07873 -1.12617e-02 |110  0.02658 -5.09179e-03 |111 -0.01612 -7.69533e-03
112  0.00250 -3.12934e-03 |113  0.01769 -4.82066e-03 |114  0.03774 -1.20785e-02
115  0.00153 -8.41756e-03 |116 -0.06269 -9.07042e-03 |117 -0.07881 -8.87517e-03
118 -0.07750 -8.31890e-03 |119 -0.03484 -4.30093e-03 |120  0.07160 -9.35892e-03
121  0.02506 -6.17334e-03 |122  0.01437  6.64614e-04 |123 -0.02762 -4.37031e-03
124 -0.06659  3.89814e-04 |125 -0.00495 -1.60946e-03 |126  0.00698 -6.34076e-03
127 -0.02590 -7.24860e-03 |128  0.02906 -4.13725e-03 |129  0.07958 -4.11771e-03
130  0.00843 -4.42078e-03 |131  0.08878 -2.76810e-03 |132  0.00823  2.38954e-03
133  0.13704 -7.35130e-04 |134 -0.00549 -2.44936e-03 |135 -0.04663  1.13364e-03
136 -0.05675 -2.08899e-03 |137 -0.02073  2.62783e-03 |138  0.09786  3.46542e-03
139  0.03231 -5.90889e-03 |140  0.01778 -3.71074e-03 |141 -0.02816  5.98837e-03
142 -0.01691  7.01991e-03 |143 -0.00750 -9.14518e-04 |144 -0.00038 -4.64513e-04
145  0.22844  9.15173e-03 |146  0.14572  1.91604e-03 |147  0.04475  1.50912e-02
148  0.29571 -1.60957e-02 |149  0.02050  1.05137e-02 |150 -0.12198  1.53539e-02
151 -0.47443  1.37509e-03 |152  0.31345  1.59934e-03 |153  0.04897 -2.78069e-04
154 -0.23583  6.15170e-04 |155  0.17556  1.07143e-02 |156  0.25788 -1.20629e-02
157  0.17202  4.17222e-03 |158  0.25290 -3.46375e-03 |159  0.00958 -4.25877e-04
160 -0.10560  3.63363e-03 |161  0.09112  3.92187e-03 |162  0.29334 -5.90015e-03
163  0.19999 -2.64607e-03 |164  0.04607  1.62195e-03 |165 -0.35110  1.70146e-03
166  0.24297 -6.78871e-04 |167  0.05363  3.44653e-03 |168 -0.18888  2.76711e-02
169  0.20362  2.01202e-03 |170  0.31625 -1.68623e-03 |171  0.07674  6.54553e-03
172 -0.52663 -2.54249e-04 |173 -0.39003 -8.74859e-04 |174  0.23307 -2.45776e-03
175  0.08325  3.30400e-03 |176 -0.12267  8.20506e-03 |177  0.04449  1.70867e-03
178  0.11679  5.38533e-03 |179  0.31935  6.12958e-04 |180  0.27125 -3.62082e-03
181  0.01175  1.56489e-03 |182  0.01351  5.45795e-03 |183 -0.15749  8.74640e-03
184 -0.13190  9.05310e-03 |185  0.01201 -4.58388e-04 |186  0.39080 -4.31426e-03
187  0.01979  1.21221e-03 |188 -0.15966  5.95147e-05 |189  0.09752  2.96957e-02
190  0.16047  3.85501e-02 |191  0.21763 -1.83716e-02 |192  0.25577 -3.45347e-02
193  0.02554  2.30074e-02 |194  0.00040  1.37997e-02 |195 -0.18202  1.31659e-02
196 -0.12069  4.59089e-02 |197 -0.55151 -3.25646e-03 |198  0.17197  4.98944e-03
199  0.09522 -2.79351e-03 |200 -0.25576 -2.45388e-03 |
200 variables; iteration 140; function evaluation 181; phase 4
Function value 7.3073792e+03; maximum gradient component mag -8.1733e-03
Var    Value     Gradient |Var    Value     Gradient |Var    Value     Gradient
  1 -0.42424  4.79421e-03 |  2  0.37372  7.05097e-03 |  3 -0.11553  2.38509e-03
  4 -0.02489  4.21487e-03 |  5 -0.70359  2.71496e-04 |  6 -0.60371  5.30816e-04
  7  0.38029 -3.02302e-04 |  8 -0.17535  9.25479e-04 |  9  0.02034  7.58936e-04
 10 -0.60146  1.24805e-03 | 11 -0.62292 -2.40858e-04 | 12 -0.05671 -4.32866e-03
 13 -0.00957 -5.32859e-04 | 14 -0.00977 -1.11858e-03 | 15 -0.00998 -1.42031e-03
 16 -0.01018 -1.44035e-03 | 17 -0.01037 -1.21461e-03 | 18 -0.01056 -8.07762e-04
 19 -0.01074 -3.05965e-04 | 20 -0.01091  1.96509e-04 | 21 -0.01107  6.10307e-04
 22 -0.01122  8.63171e-04 | 23 -0.01136  9.10342e-04 | 24 -0.01148  7.37310e-04
 25 -0.01159  3.63629e-04 | 26 -0.01169 -1.63453e-04 | 27 -0.01176 -7.74431e-04
 28 -0.01182 -1.38975e-03 | 29 -0.01185 -1.92909e-03 | 30 -0.01186 -2.32979e-03
 31 -0.01184 -2.55011e-03 | 32 -0.01180 -2.57594e-03 | 33 -0.01173 -2.42357e-03
 34 -0.01163 -2.13482e-03 | 35 -0.01150 -1.76999e-03 | 36 -0.01133 -1.39847e-03
 37 -0.01113 -1.07422e-03 | 38 -0.01089 -8.19062e-04 | 39 -0.01062 -6.06224e-04
 40 -0.01030 -3.65574e-04 | 41 -0.00994 -2.05423e-05 | 42 -0.00955  4.58953e-04
 43 -0.00912  1.00008e-03 | 44 -0.00867  1.42353e-03 | 45 -0.00819  1.51970e-03
 46 -0.00769  1.17459e-03 | 47 -0.00719  4.73385e-04 | 48 -0.00670 -3.37330e-04
 49 -0.00622 -9.78951e-04 | 50 -0.00576 -1.29070e-03 | 51 -0.00534 -1.27448e-03
 52 -0.00497 -1.04028e-03 | 53 -0.00464 -7.17095e-04 | 54 -0.00435 -3.92991e-04
 55 -0.00411 -1.06138e-04 | 56 -0.00389  1.36189e-04 | 57 -0.00368  3.35330e-04
 58 -0.00345  4.88160e-04 | 59 -0.00317  5.91839e-04 | 60 -0.00282  6.69484e-04
 61 -0.00237  8.19845e-04 | 62 -0.00178  1.24278e-03 | 63 -0.00101  2.06906e-03
 64 -0.00004  2.83346e-03 | 65  0.00115  2.19917e-03 | 66  0.00261 -1.55654e-04
 67  0.00436 -7.53490e-04 | 68  0.00643  1.01028e-03 | 69  0.00880  6.51074e-04
 70  0.01148  9.77827e-06 | 71  0.01443 -1.48954e-03 | 72  0.01759 -4.14093e-03
 73  0.02088 -2.10375e-03 | 74  0.02412 -1.71423e-03 | 75  0.02714 -4.02753e-04
 76  0.02969 -1.23588e-03 | 77  0.03162  3.22222e-03 | 78  0.03275  3.89389e-03
 79  0.03306 -9.15943e-04 | 80  0.03270  1.78749e-03 | 81  0.03174  4.28195e-03
 82  0.03020  1.59230e-04 | 83  0.02811 -1.00905e-04 | 84  0.02531 -6.51776e-03
 85  0.02186 -4.38316e-03 | 86  0.01787 -4.17326e-03 | 87  0.01373 -1.25182e-03
 88  0.00993 -5.46970e-05 | 89  0.00688 -4.33914e-04 | 90  0.00473 -1.20466e-03
 91  0.00328 -5.31042e-04 | 92  0.00216  1.75084e-03 | 93  0.00124  2.52255e-03
 94  0.00097  6.52992e-04 | 95  0.00145 -1.30784e-03 | 96  0.00165  2.11930e-03
 97  0.00321 -8.34932e-04 | 98  0.00560 -4.22876e-03 | 99  0.00915 -4.65445e-03
100  0.00908 -2.72148e-03 |101  0.00772  8.62669e-05 |102  0.00591  1.85251e-03
103 -0.00171  9.74863e-04 |104 -0.00071 -2.92810e-03 |105  0.01776  9.01533e-04
106  0.01679  8.27363e-04 |107 -0.00553 -3.20125e-03 |108  0.01339 -1.60013e-03
109  0.07873  1.10788e-03 |110  0.02656  1.40312e-03 |111 -0.01612 -4.17185e-05
112  0.00248 -2.18353e-03 |113  0.01768  1.61006e-03 |114  0.03774 -7.75116e-04
115  0.00151  1.58699e-03 |116 -0.06269  8.12641e-04 |117 -0.07882  1.84643e-03
118 -0.07750  1.15661e-03 |119 -0.03486 -3.42613e-04 |120  0.07158  6.61651e-04
121  0.02505  5.88227e-04 |122  0.01434 -9.79427e-04 |123 -0.02763  1.97895e-04
124 -0.06660 -6.49206e-04 |125 -0.00497  1.08276e-04 |126  0.00698  3.19140e-03
127 -0.02591 -3.46128e-03 |128  0.02905  3.33804e-03 |129  0.07957  1.14134e-03
130  0.00843 -1.71246e-04 |131  0.08877  1.43518e-03 |132  0.00822  1.74758e-04
133  0.13704  3.23444e-05 |134 -0.00549  3.09556e-04 |135 -0.04663  4.29476e-04
136 -0.05675 -2.62806e-03 |137 -0.02073  2.53845e-03 |138  0.09784 -4.92406e-04
139  0.03233  3.04502e-03 |140  0.01779  1.66229e-03 |141 -0.02819 -4.02864e-03
142 -0.01695 -3.75879e-03 |143 -0.00748  2.79741e-03 |144 -0.00038  4.84482e-04
145  0.22862 -8.70730e-04 |146  0.14587  1.48375e-03 |147  0.04475 -1.56841e-03
148  0.29571  2.31552e-03 |149  0.02049 -1.23626e-03 |150 -0.12197 -1.64499e-03
151 -0.47449 -2.47847e-04 |152  0.31339 -6.75421e-04 |153  0.04899 -2.47688e-04
154 -0.23583  4.93614e-04 |155  0.17557 -1.58280e-03 |156  0.25788  1.37412e-03
157  0.17202 -5.63522e-04 |158  0.25290  2.07722e-04 |159  0.00958  1.46690e-04
160 -0.10560 -1.09696e-03 |161  0.09113  1.37513e-05 |162  0.29334  8.02842e-04
163  0.19999 -4.51941e-04 |164  0.02665  1.99038e-04 |165 -0.35111 -3.25901e-04
166  0.24296 -2.69811e-04 |167  0.05363 -3.61806e-04 |168 -0.18887 -4.47958e-03
169  0.20362  2.20155e-04 |170  0.31625  4.04977e-05 |171  0.07674  6.41750e-04
172 -0.52044  2.47216e-04 |173 -0.38997 -5.27052e-04 |174  0.23309  2.18369e-04
175  0.08323 -1.20098e-03 |176 -0.12266 -2.20792e-03 |177  0.04449 -5.10331e-04
178  0.11680 -2.29513e-04 |179  0.31935  1.54682e-04 |180  0.27125  4.05043e-04
181  0.01174 -2.57584e-04 |182  0.01351 -7.70642e-04 |183 -0.15748 -2.07834e-03
184 -0.13190 -2.11465e-03 |185  0.01202  1.56141e-04 |186  0.39081  1.01705e-03
187  0.01978  2.29070e-04 |188 -0.15965 -2.39098e-04 |189  0.09752 -1.52108e-04
190  0.16047 -8.17326e-03 |191  0.21763  2.48262e-04 |192  0.25577  6.16850e-03
193  0.02554  6.35036e-04 |194  0.00040 -3.07311e-03 |195 -0.18202 -2.22607e-04
196 -0.12069 -7.13869e-03 |197 -0.55149  1.07289e-03 |198  0.17197 -1.01188e-03
199  0.09521  4.10986e-03 |200 -0.25573  2.84442e-03 |
200 variables; iteration 160; function evaluation 215; phase 4
Function value 7.3073792e+03; maximum gradient component mag -6.9644e-03
Var    Value     Gradient |Var    Value     Gradient |Var    Value     Gradient
  1 -0.42424 -3.49777e-03 |  2  0.37372 -6.69519e-03 |  3 -0.11553 -6.08651e-04
  4 -0.02489 -2.95687e-03 |  5 -0.70359 -2.09514e-04 |  6 -0.60371 -8.92979e-04
  7  0.38028  1.82282e-03 |  8 -0.17535  2.48602e-03 |  9  0.02035  1.29795e-03
 10 -0.60146 -7.00986e-04 | 11 -0.62292  8.50388e-04 | 12 -0.05669 -1.08846e-03
 13 -0.00956 -1.49669e-04 | 14 -0.00977 -1.74735e-05 | 15 -0.00997  2.42635e-04
 16 -0.01017  5.06034e-04 | 17 -0.01037  6.29064e-04 | 18 -0.01056  5.24687e-04
 19 -0.01074  2.14464e-04 | 20 -0.01091 -1.79043e-04 | 21 -0.01107 -4.95664e-04
 22 -0.01123 -6.19720e-04 | 23 -0.01136 -5.34254e-04 | 24 -0.01149 -3.13089e-04
 25 -0.01160 -6.56614e-05 | 26 -0.01169  1.29285e-04 | 27 -0.01176  2.53387e-04
 28 -0.01181  3.31100e-04 | 29 -0.01184  3.88352e-04 | 30 -0.01185  4.30747e-04
 31 -0.01183  4.51957e-04 | 32 -0.01179  4.52298e-04 | 33 -0.01172  4.37547e-04
 34 -0.01162  3.99380e-04 | 35 -0.01149  3.10752e-04 | 36 -0.01133  1.60030e-04
 37 -0.01113 -1.08113e-05 | 38 -0.01089 -1.21651e-04 | 39 -0.01061 -1.27630e-04
 40 -0.01030 -4.50345e-05 | 41 -0.00994  1.10704e-04 | 42 -0.00955  3.23016e-04
 43 -0.00913  4.35774e-04 | 44 -0.00867  1.89758e-04 | 45 -0.00819 -3.70325e-04
 46 -0.00770 -7.24409e-04 | 47 -0.00720 -4.69846e-04 | 48 -0.00670  1.14594e-04
 49 -0.00621  4.43656e-04 | 50 -0.00576  3.38615e-04 | 51 -0.00534  6.85950e-05
 52 -0.00496 -9.08751e-05 | 53 -0.00463 -9.45006e-05 | 54 -0.00435 -3.45501e-05
 55 -0.00411  9.04291e-07 | 56 -0.00389 -2.82447e-05 | 57 -0.00368 -1.30825e-04
 58 -0.00345 -3.00214e-04 | 59 -0.00317 -5.00120e-04 | 60 -0.00282 -6.21610e-04
 61 -0.00237 -4.85396e-04 | 62 -0.00178 -1.30458e-04 | 63 -0.00102 -3.11124e-04
 64 -0.00006 -1.29190e-03 | 65  0.00114 -5.91197e-04 | 66  0.00261  8.87111e-05
 67  0.00436 -1.01703e-03 | 68  0.00642 -5.61231e-04 | 69  0.00880 -2.29300e-04
 70  0.01147 -1.72477e-03 | 71  0.01444  2.86149e-04 | 72  0.01761  1.69816e-03
 73  0.02089  8.86851e-04 | 74  0.02414  6.93597e-04 | 75  0.02714 -6.60848e-04
 76  0.02970  7.71754e-05 | 77  0.03160 -4.68585e-04 | 78  0.03273 -7.32516e-04
 79  0.03306 -4.21959e-04 | 80  0.03268 -5.49674e-04 | 81  0.03171 -7.13556e-04
 82  0.03020  2.86265e-04 | 83  0.02811  5.90494e-04 | 84  0.02535  1.67917e-03
 85  0.02189  1.11535e-03 | 86  0.01789  7.74059e-04 | 87  0.01373 -5.75568e-04
 88  0.00992 -6.97040e-05 | 89  0.00688  2.92586e-04 | 90  0.00473 -4.27302e-04
 91  0.00328  9.31868e-05 | 92  0.00215  1.53391e-04 | 93  0.00122 -9.08488e-04
 94  0.00096  1.65200e-04 | 95  0.00145  9.92815e-04 | 96  0.00163 -1.17302e-03
 97  0.00320  4.80671e-04 | 98  0.00561  5.94161e-04 | 99  0.00917  2.07236e-03
100  0.00908  2.50731e-04 |101  0.00772  4.92432e-04 |102  0.00590 -5.82871e-04
103 -0.00172 -1.70927e-04 |104 -0.00069  6.67195e-04 |105  0.01775 -1.28696e-03
106  0.01679  4.32174e-04 |107 -0.00552  1.34578e-03 |108  0.01340  2.93358e-04
109  0.07873 -3.78520e-04 |110  0.02656 -5.18953e-04 |111 -0.01612 -4.34244e-04
112  0.00249  7.24191e-04 |113  0.01767  2.46388e-04 |114  0.03774 -1.99469e-06
115  0.00151 -7.00830e-04 |116 -0.06269 -4.59526e-04 |117 -0.07882 -1.18486e-03
118 -0.07750 -8.95942e-04 |119 -0.03485  4.29783e-04 |120  0.07158 -1.86621e-04
121  0.02505 -3.71975e-04 |122  0.01435  6.45331e-04 |123 -0.02763 -9.20737e-05
124 -0.06660  3.66661e-04 |125 -0.00497 -7.79757e-04 |126  0.00697 -1.11257e-03
127 -0.02590  7.51937e-04 |128  0.02905 -1.39852e-03 |129  0.07957 -1.01243e-03
130  0.00844 -5.32971e-04 |131  0.08877 -7.40173e-04 |132  0.00822 -5.62946e-04
133  0.13704  3.27018e-05 |134 -0.00549 -1.02174e-04 |135 -0.04663 -4.02714e-04
136 -0.05674  8.47109e-04 |137 -0.02074 -9.91527e-04 |138  0.09784 -3.53908e-04
139  0.03232 -1.16816e-03 |140  0.01779 -6.64165e-04 |141 -0.02817  1.70898e-03
142 -0.01693  1.18843e-03 |143 -0.00750 -1.48569e-03 |144 -0.00038  2.65098e-04
145  0.22860  1.21316e-04 |146  0.14585 -2.74026e-03 |147  0.04475  3.87103e-04
148  0.29571 -1.05919e-03 |149  0.02049  4.89079e-04 |150 -0.12197  9.38179e-04
151 -0.47448  6.27522e-05 |152  0.31341  3.85009e-04 |153  0.04898  1.38756e-04
154 -0.23583 -3.88341e-05 |155  0.17557  5.50414e-04 |156  0.25788 -2.56671e-05
157  0.17202  1.79826e-04 |158  0.25290  3.86519e-04 |159  0.00958 -3.04748e-04
160 -0.10560  1.10698e-03 |161  0.09113 -4.25862e-04 |162  0.29334  1.62610e-05
163  0.20001 -3.02064e-04 |164  0.00834  4.14180e-05 |165 -0.35110  2.42695e-04
166  0.24297  2.87326e-04 |167  0.05363 -5.25184e-05 |168 -0.18887  1.84447e-03
169  0.20362 -7.83369e-04 |170  0.31625  2.03320e-04 |171  0.07674 -1.97033e-03
172 -0.52049  2.42829e-04 |173 -0.38997  8.86075e-04 |174  0.23309 -1.41188e-04
175  0.08323  9.43350e-04 |176 -0.12266  1.61721e-03 |177  0.04449 -3.93494e-05
178  0.11679 -4.42774e-04 |179  0.31935  3.88307e-05 |180  0.27125  3.11898e-04
181  0.01174 -6.62527e-05 |182  0.01351  3.33443e-04 |183 -0.15748  1.07532e-03
184 -0.13190  1.90734e-03 |185  0.01202  1.42195e-05 |186  0.39081 -5.07791e-04
187  0.01978 -7.03053e-04 |188 -0.15965  1.52817e-04 |189  0.09752 -4.36196e-03
190  0.16047  6.21728e-03 |191  0.21763  2.04748e-03 |192  0.25577 -3.57408e-03
193  0.02554 -4.52089e-03 |194  0.00040  2.72482e-03 |195 -0.18202 -1.44271e-03
196 -0.12069  5.70611e-03 |197 -0.55150 -1.07895e-03 |198  0.17196  6.79485e-04
199  0.09522 -6.96442e-03 |200 -0.25574 -2.82319e-03 |

 - final statistics:
200 variables; iteration 176; function evaluation 242
Function value 7.3074e+03; maximum gradient component mag 9.6397e-04
Exit code = 1;  converg criter 1.0000e-03
Var    Value     Gradient |Var    Value     Gradient |Var    Value     Gradient
  1 -0.42424  5.15119e-05 |  2  0.37372  7.85781e-04 |  3 -0.11553 -2.25321e-04
  4 -0.02489  1.80652e-04 |  5 -0.70359  3.64671e-05 |  6 -0.60371  6.24035e-05
  7  0.38029 -3.43347e-04 |  8 -0.17535 -6.08928e-04 |  9  0.02034 -3.49918e-04
 10 -0.60146  9.23212e-05 | 11 -0.62292 -1.92456e-04 | 12 -0.05670  5.99092e-04
 13 -0.00956 -1.68986e-05 | 14 -0.00977 -3.63690e-06 | 15 -0.00997  2.88751e-05
 16 -0.01017  3.33100e-05 | 17 -0.01037 -1.28415e-05 | 18 -0.01056 -6.64746e-05
 19 -0.01074 -5.38378e-05 | 20 -0.01091  3.70941e-05 | 21 -0.01107  1.19739e-04
 22 -0.01122  9.84818e-05 | 23 -0.01136 -7.81754e-06 | 24 -0.01149 -7.74335e-05
 25 -0.01160 -3.71189e-05 | 26 -0.01169  4.56514e-05 | 27 -0.01176  6.52824e-05
 28 -0.01181  2.30226e-05 | 29 -0.01184 -5.46262e-06 | 30 -0.01185 -2.76333e-06
 31 -0.01183 -8.30792e-06 | 32 -0.01179 -2.05934e-05 | 33 -0.01172 -9.48395e-06
 34 -0.01162  4.25674e-06 | 35 -0.01149 -6.74055e-06 | 36 -0.01133 -9.23348e-07
 37 -0.01113  4.17774e-05 | 38 -0.01089  4.86976e-05 | 39 -0.01061 -1.14900e-05
 40 -0.01030 -6.61222e-05 | 41 -0.00994 -5.07146e-05 | 42 -0.00955  2.11836e-05
 43 -0.00913  6.59647e-05 | 44 -0.00867  4.61599e-05 | 45 -0.00819 -2.59858e-06
 46 -0.00770 -5.82921e-05 | 47 -0.00720 -2.92926e-05 | 48 -0.00670  8.17849e-05
 49 -0.00622  9.89483e-05 | 50 -0.00576  3.21792e-05 | 51 -0.00534  2.16711e-05
 52 -0.00496  5.25018e-05 | 53 -0.00463  4.25142e-05 | 54 -0.00435 -9.72113e-06
 55 -0.00411 -5.67067e-05 | 56 -0.00389 -6.43508e-05 | 57 -0.00368 -2.23883e-05
 58 -0.00345  6.21021e-05 | 59 -0.00317  1.53412e-04 | 60 -0.00282  1.69589e-04
 61 -0.00237  5.48149e-05 | 62 -0.00178 -1.12669e-05 | 63 -0.00102  7.06413e-05
 64 -0.00006 -2.84002e-05 | 65  0.00114  4.01322e-05 | 66  0.00261  2.78078e-05
 67  0.00436 -1.87211e-05 | 68  0.00642  1.43705e-05 | 69  0.00880 -4.35807e-05
 70  0.01148  1.09298e-04 | 71  0.01443  9.81911e-05 | 72  0.01761 -4.85759e-05
 73  0.02089  4.12333e-05 | 74  0.02413  5.89210e-05 | 75  0.02714  8.16532e-05
 76  0.02970  3.24074e-05 | 77  0.03160  5.69992e-05 | 78  0.03273  3.61620e-05
 79  0.03306  4.61004e-05 | 80  0.03269  5.19623e-05 | 81  0.03171  2.69187e-05
 82  0.03020  2.54563e-05 | 83  0.02810 -2.02518e-05 | 84  0.02534 -6.43630e-05
 85  0.02188 -6.05882e-05 | 86  0.01788 -4.40832e-05 | 87  0.01373  4.41180e-05
 88  0.00993 -1.09495e-04 | 89  0.00688  2.37277e-04 | 90  0.00473 -1.71375e-05
 91  0.00328  1.88458e-05 | 92  0.00215 -2.47755e-05 | 93  0.00123  8.46865e-05
 94  0.00096  4.71753e-05 | 95  0.00145 -3.86545e-05 | 96  0.00163  1.10308e-04
 97  0.00320 -2.46614e-05 | 98  0.00561  5.32094e-05 | 99  0.00917 -1.92616e-04
100  0.00908  2.34218e-06 |101  0.00772 -6.70119e-05 |102  0.00590  4.44423e-05
103 -0.00172  2.15798e-06 |104 -0.00070 -1.61360e-05 |105  0.01776  1.18257e-04
106  0.01679 -4.04775e-05 |107 -0.00552 -1.63183e-04 |108  0.01340 -3.51953e-05
109  0.07873 -5.17166e-05 |110  0.02656  3.02494e-06 |111 -0.01612  4.94447e-05
112  0.00248 -1.01708e-04 |113  0.01767 -1.09567e-04 |114  0.03774 -9.50631e-05
115  0.00151  4.31087e-05 |116 -0.06269  1.61311e-06 |117 -0.07882  8.18401e-05
118 -0.07750  8.93190e-05 |119 -0.03485 -1.12911e-04 |120  0.07158 -4.13806e-05
121  0.02505  9.91115e-06 |122  0.01435 -8.96308e-05 |123 -0.02763 -2.20608e-05
124 -0.06660 -5.55827e-05 |125 -0.00497  1.13579e-04 |126  0.00697  5.41921e-05
127 -0.02590 -2.85521e-05 |128  0.02905  1.02878e-04 |129  0.07957  1.16724e-04
130  0.00844  8.09553e-05 |131  0.08877  6.89720e-05 |132  0.00822  9.86210e-05
133  0.13704 -1.74553e-05 |134 -0.00549  3.93006e-06 |135 -0.04663  6.71254e-05
136 -0.05674 -5.70353e-05 |137 -0.02074  9.35640e-05 |138  0.09785  9.12761e-05
139  0.03233  6.01953e-05 |140  0.01779  1.11053e-05 |141 -0.02818 -1.28828e-04
142 -0.01694 -7.36368e-05 |143 -0.00749  1.20709e-04 |144 -0.00038  3.18540e-05
145  0.22860  5.23634e-05 |146  0.14586  3.97508e-04 |147  0.04475  5.62846e-05
148  0.29571  3.67358e-05 |149  0.02049  1.10938e-05 |150 -0.12197 -1.94958e-05
151 -0.47448 -6.28548e-06 |152  0.31340 -2.32017e-05 |153  0.04898 -1.35268e-05
154 -0.23583 -1.21680e-05 |155  0.17557  4.19912e-06 |156  0.25788 -9.16832e-05
157  0.17202  1.19866e-05 |158  0.25290 -8.23065e-05 |159  0.00958  3.83610e-05
160 -0.10560 -1.29938e-04 |161  0.09113  8.44840e-05 |162  0.29334 -5.08747e-05
163  0.20002 -7.35030e-05 |164 -0.00025 -1.48223e-06 |165 -0.35110 -3.25480e-06
166  0.24296 -3.93112e-05 |167  0.05363  3.51265e-05 |168 -0.18887 -4.00767e-05
169  0.20362  1.11133e-04 |170  0.31625 -4.14229e-05 |171  0.07674  2.87750e-04
172 -0.52339  6.85916e-07 |173 -0.38998 -1.30133e-04 |174  0.23309  1.11431e-06
175  0.08323 -1.17220e-04 |176 -0.12266 -1.73879e-04 |177  0.04449  1.07099e-05
178  0.11679  1.07964e-04 |179  0.31935  4.46696e-06 |180  0.27125 -6.90896e-05
181  0.01174  1.88869e-05 |182  0.01351 -3.26087e-06 |183 -0.15748 -8.93812e-05
184 -0.13190 -2.04936e-04 |185  0.01202 -1.70174e-05 |186  0.39081  4.10145e-05
187  0.01978  1.19173e-04 |188 -0.15965 -2.79477e-05 |189  0.09752  8.50397e-04
190  0.16047 -5.98960e-04 |191  0.21763 -4.26861e-04 |192  0.25577  2.51098e-04
193  0.02554  8.34296e-04 |194  0.00040 -2.86784e-04 |195 -0.18202  3.15592e-04
196 -0.12069 -4.57031e-04 |197 -0.55149  1.28710e-04 |198  0.17197 -6.64789e-05
199  0.09522  9.63971e-04 |200 -0.25573  3.48631e-04 |

 - final statistics:
213 variables; iteration 0; function evaluation 0
Function value 7.3074e+03; maximum gradient component mag 9.6397e-04
Exit code = 0;  converg criter 1.0000e-03
Var    Value     Gradient |Var    Value     Gradient |Var    Value     Gradient
  1 -0.42424  5.15119e-05 |  2  0.37372  7.85781e-04 |  3 -0.11553 -2.25321e-04
  4 -0.02489  1.80652e-04 |  5 -0.70359  3.64671e-05 |  6 -0.60371  6.24035e-05
  7  0.38029 -3.43347e-04 |  8 -0.17535 -6.08928e-04 |  9  0.02034 -3.49918e-04
 10 -0.60146  9.23212e-05 | 11 -0.62292 -1.92456e-04 | 12 -0.05670  5.99092e-04
 13 -0.00956 -1.68986e-05 | 14 -0.00977 -3.63690e-06 | 15 -0.00997  2.88751e-05
 16 -0.01017  3.33100e-05 | 17 -0.01037 -1.28415e-05 | 18 -0.01056 -6.64746e-05
 19 -0.01074 -5.38378e-05 | 20 -0.01091  3.70941e-05 | 21 -0.01107  1.19739e-04
 22 -0.01122  9.84818e-05 | 23 -0.01136 -7.81754e-06 | 24 -0.01149 -7.74335e-05
 25 -0.01160 -3.71189e-05 | 26 -0.01169  4.56514e-05 | 27 -0.01176  6.52824e-05
 28 -0.01181  2.30226e-05 | 29 -0.01184 -5.46262e-06 | 30 -0.01185 -2.76333e-06
 31 -0.01183 -8.30792e-06 | 32 -0.01179 -2.05934e-05 | 33 -0.01172 -9.48395e-06
 34 -0.01162  4.25674e-06 | 35 -0.01149 -6.74055e-06 | 36 -0.01133 -9.23348e-07
 37 -0.01113  4.17774e-05 | 38 -0.01089  4.86976e-05 | 39 -0.01061 -1.14900e-05
 40 -0.01030 -6.61222e-05 | 41 -0.00994 -5.07146e-05 | 42 -0.00955  2.11836e-05
 43 -0.00913  6.59647e-05 | 44 -0.00867  4.61599e-05 | 45 -0.00819 -2.59858e-06
 46 -0.00770 -5.82921e-05 | 47 -0.00720 -2.92926e-05 | 48 -0.00670  8.17849e-05
 49 -0.00622  9.89483e-05 | 50 -0.00576  3.21792e-05 | 51 -0.00534  2.16711e-05
 52 -0.00496  5.25018e-05 | 53 -0.00463  4.25142e-05 | 54 -0.00435 -9.72113e-06
 55 -0.00411 -5.67067e-05 | 56 -0.00389 -6.43508e-05 | 57 -0.00368 -2.23883e-05
 58 -0.00345  6.21021e-05 | 59 -0.00317  1.53412e-04 | 60 -0.00282  1.69589e-04
 61 -0.00237  5.48149e-05 | 62 -0.00178 -1.12669e-05 | 63 -0.00102  7.06413e-05
 64 -0.00006 -2.84002e-05 | 65  0.00114  4.01322e-05 | 66  0.00261  2.78078e-05
 67  0.00436 -1.87211e-05 | 68  0.00642  1.43705e-05 | 69  0.00880 -4.35807e-05
 70  0.01148  1.09298e-04 | 71  0.01443  9.81911e-05 | 72  0.01761 -4.85759e-05
 73  0.02089  4.12333e-05 | 74  0.02413  5.89210e-05 | 75  0.02714  8.16532e-05
 76  0.02970  3.24074e-05 | 77  0.03160  5.69992e-05 | 78  0.03273  3.61620e-05
 79  0.03306  4.61004e-05 | 80  0.03269  5.19623e-05 | 81  0.03171  2.69187e-05
 82  0.03020  2.54563e-05 | 83  0.02810 -2.02518e-05 | 84  0.02534 -6.43630e-05
 85  0.02188 -6.05882e-05 | 86  0.01788 -4.40832e-05 | 87  0.01373  4.41180e-05
 88  0.00993 -1.09495e-04 | 89  0.00688  2.37277e-04 | 90  0.00473 -1.71375e-05
 91  0.00328  1.88458e-05 | 92  0.00215 -2.47755e-05 | 93  0.00123  8.46865e-05
 94  0.00096  4.71753e-05 | 95  0.00145 -3.86545e-05 | 96  0.00163  1.10308e-04
 97  0.00320 -2.46614e-05 | 98  0.00561  5.32094e-05 | 99  0.00917 -1.92616e-04
100  0.00908  2.34218e-06 |101  0.00772 -6.70119e-05 |102  0.00590  4.44423e-05
103 -0.00172  2.15798e-06 |104 -0.00070 -1.61360e-05 |105  0.01776  1.18257e-04
106  0.01679 -4.04775e-05 |107 -0.00552 -1.63183e-04 |108  0.01340 -3.51953e-05
109  0.07873 -5.17166e-05 |110  0.02656  3.02494e-06 |111 -0.01612  4.94447e-05
112  0.00248 -1.01708e-04 |113  0.01767 -1.09567e-04 |114  0.03774 -9.50631e-05
115  0.00151  4.31087e-05 |116 -0.06269  1.61311e-06 |117 -0.07882  8.18401e-05
118 -0.07750  8.93190e-05 |119 -0.03485 -1.12911e-04 |120  0.07158 -4.13806e-05
121  0.02505  9.91115e-06 |122  0.01435 -8.96308e-05 |123 -0.02763 -2.20608e-05
124 -0.06660 -5.55827e-05 |125 -0.00497  1.13579e-04 |126  0.00697  5.41921e-05
127 -0.02590 -2.85521e-05 |128  0.02905  1.02878e-04 |129  0.07957  1.16724e-04
130  0.00844  8.09553e-05 |131  0.08877  6.89720e-05 |132  0.00822  9.86210e-05
133  0.13704 -1.74553e-05 |134 -0.00549  3.93006e-06 |135 -0.04663  6.71254e-05
136 -0.05674 -5.70353e-05 |137 -0.02074  9.35640e-05 |138  0.09785  9.12761e-05
139  0.03233  6.01953e-05 |140  0.01779  1.11053e-05 |141 -0.02818 -1.28828e-04
142 -0.01694 -7.36368e-05 |143 -0.00749  1.20709e-04 |144 -0.00038  3.18540e-05
145  0.00000  0.00000e+00 |146  0.00000  0.00000e+00 |147  0.00000  0.00000e+00
148  0.00000  0.00000e+00 |149  0.00000  0.00000e+00 |150  0.00000  0.00000e+00
151  0.00000  0.00000e+00 |152  0.00000  0.00000e+00 |153  0.00000  0.00000e+00
154  0.00000  0.00000e+00 |155  0.00000  0.00000e+00 |156  0.00000  0.00000e+00
157  0.00000  0.00000e+00 |158  0.22860  5.23634e-05 |159  0.14586  3.97508e-04
160  0.04475  5.62846e-05 |161  0.29571  3.67358e-05 |162  0.02049  1.10938e-05
163 -0.12197 -1.94958e-05 |164 -0.47448 -6.28548e-06 |165  0.31340 -2.32017e-05
166  0.04898 -1.35268e-05 |167 -0.23583 -1.21680e-05 |168  0.17557  4.19912e-06
169  0.25788 -9.16832e-05 |170  0.17202  1.19866e-05 |171  0.25290 -8.23065e-05
172  0.00958  3.83610e-05 |173 -0.10560 -1.29938e-04 |174  0.09113  8.44840e-05
175  0.29334 -5.08747e-05 |176  0.20002 -7.35030e-05 |177 -0.00025 -1.48223e-06
178 -0.35110 -3.25480e-06 |179  0.24296 -3.93112e-05 |180  0.05363  3.51265e-05
181 -0.18887 -4.00767e-05 |182  0.20362  1.11133e-04 |183  0.31625 -4.14229e-05
184  0.07674  2.87750e-04 |185 -0.52339  6.85916e-07 |186 -0.38998 -1.30133e-04
187  0.23309  1.11431e-06 |188  0.08323 -1.17220e-04 |189 -0.12266 -1.73879e-04
190  0.04449  1.07099e-05 |191  0.11679  1.07964e-04 |192  0.31935  4.46696e-06
193  0.27125 -6.90896e-05 |194  0.01174  1.88869e-05 |195  0.01351 -3.26087e-06
196 -0.15748 -8.93812e-05 |197 -0.13190 -2.04936e-04 |198  0.01202 -1.70174e-05
199  0.39081  4.10145e-05 |200  0.01978  1.19173e-04 |201 -0.15965 -2.79477e-05
202  0.09752  8.50397e-04 |203  0.16047 -5.98960e-04 |204  0.21763 -4.26861e-04
205  0.25577  2.51098e-04 |206  0.02554  8.34296e-04 |207  0.00040 -2.86784e-04
208 -0.18202  3.15592e-04 |209 -0.12069 -4.57031e-04 |210 -0.55149  1.28710e-04
211  0.17197 -6.64789e-05 |212  0.09522  9.63971e-04 |213 -0.25573  3.48631e-04
size of file gradfil1.tmp = 0
size of file gradfil2.tmp = 0
size of file varssave.tmp = 0
size of file cmpdiff.tmp = 1000000040
