This is LuaHBTeX, Version 1.22.0 (TeX Live 2025)  (format=lualatex 2025.12.17)  22 DEC 2025 12:37
 restricted system commands enabled.
**SAR_USWC_Rougheye_and_Blackspotted_Rockfishes_skeleton_access.tex
(./SAR_USWC_Rougheye_and_Blackspotted_Rockfishes_skeleton_access.tex
LaTeX2e <2025-11-01>
L3 programming layer <2025-11-14>
Lua module: luaotfload 2024-12-03 v3.29 Lua based OpenType font support
Lua module: lualibs 2023-07-13 v2.76 ConTeXt Lua standard libraries.
Lua module: lualibs-extended 2023-07-13 v2.76 ConTeXt Lua libraries -- extended collection.
luaotfload | conf : Root cache directory is "C:/Users/Jason.Cope/AppData/Roaming/TinyTeX/texmf-var/luatex-cache/generic/names".
luaotfload | init : Loading fontloader "fontloader-2023-12-28.lua" from kpse-resolved path "c:/Users/Jason.Cope/AppData/Roaming/TinyTeX/texmf-dist/tex/luatex/luaotfload/fontloader-2023-12-28.lua".
Lua-only attribute luaotfload@noligature = 1
luaotfload | init : Context OpenType loader version 3.134
Inserting `luaotfload.node_processor' in `pre_linebreak_filter'.
Inserting `luaotfload.node_processor' in `hpack_filter'.
Inserting `luaotfload.glyph_stream' in `glyph_stream_provider'.
Inserting `luaotfload.define_font' in `define_font'.
Lua-only attribute luaotfload_color_attribute = 2
luaotfload | conf : Root cache directory is "C:/Users/Jason.Cope/AppData/Roaming/TinyTeX/texmf-var/luatex-cache/generic/names".
Inserting `luaotfload.harf.strip_prefix' in `find_opentype_file'.
Inserting `luaotfload.harf.strip_prefix' in `find_truetype_file'.
Removing  `luaotfload.glyph_stream' from `glyph_stream_provider'.
Inserting `luaotfload.harf.glyphstream' in `glyph_stream_provider'.
Inserting `luaotfload.harf.finalize_vlist' in `post_linebreak_filter'.
Inserting `luaotfload.harf.finalize_hlist' in `hpack_filter'.
Inserting `luaotfload.cleanup_files' in `wrapup_run'.
Inserting `luaotfload.harf.finalize_unicode' in `finish_pdffile'.
Inserting `luaotfload.glyphinfo' in `glyph_info'.
Lua-only attribute luaotfload.letterspace_done = 3
Inserting `luaotfload.aux.set_sscale_dimens' in `luaotfload.patch_font'.
Inserting `luaotfload.aux.set_font_index' in `luaotfload.patch_font'.
Inserting `luaotfload.aux.patch_cambria_domh' in `luaotfload.patch_font'.
Inserting `luaotfload.aux.fixup_fontdata' in `luaotfload.patch_font_unsafe'.
Inserting `luaotfload.aux.set_capheight' in `luaotfload.patch_font'.
Inserting `luaotfload.aux.set_xheight' in `luaotfload.patch_font'.
Inserting `luaotfload.rewrite_fontname' in `luaotfload.patch_font'.
Inserting `tracingstacklevels' in `input_level_string'. (./accessibility.tex (c:/Users/Jason.Cope/AppData/Roaming/TinyTeX/texmf-dist/tex/latex/latex-lab/documentmetadata-support.ltx (c:/Users/Jason.Cope/AppData/Roaming/TinyTeX/texmf-dist/tex/latex/pdfmanagement-testphase/pdfmanagement-testphase.sty
Package: pdfmanagement-testphase 2025-11-12 v0.96x LaTeX PDF management bundle
(c:/Users/Jason.Cope/AppData/Roaming/TinyTeX/texmf-dist/tex/latex/tagpdf/tagpdf-base.sty
Package: tagpdf-base 2025-10-31 v0.99w part of tagpdf - provide base, no-op versions of the user commands 
\c@g__tag_MCID_abs_int=\count273
\c@g__tag_struct_abs_int=\count274
) (c:/Users/Jason.Cope/AppData/Roaming/TinyTeX/texmf-dist/tex/latex/pdfmanagement-testphase/pdfmanagement.ltx
File: pdfmanagement.ltx 2025-11-12 v0.96x PDF management code
\g__pdfmanagement_EmbeddedFiles_int=\count275
\l__pdfmeta_xmp_indent_int=\count276
\g_pdffile_embed_pdfa_int=\count277
\g_pdffile_embed_nonpdfa_int=\count278
))) (c:/Users/Jason.Cope/AppData/Roaming/TinyTeX/texmf-dist/tex/latex/l3backend/l3backend-luatex.def
File: l3backend-luatex.def 2025-10-09 L3 backend support: PDF output (LuaTeX)
\l__color_backend_stack_int=\count279
Inserting `l3color' in `luaotfload.parse_color'.
Inserting `l3opacity' in `luaotfload.parse_transparent'.) (c:/Users/Jason.Cope/AppData/Roaming/TinyTeX/texmf-dist/tex/latex/pdfmanagement-testphase/l3backend-testphase-luatex.def
File: l3backend-testphase-luatex.def 2025-11-12 v0.96s LaTeX PDF management bundle backend support:PDFoutput(LuaTeX)
\l__pdf_backend_tmpa_box=\box53
\l__pdf_backend_tmpb_box=\box54
\g__pdf_backend_resourceid_int=\count280
\g__pdf_backend_name_int=\count281
\g__pdf_backend_page_int=\count282
Custom whatsit pdf_link_adjust_level = 1
Inserting `linksplit' in `pre_shipout_filter'.
Lua function pdflinkadjustlevel = 31) (c:/Users/Jason.Cope/AppData/Roaming/TinyTeX/texmf-dist/tex/latex/latex-lab/latex-lab-testphase-latest.sty
Package: latex-lab-testphase-latest 2025-09-13 v0.1d latex-lab modules
(c:/Users/Jason.Cope/AppData/Roaming/TinyTeX/texmf-dist/tex/latex/tagpdf/tagpdf.sty
Package: tagpdf 2025-10-31 v0.99w  LaTeX kernel code for PDF tagging 
\l__tag_tmpa_int=\count283
\l__tag_tmpa_box=\box55
\l__tag_tmpb_box=\box56
\l__tag_loglevel_int=\count284
\g__tag_unique_cnt_int=\count285
\l__tag_tag_stop_int=\count286
(c:/Users/Jason.Cope/AppData/Roaming/TinyTeX/texmf-dist/tex/latex/tagpdf/tagpdf-luatex.def
File: tagpdf-luatex.def 2025-10-31 v0.99w tagpdf driver for luatex
luaotfload | db : Font names database loaded from C:/Users/Jason.Cope/AppData/Roaming/TinyTeX/texmf-var/luatex-cache/generic/names/luaotfload-names.luc.gz
Lua module: tagpdf 2025-10-31 v0.99w tagpdf lua code
Lua-only attribute g__tag_mc_type_attr = 4
Lua-only attribute g__tag_mc_cnt_attr = 5
Lua-only attribute g__tag_structnum_attr = 6
Lua-only attribute g__tag_interwordspaceOff_attr = 7
Lua-only attribute g__tag_interwordspace_attr = 8
Lua-only attribute g__tag_interwordfont_attr = 9
Inserting `tagpdf.rewrite-softhyphen' in `pre_shaping_filter'.
Inserting `tagpdf.rewrite-softhyphen' in `post_shaping_filter'.
Inserting `tagpdf' in `linksplit'.) (c:/Users/Jason.Cope/AppData/Roaming/TinyTeX/texmf-dist/tex/latex/tagpdf/tagpdf-mc-code-lua.sty
Package: tagpdf-mc-code-lua 2025-10-31 v0.99w tagpdf - mc code only for the luamode 
)
\g__tag_tree_id_pad_int=\count287
\c@g__tag_parenttree_obj_int=\count288

Package tagpdf Info: reading namespace definitions tagpdf-ns-pdf.def


Package tagpdf Info: reading namespace definitions tagpdf-ns-pdf2.def


Package tagpdf Info: reading namespace definitions tagpdf-ns-mathml.def


Package tagpdf Info: reading namespace definitions tagpdf-ns-latex-book.def


Package tagpdf Info: reading namespace definitions tagpdf-ns-latex.def


Package tagpdf Info: reading namespace definitions tagpdf-ns-latex-lab.def


Package tagpdf Info: reading namespace definitions tagpdf-ns-pdf.def


Package tagpdf Info: reading namespace definitions tagpdf-ns-pdf2.def

\g__tag_struct_AFobj_int=\count289
\g__tag_para_begin_int=\count290
\g__tag_para_end_int=\count291
\g__tag_para_main_begin_int=\count292
\g__tag_para_main_end_int=\count293
) (c:/Users/Jason.Cope/AppData/Roaming/TinyTeX/texmf-dist/tex/latex/latex-lab/latex-lab-testphase-names.sty
Package: latex-lab-testphase-names 2025-08-14 v0.8f Code related to the names of tags
) (c:/Users/Jason.Cope/AppData/Roaming/TinyTeX/texmf-dist/tex/latex/latex-lab/latex-lab-testphase-new-or-2.sty
Package: latex-lab-testphase-new-or-2 2025-05-10 v0.86d Changes to the output routine
(c:/Users/Jason.Cope/AppData/Roaming/TinyTeX/texmf-dist/tex/latex/latex-lab/latex-lab-footnotes.ltx
File: latex-lab-footnotes.ltx 2025-07-04 v0.8o changes to the footnote interfaces
\footnotemargin=\dimen147
\g_fnote_id_int=\count294
)) (c:/Users/Jason.Cope/AppData/Roaming/TinyTeX/texmf-dist/tex/latex/latex-lab/latex-lab-testphase-block.sty
Package: latex-lab-testphase-block 2025-07-26 v0.9k blockenv implementation
(c:/Users/Jason.Cope/AppData/Roaming/TinyTeX/texmf-dist/tex/latex/latex-lab/latex-lab-kernel-changes.sty
Package: latex-lab-kernel-changes 2025-07-09 v0.85i General kernel and class changes
(c:/Users/Jason.Cope/AppData/Roaming/TinyTeX/texmf-dist/tex/generic/pdftex/glyphtounicode.tex) (c:/Users/Jason.Cope/AppData/Roaming/TinyTeX/texmf-dist/tex/latex/latex-lab/glyphtounicode-cmex.tex)) (c:/Users/Jason.Cope/AppData/Roaming/TinyTeX/texmf-dist/tex/latex/latex-lab/latex-lab-testphase-context.sty
Package: latex-lab-testphase-context 2025-10-09 v0.5b Providing context for instance, etc.
)

LaTeX template Info: Declaring template type 'blockenv' taking 1 argument(s)
(template)           on line 96.


LaTeX template Info: Declaring template type 'block' taking 1 argument(s) on
(template)           line 97.


LaTeX template Info: Declaring template type 'para' taking 1 argument(s) on
(template)           line 98.


LaTeX template Info: Declaring template type 'list' taking 1 argument(s) on
(template)           line 99.


LaTeX template Info: Declaring template type 'item' taking 1 argument(s) on
(template)           line 100.

\c@maxblocklevels=\count295
\l__par_start_skip=\skip49
\l__block_botsep_skip=\skip50
\l__block_parbotsep_skip=\skip51
\l__block_parindent_dim=\dimen148
\l__block_counter_start_int=\count296
\l__block_one_label_box=\box57
\g__block_labels_box=\box58
\l__block_tmpa_skip=\skip52
\l__block_topsepadd_skip=\skip53
\l__block_effective_top_skip=\skip54
LaTeX Info: Redefining \centering on input line 1476.
LaTeX Info: Redefining \raggedleft on input line 1477.
LaTeX Info: Redefining \raggedright on input line 1478.
) (c:/Users/Jason.Cope/AppData/Roaming/TinyTeX/texmf-dist/tex/latex/latex-lab/latex-lab-testphase-sec.sty
Package: latex-lab-testphase-sec 2025-10-20 v0.84k Code related to the tagging of sectioning commands
) (c:/Users/Jason.Cope/AppData/Roaming/TinyTeX/texmf-dist/tex/latex/latex-lab/latex-lab-testphase-toc.sty
Package: latex-lab-testphase-toc 2025-07-02 v0.85h  Code related to the tagging of toc-like lists
\g__tag_toc_level_int=\count297
) (c:/Users/Jason.Cope/AppData/Roaming/TinyTeX/texmf-dist/tex/latex/latex-lab/latex-lab-testphase-minipage.sty
Package: latex-lab-testphase-minipage 2025-05-10 v0.81g Code related to the tagging of minipages and parboxes
(c:/Users/Jason.Cope/AppData/Roaming/TinyTeX/texmf-dist/tex/latex/latex-lab/latex-lab-testphase-new-or-1.sty
Package: latex-lab-testphase-new-or-1 2025-05-10 v0.85d Temporary output patches for tagging and better link support -- no longer active
)) (c:/Users/Jason.Cope/AppData/Roaming/TinyTeX/texmf-dist/tex/latex/latex-lab/latex-lab-testphase-graphic.sty
Package: latex-lab-testphase-graphic 2025-09-25 v0.80i Code related to the tagging of graphics
\g__tag_graphic_int=\count298
) (c:/Users/Jason.Cope/AppData/Roaming/TinyTeX/texmf-dist/tex/latex/latex-lab/latex-lab-testphase-float.sty
Package: latex-lab-testphase-float 2025-10-17 v0.81l Code related to the tagging of floats
\g__tag_float_int=\count299
) (c:/Users/Jason.Cope/AppData/Roaming/TinyTeX/texmf-dist/tex/latex/latex-lab/latex-lab-testphase-bib.sty
Package: latex-lab-testphase-bib 2025-05-09 v0.81c Code related to the tagging of bibliography and cite command
) (c:/Users/Jason.Cope/AppData/Roaming/TinyTeX/texmf-dist/tex/latex/latex-lab/latex-lab-testphase-text.sty
Package: latex-lab-testphase-text 2025-05-10 v0.85f Code related to the tagging of various small text commands
LaTeX Info: Redefining \mbox on input line 84.
) (c:/Users/Jason.Cope/AppData/Roaming/TinyTeX/texmf-dist/tex/latex/latex-lab/latex-lab-testphase-marginpar.sty
Package: latex-lab-testphase-marginpar 2025-07-23 v0.85h Changes related to the tagging of the margin notes
\g__kernel_marginpar_int=\count300
) (c:/Users/Jason.Cope/AppData/Roaming/TinyTeX/texmf-dist/tex/latex/latex-lab/latex-lab-testphase-title.sty
Package: latex-lab-testphase-title 2025-03-08 v0.85d Changes related to the tagging of the title
) (c:/Users/Jason.Cope/AppData/Roaming/TinyTeX/texmf-dist/tex/latex/latex-lab/latex-lab-testphase-table.sty
Package: latex-lab-testphase-table 2025-08-01 v0.85s Code related to the tagging of tables
(c:/Users/Jason.Cope/AppData/Roaming/TinyTeX/texmf-dist/tex/latex/tools/array.sty
Package: array 2025/09/25 v2.6n Tabular extension package (FMi)
\col@sep=\dimen149
\ar@mcellbox=\box59
\extrarowheight=\dimen150
\NC@list=\toks17
\extratabsurround=\skip55
\backup@length=\skip56
\ar@cellbox=\box60
)) (c:/Users/Jason.Cope/AppData/Roaming/TinyTeX/texmf-dist/tex/latex/latex-lab/latex-lab-testphase-math.sty
Package: latex-lab-testphase-math 2025-03-10 v0.8d code related to the math tagging
(c:/Users/Jason.Cope/AppData/Roaming/TinyTeX/texmf-dist/tex/latex/latex-lab/latex-lab-math.ltx
File: latex-lab-math.ltx 2025-10-02 v0.6w Grab all the math(s) and tag it (experiments)
\l__math_tmpa_skip=\skip57
\g__math_mathml_total_int=\count301
\g__math_mathml_int=\count302
\g__math_math_total_int=\count303
\g__math_mathml_AF_found_int=\count304
\g__math_mathml_AF_attached_int=\count305
\l__math_tmpa_box=\box61
\l__math_mathstyle_int=\count306
\g__math_mathchoice_int=\count307
\l__math_grab_env_int=\count308
\g__math_postdisplaypenalty_int=\count309
) (c:/Users/Jason.Cope/AppData/Roaming/TinyTeX/texmf-dist/tex/latex/latex-lab/latex-lab-mathpkg.ltx
File: latex-lab-mathpkg.ltx 2025-06-20 v0.1c mathpkg adaptions
) (c:/Users/Jason.Cope/AppData/Roaming/TinyTeX/texmf-dist/tex/latex/latex-lab/latex-lab-mathintent.ltx
File: latex-lab-mathintent.ltx 2025-08-03 v0.1c MathML intent attributes
)) (c:/Users/Jason.Cope/AppData/Roaming/TinyTeX/texmf-dist/tex/latex/latex-lab/latex-lab-testphase-firstaid.sty
Package: latex-lab-testphase-firstaid 2025-11-03 v2025-11-03 Temporary patches to external packages needed for the tagging project
) (c:/Users/Jason.Cope/AppData/Roaming/TinyTeX/texmf-dist/tex/latex/latex-lab/latex-lab-testphase-tikz.sty
Package: latex-lab-testphase-tikz 2025-09-27 v0.80d Code related to the tagging of tikz pictures
)) (c:/Users/Jason.Cope/AppData/Roaming/TinyTeX/texmf-dist/tex/latex/pdfmanagement-testphase/pdfmanagement-firstaid.sty
Package: pdfmanagement-firstaid 2025-11-12 v0.96x LaTeX PDF management bundle / firstaid-patches

Package pdfmanagement Info: loading pdfmanagement firstaid code for pgf

))
Inserting `markspaces' in `pre_linebreak_filter'.
Inserting `markspaces' in `hpack_filter'. (c:/Users/Jason.Cope/AppData/Roaming/TinyTeX/texmf-dist/tex/latex/base/article.cls
Document Class: article 2025/01/22 v1.4n Standard LaTeX document class
(c:/Users/Jason.Cope/AppData/Roaming/TinyTeX/texmf-dist/tex/latex/base/size10.clo
File: size10.clo 2025/01/22 v1.4n Standard LaTeX file (size option)
)
\c@part=\count310
\c@section=\count311
\c@subsection=\count312
\c@subsubsection=\count313
\c@paragraph=\count314
\c@subparagraph=\count315
\c@figure=\count316
\c@table=\count317
\abovecaptionskip=\skip58
\belowcaptionskip=\skip59
\bibindent=\dimen151
) (c:/Users/Jason.Cope/AppData/Roaming/TinyTeX/texmf-dist/tex/latex/xcolor/xcolor.sty
Package: xcolor 2024/09/29 v3.02 LaTeX color extensions (UK)
(c:/Users/Jason.Cope/AppData/Roaming/TinyTeX/texmf-dist/tex/latex/graphics-cfg/color.cfg
File: color.cfg 2016/01/02 v1.6 sample color configuration
)
Package xcolor Info: Driver file: luatex.def on input line 274.
(c:/Users/Jason.Cope/AppData/Roaming/TinyTeX/texmf-dist/tex/latex/graphics-def/luatex.def
File: luatex.def 2025/09/29 v1.2f Graphics/color driver for luatex
) (c:/Users/Jason.Cope/AppData/Roaming/TinyTeX/texmf-dist/tex/latex/graphics/mathcolor.ltx)
Package xcolor Info: Model `cmy' substituted by `cmy0' on input line 1349.
Package xcolor Info: Model `hsb' substituted by `rgb' on input line 1353.
Package xcolor Info: Model `RGB' extended on input line 1365.
Package xcolor Info: Model `HTML' substituted by `rgb' on input line 1367.
Package xcolor Info: Model `Hsb' substituted by `hsb' on input line 1368.
Package xcolor Info: Model `tHsb' substituted by `hsb' on input line 1369.
Package xcolor Info: Model `HSB' substituted by `hsb' on input line 1370.
Package xcolor Info: Model `Gray' substituted by `gray' on input line 1371.
Package xcolor Info: Model `wave' substituted by `hsb' on input line 1372.
) (c:/Users/Jason.Cope/AppData/Roaming/TinyTeX/texmf-dist/tex/latex/pdfmanagement-testphase/xcolor-patches-tmp-ltx.sty
Package: xcolor-patches-tmp-ltx 2025-11-12 v0.96x patch xcolor for l3color
) (c:/Users/Jason.Cope/AppData/Roaming/TinyTeX/texmf-dist/tex/latex/graphics/dvipsnam.def
File: dvipsnam.def 2016/06/17 v3.0m Driver-dependent file (DPC,SPQR)
) (c:/Users/Jason.Cope/AppData/Roaming/TinyTeX/texmf-dist/tex/latex/xcolor/svgnam.def
File: svgnam.def 2024/09/29 v3.02 Predefined colors according to SVG 1.1 (UK)
) (c:/Users/Jason.Cope/AppData/Roaming/TinyTeX/texmf-dist/tex/latex/xcolor/x11nam.def
File: x11nam.def 2024/09/29 v3.02 Predefined colors according to Unix/X11 (UK)
) (c:/Users/Jason.Cope/AppData/Roaming/TinyTeX/texmf-dist/tex/latex/amsmath/amsmath.sty
Package: amsmath 2025/07/09 v2.17z AMS math features
\@mathmargin=\skip60
For additional information on amsmath, use the `?' option.
(c:/Users/Jason.Cope/AppData/Roaming/TinyTeX/texmf-dist/tex/latex/amsmath/amstext.sty
Package: amstext 2024/11/17 v2.01 AMS text
(c:/Users/Jason.Cope/AppData/Roaming/TinyTeX/texmf-dist/tex/latex/amsmath/amsgen.sty
File: amsgen.sty 1999/11/30 v2.0 generic functions
\@emptytoks=\toks18
\ex@=\dimen152
)) (c:/Users/Jason.Cope/AppData/Roaming/TinyTeX/texmf-dist/tex/latex/amsmath/amsbsy.sty
Package: amsbsy 1999/11/29 v1.2d Bold Symbols
\pmbraise@=\dimen153
) (c:/Users/Jason.Cope/AppData/Roaming/TinyTeX/texmf-dist/tex/latex/amsmath/amsopn.sty
Package: amsopn 2022/04/08 v2.04 operator names
)
\inf@bad=\count318
LaTeX Info: Redefining \frac on input line 235.
\uproot@=\count319
\leftroot@=\count320
LaTeX Info: Redefining \overline on input line 398.
LaTeX Info: Redefining \colon on input line 409.
\classnum@=\count321
\DOTSCASE@=\count322
LaTeX Info: Redefining \ldots on input line 495.
LaTeX Info: Redefining \dots on input line 498.
LaTeX Info: Redefining \cdots on input line 619.
\Mathstrutbox@=\box62
\strutbox@=\box63
LaTeX Info: Redefining \big on input line 721.
LaTeX Info: Redefining \Big on input line 722.
LaTeX Info: Redefining \bigg on input line 723.
LaTeX Info: Redefining \Bigg on input line 724.
\big@size=\dimen154
LaTeX Font Info:    Redeclaring font encoding OML on input line 742.
LaTeX Font Info:    Redeclaring font encoding OMS on input line 743.
\macc@depth=\count323
LaTeX Info: Redefining \bmod on input line 904.
LaTeX Info: Redefining \pmod on input line 909.
LaTeX Info: Redefining \smash on input line 939.
LaTeX Info: Redefining \relbar on input line 969.
LaTeX Info: Redefining \Relbar on input line 970.
\c@MaxMatrixCols=\count324
\dotsspace@=\muskip17
\c@parentequation=\count325
\dspbrk@lvl=\count326
\tag@help=\toks19
\row@=\count327
\column@=\count328
\maxfields@=\count329
\andhelp@=\toks20
\eqnshift@=\dimen155
\alignsep@=\dimen156
\tagshift@=\dimen157
\tagwidth@=\dimen158
\totwidth@=\dimen159
\lineht@=\dimen160
\@envbody=\toks21
\multlinegap=\skip61
\multlinetaggap=\skip62
\mathdisplay@stack=\toks22
LaTeX Info: Redefining \[ on input line 2950.
LaTeX Info: Redefining \] on input line 2951.
) (c:/Users/Jason.Cope/AppData/Roaming/TinyTeX/texmf-dist/tex/latex/latex-lab/latex-lab-amsmath.ltx
File: latex-lab-amsmath.ltx 2025-09-29 v0.1i amsmath adaptions
LaTeX Info: Redefining \eqref on input line 57.
) (c:/Users/Jason.Cope/AppData/Roaming/TinyTeX/texmf-dist/tex/latex/amsfonts/amssymb.sty
Package: amssymb 2013/01/14 v3.01 AMS font symbols
(c:/Users/Jason.Cope/AppData/Roaming/TinyTeX/texmf-dist/tex/latex/amsfonts/amsfonts.sty
Package: amsfonts 2013/01/14 v3.01 Basic AMSFonts support
\symAMSa=\mathgroup4
\symAMSb=\mathgroup5
LaTeX Font Info:    Redeclaring math symbol \hbar on input line 98.
LaTeX Font Info:    Overwriting math alphabet `\mathfrak' in version `bold'
(Font)                  U/euf/m/n --> U/euf/b/n on input line 106.
)) (c:/Users/Jason.Cope/AppData/Roaming/TinyTeX/texmf-dist/tex/generic/iftex/iftex.sty
Package: iftex 2024/12/12 v1.0g TeX engine tests
) (c:/Users/Jason.Cope/AppData/Roaming/TinyTeX/texmf-dist/tex/latex/unicode-math/unicode-math.sty (c:/Users/Jason.Cope/AppData/Roaming/TinyTeX/texmf-dist/tex/latex/l3kernel/expl3.sty
Package: expl3 2025-11-14 L3 programming layer (loader) 
)
Package: unicode-math 2023/08/13 v0.8r Unicode maths in XeLaTeX and LuaLaTeX
(c:/Users/Jason.Cope/AppData/Roaming/TinyTeX/texmf-dist/tex/latex/unicode-math/unicode-math-luatex.sty
Package: unicode-math-luatex 2023/08/13 v0.8r Unicode maths in XeLaTeX and LuaLaTeX
(c:/Users/Jason.Cope/AppData/Roaming/TinyTeX/texmf-dist/tex/latex/l3packages/xparse/xparse.sty
Package: xparse 2025-10-09 L3 Experimental document command parser
) (c:/Users/Jason.Cope/AppData/Roaming/TinyTeX/texmf-dist/tex/latex/l3packages/l3keys2e/l3keys2e.sty
Package: l3keys2e 2025-10-09 LaTeX2e option processing using LaTeX3 keys
) (c:/Users/Jason.Cope/AppData/Roaming/TinyTeX/texmf-dist/tex/latex/fontspec/fontspec.sty
Package: fontspec 2025/09/29 v2.9g Font selection for XeLaTeX and LuaLaTeX
Lua module: fontspec 2025/09/29 v2.9g Font selection for XeLaTeX and LuaLaTeX (c:/Users/Jason.Cope/AppData/Roaming/TinyTeX/texmf-dist/tex/latex/fontspec/fontspec-luatex.sty
Package: fontspec-luatex 2025/09/29 v2.9g Font selection for XeLaTeX and LuaLaTeX
\l__fontspec_script_int=\count330
\l__fontspec_language_int=\count331
\l__fontspec_strnum_int=\count332
\l__fontspec_tmp_int=\count333
\l__fontspec_tmpa_int=\count334
\l__fontspec_tmpb_int=\count335
\l__fontspec_tmpc_int=\count336
\l__fontspec_em_int=\count337
\l__fontspec_emdef_int=\count338
\l__fontspec_strong_int=\count339
\l__fontspec_strongdef_int=\count340
\l__fontspec_tmpa_dim=\dimen161
\l__fontspec_tmpb_dim=\dimen162
\l__fontspec_tmpc_dim=\dimen163
(c:/Users/Jason.Cope/AppData/Roaming/TinyTeX/texmf-dist/tex/latex/base/fontenc.sty
Package: fontenc 2025/07/18 v2.1d Standard LaTeX package
) (c:/Users/Jason.Cope/AppData/Roaming/TinyTeX/texmf-dist/tex/latex/fontspec/fontspec.cfg))) (c:/Users/Jason.Cope/AppData/Roaming/TinyTeX/texmf-dist/tex/latex/base/fix-cm.sty
Package: fix-cm 2020/11/24 v1.1t fixes to LaTeX
(c:/Users/Jason.Cope/AppData/Roaming/TinyTeX/texmf-dist/tex/latex/base/ts1enc.def
File: ts1enc.def 2001/06/05 v3.0e (jk/car/fm) Standard LaTeX file
LaTeX Font Info:    Redeclaring font encoding TS1 on input line 47.
LaTeX Encoding Info:    Redeclaring text command \capitalcedilla (encoding TS1) on input line 49.
LaTeX Encoding Info:    Redeclaring text command \capitalogonek (encoding TS1) on input line 52.
LaTeX Encoding Info:    Redeclaring text command \capitalgrave (encoding TS1) on input line 55.
LaTeX Encoding Info:    Redeclaring text command \capitalacute (encoding TS1) on input line 56.
LaTeX Encoding Info:    Redeclaring text command \capitalcircumflex (encoding TS1) on input line 57.
LaTeX Encoding Info:    Redeclaring text command \capitaltilde (encoding TS1) on input line 58.
LaTeX Encoding Info:    Redeclaring text command \capitaldieresis (encoding TS1) on input line 59.
LaTeX Encoding Info:    Redeclaring text command \capitalhungarumlaut (encoding TS1) on input line 60.
LaTeX Encoding Info:    Redeclaring text command \capitalring (encoding TS1) on input line 61.
LaTeX Encoding Info:    Redeclaring text command \capitalcaron (encoding TS1) on input line 62.
LaTeX Encoding Info:    Redeclaring text command \capitalbreve (encoding TS1) on input line 63.
LaTeX Encoding Info:    Redeclaring text command \capitalmacron (encoding TS1) on input line 64.
LaTeX Encoding Info:    Redeclaring text command \capitaldotaccent (encoding TS1) on input line 65.
LaTeX Encoding Info:    Redeclaring text command \t (encoding TS1) on input line 66.
LaTeX Encoding Info:    Redeclaring text command \capitaltie (encoding TS1) on input line 67.
LaTeX Encoding Info:    Redeclaring text command \newtie (encoding TS1) on input line 68.
LaTeX Encoding Info:    Redeclaring text command \capitalnewtie (encoding TS1) on input line 69.
LaTeX Encoding Info:    Redeclaring text symbol \textcapitalcompwordmark (encoding TS1) on input line 70.
LaTeX Encoding Info:    Redeclaring text symbol \textascendercompwordmark (encoding TS1) on input line 71.
LaTeX Encoding Info:    Redeclaring text symbol \textquotestraightbase (encoding TS1) on input line 72.
LaTeX Encoding Info:    Redeclaring text symbol \textquotestraightdblbase (encoding TS1) on input line 73.
LaTeX Encoding Info:    Redeclaring text symbol \texttwelveudash (encoding TS1) on input line 74.
LaTeX Encoding Info:    Redeclaring text symbol \textthreequartersemdash (encoding TS1) on input line 75.
LaTeX Encoding Info:    Redeclaring text symbol \textleftarrow (encoding TS1) on input line 76.
LaTeX Encoding Info:    Redeclaring text symbol \textrightarrow (encoding TS1) on input line 77.
LaTeX Encoding Info:    Redeclaring text symbol \textblank (encoding TS1) on input line 78.
LaTeX Encoding Info:    Redeclaring text symbol \textdollar (encoding TS1) on input line 79.
LaTeX Encoding Info:    Redeclaring text symbol \textquotesingle (encoding TS1) on input line 80.
LaTeX Encoding Info:    Redeclaring text command \textasteriskcentered (encoding TS1) on input line 81.
LaTeX Encoding Info:    Redeclaring text symbol \textdblhyphen (encoding TS1) on input line 92.
LaTeX Encoding Info:    Redeclaring text symbol \textfractionsolidus (encoding TS1) on input line 93.
LaTeX Encoding Info:    Redeclaring text symbol \textzerooldstyle (encoding TS1) on input line 94.
LaTeX Encoding Info:    Redeclaring text symbol \textoneoldstyle (encoding TS1) on input line 95.
LaTeX Encoding Info:    Redeclaring text symbol \texttwooldstyle (encoding TS1) on input line 96.
LaTeX Encoding Info:    Redeclaring text symbol \textthreeoldstyle (encoding TS1) on input line 97.
LaTeX Encoding Info:    Redeclaring text symbol \textfouroldstyle (encoding TS1) on input line 98.
LaTeX Encoding Info:    Redeclaring text symbol \textfiveoldstyle (encoding TS1) on input line 99.
LaTeX Encoding Info:    Redeclaring text symbol \textsixoldstyle (encoding TS1) on input line 100.
LaTeX Encoding Info:    Redeclaring text symbol \textsevenoldstyle (encoding TS1) on input line 101.
LaTeX Encoding Info:    Redeclaring text symbol \texteightoldstyle (encoding TS1) on input line 102.
LaTeX Encoding Info:    Redeclaring text symbol \textnineoldstyle (encoding TS1) on input line 103.
LaTeX Encoding Info:    Redeclaring text symbol \textlangle (encoding TS1) on input line 104.
LaTeX Encoding Info:    Redeclaring text symbol \textminus (encoding TS1) on input line 105.
LaTeX Encoding Info:    Redeclaring text symbol \textrangle (encoding TS1) on input line 106.
LaTeX Encoding Info:    Redeclaring text symbol \textmho (encoding TS1) on input line 107.
LaTeX Encoding Info:    Redeclaring text symbol \textbigcircle (encoding TS1) on input line 108.
LaTeX Encoding Info:    Redeclaring text command \textcircled (encoding TS1) on input line 109.
LaTeX Encoding Info:    Redeclaring text symbol \textohm (encoding TS1) on input line 115.
LaTeX Encoding Info:    Redeclaring text symbol \textlbrackdbl (encoding TS1) on input line 116.
LaTeX Encoding Info:    Redeclaring text symbol \textrbrackdbl (encoding TS1) on input line 117.
LaTeX Encoding Info:    Redeclaring text symbol \textuparrow (encoding TS1) on input line 118.
LaTeX Encoding Info:    Redeclaring text symbol \textdownarrow (encoding TS1) on input line 119.
LaTeX Encoding Info:    Redeclaring text symbol \textasciigrave (encoding TS1) on input line 120.
LaTeX Encoding Info:    Redeclaring text symbol \textborn (encoding TS1) on input line 121.
LaTeX Encoding Info:    Redeclaring text symbol \textdivorced (encoding TS1) on input line 122.
LaTeX Encoding Info:    Redeclaring text symbol \textdied (encoding TS1) on input line 123.
LaTeX Encoding Info:    Redeclaring text symbol \textleaf (encoding TS1) on input line 124.
LaTeX Encoding Info:    Redeclaring text symbol \textmarried (encoding TS1) on input line 125.
LaTeX Encoding Info:    Redeclaring text symbol \textmusicalnote (encoding TS1) on input line 126.
LaTeX Encoding Info:    Redeclaring text symbol \texttildelow (encoding TS1) on input line 127.
LaTeX Encoding Info:    Redeclaring text symbol \textdblhyphenchar (encoding TS1) on input line 128.
LaTeX Encoding Info:    Redeclaring text symbol \textasciibreve (encoding TS1) on input line 129.
LaTeX Encoding Info:    Redeclaring text symbol \textasciicaron (encoding TS1) on input line 130.
LaTeX Encoding Info:    Redeclaring text symbol \textacutedbl (encoding TS1) on input line 131.
LaTeX Encoding Info:    Redeclaring text symbol \textgravedbl (encoding TS1) on input line 132.
LaTeX Encoding Info:    Redeclaring text symbol \textdagger (encoding TS1) on input line 133.
LaTeX Encoding Info:    Redeclaring text symbol \textdaggerdbl (encoding TS1) on input line 134.
LaTeX Encoding Info:    Redeclaring text symbol \textbardbl (encoding TS1) on input line 135.
LaTeX Encoding Info:    Redeclaring text symbol \textperthousand (encoding TS1) on input line 136.
LaTeX Encoding Info:    Redeclaring text symbol \textbullet (encoding TS1) on input line 137.
LaTeX Encoding Info:    Redeclaring text symbol \textcelsius (encoding TS1) on input line 138.
LaTeX Encoding Info:    Redeclaring text symbol \textdollaroldstyle (encoding TS1) on input line 139.
LaTeX Encoding Info:    Redeclaring text symbol \textcentoldstyle (encoding TS1) on input line 140.
LaTeX Encoding Info:    Redeclaring text symbol \textflorin (encoding TS1) on input line 141.
LaTeX Encoding Info:    Redeclaring text symbol \textcolonmonetary (encoding TS1) on input line 142.
LaTeX Encoding Info:    Redeclaring text symbol \textwon (encoding TS1) on input line 143.
LaTeX Encoding Info:    Redeclaring text symbol \textnaira (encoding TS1) on input line 144.
LaTeX Encoding Info:    Redeclaring text symbol \textguarani (encoding TS1) on input line 145.
LaTeX Encoding Info:    Redeclaring text symbol \textpeso (encoding TS1) on input line 146.
LaTeX Encoding Info:    Redeclaring text symbol \textlira (encoding TS1) on input line 147.
LaTeX Encoding Info:    Redeclaring text symbol \textrecipe (encoding TS1) on input line 148.
LaTeX Encoding Info:    Redeclaring text symbol \textinterrobang (encoding TS1) on input line 149.
LaTeX Encoding Info:    Redeclaring text symbol \textinterrobangdown (encoding TS1) on input line 150.
LaTeX Encoding Info:    Redeclaring text symbol \textdong (encoding TS1) on input line 151.
LaTeX Encoding Info:    Redeclaring text symbol \texttrademark (encoding TS1) on input line 152.
LaTeX Encoding Info:    Redeclaring text symbol \textpertenthousand (encoding TS1) on input line 153.
LaTeX Encoding Info:    Redeclaring text symbol \textpilcrow (encoding TS1) on input line 154.
LaTeX Encoding Info:    Redeclaring text symbol \textbaht (encoding TS1) on input line 155.
LaTeX Encoding Info:    Redeclaring text symbol \textnumero (encoding TS1) on input line 156.
LaTeX Encoding Info:    Redeclaring text symbol \textdiscount (encoding TS1) on input line 157.
LaTeX Encoding Info:    Redeclaring text symbol \textestimated (encoding TS1) on input line 158.
LaTeX Encoding Info:    Redeclaring text symbol \textopenbullet (encoding TS1) on input line 159.
LaTeX Encoding Info:    Redeclaring text symbol \textservicemark (encoding TS1) on input line 160.
LaTeX Encoding Info:    Redeclaring text symbol \textlquill (encoding TS1) on input line 161.
LaTeX Encoding Info:    Redeclaring text symbol \textrquill (encoding TS1) on input line 162.
LaTeX Encoding Info:    Redeclaring text symbol \textcent (encoding TS1) on input line 163.
LaTeX Encoding Info:    Redeclaring text symbol \textsterling (encoding TS1) on input line 164.
LaTeX Encoding Info:    Redeclaring text symbol \textcurrency (encoding TS1) on input line 165.
LaTeX Encoding Info:    Redeclaring text symbol \textyen (encoding TS1) on input line 166.
LaTeX Encoding Info:    Redeclaring text symbol \textbrokenbar (encoding TS1) on input line 167.
LaTeX Encoding Info:    Redeclaring text symbol \textsection (encoding TS1) on input line 168.
LaTeX Encoding Info:    Redeclaring text symbol \textasciidieresis (encoding TS1) on input line 169.
LaTeX Encoding Info:    Redeclaring text symbol \textcopyright (encoding TS1) on input line 170.
LaTeX Encoding Info:    Redeclaring text symbol \textordfeminine (encoding TS1) on input line 171.
LaTeX Encoding Info:    Redeclaring text symbol \textcopyleft (encoding TS1) on input line 172.
LaTeX Encoding Info:    Redeclaring text symbol \textlnot (encoding TS1) on input line 173.
LaTeX Encoding Info:    Redeclaring text symbol \textcircledP (encoding TS1) on input line 174.
LaTeX Encoding Info:    Redeclaring text symbol \textregistered (encoding TS1) on input line 175.
LaTeX Encoding Info:    Redeclaring text symbol \textasciimacron (encoding TS1) on input line 176.
LaTeX Encoding Info:    Redeclaring text symbol \textdegree (encoding TS1) on input line 177.
LaTeX Encoding Info:    Redeclaring text symbol \textpm (encoding TS1) on input line 178.
LaTeX Encoding Info:    Redeclaring text symbol \texttwosuperior (encoding TS1) on input line 179.
LaTeX Encoding Info:    Redeclaring text symbol \textthreesuperior (encoding TS1) on input line 180.
LaTeX Encoding Info:    Redeclaring text symbol \textasciiacute (encoding TS1) on input line 181.
LaTeX Encoding Info:    Redeclaring text symbol \textmu (encoding TS1) on input line 182.
LaTeX Encoding Info:    Redeclaring text symbol \textparagraph (encoding TS1) on input line 183.
LaTeX Encoding Info:    Redeclaring text symbol \textperiodcentered (encoding TS1) on input line 184.
LaTeX Encoding Info:    Redeclaring text symbol \textreferencemark (encoding TS1) on input line 185.
LaTeX Encoding Info:    Redeclaring text symbol \textonesuperior (encoding TS1) on input line 186.
LaTeX Encoding Info:    Redeclaring text symbol \textordmasculine (encoding TS1) on input line 187.
LaTeX Encoding Info:    Redeclaring text symbol \textsurd (encoding TS1) on input line 188.
LaTeX Encoding Info:    Redeclaring text symbol \textonequarter (encoding TS1) on input line 189.
LaTeX Encoding Info:    Redeclaring text symbol \textonehalf (encoding TS1) on input line 190.
LaTeX Encoding Info:    Redeclaring text symbol \textthreequarters (encoding TS1) on input line 191.
LaTeX Encoding Info:    Redeclaring text symbol \texteuro (encoding TS1) on input line 192.
LaTeX Encoding Info:    Redeclaring text symbol \texttimes (encoding TS1) on input line 193.
LaTeX Encoding Info:    Redeclaring text symbol \textdiv (encoding TS1) on input line 194.
)) (c:/Users/Jason.Cope/AppData/Roaming/TinyTeX/texmf-dist/tex/lualatex/lualatex-math/lualatex-math.sty
Package: lualatex-math 2022/01/01 v1.12 Patches for mathematics typesetting with LuaLaTeX
(c:/Users/Jason.Cope/AppData/Roaming/TinyTeX/texmf-dist/tex/latex/etoolbox/etoolbox.sty
Package: etoolbox 2025/10/02 v2.5m e-TeX tools for LaTeX (JAW)
\etb@tempcnta=\count341
)
Lua module: lualatex-math 2013/08/03 v1.3 Patches for mathematics typesetting with LuaLaTeX)
\g__um_fam_int=\count342
\g__um_fonts_used_int=\count343
\l__um_primecount_int=\count344
\g__um_primekern_muskip=\muskip18
(c:/Users/Jason.Cope/AppData/Roaming/TinyTeX/texmf-dist/tex/latex/unicode-math/unicode-math-table.tex))) (c:/Users/Jason.Cope/AppData/Roaming/TinyTeX/texmf-dist/tex/latex/latex-lab/latex-lab-unicode-math.ltx
File: latex-lab-unicode-math.ltx 2025-06-30 v0.1e unicode-mathadaptions
LaTeX Info: Redefining \frac on input line 93.
) (c:/Users/Jason.Cope/AppData/Roaming/TinyTeX/texmf-dist/tex/latex/lm/lmodern.sty
Package: lmodern 2015/05/01 v1.6.1 Latin Modern Fonts
LaTeX Font Info:    Overwriting symbol font `operators' in version `normal'
(Font)                  OT1/cmr/m/n --> OT1/lmr/m/n on input line 22.
LaTeX Font Info:    Overwriting symbol font `letters' in version `normal'
(Font)                  OML/cmm/m/it --> OML/lmm/m/it on input line 23.
LaTeX Font Info:    Overwriting symbol font `symbols' in version `normal'
(Font)                  OMS/cmsy/m/n --> OMS/lmsy/m/n on input line 24.
LaTeX Font Info:    Overwriting symbol font `largesymbols' in version `normal'
(Font)                  OMX/cmex/m/n --> OMX/lmex/m/n on input line 25.
LaTeX Font Info:    Overwriting symbol font `operators' in version `bold'
(Font)                  OT1/cmr/bx/n --> OT1/lmr/bx/n on input line 26.
LaTeX Font Info:    Overwriting symbol font `letters' in version `bold'
(Font)                  OML/cmm/b/it --> OML/lmm/b/it on input line 27.
LaTeX Font Info:    Overwriting symbol font `symbols' in version `bold'
(Font)                  OMS/cmsy/b/n --> OMS/lmsy/b/n on input line 28.
LaTeX Font Info:    Overwriting symbol font `largesymbols' in version `bold'
(Font)                  OMX/cmex/m/n --> OMX/lmex/m/n on input line 29.
LaTeX Font Info:    Overwriting math alphabet `\mathbf' in version `normal'
(Font)                  OT1/cmr/bx/n --> OT1/lmr/bx/n on input line 31.
LaTeX Font Info:    Overwriting math alphabet `\mathsf' in version `normal'
(Font)                  OT1/cmss/m/n --> OT1/lmss/m/n on input line 32.
LaTeX Font Info:    Overwriting math alphabet `\mathit' in version `normal'
(Font)                  OT1/cmr/m/it --> OT1/lmr/m/it on input line 33.
LaTeX Font Info:    Overwriting math alphabet `\mathtt' in version `normal'
(Font)                  OT1/cmtt/m/n --> OT1/lmtt/m/n on input line 34.
LaTeX Font Info:    Overwriting math alphabet `\mathbf' in version `bold'
(Font)                  OT1/cmr/bx/n --> OT1/lmr/bx/n on input line 35.
LaTeX Font Info:    Overwriting math alphabet `\mathsf' in version `bold'
(Font)                  OT1/cmss/bx/n --> OT1/lmss/bx/n on input line 36.
LaTeX Font Info:    Overwriting math alphabet `\mathit' in version `bold'
(Font)                  OT1/cmr/bx/it --> OT1/lmr/bx/it on input line 37.
LaTeX Font Info:    Overwriting math alphabet `\mathtt' in version `bold'
(Font)                  OT1/cmtt/m/n --> OT1/lmtt/m/n on input line 38.
) (c:/Users/Jason.Cope/AppData/Roaming/TinyTeX/texmf-dist/tex/latex/upquote/upquote.sty
Package: upquote 2012/04/19 v1.3 upright-quote and grave-accent glyphs in verbatim
(c:/Users/Jason.Cope/AppData/Roaming/TinyTeX/texmf-dist/tex/latex/base/textcomp.sty
Package: textcomp 2024/04/24 v2.1b Standard LaTeX package
)) (c:/Users/Jason.Cope/AppData/Roaming/TinyTeX/texmf-dist/tex/latex/parskip/parskip.sty
Package: parskip 2021-03-14 v2.0h non-zero parskip adjustments
(c:/Users/Jason.Cope/AppData/Roaming/TinyTeX/texmf-dist/tex/latex/kvoptions/kvoptions.sty
Package: kvoptions 2022-06-15 v3.15 Key value format for package options (HO)
(c:/Users/Jason.Cope/AppData/Roaming/TinyTeX/texmf-dist/tex/latex/graphics/keyval.sty
Package: keyval 2022/05/29 v1.15 key=value parser (DPC)
\KV@toks@=\toks23
) (c:/Users/Jason.Cope/AppData/Roaming/TinyTeX/texmf-dist/tex/generic/ltxcmds/ltxcmds.sty
Package: ltxcmds 2023-12-04 v1.26 LaTeX kernel commands for general use (HO)
) (c:/Users/Jason.Cope/AppData/Roaming/TinyTeX/texmf-dist/tex/latex/kvsetkeys/kvsetkeys.sty
Package: kvsetkeys 2022-10-05 v1.19 Key value parser (HO)
))
Couldn't patch \@startsection
) (c:/Users/Jason.Cope/AppData/Roaming/TinyTeX/texmf-dist/tex/latex/tools/longtable.sty
Package: longtable 2025-10-13 v4.24 Multi-page Table package (DPC)
\LTleft=\skip63
\LTright=\skip64
\LTpre=\skip65
\LTpost=\skip66
\LTchunksize=\count345
\LTcapwidth=\dimen164
\LT@head=\box64
\LT@firsthead=\box65
\LT@foot=\box66
\LT@lastfoot=\box67
\LT@gbox=\box68
\LT@cols=\count346
\LT@rows=\count347
\c@LT@tables=\count348
\c@LT@chunks=\count349
\LT@p@ftn=\toks24
) (c:/Users/Jason.Cope/AppData/Roaming/TinyTeX/texmf-dist/tex/latex/booktabs/booktabs.sty
Package: booktabs 2020/01/12 v1.61803398 Publication quality tables
\heavyrulewidth=\dimen165
\lightrulewidth=\dimen166
\cmidrulewidth=\dimen167
\belowrulesep=\dimen168
\belowbottomsep=\dimen169
\aboverulesep=\dimen170
\abovetopsep=\dimen171
\cmidrulesep=\dimen172
\cmidrulekern=\dimen173
\defaultaddspace=\dimen174
\@cmidla=\count350
\@cmidlb=\count351
\@aboverulesep=\dimen175
\@belowrulesep=\dimen176
\@thisruleclass=\count352
\@lastruleclass=\count353
\@thisrulewidth=\dimen177
) (c:/Users/Jason.Cope/AppData/Roaming/TinyTeX/texmf-dist/tex/latex/tools/calc.sty
Package: calc 2025/03/01 v4.3b Infix arithmetic (KKT,FJ)
\calc@Acount=\count354
\calc@Bcount=\count355
\calc@Adimen=\dimen178
\calc@Bdimen=\dimen179
\calc@Askip=\skip67
\calc@Bskip=\skip68
LaTeX Info: Redefining \setlength on input line 86.
LaTeX Info: Redefining \addtolength on input line 87.
\calc@Ccount=\count356
\calc@Cskip=\skip69
) (c:/Users/Jason.Cope/AppData/Roaming/TinyTeX/texmf-dist/tex/latex/footnotehyper/footnotehyper.sty
Package: footnotehyper 2025/11/15 v1.1f hyperref aware footnote.sty (JFB)
\FNH@notes=\box69
\FNH@width=\dimen180
\FNH@toks=\toks25
) (c:/Users/Jason.Cope/AppData/Roaming/TinyTeX/texmf-dist/tex/latex/graphics/graphicx.sty
Package: graphicx 2024/12/31 v1.2e Enhanced LaTeX Graphics (DPC,SPQR)
(c:/Users/Jason.Cope/AppData/Roaming/TinyTeX/texmf-dist/tex/latex/graphics/graphics.sty
Package: graphics 2024/08/06 v1.4g Standard LaTeX Graphics (DPC,SPQR)
(c:/Users/Jason.Cope/AppData/Roaming/TinyTeX/texmf-dist/tex/latex/graphics/trig.sty
Package: trig 2023/12/02 v1.11 sin cos tan (DPC)
) (c:/Users/Jason.Cope/AppData/Roaming/TinyTeX/texmf-dist/tex/latex/graphics-cfg/graphics.cfg
File: graphics.cfg 2016/06/04 v1.11 sample graphics configuration
)
Package graphics Info: Driver file: luatex.def on input line 106.
)
\Gin@req@height=\dimen181
\Gin@req@width=\dimen182
)
\pandoc@box=\box70
\cslhangindent=\skip70
\csllabelwidth=\skip71
(c:/Users/Jason.Cope/AppData/Roaming/TinyTeX/texmf-dist/tex/generic/babel/babel.sty
Package: babel 2025/12/11 v25.17 The multilingual framework for LuaLaTeX, pdfLaTeX and XeLaTeX
(c:/Users/Jason.Cope/AppData/Roaming/TinyTeX/texmf-dist/tex/generic/babel/luababel.def
\bbl@readstream=\read2
\l@dumylang=\language2
Package babel Info: Non-standard hyphenation setup on input line 118.
\l@nohyphenation=\language3
\l@german-x-2024-02-28=\language4
\l@ngerman-x-2024-02-28=\language5
\l@afrikaans=\language6
\l@albanian=\language7
\l@ancientgreek=\language8
\l@ibycus=\language9
\l@arabic=\language10
\l@armenian=\language11
\l@basque=\language12
\l@belarusian=\language13
\l@bulgarian=\language14
\l@catalan=\language15
\l@pinyin=\language16
\l@churchslavonic=\language17
\l@coptic=\language18
\l@croatian=\language19
\l@czech=\language20
\l@danish=\language21
\l@dutch=\language22
\l@ukenglish=\language23
\l@usenglishmax=\language24
\l@esperanto=\language25
\l@estonian=\language26
\l@ethiopic=\language27
\l@farsi=\language28
\l@finnish=\language29
\l@schoolfinnish=\language30
\l@french=\language31
\l@friulan=\language32
\l@galician=\language33
\l@georgian=\language34
\l@german=\language35
\l@ngerman=\language36
\l@swissgerman=\language37
\l@greek=\language38
\l@monogreek=\language39
\l@hebrew=\language40
\l@hungarian=\language41
\l@icelandic=\language42
\l@assamese=\language43
\l@bengali=\language44
\l@gujarati=\language45
\l@hindi=\language46
\l@kannada=\language47
\l@malayalam=\language48
\l@marathi=\language49
\l@oriya=\language50
\l@pali=\language51
\l@panjabi=\language52
\l@tamil=\language53
\l@telugu=\language54
\l@indonesian=\language55
\l@interlingua=\language56
\l@irish=\language57
\l@italian=\language58
\l@kurmanji=\language59
\l@classiclatin=\language60
\l@latin=\language61
\l@liturgicallatin=\language62
\l@latvian=\language63
\l@lithuanian=\language64
\l@macedonian=\language65
\l@mongolian=\language66
\l@mongolianlmc=\language67
\l@bokmal=\language68
\l@nynorsk=\language69
\l@occitan=\language70
\l@piedmontese=\language71
\l@polish=\language72
\l@portuguese=\language73
\l@romanian=\language74
\l@romansh=\language75
\l@russian=\language76
\l@sanskrit=\language77
\l@serbian=\language78
\l@serbianc=\language79
\l@slovak=\language80
\l@slovenian=\language81
\l@spanish=\language82
\l@swedish=\language83
\l@thai=\language84
\l@turkish=\language85
\l@turkmen=\language86
\l@ukrainian=\language87
\l@uppersorbian=\language88
\l@vietnamese=\language89
\l@welsh=\language90
\babelcatcodetablenum=\catcodetable14
\bbl@pattcodes=\catcodetable15
)
\babel@savecnt=\count357
LaTeX Encoding Info:    Redeclaring text command \ij (encoding OT1) on input line 2068.
LaTeX Encoding Info:    Redeclaring text command \IJ (encoding OT1) on input line 2070.
LaTeX Encoding Info:    Redeclaring text command \ij (encoding T1) on input line 2072.
LaTeX Encoding Info:    Redeclaring text command \IJ (encoding T1) on input line 2073.
LaTeX Encoding Info:    Ignoring declaration for text command \ij (encoding ?) on input line 2074.
LaTeX Encoding Info:    Ignoring declaration for text command \IJ (encoding ?) on input line 2076.
LaTeX Encoding Info:    Ignoring declaration for text command \SS (encoding ?) on input line 2101.
\U@D=\dimen183
\l@unhyphenated=\language91
(c:/Users/Jason.Cope/AppData/Roaming/TinyTeX/texmf-dist/tex/generic/babel/luababel.def
\bbl@attr@locale=\attribute10
(c:/Users/Jason.Cope/AppData/Roaming/TinyTeX/texmf-dist/tex/luatex/luatexbase/luatexbase.sty
Package: luatexbase 2015/10/04 v1.3 luatexbase interface to LuaTeX 
(c:/Users/Jason.Cope/AppData/Roaming/TinyTeX/texmf-dist/tex/luatex/ctablestack/ctablestack.sty
Package: ctablestack 2015/10/01 v1.0 Catcode table stable support
\@catcodetablestackcnt=\count358
)
\CatcodeTableOther=\catcodetable16
\CatcodeTableExpl=\catcodetable17
)
Removing  `luaotfload.node_processor' from `pre_linebreak_filter'.
Removing  `markspaces' from `pre_linebreak_filter'.
Inserting `Babel.pre_otfload_v' in `pre_linebreak_filter'.
Inserting `luaotfload.node_processor' in `pre_linebreak_filter'.
Inserting `markspaces' in `pre_linebreak_filter'.
Removing  `luaotfload.node_processor' from `hpack_filter'.
Removing  `luaotfload.harf.finalize_hlist' from `hpack_filter'.
Removing  `markspaces' from `hpack_filter'.
Inserting `Babel.pre_otfload_h' in `hpack_filter'.
Inserting `luaotfload.node_processor' in `hpack_filter'.
Inserting `luaotfload.harf.finalize_hlist' in `hpack_filter'.
Inserting `markspaces' in `hpack_filter'.
\bbl@attr@dir=\attribute11
)
Package babel Info: Fetching locale name for tag en-us
(babel)             from babel-en-US.ini. Reported on input line 4174.
Package babel Info: Passing american to babel.
(babel)             This will be the main language except if
(babel)             explictly overriden with 'main='.
(babel)             Reported on input line 4182.
(c:/Users/Jason.Cope/AppData/Roaming/TinyTeX/texmf-dist/tex/generic/babel/locale/en/babel-english.tex) (c:/Users/Jason.Cope/AppData/Roaming/TinyTeX/texmf-dist/tex/generic/babel/locale/en/babel-american.tex)
Package babel Info: Importing font and identification data for english
(babel)             from babel-en.ini. Reported on input line 4320.
(c:/Users/Jason.Cope/AppData/Roaming/TinyTeX/texmf-dist/tex/generic/babel-english/english.ldf
Language: english 2017/06/06 v3.3r English support from the babel system
Package babel Info: Hyphen rules for 'canadian' set to \l@english
(babel)             (\language0). Reported on input line 102.
Package babel Info: Hyphen rules for 'australian' set to \l@ukenglish
(babel)             (\language23). Reported on input line 105.
Package babel Info: Hyphen rules for 'newzealand' set to \l@ukenglish
(babel)             (\language23). Reported on input line 108.
)
Package babel Info: Importing font and identification data for american
(babel)             from babel-en-US.ini. Reported on input line 4320.
(c:/Users/Jason.Cope/AppData/Roaming/TinyTeX/texmf-dist/tex/generic/babel-english/american.ldf
Language: american 2017/06/06 v3.3r English support from the babel system
(c:/Users/Jason.Cope/AppData/Roaming/TinyTeX/texmf-dist/tex/generic/babel-english/english.ldf
Language: english 2017/06/06 v3.3r English support from the babel system
)))

Package Babel Warning: The package option `english' should not be used
(Babel)                with a more specific one (like `american') on input line 132.

(c:/Users/Jason.Cope/AppData/Roaming/TinyTeX/texmf-dist/tex/lualatex/selnolig/selnolig.sty
=== Package selnolig, Version 0.302, Date 2015/10/26 ===
Package: selnolig 2015/10/26
(c:/Users/Jason.Cope/AppData/Roaming/TinyTeX/texmf-dist/tex/generic/iftex/ifluatex.sty
Package: ifluatex 2019/10/25 v1.5 ifluatex legacy package. Use iftex instead.
)
Inserting `Suppress ligatures selectively' in `ligaturing'. (c:/Users/Jason.Cope/AppData/Roaming/TinyTeX/texmf-dist/tex/lualatex/selnolig/selnolig-english-patterns.sty
Package: selnolig-english-patterns 2015/10/26
) (c:/Users/Jason.Cope/AppData/Roaming/TinyTeX/texmf-dist/tex/lualatex/selnolig/selnolig-english-hyphex.sty
Package: selnolig-english-hyphex 2015/10/26
)) (c:/Users/Jason.Cope/AppData/Roaming/TinyTeX/texmf-dist/tex/latex/hyphenat/hyphenat.sty
Package: hyphenat 2009/09/02 v2.3c hyphenation utilities
\langwohyphens=\language92
LaTeX Info: Redefining \_ on input line 43.
) (c:/Users/Jason.Cope/AppData/Roaming/TinyTeX/texmf-dist/tex/latex/pdfcomment/pdfcomment.sty
Package: pdfcomment 2018/11/01 pdfcomment.sty v2.4a - Josef Kleber (C) 2008-2012, 2015-2016, 2018
(c:/Users/Jason.Cope/AppData/Roaming/TinyTeX/texmf-dist/tex/latex/xkeyval/xkeyval.sty
Package: xkeyval 2025/11/04 v2.10 package option processing (HA)
(c:/Users/Jason.Cope/AppData/Roaming/TinyTeX/texmf-dist/tex/generic/xkeyval/xkeyval.tex (c:/Users/Jason.Cope/AppData/Roaming/TinyTeX/texmf-dist/tex/generic/xkeyval/xkvutils.tex
\XKV@toks=\toks26
\XKV@tempa@toks=\toks27
\XKV@tempb@toks=\toks28
)
\XKV@depth=\count359
File: xkeyval.tex 2014/12/03 v2.7a key=value parser (HA)
))
\c@pc@count@i=\count360
\c@pc@count@ii=\count361
\c@pc@count@iii=\count362
\c@pc@count@iv=\count363
\pc@mathannot@box=\box71
\pc@nullbox=\box72
\pc@dima=\skip72
\pc@dimb=\skip73
\pc@Sposx=\skip74
\pc@Sposy=\skip75
\pc@Eposx=\skip76
\pc@Eposy=\skip77
\pc@column=\skip78
\pc@box@width=\skip79
\pc@box@height=\skip80
\pc@box@depth=\skip81
(c:/Users/Jason.Cope/AppData/Roaming/TinyTeX/texmf-dist/tex/generic/luatex85/luatex85.sty
Package: luatex85 2016/06/15 v1.4 pdftex aliases for luatex
) (c:/Users/Jason.Cope/AppData/Roaming/TinyTeX/texmf-dist/tex/latex/datetime2/datetime2.sty
Package: datetime2 2021/03/21 v1.5.7 (NLCT) date and time formats
(c:/Users/Jason.Cope/AppData/Roaming/TinyTeX/texmf-dist/tex/latex/tracklang/tracklang.sty
Package: tracklang 2025/03/11 v1.6.6 (NLCT) Track Languages
(c:/Users/Jason.Cope/AppData/Roaming/TinyTeX/texmf-dist/tex/generic/tracklang/tracklang.tex)
Package tracklang Info: Tracking dialect `english' (language `english') on input line 53.
) (c:/Users/Jason.Cope/AppData/Roaming/TinyTeX/texmf-dist/tex/latex/datetime2-english/datetime2-english.ldf
File: datetime2-english.ldf 2019/10/21 v1.05 (NLCT)
(c:/Users/Jason.Cope/AppData/Roaming/TinyTeX/texmf-dist/tex/latex/datetime2-english/datetime2-english-base.ldf
File: datetime2-english-base.ldf 2019/10/21 v1.05 (NLCT)
))) (c:/Users/Jason.Cope/AppData/Roaming/TinyTeX/texmf-dist/tex/latex/zref/zref-savepos.sty
Package: zref-savepos 2025-06-08 v2.36 Module savepos for zref (HO)
(c:/Users/Jason.Cope/AppData/Roaming/TinyTeX/texmf-dist/tex/latex/zref/zref-base.sty
Package: zref-base 2025-06-08 v2.36 Module base for zref (HO)
(c:/Users/Jason.Cope/AppData/Roaming/TinyTeX/texmf-dist/tex/generic/infwarerr/infwarerr.sty
Package: infwarerr 2019/12/03 v1.5 Providing info/warning/error messages (HO)
) (c:/Users/Jason.Cope/AppData/Roaming/TinyTeX/texmf-dist/tex/generic/kvdefinekeys/kvdefinekeys.sty
Package: kvdefinekeys 2019-12-19 v1.6 Define keys (HO)
) (c:/Users/Jason.Cope/AppData/Roaming/TinyTeX/texmf-dist/tex/generic/pdftexcmds/pdftexcmds.sty
Package: pdftexcmds 2020-06-27 v0.33 Utility functions of pdfTeX for LuaTeX (HO)
Package pdftexcmds Info: \pdf@primitive is available.
Package pdftexcmds Info: \pdf@ifprimitive is available.
Package pdftexcmds Info: \pdfdraftmode found.
\pdftexcmds@toks=\toks29
) (c:/Users/Jason.Cope/AppData/Roaming/TinyTeX/texmf-dist/tex/generic/etexcmds/etexcmds.sty
Package: etexcmds 2019/12/15 v1.7 Avoid name clashes with e-TeX commands (HO)
) (c:/Users/Jason.Cope/AppData/Roaming/TinyTeX/texmf-dist/tex/latex/auxhook/auxhook.sty
Package: auxhook 2019-12-17 v1.6 Hooks for auxiliary files (HO)
)
Package zref Info: New property list: main on input line 767.
Package zref Info: New property: default on input line 768.
Package zref Info: New property: page on input line 769.
)
Package zref Info: New property list: savepos on input line 56.
Package zref Info: New property: posx on input line 58.
Package zref Info: New property: posy on input line 59.
)
\c@zref@unique=\count364
(c:/Users/Jason.Cope/AppData/Roaming/TinyTeX/texmf-dist/tex/latex/refcount/refcount.sty
Package: refcount 2019/12/15 v3.6 Data extraction from label references (HO)
) (c:/Users/Jason.Cope/AppData/Roaming/TinyTeX/texmf-dist/tex/latex/base/ifthen.sty
Package: ifthen 2024/03/16 v1.1e Standard LaTeX ifthen package (DPC)
) (c:/Users/Jason.Cope/AppData/Roaming/TinyTeX/texmf-dist/tex/latex/marginnote/marginnote.sty
Package: marginnote 2018/08/09 1.4b non floating margin notes for LaTeX
\c@mn@abspage=\count365
) (c:/Users/Jason.Cope/AppData/Roaming/TinyTeX/texmf-dist/tex/generic/iftex/ifpdf.sty
Package: ifpdf 2019/10/25 v3.4 ifpdf legacy package. Use iftex instead.
) (c:/Users/Jason.Cope/AppData/Roaming/TinyTeX/texmf-dist/tex/latex/soulpos/soulpos.sty
Package: soulpos 2021/10/15 v1.2 Fancy underlining
\ulp@subcnt=\count366
\ulp@cnt=\count367
\ulp@out=\write3
\ulp@in=\read3
\ulwidth=\dimen184
) (c:/Users/Jason.Cope/AppData/Roaming/TinyTeX/texmf-dist/tex/latex/hyperref/hyperref.sty
Package: hyperref 2025-07-12 v7.01o Hypertext links for LaTeX
(c:/Users/Jason.Cope/AppData/Roaming/TinyTeX/texmf-dist/tex/generic/pdfescape/pdfescape.sty
Package: pdfescape 2019/12/09 v1.15 Implements pdfTeX's escape features (HO)
) (c:/Users/Jason.Cope/AppData/Roaming/TinyTeX/texmf-dist/tex/latex/hycolor/hycolor.sty
Package: hycolor 2020-01-27 v1.10 Color options for hyperref/bookmark (HO)
) (c:/Users/Jason.Cope/AppData/Roaming/TinyTeX/texmf-dist/tex/latex/hyperref/nameref.sty
Package: nameref 2025-06-21 v2.57 Cross-referencing by name of section
(c:/Users/Jason.Cope/AppData/Roaming/TinyTeX/texmf-dist/tex/generic/gettitlestring/gettitlestring.sty
Package: gettitlestring 2019/12/15 v1.6 Cleanup title references (HO)
)
\c@section@level=\count368
) (c:/Users/Jason.Cope/AppData/Roaming/TinyTeX/texmf-dist/tex/generic/stringenc/stringenc.sty
Package: stringenc 2019/11/29 v1.12 Convert strings between diff. encodings (HO)
)
\@linkdim=\dimen185
\Hy@linkcounter=\count369
\Hy@pagecounter=\count370
(c:/Users/Jason.Cope/AppData/Roaming/TinyTeX/texmf-dist/tex/latex/hyperref/pd1enc.def
File: pd1enc.def 2025-07-12 v7.01o Hyperref: PDFDocEncoding definition (HO)
) (c:/Users/Jason.Cope/AppData/Roaming/TinyTeX/texmf-dist/tex/generic/intcalc/intcalc.sty
Package: intcalc 2019/12/15 v1.3 Expandable calculations with integers (HO)
)
\Hy@SavedSpaceFactor=\count371
(c:/Users/Jason.Cope/AppData/Roaming/TinyTeX/texmf-dist/tex/latex/hyperref/puenc.def
File: puenc.def 2025-07-12 v7.01o Hyperref: PDF Unicode definition (HO)
)
\pdfmajorversion=\count372
Package hyperref Info: Option `unicode' set `true' on input line 4066.
Package hyperref Info: Option `unicode' set `true' on input line 4066.
Package hyperref Info: Hyper figures OFF on input line 4195.
Package hyperref Info: Link nesting OFF on input line 4200.
Package hyperref Info: Hyper index ON on input line 4203.
Package hyperref Info: Plain pages OFF on input line 4210.
Package hyperref Info: Backreferencing OFF on input line 4215.
Package hyperref Info: Implicit mode ON; LaTeX internals redefined.
Package hyperref Info: Bookmarks ON on input line 4462.
\c@Hy@tempcnt=\count373
(c:/Users/Jason.Cope/AppData/Roaming/TinyTeX/texmf-dist/tex/latex/url/url.sty
\Urlmuskip=\muskip19
Package: url 2013/09/16  ver 3.4  Verb mode for urls, etc.
)
LaTeX Info: Redefining \url on input line 4801.
\XeTeXLinkMargin=\dimen186
(c:/Users/Jason.Cope/AppData/Roaming/TinyTeX/texmf-dist/tex/generic/bitset/bitset.sty
Package: bitset 2019/12/09 v1.3 Handle bit-vector datatype (HO)
(c:/Users/Jason.Cope/AppData/Roaming/TinyTeX/texmf-dist/tex/generic/bigintcalc/bigintcalc.sty
Package: bigintcalc 2019/12/15 v1.5 Expandable calculations on big integers (HO)
))
\Fld@menulength=\count374
\Field@Width=\dimen187
\Fld@charsize=\dimen188
Package hyperref Info: Hyper figures OFF on input line 6078.
Package hyperref Info: Link nesting OFF on input line 6083.
Package hyperref Info: Hyper index ON on input line 6086.
Package hyperref Info: backreferencing OFF on input line 6093.
Package hyperref Info: Link coloring OFF on input line 6098.
Package hyperref Info: Link coloring with OCG OFF on input line 6103.
Package hyperref Info: PDF/A mode OFF on input line 6108.
\Hy@abspage=\count375
\c@Item=\count376
)
Package hyperref Info: Driver (custom): hgeneric-testphase.
(c:/Users/Jason.Cope/AppData/Roaming/TinyTeX/texmf-dist/tex/latex/pdfmanagement-testphase/hgeneric-testphase.def
File: hgeneric-testphase.def 2025-11-12 v0.96x generic Hyperref driver for the LaTeX PDF management bundle
(c:/Users/Jason.Cope/AppData/Roaming/TinyTeX/texmf-dist/tex/latex/pdfmanagement-testphase/hyperref-colorschemes.def)
LaTeX Info: Redefining \href on input line 262.
LaTeX Info: Redefining \url on input line 348.
\l__hyp_tmpa_box=\box73
\l__hyp_tmpa_int=\count377
\l__hyp_dest_box=\box74
\g__hyp_linknestlevel_int=\count378
\HyAnn@Count=\count379
\Fld@listcount=\count380
\Hy@SectionHShift=\skip82
)
Package zref Info: New property list: pdfcomment on input line 2735.
Package zref Info: New property: PCPDFOBJID on input line 2736.
) (c:/Users/Jason.Cope/AppData/Roaming/TinyTeX/texmf-dist/tex/latex/wallpaper/wallpaper.sty
Package: wallpaper 2005/01/18, v1.01 easy wallpaper formatting (MHFW)
(c:/Users/Jason.Cope/AppData/Roaming/TinyTeX/texmf-dist/tex/latex/eso-pic/eso-pic.sty
Package: eso-pic 2025/12/10 v3.0d eso-pic (RN)
\ESO@tempdima=\dimen189
\ESO@tempdimb=\dimen190
)
\wpXoffset=\skip83
\wpYoffset=\skip84
\tileXoffset=\skip85
\tileYoffset=\skip86
\tilewidth=\skip87
\tileheight=\skip88
\tileX=\skip89
\tileY=\skip90
) (c:/Users/Jason.Cope/AppData/Roaming/TinyTeX/texmf-dist/tex/latex/geometry/geometry.sty
Package: geometry 2020/01/02 v5.9 Page Geometry
(c:/Users/Jason.Cope/AppData/Roaming/TinyTeX/texmf-dist/tex/generic/iftex/ifvtex.sty
Package: ifvtex 2019/10/25 v1.7 ifvtex legacy package. Use iftex instead.
)
\Gm@cnth=\count381
\Gm@cntv=\count382
\c@Gm@tempcnt=\count383
\Gm@bindingoffset=\dimen191
\Gm@wd@mp=\dimen192
\Gm@odd@mp=\dimen193
\Gm@even@mp=\dimen194
\Gm@layoutwidth=\dimen195
\Gm@layoutheight=\dimen196
\Gm@layouthoffset=\dimen197
\Gm@layoutvoffset=\dimen198
\Gm@dimlist=\toks30
)
luaotfload | cache : Lookup cache loaded from C:/Users/Jason.Cope/AppData/Roaming/TinyTeX/texmf-var/luatex-cache/generic/names/luaotfload-lookup-cache.luc.

Package fontspec Info: 
(fontspec)             Arial Narrow scale = 0.8311533923217035.


Package fontspec Info: 
(fontspec)             Could not resolve font "Arial Narrow/BI" (it probably
(fontspec)             doesn't exist).


Package fontspec Info: 
(fontspec)             Could not resolve font "Arial Narrow/B" (it probably
(fontspec)             doesn't exist).


Package fontspec Info: 
(fontspec)             Could not resolve font "Arial Narrow/I" (it probably
(fontspec)             doesn't exist).


Package fontspec Info: 
(fontspec)             Arial Narrow scale = 0.8311533923217035.


Package fontspec Info: 
(fontspec)             Font family 'ArialNarrow(0)' created for font 'Arial
(fontspec)             Narrow' with options
(fontspec)             [Scale=MatchLowercase,Ligatures=TeX,Ligatures=TeX].
(fontspec)              
(fontspec)              This font family consists of the following NFSS
(fontspec)             series/shapes:
(fontspec)              
(fontspec)             - 'normal' (m/n) with NFSS spec.:
(fontspec)             <->s*[0.8311533923217035]"name:Arial
(fontspec)             Narrow:mode=node;language=dflt;+tlig;"


Package fontspec Info: 
(fontspec)             Arial Narrow scale = 0.8311533923217035.


Package fontspec Info: 
(fontspec)             Could not resolve font "Arial Narrow/BI" (it probably
(fontspec)             doesn't exist).


Package fontspec Info: 
(fontspec)             Could not resolve font "Arial Narrow/B" (it probably
(fontspec)             doesn't exist).


Package fontspec Info: 
(fontspec)             Could not resolve font "Arial Narrow/I" (it probably
(fontspec)             doesn't exist).


Package fontspec Info: 
(fontspec)             Arial Narrow scale = 0.8311533923217035.


Package fontspec Info: 
(fontspec)             Font family 'ArialNarrow(1)' created for font 'Arial
(fontspec)             Narrow' with options
(fontspec)             [Scale=MatchLowercase,Renderer=Basic,Ligatures=TeX].
(fontspec)              
(fontspec)              This font family consists of the following NFSS
(fontspec)             series/shapes:
(fontspec)              
(fontspec)             - 'normal' (m/n) with NFSS spec.:
(fontspec)             <->s*[0.8311533923217035]"name:Arial
(fontspec)             Narrow:mode=base;language=dflt;+tlig;"

LaTeX Font Info:    Overwriting math alphabet `\mathsf' in version `normal'
(Font)                  OT1/lmss/m/n --> TU/ArialNarrow(1)/m/n on input line 178.
LaTeX Font Info:    Overwriting math alphabet `\mathsf' in version `bold'
(Font)                  OT1/lmss/bx/n --> TU/ArialNarrow(1)/bx/n on input line 178.
(c:/Users/Jason.Cope/AppData/Roaming/TinyTeX/texmf-dist/tex/latex/koma-script/scrlayer-scrpage.sty
Package: scrlayer-scrpage 2025/12/01 v3.49 KOMA-Script package (end user interface for scrlayer)
(c:/Users/Jason.Cope/AppData/Roaming/TinyTeX/texmf-dist/tex/latex/koma-script/scrlayer.sty
Package: scrlayer 2025/12/01 v3.49 KOMA-Script package (defining layers and page styles)
(c:/Users/Jason.Cope/AppData/Roaming/TinyTeX/texmf-dist/tex/latex/koma-script/scrkbase.sty
Package: scrkbase 2025/12/01 v3.49 KOMA-Script package (KOMA-Script-dependent basics and keyval usage)
(c:/Users/Jason.Cope/AppData/Roaming/TinyTeX/texmf-dist/tex/latex/koma-script/scrbase.sty
Package: scrbase 2025/12/01 v3.49 KOMA-Script package (KOMA-Script-independent basics and keyval usage)
(c:/Users/Jason.Cope/AppData/Roaming/TinyTeX/texmf-dist/tex/latex/koma-script/scrlfile.sty
Package: scrlfile 2025/12/01 v3.49 KOMA-Script package (file load hooks)
(c:/Users/Jason.Cope/AppData/Roaming/TinyTeX/texmf-dist/tex/latex/koma-script/scrlfile-hook.sty
Package: scrlfile-hook 2025/12/01 v3.49 KOMA-Script package (using LaTeX hooks)
(c:/Users/Jason.Cope/AppData/Roaming/TinyTeX/texmf-dist/tex/latex/koma-script/scrlogo.sty
Package: scrlogo 2025/12/01 v3.49 KOMA-Script package (logo)
)))
Applying: [2021/05/01] Usage of raw or classic option list on input line 254.
Already applied: [0000/00/00] Usage of raw or classic option list on input line 370.
))
\footheight=\skip91
Package scrlayer Info: patching LaTeX kernel macro \pagestyle on input line 2179.
)) (c:/Users/Jason.Cope/AppData/Roaming/TinyTeX/texmf-dist/tex/latex/pdflscape/pdflscape.sty
Package: pdflscape 2025-06-23 v0.14 Display of landscape pages in PDF
(c:/Users/Jason.Cope/AppData/Roaming/TinyTeX/texmf-dist/tex/latex/graphics/lscape.sty
Package: lscape 2020/05/28 v3.02 Landscape Pages (DPC)
)) (c:/Users/Jason.Cope/AppData/Roaming/TinyTeX/texmf-dist/tex/latex/glossaries/base/glossaries.sty
Package: glossaries 2025/11/09 v4.9 (NLCT)
(c:/Users/Jason.Cope/AppData/Roaming/TinyTeX/texmf-dist/tex/latex/mfirstuc/mfirstuc.sty
Package: mfirstuc 2025/04/03 v2.09 (NLCT)
\@glsmfirst=\toks31
\@glsmrest=\toks32
) (c:/Users/Jason.Cope/AppData/Roaming/TinyTeX/texmf-dist/tex/latex/xfor/xfor.sty
Package: xfor 2009/02/05 v1.05 (NLCT)
) (c:/Users/Jason.Cope/AppData/Roaming/TinyTeX/texmf-dist/tex/latex/translator/translator.sty
Package: translator 2021-05-31 v1.12d Easy translation of strings in LaTeX
) (c:/Users/Jason.Cope/AppData/Roaming/TinyTeX/texmf-dist/tex/latex/glossaries-english/glossaries-english.ldf
File: glossaries-english.ldf 2014/11/23 v1.0
) (c:/Users/Jason.Cope/AppData/Roaming/TinyTeX/texmf-dist/tex/latex/datatool/datatool-base.sty
Package: datatool-base 2025/12/04 v3.4.3 (NLCT)
\l__datatool_tmpa_int=\count384
\l__datatool_tmpb_int=\count385
\l__datatool_tmpc_int=\count386
\l__datatool_tmpd_int=\count387
\l__datatool_count_int=\count388
\l__datatool_tmp_datatype_int=\count389
\l__datatool_tmpa_dim=\dimen199
\l__datatool_tmpb_dim=\dimen256
(c:/Users/Jason.Cope/AppData/Roaming/TinyTeX/texmf-dist/tex/latex/datatool/datatool-lua.def
File: datatool-lua.def 2025/12/04 v3.4.3 (NLCT)
)
\@dtl@toks=\toks33
\@dtl@tmpcount=\count390
\dtl@tmplength=\skip92
\l__datatool_measure_box=\box75
\dtl@sortresult=\count391
(c:/Users/Jason.Cope/AppData/Roaming/TinyTeX/texmf-dist/tex/latex/datatool/datatool-utf8.ldf
File: datatool-utf8.ldf 2025/12/04 v3.4.3 (NLCT)
)
\@dtl@datatype=\count392
\c_datatool_unknown_int=\count393
\l__datatool_year_int=\count394
\l__datatool_month_int=\count395
\l__datatool_day_int=\count396
\l__datatool_hour_int=\count397
\l__datatool_minute_int=\count398
\l__datatool_second_int=\count399
\l__datatool_tzhour_int=\count400
\l__datatool_tzminute_int=\count401
\l__datatool_julian_int=\count402
\l__datatool_local_julian_int=\count403
\l__datatool_prefix_int=\count404
\l__datatool_suffix_int=\count405
\@dtl@foreach@level=\count406
(c:/Users/Jason.Cope/AppData/Roaming/TinyTeX/texmf-dist/tex/latex/datatool-english/datatool-english.ldf
File: datatool-english.ldf 2025/03/12 v1.1 (NLCT)
(c:/Users/Jason.Cope/AppData/Roaming/TinyTeX/texmf-dist/tex/latex/datatool-english/datatool-english-utf8.ldf
File: datatool-english-utf8.ldf 2025/03/12 v1.1 (NLCT)
))
\dtl@codeA=\count407
\dtl@codeB=\count408
)
\gls@level=\count409
\@gls@tmpb=\toks34
\gls@tmplen=\skip93
\l__glossaries_tmpa_dim=\dimen257
\l__glossaries_tmpb_dim=\dimen258
\glskeylisttok=\toks35
\glslabeltok=\toks36
\glsshorttok=\toks37
\glslongtok=\toks38
(c:/Users/Jason.Cope/AppData/Roaming/TinyTeX/texmf-dist/tex/latex/glossaries/styles/glossary-hypernav.sty
Package: glossary-hypernav 2025/11/09 v4.9 (NLCT)
) (c:/Users/Jason.Cope/AppData/Roaming/TinyTeX/texmf-dist/tex/latex/glossaries/styles/glossary-list.sty
Package: glossary-list 2025/11/09 v4.9 (NLCT)
\glslistdottedwidth=\skip94
) (c:/Users/Jason.Cope/AppData/Roaming/TinyTeX/texmf-dist/tex/latex/glossaries/styles/glossary-long.sty
Package: glossary-long 2025/11/09 v4.9 (NLCT)
\glsdescwidth=\skip95
\glspagelistwidth=\skip96
) (c:/Users/Jason.Cope/AppData/Roaming/TinyTeX/texmf-dist/tex/latex/glossaries/styles/glossary-super.sty
Package: glossary-super 2025/11/09 v4.9 (NLCT)
(c:/Users/Jason.Cope/AppData/Roaming/TinyTeX/texmf-dist/tex/latex/supertabular/supertabular.sty
Package: supertabular 2024/07/20 v4.2c the supertabular environment
\c@tracingst=\count410
\ST@wd=\dimen259
\ST@rightskip=\skip97
\ST@leftskip=\skip98
\ST@parfillskip=\skip99
\ST@pageleft=\dimen260
\ST@headht=\dimen261
\ST@tailht=\dimen262
\ST@pagesofar=\dimen263
\ST@pboxht=\dimen264
\ST@rowht=\dimen265
\ST@prevht=\dimen266
\ST@toadd=\dimen267
\ST@dimen=\dimen268
\ST@pbox=\box76
)) (c:/Users/Jason.Cope/AppData/Roaming/TinyTeX/texmf-dist/tex/latex/glossaries/styles/glossary-tree.sty
Package: glossary-tree 2025/11/09 v4.9 (NLCT)
\l__glossaries_tree_max_known_level_int=\count411
\l__glossaries_tree_offset_dim=\dimen269
\l__glossaries_tree_namewidth_dim=\dimen270
\l__glossaries_tree_symbolwidth_dim=\dimen271
\l__glossaries_tree_prenamesym_width_dim=\dimen272
\l__glossaries_tree_presubnamesym_width_dim=\dimen273
\l__glossaries_tree_namewidth_padding_dim=\dimen274
\l__glossaries_tree_symbolwidth_padding_dim=\dimen275
\l__glossaries_tree_namesymbolwidth_dim=\dimen276
\l__glossaries_tree_namesymbolwidth_padding_dim=\dimen277
\l__glossaries_tree_level_int=\count412
\glstreeindent=\skip100
)) (./sa4ss_glossaries.tex) (c:/Users/Jason.Cope/AppData/Roaming/TinyTeX/texmf-dist/tex/latex/pgf/frontendlayer/tikz.sty (c:/Users/Jason.Cope/AppData/Roaming/TinyTeX/texmf-dist/tex/latex/pgf/basiclayer/pgf.sty (c:/Users/Jason.Cope/AppData/Roaming/TinyTeX/texmf-dist/tex/latex/pgf/utilities/pgfrcs.sty (c:/Users/Jason.Cope/AppData/Roaming/TinyTeX/texmf-dist/tex/generic/pgf/utilities/pgfutil-common.tex
\pgfutil@everybye=\toks39
\pgfutil@tempdima=\dimen278
\pgfutil@tempdimb=\dimen279
) (c:/Users/Jason.Cope/AppData/Roaming/TinyTeX/texmf-dist/tex/generic/pgf/utilities/pgfutil-latex.def
\pgfutil@abb=\box77
) (c:/Users/Jason.Cope/AppData/Roaming/TinyTeX/texmf-dist/tex/generic/pgf/utilities/pgfrcs.code.tex (c:/Users/Jason.Cope/AppData/Roaming/TinyTeX/texmf-dist/tex/generic/pgf/pgf.revision.tex)
Package: pgfrcs 2025-08-29 v3.1.11a (3.1.11a)
))
Package: pgf 2025-08-29 v3.1.11a (3.1.11a)
(c:/Users/Jason.Cope/AppData/Roaming/TinyTeX/texmf-dist/tex/latex/pgf/basiclayer/pgfcore.sty (c:/Users/Jason.Cope/AppData/Roaming/TinyTeX/texmf-dist/tex/latex/pgf/systemlayer/pgfsys.sty (c:/Users/Jason.Cope/AppData/Roaming/TinyTeX/texmf-dist/tex/generic/pgf/systemlayer/pgfsys.code.tex
Package: pgfsys 2025-08-29 v3.1.11a (3.1.11a)
(c:/Users/Jason.Cope/AppData/Roaming/TinyTeX/texmf-dist/tex/generic/pgf/utilities/pgfkeys.code.tex
\pgfkeys@pathtoks=\toks40
\pgfkeys@temptoks=\toks41
(c:/Users/Jason.Cope/AppData/Roaming/TinyTeX/texmf-dist/tex/generic/pgf/utilities/pgfkeyslibraryfiltered.code.tex
\pgfkeys@tmptoks=\toks42
))
\pgf@x=\dimen280
\pgf@y=\dimen281
\pgf@xa=\dimen282
\pgf@ya=\dimen283
\pgf@xb=\dimen284
\pgf@yb=\dimen285
\pgf@xc=\dimen286
\pgf@yc=\dimen287
\pgf@xd=\dimen288
\pgf@yd=\dimen289
\w@pgf@writea=\write4
\r@pgf@reada=\read4
\c@pgf@counta=\count413
\c@pgf@countb=\count414
\c@pgf@countc=\count415
\c@pgf@countd=\count416
\t@pgf@toka=\toks43
\t@pgf@tokb=\toks44
\t@pgf@tokc=\toks45
\pgf@sys@id@count=\count417
(c:/Users/Jason.Cope/AppData/Roaming/TinyTeX/texmf-dist/tex/generic/pgf/systemlayer/pgf.cfg
File: pgf.cfg 2025-08-29 v3.1.11a (3.1.11a)
)
Driver file for pgf: pgfsys-luatex.def
(c:/Users/Jason.Cope/AppData/Roaming/TinyTeX/texmf-dist/tex/generic/pgf/systemlayer/pgfsys-luatex.def
File: pgfsys-luatex.def 2025-08-29 v3.1.11a (3.1.11a)
(c:/Users/Jason.Cope/AppData/Roaming/TinyTeX/texmf-dist/tex/generic/pgf/systemlayer/pgfsys-common-pdf.def
File: pgfsys-common-pdf.def 2025-08-29 v3.1.11a (3.1.11a)
))) (c:/Users/Jason.Cope/AppData/Roaming/TinyTeX/texmf-dist/tex/generic/pgf/systemlayer/pgfsyssoftpath.code.tex
File: pgfsyssoftpath.code.tex 2025-08-29 v3.1.11a (3.1.11a)
\pgfsyssoftpath@smallbuffer@items=\count418
\pgfsyssoftpath@bigbuffer@items=\count419
) (c:/Users/Jason.Cope/AppData/Roaming/TinyTeX/texmf-dist/tex/generic/pgf/systemlayer/pgfsysprotocol.code.tex
File: pgfsysprotocol.code.tex 2025-08-29 v3.1.11a (3.1.11a)
)) (c:/Users/Jason.Cope/AppData/Roaming/TinyTeX/texmf-dist/tex/generic/pgf/basiclayer/pgfcore.code.tex
Package: pgfcore 2025-08-29 v3.1.11a (3.1.11a)
(c:/Users/Jason.Cope/AppData/Roaming/TinyTeX/texmf-dist/tex/generic/pgf/math/pgfmath.code.tex (c:/Users/Jason.Cope/AppData/Roaming/TinyTeX/texmf-dist/tex/generic/pgf/math/pgfmathutil.code.tex) (c:/Users/Jason.Cope/AppData/Roaming/TinyTeX/texmf-dist/tex/generic/pgf/math/pgfmathparser.code.tex
\pgfmath@dimen=\dimen290
\pgfmath@count=\count420
\pgfmath@box=\box78
\pgfmath@toks=\toks46
\pgfmath@stack@operand=\toks47
\pgfmath@stack@operation=\toks48
) (c:/Users/Jason.Cope/AppData/Roaming/TinyTeX/texmf-dist/tex/generic/pgf/math/pgfmathfunctions.code.tex) (c:/Users/Jason.Cope/AppData/Roaming/TinyTeX/texmf-dist/tex/generic/pgf/math/pgfmathfunctions.basic.code.tex) (c:/Users/Jason.Cope/AppData/Roaming/TinyTeX/texmf-dist/tex/generic/pgf/math/pgfmathfunctions.trigonometric.code.tex) (c:/Users/Jason.Cope/AppData/Roaming/TinyTeX/texmf-dist/tex/generic/pgf/math/pgfmathfunctions.random.code.tex) (c:/Users/Jason.Cope/AppData/Roaming/TinyTeX/texmf-dist/tex/generic/pgf/math/pgfmathfunctions.comparison.code.tex) (c:/Users/Jason.Cope/AppData/Roaming/TinyTeX/texmf-dist/tex/generic/pgf/math/pgfmathfunctions.base.code.tex) (c:/Users/Jason.Cope/AppData/Roaming/TinyTeX/texmf-dist/tex/generic/pgf/math/pgfmathfunctions.round.code.tex) (c:/Users/Jason.Cope/AppData/Roaming/TinyTeX/texmf-dist/tex/generic/pgf/math/pgfmathfunctions.misc.code.tex) (c:/Users/Jason.Cope/AppData/Roaming/TinyTeX/texmf-dist/tex/generic/pgf/math/pgfmathfunctions.integerarithmetics.code.tex) (c:/Users/Jason.Cope/AppData/Roaming/TinyTeX/texmf-dist/tex/generic/pgf/math/pgfmathcalc.code.tex) (c:/Users/Jason.Cope/AppData/Roaming/TinyTeX/texmf-dist/tex/generic/pgf/math/pgfmathfloat.code.tex
\c@pgfmathroundto@lastzeros=\count421
)) (c:/Users/Jason.Cope/AppData/Roaming/TinyTeX/texmf-dist/tex/generic/pgf/math/pgfint.code.tex) (c:/Users/Jason.Cope/AppData/Roaming/TinyTeX/texmf-dist/tex/generic/pgf/basiclayer/pgfcorepoints.code.tex
File: pgfcorepoints.code.tex 2025-08-29 v3.1.11a (3.1.11a)
\pgf@picminx=\dimen291
\pgf@picmaxx=\dimen292
\pgf@picminy=\dimen293
\pgf@picmaxy=\dimen294
\pgf@pathminx=\dimen295
\pgf@pathmaxx=\dimen296
\pgf@pathminy=\dimen297
\pgf@pathmaxy=\dimen298
\pgf@xx=\dimen299
\pgf@xy=\dimen300
\pgf@yx=\dimen301
\pgf@yy=\dimen302
\pgf@zx=\dimen303
\pgf@zy=\dimen304
) (c:/Users/Jason.Cope/AppData/Roaming/TinyTeX/texmf-dist/tex/generic/pgf/basiclayer/pgfcorepathconstruct.code.tex
File: pgfcorepathconstruct.code.tex 2025-08-29 v3.1.11a (3.1.11a)
\pgf@path@lastx=\dimen305
\pgf@path@lasty=\dimen306
) (c:/Users/Jason.Cope/AppData/Roaming/TinyTeX/texmf-dist/tex/generic/pgf/basiclayer/pgfcorepathusage.code.tex
File: pgfcorepathusage.code.tex 2025-08-29 v3.1.11a (3.1.11a)
\pgf@shorten@end@additional=\dimen307
\pgf@shorten@start@additional=\dimen308
) (c:/Users/Jason.Cope/AppData/Roaming/TinyTeX/texmf-dist/tex/generic/pgf/basiclayer/pgfcorescopes.code.tex
File: pgfcorescopes.code.tex 2025-08-29 v3.1.11a (3.1.11a)
\pgfpic=\box79
\pgf@hbox=\box80
\pgf@layerbox@main=\box81
\pgf@picture@serial@count=\count422
) (c:/Users/Jason.Cope/AppData/Roaming/TinyTeX/texmf-dist/tex/generic/pgf/basiclayer/pgfcoregraphicstate.code.tex
File: pgfcoregraphicstate.code.tex 2025-08-29 v3.1.11a (3.1.11a)
\pgflinewidth=\dimen309
) (c:/Users/Jason.Cope/AppData/Roaming/TinyTeX/texmf-dist/tex/generic/pgf/basiclayer/pgfcoretransformations.code.tex
File: pgfcoretransformations.code.tex 2025-08-29 v3.1.11a (3.1.11a)
\pgf@pt@x=\dimen310
\pgf@pt@y=\dimen311
\pgf@pt@temp=\dimen312
) (c:/Users/Jason.Cope/AppData/Roaming/TinyTeX/texmf-dist/tex/generic/pgf/basiclayer/pgfcorequick.code.tex
File: pgfcorequick.code.tex 2025-08-29 v3.1.11a (3.1.11a)
) (c:/Users/Jason.Cope/AppData/Roaming/TinyTeX/texmf-dist/tex/generic/pgf/basiclayer/pgfcoreobjects.code.tex
File: pgfcoreobjects.code.tex 2025-08-29 v3.1.11a (3.1.11a)
) (c:/Users/Jason.Cope/AppData/Roaming/TinyTeX/texmf-dist/tex/generic/pgf/basiclayer/pgfcorepathprocessing.code.tex
File: pgfcorepathprocessing.code.tex 2025-08-29 v3.1.11a (3.1.11a)
) (c:/Users/Jason.Cope/AppData/Roaming/TinyTeX/texmf-dist/tex/generic/pgf/basiclayer/pgfcorearrows.code.tex
File: pgfcorearrows.code.tex 2025-08-29 v3.1.11a (3.1.11a)
\pgfarrowsep=\dimen313
) (c:/Users/Jason.Cope/AppData/Roaming/TinyTeX/texmf-dist/tex/generic/pgf/basiclayer/pgfcoreshade.code.tex
File: pgfcoreshade.code.tex 2025-08-29 v3.1.11a (3.1.11a)
\pgf@max=\dimen314
\pgf@sys@shading@range@num=\count423
\pgf@shadingcount=\count424
) (c:/Users/Jason.Cope/AppData/Roaming/TinyTeX/texmf-dist/tex/generic/pgf/basiclayer/pgfcoreimage.code.tex
File: pgfcoreimage.code.tex 2025-08-29 v3.1.11a (3.1.11a)
) (c:/Users/Jason.Cope/AppData/Roaming/TinyTeX/texmf-dist/tex/generic/pgf/basiclayer/pgfcoreexternal.code.tex
File: pgfcoreexternal.code.tex 2025-08-29 v3.1.11a (3.1.11a)
\pgfexternal@startupbox=\box82
) (c:/Users/Jason.Cope/AppData/Roaming/TinyTeX/texmf-dist/tex/generic/pgf/basiclayer/pgfcorelayers.code.tex
File: pgfcorelayers.code.tex 2025-08-29 v3.1.11a (3.1.11a)
) (c:/Users/Jason.Cope/AppData/Roaming/TinyTeX/texmf-dist/tex/generic/pgf/basiclayer/pgfcoretransparency.code.tex
File: pgfcoretransparency.code.tex 2025-08-29 v3.1.11a (3.1.11a)
) (c:/Users/Jason.Cope/AppData/Roaming/TinyTeX/texmf-dist/tex/generic/pgf/basiclayer/pgfcorepatterns.code.tex
File: pgfcorepatterns.code.tex 2025-08-29 v3.1.11a (3.1.11a)
) (c:/Users/Jason.Cope/AppData/Roaming/TinyTeX/texmf-dist/tex/generic/pgf/basiclayer/pgfcorerdf.code.tex
File: pgfcorerdf.code.tex 2025-08-29 v3.1.11a (3.1.11a)
))) (c:/Users/Jason.Cope/AppData/Roaming/TinyTeX/texmf-dist/tex/generic/pgf/modules/pgfmoduleshapes.code.tex
File: pgfmoduleshapes.code.tex 2025-08-29 v3.1.11a (3.1.11a)
\pgfnodeparttextbox=\box83
) (c:/Users/Jason.Cope/AppData/Roaming/TinyTeX/texmf-dist/tex/generic/pgf/modules/pgfmoduleplot.code.tex
File: pgfmoduleplot.code.tex 2025-08-29 v3.1.11a (3.1.11a)
) (c:/Users/Jason.Cope/AppData/Roaming/TinyTeX/texmf-dist/tex/latex/pgf/compatibility/pgfcomp-version-0-65.sty
Package: pgfcomp-version-0-65 2025-08-29 v3.1.11a (3.1.11a)
\pgf@nodesepstart=\dimen315
\pgf@nodesepend=\dimen316
) (c:/Users/Jason.Cope/AppData/Roaming/TinyTeX/texmf-dist/tex/latex/pgf/compatibility/pgfcomp-version-1-18.sty
Package: pgfcomp-version-1-18 2025-08-29 v3.1.11a (3.1.11a)
)) (c:/Users/Jason.Cope/AppData/Roaming/TinyTeX/texmf-dist/tex/latex/pgf/utilities/pgffor.sty (c:/Users/Jason.Cope/AppData/Roaming/TinyTeX/texmf-dist/tex/latex/pgf/utilities/pgfkeys.sty (c:/Users/Jason.Cope/AppData/Roaming/TinyTeX/texmf-dist/tex/generic/pgf/utilities/pgfkeys.code.tex)) (c:/Users/Jason.Cope/AppData/Roaming/TinyTeX/texmf-dist/tex/latex/pgf/math/pgfmath.sty (c:/Users/Jason.Cope/AppData/Roaming/TinyTeX/texmf-dist/tex/generic/pgf/math/pgfmath.code.tex)) (c:/Users/Jason.Cope/AppData/Roaming/TinyTeX/texmf-dist/tex/generic/pgf/utilities/pgffor.code.tex
Package: pgffor 2025-08-29 v3.1.11a (3.1.11a)
\pgffor@iter=\dimen317
\pgffor@skip=\dimen318
\pgffor@stack=\toks49
\pgffor@toks=\toks50
)) (c:/Users/Jason.Cope/AppData/Roaming/TinyTeX/texmf-dist/tex/generic/pgf/frontendlayer/tikz/tikz.code.tex
Package: tikz 2025-08-29 v3.1.11a (3.1.11a)
(c:/Users/Jason.Cope/AppData/Roaming/TinyTeX/texmf-dist/tex/generic/pgf/libraries/pgflibraryplothandlers.code.tex
File: pgflibraryplothandlers.code.tex 2025-08-29 v3.1.11a (3.1.11a)
\pgf@plot@mark@count=\count425
\pgfplotmarksize=\dimen319
)
\tikz@lastx=\dimen320
\tikz@lasty=\dimen321
\tikz@lastxsaved=\dimen322
\tikz@lastysaved=\dimen323
\tikz@lastmovetox=\dimen324
\tikz@lastmovetoy=\dimen325
\tikzleveldistance=\dimen326
\tikzsiblingdistance=\dimen327
\tikz@figbox=\box84
\tikz@figbox@bg=\box85
\tikz@tempbox=\box86
\tikz@tempbox@bg=\box87
\tikztreelevel=\count426
\tikznumberofchildren=\count427
\tikznumberofcurrentchild=\count428
\tikz@fig@count=\count429
(c:/Users/Jason.Cope/AppData/Roaming/TinyTeX/texmf-dist/tex/generic/pgf/modules/pgfmodulematrix.code.tex
File: pgfmodulematrix.code.tex 2025-08-29 v3.1.11a (3.1.11a)
\pgfmatrixcurrentrow=\count430
\pgfmatrixcurrentcolumn=\count431
\pgf@matrix@numberofcolumns=\count432
)
\tikz@expandcount=\count433
(c:/Users/Jason.Cope/AppData/Roaming/TinyTeX/texmf-dist/tex/generic/pgf/frontendlayer/tikz/libraries/tikzlibrarytopaths.code.tex
File: tikzlibrarytopaths.code.tex 2025-08-29 v3.1.11a (3.1.11a)
))) (c:/Users/Jason.Cope/AppData/Roaming/TinyTeX/texmf-dist/tex/latex/multirow/multirow.sty
Package: multirow 2024/11/12 v2.9 Span multiple rows of a table
\multirow@colwidth=\skip101
\multirow@cntb=\count434
\multirow@dima=\skip102
\bigstrutjot=\dimen328
) (c:/Users/Jason.Cope/AppData/Roaming/TinyTeX/texmf-dist/tex/latex/wrapfig/wrapfig.sty
\wrapoverhang=\dimen329
\WF@size=\dimen330
\c@WF@wrappedlines=\count435
\WF@box=\box88
\WF@everypar=\toks51
Package: wrapfig 2003/01/31  v 3.6
) (c:/Users/Jason.Cope/AppData/Roaming/TinyTeX/texmf-dist/tex/latex/float/float.sty
Package: float 2001/11/08 v1.3d Float enhancements (AL)
\c@float@type=\count436
\float@exts=\toks52
\float@box=\box89
\@float@everytoks=\toks53
\@floatcapt=\box90
) (c:/Users/Jason.Cope/AppData/Roaming/TinyTeX/texmf-dist/tex/latex/colortbl/colortbl.sty
Package: colortbl 2024/10/29 v1.0k Color table columns (DPC)
\everycr=\toks54
\minrowclearance=\skip103
\rownum=\count437
) (c:/Users/Jason.Cope/AppData/Roaming/TinyTeX/texmf-dist/tex/latex/tabu/tabu.sty
Package: tabu 2019/01/11 v2.9 - flexible LaTeX tabulars (FC+tabu-fixed)
(c:/Users/Jason.Cope/AppData/Roaming/TinyTeX/texmf-dist/tex/latex/varwidth/varwidth.sty
Package: varwidth 2009/03/30 ver 0.92;  Variable-width minipages
\@vwid@box=\box91
\sift@deathcycles=\count438
\@vwid@loff=\dimen331
\@vwid@roff=\dimen332
)
==> First Aid for varwidth.sty applied!
\c@taburow=\count439
\tabu@nbcols=\count440
\tabu@cnt=\count441
\tabu@Xcol=\count442
\tabu@alloc=\count443
\tabu@nested=\count444
\tabu@target=\dimen333
\tabu@spreadtarget=\dimen334
\tabu@naturalX=\dimen335
\tabucolX=\dimen336
\tabu@Xsum=\dimen337
\extrarowdepth=\dimen338
\abovetabulinesep=\dimen339
\belowtabulinesep=\dimen340
\tabustrutrule=\dimen341
\tabu@thebody=\toks55
\tabu@footnotes=\toks56
\tabu@box=\box92
\tabu@arstrutbox=\box93
\tabu@hleads=\box94
\tabu@vleads=\box95
\tabu@cellskip=\skip104
) (c:/Users/Jason.Cope/AppData/Roaming/TinyTeX/texmf-dist/tex/latex/threeparttable/threeparttable.sty
Package: threeparttable 2003/06/13  v 3.0
\@tempboxb=\box96
) (c:/Users/Jason.Cope/AppData/Roaming/TinyTeX/texmf-dist/tex/latex/threeparttablex/threeparttablex.sty
Package: threeparttablex 2013/07/23 v0.3 by daleif
(c:/Users/Jason.Cope/AppData/Roaming/TinyTeX/texmf-dist/tex/latex/environ/environ.sty
Package: environ 2014/05/04 v0.3 A new way to define environments
(c:/Users/Jason.Cope/AppData/Roaming/TinyTeX/texmf-dist/tex/latex/trimspaces/trimspaces.sty
Package: trimspaces 2009/09/17 v1.1 Trim spaces around a token list
))
\TPTL@width=\skip105
) (c:/Users/Jason.Cope/AppData/Roaming/TinyTeX/texmf-dist/tex/generic/ulem/ulem.sty
\UL@box=\box97
\UL@hyphenbox=\box98
\UL@skip=\skip106
\UL@hook=\toks57
\UL@height=\dimen342
\UL@pe=\count445
\UL@pixel=\dimen343
\ULC@box=\box99
Package: ulem 2019/11/18
\ULdepth=\dimen344
) (c:/Users/Jason.Cope/AppData/Roaming/TinyTeX/texmf-dist/tex/latex/makecell/makecell.sty
Package: makecell 2009/08/03 V0.1e Managing of Tab Column Heads and Cells
\rotheadsize=\dimen345
\c@nlinenum=\count446
\TeXr@lab=\toks58
) (c:/Users/Jason.Cope/AppData/Roaming/TinyTeX/texmf-dist/tex/latex/caption/caption.sty
Package: caption 2023/08/05 v3.6o Customizing captions (AR)
(c:/Users/Jason.Cope/AppData/Roaming/TinyTeX/texmf-dist/tex/latex/caption/caption3.sty
Package: caption3 2023/07/31 v2.4d caption3 kernel (AR)
\caption@tempdima=\dimen346
\captionmargin=\dimen347
\caption@leftmargin=\dimen348
\caption@rightmargin=\dimen349
\caption@width=\dimen350
\caption@indent=\dimen351
\caption@parindent=\dimen352
\caption@hangindent=\dimen353
Package caption Info: Standard document class detected.
)
\c@caption@flags=\count447
\c@continuedfloat=\count448
Package caption Info: float package is loaded.
Package caption Info: hyperref package is loaded.
Package caption Info: longtable package is loaded.
(c:/Users/Jason.Cope/AppData/Roaming/TinyTeX/texmf-dist/tex/latex/caption/ltcaption.sty
Package: ltcaption 2021/01/08 v1.4c longtable captions (AR)
)
Package caption Info: supertabular package is loaded.
Package caption Info: threeparttable package is loaded.
Package caption Info: wrapfig package is loaded.
) (c:/Users/Jason.Cope/AppData/Roaming/TinyTeX/texmf-dist/tex/latex/anyfontsize/anyfontsize.sty
Package: anyfontsize 2007/11/22 anyfontsize.sty by pts
)
\@float@every@codelisting=\toks59
\c@codelisting=\count449
(c:/Users/Jason.Cope/AppData/Roaming/TinyTeX/texmf-dist/tex/latex/caption/subcaption.sty
Package: subcaption 2023/07/28 v1.6b Sub-captions (AR)
Package caption Info: New subtype `subfigure' on input line 238.
\c@subfigure=\count450
Package caption Info: New subtype `subtable' on input line 238.
\c@subtable=\count451
) (c:/Users/Jason.Cope/AppData/Roaming/TinyTeX/texmf-dist/tex/latex/bookmark/bookmark.sty
Package: bookmark 2023-12-10 v1.31 PDF bookmarks (HO)
(c:/Users/Jason.Cope/AppData/Roaming/TinyTeX/texmf-dist/tex/latex/bookmark/bkm-pdftex.def
File: bkm-pdftex.def 2023-12-10 v1.31 bookmark driver for pdfTeX and luaTeX (HO)
\BKM@id=\count452
)) (c:/Users/Jason.Cope/AppData/Roaming/TinyTeX/texmf-dist/tex/latex/xurl/xurl.sty
Package: xurl 2022/01/09 v 0.10 modify URL breaks
) (c:/Users/Jason.Cope/AppData/Roaming/TinyTeX/texmf-dist/tex/lualatex/luamml/luamml.sty
Package: luamml 2025-10-20 v0.7.0 Automatically generate presentational MathML from LuaTeX math expressions
\l__luamml_flag_int=\count453
\l__luamml_pretty_int=\count454
\tracingmathml=\count455
Lua function RegisterFamilyMapping = 33
Lua function RegisterTextFamily = 34
Inserting `dump_list' in `pre_mlist_to_hlist_filter'.
Lua function luamml_get_last_mathml_stream:e = 35
Lua function luamml_begin_single_file: = 36
Lua function luamml_end_single_file: = 37
Lua function __luamml_register_output_hook:N = 38
Lua function __luamml_disable_output_hook: = 39
Lua function __luamml_annotate_begin: = 40
Lua function __luamml_annotate_end:we = 41
Lua function __luamml_annotate_end:e = 42
Lua function __luamml_annotate_attribute_end:e = 43
Inserting `mathml amsmath processing' in `hpack_filter'.
Lua function __luamml_array_init_col: = 44
Lua function __luamml_array_finalize_col:w = 45
Lua function __luamml_array_save_array: = 46
Lua function __luamml_array_finalize_array: = 47
\l__luamml_amsmath_tag_struct_num_int=\count456
(c:/Users/Jason.Cope/AppData/Roaming/TinyTeX/texmf-dist/tex/lualatex/luamml/luamml-patches-kernel.sty
Package: luamml-patches-kernel 2025-07-20 v0.7.0 Feel free to add a description here
) (c:/Users/Jason.Cope/AppData/Roaming/TinyTeX/texmf-dist/tex/lualatex/luamml/luamml-patches-amsmath.sty
Package: luamml-patches-amsmath 2025-10-20 v0.7.0 Feel free to add a description here
Lua function __luamml_amsmath_add_last_to_row: = 48
Lua function __luamml_amsmath_add_box_to_row: = 49
Lua function __luamml_amsmath_set_row_columnalign:n = 50
Lua function __luamml_amsmath_save_inner_table:n = 51
Lua function __luamml_amsmath_save_smallmatrix: = 52
Lua function __luamml_amsmath_finalize_inner_table: = 53
Lua function __luamml_amsmath_finalize_table:n = 54
Lua function __luamml_amsmath_save_tag: = 55
Lua function __luamml_amsmath_save_tag_with_struct_elem:N = 56
Lua function __luamml_amsmath_set_tag: = 57)) (./SAR_USWC_Rougheye_and_Blackspotted_Rockfishes_skeleton_access.aux)
\openout1 = SAR_USWC_Rougheye_and_Blackspotted_Rockfishes_skeleton_access.aux

LaTeX Font Info:    Checking defaults for OML/cmm/m/it on input line 282.
LaTeX Font Info:    ... okay on input line 282.
LaTeX Font Info:    Checking defaults for OMS/cmsy/m/n on input line 282.
LaTeX Font Info:    ... okay on input line 282.
LaTeX Font Info:    Checking defaults for OT1/cmr/m/n on input line 282.
LaTeX Font Info:    ... okay on input line 282.
LaTeX Font Info:    Checking defaults for T1/cmr/m/n on input line 282.
LaTeX Font Info:    ... okay on input line 282.
LaTeX Font Info:    Checking defaults for TS1/cmr/m/n on input line 282.
LaTeX Font Info:    ... okay on input line 282.
LaTeX Font Info:    Checking defaults for TU/lmr/m/n on input line 282.
LaTeX Font Info:    ... okay on input line 282.
LaTeX Font Info:    Checking defaults for OMX/cmex/m/n on input line 282.
LaTeX Font Info:    ... okay on input line 282.
LaTeX Font Info:    Checking defaults for U/cmr/m/n on input line 282.
LaTeX Font Info:    ... okay on input line 282.
LaTeX Font Info:    Checking defaults for PD1/pdf/m/n on input line 282.
LaTeX Font Info:    ... okay on input line 282.
LaTeX Font Info:    Checking defaults for PU/pdf/m/n on input line 282.
LaTeX Font Info:    ... okay on input line 282.
Inserting `tagpdf' in `pre_shipout_filter'.
Inserting `tagpdf' in `pre_shipout_filter'. (c:/Users/Jason.Cope/AppData/Roaming/TinyTeX/texmf-dist/tex/context/base/mkii/supp-pdf.mkii
[Loading MPS to PDF converter (version 2006.09.02).]
\scratchcounter=\count457
\scratchdimen=\dimen354
\scratchbox=\box100
\nofMPsegments=\count458
\nofMParguments=\count459
\everyMPshowfont=\toks60
\MPscratchCnt=\count460
\MPscratchDim=\dimen355
\MPnumerator=\count461
\makeMPintoPDFobject=\count462
\everyMPtoPDFconversion=\toks61
) (c:/Users/Jason.Cope/AppData/Roaming/TinyTeX/texmf-dist/tex/latex/epstopdf-pkg/epstopdf-base.sty
Package: epstopdf-base 2020-01-24 v2.11 Base part for package epstopdf
Package epstopdf-base Info: Redefining graphics rule for `.eps' on input line 485.
(c:/Users/Jason.Cope/AppData/Roaming/TinyTeX/texmf-dist/tex/latex/latexconfig/epstopdf-sys.cfg
File: epstopdf-sys.cfg 2010/07/13 v1.3 Configuration of (r)epstopdf for TeX Live
))
LaTeX Font Info:    Overwriting math alphabet `\mathrm' in version `normal'
(Font)                  OT1/lmr/m/n --> TU/lmr/m/n on input line 282.
LaTeX Font Info:    Overwriting math alphabet `\mathit' in version `normal'
(Font)                  OT1/lmr/m/it --> TU/lmr/m/it on input line 282.
LaTeX Font Info:    Overwriting math alphabet `\mathbf' in version `normal'
(Font)                  OT1/lmr/bx/n --> TU/lmr/bx/n on input line 282.
LaTeX Font Info:    Overwriting math alphabet `\mathtt' in version `normal'
(Font)                  OT1/lmtt/m/n --> TU/lmtt/m/n on input line 282.
LaTeX Font Info:    Overwriting math alphabet `\mathtt' in version `bold'
(Font)                  OT1/lmtt/m/n --> TU/lmtt/bx/n on input line 282.

Package fontspec Info: 
(fontspec)             latinmodern-math scale = 0.9999964596882403.


Package fontspec Info: 
(fontspec)             latinmodern-math scale = 0.9999964596882403.


Package fontspec Info: 
(fontspec)             latinmodern-math scale = 0.9999964596882403.


Package fontspec Info: 
(fontspec)             Font family 'latinmodern-math.otf(0)' created for font
(fontspec)             'latinmodern-math.otf' with options
(fontspec)             [Scale=MatchLowercase,Renderer=Basic,BoldItalicFont={},ItalicFont={},SmallCapsFont={},Script=Math,RawFeature={mathfontdimen=xetex},BoldFont={latinmodern-math.otf}].
(fontspec)              
(fontspec)              This font family consists of the following NFSS
(fontspec)             series/shapes:
(fontspec)              
(fontspec)             - 'normal' (m/n) with NFSS spec.:
(fontspec)             <->s*[0.9999964596882403]"[latinmodern-math.otf]:mode=base;script=math;language=dflt;mathfontdimen=xetex;"
(fontspec)             - 'bold' (b/n) with NFSS spec.:
(fontspec)             <->s*[0.9999964596882403]"[latinmodern-math.otf]:mode=base;script=math;language=dflt;mathfontdimen=xetex;"

LaTeX Font Info:    Font shape `TU/latinmodern-math.otf(0)/m/n' will be
(Font)              scaled to size 10.0pt on input line 282.

Package fontspec Info: 
(fontspec)             latinmodern-math scale = 0.9999964596882403.


Package fontspec Info: 
(fontspec)             latinmodern-math scale = 0.9999964596882403.


Package fontspec Info: 
(fontspec)             latinmodern-math scale = 0.9999964596882403.


Package fontspec Info: 
(fontspec)             latinmodern-math scale = 0.9999964596882403.


Package fontspec Info: 
(fontspec)             latinmodern-math scale = 0.9999964596882403.


Package fontspec Info: 
(fontspec)             Font family 'latinmodern-math.otf(1)' created for font
(fontspec)             'latinmodern-math.otf' with options
(fontspec)             [Scale=MatchLowercase,Renderer=Basic,BoldItalicFont={},ItalicFont={},SmallCapsFont={},Script=Math,SizeFeatures={{Size=8.5-},{Size=6-8.5,Font=latinmodern-math.otf,Style=MathScript},{Size=-6,Font=latinmodern-math.otf,Style=MathScriptScript}},RawFeature={mathfontdimen=xetex},BoldFont={latinmodern-math.otf}].
(fontspec)              
(fontspec)              This font family consists of the following NFSS
(fontspec)             series/shapes:
(fontspec)              
(fontspec)             - 'normal' (m/n) with NFSS spec.:
(fontspec)             <8.5->s*[0.9999964596882403]"[latinmodern-math.otf]:mode=base;script=math;language=dflt;mathfontdimen=xetex;"<6-8.5>s*[0.9999964596882403]"[latinmodern-math.otf]:mode=base;script=math;language=dflt;mathfontdimen=xetex;+ssty=0;"<-6>s*[0.9999964596882403]"[latinmodern-math.otf]:mode=base;script=math;language=dflt;mathfontdimen=xetex;+ssty=1;"
(fontspec)             - 'bold' (b/n) with NFSS spec.:
(fontspec)             <->s*[0.9999964596882403]"[latinmodern-math.otf]:mode=base;script=math;language=dflt;mathfontdimen=xetex;"

LaTeX Font Info:    Font shape `TU/latinmodern-math.otf(1)/m/n' will be
(Font)              scaled to size 10.0pt on input line 282.
LaTeX Font Info:    Encoding `OT1' has changed to `TU' for symbol font
(Font)              `operators' in the math version `normal' on input line 282.
LaTeX Font Info:    Overwriting symbol font `operators' in version `normal'
(Font)                  OT1/lmr/m/n --> TU/latinmodern-math.otf(1)/m/n on input line 282.
LaTeX Font Info:    Encoding `OT1' has changed to `TU' for symbol font
(Font)              `operators' in the math version `bold' on input line 282.
LaTeX Font Info:    Overwriting symbol font `operators' in version `bold'
(Font)                  OT1/lmr/bx/n --> TU/latinmodern-math.otf(1)/b/n on input line 282.

Package fontspec Info: 
(fontspec)             latinmodern-math scale = 0.9999964596882403.


Package fontspec Info: 
(fontspec)             latinmodern-math scale = 0.9999964596882403.


Package fontspec Info: 
(fontspec)             latinmodern-math scale = 0.9999964596882403.


Package fontspec Info: 
(fontspec)             latinmodern-math scale = 0.9999964596882403.


Package fontspec Info: 
(fontspec)             latinmodern-math scale = 0.9999964596882403.


Package fontspec Info: 
(fontspec)             Font family 'latinmodern-math.otf(2)' created for font
(fontspec)             'latinmodern-math.otf' with options
(fontspec)             [Scale=MatchLowercase,Renderer=Basic,BoldItalicFont={},ItalicFont={},SmallCapsFont={},Script=Math,SizeFeatures={{Size=8.5-},{Size=6-8.5,Font=latinmodern-math.otf,Style=MathScript},{Size=-6,Font=latinmodern-math.otf,Style=MathScriptScript}},RawFeature={mathfontdimen=xetex},BoldFont={latinmodern-math.otf},RawFeature={mathfontdimen=tex2}].
(fontspec)              
(fontspec)              This font family consists of the following NFSS
(fontspec)             series/shapes:
(fontspec)              
(fontspec)             - 'normal' (m/n) with NFSS spec.:
(fontspec)             <8.5->s*[0.9999964596882403]"[latinmodern-math.otf]:mode=base;script=math;language=dflt;mathfontdimen=xetex;mathfontdimen=tex2;"<6-8.5>s*[0.9999964596882403]"[latinmodern-math.otf]:mode=base;script=math;language=dflt;mathfontdimen=xetex;mathfontdimen=tex2;+ssty=0;"<-6>s*[0.9999964596882403]"[latinmodern-math.otf]:mode=base;script=math;language=dflt;mathfontdimen=xetex;mathfontdimen=tex2;+ssty=1;"
(fontspec)             - 'bold' (b/n) with NFSS spec.:
(fontspec)             <->s*[0.9999964596882403]"[latinmodern-math.otf]:mode=base;script=math;language=dflt;mathfontdimen=xetex;mathfontdimen=tex2;"

LaTeX Font Info:    Encoding `OMS' has changed to `TU' for symbol font
(Font)              `symbols' in the math version `normal' on input line 282.
LaTeX Font Info:    Overwriting symbol font `symbols' in version `normal'
(Font)                  OMS/lmsy/m/n --> TU/latinmodern-math.otf(2)/m/n on input line 282.
LaTeX Font Info:    Encoding `OMS' has changed to `TU' for symbol font
(Font)              `symbols' in the math version `bold' on input line 282.
LaTeX Font Info:    Overwriting symbol font `symbols' in version `bold'
(Font)                  OMS/lmsy/b/n --> TU/latinmodern-math.otf(2)/b/n on input line 282.

Package fontspec Info: 
(fontspec)             latinmodern-math scale = 0.9999964596882403.


Package fontspec Info: 
(fontspec)             latinmodern-math scale = 0.9999964596882403.


Package fontspec Info: 
(fontspec)             latinmodern-math scale = 0.9999964596882403.


Package fontspec Info: 
(fontspec)             latinmodern-math scale = 0.9999964596882403.


Package fontspec Info: 
(fontspec)             latinmodern-math scale = 0.9999964596882403.


Package fontspec Info: 
(fontspec)             Font family 'latinmodern-math.otf(3)' created for font
(fontspec)             'latinmodern-math.otf' with options
(fontspec)             [Scale=MatchLowercase,Renderer=Basic,BoldItalicFont={},ItalicFont={},SmallCapsFont={},Script=Math,SizeFeatures={{Size=8.5-},{Size=6-8.5,Font=latinmodern-math.otf,Style=MathScript},{Size=-6,Font=latinmodern-math.otf,Style=MathScriptScript}},RawFeature={mathfontdimen=xetex},BoldFont={latinmodern-math.otf},RawFeature={mathfontdimen=tex3}].
(fontspec)              
(fontspec)              This font family consists of the following NFSS
(fontspec)             series/shapes:
(fontspec)              
(fontspec)             - 'normal' (m/n) with NFSS spec.:
(fontspec)             <8.5->s*[0.9999964596882403]"[latinmodern-math.otf]:mode=base;script=math;language=dflt;mathfontdimen=xetex;mathfontdimen=tex3;"<6-8.5>s*[0.9999964596882403]"[latinmodern-math.otf]:mode=base;script=math;language=dflt;mathfontdimen=xetex;mathfontdimen=tex3;+ssty=0;"<-6>s*[0.9999964596882403]"[latinmodern-math.otf]:mode=base;script=math;language=dflt;mathfontdimen=xetex;mathfontdimen=tex3;+ssty=1;"
(fontspec)             - 'bold' (b/n) with NFSS spec.:
(fontspec)             <->s*[0.9999964596882403]"[latinmodern-math.otf]:mode=base;script=math;language=dflt;mathfontdimen=xetex;mathfontdimen=tex3;"

LaTeX Font Info:    Encoding `OMX' has changed to `TU' for symbol font
(Font)              `largesymbols' in the math version `normal' on input line 282.
LaTeX Font Info:    Overwriting symbol font `largesymbols' in version `normal'
(Font)                  OMX/lmex/m/n --> TU/latinmodern-math.otf(3)/m/n on input line 282.
LaTeX Font Info:    Encoding `OMX' has changed to `TU' for symbol font
(Font)              `largesymbols' in the math version `bold' on input line 282.
LaTeX Font Info:    Overwriting symbol font `largesymbols' in version `bold'
(Font)                  OMX/lmex/m/n --> TU/latinmodern-math.otf(3)/b/n on input line 282.
LaTeX Font Info:    Font shape `TU/latinmodern-math.otf(1)/m/n' will be
(Font)              scaled to size 7.0pt on input line 282.
LaTeX Font Info:    Font shape `TU/latinmodern-math.otf(1)/m/n' will be
(Font)              scaled to size 5.0pt on input line 282.
LaTeX Font Info:    Trying to load font information for OML+lmm on input line 282.
(c:/Users/Jason.Cope/AppData/Roaming/TinyTeX/texmf-dist/tex/latex/lm/omllmm.fd
File: omllmm.fd 2015/05/01 v1.6.1 Font defs for Latin Modern
)
LaTeX Font Info:    Font shape `TU/latinmodern-math.otf(2)/m/n' will be
(Font)              scaled to size 10.0pt on input line 282.
LaTeX Font Info:    Font shape `TU/latinmodern-math.otf(2)/m/n' will be
(Font)              scaled to size 7.0pt on input line 282.
LaTeX Font Info:    Font shape `TU/latinmodern-math.otf(2)/m/n' will be
(Font)              scaled to size 5.0pt on input line 282.
LaTeX Font Info:    Font shape `TU/latinmodern-math.otf(3)/m/n' will be
(Font)              scaled to size 10.0pt on input line 282.
LaTeX Font Info:    Font shape `TU/latinmodern-math.otf(3)/m/n' will be
(Font)              scaled to size 7.0pt on input line 282.
LaTeX Font Info:    Font shape `TU/latinmodern-math.otf(3)/m/n' will be
(Font)              scaled to size 5.0pt on input line 282.
LaTeX Font Info:    Trying to load font information for U+msa on input line 282.
(c:/Users/Jason.Cope/AppData/Roaming/TinyTeX/texmf-dist/tex/latex/amsfonts/umsa.fd
File: umsa.fd 2013/01/14 v3.01 AMS symbols A
)
LaTeX Font Info:    Trying to load font information for U+msb on input line 282.
(c:/Users/Jason.Cope/AppData/Roaming/TinyTeX/texmf-dist/tex/latex/amsfonts/umsb.fd
File: umsb.fd 2013/01/14 v3.01 AMS symbols B
)

Package footnotehyper Warning: 
(footnotehyper)    Failed to analyse \@makefntext into something usable.
(footnotehyper)    Using as fall-back the article class code.
(footnotehyper)    You may try to email the author this problematic meaning:
(footnotehyper)    \protected\long macro:#1->\noindent \socket_use:n {fntext/mark/link}\tag_socket_use:nnn {fntext/mark}{}{\socket_use:n {fntext/mark}}\tag_socket_use:nnn {fntext/text}{}{\socket_use:nn {fntext/text}{#1}}
(footnotehyper)    together with the document preamble (in particular if
(footnotehyper)    footnote numbers do not show at bottom of page).

Removing  `Babel.pre_otfload_h' from `hpack_filter'.
Removing  `luaotfload.node_processor' from `hpack_filter'.
Removing  `luaotfload.harf.finalize_hlist' from `hpack_filter'.
Removing  `markspaces' from `hpack_filter'.
Removing  `mathml amsmath processing' from `hpack_filter'.
Inserting `Babel.math_box_dir' in `hpack_filter'.
Inserting `Babel.pre_otfload_h' in `hpack_filter'.
Inserting `luaotfload.node_processor' in `hpack_filter'.
Inserting `luaotfload.harf.finalize_hlist' in `hpack_filter'.
Inserting `markspaces' in `hpack_filter'.
Inserting `mathml amsmath processing' in `hpack_filter'.
Inserting `Babel.unset_atdir' in `pre_linebreak_filter'.
Inserting `Babel.unset_atdir' in `hpack_filter'.
Package soulpos Info: Loading soulutf8 on input line 282.
(c:/Users/Jason.Cope/AppData/Roaming/TinyTeX/texmf-dist/tex/generic/soul/soulutf8.sty
Package: soulutf8 2023-06-14 v3.1 Permit use of UTF-8 characters in soul (HO)

Package soulutf8 Warning: This package is obsolete,
(soulutf8)                use the soul package directly. 
(soulutf8)                 on input line 29.

) (c:/Users/Jason.Cope/AppData/Roaming/TinyTeX/texmf-dist/tex/generic/soul/soul.sty
Package: soul 2023-06-14 v3.1 Permit use of UTF-8 characters in soul (HO)
(c:/Users/Jason.Cope/AppData/Roaming/TinyTeX/texmf-dist/tex/generic/soul/soul-ori.sty
Package: soul-ori 2023-06-14 v3.1 letterspacing/underlining (mf)
\SOUL@word=\toks62
\SOUL@lasttoken=\toks63
\SOUL@syllable=\toks64
\SOUL@cmds=\toks65
\SOUL@buffer=\toks66
\SOUL@token=\toks67
\SOUL@syllgoal=\dimen356
\SOUL@syllwidth=\dimen357
\SOUL@charkern=\dimen358
\SOUL@hyphkern=\dimen359
\SOUL@dimen=\dimen360
\SOUL@dimeni=\dimen361
\SOUL@minus=\count463
\SOUL@comma=\count464
\SOUL@apo=\count465
\SOUL@grave=\count466
\SOUL@spaceskip=\skip107
\SOUL@ttwidth=\dimen362
\SOUL@uldp=\dimen363
\SOUL@ulht=\dimen364
))
Package hyperref Info: Link coloring OFF on input line 282.
*geometry* driver: auto-detecting
*geometry* detected driver: luatex
*geometry* verbose mode - [ preamble ] result:
* driver: luatex
* paper: <default>
* layout: <same size as paper>
* layoutoffset:(h,v)=(0.0pt,0.0pt)
* modes: 
* h-part:(L,W,R)=(92.14519pt, 430.00462pt, 92.14519pt)
* v-part:(T,H,B)=(95.39737pt, 556.47656pt, 143.09605pt)
* \paperwidth=614.295pt
* \paperheight=794.96999pt
* \textwidth=430.00462pt
* \textheight=556.47656pt
* \oddsidemargin=19.8752pt
* \evensidemargin=19.8752pt
* \topmargin=-13.87262pt
* \headheight=12.0pt
* \headsep=25.0pt
* \topskip=10.0pt
* \footskip=30.0pt
* \marginparwidth=65.0pt
* \marginparsep=11.0pt
* \columnsep=10.0pt
* \skip\footins=9.0pt plus 4.0pt minus 2.0pt
* \hoffset=0.0pt
* \voffset=0.0pt
* \mag=1000
* \@twocolumnfalse
* \@twosidefalse
* \@mparswitchfalse
* \@reversemarginfalse
* (1in=72.27pt=25.4mm, 1cm=28.453pt)

Package caption Info: Begin \AtBeginDocument code.
Package caption Info: End \AtBeginDocument code.
\g__math_luamml_iow=\write5

\openout5 = SAR_USWC_Rougheye_and_Blackspotted_Rockfishes_skeleton_access-luamml-mathml.html

Package tagpdf Info: luamml has been enabled and will create an MathML file.

*geometry* verbose mode - [ newgeometry ] result:
* driver: luatex
* paper: <default>
* layout: <same size as paper>
* layoutoffset:(h,v)=(0.0pt,0.0pt)
* modes: 
* h-part:(L,W,R)=(72.26999pt, 469.75502pt, 72.26999pt)
* v-part:(T,H,B)=(144.54pt, 578.16pt, 72.26999pt)
* \paperwidth=614.295pt
* \paperheight=794.96999pt
* \textwidth=469.75502pt
* \textheight=578.16pt
* \oddsidemargin=0.0pt
* \evensidemargin=0.0pt
* \topmargin=35.27pt
* \headheight=12.0pt
* \headsep=25.0pt
* \topskip=10.0pt
* \footskip=30.0pt
* \marginparwidth=65.0pt
* \marginparsep=11.0pt
* \columnsep=10.0pt
* \skip\footins=9.0pt plus 4.0pt minus 2.0pt
* \hoffset=0.0pt
* \voffset=0.0pt
* \mag=1000
* \@twocolumnfalse
* \@twosidefalse
* \@mparswitchfalse
* \@reversemarginfalse
* (1in=72.27pt=25.4mm, 1cm=28.453pt)

<REBS.png, id=30, 827.601pt x 200.604pt>
File: REBS.png Graphic file (type png)
<use REBS.png>
Package luatex.def Info: REBS.png  used on input line 315.
(luatex.def)             Requested size: 433.62pt x 105.1044pt.
<support_files/us_doc_logo.png, id=48, 353.32pt x 343.2825pt>

Package tagpdf Warning: Alternative text for graphic is missing.
(tagpdf)                Using 'support_files/us_doc_logo.png' instead.

File: support_files/us_doc_logo.png Graphic file (type png)
<use support_files/us_doc_logo.png>
Package luatex.def Info: support_files/us_doc_logo.png  used on input line 402.
(luatex.def)             Requested size: 56.9055pt x 55.28773pt.
(c:/Users/Jason.Cope/AppData/Roaming/TinyTeX/texmf-dist/tex/generic/stringenc/se-ascii-print.def
File: se-ascii-print.def 2019/11/29 v1.12 stringenc: Printable ASCII characters
) [1


\openout3 = SAR_USWC_Rougheye_and_Blackspotted_Rockfishes_skeleton_access.upa

{c:/Users/Jason.Cope/AppData/Roaming/TinyTeX/texmf-var/fonts/map/pdftex/updmap/pdftex.map}<./REBS.png><./support_files/us_doc_logo.png>]
LaTeX Font Info:    Font shape `TU/latinmodern-math.otf(1)/m/n' will be
(Font)              scaled to size 9.0pt on input line 422.
LaTeX Font Info:    Font shape `TU/latinmodern-math.otf(1)/m/n' will be
(Font)              scaled to size 6.0pt on input line 422.
LaTeX Font Info:    Font shape `TU/latinmodern-math.otf(2)/m/n' will be
(Font)              scaled to size 9.0pt on input line 422.
LaTeX Font Info:    Font shape `TU/latinmodern-math.otf(2)/m/n' will be
(Font)              scaled to size 6.0pt on input line 422.
LaTeX Font Info:    Font shape `TU/latinmodern-math.otf(3)/m/n' will be
(Font)              scaled to size 9.0pt on input line 422.
LaTeX Font Info:    Font shape `TU/latinmodern-math.otf(3)/m/n' will be
(Font)              scaled to size 6.0pt on input line 422.

warning  (pdf backend): ignoring duplicate destination with the name 'page.1'

warning  (pdf backend): ignoring duplicate destination with the name 'page.1'
[1

]
Package marginnote Info: Using workaround for absolute page number on input line 422.
<plots_4_doc/AAG_page1.png, id=77, 1938.24126pt x 2509.375pt>
File: plots_4_doc/AAG_page1.png Graphic file (type png)
<use plots_4_doc/AAG_page1.png>
Package luatex.def Info: plots_4_doc/AAG_page1.png  used on input line 429.
(luatex.def)             Requested size: 614.30528pt x 794.97554pt.
[2

<./plots_4_doc/AAG_page1.png>]
<plots_4_doc/AAG_page2.png, id=87, 1938.24126pt x 2509.375pt>
File: plots_4_doc/AAG_page2.png Graphic file (type png)
<use plots_4_doc/AAG_page2.png>
Package luatex.def Info: plots_4_doc/AAG_page2.png  used on input line 437.
(luatex.def)             Requested size: 614.30528pt x 794.97554pt.
[3

<./plots_4_doc/AAG_page2.png>] (./SAR_USWC_Rougheye_and_Blackspotted_Rockfishes_skeleton_access.toc
Overfull \hbox (0.61996pt too wide) detected at line 16
 []\TU/lmr/m/n/10 xvii
 []

[4

] [5])
\tf@toc=\write6

\openout6 = SAR_USWC_Rougheye_and_Blackspotted_Rockfishes_skeleton_access.toc
[6]
Overfull \hbox (69.24338pt too wide) in alignment at lines 521--546
 [][][][][][][][][] 
 []

ignored error Infinite glue shrinkage found in box being split [1]
<ref_model/plots/catch2_landings_stacked.png, id=1149, 469.755pt x 289.08pt>
File: ref_model/plots/catch2_landings_stacked.png Graphic file (type png)
<use ref_model/plots/catch2_landings_stacked.png>
Package luatex.def Info: ref_model/plots/catch2_landings_stacked.png  used on input line 554.
(luatex.def)             Requested size: 469.75386pt x 289.07928pt.
[2<./ref_model/plots/catch2_landings_stacked.png>] [3]
<ref_model/plots/ts7_Spawning_output_with_95_intervals.png, id=1488, 469.755pt x 289.08pt>
File: ref_model/plots/ts7_Spawning_output_with_95_intervals.png Graphic file (type png)
<use ref_model/plots/ts7_Spawning_output_with_95_intervals.png>
Package luatex.def Info: ref_model/plots/ts7_Spawning_output_with_95_intervals.png  used on input line 659.
(luatex.def)             Requested size: 469.75386pt x 289.07928pt.
<ref_model/plots/ts9_Relative_spawning_output_intervals.png, id=1496, 469.755pt x 289.08pt>
File: ref_model/plots/ts9_Relative_spawning_output_intervals.png Graphic file (type png)
<use ref_model/plots/ts9_Relative_spawning_output_intervals.png>
Package luatex.def Info: ref_model/plots/ts9_Relative_spawning_output_intervals.png  used on input line 672.
(luatex.def)             Requested size: 469.75386pt x 289.07928pt.
[4<./ref_model/plots/ts7_Spawning_output_with_95_intervals.png>] [5<./ref_model/plots/ts9_Relative_spawning_output_intervals.png>]
<ref_model/plots/ts11_Age-0_recruits_(1000s)_with_95_asymptotic_intervals.png, id=1799, 469.755pt x 289.08pt>
File: ref_model/plots/ts11_Age-0_recruits_(1000s)_with_95_asymptotic_intervals.png Graphic file (type png)
<use ref_model/plots/ts11_Age-0_recruits_(1000s)_with_95_asymptotic_intervals.png>
Package luatex.def Info: ref_model/plots/ts11_Age-0_recruits_(1000s)_with_95_asymptotic_intervals.png  used on input line 732.
(luatex.def)             Requested size: 469.75386pt x 289.07928pt.
<ref_model/plots/recdevs2_withbars.png, id=1807, 469.755pt x 289.08pt>
File: ref_model/plots/recdevs2_withbars.png Graphic file (type png)
<use ref_model/plots/recdevs2_withbars.png>
Package luatex.def Info: ref_model/plots/recdevs2_withbars.png  used on input line 745.
(luatex.def)             Requested size: 469.75386pt x 289.07928pt.
[6

<./ref_model/plots/ts11_Age-0_recruits_(1000s)_with_95_asymptotic_intervals.png>]
ignored error Infinite glue shrinkage found in box being split [7<./ref_model/plots/recdevs2_withbars.png>]
<ref_model/plots/SPR3_ratiointerval.png, id=2136, 469.755pt x 289.08pt>
File: ref_model/plots/SPR3_ratiointerval.png Graphic file (type png)
<use ref_model/plots/SPR3_ratiointerval.png>
Package luatex.def Info: ref_model/plots/SPR3_ratiointerval.png  used on input line 813.
(luatex.def)             Requested size: 469.75386pt x 289.07928pt.
[8<./ref_model/plots/SPR3_ratiointerval.png>]
ignored error Infinite glue shrinkage found in box being split [9]
<ref_model/plots/SPR4_phase.png, id=2415, 469.755pt x 469.755pt>
File: ref_model/plots/SPR4_phase.png Graphic file (type png)
<use ref_model/plots/SPR4_phase.png>
Package luatex.def Info: ref_model/plots/SPR4_phase.png  used on input line 930.
(luatex.def)             Requested size: 469.75386pt x 469.75386pt.
[10] [11<./ref_model/plots/SPR4_phase.png>] [12] [13] [14] [15



] [16

] [17]
warning  (pdf backend): ignoring duplicate destination with the name 'page.1'

warning  (pdf backend): ignoring duplicate destination with the name 'page.1'
[1]
Package marginnote Info: Using workaround for absolute page number on input line 1326.

warning  (pdf backend): ignoring duplicate destination with the name 'page.2'

warning  (pdf backend): ignoring duplicate destination with the name 'page.2'
[2]
warning  (pdf backend): ignoring duplicate destination with the name 'page.3'

warning  (pdf backend): ignoring duplicate destination with the name 'page.3'
[3]
warning  (pdf backend): ignoring duplicate destination with the name 'page.4'

warning  (pdf backend): ignoring duplicate destination with the name 'page.4'
[4]
warning  (pdf backend): ignoring duplicate destination with the name 'page.5'

warning  (pdf backend): ignoring duplicate destination with the name 'page.5'
[5]
warning  (pdf backend): ignoring duplicate destination with the name 'page.6'

warning  (pdf backend): ignoring duplicate destination with the name 'page.6'
[6] [7] [8] [9] [10] [11] [12] [13] [14] [15] [16] [17] [18] [19] [20] [21] [22] [23] [24] [25] [26] [27] [28] [29] [30] [31] [32] [33] [34] [35] [36] [37] [38] [39] [40] [41] [42] [43] [44] [45] [46] [47] [48] [49]
Overfull \hbox (3.84537pt too wide) in paragraph at lines 4312--4317
\TU/lmr/m/n/10 and spa­tiotem­po­ral ran­dom fields. bioRxiv \TU/lmr/bx/n/10 2022.03.24.485545\TU/lmr/m/n/10 . doi:[][]10.1101/2022.03.24.485545[][]. 
 []

[50] [51] [52] [53] [54]
Missing character: There is no  (U+0092) in font [lmroman9-regular]:+tlig;!
Missing character: There is no  (U+0092) in font [lmroman9-regular]:+tlig;!
Missing character: There is no  (U+0092) in font [lmroman9-regular]:+tlig;!
Missing character: There is no  (U+0092) in font [lmroman9-regular]:+tlig;!
Missing character: There is no  (U+0092) in font [lmroman9-regular]:+tlig;!
Missing character: There is no  (U+0092) in font [lmroman9-regular]:+tlig;!

warning  (pdf backend): ignoring duplicate destination with the name 'table.1'

warning  (pdf backend): ignoring duplicate destination with the name 'table.1'
[55
Missing character: There is no  (U+0092) in font [lmroman9-regular]:+tlig;!
Missing character: There is no  (U+0092) in font [lmroman9-regular]:+tlig;!
Missing character: There is no  (U+0092) in font [lmroman9-regular]:+tlig;!
]
Overfull \hbox (6.55557pt too wide) in alignment at lines 4754--4781
 [][][][][][][][][][][] 
 []


warning  (pdf backend): ignoring duplicate destination with the name 'table.2'

warning  (pdf backend): ignoring duplicate destination with the name 'table.2'
[56


]
Overfull \hbox (15.19545pt too wide) in alignment at lines 4792--4938
 [][][][][][][][] 
 []


warning  (pdf backend): ignoring duplicate destination with the name 'table.3'

warning  (pdf backend): ignoring duplicate destination with the name 'table.3'
ignored error Infinite glue shrinkage found in box being split [57

]
ignored error Infinite glue shrinkage found in box being split [58] [59]
warning  (pdf backend): ignoring duplicate destination with the name 'table.4'

warning  (pdf backend): ignoring duplicate destination with the name 'table.4'
ignored error Infinite glue shrinkage found in box being split [60] [61]
warning  (pdf backend): ignoring duplicate destination with the name 'table.5'

warning  (pdf backend): ignoring duplicate destination with the name 'table.5'
ignored error Infinite glue shrinkage found in box being split [62]
ignored error Infinite glue shrinkage found in box being split [63] [64]
warning  (pdf backend): ignoring duplicate destination with the name 'table.6'

warning  (pdf backend): ignoring duplicate destination with the name 'table.6'
[65] [66]
warning  (pdf backend): ignoring duplicate destination with the name 'table.8'

warning  (pdf backend): ignoring duplicate destination with the name 'table.8'
[67] [68] [69] [70] [71]
Overfull \hbox (48.38173pt too wide) in alignment at lines 5584--5608
 [][][][][][] 
 []

[72]
Overfull \hbox (25.51266pt too wide) in alignment at lines 5618--5676
 [][][][][][] 
 []

[73] [74] [75]
Overfull \hbox (26.60492pt too wide) in alignment at lines 5786--5805
 [][][][][][][] 
 []

[76] [77] [78] [79


] [80] [81] [82] [83] [84] [85] [86] [87] [88] [89

] [90] [91


] [92] [93] [94] [95

] [96


]
Overfull \hbox (8.60962pt too wide) in alignment at lines 6471--6507
 [][][][][][][][][][] 
 []

[97



] [98



]
Overfull \hbox (5.553pt too wide) in paragraph at lines 6577--6577
\TU/lmr/m/n/9 WGCBTS| 
 []

[99



] [100



] [101] [102] [103] [104] [105]
Overfull \hbox (38.12352pt too wide) in alignment at lines 6809--6973
 [][][][][][][][][] 
 []

[106



] [107] [108] [109] [110] [111] [112] [113



] [114] [115] [116] [117] [118] [119] [120



] [121] [122] [123] [124] [125] [126]
Overfull \hbox (38.12352pt too wide) in alignment at lines 7346--7517
 [][][][][][][][][] 
 []

[127



] [128] [129] [130] [131] [132] [133] [134



] [135] [136] [137] [138] [139] [140] [141

] [142] [143] [144


]
<SAR_USWC_Rougheye_and_Blackspotted_Rockfishes_skeleton_files/figure-pdf/fig-map-1.pdf, id=49538, 338.26375pt x 486.81876pt>
File: SAR_USWC_Rougheye_and_Blackspotted_Rockfishes_skeleton_files/figure-pdf/fig-map-1.pdf Graphic file (type pdf)
<use SAR_USWC_Rougheye_and_Blackspotted_Rockfishes_skeleton_files/figure-pdf/fig-map-1.pdf>
Package luatex.def Info: SAR_USWC_Rougheye_and_Blackspotted_Rockfishes_skeleton_files/figure-pdf/fig-map-1.pdf  used on input line 7864.
(luatex.def)             Requested size: 338.26291pt x 486.81757pt.
<plots_4_doc/cpue_map.png, id=49546, 505.89pt x 722.7pt>
File: plots_4_doc/cpue_map.png Graphic file (type png)
<use plots_4_doc/cpue_map.png>
Package luatex.def Info: plots_4_doc/cpue_map.png  used on input line 7876.
(luatex.def)             Requested size: 505.88875pt x 722.69823pt.
[145

<./SAR_USWC_Rougheye_and_Blackspotted_Rockfishes_skeleton_files/figure-pdf/fig-map-1.pdf>]
Overfull \vbox (24.50415pt too high) has occurred while \output is active []

[146<./plots_4_doc/cpue_map.png>]
<plots_4_doc/SB_comps.png, id=49571, 398.08725pt x 310.761pt>
File: plots_4_doc/SB_comps.png Graphic file (type png)
<use plots_4_doc/SB_comps.png>
Package luatex.def Info: plots_4_doc/SB_comps.png  used on input line 7889.
(luatex.def)             Requested size: 398.08627pt x 310.76024pt.
<plots_4_doc/Status_comp.png, id=49579, 500.62032pt x 379.4175pt>
File: plots_4_doc/Status_comp.png Graphic file (type png)
<use plots_4_doc/Status_comp.png>
Package luatex.def Info: plots_4_doc/Status_comp.png  used on input line 7904.
(luatex.def)             Requested size: 500.6191pt x 379.41656pt.
[147<./plots_4_doc/SB_comps.png>] [148<./plots_4_doc/Status_comp.png>]
<ref_model/plots/data_plot.png, id=49603, 469.755pt x 469.755pt>
File: ref_model/plots/data_plot.png Graphic file (type png)
<use ref_model/plots/data_plot.png>
Package luatex.def Info: ref_model/plots/data_plot.png  used on input line 7924.
(luatex.def)             Requested size: 469.75386pt x 469.75386pt.
File: ref_model/plots/catch2_landings_stacked.png Graphic file (type png)
<use ref_model/plots/catch2_landings_stacked.png>
Package luatex.def Info: ref_model/plots/catch2_landings_stacked.png  used on input line 7936.
(luatex.def)             Requested size: 469.75386pt x 289.07928pt.
[149<./ref_model/plots/data_plot.png>]
<plots_4_doc/Catch_comp_all.png, id=49624, 500.62032pt x 353.06906pt>
File: plots_4_doc/Catch_comp_all.png Graphic file (type png)
<use plots_4_doc/Catch_comp_all.png>
Package luatex.def Info: plots_4_doc/Catch_comp_all.png  used on input line 7948.
(luatex.def)             Requested size: 500.6191pt x 353.06819pt.
[150]
<plots_4_doc/Catch_comp_CA.png, id=49637, 500.62032pt x 357.58594pt>
File: plots_4_doc/Catch_comp_CA.png Graphic file (type png)
<use plots_4_doc/Catch_comp_CA.png>
Package luatex.def Info: plots_4_doc/Catch_comp_CA.png  used on input line 7962.
(luatex.def)             Requested size: 500.6191pt x 357.58505pt.
[151<./plots_4_doc/Catch_comp_all.png>]
<plots_4_doc/Catch_comp_OR.png, id=49651, 500.62032pt x 357.58594pt>
File: plots_4_doc/Catch_comp_OR.png Graphic file (type png)
<use plots_4_doc/Catch_comp_OR.png>
Package luatex.def Info: plots_4_doc/Catch_comp_OR.png  used on input line 7976.
(luatex.def)             Requested size: 500.6191pt x 357.58505pt.
[152<./plots_4_doc/Catch_comp_CA.png>]
<plots_4_doc/Catch_comp_WA.png, id=49665, 500.62032pt x 353.06906pt>
File: plots_4_doc/Catch_comp_WA.png Graphic file (type png)
<use plots_4_doc/Catch_comp_WA.png>
Package luatex.def Info: plots_4_doc/Catch_comp_WA.png  used on input line 7990.
(luatex.def)             Requested size: 500.6191pt x 353.06819pt.
[153<./plots_4_doc/Catch_comp_OR.png>]
<ref_model/plots/comp_lendat_flt1mkt0_page1.png, id=49679, 469.755pt x 469.755pt>
File: ref_model/plots/comp_lendat_flt1mkt0_page1.png Graphic file (type png)
<use ref_model/plots/comp_lendat_flt1mkt0_page1.png>
Package luatex.def Info: ref_model/plots/comp_lendat_flt1mkt0_page1.png  used on input line 8004.
(luatex.def)             Requested size: 469.75386pt x 469.75386pt.
[154<./plots_4_doc/Catch_comp_WA.png>]
<ref_model/plots/comp_lendat_flt1mkt0_page2.png, id=49693, 469.755pt x 469.755pt>
File: ref_model/plots/comp_lendat_flt1mkt0_page2.png Graphic file (type png)
<use ref_model/plots/comp_lendat_flt1mkt0_page2.png>
Package luatex.def Info: ref_model/plots/comp_lendat_flt1mkt0_page2.png  used on input line 8017.
(luatex.def)             Requested size: 469.75386pt x 469.75386pt.
[155<./ref_model/plots/comp_lendat_flt1mkt0_page1.png>]
<ref_model/plots/comp_lendat_flt2mkt0.png, id=49707, 469.755pt x 469.755pt>
File: ref_model/plots/comp_lendat_flt2mkt0.png Graphic file (type png)
<use ref_model/plots/comp_lendat_flt2mkt0.png>
Package luatex.def Info: ref_model/plots/comp_lendat_flt2mkt0.png  used on input line 8030.
(luatex.def)             Requested size: 469.75386pt x 469.75386pt.
[156<./ref_model/plots/comp_lendat_flt1mkt0_page2.png>]
<ref_model/plots/comp_lendat_flt3mkt0_page1.png, id=49723, 469.755pt x 469.755pt>
File: ref_model/plots/comp_lendat_flt3mkt0_page1.png Graphic file (type png)
<use ref_model/plots/comp_lendat_flt3mkt0_page1.png>
Package luatex.def Info: ref_model/plots/comp_lendat_flt3mkt0_page1.png  used on input line 8043.
(luatex.def)             Requested size: 469.75386pt x 469.75386pt.
[157<./ref_model/plots/comp_lendat_flt2mkt0.png>]
<ref_model/plots/comp_lendat_flt3mkt0_page2.png, id=49738, 469.755pt x 469.755pt>
File: ref_model/plots/comp_lendat_flt3mkt0_page2.png Graphic file (type png)
<use ref_model/plots/comp_lendat_flt3mkt0_page2.png>
Package luatex.def Info: ref_model/plots/comp_lendat_flt3mkt0_page2.png  used on input line 8056.
(luatex.def)             Requested size: 469.75386pt x 469.75386pt.
[158<./ref_model/plots/comp_lendat_flt3mkt0_page1.png>]
<ref_model/plots/comp_lendat_flt4mkt0.png, id=49754, 469.755pt x 469.755pt>
File: ref_model/plots/comp_lendat_flt4mkt0.png Graphic file (type png)
<use ref_model/plots/comp_lendat_flt4mkt0.png>
Package luatex.def Info: ref_model/plots/comp_lendat_flt4mkt0.png  used on input line 8069.
(luatex.def)             Requested size: 469.75386pt x 469.75386pt.
[159<./ref_model/plots/comp_lendat_flt3mkt0_page2.png>]
<ref_model/plots/comp_lendat_flt5mkt0.png, id=49770, 469.755pt x 469.755pt>
File: ref_model/plots/comp_lendat_flt5mkt0.png Graphic file (type png)
<use ref_model/plots/comp_lendat_flt5mkt0.png>
Package luatex.def Info: ref_model/plots/comp_lendat_flt5mkt0.png  used on input line 8082.
(luatex.def)             Requested size: 469.75386pt x 469.75386pt.
[160<./ref_model/plots/comp_lendat_flt4mkt0.png>]
<ref_model/plots/comp_lendat_flt6mkt0.png, id=49785, 469.755pt x 469.755pt>
File: ref_model/plots/comp_lendat_flt6mkt0.png Graphic file (type png)
<use ref_model/plots/comp_lendat_flt6mkt0.png>
Package luatex.def Info: ref_model/plots/comp_lendat_flt6mkt0.png  used on input line 8095.
(luatex.def)             Requested size: 469.75386pt x 469.75386pt.
[161<./ref_model/plots/comp_lendat_flt5mkt0.png>]
<ref_model/plots/comp_lendat_flt10mkt0.png, id=49799, 469.755pt x 469.755pt>
File: ref_model/plots/comp_lendat_flt10mkt0.png Graphic file (type png)
<use ref_model/plots/comp_lendat_flt10mkt0.png>
Package luatex.def Info: ref_model/plots/comp_lendat_flt10mkt0.png  used on input line 8108.
(luatex.def)             Requested size: 469.75386pt x 469.75386pt.
[162<./ref_model/plots/comp_lendat_flt6mkt0.png>]
<ref_model/plots/comp_lendat_flt7mkt0.png, id=49815, 469.755pt x 469.755pt>
File: ref_model/plots/comp_lendat_flt7mkt0.png Graphic file (type png)
<use ref_model/plots/comp_lendat_flt7mkt0.png>
Package luatex.def Info: ref_model/plots/comp_lendat_flt7mkt0.png  used on input line 8121.
(luatex.def)             Requested size: 469.75386pt x 469.75386pt.
[163<./ref_model/plots/comp_lendat_flt10mkt0.png>]
<ref_model/plots/comp_lendat_flt8mkt0.png, id=49829, 469.755pt x 469.755pt>
File: ref_model/plots/comp_lendat_flt8mkt0.png Graphic file (type png)
<use ref_model/plots/comp_lendat_flt8mkt0.png>
Package luatex.def Info: ref_model/plots/comp_lendat_flt8mkt0.png  used on input line 8134.
(luatex.def)             Requested size: 469.75386pt x 469.75386pt.
[164<./ref_model/plots/comp_lendat_flt7mkt0.png>]
<ref_model/plots/comp_condAALdat_bubflt1mkt0_page1.png, id=49843, 469.755pt x 469.755pt>
File: ref_model/plots/comp_condAALdat_bubflt1mkt0_page1.png Graphic file (type png)
<use ref_model/plots/comp_condAALdat_bubflt1mkt0_page1.png>
Package luatex.def Info: ref_model/plots/comp_condAALdat_bubflt1mkt0_page1.png  used on input line 8147.
(luatex.def)             Requested size: 469.75386pt x 469.75386pt.
[165<./ref_model/plots/comp_lendat_flt8mkt0.png>]
<ref_model/plots/comp_condAALdat_bubflt1mkt0_page2.png, id=49857, 469.755pt x 469.755pt>
File: ref_model/plots/comp_condAALdat_bubflt1mkt0_page2.png Graphic file (type png)
<use ref_model/plots/comp_condAALdat_bubflt1mkt0_page2.png>
Package luatex.def Info: ref_model/plots/comp_condAALdat_bubflt1mkt0_page2.png  used on input line 8160.
(luatex.def)             Requested size: 469.75386pt x 469.75386pt.
[166<./ref_model/plots/comp_condAALdat_bubflt1mkt0_page1.png>]
<ref_model/plots/comp_condAALdat_bubflt3mkt0_page1.png, id=49870, 469.755pt x 469.755pt>
File: ref_model/plots/comp_condAALdat_bubflt3mkt0_page1.png Graphic file (type png)
<use ref_model/plots/comp_condAALdat_bubflt3mkt0_page1.png>
Package luatex.def Info: ref_model/plots/comp_condAALdat_bubflt3mkt0_page1.png  used on input line 8173.
(luatex.def)             Requested size: 469.75386pt x 469.75386pt.
[167<./ref_model/plots/comp_condAALdat_bubflt1mkt0_page2.png>]
<ref_model/plots/comp_condAALdat_bubflt3mkt0_page2.png, id=49886, 469.755pt x 469.755pt>
File: ref_model/plots/comp_condAALdat_bubflt3mkt0_page2.png Graphic file (type png)
<use ref_model/plots/comp_condAALdat_bubflt3mkt0_page2.png>
Package luatex.def Info: ref_model/plots/comp_condAALdat_bubflt3mkt0_page2.png  used on input line 8186.
(luatex.def)             Requested size: 469.75386pt x 469.75386pt.
[168<./ref_model/plots/comp_condAALdat_bubflt3mkt0_page1.png>]
<ref_model/plots/comp_condAALdat_bubflt5mkt0.png, id=49902, 469.755pt x 469.755pt>
File: ref_model/plots/comp_condAALdat_bubflt5mkt0.png Graphic file (type png)
<use ref_model/plots/comp_condAALdat_bubflt5mkt0.png>
Package luatex.def Info: ref_model/plots/comp_condAALdat_bubflt5mkt0.png  used on input line 8199.
(luatex.def)             Requested size: 469.75386pt x 469.75386pt.
[169<./ref_model/plots/comp_condAALdat_bubflt3mkt0_page2.png>]
<ref_model/plots/comp_condAALdat_bubflt6mkt0_page1.png, id=49918, 469.755pt x 469.755pt>
File: ref_model/plots/comp_condAALdat_bubflt6mkt0_page1.png Graphic file (type png)
<use ref_model/plots/comp_condAALdat_bubflt6mkt0_page1.png>
Package luatex.def Info: ref_model/plots/comp_condAALdat_bubflt6mkt0_page1.png  used on input line 8212.
(luatex.def)             Requested size: 469.75386pt x 469.75386pt.
[170<./ref_model/plots/comp_condAALdat_bubflt5mkt0.png>]
<ref_model/plots/comp_condAALdat_bubflt6mkt0_page2.png, id=49932, 469.755pt x 469.755pt>
File: ref_model/plots/comp_condAALdat_bubflt6mkt0_page2.png Graphic file (type png)
<use ref_model/plots/comp_condAALdat_bubflt6mkt0_page2.png>
Package luatex.def Info: ref_model/plots/comp_condAALdat_bubflt6mkt0_page2.png  used on input line 8225.
(luatex.def)             Requested size: 469.75386pt x 469.75386pt.
[171<./ref_model/plots/comp_condAALdat_bubflt6mkt0_page1.png>]
<ref_model/plots/comp_condAALdat_bubflt10mkt0_page1.png, id=49946, 469.755pt x 469.755pt>
File: ref_model/plots/comp_condAALdat_bubflt10mkt0_page1.png Graphic file (type png)
<use ref_model/plots/comp_condAALdat_bubflt10mkt0_page1.png>
Package luatex.def Info: ref_model/plots/comp_condAALdat_bubflt10mkt0_page1.png  used on input line 8238.
(luatex.def)             Requested size: 469.75386pt x 469.75386pt.
[172<./ref_model/plots/comp_condAALdat_bubflt6mkt0_page2.png>]
<ref_model/plots/comp_condAALdat_bubflt10mkt0_page2.png, id=49960, 469.755pt x 469.755pt>
File: ref_model/plots/comp_condAALdat_bubflt10mkt0_page2.png Graphic file (type png)
<use ref_model/plots/comp_condAALdat_bubflt10mkt0_page2.png>
Package luatex.def Info: ref_model/plots/comp_condAALdat_bubflt10mkt0_page2.png  used on input line 8251.
(luatex.def)             Requested size: 469.75386pt x 469.75386pt.
[173<./ref_model/plots/comp_condAALdat_bubflt10mkt0_page1.png>]
<ref_model/plots/comp_condAALdat_bubflt10mkt0_page3.png, id=49973, 469.755pt x 469.755pt>
File: ref_model/plots/comp_condAALdat_bubflt10mkt0_page3.png Graphic file (type png)
<use ref_model/plots/comp_condAALdat_bubflt10mkt0_page3.png>
Package luatex.def Info: ref_model/plots/comp_condAALdat_bubflt10mkt0_page3.png  used on input line 8265.
(luatex.def)             Requested size: 469.75386pt x 469.75386pt.
[174<./ref_model/plots/comp_condAALdat_bubflt10mkt0_page2.png>]
<ref_model/plots/index9_standcpueall.png, id=49988, 469.755pt x 289.08pt>
File: ref_model/plots/index9_standcpueall.png Graphic file (type png)
<use ref_model/plots/index9_standcpueall.png>
Package luatex.def Info: ref_model/plots/index9_standcpueall.png  used on input line 8279.
(luatex.def)             Requested size: 469.75386pt x 289.07928pt.
[175<./ref_model/plots/comp_condAALdat_bubflt10mkt0_page3.png>]
<plots_4_doc/WCGBTS_comps.png, id=50002, 500.62032pt x 357.58594pt>
File: plots_4_doc/WCGBTS_comps.png Graphic file (type png)
<use plots_4_doc/WCGBTS_comps.png>
Package luatex.def Info: plots_4_doc/WCGBTS_comps.png  used on input line 8292.
(luatex.def)             Requested size: 500.6191pt x 357.58505pt.
[176<./ref_model/plots/index9_standcpueall.png>]
<ref_model/plots/index1_cpuedata_WCGBTS.png, id=50016, 469.755pt x 289.08pt>
File: ref_model/plots/index1_cpuedata_WCGBTS.png Graphic file (type png)
<use ref_model/plots/index1_cpuedata_WCGBTS.png>
Package luatex.def Info: ref_model/plots/index1_cpuedata_WCGBTS.png  used on input line 8307.
(luatex.def)             Requested size: 469.75386pt x 289.07928pt.
[177<./plots_4_doc/WCGBTS_comps.png>]
<ref_model/plots/index1_cpuedata_TRIENNIAL.png, id=50031, 469.755pt x 289.08pt>
File: ref_model/plots/index1_cpuedata_TRIENNIAL.png Graphic file (type png)
<use ref_model/plots/index1_cpuedata_TRIENNIAL.png>
Package luatex.def Info: ref_model/plots/index1_cpuedata_TRIENNIAL.png  used on input line 8320.
(luatex.def)             Requested size: 469.75386pt x 289.07928pt.
[178<./ref_model/plots/index1_cpuedata_WCGBTS.png>]
<ref_model/plots/index1_cpuedata_AK_SLOPE.png, id=50045, 469.755pt x 289.08pt>
File: ref_model/plots/index1_cpuedata_AK_SLOPE.png Graphic file (type png)
<use ref_model/plots/index1_cpuedata_AK_SLOPE.png>
Package luatex.def Info: ref_model/plots/index1_cpuedata_AK_SLOPE.png  used on input line 8332.
(luatex.def)             Requested size: 469.75386pt x 289.07928pt.
[179<./ref_model/plots/index1_cpuedata_TRIENNIAL.png>]
<ref_model/plots/index1_cpuedata_NW_SLOPE.png, id=50059, 469.755pt x 289.08pt>
File: ref_model/plots/index1_cpuedata_NW_SLOPE.png Graphic file (type png)
<use ref_model/plots/index1_cpuedata_NW_SLOPE.png>
Package luatex.def Info: ref_model/plots/index1_cpuedata_NW_SLOPE.png  used on input line 8344.
(luatex.def)             Requested size: 469.75386pt x 289.07928pt.
[180<./ref_model/plots/index1_cpuedata_AK_SLOPE.png>]
<plots_4_doc/compare1_spawnbio_updatedCt.png, id=50073, 469.755pt x 361.35pt>
File: plots_4_doc/compare1_spawnbio_updatedCt.png Graphic file (type png)
<use plots_4_doc/compare1_spawnbio_updatedCt.png>
Package luatex.def Info: plots_4_doc/compare1_spawnbio_updatedCt.png  used on input line 8356.
(luatex.def)             Requested size: 469.75386pt x 361.34912pt.
[181<./ref_model/plots/index1_cpuedata_NW_SLOPE.png>]
<plots_4_doc/compare3_Bratio_updatedCt.png, id=50087, 469.755pt x 361.35pt>
File: plots_4_doc/compare3_Bratio_updatedCt.png Graphic file (type png)
<use plots_4_doc/compare3_Bratio_updatedCt.png>
Package luatex.def Info: plots_4_doc/compare3_Bratio_updatedCt.png  used on input line 8370.
(luatex.def)             Requested size: 469.75386pt x 361.34912pt.
[182<./plots_4_doc/compare1_spawnbio_updatedCt.png>] [183<./plots_4_doc/compare3_Bratio_updatedCt.png>]
<plots_4_doc/1v2sex_spawnbio.png, id=50110, 469.755pt x 361.35pt>
File: plots_4_doc/1v2sex_spawnbio.png Graphic file (type png)
<use plots_4_doc/1v2sex_spawnbio.png>
Package luatex.def Info: plots_4_doc/1v2sex_spawnbio.png  used on input line 8388.
(luatex.def)             Requested size: 469.75386pt x 361.34912pt.
<plots_4_doc/1v2sex_Bratio_uncertainty.png, id=50118, 469.755pt x 361.35pt>
File: plots_4_doc/1v2sex_Bratio_uncertainty.png Graphic file (type png)
<use plots_4_doc/1v2sex_Bratio_uncertainty.png>
Package luatex.def Info: plots_4_doc/1v2sex_Bratio_uncertainty.png  used on input line 8403.
(luatex.def)             Requested size: 469.75386pt x 361.34912pt.
[184<./plots_4_doc/1v2sex_spawnbio.png>]
<plots_4_doc/M_values.png, id=50132, 500.62032pt x 357.58594pt>
File: plots_4_doc/M_values.png Graphic file (type png)
<use plots_4_doc/M_values.png>
Package luatex.def Info: plots_4_doc/M_values.png  used on input line 8417.
(luatex.def)             Requested size: 500.6191pt x 357.58505pt.
[185<./plots_4_doc/1v2sex_Bratio_uncertainty.png>]
<plots_4_doc/Catch_curve_plot_FM.png, id=50146, 398.6895pt x 271.61475pt>
File: plots_4_doc/Catch_curve_plot_FM.png Graphic file (type png)
<use plots_4_doc/Catch_curve_plot_FM.png>
Package luatex.def Info: plots_4_doc/Catch_curve_plot_FM.png  used on input line 8432.
(luatex.def)             Requested size: 398.68852pt x 271.61407pt.
[186<./plots_4_doc/M_values.png>]
<plots_4_doc/Catch_curve_plot_FM_21_100.png, id=50160, 398.6895pt x 271.61475pt>
File: plots_4_doc/Catch_curve_plot_FM_21_100.png Graphic file (type png)
<use plots_4_doc/Catch_curve_plot_FM_21_100.png>
Package luatex.def Info: plots_4_doc/Catch_curve_plot_FM_21_100.png  used on input line 8448.
(luatex.def)             Requested size: 398.68852pt x 271.61407pt.
[187<./plots_4_doc/Catch_curve_plot_FM.png>]
<plots_4_doc/Catch_curve_plot_FM_21_80.png, id=50175, 398.6895pt x 271.61475pt>
File: plots_4_doc/Catch_curve_plot_FM_21_80.png Graphic file (type png)
<use plots_4_doc/Catch_curve_plot_FM_21_80.png>
Package luatex.def Info: plots_4_doc/Catch_curve_plot_FM_21_80.png  used on input line 8465.
(luatex.def)             Requested size: 398.68852pt x 271.61407pt.
[188<./plots_4_doc/Catch_curve_plot_FM_21_100.png>]
<plots_4_doc/Age_length_plot.png, id=50189, 398.6895pt x 271.61475pt>
File: plots_4_doc/Age_length_plot.png Graphic file (type png)
<use plots_4_doc/Age_length_plot.png>
Package luatex.def Info: plots_4_doc/Age_length_plot.png  used on input line 8482.
(luatex.def)             Requested size: 398.68852pt x 271.61407pt.
[189<./plots_4_doc/Catch_curve_plot_FM_21_80.png>]
<plots_4_doc/Lt_age_CV_FM.png, id=50204, 398.6895pt x 271.61475pt>
File: plots_4_doc/Lt_age_CV_FM.png Graphic file (type png)
<use plots_4_doc/Lt_age_CV_FM.png>
Package luatex.def Info: plots_4_doc/Lt_age_CV_FM.png  used on input line 8497.
(luatex.def)             Requested size: 398.68852pt x 271.61407pt.
[190<./plots_4_doc/Age_length_plot.png>]
<plots_4_doc/AE_matrix_plot.png, id=50218, 398.6895pt x 271.61475pt>
File: plots_4_doc/AE_matrix_plot.png Graphic file (type png)
<use plots_4_doc/AE_matrix_plot.png>
Package luatex.def Info: plots_4_doc/AE_matrix_plot.png  used on input line 8512.
(luatex.def)             Requested size: 398.68852pt x 271.61407pt.
[191<./plots_4_doc/Lt_age_CV_FM.png>]
<plots_4_doc/AE_Bias.png, id=50232, 398.6895pt x 271.61475pt>
File: plots_4_doc/AE_Bias.png Graphic file (type png)
<use plots_4_doc/AE_Bias.png>
Package luatex.def Info: plots_4_doc/AE_Bias.png  used on input line 8527.
(luatex.def)             Requested size: 398.68852pt x 271.61407pt.
[192<./plots_4_doc/AE_matrix_plot.png>]
<plots_4_doc/AE_SD.png, id=50246, 398.6895pt x 271.61475pt>
File: plots_4_doc/AE_SD.png Graphic file (type png)
<use plots_4_doc/AE_SD.png>
Package luatex.def Info: plots_4_doc/AE_SD.png  used on input line 8540.
(luatex.def)             Requested size: 398.68852pt x 271.61407pt.
[193<./plots_4_doc/AE_Bias.png>] [194<./plots_4_doc/AE_SD.png>]
<plots_4_doc/L_W_plots.png, id=50266, 398.6895pt x 271.61475pt>
File: plots_4_doc/L_W_plots.png Graphic file (type png)
<use plots_4_doc/L_W_plots.png>
Package luatex.def Info: plots_4_doc/L_W_plots.png  used on input line 8555.
(luatex.def)             Requested size: 398.68852pt x 271.61407pt.
<plots_4_doc/F_M_ltwt_plot.png, id=50274, 398.6895pt x 271.61475pt>
File: plots_4_doc/F_M_ltwt_plot.png Graphic file (type png)
<use plots_4_doc/F_M_ltwt_plot.png>
Package luatex.def Info: plots_4_doc/F_M_ltwt_plot.png  used on input line 8568.
(luatex.def)             Requested size: 398.68852pt x 271.61407pt.
[195<./plots_4_doc/L_W_plots.png>] [196<./plots_4_doc/F_M_ltwt_plot.png>]
<plots_4_doc/bio_fxn_maturity.png, id=50294, 417.81094pt x 289.08pt>
File: plots_4_doc/bio_fxn_maturity.png Graphic file (type png)
<use plots_4_doc/bio_fxn_maturity.png>
Package luatex.def Info: plots_4_doc/bio_fxn_maturity.png  used on input line 8583.
(luatex.def)             Requested size: 417.80992pt x 289.07928pt.
<plots_4_doc/l50_both_species.png, id=50302, 417.81094pt x 289.08pt>
File: plots_4_doc/l50_both_species.png Graphic file (type png)
<use plots_4_doc/l50_both_species.png>
Package luatex.def Info: plots_4_doc/l50_both_species.png  used on input line 8596.
(luatex.def)             Requested size: 417.80992pt x 289.07928pt.
[197<./plots_4_doc/bio_fxn_maturity.png>]
<plots_4_doc/a50_both_species.png, id=50317, 417.81094pt x 289.08pt>
File: plots_4_doc/a50_both_species.png Graphic file (type png)
<use plots_4_doc/a50_both_species.png>
Package luatex.def Info: plots_4_doc/a50_both_species.png  used on input line 8609.
(luatex.def)             Requested size: 417.80992pt x 289.07928pt.
[198<./plots_4_doc/l50_both_species.png>] [199<./plots_4_doc/a50_both_species.png>]
<plots_4_doc/Bimodal_lengths_Peter_Frey.png, id=50337, 1013.7875pt x 644.90938pt>
File: plots_4_doc/Bimodal_lengths_Peter_Frey.png Graphic file (type png)
<use plots_4_doc/Bimodal_lengths_Peter_Frey.png>
Package luatex.def Info: plots_4_doc/Bimodal_lengths_Peter_Frey.png  used on input line 8624.
(luatex.def)             Requested size: 1013.78505pt x 644.9078pt.
<plots_4_doc/compare4_Bratio_uncertainty.png, id=50348, 469.755pt x 361.35pt>
File: plots_4_doc/compare4_Bratio_uncertainty.png Graphic file (type png)
<use plots_4_doc/compare4_Bratio_uncertainty.png>
Package luatex.def Info: plots_4_doc/compare4_Bratio_uncertainty.png  used on input line 8640.
(luatex.def)             Requested size: 469.75386pt x 361.34912pt.
[200<./plots_4_doc/Bimodal_lengths_Peter_Frey.png>]
<plots_4_doc/compare2_spawnbio_uncertainty.png, id=50362, 469.755pt x 361.35pt>
File: plots_4_doc/compare2_spawnbio_uncertainty.png Graphic file (type png)
<use plots_4_doc/compare2_spawnbio_uncertainty.png>
Package luatex.def Info: plots_4_doc/compare2_spawnbio_uncertainty.png  used on input line 8656.
(luatex.def)             Requested size: 469.75386pt x 361.34912pt.
[201<./plots_4_doc/compare4_Bratio_uncertainty.png>]
<plots_4_doc/compare1_spawnbio__discard_fleets.png, id=50376, 469.755pt x 361.35pt>
File: plots_4_doc/compare1_spawnbio__discard_fleets.png Graphic file (type png)
<use plots_4_doc/compare1_spawnbio__discard_fleets.png>
Package luatex.def Info: plots_4_doc/compare1_spawnbio__discard_fleets.png  used on input line 8672.
(luatex.def)             Requested size: 469.75386pt x 361.34912pt.
[202<./plots_4_doc/compare2_spawnbio_uncertainty.png>]
<plots_4_doc/compare3_Bratio_discard_fleets.png, id=50390, 469.755pt x 361.35pt>
File: plots_4_doc/compare3_Bratio_discard_fleets.png Graphic file (type png)
<use plots_4_doc/compare3_Bratio_discard_fleets.png>
Package luatex.def Info: plots_4_doc/compare3_Bratio_discard_fleets.png  used on input line 8686.
(luatex.def)             Requested size: 469.75386pt x 361.34912pt.
[203<./plots_4_doc/compare1_spawnbio__discard_fleets.png>]
<plots_4_doc/bridging_compare2_spawnbio_uncertainty.png, id=50405, 469.755pt x 361.35pt>
File: plots_4_doc/bridging_compare2_spawnbio_uncertainty.png Graphic file (type png)
<use plots_4_doc/bridging_compare2_spawnbio_uncertainty.png>
Package luatex.def Info: plots_4_doc/bridging_compare2_spawnbio_uncertainty.png  used on input line 8700.
(luatex.def)             Requested size: 469.75386pt x 361.34912pt.
[204<./plots_4_doc/compare3_Bratio_discard_fleets.png>]
<plots_4_doc/bridging_compare4_Bratio_uncertainty.png, id=50419, 469.755pt x 361.35pt>
File: plots_4_doc/bridging_compare4_Bratio_uncertainty.png Graphic file (type png)
<use plots_4_doc/bridging_compare4_Bratio_uncertainty.png>
Package luatex.def Info: plots_4_doc/bridging_compare4_Bratio_uncertainty.png  used on input line 8713.
(luatex.def)             Requested size: 469.75386pt x 361.34912pt.
[205<./plots_4_doc/bridging_compare2_spawnbio_uncertainty.png>]
<plots_4_doc/NT_length_vs_discard.png, id=50433, 505.89pt x 505.89pt>
File: plots_4_doc/NT_length_vs_discard.png Graphic file (type png)
<use plots_4_doc/NT_length_vs_discard.png>
Package luatex.def Info: plots_4_doc/NT_length_vs_discard.png  used on input line 8726.
(luatex.def)             Requested size: 505.88875pt x 505.88875pt.
[206<./plots_4_doc/bridging_compare4_Bratio_uncertainty.png>]
<plots_4_doc/Trawl_landings_discard_comparisons.png, id=50447, 505.89pt x 505.89pt>
File: plots_4_doc/Trawl_landings_discard_comparisons.png Graphic file (type png)
<use plots_4_doc/Trawl_landings_discard_comparisons.png>
Package luatex.def Info: plots_4_doc/Trawl_landings_discard_comparisons.png  used on input line 8740.
(luatex.def)             Requested size: 505.88875pt x 505.88875pt.
[207<./plots_4_doc/NT_length_vs_discard.png>] [208<./plots_4_doc/Trawl_landings_discard_comparisons.png>]
<plots_4_doc/piner_panel_NatM_uniform_Mal_GP_1.png, id=50469, 505.89pt x 505.89pt>
File: plots_4_doc/piner_panel_NatM_uniform_Mal_GP_1.png Graphic file (type png)
<use plots_4_doc/piner_panel_NatM_uniform_Mal_GP_1.png>
Package luatex.def Info: plots_4_doc/piner_panel_NatM_uniform_Mal_GP_1.png  used on input line 8758.
(luatex.def)             Requested size: 505.88875pt x 505.88875pt.
[209<./plots_4_doc/piner_panel_NatM_uniform_Mal_GP_1.png>]
<plots_4_doc/Sensi_logREplot_status_LAO.png, id=50483, 305.2203pt x 267.8808pt>
File: plots_4_doc/Sensi_logREplot_status_LAO.png Graphic file (type png)
<use plots_4_doc/Sensi_logREplot_status_LAO.png>
Package luatex.def Info: plots_4_doc/Sensi_logREplot_status_LAO.png  used on input line 8773.
(luatex.def)             Requested size: 305.21956pt x 267.88014pt.
[210<./plots_4_doc/Sensi_logREplot_status_LAO.png>]
<plots_4_doc/pairs_plot_fast.png, id=50499, 602.25pt x 351.3125pt>
File: plots_4_doc/pairs_plot_fast.png Graphic file (type png)
<use plots_4_doc/pairs_plot_fast.png>
Package luatex.def Info: plots_4_doc/pairs_plot_fast.png  used on input line 8792.
(luatex.def)             Requested size: 602.24852pt x 351.31163pt.
<ref_model/Jitter Results_0.01/jitterplot.png, id=50507, 481.8pt x 481.8pt>
File: ref_model/Jitter Results_0.01/jitterplot.png Graphic file (type png)
<use ref_model/Jitter Results_0.01/jitterplot.png>
Package luatex.def Info: ref_model/Jitter Results_0.01/jitterplot.png  used on input line 8808.
(luatex.def)             Requested size: 481.79881pt x 481.79881pt.
[211<./plots_4_doc/pairs_plot_fast.png>]
<ref_model/Jitter Results_0.05/jitterplot.png, id=50520, 481.8pt x 481.8pt>
File: ref_model/Jitter Results_0.05/jitterplot.png Graphic file (type png)
<use ref_model/Jitter Results_0.05/jitterplot.png>
Package luatex.def Info: ref_model/Jitter Results_0.05/jitterplot.png  used on input line 8825.
(luatex.def)             Requested size: 481.79881pt x 481.79881pt.
[212<./ref_model/Jitter Results_0.01/jitterplot.png>] [213<./ref_model/Jitter Results_0.05/jitterplot.png>]
<Retros/compare2_spawnbio_uncertainty.png, id=50543, 469.755pt x 361.35pt>
File: Retros/compare2_spawnbio_uncertainty.png Graphic file (type png)
<use Retros/compare2_spawnbio_uncertainty.png>
Package luatex.def Info: Retros/compare2_spawnbio_uncertainty.png  used on input line 8846.
(luatex.def)             Requested size: 469.75386pt x 361.34912pt.
<Retros/compare4_Bratio_uncertainty.png, id=50551, 469.755pt x 361.35pt>
File: Retros/compare4_Bratio_uncertainty.png Graphic file (type png)
<use Retros/compare4_Bratio_uncertainty.png>
Package luatex.def Info: Retros/compare4_Bratio_uncertainty.png  used on input line 8860.
(luatex.def)             Requested size: 469.75386pt x 361.34912pt.
[214<./Retros/compare2_spawnbio_uncertainty.png>]
<Like_profiles/ref_model_retro_2_yr_peel/compare2_spawnbio_uncertainty.png, id=50565, 469.755pt x 361.35pt>
File: Like_profiles/ref_model_retro_2_yr_peel/compare2_spawnbio_uncertainty.png Graphic file (type png)
<use Like_profiles/ref_model_retro_2_yr_peel/compare2_spawnbio_uncertainty.png>
Package luatex.def Info: Like_profiles/ref_model_retro_2_yr_peel/compare2_spawnbio_uncertainty.png  used on input line 8874.
(luatex.def)             Requested size: 469.75386pt x 361.34912pt.
[215<./Retros/compare4_Bratio_uncertainty.png>]
<Like_profiles/Retro3_like_diff.png, id=50579, 398.08725pt x 272.81924pt>
File: Like_profiles/Retro3_like_diff.png Graphic file (type png)
<use Like_profiles/Retro3_like_diff.png>
Package luatex.def Info: Like_profiles/Retro3_like_diff.png  used on input line 8889.
(luatex.def)             Requested size: 398.08627pt x 272.81857pt.
[216<./Like_profiles/ref_model_retro_2_yr_peel/compare2_spawnbio_uncertainty.png>]
<plots_4_doc/No_block_retro_compare1_spawnbio.png, id=50607, 469.755pt x 361.35pt>
File: plots_4_doc/No_block_retro_compare1_spawnbio.png Graphic file (type png)
<use plots_4_doc/No_block_retro_compare1_spawnbio.png>
Package luatex.def Info: plots_4_doc/No_block_retro_compare1_spawnbio.png  used on input line 8905.
(luatex.def)             Requested size: 469.75386pt x 361.34912pt.
[217<./Like_profiles/Retro3_like_diff.png>] [218<./plots_4_doc/No_block_retro_compare1_spawnbio.png>]
<ref_model/plots/comp_lenfit__aggregated_across_time.png, id=50634, 469.755pt x 469.755pt>
File: ref_model/plots/comp_lenfit__aggregated_across_time.png Graphic file (type png)
<use ref_model/plots/comp_lenfit__aggregated_across_time.png>
Package luatex.def Info: ref_model/plots/comp_lenfit__aggregated_across_time.png  used on input line 8928.
(luatex.def)             Requested size: 469.75386pt x 469.75386pt.
<ref_model/plots/comp_lenfit_flt1mkt0_page1.png, id=50642, 469.755pt x 469.755pt>
File: ref_model/plots/comp_lenfit_flt1mkt0_page1.png Graphic file (type png)
<use ref_model/plots/comp_lenfit_flt1mkt0_page1.png>
Package luatex.def Info: ref_model/plots/comp_lenfit_flt1mkt0_page1.png  used on input line 8941.
(luatex.def)             Requested size: 469.75386pt x 469.75386pt.
[219<./ref_model/plots/comp_lenfit__aggregated_across_time.png>]
<ref_model/plots/comp_lenfit_flt1mkt0_page2.png, id=50656, 469.755pt x 469.755pt>
File: ref_model/plots/comp_lenfit_flt1mkt0_page2.png Graphic file (type png)
<use ref_model/plots/comp_lenfit_flt1mkt0_page2.png>
Package luatex.def Info: ref_model/plots/comp_lenfit_flt1mkt0_page2.png  used on input line 8958.
(luatex.def)             Requested size: 469.75386pt x 469.75386pt.
[220<./ref_model/plots/comp_lenfit_flt1mkt0_page1.png>]
<ref_model/plots/comp_lenfit_flt2mkt0.png, id=50670, 469.755pt x 469.755pt>
File: ref_model/plots/comp_lenfit_flt2mkt0.png Graphic file (type png)
<use ref_model/plots/comp_lenfit_flt2mkt0.png>
Package luatex.def Info: ref_model/plots/comp_lenfit_flt2mkt0.png  used on input line 8975.
(luatex.def)             Requested size: 469.75386pt x 469.75386pt.
[221<./ref_model/plots/comp_lenfit_flt1mkt0_page2.png>]
<ref_model/plots/comp_lenfit_flt3mkt0_page1.png, id=50684, 469.755pt x 469.755pt>
File: ref_model/plots/comp_lenfit_flt3mkt0_page1.png Graphic file (type png)
<use ref_model/plots/comp_lenfit_flt3mkt0_page1.png>
Package luatex.def Info: ref_model/plots/comp_lenfit_flt3mkt0_page1.png  used on input line 8992.
(luatex.def)             Requested size: 469.75386pt x 469.75386pt.
[222<./ref_model/plots/comp_lenfit_flt2mkt0.png>]
<ref_model/plots/comp_lenfit_flt3mkt0_page2.png, id=50698, 469.755pt x 469.755pt>
File: ref_model/plots/comp_lenfit_flt3mkt0_page2.png Graphic file (type png)
<use ref_model/plots/comp_lenfit_flt3mkt0_page2.png>
Package luatex.def Info: ref_model/plots/comp_lenfit_flt3mkt0_page2.png  used on input line 9009.
(luatex.def)             Requested size: 469.75386pt x 469.75386pt.
[223<./ref_model/plots/comp_lenfit_flt3mkt0_page1.png>]
<ref_model/plots/comp_lenfit_flt4mkt0.png, id=50712, 469.755pt x 469.755pt>
File: ref_model/plots/comp_lenfit_flt4mkt0.png Graphic file (type png)
<use ref_model/plots/comp_lenfit_flt4mkt0.png>
Package luatex.def Info: ref_model/plots/comp_lenfit_flt4mkt0.png  used on input line 9026.
(luatex.def)             Requested size: 469.75386pt x 469.75386pt.
[224<./ref_model/plots/comp_lenfit_flt3mkt0_page2.png>]
<ref_model/plots/comp_lenfit_flt5mkt0.png, id=50726, 469.755pt x 469.755pt>
File: ref_model/plots/comp_lenfit_flt5mkt0.png Graphic file (type png)
<use ref_model/plots/comp_lenfit_flt5mkt0.png>
Package luatex.def Info: ref_model/plots/comp_lenfit_flt5mkt0.png  used on input line 9042.
(luatex.def)             Requested size: 469.75386pt x 469.75386pt.
[225<./ref_model/plots/comp_lenfit_flt4mkt0.png>]
<ref_model/plots/comp_lenfit_flt6mkt0.png, id=50740, 469.755pt x 469.755pt>
File: ref_model/plots/comp_lenfit_flt6mkt0.png Graphic file (type png)
<use ref_model/plots/comp_lenfit_flt6mkt0.png>
Package luatex.def Info: ref_model/plots/comp_lenfit_flt6mkt0.png  used on input line 9059.
(luatex.def)             Requested size: 469.75386pt x 469.75386pt.
[226<./ref_model/plots/comp_lenfit_flt5mkt0.png>]
<ref_model/plots/comp_lenfit_flt7mkt0.png, id=50754, 469.755pt x 469.755pt>
File: ref_model/plots/comp_lenfit_flt7mkt0.png Graphic file (type png)
<use ref_model/plots/comp_lenfit_flt7mkt0.png>
Package luatex.def Info: ref_model/plots/comp_lenfit_flt7mkt0.png  used on input line 9076.
(luatex.def)             Requested size: 469.75386pt x 469.75386pt.
[227<./ref_model/plots/comp_lenfit_flt6mkt0.png>]
<ref_model/plots/comp_lenfit_flt8mkt0.png, id=50769, 469.755pt x 469.755pt>
File: ref_model/plots/comp_lenfit_flt8mkt0.png Graphic file (type png)
<use ref_model/plots/comp_lenfit_flt8mkt0.png>
Package luatex.def Info: ref_model/plots/comp_lenfit_flt8mkt0.png  used on input line 9093.
(luatex.def)             Requested size: 469.75386pt x 469.75386pt.
[228<./ref_model/plots/comp_lenfit_flt7mkt0.png>]
<ref_model/plots/comp_lenfit_flt10mkt0.png, id=50783, 469.755pt x 469.755pt>
File: ref_model/plots/comp_lenfit_flt10mkt0.png Graphic file (type png)
<use ref_model/plots/comp_lenfit_flt10mkt0.png>
Package luatex.def Info: ref_model/plots/comp_lenfit_flt10mkt0.png  used on input line 9110.
(luatex.def)             Requested size: 469.75386pt x 469.75386pt.
[229<./ref_model/plots/comp_lenfit_flt8mkt0.png>]
<ref_model/plots/comp_lenfit__page1_multi-fleet_comparison.png, id=50797, 469.755pt x 469.755pt>
File: ref_model/plots/comp_lenfit__page1_multi-fleet_comparison.png Graphic file (type png)
<use ref_model/plots/comp_lenfit__page1_multi-fleet_comparison.png>
Package luatex.def Info: ref_model/plots/comp_lenfit__page1_multi-fleet_comparison.png  used on input line 9127.
(luatex.def)             Requested size: 469.75386pt x 469.75386pt.
[230<./ref_model/plots/comp_lenfit_flt10mkt0.png>]
<ref_model/plots/comp_lenfit__page2_multi-fleet_comparison.png, id=50812, 469.755pt x 469.755pt>
File: ref_model/plots/comp_lenfit__page2_multi-fleet_comparison.png Graphic file (type png)
<use ref_model/plots/comp_lenfit__page2_multi-fleet_comparison.png>
Package luatex.def Info: ref_model/plots/comp_lenfit__page2_multi-fleet_comparison.png  used on input line 9142.
(luatex.def)             Requested size: 469.75386pt x 469.75386pt.
[231<./ref_model/plots/comp_lenfit__page1_multi-fleet_comparison.png>]
<ref_model/plots/comp_lenfit_data_weighting_TA1-8_BOTTOM_TRAWL.png, id=50825, 469.755pt x 469.755pt>
File: ref_model/plots/comp_lenfit_data_weighting_TA1-8_BOTTOM_TRAWL.png Graphic file (type png)
<use ref_model/plots/comp_lenfit_data_weighting_TA1-8_BOTTOM_TRAWL.png>
Package luatex.def Info: ref_model/plots/comp_lenfit_data_weighting_TA1-8_BOTTOM_TRAWL.png  used on input line 9157.
(luatex.def)             Requested size: 469.75386pt x 469.75386pt.
[232<./ref_model/plots/comp_lenfit__page2_multi-fleet_comparison.png>]
<ref_model/plots/comp_lenfit_data_weighting_TA1-8_BOTTOM_TRAWL_DISCARD.png, id=50838, 469.755pt x 469.755pt>
File: ref_model/plots/comp_lenfit_data_weighting_TA1-8_BOTTOM_TRAWL_DISCARD.png Graphic file (type png)
<use ref_model/plots/comp_lenfit_data_weighting_TA1-8_BOTTOM_TRAWL_DISCARD.png>
Package luatex.def Info: ref_model/plots/comp_lenfit_data_weighting_TA1-8_BOTTOM_TRAWL_DISCARD.png  used on input line 9171.
(luatex.def)             Requested size: 469.75386pt x 469.75386pt.
[233<./ref_model/plots/comp_lenfit_data_weighting_TA1-8_BOTTOM_TRAWL.png>]
<ref_model/plots/comp_lenfit_data_weighting_TA1-8_NON_TRAWL.png, id=50852, 469.755pt x 469.755pt>
File: ref_model/plots/comp_lenfit_data_weighting_TA1-8_NON_TRAWL.png Graphic file (type png)
<use ref_model/plots/comp_lenfit_data_weighting_TA1-8_NON_TRAWL.png>
Package luatex.def Info: ref_model/plots/comp_lenfit_data_weighting_TA1-8_NON_TRAWL.png  used on input line 9185.
(luatex.def)             Requested size: 469.75386pt x 469.75386pt.
[234<./ref_model/plots/comp_lenfit_data_weighting_TA1-8_BOTTOM_TRAWL_DISCARD.png>]
<ref_model/plots/comp_lenfit_data_weighting_TA1-8_NON_TRAWL_DISCARD.png, id=50868, 469.755pt x 469.755pt>
File: ref_model/plots/comp_lenfit_data_weighting_TA1-8_NON_TRAWL_DISCARD.png Graphic file (type png)
<use ref_model/plots/comp_lenfit_data_weighting_TA1-8_NON_TRAWL_DISCARD.png>
Package luatex.def Info: ref_model/plots/comp_lenfit_data_weighting_TA1-8_NON_TRAWL_DISCARD.png  used on input line 9199.
(luatex.def)             Requested size: 469.75386pt x 469.75386pt.
[235<./ref_model/plots/comp_lenfit_data_weighting_TA1-8_NON_TRAWL.png>]
<ref_model/plots/comp_lenfit_data_weighting_TA1-8_MIDWATER_TRAWL.png, id=50882, 469.755pt x 469.755pt>
File: ref_model/plots/comp_lenfit_data_weighting_TA1-8_MIDWATER_TRAWL.png Graphic file (type png)
<use ref_model/plots/comp_lenfit_data_weighting_TA1-8_MIDWATER_TRAWL.png>
Package luatex.def Info: ref_model/plots/comp_lenfit_data_weighting_TA1-8_MIDWATER_TRAWL.png  used on input line 9213.
(luatex.def)             Requested size: 469.75386pt x 469.75386pt.
[236<./ref_model/plots/comp_lenfit_data_weighting_TA1-8_NON_TRAWL_DISCARD.png>]
<ref_model/plots/comp_lenfit_data_weighting_TA1-8_AT_SEA_HAKE.png, id=50896, 469.755pt x 469.755pt>
File: ref_model/plots/comp_lenfit_data_weighting_TA1-8_AT_SEA_HAKE.png Graphic file (type png)
<use ref_model/plots/comp_lenfit_data_weighting_TA1-8_AT_SEA_HAKE.png>
Package luatex.def Info: ref_model/plots/comp_lenfit_data_weighting_TA1-8_AT_SEA_HAKE.png  used on input line 9227.
(luatex.def)             Requested size: 469.75386pt x 469.75386pt.
[237<./ref_model/plots/comp_lenfit_data_weighting_TA1-8_MIDWATER_TRAWL.png>]
<ref_model/plots/comp_lenfit_data_weighting_TA1-8_TRIENNIAL.png, id=50913, 469.755pt x 469.755pt>
File: ref_model/plots/comp_lenfit_data_weighting_TA1-8_TRIENNIAL.png Graphic file (type png)
<use ref_model/plots/comp_lenfit_data_weighting_TA1-8_TRIENNIAL.png>
Package luatex.def Info: ref_model/plots/comp_lenfit_data_weighting_TA1-8_TRIENNIAL.png  used on input line 9241.
(luatex.def)             Requested size: 469.75386pt x 469.75386pt.
[238<./ref_model/plots/comp_lenfit_data_weighting_TA1-8_AT_SEA_HAKE.png>]
<ref_model/plots/comp_lenfit_data_weighting_TA1-8_AK_SLOPE.png, id=50929, 469.755pt x 469.755pt>
File: ref_model/plots/comp_lenfit_data_weighting_TA1-8_AK_SLOPE.png Graphic file (type png)
<use ref_model/plots/comp_lenfit_data_weighting_TA1-8_AK_SLOPE.png>
Package luatex.def Info: ref_model/plots/comp_lenfit_data_weighting_TA1-8_AK_SLOPE.png  used on input line 9255.
(luatex.def)             Requested size: 469.75386pt x 469.75386pt.
[239<./ref_model/plots/comp_lenfit_data_weighting_TA1-8_TRIENNIAL.png>]
<ref_model/plots/comp_lenfit_data_weighting_TA1-8_WCGBTS.png, id=50945, 469.755pt x 469.755pt>
File: ref_model/plots/comp_lenfit_data_weighting_TA1-8_WCGBTS.png Graphic file (type png)
<use ref_model/plots/comp_lenfit_data_weighting_TA1-8_WCGBTS.png>
Package luatex.def Info: ref_model/plots/comp_lenfit_data_weighting_TA1-8_WCGBTS.png  used on input line 9269.
(luatex.def)             Requested size: 469.75386pt x 469.75386pt.
[240<./ref_model/plots/comp_lenfit_data_weighting_TA1-8_AK_SLOPE.png>] [241<./ref_model/plots/comp_lenfit_data_weighting_TA1-8_WCGBTS.png>]
File: ref_model/plots/comp_condAALdat_bubflt1mkt0_page1.png Graphic file (type png)
<use ref_model/plots/comp_condAALdat_bubflt1mkt0_page1.png>
Package luatex.def Info: ref_model/plots/comp_condAALdat_bubflt1mkt0_page1.png  used on input line 9287.
(luatex.def)             Requested size: 469.75386pt x 469.75386pt.
File: ref_model/plots/comp_condAALdat_bubflt1mkt0_page2.png Graphic file (type png)
<use ref_model/plots/comp_condAALdat_bubflt1mkt0_page2.png>
Package luatex.def Info: ref_model/plots/comp_condAALdat_bubflt1mkt0_page2.png  used on input line 9303.
(luatex.def)             Requested size: 469.75386pt x 469.75386pt.
[242]
<ref_model/plots/comp_condAALfit_residsflt3mkt0_page1.png, id=50989, 469.755pt x 469.755pt>
File: ref_model/plots/comp_condAALfit_residsflt3mkt0_page1.png Graphic file (type png)
<use ref_model/plots/comp_condAALfit_residsflt3mkt0_page1.png>
Package luatex.def Info: ref_model/plots/comp_condAALfit_residsflt3mkt0_page1.png  used on input line 9319.
(luatex.def)             Requested size: 469.75386pt x 469.75386pt.
[243]
<ref_model/plots/comp_condAALfit_residsflt3mkt0_page2.png, id=51004, 469.755pt x 469.755pt>
File: ref_model/plots/comp_condAALfit_residsflt3mkt0_page2.png Graphic file (type png)
<use ref_model/plots/comp_condAALfit_residsflt3mkt0_page2.png>
Package luatex.def Info: ref_model/plots/comp_condAALfit_residsflt3mkt0_page2.png  used on input line 9335.
(luatex.def)             Requested size: 469.75386pt x 469.75386pt.
[244<./ref_model/plots/comp_condAALfit_residsflt3mkt0_page1.png>]
<ref_model/plots/comp_condAALfit_residsflt5mkt0.png, id=51021, 469.755pt x 469.755pt>
File: ref_model/plots/comp_condAALfit_residsflt5mkt0.png Graphic file (type png)
<use ref_model/plots/comp_condAALfit_residsflt5mkt0.png>
Package luatex.def Info: ref_model/plots/comp_condAALfit_residsflt5mkt0.png  used on input line 9351.
(luatex.def)             Requested size: 469.75386pt x 469.75386pt.
[245<./ref_model/plots/comp_condAALfit_residsflt3mkt0_page2.png>]
<ref_model/plots/comp_condAALfit_residsflt6mkt0_page1.png, id=51037, 469.755pt x 469.755pt>
File: ref_model/plots/comp_condAALfit_residsflt6mkt0_page1.png Graphic file (type png)
<use ref_model/plots/comp_condAALfit_residsflt6mkt0_page1.png>
Package luatex.def Info: ref_model/plots/comp_condAALfit_residsflt6mkt0_page1.png  used on input line 9366.
(luatex.def)             Requested size: 469.75386pt x 469.75386pt.
[246<./ref_model/plots/comp_condAALfit_residsflt5mkt0.png>]
<ref_model/plots/comp_condAALfit_residsflt6mkt0_page2.png, id=51053, 469.755pt x 469.755pt>
File: ref_model/plots/comp_condAALfit_residsflt6mkt0_page2.png Graphic file (type png)
<use ref_model/plots/comp_condAALfit_residsflt6mkt0_page2.png>
Package luatex.def Info: ref_model/plots/comp_condAALfit_residsflt6mkt0_page2.png  used on input line 9382.
(luatex.def)             Requested size: 469.75386pt x 469.75386pt.
[247<./ref_model/plots/comp_condAALfit_residsflt6mkt0_page1.png>]
<ref_model/plots/comp_condAALfit_residsflt10mkt0_page1.png, id=51069, 469.755pt x 469.755pt>
File: ref_model/plots/comp_condAALfit_residsflt10mkt0_page1.png Graphic file (type png)
<use ref_model/plots/comp_condAALfit_residsflt10mkt0_page1.png>
Package luatex.def Info: ref_model/plots/comp_condAALfit_residsflt10mkt0_page1.png  used on input line 9398.
(luatex.def)             Requested size: 469.75386pt x 469.75386pt.
[248<./ref_model/plots/comp_condAALfit_residsflt6mkt0_page2.png>]
<ref_model/plots/comp_condAALfit_residsflt10mkt0_page2.png, id=51084, 469.755pt x 469.755pt>
File: ref_model/plots/comp_condAALfit_residsflt10mkt0_page2.png Graphic file (type png)
<use ref_model/plots/comp_condAALfit_residsflt10mkt0_page2.png>
Package luatex.def Info: ref_model/plots/comp_condAALfit_residsflt10mkt0_page2.png  used on input line 9414.
(luatex.def)             Requested size: 469.75386pt x 469.75386pt.
[249<./ref_model/plots/comp_condAALfit_residsflt10mkt0_page1.png>]
<ref_model/plots/comp_condAALfit_residsflt10mkt0_page3.png, id=51099, 469.755pt x 469.755pt>
File: ref_model/plots/comp_condAALfit_residsflt10mkt0_page3.png Graphic file (type png)
<use ref_model/plots/comp_condAALfit_residsflt10mkt0_page3.png>
Package luatex.def Info: ref_model/plots/comp_condAALfit_residsflt10mkt0_page3.png  used on input line 9430.
(luatex.def)             Requested size: 469.75386pt x 469.75386pt.
[250<./ref_model/plots/comp_condAALfit_residsflt10mkt0_page2.png>]
<ref_model/plots/comp_condAALfit_data_weighting_TA1-8_condAgeBOTTOM_TRAWL.png, id=51114, 469.755pt x 469.755pt>
File: ref_model/plots/comp_condAALfit_data_weighting_TA1-8_condAgeBOTTOM_TRAWL.png Graphic file (type png)
<use ref_model/plots/comp_condAALfit_data_weighting_TA1-8_condAgeBOTTOM_TRAWL.png>
Package luatex.def Info: ref_model/plots/comp_condAALfit_data_weighting_TA1-8_condAgeBOTTOM_TRAWL.png  used on input line 9446.
(luatex.def)             Requested size: 469.75386pt x 469.75386pt.
[251<./ref_model/plots/comp_condAALfit_residsflt10mkt0_page3.png>]
<ref_model/plots/comp_condAALfit_data_weighting_TA1-8_condAgeNON_TRAWL.png, id=51127, 469.755pt x 469.755pt>
File: ref_model/plots/comp_condAALfit_data_weighting_TA1-8_condAgeNON_TRAWL.png Graphic file (type png)
<use ref_model/plots/comp_condAALfit_data_weighting_TA1-8_condAgeNON_TRAWL.png>
Package luatex.def Info: ref_model/plots/comp_condAALfit_data_weighting_TA1-8_condAgeNON_TRAWL.png  used on input line 9460.
(luatex.def)             Requested size: 469.75386pt x 469.75386pt.
[252<./ref_model/plots/comp_condAALfit_data_weighting_TA1-8_condAgeBOTTOM_TRAWL.png>]
<ref_model/plots/comp_condAALfit_data_weighting_TA1-8_condAgeMIDWATER_TRAWL.png, id=51141, 469.755pt x 469.755pt>
File: ref_model/plots/comp_condAALfit_data_weighting_TA1-8_condAgeMIDWATER_TRAWL.png Graphic file (type png)
<use ref_model/plots/comp_condAALfit_data_weighting_TA1-8_condAgeMIDWATER_TRAWL.png>
Package luatex.def Info: ref_model/plots/comp_condAALfit_data_weighting_TA1-8_condAgeMIDWATER_TRAWL.png  used on input line 9474.
(luatex.def)             Requested size: 469.75386pt x 469.75386pt.
[253<./ref_model/plots/comp_condAALfit_data_weighting_TA1-8_condAgeNON_TRAWL.png>]
<ref_model/plots/comp_condAALfit_data_weighting_TA1-8_condAgeAT_SEA_HAKE.png, id=51157, 469.755pt x 469.755pt>
File: ref_model/plots/comp_condAALfit_data_weighting_TA1-8_condAgeAT_SEA_HAKE.png Graphic file (type png)
<use ref_model/plots/comp_condAALfit_data_weighting_TA1-8_condAgeAT_SEA_HAKE.png>
Package luatex.def Info: ref_model/plots/comp_condAALfit_data_weighting_TA1-8_condAgeAT_SEA_HAKE.png  used on input line 9488.
(luatex.def)             Requested size: 469.75386pt x 469.75386pt.
[254<./ref_model/plots/comp_condAALfit_data_weighting_TA1-8_condAgeMIDWATER_TRAWL.png>]
<ref_model/plots/comp_condAALfit_data_weighting_TA1-8_condAgeWCGBTS.png, id=51173, 469.755pt x 469.755pt>
File: ref_model/plots/comp_condAALfit_data_weighting_TA1-8_condAgeWCGBTS.png Graphic file (type png)
<use ref_model/plots/comp_condAALfit_data_weighting_TA1-8_condAgeWCGBTS.png>
Package luatex.def Info: ref_model/plots/comp_condAALfit_data_weighting_TA1-8_condAgeWCGBTS.png  used on input line 9502.
(luatex.def)             Requested size: 469.75386pt x 469.75386pt.
[255<./ref_model/plots/comp_condAALfit_data_weighting_TA1-8_condAgeAT_SEA_HAKE.png>]
<ref_model/plots/comp_condAALfit_Andre_plotsflt1mkt0_page1.png, id=51187, 469.755pt x 469.755pt>
File: ref_model/plots/comp_condAALfit_Andre_plotsflt1mkt0_page1.png Graphic file (type png)
<use ref_model/plots/comp_condAALfit_Andre_plotsflt1mkt0_page1.png>
Package luatex.def Info: ref_model/plots/comp_condAALfit_Andre_plotsflt1mkt0_page1.png  used on input line 9517.
(luatex.def)             Requested size: 469.75386pt x 469.75386pt.
[256<./ref_model/plots/comp_condAALfit_data_weighting_TA1-8_condAgeWCGBTS.png>]
<ref_model/plots/comp_condAALfit_Andre_plotsflt1mkt0_page2.png, id=51201, 469.755pt x 469.755pt>
File: ref_model/plots/comp_condAALfit_Andre_plotsflt1mkt0_page2.png Graphic file (type png)
<use ref_model/plots/comp_condAALfit_Andre_plotsflt1mkt0_page2.png>
Package luatex.def Info: ref_model/plots/comp_condAALfit_Andre_plotsflt1mkt0_page2.png  used on input line 9534.
(luatex.def)             Requested size: 469.75386pt x 469.75386pt.
[257<./ref_model/plots/comp_condAALfit_Andre_plotsflt1mkt0_page1.png>]
<ref_model/plots/comp_condAALfit_Andre_plotsflt1mkt0_page3.png, id=51216, 469.755pt x 469.755pt>
File: ref_model/plots/comp_condAALfit_Andre_plotsflt1mkt0_page3.png Graphic file (type png)
<use ref_model/plots/comp_condAALfit_Andre_plotsflt1mkt0_page3.png>
Package luatex.def Info: ref_model/plots/comp_condAALfit_Andre_plotsflt1mkt0_page3.png  used on input line 9551.
(luatex.def)             Requested size: 469.75386pt x 469.75386pt.
[258<./ref_model/plots/comp_condAALfit_Andre_plotsflt1mkt0_page2.png>]
<ref_model/plots/comp_condAALfit_Andre_plotsflt3mkt0_page1.png, id=51233, 469.755pt x 469.755pt>
File: ref_model/plots/comp_condAALfit_Andre_plotsflt3mkt0_page1.png Graphic file (type png)
<use ref_model/plots/comp_condAALfit_Andre_plotsflt3mkt0_page1.png>
Package luatex.def Info: ref_model/plots/comp_condAALfit_Andre_plotsflt3mkt0_page1.png  used on input line 9568.
(luatex.def)             Requested size: 469.75386pt x 469.75386pt.
[259<./ref_model/plots/comp_condAALfit_Andre_plotsflt1mkt0_page3.png>]
<ref_model/plots/comp_condAALfit_Andre_plotsflt3mkt0_page2.png, id=51249, 469.755pt x 469.755pt>
File: ref_model/plots/comp_condAALfit_Andre_plotsflt3mkt0_page2.png Graphic file (type png)
<use ref_model/plots/comp_condAALfit_Andre_plotsflt3mkt0_page2.png>
Package luatex.def Info: ref_model/plots/comp_condAALfit_Andre_plotsflt3mkt0_page2.png  used on input line 9585.
(luatex.def)             Requested size: 469.75386pt x 469.75386pt.
[260<./ref_model/plots/comp_condAALfit_Andre_plotsflt3mkt0_page1.png>]
<ref_model/plots/comp_condAALfit_Andre_plotsflt3mkt0_page3.png, id=51265, 469.755pt x 469.755pt>
File: ref_model/plots/comp_condAALfit_Andre_plotsflt3mkt0_page3.png Graphic file (type png)
<use ref_model/plots/comp_condAALfit_Andre_plotsflt3mkt0_page3.png>
Package luatex.def Info: ref_model/plots/comp_condAALfit_Andre_plotsflt3mkt0_page3.png  used on input line 9602.
(luatex.def)             Requested size: 469.75386pt x 469.75386pt.
[261<./ref_model/plots/comp_condAALfit_Andre_plotsflt3mkt0_page2.png>]
<ref_model/plots/comp_condAALfit_Andre_plotsflt5mkt0_page1.png, id=51281, 469.755pt x 469.755pt>
File: ref_model/plots/comp_condAALfit_Andre_plotsflt5mkt0_page1.png Graphic file (type png)
<use ref_model/plots/comp_condAALfit_Andre_plotsflt5mkt0_page1.png>
Package luatex.def Info: ref_model/plots/comp_condAALfit_Andre_plotsflt5mkt0_page1.png  used on input line 9619.
(luatex.def)             Requested size: 469.75386pt x 469.75386pt.
[262<./ref_model/plots/comp_condAALfit_Andre_plotsflt3mkt0_page3.png>]
<ref_model/plots/comp_condAALfit_Andre_plotsflt5mkt0_page2.png, id=51297, 469.755pt x 469.755pt>
File: ref_model/plots/comp_condAALfit_Andre_plotsflt5mkt0_page2.png Graphic file (type png)
<use ref_model/plots/comp_condAALfit_Andre_plotsflt5mkt0_page2.png>
Package luatex.def Info: ref_model/plots/comp_condAALfit_Andre_plotsflt5mkt0_page2.png  used on input line 9636.
(luatex.def)             Requested size: 469.75386pt x 469.75386pt.
[263<./ref_model/plots/comp_condAALfit_Andre_plotsflt5mkt0_page1.png>]
<ref_model/plots/comp_condAALfit_Andre_plotsflt6mkt0_page1.png, id=51313, 469.755pt x 469.755pt>
File: ref_model/plots/comp_condAALfit_Andre_plotsflt6mkt0_page1.png Graphic file (type png)
<use ref_model/plots/comp_condAALfit_Andre_plotsflt6mkt0_page1.png>
Package luatex.def Info: ref_model/plots/comp_condAALfit_Andre_plotsflt6mkt0_page1.png  used on input line 9653.
(luatex.def)             Requested size: 469.75386pt x 469.75386pt.
[264<./ref_model/plots/comp_condAALfit_Andre_plotsflt5mkt0_page2.png>]
<ref_model/plots/comp_condAALfit_Andre_plotsflt6mkt0_page2.png, id=51329, 469.755pt x 469.755pt>
File: ref_model/plots/comp_condAALfit_Andre_plotsflt6mkt0_page2.png Graphic file (type png)
<use ref_model/plots/comp_condAALfit_Andre_plotsflt6mkt0_page2.png>
Package luatex.def Info: ref_model/plots/comp_condAALfit_Andre_plotsflt6mkt0_page2.png  used on input line 9670.
(luatex.def)             Requested size: 469.75386pt x 469.75386pt.
[265<./ref_model/plots/comp_condAALfit_Andre_plotsflt6mkt0_page1.png>]
<ref_model/plots/comp_condAALfit_Andre_plotsflt6mkt0_page3.png, id=51345, 469.755pt x 469.755pt>
File: ref_model/plots/comp_condAALfit_Andre_plotsflt6mkt0_page3.png Graphic file (type png)
<use ref_model/plots/comp_condAALfit_Andre_plotsflt6mkt0_page3.png>
Package luatex.def Info: ref_model/plots/comp_condAALfit_Andre_plotsflt6mkt0_page3.png  used on input line 9687.
(luatex.def)             Requested size: 469.75386pt x 469.75386pt.
[266<./ref_model/plots/comp_condAALfit_Andre_plotsflt6mkt0_page2.png>]
<ref_model/plots/comp_condAALfit_Andre_plotsflt10mkt0_page1.png, id=51361, 469.755pt x 469.755pt>
File: ref_model/plots/comp_condAALfit_Andre_plotsflt10mkt0_page1.png Graphic file (type png)
<use ref_model/plots/comp_condAALfit_Andre_plotsflt10mkt0_page1.png>
Package luatex.def Info: ref_model/plots/comp_condAALfit_Andre_plotsflt10mkt0_page1.png  used on input line 9704.
(luatex.def)             Requested size: 469.75386pt x 469.75386pt.
[267<./ref_model/plots/comp_condAALfit_Andre_plotsflt6mkt0_page3.png>]
<ref_model/plots/comp_condAALfit_Andre_plotsflt10mkt0_page2.png, id=51378, 469.755pt x 469.755pt>
File: ref_model/plots/comp_condAALfit_Andre_plotsflt10mkt0_page2.png Graphic file (type png)
<use ref_model/plots/comp_condAALfit_Andre_plotsflt10mkt0_page2.png>
Package luatex.def Info: ref_model/plots/comp_condAALfit_Andre_plotsflt10mkt0_page2.png  used on input line 9721.
(luatex.def)             Requested size: 469.75386pt x 469.75386pt.
[268<./ref_model/plots/comp_condAALfit_Andre_plotsflt10mkt0_page1.png>]
<ref_model/plots/comp_condAALfit_Andre_plotsflt10mkt0_page3.png, id=51394, 469.755pt x 469.755pt>
File: ref_model/plots/comp_condAALfit_Andre_plotsflt10mkt0_page3.png Graphic file (type png)
<use ref_model/plots/comp_condAALfit_Andre_plotsflt10mkt0_page3.png>
Package luatex.def Info: ref_model/plots/comp_condAALfit_Andre_plotsflt10mkt0_page3.png  used on input line 9738.
(luatex.def)             Requested size: 469.75386pt x 469.75386pt.
[269<./ref_model/plots/comp_condAALfit_Andre_plotsflt10mkt0_page2.png>]
<ref_model/plots/comp_condAALfit_Andre_plotsflt10mkt0_page4.png, id=51410, 469.755pt x 469.755pt>
File: ref_model/plots/comp_condAALfit_Andre_plotsflt10mkt0_page4.png Graphic file (type png)
<use ref_model/plots/comp_condAALfit_Andre_plotsflt10mkt0_page4.png>
Package luatex.def Info: ref_model/plots/comp_condAALfit_Andre_plotsflt10mkt0_page4.png  used on input line 9755.
(luatex.def)             Requested size: 469.75386pt x 469.75386pt.
[270<./ref_model/plots/comp_condAALfit_Andre_plotsflt10mkt0_page3.png>]
<ref_model/plots/comp_condAALfit_Andre_plotsflt10mkt0_page5.png, id=51426, 469.755pt x 469.755pt>
File: ref_model/plots/comp_condAALfit_Andre_plotsflt10mkt0_page5.png Graphic file (type png)
<use ref_model/plots/comp_condAALfit_Andre_plotsflt10mkt0_page5.png>
Package luatex.def Info: ref_model/plots/comp_condAALfit_Andre_plotsflt10mkt0_page5.png  used on input line 9772.
(luatex.def)             Requested size: 469.75386pt x 469.75386pt.
[271<./ref_model/plots/comp_condAALfit_Andre_plotsflt10mkt0_page4.png>]
<ref_model/plots/comp_condAALfit_Andre_plotsflt10mkt0_page6.png, id=51442, 469.755pt x 469.755pt>
File: ref_model/plots/comp_condAALfit_Andre_plotsflt10mkt0_page6.png Graphic file (type png)
<use ref_model/plots/comp_condAALfit_Andre_plotsflt10mkt0_page6.png>
Package luatex.def Info: ref_model/plots/comp_condAALfit_Andre_plotsflt10mkt0_page6.png  used on input line 9789.
(luatex.def)             Requested size: 469.75386pt x 469.75386pt.
[272<./ref_model/plots/comp_condAALfit_Andre_plotsflt10mkt0_page5.png>]
<ref_model/plots/comp_gstagefit_flt1mkt0.png, id=51459, 469.755pt x 469.755pt>
File: ref_model/plots/comp_gstagefit_flt1mkt0.png Graphic file (type png)
<use ref_model/plots/comp_gstagefit_flt1mkt0.png>
Package luatex.def Info: ref_model/plots/comp_gstagefit_flt1mkt0.png  used on input line 9806.
(luatex.def)             Requested size: 469.75386pt x 469.75386pt.
[273<./ref_model/plots/comp_condAALfit_Andre_plotsflt10mkt0_page6.png>]
<ref_model/plots/comp_gstagefit_flt3mkt0.png, id=51473, 469.755pt x 469.755pt>
File: ref_model/plots/comp_gstagefit_flt3mkt0.png Graphic file (type png)
<use ref_model/plots/comp_gstagefit_flt3mkt0.png>
Package luatex.def Info: ref_model/plots/comp_gstagefit_flt3mkt0.png  used on input line 9819.
(luatex.def)             Requested size: 469.75386pt x 469.75386pt.
[274<./ref_model/plots/comp_gstagefit_flt1mkt0.png>]
<ref_model/plots/comp_gstagefit_flt5mkt0.png, id=51487, 469.755pt x 469.755pt>
File: ref_model/plots/comp_gstagefit_flt5mkt0.png Graphic file (type png)
<use ref_model/plots/comp_gstagefit_flt5mkt0.png>
Package luatex.def Info: ref_model/plots/comp_gstagefit_flt5mkt0.png  used on input line 9832.
(luatex.def)             Requested size: 469.75386pt x 469.75386pt.
[275<./ref_model/plots/comp_gstagefit_flt3mkt0.png>]
<ref_model/plots/comp_gstagefit_flt6mkt0.png, id=51503, 469.755pt x 469.755pt>
File: ref_model/plots/comp_gstagefit_flt6mkt0.png Graphic file (type png)
<use ref_model/plots/comp_gstagefit_flt6mkt0.png>
Package luatex.def Info: ref_model/plots/comp_gstagefit_flt6mkt0.png  used on input line 9845.
(luatex.def)             Requested size: 469.75386pt x 469.75386pt.
[276<./ref_model/plots/comp_gstagefit_flt5mkt0.png>]
<ref_model/plots/comp_gstagefit_flt10mkt0.png, id=51519, 469.755pt x 469.755pt>
File: ref_model/plots/comp_gstagefit_flt10mkt0.png Graphic file (type png)
<use ref_model/plots/comp_gstagefit_flt10mkt0.png>
Package luatex.def Info: ref_model/plots/comp_gstagefit_flt10mkt0.png  used on input line 9858.
(luatex.def)             Requested size: 469.75386pt x 469.75386pt.
[277<./ref_model/plots/comp_gstagefit_flt6mkt0.png>]
<ref_model/plots/index2_cpuefit_TRIENNIAL.png, id=51539, 469.755pt x 289.08pt>
File: ref_model/plots/index2_cpuefit_TRIENNIAL.png Graphic file (type png)
<use ref_model/plots/index2_cpuefit_TRIENNIAL.png>
Package luatex.def Info: ref_model/plots/index2_cpuefit_TRIENNIAL.png  used on input line 9874.
(luatex.def)             Requested size: 469.75386pt x 289.07928pt.
[278<./ref_model/plots/comp_gstagefit_flt10mkt0.png>]
<ref_model/plots/index2_cpuefit_AK_SLOPE.png, id=51553, 469.755pt x 289.08pt>
File: ref_model/plots/index2_cpuefit_AK_SLOPE.png Graphic file (type png)
<use ref_model/plots/index2_cpuefit_AK_SLOPE.png>
Package luatex.def Info: ref_model/plots/index2_cpuefit_AK_SLOPE.png  used on input line 9888.
(luatex.def)             Requested size: 469.75386pt x 289.07928pt.
[279<./ref_model/plots/index2_cpuefit_TRIENNIAL.png>]
<ref_model/plots/index2_cpuefit_NW_SLOPE.png, id=51567, 469.755pt x 289.08pt>
File: ref_model/plots/index2_cpuefit_NW_SLOPE.png Graphic file (type png)
<use ref_model/plots/index2_cpuefit_NW_SLOPE.png>
Package luatex.def Info: ref_model/plots/index2_cpuefit_NW_SLOPE.png  used on input line 9902.
(luatex.def)             Requested size: 469.75386pt x 289.07928pt.
[280<./ref_model/plots/index2_cpuefit_AK_SLOPE.png>]
<ref_model/plots/index2_cpuefit_WCGBTS.png, id=51583, 469.755pt x 289.08pt>
File: ref_model/plots/index2_cpuefit_WCGBTS.png Graphic file (type png)
<use ref_model/plots/index2_cpuefit_WCGBTS.png>
Package luatex.def Info: ref_model/plots/index2_cpuefit_WCGBTS.png  used on input line 9917.
(luatex.def)             Requested size: 469.75386pt x 289.07928pt.
[281<./ref_model/plots/index2_cpuefit_NW_SLOPE.png>]
<plots_4_doc/Growth_curve_comparison.png, id=51602, 496.85625pt x 447.6725pt>
File: plots_4_doc/Growth_curve_comparison.png Graphic file (type png)
<use plots_4_doc/Growth_curve_comparison.png>
Package luatex.def Info: plots_4_doc/Growth_curve_comparison.png  used on input line 9933.
(luatex.def)             Requested size: 496.85503pt x 447.6714pt.
[282<./ref_model/plots/index2_cpuefit_WCGBTS.png>]
<ref_model/plots/sel01_multiple_fleets_length1.png, id=51616, 469.755pt x 289.08pt>
File: ref_model/plots/sel01_multiple_fleets_length1.png Graphic file (type png)
<use ref_model/plots/sel01_multiple_fleets_length1.png>
Package luatex.def Info: ref_model/plots/sel01_multiple_fleets_length1.png  used on input line 9948.
(luatex.def)             Requested size: 469.75386pt x 289.07928pt.
[283<./plots_4_doc/Growth_curve_comparison.png>]
<plots_4_doc/selectivityPlot_fisheries.png, id=51630, 469.755pt x 469.755pt>
File: plots_4_doc/selectivityPlot_fisheries.png Graphic file (type png)
<use plots_4_doc/selectivityPlot_fisheries.png>
Package luatex.def Info: plots_4_doc/selectivityPlot_fisheries.png  used on input line 9961.
(luatex.def)             Requested size: 469.75386pt x 469.75386pt.
[284<./ref_model/plots/sel01_multiple_fleets_length1.png>]
<plots_4_doc/selectivityPlot_surveys.png, id=51644, 469.755pt x 469.755pt>
File: plots_4_doc/selectivityPlot_surveys.png Graphic file (type png)
<use plots_4_doc/selectivityPlot_surveys.png>
Package luatex.def Info: plots_4_doc/selectivityPlot_surveys.png  used on input line 9974.
(luatex.def)             Requested size: 469.75386pt x 469.75386pt.
[285<./plots_4_doc/selectivityPlot_fisheries.png>]
<ref_model/plots/sel02_multiple_fleets_age2.png, id=51658, 469.755pt x 289.08pt>
File: ref_model/plots/sel02_multiple_fleets_age2.png Graphic file (type png)
<use ref_model/plots/sel02_multiple_fleets_age2.png>
Package luatex.def Info: ref_model/plots/sel02_multiple_fleets_age2.png  used on input line 9987.
(luatex.def)             Requested size: 469.75386pt x 289.07928pt.
[286<./plots_4_doc/selectivityPlot_surveys.png>]
<plots_4_doc/lnR0.png, id=51673, 398.6895pt x 310.761pt>
File: plots_4_doc/lnR0.png Graphic file (type png)
<use plots_4_doc/lnR0.png>
Package luatex.def Info: plots_4_doc/lnR0.png  used on input line 10000.
(luatex.def)             Requested size: 398.68852pt x 310.76024pt.
[287<./ref_model/plots/sel02_multiple_fleets_age2.png>]
File: ref_model/plots/ts7_Spawning_output_with_95_intervals.png Graphic file (type png)
<use ref_model/plots/ts7_Spawning_output_with_95_intervals.png>
Package luatex.def Info: ref_model/plots/ts7_Spawning_output_with_95_intervals.png  used on input line 10015.
(luatex.def)             Requested size: 469.75386pt x 289.07928pt.
[288<./plots_4_doc/lnR0.png>]
File: ref_model/plots/ts9_Relative_spawning_output_intervals.png Graphic file (type png)
<use ref_model/plots/ts9_Relative_spawning_output_intervals.png>
Package luatex.def Info: ref_model/plots/ts9_Relative_spawning_output_intervals.png  used on input line 10028.
(luatex.def)             Requested size: 469.75386pt x 289.07928pt.
[289]
File: ref_model/plots/recdevs2_withbars.png Graphic file (type png)
<use ref_model/plots/recdevs2_withbars.png>
Package luatex.def Info: ref_model/plots/recdevs2_withbars.png  used on input line 10041.
(luatex.def)             Requested size: 469.75386pt x 289.07928pt.
[290]
<ref_model/plots/recruit_fit_bias_adjust.png, id=51727, 469.755pt x 289.08pt>
File: ref_model/plots/recruit_fit_bias_adjust.png Graphic file (type png)
<use ref_model/plots/recruit_fit_bias_adjust.png>
Package luatex.def Info: ref_model/plots/recruit_fit_bias_adjust.png  used on input line 10054.
(luatex.def)             Requested size: 469.75386pt x 289.07928pt.
[291]
File: ref_model/plots/ts11_Age-0_recruits_(1000s)_with_95_asymptotic_intervals.png Graphic file (type png)
<use ref_model/plots/ts11_Age-0_recruits_(1000s)_with_95_asymptotic_intervals.png>
Package luatex.def Info: ref_model/plots/ts11_Age-0_recruits_(1000s)_with_95_asymptotic_intervals.png  used on input line 10068.
(luatex.def)             Requested size: 469.75386pt x 289.07928pt.
[292<./ref_model/plots/recruit_fit_bias_adjust.png>]
<ref_model/plots/SR_curve2.png, id=51753, 469.755pt x 469.755pt>
File: ref_model/plots/SR_curve2.png Graphic file (type png)
<use ref_model/plots/SR_curve2.png>
Package luatex.def Info: ref_model/plots/SR_curve2.png  used on input line 10081.
(luatex.def)             Requested size: 469.75386pt x 469.75386pt.
[293] [294<./ref_model/plots/SR_curve2.png>]
<Sensis/output/indicescompare2_spawnbio_uncertainty.png, id=51774, 469.755pt x 361.35pt>
File: Sensis/output/indicescompare2_spawnbio_uncertainty.png Graphic file (type png)
<use Sensis/output/indicescompare2_spawnbio_uncertainty.png>
Package luatex.def Info: Sensis/output/indicescompare2_spawnbio_uncertainty.png  used on input line 10100.
(luatex.def)             Requested size: 469.75386pt x 361.34912pt.
<Sensis/output/indicescompare4_Bratio_uncertainty.png, id=51782, 469.755pt x 361.35pt>
File: Sensis/output/indicescompare4_Bratio_uncertainty.png Graphic file (type png)
<use Sensis/output/indicescompare4_Bratio_uncertainty.png>
Package luatex.def Info: Sensis/output/indicescompare4_Bratio_uncertainty.png  used on input line 10113.
(luatex.def)             Requested size: 469.75386pt x 361.34912pt.
[295<./Sensis/output/indicescompare2_spawnbio_uncertainty.png>]
<Sensis/output/length_comps_fleetcompare2_spawnbio_uncertainty.png, id=51796, 469.755pt x 361.35pt>
File: Sensis/output/length_comps_fleetcompare2_spawnbio_uncertainty.png Graphic file (type png)
<use Sensis/output/length_comps_fleetcompare2_spawnbio_uncertainty.png>
Package luatex.def Info: Sensis/output/length_comps_fleetcompare2_spawnbio_uncertainty.png  used on input line 10126.
(luatex.def)             Requested size: 469.75386pt x 361.34912pt.
[296<./Sensis/output/indicescompare4_Bratio_uncertainty.png>]
<Sensis/output/length_comps_fleetcompare4_Bratio_uncertainty.png, id=51810, 469.755pt x 361.35pt>
File: Sensis/output/length_comps_fleetcompare4_Bratio_uncertainty.png Graphic file (type png)
<use Sensis/output/length_comps_fleetcompare4_Bratio_uncertainty.png>
Package luatex.def Info: Sensis/output/length_comps_fleetcompare4_Bratio_uncertainty.png  used on input line 10139.
(luatex.def)             Requested size: 469.75386pt x 361.34912pt.
[297<./Sensis/output/length_comps_fleetcompare2_spawnbio_uncertainty.png>]
<Sensis/output/length_comps_allcompare2_spawnbio_uncertainty.png, id=51825, 469.755pt x 361.35pt>
File: Sensis/output/length_comps_allcompare2_spawnbio_uncertainty.png Graphic file (type png)
<use Sensis/output/length_comps_allcompare2_spawnbio_uncertainty.png>
Package luatex.def Info: Sensis/output/length_comps_allcompare2_spawnbio_uncertainty.png  used on input line 10153.
(luatex.def)             Requested size: 469.75386pt x 361.34912pt.
[298<./Sensis/output/length_comps_fleetcompare4_Bratio_uncertainty.png>]
<Sensis/output/length_comps_allcompare4_Bratio_uncertainty.png, id=51838, 469.755pt x 361.35pt>
File: Sensis/output/length_comps_allcompare4_Bratio_uncertainty.png Graphic file (type png)
<use Sensis/output/length_comps_allcompare4_Bratio_uncertainty.png>
Package luatex.def Info: Sensis/output/length_comps_allcompare4_Bratio_uncertainty.png  used on input line 10166.
(luatex.def)             Requested size: 469.75386pt x 361.34912pt.
[299<./Sensis/output/length_comps_allcompare2_spawnbio_uncertainty.png>]
<Sensis/output/age_compscompare2_spawnbio_uncertainty.png, id=51852, 469.755pt x 361.35pt>
File: Sensis/output/age_compscompare2_spawnbio_uncertainty.png Graphic file (type png)
<use Sensis/output/age_compscompare2_spawnbio_uncertainty.png>
Package luatex.def Info: Sensis/output/age_compscompare2_spawnbio_uncertainty.png  used on input line 10180.
(luatex.def)             Requested size: 469.75386pt x 361.34912pt.
[300<./Sensis/output/length_comps_allcompare4_Bratio_uncertainty.png>]
<Sensis/output/age_compscompare4_Bratio_uncertainty.png, id=51867, 469.755pt x 361.35pt>
File: Sensis/output/age_compscompare4_Bratio_uncertainty.png Graphic file (type png)
<use Sensis/output/age_compscompare4_Bratio_uncertainty.png>
Package luatex.def Info: Sensis/output/age_compscompare4_Bratio_uncertainty.png  used on input line 10193.
(luatex.def)             Requested size: 469.75386pt x 361.34912pt.
[301<./Sensis/output/age_compscompare2_spawnbio_uncertainty.png>]
<Sensis/output/sens_summary.png, id=51881, 433.62pt x 469.755pt>
File: Sensis/output/sens_summary.png Graphic file (type png)
<use Sensis/output/sens_summary.png>
Package luatex.def Info: Sensis/output/sens_summary.png  used on input line 10207.
(luatex.def)             Requested size: 433.61894pt x 469.75386pt.
[302<./Sensis/output/age_compscompare4_Bratio_uncertainty.png>]
<Sensis/data_sensitivities/Data weighting.png, id=51894, 867.24pt x 505.89pt>
File: Sensis/data_sensitivities/Data weighting.png Graphic file (type png)
<use Sensis/data_sensitivities/Data weighting.png>
Package luatex.def Info: Sensis/data_sensitivities/Data weighting.png  used on input line 10221.
(luatex.def)             Requested size: 867.2379pt x 505.88875pt.
[303<./Sensis/output/sens_summary.png>]
<Sensis/data_sensitivities/Sensi_logREplot_SB_Dep_F_Yield_DataWt.png, id=51907, 397.9668pt x 310.761pt>
File: Sensis/data_sensitivities/Sensi_logREplot_SB_Dep_F_Yield_DataWt.png Graphic file (type png)
<use Sensis/data_sensitivities/Sensi_logREplot_SB_Dep_F_Yield_DataWt.png>
Package luatex.def Info: Sensis/data_sensitivities/Sensi_logREplot_SB_Dep_F_Yield_DataWt.png  used on input line 10236.
(luatex.def)             Requested size: 397.96582pt x 310.76024pt.
[304<./Sensis/data_sensitivities/Data weighting.png>]
<Sensis/data_sensitivities/Ageing error_uncertainty.png, id=51921, 867.24pt x 505.89pt>
File: Sensis/data_sensitivities/Ageing error_uncertainty.png Graphic file (type png)
<use Sensis/data_sensitivities/Ageing error_uncertainty.png>
Package luatex.def Info: Sensis/data_sensitivities/Ageing error_uncertainty.png  used on input line 10252.
(luatex.def)             Requested size: 867.2379pt x 505.88875pt.
[305<./Sensis/data_sensitivities/Sensi_logREplot_SB_Dep_F_Yield_DataWt.png>]
<Sensis/data_sensitivities/Sensi_logREplot_SB_Dep_F_Yield_AE.png, id=51935, 397.9668pt x 272.6988pt>
File: Sensis/data_sensitivities/Sensi_logREplot_SB_Dep_F_Yield_AE.png Graphic file (type png)
<use Sensis/data_sensitivities/Sensi_logREplot_SB_Dep_F_Yield_AE.png>
Package luatex.def Info: Sensis/data_sensitivities/Sensi_logREplot_SB_Dep_F_Yield_AE.png  used on input line 10268.
(luatex.def)             Requested size: 397.96582pt x 272.69812pt.
[306<./Sensis/data_sensitivities/Ageing error_uncertainty.png>]
<Sensis/model_specs/M_Gr_Reproduction.png, id=51949, 867.24pt x 505.89pt>
File: Sensis/model_specs/M_Gr_Reproduction.png Graphic file (type png)
<use Sensis/model_specs/M_Gr_Reproduction.png>
Package luatex.def Info: Sensis/model_specs/M_Gr_Reproduction.png  used on input line 10284.
(luatex.def)             Requested size: 867.2379pt x 505.88875pt.
[307<./Sensis/data_sensitivities/Sensi_logREplot_SB_Dep_F_Yield_AE.png>]
<Sensis/model_specs/Sensi_logREplot_SB_Dep_F_Yield_MGrRep.png, id=51964, 397.9668pt x 310.761pt>
File: Sensis/model_specs/Sensi_logREplot_SB_Dep_F_Yield_MGrRep.png Graphic file (type png)
<use Sensis/model_specs/Sensi_logREplot_SB_Dep_F_Yield_MGrRep.png>
Package luatex.def Info: Sensis/model_specs/Sensi_logREplot_SB_Dep_F_Yield_MGrRep.png  used on input line 10299.
(luatex.def)             Requested size: 397.96582pt x 310.76024pt.
[308<./Sensis/model_specs/M_Gr_Reproduction.png>]
<Sensis/model_specs/compare1_spawnbio.png, id=51978, 469.755pt x 361.35pt>
File: Sensis/model_specs/compare1_spawnbio.png Graphic file (type png)
<use Sensis/model_specs/compare1_spawnbio.png>
Package luatex.def Info: Sensis/model_specs/compare1_spawnbio.png  used on input line 10315.
(luatex.def)             Requested size: 469.75386pt x 361.34912pt.
[309<./Sensis/model_specs/Sensi_logREplot_SB_Dep_F_Yield_MGrRep.png>]
<Sensis/model_specs/Sel_Rec.png, id=51992, 867.24pt x 505.89pt>
File: Sensis/model_specs/Sel_Rec.png Graphic file (type png)
<use Sensis/model_specs/Sel_Rec.png>
Package luatex.def Info: Sensis/model_specs/Sel_Rec.png  used on input line 10332.
(luatex.def)             Requested size: 867.2379pt x 505.88875pt.
[310<./Sensis/model_specs/compare1_spawnbio.png>]
<Sensis/model_specs/Sensi_logREplot_SB_Dep_F_Yield_Sel_Rec.png, id=52006, 397.9668pt x 272.6988pt>
File: Sensis/model_specs/Sensi_logREplot_SB_Dep_F_Yield_Sel_Rec.png Graphic file (type png)
<use Sensis/model_specs/Sensi_logREplot_SB_Dep_F_Yield_Sel_Rec.png>
Package luatex.def Info: Sensis/model_specs/Sensi_logREplot_SB_Dep_F_Yield_Sel_Rec.png  used on input line 10347.
(luatex.def)             Requested size: 397.96582pt x 272.69812pt.
[311<./Sensis/model_specs/Sel_Rec.png>]
<Sensis/model_specs/comp_lenfit__aggregated_across_time_logsel.png, id=52020, 469.755pt x 469.755pt>
File: Sensis/model_specs/comp_lenfit__aggregated_across_time_logsel.png Graphic file (type png)
<use Sensis/model_specs/comp_lenfit__aggregated_across_time_logsel.png>
Package luatex.def Info: Sensis/model_specs/comp_lenfit__aggregated_across_time_logsel.png  used on input line 10363.
(luatex.def)             Requested size: 469.75386pt x 469.75386pt.
[312<./Sensis/model_specs/Sensi_logREplot_SB_Dep_F_Yield_Sel_Rec.png>] [313<./Sensis/model_specs/comp_lenfit__aggregated_across_time_logsel.png>]
<Like_profiles/lnR0/parameter_panel_SR_LN(R0).png, id=52043, 505.89pt x 505.89pt>
File: Like_profiles/lnR0/parameter_panel_SR_LN(R0).png Graphic file (type png)
<use Like_profiles/lnR0/parameter_panel_SR_LN(R0).png>
Package luatex.def Info: Like_profiles/lnR0/parameter_panel_SR_LN(R0).png  used on input line 10381.
(luatex.def)             Requested size: 505.88875pt x 505.88875pt.
<Like_profiles/lnR0/piner_panel_SR_LN(R0).png, id=52066, 505.89pt x 505.89pt>
File: Like_profiles/lnR0/piner_panel_SR_LN(R0).png Graphic file (type png)
<use Like_profiles/lnR0/piner_panel_SR_LN(R0).png>
Package luatex.def Info: Like_profiles/lnR0/piner_panel_SR_LN(R0).png  used on input line 10396.
(luatex.def)             Requested size: 505.88875pt x 505.88875pt.
[314<./Like_profiles/lnR0/parameter_panel_SR_LN(R0).png>]
<Like_profiles/Steepness/parameter_panel_SR_BH_steep.png, id=52089, 505.89pt x 505.89pt>
File: Like_profiles/Steepness/parameter_panel_SR_BH_steep.png Graphic file (type png)
<use Like_profiles/Steepness/parameter_panel_SR_BH_steep.png>
Package luatex.def Info: Like_profiles/Steepness/parameter_panel_SR_BH_steep.png  used on input line 10409.
(luatex.def)             Requested size: 505.88875pt x 505.88875pt.
[315<./Like_profiles/lnR0/piner_panel_SR_LN(R0).png>]
<Like_profiles/Steepness/piner_panel_SR_BH_steep.png, id=52109, 505.89pt x 505.89pt>
File: Like_profiles/Steepness/piner_panel_SR_BH_steep.png Graphic file (type png)
<use Like_profiles/Steepness/piner_panel_SR_BH_steep.png>
Package luatex.def Info: Like_profiles/Steepness/piner_panel_SR_BH_steep.png  used on input line 10424.
(luatex.def)             Requested size: 505.88875pt x 505.88875pt.
[316<./Like_profiles/Steepness/parameter_panel_SR_BH_steep.png>]
<Like_profiles/Male_M/parameter_panel_NatM_uniform_Mal_GP_1.png, id=52126, 505.89pt x 505.89pt>
File: Like_profiles/Male_M/parameter_panel_NatM_uniform_Mal_GP_1.png Graphic file (type png)
<use Like_profiles/Male_M/parameter_panel_NatM_uniform_Mal_GP_1.png>
Package luatex.def Info: Like_profiles/Male_M/parameter_panel_NatM_uniform_Mal_GP_1.png  used on input line 10437.
(luatex.def)             Requested size: 505.88875pt x 505.88875pt.
[317<./Like_profiles/Steepness/piner_panel_SR_BH_steep.png>]
<Like_profiles/Male_M/M_sex.png, id=52147, 398.6895pt x 310.761pt>
File: Like_profiles/Male_M/M_sex.png Graphic file (type png)
<use Like_profiles/Male_M/M_sex.png>
Package luatex.def Info: Like_profiles/Male_M/M_sex.png  used on input line 10452.
(luatex.def)             Requested size: 398.68852pt x 310.76024pt.
[318<./Like_profiles/Male_M/parameter_panel_NatM_uniform_Mal_GP_1.png>]
<Like_profiles/Male_M/piner_panel_NatM_uniform_Mal_GP_1.png, id=52164, 505.89pt x 505.89pt>
File: Like_profiles/Male_M/piner_panel_NatM_uniform_Mal_GP_1.png Graphic file (type png)
<use Like_profiles/Male_M/piner_panel_NatM_uniform_Mal_GP_1.png>
Package luatex.def Info: Like_profiles/Male_M/piner_panel_NatM_uniform_Mal_GP_1.png  used on input line 10465.
(luatex.def)             Requested size: 505.88875pt x 505.88875pt.
[319<./Like_profiles/Male_M/M_sex.png>]
<Sensis/statesofnature/StatesofNature.png, id=52184, 867.24pt x 505.89pt>
File: Sensis/statesofnature/StatesofNature.png Graphic file (type png)
<use Sensis/statesofnature/StatesofNature.png>
Package luatex.def Info: Sensis/statesofnature/StatesofNature.png  used on input line 10480.
(luatex.def)             Requested size: 867.2379pt x 505.88875pt.
[320<./Like_profiles/Male_M/piner_panel_NatM_uniform_Mal_GP_1.png>] [321<./Sensis/statesofnature/StatesofNature.png>]
<Sensis/statesofnature/Ensemble_Bratio.png, id=52204, 1445.4pt x 722.7pt>
File: Sensis/statesofnature/Ensemble_Bratio.png Graphic file (type png)
<use Sensis/statesofnature/Ensemble_Bratio.png>
Package luatex.def Info: Sensis/statesofnature/Ensemble_Bratio.png  used on input line 10497.
(luatex.def)             Requested size: 1445.39648pt x 722.69823pt.
<Sensis/statesofnature/Ensemble_comp_plots_RSS.png, id=52212, 1445.4pt x 722.7pt>
File: Sensis/statesofnature/Ensemble_comp_plots_RSS.png Graphic file (type png)
<use Sensis/statesofnature/Ensemble_comp_plots_RSS.png>
Package luatex.def Info: Sensis/statesofnature/Ensemble_comp_plots_RSS.png  used on input line 10510.
(luatex.def)             Requested size: 1445.39648pt x 722.69823pt.
[322<./Sensis/statesofnature/Ensemble_Bratio.png><./Sensis/statesofnature/Ensemble_comp_plots_RSS.png>]
<Sensis/model_specs/Reduced uncertainty comparison.png, id=52225, 867.24pt x 505.89pt>
File: Sensis/model_specs/Reduced uncertainty comparison.png Graphic file (type png)
<use Sensis/model_specs/Reduced uncertainty comparison.png>
Package luatex.def Info: Sensis/model_specs/Reduced uncertainty comparison.png  used on input line 10525.
(luatex.def)             Requested size: 867.2379pt x 505.88875pt.
[323<./Sensis/model_specs/Reduced uncertainty comparison.png>]
File: ref_model/plots/ts9_Relative_spawning_output_intervals.png Graphic file (type png)
<use ref_model/plots/ts9_Relative_spawning_output_intervals.png>
Package luatex.def Info: ref_model/plots/ts9_Relative_spawning_output_intervals.png  used on input line 10548.
(luatex.def)             Requested size: 469.75386pt x 289.07928pt.
File: ref_model/plots/SPR3_ratiointerval.png Graphic file (type png)
<use ref_model/plots/SPR3_ratiointerval.png>
Package luatex.def Info: ref_model/plots/SPR3_ratiointerval.png  used on input line 10561.
(luatex.def)             Requested size: 469.75386pt x 289.07928pt.
[324]
<ref_model/plots/yield2_yield_curve_with_refpoints.png, id=52263, 469.755pt x 289.08pt>
File: ref_model/plots/yield2_yield_curve_with_refpoints.png Graphic file (type png)
<use ref_model/plots/yield2_yield_curve_with_refpoints.png>
Package luatex.def Info: ref_model/plots/yield2_yield_curve_with_refpoints.png  used on input line 10578.
(luatex.def)             Requested size: 469.75386pt x 289.07928pt.
[325]
File: ref_model/plots/SPR4_phase.png Graphic file (type png)
<use ref_model/plots/SPR4_phase.png>
Package luatex.def Info: ref_model/plots/SPR4_phase.png  used on input line 10592.
(luatex.def)             Requested size: 469.75386pt x 469.75386pt.
[326<./ref_model/plots/yield2_yield_curve_with_refpoints.png>] [327]
Overfull \hbox (18.1954pt too wide) in alignment at lines 10630--10644
 [][][] 
 []

ignored error Infinite glue shrinkage found in box being split [328] [329]
Missing character: There is no ≤ (U+2264) in font [lmroman10-regular]:+tlig;!
Missing character: There is no ∙ (U+2219) in font [lmroman10-regular]:+tlig;!
Missing character: There is no ≤ (U+2264) in font [lmroman10-regular]:+tlig;!
Missing character: There is no ∙ (U+2219) in font [lmroman10-regular]:+tlig;!
[330
Missing character: There is no ≤ (U+2264) in font [lmroman10-regular]:+tlig;!
Missing character: There is no ∙ (U+2219) in font [lmroman10-regular]:+tlig;!
] [331] [332] [333]<<latex-list-css.html>><<latex-align-css.html>> (./SAR_USWC_Rougheye_and_Blackspotted_Rockfishes_skeleton_access.aux * soulpos - computing points - it may take a few seconds *
\openout3 = SAR_USWC_Rougheye_and_Blackspotted_Rockfishes_skeleton_access.upb
 (./SAR_USWC_Rougheye_and_Blackspotted_Rockfishes_skeleton_access.upa))
 ***********
LaTeX2e <2025-11-01>
L3 programming layer <2025-11-14>
 ***********

Package tagpdf Info: Finalizing the tagging structure:
(tagpdf)             Writing out ~47692 structure objects
(tagpdf)             with ~21323 'MC' leaf nodes.
(tagpdf)             Be patient if there are lots of objects!

Package tagpdf Info: writing ParentTree
Package tagpdf Info: writing IDTree
Package tagpdf Info: writing RoleMap
Package tagpdf Info: writing ClassMap
Package tagpdf Info: writing NameSpaces
Package tagpdf Info: writing StructElems

Package tagpdf Warning: Label 'cite.ref-hicks_status_2013' has no related
(tagpdf)                structure.
(tagpdf)                /Ref not updated.


Package tagpdf Warning: Label 'cite.ref-MethotWetzel2013' has no related
(tagpdf)                structure.
(tagpdf)                /Ref not updated.


Package tagpdf Warning: Label 'cite.ref-munkMaximumAgesGroundfishes2001' has
(tagpdf)                no related structure.
(tagpdf)                /Ref not updated.


Package tagpdf Warning: Label 'cite.ref-harris_using_2019' has no related
(tagpdf)                structure.
(tagpdf)                /Ref not updated.


Package tagpdf Warning: Label 'cite.ref-love_rockfishes_2002' has no related
(tagpdf)                structure.
(tagpdf)                /Ref not updated.


Package tagpdf Warning: Label 'cite.ref-love_certainly_2011' has no related
(tagpdf)                structure.
(tagpdf)                /Ref not updated.


Package tagpdf Warning: Label 'cite.ref-love_certainly_2011' has no related
(tagpdf)                structure.
(tagpdf)                /Ref not updated.


Package tagpdf Warning: Label 'cite.ref-hawkins_genetic_2005' has no related
(tagpdf)                structure.
(tagpdf)                /Ref not updated.


Package tagpdf Warning: Label 'cite.ref-gharrett_genetically_2006' has no
(tagpdf)                related structure.
(tagpdf)                /Ref not updated.


Package tagpdf Warning: Label 'cite.ref-gharrett_genetically_2006' has no
(tagpdf)                related structure.
(tagpdf)                /Ref not updated.


Package tagpdf Warning: Label 'cite.ref-orr_species_2008' has no related
(tagpdf)                structure.
(tagpdf)                /Ref not updated.


Package tagpdf Warning: Label 'cite.ref-jordan_fishes_1898' has no related
(tagpdf)                structure.
(tagpdf)                /Ref not updated.


Package tagpdf Warning: Label 'cite.ref-love_rockfishes_2002' has no related
(tagpdf)                structure.
(tagpdf)                /Ref not updated.


Package tagpdf Warning: Label 'cite.ref-orr_species_2008' has no related
(tagpdf)                structure.
(tagpdf)                /Ref not updated.


Package tagpdf Warning: Label 'cite.ref-tsuyuki_contribution_1968' has no
(tagpdf)                related structure.
(tagpdf)                /Ref not updated.


Package tagpdf Warning: Label 'cite.ref-tsuyuki_analyses_1970' has no related
(tagpdf)                structure.
(tagpdf)                /Ref not updated.


Package tagpdf Warning: Label 'cite.ref-seeb_biochemical_1986' has no related
(tagpdf)                structure.
(tagpdf)                /Ref not updated.


Package tagpdf Warning: Label 'cite.ref-hawkins_genetic_1997' has no related
(tagpdf)                structure.
(tagpdf)                /Ref not updated.


Package tagpdf Warning: Label 'cite.ref-hawkins_genetic_2005' has no related
(tagpdf)                structure.
(tagpdf)                /Ref not updated.


Package tagpdf Warning: Label 'cite.ref-gharrett_two_2005' has no related
(tagpdf)                structure.
(tagpdf)                /Ref not updated.


Package tagpdf Warning: Label 'cite.ref-gharrett_genetically_2006' has no
(tagpdf)                related structure.
(tagpdf)                /Ref not updated.


Package tagpdf Warning: Label 'cite.ref-orr_species_2008' has no related
(tagpdf)                structure.
(tagpdf)                /Ref not updated.


Package tagpdf Warning: Label 'cite.ref-matsubara_1934' has no related
(tagpdf)                structure.
(tagpdf)                /Ref not updated.


Package tagpdf Warning: Label 'cite.ref-harris_using_2019' has no related
(tagpdf)                structure.
(tagpdf)                /Ref not updated.


Package tagpdf Warning: Label 'cite.ref-gharrett_two_2005' has no related
(tagpdf)                structure.
(tagpdf)                /Ref not updated.


Package tagpdf Warning: Label 'cite.ref-hawkins_genetic_2005' has no related
(tagpdf)                structure.
(tagpdf)                /Ref not updated.


Package tagpdf Warning: Label 'cite.ref-orr_species_2008' has no related
(tagpdf)                structure.
(tagpdf)                /Ref not updated.


Package tagpdf Warning: Label 'cite.ref-hicks_status_2013' has no related
(tagpdf)                structure.
(tagpdf)                /Ref not updated.


Package tagpdf Warning: Label 'cite.ref-gharrett_two_2005' has no related
(tagpdf)                structure.
(tagpdf)                /Ref not updated.


Package tagpdf Warning: Label 'cite.ref-hawkins_genetic_2005' has no related
(tagpdf)                structure.
(tagpdf)                /Ref not updated.


Package tagpdf Warning: Label 'cite.ref-orr_species_2008' has no related
(tagpdf)                structure.
(tagpdf)                /Ref not updated.


Package tagpdf Warning: Label 'cite.ref-munkMaximumAgesGroundfishes2001' has
(tagpdf)                no related structure.
(tagpdf)                /Ref not updated.


Package tagpdf Warning: Label 'cite.ref-hawkins_genetic_2005' has no related
(tagpdf)                structure.
(tagpdf)                /Ref not updated.


Package tagpdf Warning: Label 'cite.ref-orr_species_2008' has no related
(tagpdf)                structure.
(tagpdf)                /Ref not updated.


Package tagpdf Warning: Label 'cite.ref-love_rockfishes_2002' has no related
(tagpdf)                structure.
(tagpdf)                /Ref not updated.


Package tagpdf Warning: Label 'cite.ref-love_rockfishes_2002' has no related
(tagpdf)                structure.
(tagpdf)                /Ref not updated.


Package tagpdf Warning: Label 'cite.ref-dick_meta-analysis_2017' has no
(tagpdf)                related structure.
(tagpdf)                /Ref not updated.


Package tagpdf Warning: Label 'cite.ref-love_certainly_2011' has no related
(tagpdf)                structure.
(tagpdf)                /Ref not updated.


Package tagpdf Warning: Label 'cite.ref-love_rockfishes_2002' has no related
(tagpdf)                structure.
(tagpdf)                /Ref not updated.


Package tagpdf Warning: Label 'cite.ref-love_certainly_2011' has no related
(tagpdf)                structure.
(tagpdf)                /Ref not updated.


Package tagpdf Warning: Label 'cite.ref-love_certainly_2011' has no related
(tagpdf)                structure.
(tagpdf)                /Ref not updated.


Package tagpdf Warning: Label 'cite.ref-field_2021' has no related structure.
(tagpdf)                /Ref not updated.


Package tagpdf Warning: Label 'cite.ref-gasbarro_2025' has no related
(tagpdf)                structure.
(tagpdf)                /Ref not updated.


Package tagpdf Warning: Label 'cite.ref-love_certainly_2011' has no related
(tagpdf)                structure.
(tagpdf)                /Ref not updated.


Package tagpdf Warning: Label 'cite.ref-douglas_species_1998' has no related
(tagpdf)                structure.
(tagpdf)                /Ref not updated.


Package tagpdf Warning: Label 'cite.ref-jones_oregon_1961' has no related
(tagpdf)                structure.
(tagpdf)                /Ref not updated.


Package tagpdf Warning: Label 'cite.ref-niska_species_1976' has no related
(tagpdf)                structure.
(tagpdf)                /Ref not updated.


Package tagpdf Warning: Label 'cite.ref-love_rockfishes_2002' has no related
(tagpdf)                structure.
(tagpdf)                /Ref not updated.


Package tagpdf Warning: Label 'cite.ref-rogers_species_2003' has no related
(tagpdf)                structure.
(tagpdf)                /Ref not updated.


Package tagpdf Warning: Label 'cite.ref-rogers_status_1996' has no related
(tagpdf)                structure.
(tagpdf)                /Ref not updated.


Package tagpdf Warning: Label 'cite.ref-rogers_status_1996' has no related
(tagpdf)                structure.
(tagpdf)                /Ref not updated.


Package tagpdf Warning: Label 'cite.ref-hicks_status_2013' has no related
(tagpdf)                structure.
(tagpdf)                /Ref not updated.


Package tagpdf Warning: Label 'cite.ref-spencer_assessment_2023' has no
(tagpdf)                related structure.
(tagpdf)                /Ref not updated.


Package tagpdf Warning: Label 'cite.ref-sullivan_assessment_2023' has no
(tagpdf)                related structure.
(tagpdf)                /Ref not updated.


Package tagpdf Warning: Label 'cite.ref-starr_rougheyeblackspotted_2020' has
(tagpdf)                no related structure.
(tagpdf)                /Ref not updated.


Package tagpdf Warning: Label 'cite.ref-sullivan_assessment_2023' has no
(tagpdf)                related structure.
(tagpdf)                /Ref not updated.


Package tagpdf Warning: Label 'cite.ref-spencer_assessment_2023' has no
(tagpdf)                related structure.
(tagpdf)                /Ref not updated.


Package tagpdf Warning: Label 'cite.ref-sullivan_assessment_2023' has no
(tagpdf)                related structure.
(tagpdf)                /Ref not updated.


Package tagpdf Warning: Label 'cite.ref-cosewic_2007' has no related
(tagpdf)                structure.
(tagpdf)                /Ref not updated.


Package tagpdf Warning: Label
(tagpdf)                'cite.ref-fisheries_and_oceans_canada_management_2012'
(tagpdf)                has no related structure.
(tagpdf)                /Ref not updated.


Package tagpdf Warning: Label 'cite.ref-starr_rougheyeblackspotted_2020' has
(tagpdf)                no related structure.
(tagpdf)                /Ref not updated.


Package tagpdf Warning: Label 'cite.ref-tsou_reconstruction_in_prep' has no
(tagpdf)                related structure.
(tagpdf)                /Ref not updated.


Package tagpdf Warning: Label 'cite.ref-tsou_historical_2015' has no related
(tagpdf)                structure.
(tagpdf)                /Ref not updated.


Package tagpdf Warning: Label 'cite.ref-karnowski_historical_2014' has no
(tagpdf)                related structure.
(tagpdf)                /Ref not updated.


Package tagpdf Warning: Label 'cite.ref-ODFW_URCK_POP_recon' has no related
(tagpdf)                structure.
(tagpdf)                /Ref not updated.


Package tagpdf Warning: Label 'cite.ref-ralston_documentation_2010' has no
(tagpdf)                related structure.
(tagpdf)                /Ref not updated.


Package tagpdf Warning: Label 'cite.ref-love_rockfishes_2002' has no related
(tagpdf)                structure.
(tagpdf)                /Ref not updated.


Package tagpdf Warning: Label 'cite.ref-rogers_species_2003' has no related
(tagpdf)                structure.
(tagpdf)                /Ref not updated.


Package tagpdf Warning: Label 'cite.ref-rogers_species_2003' has no related
(tagpdf)                structure.
(tagpdf)                /Ref not updated.


Package tagpdf Warning: Label 'cite.ref-pikitch_evaluation_1988' has no
(tagpdf)                related structure.
(tagpdf)                /Ref not updated.


Package tagpdf Warning: Label 'cite.ref-pikitch_evaluation_1988' has no
(tagpdf)                related structure.
(tagpdf)                /Ref not updated.


Package tagpdf Warning: Label 'cite.ref-pikitch_evaluation_1988' has no
(tagpdf)                related structure.
(tagpdf)                /Ref not updated.


Package tagpdf Warning: Label 'cite.ref-Anderson:2022:SRP' has no related
(tagpdf)                structure.
(tagpdf)                /Ref not updated.


Package tagpdf Warning: Label 'cite.ref-thorson_geostatistical_2015' has no
(tagpdf)                related structure.
(tagpdf)                /Ref not updated.


Package tagpdf Warning: Label 'cite.ref-johnson_indexwc_2025' has no related
(tagpdf)                structure.
(tagpdf)                /Ref not updated.


Package tagpdf Warning: Label 'cite.ref-keller2017' has no related structure.
(tagpdf)                /Ref not updated.


Package tagpdf Warning: Label 'cite.ref-helser_generalized_2004' has no
(tagpdf)                related structure.
(tagpdf)                /Ref not updated.


Package tagpdf Warning: Label 'cite.ref-thorson_accounting_2014' has no
(tagpdf)                related structure.
(tagpdf)                /Ref not updated.


Package tagpdf Warning: Label 'cite.ref-nwfscSurvey_package_2025' has no
(tagpdf)                related structure.
(tagpdf)                /Ref not updated.


Package tagpdf Warning: Label 'cite.ref-stewart_bootstrapping_2014' has no
(tagpdf)                related structure.
(tagpdf)                /Ref not updated.


Package tagpdf Warning: Label 'cite.ref-weinberg_estimation_2002' has no
(tagpdf)                related structure.
(tagpdf)                /Ref not updated.


Package tagpdf Warning: Label 'cite.ref-zimmermann2001' has no related
(tagpdf)                structure.
(tagpdf)                /Ref not updated.


Package tagpdf Warning: Label 'cite.ref-helser_generalized_2004' has no
(tagpdf)                related structure.
(tagpdf)                /Ref not updated.


Package tagpdf Warning: Label 'cite.ref-thorson_accounting_2014' has no
(tagpdf)                related structure.
(tagpdf)                /Ref not updated.


Package tagpdf Warning: Label 'cite.ref-nwfscSurvey_package_2025' has no
(tagpdf)                related structure.
(tagpdf)                /Ref not updated.


Package tagpdf Warning: Label 'cite.ref-stewart_bootstrapping_2014' has no
(tagpdf)                related structure.
(tagpdf)                /Ref not updated.


Package tagpdf Warning: Label 'cite.ref-helser_generalized_2004' has no
(tagpdf)                related structure.
(tagpdf)                /Ref not updated.


Package tagpdf Warning: Label 'cite.ref-thorson_accounting_2014' has no
(tagpdf)                related structure.
(tagpdf)                /Ref not updated.


Package tagpdf Warning: Label 'cite.ref-nwfscSurvey_package_2025' has no
(tagpdf)                related structure.
(tagpdf)                /Ref not updated.


Package tagpdf Warning: Label 'cite.ref-stewart_bootstrapping_2014' has no
(tagpdf)                related structure.
(tagpdf)                /Ref not updated.


Package tagpdf Warning: Label 'cite.ref-helser_generalized_2004' has no
(tagpdf)                related structure.
(tagpdf)                /Ref not updated.


Package tagpdf Warning: Label 'cite.ref-thorson_accounting_2014' has no
(tagpdf)                related structure.
(tagpdf)                /Ref not updated.


Package tagpdf Warning: Label 'cite.ref-cope_upgrading_2022' has no related
(tagpdf)                structure.
(tagpdf)                /Ref not updated.


Package tagpdf Warning: Label 'cite.ref-hamel_development_2022' has no related
(tagpdf)                structure.
(tagpdf)                /Ref not updated.


Package tagpdf Warning: Label 'cite.ref-maunder_review_2023' has no related
(tagpdf)                structure.
(tagpdf)                /Ref not updated.


Package tagpdf Warning: Label 'cite.ref-cope_upgrading_2022' has no related
(tagpdf)                structure.
(tagpdf)                /Ref not updated.


Package tagpdf Warning: Label 'cite.ref-hamel_development_2022' has no related
(tagpdf)                structure.
(tagpdf)                /Ref not updated.


Package tagpdf Warning: Label 'cite.ref-hamel_development_2022' has no related
(tagpdf)                structure.
(tagpdf)                /Ref not updated.


Package tagpdf Warning: Label 'cite.ref-hamel_development_2022' has no related
(tagpdf)                structure.
(tagpdf)                /Ref not updated.


Package tagpdf Warning: Label 'cite.ref-punt_quantifying_2008' has no related
(tagpdf)                structure.
(tagpdf)                /Ref not updated.


Package tagpdf Warning: Label 'cite.ref-thorson_nwfscageingerror:_2012' has no
(tagpdf)                related structure.
(tagpdf)                /Ref not updated.


Package tagpdf Warning: Label 'cite.ref-dick_meta-analysis_2017' has no
(tagpdf)                related structure.
(tagpdf)                /Ref not updated.


Package tagpdf Warning: Label 'cite.ref-mcclure2023' has no related structure.
(tagpdf)                /Ref not updated.


Package tagpdf Warning: Label 'cite.ref-dick_estimates_2010' has no related
(tagpdf)                structure.
(tagpdf)                /Ref not updated.


Package tagpdf Warning: Label 'cite.ref-hicks_status_2013' has no related
(tagpdf)                structure.
(tagpdf)                /Ref not updated.


Package tagpdf Warning: Label 'cite.ref-francis_data_2011' has no related
(tagpdf)                structure.
(tagpdf)                /Ref not updated.


Package tagpdf Warning: Label 'cite.ref-thorson_model-based_2017' has no
(tagpdf)                related structure.
(tagpdf)                /Ref not updated.


Package tagpdf Warning: Label 'cite.ref-puntInsightsDataWeighting2017a' has no
(tagpdf)                related structure.
(tagpdf)                /Ref not updated.


Package tagpdf Warning: Label 'cite.ref-francis_data_2011' has no related
(tagpdf)                structure.
(tagpdf)                /Ref not updated.


Package tagpdf Warning: Label 'cite.ref-thorson_geostatistical_2015' has no
(tagpdf)                related structure.
(tagpdf)                /Ref not updated.


Package tagpdf Warning: Label 'cite.ref-hamel_development_2022' has no related
(tagpdf)                structure.
(tagpdf)                /Ref not updated.


Package tagpdf Warning: Label 'cite.ref-MethotWetzel2013' has no related
(tagpdf)                structure.
(tagpdf)                /Ref not updated.


Package tagpdf Warning: Label 'cite.ref-hamel_development_2022' has no related
(tagpdf)                structure.
(tagpdf)                /Ref not updated.


Package tagpdf Warning: Label 'cite.ref-hicks_status_2013' has no related
(tagpdf)                structure.
(tagpdf)                /Ref not updated.


Package tagpdf Warning: Label 'cite.ref-pikitch_evaluation_1988' has no
(tagpdf)                related structure.
(tagpdf)                /Ref not updated.


Package tagpdf Warning: Label 'cite.ref-pikitch_evaluation_1988' has no
(tagpdf)                related structure.
(tagpdf)                /Ref not updated.


Package tagpdf Warning: Label 'cite.ref-karnowski_historical_2014' has no
(tagpdf)                related structure.
(tagpdf)                /Ref not updated.


Package tagpdf Warning: Label 'cite.ref-karnowski_historical_2014' has no
(tagpdf)                related structure.
(tagpdf)                /Ref not updated.


Package tagpdf Warning: Label 'cite.ref-francis_data_2011' has no related
(tagpdf)                structure.
(tagpdf)                /Ref not updated.


Package tagpdf Warning: Label 'cite.ref-thorson_model-based_2017' has no
(tagpdf)                related structure.
(tagpdf)                /Ref not updated.


Package tagpdf Warning: Label 'cite.ref-mcallister_bayesian_1997' has no
(tagpdf)                related structure.
(tagpdf)                /Ref not updated.


Package tagpdf Warning: Label 'cite.ref-monnahan_overcoming_2019' has no
(tagpdf)                related structure.
(tagpdf)                /Ref not updated.


Package tagpdf Warning: Label
(tagpdf)                'cite.ref-thorsoncopeUniformUninformedMisinformed2017'
(tagpdf)                has no related structure.
(tagpdf)                /Ref not updated.


Package tagpdf Warning: Label 'cite.ref-hamel_development_2022' has no related
(tagpdf)                structure.
(tagpdf)                /Ref not updated.


Package tagpdf Warning: Label 'cite.ref-hamel_development_2022' has no related
(tagpdf)                structure.
(tagpdf)                /Ref not updated.


Package tagpdf Warning: Label 'cite.ref-mcclure2023' has no related structure.
(tagpdf)                /Ref not updated.


Package tagpdf Warning: Label 'cite.ref-Golden2024' has no related structure.
(tagpdf)                /Ref not updated.


Package tagpdf Warning: Label 'cite.ref-schroeder2019source' has no related
(tagpdf)                structure.
(tagpdf)                /Ref not updated.


Package tagpdf Warning: Label 'cite.ref-Santora_etal_2021' has no related
(tagpdf)                structure.
(tagpdf)                /Ref not updated.


Package tagpdf Warning: Label 'cite.ref-gasbarro_2025' has no related
(tagpdf)                structure.
(tagpdf)                /Ref not updated.


Package tagpdf Warning: Label 'cite.ref-Field_etal_2006' has no related
(tagpdf)                structure.
(tagpdf)                /Ref not updated.


Package tagpdf Warning: Label 'cite.ref-Koehn_etal_2016' has no related
(tagpdf)                structure.
(tagpdf)                /Ref not updated.


Package tagpdf Warning: Label 'cite.ref-mcclure2023' has no related structure.
(tagpdf)                /Ref not updated.


Package tagpdf Warning: Label 'cite.ref-mcclure2023' has no related structure.
(tagpdf)                /Ref not updated.


Package tagpdf Warning: Label 'cite.ref-harris_using_2019' has no related
(tagpdf)                structure.
(tagpdf)                /Ref not updated.

Package tagpdf Info: writing Root
)

Here is how much of LuaTeX's memory you used:
 161514 strings out of 476081
 1456967,14696376 words of node,token memory allocated
 263578 words of node memory still in use:
   7 hlist, 2 vlist, 2 rule, 2 glue, 4 kern, 3 glyph, 108731 attribute, 75 glue_spec, 22757 attribute_list, 1 write, 1 user_defined nodes
   avail lists: 1:10,2:192524,3:7708,4:662,5:1367,6:2866,7:44115,8:120,9:21341,10:24,11:2321
 180125 multiletter control sequences out of 65536+600000
 70 fonts using 18114423 bytes
 203i,21n,117p,2544b,1180s stack positions out of 10000i,1000n,20000p,200000b,200000s
<c:/Users/Jason.Cope/AppData/Roaming/TinyTeX/texmf-dist/fonts/opentype/public/lm/lmroman5-regular.otf><c:/Users/Jason.Cope/AppData/Roaming/TinyTeX/texmf-dist/fonts/opentype/public/lm/lmmono10-regular.otf><c:/Users/Jason.Cope/AppData/Roaming/TinyTeX/texmf-dist/fonts/opentype/public/lm/lmroman9-bold.otf><c:/Users/Jason.Cope/AppData/Roaming/TinyTeX/texmf-dist/fonts/opentype/public/lm-math/latinmodern-math.otf><c:/Users/Jason.Cope/AppData/Roaming/TinyTeX/texmf-dist/fonts/opentype/public/lm-math/latinmodern-math.otf><c:/Users/Jason.Cope/AppData/Roaming/TinyTeX/texmf-dist/fonts/opentype/public/lm/lmroman8-regular.otf><c:/Users/Jason.Cope/AppData/Roaming/TinyTeX/texmf-dist/fonts/opentype/public/lm/lmroman10-italic.otf><c:/Users/Jason.Cope/AppData/Roaming/TinyTeX/texmf-dist/fonts/opentype/public/lm/lmroman10-bold.otf><c:/Users/Jason.Cope/AppData/Roaming/TinyTeX/texmf-dist/fonts/opentype/public/lm/lmroman9-regular.otf><c:/Users/Jason.Cope/AppData/Roaming/TinyTeX/texmf-dist/fonts/opentype/public/lm/lmroman10-regular.otf><c:/Users/Jason.Cope/AppData/Roaming/TinyTeX/texmf-dist/fonts/opentype/public/lm/lmroman7-regular.otf><c:/Users/Jason.Cope/AppData/Roaming/TinyTeX/texmf-dist/fonts/opentype/public/lm/lmroman12-regular.otf><c:/Users/Jason.Cope/AppData/Roaming/TinyTeX/texmf-dist/fonts/opentype/public/lm/lmroman12-bold.otf>
Output written on SAR_USWC_Rougheye_and_Blackspotted_Rockfishes_skeleton_access.pdf (357 pages, 27176422 bytes).

PDF statistics: 54477 PDF objects out of 55141 (max. 8388607)
 52973 compressed objects within 530 object streams
 980 named destinations out of 1000 (max. 131072)
 248085 words of extra memory for PDF output out of 284195 (max. 100000000)

