
Initial statistics: 136 variables; iteration 0; function evaluation 0; phase 1
Function value 7.1760146e+03; maximum gradient component mag 2.7360e+01
Var    Value     Gradient |Var    Value     Gradient |Var    Value     Gradient
  1 -0.42334  1.27036e+01 |  2 -0.09289 -4.61146e+00 |  3 -0.01009 -1.23803e-01
  4 -0.01031 -1.27375e-01 |  5 -0.01053 -1.31042e-01 |  6 -0.01074 -1.34816e-01
  7 -0.01095 -1.38705e-01 |  8 -0.01115 -1.42697e-01 |  9 -0.01135 -1.46805e-01
 10 -0.01153 -1.51036e-01 | 11 -0.01171 -1.55386e-01 | 12 -0.01187 -1.59868e-01
 13 -0.01203 -1.64498e-01 | 14 -0.01217 -1.69264e-01 | 15 -0.01229 -1.74186e-01
 16 -0.01240 -1.79268e-01 | 17 -0.01249 -1.84516e-01 | 18 -0.01255 -1.89929e-01
 19 -0.01260 -1.95521e-01 | 20 -0.01262 -2.01292e-01 | 21 -0.01262 -2.07264e-01
 22 -0.01260 -2.13459e-01 | 23 -0.01254 -2.19889e-01 | 24 -0.01246 -2.26573e-01
 25 -0.01235 -2.33531e-01 | 26 -0.01220 -2.40758e-01 | 27 -0.01202 -2.48263e-01
 28 -0.01180 -2.56046e-01 | 29 -0.01154 -2.64111e-01 | 30 -0.01124 -2.72446e-01
 31 -0.01091 -2.81102e-01 | 32 -0.01054 -2.90097e-01 | 33 -0.01013 -2.99441e-01
 34 -0.00969 -3.09160e-01 | 35 -0.00923 -3.19264e-01 | 36 -0.00876 -3.29749e-01
 37 -0.00827 -3.40643e-01 | 38 -0.00779 -3.51943e-01 | 39 -0.00732 -3.63666e-01
 40 -0.00687 -3.75802e-01 | 41 -0.00646 -3.88301e-01 | 42 -0.00610 -4.01094e-01
 43 -0.00578 -4.14126e-01 | 44 -0.00550 -4.27371e-01 | 45 -0.00527 -4.40878e-01
 46 -0.00505 -4.54757e-01 | 47 -0.00484 -4.69100e-01 | 48 -0.00461 -4.83994e-01
 49 -0.00433 -4.99616e-01 | 50 -0.00397 -5.16059e-01 | 51 -0.00351 -5.33483e-01
 52 -0.00290 -5.52059e-01 | 53 -0.00211 -5.71921e-01 | 54 -0.00112 -5.93338e-01
 55  0.00012 -6.16369e-01 | 56  0.00162 -6.41700e-01 | 57  0.00342 -6.69378e-01
 58  0.00553 -6.99488e-01 | 59  0.00797 -7.32278e-01 | 60  0.01071 -7.67743e-01
 61  0.01374 -8.05730e-01 | 62  0.01700 -8.45649e-01 | 63  0.02037 -8.86643e-01
 64  0.02373 -9.27304e-01 | 65  0.02687 -9.65544e-01 | 66  0.02959 -9.98770e-01
 67  0.03168 -1.02423e+00 | 68  0.03301 -1.03935e+00 | 69  0.03358 -1.04228e+00
 70  0.03344 -1.03190e+00 | 71  0.03272 -1.00721e+00 | 72  0.03145 -9.66620e-01
 73  0.02960 -9.07625e-01 | 74  0.02705 -8.27149e-01 | 75  0.02380 -7.22456e-01
 76  0.01999 -5.91758e-01 | 77  0.01602 -4.34727e-01 | 78  0.01239 -2.53953e-01
 79  0.00955 -5.95730e-02 | 80  0.00761  1.25191e-01 | 81  0.00637  2.66444e-01
 82  0.00544  3.41848e-01 | 83  0.00468  4.01006e-01 | 84  0.00458  5.99251e-01
 85  0.00522  9.54655e-01 | 86  0.00545  1.16604e+00 | 87  0.00713  1.70405e+00
 88  0.00970  2.44845e+00 | 89  0.01366  3.37130e+00 | 90  0.01376  2.64604e+00
 91  0.01250  1.02916e+00 | 92  0.01081 -9.71356e-01 | 93  0.00275 -3.68810e+00
 94  0.00360 -4.53960e+00 | 95  0.02294 -1.33094e+00 | 96  0.02140 -1.16462e-01
 97 -0.00268 -2.79393e+00 | 98  0.01577  3.63626e+00 | 99  0.08374  2.12121e+01
100  0.02820  5.82391e+00 |101 -0.01452 -7.64394e+00 |102  0.00430 -7.12298e+00
103  0.01938 -3.23554e+00 |104  0.03866  3.17569e+00 |105  0.00285  1.82517e+00
106 -0.06248 -5.66198e+00 |107 -0.07893 -5.27227e+00 |108 -0.07730 -9.77047e-02
109 -0.03457  1.65868e+01 |110  0.06971  2.73604e+01 |111  0.02361  9.90075e+00
112  0.01375  3.83769e-01 |113 -0.02797  1.17096e+00 |114 -0.06716 -1.40631e+00
115 -0.00654 -4.26007e+00 |116  0.00456 -1.58839e+00 |117 -0.02731 -8.09239e+00
118  0.02817 -4.27101e+00 |119  0.07344 -7.55259e+00 |120  0.01038 -3.74486e+00
121  0.08254 -4.96460e+00 |122  0.00575 -2.69816e+00 |123  0.13287 -4.50287e-01
124 -0.00532  7.30916e-01 |125 -0.04646 -3.68936e+00 |126 -0.05671 -2.93865e+00
127 -0.02192 -3.07622e+00 |128  0.09420  5.56921e+00 |129  0.03190  7.14610e+00
130  0.01685  4.42489e+00 |131 -0.02798  1.77646e+00 |132 -0.01758  6.79050e-01
133 -0.00588  1.27371e-02 |134 -0.00040 -9.86714e-02 |135  0.27670 -1.33095e-04
136  0.18753  3.27385e-04 |

Intermediate statistics: 136 variables; iteration 20; function evaluation 28; phase 1
Function value 7.1743535e+03; maximum gradient component mag 1.1139e+01
Var    Value     Gradient |Var    Value     Gradient |Var    Value     Gradient
  1 -0.42330  1.11389e+01 |  2 -0.08355 -6.34702e+00 |  3 -0.01037 -1.26129e-01
  4 -0.01060 -1.29543e-01 |  5 -0.01083 -1.33032e-01 |  6 -0.01105 -1.36596e-01
  7 -0.01126 -1.40234e-01 |  8 -0.01147 -1.43945e-01 |  9 -0.01167 -1.47727e-01
 10 -0.01187 -1.51575e-01 | 11 -0.01205 -1.55488e-01 | 12 -0.01223 -1.59459e-01
 13 -0.01239 -1.63482e-01 | 14 -0.01254 -1.67553e-01 | 15 -0.01267 -1.71663e-01
 16 -0.01278 -1.75803e-01 | 17 -0.01288 -1.79964e-01 | 18 -0.01296 -1.84130e-01
 19 -0.01301 -1.88283e-01 | 20 -0.01304 -1.92401e-01 | 21 -0.01305 -1.96461e-01
 22 -0.01303 -2.00439e-01 | 23 -0.01298 -2.04309e-01 | 24 -0.01290 -2.08045e-01
 25 -0.01280 -2.11609e-01 | 26 -0.01266 -2.14964e-01 | 27 -0.01248 -2.18056e-01
 28 -0.01226 -2.20826e-01 | 29 -0.01201 -2.23205e-01 | 30 -0.01171 -2.25103e-01
 31 -0.01137 -2.26457e-01 | 32 -0.01100 -2.27173e-01 | 33 -0.01059 -2.27159e-01
 34 -0.01015 -2.26317e-01 | 35 -0.00968 -2.24531e-01 | 36 -0.00919 -2.21682e-01
 37 -0.00869 -2.17643e-01 | 38 -0.00819 -2.12286e-01 | 39 -0.00770 -2.05488e-01
 40 -0.00723 -1.97145e-01 | 41 -0.00679 -1.87166e-01 | 42 -0.00640 -1.75476e-01
 43 -0.00604 -1.62035e-01 | 44 -0.00573 -1.46823e-01 | 45 -0.00545 -1.29846e-01
 46 -0.00518 -1.11163e-01 | 47 -0.00492 -9.08902e-02 | 48 -0.00463 -6.91899e-02
 49 -0.00429 -4.62938e-02 | 50 -0.00387 -2.25160e-02 | 51 -0.00335  1.75059e-03
 52 -0.00268  2.60223e-02 | 53 -0.00183  4.97086e-02 | 54 -0.00078  7.21336e-02
 55  0.00050  9.24798e-02 | 56  0.00205  1.09985e-01 | 57  0.00389  1.23697e-01
 58  0.00603  1.32687e-01 | 59  0.00848  1.36149e-01 | 60  0.01123  1.33424e-01
 61  0.01425  1.24143e-01 | 62  0.01749  1.08253e-01 | 63  0.02085  8.58734e-02
 64  0.02419  5.69470e-02 | 65  0.02731  2.07362e-02 | 66  0.02999 -2.46138e-02
 67  0.03203 -8.14193e-02 | 68  0.03328 -1.51105e-01 | 69  0.03371 -2.33407e-01
 70  0.03341 -3.26081e-01 | 71  0.03250 -4.25866e-01 | 72  0.03104 -5.28438e-01
 73  0.02899 -6.28679e-01 | 74  0.02626 -7.21544e-01 | 75  0.02280 -8.04734e-01
 76  0.01873 -8.80551e-01 | 77  0.01442 -9.53972e-01 | 78  0.01036 -1.02715e+00
 79  0.00706 -1.09612e+00 | 80  0.00478 -1.14991e+00 | 81  0.00352 -1.17430e+00
 82  0.00299 -1.15641e+00 | 83  0.00285 -1.09654e+00 | 84  0.00280 -1.01620e+00
 85  0.00282 -9.20854e-01 | 86  0.00308 -7.70596e-01 | 87  0.00303 -6.57511e-01
 88  0.00247 -5.84107e-01 | 89  0.00175 -5.79600e-01 | 90  0.00383 -4.14724e-01
 91  0.00786 -2.11326e-01 | 92  0.01261 -9.96436e-02 | 93  0.01357 -2.72117e-01
 94  0.01544 -5.15241e-01 | 95  0.02704  1.21785e+00 | 96  0.02503  1.37184e+00
 97  0.02081  1.27169e+00 | 98  0.02509  2.06039e+00 | 99  0.02794  2.31217e+00
100  0.02617  2.29205e+00 |101  0.01805  4.58954e-01 |102  0.02582  9.09824e-01
103  0.02261 -5.66738e-02 |104  0.02351 -4.63730e-01 |105  0.00400  1.74871e+00
106 -0.04867  6.91351e-01 |107 -0.06306  2.79821e+00 |108 -0.06267  4.99069e+00
109 -0.04967  2.72485e+00 |110  0.05546  1.35002e+00 |111  0.02448  4.80089e-01
112  0.02287 -4.19280e-01 |113 -0.02770 -2.73611e-01 |114 -0.06311  3.15417e-01
115  0.00275  1.06811e+00 |116  0.00028  1.32263e+00 |117 -0.00738  8.05584e-01
118  0.03006  1.20124e+00 |119  0.08088 -4.61149e-01 |120  0.01552 -5.23048e-01
121  0.08517 -3.23199e+00 |122  0.01069 -1.11605e+00 |123  0.13734  1.38472e+00
124 -0.00503  2.57640e-01 |125 -0.03683 -3.35349e-01 |126 -0.04958 -3.31222e-01
127 -0.01497 -3.61160e-01 |128  0.07799  3.16962e-01 |129  0.00802 -1.08037e-01
130 -0.00258 -7.83160e-01 |131 -0.03859 -6.31724e-01 |132 -0.02083  1.13250e-02
133 -0.00577  7.27919e-02 |134  0.00003  7.93320e-03 |135  0.26334 -2.02132e+00
136  0.17656 -1.62023e+00 |

 - final statistics:
136 variables; iteration 23; function evaluation 32
Function value 7.1743e+03; maximum gradient component mag 5.9722e+00
Exit code = 1;  converg criter 1.0000e+01
Var    Value     Gradient |Var    Value     Gradient |Var    Value     Gradient
  1 -0.42341  5.97224e+00 |  2 -0.08678 -2.70091e+00 |  3 -0.01012 -4.35021e-02
  4 -0.01034 -4.45893e-02 |  5 -0.01055 -4.57449e-02 |  6 -0.01077 -4.69777e-02
  7 -0.01097 -4.83006e-02 |  8 -0.01118 -4.97290e-02 |  9 -0.01137 -5.12765e-02
 10 -0.01156 -5.29601e-02 | 11 -0.01173 -5.48010e-02 | 12 -0.01190 -5.68192e-02
 13 -0.01206 -5.90367e-02 | 14 -0.01220 -6.14820e-02 | 15 -0.01232 -6.41800e-02
 16 -0.01243 -6.71591e-02 | 17 -0.01253 -7.04479e-02 | 18 -0.01260 -7.40778e-02
 19 -0.01265 -7.80808e-02 | 20 -0.01268 -8.24963e-02 | 21 -0.01269 -8.73661e-02
 22 -0.01267 -9.27344e-02 | 23 -0.01263 -9.86478e-02 | 24 -0.01256 -1.05149e-01
 25 -0.01246 -1.12277e-01 | 26 -0.01233 -1.20064e-01 | 27 -0.01216 -1.28532e-01
 28 -0.01196 -1.37697e-01 | 29 -0.01173 -1.47565e-01 | 30 -0.01145 -1.58123e-01
 31 -0.01114 -1.69376e-01 | 32 -0.01080 -1.81289e-01 | 33 -0.01042 -1.93818e-01
 34 -0.01002 -2.06887e-01 | 35 -0.00959 -2.20394e-01 | 36 -0.00915 -2.34212e-01
 37 -0.00870 -2.48194e-01 | 38 -0.00825 -2.62165e-01 | 39 -0.00782 -2.75927e-01
 40 -0.00741 -2.89248e-01 | 41 -0.00704 -3.01851e-01 | 42 -0.00670 -3.13411e-01
 43 -0.00642 -3.23613e-01 | 44 -0.00617 -3.32135e-01 | 45 -0.00596 -3.38645e-01
 46 -0.00577 -3.42808e-01 | 47 -0.00557 -3.44256e-01 | 48 -0.00534 -3.42537e-01
 49 -0.00506 -3.37214e-01 | 50 -0.00469 -3.27833e-01 | 51 -0.00419 -3.13995e-01
 52 -0.00355 -2.95333e-01 | 53 -0.00271 -2.71650e-01 | 54 -0.00165 -2.42939e-01
 55 -0.00033 -2.09409e-01 | 56  0.00127 -1.71612e-01 | 57  0.00318 -1.30266e-01
 58  0.00541 -8.63720e-02 | 59  0.00797 -4.11227e-02 | 60  0.01085  4.08409e-03
 61  0.01402  4.74755e-02 | 62  0.01740  8.64850e-02 | 63  0.02088  1.17346e-01
 64  0.02430  1.35519e-01 | 65  0.02745  1.37907e-01 | 66  0.03011  1.26441e-01
 67  0.03214  1.08139e-01 | 68  0.03344  9.08544e-02 | 69  0.03403  7.85527e-02
 70  0.03397  6.77497e-02 | 71  0.03331  5.23617e-02 | 72  0.03205  2.47276e-02
 73  0.03012 -2.12049e-02 | 74  0.02738 -8.71050e-02 | 75  0.02384 -1.65938e-01
 76  0.01969 -2.44192e-01 | 77  0.01537 -3.15166e-01 | 78  0.01133 -3.84467e-01
 79  0.00802 -4.58845e-01 | 80  0.00569 -5.32799e-01 | 81  0.00432 -5.93097e-01
 82  0.00363 -6.27720e-01 | 83  0.00330 -6.29532e-01 | 84  0.00313 -5.97732e-01
 85  0.00310 -5.40682e-01 | 86  0.00319 -4.61596e-01 | 87  0.00312 -3.86795e-01
 88  0.00262 -3.35950e-01 | 89  0.00203 -3.38580e-01 | 90  0.00386 -2.62493e-01
 91  0.00718 -2.44936e-01 | 92  0.01109 -3.28652e-01 | 93  0.01311 -2.70506e-01
 94  0.01999  5.34037e-01 | 95  0.02491  7.95447e-01 | 96  0.02695  1.63831e+00
 97  0.02113  1.00624e+00 | 98  0.02141  7.11991e-01 | 99  0.02855  1.71289e+00
100  0.02186  7.14093e-01 |101  0.02083  5.83844e-01 |102  0.02464  3.85260e-01
103  0.02183 -3.37174e-01 |104  0.02449 -3.65739e-01 |105  0.00323  1.24207e+00
106 -0.05004 -2.93961e-01 |107 -0.06514  1.27682e+00 |108 -0.06567  3.10367e+00
109 -0.04985  2.23706e+00 |110  0.05468  3.45953e-01 |111  0.02269 -3.66246e-01
112  0.02358 -8.13126e-02 |113 -0.02831 -3.61507e-01 |114 -0.06363  1.38499e-01
115  0.00135  4.49845e-01 |116 -0.00106  7.21144e-01 |117 -0.00891  2.66085e-01
118  0.02975  1.17146e+00 |119  0.07996 -2.60238e-01 |120  0.01615  1.54501e-01
121  0.08648 -1.62562e+00 |122  0.01168 -2.72063e-01 |123  0.13974  3.60061e+00
124 -0.00598 -9.70163e-02 |125 -0.03714 -4.17131e-01 |126 -0.05012 -4.93880e-01
127 -0.01594 -6.60800e-01 |128  0.07648 -2.38204e-01 |129  0.00798 -1.14334e-01
130 -0.00124 -2.60336e-01 |131 -0.03931 -8.87166e-01 |132 -0.02043  1.28975e-01
133 -0.00526  1.99613e-01 |134  0.00000  7.08719e-04 |135  0.26828 -8.48950e-01
136  0.18059 -7.82922e-01 |

Initial statistics: 146 variables; iteration 0; function evaluation 0; phase 2
Function value 7.1743201e+03; maximum gradient component mag -4.4198e+01
Var    Value     Gradient |Var    Value     Gradient |Var    Value     Gradient
  1 -0.42341  5.97224e+00 |  2  0.37110 -2.13686e+01 |  3 -0.12614 -4.41983e+01
  4 -0.01321 -1.94648e+01 |  5 -0.70915 -3.01993e+00 |  6 -0.60419  2.12813e+01
  7  0.37628  1.38406e+01 |  8 -0.18524  5.41686e+00 |  9  0.03399  1.73776e+01
 10 -0.60948  6.20056e-01 | 11 -0.62338  2.53330e+01 | 12 -0.08678 -2.70091e+00
 13 -0.01012 -4.35021e-02 | 14 -0.01034 -4.45893e-02 | 15 -0.01055 -4.57449e-02
 16 -0.01077 -4.69777e-02 | 17 -0.01097 -4.83006e-02 | 18 -0.01118 -4.97290e-02
 19 -0.01137 -5.12765e-02 | 20 -0.01156 -5.29601e-02 | 21 -0.01173 -5.48010e-02
 22 -0.01190 -5.68192e-02 | 23 -0.01206 -5.90367e-02 | 24 -0.01220 -6.14820e-02
 25 -0.01232 -6.41800e-02 | 26 -0.01243 -6.71591e-02 | 27 -0.01253 -7.04479e-02
 28 -0.01260 -7.40778e-02 | 29 -0.01265 -7.80808e-02 | 30 -0.01268 -8.24963e-02
 31 -0.01269 -8.73661e-02 | 32 -0.01267 -9.27344e-02 | 33 -0.01263 -9.86478e-02
 34 -0.01256 -1.05149e-01 | 35 -0.01246 -1.12277e-01 | 36 -0.01233 -1.20064e-01
 37 -0.01216 -1.28532e-01 | 38 -0.01196 -1.37697e-01 | 39 -0.01173 -1.47565e-01
 40 -0.01145 -1.58123e-01 | 41 -0.01114 -1.69376e-01 | 42 -0.01080 -1.81289e-01
 43 -0.01042 -1.93818e-01 | 44 -0.01002 -2.06887e-01 | 45 -0.00959 -2.20394e-01
 46 -0.00915 -2.34212e-01 | 47 -0.00870 -2.48194e-01 | 48 -0.00825 -2.62165e-01
 49 -0.00782 -2.75927e-01 | 50 -0.00741 -2.89248e-01 | 51 -0.00704 -3.01851e-01
 52 -0.00670 -3.13411e-01 | 53 -0.00642 -3.23613e-01 | 54 -0.00617 -3.32135e-01
 55 -0.00596 -3.38645e-01 | 56 -0.00577 -3.42808e-01 | 57 -0.00557 -3.44256e-01
 58 -0.00534 -3.42537e-01 | 59 -0.00506 -3.37214e-01 | 60 -0.00469 -3.27833e-01
 61 -0.00419 -3.13995e-01 | 62 -0.00355 -2.95333e-01 | 63 -0.00271 -2.71650e-01
 64 -0.00165 -2.42939e-01 | 65 -0.00033 -2.09409e-01 | 66  0.00127 -1.71612e-01
 67  0.00318 -1.30266e-01 | 68  0.00541 -8.63720e-02 | 69  0.00797 -4.11227e-02
 70  0.01085  4.08409e-03 | 71  0.01402  4.74755e-02 | 72  0.01740  8.64850e-02
 73  0.02088  1.17346e-01 | 74  0.02430  1.35519e-01 | 75  0.02745  1.37907e-01
 76  0.03011  1.26441e-01 | 77  0.03214  1.08139e-01 | 78  0.03344  9.08544e-02
 79  0.03403  7.85527e-02 | 80  0.03397  6.77497e-02 | 81  0.03331  5.23617e-02
 82  0.03205  2.47276e-02 | 83  0.03012 -2.12049e-02 | 84  0.02738 -8.71050e-02
 85  0.02384 -1.65938e-01 | 86  0.01969 -2.44192e-01 | 87  0.01537 -3.15166e-01
 88  0.01133 -3.84467e-01 | 89  0.00802 -4.58845e-01 | 90  0.00569 -5.32799e-01
 91  0.00432 -5.93097e-01 | 92  0.00363 -6.27720e-01 | 93  0.00330 -6.29532e-01
 94  0.00313 -5.97732e-01 | 95  0.00310 -5.40682e-01 | 96  0.00319 -4.61596e-01
 97  0.00312 -3.86795e-01 | 98  0.00262 -3.35950e-01 | 99  0.00203 -3.38580e-01
100  0.00386 -2.62493e-01 |101  0.00718 -2.44936e-01 |102  0.01109 -3.28652e-01
103  0.01311 -2.70506e-01 |104  0.01999  5.34037e-01 |105  0.02491  7.95447e-01
106  0.02695  1.63831e+00 |107  0.02113  1.00624e+00 |108  0.02141  7.11991e-01
109  0.02855  1.71289e+00 |110  0.02186  7.14093e-01 |111  0.02083  5.83844e-01
112  0.02464  3.85260e-01 |113  0.02183 -3.37174e-01 |114  0.02449 -3.65739e-01
115  0.00323  1.24207e+00 |116 -0.05004 -2.93961e-01 |117 -0.06514  1.27682e+00
118 -0.06567  3.10367e+00 |119 -0.04985  2.23706e+00 |120  0.05468  3.45953e-01
121  0.02269 -3.66246e-01 |122  0.02358 -8.13126e-02 |123 -0.02831 -3.61507e-01
124 -0.06363  1.38499e-01 |125  0.00135  4.49845e-01 |126 -0.00106  7.21144e-01
127 -0.00891  2.66085e-01 |128  0.02975  1.17146e+00 |129  0.07996 -2.60238e-01
130  0.01615  1.54501e-01 |131  0.08648 -1.62562e+00 |132  0.01168 -2.72063e-01
133  0.13974  3.60061e+00 |134 -0.00598 -9.70163e-02 |135 -0.03714 -4.17131e-01
136 -0.05012 -4.93880e-01 |137 -0.01594 -6.60800e-01 |138  0.07648 -2.38204e-01
139  0.00798 -1.14334e-01 |140 -0.00124 -2.60336e-01 |141 -0.03931 -8.87166e-01
142 -0.02043  1.28975e-01 |143 -0.00526  1.99613e-01 |144  0.00000  7.08719e-04
145  0.26828 -8.48950e-01 |146  0.18059 -7.82922e-01 |

Intermediate statistics: 146 variables; iteration 20; function evaluation 26; phase 2
Function value 7.1742119e+03; maximum gradient component mag -3.5425e+01
Var    Value     Gradient |Var    Value     Gradient |Var    Value     Gradient
  1 -0.42353 -3.84015e+00 |  2  0.37228 -5.43769e+00 |  3 -0.12497 -3.54252e+01
  4 -0.01579 -2.14914e+01 |  5 -0.70301 -2.86857e+00 |  6 -0.60550 -1.42067e+01
  7  0.37842  1.46016e+01 |  8 -0.18422  4.74337e+00 |  9  0.03000  8.59625e+00
 10 -0.60435 -2.02236e-01 | 11 -0.62414  1.06420e+01 | 12 -0.09294 -1.32996e+00
 13 -0.01002  1.78349e-02 | 14 -0.01024  1.84334e-02 | 15 -0.01045  1.90279e-02
 16 -0.01066  1.96146e-02 | 17 -0.01087  2.01876e-02 | 18 -0.01107  2.07396e-02
 19 -0.01126  2.12645e-02 | 20 -0.01144  2.17540e-02 | 21 -0.01162  2.21976e-02
 22 -0.01178  2.25854e-02 | 23 -0.01193  2.29060e-02 | 24 -0.01207  2.31443e-02
 25 -0.01219  2.32867e-02 | 26 -0.01230  2.33177e-02 | 27 -0.01238  2.32228e-02
 28 -0.01245  2.29862e-02 | 29 -0.01250  2.25919e-02 | 30 -0.01252  2.20179e-02
 31 -0.01252  2.12401e-02 | 32 -0.01249  2.02328e-02 | 33 -0.01244  1.89683e-02
 34 -0.01236  1.74200e-02 | 35 -0.01226  1.55635e-02 | 36 -0.01211  1.33754e-02
 37 -0.01194  1.08382e-02 | 38 -0.01173  7.93617e-03 | 39 -0.01148  4.65755e-03
 40 -0.01119  9.96718e-04 | 41 -0.01086 -3.05509e-03 | 42 -0.01050 -7.49243e-03
 43 -0.01011 -1.23031e-02 | 44 -0.00969 -1.74613e-02 | 45 -0.00925 -2.29292e-02
 46 -0.00879 -2.86593e-02 | 47 -0.00832 -3.45942e-02 | 48 -0.00786 -4.06681e-02
 49 -0.00740 -4.68038e-02 | 50 -0.00698 -5.29100e-02 | 51 -0.00659 -5.88757e-02
 52 -0.00624 -6.45695e-02 | 53 -0.00594 -6.98545e-02 | 54 -0.00569 -7.45812e-02
 55 -0.00547 -7.85801e-02 | 56 -0.00527 -8.16581e-02 | 57 -0.00507 -8.35951e-02
 58 -0.00485 -8.41298e-02 | 59 -0.00458 -8.29919e-02 | 60 -0.00422 -7.98986e-02
 61 -0.00375 -7.45808e-02 | 62 -0.00313 -6.67882e-02 | 63 -0.00233 -5.63420e-02
 64 -0.00131 -4.31509e-02 | 65 -0.00004 -2.72522e-02 | 66  0.00151 -8.78781e-03
 67  0.00336  1.19427e-02 | 68  0.00553  3.45028e-02 | 69  0.00803  5.83760e-02
 70  0.01084  8.29248e-02 | 71  0.01394  1.07352e-01 | 72  0.01726  1.30515e-01
 73  0.02070  1.50872e-01 | 74  0.02411  1.66782e-01 | 75  0.02728  1.77451e-01
 76  0.03002  1.84089e-01 | 77  0.03214  1.89459e-01 | 78  0.03354  1.96080e-01
 79  0.03418  2.04864e-01 | 80  0.03415  2.14322e-01 | 81  0.03352  2.22218e-01
 82  0.03233  2.25631e-01 | 83  0.03050  2.21787e-01 | 84  0.02792  2.09076e-01
 85  0.02455  1.89321e-01 | 86  0.02056  1.67993e-01 | 87  0.01635  1.49069e-01
 88  0.01243  1.31213e-01 | 89  0.00925  1.11864e-01 | 90  0.00705  9.33687e-02
 91  0.00577  8.13028e-02 | 92  0.00514  7.95740e-02 | 93  0.00479  8.90161e-02
 94  0.00455  1.07194e-01 | 95  0.00440  1.26904e-01 | 96  0.00434  1.43218e-01
 97  0.00414  1.39056e-01 | 98  0.00356  1.01015e-01 | 99  0.00297  1.36216e-02
100  0.00462 -5.85858e-02 |101  0.00790 -1.90450e-01 |102  0.01212 -4.00120e-01
103  0.01426 -5.54286e-01 |104  0.01947 -3.88208e-01 |105  0.02413 -4.65163e-01
106  0.02409 -2.56618e-01 |107  0.02009 -5.69643e-01 |108  0.02114 -6.86889e-01
109  0.02530 -1.79018e-01 |110  0.02127 -2.68007e-01 |111  0.02020  9.67389e-02
112  0.02375  4.46736e-01 |113  0.02217  4.85953e-01 |114  0.02510  6.69316e-01
115  0.00088  1.18404e+00 |116 -0.04983 -2.11861e-01 |117 -0.06728  1.66221e-02
118 -0.07058  4.98221e-01 |119 -0.05363  3.57792e-01 |120  0.05373 -1.20366e+00
121  0.02265 -6.49213e-01 |122  0.02238  1.26005e-01 |123 -0.02888  9.39545e-03
124 -0.06503  2.54566e-01 |125 -0.00035  2.17817e-01 |126 -0.00301  9.84082e-02
127 -0.01023 -4.80985e-02 |128  0.02567  2.39525e-01 |129  0.08007 -6.34143e-01
130  0.01271  1.95560e-01 |131  0.08816 -1.21067e+00 |132  0.01133 -6.02414e-01
133  0.13516 -2.87819e-01 |134 -0.00658  1.65461e-01 |135 -0.03721  1.40460e-01
136 -0.04983 -6.88102e-02 |137 -0.01488 -3.53178e-01 |138  0.07745 -6.17939e-01
139  0.00836  6.91336e-02 |140 -0.00074 -1.12951e-01 |141 -0.03819 -3.53146e-01
142 -0.02063 -6.18446e-02 |143 -0.00628  3.15550e-01 |144  0.00000  3.65170e-04
145  0.27701 -6.70338e-01 |146  0.18770 -9.99075e-01 |

 - final statistics:
146 variables; iteration 26; function evaluation 33
Function value 7.1742e+03; maximum gradient component mag 1.5044e+00
Exit code = 1;  converg criter 1.0000e+01
Var    Value     Gradient |Var    Value     Gradient |Var    Value     Gradient
  1 -0.42354  3.85915e-01 |  2  0.37203  8.99484e-01 |  3 -0.12448  1.50441e+00
  4 -0.01556  1.06295e+00 |  5 -0.70013  1.40411e-01 |  6 -0.60534  4.83488e-01
  7  0.37858 -2.77021e-01 |  8 -0.18403  8.58369e-02 |  9  0.02932  1.60040e-01
 10 -0.60233 -9.28247e-01 | 11 -0.62461 -1.02028e-01 | 12 -0.09328 -5.27684e-01
 13 -0.01007 -2.40815e-03 | 14 -0.01028 -2.43634e-03 | 15 -0.01050 -2.47322e-03
 16 -0.01071 -2.52061e-03 | 17 -0.01092 -2.58126e-03 | 18 -0.01112 -2.65835e-03
 19 -0.01131 -2.75492e-03 | 20 -0.01150 -2.87494e-03 | 21 -0.01167 -3.02343e-03
 22 -0.01184 -3.20528e-03 | 23 -0.01199 -3.42589e-03 | 24 -0.01213 -3.69199e-03
 25 -0.01225 -4.00901e-03 | 26 -0.01236 -4.38226e-03 | 27 -0.01244 -4.81627e-03
 28 -0.01251 -5.31693e-03 | 29 -0.01256 -5.89297e-03 | 30 -0.01258 -6.55747e-03
 31 -0.01258 -7.32432e-03 | 32 -0.01255 -8.20632e-03 | 33 -0.01250 -9.21555e-03
 34 -0.01242 -1.03619e-02 | 35 -0.01231 -1.16531e-02 | 36 -0.01216 -1.30956e-02
 37 -0.01198 -1.46947e-02 | 38 -0.01176 -1.64574e-02 | 39 -0.01151 -1.83917e-02
 40 -0.01122 -2.05037e-02 | 41 -0.01088 -2.28055e-02 | 42 -0.01052 -2.52981e-02
 43 -0.01012 -2.79773e-02 | 44 -0.00969 -3.08309e-02 | 45 -0.00923 -3.38407e-02
 46 -0.00876 -3.69846e-02 | 47 -0.00828 -4.02376e-02 | 48 -0.00781 -4.35682e-02
 49 -0.00734 -4.69337e-02 | 50 -0.00691 -5.02755e-02 | 51 -0.00650 -5.35180e-02
 52 -0.00614 -5.65779e-02 | 53 -0.00583 -5.93863e-02 | 54 -0.00557 -6.18861e-02
 55 -0.00534 -6.40199e-02 | 56 -0.00513 -6.57173e-02 | 57 -0.00492 -6.68892e-02
 58 -0.00469 -6.74250e-02 | 59 -0.00441 -6.72203e-02 | 60 -0.00404 -6.61677e-02
 61 -0.00357 -6.41797e-02 | 62 -0.00295 -6.11875e-02 | 63 -0.00216 -5.71833e-02
 64 -0.00115 -5.22399e-02 | 65  0.00011 -4.65237e-02 | 66  0.00164 -4.03679e-02
 67  0.00346 -3.41945e-02 | 68  0.00560 -2.85469e-02 | 69  0.00806 -2.40174e-02
 70  0.01082 -2.11058e-02 | 71  0.01387 -2.00218e-02 | 72  0.01714 -2.04323e-02
 73  0.02054 -2.14369e-02 | 74  0.02393 -2.22024e-02 | 75  0.02712 -2.31941e-02
 76  0.02989 -2.62501e-02 | 77  0.03202 -3.20995e-02 | 78  0.03341 -3.85981e-02
 79  0.03405 -4.28711e-02 | 80  0.03400 -4.47635e-02 | 81  0.03336 -4.62164e-02
 82  0.03215 -4.93249e-02 | 83  0.03032 -5.43843e-02 | 84  0.02777 -5.94460e-02
 85  0.02445 -6.22488e-02 | 86  0.02050 -6.35191e-02 | 87  0.01631 -6.50192e-02
 88  0.01240 -6.53970e-02 | 89  0.00924 -6.21854e-02 | 90  0.00706 -5.38720e-02
 91  0.00581 -3.89735e-02 | 92  0.00517 -1.62008e-02 | 93  0.00479  1.49000e-02
 94  0.00450  5.39273e-02 | 95  0.00430  9.89919e-02 | 96  0.00418  1.46157e-01
 97  0.00398  1.88407e-01 | 98  0.00345  2.17895e-01 | 99  0.00303  2.27030e-01
100  0.00467  2.21693e-01 |101  0.00819  2.11932e-01 |102  0.01312  2.24469e-01
103  0.01583  2.25945e-01 |104  0.01981  1.32542e-01 |105  0.02446  1.59961e-02
106  0.02284 -1.82097e-01 |107  0.02021 -3.40252e-01 |108  0.02156 -4.93429e-01
109  0.02332 -4.93839e-01 |110  0.02142 -1.05819e-01 |111  0.02083  4.48769e-01
112  0.02426  7.76788e-01 |113  0.02294  6.04943e-01 |114  0.02511  7.18969e-02
115 -0.00195 -3.78660e-01 |116 -0.04930 -5.28125e-01 |117 -0.06673 -9.19297e-03
118 -0.07239 -3.14758e-01 |119 -0.05620 -3.57474e-01 |120  0.05567  3.76901e-01
121  0.02410  4.99633e-01 |122  0.02088 -1.81474e-01 |123 -0.02875  1.18479e-01
124 -0.06593 -1.37899e-01 |125 -0.00104 -4.26731e-02 |126 -0.00346 -9.79372e-02
127 -0.00991  1.41988e-01 |128  0.02393  1.22299e-01 |129  0.08263  5.75276e-01
130  0.00985 -3.12659e-03 |131  0.09116  5.02526e-01 |132  0.01264  2.75373e-01
133  0.13645  4.53080e-01 |134 -0.00715 -2.06976e-01 |135 -0.03777 -1.05104e-01
136 -0.05017 -1.97384e-01 |137 -0.01404 -7.91239e-02 |138  0.07991  1.31831e-01
139  0.00812 -6.76368e-02 |140 -0.00081 -2.74248e-01 |141 -0.03723  1.44872e-02
142 -0.02095 -1.67550e-01 |143 -0.00722  7.64294e-02 |144 -0.00000  5.28714e-05
145  0.27765 -1.88697e-02 |146  0.18821 -6.91999e-02 |

Initial statistics: 176 variables; iteration 0; function evaluation 0; phase 3
Function value 7.1741871e+03; maximum gradient component mag 2.1269e+01
Var    Value     Gradient |Var    Value     Gradient |Var    Value     Gradient
  1 -0.42354  3.85915e-01 |  2  0.37203  8.99484e-01 |  3 -0.12448  1.50441e+00
  4 -0.01556  1.06295e+00 |  5 -0.70013  1.40411e-01 |  6 -0.60534  4.83488e-01
  7  0.37858 -2.77021e-01 |  8 -0.18403  8.58369e-02 |  9  0.02932  1.60040e-01
 10 -0.60233 -9.28247e-01 | 11 -0.62461 -1.02028e-01 | 12 -0.09328 -5.27684e-01
 13 -0.01007 -2.40815e-03 | 14 -0.01028 -2.43634e-03 | 15 -0.01050 -2.47322e-03
 16 -0.01071 -2.52061e-03 | 17 -0.01092 -2.58126e-03 | 18 -0.01112 -2.65835e-03
 19 -0.01131 -2.75492e-03 | 20 -0.01150 -2.87494e-03 | 21 -0.01167 -3.02343e-03
 22 -0.01184 -3.20528e-03 | 23 -0.01199 -3.42589e-03 | 24 -0.01213 -3.69199e-03
 25 -0.01225 -4.00901e-03 | 26 -0.01236 -4.38226e-03 | 27 -0.01244 -4.81627e-03
 28 -0.01251 -5.31693e-03 | 29 -0.01256 -5.89297e-03 | 30 -0.01258 -6.55747e-03
 31 -0.01258 -7.32432e-03 | 32 -0.01255 -8.20632e-03 | 33 -0.01250 -9.21555e-03
 34 -0.01242 -1.03619e-02 | 35 -0.01231 -1.16531e-02 | 36 -0.01216 -1.30956e-02
 37 -0.01198 -1.46947e-02 | 38 -0.01176 -1.64574e-02 | 39 -0.01151 -1.83917e-02
 40 -0.01122 -2.05037e-02 | 41 -0.01088 -2.28055e-02 | 42 -0.01052 -2.52981e-02
 43 -0.01012 -2.79773e-02 | 44 -0.00969 -3.08309e-02 | 45 -0.00923 -3.38407e-02
 46 -0.00876 -3.69846e-02 | 47 -0.00828 -4.02376e-02 | 48 -0.00781 -4.35682e-02
 49 -0.00734 -4.69337e-02 | 50 -0.00691 -5.02755e-02 | 51 -0.00650 -5.35180e-02
 52 -0.00614 -5.65779e-02 | 53 -0.00583 -5.93863e-02 | 54 -0.00557 -6.18861e-02
 55 -0.00534 -6.40199e-02 | 56 -0.00513 -6.57173e-02 | 57 -0.00492 -6.68892e-02
 58 -0.00469 -6.74250e-02 | 59 -0.00441 -6.72203e-02 | 60 -0.00404 -6.61677e-02
 61 -0.00357 -6.41797e-02 | 62 -0.00295 -6.11875e-02 | 63 -0.00216 -5.71833e-02
 64 -0.00115 -5.22399e-02 | 65  0.00011 -4.65237e-02 | 66  0.00164 -4.03679e-02
 67  0.00346 -3.41945e-02 | 68  0.00560 -2.85469e-02 | 69  0.00806 -2.40174e-02
 70  0.01082 -2.11058e-02 | 71  0.01387 -2.00218e-02 | 72  0.01714 -2.04323e-02
 73  0.02054 -2.14369e-02 | 74  0.02393 -2.22024e-02 | 75  0.02712 -2.31941e-02
 76  0.02989 -2.62501e-02 | 77  0.03202 -3.20995e-02 | 78  0.03341 -3.85981e-02
 79  0.03405 -4.28711e-02 | 80  0.03400 -4.47635e-02 | 81  0.03336 -4.62164e-02
 82  0.03215 -4.93249e-02 | 83  0.03032 -5.43843e-02 | 84  0.02777 -5.94460e-02
 85  0.02445 -6.22488e-02 | 86  0.02050 -6.35191e-02 | 87  0.01631 -6.50192e-02
 88  0.01240 -6.53970e-02 | 89  0.00924 -6.21854e-02 | 90  0.00706 -5.38720e-02
 91  0.00581 -3.89735e-02 | 92  0.00517 -1.62008e-02 | 93  0.00479  1.49000e-02
 94  0.00450  5.39273e-02 | 95  0.00430  9.89919e-02 | 96  0.00418  1.46157e-01
 97  0.00398  1.88407e-01 | 98  0.00345  2.17895e-01 | 99  0.00303  2.27030e-01
100  0.00467  2.21693e-01 |101  0.00819  2.11932e-01 |102  0.01312  2.24469e-01
103  0.01583  2.25945e-01 |104  0.01981  1.32542e-01 |105  0.02446  1.59961e-02
106  0.02284 -1.82097e-01 |107  0.02021 -3.40252e-01 |108  0.02156 -4.93429e-01
109  0.02332 -4.93839e-01 |110  0.02142 -1.05819e-01 |111  0.02083  4.48769e-01
112  0.02426  7.76788e-01 |113  0.02294  6.04943e-01 |114  0.02511  7.18969e-02
115 -0.00195 -3.78660e-01 |116 -0.04930 -5.28125e-01 |117 -0.06673 -9.19297e-03
118 -0.07239 -3.14758e-01 |119 -0.05620 -3.57474e-01 |120  0.05567  3.76901e-01
121  0.02410  4.99633e-01 |122  0.02088 -1.81474e-01 |123 -0.02875  1.18479e-01
124 -0.06593 -1.37899e-01 |125 -0.00104 -4.26731e-02 |126 -0.00346 -9.79372e-02
127 -0.00991  1.41988e-01 |128  0.02393  1.22299e-01 |129  0.08263  5.75276e-01
130  0.00985 -3.12659e-03 |131  0.09116  5.02526e-01 |132  0.01264  2.75373e-01
133  0.13645  4.53080e-01 |134 -0.00715 -2.06976e-01 |135 -0.03777 -1.05104e-01
136 -0.05017 -1.97384e-01 |137 -0.01404 -7.91239e-02 |138  0.07991  1.31831e-01
139  0.00812 -6.76368e-02 |140 -0.00081 -2.74248e-01 |141 -0.03723  1.44872e-02
142 -0.02095 -1.67550e-01 |143 -0.00722  7.64294e-02 |144 -0.00000  5.28714e-05
145  0.27765 -1.88697e-02 |146  0.18821 -6.91999e-02 |147  0.04662 -7.02039e+00
148  0.29671  1.69122e+01 |149 -0.47543 -2.40363e-01 |150  0.31377  1.02716e-01
151  0.18255 -1.06868e+01 |152  0.25986  2.12694e+01 |153  0.17459  9.47432e-01
154  0.25418  1.14993e+00 |155  0.10351 -2.10715e+00 |156  0.29677  6.78378e+00
157  0.16893  1.10272e+00 |158  0.24623 -5.83093e-02 |159 -0.35197 -9.89185e-02
160  0.24281 -1.90269e-01 |161  0.20265 -4.60094e-02 |162  0.31675  3.02314e-01
163 -0.38040  3.97965e-01 |164  0.23607 -1.26674e-01 |165  0.05118  6.64611e-01
166  0.11969  6.51352e-01 |167  0.32140  4.10069e-01 |168  0.27252 -1.25164e+00
169  0.01343  4.02152e-01 |170  0.39319  6.07489e-01 |171  0.09932 -7.51999e-01
172  0.16368  9.24110e+00 |173  0.21870  5.45066e+00 |174  0.25726  3.65569e-01
175 -0.55411 -1.04804e-01 |176  0.17113  4.48757e-02 |

Intermediate statistics: 176 variables; iteration 20; function evaluation 22; phase 3
Function value 7.1741560e+03; maximum gradient component mag 9.9901e+00
Var    Value     Gradient |Var    Value     Gradient |Var    Value     Gradient
  1 -0.42341 -1.35972e+00 |  2  0.37225  4.62937e+00 |  3 -0.12464 -5.79868e+00
  4 -0.01584 -7.72674e-01 |  5 -0.70010 -4.44596e-01 |  6 -0.60538 -3.77945e+00
  7  0.37908 -2.82537e+00 |  8 -0.18378  2.38120e+00 |  9  0.02820 -7.28140e-01
 10 -0.60015  5.82990e-02 | 11 -0.62478 -1.14718e+00 | 12 -0.09472 -7.52244e-01
 13 -0.01014 -3.69411e-03 | 14 -0.01036 -3.82072e-03 | 15 -0.01058 -3.95248e-03
 16 -0.01079 -4.08959e-03 | 17 -0.01100 -4.23189e-03 | 18 -0.01120 -4.37983e-03
 19 -0.01140 -4.53364e-03 | 20 -0.01159 -4.69338e-03 | 21 -0.01176 -4.85904e-03
 22 -0.01193 -5.03053e-03 | 23 -0.01208 -5.20771e-03 | 24 -0.01222 -5.39039e-03
 25 -0.01235 -5.57845e-03 | 26 -0.01246 -5.77191e-03 | 27 -0.01255 -5.97104e-03
 28 -0.01261 -6.17625e-03 | 29 -0.01266 -6.38770e-03 | 30 -0.01269 -6.60507e-03
 31 -0.01269 -6.82743e-03 | 32 -0.01266 -7.05415e-03 | 33 -0.01261 -7.28481e-03
 34 -0.01253 -7.51934e-03 | 35 -0.01241 -7.75800e-03 | 36 -0.01227 -8.00123e-03
 37 -0.01209 -8.24942e-03 | 38 -0.01187 -8.50249e-03 | 39 -0.01161 -8.75999e-03
 40 -0.01131 -9.02198e-03 | 41 -0.01098 -9.28614e-03 | 42 -0.01061 -9.55269e-03
 43 -0.01020 -9.82208e-03 | 44 -0.00977 -1.00953e-02 | 45 -0.00931 -1.03737e-02
 46 -0.00883 -1.06583e-02 | 47 -0.00834 -1.09494e-02 | 48 -0.00786 -1.12468e-02
 49 -0.00739 -1.15492e-02 | 50 -0.00695 -1.18540e-02 | 51 -0.00654 -1.21568e-02
 52 -0.00617 -1.24501e-02 | 53 -0.00585 -1.27247e-02 | 54 -0.00558 -1.29720e-02
 55 -0.00534 -1.31871e-02 | 56 -0.00513 -1.33708e-02 | 57 -0.00492 -1.35260e-02
 58 -0.00469 -1.36537e-02 | 59 -0.00441 -1.37537e-02 | 60 -0.00405 -1.38237e-02
 61 -0.00359 -1.38594e-02 | 62 -0.00298 -1.38520e-02 | 63 -0.00220 -1.37887e-02
 64 -0.00121 -1.36526e-02 | 65  0.00003 -1.34164e-02 | 66  0.00153 -1.30607e-02
 67  0.00333 -1.25509e-02 | 68  0.00545 -1.18553e-02 | 69  0.00789 -1.09538e-02
 70  0.01064 -9.83077e-03 | 71  0.01368 -8.47480e-03 | 72  0.01695 -6.84506e-03
 73  0.02035 -4.84823e-03 | 74  0.02374 -2.36303e-03 | 75  0.02693  6.12115e-04
 76  0.02971  3.84853e-03 | 77  0.03187  7.15066e-03 | 78  0.03330  1.07331e-02
 79  0.03396  1.50036e-02 | 80  0.03394  1.99585e-02 | 81  0.03332  2.52317e-02
 82  0.03214  3.04044e-02 | 83  0.03036  3.53209e-02 | 84  0.02786  4.01131e-02
 85  0.02458  4.48879e-02 | 86  0.02068  4.94015e-02 | 87  0.01653  5.34570e-02
 88  0.01266  5.72148e-02 | 89  0.00953  6.08391e-02 | 90  0.00738  6.43146e-02
 91  0.00612  6.75373e-02 | 92  0.00545  7.02495e-02 | 93  0.00502  7.20768e-02
 94  0.00465  7.26071e-02 | 95  0.00435  7.13966e-02 | 96  0.00413  6.79417e-02
 97  0.00383  6.17225e-02 | 98  0.00326  5.26583e-02 | 99  0.00283  4.02597e-02
100  0.00450  2.50878e-02 |101  0.00801  6.19175e-03 |102  0.01277 -1.32210e-02
103  0.01524 -3.18790e-02 |104  0.01926 -5.50815e-02 |105  0.02393 -7.04427e-02
106  0.02266 -7.89193e-02 |107  0.02024 -7.09728e-02 |108  0.02202 -5.84781e-02
109  0.02406 -4.69586e-02 |110  0.02138 -2.29655e-02 |111  0.01967 -1.08151e-02
112  0.02258 -2.45930e-02 |113  0.02179 -7.38928e-02 |114  0.02483 -1.78279e-01
115 -0.00194 -2.69848e-01 |116 -0.04902 -2.97075e-01 |117 -0.06782 -3.45920e-01
118 -0.07251 -3.02615e-01 |119 -0.05568 -2.49083e-01 |120  0.05483 -6.54301e-01
121  0.02305 -4.57429e-01 |122  0.02115 -3.48176e-01 |123 -0.02930 -2.13870e-01
124 -0.06572 -3.46969e-02 |125 -0.00072 -4.54601e-02 |126 -0.00286  4.73839e-02
127 -0.00987  1.16685e-01 |128  0.02452  2.27598e-01 |129  0.08355  4.51889e-01
130  0.01093  3.16280e-01 |131  0.09318  6.34108e-01 |132  0.01373  2.77171e-01
133  0.13840  5.64960e-01 |134 -0.00594  5.78570e-02 |135 -0.03704  7.33056e-02
136 -0.04941  1.78735e-03 |137 -0.01354  4.47428e-03 |138  0.08013 -3.00144e-02
139  0.00858 -1.90512e-02 |140  0.00005  1.36031e-02 |141 -0.03726 -1.23854e-03
142 -0.02040 -3.05771e-02 |143 -0.00758  4.19270e-02 |144 -0.00000  1.65115e-05
145  0.27968 -5.41056e-01 |146  0.18987 -4.63072e-01 |147  0.04637 -4.86861e+00
148  0.29585  7.80003e+00 |149 -0.47427  7.95836e-03 |150  0.31327  9.34312e-03
151  0.18345 -4.32458e+00 |152  0.25935  8.72021e+00 |153  0.17414  1.60631e+00
154  0.25350 -1.21207e+00 |155  0.10269 -5.24343e-01 |156  0.29573  1.30054e+00
157  0.16818  1.36623e+00 |158  0.24551 -1.91911e+00 |159 -0.35099 -1.60411e-01
160  0.24422 -1.97601e-01 |161  0.20300 -4.53843e-02 |162  0.31456  2.93973e-01
163 -0.38341  4.12527e-01 |164  0.23703 -1.27558e-01 |165  0.05088  6.83095e-03
166  0.11981  5.54073e-01 |167  0.32126  4.93578e-01 |168  0.27260 -6.76289e-01
169  0.01306  9.38289e-02 |170  0.39212  7.09501e-02 |171  0.09911 -5.50144e+00
172  0.16343  9.99015e+00 |173  0.21845  4.84476e+00 |174  0.25680 -8.73153e+00
175 -0.55323 -1.54250e-01 |176  0.17080  4.00103e-02 |
176 variables; iteration 40; function evaluation 44; phase 3
Function value 7.1740902e+03; maximum gradient component mag 6.1897e+00
Var    Value     Gradient |Var    Value     Gradient |Var    Value     Gradient
  1 -0.42338 -1.00080e+00 |  2  0.37248  3.77731e+00 |  3 -0.12432 -2.96874e+00
  4 -0.01649 -2.05765e+00 |  5 -0.70005 -6.63480e-01 |  6 -0.60529 -2.32665e+00
  7  0.37961 -1.52069e+00 |  8 -0.18365  1.57825e+00 |  9  0.02740 -6.98205e-01
 10 -0.59891  5.22297e-02 | 11 -0.62484 -6.77342e-01 | 12 -0.09486  1.66196e+00
 13 -0.01012  8.29256e-03 | 14 -0.01034  8.73443e-03 | 15 -0.01056  9.18950e-03
 16 -0.01077  9.65604e-03 | 17 -0.01098  1.01329e-02 | 18 -0.01118  1.06169e-02
 19 -0.01137  1.11044e-02 | 20 -0.01156  1.15919e-02 | 21 -0.01173  1.20753e-02
 22 -0.01190  1.25500e-02 | 23 -0.01205  1.30112e-02 | 24 -0.01219  1.34538e-02
 25 -0.01231  1.38720e-02 | 26 -0.01242  1.42593e-02 | 27 -0.01251  1.46077e-02
 28 -0.01257  1.49078e-02 | 29 -0.01262  1.51496e-02 | 30 -0.01264  1.53224e-02
 31 -0.01264  1.54153e-02 | 32 -0.01262  1.54165e-02 | 33 -0.01257  1.53136e-02
 34 -0.01248  1.50944e-02 | 35 -0.01237  1.47468e-02 | 36 -0.01223  1.42594e-02
 37 -0.01205  1.36219e-02 | 38 -0.01183  1.28259e-02 | 39 -0.01158  1.18643e-02
 40 -0.01129  1.07290e-02 | 41 -0.01095  9.42198e-03 | 42 -0.01059  7.94070e-03
 43 -0.01019  6.28723e-03 | 44 -0.00976  4.46752e-03 | 45 -0.00930  2.48917e-03
 46 -0.00883  3.60296e-04 | 47 -0.00835 -1.91159e-03 | 48 -0.00788 -4.31963e-03
 49 -0.00741 -6.85386e-03 | 50 -0.00698 -9.49460e-03 | 51 -0.00657 -1.22068e-02
 52 -0.00622 -1.49418e-02 | 53 -0.00590 -1.76486e-02 | 54 -0.00564 -2.02844e-02
 55 -0.00541 -2.28148e-02 | 56 -0.00521 -2.52004e-02 | 57 -0.00500 -2.73828e-02
 58 -0.00478 -2.92810e-02 | 59 -0.00451 -3.08117e-02 | 60 -0.00416 -3.18894e-02
 61 -0.00369 -3.24466e-02 | 62 -0.00309 -3.24361e-02 | 63 -0.00231 -3.18543e-02
 64 -0.00132 -3.07414e-02 | 65 -0.00009 -2.91495e-02 | 66  0.00141 -2.71617e-02
 67  0.00320 -2.47189e-02 | 68  0.00531 -2.15584e-02 | 69  0.00774 -1.70972e-02
 70  0.01050 -1.03950e-02 | 71  0.01354 -4.82034e-04 | 72  0.01683  1.27836e-02
 73  0.02024  2.76957e-02 | 74  0.02364  4.15706e-02 | 75  0.02682  5.51570e-02
 76  0.02962  7.50760e-02 | 77  0.03185  1.05398e-01 | 78  0.03336  1.38825e-01
 79  0.03406  1.63924e-01 | 80  0.03401  1.79766e-01 | 81  0.03336  1.94436e-01
 82  0.03220  2.16629e-01 | 83  0.03048  2.47515e-01 | 84  0.02805  2.79284e-01
 85  0.02481  3.03564e-01 | 86  0.02093  3.22853e-01 | 87  0.01681  3.42019e-01
 88  0.01295  3.58562e-01 | 89  0.00981  3.71185e-01 | 90  0.00763  3.81559e-01
 91  0.00633  3.89805e-01 | 92  0.00558  3.94016e-01 | 93  0.00506  3.92072e-01
 94  0.00457  3.82641e-01 | 95  0.00416  3.65253e-01 | 96  0.00388  3.39222e-01
 97  0.00359  3.03982e-01 | 98  0.00297  2.59022e-01 | 99  0.00278  2.12530e-01
100  0.00466  1.63358e-01 |101  0.00869  1.28817e-01 |102  0.01303  3.50946e-02
103  0.01502 -7.44501e-02 |104  0.01967 -8.78029e-02 |105  0.02387 -2.07721e-01
106  0.02278 -1.94015e-01 |107  0.01977 -3.82546e-01 |108  0.02154 -4.36360e-01
109  0.02456 -2.80178e-01 |110  0.02087 -3.78018e-01 |111  0.01956 -4.25373e-01
112  0.02263 -5.29071e-01 |113  0.02159 -6.14267e-01 |114  0.02447 -6.84923e-01
115 -0.00216 -5.71348e-01 |116 -0.04902 -3.56436e-01 |117 -0.06759 -2.39974e-01
118 -0.07249 -2.44660e-01 |119 -0.05585 -2.35319e-01 |120  0.05506 -2.65067e-01
121  0.02328 -1.39305e-01 |122  0.02054 -3.03448e-01 |123 -0.02917 -4.21402e-02
124 -0.06593 -3.85040e-02 |125 -0.00082 -1.32536e-01 |126 -0.00242  4.92609e-02
127 -0.00957  2.64538e-02 |128  0.02301 -2.69862e-01 |129  0.08559  5.26729e-01
130  0.00800 -4.43094e-01 |131  0.09494  7.07001e-01 |132  0.01352 -1.08970e-03
133  0.13949  5.13908e-01 |134 -0.00626 -1.67426e-01 |135 -0.03745 -1.17915e-01
136 -0.04946 -6.11798e-02 |137 -0.01272  1.24809e-01 |138  0.08152  1.99875e-01
139  0.00924  1.16706e-01 |140  0.00063  1.70092e-01 |141 -0.03698  1.12173e-01
142 -0.02054 -4.00068e-02 |143 -0.00853 -1.41466e-01 |144 -0.00001 -4.61471e-04
145  0.27436 -3.66104e-01 |146  0.18584  7.78427e-02 |147  0.04661 -2.49382e+00
148  0.29574  4.73608e+00 |149 -0.47445 -1.84874e-01 |150  0.31370  1.38386e-01
151  0.18341 -2.99477e+00 |152  0.25910  5.68486e+00 |153  0.17341 -3.12377e-01
154  0.25314 -1.26792e-01 |155  0.10272 -2.29477e-01 |156  0.29563  6.62825e-01
157  0.16808  9.50286e-01 |158  0.24547 -1.29768e+00 |159 -0.31059 -1.41592e-01
160  0.31560 -1.81600e-01 |161  0.21301  6.18793e-02 |162  0.22199 -1.49180e-02
163 -0.52108  1.17948e-01 |164  0.27512  1.04258e-02 |165  0.05048 -5.95102e-01
166  0.11990  1.82802e+00 |167  0.32112  6.22460e-01 |168  0.27244 -2.47248e+00
169  0.01302 -3.07195e-01 |170  0.39238  5.43070e-01 |171  0.09915 -3.19859e+00
172  0.16333  6.18972e+00 |173  0.21844  3.46165e+00 |174  0.25676 -5.87621e+00
175 -0.52964 -9.09284e-03 |176  0.15296  3.72486e-02 |
176 variables; iteration 60; function evaluation 68; phase 3
Function value 7.1740443e+03; maximum gradient component mag -2.6226e+00
Var    Value     Gradient |Var    Value     Gradient |Var    Value     Gradient
  1 -0.42335  6.28208e-01 |  2  0.37209 -1.44632e+00 |  3 -0.12454  1.27798e+00
  4 -0.01580  1.01315e+00 |  5 -0.69988  3.12030e-01 |  6 -0.60526  9.48480e-01
  7  0.37938  8.94124e-01 |  8 -0.18385 -4.85643e-01 |  9  0.02786  2.31009e-01
 10 -0.59925  6.27832e-01 | 11 -0.62483  2.64153e-01 | 12 -0.09669 -9.14295e-01
 13 -0.01006  1.56858e-02 | 14 -0.01028  1.60872e-02 | 15 -0.01049  1.64303e-02
 16 -0.01071  1.67141e-02 | 17 -0.01091  1.69372e-02 | 18 -0.01112  1.71016e-02
 19 -0.01131  1.72124e-02 | 20 -0.01150  1.72760e-02 | 21 -0.01167  1.73006e-02
 22 -0.01184  1.72977e-02 | 23 -0.01199  1.72809e-02 | 24 -0.01213  1.72642e-02
 25 -0.01226  1.72659e-02 | 26 -0.01237  1.73057e-02 | 27 -0.01245  1.74072e-02
 28 -0.01252  1.75955e-02 | 29 -0.01257  1.78959e-02 | 30 -0.01259  1.83308e-02
 31 -0.01259  1.89209e-02 | 32 -0.01256  1.96875e-02 | 33 -0.01250  2.06498e-02
 34 -0.01242  2.18236e-02 | 35 -0.01230  2.32193e-02 | 36 -0.01215  2.48360e-02
 37 -0.01196  2.66601e-02 | 38 -0.01173  2.86574e-02 | 39 -0.01147  3.07740e-02
 40 -0.01117  3.29362e-02 | 41 -0.01082  3.50441e-02 | 42 -0.01045  3.69903e-02
 43 -0.01003  3.86563e-02 | 44 -0.00959  3.99228e-02 | 45 -0.00913  4.06788e-02
 46 -0.00865  4.08332e-02 | 47 -0.00817  4.03301e-02 | 48 -0.00769  3.91507e-02
 49 -0.00723  3.73164e-02 | 50 -0.00680  3.48760e-02 | 51 -0.00640  3.18910e-02
 52 -0.00604  2.84255e-02 | 53 -0.00574  2.45524e-02 | 54 -0.00548  2.03516e-02
 55 -0.00526  1.59138e-02 | 56 -0.00507  1.13506e-02 | 57 -0.00488  6.81096e-03
 58 -0.00466  2.50745e-03 | 59 -0.00439 -1.25871e-03 | 60 -0.00405 -4.08792e-03
 61 -0.00358 -5.49652e-03 | 62 -0.00297 -4.98168e-03 | 63 -0.00217 -2.19832e-03
 64 -0.00115  2.74807e-03 | 65  0.00012  8.95039e-03 | 66  0.00166  1.44209e-02
 67  0.00348  1.65856e-02 | 68  0.00561  1.37834e-02 | 69  0.00804  7.65579e-03
 70  0.01080  3.87724e-03 | 71  0.01389  6.51453e-03 | 72  0.01721  8.07091e-03
 73  0.02059 -5.26603e-03 | 74  0.02394 -2.62926e-02 | 75  0.02712 -4.09153e-02
 76  0.02981 -7.05474e-02 | 77  0.03191 -9.88745e-02 | 78  0.03352 -8.15914e-02
 79  0.03431 -7.57666e-02 | 80  0.03410 -1.26423e-01 | 81  0.03330 -1.75201e-01
 82  0.03222 -1.73829e-01 | 83  0.03059 -1.61849e-01 | 84  0.02806 -1.77196e-01
 85  0.02475 -1.92605e-01 | 86  0.02082 -2.02761e-01 | 87  0.01668 -2.02501e-01
 88  0.01283 -1.91322e-01 | 89  0.00966 -1.89900e-01 | 90  0.00742 -1.88892e-01
 91  0.00609 -1.78024e-01 | 92  0.00532 -1.56726e-01 | 93  0.00478 -1.27437e-01
 94  0.00428 -9.30383e-02 | 95  0.00389 -5.78235e-02 | 96  0.00364 -3.28716e-02
 97  0.00324 -3.45920e-02 | 98  0.00194 -7.88444e-02 | 99  0.00270 -5.97498e-02
100  0.00477 -1.23791e-01 |101  0.01141  5.75838e-02 |102  0.01231 -1.77891e-01
103  0.01418 -1.97109e-01 |104  0.02237  3.22002e-01 |105  0.02514  4.31443e-01
106  0.02214  1.64698e-01 |107  0.02004  1.70551e-01 |108  0.02264  3.89924e-01
109  0.02304  2.46178e-01 |110  0.01736  4.08855e-01 |111  0.01822  8.84480e-02
112  0.02369  3.84588e-01 |113  0.02411  5.29981e-01 |114  0.02441  1.25141e-01
115 -0.00206  3.68784e-01 |116 -0.04980 -3.18775e-03 |117 -0.06845 -1.65883e-01
118 -0.07308 -1.71437e-01 |119 -0.05602 -4.64154e-03 |120  0.05464  1.95532e-01
121  0.02255  1.27662e-01 |122  0.02039  1.21244e-01 |123 -0.02952  1.54288e-01
124 -0.06626 -5.17727e-02 |125 -0.00120 -7.35332e-02 |126 -0.00392 -2.85481e-01
127 -0.00938  1.50072e-01 |128  0.02460  1.20830e-01 |129  0.08361  2.72222e-02
130  0.01158  2.66075e-01 |131  0.09259 -5.44013e-01 |132  0.01409 -5.62029e-02
133  0.13901 -9.82573e-02 |134 -0.00526  9.12406e-02 |135 -0.03602  2.28277e-01
136 -0.04785  4.02926e-01 |137 -0.01281  6.98504e-02 |138  0.08087 -6.92227e-02
139  0.00832 -1.69979e-01 |140 -0.00081 -2.75037e-01 |141 -0.03924 -5.69350e-01
142 -0.01954  3.16986e-01 |143 -0.00658  2.63639e-01 |144 -0.00002 -1.56320e-03
145  0.26068 -2.24667e-01 |146  0.18392  3.14632e-01 |147  0.04669  9.48656e-01
148  0.29545 -1.92980e+00 |149 -0.47299  2.71112e-02 |150  0.31585  2.08157e-01
151  0.18394  1.18582e+00 |152  0.25894 -2.27164e+00 |153  0.17368 -2.20661e-02
154  0.25328 -2.21369e-02 |155  0.10322  2.23870e-01 |156  0.29572 -1.77811e-01
157  0.16737 -8.24327e-01 |158  0.24515  3.10235e-01 |159 -0.20190 -7.81351e-02
160  0.53935 -5.84467e-03 |161  0.06027 -2.96971e-02 |162  0.22017  1.65041e-01
163 -0.69322  1.56867e-02 |164  0.24142 -3.62560e-03 |165  0.05086  2.67357e-01
166  0.11978 -8.02604e-01 |167  0.32108 -1.96746e-01 |168  0.27270  1.06141e+00
169  0.01334  3.35169e-01 |170  0.39238  1.75713e-01 |171  0.09922  1.19072e+00
172  0.16310 -2.62264e+00 |173  0.21830 -1.39912e+00 |174  0.25678  2.46991e+00
175 -0.50059  9.66881e-02 |176  0.04378  2.07330e-02 |

 - final statistics:
176 variables; iteration 78; function evaluation 93
Function value 7.1740e+03; maximum gradient component mag -9.8712e-01
Exit code = 1;  converg criter 1.0000e+00
Var    Value     Gradient |Var    Value     Gradient |Var    Value     Gradient
  1 -0.42337  1.98840e-01 |  2  0.37219 -1.91672e-01 |  3 -0.12447  1.71770e-01
  4 -0.01600  1.43440e-01 |  5 -0.70005  7.19291e-02 |  6 -0.60525  1.07642e-01
  7  0.37934  1.12466e-01 |  8 -0.18384 -4.86152e-02 |  9  0.02790  6.72791e-02
 10 -0.60000 -6.38690e-02 | 11 -0.62475  4.28124e-02 | 12 -0.09638 -9.87119e-01
 13 -0.01013 -2.70117e-03 | 14 -0.01035 -2.89734e-03 | 15 -0.01056 -3.13026e-03
 16 -0.01078 -3.39707e-03 | 17 -0.01099 -3.69489e-03 | 18 -0.01119 -4.01912e-03
 19 -0.01139 -4.36555e-03 | 20 -0.01158 -4.73025e-03 | 21 -0.01175 -5.10938e-03
 22 -0.01192 -5.49998e-03 | 23 -0.01208 -5.89985e-03 | 24 -0.01222 -6.30701e-03
 25 -0.01234 -6.72046e-03 | 26 -0.01245 -7.13900e-03 | 27 -0.01254 -7.56108e-03
 28 -0.01261 -7.98441e-03 | 29 -0.01266 -8.40626e-03 | 30 -0.01268 -8.82205e-03
 31 -0.01268 -9.22554e-03 | 32 -0.01266 -9.60673e-03 | 33 -0.01261 -9.95119e-03
 34 -0.01253 -1.02387e-02 | 35 -0.01241 -1.04421e-02 | 36 -0.01227 -1.05256e-02
 37 -0.01208 -1.04464e-02 | 38 -0.01186 -1.01558e-02 | 39 -0.01160 -9.60386e-03
 40 -0.01130 -8.74163e-03 | 41 -0.01096 -7.54491e-03 | 42 -0.01059 -6.00371e-03
 43 -0.01017 -4.14168e-03 | 44 -0.00973 -2.02291e-03 | 45 -0.00926  2.49099e-04
 46 -0.00877  2.53623e-03 | 47 -0.00828  4.68148e-03 | 48 -0.00779  6.53182e-03
 49 -0.00731  7.95770e-03 | 50 -0.00686  8.86564e-03 | 51 -0.00645  9.19993e-03
 52 -0.00608  8.93714e-03 | 53 -0.00576  8.08000e-03 | 54 -0.00550  6.64309e-03
 55 -0.00527  4.63721e-03 | 56 -0.00506  2.06425e-03 | 57 -0.00486 -1.07257e-03
 58 -0.00464 -4.74344e-03 | 59 -0.00438 -8.85047e-03 | 60 -0.00404 -1.31826e-02
 61 -0.00359 -1.73769e-02 | 62 -0.00299 -2.09252e-02 | 63 -0.00222 -2.33135e-02
 64 -0.00123 -2.43374e-02 | 65  0.00001 -2.44356e-02 | 66  0.00152 -2.45168e-02
 67  0.00332 -2.45575e-02 | 68  0.00544 -2.27469e-02 | 69  0.00790 -1.98997e-02
 70  0.01063 -2.55012e-02 | 71  0.01361 -3.96524e-02 | 72  0.01689 -3.66462e-02
 73  0.02032 -3.13388e-02 | 74  0.02364 -4.48175e-02 | 75  0.02670 -7.09313e-02
 76  0.02976 -1.87258e-02 | 77  0.03228  4.46869e-02 | 78  0.03335 -2.44316e-02
 79  0.03477  1.08509e-01 | 80  0.03414 -3.75184e-03 | 81  0.03328 -5.07623e-02
 82  0.03248  1.40934e-02 | 83  0.03027 -6.99062e-02 | 84  0.02803 -2.41460e-02
 85  0.02496  1.34272e-02 | 86  0.02110  1.96491e-02 | 87  0.01695  2.14453e-02
 88  0.01299  3.24888e-03 | 89  0.00978 -9.02282e-03 | 90  0.00760 -7.38307e-03
 91  0.00627 -9.38920e-03 | 92  0.00548 -1.59022e-02 | 93  0.00489 -2.47247e-02
 94  0.00432 -3.46746e-02 | 95  0.00382 -4.49299e-02 | 96  0.00348 -5.09807e-02
 97  0.00307 -4.20949e-02 | 98  0.00189 -9.93018e-03 | 99  0.00241 -3.11805e-02
100  0.00499  2.22146e-02 |101  0.01037 -1.50565e-01 |102  0.01337  6.89219e-02
103  0.01504 -5.00537e-02 |104  0.02148 -8.19816e-03 |105  0.02380 -3.68808e-02
106  0.02267  4.79116e-02 |107  0.02088  1.19746e-01 |108  0.02233  1.28696e-01
109  0.02269  4.24729e-02 |110  0.01592  6.69537e-02 |111  0.01957  2.40388e-01
112  0.02341 -4.31615e-03 |113  0.02377 -6.25349e-02 |114  0.02629  7.99212e-02
115 -0.00396 -2.15560e-01 |116 -0.04965  2.61536e-02 |117 -0.06784  7.66496e-02
118 -0.07266  1.62862e-02 |119 -0.05580  4.46484e-02 |120  0.05464  8.02681e-02
121  0.02260  2.92129e-02 |122  0.02028 -8.11225e-02 |123 -0.02958  4.63104e-02
124 -0.06598  6.87850e-02 |125 -0.00092  1.39211e-01 |126 -0.00274  1.34125e-01
127 -0.01001 -8.00318e-03 |128  0.02435  8.33344e-04 |129  0.08380  1.70018e-02
130  0.01071  2.23835e-02 |131  0.09352  3.13525e-02 |132  0.01389 -2.62224e-02
133  0.13905 -2.23423e-02 |134 -0.00555 -1.46071e-02 |135 -0.03687 -6.49477e-02
136 -0.04942 -1.19944e-01 |137 -0.01307 -4.43930e-02 |138  0.08108  1.01264e-02
139  0.00918  7.89736e-02 |140  0.00041  5.50987e-02 |141 -0.03706  7.19152e-02
142 -0.02106 -1.60584e-01 |143 -0.00746  6.97959e-02 |144 -0.00002  7.64544e-05
145  0.25561 -2.21145e-01 |146  0.18818 -3.23782e-01 |147  0.04673  1.21385e-01
148  0.29555 -2.01622e-01 |149 -0.47387  5.80742e-02 |150  0.31323 -4.23926e-03
151  0.18397  2.02211e-01 |152  0.25904 -2.06781e-01 |153  0.17373  2.19209e-03
154  0.25331 -3.52070e-03 |155  0.10283 -4.62780e-02 |156  0.29557 -5.48265e-02
157  0.16803 -4.42537e-02 |158  0.24551  6.80052e-02 |159 -0.17445 -3.95514e-02
160  0.61284  1.09153e-03 |161 -0.02165 -5.53014e-03 |162  0.13314  5.42624e-02
163 -0.72267  8.02799e-03 |164  0.22863 -7.80336e-03 |165  0.05071  3.73371e-02
166  0.11983 -1.05982e-01 |167  0.32104 -1.66999e-02 |168  0.27262  1.50390e-01
169  0.01307  1.66830e-02 |170  0.39198 -2.62120e-02 |171  0.09921  1.01156e-01
172  0.16320 -3.32023e-01 |173  0.21833 -1.35090e-01 |174  0.25678  3.13881e-01
175 -0.52131 -8.15356e-02 |176 -0.00784  5.28583e-03 |

Initial statistics: 200 variables; iteration 0; function evaluation 0; phase 4
Function value 7.1740299e+03; maximum gradient component mag 2.3752e+01
Var    Value     Gradient |Var    Value     Gradient |Var    Value     Gradient
  1 -0.42337  1.98840e-01 |  2  0.37219 -1.91672e-01 |  3 -0.12447  1.71770e-01
  4 -0.01600  1.43440e-01 |  5 -0.70005  7.19291e-02 |  6 -0.60525  1.07642e-01
  7  0.37934  1.12466e-01 |  8 -0.18384 -4.86152e-02 |  9  0.02790  6.72791e-02
 10 -0.60000 -6.38690e-02 | 11 -0.62475  4.28124e-02 | 12 -0.09638 -9.87119e-01
 13 -0.01013 -2.70117e-03 | 14 -0.01035 -2.89734e-03 | 15 -0.01056 -3.13026e-03
 16 -0.01078 -3.39707e-03 | 17 -0.01099 -3.69489e-03 | 18 -0.01119 -4.01912e-03
 19 -0.01139 -4.36555e-03 | 20 -0.01158 -4.73025e-03 | 21 -0.01175 -5.10938e-03
 22 -0.01192 -5.49998e-03 | 23 -0.01208 -5.89985e-03 | 24 -0.01222 -6.30701e-03
 25 -0.01234 -6.72046e-03 | 26 -0.01245 -7.13900e-03 | 27 -0.01254 -7.56108e-03
 28 -0.01261 -7.98441e-03 | 29 -0.01266 -8.40626e-03 | 30 -0.01268 -8.82205e-03
 31 -0.01268 -9.22554e-03 | 32 -0.01266 -9.60673e-03 | 33 -0.01261 -9.95119e-03
 34 -0.01253 -1.02387e-02 | 35 -0.01241 -1.04421e-02 | 36 -0.01227 -1.05256e-02
 37 -0.01208 -1.04464e-02 | 38 -0.01186 -1.01558e-02 | 39 -0.01160 -9.60386e-03
 40 -0.01130 -8.74163e-03 | 41 -0.01096 -7.54491e-03 | 42 -0.01059 -6.00371e-03
 43 -0.01017 -4.14168e-03 | 44 -0.00973 -2.02291e-03 | 45 -0.00926  2.49099e-04
 46 -0.00877  2.53623e-03 | 47 -0.00828  4.68148e-03 | 48 -0.00779  6.53182e-03
 49 -0.00731  7.95770e-03 | 50 -0.00686  8.86564e-03 | 51 -0.00645  9.19993e-03
 52 -0.00608  8.93714e-03 | 53 -0.00576  8.08000e-03 | 54 -0.00550  6.64309e-03
 55 -0.00527  4.63721e-03 | 56 -0.00506  2.06425e-03 | 57 -0.00486 -1.07257e-03
 58 -0.00464 -4.74344e-03 | 59 -0.00438 -8.85047e-03 | 60 -0.00404 -1.31826e-02
 61 -0.00359 -1.73769e-02 | 62 -0.00299 -2.09252e-02 | 63 -0.00222 -2.33135e-02
 64 -0.00123 -2.43374e-02 | 65  0.00001 -2.44356e-02 | 66  0.00152 -2.45168e-02
 67  0.00332 -2.45575e-02 | 68  0.00544 -2.27469e-02 | 69  0.00790 -1.98997e-02
 70  0.01063 -2.55012e-02 | 71  0.01361 -3.96524e-02 | 72  0.01689 -3.66462e-02
 73  0.02032 -3.13388e-02 | 74  0.02364 -4.48175e-02 | 75  0.02670 -7.09313e-02
 76  0.02976 -1.87258e-02 | 77  0.03228  4.46869e-02 | 78  0.03335 -2.44316e-02
 79  0.03477  1.08509e-01 | 80  0.03414 -3.75184e-03 | 81  0.03328 -5.07623e-02
 82  0.03248  1.40934e-02 | 83  0.03027 -6.99062e-02 | 84  0.02803 -2.41460e-02
 85  0.02496  1.34272e-02 | 86  0.02110  1.96491e-02 | 87  0.01695  2.14453e-02
 88  0.01299  3.24888e-03 | 89  0.00978 -9.02282e-03 | 90  0.00760 -7.38307e-03
 91  0.00627 -9.38920e-03 | 92  0.00548 -1.59022e-02 | 93  0.00489 -2.47247e-02
 94  0.00432 -3.46746e-02 | 95  0.00382 -4.49299e-02 | 96  0.00348 -5.09807e-02
 97  0.00307 -4.20949e-02 | 98  0.00189 -9.93018e-03 | 99  0.00241 -3.11805e-02
100  0.00499  2.22146e-02 |101  0.01037 -1.50565e-01 |102  0.01337  6.89219e-02
103  0.01504 -5.00537e-02 |104  0.02148 -8.19816e-03 |105  0.02380 -3.68808e-02
106  0.02267  4.79116e-02 |107  0.02088  1.19746e-01 |108  0.02233  1.28696e-01
109  0.02269  4.24729e-02 |110  0.01592  6.69537e-02 |111  0.01957  2.40388e-01
112  0.02341 -4.31615e-03 |113  0.02377 -6.25349e-02 |114  0.02629  7.99212e-02
115 -0.00396 -2.15560e-01 |116 -0.04965  2.61536e-02 |117 -0.06784  7.66496e-02
118 -0.07266  1.62862e-02 |119 -0.05580  4.46484e-02 |120  0.05464  8.02681e-02
121  0.02260  2.92129e-02 |122  0.02028 -8.11225e-02 |123 -0.02958  4.63104e-02
124 -0.06598  6.87850e-02 |125 -0.00092  1.39211e-01 |126 -0.00274  1.34125e-01
127 -0.01001 -8.00318e-03 |128  0.02435  8.33344e-04 |129  0.08380  1.70018e-02
130  0.01071  2.23835e-02 |131  0.09352  3.13525e-02 |132  0.01389 -2.62224e-02
133  0.13905 -2.23423e-02 |134 -0.00555 -1.46071e-02 |135 -0.03687 -6.49477e-02
136 -0.04942 -1.19944e-01 |137 -0.01307 -4.43930e-02 |138  0.08108  1.01264e-02
139  0.00918  7.89736e-02 |140  0.00041  5.50987e-02 |141 -0.03706  7.19152e-02
142 -0.02106 -1.60584e-01 |143 -0.00746  6.97959e-02 |144 -0.00002  7.64544e-05
145  0.25561 -2.21145e-01 |146  0.18818 -3.23782e-01 |147  0.04673  1.21385e-01
148  0.29555 -2.01622e-01 |149  0.01638  1.74193e+00 |150 -0.11477  5.79421e+00
151 -0.47387  5.80742e-02 |152  0.31323 -4.23926e-03 |153  0.04878 -1.17409e-01
154 -0.23502 -7.59836e-01 |155  0.18397  2.02211e-01 |156  0.25904 -2.06781e-01
157  0.17373  2.19209e-03 |158  0.25331 -3.52070e-03 |159  0.00587 -6.35250e-02
160 -0.09827  3.82342e+00 |161  0.10283 -4.62780e-02 |162  0.29557 -5.48265e-02
163  0.16803 -4.42537e-02 |164  0.24551  6.80052e-02 |165 -0.17445 -3.95514e-02
166  0.61284  1.09153e-03 |167  0.05275  2.31533e-01 |168 -0.18762  2.05894e-01
169 -0.02165 -5.53014e-03 |170  0.13314  5.42624e-02 |171  0.07774  2.98545e-01
172 -0.53183 -3.23264e-03 |173 -0.72267  8.02799e-03 |174  0.22863 -7.80336e-03
175  0.07820  4.95377e-01 |176 -0.12196  1.30209e-01 |177  0.05071  3.73371e-02
178  0.11983 -1.05982e-01 |179  0.32104 -1.66999e-02 |180  0.27262  1.50390e-01
181  0.00546 -8.09603e-01 |182  0.00907  7.63287e-01 |183 -0.15012  2.46946e-01
184 -0.12571  5.04483e+00 |185  0.01307  1.66830e-02 |186  0.39198 -2.62120e-02
187  0.01863  1.75578e-01 |188 -0.15435  8.78809e-01 |189  0.09921  1.01156e-01
190  0.16320 -3.32023e-01 |191  0.21833 -1.35090e-01 |192  0.25678  3.13881e-01
193  0.02453  6.09712e+00 |194 -0.00648  7.03310e-01 |195 -0.17628  8.48519e+00
196 -0.11429  2.37523e+01 |197 -0.52131 -8.15356e-02 |198 -0.00784  5.28583e-03
199  0.09511  4.06559e+00 |200 -0.25343  3.31790e+00 |

Intermediate statistics: 200 variables; iteration 20; function evaluation 21; phase 4
Function value 7.1738878e+03; maximum gradient component mag 4.1243e+01
Var    Value     Gradient |Var    Value     Gradient |Var    Value     Gradient
  1 -0.42421 -8.79930e+00 |  2  0.37181 -1.11645e+01 |  3 -0.12300  9.94911e-01
  4 -0.01624 -3.22940e+00 |  5 -0.69737  5.42620e-01 |  6 -0.60598 -3.33021e+00
  7  0.37903  1.55647e+01 |  8 -0.18232  1.63229e+01 |  9  0.02799  1.32774e+01
 10 -0.59806  8.73162e-01 | 11 -0.62534 -7.14705e+00 | 12 -0.07724  2.22066e+01
 13 -0.01005  7.99709e-02 | 14 -0.01027  8.23156e-02 | 15 -0.01049  8.47584e-02
 16 -0.01070  8.72977e-02 | 17 -0.01090  8.99282e-02 | 18 -0.01110  9.26480e-02
 19 -0.01129  9.54538e-02 | 20 -0.01148  9.83405e-02 | 21 -0.01165  1.01303e-01
 22 -0.01181  1.04335e-01 | 23 -0.01196  1.07432e-01 | 24 -0.01210  1.10589e-01
 25 -0.01222  1.13804e-01 | 26 -0.01232  1.17077e-01 | 27 -0.01241  1.20409e-01
 28 -0.01247  1.23802e-01 | 29 -0.01251  1.27248e-01 | 30 -0.01253  1.30733e-01
 31 -0.01253  1.34240e-01 | 32 -0.01250  1.37749e-01 | 33 -0.01244  1.41237e-01
 34 -0.01235  1.44678e-01 | 35 -0.01224  1.48039e-01 | 36 -0.01209  1.51280e-01
 37 -0.01190  1.54347e-01 | 38 -0.01168  1.57172e-01 | 39 -0.01142  1.59683e-01
 40 -0.01112  1.61812e-01 | 41 -0.01079  1.63504e-01 | 42 -0.01042  1.64740e-01
 43 -0.01002  1.65542e-01 | 44 -0.00959  1.65982e-01 | 45 -0.00914  1.66175e-01
 46 -0.00867  1.66272e-01 | 47 -0.00819  1.66438e-01 | 48 -0.00771  1.66822e-01
 49 -0.00725  1.67535e-01 | 50 -0.00681  1.68625e-01 | 51 -0.00640  1.70074e-01
 52 -0.00603  1.71807e-01 | 53 -0.00571  1.73727e-01 | 54 -0.00543  1.75756e-01
 55 -0.00519  1.77871e-01 | 56 -0.00497  1.80094e-01 | 57 -0.00476  1.82452e-01
 58 -0.00452  1.84927e-01 | 59 -0.00423  1.87424e-01 | 60 -0.00387  1.89711e-01
 61 -0.00341  1.91388e-01 | 62 -0.00280  1.91879e-01 | 63 -0.00204  1.90611e-01
 64 -0.00107  1.87381e-01 | 65  0.00013  1.82669e-01 | 66  0.00160  1.77589e-01
 67  0.00336  1.72065e-01 | 68  0.00541  1.64086e-01 | 69  0.00778  1.54615e-01
 70  0.01049  1.53535e-01 | 71  0.01353  1.60288e-01 | 72  0.01671  1.48789e-01
 73  0.02000  1.34725e-01 | 74  0.02335  1.37690e-01 | 75  0.02656  1.50369e-01
 76  0.02899  9.41937e-02 | 77  0.03077  3.05907e-02 | 78  0.03239  7.54895e-02
 79  0.03236 -4.53614e-02 | 80  0.03273  3.00034e-02 | 81  0.03222  5.15461e-02
 82  0.03068 -1.99905e-02 | 83  0.02921  3.10296e-02 | 84  0.02646 -2.88795e-02
 85  0.02300 -8.51457e-02 | 86  0.01907 -1.14812e-01 | 87  0.01495 -1.40534e-01
 88  0.01121 -1.46018e-01 | 89  0.00821 -1.58232e-01 | 90  0.00612 -1.88212e-01
 91  0.00496 -2.17760e-01 | 92  0.00439 -2.41160e-01 | 93  0.00398 -2.47020e-01
 94  0.00348 -2.10821e-01 | 95  0.00281 -9.89294e-02 | 96  0.00193  1.09909e-01
 97  0.00057  3.94126e-01 | 98 -0.00191  6.86664e-01 | 99 -0.00152  9.08859e-01
100  0.00084  9.17259e-01 |101  0.00873  9.77409e-01 |102  0.01034  8.55453e-01
103  0.01401  1.06290e+00 |104  0.02166  8.62008e-01 |105  0.02558  9.57845e-01
106  0.02486  8.62899e-01 |107  0.02335  5.57811e-01 |108  0.02505  5.43513e-01
109  0.02568  6.56202e-01 |110  0.01702  6.14916e-01 |111  0.01888  2.27442e-01
112  0.02512  1.65166e-01 |113  0.02605 -9.19495e-02 |114  0.02715 -4.61456e-01
115 -0.00083 -1.94359e-01 |116 -0.04852 -4.38233e-01 |117 -0.06688 -4.66366e-01
118 -0.07140 -3.13837e-01 |119 -0.05473 -6.74161e-02 |120  0.05767  4.59074e-01
121  0.02500  2.79691e-01 |122  0.02302  2.41061e-01 |123 -0.02820 -1.23602e-01
124 -0.06498 -2.68104e-01 |125  0.00050 -1.60419e-01 |126 -0.00161 -2.49032e-01
127 -0.00857 -5.90786e-02 |128  0.02552 -5.66104e-02 |129  0.08513 -1.31839e-01
130  0.01056 -1.55893e-01 |131  0.09405 -4.23742e-01 |132  0.01406 -1.43175e-01
133  0.13919 -2.72060e-01 |134 -0.00565 -1.83079e-01 |135 -0.03669 -9.51761e-02
136 -0.04871  1.17491e-01 |137 -0.01279  4.75828e-02 |138  0.08144  6.48922e-02
139  0.00868 -3.29644e-02 |140  0.00004 -7.70306e-02 |141 -0.03768 -5.13697e-02
142 -0.01970  2.81874e-01 |143 -0.00818 -1.86437e-01 |144 -0.00002 -1.51397e-05
145  0.25320  1.79492e+00 |146  0.21088  1.41845e+01 |147  0.04511  5.89113e+00
148  0.29505 -1.03906e+01 |149  0.01757  3.72954e+00 |150 -0.11669  5.78797e+00
151 -0.47509 -1.64320e-01 |152  0.31371 -2.64640e-02 |153  0.04857 -4.32980e-01
154 -0.23184  1.04618e+00 |155  0.17901 -3.87722e+00 |156  0.25808  4.37082e+00
157  0.17101 -7.59013e-01 |158  0.25235 -2.57873e-02 |159  0.00773  2.82630e-01
160 -0.09995  3.55119e+00 |161  0.09612 -7.61532e-01 |162  0.29389 -9.92716e-01
163  0.16397 -6.62692e-01 |164  0.24398 -1.29759e+00 |165 -0.17480  3.21376e-01
166  0.61282  1.20826e-03 |167  0.04603  1.53514e+00 |168 -0.19968  3.36607e+00
169 -0.02157 -2.25649e-02 |170  0.13236  5.43279e-02 |171  0.07368  9.33558e-02
172 -0.53178 -3.22011e-03 |173 -0.72275 -3.27259e-03 |174  0.22874 -6.80893e-03
175  0.07183  1.97159e-01 |176 -0.12397  1.65150e-01 |177  0.04496 -6.89430e-01
178  0.11857  6.41397e+00 |179  0.31969  4.91699e-01 |180  0.27149 -9.08680e+00
181  0.01073 -3.50258e-01 |182  0.01069  3.95674e+00 |183 -0.15226  1.81293e+00
184 -0.12735  5.80464e+00 |185  0.01167  8.67705e-02 |186  0.39240  3.50861e-01
187  0.01968  3.92312e-01 |188 -0.15634  5.90223e-02 |189  0.09869 -1.23265e+01
190  0.16263  2.97830e-01 |191  0.21845  9.45144e+00 |192  0.25700  7.93274e+00
193  0.02451 -7.73077e+00 |194 -0.00557 -1.34059e+00 |195 -0.17803 -2.93808e+00
196 -0.11648 -3.84603e+00 |197 -0.51580  3.85611e+00 |198 -0.00789  1.57628e-02
199  0.08588  4.12432e+01 |200 -0.28725  1.01812e+01 |
200 variables; iteration 40; function evaluation 43; phase 4
Function value 7.1738232e+03; maximum gradient component mag 6.8199e+01
Var    Value     Gradient |Var    Value     Gradient |Var    Value     Gradient
  1 -0.42421 -1.36021e+01 |  2  0.37160 -1.38021e+01 |  3 -0.12318  9.36099e-01
  4 -0.01585 -2.20067e+00 |  5 -0.69773  3.06804e-01 |  6 -0.60604 -8.43868e+00
  7  0.37926  1.64848e+01 |  8 -0.18238  1.22029e+01 |  9  0.02763  1.09876e+01
 10 -0.59880  3.82020e-01 | 11 -0.62508 -5.40921e+00 | 12 -0.08007  4.08803e+01
 13 -0.00999  1.22723e-01 | 14 -0.01021  1.26252e-01 | 15 -0.01042  1.29916e-01
 16 -0.01063  1.33711e-01 | 17 -0.01083  1.37628e-01 | 18 -0.01103  1.41662e-01
 19 -0.01122  1.45805e-01 | 20 -0.01140  1.50048e-01 | 21 -0.01158  1.54381e-01
 22 -0.01174  1.58794e-01 | 23 -0.01188  1.63277e-01 | 24 -0.01202  1.67821e-01
 25 -0.01214  1.72420e-01 | 26 -0.01224  1.77068e-01 | 27 -0.01232  1.81764e-01
 28 -0.01238  1.86502e-01 | 29 -0.01242  1.91268e-01 | 30 -0.01244  1.96040e-01
 31 -0.01244  2.00786e-01 | 32 -0.01240  2.05474e-01 | 33 -0.01235  2.10067e-01
 34 -0.01226  2.14521e-01 | 35 -0.01214  2.18783e-01 | 36 -0.01200  2.22782e-01
 37 -0.01181  2.26432e-01 | 38 -0.01160  2.29626e-01 | 39 -0.01134  2.32251e-01
 40 -0.01105  2.34195e-01 | 41 -0.01072  2.35377e-01 | 42 -0.01036  2.35760e-01
 43 -0.00997  2.35371e-01 | 44 -0.00955  2.34310e-01 | 45 -0.00910  2.32742e-01
 46 -0.00864  2.30890e-01 | 47 -0.00818  2.29000e-01 | 48 -0.00771  2.27307e-01
 49 -0.00726  2.25995e-01 | 50 -0.00683  2.25169e-01 | 51 -0.00643  2.24847e-01
 52 -0.00607  2.24966e-01 | 53 -0.00576  2.25437e-01 | 54 -0.00549  2.26195e-01
 55 -0.00526  2.27256e-01 | 56 -0.00505  2.28717e-01 | 57 -0.00484  2.30697e-01
 58 -0.00460  2.33260e-01 | 59 -0.00432  2.36383e-01 | 60 -0.00396  2.39851e-01
 61 -0.00350  2.43226e-01 | 62 -0.00290  2.45828e-01 | 63 -0.00214  2.47011e-01
 64 -0.00117  2.46700e-01 | 65  0.00002  2.45862e-01 | 66  0.00149  2.46454e-01
 67  0.00325  2.48687e-01 | 68  0.00531  2.49923e-01 | 69  0.00768  2.51934e-01
 70  0.01043  2.69775e-01 | 71  0.01352  3.02908e-01 | 72  0.01672  3.12372e-01
 73  0.02004  3.21320e-01 | 74  0.02346  3.58651e-01 | 75  0.02677  4.12622e-01
 76  0.02912  3.62867e-01 | 77  0.03078  3.00467e-01 | 78  0.03258  4.02103e-01
 79  0.03226  2.47640e-01 | 80  0.03287  3.91738e-01 | 81  0.03246  4.50317e-01
 82  0.03076  3.63349e-01 | 83  0.02947  4.59182e-01 | 84  0.02661  3.81650e-01
 85  0.02307  3.04672e-01 | 86  0.01916  2.62009e-01 | 87  0.01508  2.19142e-01
 88  0.01147  2.00155e-01 | 89  0.00863  1.64563e-01 | 90  0.00678  9.51566e-02
 91  0.00601  1.72323e-02 | 92  0.00606 -6.40856e-02 | 93  0.00654 -1.37798e-01
 94  0.00699 -1.77225e-01 | 95  0.00684 -1.42733e-01 | 96  0.00537  7.54339e-04
 97  0.00194  2.50105e-01 | 98 -0.00355  5.39348e-01 | 99 -0.00501  8.22616e-01
100 -0.00325  8.20461e-01 |101  0.00649  9.60707e-01 |102  0.00723  7.09056e-01
103  0.01074  9.86032e-01 |104  0.02013  7.10958e-01 |105  0.02447  7.77236e-01
106  0.02435  6.64581e-01 |107  0.02517  3.34139e-01 |108  0.02774  4.60124e-01
109  0.02748  8.47617e-01 |110  0.01585  9.66764e-01 |111  0.01734  8.02705e-01
112  0.02499  1.07886e+00 |113  0.02636  9.20754e-01 |114  0.02672  4.98924e-01
115 -0.00076  7.24436e-01 |116 -0.04870  8.08352e-02 |117 -0.06688 -6.12044e-02
118 -0.07148 -7.74886e-02 |119 -0.05524 -1.57997e-01 |120  0.05696  2.54098e-01
121  0.02428  2.41624e-02 |122  0.02252  8.20033e-03 |123 -0.02852 -2.04040e-01
124 -0.06528 -3.55455e-01 |125  0.00029 -1.83695e-01 |126 -0.00181 -2.92051e-01
127 -0.00879 -1.18154e-01 |128  0.02530 -8.12732e-02 |129  0.08484 -1.71722e-01
130  0.01012 -2.58748e-01 |131  0.09380 -4.13984e-01 |132  0.01374 -1.78745e-01
133  0.13915 -1.74708e-01 |134 -0.00574 -1.03024e-01 |135 -0.03690 -1.96462e-01
136 -0.04864  1.52484e-01 |137 -0.01274  4.41166e-02 |138  0.08167  1.75199e-01
139  0.00855 -8.17008e-02 |140  0.00001 -7.51434e-02 |141 -0.03789 -1.37802e-01
142 -0.01936  4.44914e-01 |143 -0.00841 -3.00626e-01 |144 -0.00002  5.08952e-05
145  0.26428  3.44772e+00 |146  0.26012  2.74212e+01 |147  0.04592  7.34625e+00
148  0.29557 -5.73112e+00 |149  0.01807  5.66270e+00 |150 -0.11706  3.12354e+00
151 -0.47574  9.23004e-02 |152  0.31320 -8.44057e-02 |153  0.04931  3.22456e-01
154 -0.23206  9.87911e-01 |155  0.17945 -2.19626e+00 |156  0.25801  1.08645e+00
157  0.17127  2.44453e-01 |158  0.25209 -1.90920e+00 |159  0.00793  2.70424e-01
160 -0.10059  3.00501e-01 |161  0.09578 -3.28623e+00 |162  0.29401  4.03261e+00
163  0.16452 -7.39335e-01 |164  0.24423 -7.50005e-01 |165 -0.17423  6.19418e-01
166  0.61278  1.84098e-03 |167  0.03939  2.35577e+00 |168 -0.20131  6.08068e+00
169 -0.02076 -3.75925e-02 |170  0.12957  5.39478e-02 |171  0.06716 -9.51998e-02
172 -0.53161 -3.17525e-03 |173 -0.72273 -7.26820e-03 |174  0.22916 -8.44153e-03
175  0.05815 -1.92086e-02 |176 -0.13348  2.37202e-01 |177  0.04419 -9.02012e-01
178  0.11867  4.40516e+00 |179  0.31919  6.41038e-01 |180  0.27170 -6.84250e+00
181  0.01176 -5.00960e-03 |182  0.01062  3.24563e+00 |183 -0.15258  5.42836e-01
184 -0.12713  6.49934e+00 |185  0.01208  1.90817e+00 |186  0.39192 -6.04148e-01
187  0.02037  2.43897e+00 |188 -0.15662  4.58511e-01 |189  0.09888 -9.99730e+00
190  0.16240  1.19575e-01 |191  0.21844  7.94269e+00 |192  0.25673  2.51982e+00
193  0.02449 -5.59266e+00 |194 -0.00537 -1.61723e+00 |195 -0.17796 -1.75553e+00
196 -0.11630 -3.08136e-01 |197 -0.53853  5.79242e+00 |198 -0.01123  8.00060e-01
199  0.07403  6.81988e+01 |200 -0.30211  1.80113e+01 |
200 variables; iteration 60; function evaluation 65; phase 4
Function value 7.1736434e+03; maximum gradient component mag 5.7877e+01
Var    Value     Gradient |Var    Value     Gradient |Var    Value     Gradient
  1 -0.42385 -1.22025e+01 |  2  0.37219 -5.86274e+00 |  3 -0.12322  1.45234e+00
  4 -0.01704 -1.43408e+00 |  5 -0.70034 -7.56480e-01 |  6 -0.60533 -5.66994e+00
  7  0.37939  2.89679e+00 |  8 -0.18284  4.38903e+00 |  9  0.02701  2.66640e+00
 10 -0.59850  1.51569e+00 | 11 -0.62484  4.73262e-01 | 12 -0.10143  3.28557e+01
 13 -0.00905  3.85677e-01 | 14 -0.00925  3.96443e-01 | 15 -0.00943  4.07477e-01
 16 -0.00962  4.18766e-01 | 17 -0.00979  4.30275e-01 | 18 -0.00996  4.41987e-01
 19 -0.01013  4.53875e-01 | 20 -0.01028  4.65896e-01 | 21 -0.01042  4.78002e-01
 22 -0.01056  4.90135e-01 | 23 -0.01068  5.02230e-01 | 24 -0.01078  5.14216e-01
 25 -0.01087  5.26023e-01 | 26 -0.01095  5.37586e-01 | 27 -0.01101  5.48843e-01
 28 -0.01105  5.59718e-01 | 29 -0.01107  5.70096e-01 | 30 -0.01106  5.79818e-01
 31 -0.01104  5.88687e-01 | 32 -0.01099  5.96507e-01 | 33 -0.01092  6.03073e-01
 34 -0.01083  6.08174e-01 | 35 -0.01071  6.11591e-01 | 36 -0.01056  6.13081e-01
 37 -0.01038  6.12364e-01 | 38 -0.01017  6.09111e-01 | 39 -0.00994  6.02957e-01
 40 -0.00967  5.93560e-01 | 41 -0.00937  5.80498e-01 | 42 -0.00905  5.63508e-01
 43 -0.00871  5.42403e-01 | 44 -0.00835  5.17101e-01 | 45 -0.00798  4.87612e-01
 46 -0.00760  4.54016e-01 | 47 -0.00723  4.16411e-01 | 48 -0.00687  3.74906e-01
 49 -0.00653  3.29587e-01 | 50 -0.00622  2.80524e-01 | 51 -0.00596  2.27789e-01
 52 -0.00575  1.71478e-01 | 53 -0.00559  1.11704e-01 | 54 -0.00549  4.87181e-02
 55 -0.00544 -1.69886e-02 | 56 -0.00541 -8.46708e-02 | 57 -0.00539 -1.53380e-01
 58 -0.00534 -2.21951e-01 | 59 -0.00524 -2.89221e-01 | 60 -0.00505 -3.53945e-01
 61 -0.00474 -4.15007e-01 | 62 -0.00428 -4.71246e-01 | 63 -0.00362 -5.21476e-01
 64 -0.00273 -5.64032e-01 | 65 -0.00156 -5.96216e-01 | 66 -0.00009 -6.15499e-01
 67  0.00172 -6.21082e-01 | 68  0.00388 -6.16321e-01 | 69  0.00639 -6.01304e-01
 70  0.00930 -5.62141e-01 | 71  0.01259 -5.00612e-01 | 72  0.01597 -4.63451e-01
 73  0.01947 -4.25209e-01 | 74  0.02314 -3.46861e-01 | 75  0.02675 -2.38447e-01
 76  0.02932 -2.46228e-01 | 77  0.03125 -2.50695e-01 | 78  0.03356 -4.74802e-02
 79  0.03351 -1.33129e-01 | 80  0.03470  1.29166e-01 | 81  0.03476  2.94777e-01
 82  0.03333  2.85623e-01 | 83  0.03248  4.86724e-01 | 84  0.02974  4.62352e-01
 85  0.02621  4.15800e-01 | 86  0.02225  3.86351e-01 | 87  0.01803  3.27173e-01
 88  0.01420  2.61728e-01 | 89  0.01105  1.39525e-01 | 90  0.00882 -5.76522e-02
 91  0.00767 -2.99185e-01 | 92  0.00745 -5.78366e-01 | 93  0.00792 -8.79783e-01
 94  0.00885 -1.14499e+00 | 95  0.00977 -1.24439e+00 | 96  0.00927 -1.04638e+00
 97  0.00487 -6.36887e-01 | 98 -0.00405 -2.15157e-01 | 99 -0.00488  1.10705e+00
100 -0.00183  1.90948e+00 |101  0.01322  3.16533e+00 |102  0.00746  1.51741e+00
103  0.00928  1.62100e+00 |104  0.02023  1.19422e+00 |105  0.01948 -6.27769e-02
106  0.01859 -5.07604e-01 |107  0.02139 -9.96482e-01 |108  0.02733 -7.59562e-01
109  0.03059  5.18863e-01 |110  0.01350  9.97441e-01 |111  0.01714  2.17477e+00
112  0.02082  1.67392e+00 |113  0.01976  6.94165e-01 |114  0.02061  4.84729e-01
115 -0.00116  2.16923e+00 |116 -0.05050  9.47538e-01 |117 -0.07041 -1.07833e-02
118 -0.07312  5.11980e-01 |119 -0.05784 -4.64213e-01 |120  0.05239 -3.05121e-01
121  0.01478  3.92625e-02 |122  0.01901  3.97963e-01 |123 -0.03036 -4.26954e-01
124 -0.06886 -9.53781e-01 |125 -0.00526 -9.46788e-01 |126 -0.00456 -1.29622e+00
127 -0.00970 -9.41744e-01 |128  0.02151 -5.39108e-01 |129  0.08330  2.63513e-01
130  0.00588 -1.68825e-01 |131  0.09261  6.82560e-01 |132  0.00917 -2.33412e-01
133  0.13876 -9.07917e-01 |134 -0.00631 -1.08773e+00 |135 -0.03946 -5.62126e-01
136 -0.04867  2.50429e-01 |137 -0.01151  1.78391e-01 |138  0.08313  2.19751e-01
139  0.00878 -2.67570e-01 |140 -0.00040  4.25348e-01 |141 -0.03939 -2.96989e-01
142 -0.02028  5.94612e-01 |143 -0.00973 -3.31167e-01 |144 -0.00019  3.79026e-03
145  0.37316  5.02236e+00 |146  0.32464  2.38087e+01 |147  0.04559 -4.92590e-01
148  0.29494 -8.60969e-01 |149  0.01841  3.04442e+00 |150 -0.11640  1.78937e+00
151 -0.47489 -2.01531e-03 |152  0.31142 -1.70712e-01 |153  0.04911 -3.65858e-01
154 -0.23457 -5.55917e-01 |155  0.18004 -5.13671e+00 |156  0.25731  2.30249e+00
157  0.17246 -9.27258e-01 |158  0.25225 -1.02708e+00 |159  0.00708 -1.06742e+00
160 -0.10051 -2.98101e+00 |161  0.09906 -1.88981e+00 |162  0.29429  1.66474e+00
163  0.16457 -2.69642e+00 |164  0.24371  2.11793e-01 |165 -0.20184  1.21075e+00
166  0.61200  1.50594e-03 |167  0.01172  2.59437e+00 |168 -0.23612  6.39295e+00
169 -0.00505  8.25782e-03 |170  0.09160 -5.06709e-03 |171  0.06107 -4.74302e-01
172 -0.52913 -3.16920e-03 |173 -0.69869  1.91556e-01 |174  0.22921  1.86876e-01
175 -0.05268  1.03344e+00 |176 -0.24740  1.77121e-01 |177  0.05330  4.53589e-01
178  0.11975 -1.77744e+00 |179  0.32182  3.88965e-01 |180  0.27268  1.50792e+00
181  0.00409 -7.55711e-02 |182  0.00970 -7.48571e-01 |183 -0.14992 -1.00766e+00
184 -0.12687 -3.29923e-01 |185  0.01330  6.33257e-01 |186  0.39144 -1.01316e+00
187  0.01899 -2.04693e-01 |188 -0.15666 -1.47093e+00 |189  0.09954 -1.10937e+00
190  0.16214  9.18855e-01 |191  0.21849  4.29746e-01 |192  0.25608 -6.58840e+00
193  0.02438 -3.55715e-01 |194 -0.00461  3.86334e-01 |195 -0.17708  2.39812e+00
196 -0.11583  1.68101e+00 |197 -0.56660 -1.13677e+01 |198 -0.16959  9.32004e-01
199  0.06467  5.78773e+01 |200 -0.31527  1.65115e+01 |
200 variables; iteration 80; function evaluation 89; phase 4
Function value 7.1732151e+03; maximum gradient component mag 4.7645e+01
Var    Value     Gradient |Var    Value     Gradient |Var    Value     Gradient
  1 -0.42302  1.09958e+01 |  2  0.37357  2.96011e+01 |  3 -0.12308  2.64079e+00
  4 -0.01928  3.30324e+00 |  5 -0.70611 -1.14670e+00 |  6 -0.60364  2.25643e+01
  7  0.37827 -2.64884e+01 |  8 -0.18345 -2.21388e+01 |  9  0.02747 -2.50800e+01
 10 -0.60858 -1.15581e+00 | 11 -0.62328  1.80301e+01 | 12 -0.11287  4.07119e+01
 13 -0.00938  1.15242e-01 | 14 -0.00958  1.17719e-01 | 15 -0.00978  1.20088e-01
 16 -0.00997  1.22322e-01 | 17 -0.01016  1.24394e-01 | 18 -0.01035  1.26269e-01
 19 -0.01053  1.27908e-01 | 20 -0.01070  1.29271e-01 | 21 -0.01086  1.30312e-01
 22 -0.01101  1.30977e-01 | 23 -0.01115  1.31209e-01 | 24 -0.01128  1.30938e-01
 25 -0.01139  1.30087e-01 | 26 -0.01149  1.28565e-01 | 27 -0.01158  1.26268e-01
 28 -0.01164  1.23082e-01 | 29 -0.01169  1.18884e-01 | 30 -0.01171  1.13544e-01
 31 -0.01172  1.06924e-01 | 32 -0.01170  9.88694e-02 | 33 -0.01166  8.92132e-02
 34 -0.01160  7.77780e-02 | 35 -0.01151  6.43797e-02 | 36 -0.01140  4.88363e-02
 37 -0.01126  3.09719e-02 | 38 -0.01109  1.06264e-02 | 39 -0.01089 -1.23453e-02
 40 -0.01065 -3.80694e-02 | 41 -0.01039 -6.66545e-02 | 42 -0.01010 -9.81840e-02
 43 -0.00979 -1.32694e-01 | 44 -0.00946 -1.70136e-01 | 45 -0.00911 -2.10335e-01
 46 -0.00875 -2.52951e-01 | 47 -0.00838 -2.97460e-01 | 48 -0.00802 -3.43143e-01
 49 -0.00768 -3.89110e-01 | 50 -0.00735 -4.34355e-01 | 51 -0.00706 -4.77792e-01
 52 -0.00679 -5.18333e-01 | 53 -0.00655 -5.55020e-01 | 54 -0.00635 -5.87000e-01
 55 -0.00616 -6.13468e-01 | 56 -0.00597 -6.33651e-01 | 57 -0.00576 -6.46722e-01
 58 -0.00549 -6.51717e-01 | 59 -0.00514 -6.47888e-01 | 60 -0.00467 -6.34790e-01
 61 -0.00406 -6.12843e-01 | 62 -0.00328 -5.83715e-01 | 63 -0.00230 -5.51143e-01
 64 -0.00112 -5.21160e-01 | 65  0.00026 -5.01523e-01 | 66  0.00183 -5.01468e-01
 67  0.00358 -5.30520e-01 | 68  0.00549 -5.95452e-01 | 69  0.00759 -6.87137e-01
 70  0.00997 -7.81718e-01 | 71  0.01263 -8.68828e-01 | 72  0.01587 -8.77616e-01
 73  0.01970 -7.87335e-01 | 74  0.02343 -7.15846e-01 | 75  0.02666 -7.01322e-01
 76  0.03119 -3.64994e-01 | 77  0.03477 -1.01608e-01 | 78  0.03496 -3.00314e-01
 79  0.03745  4.75525e-02 | 80  0.03575 -2.08340e-01 | 81  0.03405 -3.58623e-01
 82  0.03381 -1.48936e-01 | 83  0.02987 -5.01996e-01 | 84  0.02815 -3.18483e-01
 85  0.02575 -1.15596e-01 | 86  0.02221 -1.22152e-02 | 87  0.01845  8.68999e-02
 88  0.01481  1.38467e-01 | 89  0.01199  1.78458e-01 | 90  0.01010  1.58060e-01
 91  0.00916  6.69206e-02 | 92  0.00934 -4.45403e-02 | 93  0.01125 -4.14647e-02
 94  0.01542  1.45797e-01 | 95  0.01988  1.82190e-01 | 96  0.01991 -2.41955e-01
 97  0.01366 -2.53252e-01 | 98 -0.00261 -4.27628e-01 | 99 -0.01399 -6.95235e-01
100 -0.01202  3.68700e-01 |101  0.00514  1.82409e+00 |102  0.00474  2.29403e+00
103  0.00613  3.60851e+00 |104  0.02008  4.81862e+00 |105  0.01966  4.87564e+00
106  0.01848  5.29775e+00 |107  0.03199  6.91617e+00 |108  0.03919  6.14168e+00
109  0.02805  3.21133e+00 |110  0.01086  2.85865e+00 |111  0.00834  9.75901e-01
112  0.01755 -2.27370e-01 |113  0.01487 -2.80254e+00 |114  0.01522 -4.07283e+00
115 -0.00755 -1.83419e+00 |116 -0.04824  2.22906e+00 |117 -0.06778  3.04562e+00
118 -0.07113  3.67770e+00 |119 -0.05653  2.45485e+00 |120  0.05387  4.55395e+00
121  0.00001  1.23998e+00 |122  0.02076  1.30649e+00 |123 -0.02768  1.46486e+00
124 -0.06816  6.06731e-01 |125 -0.01059 -1.06012e+00 |126 -0.00111 -1.29033e+00
127 -0.00790 -1.34516e+00 |128  0.01905 -1.00976e+00 |129  0.07807 -2.89717e+00
130  0.00697  4.27595e-01 |131  0.08923 -1.87704e+00 |132 -0.00038 -1.41528e+00
133  0.14152  1.03175e+00 |134 -0.00114  1.36070e-02 |135 -0.04043  3.93023e-01
136 -0.04430  2.63837e-01 |137 -0.01133 -1.29524e-01 |138  0.07991 -6.07744e-01
139  0.01064  6.72289e-02 |140 -0.00290  7.34473e-01 |141 -0.03496  3.40144e-01
142 -0.02232 -9.48971e-02 |143 -0.00591  7.05037e-01 |144  0.00017  4.13879e-02
145  0.37173  1.78052e+01 |146  0.39336  1.90356e+01 |147  0.04366 -2.03768e+01
148  0.29403  1.18441e+01 |149  0.01969 -5.30161e+00 |150 -0.11619 -7.15556e+00
151 -0.48122  7.01373e-02 |152  0.31630  6.83812e-01 |153  0.05342  1.86576e+00
154 -0.23804 -1.90806e+00 |155  0.18260 -1.09187e+00 |156  0.25742 -6.19726e+00
157  0.17515 -2.62381e+00 |158  0.25385  4.18289e+00 |159  0.00657 -7.71444e-01
160 -0.10013 -5.09755e+00 |161  0.10620  3.78547e+00 |162  0.29580 -6.77935e+00
163  0.16559 -4.50887e+00 |164  0.24385  1.92261e+00 |165 -0.15957  5.85442e+00
166  0.61035  1.44945e-02 |167  0.02549  1.52429e+01 |168 -0.23570  2.03300e+01
169  0.01204  4.29014e-03 |170 -0.02946 -4.26586e-04 |171  0.22650  2.07457e-02
172 -0.51881 -3.32971e-03 |173 -0.60192  7.36023e-01 |174  0.10201  1.76250e+00
175 -0.19751  9.31584e-01 |176 -0.29170  4.16893e+00 |177  0.05953  3.89325e+00
178  0.12129 -1.10957e+01 |179  0.32352 -3.98087e+00 |180  0.27473  1.76600e+01
181 -0.00083  1.47992e+00 |182  0.00901 -6.65291e+00 |183 -0.14787  1.56830e+00
184 -0.12729 -1.64066e+01 |185  0.01071 -3.17853e+00 |186  0.38990 -5.11171e-01
187  0.01929 -3.35285e+00 |188 -0.15471 -7.19835e-01 |189  0.10032  1.99137e+01
190  0.16246 -2.26331e-01 |191  0.21854 -1.64652e+01 |192  0.25579 -8.25560e+00
193  0.02443  7.31001e+00 |194 -0.00391  2.09745e+00 |195 -0.17646  3.89313e+00
196 -0.11531 -3.08830e-02 |197 -0.56956 -2.30073e+01 |198 -0.24839  4.79428e-01
199  0.04772  4.76445e+01 |200 -0.34357  1.25976e+01 |
200 variables; iteration 100; function evaluation 111; phase 4
Function value 7.1727826e+03; maximum gradient component mag 6.0312e+01
Var    Value     Gradient |Var    Value     Gradient |Var    Value     Gradient
  1 -0.42333 -2.09251e+00 |  2  0.37325  1.40347e+01 |  3 -0.12341 -5.62826e+00
  4 -0.01855 -3.35908e+00 |  5 -0.70408  1.98191e-01 |  6 -0.60408  1.78657e+01
  7  0.37851 -2.04988e+01 |  8 -0.18358 -2.28504e+01 |  9  0.02778 -2.09503e+01
 10 -0.60886 -2.06662e+00 | 11 -0.62348  8.29763e+00 | 12 -0.10383  6.03118e+01
 13 -0.01098 -2.86426e-01 | 14 -0.01122 -2.93957e-01 | 15 -0.01146 -3.00929e-01
 16 -0.01169 -3.07204e-01 | 17 -0.01191 -3.12742e-01 | 18 -0.01213 -3.17328e-01
 19 -0.01233 -3.20795e-01 | 20 -0.01252 -3.23020e-01 | 21 -0.01269 -3.23886e-01
 22 -0.01285 -3.23294e-01 | 23 -0.01299 -3.21158e-01 | 24 -0.01311 -3.17392e-01
 25 -0.01321 -3.11877e-01 | 26 -0.01329 -3.04435e-01 | 27 -0.01334 -2.94809e-01
 28 -0.01336 -2.82705e-01 | 29 -0.01335 -2.67876e-01 | 30 -0.01330 -2.50135e-01
 31 -0.01323 -2.29383e-01 | 32 -0.01311 -2.05415e-01 | 33 -0.01296 -1.77993e-01
 34 -0.01277 -1.46841e-01 | 35 -0.01253 -1.11698e-01 | 36 -0.01224 -7.24196e-02
 37 -0.01191 -2.90888e-02 | 38 -0.01152  1.77947e-02 | 39 -0.01109  6.73024e-02
 40 -0.01061  1.18248e-01 | 41 -0.01010  1.68216e-01 | 42 -0.00957  2.15006e-01
 43 -0.00902  2.55956e-01 | 44 -0.00848  2.88266e-01 | 45 -0.00796  3.09459e-01
 46 -0.00747  3.17849e-01 | 47 -0.00702  3.13046e-01 | 48 -0.00662  2.96334e-01
 49 -0.00628  2.70528e-01 | 50 -0.00597  2.39478e-01 | 51 -0.00571  2.07342e-01
 52 -0.00549  1.77922e-01 | 53 -0.00529  1.54278e-01 | 54 -0.00510  1.38845e-01
 55 -0.00492  1.33887e-01 | 56 -0.00470  1.41935e-01 | 57 -0.00442  1.66103e-01
 58 -0.00403  2.10284e-01 | 59 -0.00351  2.78602e-01 | 60 -0.00279  3.74036e-01
 61 -0.00186  4.95110e-01 | 62 -0.00072  6.30580e-01 | 63  0.00056  7.52595e-01
 64  0.00181  8.13417e-01 | 65  0.00283  7.53410e-01 | 66  0.00346  5.30999e-01
 67  0.00380  1.74005e-01 | 68  0.00450 -1.60800e-01 | 69  0.00651 -2.53602e-01
 70  0.01001 -7.28645e-02 | 71  0.01434  2.22037e-01 | 72  0.01800  3.12811e-01
 73  0.02104  2.48243e-01 | 74  0.02463  3.05999e-01 | 75  0.02775  3.13444e-01
 76  0.03032  3.06601e-01 | 77  0.03393  6.16639e-01 | 78  0.03369  3.58381e-01
 79  0.03713  9.24851e-01 | 80  0.03431  4.87813e-01 | 81  0.03196  2.48370e-01
 82  0.03186  5.38053e-01 | 83  0.02910  4.46193e-01 | 84  0.02687  5.97367e-01
 85  0.02448  8.75643e-01 | 86  0.02174  1.22170e+00 | 87  0.01768  1.34192e+00
 88  0.01313  1.27799e+00 | 89  0.00976  1.29144e+00 | 90  0.00794  1.41628e+00
 91  0.00691  1.45612e+00 | 92  0.00738  1.60284e+00 | 93  0.01084  2.19646e+00
 94  0.01627  2.85514e+00 | 95  0.02124  2.87972e+00 | 96  0.02577  2.78757e+00
 97  0.02030  2.35540e+00 | 98  0.00377  2.54810e+00 | 99 -0.01096  2.09523e+00
100 -0.01630  1.27718e+00 |101  0.00874  3.28321e+00 |102 -0.00153  1.20739e+00
103  0.00055  2.66591e+00 |104  0.02509  5.43687e+00 |105  0.02002  4.38451e+00
106  0.01432  3.75980e+00 |107  0.02641  4.36059e+00 |108  0.04147  4.25217e+00
109  0.04196  3.14478e+00 |110  0.00228 -7.84409e-01 |111  0.01358  2.75096e-01
112  0.01332 -2.82285e+00 |113  0.02346 -1.98200e+00 |114  0.02206 -3.22473e+00
115 -0.00985 -3.54391e+00 |116 -0.04513  1.49919e+00 |117 -0.06449  2.19374e+00
118 -0.07263  6.55392e-01 |119 -0.05154  1.66213e+00 |120  0.05505 -9.05548e-01
121 -0.00002 -1.14124e+00 |122  0.02741 -3.15852e-01 |123 -0.02782 -1.18749e+00
124 -0.06490  8.01171e-01 |125 -0.00574  4.07017e-01 |126  0.00773  7.33954e-01
127 -0.00305 -2.62715e-01 |128  0.02046 -5.91549e-01 |129  0.08300 -3.01910e+00
130  0.00286 -1.18780e+00 |131  0.09419 -1.50577e+00 |132  0.00418  7.21398e-01
133  0.14419  1.68049e+00 |134  0.00001  8.62579e-02 |135 -0.03998  6.21454e-01
136 -0.04442 -2.81275e-01 |137 -0.00608  1.30709e+00 |138  0.08215  1.19689e-01
139  0.01120  4.53824e-01 |140 -0.00748 -6.65052e-01 |141 -0.03638 -1.43102e-01
142 -0.02746 -1.43266e+00 |143 -0.00856 -7.23063e-03 |144 -0.00031 -7.53167e-02
145  0.30709  2.06952e+01 |146  0.41696  1.79374e+01 |147  0.04662 -7.87640e+00
148  0.29509  4.58143e+00 |149  0.01659 -3.89589e+00 |150 -0.11559 -2.19803e+00
151 -0.48063  6.67994e-02 |152  0.30858 -3.93428e-01 |153  0.05058 -2.54197e-01
154 -0.23229  2.09583e-01 |155  0.18396  2.81345e+00 |156  0.25812 -9.85026e+00
157  0.17543  8.49017e-01 |158  0.25393  1.10920e+00 |159  0.00642  8.33607e-01
160 -0.09957 -3.32516e-01 |161  0.10460  4.19877e+00 |162  0.29524 -8.87546e+00
163  0.16637 -5.62963e-01 |164  0.24414 -2.48754e+00 |165 -0.07917  5.50496e+00
166  0.60381  2.10734e-02 |167  0.01379  1.14846e+01 |168 -0.20865  2.95728e+01
169  0.05143 -8.83179e-03 |170 -0.14863 -7.77951e-04 |171  0.30503  3.67500e-03
172 -0.50657 -3.20405e-03 |173 -0.58872  1.39508e+00 |174  0.07947  1.50766e+00
175 -0.27156  3.83312e-02 |176 -0.30481  2.54293e+00 |177  0.05586  2.32764e+00
178  0.12110 -4.25200e+00 |179  0.32221 -3.42526e+00 |180  0.27393  8.18372e+00
181  0.00147  4.42479e-01 |182  0.00900 -2.89658e+00 |183 -0.14946  3.18015e+00
184 -0.12691 -7.76833e+00 |185  0.00900 -1.69345e+00 |186  0.38720 -2.89458e+00
187  0.02080 -1.61831e+00 |188 -0.15532 -2.87808e-02 |189  0.10001  1.88475e+01
190  0.16317  7.60823e+00 |191  0.21854 -1.29457e+01 |192  0.25620 -9.05466e+00
193  0.02446  9.20629e+00 |194 -0.00500  3.41083e+00 |195 -0.17686  3.27439e+00
196 -0.11524  6.53446e+00 |197 -0.56760 -7.22943e+00 |198 -0.25785  1.70259e-03
199  0.03521  4.69894e+01 |200 -0.36430  1.03503e+01 |
200 variables; iteration 120; function evaluation 142; phase 4
Function value 7.1722879e+03; maximum gradient component mag 2.4394e+01
Var    Value     Gradient |Var    Value     Gradient |Var    Value     Gradient
  1 -0.42387 -5.47122e+00 |  2  0.37196 -8.48766e+00 |  3 -0.12380 -8.57617e-01
  4 -0.01584 -6.37001e-01 |  5 -0.70104  7.23836e-01 |  6 -0.60546 -3.10553e+00
  7  0.37795  6.87325e+00 |  8 -0.18338  4.99388e+00 |  9  0.02973  5.97830e+00
 10 -0.60501  9.75151e-01 | 11 -0.62444 -5.20094e+00 | 12 -0.08432  2.00279e+01
 13 -0.00933  2.26634e-01 | 14 -0.00945  2.52953e-01 | 15 -0.00957  2.79317e-01
 16 -0.00970  3.04983e-01 | 17 -0.00982  3.29340e-01 | 18 -0.00994  3.51275e-01
 19 -0.01007  3.69673e-01 | 20 -0.01021  3.83474e-01 | 21 -0.01036  3.91607e-01
 22 -0.01052  3.93068e-01 | 23 -0.01070  3.86941e-01 | 24 -0.01090  3.72417e-01
 25 -0.01111  3.48717e-01 | 26 -0.01135  3.15047e-01 | 27 -0.01160  2.70575e-01
 28 -0.01188  2.14603e-01 | 29 -0.01218  1.46875e-01 | 30 -0.01249  6.76737e-02
 31 -0.01282 -2.20557e-02 | 32 -0.01316 -1.21217e-01 | 33 -0.01351 -2.28237e-01
 34 -0.01384 -3.40928e-01 | 35 -0.01416 -4.56212e-01 | 36 -0.01444 -5.69746e-01
 37 -0.01465 -6.75686e-01 | 38 -0.01478 -7.66551e-01 | 39 -0.01478 -8.33861e-01
 40 -0.01463 -8.69243e-01 | 41 -0.01429 -8.64609e-01 | 42 -0.01375 -8.15640e-01
 43 -0.01301 -7.22212e-01 | 44 -0.01209 -5.90073e-01 | 45 -0.01105 -4.31269e-01
 46 -0.00995 -2.63111e-01 | 47 -0.00889 -1.05077e-01 | 48 -0.00793  2.56518e-02
 49 -0.00713  1.18335e-01 | 50 -0.00651  1.70853e-01 | 51 -0.00606  1.88969e-01
 52 -0.00574  1.83229e-01 | 53 -0.00553  1.65177e-01 | 54 -0.00538  1.44132e-01
 55 -0.00526  1.26056e-01 | 56 -0.00513  1.14697e-01 | 57 -0.00497  1.13839e-01
 58 -0.00473  1.29911e-01 | 59 -0.00432  1.74466e-01 | 60 -0.00367  2.64539e-01
 61 -0.00266  4.17036e-01 | 62 -0.00125  6.31492e-01 | 63  0.00039  8.59210e-01
 64  0.00183  9.81403e-01 | 65  0.00252  8.53269e-01 | 66  0.00240  4.60181e-01
 67  0.00257  7.50255e-02 | 68  0.00469  9.35086e-02 | 69  0.00864  4.62665e-01
 70  0.01255  7.37305e-01 | 71  0.01498  6.04091e-01 | 72  0.01560  3.77728e-02
 73  0.01833 -7.92180e-02 | 74  0.02239  8.59372e-02 | 75  0.02992  9.67186e-01
 76  0.02888  2.38471e-01 | 77  0.03404  8.23589e-01 | 78  0.03720  1.15970e+00
 79  0.03361  4.02555e-01 | 80  0.03056 -1.28783e-01 | 81  0.03048  5.02635e-03
 82  0.03129  4.14544e-01 | 83  0.03006  5.68302e-01 | 84  0.02339 -2.04623e-01
 85  0.02064 -6.48574e-02 | 86  0.01546 -3.05032e-01 | 87  0.01320  1.36892e-01
 88  0.00990  3.01987e-01 | 89  0.00608  1.70709e-01 | 90  0.00352  8.14584e-02
 91  0.00216  1.75715e-02 | 92  0.00261  1.58878e-01 | 93  0.00606  7.83294e-01
 94  0.00938  9.79122e-01 | 95  0.01396  7.09978e-01 | 96  0.02395  6.87884e-01
 97  0.03112  1.29804e+00 | 98  0.00316 -4.19316e-01 | 99 -0.01077  5.12024e-01
100 -0.01623  7.14762e-01 |101  0.00600 -3.30101e-01 |102  0.00335 -2.54475e-01
103 -0.00054  2.29923e-01 |104  0.01633 -7.44442e-01 |105  0.01856 -4.42230e-01
106  0.01491  3.45136e-01 |107  0.01291 -8.24146e-01 |108  0.04185  1.47582e+00
109  0.05402  1.44618e+00 |110  0.00947  5.18267e-01 |111  0.00961  1.82809e-01
112  0.02074  2.90575e-01 |113  0.02160 -3.44617e-01 |114  0.02752  1.36514e-02
115  0.00071  8.22823e-02 |116 -0.04760 -4.11093e-01 |117 -0.06813 -1.43511e+00
118 -0.06908 -3.04846e-01 |119 -0.05726 -2.06826e+00 |120  0.06216 -5.09087e-01
121  0.00108 -5.83055e-01 |122  0.03028 -1.14447e+00 |123 -0.02183 -2.07913e-01
124 -0.06501 -2.09215e-01 |125 -0.00198  1.12681e+00 |126  0.00986  2.78981e-01
127  0.00200  4.77782e-01 |128  0.02024  1.42037e-01 |129  0.08970  8.46974e-01
130  0.00425  9.02270e-01 |131  0.09812  5.18064e-01 |132 -0.00065 -3.85932e-01
133  0.14152  4.87429e-01 |134  0.00007  1.52167e-01 |135 -0.04166  3.25580e-01
136 -0.04478 -6.44114e-01 |137 -0.01289 -8.65694e-01 |138  0.07842 -1.17126e+00
139  0.01100  5.22794e-01 |140 -0.00529  6.01354e-01 |141 -0.03411  2.65454e-01
142 -0.01581  2.31438e+00 |143 -0.01142 -1.09816e+00 |144  0.00020  4.95785e-02
145  0.30780  3.05116e+00 |146  0.43318  8.37372e+00 |147  0.04805  6.25884e+00
148  0.29605 -3.83212e+00 |149  0.01531  8.68656e-01 |150 -0.11593  1.86027e+00
151 -0.46484 -3.78478e-01 |152  0.33447  6.96174e-01 |153  0.04521 -1.07429e+00
154 -0.22807  1.58513e+00 |155  0.18517  2.44844e+00 |156  0.25999 -5.46350e-01
157  0.17375  1.33962e+00 |158  0.25322 -1.26471e+00 |159  0.00597 -5.64315e-02
160 -0.09947  2.59611e+00 |161  0.10047 -7.12647e-01 |162  0.29516  9.77082e-01
163  0.16728  1.22063e+00 |164  0.24538 -1.49034e+00 |165 -0.12712  1.11549e+00
166  0.58745 -3.93821e-04 |167  0.01100  2.60065e+00 |168 -0.22331  4.16603e+00
169  0.13203 -2.58246e-03 |170 -0.29701 -1.58222e-03 |171  0.38813  2.46423e-03
172 -0.46963 -2.84818e-03 |173 -0.59585  7.92331e-01 |174  0.01387  1.62268e-02
175 -0.38287 -2.15582e-03 |176 -0.31633 -6.34451e-01 |177  0.04493 -6.08959e-01
178  0.11934  3.62653e+00 |179  0.31891 -2.40486e-01 |180  0.27209 -6.11815e+00
181  0.01095  6.25876e-01 |182  0.00999  2.20457e+00 |183 -0.15231  1.25800e+00
184 -0.12669  5.06821e+00 |185  0.01154  5.74933e-01 |186  0.39151  5.29825e-01
187  0.02039  1.25947e+00 |188 -0.15616  1.05006e-01 |189  0.09900 -6.80780e+00
190  0.16282  1.71958e-01 |191  0.21845  5.25441e+00 |192  0.25661  4.31078e+00
193  0.02454 -3.67568e+00 |194 -0.00574 -1.01250e+00 |195 -0.17766 -2.44383e+00
196 -0.11581 -9.75565e-01 |197 -0.56249  2.47712e+00 |198 -0.21114 -1.02348e-03
199  0.01627  2.43935e+01 |200 -0.38710  6.05752e+00 |
200 variables; iteration 140; function evaluation 169; phase 4
Function value 7.1718918e+03; maximum gradient component mag 2.4611e+01
Var    Value     Gradient |Var    Value     Gradient |Var    Value     Gradient
  1 -0.42353  2.13434e+00 |  2  0.37203 -1.00415e+00 |  3 -0.12415  3.41376e+00
  4 -0.01588  2.74136e+00 |  5 -0.70537 -8.42601e-02 |  6 -0.60486 -2.64990e+00
  7  0.37703  6.67217e+00 |  8 -0.18425  6.61118e+00 |  9  0.03141  6.47596e+00
 10 -0.61066  3.35959e-01 | 11 -0.62390 -3.92740e-01 | 12 -0.10548  1.68513e+00
 13 -0.00970  5.86729e-02 | 14 -0.00987  6.86526e-02 | 15 -0.01008  7.07345e-02
 16 -0.01031  6.39367e-02 | 17 -0.01057  4.81881e-02 | 18 -0.01086  2.39844e-02
 19 -0.01117 -7.12360e-03 | 20 -0.01148 -4.26899e-02 | 21 -0.01179 -7.96666e-02
 22 -0.01208 -1.14686e-01 | 23 -0.01233 -1.44441e-01 | 24 -0.01254 -1.66037e-01
 25 -0.01270 -1.77192e-01 | 26 -0.01280 -1.76389e-01 | 27 -0.01283 -1.62909e-01
 28 -0.01280 -1.36968e-01 | 29 -0.01270 -9.99065e-02 | 30 -0.01255 -5.42717e-02
 31 -0.01235 -3.85044e-03 | 32 -0.01213  4.66551e-02 | 33 -0.01190  9.14277e-02
 34 -0.01170  1.23499e-01 | 35 -0.01153  1.34866e-01 | 36 -0.01145  1.17302e-01
 37 -0.01145  6.43037e-02 | 38 -0.01156 -2.52507e-02 | 39 -0.01173 -1.42777e-01
 40 -0.01190 -2.67443e-01 | 41 -0.01192 -3.64296e-01 | 42 -0.01166 -3.96160e-01
 43 -0.01103 -3.35753e-01 | 44 -0.01001 -1.81982e-01 | 45 -0.00874  3.09066e-02
 46 -0.00746  2.40072e-01 | 47 -0.00643  3.78413e-01 | 48 -0.00583  4.05276e-01
 49 -0.00566  3.24580e-01 | 50 -0.00576  1.78218e-01 | 51 -0.00595  2.06761e-02
 52 -0.00607 -1.06853e-01 | 53 -0.00605 -1.87766e-01 | 54 -0.00592 -2.25623e-01
 55 -0.00570 -2.32057e-01 | 56 -0.00542 -2.18118e-01 | 57 -0.00510 -1.93029e-01
 58 -0.00476 -1.69260e-01 | 59 -0.00447 -1.72438e-01 | 60 -0.00439 -2.48984e-01
 61 -0.00469 -4.48728e-01 | 62 -0.00520 -7.36964e-01 | 63 -0.00473 -8.24644e-01
 64 -0.00105 -1.67613e-01 | 65  0.00590  1.21617e+00 | 66  0.00926  1.62870e+00
 67  0.00566  2.92934e-01 | 68  0.00675  1.84413e-02 | 69  0.00947  5.09860e-02
 70  0.01126 -2.03314e-01 | 71  0.01270 -5.88376e-01 | 72  0.01570 -6.71648e-01
 73  0.02002 -5.12189e-01 | 74  0.02598 -4.17308e-02 | 75  0.02788 -3.34946e-01
 76  0.03127 -2.60403e-01 | 77  0.02641 -1.56509e+00 | 78  0.03522 -2.53223e-01
 79  0.03902  2.78481e-01 | 80  0.03076 -1.16489e+00 | 81  0.03472 -3.43385e-01
 82  0.03091 -7.88944e-01 | 83  0.03091 -4.30552e-01 | 84  0.03044  3.27321e-03
 85  0.02212 -9.07079e-01 | 86  0.02041 -4.14535e-01 | 87  0.01465 -6.92679e-01
 88  0.01269 -2.26285e-01 | 89  0.01003 -7.03291e-02 | 90  0.00553 -5.87329e-01
 91  0.00295 -9.23175e-01 | 92  0.00272 -9.23302e-01 | 93  0.00815  2.20986e-01
 94  0.01127  5.97097e-01 | 95  0.01467  5.80634e-01 | 96  0.01767 -8.29813e-01
 97  0.03460 -8.62252e-01 | 98  0.01611 -1.37868e+00 | 99  0.00572  1.47898e+00
100 -0.03394 -2.41864e+00 |101  0.01339  2.78368e-01 |102  0.01197 -6.60503e-01
103 -0.01103 -1.04817e+00 |104  0.01582 -1.06739e+00 |105  0.02233 -5.82471e-01
106  0.01278  5.16186e-01 |107  0.00900  1.99935e-01 |108  0.01862  3.56338e-01
109  0.06618  2.86052e+00 |110  0.01141  1.34493e+00 |111  0.00120 -3.16757e-01
112  0.01706  1.85227e+00 |113  0.02116  2.35001e+00 |114  0.02450  2.17430e+00
115 -0.00250  1.35535e+00 |116 -0.05169 -1.02386e-01 |117 -0.06977 -3.84869e-01
118 -0.07363 -3.48869e-01 |119 -0.05535  1.59548e-01 |120  0.05524  4.33069e-01
121 -0.00427  6.94596e-01 |122  0.02743  6.96643e-01 |123 -0.02439  5.50357e-01
124 -0.06754 -1.81090e-01 |125 -0.01090 -8.98884e-01 |126  0.00439 -6.33290e-01
127  0.00250  1.41434e+00 |128  0.01543 -1.72138e-01 |129  0.08297  4.11822e-01
130  0.00200  2.84101e-01 |131  0.09013 -1.10203e+00 |132 -0.00239  1.51804e-01
133  0.13502 -1.03944e+00 |134 -0.00040  1.08875e-01 |135 -0.04445 -4.69935e-01
136 -0.04255 -3.16124e-01 |137 -0.00853  5.09140e-01 |138  0.08202  6.24027e-01
139  0.01063  3.98009e-01 |140 -0.00844 -3.30261e-01 |141 -0.03534 -3.65956e-01
142 -0.02351 -8.87866e-02 |143 -0.00306  1.05027e+00 |144  0.00073  1.79267e-01
145  0.37640 -4.67567e+00 |146  0.56790  9.85155e+00 |147  0.04756  1.48127e+00
148  0.29574 -1.10036e+00 |149  0.01644  5.87029e-01 |150 -0.11550 -6.92556e-02
151 -0.47953 -1.91239e-02 |152  0.31214 -2.75252e-01 |153  0.05024 -3.10654e-01
154 -0.23095  8.69575e-01 |155  0.18576 -5.77109e-01 |156  0.25990  2.33746e+00
157  0.17583  2.03959e-01 |158  0.25417  6.70333e-01 |159  0.00449 -1.27501e+00
160 -0.09912 -2.61468e-01 |161  0.10218 -1.83939e+00 |162  0.29547  2.69817e+00
163  0.16911 -2.18268e-01 |164  0.24616  1.36615e+00 |165 -0.15513 -1.39038e+00
166  0.60746 -9.27964e-03 |167 -0.00016 -2.09835e+00 |168 -0.24260 -6.32138e+00
169  0.18588 -3.74719e-02 |170 -0.43918 -2.59215e-03 |171  0.45813  2.80255e-03
172 -0.40547 -2.29584e-03 |173 -0.60904  8.15147e-02 |174 -0.13284 -6.65257e-04
175 -0.50431 -3.18448e-03 |176 -0.32013 -1.48241e+00 |177  0.04942 -9.58659e-01
178  0.12036  7.08997e-01 |179  0.32014  4.42932e-01 |180  0.27270 -1.86637e+00
181  0.00643 -3.96734e-01 |182  0.00927  2.65392e-01 |183 -0.14992 -1.06797e+00
184 -0.12621  1.17051e+00 |185  0.01258  9.70421e-02 |186  0.39241  8.56137e-01
187  0.01973  5.51396e-01 |188 -0.15537 -1.36733e-01 |189  0.09950 -7.69231e+00
190  0.16301 -2.98979e+00 |191  0.21856  4.40001e+00 |192  0.25646  3.41183e+00
193  0.02442 -5.28871e+00 |194 -0.00562 -1.32007e+00 |195 -0.17684 -2.58540e+00
196 -0.11520 -3.60841e+00 |197 -0.56095  6.43322e+00 |198 -0.22433 -1.15523e-03
199 -0.02707  2.46110e+01 |200 -0.43417  4.84724e+00 |
200 variables; iteration 160; function evaluation 202; phase 4
Function value 7.1715633e+03; maximum gradient component mag 1.0695e+01
Var    Value     Gradient |Var    Value     Gradient |Var    Value     Gradient
  1 -0.42347 -1.79209e+00 |  2  0.37234 -6.29214e-01 |  3 -0.12386 -1.37179e+00
  4 -0.01684 -1.31810e+00 |  5 -0.70569 -2.16151e-01 |  6 -0.60459  3.82989e-01
  7  0.37769 -2.74264e+00 |  8 -0.18392 -2.23313e+00 |  9  0.02971 -2.31488e+00
 10 -0.60851  1.64666e-01 | 11 -0.62395  4.67510e-02 | 12 -0.10723  1.06955e+01
 13 -0.01040 -1.21676e-01 | 14 -0.01057 -1.09134e-01 | 15 -0.01071 -9.16988e-02
 16 -0.01085 -7.25877e-02 | 17 -0.01099 -5.55257e-02 | 18 -0.01114 -4.36967e-02
 19 -0.01132 -3.89124e-02 | 20 -0.01151 -4.09560e-02 | 21 -0.01170 -4.74341e-02
 22 -0.01189 -5.43331e-02 | 23 -0.01205 -5.70604e-02 | 24 -0.01216 -5.16723e-02
 25 -0.01222 -3.57991e-02 | 26 -0.01222 -8.97070e-03 | 27 -0.01217  2.76002e-02
 28 -0.01208  7.12632e-02 | 29 -0.01195  1.17864e-01 | 30 -0.01180  1.62332e-01
 31 -0.01166  1.99007e-01 | 32 -0.01154  2.23640e-01 | 33 -0.01145  2.32352e-01
 34 -0.01141  2.20990e-01 | 35 -0.01143  1.84572e-01 | 36 -0.01152  1.18854e-01
 37 -0.01168  2.57273e-02 | 38 -0.01185 -7.79929e-02 | 39 -0.01188 -1.54546e-01
 40 -0.01158 -1.54474e-01 | 41 -0.01086 -5.06210e-02 | 42 -0.00981  1.30016e-01
 43 -0.00876  3.02380e-01 | 44 -0.00805  3.72780e-01 | 45 -0.00785  3.05484e-01
 46 -0.00797  1.47594e-01 | 47 -0.00808 -9.01297e-03 | 48 -0.00793 -9.40287e-02
 49 -0.00747 -9.54644e-02 | 50 -0.00684 -4.47806e-02 | 51 -0.00619  1.94972e-02
 52 -0.00561  7.36341e-02 | 53 -0.00516  1.10067e-01 | 54 -0.00481  1.30286e-01
 55 -0.00455  1.38238e-01 | 56 -0.00435  1.37213e-01 | 57 -0.00418  1.29418e-01
 58 -0.00400  1.16981e-01 | 59 -0.00377  1.03954e-01 | 60 -0.00344  9.73950e-02
 61 -0.00295  1.02621e-01 | 62 -0.00233  1.03251e-01 | 63 -0.00175  4.94798e-02
 64 -0.00094  1.07947e-03 | 65  0.00125  2.32837e-01 | 66  0.00255  1.75557e-01
 67  0.00494  3.09437e-01 | 68  0.00670  2.12538e-01 | 69  0.00869  9.84457e-02
 70  0.00928 -3.96919e-01 | 71  0.01303 -2.39849e-01 | 72  0.01682 -1.29611e-01
 73  0.02448  7.44639e-01 | 74  0.02581  3.04307e-01 | 75  0.02895  2.79511e-01
 76  0.03030  1.88038e-03 | 77  0.03459  3.88719e-01 | 78  0.03434  8.50022e-02
 79  0.03415 -6.03518e-02 | 80  0.03742  5.44325e-01 | 81  0.03477  2.04267e-01
 82  0.03368  2.51156e-01 | 83  0.03077  8.31663e-02 | 84  0.02560 -3.85634e-01
 85  0.02446  7.52722e-02 | 86  0.02368  7.76419e-01 | 87  0.01478 -1.69654e-01
 88  0.01250  2.25087e-01 | 89  0.00849  6.73215e-02 | 90  0.00800  4.83539e-01
 91  0.00684  5.04742e-01 | 92  0.00509  1.78975e-01 | 93  0.00361 -2.42628e-01
 94  0.00645  1.89799e-01 | 95  0.00757 -4.03441e-02 | 96  0.01614  7.36887e-01
 97  0.03680  9.48552e-01 | 98  0.02587  5.71176e-01 | 99  0.00946 -4.39614e-02
100 -0.02756  6.33144e-01 |101  0.00045  4.57339e-02 |102  0.02106  1.89986e-01
103 -0.00943  2.98080e-01 |104  0.01401  6.41934e-01 |105  0.02408 -1.81034e-01
106  0.01628  7.22252e-01 |107  0.00781 -1.08770e-01 |108  0.00959 -3.04894e-01
109  0.06578  4.52355e-01 |110  0.01392 -2.36932e-01 |111  0.00527 -4.99281e-02
112  0.01509  1.80676e-02 |113  0.01881 -2.50642e-01 |114  0.02387 -1.36827e-01
115 -0.00377 -2.14204e-01 |116 -0.05148 -3.53661e-01 |117 -0.06833  2.19661e-01
118 -0.07323 -6.81771e-02 |119 -0.05557 -8.27428e-02 |120  0.05513 -3.40902e-01
121 -0.00354 -2.72517e-01 |122  0.02658 -1.89266e-01 |123 -0.02636 -3.26205e-01
124 -0.06759 -9.50937e-02 |125 -0.00787  1.26875e-01 |126  0.00499 -2.88641e-01
127 -0.00141  1.62577e-01 |128  0.01666 -3.30723e-01 |129  0.08386 -1.55717e-01
130  0.00117 -5.57981e-02 |131  0.09354  1.68295e-01 |132 -0.00126  2.14455e-01
133  0.13870  3.23548e-01 |134 -0.00052  6.62204e-02 |135 -0.04251  1.27307e-01
136 -0.04334 -3.09309e-01 |137 -0.01151 -3.44023e-01 |138  0.07924 -4.62761e-01
139  0.00839 -4.51650e-01 |140 -0.00835 -3.67243e-01 |141 -0.03587 -3.29294e-01
142 -0.02412 -2.39868e-01 |143 -0.00749 -4.40013e-02 |144  0.00025  6.19094e-02
145  0.36981  1.30209e+00 |146  0.68864  4.73828e+00 |147  0.04751 -1.70485e-01
148  0.29548 -1.03775e-02 |149  0.01652  9.48008e-02 |150 -0.11553  2.32813e-01
151 -0.47667 -1.36824e-01 |152  0.31667  2.31852e-01 |153  0.04977 -1.90110e-01
154 -0.23245 -1.86178e-02 |155  0.18537  3.94223e-02 |156  0.25927 -4.99749e-01
157  0.17394  1.43693e-02 |158  0.25300 -9.41882e-02 |159  0.00666  1.20027e-01
160 -0.09936 -5.47738e-02 |161  0.10326  8.97209e-02 |162  0.29540 -6.93842e-01
163  0.16882  3.31996e-01 |164  0.24580  7.35828e-02 |165 -0.10433  8.11421e-01
166  0.65397  1.82827e-03 |167 -0.02879  1.03762e+00 |168 -0.23692  1.02829e+00
169  0.26604  3.60877e-01 |170 -0.73749 -7.18169e-03 |171  0.56794  3.89956e-03
172 -0.27564 -8.68262e-04 |173 -0.62092  1.08593e-02 |174 -0.41643 -2.40879e-03
175 -0.72342 -6.77026e-03 |176 -0.31584 -5.05266e-01 |177  0.05246  8.49545e-02
178  0.12052 -1.91334e-01 |179  0.32117  5.06167e-02 |180  0.27294  4.67128e-01
181  0.00377 -2.43464e-01 |182  0.00924 -7.50558e-02 |183 -0.14959  1.52738e-01
184 -0.12637 -1.68601e-01 |185  0.01213 -1.89290e-01 |186  0.39075 -4.08897e-01
187  0.01952 -8.33760e-02 |188 -0.15517  8.47555e-02 |189  0.09967  2.02397e+00
190  0.16310  1.14756e+00 |191  0.21857 -1.17396e+00 |192  0.25634 -1.48184e+00
193  0.02441  1.56593e+00 |194 -0.00545  4.84502e-01 |195 -0.17678  9.80595e-01
196 -0.11521  1.44363e+00 |197 -0.56143 -1.31335e+00 |198 -0.22487 -1.15821e-03
199 -0.08351  8.86772e+00 |200 -0.49165  2.07818e+00 |
200 variables; iteration 180; function evaluation 237; phase 4
Function value 7.1714760e+03; maximum gradient component mag 3.7545e+00
Var    Value     Gradient |Var    Value     Gradient |Var    Value     Gradient
  1 -0.42358  5.57776e-01 |  2  0.37223 -1.35689e-01 |  3 -0.12373  7.32661e-01
  4 -0.01663  3.62079e-01 |  5 -0.70459  1.01337e-01 |  6 -0.60485 -1.22049e-01
  7  0.37754  1.54565e+00 |  8 -0.18373  1.14763e+00 |  9  0.03001  9.78224e-01
 10 -0.60881 -1.18180e-01 | 11 -0.62398 -6.70427e-03 | 12 -0.10074  2.88269e+00
 13 -0.00952  1.16666e-01 | 14 -0.00992  6.84236e-02 | 15 -0.01032  1.95142e-02
 16 -0.01064 -1.17756e-02 | 17 -0.01087 -1.72020e-02 | 18 -0.01101 -2.83118e-03
 19 -0.01113  1.62849e-02 | 20 -0.01127  2.77596e-02 | 21 -0.01143  3.01159e-02
 22 -0.01159  3.03621e-02 | 23 -0.01173  3.37086e-02 | 24 -0.01185  3.63602e-02
 25 -0.01200  2.89264e-02 | 26 -0.01218  6.81856e-03 | 27 -0.01237 -2.26874e-02
 28 -0.01251 -4.39728e-02 | 29 -0.01256 -4.64910e-02 | 30 -0.01255 -3.79315e-02
 31 -0.01255 -4.06406e-02 | 32 -0.01262 -6.69725e-02 | 33 -0.01267 -9.73308e-02
 34 -0.01255 -9.06513e-02 | 35 -0.01221 -2.89419e-02 | 36 -0.01179  4.22170e-02
 37 -0.01161  3.86804e-02 | 38 -0.01172 -5.02679e-02 | 39 -0.01160 -8.96586e-02
 40 -0.01077  5.13339e-02 | 41 -0.00976  2.30332e-01 | 42 -0.00981  1.14195e-01
 43 -0.01082 -2.64789e-01 | 44 -0.01115 -4.67252e-01 | 45 -0.01006 -3.03394e-01
 46 -0.00845 -5.15467e-03 | 47 -0.00743  1.33307e-01 | 48 -0.00721  6.15510e-02
 49 -0.00747 -1.30495e-01 | 50 -0.00747 -2.48984e-01 | 51 -0.00671 -1.61323e-01
 52 -0.00558  3.58484e-02 | 53 -0.00477  1.57658e-01 | 54 -0.00463  1.22880e-01
 55 -0.00496 -2.59798e-02 | 56 -0.00543 -2.01377e-01 | 57 -0.00565 -3.13903e-01
 58 -0.00523 -2.68904e-01 | 59 -0.00384  1.14266e-02 | 60 -0.00183  4.26407e-01
 61 -0.00125  4.48856e-01 | 62 -0.00359 -2.98664e-01 | 63 -0.00288 -3.23164e-01
 64  0.00116  4.29236e-01 | 65 -0.00059 -3.16406e-01 | 66  0.00158 -1.61079e-01
 67  0.00296 -2.69851e-01 | 68  0.00559 -1.58621e-01 | 69  0.00732 -3.31056e-01
 70  0.01138 -4.41302e-02 | 71  0.01450 -4.31938e-02 | 72  0.01817  2.73144e-02
 73  0.02021 -2.70560e-01 | 74  0.02512  2.37703e-02 | 75  0.02772 -1.05011e-01
 76  0.03113  5.52357e-03 | 77  0.03213 -2.13777e-01 | 78  0.03424 -8.60016e-02
 79  0.03652  2.10572e-01 | 80  0.03333 -3.36329e-01 | 81  0.03378 -1.18379e-01
 82  0.03285 -3.84783e-02 | 83  0.03076 -5.05995e-02 | 84  0.02791 -6.35593e-02
 85  0.02542  1.50041e-01 | 86  0.01817 -4.73424e-01 | 87  0.01670  1.47601e-01
 88  0.00960 -5.10441e-01 | 89  0.00908  1.24595e-01 | 90  0.00512 -2.62670e-01
 91  0.00320 -4.24338e-01 | 92  0.00411 -1.13315e-01 | 93  0.00591  2.48161e-01
 94  0.00496 -2.10450e-01 | 95  0.00821  6.74822e-02 | 96  0.01187 -2.63044e-01
 97  0.03569 -1.45968e-01 | 98  0.02161 -6.65495e-01 | 99  0.01268  2.69823e-01
100 -0.02892 -2.33734e-01 |101  0.00119  2.18705e-01 |102  0.02166  1.95684e-01
103 -0.00734  5.63396e-01 |104  0.01109  1.39012e-01 |105  0.02497  2.90102e-01
106  0.01621  5.72768e-01 |107  0.00891  5.83697e-01 |108  0.00880  3.20177e-01
109  0.06583  1.03274e+00 |110  0.01861  5.49821e-01 |111  0.00552 -1.76795e-01
112  0.01558  3.14311e-01 |113  0.02000  4.12537e-01 |114  0.02391  1.75485e-01
115 -0.00189  2.94600e-01 |116 -0.04964  9.30773e-02 |117 -0.06864 -1.90524e-01
118 -0.07214  5.00489e-02 |119 -0.05525 -1.10274e-01 |120  0.05660  6.69416e-02
121 -0.00155  1.31571e-01 |122  0.02747 -8.60651e-02 |123 -0.02458  1.54805e-01
124 -0.06660 -1.93735e-02 |125 -0.00743 -4.30739e-02 |126  0.00693  4.13594e-02
127 -0.00188 -8.62956e-02 |128  0.01872  1.19430e-01 |129  0.08487  6.92175e-02
130  0.00224  6.68562e-02 |131  0.09384 -1.40227e-01 |132 -0.00083  3.87943e-02
133  0.13884 -2.04652e-01 |134 -0.00032  5.70263e-02 |135 -0.04266 -6.29369e-02
136 -0.04239  2.06435e-02 |137 -0.01006  7.56679e-02 |138  0.08150  2.26115e-01
139  0.01050  2.30959e-01 |140 -0.00620  2.09868e-01 |141 -0.03438  1.16739e-01
142 -0.02271  1.54939e-01 |143 -0.00748 -5.57781e-02 |144 -0.00029 -7.06298e-02
145  0.36257 -3.19409e-01 |146  0.68879  2.39015e+00 |147  0.04723  5.74249e-02
148  0.29557 -3.63783e-02 |149  0.01653 -5.90226e-02 |150 -0.11579 -1.57621e-01
151 -0.47935 -6.05073e-02 |152  0.31368  4.50046e-02 |153  0.05073  5.31186e-02
154 -0.23289  5.35326e-02 |155  0.18477 -6.88059e-02 |156  0.25936  2.75657e-01
157  0.17418  1.34437e-01 |158  0.25330  1.11503e-01 |159  0.00619 -2.35768e-01
160 -0.09951  1.12796e-01 |161  0.10274 -8.41762e-02 |162  0.29556  2.30917e-01
163  0.16783 -1.19733e-01 |164  0.24544  2.69159e-02 |165 -0.13367 -2.78853e-01
166  0.67070  2.34993e-03 |167 -0.04423 -1.16245e-01 |168 -0.22952 -5.47881e-01
169  0.26061  9.69106e-02 |170 -0.84103 -1.23162e-02 |171  0.59878  4.30890e-03
172 -0.18620  4.71799e-03 |173 -0.63250 -1.87928e-03 |174 -0.57454 -3.97921e-03
175 -0.85655 -1.37028e-02 |176 -0.31481  3.60132e-01 |177  0.04925 -2.28899e-01
178  0.12026  6.21584e-02 |179  0.32018 -1.92320e-03 |180  0.27283 -2.27567e-01
181  0.00673 -1.10762e-02 |182  0.00935 -7.22299e-02 |183 -0.15069 -1.44714e-01
184 -0.12656  1.56800e-02 |185  0.01220 -7.04071e-02 |186  0.39135  1.23185e-01
187  0.01960  1.08422e-01 |188 -0.15552 -9.54535e-02 |189  0.09946 -1.56448e+00
190  0.16286 -5.33726e-01 |191  0.21853  8.10937e-01 |192  0.25638  7.85962e-01
193  0.02445 -1.37420e+00 |194 -0.00533 -3.32949e-01 |195 -0.17707 -8.21103e-01
196 -0.11547 -1.03303e+00 |197 -0.55739 -3.05232e+00 |198 -0.12169  6.43776e-01
199 -0.09644  3.75453e+00 |200 -0.52149  9.51718e-01 |
200 variables; iteration 200; function evaluation 270; phase 4
Function value 7.1714380e+03; maximum gradient component mag 9.2989e-01
Var    Value     Gradient |Var    Value     Gradient |Var    Value     Gradient
  1 -0.42362 -3.96118e-01 |  2  0.37220  1.75220e-01 |  3 -0.12365 -6.08834e-02
  4 -0.01664  8.90476e-02 |  5 -0.70477 -1.35081e-02 |  6 -0.60486  2.78501e-02
  7  0.37760 -2.40169e-01 |  8 -0.18362 -2.07733e-01 |  9  0.02984 -9.94908e-02
 10 -0.60834  5.27142e-03 | 11 -0.62402 -2.06398e-02 | 12 -0.09881 -5.72323e-01
 13 -0.01015 -4.56918e-02 | 14 -0.01029 -2.32029e-02 | 15 -0.01038  8.28777e-03
 16 -0.01056  1.74641e-02 | 17 -0.01080  6.90089e-03 | 18 -0.01104 -3.68775e-03
 19 -0.01125 -9.68728e-03 | 20 -0.01147 -1.76430e-02 | 21 -0.01167 -2.52634e-02
 22 -0.01184 -2.90629e-02 | 23 -0.01200 -3.21097e-02 | 24 -0.01211 -2.36992e-02
 25 -0.01209  1.24729e-02 | 26 -0.01206  4.96149e-02 | 27 -0.01221  2.97731e-02
 28 -0.01251 -3.20013e-02 | 29 -0.01251 -2.18051e-02 | 30 -0.01217  7.44892e-02
 31 -0.01210  9.24315e-02 | 32 -0.01249 -1.98827e-02 | 33 -0.01259 -6.32214e-02
 34 -0.01209  4.74982e-02 | 35 -0.01186  7.95972e-02 | 36 -0.01206 -1.65187e-02
 37 -0.01197 -4.21268e-02 | 38 -0.01137  6.02133e-02 | 39 -0.01127  1.72684e-02
 40 -0.01112 -2.32581e-02 | 41 -0.01101 -8.41220e-02 | 42 -0.01053 -5.59000e-02
 43 -0.00916  1.99587e-01 | 44 -0.00947  5.05471e-04 | 45 -0.00908 -1.89284e-02
 46 -0.00772  2.11678e-01 | 47 -0.00859 -1.42842e-01 | 48 -0.00795 -1.02149e-01
 49 -0.00619  2.33585e-01 | 50 -0.00643  5.28727e-02 | 51 -0.00656 -8.63299e-02
 52 -0.00587 -2.80458e-03 | 53 -0.00530  6.05666e-02 | 54 -0.00512  3.72056e-02
 55 -0.00500  6.56474e-03 | 56 -0.00476  1.23772e-02 | 57 -0.00445  3.82743e-02
 58 -0.00420  4.08055e-02 | 59 -0.00414 -1.64671e-02 | 60 -0.00416 -1.13233e-01
 61 -0.00392 -1.71662e-01 | 62 -0.00264 -1.77862e-03 | 63 -0.00171  3.18839e-02
 64 -0.00074  2.22813e-02 | 65  0.00054  3.00488e-02 | 66  0.00220  6.21685e-02
 67  0.00406  6.86354e-02 | 68  0.00631  9.15028e-02 | 69  0.00864  5.85614e-02
 70  0.01168  1.12823e-01 | 71  0.01452  5.58676e-02 | 72  0.01778  4.44837e-02
 73  0.02140  7.71766e-02 | 74  0.02449  7.13093e-03 | 75  0.02781  2.56500e-02
 76  0.03051  5.75078e-03 | 77  0.03292  5.17702e-02 | 78  0.03422  3.45185e-02
 79  0.03433 -5.02270e-02 | 80  0.03491  8.03629e-02 | 81  0.03388  3.71256e-02
 82  0.03238  1.76230e-02 | 83  0.03029  1.05617e-02 | 84  0.02726 -3.50410e-02
 85  0.02360 -5.02706e-02 | 86  0.02015  1.06842e-01 | 87  0.01529  1.91809e-02
 88  0.01139  7.44893e-02 | 89  0.00787  4.02731e-02 | 90  0.00535 -7.68161e-03
 91  0.00504  2.26759e-01 | 92  0.00316 -1.15044e-01 | 93  0.00420  7.99104e-02
 94  0.00525  1.07416e-01 | 95  0.00639 -8.66191e-02 | 96  0.01196  7.49468e-02
 97  0.03545  3.27575e-02 | 98  0.02491  2.17913e-01 | 99  0.01102 -7.23542e-02
100 -0.02732  1.02141e-01 |101  0.00027  1.98838e-02 |102  0.02112 -1.45572e-02
103 -0.00740 -1.15209e-01 |104  0.01244  8.90919e-02 |105  0.02404 -1.79969e-01
106  0.01723 -1.17723e-01 |107  0.00814 -2.17628e-01 |108  0.00828 -2.34106e-01
109  0.06590 -4.07028e-01 |110  0.01781 -2.48478e-01 |111  0.00789  1.25086e-02
112  0.01593 -5.50108e-02 |113  0.02002 -2.96315e-02 |114  0.02487  6.43748e-03
115 -0.00228 -5.06020e-02 |116 -0.04953 -3.79444e-02 |117 -0.06783 -7.04873e-03
118 -0.07210 -4.82333e-02 |119 -0.05456  5.05477e-03 |120  0.05708 -9.62900e-02
121 -0.00178 -5.05249e-02 |122  0.02845  3.33367e-03 |123 -0.02444 -4.54253e-02
124 -0.06618 -2.45571e-02 |125 -0.00687 -1.07137e-02 |126  0.00737 -1.52622e-02
127 -0.00092  9.10885e-03 |128  0.01855 -3.68864e-02 |129  0.08538 -3.65173e-03
130  0.00198 -2.02485e-02 |131  0.09455  2.61249e-02 |132 -0.00097  3.64673e-02
133  0.13913  4.82084e-03 |134 -0.00048 -4.12014e-02 |135 -0.04254  1.11591e-02
136 -0.04237  4.45300e-03 |137 -0.01045 -3.72653e-02 |138  0.08067 -4.38142e-02
139  0.00965 -4.96188e-02 |140 -0.00714 -5.04544e-02 |141 -0.03485 -1.76846e-02
142 -0.02339 -3.95516e-02 |143 -0.00696  7.53086e-02 |144 -0.00011 -2.81374e-02
145  0.34097 -4.87965e-01 |146  0.69167  1.84049e-01 |147  0.04706 -4.60333e-02
148  0.29556  2.40873e-02 |149  0.01665  4.32496e-02 |150 -0.11589  6.17886e-02
151 -0.47834  1.76407e-02 |152  0.31385 -1.51362e-02 |153  0.05030 -1.82445e-02
154 -0.23311 -1.28089e-02 |155  0.18445 -2.19984e-02 |156  0.25929  5.79956e-03
157  0.17350 -4.34161e-02 |158  0.25295 -5.86773e-02 |159  0.00679  4.09750e-02
160 -0.09968  8.82950e-03 |161  0.10226 -1.35474e-02 |162  0.29543 -1.13893e-01
163  0.16776  5.14002e-02 |164  0.24546 -2.07713e-02 |165 -0.12289 -3.01051e-01
166  0.65356  1.54811e-03 |167 -0.05094 -9.50876e-02 |168 -0.21912 -4.35427e-01
169  0.24834  7.21823e-03 |170 -0.81224 -1.03401e-02 |171  0.63013  4.78607e-03
172 -0.17980  5.70832e-03 |173 -0.64031 -6.20784e-03 |174 -0.71129 -6.44546e-03
175 -0.96863 -6.34039e-02 |176 -0.31595 -7.18111e-02 |177  0.05043  1.00969e-01
178  0.12015 -2.70614e-02 |179  0.32054  3.89778e-02 |180  0.27283  6.57000e-02
181  0.00577 -6.52295e-04 |182  0.00945  1.81082e-02 |183 -0.15091  5.14711e-02
184 -0.12668  2.60161e-02 |185  0.01249  3.11422e-02 |186  0.39123 -9.94914e-02
187  0.01920 -4.54492e-02 |188 -0.15544  3.35462e-02 |189  0.09943  3.12557e-01
190  0.16274  1.06578e-01 |191  0.21851 -1.31062e-01 |192  0.25633 -1.55805e-01
193  0.02446  2.63106e-01 |194 -0.00519  6.22361e-02 |195 -0.17714  1.69902e-01
196 -0.11555  2.12134e-01 |197 -0.55694 -7.07782e-01 |198 -0.14444  2.12593e-02
199 -0.10478  9.29890e-01 |200 -0.55044  4.20670e-01 |
200 variables; iteration 220; function evaluation 305; phase 4
Function value 7.1714174e+03; maximum gradient component mag 1.5374e+00
Var    Value     Gradient |Var    Value     Gradient |Var    Value     Gradient
  1 -0.42362  2.63009e-01 |  2  0.37220  5.18001e-01 |  3 -0.12364  3.15428e-01
  4 -0.01664  2.75772e-01 |  5 -0.70465  1.29185e-02 |  6 -0.60488  1.09332e-01
  7  0.37759  1.34436e-01 |  8 -0.18359  1.76626e-01 |  9  0.02985  4.96143e-02
 10 -0.60841 -4.24080e-03 | 11 -0.62401  2.14630e-01 | 12 -0.09808  1.25920e+00
 13 -0.01000 -3.64191e-03 | 14 -0.01013  1.79014e-02 | 15 -0.01057 -4.07985e-02
 16 -0.01083 -5.50063e-02 | 17 -0.01081  6.10729e-03 | 18 -0.01097  1.63972e-02
 19 -0.01125 -8.41544e-03 | 20 -0.01142 -5.04826e-03 | 21 -0.01166 -2.36994e-02
 22 -0.01193 -5.18533e-02 | 23 -0.01214 -6.80924e-02 | 24 -0.01225 -6.11534e-02
 25 -0.01214 -3.17058e-04 | 26 -0.01217  1.97525e-02 | 27 -0.01228  1.25676e-02
 28 -0.01225  3.70434e-02 | 29 -0.01242  1.89718e-03 | 30 -0.01253 -2.04822e-02
 31 -0.01262 -4.84139e-02 | 32 -0.01255 -3.81639e-02 | 33 -0.01225  2.96728e-02
 34 -0.01223  1.15652e-02 | 35 -0.01213  6.23854e-03 | 36 -0.01263 -1.69143e-01
 37 -0.01146  9.42907e-02 | 38 -0.01145  3.79697e-02 | 39 -0.01164 -8.28523e-02
 40 -0.01104 -2.99578e-03 | 41 -0.01075 -1.72076e-02 | 42 -0.01028  8.00602e-03
 43 -0.01003 -3.38996e-02 | 44 -0.00955 -2.40776e-02 | 45 -0.00889  2.91521e-02
 46 -0.00862 -2.83351e-02 | 47 -0.00834 -8.14051e-02 | 48 -0.00716  9.80423e-02
 49 -0.00730 -6.04863e-02 | 50 -0.00689 -7.23504e-02 | 51 -0.00588  8.32254e-02
 52 -0.00619 -9.35620e-02 | 53 -0.00572 -5.35614e-02 | 54 -0.00536 -3.22573e-02
 55 -0.00516 -4.35103e-02 | 56 -0.00460  4.48370e-02 | 57 -0.00420  9.13742e-02
 58 -0.00451 -4.71739e-02 | 59 -0.00429 -6.52088e-02 | 60 -0.00326  1.03744e-01
 61 -0.00291  7.34762e-02 | 62 -0.00279 -5.37049e-02 | 63 -0.00165  3.09846e-02
 64 -0.00099 -5.51837e-02 | 65  0.00067  4.23049e-02 | 66  0.00221  4.54024e-02
 67  0.00355 -7.46700e-02 | 68  0.00606  9.70087e-03 | 69  0.00849 -5.06095e-04
 70  0.01097 -7.38345e-02 | 71  0.01422 -3.77751e-02 | 72  0.01747 -5.33448e-02
 73  0.02098 -3.91272e-02 | 74  0.02457 -1.04930e-02 | 75  0.02754 -6.05425e-02
 76  0.03054 -2.33020e-02 | 77  0.03282 -1.78415e-03 | 78  0.03414 -1.59751e-02
 79  0.03492  1.81600e-02 | 80  0.03456 -1.93658e-02 | 81  0.03375 -2.17755e-02
 82  0.03237 -2.03749e-02 | 83  0.03020 -4.38977e-02 | 84  0.02746 -3.19885e-02
 85  0.02389 -2.79255e-02 | 86  0.01975 -1.24681e-02 | 87  0.01505 -6.85779e-02
 88  0.01109 -2.94721e-02 | 89  0.00736 -1.14733e-01 | 90  0.00515 -9.05110e-02
 91  0.00420 -1.07473e-02 | 92  0.00434  1.29227e-01 | 93  0.00353 -1.17656e-01
 94  0.00474 -5.03246e-02 | 95  0.00709  4.17969e-02 | 96  0.01138 -7.95067e-02
 97  0.03575 -4.17020e-03 | 98  0.02369 -7.29112e-02 | 99  0.01154 -3.71775e-02
100 -0.02768 -5.42476e-02 |101  0.00053  4.54056e-02 |102  0.02068 -1.06973e-01
103 -0.00696 -2.60272e-03 |104  0.01153 -5.14813e-02 |105  0.02452  6.26895e-02
106  0.01687 -5.79543e-02 |107  0.00905  9.21047e-02 |108  0.00966  2.17223e-01
109  0.06604  2.30664e-01 |110  0.01774  2.33035e-01 |111  0.00639  7.34783e-02
112  0.01548  8.93069e-02 |113  0.02043  9.34794e-02 |114  0.02520  1.12012e-01
115 -0.00195  1.32073e-01 |116 -0.04935  9.35326e-02 |117 -0.06781  1.70705e-02
118 -0.07177  7.31159e-02 |119 -0.05453  4.23931e-02 |120  0.05738  1.24894e-01
121 -0.00152  3.94335e-02 |122  0.02845  6.14067e-02 |123 -0.02423  8.15091e-02
124 -0.06603  5.09219e-02 |125 -0.00669  5.50865e-02 |126  0.00740  1.27823e-02
127 -0.00096  9.82580e-03 |128  0.01896  5.54987e-02 |129  0.08541 -2.51484e-02
130  0.00223  6.77493e-03 |131  0.09451 -5.50207e-02 |132 -0.00088 -4.81425e-03
133  0.13929  1.47263e-02 |134 -0.00039 -1.14310e-02 |135 -0.04245  2.37225e-02
136 -0.04253 -2.45034e-02 |137 -0.01032  6.41590e-03 |138  0.08072 -3.53168e-02
139  0.00988  2.58133e-02 |140 -0.00690  1.51950e-02 |141 -0.03488 -1.42473e-02
142 -0.02338 -3.16527e-02 |143 -0.00775 -1.22742e-01 |144  0.00051  1.24861e-01
145  0.35167  1.16775e+00 |146  0.69449  1.76169e-01 |147  0.04706 -1.67155e-01
148  0.29557  1.38836e-01 |149  0.01662 -8.48792e-02 |150 -0.11591 -1.35487e-01
151 -0.47876 -2.56245e-02 |152  0.31420  4.75238e-02 |153  0.05050  3.06511e-02
154 -0.23315 -1.70026e-02 |155  0.18441 -5.94088e-02 |156  0.25930  7.95548e-02
157  0.17363 -6.35668e-02 |158  0.25304  1.01383e-01 |159  0.00669 -2.36015e-02
160 -0.09970 -1.09431e-01 |161  0.10239 -2.08885e-02 |162  0.29552  1.25900e-01
163  0.16762 -1.32421e-01 |164  0.24541  1.07784e-01 |165 -0.08805  4.14211e-01
166  0.58762 -3.59429e-03 |167 -0.07105  3.94227e-01 |168 -0.22997  1.53742e+00
169  0.23198  6.39816e-03 |170 -0.46261 -2.79272e-03 |171  0.69538  6.05714e-03
172 -0.32911 -1.61006e-03 |173 -0.66805 -1.19451e-01 |174 -0.84593 -1.27242e-02
175 -0.98489 -1.29684e-01 |176 -0.31553  1.33764e-01 |177  0.04932 -1.25786e-01
178  0.12016 -6.26255e-02 |179  0.32020 -3.52336e-02 |180  0.27284  1.33030e-01
181  0.00672 -3.08805e-02 |182  0.00941 -9.01942e-02 |183 -0.15108 -1.10181e-01
184 -0.12670 -1.63988e-01 |185  0.01230 -5.97891e-02 |186  0.39132  1.07400e-01
187  0.01942  1.62099e-02 |188 -0.15556 -7.10032e-02 |189  0.09939 -2.35142e-01
190  0.16273 -2.51395e-01 |191  0.21849  6.99362e-02 |192  0.25634  1.72687e-01
193  0.02447 -2.09305e-01 |194 -0.00518 -7.62564e-02 |195 -0.17717 -1.10988e-01
196 -0.11557 -2.65257e-01 |197 -0.55265  4.25151e-02 |198 -0.13567  1.03866e-03
199 -0.11273  6.44428e-01 |200 -0.58670  2.09808e-01 |
200 variables; iteration 240; function evaluation 340; phase 4
Function value 7.1714122e+03; maximum gradient component mag 9.5011e-01
Var    Value     Gradient |Var    Value     Gradient |Var    Value     Gradient
  1 -0.42364 -1.30876e-01 |  2  0.37218 -1.68137e-02 |  3 -0.12363 -4.71187e-02
  4 -0.01661 -3.22192e-02 |  5 -0.70464  1.74158e-02 |  6 -0.60489  9.80382e-02
  7  0.37756  4.33092e-02 |  8 -0.18359 -7.76276e-02 |  9  0.02989 -2.45881e-02
 10 -0.60842 -1.44779e-02 | 11 -0.62402 -2.10828e-02 | 12 -0.09751  9.50105e-01
 13 -0.00992  2.06383e-02 | 14 -0.01050 -7.80970e-02 | 15 -0.01029  3.62369e-02
 16 -0.01089 -6.76578e-02 | 17 -0.01071  3.54338e-02 | 18 -0.01081  6.02578e-02
 19 -0.01110  3.41571e-02 | 20 -0.01128  3.57672e-02 | 21 -0.01163 -1.30027e-02
 22 -0.01192 -4.68003e-02 | 23 -0.01189  2.21195e-03 | 24 -0.01201  4.91027e-03
 25 -0.01219 -1.06941e-02 | 26 -0.01228 -8.45836e-03 | 27 -0.01226  2.02369e-02
 28 -0.01245 -1.35766e-02 | 29 -0.01249 -1.15444e-02 | 30 -0.01263 -4.57415e-02
 31 -0.01232  3.72914e-02 | 32 -0.01242  1.75581e-03 | 33 -0.01238 -2.27376e-03
 34 -0.01229 -1.13503e-03 | 35 -0.01220 -1.02774e-02 | 36 -0.01196  1.40657e-02
 37 -0.01192 -2.33313e-02 | 38 -0.01162 -2.41134e-03 | 39 -0.01138 -1.05559e-02
 40 -0.01100  1.13706e-02 | 41 -0.01066  1.07108e-02 | 42 -0.01039 -1.62481e-02
 43 -0.00995 -8.07202e-03 | 44 -0.00951 -7.28832e-03 | 45 -0.00905 -9.32962e-03
 46 -0.00856 -6.42076e-03 | 47 -0.00804  3.03122e-03 | 48 -0.00758 -4.79842e-03
 49 -0.00709 -3.61196e-04 | 50 -0.00664 -1.29327e-03 | 51 -0.00625 -6.22249e-03
 52 -0.00578  1.96272e-02 | 53 -0.00563 -2.51683e-02 | 54 -0.00515  2.93229e-02
 55 -0.00506 -9.61393e-03 | 56 -0.00491 -2.68563e-02 | 57 -0.00444  3.87340e-02
 58 -0.00443 -1.99064e-02 | 59 -0.00398  2.34789e-02 | 60 -0.00367  8.65806e-03
 61 -0.00324 -2.20727e-03 | 62 -0.00258  8.31677e-03 | 63 -0.00178  1.04917e-02
 64 -0.00072  2.20708e-02 | 65  0.00049  1.16114e-02 | 66  0.00202  1.25892e-02
 67  0.00383  8.08642e-03 | 68  0.00597  5.93764e-03 | 69  0.00845  6.71586e-03
 70  0.01126  1.22710e-02 | 71  0.01433  8.61259e-03 | 72  0.01765  9.35023e-03
 73  0.02108  6.02055e-03 | 74  0.02454  1.05337e-02 | 75  0.02779  1.59637e-02
 76  0.03057  1.35456e-02 | 77  0.03271  8.84692e-03 | 78  0.03412  1.35044e-02
 79  0.03460 -2.32360e-03 | 80  0.03450  7.94501e-03 | 81  0.03369  7.57595e-03
 82  0.03228  6.52166e-03 | 83  0.03021  2.57570e-03 | 84  0.02741  4.35355e-03
 85  0.02382  6.04966e-03 | 86  0.01955 -3.25647e-03 | 87  0.01518  1.38745e-02
 88  0.01101  8.18574e-03 | 89  0.00769  1.91036e-02 | 90  0.00537  2.08676e-02
 91  0.00404  1.45191e-02 | 92  0.00359  1.48907e-02 | 93  0.00390  4.10343e-02
 94  0.00482  4.14029e-02 | 95  0.00673  3.32509e-02 | 96  0.01159  4.47356e-02
 97  0.03561  3.92914e-02 | 98  0.02378  2.54192e-02 | 99  0.01147  1.75335e-02
100 -0.02756  1.15819e-02 |101  0.00019 -1.05482e-03 |102  0.02108  3.43693e-02
103 -0.00699  5.69491e-02 |104  0.01182  3.35035e-02 |105  0.02429  7.37155e-03
106  0.01711  1.82049e-02 |107  0.00890  1.09625e-02 |108  0.00926  1.02991e-02
109  0.06620  2.59893e-02 |110  0.01763 -6.21114e-03 |111  0.00692  1.59147e-02
112  0.01564  2.34337e-02 |113  0.02046  3.75857e-02 |114  0.02535  3.55156e-02
115 -0.00195 -6.31393e-03 |116 -0.04931 -4.36796e-03 |117 -0.06758  1.54562e-02
118 -0.07176 -6.29419e-03 |119 -0.05441 -5.65872e-03 |120  0.05749 -1.71778e-02
121 -0.00142 -2.22921e-02 |122  0.02859 -2.77338e-02 |123 -0.02418 -1.05753e-02
124 -0.06592  1.68210e-02 |125 -0.00663  3.13595e-03 |126  0.00762  1.00827e-02
127 -0.00082 -8.13091e-03 |128  0.01891 -7.49708e-03 |129  0.08556 -2.10005e-02
130  0.00230  1.69700e-02 |131  0.09468  8.88103e-03 |132 -0.00084  8.70473e-03
133  0.13929 -1.09754e-02 |134 -0.00031 -9.72308e-04 |135 -0.04244  1.43460e-02
136 -0.04241  6.06405e-03 |137 -0.01035 -6.88436e-03 |138  0.08080 -6.18971e-03
139  0.00986  1.29322e-02 |140 -0.00688  1.52253e-02 |141 -0.03480  3.57414e-03
142 -0.02321  1.34783e-02 |143 -0.00724  1.58523e-03 |144 -0.00006 -1.38877e-02
145  0.35153  3.04767e-01 |146  0.69354  2.70617e-01 |147  0.04705  3.72725e-02
148  0.29558 -2.41451e-02 |149  0.01661 -1.83557e-02 |150 -0.11592  1.20641e-02
151 -0.47859 -4.42650e-03 |152  0.31390  2.85926e-03 |153  0.05039 -1.59776e-02
154 -0.23313  3.62457e-04 |155  0.18435  4.50029e-02 |156  0.25929 -7.90146e-02
157  0.17357  1.66455e-02 |158  0.25301 -2.11922e-02 |159  0.00672  1.62920e-02
160 -0.09970  4.47119e-02 |161  0.10218 -2.27634e-03 |162  0.29544 -7.52909e-02
163  0.16766  3.91391e-02 |164  0.24544 -3.25508e-02 |165 -0.09666  7.97794e-02
166  0.63126 -2.77367e-04 |167 -0.07264  1.57566e-01 |168 -0.22942  3.74311e-01
169  0.22366  6.25587e-03 |170 -0.33470 -1.82281e-03 |171  0.70077  6.18451e-03
172 -0.33478 -1.66843e-03 |173 -0.67539 -3.81497e-01 |174 -0.85768 -1.38147e-02
175 -0.96526 -5.72887e-02 |176 -0.31576  7.66547e-02 |177  0.04976  7.30138e-03
178  0.12009  2.52947e-02 |179  0.32035 -2.14739e-02 |180  0.27280 -4.10169e-02
181  0.00636  1.03685e-03 |182  0.00946  1.55039e-02 |183 -0.15111  3.77159e-02
184 -0.12672  3.09640e-02 |185  0.01239  1.19271e-02 |186  0.39126 -2.09405e-02
187  0.01930 -2.09445e-04 |188 -0.15550  1.58774e-02 |189  0.09938  2.71290e-02
190  0.16272  6.02310e-02 |191  0.21849 -7.97533e-03 |192  0.25635  1.47069e-02
193  0.02447  7.31079e-04 |194 -0.00519  2.88761e-03 |195 -0.17719 -3.24466e-02
196 -0.11559  2.23584e-02 |197 -0.55148  1.86042e-01 |198 -0.13394  1.07858e-04
199 -0.11405  6.72284e-01 |200 -0.59600  1.78288e-01 |
200 variables; iteration 260; function evaluation 376; phase 4
Function value 7.1714045e+03; maximum gradient component mag 6.8080e-01
Var    Value     Gradient |Var    Value     Gradient |Var    Value     Gradient
  1 -0.42363  2.05630e-02 |  2  0.37218  2.05507e-02 |  3 -0.12363 -1.32708e-02
  4 -0.01661 -3.81709e-03 |  5 -0.70471 -1.41433e-02 |  6 -0.60489  5.56875e-02
  7  0.37757  1.55314e-02 |  8 -0.18358 -4.18600e-02 |  9  0.02987 -3.07554e-02
 10 -0.60837  2.86977e-02 | 11 -0.62402  5.30745e-02 | 12 -0.09762  3.85314e-01
 13 -0.00991  1.96369e-02 | 14 -0.00969  1.36610e-01 | 15 -0.01058 -4.37262e-02
 16 -0.01053  2.64798e-02 | 17 -0.01088 -1.36520e-02 | 18 -0.01127 -6.34740e-02
 19 -0.01132 -2.77121e-02 | 20 -0.01141 -1.23036e-03 | 21 -0.01156  4.06492e-03
 22 -0.01162  3.21569e-02 | 23 -0.01198 -2.58584e-02 | 24 -0.01202 -8.09705e-04
 25 -0.01197  4.51901e-02 | 26 -0.01228 -1.08875e-02 | 27 -0.01245 -3.28055e-02
 28 -0.01273 -9.05983e-02 | 29 -0.01243  1.45204e-03 | 30 -0.01258 -3.33039e-02
 31 -0.01232  3.37136e-02 | 32 -0.01271 -8.04077e-02 | 33 -0.01210  7.00078e-02
 34 -0.01230 -8.15677e-03 | 35 -0.01212  1.09522e-02 | 36 -0.01203 -6.33669e-03
 37 -0.01175  1.79480e-02 | 38 -0.01159  1.20394e-03 | 39 -0.01122  3.02276e-02
 40 -0.01105 -5.41227e-03 | 41 -0.01080 -2.91462e-02 | 42 -0.01030  6.37245e-03
 43 -0.00974  4.42468e-02 | 44 -0.00938  2.31638e-02 | 45 -0.00893  2.11380e-02
 46 -0.00848  1.32382e-02 | 47 -0.00800  9.48985e-03 | 48 -0.00768 -3.35471e-02
 49 -0.00703  1.37989e-02 | 50 -0.00663 -5.30212e-04 | 51 -0.00619  6.85662e-03
 52 -0.00598 -3.50338e-02 | 53 -0.00547  1.50460e-02 | 54 -0.00530 -1.19873e-02
 55 -0.00500  3.26220e-03 | 56 -0.00476  1.02491e-02 | 57 -0.00464 -1.43768e-02
 58 -0.00421  3.42094e-02 | 59 -0.00417 -2.77521e-02 | 60 -0.00352  4.45491e-02
 61 -0.00340 -4.48951e-02 | 62 -0.00256  1.21573e-02 | 63 -0.00176  1.23639e-02
 64 -0.00074  1.51127e-02 | 65  0.00057  2.96846e-02 | 66  0.00204  1.43332e-02
 67  0.00398  4.10815e-02 | 68  0.00599  8.79622e-03 | 69  0.00852  2.23899e-02
 70  0.01138  3.60445e-02 | 71  0.01437  1.59334e-02 | 72  0.01756 -1.26465e-02
 73  0.02113  1.28656e-02 | 74  0.02450  1.22130e-03 | 75  0.02768 -8.95867e-03
 76  0.03058  1.12806e-02 | 77  0.03285  3.09082e-02 | 78  0.03413  1.23176e-02
 79  0.03462 -4.53038e-03 | 80  0.03462  2.35918e-02 | 81  0.03376  1.43433e-02
 82  0.03233  8.32036e-03 | 83  0.03020 -6.25000e-03 | 84  0.02738 -1.05287e-02
 85  0.02382 -5.40735e-03 | 86  0.01969  1.34559e-02 | 87  0.01513 -1.07392e-02
 88  0.01111  1.67567e-02 | 89  0.00770  6.41565e-03 | 90  0.00537  4.86693e-03
 91  0.00412  1.29848e-02 | 92  0.00353 -1.92169e-02 | 93  0.00387  1.09185e-02
 94  0.00483  2.10871e-02 | 95  0.00670  2.84876e-03 | 96  0.01150  4.05284e-03
 97  0.03566  4.90724e-02 | 98  0.02394  4.00369e-02 | 99  0.01144 -1.19518e-02
100 -0.02747  6.24062e-02 |101  0.00029  2.17621e-02 |102  0.02105 -8.44811e-04
103 -0.00708  6.03534e-03 |104  0.01189  2.66560e-02 |105  0.02430 -5.15424e-03
106  0.01719  7.30420e-02 |107  0.00881  2.01224e-03 |108  0.00908 -2.64515e-02
109  0.06607  2.35994e-02 |110  0.01782  4.21771e-02 |111  0.00707  2.93402e-02
112  0.01588  2.15670e-02 |113  0.02047 -2.01695e-02 |114  0.02513 -6.07235e-02
115 -0.00195 -2.58841e-02 |116 -0.04932 -2.56686e-03 |117 -0.06766 -3.17786e-03
118 -0.07180 -6.74915e-03 |119 -0.05440  1.58334e-02 |120  0.05747  1.17757e-02
121 -0.00154 -1.12868e-02 |122  0.02868  3.69775e-02 |123 -0.02417  1.41745e-02
124 -0.06597  1.40392e-02 |125 -0.00659  2.86061e-02 |126  0.00755 -1.42934e-02
127 -0.00079  2.47245e-03 |128  0.01893  2.48863e-02 |129  0.08555 -6.72332e-03
130  0.00218 -4.02002e-03 |131  0.09468  7.74071e-03 |132 -0.00097 -1.68296e-02
133  0.13927  1.87122e-02 |134 -0.00042 -3.63039e-02 |135 -0.04245  2.40371e-02
136 -0.04246 -1.73373e-02 |137 -0.01024  2.76341e-02 |138  0.08067 -4.81800e-02
139  0.00982  3.67703e-03 |140 -0.00702 -1.80794e-02 |141 -0.03483 -7.88916e-03
142 -0.02327 -1.07264e-03 |143 -0.00729 -1.09550e-02 |144 -0.00001 -2.47587e-03
145  0.34493 -1.63373e-01 |146  0.69441  3.53892e-01 |147  0.04703 -5.20207e-02
148  0.29558  4.49422e-02 |149  0.01663 -2.72820e-02 |150 -0.11593 -2.11596e-02
151 -0.47865 -7.16227e-03 |152  0.31399  1.42878e-02 |153  0.05043  1.34685e-03
154 -0.23316 -9.92814e-03 |155  0.18434 -1.22944e-02 |156  0.25929 -1.14203e-03
157  0.17355 -3.05064e-02 |158  0.25300  1.21003e-02 |159  0.00674  3.88658e-03
160 -0.09971 -2.14741e-02 |161  0.10226  5.80052e-03 |162  0.29548  1.66110e-02
163  0.16764 -1.16343e-02 |164  0.24544  2.93381e-02 |165 -0.09360 -1.80593e-02
166  0.69804  3.92603e-03 |167 -0.07736  9.79709e-02 |168 -0.22519 -1.42859e-01
169  0.21194 -3.34770e-02 |170 -0.01853  8.15918e-03 |171  0.59905  4.31322e-03
172 -0.23420  7.30506e-04 |173 -0.66627 -9.23160e-02 |174 -0.78786 -9.07534e-03
175 -0.92402 -2.61774e-02 |176 -0.31588  8.26446e-03 |177  0.04973 -1.17391e-03
178  0.12009 -3.11482e-02 |179  0.32034 -6.18959e-04 |180  0.27281  5.03830e-02
181  0.00639  5.95898e-03 |182  0.00946 -7.97373e-03 |183 -0.15111 -1.07118e-02
184 -0.12672 -3.63042e-02 |185  0.01238 -2.17632e-03 |186  0.39129  1.97311e-02
187  0.01932 -3.51487e-03 |188 -0.15553 -1.95897e-02 |189  0.09938  4.14200e-02
190  0.16270 -4.53196e-02 |191  0.21849 -2.54009e-02 |192  0.25634  1.71850e-02
193  0.02447  3.77084e-02 |194 -0.00517 -8.12773e-03 |195 -0.17719  3.05569e-02
196 -0.11559 -9.90538e-03 |197 -0.55096  2.37037e-01 |198 -0.14255 -6.71832e-04
199 -0.11498  6.80805e-01 |200 -0.61005  1.38857e-01 |
200 variables; iteration 280; function evaluation 405; phase 4
Function value 7.1711933e+03; maximum gradient component mag 3.3245e-01
Var    Value     Gradient |Var    Value     Gradient |Var    Value     Gradient
  1 -0.42364 -1.13237e-01 |  2  0.37219 -5.00201e-02 |  3 -0.12362 -2.90769e-02
  4 -0.01661 -2.88455e-02 |  5 -0.70475  8.41747e-03 |  6 -0.60490 -4.49160e-02
  7  0.37758  7.26932e-02 |  8 -0.18358  2.16307e-02 |  9  0.02988  3.98709e-02
 10 -0.60852  6.49662e-03 | 11 -0.62401 -4.41885e-02 | 12 -0.09700  3.32449e-01
 13 -0.00998  3.16364e-03 | 14 -0.01021  6.45183e-04 | 15 -0.01042  2.15018e-03
 16 -0.01061  7.67517e-03 | 17 -0.01085 -3.98700e-03 | 18 -0.01105 -3.30221e-03
 19 -0.01123  1.31319e-03 | 20 -0.01140  4.39261e-03 | 21 -0.01160 -2.44691e-03
 22 -0.01173  5.86552e-03 | 23 -0.01191 -4.58011e-03 | 24 -0.01202  2.51310e-03
 25 -0.01214  4.01982e-03 | 26 -0.01225  5.24478e-04 | 27 -0.01232  5.31954e-03
 28 -0.01240  6.88276e-04 | 29 -0.01248 -9.92144e-03 | 30 -0.01247 -1.37256e-03
 31 -0.01244  4.92386e-03 | 32 -0.01241  5.52776e-03 | 33 -0.01235  6.55090e-03
 34 -0.01228  2.75234e-03 | 35 -0.01218 -2.67638e-03 | 36 -0.01202 -1.57175e-03
 37 -0.01183  9.54818e-06 | 38 -0.01163 -4.98007e-03 | 39 -0.01138 -8.09071e-03
 40 -0.01107 -6.61245e-03 | 41 -0.01071 -7.43441e-04 | 42 -0.01033  1.00002e-03
 43 -0.00993 -3.07808e-03 | 44 -0.00949 -1.04345e-03 | 45 -0.00904 -6.91205e-03
 46 -0.00856 -7.15924e-03 | 47 -0.00805 -1.54135e-03 | 48 -0.00753  7.07938e-03
 49 -0.00708  1.07371e-03 | 50 -0.00663  2.33402e-03 | 51 -0.00622  2.24018e-03
 52 -0.00585  2.52985e-03 | 53 -0.00553  8.50966e-04 | 54 -0.00526 -1.46204e-03
 55 -0.00501  1.14837e-03 | 56 -0.00478  4.65874e-03 | 57 -0.00457  3.22949e-03
 58 -0.00433  5.60292e-03 | 59 -0.00405  4.35659e-03 | 60 -0.00372 -3.92584e-03
 61 -0.00320  6.38239e-03 | 62 -0.00260  2.84952e-03 | 63 -0.00179  6.78253e-03
 64 -0.00078  6.06849e-03 | 65  0.00049  9.53973e-03 | 66  0.00201  6.93397e-03
 67  0.00380 -2.20157e-04 | 68  0.00594 -3.65253e-03 | 69  0.00845  6.16383e-03
 70  0.01124  5.35623e-03 | 71  0.01432  4.67893e-03 | 72  0.01761  1.16735e-03
 73  0.02107  4.40655e-03 | 74  0.02453  9.52929e-03 | 75  0.02775  8.88650e-03
 76  0.03051  5.53397e-03 | 77  0.03270  1.15729e-02 | 78  0.03407  1.14607e-02
 79  0.03464  1.16414e-02 | 80  0.03445  7.51095e-03 | 81  0.03364  7.95097e-03
 82  0.03222  6.98204e-03 | 83  0.03022  1.73467e-02 | 84  0.02738  1.27620e-02
 85  0.02375  7.57142e-03 | 86  0.01955  1.18676e-02 | 87  0.01509  7.47232e-03
 88  0.01094  5.96047e-03 | 89  0.00757  3.02380e-03 | 90  0.00526  2.98193e-03
 91  0.00396 -5.44623e-04 | 92  0.00355  5.74938e-03 | 93  0.00377  2.32609e-03
 94  0.00474  6.89894e-03 | 95  0.00671  7.37018e-03 | 96  0.01143 -3.78265e-03
 97  0.03598  6.25768e-03 | 98  0.02406 -2.01558e-03 | 99  0.01203  6.25144e-03
100 -0.02709 -2.66622e-03 |101  0.00017 -1.16664e-02 |102  0.02068  1.13707e-03
103 -0.00631  6.85689e-03 |104  0.01014 -2.15580e-02 |105  0.02067 -1.13504e-02
106  0.01708  2.36945e-02 |107  0.00832  7.69951e-03 |108  0.01048  8.38483e-03
109  0.06825  4.58853e-02 |110  0.02045 -2.46855e-04 |111  0.00640 -1.13134e-02
112  0.01345 -7.27465e-03 |113  0.01989 -1.03480e-02 |114  0.02574 -1.21058e-02
115 -0.00170 -1.53028e-03 |116 -0.04921 -9.65875e-03 |117 -0.06750 -8.58159e-03
118 -0.07163 -1.17774e-02 |119 -0.05431 -1.15291e-02 |120  0.05764 -3.20482e-03
121 -0.00142 -1.48109e-03 |122  0.02878 -1.67699e-02 |123 -0.02404 -8.82293e-03
124 -0.06589 -8.78798e-03 |125 -0.00653 -7.24475e-03 |126  0.00777 -9.89098e-03
127 -0.00064 -1.99259e-03 |128  0.01893 -1.03789e-02 |129  0.08571  1.33040e-02
130  0.00225  1.17371e-03 |131  0.09474  1.67962e-03 |132 -0.00091 -4.52666e-03
133  0.13929 -4.44303e-03 |134 -0.00033 -1.42286e-03 |135 -0.04251 -6.05940e-04
136 -0.04238 -2.97283e-03 |137 -0.01033 -3.63200e-03 |138  0.08079 -2.92878e-03
139  0.00981  3.81944e-03 |140 -0.00696  4.53826e-03 |141 -0.03478  1.17132e-04
142 -0.02325  4.38524e-03 |143 -0.00726 -2.22479e-03 |144  0.00002  4.84831e-03
145  0.35125  1.64115e-01 |146  0.69593 -2.47962e-03 |147  0.04702  5.63888e-02
148  0.29558 -3.71324e-02 |149  0.01664  2.78817e-02 |150 -0.11594  2.71536e-02
151 -0.47875  8.42291e-04 |152  0.31382 -3.56367e-03 |153  0.05045  3.26056e-03
154 -0.23316  4.60541e-03 |155  0.18432  1.44596e-02 |156  0.25930 -5.06507e-03
157  0.17360  1.43597e-02 |158  0.25303 -1.31958e-02 |159  0.00670 -2.83931e-03
160 -0.09971  1.28354e-02 |161  0.10220 -2.31341e-03 |162  0.29548  5.88796e-03
163  0.16765  7.47381e-03 |164  0.24544 -1.73488e-02 |165 -0.06845 -2.05491e-04
166  0.65221  1.26233e-03 |167 -0.14816 -2.51293e-04 |168 -0.22976  2.44864e-01
169  0.31560  6.08153e-03 |170 -0.10281 -5.11823e-04 |171 -0.20454 -4.21733e-04
172 -0.56183 -1.78090e-03 |173 -0.61437  3.21912e-02 |174 -0.44656 -2.65395e-03
175 -0.74072 -7.28193e-03 |176 -0.31594 -9.52541e-03 |177  0.05014  3.82063e-03
178  0.12013  2.51378e-02 |179  0.32043 -2.96017e-03 |180  0.27283 -4.65052e-02
181  0.00606  1.13781e-02 |182  0.00948  2.21746e-02 |183 -0.15116  1.60534e-02
184 -0.12672  4.65970e-02 |185  0.01237  7.71754e-03 |186  0.39128  7.32968e-03
187  0.01933  7.17763e-03 |188 -0.15553 -1.96946e-03 |189  0.09940  1.57675e-02
190  0.16270  2.82561e-02 |191  0.21851  6.46338e-03 |192  0.25634 -1.69573e-02
193  0.02447  3.47370e-02 |194 -0.00516  8.33204e-03 |195 -0.17721  2.45802e-02
196 -0.11559  4.67451e-02 |197 -0.54363 -1.29664e-02 |198 -0.15818 -7.97091e-04
199 -0.13796  6.51850e-02 |200 -0.76615  2.98797e-03 |
200 variables; iteration 300; function evaluation 425; phase 4
Function value 7.1711923e+03; maximum gradient component mag -1.1469e-01
Var    Value     Gradient |Var    Value     Gradient |Var    Value     Gradient
  1 -0.42364  3.86618e-02 |  2  0.37219 -5.33713e-02 |  3 -0.12362 -1.61119e-03
  4 -0.01661 -2.96783e-02 |  5 -0.70478 -2.70545e-03 |  6 -0.60490  1.18709e-02
  7  0.37757 -3.08565e-02 |  8 -0.18358 -8.99574e-03 |  9  0.02989 -2.60992e-02
 10 -0.60856  7.15969e-03 | 11 -0.62401  1.79945e-02 | 12 -0.09697  5.61385e-02
 13 -0.01000 -3.69568e-03 | 14 -0.01027 -1.52575e-02 | 15 -0.01041  2.33874e-03
 16 -0.01067 -9.13976e-03 | 17 -0.01082  3.58386e-03 | 18 -0.01100  9.63429e-03
 19 -0.01122  2.08124e-03 | 20 -0.01141 -1.28396e-03 | 21 -0.01160 -3.76674e-03
 22 -0.01175 -2.76335e-03 | 23 -0.01189 -5.23902e-06 | 24 -0.01202  3.42958e-03
 25 -0.01216 -4.03248e-03 | 26 -0.01225 -8.30379e-04 | 27 -0.01234 -1.70741e-03
 28 -0.01240 -8.08312e-04 | 29 -0.01244  5.88962e-04 | 30 -0.01246 -1.10148e-03
 31 -0.01247 -2.96053e-03 | 32 -0.01242  2.01360e-03 | 33 -0.01239 -5.76061e-03
 34 -0.01228  1.38078e-04 | 35 -0.01218 -4.80557e-03 | 36 -0.01199  6.53673e-03
 37 -0.01183 -1.02657e-03 | 38 -0.01160  1.89291e-03 | 39 -0.01133  3.22803e-03
 40 -0.01102  4.70720e-03 | 41 -0.01068  5.84987e-03 | 42 -0.01033 -1.51787e-03
 43 -0.00992 -1.61144e-03 | 44 -0.00946  3.15237e-03 | 45 -0.00900  2.23235e-03
 46 -0.00853  5.09908e-04 | 47 -0.00802  6.39255e-03 | 48 -0.00756 -2.16478e-03
 49 -0.00707  1.19251e-03 | 50 -0.00663  2.35582e-04 | 51 -0.00621  7.30627e-04
 52 -0.00583  4.49234e-03 | 53 -0.00554 -3.58538e-03 | 54 -0.00523  3.47742e-03
 55 -0.00501 -1.41183e-03 | 56 -0.00481 -4.48495e-03 | 57 -0.00456  3.56225e-03
 58 -0.00435 -3.16226e-03 | 59 -0.00403  4.39802e-03 | 60 -0.00369 -1.36422e-03
 61 -0.00322 -2.00156e-03 | 62 -0.00261 -4.20196e-03 | 63 -0.00181 -4.19852e-03
 64 -0.00080 -3.41781e-03 | 65  0.00045 -4.89067e-03 | 66  0.00199 -3.54020e-03
 67  0.00383 -8.59825e-04 | 68  0.00597 -1.27406e-03 | 69  0.00845 -1.77594e-03
 70  0.01123 -3.52860e-03 | 71  0.01433 -1.60329e-03 | 72  0.01765 -5.44168e-06
 73  0.02108 -4.22063e-03 | 74  0.02451 -4.86703e-03 | 75  0.02774 -3.36648e-03
 76  0.03054 -2.20629e-03 | 77  0.03265 -8.24329e-03 | 78  0.03405 -4.71416e-03
 79  0.03461 -5.58741e-03 | 80  0.03444 -5.94940e-03 | 81  0.03365 -2.86448e-03
 82  0.03223 -4.87050e-03 | 83  0.03016 -5.71830e-03 | 84  0.02736 -3.26274e-03
 85  0.02376 -3.35554e-03 | 86  0.01953 -3.61854e-03 | 87  0.01510 -1.30364e-03
 88  0.01095 -3.45818e-03 | 89  0.00760  4.66604e-04 | 90  0.00529  2.72605e-03
 91  0.00398 -4.00485e-03 | 92  0.00355 -2.47906e-03 | 93  0.00379 -7.32565e-04
 94  0.00471 -5.96102e-03 | 95  0.00668 -5.20304e-03 | 96  0.01143 -6.21544e-03
 97  0.03594  1.78486e-04 | 98  0.02409  5.42695e-03 | 99  0.01206  1.02490e-02
100 -0.02714 -7.99455e-06 |101  0.00021 -3.13195e-04 |102  0.02065 -1.00755e-03
103 -0.00638  1.55466e-02 |104  0.01024  1.49703e-02 |105  0.02074  1.31240e-02
106  0.01701  3.12617e-02 |107  0.00836  2.46498e-02 |108  0.01054  2.15377e-02
109  0.06817  4.11676e-02 |110  0.02049  1.64636e-02 |111  0.00645  9.51684e-03
112  0.01343  1.56022e-03 |113  0.01991  2.36574e-03 |114  0.02578 -8.44052e-05
115 -0.00172 -7.04288e-03 |116 -0.04918  3.44539e-03 |117 -0.06746  7.99834e-03
118 -0.07160  1.52973e-03 |119 -0.05427  1.77304e-03 |120  0.05764 -2.87378e-03
121 -0.00145  8.34359e-04 |122  0.02882  5.91527e-03 |123 -0.02402 -7.84310e-04
124 -0.06586  3.41427e-03 |125 -0.00654 -3.48886e-03 |126  0.00781  4.28463e-03
127 -0.00062  3.84755e-03 |128  0.01898  3.14183e-03 |129  0.08568 -4.39888e-03
130  0.00227 -3.10113e-03 |131  0.09472 -6.37650e-03 |132 -0.00091  1.12016e-03
133  0.13928  3.36050e-03 |134 -0.00030  1.80778e-03 |135 -0.04251 -2.85188e-04
136 -0.04235  2.53153e-03 |137 -0.01030  3.95316e-03 |138  0.08081  5.47204e-03
139  0.00981 -8.28548e-04 |140 -0.00700 -4.93858e-03 |141 -0.03478 -2.03901e-03
142 -0.02327 -1.27611e-03 |143 -0.00724  8.53218e-04 |144 -0.00003 -8.35866e-03
145  0.35163 -7.14127e-02 |146  0.69618  5.53533e-02 |147  0.04701 -2.04119e-02
148  0.29558  4.42319e-03 |149  0.01665 -3.04860e-03 |150 -0.11594 -8.36912e-03
151 -0.47869  1.81622e-03 |152  0.31386 -4.25211e-03 |153  0.05042 -7.05595e-03
154 -0.23316  1.70509e-03 |155  0.18431 -5.31384e-03 |156  0.25930  2.11930e-03
157  0.17358 -6.20860e-03 |158  0.25303 -1.84961e-04 |159  0.00671 -2.78131e-03
160 -0.09972 -5.49867e-03 |161  0.10220  1.20896e-03 |162  0.29547 -9.46068e-03
163  0.16765 -3.34896e-03 |164  0.24544  2.05243e-04 |165 -0.06547 -9.68882e-04
166  0.65391  1.11352e-03 |167 -0.17127 -8.85521e-04 |168 -0.23011 -1.14690e-01
169  0.31593  4.52455e-03 |170 -0.18524 -9.40828e-04 |171 -0.32936 -1.78776e-03
172 -0.51309  2.12448e-03 |173 -0.63525 -3.42164e-03 |174 -0.42712 -2.49365e-03
175 -0.61911 -4.60877e-03 |176 -0.31599 -1.07853e-02 |177  0.05020  1.25959e-02
178  0.12013 -1.49527e-02 |179  0.32045 -3.14488e-03 |180  0.27284  1.78407e-02
181  0.00601  3.19888e-03 |182  0.00947 -1.12592e-02 |183 -0.15116  1.76300e-03
184 -0.12673 -2.27417e-02 |185  0.01236  4.32744e-04 |186  0.39126 -1.07273e-02
187  0.01933 -4.37269e-03 |188 -0.15553  3.44561e-03 |189  0.09940 -1.18292e-02
190  0.16270  3.91383e-05 |191  0.21851 -3.91063e-03 |192  0.25634 -1.23131e-02
193  0.02447 -2.64196e-02 |194 -0.00516  1.76421e-03 |195 -0.17721 -1.39723e-02
196 -0.11560 -1.89755e-02 |197 -0.53686  1.12755e-02 |198 -0.12430 -6.21346e-04
199 -0.14888  3.38633e-02 |200 -0.82362 -5.84334e-03 |
200 variables; iteration 320; function evaluation 445; phase 4
Function value 7.1711909e+03; maximum gradient component mag 4.0532e-02
Var    Value     Gradient |Var    Value     Gradient |Var    Value     Gradient
  1 -0.42364  2.01277e-03 |  2  0.37219 -1.05139e-02 |  3 -0.12362  1.22814e-03
  4 -0.01662 -6.54212e-04 |  5 -0.70478 -1.92455e-04 |  6 -0.60490 -7.04622e-03
  7  0.37758  1.54336e-02 |  8 -0.18358  1.04217e-02 |  9  0.02988  9.41477e-03
 10 -0.60855  2.09075e-03 | 11 -0.62401 -5.18757e-03 | 12 -0.09716  6.72517e-03
 13 -0.00999 -1.61947e-04 | 14 -0.01021 -1.45809e-03 | 15 -0.01042  4.80739e-04
 16 -0.01062  1.55605e-03 | 17 -0.01084 -1.55778e-03 | 18 -0.01104 -1.55061e-03
 19 -0.01123  1.28344e-04 | 20 -0.01141 -1.61926e-04 | 21 -0.01158 -3.66156e-04
 22 -0.01174  1.04338e-03 | 23 -0.01189 -2.49286e-05 | 24 -0.01203 -4.52895e-04
 25 -0.01215 -8.99089e-04 | 26 -0.01225  6.79458e-04 | 27 -0.01233  4.81341e-04
 28 -0.01240 -5.66711e-04 | 29 -0.01244 -3.59439e-05 | 30 -0.01246 -3.30448e-04
 31 -0.01246 -3.16446e-04 | 32 -0.01242  5.45263e-04 | 33 -0.01237 -4.19914e-04
 34 -0.01228  1.04707e-04 | 35 -0.01216 -7.38505e-04 | 36 -0.01201 -1.27482e-04
 37 -0.01183 -5.32826e-04 | 38 -0.01160 -5.04133e-04 | 39 -0.01134 -3.93272e-04
 40 -0.01104 -6.51211e-04 | 41 -0.01070  2.35434e-04 | 42 -0.01032  4.80802e-04
 43 -0.00992 -6.43461e-04 | 44 -0.00947 -2.54322e-04 | 45 -0.00901 -7.50718e-04
 46 -0.00853 -4.21982e-04 | 47 -0.00804 -2.87169e-04 | 48 -0.00755  4.60747e-04
 49 -0.00708 -4.57327e-04 | 50 -0.00663 -1.03109e-04 | 51 -0.00622 -3.47509e-04
 52 -0.00584  1.36978e-04 | 53 -0.00552  2.71051e-04 | 54 -0.00525 -1.39726e-03
 55 -0.00501 -1.05286e-05 | 56 -0.00479  2.36585e-04 | 57 -0.00458 -1.32071e-03
 58 -0.00434  1.77293e-04 | 59 -0.00405  7.79618e-04 | 60 -0.00369 -1.69023e-03
 61 -0.00321  1.70067e-03 | 62 -0.00259  4.48175e-04 | 63 -0.00179  7.17705e-04
 64 -0.00078  7.91626e-04 | 65  0.00047  4.51955e-04 | 66  0.00200  6.70203e-04
 67  0.00383 -3.15964e-04 | 68  0.00597 -3.59682e-04 | 69  0.00845 -3.49417e-04
 70  0.01124  6.03371e-04 | 71  0.01433 -2.54405e-04 | 72  0.01764 -7.43900e-06
 73  0.02109 -2.00414e-05 | 74  0.02452  2.17008e-04 | 75  0.02775  6.12753e-04
 76  0.03054  6.21873e-04 | 77  0.03269  5.35470e-04 | 78  0.03407  9.00304e-04
 79  0.03463 -6.72113e-04 | 80  0.03447  3.30563e-04 | 81  0.03366  2.62375e-04
 82  0.03225  2.46371e-04 | 83  0.03019  6.39275e-04 | 84  0.02738  2.10873e-05
 85  0.02378  8.80332e-05 | 86  0.01955 -8.69031e-04 | 87  0.01511 -5.62490e-04
 88  0.01097 -7.83367e-04 | 89  0.00761 -8.33440e-04 | 90  0.00529 -5.63016e-04
 91  0.00401 -1.56089e-03 | 92  0.00357 -1.08836e-03 | 93  0.00381 -1.17130e-03
 94  0.00475 -6.77244e-04 | 95  0.00672 -8.03243e-04 | 96  0.01148 -1.07523e-03
 97  0.03597  3.64123e-04 | 98  0.02409 -7.05537e-04 | 99  0.01204 -7.33851e-04
100 -0.02712  2.72246e-03 |101  0.00024  4.13677e-04 |102  0.02070  2.86154e-04
103 -0.00637  1.96385e-03 |104  0.01021 -4.22704e-03 |105  0.02072 -1.38769e-03
106  0.01701  2.84906e-03 |107  0.00832  4.40025e-03 |108  0.01049  8.07129e-03
109  0.06816  1.69485e-02 |110  0.02048  5.24549e-03 |111  0.00641 -5.34827e-03
112  0.01342 -5.08248e-03 |113  0.01987 -3.16201e-03 |114  0.02573 -2.96208e-03
115 -0.00173  7.30727e-04 |116 -0.04922 -1.15296e-03 |117 -0.06751 -3.90711e-04
118 -0.07164 -2.80364e-03 |119 -0.05430  5.19439e-04 |120  0.05760  1.29762e-03
121 -0.00146  1.29582e-03 |122  0.02876  5.13346e-04 |123 -0.02406 -9.86470e-04
124 -0.06590 -3.76116e-04 |125 -0.00656  4.75853e-04 |126  0.00775  6.66046e-04
127 -0.00067 -2.18058e-04 |128  0.01894 -9.33282e-05 |129  0.08566  2.25109e-03
130  0.00225  9.92070e-04 |131  0.09471  9.55135e-04 |132 -0.00091  4.86381e-05
133  0.13928  3.57453e-04 |134 -0.00032 -1.96948e-03 |135 -0.04251  1.85510e-05
136 -0.04237  5.88411e-05 |137 -0.01031  1.15478e-03 |138  0.08079 -1.97165e-03
139  0.00981  4.17931e-04 |140 -0.00698 -8.84542e-05 |141 -0.03478  4.34508e-04
142 -0.02327  1.53953e-04 |143 -0.00725 -1.52590e-04 |144 -0.00000 -1.19793e-04
145  0.35154 -1.60848e-02 |146  0.69660  1.82853e-02 |147  0.04703  5.08231e-03
148  0.29558 -3.06581e-03 |149  0.01664  1.66306e-03 |150 -0.11593  1.46307e-03
151 -0.47871 -4.60203e-05 |152  0.31386 -3.01177e-04 |153  0.05044  1.42969e-03
154 -0.23316 -6.16062e-04 |155  0.18433  1.02736e-03 |156  0.25930  1.67463e-03
157  0.17360  9.67842e-04 |158  0.25303 -3.34763e-04 |159  0.00671  1.85667e-04
160 -0.09971  1.31037e-03 |161  0.10223 -2.33749e-04 |162  0.29548  4.09458e-03
163  0.16766 -6.90649e-04 |164  0.24544 -1.46956e-03 |165 -0.07340 -7.33998e-03
166  0.63683 -1.08965e-04 |167 -0.17565 -1.28391e-03 |168 -0.22979 -2.23698e-02
169  0.31579 -1.49763e-03 |170 -0.00325  3.20192e-03 |171 -0.36353 -2.01827e-03
172 -0.53939 -3.90529e-04 |173 -0.64445 -8.88198e-03 |174 -0.20495 -1.04784e-03
175 -0.31036 -1.66569e-03 |176 -0.31594 -1.57363e-03 |177  0.05017 -2.42065e-03
178  0.12014  2.44426e-03 |179  0.32044 -3.26564e-04 |180  0.27284 -5.68657e-03
181  0.00603 -4.10188e-04 |182  0.00947  1.82025e-03 |183 -0.15114 -1.34333e-03
184 -0.12672  4.00679e-03 |185  0.01237  2.05225e-03 |186  0.39127  2.48300e-03
187  0.01933  1.09211e-03 |188 -0.15552 -3.63218e-04 |189  0.09940 -1.06650e-02
190  0.16270 -3.88804e-03 |191  0.21851  6.95972e-03 |192  0.25634  6.24665e-03
193  0.02447 -5.93409e-03 |194 -0.00517 -1.43338e-03 |195 -0.17720 -2.36396e-03
196 -0.11559 -4.03006e-03 |197 -0.53218  3.50372e-02 |198 -0.09470 -4.70230e-04
199 -0.15318  4.05319e-02 |200 -0.81273 -4.40263e-03 |
200 variables; iteration 340; function evaluation 467; phase 4
Function value 7.1711904e+03; maximum gradient component mag 5.1131e-02
Var    Value     Gradient |Var    Value     Gradient |Var    Value     Gradient
  1 -0.42364 -1.33834e-02 |  2  0.37219 -7.77860e-03 |  3 -0.12362 -1.93385e-02
  4 -0.01662 -1.89381e-02 |  5 -0.70479 -4.17397e-04 |  6 -0.60490  7.83545e-03
  7  0.37757 -2.84042e-02 |  8 -0.18358 -3.02231e-02 |  9  0.02988 -2.79468e-02
 10 -0.60856 -1.25445e-03 | 11 -0.62400  2.13474e-03 | 12 -0.09715  5.11309e-02
 13 -0.00999  2.89195e-04 | 14 -0.01020  9.83257e-04 | 15 -0.01042  2.18486e-04
 16 -0.01063  5.29293e-04 | 17 -0.01083  6.52657e-04 | 18 -0.01104 -5.03037e-05
 19 -0.01123  5.60980e-05 | 20 -0.01141  3.93083e-05 | 21 -0.01158  1.04399e-03
 22 -0.01174  1.34371e-04 | 23 -0.01189  1.07385e-03 | 24 -0.01203 -1.39422e-04
 25 -0.01215 -2.51958e-05 | 26 -0.01225  4.63396e-04 | 27 -0.01234 -1.27869e-04
 28 -0.01240  5.53192e-04 | 29 -0.01244  1.21375e-03 | 30 -0.01246  4.20128e-04
 31 -0.01246 -1.43684e-05 | 32 -0.01243 -5.09288e-05 | 33 -0.01237 -9.62557e-05
 34 -0.01228  2.40883e-04 | 35 -0.01216  6.34958e-04 | 36 -0.01201  1.62913e-04
 37 -0.01182  5.10454e-04 | 38 -0.01160  6.86064e-04 | 39 -0.01134  5.76768e-04
 40 -0.01104  4.66792e-05 | 41 -0.01070 -3.77883e-04 | 42 -0.01033 -3.50170e-05
 43 -0.00991  1.05600e-04 | 44 -0.00947  2.23313e-04 | 45 -0.00901  7.54448e-04
 46 -0.00853  4.20214e-04 | 47 -0.00804  8.50343e-05 | 48 -0.00755  2.07262e-04
 49 -0.00708  6.00425e-04 | 50 -0.00663  5.84777e-04 | 51 -0.00621  8.01829e-04
 52 -0.00584  6.43663e-04 | 53 -0.00552  1.35679e-03 | 54 -0.00524  1.00178e-03
 55 -0.00500  1.41593e-03 | 56 -0.00479  1.30804e-03 | 57 -0.00457  5.70567e-04
 58 -0.00434  8.11568e-04 | 59 -0.00405  2.82959e-04 | 60 -0.00369  6.60210e-04
 61 -0.00321 -1.10807e-04 | 62 -0.00260 -8.10346e-04 | 63 -0.00180 -1.24017e-03
 64 -0.00079 -1.54432e-03 | 65  0.00046 -1.32211e-03 | 66  0.00199 -1.11231e-03
 67  0.00382 -4.48024e-04 | 68  0.00597  1.05578e-04 | 69  0.00845 -2.07881e-04
 70  0.01124 -8.63267e-04 | 71  0.01433  4.20459e-04 | 72  0.01765  1.16674e-03
 73  0.02109  2.40129e-04 | 74  0.02452  3.29911e-04 | 75  0.02774 -2.16519e-04
 76  0.03053 -6.29312e-04 | 77  0.03268 -9.74407e-04 | 78  0.03406 -6.85175e-04
 79  0.03463  1.39733e-04 | 80  0.03447  5.34815e-04 | 81  0.03366  6.39457e-04
 82  0.03224  4.55413e-04 | 83  0.03019  1.05953e-03 | 84  0.02738  1.47373e-03
 85  0.02377  1.01978e-03 | 86  0.01956  2.60644e-03 | 87  0.01511  2.29767e-03
 88  0.01097  2.11678e-03 | 89  0.00761  1.89303e-03 | 90  0.00529  1.83023e-03
 91  0.00401  2.95641e-03 | 92  0.00357  3.28943e-03 | 93  0.00381  2.83749e-03
 94  0.00475  2.83042e-03 | 95  0.00672  3.75971e-03 | 96  0.01148  4.88785e-03
 97  0.03596  4.58467e-03 | 98  0.02409  4.03083e-03 | 99  0.01205  6.51201e-03
100 -0.02712  2.53034e-03 |101  0.00022  1.63153e-03 |102  0.02069  1.97541e-03
103 -0.00639  1.32413e-03 |104  0.01024  5.80217e-03 |105  0.02073  4.37576e-03
106  0.01701  4.05805e-03 |107  0.00831 -7.73936e-04 |108  0.01047 -2.55931e-03
109  0.06816 -1.59408e-03 |110  0.02046 -4.87015e-03 |111  0.00643 -1.93094e-03
112  0.01342 -5.15667e-03 |113  0.01988 -3.39307e-03 |114  0.02575 -1.06271e-03
115 -0.00175 -5.70393e-03 |116 -0.04922 -1.57461e-03 |117 -0.06751  6.20391e-04
118 -0.07163  1.89318e-03 |119 -0.05431 -3.75835e-03 |120  0.05759 -8.93685e-03
121 -0.00146 -3.86558e-03 |122  0.02876 -3.47175e-03 |123 -0.02406 -1.38775e-03
124 -0.06590  4.73475e-04 |125 -0.00656 -1.11139e-07 |126  0.00776  1.71928e-03
127 -0.00066  1.51208e-03 |128  0.01895 -7.08687e-04 |129  0.08565 -5.11991e-03
130  0.00225 -2.38061e-03 |131  0.09471 -2.10630e-03 |132 -0.00091  1.07009e-03
133  0.13928  1.07038e-03 |134 -0.00031  3.69918e-03 |135 -0.04251 -4.62979e-04
136 -0.04237 -5.64197e-04 |137 -0.01032 -3.17025e-03 |138  0.08080  2.75749e-03
139  0.00980 -1.68453e-03 |140 -0.00698  3.74301e-04 |141 -0.03478 -9.35540e-04
142 -0.02326  1.20094e-03 |143 -0.00725 -1.04558e-04 |144 -0.00000 -1.96903e-04
145  0.35148  7.11951e-03 |146  0.69660  1.14639e-02 |147  0.04702  8.88052e-06
148  0.29558 -1.85380e-03 |149  0.01664  1.71935e-04 |150 -0.11593  3.23666e-03
151 -0.47867  6.25265e-04 |152  0.31388 -9.07356e-04 |153  0.05042 -3.44090e-03
154 -0.23315  2.29863e-03 |155  0.18433  4.27023e-03 |156  0.25930 -1.02186e-02
157  0.17360  2.69951e-03 |158  0.25303 -2.27907e-03 |159  0.00671  9.39956e-04
160 -0.09971  2.49312e-04 |161  0.10222  1.98992e-03 |162  0.29547 -1.27536e-02
163  0.16766  1.50592e-03 |164  0.24544 -5.35973e-03 |165 -0.06143 -1.13593e-04
166  0.63811 -4.76777e-05 |167 -0.17726 -8.97946e-04 |168 -0.22978  1.07524e-02
169  0.29507 -1.52028e-04 |170 -0.13086 -6.55009e-04 |171 -0.36089 -1.99991e-03
172 -0.53354  6.84021e-05 |173 -0.63299 -1.13321e-03 |174 -0.06589 -3.22914e-04
175 -0.18681 -1.21108e-04 |176 -0.31594  1.06824e-03 |177  0.05019  3.35986e-03
178  0.12014 -1.25934e-03 |179  0.32044 -1.91879e-03 |180  0.27284  5.32339e-03
181  0.00601  1.39286e-04 |182  0.00947 -1.28369e-03 |183 -0.15114  4.01718e-03
184 -0.12672 -4.45419e-03 |185  0.01236 -7.21547e-04 |186  0.39126 -6.56297e-03
187  0.01934 -1.04878e-03 |188 -0.15552  9.21959e-04 |189  0.09940  2.56806e-02
190  0.16270  2.01059e-02 |191  0.21851 -1.58452e-02 |192  0.25634 -2.37685e-02
193  0.02447  1.69483e-02 |194 -0.00517  8.14051e-03 |195 -0.17720  8.32519e-03
196 -0.11559  1.93053e-02 |197 -0.53386  9.52722e-03 |198 -0.09010 -4.34223e-04
199 -0.15408  2.28859e-02 |200 -0.77761  9.26369e-04 |
200 variables; iteration 360; function evaluation 489; phase 4
Function value 7.1711902e+03; maximum gradient component mag 2.7483e-01
Var    Value     Gradient |Var    Value     Gradient |Var    Value     Gradient
  1 -0.42364 -4.22704e-02 |  2  0.37219  6.61530e-02 |  3 -0.12362  2.26621e-02
  4 -0.01662  3.49509e-02 |  5 -0.70478  2.42453e-03 |  6 -0.60490  8.28395e-03
  7  0.37758 -1.01474e-02 |  8 -0.18358  2.25432e-03 |  9  0.02988 -1.42653e-04
 10 -0.60855 -2.02502e-03 | 11 -0.62401  1.52030e-03 | 12 -0.09715  1.21546e-01
 13 -0.00999  5.81821e-04 | 14 -0.01021  5.83453e-04 | 15 -0.01042  5.63719e-04
 16 -0.01063  1.40208e-03 | 17 -0.01084 -1.82567e-04 | 18 -0.01104 -2.75243e-04
 19 -0.01122  1.05356e-03 | 20 -0.01141  6.35066e-04 | 21 -0.01158  3.74462e-04
 22 -0.01174  1.51521e-03 | 23 -0.01189  5.96929e-04 | 24 -0.01203  2.95016e-04
 25 -0.01215  3.64355e-04 | 26 -0.01225  1.44887e-03 | 27 -0.01233  1.16201e-03
 28 -0.01240  9.67500e-04 | 29 -0.01244  1.13166e-03 | 30 -0.01246  5.22328e-04
 31 -0.01246  2.32122e-04 | 32 -0.01242  1.08678e-03 | 33 -0.01236  9.52722e-04
 34 -0.01228  8.54911e-04 | 35 -0.01216  4.91887e-04 | 36 -0.01201 -1.19453e-04
 37 -0.01182  8.93295e-04 | 38 -0.01160  4.74741e-04 | 39 -0.01134  9.40888e-05
 40 -0.01104 -4.69958e-06 | 41 -0.01070  1.34888e-05 | 42 -0.01032  1.05016e-03
 43 -0.00992 -4.31630e-05 | 44 -0.00947  6.39909e-04 | 45 -0.00901  6.59868e-04
 46 -0.00853  4.08746e-04 | 47 -0.00804  1.77648e-04 | 48 -0.00755  1.92557e-03
 49 -0.00708  3.17933e-04 | 50 -0.00663  9.02934e-04 | 51 -0.00622  8.96877e-04
 52 -0.00585  1.02225e-03 | 53 -0.00552  1.76449e-03 | 54 -0.00525  6.26392e-04
 55 -0.00501  1.59987e-03 | 56 -0.00479  2.12656e-03 | 57 -0.00458  1.03438e-03
 58 -0.00434  1.59023e-03 | 59 -0.00405  9.36005e-04 | 60 -0.00369  8.47349e-05
 61 -0.00321  1.39424e-03 | 62 -0.00260  5.50299e-04 | 63 -0.00180  5.15131e-04
 64 -0.00079  4.38130e-04 | 65  0.00047  1.11658e-03 | 66  0.00200  8.81985e-04
 67  0.00382  7.41046e-04 | 68  0.00597  9.07629e-04 | 69  0.00845  1.21360e-03
 70  0.01124  1.36690e-03 | 71  0.01433  1.61409e-03 | 72  0.01764  1.94857e-03
 73  0.02109  2.42539e-03 | 74  0.02452  2.00240e-03 | 75  0.02774  1.66472e-03
 76  0.03053  1.95734e-03 | 77  0.03269  2.66620e-03 | 78  0.03406  2.16653e-03
 79  0.03464  2.74571e-03 | 80  0.03447  3.31237e-03 | 81  0.03366  2.91483e-03
 82  0.03225  2.97392e-03 | 83  0.03019  3.62031e-03 | 84  0.02737  3.16935e-03
 85  0.02378  3.45343e-03 | 86  0.01956  4.28006e-03 | 87  0.01511  2.96168e-03
 88  0.01097  2.63470e-03 | 89  0.00761  2.30989e-03 | 90  0.00529  1.92207e-03
 91  0.00401  2.19178e-03 | 92  0.00357  3.20023e-03 | 93  0.00380  1.57475e-03
 94  0.00475  2.75117e-03 | 95  0.00672  3.77998e-03 | 96  0.01148  3.05345e-03
 97  0.03596 -4.40998e-03 | 98  0.02408 -2.18893e-03 | 99  0.01204 -1.03093e-03
100 -0.02711 -7.93572e-03 |101  0.00023 -3.13135e-03 |102  0.02069 -2.77060e-03
103 -0.00638 -1.64710e-02 |104  0.01023 -4.53470e-03 |105  0.02073  5.64060e-04
106  0.01701 -1.95993e-02 |107  0.00832 -3.73033e-03 |108  0.01048  5.00805e-03
109  0.06816 -1.60965e-02 |110  0.02046 -4.57218e-03 |111  0.00642  5.40378e-03
112  0.01343  6.41318e-03 |113  0.01987  4.74405e-03 |114  0.02574  6.90454e-03
115 -0.00174  3.22726e-03 |116 -0.04922  4.17967e-03 |117 -0.06751  5.68647e-03
118 -0.07163  5.02656e-03 |119 -0.05431  9.12534e-04 |120  0.05760  3.37372e-03
121 -0.00146  1.64632e-03 |122  0.02876  1.11968e-03 |123 -0.02406  1.74191e-03
124 -0.06590  1.32465e-03 |125 -0.00656  1.71227e-03 |126  0.00775  9.99028e-04
127 -0.00066  1.11408e-03 |128  0.01894 -1.42565e-03 |129  0.08566 -2.21722e-03
130  0.00225 -1.72033e-03 |131  0.09471 -4.13496e-04 |132 -0.00091 -2.90174e-04
133  0.13928 -5.14431e-04 |134 -0.00031  2.12084e-03 |135 -0.04251 -9.23640e-05
136 -0.04237 -1.05791e-03 |137 -0.01032 -2.25237e-03 |138  0.08080  1.37634e-03
139  0.00981 -1.00245e-03 |140 -0.00698  8.63701e-04 |141 -0.03478 -2.15436e-04
142 -0.02326  1.58690e-03 |143 -0.00725 -5.01201e-04 |144  0.00000  1.07110e-03
145  0.35162  1.90286e-01 |146  0.69658 -6.34292e-02 |147  0.04702 -3.43723e-03
148  0.29558  1.78650e-03 |149  0.01664 -7.13407e-05 |150 -0.11593 -3.42910e-04
151 -0.47867  2.67440e-03 |152  0.31387 -2.14634e-03 |153  0.05042  3.96898e-04
154 -0.23315  2.37974e-03 |155  0.18433  1.55519e-03 |156  0.25930 -1.48502e-03
157  0.17360  1.37905e-04 |158  0.25303 -1.24751e-03 |159  0.00671 -1.97226e-03
160 -0.09971  1.07906e-03 |161  0.10222  3.64313e-05 |162  0.29548 -5.22087e-03
163  0.16766 -9.95920e-04 |164  0.24544 -2.85816e-03 |165 -0.04671  4.34219e-03
166  0.63915  2.02574e-04 |167 -0.18655  3.10541e-04 |168 -0.22984  2.74828e-01
169  0.29615 -8.08711e-03 |170 -0.05071  2.44698e-03 |171 -0.26510 -1.38952e-03
172 -0.53419  1.41679e-05 |173 -0.63799 -3.94858e-03 |174 -0.11466 -5.72046e-04
175 -0.18089 -2.74850e-05 |176 -0.31593  2.97175e-03 |177  0.05017  2.82319e-04
178  0.12014 -8.55292e-04 |179  0.32044 -1.55762e-03 |180  0.27284  2.17199e-03
181  0.00603  1.29714e-03 |182  0.00947  7.43687e-04 |183 -0.15114  3.05080e-03
184 -0.12672  7.15225e-04 |185  0.01236 -1.37198e-03 |186  0.39127 -4.58191e-04
187  0.01934 -9.76906e-05 |188 -0.15552 -3.51670e-04 |189  0.09940  1.38614e-02
190  0.16270  1.93945e-03 |191  0.21851 -6.42541e-03 |192  0.25634 -2.43063e-03
193  0.02447  1.14959e-02 |194 -0.00517  9.81222e-04 |195 -0.17720  7.01665e-03
196 -0.11559  6.78146e-03 |197 -0.53355 -1.00932e-02 |198 -0.07419  5.03901e-04
199 -0.15922  7.25036e-03 |200 -0.77548  1.18846e-03 |
200 variables; iteration 380; function evaluation 509; phase 4
Function value 7.1711901e+03; maximum gradient component mag -9.4624e-03
Var    Value     Gradient |Var    Value     Gradient |Var    Value     Gradient
  1 -0.42364 -3.45849e-03 |  2  0.37219  9.05280e-04 |  3 -0.12362 -2.40530e-03
  4 -0.01662 -1.26668e-03 |  5 -0.70478  1.59590e-04 |  6 -0.60490 -7.16194e-05
  7  0.37757 -4.30355e-03 |  8 -0.18358 -4.20664e-03 |  9  0.02988 -3.17098e-03
 10 -0.60855 -2.39842e-05 | 11 -0.62401 -1.17483e-03 | 12 -0.09713 -4.91437e-03
 13 -0.00999  6.72827e-05 | 14 -0.01021 -8.24856e-05 | 15 -0.01042  3.87811e-05
 16 -0.01063  7.38109e-05 | 17 -0.01084 -6.46671e-05 | 18 -0.01104  3.69046e-05
 19 -0.01123  1.29476e-04 | 20 -0.01141  4.97805e-05 | 21 -0.01158  4.31863e-06
 22 -0.01174  9.75526e-05 | 23 -0.01189  1.86644e-05 | 24 -0.01203 -5.18779e-05
 25 -0.01215 -8.77482e-05 | 26 -0.01225  2.04411e-04 | 27 -0.01233  1.98700e-04
 28 -0.01240  8.04934e-05 | 29 -0.01244  2.59928e-04 | 30 -0.01246  7.32681e-06
 31 -0.01246 -1.24094e-04 | 32 -0.01242  1.29702e-04 | 33 -0.01237  7.53933e-05
 34 -0.01228  1.57309e-04 | 35 -0.01216  1.52389e-04 | 36 -0.01201  6.55418e-05
 37 -0.01183  1.38803e-04 | 38 -0.01160 -2.14550e-07 | 39 -0.01134 -9.89393e-05
 40 -0.01104 -3.82483e-05 | 41 -0.01070 -1.93130e-05 | 42 -0.01032  1.04546e-04
 43 -0.00992 -1.60078e-04 | 44 -0.00948 -3.26038e-05 | 45 -0.00901  2.33865e-05
 46 -0.00853 -4.99105e-05 | 47 -0.00804 -3.89825e-05 | 48 -0.00755  4.30318e-04
 49 -0.00708  2.30854e-04 | 50 -0.00663  1.33616e-04 | 51 -0.00622  2.35166e-05
 52 -0.00585  2.19434e-04 | 53 -0.00552  4.92749e-04 | 54 -0.00525  4.49501e-04
 55 -0.00501  4.68383e-04 | 56 -0.00479  3.77295e-04 | 57 -0.00458  1.61133e-04
 58 -0.00434  9.59370e-05 | 59 -0.00405  1.37170e-04 | 60 -0.00369  1.82821e-04
 61 -0.00321  2.97578e-04 | 62 -0.00260 -2.59250e-04 | 63 -0.00180 -2.89766e-04
 64 -0.00079 -3.67101e-04 | 65  0.00047 -4.08552e-04 | 66  0.00200 -3.64119e-04
 67  0.00383 -2.32577e-04 | 68  0.00597 -1.59254e-04 | 69  0.00845 -2.75372e-04
 70  0.01124 -3.53207e-04 | 71  0.01433  9.86921e-05 | 72  0.01764  2.07206e-04
 73  0.02109 -6.03808e-05 | 74  0.02452  1.58254e-04 | 75  0.02774 -1.42389e-04
 76  0.03053 -2.96801e-04 | 77  0.03268 -6.06069e-04 | 78  0.03406 -3.05945e-04
 79  0.03463 -2.14626e-04 | 80  0.03447 -9.13286e-05 | 81  0.03366  1.89202e-04
 82  0.03225  1.60445e-06 | 83  0.03019  4.44419e-04 | 84  0.02737  4.01281e-04
 85  0.02377  2.18493e-04 | 86  0.01955  5.93214e-04 | 87  0.01511  6.12610e-04
 88  0.01097  3.03318e-04 | 89  0.00761  3.17634e-04 | 90  0.00529 -1.02248e-04
 91  0.00401  5.29615e-04 | 92  0.00357  8.61205e-04 | 93  0.00380  5.40429e-04
 94  0.00475  4.26755e-04 | 95  0.00671  6.17689e-04 | 96  0.01147  6.77048e-04
 97  0.03596 -2.64993e-05 | 98  0.02409  4.45923e-04 | 99  0.01205  1.68569e-03
100 -0.02712 -2.28356e-04 |101  0.00023 -1.48912e-04 |102  0.02069 -4.39534e-04
103 -0.00638 -1.52256e-03 |104  0.01023 -4.30173e-05 |105  0.02072  1.01120e-04
106  0.01701 -1.12136e-03 |107  0.00832 -1.80325e-04 |108  0.01048  4.71351e-04
109  0.06816 -1.43723e-03 |110  0.02047 -2.78057e-03 |111  0.00642 -1.35805e-03
112  0.01343 -1.58989e-03 |113  0.01988 -8.20478e-04 |114  0.02574 -2.77518e-04
115 -0.00174 -1.56248e-03 |116 -0.04922 -6.50040e-04 |117 -0.06751  2.87100e-04
118 -0.07163  1.49790e-04 |119 -0.05430 -1.31418e-03 |120  0.05760 -2.41869e-03
121 -0.00146 -7.89922e-04 |122  0.02877 -5.57814e-04 |123 -0.02406 -4.32301e-04
124 -0.06590  2.06933e-04 |125 -0.00656 -7.56686e-05 |126  0.00776  8.79929e-04
127 -0.00066  5.82313e-04 |128  0.01895 -2.36304e-04 |129  0.08566 -8.61039e-04
130  0.00225 -6.72795e-04 |131  0.09471 -5.90217e-04 |132 -0.00091  2.19630e-04
133  0.13928 -1.10646e-05 |134 -0.00031  9.56186e-04 |135 -0.04251 -3.49521e-04
136 -0.04237 -8.12843e-05 |137 -0.01032 -1.03586e-03 |138  0.08080  9.22410e-04
139  0.00981 -6.36541e-04 |140 -0.00698 -3.25214e-05 |141 -0.03478 -3.95341e-04
142 -0.02327  6.07826e-04 |143 -0.00725 -1.03872e-04 |144  0.00000  1.20925e-04
145  0.35148 -2.05898e-03 |146  0.69660 -1.09683e-03 |147  0.04702  1.22028e-03
148  0.29558 -1.44278e-03 |149  0.01664  9.20435e-04 |150 -0.11593  1.12210e-03
151 -0.47869  4.52400e-04 |152  0.31387 -7.43491e-04 |153  0.05043 -1.33958e-03
154 -0.23315  9.82444e-04 |155  0.18433  9.99400e-04 |156  0.25930 -1.75874e-03
157  0.17360  7.29865e-04 |158  0.25303 -1.01163e-03 |159  0.00671  1.78775e-05
160 -0.09971  3.28986e-04 |161  0.10222 -2.47377e-04 |162  0.29548 -2.92356e-03
163  0.16766  2.91921e-04 |164  0.24544 -1.72495e-03 |165 -0.06161 -1.43768e-04
166  0.63837 -3.68151e-05 |167 -0.18334 -9.31347e-04 |168 -0.22980 -3.24341e-03
169  0.29820  1.54004e-03 |170 -0.06292 -2.35746e-04 |171 -0.16713 -2.37733e-04
172 -0.53488 -4.11727e-05 |173 -0.63795 -3.00722e-03 |174 -0.14315 -7.18605e-04
175 -0.17879  8.28807e-04 |176 -0.31594 -7.40161e-04 |177  0.05018  1.13963e-03
178  0.12014  1.45147e-04 |179  0.32044  2.80706e-05 |180  0.27284 -2.45438e-04
181  0.00602  1.83573e-04 |182  0.00947  3.87976e-04 |183 -0.15114  1.07784e-03
184 -0.12672  3.64132e-04 |185  0.01236 -9.82159e-05 |186  0.39127 -2.12367e-03
187  0.01934 -3.41408e-04 |188 -0.15552  4.92294e-04 |189  0.09940  4.00723e-03
190  0.16270  4.28878e-03 |191  0.21851 -2.12650e-03 |192  0.25634 -4.78114e-03
193  0.02447  2.87769e-03 |194 -0.00517  1.69816e-03 |195 -0.17720  1.37999e-03
196 -0.11559  4.33166e-03 |197 -0.53283 -9.46237e-03 |198 -0.07940 -2.40744e-04
199 -0.16175  4.86819e-03 |200 -0.77535  1.30465e-03 |
200 variables; iteration 400; function evaluation 530; phase 4
Function value 7.1711900e+03; maximum gradient component mag -6.2561e-03
Var    Value     Gradient |Var    Value     Gradient |Var    Value     Gradient
  1 -0.42364 -9.18590e-04 |  2  0.37219 -4.62440e-03 |  3 -0.12362 -7.20508e-04
  4 -0.01662 -1.57812e-03 |  5 -0.70478 -6.98022e-05 |  6 -0.60490 -2.67774e-03
  7  0.37757  2.20467e-03 |  8 -0.18358  2.12982e-03 |  9  0.02988  1.97235e-03
 10 -0.60855  1.60707e-04 | 11 -0.62401 -1.33876e-03 | 12 -0.09713  1.88601e-03
 13 -0.00999  2.27562e-05 | 14 -0.01021  3.41246e-05 | 15 -0.01042  4.35421e-05
 16 -0.01063  5.12750e-05 | 17 -0.01084  6.74917e-05 | 18 -0.01104  3.10950e-05
 19 -0.01123  1.72039e-05 | 20 -0.01141  3.31088e-05 | 21 -0.01158  6.28475e-05
 22 -0.01174  3.20344e-05 | 23 -0.01189  5.59303e-05 | 24 -0.01203  3.31009e-05
 25 -0.01215  4.22645e-05 | 26 -0.01225  3.71620e-05 | 27 -0.01234  1.22667e-05
 28 -0.01240  4.55472e-05 | 29 -0.01244  4.54304e-05 | 30 -0.01246  4.68679e-05
 31 -0.01245  6.04390e-05 | 32 -0.01242  5.59792e-05 | 33 -0.01237  2.63350e-05
 34 -0.01228  3.19315e-05 | 35 -0.01216  1.27244e-05 | 36 -0.01201  1.19378e-05
 37 -0.01183  6.81537e-05 | 38 -0.01160  8.25059e-05 | 39 -0.01134  7.53199e-05
 40 -0.01104  4.11510e-05 | 41 -0.01070  6.88611e-06 | 42 -0.01032  5.54029e-06
 43 -0.00991  3.76434e-05 | 44 -0.00947  7.70018e-05 | 45 -0.00901  5.31393e-05
 46 -0.00853  5.07839e-05 | 47 -0.00804  2.54872e-05 | 48 -0.00755 -2.08935e-05
 49 -0.00708 -3.57272e-05 | 50 -0.00663  7.48176e-05 | 51 -0.00622  1.00431e-04
 52 -0.00585  3.32234e-05 | 53 -0.00552 -2.84113e-05 | 54 -0.00525 -5.82791e-05
 55 -0.00501 -1.77548e-05 | 56 -0.00479  3.81364e-05 | 57 -0.00458  6.35996e-05
 58 -0.00434  5.35795e-05 | 59 -0.00405 -2.00322e-05 | 60 -0.00369 -1.03394e-04
 61 -0.00321 -8.64132e-05 | 62 -0.00259 -6.93840e-06 | 63 -0.00180 -2.90032e-05
 64 -0.00079 -6.07589e-05 | 65  0.00047  1.75090e-05 | 66  0.00200  4.47933e-06
 67  0.00383 -7.80228e-05 | 68  0.00597 -8.52900e-05 | 69  0.00845  5.17733e-05
 70  0.01124  2.68500e-06 | 71  0.01433 -1.67236e-05 | 72  0.01764  4.15880e-06
 73  0.02109  4.79935e-05 | 74  0.02452  8.77990e-05 | 75  0.02774  5.25908e-05
 76  0.03053 -1.37969e-05 | 77  0.03269 -5.88248e-05 | 78  0.03406 -1.28845e-06
 79  0.03463 -1.24695e-04 | 80  0.03447  1.58552e-05 | 81  0.03366  5.30758e-05
 82  0.03225 -2.81754e-05 | 83  0.03019  1.26897e-04 | 84  0.02737  8.54802e-05
 85  0.02377 -6.44925e-05 | 86  0.01955 -8.39141e-05 | 87  0.01511 -1.34025e-04
 88  0.01096 -6.07609e-05 | 89  0.00760 -1.44525e-04 | 90  0.00529 -8.29662e-06
 91  0.00400 -1.56284e-04 | 92  0.00357 -1.23818e-04 | 93  0.00380 -9.75222e-05
 94  0.00475  3.10278e-05 | 95  0.00671 -1.49604e-05 | 96  0.01147 -7.27289e-05
 97  0.03596  1.29713e-04 | 98  0.02409  4.97161e-05 | 99  0.01204  1.65200e-04
100 -0.02712  2.77743e-04 |101  0.00023  2.95037e-04 |102  0.02069  9.73552e-05
103 -0.00637  2.83248e-04 |104  0.01023 -2.80451e-04 |105  0.02072 -4.48366e-04
106  0.01701  7.12747e-05 |107  0.00832 -2.29826e-04 |108  0.01048 -2.68980e-04
109  0.06816  4.80702e-04 |110  0.02048  1.88418e-04 |111  0.00642  1.17774e-04
112  0.01343  3.23874e-04 |113  0.01988  1.91090e-04 |114  0.02574  2.60706e-04
115 -0.00173  3.93089e-04 |116 -0.04922 -1.46458e-04 |117 -0.06751 -2.40892e-04
118 -0.07163 -3.16279e-04 |119 -0.05430 -1.38356e-04 |120  0.05760 -1.30292e-04
121 -0.00146 -1.13769e-04 |122  0.02877 -6.22755e-05 |123 -0.02405 -8.32006e-05
124 -0.06590 -2.48884e-04 |125 -0.00655 -1.56896e-04 |126  0.00776 -2.17171e-04
127 -0.00066 -2.55422e-05 |128  0.01895  1.17841e-04 |129  0.08566  5.13004e-04
130  0.00225 -3.20450e-06 |131  0.09471  2.93003e-04 |132 -0.00091 -1.33388e-04
133  0.13928 -5.90073e-04 |134 -0.00031 -4.48494e-05 |135 -0.04251 -1.78469e-04
136 -0.04237  6.18211e-05 |137 -0.01031  1.50137e-04 |138  0.08079  2.64437e-05
139  0.00981  2.65687e-05 |140 -0.00698 -8.20282e-05 |141 -0.03478 -2.60095e-06
142 -0.02327 -2.62791e-05 |143 -0.00725 -7.53448e-05 |144  0.00000  2.79698e-05
145  0.35147 -2.91954e-03 |146  0.69660  2.84463e-03 |147  0.04702  1.57497e-03
148  0.29558 -1.14059e-03 |149  0.01664  8.46715e-04 |150 -0.11593  6.86369e-04
151 -0.47870  1.37824e-04 |152  0.31387 -1.69853e-04 |153  0.05043 -1.23687e-04
154 -0.23316  3.19010e-05 |155  0.18433 -3.16479e-05 |156  0.25930  1.09676e-03
157  0.17360  1.05626e-04 |158  0.25303 -4.18873e-04 |159  0.00671 -1.04292e-04
160 -0.09971  1.91136e-04 |161  0.10222 -3.94721e-04 |162  0.29548  1.00167e-03
163  0.16766  1.84560e-04 |164  0.24544  1.71852e-05 |165 -0.06412 -5.51320e-04
166  0.63855 -7.58192e-06 |167 -0.18800 -9.57835e-04 |168 -0.22980 -4.46044e-03
169  0.29465 -2.84725e-04 |170 -0.06672  2.90412e-05 |171 -0.16039 -4.89964e-05
172 -0.53439 -1.85676e-06 |173 -0.62930  2.48289e-03 |174 -0.13418 -6.72148e-04
175 -0.18919  6.61013e-04 |176 -0.31594 -3.26641e-04 |177  0.05017  1.71533e-04
178  0.12014  6.45618e-04 |179  0.32044  4.00633e-04 |180  0.27284 -1.46563e-03
181  0.00603  7.83677e-05 |182  0.00947  5.97555e-04 |183 -0.15114 -1.09225e-04
184 -0.12672  1.34996e-03 |185  0.01237  2.23999e-04 |186  0.39127 -1.05391e-05
187  0.01934  1.75048e-04 |188 -0.15552  1.47811e-04 |189  0.09940 -2.06467e-03
190  0.16270 -1.31791e-04 |191  0.21851  1.52968e-03 |192  0.25634  3.28664e-04
193  0.02447 -7.59249e-04 |194 -0.00517 -1.06181e-04 |195 -0.17720 -2.04693e-04
196 -0.11559 -1.21050e-04 |197 -0.53033 -6.25610e-03 |198 -0.06664  5.38379e-04
199 -0.16459  5.16099e-03 |200 -0.78717 -6.69631e-04 |
200 variables; iteration 420; function evaluation 552; phase 4
Function value 7.1711899e+03; maximum gradient component mag 1.1354e-02
Var    Value     Gradient |Var    Value     Gradient |Var    Value     Gradient
  1 -0.42364 -4.57211e-03 |  2  0.37219 -2.11596e-03 |  3 -0.12362 -3.53410e-03
  4 -0.01662 -3.06246e-03 |  5 -0.70478  1.95961e-04 |  6 -0.60490  2.15337e-04
  7  0.37757 -2.10768e-03 |  8 -0.18358 -3.84493e-03 |  9  0.02988 -2.71336e-03
 10 -0.60855 -3.86031e-04 | 11 -0.62401 -8.00423e-04 | 12 -0.09713  1.13537e-02
 13 -0.00999  1.35862e-04 | 14 -0.01021  2.18563e-04 | 15 -0.01042  1.66928e-04
 16 -0.01063  3.34999e-04 | 17 -0.01084  5.27146e-05 | 18 -0.01104 -8.68833e-06
 19 -0.01123  1.92458e-04 | 20 -0.01141  1.43576e-04 | 21 -0.01158  1.96485e-04
 22 -0.01174  2.18206e-04 | 23 -0.01189  1.95763e-04 | 24 -0.01203  7.38521e-05
 25 -0.01215  1.20286e-04 | 26 -0.01225  2.18746e-04 | 27 -0.01233  2.25972e-04
 28 -0.01240  1.78969e-04 | 29 -0.01244  3.17189e-04 | 30 -0.01246  1.34797e-04
 31 -0.01245  9.29073e-05 | 32 -0.01242  1.08552e-04 | 33 -0.01237  8.39781e-05
 34 -0.01228  1.05774e-04 | 35 -0.01216  1.50721e-04 | 36 -0.01201 -2.20769e-06
 37 -0.01183  1.37259e-04 | 38 -0.01160  7.64454e-05 | 39 -0.01134 -5.29308e-05
 40 -0.01104 -1.29700e-04 | 41 -0.01070 -1.86961e-04 | 42 -0.01032 -7.37068e-05
 43 -0.00992 -6.31184e-05 | 44 -0.00948 -2.56054e-05 | 45 -0.00901  1.10732e-05
 46 -0.00853 -1.26268e-05 | 47 -0.00804 -1.15972e-04 | 48 -0.00755  1.60525e-04
 49 -0.00708  4.05002e-05 | 50 -0.00663  1.27108e-04 | 51 -0.00622  1.56310e-04
 52 -0.00585  1.36238e-04 | 53 -0.00552  2.61754e-04 | 54 -0.00525  1.21290e-04
 55 -0.00501  2.81510e-04 | 56 -0.00479  3.43161e-04 | 57 -0.00458  1.23947e-04
 58 -0.00434  1.87655e-04 | 59 -0.00405  3.74180e-05 | 60 -0.00369 -7.53825e-05
 61 -0.00321  4.72965e-05 | 62 -0.00260 -2.88658e-05 | 63 -0.00180 -6.15871e-05
 64 -0.00079 -1.19241e-04 | 65  0.00047  9.27256e-05 | 66  0.00200 -2.28842e-05
 67  0.00383 -1.10089e-04 | 68  0.00597 -8.98623e-05 | 69  0.00845  1.29676e-04
 70  0.01124  1.00402e-04 | 71  0.01433  2.69740e-04 | 72  0.01764  1.98285e-04
 73  0.02109  2.91219e-04 | 74  0.02452  3.75196e-04 | 75  0.02774  9.83527e-05
 76  0.03053  1.09524e-05 | 77  0.03269  1.86768e-04 | 78  0.03406  1.25728e-04
 79  0.03463  4.02556e-04 | 80  0.03447  3.62886e-04 | 81  0.03365  2.61039e-04
 82  0.03224  2.63271e-04 | 83  0.03019  5.05362e-04 | 84  0.02737  4.46503e-04
 85  0.02377  3.13998e-04 | 86  0.01955  5.69692e-04 | 87  0.01511  3.64301e-04
 88  0.01096  3.98252e-04 | 89  0.00760  2.21807e-04 | 90  0.00529  1.99526e-04
 91  0.00401  4.08223e-04 | 92  0.00357  5.29151e-04 | 93  0.00380  4.79517e-04
 94  0.00475  7.52353e-04 | 95  0.00671  8.47939e-04 | 96  0.01147  8.81806e-04
 97  0.03596  1.08108e-03 | 98  0.02408  2.55047e-04 | 99  0.01204  7.60219e-04
100 -0.02712  3.97016e-04 |101  0.00023 -1.04289e-04 |102  0.02069  2.01533e-04
103 -0.00637  3.05777e-04 |104  0.01023  1.57066e-05 |105  0.02072 -3.93098e-04
106  0.01702 -1.81247e-04 |107  0.00832 -1.13894e-03 |108  0.01048 -9.84182e-04
109  0.06816 -4.27153e-04 |110  0.02047 -1.39980e-03 |111  0.00642 -1.02002e-03
112  0.01343 -8.67918e-04 |113  0.01988 -5.17454e-04 |114  0.02574 -4.38355e-05
115 -0.00174 -7.08268e-04 |116 -0.04922 -3.70050e-04 |117 -0.06751 -2.88536e-04
118 -0.07163  3.53913e-04 |119 -0.05430 -8.68440e-04 |120  0.05760 -1.14751e-03
121 -0.00146 -5.12293e-04 |122  0.02877 -8.15500e-04 |123 -0.02406 -3.84248e-05
124 -0.06590  3.91600e-06 |125 -0.00655  1.79635e-04 |126  0.00776  1.42139e-04
127 -0.00066  1.63708e-04 |128  0.01895 -3.60933e-04 |129  0.08566 -5.96245e-04
130  0.00225 -2.61377e-04 |131  0.09471  1.63843e-06 |132 -0.00091  7.01214e-05
133  0.13928 -2.24300e-04 |134 -0.00031  6.71704e-04 |135 -0.04251 -9.39599e-05
136 -0.04237 -1.79899e-04 |137 -0.01032 -8.21788e-04 |138  0.08080  4.19575e-04
139  0.00981 -2.86434e-04 |140 -0.00698  3.36107e-04 |141 -0.03478 -5.39147e-05
142 -0.02327  3.95633e-04 |143 -0.00725 -4.70855e-06 |144  0.00000  1.70023e-04
145  0.35146  3.68991e-03 |146  0.69659  1.27433e-03 |147  0.04702  1.00301e-03
148  0.29558 -5.48236e-04 |149  0.01664  2.88228e-04 |150 -0.11593  9.14356e-04
151 -0.47869  1.29792e-04 |152  0.31388 -1.24661e-05 |153  0.05043 -3.77920e-04
154 -0.23316  4.88852e-04 |155  0.18433  7.64999e-04 |156  0.25930 -1.32035e-03
157  0.17360  7.05028e-04 |158  0.25303 -5.00680e-04 |159  0.00671  4.59568e-05
160 -0.09971  4.30334e-04 |161  0.10222  9.89834e-05 |162  0.29548 -1.57159e-03
163  0.16766  4.43060e-04 |164  0.24544 -9.29710e-04 |165 -0.05768  1.88237e-04
166  0.63870 -2.44060e-05 |167 -0.20740 -1.06132e-03 |168 -0.22979  5.65116e-03
169  0.29475  1.73831e-04 |170 -0.06787 -7.10947e-05 |171 -0.16018  2.04750e-05
172 -0.53455 -1.46859e-05 |173 -0.63086  3.77409e-04 |174 -0.05246 -1.73534e-04
175 -0.18879  4.20987e-05 |176 -0.31594  1.08431e-03 |177  0.05017 -2.69734e-05
178  0.12014  5.28558e-04 |179  0.32044  6.39351e-05 |180  0.27284 -2.62677e-04
181  0.00603 -1.34717e-04 |182  0.00947  3.71348e-04 |183 -0.15114  4.39863e-04
184 -0.12672  7.50711e-04 |185  0.01236 -2.16673e-04 |186  0.39127 -5.84858e-04
187  0.01934  3.26749e-05 |188 -0.15552 -3.11759e-05 |189  0.09940  4.04423e-03
190  0.16270  2.79825e-03 |191  0.21851 -1.89782e-03 |192  0.25634 -2.64446e-03
193  0.02447  3.52232e-03 |194 -0.00517  9.53763e-04 |195 -0.17720  1.78755e-03
196 -0.11559  3.58900e-03 |197 -0.51855  5.03980e-03 |198 -0.06107 -2.98007e-04
199 -0.18228  3.64996e-03 |200 -0.78059  4.04282e-04 |
200 variables; iteration 440; function evaluation 573; phase 4
Function value 7.1711899e+03; maximum gradient component mag -2.6380e-03
Var    Value     Gradient |Var    Value     Gradient |Var    Value     Gradient
  1 -0.42364  2.57872e-03 |  2  0.37219  9.44016e-04 |  3 -0.12362  1.90048e-03
  4 -0.01662  1.44783e-03 |  5 -0.70478 -1.41379e-05 |  6 -0.60490  2.68503e-04
  7  0.37757  1.49979e-03 |  8 -0.18358  2.01054e-03 |  9  0.02988  1.40482e-03
 10 -0.60855  2.51460e-04 | 11 -0.62401  5.55658e-04 | 12 -0.09713 -1.88263e-03
 13 -0.00999 -8.73633e-05 | 14 -0.01021 -1.31781e-04 | 15 -0.01042 -7.61098e-05
 16 -0.01063 -1.64842e-04 | 17 -0.01084 -3.72001e-05 | 18 -0.01104 -1.22476e-05
 19 -0.01123 -8.87874e-05 | 20 -0.01141 -9.35040e-05 | 21 -0.01158 -1.00963e-04
 22 -0.01174 -1.38744e-04 | 23 -0.01189 -9.32671e-05 | 24 -0.01203 -7.02416e-05
 25 -0.01215 -9.29051e-05 | 26 -0.01225 -1.25505e-04 | 27 -0.01234 -1.12569e-04
 28 -0.01240 -7.20128e-05 | 29 -0.01244 -9.15391e-05 | 30 -0.01246 -7.13161e-05
 31 -0.01246 -8.12268e-05 | 32 -0.01242 -5.87945e-05 | 33 -0.01237 -7.29210e-05
 34 -0.01228 -4.22842e-05 | 35 -0.01216 -6.07507e-05 | 36 -0.01201 -2.49827e-05
 37 -0.01183 -3.98032e-05 | 38 -0.01160 -1.61022e-05 | 39 -0.01134  9.31335e-06
 40 -0.01104  5.73619e-05 | 41 -0.01070  8.16277e-05 | 42 -0.01032  4.22499e-05
 43 -0.00991  2.51428e-05 | 44 -0.00947  1.96533e-05 | 45 -0.00901  3.60196e-06
 46 -0.00853  1.24852e-05 | 47 -0.00804  4.32784e-05 | 48 -0.00755 -2.54606e-05
 49 -0.00708 -2.98953e-05 | 50 -0.00663 -4.30666e-05 | 51 -0.00622 -5.84637e-05
 52 -0.00585 -6.56505e-05 | 53 -0.00552 -1.22543e-04 | 54 -0.00525 -6.16754e-05
 55 -0.00501 -1.25095e-04 | 56 -0.00479 -1.37810e-04 | 57 -0.00458 -4.59380e-05
 58 -0.00434 -9.09261e-05 | 59 -0.00405 -3.91002e-05 | 60 -0.00369  1.52567e-05
 61 -0.00321 -9.15398e-07 | 62 -0.00259  1.50176e-07 | 63 -0.00180  1.19757e-05
 64 -0.00079 -9.13943e-06 | 65  0.00047 -8.86688e-05 | 66  0.00200 -4.32199e-05
 67  0.00383  2.99840e-06 | 68  0.00597  3.56135e-05 | 69  0.00845 -5.72872e-05
 70  0.01124 -1.17834e-04 | 71  0.01433 -1.36689e-04 | 72  0.01764 -6.00908e-05
 73  0.02109 -1.75969e-04 | 74  0.02452 -2.27491e-04 | 75  0.02774 -9.54933e-05
 76  0.03053 -7.12231e-05 | 77  0.03269 -2.41382e-04 | 78  0.03406 -1.37850e-04
 79  0.03463 -2.69097e-04 | 80  0.03447 -2.62735e-04 | 81  0.03366 -1.72073e-04
 82  0.03225 -1.85558e-04 | 83  0.03018 -3.06128e-04 | 84  0.02737 -2.96806e-04
 85  0.02377 -2.23644e-04 | 86  0.01955 -2.74192e-04 | 87  0.01511 -2.30724e-04
 88  0.01096 -2.59390e-04 | 89  0.00761 -1.73106e-04 | 90  0.00529 -1.40775e-04
 91  0.00401 -2.03292e-04 | 92  0.00357 -2.12365e-04 | 93  0.00380 -2.58755e-04
 94  0.00475 -3.80895e-04 | 95  0.00671 -3.96719e-04 | 96  0.01147 -4.26836e-04
 97  0.03596 -5.43150e-04 | 98  0.02408 -2.58615e-05 | 99  0.01204 -2.10513e-04
100 -0.02712 -1.50351e-05 |101  0.00023  5.02369e-05 |102  0.02069  4.12051e-06
103 -0.00637  1.59266e-04 |104  0.01023  1.30664e-04 |105  0.02072  4.51912e-04
106  0.01701  4.44284e-04 |107  0.00832  8.72444e-04 |108  0.01048  8.67833e-04
109  0.06816  6.31961e-04 |110  0.02047  8.46167e-04 |111  0.00642  6.30271e-04
112  0.01343  6.13140e-04 |113  0.01988  5.22873e-04 |114  0.02574  2.68692e-04
115 -0.00173  3.65493e-04 |116 -0.04922  2.14971e-04 |117 -0.06751  2.20288e-04
118 -0.07163 -1.68025e-04 |119 -0.05430  4.47122e-04 |120  0.05760  5.44923e-04
121 -0.00146  2.94135e-04 |122  0.02877  4.47631e-04 |123 -0.02405 -5.33175e-06
124 -0.06590  3.28514e-05 |125 -0.00655 -1.72747e-04 |126  0.00776  7.37135e-05
127 -0.00066 -4.18690e-06 |128  0.01895  1.33554e-04 |129  0.08566  3.36667e-04
130  0.00225  1.08712e-04 |131  0.09471 -8.48966e-05 |132 -0.00091  2.44292e-05
133  0.13928  7.74200e-05 |134 -0.00031 -2.71846e-04 |135 -0.04251  2.20644e-05
136 -0.04236  1.45682e-04 |137 -0.01031  3.20613e-04 |138  0.08079 -7.57504e-05
139  0.00981  7.54736e-05 |140 -0.00698 -1.70885e-04 |141 -0.03478  1.10747e-05
142 -0.02327 -2.93531e-04 |143 -0.00725  2.71447e-05 |144 -0.00000 -3.61674e-05
145  0.35145 -9.83185e-04 |146  0.69659  9.08596e-04 |147  0.04702 -5.49697e-04
148  0.29558  2.31471e-04 |149  0.01664 -2.22650e-04 |150 -0.11593 -5.81204e-04
151 -0.47870 -1.89125e-05 |152  0.31387 -6.70248e-05 |153  0.05043  1.01207e-04
154 -0.23316 -2.37796e-04 |155  0.18433 -3.58639e-04 |156  0.25930  5.25515e-04
157  0.17360 -4.02372e-04 |158  0.25303  2.59726e-04 |159  0.00671 -4.35897e-05
160 -0.09971 -1.67051e-04 |161  0.10222 -1.14405e-04 |162  0.29548  6.86336e-04
163  0.16766 -2.76773e-04 |164  0.24544  4.33834e-04 |165 -0.06360 -4.54214e-04
166  0.63874  8.21149e-06 |167 -0.20750 -1.06190e-03 |168 -0.22979 -1.14867e-03
169  0.29506 -9.86413e-07 |170 -0.06568  1.48985e-05 |171 -0.16091 -2.90790e-05
172 -0.53437  3.11170e-07 |173 -0.63112  4.16719e-05 |174 -0.05019 -7.08591e-05
175 -0.18852  2.96195e-05 |176 -0.31594 -7.31162e-04 |177  0.05017  1.82187e-04
178  0.12014 -2.88847e-04 |179  0.32044 -1.01278e-04 |180  0.27284  9.26429e-05
181  0.00603  1.17003e-04 |182  0.00947 -2.33921e-04 |183 -0.15114 -1.36919e-04
184 -0.12672 -4.65928e-04 |185  0.01237  1.32209e-04 |186  0.39127  1.70183e-04
187  0.01934 -3.57141e-05 |188 -0.15552  5.99126e-05 |189  0.09940 -2.63800e-03
190  0.16270 -1.49702e-03 |191  0.21851  1.19932e-03 |192  0.25634  1.58887e-03
193  0.02447 -2.43011e-03 |194 -0.00517 -5.32211e-04 |195 -0.17720 -1.34859e-03
196 -0.11559 -2.18799e-03 |197 -0.51835  1.02870e-03 |198 -0.04754  6.88429e-06
199 -0.18540  1.29801e-03 |200 -0.78091  3.50556e-04 |
200 variables; iteration 460; function evaluation 593; phase 4
Function value 7.1711899e+03; maximum gradient component mag 7.7041e-03
Var    Value     Gradient |Var    Value     Gradient |Var    Value     Gradient
  1 -0.42364  2.58838e-03 |  2  0.37219  5.30269e-03 |  3 -0.12362  2.68175e-03
  4 -0.01662  2.68957e-03 |  5 -0.70478  1.35119e-04 |  6 -0.60490  2.56752e-03
  7  0.37757 -2.34788e-03 |  8 -0.18358 -4.79886e-04 |  9  0.02988 -1.34154e-03
 10 -0.60855 -2.04090e-04 | 11 -0.62401  1.87874e-03 | 12 -0.09713 -2.23351e-04
 13 -0.00999 -5.65009e-05 | 14 -0.01021 -3.77587e-05 | 15 -0.01042 -2.57609e-05
 16 -0.01063 -1.11301e-04 | 17 -0.01084  7.83890e-05 | 18 -0.01104  1.40370e-05
 19 -0.01123 -3.57123e-05 | 20 -0.01141 -9.61099e-05 | 21 -0.01158 -7.55100e-05
 22 -0.01174 -6.14945e-05 | 23 -0.01189 -5.36448e-05 | 24 -0.01203 -1.28606e-05
 25 -0.01215 -3.74239e-05 | 26 -0.01225 -8.74290e-05 | 27 -0.01234 -1.37657e-04
 28 -0.01240  8.12135e-06 | 29 -0.01244 -1.97626e-05 | 30 -0.01246 -8.59744e-05
 31 -0.01245  1.04196e-05 | 32 -0.01242 -1.97708e-05 | 33 -0.01237 -3.42613e-05
 34 -0.01228 -6.43882e-06 | 35 -0.01216 -2.19881e-05 | 36 -0.01201  6.71313e-05
 37 -0.01183  5.43324e-05 | 38 -0.01160  5.90363e-05 | 39 -0.01134  1.24385e-04
 40 -0.01104  4.98361e-05 | 41 -0.01070  1.63930e-05 | 42 -0.01032  2.65024e-05
 43 -0.00991  3.48553e-05 | 44 -0.00947  1.66801e-04 | 45 -0.00901  1.11367e-04
 46 -0.00853  4.76912e-05 | 47 -0.00804  6.82314e-05 | 48 -0.00755 -7.68079e-05
 49 -0.00708 -1.10197e-05 | 50 -0.00663  1.66973e-05 | 51 -0.00622 -3.33714e-06
 52 -0.00585 -9.91127e-06 | 53 -0.00552 -3.92615e-05 | 54 -0.00525 -3.46257e-06
 55 -0.00501 -5.09148e-05 | 56 -0.00479 -4.86385e-05 | 57 -0.00458  4.87768e-05
 58 -0.00434  2.59224e-06 | 59 -0.00405 -6.59976e-05 | 60 -0.00369 -1.42418e-04
 61 -0.00321 -2.66055e-04 | 62 -0.00259 -2.09072e-04 | 63 -0.00180 -2.94714e-04
 64 -0.00079 -3.49973e-04 | 65  0.00047 -3.37318e-04 | 66  0.00200 -2.49661e-04
 67  0.00383 -4.39241e-05 | 68  0.00597 -5.85795e-05 | 69  0.00845 -3.72556e-05
 70  0.01124 -3.32693e-04 | 71  0.01433 -1.66261e-04 | 72  0.01764  6.06800e-05
 73  0.02109 -2.34051e-04 | 74  0.02452 -3.38893e-04 | 75  0.02774 -3.32145e-04
 76  0.03053 -2.61539e-04 | 77  0.03269 -5.17084e-04 | 78  0.03406 -4.19569e-04
 79  0.03463 -2.93299e-04 | 80  0.03447 -3.20699e-04 | 81  0.03366 -2.50434e-04
 82  0.03225 -2.86909e-04 | 83  0.03018 -4.53292e-04 | 84  0.02737 -3.42974e-04
 85  0.02377 -3.27739e-04 | 86  0.01955  1.33401e-05 | 87  0.01511 -8.80793e-05
 88  0.01096 -1.67120e-04 | 89  0.00761 -7.45523e-05 | 90  0.00529  4.47423e-05
 91  0.00401  2.90423e-05 | 92  0.00357  2.96470e-05 | 93  0.00380 -1.39726e-04
 94  0.00475 -1.76274e-04 | 95  0.00671 -1.78498e-04 | 96  0.01147 -9.77009e-05
 97  0.03596 -7.48858e-04 | 98  0.02409  1.85694e-04 | 99  0.01204  2.05208e-04
100 -0.02712 -4.49086e-04 |101  0.00023 -2.20590e-05 |102  0.02069 -1.54861e-04
103 -0.00638 -7.36830e-04 |104  0.01023  9.66798e-04 |105  0.02072  1.25527e-03
106  0.01701 -1.04946e-04 |107  0.00832  1.16431e-03 |108  0.01048  1.64269e-03
109  0.06816 -2.94555e-04 |110  0.02047 -4.93856e-05 |111  0.00643  9.54244e-04
112  0.01343  9.21985e-04 |113  0.01988  1.04037e-03 |114  0.02574  9.56871e-04
115 -0.00174 -1.47547e-04 |116 -0.04922  4.23832e-04 |117 -0.06751  7.66338e-04
118 -0.07163  4.36035e-04 |119 -0.05430  2.96541e-04 |120  0.05760 -1.42396e-05
121 -0.00146  8.50726e-05 |122  0.02877  2.57457e-04 |123 -0.02405  1.58297e-04
124 -0.06590  3.33323e-04 |125 -0.00655 -1.42012e-04 |126  0.00776  4.22996e-04
127 -0.00066  2.48965e-04 |128  0.01895  1.98921e-05 |129  0.08566 -4.22219e-04
130  0.00225 -2.15953e-04 |131  0.09471 -4.87754e-04 |132 -0.00091  1.60761e-04
133  0.13928  2.77304e-05 |134 -0.00031  3.37735e-04 |135 -0.04251 -7.76955e-06
136 -0.04236  1.59511e-04 |137 -0.01031 -1.32154e-04 |138  0.08080  4.97145e-04
139  0.00981 -1.32869e-04 |140 -0.00698 -6.70841e-05 |141 -0.03478 -9.08639e-05
142 -0.02327 -2.79662e-04 |143 -0.00724  1.36793e-04 |144 -0.00000 -7.53367e-05
145  0.35145  5.07139e-03 |146  0.69660 -2.09006e-03 |147  0.04702 -1.91095e-03
148  0.29558  8.35070e-04 |149  0.01664 -7.32515e-04 |150 -0.11593 -1.02705e-03
151 -0.47870  1.43549e-04 |152  0.31387 -1.94648e-04 |153  0.05043 -3.90605e-04
154 -0.23316 -5.58932e-05 |155  0.18433 -1.84270e-04 |156  0.25930 -2.77367e-04
157  0.17360 -4.78842e-04 |158  0.25303  3.53870e-04 |159  0.00671 -1.25126e-04
160 -0.09971 -3.55465e-04 |161  0.10222  4.91560e-05 |162  0.29548 -9.20832e-04
163  0.16766 -4.73207e-04 |164  0.24544  2.25772e-04 |165 -0.06367 -4.63069e-04
166  0.63850 -4.34871e-06 |167 -0.20410 -1.04332e-03 |168 -0.22979  7.70411e-03
169  0.29484 -3.34795e-05 |170 -0.06634  1.30955e-05 |171 -0.16035  1.65977e-05
172 -0.53450 -1.07094e-05 |173 -0.63120  8.57913e-05 |174 -0.04932 -1.40263e-05
175 -0.18798  1.78590e-04 |176 -0.31594  3.21593e-05 |177  0.05017  7.37590e-04
178  0.12014 -1.13586e-03 |179  0.32044 -4.17158e-04 |180  0.27284  1.57880e-03
181  0.00602  1.85727e-04 |182  0.00947 -8.46375e-04 |183 -0.15114  2.56654e-04
184 -0.12672 -1.94014e-03 |185  0.01236 -1.62725e-04 |186  0.39127 -5.36093e-04
187  0.01934 -2.87572e-04 |188 -0.15552  9.49773e-05 |189  0.09940 -7.29163e-04
190  0.16270 -3.02209e-04 |191  0.21851 -4.36517e-04 |192  0.25634 -1.26795e-04
193  0.02447 -1.95069e-03 |194 -0.00517  1.00140e-05 |195 -0.17720 -1.28091e-03
196 -0.11559 -1.64457e-03 |197 -0.51920 -8.21396e-04 |198 -0.04831  5.63118e-05
199 -0.18548  5.78711e-04 |200 -0.78196  1.71167e-04 |

 - final statistics:
200 variables; iteration 474; function evaluation 609
Function value 7.1712e+03; maximum gradient component mag 3.8943e-04
Exit code = 1;  converg criter 1.0000e-03
Var    Value     Gradient |Var    Value     Gradient |Var    Value     Gradient
  1 -0.42364  3.89429e-04 |  2  0.37219 -1.42262e-04 |  3 -0.12362  1.68662e-04
  4 -0.01662  1.96218e-05 |  5 -0.70478 -3.80391e-06 |  6 -0.60490  1.01243e-04
  7  0.37757  6.62512e-05 |  8 -0.18358  1.65972e-04 |  9  0.02988  5.56264e-05
 10 -0.60855  5.70619e-05 | 11 -0.62401  1.35000e-04 | 12 -0.09713  3.54838e-04
 13 -0.00999 -1.15459e-05 | 14 -0.01021 -2.07436e-05 | 15 -0.01042 -8.42026e-06
 16 -0.01063 -2.80240e-05 | 17 -0.01084  1.99401e-06 | 18 -0.01104  8.91337e-06
 19 -0.01123 -6.52918e-06 | 20 -0.01141 -1.18978e-05 | 21 -0.01158 -1.54790e-05
 22 -0.01174 -1.66603e-05 | 23 -0.01189 -1.28869e-05 | 24 -0.01203 -9.16877e-07
 25 -0.01215 -8.28813e-06 | 26 -0.01225 -1.69367e-05 | 27 -0.01234 -1.58213e-05
 28 -0.01240 -7.85715e-06 | 29 -0.01244 -8.48564e-06 | 30 -0.01246 -7.67957e-06
 31 -0.01246 -2.35029e-06 | 32 -0.01242 -2.82174e-06 | 33 -0.01237 -4.76925e-06
 34 -0.01228 -4.37764e-06 | 35 -0.01216 -6.17650e-06 | 36 -0.01201  7.99692e-06
 37 -0.01183 -3.46399e-06 | 38 -0.01160 -1.45292e-06 | 39 -0.01134  1.00879e-05
 40 -0.01104  1.29136e-05 | 41 -0.01070  1.57268e-05 | 42 -0.01032  9.49079e-06
 43 -0.00991  7.36955e-06 | 44 -0.00947  1.51302e-05 | 45 -0.00901  7.42895e-06
 46 -0.00853  5.51283e-06 | 47 -0.00804  1.34380e-05 | 48 -0.00755 -9.75018e-06
 49 -0.00708  2.50922e-06 | 50 -0.00663 -6.73576e-07 | 51 -0.00622 -6.84021e-06
 52 -0.00585 -2.28991e-06 | 53 -0.00552 -1.50086e-05 | 54 -0.00525  2.18528e-08
 55 -0.00501 -1.62644e-05 | 56 -0.00479 -2.00188e-05 | 57 -0.00458  3.15320e-06
 58 -0.00434 -9.59352e-06 | 59 -0.00405 -1.84096e-06 | 60 -0.00369 -5.99532e-06
 61 -0.00321 -2.00642e-05 | 62 -0.00259 -1.44664e-05 | 63 -0.00180 -1.84717e-05
 64 -0.00079 -1.84574e-05 | 65  0.00047 -3.11107e-05 | 66  0.00200 -1.27008e-05
 67  0.00383  4.91705e-06 | 68  0.00597 -1.21234e-06 | 69  0.00845 -1.16968e-05
 70  0.01124 -2.99682e-05 | 71  0.01433 -2.72491e-05 | 72  0.01764 -6.08376e-06
 73  0.02109 -2.64930e-05 | 74  0.02452 -3.87998e-05 | 75  0.02774 -2.21286e-05
 76  0.03053 -2.15142e-05 | 77  0.03269 -4.90821e-05 | 78  0.03406 -3.41307e-05
 79  0.03463 -5.46930e-05 | 80  0.03447 -3.66602e-05 | 81  0.03365 -2.47036e-05
 82  0.03225 -3.06359e-05 | 83  0.03019 -4.19057e-05 | 84  0.02737 -3.68224e-05
 85  0.02377 -3.42699e-05 | 86  0.01955 -2.72285e-05 | 87  0.01511 -1.97789e-05
 88  0.01096 -2.92569e-05 | 89  0.00760 -1.54253e-05 | 90  0.00529 -3.94537e-06
 91  0.00401 -1.83661e-05 | 92  0.00357 -2.74897e-05 | 93  0.00380 -4.00089e-05
 94  0.00475 -5.23612e-05 | 95  0.00671 -5.78981e-05 | 96  0.01147 -4.41353e-05
 97  0.03596 -2.75307e-05 | 98  0.02408  3.07776e-05 | 99  0.01204  5.75459e-06
100 -0.02712  2.89304e-05 |101  0.00023  4.33983e-05 |102  0.02069 -3.74396e-06
103 -0.00637  5.45688e-05 |104  0.01023  1.03327e-04 |105  0.02072  1.04904e-04
106  0.01702  1.60349e-04 |107  0.00832  1.60559e-04 |108  0.01048  1.26798e-04
109  0.06816  1.84402e-04 |110  0.02047  1.29409e-04 |111  0.00643  8.25870e-05
112  0.01343  7.39375e-05 |113  0.01988  6.66842e-05 |114  0.02574  6.87325e-05
115 -0.00173  3.34555e-05 |116 -0.04922  2.46451e-05 |117 -0.06751  5.61519e-05
118 -0.07163 -3.27861e-06 |119 -0.05430  5.88916e-05 |120  0.05760  5.36695e-05
121 -0.00146  2.15017e-05 |122  0.02877  5.95185e-05 |123 -0.02405  2.23139e-05
124 -0.06590  2.21608e-05 |125 -0.00655 -1.42045e-05 |126  0.00776  2.82331e-05
127 -0.00066  2.08383e-05 |128  0.01895  2.65199e-05 |129  0.08566 -3.09015e-06
130  0.00225 -1.61159e-05 |131  0.09471 -2.41195e-05 |132 -0.00091  1.01398e-06
133  0.13928 -1.41591e-05 |134 -0.00031 -8.07485e-06 |135 -0.04251 -3.21892e-06
136 -0.04237  1.75815e-05 |137 -0.01031  3.65939e-05 |138  0.08079  1.54866e-05
139  0.00981  7.81396e-06 |140 -0.00698 -2.71659e-05 |141 -0.03478 -4.08806e-06
142 -0.02327 -2.79232e-05 |143 -0.00725  4.65406e-06 |144 -0.00000 -1.58365e-05
145  0.35146 -1.36429e-04 |146  0.69659  3.61036e-04 |147  0.04702 -1.28992e-04
148  0.29558  5.69433e-05 |149  0.01664 -4.91265e-05 |150 -0.11593 -9.56243e-05
151 -0.47870  1.79193e-05 |152  0.31387 -3.45691e-05 |153  0.05043 -2.02132e-05
154 -0.23316 -1.44431e-05 |155  0.18433 -3.77032e-05 |156  0.25930  5.11306e-05
157  0.17360 -5.18503e-05 |158  0.25303  5.22836e-05 |159  0.00671  2.26842e-06
160 -0.09971 -4.01670e-05 |161  0.10222 -2.06536e-05 |162  0.29548  4.91683e-05
163  0.16766 -4.81684e-05 |164  0.24544  5.15287e-05 |165 -0.06847  7.06666e-05
166  0.63828  1.63405e-07 |167 -0.14600  3.52293e-05 |168 -0.22979 -1.72818e-04
169  0.29488 -1.01168e-05 |170 -0.06640  4.70123e-07 |171 -0.16051 -5.11068e-06
172 -0.53437 -2.34427e-07 |173 -0.63100 -1.06536e-05 |174 -0.04887 -2.86038e-06
175 -0.18878 -7.77983e-06 |176 -0.31594 -1.63268e-05 |177  0.05017  3.06156e-05
178  0.12014 -7.31192e-05 |179  0.32044 -3.47174e-05 |180  0.27284  5.89582e-05
181  0.00603  1.02185e-05 |182  0.00947 -4.62428e-05 |183 -0.15114  1.30389e-05
184 -0.12672 -1.16438e-04 |185  0.01236  7.10558e-06 |186  0.39127  2.30788e-05
187  0.01934  4.72766e-07 |188 -0.15552  7.67193e-06 |189  0.09940 -2.91053e-04
190  0.16270 -1.71109e-04 |191  0.21851  1.04896e-04 |192  0.25634  1.68220e-04
193  0.02447 -3.23444e-04 |194 -0.00517 -5.94577e-05 |195 -0.17720 -1.87790e-04
196 -0.11559 -2.91882e-04 |197 -0.51698  7.37110e-06 |198 -0.04537  1.04428e-06
199 -0.19066  2.56039e-07 |200 -0.78290  1.91015e-05 |

 - final statistics:
213 variables; iteration 0; function evaluation 0
Function value 7.1712e+03; maximum gradient component mag 3.8943e-04
Exit code = 0;  converg criter 1.0000e-03
Var    Value     Gradient |Var    Value     Gradient |Var    Value     Gradient
  1 -0.42364  3.89429e-04 |  2  0.37219 -1.42262e-04 |  3 -0.12362  1.68662e-04
  4 -0.01662  1.96217e-05 |  5 -0.70478 -3.80391e-06 |  6 -0.60490  1.01243e-04
  7  0.37757  6.62512e-05 |  8 -0.18358  1.65972e-04 |  9  0.02988  5.56264e-05
 10 -0.60855  5.70619e-05 | 11 -0.62401  1.35000e-04 | 12 -0.09713  3.54838e-04
 13 -0.00999 -1.15459e-05 | 14 -0.01021 -2.07436e-05 | 15 -0.01042 -8.42026e-06
 16 -0.01063 -2.80240e-05 | 17 -0.01084  1.99401e-06 | 18 -0.01104  8.91337e-06
 19 -0.01123 -6.52918e-06 | 20 -0.01141 -1.18978e-05 | 21 -0.01158 -1.54790e-05
 22 -0.01174 -1.66603e-05 | 23 -0.01189 -1.28869e-05 | 24 -0.01203 -9.16877e-07
 25 -0.01215 -8.28813e-06 | 26 -0.01225 -1.69367e-05 | 27 -0.01234 -1.58213e-05
 28 -0.01240 -7.85715e-06 | 29 -0.01244 -8.48564e-06 | 30 -0.01246 -7.67957e-06
 31 -0.01246 -2.35029e-06 | 32 -0.01242 -2.82174e-06 | 33 -0.01237 -4.76925e-06
 34 -0.01228 -4.37764e-06 | 35 -0.01216 -6.17650e-06 | 36 -0.01201  7.99692e-06
 37 -0.01183 -3.46399e-06 | 38 -0.01160 -1.45292e-06 | 39 -0.01134  1.00879e-05
 40 -0.01104  1.29136e-05 | 41 -0.01070  1.57268e-05 | 42 -0.01032  9.49079e-06
 43 -0.00991  7.36955e-06 | 44 -0.00947  1.51302e-05 | 45 -0.00901  7.42895e-06
 46 -0.00853  5.51283e-06 | 47 -0.00804  1.34380e-05 | 48 -0.00755 -9.75018e-06
 49 -0.00708  2.50922e-06 | 50 -0.00663 -6.73576e-07 | 51 -0.00622 -6.84021e-06
 52 -0.00585 -2.28991e-06 | 53 -0.00552 -1.50086e-05 | 54 -0.00525  2.18526e-08
 55 -0.00501 -1.62644e-05 | 56 -0.00479 -2.00188e-05 | 57 -0.00458  3.15320e-06
 58 -0.00434 -9.59352e-06 | 59 -0.00405 -1.84096e-06 | 60 -0.00369 -5.99532e-06
 61 -0.00321 -2.00642e-05 | 62 -0.00259 -1.44664e-05 | 63 -0.00180 -1.84717e-05
 64 -0.00079 -1.84574e-05 | 65  0.00047 -3.11107e-05 | 66  0.00200 -1.27008e-05
 67  0.00383  4.91705e-06 | 68  0.00597 -1.21234e-06 | 69  0.00845 -1.16968e-05
 70  0.01124 -2.99682e-05 | 71  0.01433 -2.72491e-05 | 72  0.01764 -6.08376e-06
 73  0.02109 -2.64930e-05 | 74  0.02452 -3.87998e-05 | 75  0.02774 -2.21286e-05
 76  0.03053 -2.15142e-05 | 77  0.03269 -4.90821e-05 | 78  0.03406 -3.41307e-05
 79  0.03463 -5.46930e-05 | 80  0.03447 -3.66602e-05 | 81  0.03365 -2.47036e-05
 82  0.03225 -3.06359e-05 | 83  0.03019 -4.19057e-05 | 84  0.02737 -3.68224e-05
 85  0.02377 -3.42699e-05 | 86  0.01955 -2.72285e-05 | 87  0.01511 -1.97789e-05
 88  0.01096 -2.92569e-05 | 89  0.00760 -1.54253e-05 | 90  0.00529 -3.94537e-06
 91  0.00401 -1.83661e-05 | 92  0.00357 -2.74897e-05 | 93  0.00380 -4.00089e-05
 94  0.00475 -5.23612e-05 | 95  0.00671 -5.78981e-05 | 96  0.01147 -4.41353e-05
 97  0.03596 -2.75307e-05 | 98  0.02408  3.07776e-05 | 99  0.01204  5.75459e-06
100 -0.02712  2.89304e-05 |101  0.00023  4.33983e-05 |102  0.02069 -3.74396e-06
103 -0.00637  5.45688e-05 |104  0.01023  1.03327e-04 |105  0.02072  1.04904e-04
106  0.01702  1.60349e-04 |107  0.00832  1.60559e-04 |108  0.01048  1.26798e-04
109  0.06816  1.84402e-04 |110  0.02047  1.29409e-04 |111  0.00643  8.25870e-05
112  0.01343  7.39375e-05 |113  0.01988  6.66842e-05 |114  0.02574  6.87325e-05
115 -0.00173  3.34555e-05 |116 -0.04922  2.46451e-05 |117 -0.06751  5.61519e-05
118 -0.07163 -3.27861e-06 |119 -0.05430  5.88916e-05 |120  0.05760  5.36695e-05
121 -0.00146  2.15017e-05 |122  0.02877  5.95185e-05 |123 -0.02405  2.23139e-05
124 -0.06590  2.21608e-05 |125 -0.00655 -1.42045e-05 |126  0.00776  2.82331e-05
127 -0.00066  2.08383e-05 |128  0.01895  2.65199e-05 |129  0.08566 -3.09015e-06
130  0.00225 -1.61159e-05 |131  0.09471 -2.41195e-05 |132 -0.00091  1.01398e-06
133  0.13928 -1.41591e-05 |134 -0.00031 -8.07485e-06 |135 -0.04251 -3.21892e-06
136 -0.04237  1.75815e-05 |137 -0.01031  3.65939e-05 |138  0.08079  1.54866e-05
139  0.00981  7.81396e-06 |140 -0.00698 -2.71659e-05 |141 -0.03478 -4.08806e-06
142 -0.02327 -2.79232e-05 |143 -0.00725  4.65406e-06 |144 -0.00000 -1.58365e-05
145  0.00000  0.00000e+00 |146  0.00000  0.00000e+00 |147  0.00000  0.00000e+00
148  0.00000  0.00000e+00 |149  0.00000  0.00000e+00 |150  0.00000  0.00000e+00
151  0.00000  0.00000e+00 |152  0.00000  0.00000e+00 |153  0.00000  0.00000e+00
154  0.00000  0.00000e+00 |155  0.00000  0.00000e+00 |156  0.00000  0.00000e+00
157  0.00000  0.00000e+00 |158  0.35146 -1.36429e-04 |159  0.69659  3.61036e-04
160  0.04702 -1.28992e-04 |161  0.29558  5.69433e-05 |162  0.01664 -4.91265e-05
163 -0.11593 -9.56243e-05 |164 -0.47870  1.79193e-05 |165  0.31387 -3.45691e-05
166  0.05043 -2.02132e-05 |167 -0.23316 -1.44431e-05 |168  0.18433 -3.77032e-05
169  0.25930  5.11306e-05 |170  0.17360 -5.18503e-05 |171  0.25303  5.22836e-05
172  0.00671  2.26842e-06 |173 -0.09971 -4.01670e-05 |174  0.10222 -2.06536e-05
175  0.29548  4.91683e-05 |176  0.16766 -4.81684e-05 |177  0.24544  5.15287e-05
178 -0.06847  7.06666e-05 |179  0.63828  1.63405e-07 |180 -0.14600  3.52293e-05
181 -0.22979 -1.72818e-04 |182  0.29488 -1.01168e-05 |183 -0.06640  4.70123e-07
184 -0.16051 -5.11068e-06 |185 -0.53437 -2.34427e-07 |186 -0.63100 -1.06536e-05
187 -0.04887 -2.86038e-06 |188 -0.18878 -7.77983e-06 |189 -0.31594 -1.63268e-05
190  0.05017  3.06156e-05 |191  0.12014 -7.31192e-05 |192  0.32044 -3.47174e-05
193  0.27284  5.89582e-05 |194  0.00603  1.02185e-05 |195  0.00947 -4.62428e-05
196 -0.15114  1.30389e-05 |197 -0.12672 -1.16438e-04 |198  0.01236  7.10558e-06
199  0.39127  2.30788e-05 |200  0.01934  4.72766e-07 |201 -0.15552  7.67192e-06
202  0.09940 -2.91053e-04 |203  0.16270 -1.71109e-04 |204  0.21851  1.04896e-04
205  0.25634  1.68220e-04 |206  0.02447 -3.23444e-04 |207 -0.00517 -5.94577e-05
208 -0.17720 -1.87790e-04 |209 -0.11559 -2.91882e-04 |210 -0.51698  7.37110e-06
211 -0.04537  1.04428e-06 |212 -0.19066  2.56039e-07 |213 -0.78290  1.91015e-05
size of file gradfil1.tmp = 0
size of file gradfil2.tmp = 0
size of file varssave.tmp = 0
size of file cmpdiff.tmp = 1000000040
