
Initial statistics: 136 variables; iteration 0; function evaluation 0; phase 1
Function value 5.3760402e+03; maximum gradient component mag 5.8617e+01
Var    Value     Gradient |Var    Value     Gradient |Var    Value     Gradient
  1 -0.42334  5.86169e+01 |  2 -0.09289 -8.35923e+00 |  3 -0.01009 -6.00100e-01
  4 -0.01031 -6.19663e-01 |  5 -0.01053 -6.39963e-01 |  6 -0.01074 -6.61037e-01
  7 -0.01095 -6.82947e-01 |  8 -0.01115 -7.05723e-01 |  9 -0.01135 -7.29412e-01
 10 -0.01153 -7.54070e-01 | 11 -0.01171 -7.79757e-01 | 12 -0.01187 -8.06548e-01
 13 -0.01203 -8.34517e-01 | 14 -0.01217 -8.63748e-01 | 15 -0.01229 -8.94331e-01
 16 -0.01240 -9.26345e-01 | 17 -0.01249 -9.59869e-01 | 18 -0.01255 -9.94971e-01
 19 -0.01260 -1.03174e+00 | 20 -0.01262 -1.07029e+00 | 21 -0.01262 -1.11078e+00
 22 -0.01260 -1.15338e+00 | 23 -0.01254 -1.19825e+00 | 24 -0.01246 -1.24556e+00
 25 -0.01235 -1.29543e+00 | 26 -0.01220 -1.34794e+00 | 27 -0.01202 -1.40315e+00
 28 -0.01180 -1.46110e+00 | 29 -0.01154 -1.52182e+00 | 30 -0.01124 -1.58525e+00
 31 -0.01091 -1.65170e+00 | 32 -0.01054 -1.72119e+00 | 33 -0.01013 -1.79382e+00
 34 -0.00969 -1.86961e+00 | 35 -0.00923 -1.94850e+00 | 36 -0.00876 -2.03033e+00
 37 -0.00827 -2.11495e+00 | 38 -0.00779 -2.20207e+00 | 39 -0.00732 -2.29135e+00
 40 -0.00687 -2.38226e+00 | 41 -0.00646 -2.47395e+00 | 42 -0.00610 -2.56527e+00
 43 -0.00578 -2.65516e+00 | 44 -0.00550 -2.74266e+00 | 45 -0.00527 -2.82712e+00
 46 -0.00505 -2.90834e+00 | 47 -0.00484 -2.98628e+00 | 48 -0.00461 -3.06052e+00
 49 -0.00433 -3.13113e+00 | 50 -0.00397 -3.19789e+00 | 51 -0.00351 -3.26098e+00
 52 -0.00290 -3.32011e+00 | 53 -0.00211 -3.37537e+00 | 54 -0.00112 -3.42715e+00
 55  0.00012 -3.47473e+00 | 56  0.00162 -3.52065e+00 | 57  0.00342 -3.56358e+00
 58  0.00553 -3.60231e+00 | 59  0.00797 -3.63593e+00 | 60  0.01071 -3.66191e+00
 61  0.01374 -3.67682e+00 | 62  0.01700 -3.67502e+00 | 63  0.02037 -3.64950e+00
 64  0.02373 -3.59137e+00 | 65  0.02687 -3.49003e+00 | 66  0.02959 -3.33450e+00
 67  0.03168 -3.11633e+00 | 68  0.03301 -2.83108e+00 | 69  0.03358 -2.47945e+00
 70  0.03344 -2.06691e+00 | 71  0.03272 -1.60083e+00 | 72  0.03145 -1.08968e+00
 73  0.02960 -5.43531e-01 | 74  0.02705  2.40636e-02 | 75  0.02380  5.95799e-01
 76  0.01999  1.15413e+00 | 77  0.01602  1.68720e+00 | 78  0.01239  2.19236e+00
 79  0.00955  2.67579e+00 | 80  0.00761  3.14428e+00 | 81  0.00637  3.60032e+00
 82  0.00544  4.03806e+00 | 83  0.00468  4.45745e+00 | 84  0.00458  4.88250e+00
 85  0.00522  5.32916e+00 | 86  0.00545  5.75720e+00 | 87  0.00713  6.25554e+00
 88  0.00970  6.80444e+00 | 89  0.01366  7.41551e+00 | 90  0.01376  7.72898e+00
 91  0.01250  7.75884e+00 | 92  0.01081  7.45055e+00 | 93  0.00275  6.41382e+00
 94  0.00360  5.41619e+00 | 95  0.02294  4.61676e+00 | 96  0.02140  2.68901e+00
 97 -0.00268  8.98040e-01 | 98  0.01577  3.16259e-01 | 99  0.08374  1.34180e+00
100  0.02820  2.56943e+00 |101 -0.01452  3.16225e+00 |102  0.00430  3.86384e+00
103  0.01938  1.42033e+00 |104  0.03866 -5.40518e+00 |105  0.00285 -1.05740e+01
106 -0.06248 -1.01306e+01 |107 -0.07893 -9.18273e+00 |108 -0.07730 -7.58527e+00
109 -0.03457 -1.42855e+00 |110  0.06971  4.06134e+01 |111  0.02361  1.99428e+01
112  0.01375  1.14346e+01 |113 -0.02797 -1.12463e+01 |114 -0.06716 -2.02690e+01
115 -0.00654 -1.28627e+01 |116  0.00456 -2.22059e+01 |117 -0.02731 -1.57583e+01
118  0.02817 -5.71552e+00 |119  0.07344  1.43894e+01 |120  0.01038  4.92658e+00
121  0.08254  2.75663e+01 |122  0.00575  9.69555e+00 |123  0.13287  5.21444e+01
124 -0.00532  3.94168e+00 |125 -0.04646 -4.77626e+00 |126 -0.05671 -9.32688e+00
127 -0.02192  3.60450e-01 |128  0.09420  1.90578e+01 |129  0.03190 -1.50931e-01
130  0.01685 -6.74492e-03 |131 -0.02798 -8.21204e+00 |132 -0.01758 -4.88334e+00
133 -0.00588 -1.45954e+00 |134 -0.00040 -1.75990e-05 |135  0.27670 -1.33095e-04
136  0.18753  3.27385e-04 |

Intermediate statistics: 136 variables; iteration 20; function evaluation 30; phase 1
Function value 5.3695675e+03; maximum gradient component mag 1.7609e+01
Var    Value     Gradient |Var    Value     Gradient |Var    Value     Gradient
  1 -0.42314  1.76085e+01 |  2 -0.09690  4.79969e-01 |  3 -0.00955 -6.52879e-02
  4 -0.00975 -6.68674e-02 |  5 -0.00994 -6.84749e-02 |  6 -0.01013 -7.01103e-02
  7 -0.01032 -7.17738e-02 |  8 -0.01049 -7.34653e-02 |  9 -0.01066 -7.51850e-02
 10 -0.01082 -7.69327e-02 | 11 -0.01096 -7.87082e-02 | 12 -0.01110 -8.05113e-02
 13 -0.01122 -8.23414e-02 | 14 -0.01132 -8.41978e-02 | 15 -0.01141 -8.60801e-02
 16 -0.01148 -8.79870e-02 | 17 -0.01152 -8.99173e-02 | 18 -0.01155 -9.18686e-02
 19 -0.01155 -9.38376e-02 | 20 -0.01153 -9.58202e-02 | 21 -0.01147 -9.78134e-02
 22 -0.01140 -9.98150e-02 | 23 -0.01129 -1.01822e-01 | 24 -0.01114 -1.03831e-01
 25 -0.01097 -1.05836e-01 | 26 -0.01076 -1.07825e-01 | 27 -0.01050 -1.09786e-01
 28 -0.01021 -1.11701e-01 | 29 -0.00988 -1.13550e-01 | 30 -0.00950 -1.15310e-01
 31 -0.00908 -1.16972e-01 | 32 -0.00862 -1.18520e-01 | 33 -0.00812 -1.19942e-01
 34 -0.00759 -1.21225e-01 | 35 -0.00703 -1.22355e-01 | 36 -0.00645 -1.23312e-01
 37 -0.00586 -1.24084e-01 | 38 -0.00527 -1.24656e-01 | 39 -0.00470 -1.25018e-01
 40 -0.00414 -1.25154e-01 | 41 -0.00363 -1.25038e-01 | 42 -0.00316 -1.24628e-01
 43 -0.00274 -1.23898e-01 | 44 -0.00238 -1.22842e-01 | 45 -0.00207 -1.21489e-01
 46 -0.00179 -1.19913e-01 | 47 -0.00152 -1.18202e-01 | 48 -0.00124 -1.16424e-01
 49 -0.00093 -1.14678e-01 | 50 -0.00055 -1.13059e-01 | 51 -0.00007 -1.11686e-01
 52  0.00055 -1.10654e-01 | 53  0.00132 -1.10073e-01 | 54  0.00231 -1.10051e-01
 55  0.00352 -1.10563e-01 | 56  0.00501 -1.11756e-01 | 57  0.00679 -1.13401e-01
 58  0.00888 -1.15148e-01 | 59  0.01131 -1.16580e-01 | 60  0.01405 -1.17154e-01
 61  0.01708 -1.16520e-01 | 62  0.02033 -1.14697e-01 | 63  0.02369 -1.12441e-01
 64  0.02698 -1.11166e-01 | 65  0.03000 -1.12319e-01 | 66  0.03248 -1.16566e-01
 67  0.03422 -1.23678e-01 | 68  0.03509 -1.32793e-01 | 69  0.03506 -1.42937e-01
 70  0.03425 -1.53454e-01 | 71  0.03280 -1.63411e-01 | 72  0.03078 -1.71529e-01
 73  0.02820 -1.75922e-01 | 74  0.02501 -1.74563e-01 | 75  0.02122 -1.66667e-01
 76  0.01699 -1.54237e-01 | 77  0.01272 -1.41741e-01 | 78  0.00888 -1.32540e-01
 79  0.00587 -1.26562e-01 | 80  0.00382 -1.20594e-01 | 81  0.00253 -1.10857e-01
 82  0.00160 -9.36327e-02 | 83  0.00091 -6.57572e-02 | 84  0.00089 -2.44814e-02
 85  0.00159  3.32408e-02 | 86  0.00183  1.09586e-01 | 87  0.00337  2.07047e-01
 88  0.00563  3.27264e-01 | 89  0.00908  4.73099e-01 | 90  0.00878  6.25530e-01
 91  0.00739  7.71154e-01 | 92  0.00601  9.01923e-01 | 93 -0.00087  9.73192e-01
 94  0.00139  1.06429e+00 | 95  0.02266  1.16942e+00 | 96  0.02310  9.15531e-01
 97 -0.00090  2.87930e-01 | 98  0.01732 -3.75773e-01 | 99  0.08184 -1.30471e+00
100  0.02223 -9.77404e-01 |101 -0.01988 -1.14737e-01 |102 -0.00181  5.85397e-01
103  0.01488  7.16665e-01 |104  0.03740 -3.92570e-01 |105  0.00737 -1.37366e+00
106 -0.05516 -1.24925e+00 |107 -0.07078 -6.86099e-01 |108 -0.06668  6.40361e-02
109 -0.01617  1.61622e+00 |110  0.03291  5.30312e+00 |111  0.01680  3.36391e+00
112 -0.01009  1.85371e-01 |113 -0.00979 -7.97600e-02 |114 -0.03111 -6.12134e-01
115 -0.01634 -4.17979e-01 |116  0.02261 -9.51770e-01 |117 -0.00384 -7.31083e-01
118  0.03703  7.86103e-02 |119  0.02706 -8.70624e-01 |120  0.02287 -5.95526e-01
121  0.03683  5.19150e-01 |122  0.01011  3.90354e-01 |123  0.04490  2.99271e+00
124 -0.00400  1.01284e+00 |125 -0.03268  6.39065e-01 |126 -0.02946 -9.69438e-02
127 -0.02280 -3.58548e-01 |128  0.02913 -1.67417e-01 |129  0.03876 -5.41263e-01
130  0.01035 -7.15278e-01 |131 -0.00204 -5.24420e-01 |132 -0.00164 -3.44466e-01
133 -0.00070 -8.08196e-02 |134 -0.00042  3.39718e-03 |135  0.28349  5.37368e-01
136  0.19452  2.32707e+00 |

 - final statistics:
136 variables; iteration 25; function evaluation 38
Function value 5.3695e+03; maximum gradient component mag 6.3655e+00
Exit code = 1;  converg criter 1.0000e+01
Var    Value     Gradient |Var    Value     Gradient |Var    Value     Gradient
  1 -0.42353  6.36553e+00 |  2 -0.09582 -2.13707e+00 |  3 -0.00945  1.21027e-02
  4 -0.00965  1.24814e-02 |  5 -0.00984  1.28612e-02 |  6 -0.01003  1.32409e-02
  7 -0.01021  1.36199e-02 |  8 -0.01039  1.39956e-02 |  9 -0.01055  1.43655e-02
 10 -0.01071  1.47275e-02 | 11 -0.01085  1.50794e-02 | 12 -0.01098  1.54188e-02
 13 -0.01110  1.57432e-02 | 14 -0.01120  1.60503e-02 | 15 -0.01129  1.63368e-02
 16 -0.01135  1.65997e-02 | 17 -0.01140  1.68343e-02 | 18 -0.01142  1.70358e-02
 19 -0.01142  1.71983e-02 | 20 -0.01140  1.73161e-02 | 21 -0.01135  1.73843e-02
 22 -0.01127  1.73971e-02 | 23 -0.01116  1.73487e-02 | 24 -0.01101  1.72322e-02
 25 -0.01084  1.70398e-02 | 26 -0.01062  1.67635e-02 | 27 -0.01037  1.63934e-02
 28 -0.01008  1.59202e-02 | 29 -0.00975  1.53331e-02 | 30 -0.00937  1.46167e-02
 31 -0.00896  1.37677e-02 | 32 -0.00850  1.27702e-02 | 33 -0.00800  1.16095e-02
 34 -0.00748  1.02683e-02 | 35 -0.00692  8.72472e-03 | 36 -0.00635  6.95375e-03
 37 -0.00577  4.92685e-03 | 38 -0.00518  2.61107e-03 | 39 -0.00461 -2.87248e-05
 40 -0.00407 -3.02517e-03 | 41 -0.00356 -6.40657e-03 | 42 -0.00311 -1.01962e-02
 43 -0.00270 -1.44152e-02 | 44 -0.00236 -1.90967e-02 | 45 -0.00206 -2.42923e-02
 46 -0.00179 -3.00676e-02 | 47 -0.00154 -3.64901e-02 | 48 -0.00128 -4.36203e-02
 49 -0.00098 -5.15244e-02 | 50 -0.00062 -6.02675e-02 | 51 -0.00016 -6.99283e-02
 52  0.00043 -8.05791e-02 | 53  0.00118 -9.22940e-02 | 54  0.00214 -1.05136e-01
 55  0.00333 -1.19059e-01 | 56  0.00479 -1.34098e-01 | 57  0.00654 -1.49981e-01
 58  0.00860 -1.66272e-01 | 59  0.01099 -1.82457e-01 | 60  0.01369 -1.97953e-01
 61  0.01668 -2.12408e-01 | 62  0.01989 -2.25704e-01 | 63  0.02320 -2.37808e-01
 64  0.02646 -2.48323e-01 | 65  0.02946 -2.56651e-01 | 66  0.03195 -2.63250e-01
 67  0.03369 -2.70435e-01 | 68  0.03455 -2.80057e-01 | 69  0.03451 -2.90690e-01
 70  0.03370 -2.98842e-01 | 71  0.03227 -3.01043e-01 | 72  0.03029 -2.95803e-01
 73  0.02777 -2.83165e-01 | 74  0.02463 -2.64141e-01 | 75  0.02088 -2.39992e-01
 76  0.01670 -2.11985e-01 | 77  0.01248 -1.82714e-01 | 78  0.00870 -1.55425e-01
 79  0.00576 -1.31525e-01 | 80  0.00378 -1.10041e-01 | 81  0.00257 -8.99357e-02
 82  0.00171 -7.06190e-02 | 83  0.00107 -5.22377e-02 | 84  0.00108 -3.60177e-02
 85  0.00178 -2.34574e-02 | 86  0.00198 -1.56682e-02 | 87  0.00342 -1.44447e-02
 88  0.00553 -2.01991e-02 | 89  0.00876 -3.13424e-02 | 90  0.00821 -4.50314e-02
 91  0.00655 -6.42652e-02 | 92  0.00494 -7.57566e-02 | 93 -0.00207 -6.33275e-02
 94  0.00010 -1.46812e-02 | 95  0.02141  8.25257e-02 | 96  0.02240  2.03842e-01
 97 -0.00067  2.58928e-01 | 98  0.01828  1.27336e-01 | 99  0.08348 -1.43016e-01
100  0.02275 -4.11170e-01 |101 -0.02082 -4.40572e-01 |102 -0.00339 -2.15611e-01
103  0.01401  3.31343e-01 |104  0.03833  4.55118e-01 |105  0.00864 -1.10065e-01
106 -0.05475 -7.11451e-01 |107 -0.07036 -4.27383e-01 |108 -0.06515  3.68565e-01
109 -0.01700  1.58235e-01 |110  0.03078  2.51875e+00 |111  0.01682  1.98305e+00
112 -0.00934 -2.10940e-01 |113 -0.01086 -6.97496e-01 |114 -0.02876  2.37398e-01
115 -0.01615 -4.73048e-02 |116  0.02351 -1.97894e-01 |117 -0.00351 -2.73789e-01
118  0.03681  4.69194e-01 |119  0.02841 -3.10891e-01 |120  0.02375 -3.60743e-01
121  0.03565 -7.37121e-02 |122  0.00975 -2.46882e-01 |123  0.04105  1.16026e+00
124 -0.00375  7.78934e-01 |125 -0.03380  2.14684e-01 |126 -0.02902  1.30587e-02
127 -0.02180 -4.95517e-02 |128  0.03009  2.07085e-01 |129  0.04046  5.31179e-02
130  0.01277  2.53182e-02 |131 -0.00045 -6.37131e-02 |132 -0.00103 -1.87286e-01
133 -0.00061 -6.02640e-02 |134 -0.00043  6.03056e-04 |135  0.28179 -1.06631e-01
136  0.19308  4.72349e-01 |

Initial statistics: 146 variables; iteration 0; function evaluation 0; phase 2
Function value 5.3695330e+03; maximum gradient component mag 2.2152e+02
Var    Value     Gradient |Var    Value     Gradient |Var    Value     Gradient
  1 -0.42353  6.36553e+00 |  2  0.37110  6.76228e+01 |  3 -0.12614  1.83822e+02
  4 -0.01321  2.21518e+02 |  5 -0.70915  2.49944e+00 |  6 -0.60419 -2.61817e+01
  7  0.37628 -1.23897e+01 |  8 -0.18524  1.78407e+02 |  9  0.03399  1.24997e+02
 10 -0.60948 -3.41636e+01 | 11 -0.62338 -1.33576e+02 | 12 -0.09582 -2.13707e+00
 13 -0.00945  1.21027e-02 | 14 -0.00965  1.24814e-02 | 15 -0.00984  1.28612e-02
 16 -0.01003  1.32409e-02 | 17 -0.01021  1.36199e-02 | 18 -0.01039  1.39956e-02
 19 -0.01055  1.43655e-02 | 20 -0.01071  1.47275e-02 | 21 -0.01085  1.50794e-02
 22 -0.01098  1.54188e-02 | 23 -0.01110  1.57432e-02 | 24 -0.01120  1.60503e-02
 25 -0.01129  1.63368e-02 | 26 -0.01135  1.65997e-02 | 27 -0.01140  1.68343e-02
 28 -0.01142  1.70358e-02 | 29 -0.01142  1.71983e-02 | 30 -0.01140  1.73161e-02
 31 -0.01135  1.73843e-02 | 32 -0.01127  1.73971e-02 | 33 -0.01116  1.73487e-02
 34 -0.01101  1.72322e-02 | 35 -0.01084  1.70398e-02 | 36 -0.01062  1.67635e-02
 37 -0.01037  1.63934e-02 | 38 -0.01008  1.59202e-02 | 39 -0.00975  1.53331e-02
 40 -0.00937  1.46167e-02 | 41 -0.00896  1.37677e-02 | 42 -0.00850  1.27702e-02
 43 -0.00800  1.16095e-02 | 44 -0.00748  1.02683e-02 | 45 -0.00692  8.72472e-03
 46 -0.00635  6.95375e-03 | 47 -0.00577  4.92685e-03 | 48 -0.00518  2.61107e-03
 49 -0.00461 -2.87248e-05 | 50 -0.00407 -3.02517e-03 | 51 -0.00356 -6.40657e-03
 52 -0.00311 -1.01962e-02 | 53 -0.00270 -1.44152e-02 | 54 -0.00236 -1.90967e-02
 55 -0.00206 -2.42923e-02 | 56 -0.00179 -3.00676e-02 | 57 -0.00154 -3.64901e-02
 58 -0.00128 -4.36203e-02 | 59 -0.00098 -5.15244e-02 | 60 -0.00062 -6.02675e-02
 61 -0.00016 -6.99283e-02 | 62  0.00043 -8.05791e-02 | 63  0.00118 -9.22940e-02
 64  0.00214 -1.05136e-01 | 65  0.00333 -1.19059e-01 | 66  0.00479 -1.34098e-01
 67  0.00654 -1.49981e-01 | 68  0.00860 -1.66272e-01 | 69  0.01099 -1.82457e-01
 70  0.01369 -1.97953e-01 | 71  0.01668 -2.12408e-01 | 72  0.01989 -2.25704e-01
 73  0.02320 -2.37808e-01 | 74  0.02646 -2.48323e-01 | 75  0.02946 -2.56651e-01
 76  0.03195 -2.63250e-01 | 77  0.03369 -2.70435e-01 | 78  0.03455 -2.80057e-01
 79  0.03451 -2.90690e-01 | 80  0.03370 -2.98842e-01 | 81  0.03227 -3.01043e-01
 82  0.03029 -2.95803e-01 | 83  0.02777 -2.83165e-01 | 84  0.02463 -2.64141e-01
 85  0.02088 -2.39992e-01 | 86  0.01670 -2.11985e-01 | 87  0.01248 -1.82714e-01
 88  0.00870 -1.55425e-01 | 89  0.00576 -1.31525e-01 | 90  0.00378 -1.10041e-01
 91  0.00257 -8.99357e-02 | 92  0.00171 -7.06190e-02 | 93  0.00107 -5.22377e-02
 94  0.00108 -3.60177e-02 | 95  0.00178 -2.34574e-02 | 96  0.00198 -1.56682e-02
 97  0.00342 -1.44447e-02 | 98  0.00553 -2.01991e-02 | 99  0.00876 -3.13424e-02
100  0.00821 -4.50314e-02 |101  0.00655 -6.42652e-02 |102  0.00494 -7.57566e-02
103 -0.00207 -6.33275e-02 |104  0.00010 -1.46812e-02 |105  0.02141  8.25257e-02
106  0.02240  2.03842e-01 |107 -0.00067  2.58928e-01 |108  0.01828  1.27336e-01
109  0.08348 -1.43016e-01 |110  0.02275 -4.11170e-01 |111 -0.02082 -4.40572e-01
112 -0.00339 -2.15611e-01 |113  0.01401  3.31343e-01 |114  0.03833  4.55118e-01
115  0.00864 -1.10065e-01 |116 -0.05475 -7.11451e-01 |117 -0.07036 -4.27383e-01
118 -0.06515  3.68565e-01 |119 -0.01700  1.58235e-01 |120  0.03078  2.51875e+00
121  0.01682  1.98305e+00 |122 -0.00934 -2.10940e-01 |123 -0.01086 -6.97496e-01
124 -0.02876  2.37398e-01 |125 -0.01615 -4.73048e-02 |126  0.02351 -1.97894e-01
127 -0.00351 -2.73789e-01 |128  0.03681  4.69194e-01 |129  0.02841 -3.10891e-01
130  0.02375 -3.60743e-01 |131  0.03565 -7.37121e-02 |132  0.00975 -2.46882e-01
133  0.04105  1.16026e+00 |134 -0.00375  7.78934e-01 |135 -0.03380  2.14684e-01
136 -0.02902  1.30587e-02 |137 -0.02180 -4.95517e-02 |138  0.03009  2.07085e-01
139  0.04046  5.31179e-02 |140  0.01277  2.53182e-02 |141 -0.00045 -6.37131e-02
142 -0.00103 -1.87286e-01 |143 -0.00061 -6.02640e-02 |144 -0.00043  6.03056e-04
145  0.28179 -1.06631e-01 |146  0.19308  4.72349e-01 |

Intermediate statistics: 146 variables; iteration 20; function evaluation 26; phase 2
Function value 5.3566669e+03; maximum gradient component mag 2.0448e+02
Var    Value     Gradient |Var    Value     Gradient |Var    Value     Gradient
  1 -0.42441 -3.46979e+01 |  2  0.47596  9.35836e+01 |  3 -0.10994  8.72612e+00
  4 -0.10219  1.09301e+02 |  5 -0.67305  3.12244e+00 |  6 -0.60337 -3.51335e+01
  7  0.46008 -2.90852e+01 |  8 -0.17428 -3.96428e+01 |  9 -0.05836 -2.26759e+01
 10 -0.52752  6.35422e+00 | 11 -0.61503  2.04481e+02 | 12 -0.08296 -2.53523e+01
 13 -0.00959 -6.60645e-02 | 14 -0.00979 -6.80134e-02 | 15 -0.00999 -7.00343e-02
 16 -0.01018 -7.21313e-02 | 17 -0.01037 -7.43073e-02 | 18 -0.01055 -7.65704e-02
 19 -0.01072 -7.89283e-02 | 20 -0.01088 -8.13876e-02 | 21 -0.01103 -8.39546e-02
 22 -0.01117 -8.66338e-02 | 23 -0.01129 -8.94283e-02 | 24 -0.01140 -9.23381e-02
 25 -0.01149 -9.53605e-02 | 26 -0.01157 -9.84935e-02 | 27 -0.01162 -1.01742e-01
 28 -0.01165 -1.05122e-01 | 29 -0.01166 -1.08661e-01 | 30 -0.01164 -1.12375e-01
 31 -0.01159 -1.16265e-01 | 32 -0.01152 -1.20318e-01 | 33 -0.01142 -1.24512e-01
 34 -0.01128 -1.28826e-01 | 35 -0.01112 -1.33250e-01 | 36 -0.01091 -1.37791e-01
 37 -0.01067 -1.42475e-01 | 38 -0.01038 -1.47346e-01 | 39 -0.01005 -1.52452e-01
 40 -0.00968 -1.57831e-01 | 41 -0.00926 -1.63505e-01 | 42 -0.00881 -1.69473e-01
 43 -0.00832 -1.75722e-01 | 44 -0.00779 -1.82234e-01 | 45 -0.00723 -1.88995e-01
 46 -0.00666 -1.95987e-01 | 47 -0.00607 -2.03190e-01 | 48 -0.00549 -2.10568e-01
 49 -0.00492 -2.18078e-01 | 50 -0.00437 -2.25698e-01 | 51 -0.00386 -2.33450e-01
 52 -0.00340 -2.41408e-01 | 53 -0.00298 -2.49711e-01 | 54 -0.00262 -2.58500e-01
 55 -0.00230 -2.67900e-01 | 56 -0.00201 -2.78061e-01 | 57 -0.00174 -2.89156e-01
 58 -0.00146 -3.01370e-01 | 59 -0.00115 -3.14980e-01 | 60 -0.00077 -3.30295e-01
 61 -0.00030 -3.47710e-01 | 62  0.00031 -3.67599e-01 | 63  0.00108 -3.90419e-01
 64  0.00205 -4.16718e-01 | 65  0.00325 -4.46948e-01 | 66  0.00472 -4.82112e-01
 67  0.00649 -5.22781e-01 | 68  0.00856 -5.69625e-01 | 69  0.01095 -6.23517e-01
 70  0.01365 -6.85215e-01 | 71  0.01663 -7.55562e-01 | 72  0.01982 -8.35164e-01
 73  0.02311 -9.24544e-01 | 74  0.02633 -1.02390e+00 | 75  0.02926 -1.13283e+00
 76  0.03165 -1.25015e+00 | 77  0.03329 -1.37444e+00 | 78  0.03403 -1.50418e+00
 79  0.03387 -1.63830e+00 | 80  0.03290 -1.77694e+00 | 81  0.03127 -1.91989e+00
 82  0.02905 -2.06607e+00 | 83  0.02627 -2.21256e+00 | 84  0.02285 -2.35541e+00
 85  0.01882 -2.49192e+00 | 86  0.01434 -2.62285e+00 | 87  0.00980 -2.75400e+00
 88  0.00568 -2.89380e+00 | 89  0.00241 -3.05100e+00 | 90  0.00021 -3.22762e+00
 91 -0.00102 -3.41865e+00 | 92 -0.00154 -3.61056e+00 | 93 -0.00158 -3.79307e+00
 94 -0.00107 -3.97899e+00 | 95  0.00039 -4.16607e+00 | 96  0.00279 -4.31773e+00
 97  0.00475 -4.44668e+00 | 98  0.00587 -4.66601e+00 | 99  0.00579 -4.96109e+00
100  0.00723 -5.05832e+00 |101  0.00825 -4.93461e+00 |102  0.00748 -4.84985e+00
103  0.00814 -4.57695e+00 |104  0.00509 -4.52874e+00 |105  0.00157 -5.63213e+00
106  0.01572 -5.74138e+00 |107  0.03084 -3.63322e+00 |108  0.01840 -2.80773e+00
109  0.01799 -5.28533e+00 |110  0.05826 -2.20935e+00 |111  0.04555  1.67281e+00
112 -0.01820  5.85960e-01 |113 -0.00418  1.33220e+00 |114  0.02476  2.84819e+00
115  0.02385  1.65360e+00 |116 -0.02349  1.53932e+00 |117 -0.06333  2.48846e+00
118 -0.06245  5.88783e+00 |119 -0.04374  1.00571e+01 |120  0.00551  1.22622e+01
121  0.04261  1.18134e+01 |122  0.01650  8.88574e+00 |123 -0.01328  8.09427e+00
124 -0.01932  7.77272e+00 |125 -0.01749  8.08745e+00 |126  0.01497  1.17585e+01
127  0.02966  6.72399e+00 |128  0.01445  7.08473e+00 |129  0.03939  4.40080e+00
130  0.03420  2.60496e+00 |131  0.01892  1.03043e+00 |132  0.01557 -1.92554e-01
133  0.01267  2.03403e+00 |134  0.01231 -1.19426e+00 |135 -0.00898  8.59406e-01
136 -0.02816  5.18752e-01 |137 -0.03043 -4.43074e-01 |138 -0.01955 -2.99615e-01
139  0.00872 -1.44619e+00 |140  0.04927  6.15185e-01 |141  0.00962  5.15034e-01
142 -0.00409 -5.95408e-01 |143 -0.00163 -3.94403e-02 |144  0.00161  1.26775e-01
145  0.26313  1.29427e+01 |146  0.16660 -2.87135e+00 |

 - final statistics:
146 variables; iteration 31; function evaluation 40
Function value 5.3544e+03; maximum gradient component mag 4.9843e+00
Exit code = 1;  converg criter 1.0000e+01
Var    Value     Gradient |Var    Value     Gradient |Var    Value     Gradient
  1 -0.42416  3.09699e+00 |  2  0.47336 -7.30062e-01 |  3 -0.10118 -1.87384e-01
  4 -0.11540  3.02228e+00 |  5 -0.66470 -2.67622e-01 |  6 -0.60122 -4.45479e+00
  7  0.46864  3.58616e-01 |  8 -0.17231  4.98432e+00 |  9 -0.06377  3.76423e+00
 10 -0.50921  9.99822e-01 | 11 -0.62549  3.71445e+00 | 12 -0.08336  2.35498e+00
 13 -0.00923  1.09303e-01 | 14 -0.00942  1.12002e-01 | 15 -0.00961  1.14697e-01
 16 -0.00979  1.17379e-01 | 17 -0.00997  1.20033e-01 | 18 -0.01014  1.22648e-01
 19 -0.01030  1.25208e-01 | 20 -0.01046  1.27691e-01 | 21 -0.01060  1.30075e-01
 22 -0.01073  1.32331e-01 | 23 -0.01084  1.34427e-01 | 24 -0.01094  1.36323e-01
 25 -0.01103  1.37979e-01 | 26 -0.01109  1.39352e-01 | 27 -0.01114  1.40402e-01
 28 -0.01117  1.41085e-01 | 29 -0.01117  1.41345e-01 | 30 -0.01115  1.41100e-01
 31 -0.01110  1.40252e-01 | 32 -0.01103  1.38696e-01 | 33 -0.01093  1.36322e-01
 34 -0.01080  1.33018e-01 | 35 -0.01063  1.28672e-01 | 36 -0.01044  1.23172e-01
 37 -0.01020  1.16403e-01 | 38 -0.00993  1.08239e-01 | 39 -0.00962  9.85388e-02
 40 -0.00927  8.71526e-02 | 41 -0.00889  7.38999e-02 | 42 -0.00846  5.86095e-02
 43 -0.00801  4.11121e-02 | 44 -0.00753  2.12488e-02 | 45 -0.00702 -1.12881e-03
 46 -0.00651 -2.61601e-02 | 47 -0.00599 -5.39771e-02 | 48 -0.00548 -8.46797e-02
 49 -0.00499 -1.18309e-01 | 50 -0.00453 -1.54807e-01 | 51 -0.00412 -1.93996e-01
 52 -0.00375 -2.35600e-01 | 53 -0.00345 -2.79347e-01 | 54 -0.00320 -3.25006e-01
 55 -0.00300 -3.72374e-01 | 56 -0.00284 -4.21224e-01 | 57 -0.00269 -4.71200e-01
 58 -0.00255 -5.21725e-01 | 59 -0.00236 -5.72172e-01 | 60 -0.00211 -6.21759e-01
 61 -0.00176 -6.69652e-01 | 62 -0.00127 -7.14807e-01 | 63 -0.00060 -7.56152e-01
 64  0.00028 -7.92596e-01 | 65  0.00141 -8.22802e-01 | 66  0.00282 -8.46104e-01
 67  0.00456 -8.61238e-01 | 68  0.00663 -8.67242e-01 | 69  0.00904 -8.63572e-01
 70  0.01180 -8.49787e-01 | 71  0.01487 -8.25720e-01 | 72  0.01817 -7.91189e-01
 73  0.02160 -7.46065e-01 | 74  0.02499 -6.89787e-01 | 75  0.02814 -6.20988e-01
 76  0.03079 -5.38549e-01 | 77  0.03273 -4.43260e-01 | 78  0.03381 -3.37296e-01
 79  0.03400 -2.23572e-01 | 80  0.03339 -1.04633e-01 | 81  0.03213  1.84232e-02
 82  0.03030  1.44939e-01 | 83  0.02791  2.73431e-01 | 84  0.02490  4.00799e-01
 85  0.02124  5.20946e-01 | 86  0.01709  6.23800e-01 | 87  0.01277  6.97808e-01
 88  0.00877  7.35579e-01 | 89  0.00551  7.34083e-01 | 90  0.00320  6.91944e-01
 91  0.00175  6.11209e-01 | 92  0.00088  5.00085e-01 | 93  0.00044  3.71475e-01
 94  0.00055  2.32478e-01 | 95  0.00167  1.12626e-01 | 96  0.00377  6.03056e-02
 97  0.00540 -1.23977e-02 | 98  0.00688 -5.33221e-02 | 99  0.00765 -8.40107e-02
100  0.00938  3.24842e-02 |101  0.00976  6.92529e-02 |102  0.00899  5.74530e-02
103  0.00836  1.16311e-03 |104  0.00286 -6.84812e-01 |105  0.00147 -1.48747e+00
106  0.02122  1.02130e-01 |107  0.03385  1.90225e+00 |108  0.01359 -2.80657e-01
109  0.03499  3.31277e-01 |110  0.05009 -1.98372e+00 |111  0.04101  1.71946e+00
112 -0.01650  4.18845e-01 |113 -0.00393  9.63107e-02 |114  0.02293 -2.07828e-01
115  0.02500 -2.01743e+00 |116 -0.02622 -7.69744e-01 |117 -0.05880  1.71982e+00
118 -0.06479  7.04578e-01 |119 -0.04605  2.24297e+00 |120 -0.01144 -3.11266e+00
121  0.04865  6.26578e-01 |122  0.01443  1.25564e-01 |123 -0.01740  2.32641e-01
124 -0.01835  1.77703e+00 |125 -0.01844  8.09004e-01 |126  0.00202 -1.12061e+00
127  0.02595 -3.35317e+00 |128  0.00279 -1.44737e+00 |129  0.04092  8.43220e-01
130  0.03591  2.03848e+00 |131  0.02186  2.42739e+00 |132  0.02329  2.57451e+00
133  0.01059  2.43927e+00 |134  0.01562  5.46535e-01 |135 -0.00863  1.17330e+00
136 -0.03239 -8.21699e-01 |137 -0.03110 -6.53572e-01 |138 -0.01761  2.45758e-01
139  0.01444 -5.48465e-01 |140  0.03989 -9.98276e-01 |141  0.01183  1.08175e+00
142 -0.00212 -2.19238e-01 |143 -0.00331 -3.22953e-01 |144  0.00183  2.78971e-01
145  0.26034  2.54343e+00 |146  0.16684  2.52542e+00 |

Initial statistics: 176 variables; iteration 0; function evaluation 0; phase 3
Function value 5.3543983e+03; maximum gradient component mag -2.0914e+02
Var    Value     Gradient |Var    Value     Gradient |Var    Value     Gradient
  1 -0.42416  3.09699e+00 |  2  0.47336 -7.30062e-01 |  3 -0.10118 -1.87384e-01
  4 -0.11540  3.02228e+00 |  5 -0.66470 -2.67622e-01 |  6 -0.60122 -4.45479e+00
  7  0.46864  3.58616e-01 |  8 -0.17231  4.98432e+00 |  9 -0.06377  3.76423e+00
 10 -0.50921  9.99822e-01 | 11 -0.62549  3.71445e+00 | 12 -0.08336  2.35498e+00
 13 -0.00923  1.09303e-01 | 14 -0.00942  1.12002e-01 | 15 -0.00961  1.14697e-01
 16 -0.00979  1.17379e-01 | 17 -0.00997  1.20033e-01 | 18 -0.01014  1.22648e-01
 19 -0.01030  1.25208e-01 | 20 -0.01046  1.27691e-01 | 21 -0.01060  1.30075e-01
 22 -0.01073  1.32331e-01 | 23 -0.01084  1.34427e-01 | 24 -0.01094  1.36323e-01
 25 -0.01103  1.37979e-01 | 26 -0.01109  1.39352e-01 | 27 -0.01114  1.40402e-01
 28 -0.01117  1.41085e-01 | 29 -0.01117  1.41345e-01 | 30 -0.01115  1.41100e-01
 31 -0.01110  1.40252e-01 | 32 -0.01103  1.38696e-01 | 33 -0.01093  1.36322e-01
 34 -0.01080  1.33018e-01 | 35 -0.01063  1.28672e-01 | 36 -0.01044  1.23172e-01
 37 -0.01020  1.16403e-01 | 38 -0.00993  1.08239e-01 | 39 -0.00962  9.85388e-02
 40 -0.00927  8.71526e-02 | 41 -0.00889  7.38999e-02 | 42 -0.00846  5.86095e-02
 43 -0.00801  4.11121e-02 | 44 -0.00753  2.12488e-02 | 45 -0.00702 -1.12881e-03
 46 -0.00651 -2.61601e-02 | 47 -0.00599 -5.39771e-02 | 48 -0.00548 -8.46797e-02
 49 -0.00499 -1.18309e-01 | 50 -0.00453 -1.54807e-01 | 51 -0.00412 -1.93996e-01
 52 -0.00375 -2.35600e-01 | 53 -0.00345 -2.79347e-01 | 54 -0.00320 -3.25006e-01
 55 -0.00300 -3.72374e-01 | 56 -0.00284 -4.21224e-01 | 57 -0.00269 -4.71200e-01
 58 -0.00255 -5.21725e-01 | 59 -0.00236 -5.72172e-01 | 60 -0.00211 -6.21759e-01
 61 -0.00176 -6.69652e-01 | 62 -0.00127 -7.14807e-01 | 63 -0.00060 -7.56152e-01
 64  0.00028 -7.92596e-01 | 65  0.00141 -8.22802e-01 | 66  0.00282 -8.46104e-01
 67  0.00456 -8.61238e-01 | 68  0.00663 -8.67242e-01 | 69  0.00904 -8.63572e-01
 70  0.01180 -8.49787e-01 | 71  0.01487 -8.25720e-01 | 72  0.01817 -7.91189e-01
 73  0.02160 -7.46065e-01 | 74  0.02499 -6.89787e-01 | 75  0.02814 -6.20988e-01
 76  0.03079 -5.38549e-01 | 77  0.03273 -4.43260e-01 | 78  0.03381 -3.37296e-01
 79  0.03400 -2.23572e-01 | 80  0.03339 -1.04633e-01 | 81  0.03213  1.84232e-02
 82  0.03030  1.44939e-01 | 83  0.02791  2.73431e-01 | 84  0.02490  4.00799e-01
 85  0.02124  5.20946e-01 | 86  0.01709  6.23800e-01 | 87  0.01277  6.97808e-01
 88  0.00877  7.35579e-01 | 89  0.00551  7.34083e-01 | 90  0.00320  6.91944e-01
 91  0.00175  6.11209e-01 | 92  0.00088  5.00085e-01 | 93  0.00044  3.71475e-01
 94  0.00055  2.32478e-01 | 95  0.00167  1.12626e-01 | 96  0.00377  6.03056e-02
 97  0.00540 -1.23977e-02 | 98  0.00688 -5.33221e-02 | 99  0.00765 -8.40107e-02
100  0.00938  3.24842e-02 |101  0.00976  6.92529e-02 |102  0.00899  5.74530e-02
103  0.00836  1.16311e-03 |104  0.00286 -6.84812e-01 |105  0.00147 -1.48747e+00
106  0.02122  1.02130e-01 |107  0.03385  1.90225e+00 |108  0.01359 -2.80657e-01
109  0.03499  3.31277e-01 |110  0.05009 -1.98372e+00 |111  0.04101  1.71946e+00
112 -0.01650  4.18845e-01 |113 -0.00393  9.63107e-02 |114  0.02293 -2.07828e-01
115  0.02500 -2.01743e+00 |116 -0.02622 -7.69744e-01 |117 -0.05880  1.71982e+00
118 -0.06479  7.04578e-01 |119 -0.04605  2.24297e+00 |120 -0.01144 -3.11266e+00
121  0.04865  6.26578e-01 |122  0.01443  1.25564e-01 |123 -0.01740  2.32641e-01
124 -0.01835  1.77703e+00 |125 -0.01844  8.09004e-01 |126  0.00202 -1.12061e+00
127  0.02595 -3.35317e+00 |128  0.00279 -1.44737e+00 |129  0.04092  8.43220e-01
130  0.03591  2.03848e+00 |131  0.02186  2.42739e+00 |132  0.02329  2.57451e+00
133  0.01059  2.43927e+00 |134  0.01562  5.46535e-01 |135 -0.00863  1.17330e+00
136 -0.03239 -8.21699e-01 |137 -0.03110 -6.53572e-01 |138 -0.01761  2.45758e-01
139  0.01444 -5.48465e-01 |140  0.03989 -9.98276e-01 |141  0.01183  1.08175e+00
142 -0.00212 -2.19238e-01 |143 -0.00331 -3.22953e-01 |144  0.00183  2.78971e-01
145  0.26034  2.54343e+00 |146  0.16684  2.52542e+00 |147  0.04662 -5.30390e+01
148  0.29671  3.65120e+01 |149 -0.47543  4.45792e+00 |150  0.31377 -3.85864e+00
151  0.18255 -7.08290e-01 |152  0.25986 -1.51179e+01 |153  0.17459 -3.08566e+01
154  0.25418  3.08641e+01 |155  0.10351 -6.29863e+00 |156  0.29677  9.51764e+00
157  0.16893 -2.13358e+01 |158  0.24623  3.00812e+01 |159 -0.35197  3.94811e+00
160  0.24281 -1.27101e+01 |161  0.20265 -1.51150e+01 |162  0.31675  1.31414e+01
163 -0.38040  4.91301e+00 |164  0.23607 -1.81574e+01 |165  0.05118 -1.21350e+01
166  0.11969 -5.65193e+01 |167  0.32140  1.32338e+01 |168  0.27252  4.84808e+01
169  0.01343 -2.08449e+01 |170  0.39319  1.74735e+01 |171  0.09932 -2.09135e+02
172  0.16368 -1.85510e+02 |173  0.21870  1.21606e+02 |174  0.25726  1.74830e+02
175 -0.55411 -2.31132e+00 |176  0.17113  2.14770e+00 |

Intermediate statistics: 176 variables; iteration 20; function evaluation 22; phase 3
Function value 5.3517545e+03; maximum gradient component mag -2.1011e+02
Var    Value     Gradient |Var    Value     Gradient |Var    Value     Gradient
  1 -0.42643 -4.16788e+01 |  2  0.51458  5.76294e+01 |  3 -0.08729  1.05183e+02
  4 -0.15770  7.06933e+01 |  5 -0.65807  1.17377e+01 |  6 -0.59501  7.03267e+01
  7  0.49532  3.47873e+01 |  8 -0.16593  1.10671e+02 |  9 -0.09404  4.16423e+01
 10 -0.51430  1.30508e+01 | 11 -0.61903  1.04711e+02 | 12 -0.09718 -4.25656e+00
 13 -0.01024 -2.18413e-01 | 14 -0.01046 -2.25446e-01 | 15 -0.01067 -2.32722e-01
 16 -0.01089 -2.40250e-01 | 17 -0.01109 -2.48049e-01 | 18 -0.01129 -2.56126e-01
 19 -0.01148 -2.64492e-01 | 20 -0.01166 -2.73160e-01 | 21 -0.01183 -2.82143e-01
 22 -0.01199 -2.91455e-01 | 23 -0.01214 -3.01106e-01 | 24 -0.01227 -3.11107e-01
 25 -0.01239 -3.21467e-01 | 26 -0.01248 -3.32195e-01 | 27 -0.01256 -3.43302e-01
 28 -0.01262 -3.54809e-01 | 29 -0.01265 -3.66740e-01 | 30 -0.01266 -3.79113e-01
 31 -0.01264 -3.91942e-01 | 32 -0.01259 -4.05228e-01 | 33 -0.01252 -4.18976e-01
 34 -0.01241 -4.33195e-01 | 35 -0.01227 -4.47898e-01 | 36 -0.01209 -4.63102e-01
 37 -0.01187 -4.78820e-01 | 38 -0.01162 -4.95067e-01 | 39 -0.01132 -5.11837e-01
 40 -0.01097 -5.29065e-01 | 41 -0.01059 -5.46786e-01 | 42 -0.01016 -5.64924e-01
 43 -0.00969 -5.83422e-01 | 44 -0.00919 -6.02229e-01 | 45 -0.00866 -6.21279e-01
 46 -0.00810 -6.40484e-01 | 47 -0.00754 -6.59753e-01 | 48 -0.00697 -6.78959e-01
 49 -0.00641 -6.97976e-01 | 50 -0.00588 -7.16696e-01 | 51 -0.00538 -7.35004e-01
 52 -0.00492 -7.52739e-01 | 53 -0.00451 -7.69723e-01 | 54 -0.00414 -7.85672e-01
 55 -0.00382 -8.00260e-01 | 56 -0.00352 -8.13307e-01 | 57 -0.00323 -8.24810e-01
 58 -0.00293 -8.34793e-01 | 59 -0.00259 -8.43434e-01 | 60 -0.00218 -8.50850e-01
 61 -0.00167 -8.57256e-01 | 62 -0.00102 -8.62753e-01 | 63 -0.00020 -8.67557e-01
 64  0.00083 -8.71994e-01 | 65  0.00210 -8.76196e-01 | 66  0.00363 -8.81093e-01
 67  0.00547 -8.86772e-01 | 68  0.00763 -8.93411e-01 | 69  0.01011 -9.01333e-01
 70  0.01291 -9.10597e-01 | 71  0.01600 -9.21209e-01 | 72  0.01932 -9.32814e-01
 73  0.02274 -9.44863e-01 | 74  0.02611 -9.56434e-01 | 75  0.02922 -9.66033e-01
 76  0.03182 -9.71660e-01 | 77  0.03368 -9.71540e-01 | 78  0.03466 -9.64548e-01
 79  0.03475 -9.50570e-01 | 80  0.03405 -9.30715e-01 | 81  0.03267 -9.06236e-01
 82  0.03071 -8.78183e-01 | 83  0.02817 -8.46956e-01 | 84  0.02497 -8.12725e-01
 85  0.02112 -7.76383e-01 | 86  0.01679 -7.39961e-01 | 87  0.01236 -7.06405e-01
 88  0.00833 -6.78733e-01 | 89  0.00514 -6.60051e-01 | 90  0.00299 -6.52565e-01
 91  0.00179 -6.57827e-01 | 92  0.00127 -6.75778e-01 | 93  0.00118 -7.03976e-01
 94  0.00161 -7.37460e-01 | 95  0.00287 -7.83145e-01 | 96  0.00483 -8.63302e-01
 97  0.00648 -9.72820e-01 | 98  0.00739 -1.03183e+00 | 99  0.00742 -1.11704e+00
100  0.00744 -1.17140e+00 |101  0.00750 -1.35023e+00 |102  0.00639 -1.36034e+00
103  0.00606 -1.31982e+00 |104  0.00530 -1.42788e+00 |105  0.00510 -9.88239e-01
106  0.01454 -4.92261e-01 |107  0.02579 -1.38153e+00 |108  0.01930 -1.34175e+00
109  0.02835  4.97399e-01 |110  0.04719  2.01692e+00 |111  0.05224  1.43046e-01
112 -0.00398 -1.06032e+00 |113 -0.00667  5.25969e-01 |114  0.01515  1.01023e-01
115  0.02469  1.04389e+00 |116 -0.01215  1.74488e+00 |117 -0.05246  2.59639e+00
118 -0.05772  3.57631e+00 |119 -0.05234  3.08498e+00 |120 -0.01690  4.62791e+00
121  0.04397  7.42693e+00 |122  0.03478  4.87085e+00 |123 -0.00794  4.96277e+00
124 -0.01680  5.41310e+00 |125 -0.01164  4.81712e+00 |126  0.00995  5.32399e+00
127  0.04255  6.11195e+00 |128  0.01683  2.87412e+00 |129  0.04091  4.25203e+00
130  0.04231  1.22528e+00 |131  0.01969  1.25128e+00 |132  0.01759  1.87494e+00
133  0.01311  6.29762e-01 |134  0.00717  2.68006e+00 |135  0.00393 -1.07081e+00
136 -0.02519  1.89372e-01 |137 -0.03208  4.97843e-01 |138 -0.02346  1.99182e-01
139  0.00066  1.27383e+00 |140  0.04177  7.56026e-01 |141  0.01358 -1.61254e+00
142 -0.00247 -4.19191e-01 |143 -0.00264 -2.14398e-01 |144  0.00016 -1.03295e-01
145  0.27797  7.92981e+00 |146  0.17955  6.02454e+00 |147  0.05822 -1.55979e+01
148  0.29644 -1.44759e+01 |149 -0.49697 -4.32141e-01 |150  0.33804 -1.84207e+00
151  0.20297  1.73133e+01 |152  0.26558 -2.75002e+01 |153  0.18537 -3.00834e+01
154  0.25771  3.92539e+01 |155  0.12808  1.16670e+00 |156  0.30320  1.26198e+01
157  0.18420  5.67075e+00 |158  0.24931 -2.28284e+00 |159 -0.34693  3.96211e+00
160  0.25384 -8.31007e+00 |161  0.23782  3.20527e+00 |162  0.32264  3.15487e-02
163 -0.37487  3.24838e+00 |164  0.25068 -1.15408e+01 |165  0.05750 -3.10730e+00
166  0.12997 -2.71556e+01 |167  0.31853  2.36632e+00 |168  0.27218  2.07854e+01
169  0.02105 -1.16551e+01 |170  0.37832  5.70102e+00 |171  0.10254 -1.91795e+02
172  0.16805 -2.10109e+02 |173  0.21817  9.24206e+01 |174  0.25612  1.75844e+02
175 -0.54933  2.91593e+00 |176  0.17804 -3.64532e+00 |
176 variables; iteration 40; function evaluation 43; phase 3
Function value 5.3508467e+03; maximum gradient component mag -1.5083e+02
Var    Value     Gradient |Var    Value     Gradient |Var    Value     Gradient
  1 -0.42543 -3.29952e+01 |  2  0.51422  4.88775e+01 |  3 -0.08934  7.60336e+01
  4 -0.15494  5.91663e+01 |  5 -0.66422  6.32127e+00 |  6 -0.59533  4.64750e+01
  7  0.49598  2.91437e+01 |  8 -0.16655  8.27480e+01 |  9 -0.09422  3.33329e+01
 10 -0.51389  9.90165e+00 | 11 -0.61942  7.60988e+01 | 12 -0.09063  4.90536e+00
 13 -0.00987 -2.32828e-02 | 14 -0.01008 -2.52026e-02 | 15 -0.01029 -2.72825e-02
 16 -0.01049 -2.95337e-02 | 17 -0.01069 -3.19711e-02 | 18 -0.01088 -3.46049e-02
 19 -0.01107 -3.74472e-02 | 20 -0.01124 -4.05123e-02 | 21 -0.01141 -4.38153e-02
 22 -0.01156 -4.73726e-02 | 23 -0.01170 -5.12022e-02 | 24 -0.01183 -5.53227e-02
 25 -0.01194 -5.97528e-02 | 26 -0.01203 -6.45079e-02 | 27 -0.01210 -6.96004e-02
 28 -0.01216 -7.50419e-02 | 29 -0.01219 -8.08508e-02 | 30 -0.01219 -8.70545e-02
 31 -0.01217 -9.36890e-02 | 32 -0.01213 -1.00787e-01 | 33 -0.01205 -1.08380e-01
 34 -0.01194 -1.16494e-01 | 35 -0.01181 -1.25146e-01 | 36 -0.01163 -1.34346e-01
 37 -0.01142 -1.44095e-01 | 38 -0.01117 -1.54395e-01 | 39 -0.01088 -1.65244e-01
 40 -0.01054 -1.76618e-01 | 41 -0.01016 -1.88548e-01 | 42 -0.00975 -2.01005e-01
 43 -0.00930 -2.13958e-01 | 44 -0.00881 -2.27356e-01 | 45 -0.00830 -2.41126e-01
 46 -0.00777 -2.55169e-01 | 47 -0.00722 -2.69373e-01 | 48 -0.00668 -2.83588e-01
 49 -0.00615 -2.97638e-01 | 50 -0.00565 -3.11314e-01 | 51 -0.00518 -3.24369e-01
 52 -0.00475 -3.36523e-01 | 53 -0.00437 -3.47508e-01 | 54 -0.00403 -3.57047e-01
 55 -0.00374 -3.64860e-01 | 56 -0.00347 -3.70714e-01 | 57 -0.00322 -3.74401e-01
 58 -0.00295 -3.75674e-01 | 59 -0.00263 -3.74348e-01 | 60 -0.00225 -3.70218e-01
 61 -0.00176 -3.63136e-01 | 62 -0.00112 -3.52925e-01 | 63 -0.00032 -3.39490e-01
 64  0.00070 -3.22808e-01 | 65  0.00196 -3.02857e-01 | 66  0.00350 -2.79917e-01
 67  0.00535 -2.54127e-01 | 68  0.00752 -2.25837e-01 | 69  0.01003 -1.95614e-01
 70  0.01285 -1.64189e-01 | 71  0.01597 -1.32504e-01 | 72  0.01931 -1.01698e-01
 73  0.02276 -7.31475e-02 | 74  0.02615 -4.84955e-02 | 75  0.02927 -2.95538e-02
 76  0.03185 -1.77570e-02 | 77  0.03368 -1.37445e-02 | 78  0.03463 -1.76341e-02
 79  0.03467 -2.95705e-02 | 80  0.03391 -5.04320e-02 | 81  0.03247 -8.16679e-02
 82  0.03044 -1.25134e-01 | 83  0.02780 -1.82462e-01 | 84  0.02448 -2.54792e-01
 85  0.02047 -3.42688e-01 | 86  0.01596 -4.46396e-01 | 87  0.01132 -5.67290e-01
 88  0.00703 -7.08306e-01 | 89  0.00354 -8.72331e-01 | 90  0.00104 -1.05985e+00
 91 -0.00053 -1.26817e+00 | 92 -0.00146 -1.48957e+00 | 93 -0.00194 -1.71328e+00
 94 -0.00189 -1.93099e+00 | 95 -0.00092 -2.13385e+00 | 96  0.00102 -2.30277e+00
 97  0.00304 -2.40427e+00 | 98  0.00433 -2.44694e+00 | 99  0.00532 -2.38497e+00
100  0.00648 -2.22500e+00 |101  0.00711 -2.21257e+00 |102  0.00638 -2.06498e+00
103  0.00628 -1.89073e+00 |104  0.00492 -1.96572e+00 |105  0.00293 -1.87833e+00
106  0.01263 -1.22898e+00 |107  0.02195 -1.50608e+00 |108  0.02482  6.91844e-01
109  0.04091  3.91112e+00 |110  0.02906  2.58925e-01 |111  0.05866  2.97812e+00
112  0.00107  1.79710e+00 |113 -0.00743  2.31349e+00 |114  0.02032  3.23564e+00
115  0.02511  1.39168e+00 |116 -0.01432 -5.51119e-01 |117 -0.05044  1.68280e+00
118 -0.05744  1.96800e+00 |119 -0.05219  1.24543e+00 |120 -0.01314  3.06817e+00
121  0.04309  2.01468e+00 |122  0.03438 -4.72322e-01 |123 -0.00881  1.15135e+00
124 -0.01739  2.36013e+00 |125 -0.01214  2.48459e+00 |126  0.01324  4.59904e+00
127  0.04134  4.68210e+00 |128  0.02249  3.84561e+00 |129  0.03649  3.41472e+00
130  0.04985  2.86742e+00 |131  0.01862  1.30438e+00 |132  0.01296  8.25480e-01
133  0.01494  7.84738e-01 |134  0.00240  1.06812e+00 |135  0.00468 -1.40700e+00
136 -0.02930 -1.22697e+00 |137 -0.03175  5.41660e-01 |138 -0.02000  1.21712e+00
139  0.00136  1.45585e+00 |140  0.03714 -2.02952e-01 |141  0.01797 -6.33076e-01
142 -0.00334 -4.53705e-01 |143 -0.00389 -4.54785e-01 |144  0.00015 -6.70769e-02
145  0.26935  9.35349e+00 |146  0.16281  4.17322e+00 |147  0.05920 -1.17758e+01
148  0.29728 -1.07792e+01 |149 -0.49195 -1.16292e+00 |150  0.56497 -1.50601e-02
151  0.20208  1.26786e+01 |152  0.26556 -2.14416e+01 |153  0.18703 -2.01374e+01
154  0.25757  2.72902e+01 |155  0.11960 -3.34514e+00 |156  0.29979  8.72785e+00
157  0.18169  3.21189e+00 |158  0.24785 -2.73409e+00 |159 -0.34563  4.67042e+00
160  0.25471 -8.18804e+00 |161  0.22901 -2.12261e+00 |162  0.31991 -1.26485e+00
163 -0.38044  1.70470e+00 |164  0.24971 -9.53906e+00 |165  0.05673 -3.86276e+00
166  0.13021 -2.22304e+01 |167  0.31765  2.82796e-01 |168  0.27157  1.28554e+01
169  0.02439 -6.18928e+00 |170  0.37959  4.52023e+00 |171  0.10407 -1.35986e+02
172  0.16959 -1.50830e+02 |173  0.21872  6.75189e+01 |174  0.25609  1.17839e+02
175 -0.50413  5.64225e+00 |176  0.19816 -5.61655e+00 |
176 variables; iteration 60; function evaluation 70; phase 3
Function value 5.3493367e+03; maximum gradient component mag -5.2955e+00
Var    Value     Gradient |Var    Value     Gradient |Var    Value     Gradient
  1 -0.42332  6.08922e-01 |  2  0.51896 -2.18097e+00 |  3 -0.08898 -2.94119e+00
  4 -0.16210 -3.31449e+00 |  5 -0.66128 -4.47301e-01 |  6 -0.59503 -2.17753e+00
  7  0.50591 -1.74762e+00 |  8 -0.16686 -3.14395e+00 |  9 -0.10505 -2.22924e+00
 10 -0.51460 -7.32855e-01 | 11 -0.61987 -3.99856e+00 | 12 -0.10919  4.26462e+00
 13 -0.00985 -5.13245e-03 | 14 -0.01006 -5.18878e-03 | 15 -0.01026 -5.24241e-03
 16 -0.01046 -5.29447e-03 | 17 -0.01065 -5.34647e-03 | 18 -0.01084 -5.40061e-03
 19 -0.01102 -5.45973e-03 | 20 -0.01119 -5.52730e-03 | 21 -0.01135 -5.60764e-03
 22 -0.01149 -5.70582e-03 | 23 -0.01162 -5.82772e-03 | 24 -0.01174 -5.98000e-03
 25 -0.01184 -6.17003e-03 | 26 -0.01193 -6.40572e-03 | 27 -0.01199 -6.69544e-03
 28 -0.01203 -7.04794e-03 | 29 -0.01205 -7.47212e-03 | 30 -0.01205 -7.97681e-03
 31 -0.01202 -8.57061e-03 | 32 -0.01196 -9.26164e-03 | 33 -0.01187 -1.00577e-02
 34 -0.01176 -1.09657e-02 | 35 -0.01160 -1.19906e-02 | 36 -0.01142 -1.31340e-02
 37 -0.01119 -1.43927e-02 | 38 -0.01093 -1.57573e-02 | 39 -0.01062 -1.72115e-02
 40 -0.01027 -1.87299e-02 | 41 -0.00988 -2.02868e-02 | 42 -0.00944 -2.18466e-02
 43 -0.00897 -2.33704e-02 | 44 -0.00847 -2.48153e-02 | 45 -0.00793 -2.61348e-02
 46 -0.00738 -2.72802e-02 | 47 -0.00681 -2.82040e-02 | 48 -0.00625 -2.88566e-02
 49 -0.00569 -2.91876e-02 | 50 -0.00516 -2.91417e-02 | 51 -0.00466 -2.86554e-02
 52 -0.00420 -2.76584e-02 | 53 -0.00380 -2.60895e-02 | 54 -0.00344 -2.38949e-02
 55 -0.00312 -2.10280e-02 | 56 -0.00283 -1.74482e-02 | 57 -0.00255 -1.31113e-02
 58 -0.00226 -7.96368e-03 | 59 -0.00193 -1.97116e-03 | 60 -0.00153  4.88734e-03
 61 -0.00102  1.26004e-02 | 62 -0.00038  2.11301e-02 | 63  0.00044  3.03948e-02
 64  0.00146  4.02831e-02 | 65  0.00273  5.06971e-02 | 66  0.00427  6.15271e-02
 67  0.00611  7.27922e-02 | 68  0.00827  8.46324e-02 | 69  0.01077  9.72874e-02
 70  0.01359  1.11053e-01 | 71  0.01670  1.26082e-01 | 72  0.02004  1.42239e-01
 73  0.02349  1.59065e-01 | 74  0.02690  1.76144e-01 | 75  0.03004  1.93474e-01
 76  0.03267  2.11276e-01 | 77  0.03457  2.29843e-01 | 78  0.03559  2.48896e-01
 79  0.03571  2.67276e-01 | 80  0.03502  2.84157e-01 | 81  0.03364  2.98590e-01
 82  0.03166  3.10146e-01 | 83  0.02907  3.18646e-01 | 84  0.02582  3.24503e-01
 85  0.02190  3.28608e-01 | 86  0.01750  3.31288e-01 | 87  0.01300  3.32224e-01
 88  0.00888  3.31532e-01 | 89  0.00560  3.30321e-01 | 90  0.00334  3.29759e-01
 91  0.00204  3.29819e-01 | 92  0.00140  3.29329e-01 | 93  0.00119  3.26995e-01
 94  0.00146  3.22003e-01 | 95  0.00255  3.15600e-01 | 96  0.00445  3.09258e-01
 97  0.00617  2.96558e-01 | 98  0.00690  2.75397e-01 | 99  0.00688  2.48891e-01
100  0.00644  2.20908e-01 |101  0.00705  1.43037e-01 |102  0.00585  8.88325e-02
103  0.00530  7.88516e-02 |104  0.00600  3.26653e-02 |105  0.00421  9.20304e-02
106  0.00910  7.51668e-02 |107  0.02671 -1.51558e-01 |108  0.02407 -8.80679e-02
109  0.02537  2.61105e-01 |110  0.03589 -4.90693e-01 |111  0.05537 -3.47623e-01
112  0.00188 -4.99646e-01 |113 -0.00921 -5.32010e-01 |114  0.01518 -3.62617e-01
115  0.02308 -3.03231e-01 |116 -0.00969 -2.00774e-01 |117 -0.05175  5.94939e-02
118 -0.05979  3.31765e-02 |119 -0.05131 -2.24919e-02 |120 -0.02012 -2.55674e-01
121  0.03704 -2.19842e-01 |122  0.04432 -2.45659e-01 |123 -0.00958 -9.16616e-02
124 -0.02158  9.04271e-02 |125 -0.01161  7.31194e-02 |126  0.00868 -1.26426e-02
127  0.03848 -8.82004e-02 |128  0.01980 -9.16183e-02 |129  0.03117 -1.12180e-01
130  0.04477 -2.81356e-01 |131  0.01630 -7.17726e-02 |132  0.01013 -1.25085e-01
133  0.01185 -1.33772e-01 |134 -0.00419  1.26285e-01 |135  0.00916 -5.57494e-02
136 -0.02654 -8.99514e-02 |137 -0.03586 -2.12855e-01 |138 -0.02712 -3.99540e-01
139 -0.00671 -3.47626e-02 |140  0.03416 -1.41387e-01 |141  0.01991 -2.83074e-01
142 -0.00223 -6.30218e-02 |143 -0.00350  2.42504e-02 |144 -0.00045  2.78023e-02
145  0.29372  1.53076e-01 |146  0.19091  9.40938e-01 |147  0.06642 -1.21501e+00
148  0.29985  4.17540e-02 |149 -0.49009 -1.13682e-01 |150  0.48850 -8.95972e-02
151  0.20358 -5.31353e-01 |152  0.26581  8.96799e-01 |153  0.19278  9.96247e-01
154  0.25678 -1.47944e+00 |155  0.12518  2.63385e-01 |156  0.29972 -6.21099e-01
157  0.18279 -9.68692e-01 |158  0.24705 -1.00181e+00 |159 -0.34447  7.64062e-01
160  0.26514 -1.26107e+00 |161  0.23768 -1.78689e-01 |162  0.32201  7.66944e-01
163 -0.37435  3.94017e-01 |164  0.26156 -2.33562e+00 |165  0.06005 -2.14605e-01
166  0.13743  4.71593e-01 |167  0.31800  1.62495e-01 |168  0.27299 -5.30729e-01
169  0.02982 -1.54267e-03 |170  0.37751 -1.30117e-01 |171  0.10891  4.02729e+00
172  0.17793  2.22156e+00 |173  0.22003 -2.77491e+00 |174  0.25733 -5.29548e+00
175 -0.53926  1.04709e+00 |176  0.22494 -6.51025e-01 |
Maximum number of function evaluations exceeded

 - final statistics:
176 variables; iteration 79; function evaluation 100
Function value 5.3493e+03; maximum gradient component mag 1.8480e+00
Exit code = 3;  converg criter 1.0000e+00
Var    Value     Gradient |Var    Value     Gradient |Var    Value     Gradient
  1 -0.42345 -6.10333e-01 |  2  0.52390  1.84803e+00 |  3 -0.08804  6.83662e-01
  4 -0.16600  1.45417e+00 |  5 -0.65957  4.29285e-01 |  6 -0.59479  6.67101e-01
  7  0.51281  1.02357e+00 |  8 -0.16618  2.67759e-01 |  9 -0.11022  7.90671e-01
 10 -0.51540  3.41468e-01 | 11 -0.61951  1.24598e+00 | 12 -0.11060 -1.29672e+00
 13 -0.00971  3.80859e-02 | 14 -0.00991  3.91317e-02 | 15 -0.01011  4.01869e-02
 16 -0.01031  4.12480e-02 | 17 -0.01050  4.23120e-02 | 18 -0.01068  4.33719e-02
 19 -0.01085  4.44199e-02 | 20 -0.01102  4.54472e-02 | 21 -0.01118  4.64433e-02
 22 -0.01132  4.73960e-02 | 23 -0.01145  4.82916e-02 | 24 -0.01156  4.91143e-02
 25 -0.01166  4.98470e-02 | 26 -0.01174  5.04703e-02 | 27 -0.01181  5.09630e-02
 28 -0.01185  5.13010e-02 | 29 -0.01187  5.14586e-02 | 30 -0.01186  5.14091e-02
 31 -0.01183  5.11277e-02 | 32 -0.01177  5.05898e-02 | 33 -0.01169  4.97727e-02
 34 -0.01157  4.86564e-02 | 35 -0.01142  4.72247e-02 | 36 -0.01124  4.54685e-02
 37 -0.01102  4.33868e-02 | 38 -0.01075  4.09911e-02 | 39 -0.01045  3.83048e-02
 40 -0.01011  3.53609e-02 | 41 -0.00972  3.22143e-02 | 42 -0.00929  2.89200e-02
 43 -0.00883  2.55409e-02 | 44 -0.00833  2.21416e-02 | 45 -0.00780  1.87822e-02
 46 -0.00725  1.55141e-02 | 47 -0.00669  1.23764e-02 | 48 -0.00613  9.39704e-03
 49 -0.00558  6.59458e-03 | 50 -0.00505  3.98123e-03 | 51 -0.00456  1.56476e-03
 52 -0.00410 -6.49150e-04 | 53 -0.00370 -2.65302e-03 | 54 -0.00334 -4.42861e-03
 55 -0.00303 -5.94534e-03 | 56 -0.00275 -7.16855e-03 | 57 -0.00247 -8.07179e-03
 58 -0.00218 -8.64490e-03 | 59 -0.00185 -8.90447e-03 | 60 -0.00145 -8.89857e-03
 61 -0.00095 -8.71075e-03 | 62 -0.00031 -8.45099e-03 | 63  0.00051 -8.24069e-03
 64  0.00153 -8.20307e-03 | 65  0.00280 -8.48543e-03 | 66  0.00435 -9.41086e-03
 67  0.00619 -1.15665e-02 | 68  0.00835 -1.56635e-02 | 69  0.01084 -2.20058e-02
 70  0.01365 -2.99997e-02 | 71  0.01675 -3.97215e-02 | 72  0.02007 -5.22357e-02
 73  0.02354 -5.90221e-02 | 74  0.02707 -4.25292e-02 | 75  0.03031 -3.68434e-02
 76  0.03253 -1.29244e-01 | 77  0.03373 -2.67085e-01 | 78  0.03496 -2.33590e-01
 79  0.03604 -7.01858e-02 | 80  0.03577  8.06642e-04 | 81  0.03377 -1.13931e-01
 82  0.03113 -2.42966e-01 | 83  0.02856 -2.46950e-01 | 84  0.02561 -1.86411e-01
 85  0.02170 -1.83328e-01 | 86  0.01719 -2.06809e-01 | 87  0.01268 -2.05556e-01
 88  0.00858 -1.98637e-01 | 89  0.00531 -1.93511e-01 | 90  0.00310 -1.83441e-01
 91  0.00188 -1.66584e-01 | 92  0.00136 -1.44089e-01 | 93  0.00129 -1.18324e-01
 94  0.00171 -9.27699e-02 | 95  0.00293 -7.38182e-02 | 96  0.00491 -6.39668e-02
 97  0.00673 -5.11127e-02 | 98  0.00743 -3.08331e-02 | 99  0.00729 -7.37794e-03
100  0.00648  7.24916e-03 |101  0.00741  2.81486e-02 |102  0.00627  4.56863e-02
103  0.00551  6.07888e-02 |104  0.00692  5.44987e-02 |105  0.00425  9.93242e-02
106  0.00654 -1.97668e-02 |107  0.02743 -2.12846e-02 |108  0.02507 -7.33245e-04
109  0.02122 -2.34151e-01 |110  0.03679  2.65538e-02 |111  0.05498  2.14643e-01
112  0.00640  1.98119e-01 |113 -0.00864  2.23562e-01 |114  0.01395  2.00558e-01
115  0.02148  9.05701e-02 |116 -0.00839 -3.27698e-02 |117 -0.05044 -1.85179e-01
118 -0.06028 -6.43530e-02 |119 -0.05234 -2.23387e-01 |120 -0.02208  8.69683e-02
121  0.03244  5.35290e-02 |122  0.04874  1.19995e-01 |123 -0.00849  5.63406e-02
124 -0.02374 -1.01158e-01 |125 -0.01224 -1.79583e-01 |126  0.00794 -1.45198e-01
127  0.03699 -1.55208e-01 |128  0.02011 -6.34945e-02 |129  0.02778 -1.70990e-01
130  0.04694  3.18449e-01 |131  0.01545 -2.30618e-02 |132  0.00918 -1.56225e-02
133  0.01205  3.04415e-02 |134 -0.00704 -3.30547e-02 |135  0.01070 -6.48591e-03
136 -0.02613 -1.76986e-01 |137 -0.03613  2.38448e-02 |138 -0.02709  1.51258e-02
139 -0.00893  3.75428e-02 |140  0.03244  2.98102e-01 |141  0.02258 -9.74136e-02
142 -0.00126 -1.36930e-02 |143 -0.00410  5.27070e-02 |144 -0.00106 -3.67179e-03
145  0.29532 -1.96547e-01 |146  0.19916 -2.17832e-01 |147  0.06762  8.32154e-01
148  0.30018 -6.80218e-02 |149 -0.49121 -8.53831e-04 |150  0.51516 -6.84135e-02
151  0.20404  2.04195e-01 |152  0.26575 -4.28973e-01 |153  0.19322 -3.45924e-01
154  0.25693  2.21535e-01 |155  0.12519 -4.22843e-01 |156  0.29952  3.59172e-02
157  0.18562  3.28481e-01 |158  0.24844  1.96782e-01 |159 -0.34485  1.38077e-01
160  0.27300 -2.83401e-01 |161  0.23926  1.69563e-01 |162  0.32238 -4.30347e-01
163 -0.37211  2.50420e-01 |164  0.27189 -1.38330e-01 |165  0.06046 -3.91816e-02
166  0.13808  2.18474e-01 |167  0.31785 -2.25937e-01 |168  0.27308 -1.34170e-01
169  0.03052  5.99510e-02 |170  0.37742  7.18589e-02 |171  0.10925 -2.50669e-01
172  0.17871  1.08120e+00 |173  0.22019  7.98983e-01 |174  0.25766  1.79973e+00
175 -0.57603  3.47434e-01 |176  0.23697 -5.18460e-01 |

Initial statistics: 200 variables; iteration 0; function evaluation 0; phase 4
Function value 5.3492910e+03; maximum gradient component mag -1.3524e+02
Var    Value     Gradient |Var    Value     Gradient |Var    Value     Gradient
  1 -0.42345 -6.08847e-01 |  2  0.52390  1.83722e+00 |  3 -0.08804  6.94361e-01
  4 -0.16600  1.45386e+00 |  5 -0.65957  4.29306e-01 |  6 -0.59479  6.74175e-01
  7  0.51281  1.01903e+00 |  8 -0.16618  2.91940e-01 |  9 -0.11022  7.96395e-01
 10 -0.51540  3.43542e-01 | 11 -0.61951  1.25083e+00 | 12 -0.11060 -1.26109e+00
 13 -0.00971  3.75864e-02 | 14 -0.00991  3.86403e-02 | 15 -0.01011  3.97037e-02
 16 -0.01031  4.07725e-02 | 17 -0.01050  4.18437e-02 | 18 -0.01068  4.29096e-02
 19 -0.01085  4.39622e-02 | 20 -0.01102  4.49924e-02 | 21 -0.01118  4.59892e-02
 22 -0.01132  4.69401e-02 | 23 -0.01145  4.78310e-02 | 24 -0.01156  4.86461e-02
 25 -0.01166  4.93678e-02 | 26 -0.01174  4.99769e-02 | 27 -0.01181  5.04521e-02
 28 -0.01185  5.07698e-02 | 29 -0.01187  5.09044e-02 | 30 -0.01186  5.08298e-02
 31 -0.01183  5.05216e-02 | 32 -0.01177  4.99558e-02 | 33 -0.01169  4.91110e-02
 34 -0.01157  4.79683e-02 | 35 -0.01142  4.65134e-02 | 36 -0.01124  4.47391e-02
 37 -0.01102  4.26466e-02 | 38 -0.01075  4.02488e-02 | 39 -0.01045  3.75702e-02
 40 -0.01011  3.46445e-02 | 41 -0.00972  3.15250e-02 | 42 -0.00929  2.82651e-02
 43 -0.00883  2.49248e-02 | 44 -0.00833  2.15653e-02 | 45 -0.00780  1.82427e-02
 46 -0.00725  1.50046e-02 | 47 -0.00669  1.18877e-02 | 48 -0.00613  8.91798e-03
 49 -0.00558  6.11405e-03 | 50 -0.00505  3.48979e-03 | 51 -0.00456  1.05648e-03
 52 -0.00410 -1.17541e-03 | 53 -0.00370 -3.19427e-03 | 54 -0.00334 -4.97967e-03
 55 -0.00303 -6.50121e-03 | 56 -0.00275 -7.72583e-03 | 57 -0.00247 -8.62832e-03
 58 -0.00218 -9.19809e-03 | 59 -0.00185 -9.45177e-03 | 60 -0.00145 -9.43768e-03
 61 -0.00095 -9.24292e-03 | 62 -0.00031 -8.98559e-03 | 63  0.00051 -8.80509e-03
 64  0.00153 -8.85111e-03 | 65  0.00280 -9.29034e-03 | 66  0.00435 -1.04266e-02
 67  0.00619 -1.27370e-02 | 68  0.00835 -1.67737e-02 | 69  0.01084 -2.27734e-02
 70  0.01365 -3.02816e-02 | 71  0.01675 -3.93964e-02 | 72  0.02007 -5.10922e-02
 73  0.02354 -5.81627e-02 | 74  0.02707 -4.40613e-02 | 75  0.03031 -3.79235e-02
 76  0.03253 -1.24968e-01 | 77  0.03373 -2.60789e-01 | 78  0.03496 -2.29612e-01
 79  0.03604 -6.72263e-02 | 80  0.03577  2.11983e-03 | 81  0.03377 -1.12506e-01
 82  0.03113 -2.36505e-01 | 83  0.02856 -2.38713e-01 | 84  0.02561 -1.83815e-01
 85  0.02170 -1.82650e-01 | 86  0.01719 -2.03224e-01 | 87  0.01268 -2.02264e-01
 88  0.00858 -1.96484e-01 | 89  0.00531 -1.91634e-01 | 90  0.00310 -1.82178e-01
 91  0.00188 -1.66514e-01 | 92  0.00136 -1.45465e-01 | 93  0.00129 -1.20953e-01
 94  0.00171 -9.58735e-02 | 95  0.00293 -7.55161e-02 | 96  0.00491 -6.22500e-02
 97  0.00673 -4.69637e-02 | 98  0.00743 -2.67860e-02 | 99  0.00729 -5.79438e-03
100  0.00648  5.32807e-03 |101  0.00741  2.31170e-02 |102  0.00627  3.79669e-02
103  0.00551  5.46614e-02 |104  0.00692  6.12015e-02 |105  0.00425  9.90641e-02
106  0.00654 -2.16136e-02 |107  0.02743 -1.45266e-02 |108  0.02507 -1.78445e-03
109  0.02122 -2.31631e-01 |110  0.03679  2.83325e-02 |111  0.05498  2.06247e-01
112  0.00640  1.98603e-01 |113 -0.00864  2.20966e-01 |114  0.01395  2.06809e-01
115  0.02148  8.17243e-02 |116 -0.00839 -2.73957e-02 |117 -0.05044 -1.72398e-01
118 -0.06028 -7.26281e-02 |119 -0.05234 -2.14175e-01 |120 -0.02208  8.45748e-02
121  0.03244  5.38571e-02 |122  0.04874  1.13310e-01 |123 -0.00849  5.57212e-02
124 -0.02374 -1.04972e-01 |125 -0.01224 -1.74379e-01 |126  0.00794 -1.47454e-01
127  0.03699 -1.52326e-01 |128  0.02011 -6.34151e-02 |129  0.02778 -1.67524e-01
130  0.04694  3.14748e-01 |131  0.01545 -3.19218e-02 |132  0.00918 -6.76974e-03
133  0.01205  2.78277e-02 |134 -0.00704 -2.54329e-02 |135  0.01070 -1.70385e-03
136 -0.02613 -1.80833e-01 |137 -0.03613  2.22911e-02 |138 -0.02709  2.13660e-02
139 -0.00893  3.85819e-02 |140  0.03244  2.93636e-01 |141  0.02258 -1.01942e-01
142 -0.00126 -1.44645e-02 |143 -0.00410  4.94769e-02 |144 -0.00106 -1.48351e-03
145  0.29532 -1.87936e-01 |146  0.19916 -2.01431e-01 |147  0.06762  8.32360e-01
148  0.30018 -6.90621e-02 |149  0.01638 -3.20686e+00 |150 -0.11477  8.55305e+00
151 -0.49121 -1.48768e-02 |152  0.51516 -6.74465e-02 |153  0.04878 -5.56351e+00
154 -0.23502 -4.49160e+00 |155  0.20404  2.02180e-01 |156  0.26575 -4.31401e-01
157  0.19322 -3.43861e-01 |158  0.25693  2.24417e-01 |159  0.00587  4.04731e+00
160 -0.09827  7.60294e+00 |161  0.12519 -4.25581e-01 |162  0.29952  3.39632e-02
163  0.18562  3.23749e-01 |164  0.24844  1.92178e-01 |165 -0.34485  1.25777e-01
166  0.27300 -2.70052e-01 |167  0.05275  1.09285e+01 |168 -0.18762 -8.44452e+01
169  0.23926  1.65606e-01 |170  0.32238 -4.31284e-01 |171  0.07774  1.27478e+01
172 -0.53183 -7.23200e-04 |173 -0.37211  2.40784e-01 |174  0.27189 -1.16073e-01
175  0.07820  3.21064e+01 |176 -0.12196 -1.35239e+02 |177  0.06046 -3.09006e-02
178  0.13808  2.13704e-01 |179  0.31785 -2.24099e-01 |180  0.27308 -1.29043e-01
181  0.00546  6.22394e-02 |182  0.00907 -5.29710e+00 |183 -0.15012 -1.88629e+01
184 -0.12571 -8.23487e+00 |185  0.03052  6.18114e-02 |186  0.37742  6.89171e-02
187  0.01863  2.41306e+00 |188 -0.15435 -3.33011e+00 |189  0.10925 -2.78924e-01
190  0.17871  1.04633e+00 |191  0.22019  7.98606e-01 |192  0.25766  1.78533e+00
193  0.02453 -1.70027e+01 |194 -0.00648 -1.98736e+01 |195 -0.17628  2.22431e+00
196 -0.11429 -3.37613e+01 |197 -0.57603  3.39038e-01 |198  0.23697 -5.12957e-01
199  0.09511 -1.52170e+01 |200 -0.25343 -4.33962e+00 |

Intermediate statistics: 200 variables; iteration 20; function evaluation 22; phase 4
Function value 5.3474960e+03; maximum gradient component mag -1.1147e+02
Var    Value     Gradient |Var    Value     Gradient |Var    Value     Gradient
  1 -0.42199  4.78028e+01 |  2  0.53166  1.70596e+01 |  3 -0.08554  2.67430e+01
  4 -0.17794  3.27603e+01 |  5 -0.65088  7.30213e+00 |  6 -0.59160  3.77507e+01
  7  0.52620 -5.33743e+00 |  8 -0.16446 -1.59438e+01 |  9 -0.12861 -7.32350e+00
 10 -0.51081 -2.96503e-01 | 11 -0.61825 -9.39810e+00 | 12 -0.12815 -9.72442e+01
 13 -0.01014 -2.24527e-01 | 14 -0.01036 -2.31207e-01 | 15 -0.01057 -2.38092e-01
 16 -0.01078 -2.45190e-01 | 17 -0.01098 -2.52520e-01 | 18 -0.01118 -2.60084e-01
 19 -0.01137 -2.67892e-01 | 20 -0.01155 -2.75955e-01 | 21 -0.01172 -2.84289e-01
 22 -0.01187 -2.92909e-01 | 23 -0.01202 -3.01833e-01 | 24 -0.01215 -3.11079e-01
 25 -0.01226 -3.20664e-01 | 26 -0.01236 -3.30605e-01 | 27 -0.01244 -3.40917e-01
 28 -0.01249 -3.51618e-01 | 29 -0.01253 -3.62733e-01 | 30 -0.01253 -3.74295e-01
 31 -0.01252 -3.86351e-01 | 32 -0.01248 -3.98944e-01 | 33 -0.01240 -4.12121e-01
 34 -0.01230 -4.25922e-01 | 35 -0.01217 -4.40390e-01 | 36 -0.01200 -4.55563e-01
 37 -0.01179 -4.71484e-01 | 38 -0.01154 -4.88208e-01 | 39 -0.01125 -5.05801e-01
 40 -0.01091 -5.24285e-01 | 41 -0.01054 -5.43856e-01 | 42 -0.01012 -5.64584e-01
 43 -0.00967 -5.86574e-01 | 44 -0.00919 -6.09935e-01 | 45 -0.00868 -6.34753e-01
 46 -0.00815 -6.61098e-01 | 47 -0.00761 -6.89051e-01 | 48 -0.00707 -7.18642e-01
 49 -0.00654 -7.49893e-01 | 50 -0.00603 -7.82804e-01 | 51 -0.00556 -8.17331e-01
 52 -0.00514 -8.53374e-01 | 53 -0.00476 -8.90917e-01 | 54 -0.00443 -9.29943e-01
 55 -0.00415 -9.70453e-01 | 56 -0.00390 -1.01261e+00 | 57 -0.00366 -1.05669e+00
 58 -0.00340 -1.10285e+00 | 59 -0.00311 -1.15149e+00 | 60 -0.00274 -1.20290e+00
 61 -0.00227 -1.25754e+00 | 62 -0.00166 -1.31560e+00 | 63 -0.00087 -1.37750e+00
 64  0.00013 -1.44385e+00 | 65  0.00138 -1.51477e+00 | 66  0.00291 -1.59238e+00
 67  0.00475 -1.67681e+00 | 68  0.00691 -1.76854e+00 | 69  0.00942 -1.86867e+00
 70  0.01225 -1.97790e+00 | 71  0.01539 -2.09685e+00 | 72  0.01877 -2.22502e+00
 73  0.02227 -2.36266e+00 | 74  0.02572 -2.50946e+00 | 75  0.02893 -2.65711e+00
 76  0.03170 -2.79270e+00 | 77  0.03376 -2.91729e+00 | 78  0.03488 -3.04066e+00
 79  0.03503 -3.15438e+00 | 80  0.03442 -3.24471e+00 | 81  0.03321 -3.30504e+00
 82  0.03141 -3.34668e+00 | 83  0.02893 -3.38134e+00 | 84  0.02572 -3.40359e+00
 85  0.02185 -3.39950e+00 | 86  0.01749 -3.37529e+00 | 87  0.01297 -3.34879e+00
 88  0.00880 -3.33031e+00 | 89  0.00542 -3.33157e+00 | 90  0.00303 -3.35895e+00
 91  0.00156 -3.41248e+00 | 92  0.00073 -3.48204e+00 | 93  0.00033 -3.55480e+00
 94  0.00043 -3.62106e+00 | 95  0.00140 -3.67395e+00 | 96  0.00323 -3.70196e+00
 97  0.00503 -3.67486e+00 | 98  0.00582 -3.53647e+00 | 99  0.00575 -3.30360e+00
100  0.00490 -3.00189e+00 |101  0.00552 -2.75719e+00 |102  0.00399 -2.43052e+00
103  0.00279 -2.08129e+00 |104  0.00377 -1.85006e+00 |105  0.00116 -1.35292e+00
106  0.00381 -6.55711e-01 |107  0.02284 -5.34540e-01 |108  0.02229 -1.59238e-01
109  0.02152  2.15790e-01 |110  0.03143  7.19103e-01 |111  0.04959  1.01560e+00
112  0.00786 -6.91061e-01 |113 -0.01037  5.19338e-01 |114  0.01136  1.00252e+00
115  0.01861  1.26590e+00 |116 -0.01097  3.63307e-01 |117 -0.04969  1.78107e-01
118 -0.06018  1.38622e+00 |119 -0.05205  1.99998e+00 |120 -0.02276  3.83051e+00
121  0.03237  7.07447e+00 |122  0.05082  5.15549e+00 |123 -0.00509  3.43745e+00
124 -0.02246  3.59205e+00 |125 -0.01077  2.98136e+00 |126  0.01099  3.38184e+00
127  0.04147  4.06751e+00 |128  0.02547  3.23924e+00 |129  0.03465  3.81431e+00
130  0.05417  3.87265e+00 |131  0.02365  2.95255e+00 |132  0.01776  3.09298e+00
133  0.02152  3.25367e+00 |134  0.00184  2.98518e+00 |135  0.02160  2.70252e+00
136 -0.01628  1.60418e+00 |137 -0.02919  1.62277e+00 |138 -0.02074  1.67290e+00
139 -0.00300  1.92325e+00 |140  0.03794  2.62980e+00 |141  0.03086  1.16829e+00
142  0.00374  5.80650e-01 |143 -0.00152  6.39649e-01 |144 -0.00006  3.02966e-01
145  0.28898 -3.66618e+01 |146  0.21238 -5.70121e-01 |147  0.07391 -8.21235e+00
148  0.30031  1.98467e+01 |149  0.01770  4.97737e-01 |150 -0.11372  4.00923e+00
151 -0.50225  3.99854e-01 |152  0.51578 -8.06853e-02 |153  0.05260 -1.71562e+00
154 -0.21460  2.14306e+00 |155  0.20888 -1.21926e+01 |156  0.26456  1.75697e+01
157  0.20828 -1.21151e+00 |158  0.26222  8.31020e+00 |159 -0.00800  4.87550e-02
160 -0.09678  3.24874e+00 |161  0.13614 -1.33433e+00 |162  0.30019  4.84631e+00
163  0.19240  1.76076e+00 |164  0.24914 -3.11698e+00 |165 -0.32396 -6.78710e+00
166  0.30224  6.42413e-01 |167  0.04549 -2.07811e+01 |168 -0.17560 -1.11474e+02
169  0.25560  3.30807e+00 |170  0.32434 -3.77888e+00 |171  0.07715  2.61070e+01
172 -0.53181 -3.84979e-04 |173 -0.33901 -5.21167e+00 |174  0.30866  3.85319e+00
175  0.05881  9.77994e-01 |176 -0.11260 -1.04156e+02 |177  0.06748  6.03586e-01
178  0.13860  8.97749e-01 |179  0.32042  3.56250e+00 |180  0.27145 -2.08588e+00
181 -0.00129  2.63711e+00 |182  0.01307  1.19124e+00 |183 -0.13879 -9.28041e+00
184 -0.12426 -1.94684e+00 |185  0.04128  1.92772e+00 |186  0.37599  6.03478e-01
187  0.01084  1.32633e+00 |188 -0.14839  1.58355e-01 |189  0.11031 -2.52385e+01
190  0.18029  2.36081e+01 |191  0.21886 -1.69381e+01 |192  0.25567 -4.08617e+01
193  0.02407 -6.72515e+01 |194 -0.00026 -1.39750e+00 |195 -0.17578 -2.34388e+01
196 -0.11375 -4.19647e+01 |197 -0.58839  1.22962e+00 |198  0.24387 -1.03174e+00
199  0.09538 -5.96434e+00 |200 -0.23972 -6.07853e-01 |
200 variables; iteration 40; function evaluation 42; phase 4
Function value 5.3468681e+03; maximum gradient component mag -1.0152e+02
Var    Value     Gradient |Var    Value     Gradient |Var    Value     Gradient
  1 -0.42288  2.85866e+01 |  2  0.54185  4.15556e+01 |  3 -0.08265  3.73779e+01
  4 -0.18530  4.81443e+01 |  5 -0.65040  5.93070e+00 |  6 -0.59159  3.71316e+01
  7  0.53788  1.38926e+01 |  8 -0.16217  1.33955e+01 |  9 -0.13522  1.30515e+01
 10 -0.51714 -2.15946e+00 | 11 -0.61867 -2.27949e+01 | 12 -0.12817 -7.67220e+01
 13 -0.00984 -1.52545e-01 | 14 -0.01005 -1.57423e-01 | 15 -0.01026 -1.62489e-01
 16 -0.01046 -1.67755e-01 | 17 -0.01065 -1.73230e-01 | 18 -0.01084 -1.78926e-01
 19 -0.01103 -1.84858e-01 | 20 -0.01120 -1.91039e-01 | 21 -0.01136 -1.97484e-01
 22 -0.01151 -2.04211e-01 | 23 -0.01165 -2.11238e-01 | 24 -0.01178 -2.18586e-01
 25 -0.01188 -2.26279e-01 | 26 -0.01197 -2.34342e-01 | 27 -0.01205 -2.42801e-01
 28 -0.01210 -2.51681e-01 | 29 -0.01212 -2.61013e-01 | 30 -0.01213 -2.70827e-01
 31 -0.01211 -2.81159e-01 | 32 -0.01206 -2.92049e-01 | 33 -0.01199 -3.03538e-01
 34 -0.01189 -3.15670e-01 | 35 -0.01175 -3.28485e-01 | 36 -0.01158 -3.42014e-01
 37 -0.01137 -3.56281e-01 | 38 -0.01112 -3.71300e-01 | 39 -0.01083 -3.87077e-01
 40 -0.01050 -4.03595e-01 | 41 -0.01013 -4.20894e-01 | 42 -0.00972 -4.38972e-01
 43 -0.00927 -4.57843e-01 | 44 -0.00879 -4.77519e-01 | 45 -0.00828 -4.97998e-01
 46 -0.00775 -5.19262e-01 | 47 -0.00721 -5.41287e-01 | 48 -0.00666 -5.64006e-01
 49 -0.00613 -5.87328e-01 | 50 -0.00563 -6.11129e-01 | 51 -0.00515 -6.35231e-01
 52 -0.00472 -6.59401e-01 | 53 -0.00434 -6.83460e-01 | 54 -0.00400 -7.07238e-01
 55 -0.00370 -7.30601e-01 | 56 -0.00343 -7.53574e-01 | 57 -0.00317 -7.76286e-01
 58 -0.00290 -7.98791e-01 | 59 -0.00258 -8.21325e-01 | 60 -0.00218 -8.44046e-01
 61 -0.00168 -8.67263e-01 | 62 -0.00103 -8.91104e-01 | 63 -0.00021 -9.15863e-01
 64  0.00083 -9.41980e-01 | 65  0.00212 -9.69490e-01 | 66  0.00369 -1.00007e+00
 67  0.00558 -1.03402e+00 | 68  0.00779 -1.07196e+00 | 69  0.01034 -1.11480e+00
 70  0.01323 -1.16263e+00 | 71  0.01642 -1.21601e+00 | 72  0.01985 -1.27560e+00
 73  0.02342 -1.33628e+00 | 74  0.02705 -1.38592e+00 | 75  0.03040 -1.44360e+00
 76  0.03289 -1.56397e+00 | 77  0.03443 -1.71078e+00 | 78  0.03575 -1.74039e+00
 79  0.03667 -1.67866e+00 | 80  0.03638 -1.66939e+00 | 81  0.03465 -1.77157e+00
 82  0.03228 -1.87464e+00 | 83  0.02975 -1.89049e+00 | 84  0.02675 -1.85790e+00
 85  0.02284 -1.85198e+00 | 86  0.01832 -1.85390e+00 | 87  0.01375 -1.83951e+00
 88  0.00956 -1.82738e+00 | 89  0.00616 -1.82851e+00 | 90  0.00379 -1.84164e+00
 91  0.00237 -1.86542e+00 | 92  0.00164 -1.89538e+00 | 93  0.00134 -1.92753e+00
 94  0.00154 -1.96076e+00 | 95  0.00252 -1.99665e+00 | 96  0.00433 -2.03377e+00
 97  0.00611 -2.05350e+00 | 98  0.00668 -2.01953e+00 | 99  0.00626 -1.93212e+00
100  0.00500 -1.78097e+00 |101  0.00565 -1.60933e+00 |102  0.00422 -1.35000e+00
103  0.00306 -1.05380e+00 |104  0.00529 -7.71612e-01 |105  0.00187 -3.95148e-01
106  0.00165  6.59515e-03 |107  0.02235  4.33143e-01 |108  0.02263  5.14340e-01
109  0.02363  5.59609e-01 |110  0.03005  1.32373e+00 |111  0.04277  4.88521e-01
112  0.02078 -8.15171e-01 |113 -0.01147 -9.93443e-02 |114  0.00854 -1.19417e-01
115  0.01493 -4.57864e-01 |116 -0.00998 -5.00556e-01 |117 -0.04570 -7.31458e-01
118 -0.06006  2.40771e-01 |119 -0.05425  2.71949e-01 |120 -0.02729  9.35502e-01
121  0.01953  1.01741e+00 |122  0.05504 -5.84783e-01 |123 -0.00396 -1.54582e-01
124 -0.02498  1.46938e+00 |125 -0.01176  1.81296e+00 |126  0.01018  2.71779e+00
127  0.03935  3.78334e+00 |128  0.02518  2.99553e+00 |129  0.02944  3.28990e+00
130  0.05073  3.21295e+00 |131  0.02042  1.94987e+00 |132  0.01294  1.79452e+00
133  0.01724  1.63365e+00 |134 -0.00319  1.56894e+00 |135  0.01836  4.50675e-01
136 -0.01810 -2.35799e-01 |137 -0.03397  1.91476e-01 |138 -0.02654  2.73553e-01
139 -0.00951  6.35695e-01 |140  0.02640  6.54529e-01 |141  0.03285 -5.86940e-01
142  0.00369 -6.29907e-01 |143 -0.00463 -2.62902e-01 |144 -0.00191 -1.57274e-01
145  0.28355 -3.50709e+01 |146  0.21762 -1.42325e+00 |147  0.07429 -7.25576e+00
148  0.30076  2.17088e+01 |149  0.01769 -3.05880e-01 |150 -0.11532  5.86183e-01
151 -0.53920  5.04880e-01 |152  0.51928 -6.99530e-02 |153  0.06369 -2.33896e-01
154 -0.22530 -6.97539e-01 |155  0.21131 -1.18728e+01 |156  0.26675  3.22252e+01
157  0.20314 -6.20473e+00 |158  0.25990  1.00862e+01 |159 -0.00077  5.20839e-01
160 -0.09964 -5.02383e+00 |161  0.13457  4.79604e+00 |162  0.29929 -1.03806e+01
163  0.19243  7.72266e+00 |164  0.24898 -1.19310e+01 |165 -0.29623 -1.31961e+00
166  0.35540 -4.21931e-01 |167  0.04066 -1.03211e+01 |168 -0.17414 -1.01523e+02
169  0.26670  2.24940e+00 |170  0.32653 -8.10489e+00 |171  0.07440  6.78135e+00
172 -0.53170 -2.10288e-03 |173 -0.27292  1.19644e+00 |174  0.42374  7.90522e-01
175  0.05013  8.65867e+00 |176 -0.10708 -6.19839e+01 |177  0.07114  5.13597e+00
178  0.13947 -2.27593e+01 |179  0.31783 -1.57283e+01 |180  0.27409  3.21716e+01
181 -0.00921  8.24780e-01 |182  0.01097 -1.33657e+01 |183 -0.13722 -2.80689e-01
184 -0.12657 -2.75120e+01 |185  0.03594  2.15037e+00 |186  0.37274 -5.20030e+00
187  0.01506  3.30117e+00 |188 -0.14842  2.23341e+00 |189  0.11086 -2.74507e+01
190  0.18139  3.70218e+01 |191  0.21970 -4.26892e+00 |192  0.25640 -3.87009e+01
193  0.02389 -6.35447e+01 |194 -0.00011  1.42384e+00 |195 -0.17596 -1.86715e+01
196 -0.11498 -4.70710e+01 |197 -0.66230  1.38126e+00 |198  0.28024 -4.84067e-01
199  0.10166  1.46168e-01 |200 -0.25138 -1.90395e+00 |
200 variables; iteration 60; function evaluation 63; phase 4
Function value 5.3460435e+03; maximum gradient component mag -3.4620e+01
Var    Value     Gradient |Var    Value     Gradient |Var    Value     Gradient
  1 -0.42232  6.64663e+00 |  2  0.54270  1.16190e+01 |  3 -0.08212  7.97387e+00
  4 -0.18936  6.83318e+00 |  5 -0.64706  1.63451e+00 |  6 -0.59179  8.61295e+00
  7  0.53709 -1.12733e-01 |  8 -0.16309  2.91881e+00 |  9 -0.13736  2.50955e+00
 10 -0.51383  9.70884e-01 | 11 -0.61739 -4.09491e+00 | 12 -0.13247 -1.60864e+01
 13 -0.00985  4.26116e-03 | 14 -0.01006  2.98527e-03 | 15 -0.01027  1.54592e-03
 16 -0.01047 -6.65288e-05 | 17 -0.01067 -1.85266e-03 | 18 -0.01087 -3.82622e-03
 19 -0.01106 -5.99628e-03 | 20 -0.01123 -8.36861e-03 | 21 -0.01140 -1.09497e-02
 22 -0.01156 -1.37462e-02 | 23 -0.01170 -1.67658e-02 | 24 -0.01183 -2.00182e-02
 25 -0.01195 -2.35151e-02 | 26 -0.01205 -2.72686e-02 | 27 -0.01213 -3.12890e-02
 28 -0.01218 -3.55840e-02 | 29 -0.01222 -4.01591e-02 | 30 -0.01223 -4.50231e-02
 31 -0.01222 -5.01860e-02 | 32 -0.01218 -5.56696e-02 | 33 -0.01211 -6.15020e-02
 34 -0.01202 -6.77164e-02 | 35 -0.01189 -7.43450e-02 | 36 -0.01172 -8.14137e-02
 37 -0.01152 -8.89387e-02 | 38 -0.01128 -9.69242e-02 | 39 -0.01099 -1.05369e-01
 40 -0.01067 -1.14281e-01 | 41 -0.01030 -1.23648e-01 | 42 -0.00990 -1.33493e-01
 43 -0.00945 -1.43843e-01 | 44 -0.00898 -1.54728e-01 | 45 -0.00847 -1.66174e-01
 46 -0.00795 -1.78192e-01 | 47 -0.00741 -1.90780e-01 | 48 -0.00687 -2.03915e-01
 49 -0.00634 -2.17551e-01 | 50 -0.00584 -2.31620e-01 | 51 -0.00537 -2.46030e-01
 52 -0.00494 -2.60660e-01 | 53 -0.00455 -2.75420e-01 | 54 -0.00422 -2.90239e-01
 55 -0.00392 -3.05083e-01 | 56 -0.00366 -3.20004e-01 | 57 -0.00340 -3.35111e-01
 58 -0.00313 -3.50478e-01 | 59 -0.00282 -3.66266e-01 | 60 -0.00243 -3.82606e-01
 61 -0.00194 -3.99700e-01 | 62 -0.00130 -4.17652e-01 | 63 -0.00050 -4.36623e-01
 64  0.00052 -4.56812e-01 | 65  0.00179 -4.78268e-01 | 66  0.00334 -5.01534e-01
 67  0.00519 -5.26432e-01 | 68  0.00737 -5.52671e-01 | 69  0.00989 -5.79841e-01
 70  0.01274 -6.08300e-01 | 71  0.01589 -6.37909e-01 | 72  0.01929 -6.65936e-01
 73  0.02273 -7.12743e-01 | 74  0.02566 -8.45938e-01 | 75  0.02839 -9.63525e-01
 76  0.03284 -6.76762e-01 | 77  0.03802 -1.49326e-01 | 78  0.03819 -3.32351e-01
 79  0.03405 -1.08067e+00 | 80  0.03155 -1.40988e+00 | 81  0.03308 -9.10454e-01
 82  0.03414 -3.69050e-01 | 83  0.03146 -3.63139e-01 | 84  0.02683 -5.87137e-01
 85  0.02279 -5.75396e-01 | 86  0.01858 -4.88485e-01 | 87  0.01393 -4.62923e-01
 88  0.00970 -4.28626e-01 | 89  0.00637 -3.76541e-01 | 90  0.00409 -3.21620e-01
 91  0.00277 -2.68999e-01 | 92  0.00214 -2.21236e-01 | 93  0.00195 -1.81318e-01
 94  0.00225 -1.56430e-01 | 95  0.00330 -1.54433e-01 | 96  0.00518 -1.71686e-01
 97  0.00708 -1.95338e-01 | 98  0.00760 -2.66516e-01 | 99  0.00677 -4.12973e-01
100  0.00487 -5.99329e-01 |101  0.00518 -7.60534e-01 |102  0.00314 -9.35923e-01
103  0.00151 -1.07401e+00 |104  0.00382 -1.14171e+00 |105  0.00116 -9.19643e-01
106  0.00137 -6.48027e-01 |107  0.01882 -1.27289e+00 |108  0.02279 -3.04429e-01
109  0.02779  9.78084e-01 |110  0.02832 -1.95058e-02 |111  0.03725 -1.12561e+00
112  0.02457  8.34335e-02 |113 -0.01301 -4.45552e-01 |114  0.00655 -7.28209e-02
115  0.01871  1.46498e+00 |116 -0.01217  9.19258e-02 |117 -0.04503  1.36864e-02
118 -0.06338 -1.11067e+00 |119 -0.05032  1.92555e+00 |120 -0.03039  1.98015e-01
121  0.02315  2.49721e+00 |122  0.05413  8.24928e-01 |123  0.00068  1.59988e+00
124 -0.02652  6.05978e-01 |125 -0.01430  3.38729e-01 |126  0.01040  1.38075e+00
127  0.04066  2.30319e+00 |128  0.03095  2.54193e+00 |129  0.03103  1.53791e+00
130  0.05109  9.77792e-01 |131  0.02102  3.87949e-01 |132  0.00853 -6.73871e-01
133  0.01429 -4.15892e-01 |134 -0.00337  5.05850e-01 |135  0.01992  6.39181e-02
136 -0.01491  2.30623e-01 |137 -0.03025  8.00837e-01 |138 -0.02281  8.56704e-01
139 -0.00467  1.50773e+00 |140  0.01984 -8.47581e-01 |141  0.04373  1.60222e+00
142  0.00230 -9.05778e-01 |143 -0.00571 -7.23288e-01 |144 -0.00124 -1.53633e-01
145  0.28799 -9.28274e+00 |146  0.22561  4.66963e+00 |147  0.07608 -8.71956e-01
148  0.30010  3.51539e+00 |149  0.01715  5.48458e-01 |150 -0.11447  1.35162e+00
151 -0.62694 -1.00941e+00 |152  0.56655 -1.41755e-02 |153  0.08112 -2.45519e+00
154 -0.22525  9.30833e-01 |155  0.21500  3.65499e-01 |156  0.26655  8.89982e+00
157  0.20963  7.27855e-01 |158  0.26170  2.23063e+00 |159 -0.00944 -1.32231e+00
160 -0.09784 -1.18957e+00 |161  0.13714  1.55419e+00 |162  0.29970 -3.34068e+00
163  0.19342  1.41110e+00 |164  0.24924 -2.74858e+00 |165 -0.29093  4.59602e-01
166  0.34980 -1.07960e+00 |167  0.03814 -3.62612e+00 |168 -0.16919 -2.01940e+01
169  0.27838  1.19757e+00 |170  0.32959 -7.61156e-01 |171  0.07280  2.83702e+00
172 -0.52944 -2.66752e-03 |173 -0.27277 -4.90447e-01 |174  0.40090  6.72622e-01
175  0.04635  3.51441e+00 |176 -0.10269 -3.46201e+01 |177  0.07372  2.16661e+00
178  0.14061 -4.89136e+00 |179  0.32125 -2.33592e+00 |180  0.27252  7.18789e+00
181 -0.01079  1.42734e+00 |182  0.01166 -2.82895e+00 |183 -0.13511  8.69942e-01
184 -0.12419 -6.60408e+00 |185  0.03889  9.00036e-01 |186  0.37509  2.43395e+00
187  0.01473  2.91412e+00 |188 -0.14907 -2.22546e-01 |189  0.11068 -1.06585e+01
190  0.18128  6.87100e+00 |191  0.21960  8.25807e-01 |192  0.25643 -5.57101e+00
193  0.02562 -1.71910e+01 |194 -0.00061 -6.95631e-01 |195 -0.17556 -4.58464e+00
196 -0.11254 -1.39190e+01 |197 -0.71731  1.65464e+00 |198  0.42173 -1.83889e-02
199  0.10419  1.78183e+01 |200 -0.25134  3.11503e+00 |
200 variables; iteration 80; function evaluation 86; phase 4
Function value 5.3457485e+03; maximum gradient component mag 1.4834e+01
Var    Value     Gradient |Var    Value     Gradient |Var    Value     Gradient
  1 -0.42189  5.87203e-01 |  2  0.54060  5.66399e-01 |  3 -0.08336 -2.48952e-01
  4 -0.18738 -5.12004e-01 |  5 -0.64851 -2.90678e-01 |  6 -0.59186 -1.13997e+00
  7  0.53866  3.13351e+00 |  8 -0.16337  1.26352e-01 |  9 -0.13868  1.79012e+00
 10 -0.51498  6.24623e-01 | 11 -0.61690  2.77367e+00 | 12 -0.13818  6.69144e+00
 13 -0.01005 -5.40410e-02 | 14 -0.01026 -5.48446e-02 | 15 -0.01047 -5.56399e-02
 16 -0.01067 -5.64317e-02 | 17 -0.01087 -5.72337e-02 | 18 -0.01106 -5.80484e-02
 19 -0.01124 -5.88828e-02 | 20 -0.01141 -5.97472e-02 | 21 -0.01157 -6.06517e-02
 22 -0.01172 -6.16076e-02 | 23 -0.01186 -6.26256e-02 | 24 -0.01198 -6.37154e-02
 25 -0.01209 -6.48855e-02 | 26 -0.01218 -6.61428e-02 | 27 -0.01225 -6.74936e-02
 28 -0.01230 -6.89445e-02 | 29 -0.01233 -7.05028e-02 | 30 -0.01233 -7.21750e-02
 31 -0.01231 -7.39714e-02 | 32 -0.01226 -7.58948e-02 | 33 -0.01218 -7.79449e-02
 34 -0.01208 -8.01155e-02 | 35 -0.01194 -8.23954e-02 | 36 -0.01176 -8.47704e-02
 37 -0.01155 -8.72243e-02 | 38 -0.01129 -8.97451e-02 | 39 -0.01100 -9.23190e-02
 40 -0.01066 -9.49023e-02 | 41 -0.01028 -9.75314e-02 | 42 -0.00986 -1.00167e-01
 43 -0.00940 -1.02779e-01 | 44 -0.00891 -1.05337e-01 | 45 -0.00839 -1.07799e-01
 46 -0.00785 -1.10122e-01 | 47 -0.00729 -1.12278e-01 | 48 -0.00674 -1.14233e-01
 49 -0.00619 -1.15961e-01 | 50 -0.00567 -1.17442e-01 | 51 -0.00518 -1.18654e-01
 52 -0.00473 -1.19553e-01 | 53 -0.00433 -1.20102e-01 | 54 -0.00398 -1.20227e-01
 55 -0.00367 -1.19829e-01 | 56 -0.00339 -1.18814e-01 | 57 -0.00312 -1.17087e-01
 58 -0.00283 -1.14535e-01 | 59 -0.00250 -1.11072e-01 | 60 -0.00209 -1.06599e-01
 61 -0.00157 -1.01037e-01 | 62 -0.00091 -9.42960e-02 | 63 -0.00006 -8.63318e-02
 64  0.00101 -7.71527e-02 | 65  0.00233 -6.67641e-02 | 66  0.00394 -5.54377e-02
 67  0.00586 -4.34283e-02 | 68  0.00812 -3.11794e-02 | 69  0.01072 -1.91808e-02
 70  0.01365 -7.71840e-03 | 71  0.01688  3.00303e-03 | 72  0.02036  1.33313e-02
 73  0.02397  2.36309e-02 | 74  0.02759  4.00817e-02 | 75  0.03095  5.43804e-02
 76  0.03378  6.08394e-02 | 77  0.03668  2.08604e-01 | 78  0.03801  2.33407e-01
 79  0.03694  6.44936e-04 | 80  0.03615 -4.01086e-02 | 81  0.03569  1.00291e-01
 82  0.03413  1.58460e-01 | 83  0.03149  1.35005e-01 | 84  0.02831  1.41879e-01
 85  0.02436  1.36355e-01 | 86  0.01987  1.27059e-01 | 87  0.01523  1.14992e-01
 88  0.01099  1.07485e-01 | 89  0.00757  1.02359e-01 | 90  0.00516  9.65070e-02
 91  0.00371  9.14458e-02 | 92  0.00294  8.98302e-02 | 93  0.00263  9.38311e-02
 94  0.00284  1.05671e-01 | 95  0.00388  1.26031e-01 | 96  0.00575  1.51201e-01
 97  0.00754  1.77827e-01 | 98  0.00804  2.08808e-01 | 99  0.00743  2.42603e-01
100  0.00580  2.75053e-01 |101  0.00616  2.84786e-01 |102  0.00420  2.81572e-01
103  0.00254  2.73809e-01 |104  0.00460  2.56328e-01 |105  0.00085  3.44590e-01
106  0.00058  5.70626e-01 |107  0.02265  8.62044e-01 |108  0.02264  8.20476e-01
109  0.02097  3.89244e-01 |110  0.02740  3.09080e-01 |111  0.04125  1.06409e-01
112  0.01769 -3.72411e-01 |113 -0.01264  1.27393e-01 |114  0.00758  4.52253e-01
115  0.01364  2.91048e-01 |116 -0.01298 -3.45973e-01 |117 -0.04785 -3.12143e-01
118 -0.06238  8.70223e-02 |119 -0.05568  1.72843e-01 |120 -0.02911  6.16134e-01
121  0.01721  1.00298e+00 |122  0.05600  1.07903e+00 |123 -0.00464  3.16222e-01
124 -0.02892  8.85951e-02 |125 -0.01340  4.66556e-01 |126  0.00911  5.99625e-01
127  0.03805  5.66500e-01 |128  0.02493  1.95886e-01 |129  0.02812  1.25102e-02
130  0.05019 -1.22185e-01 |131  0.02084 -1.68297e-01 |132  0.01305 -1.12506e-01
133  0.01755 -8.40465e-02 |134 -0.00418 -2.02028e-01 |135  0.02074 -1.99938e-01
136 -0.01526 -1.34125e-01 |137 -0.03109  2.61636e-01 |138 -0.02337  3.80884e-01
139 -0.00828  7.60601e-02 |140  0.02844  1.25527e-01 |141  0.03756 -4.01606e-02
142  0.00738 -9.52559e-04 |143 -0.00229 -2.80239e-02 |144 -0.00059  2.37481e-02
145  0.30126  1.59479e+00 |146  0.23970  5.87204e+00 |147  0.07646 -1.86506e-01
148  0.29979 -8.10448e-01 |149  0.01676 -3.19921e-01 |150 -0.11426 -5.05772e-01
151 -0.55281  8.04639e-01 |152  0.59605 -1.54786e-02 |153  0.06910  3.49196e+00
154 -0.22073  1.08433e+00 |155  0.21344  8.23572e-01 |156  0.26506 -9.09674e-01
157  0.20713  8.75989e-03 |158  0.26028  2.16194e-01 |159 -0.00595 -4.74383e-01
160 -0.09753 -1.07135e+00 |161  0.13802 -3.80163e-01 |162  0.29991  1.56193e+00
163  0.19383 -1.11401e+00 |164  0.24944  1.19176e+00 |165 -0.30247  1.79955e-01
166  0.35318 -4.20944e-01 |167  0.04099 -4.32663e-01 |168 -0.16965  1.49573e+00
169  0.27332 -8.66841e-03 |170  0.32891 -1.45476e-01 |171  0.07355 -7.51967e-01
172 -0.52563 -2.63911e-03 |173 -0.24719  2.86238e-02 |174  0.43884  2.96228e-01
175  0.03996  2.24080e+00 |176 -0.09691 -3.45615e+00 |177  0.08087  1.84723e+00
178  0.14074  4.59763e-01 |179  0.32399 -2.23351e-01 |180  0.27204 -1.62515e+00
181 -0.02059  1.61328e-01 |182  0.01162 -1.57212e-01 |183 -0.13422 -1.56377e-01
184 -0.12308  3.46295e-01 |185  0.03949 -5.21762e-01 |186  0.37406 -3.40716e-01
187  0.01172 -4.24165e-01 |188 -0.14795 -5.83151e-01 |189  0.11079 -1.33887e+00
190  0.18114 -4.39903e+00 |191  0.21978  1.55635e+00 |192  0.25650  6.94559e+00
193  0.02620  8.32463e-01 |194 -0.00118 -1.97950e+00 |195 -0.17533 -1.10107e+00
196 -0.11153 -2.49879e+00 |197 -0.75908  1.31086e+00 |198  0.36285 -4.65421e-02
199  0.10379  1.48338e+01 |200 -0.25192  3.47179e+00 |
200 variables; iteration 100; function evaluation 117; phase 4
Function value 5.3456861e+03; maximum gradient component mag 1.4040e+01
Var    Value     Gradient |Var    Value     Gradient |Var    Value     Gradient
  1 -0.42183 -1.91428e+00 |  2  0.54099 -6.94323e-01 |  3 -0.08329 -3.48213e-01
  4 -0.18781 -2.81602e-01 |  5 -0.64824  1.82011e-01 |  6 -0.59174  2.78958e-01
  7  0.53883 -3.30152e-01 |  8 -0.16323 -4.62447e-01 |  9 -0.13924 -3.60714e-01
 10 -0.51487  9.27936e-02 | 11 -0.61689 -5.76340e-01 | 12 -0.13769  6.82352e+00
 13 -0.01040 -1.08375e-01 | 14 -0.01061 -1.08100e-01 | 15 -0.01081 -1.07676e-01
 16 -0.01102 -1.07137e-01 | 17 -0.01121 -1.06519e-01 | 18 -0.01140 -1.05858e-01
 19 -0.01158 -1.05191e-01 | 20 -0.01175 -1.04548e-01 | 21 -0.01192 -1.03954e-01
 22 -0.01207 -1.03427e-01 | 23 -0.01220 -1.02977e-01 | 24 -0.01233 -1.02600e-01
 25 -0.01243 -1.02286e-01 | 26 -0.01252 -1.02013e-01 | 27 -0.01259 -1.01748e-01
 28 -0.01264 -1.01450e-01 | 29 -0.01267 -1.01070e-01 | 30 -0.01267 -1.00548e-01
 31 -0.01265 -9.98214e-02 | 32 -0.01260 -9.88203e-02 | 33 -0.01252 -9.74702e-02
 34 -0.01241 -9.56901e-02 | 35 -0.01226 -9.33921e-02 | 36 -0.01208 -9.04817e-02
 37 -0.01185 -8.68594e-02 | 38 -0.01158 -8.24262e-02 | 39 -0.01127 -7.70837e-02
 40 -0.01091 -7.07233e-02 | 41 -0.01051 -6.32960e-02 | 42 -0.01006 -5.47286e-02
 43 -0.00957 -4.49882e-02 | 44 -0.00905 -3.40912e-02 | 45 -0.00849 -2.21179e-02
 46 -0.00790 -9.22964e-03 | 47 -0.00731  4.33947e-03 | 48 -0.00671  1.83030e-02
 49 -0.00612  3.23645e-02 | 50 -0.00555  4.62626e-02 | 51 -0.00502  5.97987e-02
 52 -0.00454  7.28470e-02 | 53 -0.00410  8.53614e-02 | 54 -0.00371  9.72947e-02
 55 -0.00337  1.08534e-01 | 56 -0.00306  1.18866e-01 | 57 -0.00277  1.27975e-01
 58 -0.00246  1.35461e-01 | 59 -0.00212  1.40945e-01 | 60 -0.00171  1.44064e-01
 61 -0.00121  1.44479e-01 | 62 -0.00057  1.41850e-01 | 63  0.00024  1.35791e-01
 64  0.00125  1.25791e-01 | 65  0.00249  1.11334e-01 | 66  0.00400  9.25552e-02
 67  0.00582  7.24705e-02 | 68  0.00800  5.79701e-02 | 69  0.01057  5.54129e-02
 70  0.01352  6.24786e-02 | 71  0.01675  6.14237e-02 | 72  0.02012  3.79979e-02
 73  0.02362  1.50664e-02 | 74  0.02746  6.36202e-02 | 75  0.03058  1.74788e-02
 76  0.03341  1.32525e-02 | 77  0.03432 -2.03674e-01 | 78  0.03739  1.19390e-01
 79  0.03597 -1.83954e-01 | 80  0.03697  8.34566e-02 | 81  0.03544  3.17832e-02
 82  0.03284 -1.00636e-01 | 83  0.03041 -8.56802e-02 | 84  0.02738 -4.89887e-02
 85  0.02375  1.18645e-02 | 86  0.01920 -8.13354e-04 | 87  0.01474  3.49526e-02
 88  0.01087  1.25520e-01 | 89  0.00747  1.42150e-01 | 90  0.00508  1.55754e-01
 91  0.00369  1.82375e-01 | 92  0.00297  2.03817e-01 | 93  0.00263  2.08207e-01
 94  0.00273  1.91874e-01 | 95  0.00361  1.68875e-01 | 96  0.00544  1.73112e-01
 97  0.00727  1.86714e-01 | 98  0.00781  1.97453e-01 | 99  0.00728  2.26009e-01
100  0.00568  2.44318e-01 |101  0.00613  2.41304e-01 |102  0.00432  2.50821e-01
103  0.00245  1.69005e-01 |104  0.00487  1.84610e-01 |105  0.00052  9.40146e-02
106  0.00031  3.19464e-01 |107  0.02158  2.66221e-01 |108  0.02139  2.28805e-01
109  0.02144  3.48133e-01 |110  0.02661 -8.71513e-02 |111  0.04131  2.43053e-02
112  0.01879 -2.02330e-01 |113 -0.01273 -1.25583e-01 |114  0.00729 -5.15053e-04
115  0.01233 -2.08147e-01 |116 -0.01156 -2.63422e-01 |117 -0.04814 -5.71544e-01
118 -0.06200  2.26000e-01 |119 -0.05541 -8.01698e-02 |120 -0.02845  3.38927e-01
121  0.01496 -5.23339e-03 |122  0.05692  2.43756e-01 |123 -0.00449 -9.97506e-02
124 -0.02828  2.38311e-01 |125 -0.01364 -4.66783e-02 |126  0.00890  5.47889e-02
127  0.03812  1.85580e-01 |128  0.02493 -2.86473e-02 |129  0.02951  2.27641e-01
130  0.05066 -5.42843e-02 |131  0.02031 -3.02323e-01 |132  0.01354 -1.04354e-02
133  0.01828  6.17210e-02 |134 -0.00419 -2.79230e-01 |135  0.02113 -2.88525e-01
136 -0.01445 -6.12139e-02 |137 -0.03056  3.01131e-01 |138 -0.02534 -2.97555e-01
139 -0.00836  4.19991e-02 |140  0.02794  9.95294e-02 |141  0.03994  3.50519e-01
142  0.00753 -3.75669e-02 |143 -0.00218 -1.15302e-01 |144 -0.00060 -6.87564e-02
145  0.29899 -4.92072e-01 |146  0.24057  5.19391e+00 |147  0.07694  4.64308e-01
148  0.29993 -5.02666e-01 |149  0.01647  6.26991e-02 |150 -0.11413  4.18070e-01
151 -0.55107  1.85082e-01 |152  0.68980  5.50276e-04 |153  0.06726  4.34730e-01
154 -0.22296 -1.94143e-01 |155  0.21361  5.39892e-01 |156  0.26509  1.33625e-02
157  0.20745  5.48417e-01 |158  0.26039  4.01833e-02 |159 -0.00617 -2.92885e-01
160 -0.09741 -3.46145e-01 |161  0.13828  3.94688e-01 |162  0.29985 -2.34878e-01
163  0.19451  3.53571e-01 |164  0.24966 -5.03180e-01 |165 -0.30284 -2.37739e-01
166  0.37103  1.99655e-01 |167  0.04144 -9.74051e-01 |168 -0.16920 -2.68375e+00
169  0.27250  1.22569e-01 |170  0.32867 -2.37652e-01 |171  0.07376  7.72119e-01
172 -0.50245 -1.67630e-03 |173 -0.23571 -3.16000e-01 |174  0.42051  7.32654e-02
175  0.03322 -1.51063e+00 |176 -0.09618  2.26625e+00 |177  0.07583  9.24259e-01
178  0.14086 -1.05813e-01 |179  0.32245 -1.79598e-01 |180  0.27217 -1.30022e-02
181 -0.01433  4.36012e-01 |182  0.01174 -7.99331e-02 |183 -0.13442 -1.32891e-01
184 -0.12319 -2.98980e-01 |185  0.03865 -4.72675e-01 |186  0.37386 -1.61813e-01
187  0.01296  4.78479e-01 |188 -0.14795 -1.54289e-01 |189  0.11092  3.96701e-01
190  0.18120  1.13679e+00 |191  0.21979 -5.89679e-01 |192  0.25638 -8.80645e-01
193  0.02606 -3.20739e-02 |194 -0.00091 -2.06307e-02 |195 -0.17519  2.24767e-01
196 -0.11154  1.21645e-01 |197 -0.83798  7.32038e-01 |198  0.47887 -8.06012e-04
199  0.10582  1.40404e+01 |200 -0.25107  3.96542e+00 |
200 variables; iteration 120; function evaluation 151; phase 4
Function value 5.3456568e+03; maximum gradient component mag 3.4297e+00
Var    Value     Gradient |Var    Value     Gradient |Var    Value     Gradient
  1 -0.42182 -2.24735e-01 |  2  0.54026  4.73684e-01 |  3 -0.08342  1.87422e-01
  4 -0.18699  1.92611e-01 |  5 -0.64898 -7.18382e-02 |  6 -0.59181 -1.15449e-01
  7  0.53759  5.52427e-01 |  8 -0.16332  3.74999e-01 |  9 -0.13806  3.75355e-01
 10 -0.51495  2.01984e-02 | 11 -0.61693  1.98243e-01 | 12 -0.13754  1.97933e+00
 13 -0.00999 -3.42173e-03 | 14 -0.01020 -3.79907e-03 | 15 -0.01041 -4.23192e-03
 16 -0.01061 -4.68832e-03 | 17 -0.01081 -5.13707e-03 | 18 -0.01101 -5.55309e-03
 19 -0.01119 -5.91568e-03 | 20 -0.01136 -6.20952e-03 | 21 -0.01153 -6.42519e-03
 22 -0.01168 -6.55842e-03 | 23 -0.01182 -6.60933e-03 | 24 -0.01194 -6.58134e-03
 25 -0.01205 -6.48006e-03 | 26 -0.01214 -6.31225e-03 | 27 -0.01221 -6.08470e-03
 28 -0.01226 -5.80306e-03 | 29 -0.01229 -5.47065e-03 | 30 -0.01229 -5.08798e-03
 31 -0.01226 -4.65138e-03 | 32 -0.01221 -4.15534e-03 | 33 -0.01213 -3.59136e-03
 34 -0.01202 -2.94811e-03 | 35 -0.01188 -2.21112e-03 | 36 -0.01170 -1.36331e-03
 37 -0.01148 -3.87143e-04 | 38 -0.01122  7.31356e-04 | 39 -0.01092  1.99304e-03
 40 -0.01057  3.36707e-03 | 41 -0.01018  4.80821e-03 | 42 -0.00976  6.21291e-03
 43 -0.00929  7.44939e-03 | 44 -0.00880  8.38054e-03 | 45 -0.00827  8.90242e-03
 46 -0.00773  8.98342e-03 | 47 -0.00718  8.67400e-03 | 48 -0.00662  8.07015e-03
 49 -0.00608  7.25956e-03 | 50 -0.00556  6.28144e-03 | 51 -0.00508  5.13281e-03
 52 -0.00464  3.81392e-03 | 53 -0.00425  2.37869e-03 | 54 -0.00391  9.42164e-04
 55 -0.00360 -3.41638e-04 | 56 -0.00333 -1.30507e-03 | 57 -0.00307 -1.77451e-03
 58 -0.00279 -1.55040e-03 | 59 -0.00246 -4.06104e-04 | 60 -0.00205  1.87583e-03
 61 -0.00153  5.37489e-03 | 62 -0.00086  9.82148e-03 | 63 -0.00002  1.43032e-02
 64  0.00104  1.73737e-02 | 65  0.00234  1.84408e-02 | 66  0.00393  2.07161e-02
 67  0.00584  2.72047e-02 | 68  0.00806  2.44858e-02 | 69  0.01050 -2.87233e-03
 70  0.01336 -1.19098e-02 | 71  0.01672  1.90101e-02 | 72  0.02013  1.09861e-02
 73  0.02367  8.10004e-05 | 74  0.02729  1.32038e-02 | 75  0.03075  3.79017e-02
 76  0.03367  5.42221e-02 | 77  0.03555  1.54565e-02 | 78  0.03674  1.03573e-02
 79  0.03703  9.23079e-03 | 80  0.03669  4.16724e-02 | 81  0.03538  2.97167e-02
 82  0.03336  2.40504e-03 | 83  0.03079 -1.20558e-02 | 84  0.02799  6.60456e-02
 85  0.02393  3.97375e-02 | 86  0.01942  3.01114e-02 | 87  0.01488  3.99845e-02
 88  0.01041 -1.39534e-02 | 89  0.00703 -6.98812e-03 | 90  0.00476  2.18250e-02
 91  0.00333  2.57775e-02 | 92  0.00258  2.93779e-02 | 93  0.00230  3.39344e-02
 94  0.00254  3.89735e-02 | 95  0.00365  5.52243e-02 | 96  0.00566  8.05801e-02
 97  0.00755  8.75788e-02 | 98  0.00814  8.57535e-02 | 99  0.00747  5.68161e-02
100  0.00575  3.53300e-02 |101  0.00615  1.08208e-02 |102  0.00418 -1.76551e-02
103  0.00264 -1.09450e-02 |104  0.00525  6.91842e-02 |105  0.00118  6.85935e-02
106 -0.00012  2.63233e-02 |107  0.02183  6.99184e-02 |108  0.02152  5.12730e-02
109  0.01990 -4.33793e-02 |110  0.02732 -8.20266e-02 |111  0.04158  4.12777e-02
112  0.01830  6.74148e-02 |113 -0.01244  8.01867e-02 |114  0.00678 -1.25667e-02
115  0.01274  3.53936e-02 |116 -0.01152  1.37468e-01 |117 -0.04748  1.39033e-02
118 -0.06286 -1.92171e-02 |119 -0.05520  6.15523e-03 |120 -0.02950 -1.09792e-01
121  0.01635 -4.33640e-02 |122  0.05533 -1.61871e-01 |123 -0.00445 -1.56385e-01
124 -0.02843  3.93020e-02 |125 -0.01397 -1.86261e-01 |126  0.00880 -2.09932e-02
127  0.03750 -1.68754e-02 |128  0.02483 -6.94530e-02 |129  0.02843 -2.17730e-03
130  0.05060  6.85431e-03 |131  0.02080 -5.09274e-02 |132  0.01300  1.69671e-02
133  0.01774  6.81515e-02 |134 -0.00332  7.82409e-02 |135  0.02145 -4.53839e-02
136 -0.01495 -7.34170e-02 |137 -0.03154  2.28158e-02 |138 -0.02438 -1.31769e-02
139 -0.00845 -1.11742e-02 |140  0.02794 -5.50626e-02 |141  0.03826 -2.98881e-02
142  0.00757 -1.47176e-02 |143 -0.00178 -3.74517e-02 |144 -0.00030 -1.74253e-02
145  0.29899  1.81672e-01 |146  0.24134  1.16847e+00 |147  0.07637 -7.72967e-02
148  0.29982 -4.74511e-02 |149  0.01681 -1.16400e-01 |150 -0.11433 -1.87888e-01
151 -0.55294 -4.99209e-02 |152  0.77904  6.93753e-03 |153  0.06748 -1.02059e-01
154 -0.22275 -7.35330e-02 |155  0.21292 -2.26557e-02 |156  0.26493  8.83421e-03
157  0.20619 -2.07679e-01 |158  0.25992  6.04358e-02 |159 -0.00476 -3.99481e-02
160 -0.09747 -8.83966e-02 |161  0.13734 -5.70928e-02 |162  0.29965  1.21453e-01
163  0.19411 -4.10927e-02 |164  0.24961  1.40922e-01 |165 -0.30292  2.19309e-02
166  0.35958  3.86730e-02 |167  0.04156  1.98163e-01 |168 -0.16924  3.56396e-01
169  0.27187 -7.94605e-02 |170  0.32854  6.00606e-04 |171  0.07374 -1.94436e-01
172 -0.45728  1.29810e-03 |173 -0.23878  2.29654e-01 |174  0.39989 -1.68025e-01
175  0.03611  9.18763e-01 |176 -0.09708  7.98693e-01 |177  0.07377 -2.18823e-01
178  0.14075 -4.55409e-02 |179  0.32188 -5.11803e-02 |180  0.27221  2.28536e-02
181 -0.01281 -1.62662e-01 |182  0.01170 -7.20295e-02 |183 -0.13438  9.29189e-02
184 -0.12322 -7.35376e-03 |185  0.04039  1.69124e-02 |186  0.37460  3.93651e-02
187  0.01100 -1.61752e-01 |188 -0.14754  2.98649e-02 |189  0.11083  1.55477e-03
190  0.18086  1.38499e-01 |191  0.21979  2.36021e-01 |192  0.25634 -1.37190e-02
193  0.02608  1.62682e-01 |194 -0.00069  4.36734e-02 |195 -0.17531 -2.17300e-01
196 -0.11165  1.11520e-01 |197 -0.93177  1.35332e-01 |198  0.68238  5.64842e-03
199  0.10777  3.42973e+00 |200 -0.25368  7.36320e-01 |
200 variables; iteration 140; function evaluation 184; phase 4
Function value 5.3456541e+03; maximum gradient component mag 1.2042e+00
Var    Value     Gradient |Var    Value     Gradient |Var    Value     Gradient
  1 -0.42182 -2.91896e-01 |  2  0.54028  1.92745e-01 |  3 -0.08342  1.21505e-02
  4 -0.18707  1.25595e-01 |  5 -0.64880  2.79629e-02 |  6 -0.59180  4.53411e-02
  7  0.53763  1.83680e-01 |  8 -0.16333  2.73221e-02 |  9 -0.13815  1.51367e-01
 10 -0.51492  1.17832e-03 | 11 -0.61693 -1.13604e-01 | 12 -0.13765  6.26306e-01
 13 -0.00998 -4.42461e-03 | 14 -0.01019 -4.44119e-03 | 15 -0.01040 -3.86882e-03
 16 -0.01060 -2.69881e-03 | 17 -0.01079 -1.00864e-03 | 18 -0.01097  1.04997e-03
 19 -0.01115  3.27559e-03 | 20 -0.01131  5.45600e-03 | 21 -0.01147  7.40503e-03
 22 -0.01161  8.99009e-03 | 23 -0.01175  1.01443e-02 | 24 -0.01187  1.08632e-02
 25 -0.01197  1.11902e-02 | 26 -0.01206  1.11982e-02 | 27 -0.01214  1.09709e-02
 28 -0.01219  1.05884e-02 | 29 -0.01221  1.01131e-02 | 30 -0.01222  9.57590e-03
 31 -0.01220  8.95662e-03 | 32 -0.01215  8.16809e-03 | 33 -0.01208  7.03463e-03
 34 -0.01198  5.28785e-03 | 35 -0.01184  2.59951e-03 | 36 -0.01168 -1.31357e-03
 37 -0.01149 -6.50236e-03 | 38 -0.01125 -1.25550e-02 | 39 -0.01098 -1.84663e-02
 40 -0.01065 -2.27712e-02 | 41 -0.01027 -2.41504e-02 | 42 -0.00985 -2.20764e-02
 43 -0.00937 -1.72915e-02 | 44 -0.00885 -1.15287e-02 | 45 -0.00831 -6.56881e-03
 46 -0.00776 -3.32152e-03 | 47 -0.00720 -1.58471e-03 | 48 -0.00664 -5.32971e-04
 49 -0.00609  6.24532e-04 | 50 -0.00556  2.29217e-03 | 51 -0.00506  4.45547e-03
 52 -0.00461  6.81306e-03 | 53 -0.00420  8.97674e-03 | 54 -0.00385  1.06633e-02
 55 -0.00354  1.17741e-02 | 56 -0.00326  1.23618e-02 | 57 -0.00299  1.25583e-02
 58 -0.00271  1.25409e-02 | 59 -0.00239  1.25917e-02 | 60 -0.00199  1.31405e-02
 61 -0.00148  1.46820e-02 | 62 -0.00082  1.73068e-02 | 63  0.00002  1.99190e-02
 64  0.00107  2.03548e-02 | 65  0.00235  1.77865e-02 | 66  0.00392  1.50646e-02
 67  0.00578  6.03422e-03 | 68  0.00782 -3.45384e-02 | 69  0.01076  5.01595e-02
 70  0.01377  7.20138e-02 | 71  0.01655 -2.31289e-02 | 72  0.02018  1.58433e-02
 73  0.02391  4.29191e-02 | 74  0.02741  2.90220e-02 | 75  0.03058  2.42007e-04
 76  0.03348  1.31054e-02 | 77  0.03563  2.11181e-02 | 78  0.03682  1.57558e-02
 79  0.03708  1.04616e-02 | 80  0.03652  4.50969e-03 | 81  0.03535  1.82017e-02
 82  0.03356  3.06731e-02 | 83  0.03112  4.29604e-02 | 84  0.02784  3.02484e-02
 85  0.02382  1.16833e-02 | 86  0.01942  2.25530e-02 | 87  0.01479  1.41719e-02
 88  0.01094  9.91551e-02 | 89  0.00714  1.14670e-02 | 90  0.00483  3.09864e-02
 91  0.00340  3.44788e-02 | 92  0.00263  2.95545e-02 | 93  0.00231  2.24904e-02
 94  0.00250  1.48872e-02 | 95  0.00360  2.34351e-02 | 96  0.00557  3.92689e-02
 97  0.00745  4.01254e-02 | 98  0.00803  3.77637e-02 | 99  0.00742  2.58697e-02
100  0.00583  3.95475e-02 |101  0.00642  6.39268e-02 |102  0.00445  3.86836e-02
103  0.00294  5.10566e-02 |104  0.00499 -8.12025e-03 |105  0.00109  1.63121e-02
106 -0.00009  1.01246e-04 |107  0.02183  2.73923e-02 |108  0.02119 -4.98796e-02
109  0.02016  1.25922e-02 |110  0.02784  7.15342e-04 |111  0.04141 -5.09059e-02
112  0.01812 -7.15315e-02 |113 -0.01262 -4.60949e-02 |114  0.00703 -3.00726e-02
115  0.01298 -4.53983e-02 |116 -0.01197 -8.27610e-02 |117 -0.04735 -1.91253e-02
118 -0.06264  6.47019e-03 |119 -0.05534 -2.34106e-02 |120 -0.02915  3.29376e-02
121  0.01632 -3.45842e-02 |122  0.05548  2.59246e-02 |123 -0.00418  3.55485e-03
124 -0.02866 -2.81170e-02 |125 -0.01326  8.72836e-02 |126  0.00877  2.55375e-02
127  0.03724 -5.17713e-02 |128  0.02524  3.95443e-02 |129  0.02862  3.92685e-02
130  0.05048 -1.76713e-02 |131  0.02124  1.05210e-02 |132  0.01291 -5.76746e-02
133  0.01756 -3.66156e-02 |134 -0.00360 -3.46605e-02 |135  0.02170  1.48407e-02
136 -0.01486 -4.62048e-02 |137 -0.03162 -7.67154e-04 |138 -0.02448 -3.80122e-02
139 -0.00847 -1.43035e-02 |140  0.02819  9.56766e-03 |141  0.03825  9.08163e-03
142  0.00753 -5.39435e-03 |143 -0.00170  6.37782e-03 |144 -0.00032 -8.20967e-03
145  0.29914 -3.24916e-02 |146  0.24114  3.60973e-01 |147  0.07647  4.71318e-02
148  0.29984 -5.00399e-02 |149  0.01678  1.61951e-02 |150 -0.11428 -2.59952e-03
151 -0.55118  1.76683e-02 |152  0.73801  4.31566e-03 |153  0.06708  1.63424e-02
154 -0.22249 -2.02452e-02 |155  0.21306  3.54557e-02 |156  0.26496  8.33356e-02
157  0.20637 -1.21404e-02 |158  0.25999  6.32996e-02 |159 -0.00491  1.24411e-02
160 -0.09743  1.92643e-02 |161  0.13747  2.21717e-02 |162  0.29966 -4.59010e-02
163  0.19413  1.14537e-02 |164  0.24959 -3.67821e-02 |165 -0.30281  4.16774e-02
166  0.35693 -9.31318e-02 |167  0.04146  6.30396e-02 |168 -0.16925  4.89711e-02
169  0.27250  4.22174e-02 |170  0.32866 -5.06744e-02 |171  0.07366  6.38952e-02
172 -0.45777  1.23719e-03 |173 -0.23738 -3.92734e-02 |174  0.40400 -1.31222e-02
175  0.03478 -2.44254e-01 |176 -0.09699  2.72352e-01 |177  0.07404  9.63378e-02
178  0.14076 -2.30540e-02 |179  0.32196 -8.72539e-02 |180  0.27220  4.65684e-02
181 -0.01286  6.08194e-02 |182  0.01172 -1.98992e-02 |183 -0.13438  1.25247e-01
184 -0.12322 -6.02078e-02 |185  0.03992  8.83231e-03 |186  0.37442 -4.53606e-02
187  0.01157  9.08703e-02 |188 -0.14767  1.31092e-03 |189  0.11084  3.84103e-02
190  0.18090  1.77882e-01 |191  0.21979  1.16503e-03 |192  0.25633 -1.04611e-01
193  0.02607  2.38451e-05 |194 -0.00070  7.17864e-02 |195 -0.17527 -2.88097e-02
196 -0.11163  2.41840e-02 |197 -0.95871  3.27132e-02 |198  0.71804  6.55346e-03
199  0.10793  1.20416e+00 |200 -0.25310  3.18165e-01 |
200 variables; iteration 160; function evaluation 216; phase 4
Function value 5.3456533e+03; maximum gradient component mag 1.1397e-01
Var    Value     Gradient |Var    Value     Gradient |Var    Value     Gradient
  1 -0.42181  2.41164e-02 |  2  0.54067 -9.55932e-02 |  3 -0.08333 -4.83069e-02
  4 -0.18740 -7.05360e-02 |  5 -0.64866 -4.57755e-03 |  6 -0.59179 -1.45879e-02
  7  0.53819 -1.07710e-01 |  8 -0.16326 -3.25603e-02 |  9 -0.13860 -7.67793e-02
 10 -0.51499 -3.83377e-03 | 11 -0.61690  1.74314e-02 | 12 -0.13762  4.79477e-02
 13 -0.00996  2.07768e-03 | 14 -0.01017  2.21015e-03 | 15 -0.01038  2.29621e-03
 16 -0.01058  2.39647e-03 | 17 -0.01077  2.52029e-03 | 18 -0.01097  2.58261e-03
 19 -0.01115  2.42161e-03 | 20 -0.01133  1.87501e-03 | 21 -0.01149  8.77430e-04
 22 -0.01165 -4.77842e-04 | 23 -0.01179 -1.95374e-03 | 24 -0.01192 -3.25592e-03
 25 -0.01203 -4.14676e-03 | 26 -0.01212 -4.53240e-03 | 27 -0.01219 -4.48590e-03
 28 -0.01224 -4.20226e-03 | 29 -0.01227 -3.90464e-03 | 30 -0.01227 -3.73641e-03
 31 -0.01225 -3.67031e-03 | 32 -0.01220 -3.47794e-03 | 33 -0.01212 -2.77512e-03
 34 -0.01200 -1.20268e-03 | 35 -0.01185  1.26171e-03 | 36 -0.01166  4.02987e-03
 37 -0.01144  6.05167e-03 | 38 -0.01118  6.59541e-03 | 39 -0.01088  6.06896e-03
 40 -0.01054  5.67338e-03 | 41 -0.01016  5.84579e-03 | 42 -0.00974  5.43189e-03
 43 -0.00929  3.24856e-03 | 44 -0.00881 -1.00179e-04 | 45 -0.00830 -2.74377e-03
 46 -0.00776 -3.35834e-03 | 47 -0.00720 -1.93641e-03 | 48 -0.00663  5.27155e-04
 49 -0.00608  2.59641e-03 | 50 -0.00555  3.14876e-03 | 51 -0.00507  2.04461e-03
 52 -0.00463  6.56811e-05 | 53 -0.00424 -1.82057e-03 | 54 -0.00389 -3.10327e-03
 55 -0.00359 -3.76512e-03 | 56 -0.00331 -3.97970e-03 | 57 -0.00304 -3.87739e-03
 58 -0.00276 -3.46348e-03 | 59 -0.00243 -2.59333e-03 | 60 -0.00202 -9.68383e-04
 61 -0.00150  1.47198e-03 | 62 -0.00084  3.05631e-03 | 63 -0.00003 -1.54459e-04
 64  0.00100 -5.97588e-03 | 65  0.00230 -4.48078e-03 | 66  0.00389 -3.15153e-03
 67  0.00577 -4.82431e-03 | 68  0.00805  6.75148e-03 | 69  0.01051 -1.78870e-02
 70  0.01343 -1.62687e-02 | 71  0.01671 -1.36596e-03 | 72  0.02019  2.70977e-03
 73  0.02378  5.73318e-04 | 74  0.02740  9.81438e-03 | 75  0.03064 -6.47746e-03
 76  0.03350 -1.42107e-03 | 77  0.03561 -2.34237e-03 | 78  0.03683 -1.76963e-03
 79  0.03715  1.24086e-05 | 80  0.03663  1.42686e-03 | 81  0.03537 -2.12317e-03
 82  0.03348 -7.67209e-03 | 83  0.03097 -8.08501e-03 | 84  0.02781  2.73614e-04
 85  0.02380 -1.81312e-02 | 86  0.01938 -1.05861e-02 | 87  0.01482 -4.09379e-03
 88  0.01053 -1.87311e-02 | 89  0.00725  1.22404e-02 | 90  0.00480 -2.38832e-03
 91  0.00336 -3.06628e-03 | 92  0.00261 -2.09416e-03 | 93  0.00233 -1.74721e-04
 94  0.00257  9.51618e-04 | 95  0.00363 -1.91627e-03 | 96  0.00555 -1.37640e-03
 97  0.00743 -2.22010e-03 | 98  0.00802 -1.72021e-03 | 99  0.00749  5.96980e-03
100  0.00582  5.77185e-04 |101  0.00627 -6.19225e-03 |102  0.00442  3.72774e-04
103  0.00282 -2.22586e-03 |104  0.00517  7.79150e-03 |105  0.00111  8.86261e-03
106 -0.00011  2.56996e-03 |107  0.02162 -6.43170e-04 |108  0.02144  1.29778e-02
109  0.02022  6.57673e-03 |110  0.02762  6.54424e-03 |111  0.04128  1.27314e-02
112  0.01871  1.20340e-02 |113 -0.01256  1.36176e-02 |114  0.00690  1.65264e-03
115  0.01277  1.16572e-02 |116 -0.01171  9.66026e-03 |117 -0.04719  3.99589e-03
118 -0.06270  1.20439e-03 |119 -0.05523  2.02819e-03 |120 -0.02933 -1.87750e-03
121  0.01595  3.84640e-03 |122  0.05577  6.12982e-03 |123 -0.00402  5.72905e-03
124 -0.02870  6.06319e-03 |125 -0.01350 -6.55373e-03 |126  0.00871 -1.23396e-02
127  0.03751  8.07845e-03 |128  0.02513 -9.30351e-03 |129  0.02834 -1.19713e-02
130  0.05058 -2.71013e-03 |131  0.02114 -4.71857e-03 |132  0.01304  2.37372e-03
133  0.01759  3.98611e-03 |134 -0.00362 -4.44627e-03 |135  0.02162 -1.03011e-04
136 -0.01461  4.93618e-03 |137 -0.03166 -3.51711e-04 |138 -0.02442  1.26489e-03
139 -0.00854 -2.50479e-03 |140  0.02784 -2.38914e-03 |141  0.03836 -3.00302e-04
142  0.00763 -3.27182e-04 |143 -0.00178 -7.98394e-04 |144 -0.00035 -7.50856e-03
145  0.29890  9.22531e-03 |146  0.24143  6.23065e-02 |147  0.07652 -6.75875e-03
148  0.29985 -2.93965e-03 |149  0.01676 -3.53570e-03 |150 -0.11427  1.88940e-02
151 -0.55303 -3.89978e-03 |152  0.67789 -4.41208e-04 |153  0.06748  2.94778e-03
154 -0.22256  3.28472e-04 |155  0.21304 -1.05288e-02 |156  0.26494 -1.90238e-02
157  0.20640  6.83596e-03 |158  0.25998 -3.53570e-02 |159 -0.00491 -4.77357e-03
160 -0.09743 -2.43777e-03 |161  0.13751 -3.12832e-03 |162  0.29966 -1.98967e-03
163  0.19420  9.70021e-04 |164  0.24960 -5.48671e-03 |165 -0.30310 -1.71241e-02
166  0.36282  2.48223e-02 |167  0.04157 -2.65246e-02 |168 -0.16918 -2.78093e-02
169  0.27249 -9.20863e-03 |170  0.32869  1.78023e-02 |171  0.07368  7.96043e-03
172 -0.47173 -6.01445e-05 |173 -0.23811  2.48454e-03 |174  0.40965  1.88159e-02
175  0.03527  4.21955e-02 |176 -0.09692 -7.71691e-02 |177  0.07408 -1.74348e-02
178  0.14081  4.44352e-03 |179  0.32197  3.73611e-02 |180  0.27220 -1.58763e-02
181 -0.01294 -5.38143e-03 |182  0.01173  6.50902e-05 |183 -0.13437 -2.54054e-02
184 -0.12320  1.93825e-02 |185  0.04016 -5.02678e-03 |186  0.37446  1.23314e-02
187  0.01135 -1.20492e-02 |188 -0.14761 -9.02331e-03 |189  0.11087 -1.78209e-02
190  0.18093 -1.72662e-02 |191  0.21979  5.62756e-03 |192  0.25633  2.99909e-03
193  0.02607 -1.15789e-02 |194 -0.00069 -1.94341e-02 |195 -0.17526  1.87402e-02
196 -0.11162  1.61760e-02 |197 -0.96458  8.28157e-03 |198  0.67655  5.52443e-03
199  0.10785  1.13973e-01 |200 -0.25318  3.71054e-02 |
200 variables; iteration 180; function evaluation 251; phase 4
Function value 5.3456526e+03; maximum gradient component mag 2.2499e-01
Var    Value     Gradient |Var    Value     Gradient |Var    Value     Gradient
  1 -0.42181 -2.80828e-02 |  2  0.54048  5.19019e-02 |  3 -0.08337  2.07040e-02
  4 -0.18724  3.66605e-02 |  5 -0.64874  9.60389e-04 |  6 -0.59180  6.75708e-03
  7  0.53793  5.22384e-02 |  8 -0.16329  1.95351e-02 |  9 -0.13839  4.22675e-02
 10 -0.51495  2.49897e-03 | 11 -0.61691 -3.73880e-03 | 12 -0.13760  1.14124e-01
 13 -0.00996  1.21738e-03 | 14 -0.01018 -1.01127e-03 | 15 -0.01040 -3.70754e-03
 16 -0.01061 -5.01767e-03 | 17 -0.01080 -2.91622e-03 | 18 -0.01097  2.55716e-03
 19 -0.01113  7.85038e-03 | 20 -0.01130  8.02804e-03 | 21 -0.01149  1.63550e-03
 22 -0.01167 -6.69406e-03 | 23 -0.01182 -9.76993e-03 | 24 -0.01193 -4.74583e-03
 25 -0.01200  3.96230e-03 | 26 -0.01207  9.10033e-03 | 27 -0.01215  7.34439e-03
 28 -0.01222  1.37585e-03 | 29 -0.01227 -3.53478e-03 | 30 -0.01227 -3.69743e-03
 31 -0.01223  9.81727e-04 | 32 -0.01216  6.43381e-03 | 33 -0.01208  5.86473e-03
 34 -0.01201 -2.78713e-03 | 35 -0.01189 -8.91057e-03 | 36 -0.01168 -2.10723e-04
 37 -0.01142  1.19818e-02 | 38 -0.01119  4.14583e-03 | 39 -0.01096 -1.30071e-02
 40 -0.01060 -8.65966e-03 | 41 -0.01015  8.82499e-03 | 42 -0.00972  1.16938e-02
 43 -0.00932 -5.10010e-03 | 44 -0.00888 -1.78237e-02 | 45 -0.00831 -4.63624e-03
 46 -0.00774  3.02944e-04 | 47 -0.00724 -1.24089e-02 | 48 -0.00662  2.93517e-03
 49 -0.00598  2.75040e-02 | 50 -0.00551  1.47143e-02 | 51 -0.00513 -1.44981e-02
 52 -0.00471 -2.10745e-02 | 53 -0.00425 -5.84306e-03 | 54 -0.00384  1.10983e-02
 55 -0.00350  1.95216e-02 | 56 -0.00322  1.97746e-02 | 57 -0.00297  1.45845e-02
 58 -0.00273  5.41909e-03 | 59 -0.00245 -6.98017e-03 | 60 -0.00210 -1.89832e-02
 61 -0.00159 -1.80627e-02 | 62 -0.00084  5.58174e-03 | 63  0.00002  1.23698e-02
 64  0.00094 -1.78869e-02 | 65  0.00235  9.65390e-03 | 66  0.00387 -5.00474e-03
 67  0.00582  8.35464e-03 | 68  0.00805  8.86037e-03 | 69  0.01066  1.76042e-02
 70  0.01350  2.72135e-03 | 71  0.01667 -6.36371e-03 | 72  0.02018  4.65833e-03
 73  0.02376  1.41198e-03 | 74  0.02731 -1.89112e-03 | 75  0.03066  2.87891e-03
 76  0.03350  2.53438e-03 | 77  0.03560  3.10898e-03 | 78  0.03683  3.07255e-03
 79  0.03713  3.25366e-03 | 80  0.03659  2.10450e-03 | 81  0.03536  3.67947e-03
 82  0.03351  6.27547e-03 | 83  0.03099  2.34656e-03 | 84  0.02777  9.55731e-04
 85  0.02388  7.07278e-03 | 86  0.01942  4.33400e-03 | 87  0.01479 -3.34308e-03
 88  0.01066  1.87413e-02 | 89  0.00713 -8.13574e-03 | 90  0.00484  1.44941e-02
 91  0.00336  3.40408e-03 | 92  0.00262  5.75110e-03 | 93  0.00233  5.29716e-03
 94  0.00247 -1.53390e-02 | 95  0.00370  2.28699e-02 | 96  0.00553  2.20801e-03
 97  0.00739 -3.84765e-03 | 98  0.00803  6.74928e-03 | 99  0.00747  6.20043e-03
100  0.00582  7.44247e-03 |101  0.00635  1.65529e-02 |102  0.00435 -1.23813e-02
103  0.00285  4.97521e-03 |104  0.00514  3.51129e-03 |105  0.00110  6.38009e-03
106 -0.00008  1.56517e-03 |107  0.02166 -2.14622e-03 |108  0.02142  2.74994e-03
109  0.02014 -2.44431e-03 |110  0.02768 -2.77703e-03 |111  0.04135 -4.98428e-03
112  0.01849 -9.25170e-05 |113 -0.01261 -8.18249e-03 |114  0.00697  1.51391e-03
115  0.01283 -5.67053e-03 |116 -0.01176 -4.27506e-04 |117 -0.04728 -1.62877e-03
118 -0.06270 -2.01648e-03 |119 -0.05525 -1.02223e-03 |120 -0.02929 -3.59894e-03
121  0.01617 -1.48470e-03 |122  0.05560 -7.29494e-03 |123 -0.00409 -4.94104e-03
124 -0.02866 -2.08418e-03 |125 -0.01349 -1.27320e-03 |126  0.00873 -3.15133e-03
127  0.03754  1.32848e-02 |128  0.02507 -1.41462e-02 |129  0.02841 -1.43605e-03
130  0.05059  3.25677e-03 |131  0.02118  8.79674e-03 |132  0.01301 -1.05803e-02
133  0.01759 -2.98953e-03 |134 -0.00354  4.86992e-03 |135  0.02161 -4.19476e-03
136 -0.01467 -1.71969e-03 |137 -0.03165 -2.57411e-03 |138 -0.02439 -5.25455e-05
139 -0.00849 -3.90754e-03 |140  0.02800  2.69532e-03 |141  0.03831  1.01000e-03
142  0.00758 -4.45444e-03 |143 -0.00174 -8.85538e-04 |144 -0.00026  1.19659e-02
145  0.29895  4.51131e-04 |146  0.24128  6.50036e-02 |147  0.07648  4.90703e-04
148  0.29985 -3.17993e-03 |149  0.01678 -1.97423e-03 |150 -0.11429 -1.38867e-02
151 -0.55228  2.53653e-03 |152  0.66286 -2.10343e-03 |153  0.06732  3.58627e-03
154 -0.22252 -3.20584e-03 |155  0.21303  1.51952e-03 |156  0.26494  1.17130e-02
157  0.20638 -1.11592e-02 |158  0.25998  1.87558e-02 |159 -0.00490  3.68134e-03
160 -0.09743 -2.22327e-03 |161  0.13748 -1.88008e-03 |162  0.29966  2.10546e-03
163  0.19417 -1.97547e-03 |164  0.24960  3.50129e-03 |165 -0.30291  7.37494e-03
166  0.36037 -9.88046e-03 |167  0.04152  1.72990e-02 |168 -0.16920  1.72987e-02
169  0.27244  3.36447e-03 |170  0.32866 -8.26129e-03 |171  0.07368 -2.75952e-03
172 -0.48124 -7.18857e-04 |173 -0.23787  3.48136e-04 |174  0.40636 -8.95576e-03
175  0.03512 -1.92537e-02 |176 -0.09697  7.14769e-02 |177  0.07404  4.03662e-03
178  0.14078 -6.29872e-03 |179  0.32196 -1.99817e-02 |180  0.27220  1.19236e-02
181 -0.01290  8.17144e-04 |182  0.01173 -3.43197e-03 |183 -0.13438  1.54100e-02
184 -0.12321 -1.16772e-02 |185  0.04010  1.08230e-03 |186  0.37446 -5.48463e-03
187  0.01138  3.73870e-03 |188 -0.14762  2.14861e-03 |189  0.11085 -7.79650e-04
190  0.18091  1.69842e-02 |191  0.21979  1.02186e-02 |192  0.25633 -9.28913e-03
193  0.02607 -1.94076e-03 |194 -0.00069  8.16996e-03 |195 -0.17527 -1.81949e-02
196 -0.11163 -9.03797e-03 |197 -0.96539  5.65594e-03 |198  0.47028  2.02109e-04
199  0.10792  2.24988e-01 |200 -0.25324  5.15800e-02 |
200 variables; iteration 200; function evaluation 284; phase 4
Function value 5.3456526e+03; maximum gradient component mag -4.3370e-02
Var    Value     Gradient |Var    Value     Gradient |Var    Value     Gradient
  1 -0.42181 -7.56972e-04 |  2  0.54053  6.45761e-03 |  3 -0.08336  4.75643e-03
  4 -0.18728  6.37553e-03 |  5 -0.64872  9.98545e-05 |  6 -0.59179  1.99977e-04
  7  0.53800  8.48514e-03 |  8 -0.16328  5.97381e-03 |  9 -0.13844  8.47050e-03
 10 -0.51496  1.24762e-03 | 11 -0.61691  8.01374e-04 | 12 -0.13761 -1.33371e-02
 13 -0.00997 -2.02724e-04 | 14 -0.01018 -1.33852e-04 | 15 -0.01038  4.28608e-04
 16 -0.01058  7.95318e-04 | 17 -0.01078  3.15710e-04 | 18 -0.01098 -4.79553e-04
 19 -0.01116 -6.14118e-04 | 20 -0.01133 -9.22752e-05 | 21 -0.01149  3.93893e-04
 22 -0.01165  4.05108e-04 | 23 -0.01179 -3.56276e-05 | 24 -0.01191 -1.66039e-04
 25 -0.01201  5.08659e-04 | 26 -0.01210  4.76753e-04 | 27 -0.01218 -1.04592e-03
 28 -0.01223 -1.20501e-03 | 29 -0.01225  9.08228e-04 | 30 -0.01225  1.16484e-03
 31 -0.01224 -8.91023e-04 | 32 -0.01219 -7.90294e-04 | 33 -0.01210  6.31509e-04
 34 -0.01200  1.26272e-04 | 35 -0.01185 -4.45260e-05 | 36 -0.01168  4.76083e-04
 37 -0.01146 -1.66667e-04 | 38 -0.01121 -7.50614e-04 | 39 -0.01090  1.29415e-03
 40 -0.01056  1.08688e-03 | 41 -0.01019 -1.52138e-03 | 42 -0.00976  1.22655e-03
 43 -0.00930 -5.16314e-04 | 44 -0.00881  8.31730e-04 | 45 -0.00828  2.05409e-03
 46 -0.00775 -2.27014e-03 | 47 -0.00718  2.46541e-03 | 48 -0.00663  2.55986e-05
 49 -0.00610 -2.19347e-03 | 50 -0.00556  4.34167e-04 | 51 -0.00508 -9.31958e-04
 52 -0.00463 -9.78340e-04 | 53 -0.00423  3.91804e-04 | 54 -0.00388  2.56131e-04
 55 -0.00358 -6.23292e-04 | 56 -0.00330 -1.04424e-03 | 57 -0.00303 -8.30852e-04
 58 -0.00275 -2.50548e-04 | 59 -0.00242  3.73953e-04 | 60 -0.00202  1.10742e-03
 61 -0.00150  2.53053e-03 | 62 -0.00086  3.68420e-05 | 63 -0.00004 -1.74400e-03
 64  0.00101 -4.68189e-04 | 65  0.00232  6.69445e-04 | 66  0.00389  1.56166e-04
 67  0.00578 -1.27747e-03 | 68  0.00801 -1.71549e-04 | 69  0.01058 -7.35620e-04
 70  0.01349 -6.85732e-05 | 71  0.01671  8.20900e-04 | 72  0.02017  4.11090e-05
 73  0.02376  2.11833e-04 | 74  0.02734  4.99692e-04 | 75  0.03066  1.63184e-04
 76  0.03350  1.74104e-04 | 77  0.03560  1.94715e-04 | 78  0.03682  1.60896e-04
 79  0.03713  1.80112e-04 | 80  0.03660  3.74801e-04 | 81  0.03536  1.32025e-04
 82  0.03350 -6.50721e-05 | 83  0.03100  1.12818e-04 | 84  0.02779  3.33813e-04
 85  0.02386 -2.22654e-04 | 86  0.01941  1.14272e-04 | 87  0.01482  3.32590e-04
 88  0.01059 -1.42075e-03 | 89  0.00718 -8.40356e-04 | 90  0.00480  1.42999e-03
 91  0.00336  6.48071e-04 | 92  0.00261  1.89624e-04 | 93  0.00232 -4.25788e-04
 94  0.00256  9.32020e-04 | 95  0.00362 -1.17065e-03 | 96  0.00554 -3.75606e-04
 97  0.00742 -6.09963e-04 | 98  0.00802 -5.52410e-04 | 99  0.00747  1.33753e-03
100  0.00580 -3.23994e-03 |101  0.00629 -1.17931e-03 |102  0.00443  2.45790e-03
103  0.00284 -6.77691e-04 |104  0.00514 -8.41857e-04 |105  0.00108 -1.07704e-03
106 -0.00009 -3.91035e-04 |107  0.02167  7.62575e-05 |108  0.02140 -3.10265e-04
109  0.02017 -3.39533e-04 |110  0.02767 -1.97643e-04 |111  0.04134 -2.96088e-04
112  0.01854 -3.69349e-04 |113 -0.01258  7.44967e-04 |114  0.00695 -7.55174e-04
115  0.01282  1.07285e-03 |116 -0.01175 -3.93808e-04 |117 -0.04726 -4.05802e-04
118 -0.06270 -1.55866e-04 |119 -0.05525  3.45963e-05 |120 -0.02930  5.83335e-05
121  0.01610 -8.69431e-04 |122  0.05565 -1.48449e-03 |123 -0.00407 -1.13661e-03
124 -0.02867 -8.03364e-04 |125 -0.01349 -6.75376e-04 |126  0.00875  4.44037e-05
127  0.03747 -5.77095e-04 |128  0.02514  7.14474e-04 |129  0.02841  2.56096e-04
130  0.05058  1.97264e-04 |131  0.02115 -3.98050e-04 |132  0.01305  9.01339e-05
133  0.01759  1.71110e-04 |134 -0.00358 -5.65269e-04 |135  0.02162 -6.82861e-04
136 -0.01465 -3.15777e-04 |137 -0.03165 -1.41113e-04 |138 -0.02440 -1.22250e-04
139 -0.00849 -3.13827e-04 |140  0.02795 -3.63326e-04 |141  0.03832 -6.66908e-04
142  0.00761 -5.54824e-04 |143 -0.00175 -3.31240e-05 |144 -0.00031 -8.84606e-04
145  0.29893  8.01696e-04 |146  0.24132 -1.31713e-02 |147  0.07650 -5.38199e-04
148  0.29985 -3.90516e-04 |149  0.01677 -1.72592e-03 |150 -0.11428 -3.09100e-03
151 -0.55243  1.04145e-04 |152  0.68150 -9.03018e-05 |153  0.06735  1.69233e-04
154 -0.22252  2.63983e-05 |155  0.21304  6.97332e-04 |156  0.26494  2.36253e-03
157  0.20639 -2.41228e-03 |158  0.25998  2.90240e-03 |159 -0.00491 -3.74677e-04
160 -0.09743 -2.46892e-03 |161  0.13749 -8.79197e-05 |162  0.29966  1.59875e-03
163  0.19418 -7.67101e-05 |164  0.24960  1.13091e-03 |165 -0.30295  3.21935e-04
166  0.36102  1.85553e-04 |167  0.04153  5.43468e-04 |168 -0.16920 -2.79042e-03
169  0.27246 -1.95881e-04 |170  0.32867 -1.32463e-03 |171  0.07368 -2.96171e-04
172 -0.47348 -1.92624e-04 |173 -0.23796  1.93003e-03 |174  0.40714 -2.37458e-03
175  0.03517  5.18010e-03 |176 -0.09696  1.98242e-02 |177  0.07406  6.84060e-05
178  0.14079 -1.48336e-03 |179  0.32196 -2.44018e-03 |180  0.27220  1.47877e-03
181 -0.01293 -6.05842e-04 |182  0.01173 -1.14162e-03 |183 -0.13438  7.31503e-04
184 -0.12321 -2.34468e-03 |185  0.04012 -2.59179e-04 |186  0.37446 -5.26436e-04
187  0.01137 -5.92205e-04 |188 -0.14761  3.11149e-04 |189  0.11086 -5.58777e-04
190  0.18091  2.73594e-03 |191  0.21979  2.63956e-03 |192  0.25633  8.58179e-04
193  0.02607  2.05671e-04 |194 -0.00069  2.94115e-04 |195 -0.17526 -4.64133e-03
196 -0.11163 -1.93799e-03 |197 -0.96678 -6.02762e-04 |198  0.46712  3.05418e-05
199  0.10791 -4.33698e-02 |200 -0.25323 -1.17973e-02 |
200 variables; iteration 220; function evaluation 317; phase 4
Function value 5.3456526e+03; maximum gradient component mag 5.1762e-03
Var    Value     Gradient |Var    Value     Gradient |Var    Value     Gradient
  1 -0.42181  2.42486e-04 |  2  0.54054 -1.82766e-04 |  3 -0.08336 -8.77791e-05
  4 -0.18729 -1.01770e-04 |  5 -0.64872 -2.88842e-05 |  6 -0.59179  8.95544e-05
  7  0.53801 -3.62537e-04 |  8 -0.16328 -2.94287e-04 |  9 -0.13845 -2.86552e-04
 10 -0.51496 -2.27204e-05 | 11 -0.61691  8.70286e-05 | 12 -0.13761  1.53699e-03
 13 -0.00997  1.69071e-05 | 14 -0.01018 -1.95717e-05 | 15 -0.01038 -2.39964e-05
 16 -0.01059  1.29752e-04 | 17 -0.01078  2.33193e-05 | 18 -0.01098 -1.27807e-04
 19 -0.01116  5.33645e-05 | 20 -0.01133 -1.22262e-05 | 21 -0.01150 -1.41495e-04
 22 -0.01165  5.80871e-05 | 23 -0.01178  7.12075e-05 | 24 -0.01191 -9.73387e-06
 25 -0.01202 -4.71871e-05 | 26 -0.01211 -9.62275e-05 | 27 -0.01218 -1.51777e-05
 28 -0.01223 -1.85318e-05 | 29 -0.01225 -3.68159e-05 | 30 -0.01226 -3.14434e-05
 31 -0.01223 -2.31563e-05 | 32 -0.01218 -1.34926e-05 | 33 -0.01211 -7.11956e-05
 34 -0.01200  8.84649e-06 | 35 -0.01185  5.73543e-05 | 36 -0.01168 -4.54283e-06
 37 -0.01146 -8.33313e-05 | 38 -0.01120  5.59841e-05 | 39 -0.01091  7.23743e-05
 40 -0.01057  2.48996e-05 | 41 -0.01018  5.64290e-05 | 42 -0.00976 -1.54928e-04
 43 -0.00930  6.07741e-05 | 44 -0.00881 -2.95750e-05 | 45 -0.00829  2.67209e-04
 46 -0.00774  1.86659e-04 | 47 -0.00719  6.18362e-05 | 48 -0.00663 -7.10039e-05
 49 -0.00609  1.29843e-04 | 50 -0.00556 -2.78745e-05 | 51 -0.00508 -1.39384e-04
 52 -0.00463  2.83634e-04 | 53 -0.00423 -1.20002e-04 | 54 -0.00388 -1.05301e-04
 55 -0.00357 -1.73780e-04 | 56 -0.00330 -2.30549e-04 | 57 -0.00303 -2.92876e-05
 58 -0.00275  1.89361e-04 | 59 -0.00242  3.11717e-05 | 60 -0.00202  1.00195e-04
 61 -0.00151  3.00894e-05 | 62 -0.00086  4.30042e-05 | 63 -0.00003 -1.40770e-04
 64  0.00102  3.44089e-04 | 65  0.00231 -6.22428e-05 | 66  0.00389 -4.27947e-04
 67  0.00579  5.05213e-05 | 68  0.00801  3.43322e-05 | 69  0.01058 -1.11562e-04
 70  0.01349 -2.32688e-05 | 71  0.01671  1.84624e-04 | 72  0.02017 -3.68183e-05
 73  0.02376 -4.61903e-05 | 74  0.02733 -2.67114e-05 | 75  0.03066 -5.48577e-05
 76  0.03350  2.85336e-05 | 77  0.03560  9.24496e-06 | 78  0.03682  1.68408e-05
 79  0.03713  2.12456e-05 | 80  0.03660  1.36618e-05 | 81  0.03536  2.81218e-06
 82  0.03350  4.73242e-05 | 83  0.03100 -5.08907e-07 | 84  0.02779  4.27075e-05
 85  0.02387 -4.23202e-06 | 86  0.01941  1.27758e-04 | 87  0.01482 -9.26864e-06
 88  0.01059 -2.05968e-04 | 89  0.00718 -5.65382e-05 | 90  0.00479 -2.84041e-04
 91  0.00336  2.10861e-04 | 92  0.00261  1.87816e-04 | 93  0.00232  2.31027e-05
 94  0.00255 -1.41144e-05 | 95  0.00362  9.28429e-05 | 96  0.00554  9.38267e-05
 97  0.00742  1.03550e-04 | 98  0.00802  2.29985e-05 | 99  0.00746 -5.61824e-05
100  0.00581  1.51900e-04 |101  0.00630 -2.91567e-05 |102  0.00442  1.64085e-05
103  0.00284  2.33102e-05 |104  0.00514  6.42546e-05 |105  0.00109  1.23496e-04
106 -0.00009  7.56250e-05 |107  0.02167 -3.52319e-05 |108  0.02140  2.41125e-05
109  0.02017 -2.10425e-05 |110  0.02767  4.60888e-05 |111  0.04133  2.41192e-05
112  0.01855  6.39414e-05 |113 -0.01258  2.88751e-05 |114  0.00695 -7.63664e-05
115  0.01282  1.12757e-05 |116 -0.01175  1.18336e-04 |117 -0.04725  3.21804e-05
118 -0.06270 -3.41047e-05 |119 -0.05525  3.81336e-05 |120 -0.02930 -1.23404e-04
121  0.01610  1.48256e-04 |122  0.05566  7.03896e-05 |123 -0.00407  2.07400e-05
124 -0.02867  9.87606e-05 |125 -0.01349 -4.20396e-05 |126  0.00875  2.33200e-05
127  0.03748  6.83294e-05 |128  0.02514  5.53620e-05 |129  0.02840 -1.10821e-04
130  0.05058 -3.82352e-05 |131  0.02115 -5.74899e-05 |132  0.01305  1.28666e-04
133  0.01759  4.61151e-05 |134 -0.00358  7.16925e-06 |135  0.02162  5.15066e-05
136 -0.01465  6.87623e-05 |137 -0.03165 -2.39974e-05 |138 -0.02440  1.28760e-04
139 -0.00850  9.81777e-05 |140  0.02794 -1.05695e-05 |141  0.03832  1.62220e-06
142  0.00761  1.67819e-04 |143 -0.00175  8.28456e-06 |144 -0.00031 -5.41374e-05
145  0.29893 -8.07797e-05 |146  0.24131  1.52044e-03 |147  0.07650 -6.55785e-05
148  0.29985  1.56880e-04 |149  0.01677  8.68424e-05 |150 -0.11428  5.47427e-05
151 -0.55245  1.73915e-05 |152  0.68247  4.38789e-06 |153  0.06736  3.01968e-05
154 -0.22252  6.46112e-06 |155  0.21304 -1.51095e-04 |156  0.26494 -7.93328e-05
157  0.20639  2.67971e-05 |158  0.25998  1.90435e-05 |159 -0.00491  8.47508e-05
160 -0.09743  1.50677e-04 |161  0.13749 -7.33525e-05 |162  0.29966 -2.23217e-05
163  0.19418 -5.75166e-05 |164  0.24960  1.68609e-05 |165 -0.30295  8.17972e-06
166  0.36107  1.75425e-06 |167  0.04153  1.01113e-04 |168 -0.16919  2.91615e-04
169  0.27247  2.94458e-05 |170  0.32867  4.67523e-05 |171  0.07368  2.34771e-05
172 -0.47128 -2.68355e-05 |173 -0.23797 -2.14828e-04 |174  0.40729  1.48569e-04
175  0.03517 -8.22851e-04 |176 -0.09696 -1.09232e-03 |177  0.07407 -3.65174e-05
178  0.14079  3.35669e-05 |179  0.32196  2.62959e-05 |180  0.27220  2.40232e-05
181 -0.01292  2.73565e-05 |182  0.01173  6.33248e-05 |183 -0.13438  1.07265e-05
184 -0.12321  6.37376e-05 |185  0.04012  6.49367e-05 |186  0.37446  3.66504e-05
187  0.01137 -5.26149e-06 |188 -0.14761 -1.66321e-05 |189  0.11086 -1.33686e-04
190  0.18091 -4.05427e-04 |191  0.21979 -3.45401e-05 |192  0.25633  1.16435e-04
193  0.02607 -2.58574e-04 |194 -0.00069 -8.07715e-05 |195 -0.17526  1.12104e-04
196 -0.11163 -2.69262e-04 |197 -0.96666  9.18496e-05 |198  0.46657 -1.45602e-06
199  0.10791  5.17622e-03 |200 -0.25322  1.18820e-03 |

 - final statistics:
200 variables; iteration 223; function evaluation 322
Function value 5.3457e+03; maximum gradient component mag -7.2569e-04
Exit code = 1;  converg criter 1.0000e-03
Var    Value     Gradient |Var    Value     Gradient |Var    Value     Gradient
  1 -0.42181 -1.79157e-05 |  2  0.54054  5.94466e-06 |  3 -0.08336 -1.70246e-06
  4 -0.18729 -4.02136e-06 |  5 -0.64872  2.90654e-06 |  6 -0.59179 -7.42341e-06
  7  0.53801  2.28985e-05 |  8 -0.16328  1.01434e-05 |  9 -0.13845  6.31485e-06
 10 -0.51496  5.68629e-07 | 11 -0.61691 -1.55995e-05 | 12 -0.13761 -2.47385e-04
 13 -0.00997 -6.68510e-05 | 14 -0.01018  3.54079e-05 | 15 -0.01038 -1.82864e-05
 16 -0.01059  7.45936e-05 | 17 -0.01078  3.58636e-06 | 18 -0.01098 -9.54785e-05
 19 -0.01116  3.30772e-05 | 20 -0.01133 -1.98019e-05 | 21 -0.01149  1.03127e-04
 22 -0.01165 -4.24448e-05 | 23 -0.01179 -1.04747e-04 | 24 -0.01191  1.20525e-04
 25 -0.01202 -1.00386e-04 | 26 -0.01211  1.22807e-04 | 27 -0.01218 -7.21163e-05
 28 -0.01223 -3.00967e-06 | 29 -0.01225  3.37185e-05 | 30 -0.01226 -2.33687e-05
 31 -0.01223  3.74878e-05 | 32 -0.01218 -6.39455e-05 | 33 -0.01211  6.64508e-05
 34 -0.01200 -2.67769e-05 | 35 -0.01185 -3.41092e-05 | 36 -0.01168  3.13330e-05
 37 -0.01146 -2.20176e-05 | 38 -0.01120  1.12072e-06 | 39 -0.01091 -1.86129e-05
 40 -0.01057 -4.08265e-05 | 41 -0.01018 -2.76771e-05 | 42 -0.00976  3.10059e-05
 43 -0.00930 -6.03692e-05 | 44 -0.00881 -8.71390e-05 | 45 -0.00829  9.46723e-06
 46 -0.00774  7.11490e-06 | 47 -0.00719  1.90593e-04 | 48 -0.00663  3.48027e-05
 49 -0.00609 -4.89782e-05 | 50 -0.00556  5.95039e-05 | 51 -0.00507  1.85317e-04
 52 -0.00463 -2.86381e-04 | 53 -0.00423  2.56923e-04 | 54 -0.00388 -1.35183e-04
 55 -0.00357 -4.73354e-06 | 56 -0.00329  2.86359e-04 | 57 -0.00303 -4.53870e-06
 58 -0.00275 -3.48032e-04 | 59 -0.00242  1.82222e-04 | 60 -0.00202 -1.65162e-05
 61 -0.00151 -9.97795e-06 | 62 -0.00086 -9.26304e-05 | 63 -0.00003  8.18187e-06
 64  0.00102 -1.44587e-04 | 65  0.00231  5.76172e-05 | 66  0.00389 -3.86312e-05
 67  0.00579 -2.81522e-05 | 68  0.00801 -1.31986e-05 | 69  0.01058  1.82642e-05
 70  0.01349  6.31123e-06 | 71  0.01671 -2.22098e-05 | 72  0.02017  1.96973e-05
 73  0.02376  2.30216e-05 | 74  0.02733  2.14759e-05 | 75  0.03066  2.57633e-05
 76  0.03350  1.41625e-05 | 77  0.03560  1.78136e-05 | 78  0.03682  1.50276e-05
 79  0.03713  1.30537e-05 | 80  0.03660  1.22748e-05 | 81  0.03536  1.20584e-05
 82  0.03350  3.74234e-06 | 83  0.03100  9.94936e-06 | 84  0.02779 -2.04244e-06
 85  0.02387 -2.72079e-06 | 86  0.01941 -3.35370e-05 | 87  0.01482 -1.31357e-05
 88  0.01059  4.42395e-06 | 89  0.00718 -5.52989e-05 | 90  0.00479 -1.14780e-05
 91  0.00336 -2.92777e-05 | 92  0.00261  7.20570e-08 | 93  0.00232 -5.30079e-05
 94  0.00256  5.95137e-05 | 95  0.00362  5.48962e-07 | 96  0.00554  2.18584e-05
 97  0.00742  1.56430e-05 | 98  0.00802  3.48779e-05 | 99  0.00746  6.80283e-05
100  0.00581 -1.23241e-04 |101  0.00630 -3.23618e-05 |102  0.00442 -2.62433e-05
103  0.00284 -2.89741e-06 |104  0.00514  2.02128e-05 |105  0.00109  3.68949e-05
106 -0.00009 -6.14214e-05 |107  0.02167 -7.38019e-06 |108  0.02140 -3.06717e-06
109  0.02017  1.13984e-05 |110  0.02767 -5.37085e-06 |111  0.04134 -5.09117e-06
112  0.01855 -9.67378e-06 |113 -0.01258 -7.03444e-06 |114  0.00695  2.10357e-05
115  0.01282 -1.24615e-05 |116 -0.01175 -1.12080e-05 |117 -0.04725 -5.40739e-06
118 -0.06270  3.08037e-06 |119 -0.05525 -3.92100e-06 |120 -0.02930  1.33637e-05
121  0.01610 -7.48085e-06 |122  0.05566 -2.78451e-05 |123 -0.00407  1.94110e-05
124 -0.02867 -1.66770e-05 |125 -0.01349  2.44462e-05 |126  0.00875 -2.76172e-05
127  0.03748  8.28870e-06 |128  0.02514  1.42297e-06 |129  0.02840  1.86267e-05
130  0.05058  2.84086e-06 |131  0.02115  5.81492e-06 |132  0.01305 -1.17471e-05
133  0.01759  3.34709e-05 |134 -0.00358 -7.00491e-05 |135  0.02162  4.65649e-05
136 -0.01465 -1.23801e-05 |137 -0.03165  1.18083e-05 |138 -0.02440 -1.44918e-05
139 -0.00850 -8.23129e-05 |140  0.02794  7.25658e-05 |141  0.03832  6.01431e-05
142  0.00761 -1.09642e-04 |143 -0.00175  1.69349e-06 |144 -0.00031  8.98907e-05
145  0.29893  1.55412e-05 |146  0.24131 -2.33383e-04 |147  0.07650  1.56850e-05
148  0.29985 -2.36094e-05 |149  0.01677 -6.99841e-06 |150 -0.11428 -2.46546e-06
151 -0.55245 -3.83887e-06 |152  0.68242 -5.30555e-07 |153  0.06736 -1.16897e-05
154 -0.22252 -4.72474e-07 |155  0.21304  2.08295e-05 |156  0.26494 -4.71213e-06
157  0.20639  9.72864e-06 |158  0.25998 -9.80876e-06 |159 -0.00491 -1.10176e-05
160 -0.09743 -1.01630e-05 |161  0.13749  1.58165e-05 |162  0.29966 -3.22880e-06
163  0.19418  1.14285e-05 |164  0.24960 -3.58810e-06 |165 -0.30295  7.70712e-07
166  0.36107 -1.31961e-06 |167  0.04153 -1.16169e-05 |168 -0.16919 -2.11150e-05
169  0.27247 -7.91042e-07 |170  0.32867 -3.98066e-06 |171  0.07368 -3.80672e-06
172 -0.47085  6.74440e-06 |173 -0.23797  2.38540e-05 |174  0.40729 -7.59939e-06
175  0.03517  9.33319e-05 |176 -0.09696  4.06520e-05 |177  0.07407  7.73437e-06
178  0.14079  2.38585e-06 |179  0.32196 -8.92205e-06 |180  0.27220 -6.16026e-06
181 -0.01293 -2.47382e-06 |182  0.01173 -2.86177e-07 |183 -0.13438 -7.00475e-07
184 -0.12321 -3.65518e-06 |185  0.04012 -1.04320e-05 |186  0.37446 -9.28179e-06
187  0.01137  1.90069e-05 |188 -0.14761 -8.48411e-06 |189  0.11086  2.35218e-05
190  0.18091  4.87280e-05 |191  0.21979 -1.46386e-05 |192  0.25633 -2.91397e-05
193  0.02607  3.46185e-05 |194 -0.00069  1.45316e-05 |195 -0.17526 -4.12708e-06
196 -0.11163  3.81973e-05 |197 -0.96668 -8.75218e-06 |198  0.46660  3.69413e-07
199  0.10791 -7.25689e-04 |200 -0.25323 -2.00572e-04 |
Warning: the following parameters had issues
  selparm[75] is within 0.1% of lower bound: 1.30000e+01 < 1.30253e+01 < 5.00000e+01


 - final statistics:
213 variables; iteration 0; function evaluation 0
Function value 5.3457e+03; maximum gradient component mag -7.2569e-04
Exit code = 0;  converg criter 1.0000e-03
Var    Value     Gradient |Var    Value     Gradient |Var    Value     Gradient
  1 -0.42181 -1.79157e-05 |  2  0.54054  5.94466e-06 |  3 -0.08336 -1.70246e-06
  4 -0.18729 -4.02136e-06 |  5 -0.64872  2.90655e-06 |  6 -0.59179 -7.42340e-06
  7  0.53801  2.28985e-05 |  8 -0.16328  1.01434e-05 |  9 -0.13845  6.31485e-06
 10 -0.51496  5.68630e-07 | 11 -0.61691 -1.55995e-05 | 12 -0.13761 -2.47385e-04
 13 -0.00997 -6.68510e-05 | 14 -0.01018  3.54079e-05 | 15 -0.01038 -1.82864e-05
 16 -0.01059  7.45936e-05 | 17 -0.01078  3.58636e-06 | 18 -0.01098 -9.54785e-05
 19 -0.01116  3.30772e-05 | 20 -0.01133 -1.98019e-05 | 21 -0.01149  1.03127e-04
 22 -0.01165 -4.24448e-05 | 23 -0.01179 -1.04747e-04 | 24 -0.01191  1.20525e-04
 25 -0.01202 -1.00386e-04 | 26 -0.01211  1.22807e-04 | 27 -0.01218 -7.21163e-05
 28 -0.01223 -3.00967e-06 | 29 -0.01225  3.37185e-05 | 30 -0.01226 -2.33687e-05
 31 -0.01223  3.74878e-05 | 32 -0.01218 -6.39455e-05 | 33 -0.01211  6.64508e-05
 34 -0.01200 -2.67769e-05 | 35 -0.01185 -3.41092e-05 | 36 -0.01168  3.13330e-05
 37 -0.01146 -2.20176e-05 | 38 -0.01120  1.12072e-06 | 39 -0.01091 -1.86129e-05
 40 -0.01057 -4.08265e-05 | 41 -0.01018 -2.76771e-05 | 42 -0.00976  3.10059e-05
 43 -0.00930 -6.03692e-05 | 44 -0.00881 -8.71390e-05 | 45 -0.00829  9.46723e-06
 46 -0.00774  7.11490e-06 | 47 -0.00719  1.90593e-04 | 48 -0.00663  3.48027e-05
 49 -0.00609 -4.89782e-05 | 50 -0.00556  5.95039e-05 | 51 -0.00507  1.85317e-04
 52 -0.00463 -2.86381e-04 | 53 -0.00423  2.56923e-04 | 54 -0.00388 -1.35183e-04
 55 -0.00357 -4.73354e-06 | 56 -0.00329  2.86359e-04 | 57 -0.00303 -4.53870e-06
 58 -0.00275 -3.48032e-04 | 59 -0.00242  1.82222e-04 | 60 -0.00202 -1.65162e-05
 61 -0.00151 -9.97795e-06 | 62 -0.00086 -9.26304e-05 | 63 -0.00003  8.18187e-06
 64  0.00102 -1.44587e-04 | 65  0.00231  5.76172e-05 | 66  0.00389 -3.86312e-05
 67  0.00579 -2.81522e-05 | 68  0.00801 -1.31986e-05 | 69  0.01058  1.82642e-05
 70  0.01349  6.31123e-06 | 71  0.01671 -2.22098e-05 | 72  0.02017  1.96973e-05
 73  0.02376  2.30216e-05 | 74  0.02733  2.14759e-05 | 75  0.03066  2.57633e-05
 76  0.03350  1.41625e-05 | 77  0.03560  1.78136e-05 | 78  0.03682  1.50276e-05
 79  0.03713  1.30537e-05 | 80  0.03660  1.22748e-05 | 81  0.03536  1.20584e-05
 82  0.03350  3.74234e-06 | 83  0.03100  9.94936e-06 | 84  0.02779 -2.04244e-06
 85  0.02387 -2.72079e-06 | 86  0.01941 -3.35370e-05 | 87  0.01482 -1.31357e-05
 88  0.01059  4.42395e-06 | 89  0.00718 -5.52989e-05 | 90  0.00479 -1.14780e-05
 91  0.00336 -2.92777e-05 | 92  0.00261  7.20570e-08 | 93  0.00232 -5.30079e-05
 94  0.00256  5.95137e-05 | 95  0.00362  5.48962e-07 | 96  0.00554  2.18584e-05
 97  0.00742  1.56430e-05 | 98  0.00802  3.48779e-05 | 99  0.00746  6.80283e-05
100  0.00581 -1.23241e-04 |101  0.00630 -3.23618e-05 |102  0.00442 -2.62433e-05
103  0.00284 -2.89741e-06 |104  0.00514  2.02128e-05 |105  0.00109  3.68949e-05
106 -0.00009 -6.14214e-05 |107  0.02167 -7.38019e-06 |108  0.02140 -3.06717e-06
109  0.02017  1.13984e-05 |110  0.02767 -5.37085e-06 |111  0.04134 -5.09117e-06
112  0.01855 -9.67378e-06 |113 -0.01258 -7.03444e-06 |114  0.00695  2.10357e-05
115  0.01282 -1.24615e-05 |116 -0.01175 -1.12080e-05 |117 -0.04725 -5.40739e-06
118 -0.06270  3.08037e-06 |119 -0.05525 -3.92100e-06 |120 -0.02930  1.33637e-05
121  0.01610 -7.48085e-06 |122  0.05566 -2.78451e-05 |123 -0.00407  1.94110e-05
124 -0.02867 -1.66770e-05 |125 -0.01349  2.44462e-05 |126  0.00875 -2.76172e-05
127  0.03748  8.28870e-06 |128  0.02514  1.42297e-06 |129  0.02840  1.86267e-05
130  0.05058  2.84086e-06 |131  0.02115  5.81492e-06 |132  0.01305 -1.17471e-05
133  0.01759  3.34709e-05 |134 -0.00358 -7.00491e-05 |135  0.02162  4.65649e-05
136 -0.01465 -1.23801e-05 |137 -0.03165  1.18083e-05 |138 -0.02440 -1.44918e-05
139 -0.00850 -8.23129e-05 |140  0.02794  7.25658e-05 |141  0.03832  6.01431e-05
142  0.00761 -1.09642e-04 |143 -0.00175  1.69349e-06 |144 -0.00031  8.98907e-05
145  0.00000  0.00000e+00 |146  0.00000  0.00000e+00 |147  0.00000  0.00000e+00
148  0.00000  0.00000e+00 |149  0.00000  0.00000e+00 |150  0.00000  0.00000e+00
151  0.00000  0.00000e+00 |152  0.00000  0.00000e+00 |153  0.00000  0.00000e+00
154  0.00000  0.00000e+00 |155  0.00000  0.00000e+00 |156  0.00000  0.00000e+00
157  0.00000  0.00000e+00 |158  0.29893  1.55412e-05 |159  0.24131 -2.33383e-04
160  0.07650  1.56850e-05 |161  0.29985 -2.36094e-05 |162  0.01677 -6.99841e-06
163 -0.11428 -2.46546e-06 |164 -0.55245 -3.83887e-06 |165  0.68242 -5.30555e-07
166  0.06736 -1.16897e-05 |167 -0.22252 -4.72474e-07 |168  0.21304  2.08295e-05
169  0.26494 -4.71213e-06 |170  0.20639  9.72864e-06 |171  0.25998 -9.80876e-06
172 -0.00491 -1.10176e-05 |173 -0.09743 -1.01630e-05 |174  0.13749  1.58165e-05
175  0.29966 -3.22880e-06 |176  0.19418  1.14285e-05 |177  0.24960 -3.58810e-06
178 -0.30295  7.70712e-07 |179  0.36107 -1.31961e-06 |180  0.04153 -1.16169e-05
181 -0.16919 -2.11150e-05 |182  0.27247 -7.91042e-07 |183  0.32867 -3.98066e-06
184  0.07368 -3.80672e-06 |185 -0.47085  6.74440e-06 |186 -0.23797  2.38540e-05
187  0.40729 -7.59939e-06 |188  0.03517  9.33319e-05 |189 -0.09696  4.06520e-05
190  0.07407  7.73437e-06 |191  0.14079  2.38585e-06 |192  0.32196 -8.92205e-06
193  0.27220 -6.16027e-06 |194 -0.01293 -2.47382e-06 |195  0.01173 -2.86177e-07
196 -0.13438 -7.00475e-07 |197 -0.12321 -3.65518e-06 |198  0.04012 -1.04320e-05
199  0.37446 -9.28179e-06 |200  0.01137  1.90069e-05 |201 -0.14761 -8.48411e-06
202  0.11086  2.35218e-05 |203  0.18091  4.87280e-05 |204  0.21979 -1.46386e-05
205  0.25633 -2.91397e-05 |206  0.02607  3.46185e-05 |207 -0.00069  1.45316e-05
208 -0.17526 -4.12708e-06 |209 -0.11163  3.81973e-05 |210 -0.96668 -8.75218e-06
211  0.46660  3.69413e-07 |212  0.10791 -7.25689e-04 |213 -0.25323 -2.00572e-04
size of file gradfil1.tmp = 0
size of file gradfil2.tmp = 0
size of file varssave.tmp = 0
size of file cmpdiff.tmp = 600000024
