
Initial statistics: 136 variables; iteration 0; function evaluation 0; phase 1
Function value 5.3246038e+03; maximum gradient component mag -2.6596e+02
Var    Value     Gradient |Var    Value     Gradient |Var    Value     Gradient
  1 -0.42334  7.78288e+01 |  2 -0.09289 -2.65963e+02 |  3  0.00000  3.66001e+00
  4  0.00000  3.74890e+00 |  5  0.00000  3.83772e+00 |  6  0.00000  3.92616e+00
  7  0.00000  4.01399e+00 |  8  0.00000  4.10074e+00 |  9  0.00000  4.18598e+00
 10  0.00000  4.26930e+00 | 11  0.00000  4.35023e+00 | 12  0.00000  4.42832e+00
 13  0.00000  4.50308e+00 | 14  0.00000  4.57403e+00 | 15  0.00000  4.64063e+00
 16  0.00000  4.70226e+00 | 17  0.00000  4.75824e+00 | 18  0.00000  4.80781e+00
 19  0.00000  4.85024e+00 | 20  0.00000  4.88485e+00 | 21  0.00000  4.91107e+00
 22  0.00000  4.92817e+00 | 23  0.00000  4.93539e+00 | 24  0.00000  4.93181e+00
 25  0.00000  4.91635e+00 | 26  0.00000  4.88787e+00 | 27  0.00000  4.84514e+00
 28  0.00000  4.78701e+00 | 29  0.00000  4.71239e+00 | 30  0.00000  4.61998e+00
 31  0.00000  4.50975e+00 | 32  0.00000  4.38097e+00 | 33  0.00000  4.23326e+00
 34  0.00000  4.06661e+00 | 35  0.00000  3.88115e+00 | 36  0.00000  3.67727e+00
 37  0.00000  3.45573e+00 | 38  0.00000  3.21727e+00 | 39  0.00000  2.96278e+00
 40  0.00000  2.69317e+00 | 41  0.00000  2.40916e+00 | 42  0.00000  2.11088e+00
 43  0.00000  1.79760e+00 | 44  0.00000  1.46663e+00 | 45  0.00000  1.11309e+00
 46  0.00000  7.30433e-01 | 47  0.00000  3.11093e-01 | 48  0.00000 -1.53240e-01
 49  0.00000 -6.71297e-01 | 50  0.00000 -1.25196e+00 | 51  0.00000 -1.90429e+00
 52  0.00000 -2.63685e+00 | 53  0.00000 -3.45738e+00 | 54  0.00000 -4.37256e+00
 55  0.00000 -5.38549e+00 | 56  0.00000 -6.50118e+00 | 57  0.00000 -7.71684e+00
 58  0.00000 -9.02548e+00 | 59  0.00000 -1.04169e+01 | 60  0.00000 -1.18732e+01
 61  0.00000 -1.33713e+01 | 62  0.00000 -1.48794e+01 | 63  0.00000 -1.63609e+01
 64  0.00000 -1.77743e+01 | 65  0.00000 -1.90748e+01 | 66  0.00000 -2.02185e+01
 67  0.00000 -2.11714e+01 | 68  0.00000 -2.19120e+01 | 69  0.00000 -2.24318e+01
 70  0.00000 -2.27362e+01 | 71  0.00000 -2.28288e+01 | 72  0.00000 -2.27050e+01
 73  0.00000 -2.23438e+01 | 74  0.00000 -2.17134e+01 | 75  0.00000 -2.07930e+01
 76  0.00000 -1.95989e+01 | 77  0.00000 -1.82098e+01 | 78  0.00000 -1.67575e+01
 79  0.00000 -1.53942e+01 | 80  0.00000 -1.42157e+01 | 81  0.00000 -1.32382e+01
 82  0.00000 -1.24139e+01 | 83  0.00000 -1.17494e+01 | 84  0.00000 -1.13920e+01
 85  0.00000 -1.13926e+01 | 86  0.00000 -1.14970e+01 | 87  0.00000 -1.21707e+01
 88  0.00000 -1.33018e+01 | 89  0.00000 -1.50144e+01 | 90  0.00000 -1.63327e+01
 91  0.00000 -1.78232e+01 | 92  0.00000 -1.98360e+01 | 93  0.00000 -2.13641e+01
 94  0.00000 -2.63948e+01 | 95  0.00000 -3.70618e+01 | 96  0.00000 -4.41199e+01
 97  0.00000 -4.53622e+01 | 98  0.00000 -5.85685e+01 | 99  0.00000 -7.49603e+01
100  0.00000 -5.70879e+01 |101  0.00000 -2.61723e+01 |102  0.00000 -1.81734e+01
103  0.00000 -1.54295e+01 |104  0.00000 -9.04912e+00 |105  0.00000  2.43645e+01
106  0.00000  8.70082e+01 |107  0.00000  1.18108e+02 |108  0.00000  1.18084e+02
109  0.00000  8.44030e+01 |110  0.00000  5.19443e+01 |111  0.00000  4.00576e+01
112  0.00000  4.22734e+01 |113  0.00000  3.53971e+01 |114  0.00000  2.92669e+01
115  0.00000  1.37393e+01 |116  0.00000 -4.55082e+00 |117  0.00000 -1.57079e+01
118  0.00000 -2.27937e+01 |119  0.00000 -2.45630e+01 |120  0.00000 -2.16328e+01
121  0.00000 -1.79660e+01 |122  0.00000 -6.92301e+00 |123  0.00000 -3.38841e-01
124  0.00000  4.27773e+00 |125  0.00000  4.62255e+00 |126  0.00000  3.08667e+00
127  0.00000  2.85467e+00 |128  0.00000 -2.14981e-01 |129  0.00000 -1.81933e+00
130  0.00000  1.47565e-02 |131  0.00000  5.79950e-01 |132  0.00000  1.45406e-01
133  0.00000  1.35377e-04 |134  0.00000 -1.13172e-08 |135  0.27670 -3.68448e+01
136  0.18753 -5.81993e+01 |

Intermediate statistics: 136 variables; iteration 20; function evaluation 29; phase 1
Function value 5.3023438e+03; maximum gradient component mag -5.0765e+01
Var    Value     Gradient |Var    Value     Gradient |Var    Value     Gradient
  1 -0.42668 -2.67085e+01 |  2 -0.09984 -5.07646e+01 |  3 -0.00882  2.86548e-01
  4 -0.00900  2.92349e-01 |  5 -0.00919  2.98067e-01 |  6 -0.00936  3.03681e-01
  7 -0.00953  3.09181e-01 |  8 -0.00970  3.14534e-01 |  9 -0.00985  3.19713e-01
 10 -0.01000  3.24699e-01 | 11 -0.01014  3.29474e-01 | 12 -0.01026  3.34026e-01
 13 -0.01037  3.38343e-01 | 14 -0.01047  3.42420e-01 | 15 -0.01055  3.46247e-01
 16 -0.01061  3.49814e-01 | 17 -0.01065  3.53100e-01 | 18 -0.01067  3.56088e-01
 19 -0.01067  3.58774e-01 | 20 -0.01064  3.61172e-01 | 21 -0.01059  3.63320e-01
 22 -0.01050  3.65247e-01 | 23 -0.01039  3.66981e-01 | 24 -0.01025  3.68539e-01
 25 -0.01007  3.69922e-01 | 26 -0.00985  3.71121e-01 | 27 -0.00960  3.72111e-01
 28 -0.00930  3.72867e-01 | 29 -0.00896  3.73356e-01 | 30 -0.00858  3.73469e-01
 31 -0.00815  3.73238e-01 | 32 -0.00768  3.72507e-01 | 33 -0.00718  3.71080e-01
 34 -0.00664  3.68681e-01 | 35 -0.00607  3.64921e-01 | 36 -0.00549  3.59319e-01
 37 -0.00490  3.51331e-01 | 38 -0.00432  3.40332e-01 | 39 -0.00375  3.25684e-01
 40 -0.00322  3.06769e-01 | 41 -0.00274  2.83032e-01 | 42 -0.00232  2.54035e-01
 43 -0.00196  2.19519e-01 | 44 -0.00168  1.79254e-01 | 45 -0.00145  1.32937e-01
 46 -0.00127  8.01745e-02 | 47 -0.00112  2.05569e-02 | 48 -0.00097 -4.62213e-02
 49 -0.00080 -1.20252e-01 | 50 -0.00058 -2.01279e-01 | 51 -0.00027 -2.88545e-01
 52  0.00018 -3.80439e-01 | 53  0.00080 -4.74238e-01 | 54  0.00165 -5.65748e-01
 55  0.00279 -6.48608e-01 | 56  0.00430 -7.15226e-01 | 57  0.00625 -7.55508e-01
 58  0.00872 -7.59476e-01 | 59  0.01175 -7.21151e-01 | 60  0.01536 -6.45048e-01
 61  0.01942 -5.56385e-01 | 62  0.02360 -5.10597e-01 | 63  0.02733 -5.93910e-01
 64  0.02984 -8.99681e-01 | 65  0.03049 -1.47182e+00 | 66  0.02932 -2.23801e+00
 67  0.02722 -3.00462e+00 | 68  0.02544 -3.55059e+00 | 69  0.02478 -3.75333e+00
 70  0.02523 -3.63373e+00 | 71  0.02633 -3.28727e+00 | 72  0.02753 -2.81157e+00
 73  0.02842 -2.26555e+00 | 74  0.02850 -1.71209e+00 | 75  0.02703 -1.28372e+00
 76  0.02348 -1.13721e+00 | 77  0.01830 -1.31655e+00 | 78  0.01278 -1.71217e+00
 79  0.00809 -2.18385e+00 | 80  0.00466 -2.66096e+00 | 81  0.00234 -3.12133e+00
 82  0.00087 -3.52349e+00 | 83  0.00020 -3.84530e+00 | 84  0.00028 -4.20370e+00
 85  0.00094 -4.65564e+00 | 86  0.00239 -4.87270e+00 | 87  0.00419 -5.38438e+00
 88  0.00579 -6.15074e+00 | 89  0.00416 -7.77628e+00 | 90  0.00527 -8.03418e+00
 91  0.00306 -8.54717e+00 | 92 -0.00225 -9.45136e+00 | 93 -0.01034 -9.38425e+00
 94 -0.00329 -8.28015e+00 | 95  0.01681 -8.82813e+00 | 96  0.03556 -4.81968e+00
 97 -0.01193 -8.11261e+00 | 98 -0.00227 -9.50148e+00 | 99  0.10096 -6.11568e+00
100  0.00049 -9.40942e+00 |101 -0.01940 -3.26232e+00 |102  0.00272 -2.31065e+00
103 -0.00353 -7.15793e+00 |104  0.04099  2.34517e+00 |105  0.01008  9.09227e+00
106 -0.03235  2.02036e+01 |107 -0.04702  2.35121e+01 |108 -0.05926  1.68205e+01
109 -0.01917  1.82362e+01 |110  0.01360  1.54829e+01 |111  0.01864  1.40241e+01
112 -0.00078  1.18675e+01 |113 -0.00382  8.22545e+00 |114 -0.02117  2.95248e+00
115 -0.01274 -6.31976e-01 |116  0.01130 -3.27183e+00 |117  0.02047 -4.22053e+00
118  0.02723 -4.00814e+00 |119  0.02979 -3.23876e+00 |120  0.03104 -1.44427e+00
121  0.03598 -8.43654e-01 |122  0.01050  3.71111e-03 |123  0.00021  2.13209e-01
124 -0.01132  4.16447e-01 |125 -0.01320  3.99106e-01 |126 -0.01004  2.30241e-01
127 -0.01046  1.55992e-01 |128  0.00037 -1.50811e-02 |129  0.00705 -8.23490e-02
130 -0.00017 -9.38179e-04 |131 -0.00223  2.54587e-02 |132 -0.00057  6.28145e-03
133 -0.00000  5.86864e-06 |134  0.00000 -5.94795e-10 |135  0.28770  2.13005e+00
136  0.19711 -9.60213e+00 |

 - final statistics:
136 variables; iteration 29; function evaluation 43
Function value 5.3012e+03; maximum gradient component mag 7.4283e+00
Exit code = 1;  converg criter 1.0000e+01
Var    Value     Gradient |Var    Value     Gradient |Var    Value     Gradient
  1 -0.42516  3.91303e+00 |  2 -0.08756  8.64218e-01 |  3 -0.00915  1.57137e-01
  4 -0.00934  1.60937e-01 |  5 -0.00952  1.64693e-01 |  6 -0.00970  1.68383e-01
  7 -0.00988  1.71991e-01 |  8 -0.01005  1.75483e-01 |  9 -0.01021  1.78827e-01
 10 -0.01036  1.81993e-01 | 11 -0.01050  1.84950e-01 | 12 -0.01062  1.87668e-01
 13 -0.01074  1.90115e-01 | 14 -0.01084  1.92259e-01 | 15 -0.01092  1.94066e-01
 16 -0.01099  1.95495e-01 | 17 -0.01104  1.96502e-01 | 18 -0.01106  1.97036e-01
 19 -0.01106  1.97057e-01 | 20 -0.01104  1.96530e-01 | 21 -0.01100  1.95429e-01
 22 -0.01093  1.93722e-01 | 23 -0.01082  1.91373e-01 | 24 -0.01069  1.88340e-01
 25 -0.01053  1.84576e-01 | 26 -0.01033  1.80030e-01 | 27 -0.01010  1.74653e-01
 28 -0.00982  1.68404e-01 | 29 -0.00951  1.61241e-01 | 30 -0.00916  1.53091e-01
 31 -0.00876  1.43961e-01 | 32 -0.00833  1.33764e-01 | 33 -0.00786  1.22405e-01
 34 -0.00737  1.09775e-01 | 35 -0.00685  9.57448e-02 | 36 -0.00631  8.01946e-02
 37 -0.00577  6.30438e-02 | 38 -0.00523  4.42721e-02 | 39 -0.00470  2.39715e-02
 40 -0.00421  2.38301e-03 | 41 -0.00375 -2.00810e-02 | 42 -0.00334 -4.28594e-02
 43 -0.00298 -6.53366e-02 | 44 -0.00266 -8.69904e-02 | 45 -0.00238 -1.07475e-01
 46 -0.00213 -1.26593e-01 | 47 -0.00188 -1.44169e-01 | 48 -0.00161 -1.59918e-01
 49 -0.00128 -1.73516e-01 | 50 -0.00088 -1.84566e-01 | 51 -0.00036 -1.92772e-01
 52  0.00031 -1.98078e-01 | 53  0.00116 -2.01284e-01 | 54  0.00223 -2.04935e-01
 55  0.00351 -2.14524e-01 | 56  0.00500 -2.40793e-01 | 57  0.00665 -2.99439e-01
 58  0.00841 -4.08105e-01 | 59  0.01023 -5.73711e-01 | 60  0.01222 -7.66914e-01
 61  0.01474 -8.99031e-01 | 62  0.01834 -8.52628e-01 | 63  0.02296 -6.31970e-01
 64  0.02707 -5.17700e-01 | 65  0.02884 -7.97214e-01 | 66  0.02950 -1.17133e+00
 67  0.03199 -1.08342e+00 | 68  0.03548 -6.78004e-01 | 69  0.03667 -5.23495e-01
 70  0.03458 -7.95602e-01 | 71  0.03097 -1.22418e+00 | 72  0.02796 -1.45779e+00
 73  0.02613 -1.37440e+00 | 74  0.02423 -1.17275e+00 | 75  0.02028 -1.23421e+00
 76  0.01445 -1.59007e+00 | 77  0.00945 -1.78419e+00 | 78  0.00643 -1.65291e+00
 79  0.00455 -1.45188e+00 | 80  0.00318 -1.35750e+00 | 81  0.00214 -1.37360e+00
 82  0.00118 -1.46641e+00 | 83  0.00025 -1.61424e+00 | 84 -0.00000 -1.77181e+00
 85  0.00057 -1.92167e+00 | 86  0.00016 -2.18504e+00 | 87  0.00128 -2.40955e+00
 88  0.00347 -2.55421e+00 | 89  0.00680 -2.71034e+00 | 90  0.00623 -2.80456e+00
 91  0.00427 -2.90756e+00 | 92  0.00277 -2.85996e+00 | 93 -0.00379 -2.55052e+00
 94 -0.00007 -2.03231e+00 | 95  0.01778 -2.74239e+00 | 96  0.02165 -1.49091e+00
 97  0.00071  7.97121e-03 | 98  0.01533 -4.99713e-01 | 99  0.08810  2.03138e+00
100  0.02207  6.66604e-01 |101 -0.01659  1.45823e+00 |102 -0.00239  2.84006e-01
103  0.01273 -1.86227e-01 |104  0.04299  1.64023e+00 |105  0.01210  1.49186e+00
106 -0.04440  3.93965e+00 |107 -0.06109  5.10521e+00 |108 -0.06247  4.98278e+00
109 -0.02618  3.32324e+00 |110  0.01673  3.63892e+00 |111  0.01907  3.36845e+00
112 -0.00502  3.25320e+00 |113  0.00009  5.01740e+00 |114 -0.01766  2.49709e+00
115 -0.00903  9.76367e-01 |116  0.01748  8.67549e-01 |117  0.02747  1.16392e+00
118  0.03537  1.72442e+00 |119  0.03830  1.63372e+00 |120  0.03405  9.72806e-01
121  0.03878  2.55656e-01 |122  0.01049 -2.13558e-01 |123 -0.00003 -2.29962e-01
124 -0.01156  8.04869e-02 |125 -0.01333  2.24462e-01 |126 -0.01012  1.54085e-01
127 -0.01056  1.14147e-01 |128  0.00054  2.15316e-02 |129  0.00714 -6.53798e-02
130 -0.00011  1.23481e-02 |131 -0.00222  2.58999e-02 |132 -0.00056  6.88142e-03
133 -0.00000  6.60872e-06 |134  0.00000 -6.58014e-10 |135  0.27172  7.42832e+00
136  0.18436  5.35113e+00 |

Initial statistics: 146 variables; iteration 0; function evaluation 0; phase 2
Function value 5.3012133e+03; maximum gradient component mag 2.1643e+02
Var    Value     Gradient |Var    Value     Gradient |Var    Value     Gradient
  1 -0.42516  3.91303e+00 |  2  0.37110  6.22277e+01 |  3 -0.12614  1.70738e+02
  4 -0.01321  2.16427e+02 |  5 -0.70915  3.37746e-01 |  6 -0.60419 -1.77424e+01
  7  0.37628  3.10326e+00 |  8 -0.18524  1.78961e+02 |  9  0.03399  1.29688e+02
 10 -0.60948 -3.78090e+01 | 11 -0.62338 -1.05331e+02 | 12 -0.08756  8.64218e-01
 13 -0.00915  1.57137e-01 | 14 -0.00934  1.60937e-01 | 15 -0.00952  1.64693e-01
 16 -0.00970  1.68383e-01 | 17 -0.00988  1.71991e-01 | 18 -0.01005  1.75483e-01
 19 -0.01021  1.78827e-01 | 20 -0.01036  1.81993e-01 | 21 -0.01050  1.84950e-01
 22 -0.01062  1.87668e-01 | 23 -0.01074  1.90115e-01 | 24 -0.01084  1.92259e-01
 25 -0.01092  1.94066e-01 | 26 -0.01099  1.95495e-01 | 27 -0.01104  1.96502e-01
 28 -0.01106  1.97036e-01 | 29 -0.01106  1.97057e-01 | 30 -0.01104  1.96530e-01
 31 -0.01100  1.95429e-01 | 32 -0.01093  1.93722e-01 | 33 -0.01082  1.91373e-01
 34 -0.01069  1.88340e-01 | 35 -0.01053  1.84576e-01 | 36 -0.01033  1.80030e-01
 37 -0.01010  1.74653e-01 | 38 -0.00982  1.68404e-01 | 39 -0.00951  1.61241e-01
 40 -0.00916  1.53091e-01 | 41 -0.00876  1.43961e-01 | 42 -0.00833  1.33764e-01
 43 -0.00786  1.22405e-01 | 44 -0.00737  1.09775e-01 | 45 -0.00685  9.57448e-02
 46 -0.00631  8.01946e-02 | 47 -0.00577  6.30438e-02 | 48 -0.00523  4.42721e-02
 49 -0.00470  2.39715e-02 | 50 -0.00421  2.38301e-03 | 51 -0.00375 -2.00810e-02
 52 -0.00334 -4.28594e-02 | 53 -0.00298 -6.53366e-02 | 54 -0.00266 -8.69904e-02
 55 -0.00238 -1.07475e-01 | 56 -0.00213 -1.26593e-01 | 57 -0.00188 -1.44169e-01
 58 -0.00161 -1.59918e-01 | 59 -0.00128 -1.73516e-01 | 60 -0.00088 -1.84566e-01
 61 -0.00036 -1.92772e-01 | 62  0.00031 -1.98078e-01 | 63  0.00116 -2.01284e-01
 64  0.00223 -2.04935e-01 | 65  0.00351 -2.14524e-01 | 66  0.00500 -2.40793e-01
 67  0.00665 -2.99439e-01 | 68  0.00841 -4.08105e-01 | 69  0.01023 -5.73711e-01
 70  0.01222 -7.66914e-01 | 71  0.01474 -8.99031e-01 | 72  0.01834 -8.52628e-01
 73  0.02296 -6.31970e-01 | 74  0.02707 -5.17700e-01 | 75  0.02884 -7.97214e-01
 76  0.02950 -1.17133e+00 | 77  0.03199 -1.08342e+00 | 78  0.03548 -6.78004e-01
 79  0.03667 -5.23495e-01 | 80  0.03458 -7.95602e-01 | 81  0.03097 -1.22418e+00
 82  0.02796 -1.45779e+00 | 83  0.02613 -1.37440e+00 | 84  0.02423 -1.17275e+00
 85  0.02028 -1.23421e+00 | 86  0.01445 -1.59007e+00 | 87  0.00945 -1.78419e+00
 88  0.00643 -1.65291e+00 | 89  0.00455 -1.45188e+00 | 90  0.00318 -1.35750e+00
 91  0.00214 -1.37360e+00 | 92  0.00118 -1.46641e+00 | 93  0.00025 -1.61424e+00
 94 -0.00000 -1.77181e+00 | 95  0.00057 -1.92167e+00 | 96  0.00016 -2.18504e+00
 97  0.00128 -2.40955e+00 | 98  0.00347 -2.55421e+00 | 99  0.00680 -2.71034e+00
100  0.00623 -2.80456e+00 |101  0.00427 -2.90756e+00 |102  0.00277 -2.85996e+00
103 -0.00379 -2.55052e+00 |104 -0.00007 -2.03231e+00 |105  0.01778 -2.74239e+00
106  0.02165 -1.49091e+00 |107  0.00071  7.97121e-03 |108  0.01533 -4.99713e-01
109  0.08810  2.03138e+00 |110  0.02207  6.66604e-01 |111 -0.01659  1.45823e+00
112 -0.00239  2.84006e-01 |113  0.01273 -1.86227e-01 |114  0.04299  1.64023e+00
115  0.01210  1.49186e+00 |116 -0.04440  3.93965e+00 |117 -0.06109  5.10521e+00
118 -0.06247  4.98278e+00 |119 -0.02618  3.32324e+00 |120  0.01673  3.63892e+00
121  0.01907  3.36845e+00 |122 -0.00502  3.25320e+00 |123  0.00009  5.01740e+00
124 -0.01766  2.49709e+00 |125 -0.00903  9.76367e-01 |126  0.01748  8.67549e-01
127  0.02747  1.16392e+00 |128  0.03537  1.72442e+00 |129  0.03830  1.63372e+00
130  0.03405  9.72806e-01 |131  0.03878  2.55656e-01 |132  0.01049 -2.13558e-01
133 -0.00003 -2.29962e-01 |134 -0.01156  8.04869e-02 |135 -0.01333  2.24462e-01
136 -0.01012  1.54085e-01 |137 -0.01056  1.14147e-01 |138  0.00054  2.15316e-02
139  0.00714 -6.53798e-02 |140 -0.00011  1.23481e-02 |141 -0.00222  2.58999e-02
142 -0.00056  6.88142e-03 |143 -0.00000  6.60872e-06 |144  0.00000 -6.58014e-10
145  0.27172  7.42832e+00 |146  0.18436  5.35113e+00 |

Intermediate statistics: 146 variables; iteration 20; function evaluation 25; phase 2
Function value 5.2862180e+03; maximum gradient component mag 1.3477e+02
Var    Value     Gradient |Var    Value     Gradient |Var    Value     Gradient
  1 -0.42326  8.38008e+01 |  2  0.48847 -1.93758e+01 |  3 -0.10064 -3.43663e+01
  4 -0.12479 -6.34047e+00 |  5 -0.66907 -2.68228e+00 |  6 -0.60120 -1.16268e+01
  7  0.45122 -2.31101e+00 |  8 -0.17633 -9.98639e-01 |  9 -0.04544  2.91743e+01
 10 -0.52758 -2.10089e+00 | 11 -0.61961  1.34769e+02 | 12 -0.07260 -7.94806e+01
 13 -0.00950 -3.08382e-01 | 14 -0.00970 -3.16799e-01 | 15 -0.00989 -3.25462e-01
 16 -0.01008 -3.34384e-01 | 17 -0.01027 -3.43580e-01 | 18 -0.01044 -3.53062e-01
 19 -0.01061 -3.62843e-01 | 20 -0.01077 -3.72937e-01 | 21 -0.01092 -3.83362e-01
 22 -0.01105 -3.94134e-01 | 23 -0.01118 -4.05275e-01 | 24 -0.01128 -4.16808e-01
 25 -0.01137 -4.28764e-01 | 26 -0.01145 -4.41177e-01 | 27 -0.01150 -4.54081e-01
 28 -0.01153 -4.67497e-01 | 29 -0.01154 -4.81429e-01 | 30 -0.01152 -4.95884e-01
 31 -0.01148 -5.10900e-01 | 32 -0.01140 -5.26539e-01 | 33 -0.01130 -5.42872e-01
 34 -0.01117 -5.59968e-01 | 35 -0.01101 -5.77887e-01 | 36 -0.01080 -5.96665e-01
 37 -0.01056 -6.16309e-01 | 38 -0.01028 -6.36808e-01 | 39 -0.00996 -6.58145e-01
 40 -0.00959 -6.80288e-01 | 41 -0.00919 -7.03344e-01 | 42 -0.00874 -7.27378e-01
 43 -0.00825 -7.52505e-01 | 44 -0.00773 -7.78838e-01 | 45 -0.00719 -8.06459e-01
 46 -0.00662 -8.35446e-01 | 47 -0.00605 -8.65906e-01 | 48 -0.00547 -8.97942e-01
 49 -0.00492 -9.31652e-01 | 50 -0.00439 -9.67061e-01 | 51 -0.00390 -1.00401e+00
 52 -0.00345 -1.04216e+00 | 53 -0.00306 -1.08124e+00 | 54 -0.00271 -1.12119e+00
 55 -0.00241 -1.16227e+00 | 56 -0.00214 -1.20503e+00 | 57 -0.00189 -1.25004e+00
 58 -0.00164 -1.29764e+00 | 59 -0.00134 -1.34839e+00 | 60 -0.00099 -1.40277e+00
 61 -0.00054 -1.46150e+00 | 62  0.00004 -1.52521e+00 | 63  0.00079 -1.59490e+00
 64  0.00173 -1.67202e+00 | 65  0.00289 -1.75793e+00 | 66  0.00431 -1.85631e+00
 67  0.00600 -1.96934e+00 | 68  0.00798 -2.09889e+00 | 69  0.01025 -2.24504e+00
 70  0.01283 -2.40321e+00 | 71  0.01574 -2.56580e+00 | 72  0.01892 -2.72901e+00
 73  0.02221 -2.90283e+00 | 74  0.02536 -3.09856e+00 | 75  0.02822 -3.29930e+00
 76  0.03061 -3.48655e+00 | 77  0.03216 -3.67709e+00 | 78  0.03266 -3.87663e+00
 79  0.03231 -4.04649e+00 | 80  0.03136 -4.16502e+00 | 81  0.02981 -4.25564e+00
 82  0.02758 -4.34126e+00 | 83  0.02471 -4.41676e+00 | 84  0.02123 -4.46048e+00
 85  0.01721 -4.46295e+00 | 86  0.01270 -4.44662e+00 | 87  0.00810 -4.42075e+00
 88  0.00403 -4.37384e+00 | 89  0.00088 -4.31913e+00 | 90 -0.00119 -4.26655e+00
 91 -0.00224 -4.20303e+00 | 92 -0.00251 -4.10476e+00 | 93 -0.00229 -3.97415e+00
 94 -0.00161 -3.83451e+00 | 95  0.00015 -3.62739e+00 | 96  0.00329 -3.23798e+00
 97  0.00517 -2.95717e+00 | 98  0.00618 -2.68215e+00 | 99  0.00588 -2.44408e+00
100  0.00839 -1.58933e+00 |101  0.00963 -7.00381e-01 |102  0.00923  2.01116e-01
103  0.01171  1.74318e+00 |104  0.00690  1.83602e+00 |105  0.00079  5.34414e-01
106  0.02207  3.44339e+00 |107  0.03611  5.97728e+00 |108  0.01256  2.79506e+00
109  0.01617  2.27601e+00 |110  0.06956  1.15900e+01 |111  0.04846  9.57816e+00
112 -0.01662  2.45251e+00 |113 -0.00579  4.16339e-01 |114  0.01909 -8.20249e-01
115  0.03058  2.05945e+00 |116 -0.01344  3.64901e+00 |117 -0.05668  2.98380e+00
118 -0.05845  4.26396e+00 |119 -0.05427  2.41109e+00 |120 -0.01260  4.48391e+00
121  0.03633  9.79291e+00 |122  0.03213  9.48110e+00 |123 -0.00994  5.93919e+00
124 -0.01909  4.67589e+00 |125 -0.01038  3.52177e+00 |126  0.01816  3.94185e+00
127  0.02887  3.59529e+00 |128  0.03486  3.08536e+00 |129  0.04830  2.97030e+00
130  0.04130  1.79580e+00 |131  0.02514 -4.11587e-01 |132  0.02217  8.89322e-01
133  0.00535  1.92730e-01 |134 -0.01167 -9.76431e-02 |135 -0.01692 -3.10467e-01
136 -0.01775 -5.80232e-01 |137 -0.01268 -1.59756e-01 |138 -0.01355 -1.02596e+00
139 -0.00260 -6.35624e-01 |140  0.01211  8.34396e-01 |141 -0.00045  7.88670e-02
142 -0.00480 -2.52442e-01 |143 -0.00117 -8.05402e-02 |144 -0.00000 -2.46161e-07
145  0.23990 -1.87458e+01 |146  0.15063 -1.85729e+01 |

 - final statistics:
146 variables; iteration 36; function evaluation 50
Function value 5.2845e+03; maximum gradient component mag -8.4682e+00
Exit code = 1;  converg criter 1.0000e+01
Var    Value     Gradient |Var    Value     Gradient |Var    Value     Gradient
  1 -0.42581  5.26437e-01 |  2  0.50986 -2.86583e+00 |  3 -0.09324 -2.04147e+00
  4 -0.14443 -1.66137e+00 |  5 -0.67122  4.43617e-01 |  6 -0.59944  5.40156e-01
  7  0.46623 -3.64246e+00 |  8 -0.17229  1.80978e-02 |  9 -0.06335 -1.13008e+00
 10 -0.49708 -1.03013e+00 | 11 -0.62793 -8.46821e+00 | 12 -0.05523 -7.50593e+00
 13 -0.00959  3.81922e-02 | 14 -0.00979  3.92252e-02 | 15 -0.00998  4.02725e-02
 16 -0.01017  4.13337e-02 | 17 -0.01036  4.24086e-02 | 18 -0.01054  4.34970e-02
 19 -0.01071  4.45987e-02 | 20 -0.01087  4.57134e-02 | 21 -0.01102  4.68406e-02
 22 -0.01116  4.79794e-02 | 23 -0.01128  4.91286e-02 | 24 -0.01139  5.02863e-02
 25 -0.01148  5.14488e-02 | 26 -0.01156  5.26109e-02 | 27 -0.01161  5.37667e-02
 28 -0.01164  5.49127e-02 | 29 -0.01165  5.60482e-02 | 30 -0.01163  5.71704e-02
 31 -0.01159  5.82700e-02 | 32 -0.01152  5.93347e-02 | 33 -0.01142  6.03523e-02
 34 -0.01128  6.13112e-02 | 35 -0.01111  6.22008e-02 | 36 -0.01091  6.30125e-02
 37 -0.01067  6.37387e-02 | 38 -0.01038  6.43719e-02 | 39 -0.01006  6.49007e-02
 40 -0.00969  6.53063e-02 | 41 -0.00928  6.55676e-02 | 42 -0.00883  6.56556e-02
 43 -0.00834  6.55417e-02 | 44 -0.00781  6.52033e-02 | 45 -0.00726  6.46228e-02
 46 -0.00669  6.37822e-02 | 47 -0.00611  6.26615e-02 | 48 -0.00554  6.12360e-02
 49 -0.00498  5.94789e-02 | 50 -0.00444  5.73691e-02 | 51 -0.00394  5.48956e-02
 52 -0.00349  5.20487e-02 | 53 -0.00309  4.88023e-02 | 54 -0.00274  4.51029e-02
 55 -0.00244  4.08823e-02 | 56 -0.00217  3.60883e-02 | 57 -0.00192  3.07002e-02
 58 -0.00166  2.47165e-02 | 59 -0.00137  1.81330e-02 | 60 -0.00102  1.09390e-02
 61 -0.00057  3.10908e-03 | 62  0.00000 -5.39164e-03 | 63  0.00074 -1.46057e-02
 64  0.00167 -2.45459e-02 | 65  0.00284 -3.50844e-02 | 66  0.00427 -4.60356e-02
 67  0.00599 -5.71537e-02 | 68  0.00803 -6.91601e-02 | 69  0.01037 -8.54946e-02
 70  0.01299 -1.11461e-01 | 71  0.01585 -1.45572e-01 | 72  0.01895 -1.72960e-01
 73  0.02219 -1.94865e-01 | 74  0.02525 -2.39048e-01 | 75  0.02810 -2.67764e-01
 76  0.03059 -2.65124e-01 | 77  0.03202 -3.21692e-01 | 78  0.03234 -4.15960e-01
 79  0.03192 -4.79757e-01 | 80  0.03104 -4.86026e-01 | 81  0.02961 -4.68123e-01
 82  0.02740 -4.91176e-01 | 83  0.02444 -5.45967e-01 | 84  0.02104 -5.68311e-01
 85  0.01706 -5.79238e-01 | 86  0.01258 -6.00599e-01 | 87  0.00817 -5.91558e-01
 88  0.00413 -5.93368e-01 | 89  0.00088 -6.13047e-01 | 90 -0.00126 -6.23688e-01
 91 -0.00232 -6.16609e-01 | 92 -0.00259 -5.92370e-01 | 93 -0.00232 -5.59490e-01
 94 -0.00152 -5.32562e-01 | 95  0.00014 -5.17026e-01 | 96  0.00249 -5.39473e-01
 97  0.00449 -6.02117e-01 | 98  0.00577 -6.36380e-01 | 99  0.00662 -6.26484e-01
100  0.00730 -6.72105e-01 |101  0.00820 -6.46862e-01 |102  0.00765 -5.07219e-01
103  0.00703 -4.84498e-01 |104  0.00653 -3.51085e-01 |105  0.00634 -1.65783e-01
106  0.01637 -8.03221e-02 |107  0.02963  8.26558e-02 |108  0.02380  3.57971e-01
109  0.02465 -3.54489e-01 |110  0.04932  1.47500e+00 |111  0.05331  1.10567e+00
112 -0.00225  7.00488e-01 |113 -0.00164  1.62623e+00 |114  0.02116  6.56593e-01
115  0.02862  6.73307e-01 |116 -0.00639  1.42389e+00 |117 -0.05045  9.23039e-01
118 -0.05815 -8.09828e-02 |119 -0.05507 -1.02769e+00 |120 -0.01890  4.60079e-02
121  0.03087  1.23452e+00 |122  0.03774  7.94869e-01 |123 -0.00684  2.37879e-01
124 -0.02064  2.26045e-02 |125 -0.01002 -5.02838e-01 |126  0.01705 -5.81899e-01
127  0.02710 -4.88906e-01 |128  0.03261 -4.78648e-01 |129  0.04758  2.13641e-01
130  0.04217 -3.92767e-02 |131  0.03089  4.29937e-02 |132  0.01932  4.26193e-01
133  0.00938  1.41841e-01 |134 -0.01295  5.11562e-02 |135 -0.01604 -1.62052e-01
136 -0.01752 -1.83845e-01 |137 -0.01257 -3.84566e-02 |138 -0.01189 -4.43943e-01
139 -0.00272 -3.80212e-02 |140  0.00799  1.27100e-02 |141  0.00197  6.80298e-02
142 -0.00435 -5.24471e-02 |143 -0.00120 -1.39522e-04 |144 -0.00000  2.60890e-07
145  0.21897 -2.41375e+00 |146  0.13053 -8.90260e-01 |

Initial statistics: 176 variables; iteration 0; function evaluation 0; phase 3
Function value 5.2845070e+03; maximum gradient component mag -2.2337e+02
Var    Value     Gradient |Var    Value     Gradient |Var    Value     Gradient
  1 -0.42581  5.26437e-01 |  2  0.50986 -2.86583e+00 |  3 -0.09324 -2.04147e+00
  4 -0.14443 -1.66137e+00 |  5 -0.67122  4.43617e-01 |  6 -0.59944  5.40156e-01
  7  0.46623 -3.64246e+00 |  8 -0.17229  1.80978e-02 |  9 -0.06335 -1.13008e+00
 10 -0.49708 -1.03013e+00 | 11 -0.62793 -8.46821e+00 | 12 -0.05523 -7.50593e+00
 13 -0.00959  3.81922e-02 | 14 -0.00979  3.92252e-02 | 15 -0.00998  4.02725e-02
 16 -0.01017  4.13337e-02 | 17 -0.01036  4.24086e-02 | 18 -0.01054  4.34970e-02
 19 -0.01071  4.45987e-02 | 20 -0.01087  4.57134e-02 | 21 -0.01102  4.68406e-02
 22 -0.01116  4.79794e-02 | 23 -0.01128  4.91286e-02 | 24 -0.01139  5.02863e-02
 25 -0.01148  5.14488e-02 | 26 -0.01156  5.26109e-02 | 27 -0.01161  5.37667e-02
 28 -0.01164  5.49127e-02 | 29 -0.01165  5.60482e-02 | 30 -0.01163  5.71704e-02
 31 -0.01159  5.82700e-02 | 32 -0.01152  5.93347e-02 | 33 -0.01142  6.03523e-02
 34 -0.01128  6.13112e-02 | 35 -0.01111  6.22008e-02 | 36 -0.01091  6.30125e-02
 37 -0.01067  6.37387e-02 | 38 -0.01038  6.43719e-02 | 39 -0.01006  6.49007e-02
 40 -0.00969  6.53063e-02 | 41 -0.00928  6.55676e-02 | 42 -0.00883  6.56556e-02
 43 -0.00834  6.55417e-02 | 44 -0.00781  6.52033e-02 | 45 -0.00726  6.46228e-02
 46 -0.00669  6.37822e-02 | 47 -0.00611  6.26615e-02 | 48 -0.00554  6.12360e-02
 49 -0.00498  5.94789e-02 | 50 -0.00444  5.73691e-02 | 51 -0.00394  5.48956e-02
 52 -0.00349  5.20487e-02 | 53 -0.00309  4.88023e-02 | 54 -0.00274  4.51029e-02
 55 -0.00244  4.08823e-02 | 56 -0.00217  3.60883e-02 | 57 -0.00192  3.07002e-02
 58 -0.00166  2.47165e-02 | 59 -0.00137  1.81330e-02 | 60 -0.00102  1.09390e-02
 61 -0.00057  3.10908e-03 | 62  0.00000 -5.39164e-03 | 63  0.00074 -1.46057e-02
 64  0.00167 -2.45459e-02 | 65  0.00284 -3.50844e-02 | 66  0.00427 -4.60356e-02
 67  0.00599 -5.71537e-02 | 68  0.00803 -6.91601e-02 | 69  0.01037 -8.54946e-02
 70  0.01299 -1.11461e-01 | 71  0.01585 -1.45572e-01 | 72  0.01895 -1.72960e-01
 73  0.02219 -1.94865e-01 | 74  0.02525 -2.39048e-01 | 75  0.02810 -2.67764e-01
 76  0.03059 -2.65124e-01 | 77  0.03202 -3.21692e-01 | 78  0.03234 -4.15960e-01
 79  0.03192 -4.79757e-01 | 80  0.03104 -4.86026e-01 | 81  0.02961 -4.68123e-01
 82  0.02740 -4.91176e-01 | 83  0.02444 -5.45967e-01 | 84  0.02104 -5.68311e-01
 85  0.01706 -5.79238e-01 | 86  0.01258 -6.00599e-01 | 87  0.00817 -5.91558e-01
 88  0.00413 -5.93368e-01 | 89  0.00088 -6.13047e-01 | 90 -0.00126 -6.23688e-01
 91 -0.00232 -6.16609e-01 | 92 -0.00259 -5.92370e-01 | 93 -0.00232 -5.59490e-01
 94 -0.00152 -5.32562e-01 | 95  0.00014 -5.17026e-01 | 96  0.00249 -5.39473e-01
 97  0.00449 -6.02117e-01 | 98  0.00577 -6.36380e-01 | 99  0.00662 -6.26484e-01
100  0.00730 -6.72105e-01 |101  0.00820 -6.46862e-01 |102  0.00765 -5.07219e-01
103  0.00703 -4.84498e-01 |104  0.00653 -3.51085e-01 |105  0.00634 -1.65783e-01
106  0.01637 -8.03221e-02 |107  0.02963  8.26558e-02 |108  0.02380  3.57971e-01
109  0.02465 -3.54489e-01 |110  0.04932  1.47500e+00 |111  0.05331  1.10567e+00
112 -0.00225  7.00488e-01 |113 -0.00164  1.62623e+00 |114  0.02116  6.56593e-01
115  0.02862  6.73307e-01 |116 -0.00639  1.42389e+00 |117 -0.05045  9.23039e-01
118 -0.05815 -8.09828e-02 |119 -0.05507 -1.02769e+00 |120 -0.01890  4.60079e-02
121  0.03087  1.23452e+00 |122  0.03774  7.94869e-01 |123 -0.00684  2.37879e-01
124 -0.02064  2.26045e-02 |125 -0.01002 -5.02838e-01 |126  0.01705 -5.81899e-01
127  0.02710 -4.88906e-01 |128  0.03261 -4.78648e-01 |129  0.04758  2.13641e-01
130  0.04217 -3.92767e-02 |131  0.03089  4.29937e-02 |132  0.01932  4.26193e-01
133  0.00938  1.41841e-01 |134 -0.01295  5.11562e-02 |135 -0.01604 -1.62052e-01
136 -0.01752 -1.83845e-01 |137 -0.01257 -3.84566e-02 |138 -0.01189 -4.43943e-01
139 -0.00272 -3.80212e-02 |140  0.00799  1.27100e-02 |141  0.00197  6.80298e-02
142 -0.00435 -5.24471e-02 |143 -0.00120 -1.39522e-04 |144 -0.00000  2.60890e-07
145  0.21897 -2.41375e+00 |146  0.13053 -8.90260e-01 |147  0.04662 -6.02613e+01
148  0.29671  4.63709e+01 |149 -0.47544  6.43449e+00 |150  0.31377 -6.18891e+00
151  0.18255 -5.95820e+00 |152  0.25986 -8.31047e+00 |153  0.17459 -3.31327e+01
154  0.25418  3.48788e+01 |155  0.10351 -7.02397e+00 |156  0.29677  1.10868e+01
157  0.16893 -2.23103e+01 |158  0.24623  3.20968e+01 |159 -0.35197  6.96713e+00
160  0.24281 -2.21323e+01 |161  0.20265 -1.69244e+01 |162  0.31675  1.43267e+01
163 -0.38040 -2.13792e-03 |164  0.23607  1.22150e-03 |165  0.05118 -1.33766e+01
166  0.11969 -6.05015e+01 |167  0.32140  1.50822e+01 |168  0.27252  5.14436e+01
169  0.01343 -2.31309e+01 |170  0.39319  2.10720e+01 |171  0.09932 -2.23368e+02
172  0.16368 -1.96465e+02 |173  0.21870  1.31979e+02 |174  0.25726  1.96350e+02
175 -0.55411  2.67422e-01 |176  0.17113 -3.64475e+00 |

Intermediate statistics: 176 variables; iteration 20; function evaluation 23; phase 3
Function value 5.2792703e+03; maximum gradient component mag -1.0321e+02
Var    Value     Gradient |Var    Value     Gradient |Var    Value     Gradient
  1 -0.42350  1.96618e+01 |  2  0.53981  2.05162e+01 |  3 -0.08244  5.00811e+01
  4 -0.18213  4.63353e+01 |  5 -0.66236  1.01404e+01 |  6 -0.59103  5.96559e+01
  7  0.51144  5.11423e+00 |  8 -0.16561 -7.35887e+00 |  9 -0.11608  3.53658e+00
 10 -0.50458  5.58087e+00 | 11 -0.61767  6.01526e+01 | 12 -0.09263 -4.72414e+00
 13 -0.01093 -2.56973e-01 | 14 -0.01116 -2.64364e-01 | 15 -0.01140 -2.71967e-01
 16 -0.01163 -2.79790e-01 | 17 -0.01185 -2.87833e-01 | 18 -0.01207 -2.96107e-01
 19 -0.01228 -3.04616e-01 | 20 -0.01248 -3.13367e-01 | 21 -0.01267 -3.22363e-01
 22 -0.01285 -3.31608e-01 | 23 -0.01302 -3.41105e-01 | 24 -0.01317 -3.50856e-01
 25 -0.01331 -3.60863e-01 | 26 -0.01342 -3.71131e-01 | 27 -0.01352 -3.81662e-01
 28 -0.01360 -3.92463e-01 | 29 -0.01365 -4.03539e-01 | 30 -0.01368 -4.14890e-01
 31 -0.01369 -4.26508e-01 | 32 -0.01367 -4.38386e-01 | 33 -0.01361 -4.50519e-01
 34 -0.01353 -4.62907e-01 | 35 -0.01341 -4.75553e-01 | 36 -0.01325 -4.88457e-01
 37 -0.01306 -5.01617e-01 | 38 -0.01282 -5.15019e-01 | 39 -0.01255 -5.28638e-01
 40 -0.01222 -5.42430e-01 | 41 -0.01186 -5.56355e-01 | 42 -0.01145 -5.70363e-01
 43 -0.01100 -5.84404e-01 | 44 -0.01052 -5.98429e-01 | 45 -0.01001 -6.12380e-01
 46 -0.00947 -6.26177e-01 | 47 -0.00893 -6.39723e-01 | 48 -0.00838 -6.52888e-01
 49 -0.00784 -6.65522e-01 | 50 -0.00732 -6.77452e-01 | 51 -0.00683 -6.88477e-01
 52 -0.00638 -6.98349e-01 | 53 -0.00598 -7.06822e-01 | 54 -0.00562 -7.13640e-01
 55 -0.00531 -7.18581e-01 | 56 -0.00501 -7.21554e-01 | 57 -0.00473 -7.22575e-01
 58 -0.00443 -7.21658e-01 | 59 -0.00409 -7.18900e-01 | 60 -0.00368 -7.14344e-01
 61 -0.00317 -7.08081e-01 | 62 -0.00253 -7.00105e-01 | 63 -0.00171 -6.90460e-01
 64 -0.00069 -6.79233e-01 | 65  0.00056 -6.66331e-01 | 66  0.00209 -6.52256e-01
 67  0.00392 -6.36857e-01 | 68  0.00606 -6.19884e-01 | 69  0.00852 -6.00888e-01
 70  0.01131 -5.79067e-01 | 71  0.01439 -5.54572e-01 | 72  0.01767 -5.28616e-01
 73  0.02105 -5.00336e-01 | 74  0.02439 -4.66665e-01 | 75  0.02743 -4.29791e-01
 76  0.02995 -3.88684e-01 | 77  0.03174 -3.37341e-01 | 78  0.03266 -2.77195e-01
 79  0.03268 -2.10769e-01 | 80  0.03189 -1.39642e-01 | 81  0.03043 -6.36508e-02
 82  0.02839  1.91389e-02 | 83  0.02577  1.08054e-01 | 84  0.02249  1.98220e-01
 85  0.01856  2.88842e-01 | 86  0.01415  3.79927e-01 | 87  0.00962  4.66817e-01
 88  0.00548  5.54488e-01 | 89  0.00216  6.47080e-01 | 90 -0.00012  7.45503e-01
 91 -0.00144  8.52166e-01 | 92 -0.00205  9.69219e-01 | 93 -0.00217  1.09972e+00
 94 -0.00176  1.25106e+00 | 95 -0.00050  1.43303e+00 | 96  0.00161  1.64943e+00
 97  0.00368  1.88305e+00 | 98  0.00459  2.11297e+00 | 99  0.00480  2.35266e+00
100  0.00448  2.59266e+00 |101  0.00544  2.76038e+00 |102  0.00455  2.85154e+00
103  0.00417  2.91971e+00 |104  0.00544  2.75289e+00 |105  0.00297  2.50216e+00
106  0.00663  2.57958e+00 |107  0.02563  2.33831e+00 |108  0.02499  1.51806e+00
109  0.02549  8.49406e-01 |110  0.03479  7.52032e-01 |111  0.05424  6.13315e-01
112  0.02130 -1.35743e+00 |113 -0.00715 -2.25055e+00 |114  0.01344 -4.20001e+00
115  0.02285 -4.55314e+00 |116  0.00030 -1.01926e+00 |117 -0.03535  6.83048e-01
118 -0.05068  6.45907e-01 |119 -0.04705 -1.92251e-01 |120 -0.02712 -1.61354e+00
121  0.01772 -6.99864e-01 |122  0.05728  1.03871e+00 |123  0.01043  1.03021e+00
124 -0.01678  6.54155e-01 |125  0.00232  1.04579e+00 |126  0.03455  8.42944e-01
127  0.04257  9.66025e-01 |128  0.05058  7.04719e-01 |129  0.06450  4.99873e-01
130  0.05942  9.20939e-02 |131  0.04169  3.86995e-01 |132  0.02752  5.32873e-01
133  0.02340  8.31871e-01 |134 -0.00541  4.38574e-01 |135 -0.00877  2.44130e-01
136 -0.01307  9.44575e-03 |137 -0.01089  1.79250e-02 |138 -0.01007  3.58309e-02
139 -0.00573  4.33015e-02 |140  0.00532  1.35613e-01 |141  0.00402 -6.30442e-03
142 -0.00395 -5.47191e-02 |143 -0.00250  5.74008e-02 |144 -0.00000  4.86002e-08
145  0.26725 -7.23833e+00 |146  0.17393 -8.48293e+00 |147  0.06828  3.72211e+01
148  0.29398 -1.03210e+02 |149 -0.50714 -1.44105e+00 |150  0.35364 -1.78719e+00
151  0.20684  1.45375e+00 |152  0.26355 -9.49209e+00 |153  0.19233 -8.78437e+00
154  0.25537  7.28845e+00 |155  0.13673  7.30040e+00 |156  0.30128 -6.77571e+00
157  0.19277  1.24328e+01 |158  0.25019 -1.38439e+01 |159 -0.34174  2.66621e+00
160  0.27822 -4.34850e+00 |161  0.24608  5.02897e+00 |162  0.32137 -1.02117e+01
163 -0.38038 -2.13776e-03 |164  0.23606  1.22143e-03 |165  0.05988  4.16914e+00
166  0.14161  4.52520e+01 |167  0.31510 -1.10275e+01 |168  0.26878 -7.12074e+01
169  0.02531 -1.50742e+01 |170  0.37594  1.33842e+01 |171  0.10754 -7.21383e+01
172  0.17905 -6.84599e+01 |173  0.21876  2.33232e+01 |174  0.25773  9.49662e+01
175 -0.56395  7.31687e-02 |176  0.21729 -2.32636e+00 |
176 variables; iteration 40; function evaluation 43; phase 3
Function value 5.2785352e+03; maximum gradient component mag 9.9264e+01
Var    Value     Gradient |Var    Value     Gradient |Var    Value     Gradient
  1 -0.42294  3.53685e+01 |  2  0.54618  3.42151e+01 |  3 -0.07973  5.76766e+01
  4 -0.18912  4.89678e+01 |  5 -0.66437  7.41667e+00 |  6 -0.59002  5.56121e+01
  7  0.51939  6.52954e+00 |  8 -0.16345  8.98827e+00 |  9 -0.12434  4.07923e+00
 10 -0.50576  5.08772e+00 | 11 -0.61794  5.05001e+01 | 12 -0.11256 -3.43485e+01
 13 -0.01052 -1.81131e-01 | 14 -0.01075 -1.85892e-01 | 15 -0.01097 -1.90758e-01
 16 -0.01118 -1.95728e-01 | 17 -0.01139 -2.00801e-01 | 18 -0.01160 -2.05978e-01
 19 -0.01179 -2.11259e-01 | 20 -0.01198 -2.16643e-01 | 21 -0.01216 -2.22129e-01
 22 -0.01232 -2.27713e-01 | 23 -0.01247 -2.33392e-01 | 24 -0.01261 -2.39163e-01
 25 -0.01273 -2.45022e-01 | 26 -0.01283 -2.50963e-01 | 27 -0.01291 -2.56981e-01
 28 -0.01297 -2.63073e-01 | 29 -0.01301 -2.69235e-01 | 30 -0.01302 -2.75462e-01
 31 -0.01301 -2.81746e-01 | 32 -0.01297 -2.88076e-01 | 33 -0.01290 -2.94442e-01
 34 -0.01279 -3.00836e-01 | 35 -0.01266 -3.07251e-01 | 36 -0.01248 -3.13680e-01
 37 -0.01227 -3.20116e-01 | 38 -0.01201 -3.26549e-01 | 39 -0.01171 -3.32970e-01
 40 -0.01137 -3.39357e-01 | 41 -0.01099 -3.45704e-01 | 42 -0.01056 -3.51996e-01
 43 -0.01009 -3.58223e-01 | 44 -0.00959 -3.64378e-01 | 45 -0.00906 -3.70457e-01
 46 -0.00850 -3.76447e-01 | 47 -0.00794 -3.82340e-01 | 48 -0.00737 -3.88110e-01
 49 -0.00681 -3.93729e-01 | 50 -0.00627 -3.99160e-01 | 51 -0.00576 -4.04354e-01
 52 -0.00530 -4.09239e-01 | 53 -0.00488 -4.13761e-01 | 54 -0.00452 -4.17871e-01
 55 -0.00419 -4.21554e-01 | 56 -0.00389 -4.24888e-01 | 57 -0.00360 -4.28034e-01
 58 -0.00330 -4.31149e-01 | 59 -0.00296 -4.34465e-01 | 60 -0.00256 -4.38179e-01
 61 -0.00205 -4.42532e-01 | 62 -0.00140 -4.47683e-01 | 63 -0.00058 -4.53824e-01
 64  0.00044 -4.61172e-01 | 65  0.00171 -4.69705e-01 | 66  0.00325 -4.80042e-01
 67  0.00510 -4.92072e-01 | 68  0.00727 -5.05616e-01 | 69  0.00977 -5.20614e-01
 70  0.01260 -5.36727e-01 | 71  0.01574 -5.53973e-01 | 72  0.01911 -5.72106e-01
 73  0.02260 -5.91170e-01 | 74  0.02605 -6.13644e-01 | 75  0.02923 -6.38759e-01
 76  0.03191 -6.61896e-01 | 77  0.03377 -6.96266e-01 | 78  0.03468 -7.40764e-01
 79  0.03472 -7.76332e-01 | 80  0.03402 -7.94130e-01 | 81  0.03268 -8.02496e-01
 82  0.03070 -8.16060e-01 | 83  0.02810 -8.29925e-01 | 84  0.02488 -8.33350e-01
 85  0.02098 -8.32198e-01 | 86  0.01659 -8.31226e-01 | 87  0.01208 -8.32128e-01
 88  0.00795 -8.39159e-01 | 89  0.00465 -8.54175e-01 | 90  0.00241 -8.76679e-01
 91  0.00116 -9.06899e-01 | 92  0.00064 -9.43014e-01 | 93  0.00060 -9.82838e-01
 94  0.00109 -1.02498e+00 | 95  0.00237 -1.06906e+00 | 96  0.00441 -1.11742e+00
 97  0.00626 -1.17051e+00 | 98  0.00665 -1.20084e+00 | 99  0.00599 -1.19412e+00
100  0.00436 -1.15831e+00 |101  0.00482 -1.11804e+00 |102  0.00334 -9.65410e-01
103  0.00234 -7.26058e-01 |104  0.00475 -4.99154e-01 |105  0.00127 -8.64849e-02
106  0.00175  5.43387e-01 |107  0.02547  1.17378e+00 |108  0.02441  1.40671e+00
109  0.02078  1.11257e+00 |110  0.03192  1.13878e+00 |111  0.04968  2.20843e+00
112  0.01965 -5.64974e-01 |113 -0.00989 -7.00034e-01 |114  0.00977 -2.01458e+00
115  0.01796 -3.36768e+00 |116 -0.00679 -1.50669e+00 |117 -0.04072 -8.01629e-01
118 -0.05542  3.60478e-01 |119 -0.04827  2.24714e+00 |120 -0.03001  1.04330e+00
121  0.01056  1.46021e+00 |122  0.05117  3.85894e+00 |123  0.00750  2.79859e+00
124 -0.01998  2.39259e+00 |125 -0.00078  3.58730e+00 |126  0.03226  3.82978e+00
127  0.03772  3.05402e+00 |128  0.04533  2.01242e+00 |129  0.06009  1.33051e+00
130  0.05338 -1.15526e-01 |131  0.03637 -1.59270e-01 |132  0.02265 -1.65311e-01
133  0.01975  3.14307e-01 |134 -0.00778  1.26672e-01 |135 -0.01039  7.51281e-02
136 -0.01379 -5.08698e-02 |137 -0.01143 -1.63259e-02 |138 -0.01051 -3.76989e-02
139 -0.00650 -1.81571e-02 |140  0.00443  6.85826e-02 |141  0.00457 -2.70310e-02
142 -0.00365 -8.21854e-02 |143 -0.00293  2.23228e-02 |144 -0.00000  1.42742e-06
145  0.29412 -1.66368e+01 |146  0.22001 -2.08844e+00 |147  0.07190  2.24213e+01
148  0.29644 -5.76176e+01 |149 -0.49525  2.13156e-01 |150  0.47567 -2.02216e-01
151  0.20887 -4.55933e+00 |152  0.26410  5.63961e+00 |153  0.19398 -1.21362e+01
154  0.25615  1.44058e+01 |155  0.12496 -2.07979e+00 |156  0.29599 -5.53772e+00
157  0.18945  6.85560e+00 |158  0.24796 -1.07884e+01 |159 -0.34514  2.76956e+00
160  0.28055 -7.88265e+00 |161  0.24103 -7.84909e-01 |162  0.32086 -6.30752e+00
163 -0.37987 -2.13413e-03 |164  0.23577  1.21979e-03 |165  0.05976 -6.29438e+00
166  0.14277  2.75422e+01 |167  0.31811  8.58838e+00 |168  0.27105 -4.11154e+01
169  0.02869 -9.82937e+00 |170  0.37426  9.07597e+00 |171  0.10880 -7.80229e+01
172  0.17918 -8.51782e+01 |173  0.21976  4.14135e+01 |174  0.25710  9.92640e+01
175 -0.68338 -7.17834e-01 |176  0.24136 -5.38239e-01 |
176 variables; iteration 60; function evaluation 67; phase 3
Function value 5.2778474e+03; maximum gradient component mag 8.2435e+00
Var    Value     Gradient |Var    Value     Gradient |Var    Value     Gradient
  1 -0.42370  4.74689e+00 |  2  0.54611  1.71408e+00 |  3 -0.08053  3.83941e+00
  4 -0.18962  1.82764e+00 |  5 -0.66355 -1.20345e+00 |  6 -0.59153 -4.70078e+00
  7  0.52335  3.35942e+00 |  8 -0.16344  6.73490e+00 |  9 -0.12670  5.10258e+00
 10 -0.50621  6.16814e-01 | 11 -0.61987 -1.64831e+00 | 12 -0.12131 -4.71567e+00
 13 -0.01029 -3.27264e-03 | 14 -0.01051 -2.83435e-03 | 15 -0.01072 -2.40904e-03
 16 -0.01093 -2.00080e-03 | 17 -0.01113 -1.62291e-03 | 18 -0.01132 -1.27604e-03
 19 -0.01151 -9.66264e-04 | 20 -0.01169 -7.03939e-04 | 21 -0.01186 -5.00367e-04
 22 -0.01201 -3.68762e-04 | 23 -0.01216 -3.23059e-04 | 24 -0.01229 -3.77303e-04
 25 -0.01240 -5.45055e-04 | 26 -0.01249 -8.39089e-04 | 27 -0.01257 -1.27341e-03
 28 -0.01262 -1.86649e-03 | 29 -0.01265 -2.64519e-03 | 30 -0.01266 -3.64370e-03
 31 -0.01264 -4.90471e-03 | 32 -0.01260 -6.46565e-03 | 33 -0.01253 -8.36093e-03
 34 -0.01242 -1.06204e-02 | 35 -0.01229 -1.32714e-02 | 36 -0.01212 -1.63420e-02
 37 -0.01191 -1.98642e-02 | 38 -0.01166 -2.38794e-02 | 39 -0.01137 -2.84329e-02
 40 -0.01104 -3.35496e-02 | 41 -0.01067 -3.93035e-02 | 42 -0.01025 -4.56971e-02
 43 -0.00980 -5.27153e-02 | 44 -0.00932 -6.03143e-02 | 45 -0.00881 -6.84221e-02
 46 -0.00828 -7.69571e-02 | 47 -0.00774 -8.58476e-02 | 48 -0.00719 -9.50338e-02
 49 -0.00666 -1.04484e-01 | 50 -0.00614 -1.14193e-01 | 51 -0.00567 -1.24171e-01
 52 -0.00523 -1.34428e-01 | 53 -0.00484 -1.44959e-01 | 54 -0.00450 -1.55710e-01
 55 -0.00421 -1.66570e-01 | 56 -0.00394 -1.77407e-01 | 57 -0.00368 -1.88087e-01
 58 -0.00341 -1.98450e-01 | 59 -0.00310 -2.08397e-01 | 60 -0.00271 -2.17840e-01
 61 -0.00222 -2.26810e-01 | 62 -0.00158 -2.35329e-01 | 63 -0.00078 -2.43514e-01
 64  0.00024 -2.51494e-01 | 65  0.00151 -2.58369e-01 | 66  0.00306 -2.64501e-01
 67  0.00493 -2.66971e-01 | 68  0.00717 -2.60383e-01 | 69  0.00981 -2.39638e-01
 70  0.01286 -2.01337e-01 | 71  0.01628 -1.50793e-01 | 72  0.01998 -9.66783e-02
 73  0.02372 -6.31420e-02 | 74  0.02717 -8.37271e-02 | 75  0.03028 -1.21107e-01
 76  0.03292 -1.49932e-01 | 77  0.03482 -1.81542e-01 | 78  0.03591 -2.00957e-01
 79  0.03610 -2.17340e-01 | 80  0.03544 -2.38908e-01 | 81  0.03406 -2.65812e-01
 82  0.03203 -3.02350e-01 | 83  0.02930 -3.56253e-01 | 84  0.02599 -3.92722e-01
 85  0.02223 -3.85912e-01 | 86  0.01808 -3.50867e-01 | 87  0.01385 -3.06418e-01
 88  0.00972 -3.24598e-01 | 89  0.00619 -3.99630e-01 | 90  0.00370 -4.84748e-01
 91  0.00222 -5.65212e-01 | 92  0.00152 -6.32226e-01 | 93  0.00135 -6.81661e-01
 94  0.00176 -7.10838e-01 | 95  0.00307 -7.10721e-01 | 96  0.00519 -7.02163e-01
 97  0.00689 -7.54658e-01 | 98  0.00717 -7.92088e-01 | 99  0.00687 -7.09004e-01
100  0.00570 -5.94210e-01 |101  0.00585 -6.74133e-01 |102  0.00448 -5.89153e-01
103  0.00353 -4.85846e-01 |104  0.00539 -6.13652e-01 |105  0.00161 -5.58083e-01
106  0.00069 -6.08157e-01 |107  0.02164 -8.41042e-01 |108  0.02193 -5.89939e-01
109  0.02017 -4.48329e-01 |110  0.03177  7.03007e-01 |111  0.04657  2.04445e+00
112  0.02163  1.13372e+00 |113 -0.01004  1.48809e+00 |114  0.01183  1.97799e+00
115  0.01562  3.93523e-01 |116 -0.00659  7.98260e-01 |117 -0.04020  1.07735e+00
118 -0.05694  1.15204e+00 |119 -0.05129  1.25807e+00 |120 -0.03024  9.76609e-01
121  0.00766  6.62336e-01 |122  0.04998  1.00398e+00 |123  0.00520  5.19727e-01
124 -0.02031  1.55276e+00 |125 -0.00436  4.79676e-01 |126  0.02848  3.53404e-01
127  0.03256 -6.95752e-02 |128  0.04370  4.36212e-01 |129  0.05537  2.81689e-01
130  0.05584  6.42798e-01 |131  0.03301 -1.04302e-01 |132  0.01892 -3.86458e-01
133  0.01732  7.61225e-02 |134 -0.01008 -1.54591e-01 |135 -0.01147  7.20982e-02
136 -0.01379  1.57191e-01 |137 -0.01180  2.59535e-02 |138 -0.01072 -1.82032e-02
139 -0.00675 -1.95104e-02 |140  0.00414  5.04132e-02 |141  0.00450 -4.66466e-02
142 -0.00353 -6.88818e-02 |143 -0.00292  1.91688e-02 |144 -0.00000  4.91323e-06
145  0.31231  1.58572e-01 |146  0.22640  7.55700e-01 |147  0.07326 -4.94358e+00
148  0.29926  8.24352e+00 |149 -0.49320  5.40606e-01 |150  0.51966 -9.95458e-02
151  0.21023 -1.94116e+00 |152  0.26438  3.18450e+00 |153  0.19641 -6.01289e-01
154  0.25610 -1.52874e-01 |155  0.13234 -7.83890e-01 |156  0.29896  2.12825e+00
157  0.18929 -2.17431e+00 |158  0.24841  3.66887e+00 |159 -0.35045  3.41823e-01
160  0.29573 -1.26878e+00 |161  0.24695 -4.25854e-01 |162  0.32370  1.72613e+00
163 -0.37470 -2.09703e-03 |164  0.23281  1.20302e-03 |165  0.06276  1.06593e-01
166  0.14131 -4.13115e+00 |167  0.31707  6.84074e-01 |168  0.27342  6.58386e+00
169  0.03396  8.77344e-01 |170  0.37300 -3.59313e-01 |171  0.11104 -1.33407e+00
172  0.18180 -1.85618e+00 |173  0.22032  1.18348e+00 |174  0.25688  1.23865e+00
175 -0.65350  2.73646e-01 |176  0.27574 -3.08795e-01 |

 - final statistics:
176 variables; iteration 73; function evaluation 90
Function value 5.2778e+03; maximum gradient component mag -9.5423e-01
Exit code = 1;  converg criter 1.0000e+00
Var    Value     Gradient |Var    Value     Gradient |Var    Value     Gradient
  1 -0.42366 -8.00282e-01 |  2  0.54815  9.16270e-01 |  3 -0.07991  4.92760e-01
  4 -0.19204  8.79498e-02 |  5 -0.66117  1.97822e-01 |  6 -0.59120 -1.70937e-01
  7  0.52685  8.50488e-01 |  8 -0.16307 -7.10912e-01 |  9 -0.12995  6.26678e-03
 10 -0.50766 -1.46596e-01 | 11 -0.61936 -1.03479e-01 | 12 -0.12420  6.81607e-01
 13 -0.01034  8.99950e-03 | 14 -0.01056  9.91734e-03 | 15 -0.01077  1.08507e-02
 16 -0.01098  1.17956e-02 | 17 -0.01118  1.27485e-02 | 18 -0.01138  1.37034e-02
 19 -0.01157  1.46535e-02 | 20 -0.01175  1.55922e-02 | 21 -0.01192  1.65125e-02
 22 -0.01208  1.74081e-02 | 23 -0.01222  1.82729e-02 | 24 -0.01235  1.91016e-02
 25 -0.01246  1.98895e-02 | 26 -0.01256  2.06321e-02 | 27 -0.01264  2.13260e-02
 28 -0.01269  2.19693e-02 | 29 -0.01272  2.25639e-02 | 30 -0.01273  2.31163e-02
 31 -0.01272  2.36404e-02 | 32 -0.01267  2.41536e-02 | 33 -0.01260  2.46778e-02
 34 -0.01249  2.52407e-02 | 35 -0.01235  2.58764e-02 | 36 -0.01218  2.66271e-02
 37 -0.01196  2.75429e-02 | 38 -0.01171  2.86803e-02 | 39 -0.01141  3.00975e-02
 40 -0.01106  3.18493e-02 | 41 -0.01067  3.39801e-02 | 42 -0.01024  3.65188e-02
 43 -0.00977  3.94819e-02 | 44 -0.00926  4.28767e-02 | 45 -0.00872  4.67080e-02
 46 -0.00816  5.09779e-02 | 47 -0.00758  5.56776e-02 | 48 -0.00700  6.07719e-02
 49 -0.00642  6.61751e-02 | 50 -0.00587  7.17320e-02 | 51 -0.00535  7.72070e-02
 52 -0.00487  8.22947e-02 | 53 -0.00444  8.66898e-02 | 54 -0.00406  9.01244e-02
 55 -0.00372  9.24006e-02 | 56 -0.00342  9.34072e-02 | 57 -0.00313  9.30576e-02
 58 -0.00283  9.11957e-02 | 59 -0.00250  8.76428e-02 | 60 -0.00210  8.21491e-02
 61 -0.00160  7.44868e-02 | 62 -0.00097  6.45639e-02 | 63 -0.00017  5.27966e-02
 64  0.00085  4.06137e-02 | 65  0.00212  3.15187e-02 | 66  0.00371  2.96201e-02
 67  0.00565  3.89792e-02 | 68  0.00795  5.35284e-02 | 69  0.01050  4.68967e-02
 70  0.01315 -1.14121e-02 | 71  0.01598 -9.32169e-02 | 72  0.01940 -9.63309e-02
 73  0.02344 -2.85527e-04 | 74  0.02692 -1.38719e-02 | 75  0.02988 -7.85532e-02
 76  0.03315  8.18931e-03 | 77  0.03593  1.35040e-01 | 78  0.03596 -6.83017e-02
 79  0.03527 -2.34604e-01 | 80  0.03478 -2.21123e-01 | 81  0.03428 -8.23114e-02
 82  0.03285  2.63361e-03 | 83  0.03040  1.85909e-02 | 84  0.02662 -8.75996e-02
 85  0.02307 -1.77027e-02 | 86  0.01899  5.39643e-02 | 87  0.01386 -7.14232e-02
 88  0.00954 -1.12887e-01 | 89  0.00647 -5.70532e-02 | 90  0.00437 -2.16044e-02
 91  0.00314 -9.09921e-03 | 92  0.00259 -3.02387e-03 | 93  0.00251  3.92363e-03
 94  0.00293  1.46274e-02 | 95  0.00415  3.05889e-02 | 96  0.00605  2.47723e-02
 97  0.00784  2.54742e-02 | 98  0.00833  6.39119e-02 | 99  0.00747  4.92703e-02
100  0.00586  8.57392e-02 |101  0.00625  6.92914e-02 |102  0.00434  1.76407e-02
103  0.00271 -4.49443e-02 |104  0.00452 -2.24019e-01 |105  0.00098 -7.81507e-02
106  0.00130  3.11966e-01 |107  0.02215  2.80765e-02 |108  0.02207  1.52962e-02
109  0.02310  2.68846e-01 |110  0.03123  3.62351e-02 |111  0.04001 -4.76132e-01
112  0.02457 -4.23902e-01 |113 -0.01080 -1.94709e-02 |114  0.00818 -1.55159e-01
115  0.01680 -1.80239e-01 |116 -0.00698 -1.16685e-01 |117 -0.04105 -2.74993e-01
118 -0.05816 -2.11551e-01 |119 -0.05340 -2.72405e-01 |120 -0.03164  8.21463e-03
121  0.00605  5.99692e-02 |122  0.05036  2.91435e-01 |123  0.00564 -6.62388e-02
124 -0.02449 -4.23116e-02 |125 -0.00457  2.40559e-01 |126  0.02788  3.85002e-02
127  0.03442  1.90898e-01 |128  0.04293  1.48006e-01 |129  0.05489 -3.83234e-02
130  0.05301 -9.66722e-03 |131  0.03369 -3.52706e-02 |132  0.02184  3.08820e-01
133  0.01663 -2.60140e-02 |134 -0.00952 -1.74836e-03 |135 -0.01198 -8.71282e-02
136 -0.01461 -1.15670e-01 |137 -0.01184  2.86212e-02 |138 -0.01057  3.71893e-02
139 -0.00713 -5.15289e-02 |140  0.00352 -1.68955e-02 |141  0.00439 -7.63906e-02
142 -0.00336 -5.58488e-02 |143 -0.00317 -2.08418e-02 |144 -0.00000  1.29691e-06
145  0.31659 -7.51292e-02 |146  0.23259  2.46935e-01 |147  0.07409 -5.01669e-01
148  0.29902  3.09305e-01 |149 -0.49796 -2.31337e-01 |150  0.52783 -8.46212e-02
151  0.21112 -6.56017e-04 |152  0.26431  1.67898e-01 |153  0.19739 -7.14618e-02
154  0.25644  2.20569e-01 |155  0.13235 -3.41326e-01 |156  0.29853 -8.41008e-02
157  0.18984 -2.63990e-01 |158  0.24828  1.45274e-01 |159 -0.35059  5.89329e-01
160  0.30408 -9.54225e-01 |161  0.24733 -1.72711e-01 |162  0.32365 -3.94679e-02
163 -0.36855 -2.05341e-03 |164  0.22928  1.18307e-03 |165  0.06263  1.03170e-01
166  0.14194 -1.14215e-02 |167  0.31689  1.09818e-01 |168  0.27309  2.82504e-02
169  0.03380 -1.34705e-01 |170  0.37268  2.52880e-01 |171  0.11132  5.86682e-01
172  0.18237  5.98158e-01 |173  0.22041 -3.08393e-01 |174  0.25693 -4.53493e-01
175 -0.67227  7.75235e-02 |176  0.31210 -1.44310e-01 |

Initial statistics: 200 variables; iteration 0; function evaluation 0; phase 4
Function value 5.2778050e+03; maximum gradient component mag -9.9021e+01
Var    Value     Gradient |Var    Value     Gradient |Var    Value     Gradient
  1 -0.42366 -8.00282e-01 |  2  0.54815  9.16270e-01 |  3 -0.07991  4.92760e-01
  4 -0.19204  8.79498e-02 |  5 -0.66117  1.97822e-01 |  6 -0.59120 -1.70937e-01
  7  0.52685  8.50488e-01 |  8 -0.16307 -7.10912e-01 |  9 -0.12995  6.26678e-03
 10 -0.50766 -1.46596e-01 | 11 -0.61936 -1.03479e-01 | 12 -0.12420  6.81607e-01
 13 -0.01034  8.99950e-03 | 14 -0.01056  9.91734e-03 | 15 -0.01077  1.08507e-02
 16 -0.01098  1.17956e-02 | 17 -0.01118  1.27485e-02 | 18 -0.01138  1.37034e-02
 19 -0.01157  1.46535e-02 | 20 -0.01175  1.55922e-02 | 21 -0.01192  1.65125e-02
 22 -0.01208  1.74081e-02 | 23 -0.01222  1.82729e-02 | 24 -0.01235  1.91016e-02
 25 -0.01246  1.98895e-02 | 26 -0.01256  2.06321e-02 | 27 -0.01264  2.13260e-02
 28 -0.01269  2.19693e-02 | 29 -0.01272  2.25639e-02 | 30 -0.01273  2.31163e-02
 31 -0.01272  2.36404e-02 | 32 -0.01267  2.41536e-02 | 33 -0.01260  2.46778e-02
 34 -0.01249  2.52407e-02 | 35 -0.01235  2.58764e-02 | 36 -0.01218  2.66271e-02
 37 -0.01196  2.75429e-02 | 38 -0.01171  2.86803e-02 | 39 -0.01141  3.00975e-02
 40 -0.01106  3.18493e-02 | 41 -0.01067  3.39801e-02 | 42 -0.01024  3.65188e-02
 43 -0.00977  3.94819e-02 | 44 -0.00926  4.28767e-02 | 45 -0.00872  4.67080e-02
 46 -0.00816  5.09779e-02 | 47 -0.00758  5.56776e-02 | 48 -0.00700  6.07719e-02
 49 -0.00642  6.61751e-02 | 50 -0.00587  7.17320e-02 | 51 -0.00535  7.72070e-02
 52 -0.00487  8.22947e-02 | 53 -0.00444  8.66898e-02 | 54 -0.00406  9.01244e-02
 55 -0.00372  9.24006e-02 | 56 -0.00342  9.34072e-02 | 57 -0.00313  9.30576e-02
 58 -0.00283  9.11957e-02 | 59 -0.00250  8.76428e-02 | 60 -0.00210  8.21491e-02
 61 -0.00160  7.44868e-02 | 62 -0.00097  6.45639e-02 | 63 -0.00017  5.27966e-02
 64  0.00085  4.06137e-02 | 65  0.00212  3.15187e-02 | 66  0.00371  2.96201e-02
 67  0.00565  3.89792e-02 | 68  0.00795  5.35284e-02 | 69  0.01050  4.68967e-02
 70  0.01315 -1.14121e-02 | 71  0.01598 -9.32169e-02 | 72  0.01940 -9.63309e-02
 73  0.02344 -2.85527e-04 | 74  0.02692 -1.38719e-02 | 75  0.02988 -7.85532e-02
 76  0.03315  8.18931e-03 | 77  0.03593  1.35040e-01 | 78  0.03596 -6.83017e-02
 79  0.03527 -2.34604e-01 | 80  0.03478 -2.21123e-01 | 81  0.03428 -8.23114e-02
 82  0.03285  2.63361e-03 | 83  0.03040  1.85909e-02 | 84  0.02662 -8.75996e-02
 85  0.02307 -1.77027e-02 | 86  0.01899  5.39643e-02 | 87  0.01386 -7.14232e-02
 88  0.00954 -1.12887e-01 | 89  0.00647 -5.70532e-02 | 90  0.00437 -2.16044e-02
 91  0.00314 -9.09921e-03 | 92  0.00259 -3.02387e-03 | 93  0.00251  3.92363e-03
 94  0.00293  1.46274e-02 | 95  0.00415  3.05889e-02 | 96  0.00605  2.47723e-02
 97  0.00784  2.54742e-02 | 98  0.00833  6.39119e-02 | 99  0.00747  4.92703e-02
100  0.00586  8.57392e-02 |101  0.00625  6.92914e-02 |102  0.00434  1.76407e-02
103  0.00271 -4.49443e-02 |104  0.00452 -2.24019e-01 |105  0.00098 -7.81507e-02
106  0.00130  3.11966e-01 |107  0.02215  2.80765e-02 |108  0.02207  1.52962e-02
109  0.02310  2.68846e-01 |110  0.03123  3.62351e-02 |111  0.04001 -4.76132e-01
112  0.02457 -4.23902e-01 |113 -0.01080 -1.94709e-02 |114  0.00818 -1.55159e-01
115  0.01680 -1.80239e-01 |116 -0.00698 -1.16685e-01 |117 -0.04105 -2.74993e-01
118 -0.05816 -2.11551e-01 |119 -0.05340 -2.72405e-01 |120 -0.03164  8.21463e-03
121  0.00605  5.99692e-02 |122  0.05036  2.91435e-01 |123  0.00564 -6.62388e-02
124 -0.02449 -4.23116e-02 |125 -0.00457  2.40559e-01 |126  0.02788  3.85002e-02
127  0.03442  1.90898e-01 |128  0.04293  1.48006e-01 |129  0.05489 -3.83234e-02
130  0.05301 -9.66722e-03 |131  0.03369 -3.52706e-02 |132  0.02184  3.08820e-01
133  0.01663 -2.60140e-02 |134 -0.00952 -1.74836e-03 |135 -0.01198 -8.71282e-02
136 -0.01461 -1.15670e-01 |137 -0.01184  2.86212e-02 |138 -0.01057  3.71893e-02
139 -0.00713 -5.15289e-02 |140  0.00352 -1.68955e-02 |141  0.00439 -7.63906e-02
142 -0.00336 -5.58488e-02 |143 -0.00317 -2.08418e-02 |144 -0.00000  1.29691e-06
145  0.31659 -7.51292e-02 |146  0.23259  2.46935e-01 |147  0.07409 -5.01669e-01
148  0.29902  3.09305e-01 |149  0.01638 -1.22452e+00 |150 -0.11477  6.83770e+00
151 -0.49796 -2.31337e-01 |152  0.52783 -8.46212e-02 |153  0.04878 -9.02260e+00
154 -0.23502 -6.56996e+00 |155  0.21112 -6.56017e-04 |156  0.26431  1.67898e-01
157  0.19739 -7.14618e-02 |158  0.25644  2.20569e-01 |159  0.00587  5.36102e+00
160 -0.09827  6.80055e+00 |161  0.13235 -3.41326e-01 |162  0.29853 -8.41008e-02
163  0.18984 -2.63990e-01 |164  0.24828  1.45274e-01 |165 -0.35059  5.89329e-01
166  0.30408 -9.54225e-01 |167  0.05275  3.63961e+00 |168 -0.18762 -9.90209e+01
169  0.24733 -1.72711e-01 |170  0.32365 -3.94679e-02 |171  0.07774  1.59000e+01
172 -0.53183 -7.23264e-04 |173 -0.36855 -2.05341e-03 |174  0.22928  1.18307e-03
175  0.07820  3.87851e-04 |176 -0.12196 -6.09347e-04 |177  0.06263  1.03170e-01
178  0.14194 -1.14215e-02 |179  0.31689  1.09818e-01 |180  0.27309  2.82504e-02
181  0.00546  4.47798e-01 |182  0.00907 -5.81748e+00 |183 -0.15012 -2.61559e+01
184 -0.12571 -1.06221e+01 |185  0.03380 -1.34705e-01 |186  0.37268  2.52880e-01
187  0.01863  2.69680e+00 |188 -0.15435 -4.39020e+00 |189  0.11132  5.86682e-01
190  0.18237  5.98158e-01 |191  0.22041 -3.08393e-01 |192  0.25693 -4.53493e-01
193  0.02453 -2.08820e+01 |194 -0.00648 -2.48122e+01 |195 -0.17628 -2.47267e+00
196 -0.11429 -5.20383e+01 |197 -0.67227  7.75235e-02 |198  0.31210 -1.44310e-01
199  0.09511 -2.47468e+01 |200 -0.25343 -5.58819e+00 |

Intermediate statistics: 200 variables; iteration 20; function evaluation 23; phase 4
Function value 5.2764659e+03; maximum gradient component mag -6.3094e+01
Var    Value     Gradient |Var    Value     Gradient |Var    Value     Gradient
  1 -0.42480 -3.77807e+01 |  2  0.54922 -4.11476e-02 |  3 -0.08051 -1.96356e+01
  4 -0.19468 -7.12021e+00 |  5 -0.65961 -6.50633e-01 |  6 -0.58996 -3.49143e+00
  7  0.52938 -7.99516e+00 |  8 -0.16352 -1.88109e+01 |  9 -0.13513 -1.35185e+01
 10 -0.50584 -3.25010e-01 | 11 -0.61829  6.99769e+00 | 12 -0.13471 -2.78031e+01
 13 -0.01010  1.05441e-01 | 14 -0.01031  1.07888e-01 | 15 -0.01052  1.10362e-01
 16 -0.01073  1.12860e-01 | 17 -0.01093  1.15381e-01 | 18 -0.01112  1.17920e-01
 19 -0.01131  1.20472e-01 | 20 -0.01148  1.23035e-01 | 21 -0.01165  1.25603e-01
 22 -0.01180  1.28172e-01 | 23 -0.01194  1.30737e-01 | 24 -0.01207  1.33291e-01
 25 -0.01218  1.35828e-01 | 26 -0.01227  1.38339e-01 | 27 -0.01234  1.40815e-01
 28 -0.01239  1.43244e-01 | 29 -0.01242  1.45612e-01 | 30 -0.01242  1.47904e-01
 31 -0.01240  1.50107e-01 | 32 -0.01235  1.52203e-01 | 33 -0.01228  1.54177e-01
 34 -0.01217  1.56006e-01 | 35 -0.01203  1.57663e-01 | 36 -0.01185  1.59116e-01
 37 -0.01164  1.60324e-01 | 38 -0.01138  1.61247e-01 | 39 -0.01108  1.61844e-01
 40 -0.01075  1.62067e-01 | 41 -0.01037  1.61905e-01 | 42 -0.00995  1.61326e-01
 43 -0.00949  1.60306e-01 | 44 -0.00900  1.58823e-01 | 45 -0.00848  1.56844e-01
 46 -0.00794  1.54327e-01 | 47 -0.00739  1.51235e-01 | 48 -0.00683  1.47514e-01
 49 -0.00629  1.43116e-01 | 50 -0.00577  1.37987e-01 | 51 -0.00529  1.32069e-01
 52 -0.00485  1.25302e-01 | 53 -0.00446  1.17657e-01 | 54 -0.00411  1.09123e-01
 55 -0.00381  9.97124e-02 | 56 -0.00354  8.94606e-02 | 57 -0.00328  7.84026e-02
 58 -0.00301  6.65484e-02 | 59 -0.00269  5.39236e-02 | 60 -0.00229  4.05437e-02
 61 -0.00179  2.64263e-02 | 62 -0.00115  1.15493e-02 | 63 -0.00033 -4.15200e-03
 64  0.00071 -2.08245e-02 | 65  0.00199 -3.87436e-02 | 66  0.00356 -5.81332e-02
 67  0.00544 -7.91195e-02 | 68  0.00765 -1.01371e-01 | 69  0.01021 -1.24540e-01
 70  0.01310 -1.49780e-01 | 71  0.01629 -1.79391e-01 | 72  0.01973 -2.11382e-01
 73  0.02332 -2.40466e-01 | 74  0.02687 -2.76883e-01 | 75  0.03015 -3.21377e-01
 76  0.03301 -3.53082e-01 | 77  0.03519 -3.78936e-01 | 78  0.03625 -4.48653e-01
 79  0.03641 -5.15178e-01 | 80  0.03589 -5.57438e-01 | 81  0.03475 -5.84259e-01
 82  0.03294 -6.19659e-01 | 83  0.03044 -6.63370e-01 | 84  0.02719 -7.15025e-01
 85  0.02331 -7.49874e-01 | 86  0.01889 -7.85070e-01 | 87  0.01431 -8.23388e-01
 88  0.01011 -8.59540e-01 | 89  0.00671 -9.03607e-01 | 90  0.00433 -9.56324e-01
 91  0.00289 -1.01717e+00 | 92  0.00213 -1.08427e+00 | 93  0.00180 -1.15456e+00
 94  0.00197 -1.22554e+00 | 95  0.00293 -1.29539e+00 | 96  0.00472 -1.35851e+00
 97  0.00649 -1.40403e+00 | 98  0.00697 -1.41014e+00 | 99  0.00645 -1.37027e+00
100  0.00496 -1.30090e+00 |101  0.00547 -1.24384e+00 |102  0.00366 -1.14732e+00
103  0.00213 -1.04976e+00 |104  0.00405 -1.01241e+00 |105  0.00035 -8.97748e-01
106 -0.00040 -7.79920e-01 |107  0.01975 -8.88301e-01 |108  0.02082 -8.14347e-01
109  0.02156 -7.54689e-01 |110  0.02716 -4.25679e-01 |111  0.03923 -1.13994e-01
112  0.02374 -3.26088e-01 |113 -0.01204  3.10216e-01 |114  0.00819  8.54583e-01
115  0.01678  1.13447e+00 |116 -0.00913  4.68226e-01 |117 -0.04197  7.21056e-02
118 -0.05809  4.30182e-01 |119 -0.05335  6.43851e-01 |120 -0.03058  1.13416e+00
121  0.00864  1.59545e+00 |122  0.04697  4.27923e-01 |123  0.00561 -2.55607e-01
124 -0.02421 -1.72691e-01 |125 -0.00741 -6.60629e-01 |126  0.02669 -9.48144e-01
127  0.03371 -8.73628e-01 |128  0.04325 -7.74691e-01 |129  0.05682 -7.03346e-01
130  0.05480 -5.51495e-01 |131  0.03533 -3.58468e-01 |132  0.02164 -2.26833e-01
133  0.01789 -1.56664e-01 |134 -0.00862 -9.96529e-02 |135 -0.01090 -6.07085e-02
136 -0.01350 -5.35283e-02 |137 -0.01146 -2.68186e-02 |138 -0.01022 -1.96257e-02
139 -0.00633  3.49498e-02 |140  0.00407  5.64709e-02 |141  0.00480 -8.09783e-03
142 -0.00299 -2.64132e-02 |143 -0.00293  1.82730e-02 |144 -0.00000 -6.40507e-07
145  0.29960 -1.50111e+01 |146  0.22943  8.55234e-01 |147  0.07800  1.05213e+01
148  0.29896 -1.76803e+01 |149  0.01612  3.59944e+00 |150 -0.11408  7.94764e+00
151 -0.51049  8.31483e-01 |152  0.52842 -8.23516e-02 |153  0.05432 -2.06589e+00
154 -0.21316  1.93231e+00 |155  0.21359 -2.15306e+00 |156  0.26397  1.73924e+00
157  0.20737 -1.71226e+00 |158  0.26051  5.80402e+00 |159 -0.00662 -5.49198e-01
160 -0.09691  4.14251e+00 |161  0.13968  3.99989e+00 |162  0.29947 -7.06202e+00
163  0.19491  3.68714e+00 |164  0.24952 -4.66712e+00 |165 -0.33785 -3.64834e+00
166  0.32217 -1.25516e+00 |167  0.04838 -1.01208e+01 |168 -0.17347 -5.15946e+01
169  0.26315  1.89599e+00 |170  0.32612 -1.14594e+00 |171  0.07604  2.00048e+01
172 -0.53181 -9.08734e-04 |173 -0.36853 -2.05331e-03 |174  0.22927  1.18302e-03
175  0.07820  3.87838e-04 |176 -0.12196 -6.09325e-04 |177  0.06783 -2.59512e+00
178  0.14058  9.54806e-01 |179  0.32116  8.43339e+00 |180  0.27181 -2.04175e+00
181 -0.00349  1.05104e+00 |182  0.01236  5.78705e-01 |183 -0.13633 -6.85674e+00
184 -0.12398  5.02462e-01 |185  0.04136  8.40932e-01 |186  0.37357  1.73923e-01
187  0.01053  4.91703e-01 |188 -0.14758  5.72992e-01 |189  0.11096 -5.52820e+01
190  0.18070 -1.57744e+01 |191  0.22005  2.79326e+01 |192  0.25583  1.66316e+01
193  0.02452 -6.30940e+01 |194 -0.00030 -1.26100e+01 |195 -0.17598 -2.25488e+01
196 -0.11362 -4.50099e+01 |197 -0.68001  1.05088e+00 |198  0.31314 -1.55621e-01
199  0.09969 -1.31985e+00 |200 -0.24535  9.63197e-02 |
200 variables; iteration 40; function evaluation 45; phase 4
Function value 5.2762713e+03; maximum gradient component mag -6.2276e+01
Var    Value     Gradient |Var    Value     Gradient |Var    Value     Gradient
  1 -0.42459 -3.36776e+01 |  2  0.55195  3.48862e-01 |  3 -0.07950 -1.20347e+01
  4 -0.19728 -6.43671e+00 |  5 -0.65974 -2.37946e+00 |  6 -0.59022 -1.56725e+01
  7  0.53484 -1.02916e-01 |  8 -0.16349 -1.91206e+01 |  9 -0.13833 -7.92188e+00
 10 -0.50813 -5.69790e-02 | 11 -0.61807  6.07850e+00 | 12 -0.13603 -1.67261e+01
 13 -0.01018  6.10556e-02 | 14 -0.01039  6.25309e-02 | 15 -0.01060  6.39972e-02
 16 -0.01081  6.54493e-02 | 17 -0.01101  6.68894e-02 | 18 -0.01121  6.83074e-02
 19 -0.01139  6.96969e-02 | 20 -0.01157  7.10539e-02 | 21 -0.01174  7.23739e-02
 22 -0.01189  7.36533e-02 | 23 -0.01204  7.48878e-02 | 24 -0.01216  7.60722e-02
 25 -0.01228  7.71998e-02 | 26 -0.01237  7.82619e-02 | 27 -0.01245  7.92491e-02
 28 -0.01250  8.01534e-02 | 29 -0.01253  8.09706e-02 | 30 -0.01254  8.17005e-02
 31 -0.01252  8.23500e-02 | 32 -0.01248  8.29202e-02 | 33 -0.01240  8.34083e-02
 34 -0.01230  8.38055e-02 | 35 -0.01216  8.40993e-02 | 36 -0.01199  8.42781e-02
 37 -0.01178  8.43351e-02 | 38 -0.01152  8.42767e-02 | 39 -0.01123  8.41182e-02
 40 -0.01089  8.38626e-02 | 41 -0.01051  8.35803e-02 | 42 -0.01009  8.32861e-02
 43 -0.00963  8.30019e-02 | 44 -0.00914  8.27469e-02 | 45 -0.00862  8.25334e-02
 46 -0.00808  8.23748e-02 | 47 -0.00752  8.22932e-02 | 48 -0.00696  8.22975e-02
 49 -0.00641  8.23840e-02 | 50 -0.00588  8.25250e-02 | 51 -0.00539  8.26636e-02
 52 -0.00493  8.27235e-02 | 53 -0.00453  8.26653e-02 | 54 -0.00417  8.24793e-02
 55 -0.00386  8.21843e-02 | 56 -0.00357  8.18285e-02 | 57 -0.00329  8.14464e-02
 58 -0.00301  8.10130e-02 | 59 -0.00267  8.05142e-02 | 60 -0.00227  7.98974e-02
 61 -0.00176  7.91223e-02 | 62 -0.00110  7.81541e-02 | 63 -0.00027  7.71417e-02
 64  0.00078  7.66293e-02 | 65  0.00208  7.80361e-02 | 66  0.00369  8.33112e-02
 67  0.00563  9.46163e-02 | 68  0.00792  1.09743e-01 | 69  0.01051  1.15827e-01
 70  0.01333  9.49803e-02 | 71  0.01637  5.82591e-02 | 72  0.01985  6.30240e-02
 73  0.02377  1.27741e-01 | 74  0.02735  1.26132e-01 | 75  0.03051  8.82686e-02
 76  0.03369  1.45257e-01 | 77  0.03631  2.25621e-01 | 78  0.03680  8.09216e-02
 79  0.03649 -4.45703e-02 | 80  0.03602 -5.57701e-02 | 81  0.03531  1.06552e-02
 82  0.03376  3.54485e-02 | 83  0.03129  9.16998e-03 | 84  0.02771 -9.98176e-02
 85  0.02401 -1.00504e-01 | 86  0.01974 -1.07229e-01 | 87  0.01479 -2.30947e-01
 88  0.01047 -3.07014e-01 | 89  0.00717 -3.39562e-01 | 90  0.00484 -3.91503e-01
 91  0.00341 -4.62692e-01 | 92  0.00264 -5.44462e-01 | 93  0.00232 -6.33112e-01
 94  0.00249 -7.28022e-01 | 95  0.00344 -8.29737e-01 | 96  0.00514 -9.51135e-01
 97  0.00680 -1.07515e+00 | 98  0.00715 -1.17332e+00 | 99  0.00629 -1.27504e+00
100  0.00460 -1.31629e+00 |101  0.00496 -1.37122e+00 |102  0.00314 -1.34815e+00
103  0.00160 -1.30412e+00 |104  0.00396 -1.29484e+00 |105  0.00004 -1.14979e+00
106 -0.00094 -8.91014e-01 |107  0.02002 -8.51139e-01 |108  0.02060 -8.14264e-01
109  0.02262 -6.22267e-01 |110  0.02793 -8.09402e-04 |111  0.03603 -3.99259e-01
112  0.02753 -6.40233e-01 |113 -0.01255 -3.24268e-01 |114  0.00661 -2.10909e-01
115  0.01446  1.46052e-01 |116 -0.00772  9.20181e-01 |117 -0.03931  8.74159e-01
118 -0.05740  8.01364e-01 |119 -0.05346  6.37780e-01 |120 -0.03196  6.40782e-01
121  0.00410  5.55637e-01 |122  0.04899  6.04726e-01 |123  0.00677 -3.55328e-01
124 -0.02521 -2.86035e-01 |125 -0.00735 -1.92474e-01 |126  0.02684 -5.53565e-01
127  0.03416 -5.12245e-01 |128  0.04404 -5.35269e-01 |129  0.05683 -6.86205e-01
130  0.05409 -6.30615e-01 |131  0.03333 -5.34397e-01 |132  0.02054 -2.29158e-01
133  0.01658 -3.57208e-01 |134 -0.00928 -2.24553e-01 |135 -0.01141 -1.87812e-01
136 -0.01392 -1.83660e-01 |137 -0.01167 -7.48017e-02 |138 -0.01052 -7.20324e-02
139 -0.00724 -7.10989e-02 |140  0.00305 -2.69829e-02 |141  0.00450 -6.27193e-02
142 -0.00332 -8.75997e-02 |143 -0.00340 -2.79166e-02 |144 -0.00000  2.06888e-06
145  0.29715 -1.19503e+01 |146  0.23758  4.36857e+00 |147  0.07959  1.23836e+01
148  0.29946 -1.63750e+01 |149  0.01569  4.92241e+00 |150 -0.11406  7.82416e+00
151 -0.56113  2.88289e-01 |152  0.53185 -5.27577e-02 |153  0.06857 -9.78098e-01
154 -0.22205 -3.43540e-01 |155  0.21430 -1.83963e+00 |156  0.26404  1.05977e+00
157  0.20553 -2.88428e+00 |158  0.25954  6.67669e+00 |159 -0.00311  7.04571e-01
160 -0.09715  2.80463e+00 |161  0.13874  7.12559e+00 |162  0.29829 -1.85164e+01
163  0.19497  3.27674e+00 |164  0.24931 -4.98601e+00 |165 -0.30368 -2.45604e-01
166  0.37030 -3.62731e-01 |167  0.04144 -4.20370e+00 |168 -0.17151 -4.15158e+01
169  0.26720  4.35949e+00 |170  0.32640 -5.99110e+00 |171  0.07588  2.77748e+01
172 -0.53169 -5.22346e-04 |173 -0.36843 -2.05261e-03 |174  0.22921  1.18270e-03
175  0.07818  3.87744e-04 |176 -0.12193 -6.09174e-04 |177  0.07131 -2.74595e+00
178  0.14210 -1.63848e+00 |179  0.32197  7.67396e+00 |180  0.27282  3.63118e+00
181 -0.00827  2.11323e-01 |182  0.01054 -1.07336e+00 |183 -0.13516 -4.88491e+00
184 -0.12294  3.77714e+00 |185  0.03831 -3.51869e-01 |186  0.37240  2.65006e-01
187  0.01348  1.23178e+00 |188 -0.14757  8.54025e-01 |189  0.11104 -5.27842e+01
190  0.18054 -1.72480e+01 |191  0.21990  2.43345e+01 |192  0.25555  1.34509e+01
193  0.02471 -6.22760e+01 |194 -0.00000 -1.19363e+01 |195 -0.17617 -2.54719e+01
196 -0.11320 -3.77818e+01 |197 -0.72752  1.38541e+00 |198  0.32044 -1.18606e-01
199  0.10161  8.73189e+00 |200 -0.25062  2.14549e+00 |
200 variables; iteration 60; function evaluation 65; phase 4
Function value 5.2760476e+03; maximum gradient component mag 1.7193e+01
Var    Value     Gradient |Var    Value     Gradient |Var    Value     Gradient
  1 -0.42340 -9.36135e+00 |  2  0.55118 -1.45628e+00 |  3 -0.08013 -2.78975e+00
  4 -0.19629  9.34518e-01 |  5 -0.66028 -2.78923e-01 |  6 -0.58984 -3.34157e+00
  7  0.53423  3.41815e-02 |  8 -0.16321 -2.69467e+00 |  9 -0.13836 -1.14241e+00
 10 -0.50853 -4.65337e-01 | 11 -0.61799  1.45992e+00 | 12 -0.13358  5.58388e+00
 13 -0.01049 -5.30723e-02 | 14 -0.01071 -5.45216e-02 | 15 -0.01093 -5.59755e-02
 16 -0.01115 -5.74248e-02 | 17 -0.01136 -5.88540e-02 | 18 -0.01156 -6.02541e-02
 19 -0.01176 -6.16114e-02 | 20 -0.01194 -6.29086e-02 | 21 -0.01212 -6.41269e-02
 22 -0.01228 -6.52457e-02 | 23 -0.01243 -6.62428e-02 | 24 -0.01256 -6.70958e-02
 25 -0.01268 -6.77817e-02 | 26 -0.01278 -6.82784e-02 | 27 -0.01286 -6.85637e-02
 28 -0.01292 -6.86151e-02 | 29 -0.01295 -6.84069e-02 | 30 -0.01296 -6.79093e-02
 31 -0.01294 -6.70873e-02 | 32 -0.01290 -6.59079e-02 | 33 -0.01282 -6.43428e-02
 34 -0.01272 -6.23722e-02 | 35 -0.01257 -5.99855e-02 | 36 -0.01240 -5.71794e-02
 37 -0.01218 -5.39544e-02 | 38 -0.01192 -5.03059e-02 | 39 -0.01161 -4.62201e-02
 40 -0.01127 -4.16897e-02 | 41 -0.01088 -3.66372e-02 | 42 -0.01045 -3.10188e-02
 43 -0.00997 -2.47774e-02 | 44 -0.00947 -1.78541e-02 | 45 -0.00893 -1.01997e-02
 46 -0.00837 -1.76599e-03 | 47 -0.00779  7.51060e-03 | 48 -0.00721  1.76873e-02
 49 -0.00664  2.88267e-02 | 50 -0.00609  4.09838e-02 | 51 -0.00557  5.41899e-02
 52 -0.00509  6.84451e-02 | 53 -0.00466  8.37615e-02 | 54 -0.00427  1.00120e-01
 55 -0.00391  1.17453e-01 | 56 -0.00359  1.35660e-01 | 57 -0.00327  1.54585e-01
 58 -0.00294  1.73967e-01 | 59 -0.00257  1.93568e-01 | 60 -0.00212  2.13064e-01
 61 -0.00157  2.32086e-01 | 62 -0.00088  2.50071e-01 | 63 -0.00002  2.66451e-01
 64  0.00105  2.80948e-01 | 65  0.00237  2.94541e-01 | 66  0.00398  3.10603e-01
 67  0.00594  3.35537e-01 | 68  0.00827  3.70868e-01 | 69  0.01089  3.90328e-01
 70  0.01352  3.36522e-01 | 71  0.01616  2.20156e-01 | 72  0.01955  2.18929e-01
 73  0.02402  4.09919e-01 | 74  0.02749  3.94183e-01 | 75  0.03019  2.79948e-01
 76  0.03374  4.17281e-01 | 77  0.03671  5.71879e-01 | 78  0.03623  2.64176e-01
 79  0.03522  2.48871e-02 | 80  0.03463  4.40661e-03 | 81  0.03429  1.52271e-01
 82  0.03301  2.46505e-01 | 83  0.03059  2.47889e-01 | 84  0.02630  2.40439e-02
 85  0.02300  1.26468e-01 | 86  0.01913  2.33116e-01 | 87  0.01345 -1.75476e-02
 88  0.00904 -7.88200e-02 | 89  0.00601 -3.30794e-03 | 90  0.00382  3.45232e-02
 91  0.00248  5.21234e-02 | 92  0.00183  7.07511e-02 | 93  0.00164  9.42109e-02
 94  0.00197  1.21288e-01 | 95  0.00311  1.50499e-01 | 96  0.00497  1.47960e-01
 97  0.00672  1.19023e-01 | 98  0.00719  9.68439e-02 | 99  0.00631  1.15794e-02
100  0.00481  1.57316e-02 |101  0.00503 -7.86004e-02 |102  0.00340 -4.67175e-02
103  0.00177 -1.00055e-01 |104  0.00477 -4.75873e-03 |105 -0.00021 -3.22353e-01
106 -0.00193 -4.84544e-01 |107  0.02146 -7.84574e-02 |108  0.01880 -9.64550e-01
109  0.01906 -1.18305e+00 |110  0.03262  1.27961e+00 |111  0.03644  3.06839e-01
112  0.03020  8.57321e-01 |113 -0.01032  3.01042e-01 |114  0.00755 -8.31705e-01
115  0.01433 -1.86652e+00 |116 -0.00911 -1.42455e+00 |117 -0.03788 -1.42260e-01
118 -0.05677 -3.19195e-01 |119 -0.05496 -1.22893e+00 |120 -0.03140 -5.95207e-01
121  0.00577 -5.16324e-01 |122  0.04925 -4.92370e-01 |123  0.00738 -5.06557e-01
124 -0.02287  4.41206e-01 |125 -0.00604  5.63020e-01 |126  0.02794  5.33206e-01
127  0.03746  1.02460e+00 |128  0.04739  7.96252e-01 |129  0.05968  2.35058e-01
130  0.05444 -2.66449e-01 |131  0.03153 -5.54999e-01 |132  0.02107  2.40218e-01
133  0.01636 -8.23780e-02 |134 -0.00780  3.40396e-01 |135 -0.00919  4.30033e-01
136 -0.01187  3.76417e-01 |137 -0.01058  1.29043e-01 |138 -0.00994  1.19713e-02
139 -0.00668  3.48872e-02 |140  0.00335  2.22570e-02 |141  0.00450 -3.41532e-02
142 -0.00377 -1.01905e-01 |143 -0.00365 -3.68235e-02 |144 -0.00000  7.77162e-06
145  0.29183 -3.38008e+00 |146  0.23160  5.57932e+00 |147  0.07878  2.46800e+00
148  0.29944 -3.70068e+00 |149  0.01557  6.24399e-01 |150 -0.11408  2.58784e+00
151 -0.63184  1.32090e-01 |152  0.56524 -1.57301e-02 |153  0.08387  1.15180e+00
154 -0.22599  4.32412e-01 |155  0.21469 -8.54531e-01 |156  0.26406 -8.61206e-01
157  0.20531 -7.25081e-01 |158  0.25880  4.39560e-01 |159 -0.00325  2.31389e-01
160 -0.09764  1.87689e-01 |161  0.13803  1.11086e+00 |162  0.29869 -4.41468e+00
163  0.19533  1.18971e+00 |164  0.24966 -9.66967e-01 |165 -0.31270 -5.20233e-01
166  0.35965 -7.49366e-01 |167  0.04327 -1.76680e+00 |168 -0.16935 -6.51303e+00
169  0.27869  1.17541e+00 |170  0.32934 -4.86836e-01 |171  0.07307  6.10562e+00
172 -0.52935 -2.30128e-03 |173 -0.36667 -2.04022e-03 |174  0.22820  1.17698e-03
175  0.07784  3.86075e-04 |176 -0.12141 -6.06495e-04 |177  0.07228 -1.07387e+00
178  0.14118 -4.86398e-01 |179  0.32110  1.84006e+00 |180  0.27215  5.17688e-01
181 -0.01043 -1.50420e-01 |182  0.01203  2.89741e-01 |183 -0.13517 -5.38731e-01
184 -0.12342  1.15447e+00 |185  0.04282  5.24688e-01 |186  0.37327  5.29563e-01
187  0.00936 -2.67585e-01 |188 -0.14767 -3.06018e-01 |189  0.11100 -9.86279e+00
190  0.18077 -1.90122e+00 |191  0.21964  3.72909e+00 |192  0.25562  5.12447e-01
193  0.02588 -1.14873e+01 |194 -0.00007 -2.06477e+00 |195 -0.17578 -4.41268e+00
196 -0.11207 -5.53063e+00 |197 -0.77087  1.28030e+00 |198  0.39505 -1.98243e-02
199  0.10397  1.71925e+01 |200 -0.24788  5.08649e+00 |
200 variables; iteration 80; function evaluation 91; phase 4
Function value 5.2759709e+03; maximum gradient component mag 1.8130e+01
Var    Value     Gradient |Var    Value     Gradient |Var    Value     Gradient
  1 -0.42296  3.72590e-01 |  2  0.55370  6.64197e-01 |  3 -0.07928  7.20087e-01
  4 -0.19935  5.92663e-01 |  5 -0.65872  9.52814e-02 |  6 -0.58934  9.96164e-01
  7  0.53694  8.73651e-01 |  8 -0.16303  1.26959e+00 |  9 -0.14088  7.89594e-01
 10 -0.50877 -9.75620e-02 | 11 -0.61788 -1.11454e-01 | 12 -0.13720  1.01252e+01
 13 -0.01019  1.17127e-03 | 14 -0.01041  1.29171e-03 | 15 -0.01062  1.42637e-03
 16 -0.01083  1.57661e-03 | 17 -0.01103  1.74388e-03 | 18 -0.01123  1.92911e-03
 19 -0.01141  2.13331e-03 | 20 -0.01159  2.35731e-03 | 21 -0.01176  2.60170e-03
 22 -0.01191  2.86680e-03 | 23 -0.01206  3.15261e-03 | 24 -0.01218  3.45884e-03
 25 -0.01230  3.78482e-03 | 26 -0.01239  4.12943e-03 | 27 -0.01246  4.49080e-03
 28 -0.01252  4.86624e-03 | 29 -0.01255  5.25214e-03 | 30 -0.01255  5.64434e-03
 31 -0.01253  6.03830e-03 | 32 -0.01249  6.42937e-03 | 33 -0.01241  6.81233e-03
 34 -0.01231  7.18078e-03 | 35 -0.01217  7.52666e-03 | 36 -0.01199  7.83991e-03
 37 -0.01178  8.10837e-03 | 38 -0.01153  8.31879e-03 | 39 -0.01123  8.45787e-03
 40 -0.01089  8.51179e-03 | 41 -0.01051  8.47560e-03 | 42 -0.01009  8.34406e-03
 43 -0.00964  8.11657e-03 | 44 -0.00915  7.79628e-03 | 45 -0.00863  7.38810e-03
 46 -0.00809  6.90018e-03 | 47 -0.00753  6.34698e-03 | 48 -0.00698  5.74814e-03
 49 -0.00644  5.13180e-03 | 50 -0.00592  4.53374e-03 | 51 -0.00543  3.99485e-03
 52 -0.00498  3.55826e-03 | 53 -0.00458  3.26989e-03 | 54 -0.00423  3.17193e-03
 55 -0.00392  3.30156e-03 | 56 -0.00364  3.69409e-03 | 57 -0.00337  4.38531e-03
 58 -0.00308  5.41490e-03 | 59 -0.00274  6.83183e-03 | 60 -0.00234  8.68208e-03
 61 -0.00182  1.09949e-02 | 62 -0.00116  1.37569e-02 | 63 -0.00032  1.69095e-02
 64  0.00074  2.04020e-02 | 65  0.00205  2.44401e-02 | 66  0.00365  2.96675e-02
 67  0.00556  3.72649e-02 | 68  0.00782  4.65370e-02 | 69  0.01040  5.10532e-02
 70  0.01327  4.76143e-02 | 71  0.01652  5.85090e-02 | 72  0.02007  8.08562e-02
 73  0.02339  3.00318e-02 | 74  0.02693  3.23115e-02 | 75  0.03055  9.45291e-02
 76  0.03318  6.30041e-02 | 77  0.03577  1.57738e-01 | 78  0.03679  1.28041e-01
 79  0.03652  3.43709e-02 | 80  0.03625  8.71212e-02 | 81  0.03542  1.67204e-01
 82  0.03340  1.46589e-01 | 83  0.03065  1.07345e-01 | 84  0.02788  1.97735e-01
 85  0.02358  1.30127e-01 | 86  0.01902  1.13272e-01 | 87  0.01458  1.50121e-01
 88  0.01029  1.42519e-01 | 89  0.00691  1.58485e-01 | 90  0.00455  1.74847e-01
 91  0.00312  1.89692e-01 | 92  0.00238  2.07506e-01 | 93  0.00211  2.29782e-01
 94  0.00235  2.57055e-01 | 95  0.00340  2.89462e-01 | 96  0.00525  3.18941e-01
 97  0.00706  3.44411e-01 | 98  0.00754  3.67501e-01 | 99  0.00679  3.69061e-01
100  0.00505  3.79903e-01 |101  0.00533  3.52900e-01 |102  0.00336  3.50952e-01
103  0.00160  3.17039e-01 |104  0.00416  3.11570e-01 |105  0.00001  2.52548e-01
106 -0.00160  2.51605e-01 |107  0.01922  1.89212e-01 |108  0.02109  2.10032e-01
109  0.02308  6.55916e-02 |110  0.02521 -1.51276e-01 |111  0.03648  7.68403e-02
112  0.02934 -3.39682e-01 |113 -0.01175 -5.66780e-02 |114  0.00703 -1.33806e-01
115  0.01456 -1.46327e-01 |116 -0.00873 -8.26848e-02 |117 -0.03910  3.90378e-04
118 -0.05747  1.81265e-02 |119 -0.05382 -5.62014e-02 |120 -0.03188  1.49021e-01
121  0.00329  8.07503e-03 |122  0.04820 -3.84842e-02 |123  0.00882 -4.04370e-02
124 -0.02499 -5.01278e-02 |125 -0.00763  7.01820e-02 |126  0.02781  1.23542e-01
127  0.03479  1.19800e-01 |128  0.04521  1.44337e-01 |129  0.05684 -1.88837e-01
130  0.05604  1.30952e-01 |131  0.03374  2.58069e-02 |132  0.01879 -1.50980e-01
133  0.01649 -3.09696e-02 |134 -0.00921 -4.04179e-02 |135 -0.01090  1.38427e-02
136 -0.01304  6.53648e-02 |137 -0.01116  4.75916e-02 |138 -0.01005  3.10481e-02
139 -0.00691  3.78093e-02 |140  0.00303  2.02396e-02 |141  0.00474  1.12135e-02
142 -0.00308 -5.75365e-03 |143 -0.00349 -1.90463e-03 |144 -0.00000  1.99269e-06
145  0.29706  9.27421e-01 |146  0.24006  6.40804e+00 |147  0.07950 -5.21636e-01
148  0.29956  8.32289e-01 |149  0.01567 -2.82977e-01 |150 -0.11420 -6.52966e-01
151 -0.60588  4.74301e-03 |152  0.59292 -1.18772e-02 |153  0.07851 -7.70089e-02
154 -0.22486 -1.92322e-01 |155  0.21631  1.69419e-01 |156  0.26442 -1.14802e-01
157  0.20662  1.30367e-01 |158  0.25910 -2.92531e-01 |159 -0.00445 -5.23894e-03
160 -0.09734  1.02690e-02 |161  0.14048 -1.53184e-01 |162  0.29950  1.03092e+00
163  0.19560 -1.30352e-01 |164  0.24953  1.99780e-01 |165 -0.30956  2.95199e-01
166  0.39806 -2.07757e-01 |167  0.04282  7.77353e-01 |168 -0.16865  2.85171e+00
169  0.27861 -2.64618e-01 |170  0.32929  1.04507e-01 |171  0.07290 -1.51039e+00
172 -0.52523 -2.73197e-03 |173 -0.36357 -2.01855e-03 |174  0.22641  1.16693e-03
175  0.07726  3.83136e-04 |176 -0.12048 -6.01779e-04 |177  0.07444  1.56112e-01
178  0.14223  1.93930e-01 |179  0.32125 -5.79727e-01 |180  0.27228 -1.69096e-01
181 -0.01320  7.15770e-02 |182  0.01153 -9.73691e-02 |183 -0.13403  6.04599e-01
184 -0.12326 -1.47114e-01 |185  0.04161 -2.23041e-02 |186  0.37246 -1.85584e-01
187  0.01055 -1.56149e-01 |188 -0.14729 -9.16522e-02 |189  0.11142  3.01823e+00
190  0.18144  1.08585e+00 |191  0.21973 -1.38261e+00 |192  0.25574 -1.10890e+00
193  0.02616  3.32090e+00 |194 -0.00000  6.90429e-01 |195 -0.17538  1.17805e+00
196 -0.11152  2.03765e+00 |197 -0.81290  1.06652e+00 |198  0.42433 -8.00339e-03
199  0.10443  1.81300e+01 |200 -0.24903  5.45024e+00 |
200 variables; iteration 100; function evaluation 124; phase 4
Function value 5.2758907e+03; maximum gradient component mag -1.3642e+01
Var    Value     Gradient |Var    Value     Gradient |Var    Value     Gradient
  1 -0.42300  1.24009e+00 |  2  0.55675  2.77541e+00 |  3 -0.07860  4.79044e-02
  4 -0.20172  1.21734e+00 |  5 -0.65905 -6.72514e-01 |  6 -0.58915 -1.54208e-01
  7  0.54139  2.92346e+00 |  8 -0.16248  3.21331e-01 |  9 -0.14434  1.27185e+00
 10 -0.50936  2.69266e-01 | 11 -0.61772  3.67660e-02 | 12 -0.13700 -7.72019e+00
 13 -0.01043 -6.36472e-02 | 14 -0.01064 -6.18205e-02 | 15 -0.01084 -6.00635e-02
 16 -0.01104 -5.83937e-02 | 17 -0.01124 -5.68194e-02 | 18 -0.01143 -5.53516e-02
 19 -0.01161 -5.39925e-02 | 20 -0.01179 -5.27367e-02 | 21 -0.01195 -5.15729e-02
 22 -0.01210 -5.04845e-02 | 23 -0.01224 -4.94506e-02 | 24 -0.01236 -4.84487e-02
 25 -0.01247 -4.74557e-02 | 26 -0.01256 -4.64511e-02 | 27 -0.01263 -4.54183e-02
 28 -0.01268 -4.43468e-02 | 29 -0.01271 -4.32331e-02 | 30 -0.01271 -4.20819e-02
 31 -0.01269 -4.09050e-02 | 32 -0.01264 -3.97253e-02 | 33 -0.01256 -3.85757e-02
 34 -0.01245 -3.74970e-02 | 35 -0.01231 -3.65333e-02 | 36 -0.01213 -3.57225e-02
 37 -0.01191 -3.50839e-02 | 38 -0.01166 -3.46000e-02 | 39 -0.01136 -3.42049e-02
 40 -0.01102 -3.37790e-02 | 41 -0.01063 -3.31301e-02 | 42 -0.01021 -3.20423e-02
 43 -0.00974 -3.02889e-02 | 44 -0.00924 -2.76848e-02 | 45 -0.00870 -2.41482e-02
 46 -0.00813 -1.97636e-02 | 47 -0.00756 -1.48141e-02 | 48 -0.00697 -9.76620e-03
 49 -0.00640 -5.19218e-03 | 50 -0.00586 -1.65794e-03 | 51 -0.00535  3.73300e-04
 52 -0.00489  5.94683e-04 | 53 -0.00449 -1.08145e-03 | 54 -0.00414 -4.62005e-03
 55 -0.00384 -9.97750e-03 | 56 -0.00358 -1.71568e-02 | 57 -0.00333 -2.62683e-02
 58 -0.00308 -3.75419e-02 | 59 -0.00279 -5.10995e-02 | 60 -0.00244 -6.70548e-02
 61 -0.00199 -8.55315e-02 | 62 -0.00141 -1.06856e-01 | 63 -0.00066 -1.31172e-01
 64  0.00029 -1.56685e-01 | 65  0.00153 -1.73563e-01 | 66  0.00314 -1.67256e-01
 67  0.00518 -1.34469e-01 | 68  0.00743 -1.29060e-01 | 69  0.00978 -1.79718e-01
 70  0.01285 -1.42732e-01 | 71  0.01625 -1.03026e-01 | 72  0.01919 -2.10971e-01
 73  0.02439  1.14510e-01 | 74  0.02745  8.13929e-03 | 75  0.03028 -8.58696e-02
 76  0.03353 -9.53438e-03 | 77  0.03481 -1.54320e-01 | 78  0.03632 -1.00236e-01
 79  0.03702 -2.71366e-02 | 80  0.03647 -2.64946e-02 | 81  0.03427 -1.92251e-01
 82  0.03291 -1.00284e-01 | 83  0.03053 -7.49463e-02 | 84  0.02658 -2.15568e-01
 85  0.02357 -4.07602e-02 | 86  0.02002  1.47544e-01 | 87  0.01477  8.76506e-03
 88  0.01060  1.65298e-02 | 89  0.00697 -4.39565e-02 | 90  0.00479 -1.19496e-02
 91  0.00328 -5.56580e-02 | 92  0.00232 -1.39459e-01 | 93  0.00186 -2.23899e-01
 94  0.00201 -2.89642e-01 | 95  0.00312 -3.23129e-01 | 96  0.00470 -4.48516e-01
 97  0.00632 -5.65700e-01 | 98  0.00694 -5.92465e-01 | 99  0.00580 -7.34771e-01
100  0.00500 -5.32528e-01 |101  0.00469 -6.91319e-01 |102  0.00367 -4.54486e-01
103  0.00091 -6.81239e-01 |104  0.00588 -1.27071e-01 |105 -0.00105 -7.31236e-01
106 -0.00170 -2.83813e-01 |107  0.01780 -6.24093e-01 |108  0.01868 -6.57577e-01
109  0.02490  2.29382e-01 |110  0.02641  5.27079e-01 |111  0.03393  5.42401e-01
112  0.03421  6.44017e-01 |113 -0.01194  2.03663e-01 |114  0.00498 -5.34594e-01
115  0.01388 -5.02104e-01 |116 -0.00965 -4.28035e-01 |117 -0.03715  1.46075e-01
118 -0.05767 -4.09201e-01 |119 -0.05405 -8.53413e-02 |120 -0.03247  1.93970e-01
121  0.00112 -1.98969e-02 |122  0.04877  2.77521e-01 |123  0.00918 -1.28835e-01
124 -0.02386  3.01817e-01 |125 -0.00780  2.34135e-01 |126  0.02569 -2.55202e-01
127  0.03287 -1.66191e-01 |128  0.05035  9.19950e-01 |129  0.05666 -5.00788e-01
130  0.05358 -6.18240e-01 |131  0.03387 -1.83172e-02 |132  0.01837 -1.77948e-02
133  0.01420 -3.19839e-01 |134 -0.01053 -2.67317e-01 |135 -0.01114 -3.57083e-02
136 -0.01281  1.10223e-01 |137 -0.01111  4.20716e-03 |138 -0.01000 -3.26890e-02
139 -0.00695  5.35221e-02 |140  0.00237 -6.72887e-02 |141  0.00508  4.32815e-02
142 -0.00382 -1.79399e-01 |143 -0.00445 -1.48144e-01 |144 -0.00000  2.09173e-05
145  0.29639 -1.40742e-01 |146  0.24307 -4.85068e+00 |147  0.07983 -3.80620e-01
148  0.29954  1.02106e-01 |149  0.01573 -2.73868e-01 |150 -0.11426 -7.25707e-01
151 -0.74266  1.13375e+00 |152  0.78675  8.60460e-03 |153  0.09988  5.80619e+00
154 -0.23664  7.03251e-01 |155  0.21654 -2.91642e-01 |156  0.26444  6.00806e-01
157  0.20700 -8.21257e-02 |158  0.25920  4.56592e-01 |159 -0.00447 -1.31984e-02
160 -0.09745 -4.88938e-01 |161  0.14047 -9.96028e-02 |162  0.29933  2.38405e-01
163  0.19626  8.22209e-03 |164  0.24975  3.85347e-01 |165 -0.31670  1.08075e-01
166  0.48003 -8.47663e-02 |167  0.04438  5.75546e-01 |168 -0.16857  1.72086e+00
169  0.28248  1.14911e-01 |170  0.33033  1.23133e-01 |171  0.07248 -2.25701e-01
172 -0.46870 -5.00826e-04 |173 -0.31794 -1.71394e-03 |174  0.19996  1.02059e-03
175  0.06856  3.39670e-04 |176 -0.10683 -5.32218e-04 |177  0.07345 -5.47361e-01
178  0.14232 -1.97516e-01 |179  0.32094  2.40273e-01 |180  0.27223  2.02164e-01
181 -0.01183 -1.84733e-02 |182  0.01187  8.39325e-02 |183 -0.13402 -6.30777e-01
184 -0.12324 -6.36555e-02 |185  0.04163  8.80783e-02 |186  0.37237  4.26461e-01
187  0.01135  4.10568e-01 |188 -0.14766 -3.90490e-01 |189  0.11155 -1.97930e+00
190  0.18164 -1.83361e+00 |191  0.21974  9.32461e-01 |192  0.25575  2.24143e+00
193  0.02615 -1.62018e+00 |194  0.00014 -7.35943e-01 |195 -0.17547 -1.60344e+00
196 -0.11163 -2.04852e+00 |197 -0.97657 -8.45988e-02 |198  0.58660  3.73979e-03
199  0.10612 -1.36422e+01 |200 -0.25095 -3.89227e+00 |
200 variables; iteration 120; function evaluation 154; phase 4
Function value 5.2758296e+03; maximum gradient component mag 1.4521e+01
Var    Value     Gradient |Var    Value     Gradient |Var    Value     Gradient
  1 -0.42310 -1.54567e+00 |  2  0.55672 -6.86353e-02 |  3 -0.07840  4.09701e-01
  4 -0.20212  1.56026e-01 |  5 -0.65789  5.88546e-02 |  6 -0.58918  2.28271e-01
  7  0.54132 -3.95386e-02 |  8 -0.16241  9.05258e-01 |  9 -0.14451  1.70220e-01
 10 -0.50960  1.47968e-01 | 11 -0.61763 -1.24024e-01 | 12 -0.13665  6.94741e+00
 13 -0.01062 -1.18459e-01 | 14 -0.01080 -1.10187e-01 | 15 -0.01098 -9.99814e-02
 16 -0.01114 -8.96025e-02 | 17 -0.01131 -8.05700e-02 | 18 -0.01148 -7.40362e-02
 19 -0.01166 -7.05844e-02 | 20 -0.01183 -7.02054e-02 | 21 -0.01201 -7.23807e-02
 22 -0.01218 -7.62436e-02 | 23 -0.01234 -8.07902e-02 | 24 -0.01248 -8.50884e-02
 25 -0.01261 -8.84364e-02 | 26 -0.01271 -9.04396e-02 | 27 -0.01279 -9.09922e-02
 28 -0.01284 -9.01874e-02 | 29 -0.01287 -8.81967e-02 | 30 -0.01286 -8.51868e-02
 31 -0.01283 -8.13135e-02 | 32 -0.01277 -7.68379e-02 | 33 -0.01268 -7.23063e-02
 34 -0.01257 -6.87397e-02 | 35 -0.01243 -6.76639e-02 | 36 -0.01227 -7.07295e-02
 37 -0.01209 -7.86897e-02 | 38 -0.01188 -8.96966e-02 | 39 -0.01162 -9.75695e-02
 40 -0.01126 -9.11749e-02 | 41 -0.01076 -5.68756e-02 | 42 -0.01007  1.57187e-02
 43 -0.00920  1.26055e-01 | 44 -0.00822  2.56984e-01 | 45 -0.00724  3.76689e-01
 46 -0.00642  4.50112e-01 | 47 -0.00584  4.56025e-01 | 48 -0.00551  3.97990e-01
 49 -0.00533  3.01613e-01 | 50 -0.00520  1.99543e-01 | 51 -0.00504  1.15704e-01
 52 -0.00481  5.87257e-02 | 53 -0.00455  2.51057e-02 | 54 -0.00427  6.29575e-03
 55 -0.00401 -5.19291e-03 | 56 -0.00376 -1.36209e-02 | 57 -0.00352 -2.05947e-02
 58 -0.00326 -2.67369e-02 | 59 -0.00296 -3.34860e-02 | 60 -0.00261 -4.37417e-02
 61 -0.00217 -6.04096e-02 | 62 -0.00161 -8.07468e-02 | 63 -0.00081 -8.53595e-02
 64  0.00041 -3.92432e-02 | 65  0.00201  3.75245e-02 | 66  0.00354  3.06035e-02
 67  0.00571  1.00212e-01 | 68  0.00828  1.86987e-01 | 69  0.01342  7.73297e-01
 70  0.01400  2.49423e-01 | 71  0.01588 -3.41991e-02 | 72  0.02211  5.57356e-01
 73  0.01942 -7.16307e-01 | 74  0.02736  1.80278e-01 | 75  0.02886 -1.52281e-01
 76  0.03149 -1.65473e-01 | 77  0.03572  2.36605e-01 | 78  0.03880  5.78624e-01
 79  0.03594  3.49631e-02 | 80  0.03553  6.68731e-02 | 81  0.03376 -2.14573e-02
 82  0.03776  1.05063e+00 | 83  0.03434  9.05965e-01 | 84  0.02816  3.52579e-01
 85  0.02569  6.44654e-01 | 86  0.01784 -6.41577e-02 | 87  0.01393  6.41193e-02
 88  0.00824 -2.85957e-01 | 89  0.00578 -8.24039e-02 | 90  0.00365 -3.09506e-02
 91  0.00196 -9.86196e-02 | 92  0.00152 -2.40902e-02 | 93  0.00165  8.18994e-02
 94  0.00223  1.80864e-01 | 95  0.00334  2.19345e-01 | 96  0.00554  3.18397e-01
 97  0.00748  3.50976e-01 | 98  0.00776  3.06757e-01 | 99  0.00731  3.64622e-01
100  0.00581  4.15353e-01 |101  0.00521  1.64908e-01 |102  0.00290  4.56288e-02
103  0.00278  3.88896e-01 |104  0.00251 -3.96119e-01 |105  0.00012  1.37923e-02
106 -0.00022  5.01356e-01 |107  0.01740 -3.15999e-01 |108  0.02228  3.42914e-01
109  0.02457  1.09111e-01 |110  0.02448 -2.21911e-01 |111  0.03618  2.89109e-01
112  0.03236 -4.19150e-01 |113 -0.01200 -1.06551e-01 |114  0.00854  2.81744e-01
115  0.01308 -6.44404e-01 |116 -0.00844 -2.55957e-01 |117 -0.03679  1.33351e-01
118 -0.05693 -2.65379e-01 |119 -0.05326 -2.78996e-02 |120 -0.03135  3.31852e-01
121  0.00141 -1.08660e-01 |122  0.04983  2.12037e-01 |123  0.00960 -2.04441e-01
124 -0.02470 -8.34889e-02 |125 -0.00557  7.40677e-01 |126  0.02899  3.86627e-01
127  0.03429  1.03928e-04 |128  0.04391 -1.56484e-01 |129  0.06306  5.46902e-01
130  0.05829  3.70835e-01 |131  0.03173 -8.52675e-02 |132  0.01817  1.64517e-01
133  0.01207 -7.35801e-01 |134 -0.01083 -3.12367e-01 |135 -0.00825  7.16732e-01
136 -0.01265  1.51285e-01 |137 -0.01309 -5.65266e-01 |138 -0.00878  2.84960e-01
139 -0.00892 -4.33509e-01 |140  0.00197 -1.42493e-01 |141  0.00429 -1.11857e-01
142 -0.00466 -3.10746e-01 |143 -0.00411 -6.70192e-03 |144 -0.00000  1.33465e-05
145  0.29572  1.00664e-01 |146  0.24420  4.41221e+00 |147  0.07993  1.63093e-01
148  0.29953 -2.32728e-01 |149  0.01585  2.79478e-01 |150 -0.11425 -9.77959e-02
151 -0.84063  5.12103e-01 |152  0.82179  1.08338e-02 |153  0.10461 -3.62093e-01
154 -0.24444 -1.07108e-01 |155  0.21683  3.74995e-01 |156  0.26447 -3.36885e-01
157  0.20586 -2.51957e-01 |158  0.25859 -3.32910e-01 |159 -0.00284  5.36755e-01
160 -0.09745 -3.13792e-02 |161  0.14078  1.00566e-01 |162  0.29939  6.08233e-02
163  0.19618  1.28677e-01 |164  0.24965 -2.73667e-02 |165 -0.31870 -4.37601e-02
166  0.51743 -3.49201e-02 |167  0.04486  3.26781e-01 |168 -0.16866  1.17502e+00
169  0.28020 -6.49517e-02 |170  0.32977  4.35162e-02 |171  0.07284 -2.26875e-02
172 -0.43747  3.42838e-03 |173 -0.27931 -1.47421e-03 |174  0.17737  8.98668e-04
175  0.06110  3.02471e-04 |176 -0.09513 -4.72972e-04 |177  0.07477  8.54822e-02
178  0.14261  2.02388e-01 |179  0.32128 -3.46257e-01 |180  0.27230 -3.64528e-02
181 -0.01329  8.86165e-02 |182  0.01164 -2.75146e-02 |183 -0.13395  4.47454e-01
184 -0.12325 -5.67047e-02 |185  0.04455  4.82498e-01 |186  0.37284  2.93814e-02
187  0.00836 -5.06187e-01 |188 -0.14717 -3.69275e-01 |189  0.11159  1.07343e+00
190  0.18159  1.09177e+00 |191  0.21975 -5.55334e-01 |192  0.25565 -1.67196e+00
193  0.02618  1.19031e+00 |194  0.00047  9.74791e-01 |195 -0.17544  1.81978e-01
196 -0.11162  1.04290e+00 |197 -1.04048 -1.49586e-01 |198  0.64361  4.83236e-03
199  0.10668  1.45209e+01 |200 -0.25360  3.15636e+00 |
200 variables; iteration 140; function evaluation 188; phase 4
Function value 5.2757756e+03; maximum gradient component mag -2.5406e+00
Var    Value     Gradient |Var    Value     Gradient |Var    Value     Gradient
  1 -0.42304  1.78379e-02 |  2  0.55724 -4.70966e-02 |  3 -0.07842 -3.22449e-02
  4 -0.20240 -1.63973e-02 |  5 -0.65790 -2.39761e-02 |  6 -0.58918 -4.63264e-02
  7  0.54204 -1.40513e-01 |  8 -0.16245 -5.31923e-02 |  9 -0.14485 -5.74980e-02
 10 -0.51004 -1.35190e-02 | 11 -0.61760 -3.17029e-02 | 12 -0.13697 -1.07745e+00
 13 -0.01019 -3.38295e-03 | 14 -0.01041 -3.21369e-03 | 15 -0.01063 -7.33119e-03
 16 -0.01086 -1.37118e-02 | 17 -0.01109 -1.87828e-02 | 18 -0.01128 -1.91750e-02
 19 -0.01145 -1.37934e-02 | 20 -0.01159 -4.87931e-03 | 21 -0.01173  2.69692e-03
 22 -0.01189  3.76544e-03 | 23 -0.01206 -4.34843e-03 | 24 -0.01225 -2.01043e-02
 25 -0.01242 -3.81430e-02 | 26 -0.01257 -5.16776e-02 | 27 -0.01266 -5.55252e-02
 28 -0.01268 -4.80446e-02 | 29 -0.01265 -3.09876e-02 | 30 -0.01257 -7.93631e-03
 31 -0.01246  1.69438e-02 | 32 -0.01234  3.87460e-02 | 33 -0.01222  5.10517e-02
 34 -0.01213  4.71425e-02 | 35 -0.01207  2.51012e-02 | 36 -0.01201 -5.38677e-03
 37 -0.01186 -2.31308e-02 | 38 -0.01157 -1.08721e-02 | 39 -0.01115  2.16732e-02
 40 -0.01075  3.74159e-02 | 41 -0.01047  1.11250e-02 | 42 -0.01021 -3.20290e-02
 43 -0.00978 -3.97398e-02 | 44 -0.00914 -6.22945e-04 | 45 -0.00849  3.43949e-02
 46 -0.00800  2.05809e-02 | 47 -0.00759 -1.77757e-02 | 48 -0.00707 -2.86951e-02
 49 -0.00643 -5.69589e-03 | 50 -0.00582  1.73020e-02 | 51 -0.00532  1.82534e-02
 52 -0.00492  4.22734e-03 | 53 -0.00457 -8.99753e-03 | 54 -0.00424 -1.42353e-02
 55 -0.00392 -1.28095e-02 | 56 -0.00362 -8.50066e-03 | 57 -0.00333 -4.36401e-03
 58 -0.00303 -2.71971e-03 | 59 -0.00271 -5.80845e-03 | 60 -0.00234 -1.44284e-02
 61 -0.00186 -2.26664e-02 | 62 -0.00116 -1.31248e-02 | 63 -0.00018  2.21905e-02
 64  0.00090  2.89357e-02 | 65  0.00206 -5.77965e-03 | 66  0.00371  8.68752e-03
 67  0.00540 -4.12221e-02 | 68  0.00763 -4.12243e-02 | 69  0.01009 -6.55491e-02
 70  0.01311 -4.08408e-02 | 71  0.01661  1.92925e-02 | 72  0.02018  4.11713e-02
 73  0.02377  3.57765e-02 | 74  0.02758  7.95563e-02 | 75  0.03020 -5.54242e-02
 76  0.03317 -3.04251e-02 | 77  0.03502 -7.59301e-02 | 78  0.03668  2.99178e-03
 79  0.03690 -9.21230e-03 | 80  0.03599 -7.26840e-02 | 81  0.03522  1.29116e-02
 82  0.03290 -6.65638e-02 | 83  0.03078  9.40568e-03 | 84  0.02706 -8.55197e-02
 85  0.02363  1.52635e-02 | 86  0.01904 -1.00105e-02 | 87  0.01462  3.27120e-02
 88  0.01039  3.55209e-02 | 89  0.00695  3.22396e-02 | 90  0.00446  8.74369e-03
 91  0.00317  4.00496e-02 | 92  0.00238  2.39836e-02 | 93  0.00192 -2.54732e-02
 94  0.00203 -6.06047e-02 | 95  0.00310 -5.81560e-02 | 96  0.00510 -3.16136e-02
 97  0.00699 -3.27913e-02 | 98  0.00739 -6.37636e-02 | 99  0.00677 -4.41051e-02
100  0.00497 -5.27118e-02 |101  0.00550 -5.88991e-03 |102  0.00359  9.60567e-03
103  0.00140 -1.09368e-01 |104  0.00431 -7.64708e-02 |105  0.00027 -2.94306e-02
106 -0.00209 -3.02136e-02 |107  0.01901 -2.64004e-02 |108  0.02053 -9.84377e-02
109  0.02481  3.50975e-02 |110  0.02508 -9.81569e-02 |111  0.03384 -2.69853e-02
112  0.03425 -1.32139e-02 |113 -0.01216 -3.34109e-02 |114  0.00640 -3.95869e-02
115  0.01434 -1.59881e-02 |116 -0.00885 -5.97375e-02 |117 -0.03741  2.38699e-02
118 -0.05650 -4.42965e-02 |119 -0.05356 -3.29849e-02 |120 -0.03269 -2.51513e-02
121  0.00139 -3.34581e-02 |122  0.04906  1.06860e-01 |123  0.01026 -8.14543e-02
124 -0.02417  2.85320e-02 |125 -0.00824 -3.93040e-02 |126  0.02790  4.69667e-02
127  0.03478  1.50918e-02 |128  0.04593  4.47446e-02 |129  0.06020 -6.29338e-02
130  0.05714 -1.06076e-02 |131  0.03252  1.35794e-02 |132  0.01708  4.41090e-02
133  0.01411 -6.11170e-02 |134 -0.01005 -1.49242e-02 |135 -0.01118 -5.91784e-02
136 -0.01302  4.91408e-02 |137 -0.01114 -4.97383e-02 |138 -0.00981 -1.89095e-03
139 -0.00709  4.83670e-02 |140  0.00263  3.54612e-02 |141  0.00477 -2.51071e-03
142 -0.00363 -5.13589e-02 |143 -0.00366  1.21419e-01 |144 -0.00000 -1.81889e-05
145  0.29656 -7.34174e-02 |146  0.24346 -8.85477e-01 |147  0.08005 -9.35704e-04
148  0.29957 -2.65189e-02 |149  0.01564  1.21964e-02 |150 -0.11412  2.33030e-02
151 -0.95322  5.39407e-02 |152  0.74530  7.33610e-03 |153  0.10838  4.11224e-01
154 -0.24807  8.37218e-02 |155  0.21677  3.17458e-02 |156  0.26444 -8.66063e-04
157  0.20691 -8.07269e-03 |158  0.25908 -3.56326e-02 |159 -0.00441 -2.54754e-02
160 -0.09730 -2.00448e-02 |161  0.14074  6.56639e-03 |162  0.29934 -1.83282e-02
163  0.19621  4.21460e-03 |164  0.24964 -3.21454e-03 |165 -0.31766 -2.61713e-02
166  0.56046 -1.74347e-02 |167  0.04451 -8.66792e-02 |168 -0.16876 -5.73645e-02
169  0.28098  2.47934e-02 |170  0.32999  2.33287e-02 |171  0.07276  6.23846e-02
172 -0.45371  1.07996e-03 |173 -0.22553 -1.16201e-03 |174  0.14542  7.30385e-04
175  0.05048  2.49619e-04 |176 -0.07848 -3.89240e-04 |177  0.07523 -1.29304e-01
178  0.14251 -1.71083e-02 |179  0.32147  5.56951e-02 |180  0.27225 -4.65987e-03
181 -0.01401 -6.62232e-02 |182  0.01172  6.38602e-03 |183 -0.13382  8.33743e-03
184 -0.12316  3.63292e-02 |185  0.04231 -1.61901e-02 |186  0.37228  1.00731e-02
187  0.01033 -6.17675e-02 |188 -0.14708 -1.55301e-02 |189  0.11164 -3.53937e-02
190  0.18176  2.87321e-02 |191  0.21978 -1.92195e-02 |192  0.25574 -4.05489e-02
193  0.02614 -7.05861e-03 |194  0.00015  3.10586e-02 |195 -0.17533  2.84166e-02
196 -0.11153  1.62045e-02 |197 -1.08134 -1.45183e-01 |198  0.65260  4.99498e-03
199  0.10556 -2.54056e+00 |200 -0.25080 -7.53503e-01 |
200 variables; iteration 160; function evaluation 220; phase 4
Function value 5.2757698e+03; maximum gradient component mag 1.6220e-01
Var    Value     Gradient |Var    Value     Gradient |Var    Value     Gradient
  1 -0.42304  5.74055e-02 |  2  0.55728  1.05383e-01 |  3 -0.07842  3.38758e-02
  4 -0.20243  7.13210e-02 |  5 -0.65788 -7.71567e-03 |  6 -0.58917  2.24859e-02
  7  0.54215  1.51375e-01 |  8 -0.16244  7.13322e-02 |  9 -0.14494  9.28825e-02
 10 -0.51002  2.58139e-02 | 11 -0.61761  3.55091e-03 | 12 -0.13711 -1.05627e-01
 13 -0.01017  8.62104e-04 | 14 -0.01039 -9.50296e-04 | 15 -0.01060  3.97551e-04
 16 -0.01079  3.06251e-03 | 17 -0.01099  4.56084e-03 | 18 -0.01119  4.38450e-03
 19 -0.01138  3.39263e-03 | 20 -0.01156  1.49904e-03 | 21 -0.01174 -1.71850e-03
 22 -0.01191 -3.82493e-03 | 23 -0.01204 -8.56246e-05 | 24 -0.01212  1.03952e-02
 25 -0.01220  2.05243e-02 | 26 -0.01229  2.03392e-02 | 27 -0.01241  8.31679e-03
 28 -0.01251 -4.42345e-03 | 29 -0.01255 -5.36191e-03 | 30 -0.01252  5.10502e-03
 31 -0.01247  1.37496e-02 | 32 -0.01244  7.62047e-03 | 33 -0.01244 -1.25166e-02
 34 -0.01240 -2.86345e-02 | 35 -0.01224 -2.18706e-02 | 36 -0.01199 -1.39614e-03
 37 -0.01175  5.78794e-03 | 38 -0.01151  1.75873e-05 | 39 -0.01124 -6.48874e-03
 40 -0.01093 -1.21510e-02 | 41 -0.01049  1.53181e-03 | 42 -0.01000  2.02895e-02
 43 -0.00964 -6.17969e-03 | 44 -0.00918 -1.52203e-02 | 45 -0.00848  3.33444e-02
 46 -0.00801  1.41897e-02 | 47 -0.00766 -4.13690e-02 | 48 -0.00697 -6.30539e-03
 49 -0.00626  3.55148e-02 | 50 -0.00586  4.16577e-03 | 51 -0.00550 -2.93423e-02
 52 -0.00502 -2.18691e-02 | 53 -0.00454 -2.46423e-03 | 54 -0.00415  5.39676e-03
 55 -0.00385  3.51103e-03 | 56 -0.00358 -3.71645e-04 | 57 -0.00331 -2.23619e-03
 58 -0.00302 -1.54687e-03 | 59 -0.00268 -4.77631e-05 | 60 -0.00228  1.81441e-04
 61 -0.00175  4.19788e-03 | 62 -0.00103  2.04786e-02 | 63 -0.00022  1.25197e-02
 64  0.00076 -4.50952e-03 | 65  0.00210  6.12499e-03 | 66  0.00368  4.61761e-03
 67  0.00560  1.06186e-02 | 68  0.00779 -5.63106e-04 | 69  0.01046  2.23749e-02
 70  0.01330  6.41076e-03 | 71  0.01648 -1.65839e-03 | 72  0.01990 -9.64685e-03
 73  0.02346 -1.71297e-02 | 74  0.02698 -2.60919e-02 | 75  0.03054  1.75588e-02
 76  0.03330  5.50027e-03 | 77  0.03557  3.50634e-02 | 78  0.03659  3.89417e-04
 79  0.03690  3.53012e-03 | 80  0.03644  1.84869e-02 | 81  0.03513  8.10303e-03
 82  0.03335  2.52037e-02 | 83  0.03070  1.83278e-03 | 84  0.02758  2.05514e-02
 85  0.02354  6.79932e-05 | 86  0.01912  7.85453e-03 | 87  0.01442 -1.43233e-02
 88  0.01012 -3.01841e-02 | 89  0.00688  1.20893e-02 | 90  0.00442 -5.16380e-03
 91  0.00300 -2.98438e-03 | 92  0.00223 -1.25326e-02 | 93  0.00200 -4.88614e-03
 94  0.00222 -1.11773e-02 | 95  0.00329 -4.36691e-03 | 96  0.00530  2.82644e-02
 97  0.00685 -5.01181e-02 | 98  0.00778  4.40072e-02 | 99  0.00666 -5.01419e-02
100  0.00530  4.67200e-02 |101  0.00504 -9.23989e-02 |102  0.00352  1.98176e-02
103  0.00172 -9.90845e-05 |104  0.00442 -2.22483e-02 |105  0.00023 -5.44615e-03
106 -0.00210  8.73984e-03 |107  0.01888 -1.85681e-02 |108  0.02079  1.59603e-03
109  0.02437 -2.07292e-03 |110  0.02554  5.14648e-02 |111  0.03381  3.44703e-02
112  0.03412  6.29635e-03 |113 -0.01206  2.56360e-02 |114  0.00644  1.04231e-03
115  0.01423 -3.01801e-02 |116 -0.00874 -5.47801e-03 |117 -0.03751  3.46508e-03
118 -0.05642 -9.42920e-03 |119 -0.05352  1.19629e-02 |120 -0.03260  3.25365e-02
121  0.00156  7.76501e-03 |122  0.04852 -1.71506e-02 |123  0.01071  1.13336e-02
124 -0.02423  3.24405e-03 |125 -0.00802  2.01025e-02 |126  0.02772  1.45729e-03
127  0.03467 -1.44382e-02 |128  0.04563 -2.81351e-04 |129  0.06068  2.04951e-02
130  0.05706 -4.37259e-04 |131  0.03241  7.85786e-03 |132  0.01675 -1.73727e-02
133  0.01430 -1.69014e-03 |134 -0.01004 -1.80822e-03 |135 -0.01094  1.42427e-02
136 -0.01322 -3.52248e-03 |137 -0.01087  2.62067e-02 |138 -0.00984 -7.22859e-03
139 -0.00725  1.15969e-02 |140  0.00264  4.47266e-02 |141  0.00476 -4.66650e-04
142 -0.00328  4.00710e-02 |143 -0.00424 -2.53372e-02 |144 -0.00000  7.25007e-06
145  0.29677  1.92362e-02 |146  0.24427 -4.80008e-02 |147  0.08008 -1.93173e-02
148  0.29958  2.05379e-02 |149  0.01563 -8.98610e-03 |150 -0.11412 -4.68878e-02
151 -0.96007  2.58105e-02 |152  0.44594 -4.74739e-03 |153  0.10829 -8.21079e-02
154 -0.24816  3.42305e-02 |155  0.21677 -1.24177e-02 |156  0.26443  1.38919e-02
157  0.20690 -7.84631e-03 |158  0.25907  1.67404e-02 |159 -0.00434  2.07373e-02
160 -0.09729 -1.17744e-02 |161  0.14078 -4.09600e-03 |162  0.29935  2.97546e-02
163  0.19625  2.43192e-03 |164  0.24965  2.02153e-02 |165 -0.31773  2.02527e-02
166  0.55233 -2.14528e-02 |167  0.04454  9.52400e-02 |168 -0.16876  1.62202e-01
169  0.28073 -1.89588e-02 |170  0.32993 -1.14732e-03 |171  0.07280 -8.93851e-02
172 -0.53300 -2.88601e-03 |173 -0.19412 -9.88784e-04 |174  0.12518  6.25864e-04
175  0.04348  2.14926e-04 |176 -0.06759 -3.34827e-04 |177  0.07540  2.67263e-02
178  0.14255  4.23910e-03 |179  0.32151 -2.36198e-02 |180  0.27226  9.92886e-03
181 -0.01410  2.09803e-02 |182  0.01171  1.23812e-03 |183 -0.13382 -1.00406e-02
184 -0.12316 -2.01498e-02 |185  0.04222  1.60015e-02 |186  0.37226  5.70150e-03
187  0.01048  2.65346e-02 |188 -0.14713 -2.84026e-02 |189  0.11165  4.04910e-03
190  0.18178 -4.33855e-02 |191  0.21978  7.17665e-03 |192  0.25574  4.28769e-02
193  0.02614  1.58269e-02 |194  0.00014 -2.17889e-04 |195 -0.17533 -5.54337e-02
196 -0.11152 -4.34637e-02 |197 -1.05276 -9.33695e-02 |198  0.44132 -1.88415e-03
199  0.10580 -8.43231e-02 |200 -0.25109 -3.77216e-02 |
200 variables; iteration 180; function evaluation 254; phase 4
Function value 5.2757679e+03; maximum gradient component mag -1.4475e+00
Var    Value     Gradient |Var    Value     Gradient |Var    Value     Gradient
  1 -0.42304  3.28463e-02 |  2  0.55732 -3.18146e-02 |  3 -0.07841 -1.78646e-02
  4 -0.20247 -2.87836e-02 |  5 -0.65783  7.63155e-03 |  6 -0.58918 -2.02021e-02
  7  0.54217 -4.13739e-02 |  8 -0.16245 -4.57318e-02 |  9 -0.14494 -2.98604e-02
 10 -0.51010 -3.20975e-02 | 11 -0.61760 -2.41019e-02 | 12 -0.13705 -5.95052e-01
 13 -0.01018 -2.29934e-03 | 14 -0.01039 -2.03157e-05 | 15 -0.01061 -2.26744e-03
 16 -0.01083 -5.23075e-03 | 17 -0.01102 -3.24987e-03 | 18 -0.01121 -8.67979e-05
 19 -0.01140 -5.72779e-04 | 20 -0.01157  3.16130e-04 | 21 -0.01172  4.57676e-03
 22 -0.01189  2.33726e-03 | 23 -0.01207 -8.00635e-03 | 24 -0.01222 -1.38544e-02
 25 -0.01233 -1.26694e-02 | 26 -0.01242 -1.25250e-02 | 27 -0.01248 -8.34866e-03
 28 -0.01248  5.15209e-03 | 29 -0.01250  8.79753e-03 | 30 -0.01257 -7.27184e-03
 31 -0.01259 -1.78445e-02 | 32 -0.01250 -6.70270e-03 | 33 -0.01238  5.96485e-03
 34 -0.01226  8.99598e-03 | 35 -0.01210  1.73437e-02 | 36 -0.01194  1.24437e-02
 37 -0.01179 -5.89985e-03 | 38 -0.01153 -1.64364e-03 | 39 -0.01125 -7.32548e-03
 40 -0.01086  7.66868e-03 | 41 -0.01049  3.97699e-03 | 42 -0.01011 -6.30836e-03
 43 -0.00956  1.84344e-02 | 44 -0.00914 -1.29699e-03 | 45 -0.00864 -6.98273e-03
 46 -0.00824 -4.44280e-02 | 47 -0.00735  4.15746e-02 | 48 -0.00685  2.74489e-02
 49 -0.00653 -3.15041e-02 | 50 -0.00587  2.76715e-03 | 51 -0.00539 -1.67920e-03
 52 -0.00498 -1.09601e-02 | 53 -0.00454 -1.36610e-03 | 54 -0.00417  1.33375e-03
 55 -0.00387 -2.18214e-03 | 56 -0.00359 -3.21899e-03 | 57 -0.00331 -7.44783e-04
 58 -0.00301  2.11255e-03 | 59 -0.00267  2.54354e-03 | 60 -0.00227  1.93100e-03
 61 -0.00172  9.48560e-03 | 62 -0.00094  3.89218e-02 | 63 -0.00044 -4.43332e-02
 64  0.00072 -1.80980e-02 | 65  0.00211  5.09019e-03 | 66  0.00368 -3.89346e-05
 67  0.00544 -3.23507e-02 | 68  0.00770 -2.65753e-02 | 69  0.01041  4.81614e-03
 70  0.01318 -2.62516e-02 | 71  0.01656  7.35676e-03 | 72  0.01999 -5.10285e-05
 73  0.02362  6.41580e-03 | 74  0.02722  9.85698e-03 | 75  0.03038 -2.26541e-02
 76  0.03325 -1.60769e-02 | 77  0.03521 -4.18200e-02 | 78  0.03663 -5.16725e-03
 79  0.03690 -8.44836e-03 | 80  0.03631 -1.72954e-02 | 81  0.03512 -5.64472e-03
 82  0.03315 -2.04818e-02 | 83  0.03072 -2.47409e-03 | 84  0.02738 -2.40290e-02
 85  0.02361  8.83808e-03 | 86  0.01916  1.34795e-02 | 87  0.01452  6.67311e-03
 88  0.01038  2.89509e-02 | 89  0.00676 -1.47818e-02 | 90  0.00431 -2.84654e-02
 91  0.00297 -7.59914e-03 | 92  0.00215 -2.85576e-02 | 93  0.00200 -1.84916e-03
 94  0.00217 -1.85755e-02 | 95  0.00329 -7.80311e-04 | 96  0.00513 -8.81920e-03
 97  0.00717  2.61124e-02 | 98  0.00746 -2.63093e-02 | 99  0.00686 -1.68265e-03
100  0.00490 -4.46728e-02 |101  0.00542  1.58727e-03 |102  0.00339 -8.86049e-03
103  0.00172  3.84426e-03 |104  0.00445 -1.26603e-02 |105  0.00021 -1.04736e-02
106 -0.00217 -8.38960e-03 |107  0.01903  4.97250e-03 |108  0.02074 -2.58382e-02
109  0.02455  9.34930e-03 |110  0.02524 -6.36903e-02 |111  0.03376 -3.72662e-02
112  0.03424 -2.26370e-02 |113 -0.01216 -2.37893e-02 |114  0.00643  2.11984e-05
115  0.01435  2.43220e-02 |116 -0.00875  4.56717e-03 |117 -0.03751 -2.26898e-03
118 -0.05637  3.84965e-04 |119 -0.05353 -1.00284e-02 |120 -0.03274 -3.32989e-02
121  0.00153 -6.84673e-03 |122  0.04869  1.17643e-02 |123  0.01065 -9.93909e-03
124 -0.02424 -1.10753e-02 |125 -0.00805  3.68804e-03 |126  0.02768 -1.37266e-02
127  0.03478  3.58386e-03 |128  0.04570  1.04745e-02 |129  0.06053 -4.66378e-03
130  0.05722  1.51481e-02 |131  0.03230 -1.65924e-02 |132  0.01685  2.63676e-03
133  0.01437  1.50321e-02 |134 -0.01001  5.46669e-03 |135 -0.01101 -7.87145e-03
136 -0.01319  3.91795e-03 |137 -0.01102 -1.52904e-02 |138 -0.00982 -2.39111e-03
139 -0.00727  4.40401e-03 |140  0.00249  7.56776e-03 |141  0.00480  6.45015e-03
142 -0.00344 -3.80708e-03 |143 -0.00396  4.61942e-02 |144 -0.00000  1.02448e-05
145  0.29670 -3.55436e-02 |146  0.24441 -4.89633e-01 |147  0.08008  1.04181e-02
148  0.29958 -2.79928e-03 |149  0.01562  6.42023e-03 |150 -0.11410  3.22418e-02
151 -0.96762 -9.11557e-04 |152  0.51749  1.16372e-03 |153  0.10849  1.08679e-01
154 -0.24884 -1.23322e-02 |155  0.21678  1.29976e-02 |156  0.26443 -8.55113e-03
157  0.20694  5.11369e-03 |158  0.25909 -2.06178e-02 |159 -0.00443 -1.92524e-02
160 -0.09728  1.24669e-02 |161  0.14076 -8.16794e-04 |162  0.29934 -1.46682e-02
163  0.19622 -5.36281e-03 |164  0.24963 -1.41499e-02 |165 -0.31770 -2.12134e-03
166  0.56351 -1.70638e-02 |167  0.04452 -1.80029e-02 |168 -0.16877 -6.84362e-02
169  0.28084  7.88851e-03 |170  0.32996  9.65344e-04 |171  0.07278  2.65569e-02
172 -0.45360  1.10421e-03 |173 -0.13866 -6.95287e-04 |174  0.08984  4.46313e-04
175  0.03131  1.54643e-04 |176 -0.04864 -2.40496e-04 |177  0.07542 -3.73796e-02
178  0.14254 -3.06086e-03 |179  0.32153  1.72049e-02 |180  0.27226 -8.33633e-03
181 -0.01419 -3.19226e-02 |182  0.01171 -2.36700e-03 |183 -0.13380  1.55529e-02
184 -0.12316  1.50078e-02 |185  0.04221 -2.23340e-02 |186  0.37225 -2.01335e-02
187  0.01042 -2.50934e-02 |188 -0.14706  2.28046e-02 |189  0.11165  4.19578e-02
190  0.18178  5.39411e-02 |191  0.21978 -3.08859e-02 |192  0.25574 -6.01766e-02
193  0.02613  3.53020e-02 |194  0.00014  1.94815e-02 |195 -0.17532  6.65484e-02
196 -0.11152  5.88706e-02 |197 -1.02840  6.64607e-03 |198  0.44291 -1.55829e-03
199  0.10593 -1.44749e+00 |200 -0.25128 -4.22289e-01 |
200 variables; iteration 200; function evaluation 288; phase 4
Function value 5.2757675e+03; maximum gradient component mag 4.9216e-01
Var    Value     Gradient |Var    Value     Gradient |Var    Value     Gradient
  1 -0.42304 -2.56943e-02 |  2  0.55735  3.50855e-02 |  3 -0.07840  2.77477e-03
  4 -0.20249  1.23498e-02 |  5 -0.65786 -7.95806e-03 |  6 -0.58917  3.43241e-03
  7  0.54225  4.12929e-02 |  8 -0.16244  7.59308e-03 |  9 -0.14501  1.10607e-02
 10 -0.51008  3.45940e-04 | 11 -0.61760 -7.74550e-04 | 12 -0.13711  2.10054e-01
 13 -0.01016  4.64373e-03 | 14 -0.01043 -9.92092e-03 | 15 -0.01061 -1.19869e-03
 16 -0.01077  1.03282e-02 | 17 -0.01103 -4.38336e-03 | 18 -0.01123 -7.10947e-03
 19 -0.01138  2.83174e-03 | 20 -0.01160 -8.00894e-03 | 21 -0.01177 -9.10150e-03
 22 -0.01188  5.62976e-03 | 23 -0.01203  2.13140e-03 | 24 -0.01218 -3.36040e-03
 25 -0.01228 -4.07856e-04 | 26 -0.01238 -1.56311e-03 | 27 -0.01245  5.48619e-04
 28 -0.01250  7.54725e-04 | 29 -0.01255 -2.98712e-03 | 30 -0.01254  1.67391e-03
 31 -0.01252  2.07104e-03 | 32 -0.01249 -2.04250e-03 | 33 -0.01240  2.20734e-03
 34 -0.01230  1.04446e-03 | 35 -0.01213  8.30308e-03 | 36 -0.01198  9.83409e-04
 37 -0.01175  6.09428e-03 | 38 -0.01151  2.43276e-03 | 39 -0.01119  8.46956e-03
 40 -0.01090 -4.11167e-03 | 41 -0.01050  1.10909e-03 | 42 -0.01010 -2.17262e-03
 43 -0.00963 -1.64762e-03 | 44 -0.00915 -4.59528e-03 | 45 -0.00863 -4.10742e-03
 46 -0.00809 -4.45090e-03 | 47 -0.00750  4.74034e-03 | 48 -0.00700 -1.05721e-02
 49 -0.00641 -2.55605e-04 | 50 -0.00586  5.52339e-03 | 51 -0.00533  1.64559e-02
 52 -0.00496 -5.21625e-03 | 53 -0.00451  6.44625e-03 | 54 -0.00415  7.32913e-03
 55 -0.00385  4.11476e-03 | 56 -0.00358  2.58201e-03 | 57 -0.00331  1.28865e-03
 58 -0.00301  2.81943e-03 | 59 -0.00267  6.05324e-03 | 60 -0.00227  4.54394e-03
 61 -0.00184 -1.63539e-02 | 62 -0.00105  1.52073e-02 | 63 -0.00030 -5.68750e-03
 64  0.00078  1.64827e-03 | 65  0.00205 -6.97379e-03 | 66  0.00365 -2.61473e-03
 67  0.00564  1.87964e-02 | 68  0.00779 -2.11853e-04 | 69  0.01035 -2.40722e-03
 70  0.01326 -1.81408e-03 | 71  0.01650  1.65517e-03 | 72  0.01995 -3.93228e-04
 73  0.02357  3.94492e-03 | 74  0.02716  7.56091e-03 | 75  0.03045 -1.55851e-03
 76  0.03328 -1.82299e-03 | 77  0.03538 -2.05838e-03 | 78  0.03661  1.32598e-03
 79  0.03691  2.26889e-03 | 80  0.03636  1.23504e-03 | 81  0.03513  5.06597e-03
 82  0.03321 -1.44090e-03 | 83  0.03072  3.72645e-03 | 84  0.02745 -3.83826e-03
 85  0.02358  7.96688e-03 | 86  0.01910  5.20674e-03 | 87  0.01449  5.90562e-03
 88  0.01027  8.58070e-03 | 89  0.00689  1.99090e-02 | 90  0.00437 -1.15021e-02
 91  0.00298 -1.75659e-03 | 92  0.00226  1.86531e-03 | 93  0.00199  2.54972e-03
 94  0.00225  7.30855e-03 | 95  0.00328  5.40507e-03 | 96  0.00513 -1.47664e-03
 97  0.00704  6.75587e-03 | 98  0.00754  1.08617e-03 | 99  0.00687  1.34245e-02
100  0.00501 -5.10256e-03 |101  0.00536 -1.67995e-04 |102  0.00342  8.98259e-03
103  0.00165 -1.52361e-03 |104  0.00448  2.58463e-03 |105  0.00024  6.63443e-03
106 -0.00218  1.28142e-03 |107  0.01894 -1.96307e-03 |108  0.02075 -3.90374e-03
109  0.02445  9.64235e-03 |110  0.02540  6.96108e-03 |111  0.03374  6.43804e-03
112  0.03424  4.95032e-03 |113 -0.01211  2.26503e-03 |114  0.00641 -3.32911e-03
115  0.01424 -1.13026e-02 |116 -0.00876 -6.65001e-03 |117 -0.03748  4.75468e-03
118 -0.05642 -9.22746e-03 |119 -0.05353 -3.51520e-04 |120 -0.03269 -1.29019e-03
121  0.00145 -9.68030e-03 |122  0.04865  6.31762e-03 |123  0.01063 -1.36514e-02
124 -0.02423  3.15461e-03 |125 -0.00809 -2.54432e-04 |126  0.02770 -7.23630e-03
127  0.03468 -1.28946e-02 |128  0.04570  9.28417e-03 |129  0.06054 -1.76770e-03
130  0.05708 -2.04889e-03 |131  0.03238  3.09674e-03 |132  0.01683  4.62122e-03
133  0.01430  2.53423e-03 |134 -0.01005 -3.05360e-03 |135 -0.01102 -6.87420e-03
136 -0.01320  2.31004e-03 |137 -0.01098 -2.27278e-03 |138 -0.00978  8.20089e-03
139 -0.00729  1.60407e-03 |140  0.00243 -5.01693e-03 |141  0.00479  2.67724e-03
142 -0.00345 -5.39167e-03 |143 -0.00413  4.90640e-03 |144 -0.00000  1.34803e-05
145  0.29678  2.14889e-03 |146  0.24463  1.63232e-01 |147  0.08009 -3.29257e-03
148  0.29958 -1.44995e-03 |149  0.01563 -5.86654e-04 |150 -0.11411 -7.37886e-03
151 -0.96944 -9.58375e-03 |152  0.48380 -7.64671e-04 |153  0.10843 -8.30592e-02
154 -0.24882 -2.77900e-02 |155  0.21678 -1.87575e-03 |156  0.26443  2.06290e-03
157  0.20693 -3.42525e-04 |158  0.25908  5.47181e-03 |159 -0.00438  3.58639e-03
160 -0.09728 -3.21877e-03 |161  0.14078 -2.20575e-03 |162  0.29935  1.41006e-03
163  0.19625  8.05094e-04 |164  0.24965  2.21011e-03 |165 -0.31779  8.34597e-03
166  0.59088 -9.54474e-03 |167  0.04455  2.60381e-02 |168 -0.16876  4.78149e-02
169  0.28078  5.47544e-03 |170  0.32995 -4.37532e-03 |171  0.07280  5.56971e-02
172 -0.48447 -1.20543e-03 |173 -0.08096 -4.01711e-04 |174  0.05300  2.62145e-04
175  0.01858  9.17367e-05 |176 -0.02883 -1.42394e-04 |177  0.07542  2.68400e-03
178  0.14255  9.74726e-04 |179  0.32152 -3.48470e-03 |180  0.27226  6.00257e-04
181 -0.01415  1.80726e-03 |182  0.01171  2.03364e-03 |183 -0.13380 -1.20430e-03
184 -0.12316 -5.37003e-04 |185  0.04225  1.27999e-03 |186  0.37226  6.60163e-03
187  0.01043  2.99295e-03 |188 -0.14709 -3.20346e-03 |189  0.11165 -8.26932e-03
190  0.18179 -1.16683e-02 |191  0.21978  7.03940e-03 |192  0.25574  1.42024e-02
193  0.02613 -2.89941e-03 |194  0.00014 -3.72584e-03 |195 -0.17532 -1.59070e-02
196 -0.11152 -1.28417e-02 |197 -1.02697  4.64615e-03 |198  0.51381  2.02679e-03
199  0.10592  4.92164e-01 |200 -0.25126  1.35760e-01 |
200 variables; iteration 220; function evaluation 322; phase 4
Function value 5.2757672e+03; maximum gradient component mag -7.2037e-01
Var    Value     Gradient |Var    Value     Gradient |Var    Value     Gradient
  1 -0.42303  4.07351e-02 |  2  0.55738  4.10392e-03 |  3 -0.07840  7.31729e-03
  4 -0.20252  7.20763e-03 |  5 -0.65782  1.18285e-02 |  6 -0.58917 -7.46510e-05
  7  0.54229 -6.37273e-03 |  8 -0.16244 -3.67700e-03 |  9 -0.14504  4.19119e-04
 10 -0.51011 -5.78188e-03 | 11 -0.61759 -1.41425e-03 | 12 -0.13711 -3.03131e-01
 13 -0.01027 -2.51575e-02 | 14 -0.01023  4.30103e-02 | 15 -0.01059  1.88004e-03
 16 -0.01085 -1.13829e-02 | 17 -0.01101  1.84752e-04 | 18 -0.01119  3.55759e-03
 19 -0.01138  2.41846e-03 | 20 -0.01153  1.03979e-02 | 21 -0.01168  1.55522e-02
 22 -0.01193 -8.76812e-03 | 23 -0.01205 -3.76961e-03 | 24 -0.01214  7.62515e-03
 25 -0.01230 -5.94847e-03 | 26 -0.01234  9.35134e-03 | 27 -0.01249 -1.09503e-02
 28 -0.01247  8.39450e-03 | 29 -0.01254 -3.77648e-03 | 30 -0.01250  9.58518e-03
 31 -0.01257 -1.35592e-02 | 32 -0.01243  1.28022e-02 | 33 -0.01245 -1.26563e-02
 34 -0.01226  8.56216e-03 | 35 -0.01221 -1.58522e-02 | 36 -0.01198 -7.47236e-04
 37 -0.01181 -9.84269e-03 | 38 -0.01152 -2.29995e-04 | 39 -0.01126 -1.18288e-02
 40 -0.01087  3.55601e-03 | 41 -0.01050  4.86606e-04 | 42 -0.01007  3.68678e-03
 43 -0.00962 -8.63425e-04 | 44 -0.00915 -5.87707e-03 | 45 -0.00860  2.70788e-03
 46 -0.00803  8.17880e-03 | 47 -0.00753 -6.62551e-03 | 48 -0.00690  1.33586e-02
 49 -0.00642 -4.68598e-03 | 50 -0.00589 -5.31711e-03 | 51 -0.00547 -2.18415e-02
 52 -0.00492  2.04412e-03 | 53 -0.00450  7.00703e-03 | 54 -0.00419 -4.02082e-03
 55 -0.00389 -6.79633e-03 | 56 -0.00360 -5.70219e-03 | 57 -0.00335 -1.26642e-02
 58 -0.00307 -1.33659e-02 | 59 -0.00272 -9.63086e-03 | 60 -0.00228 -1.67883e-03
 61 -0.00169  1.77330e-02 | 62 -0.00112 -5.61402e-03 | 63 -0.00023  8.64816e-03
 64  0.00076 -6.55502e-03 | 65  0.00222  3.15379e-02 | 66  0.00366 -3.78294e-03
 67  0.00542 -3.48730e-02 | 68  0.00780 -9.47037e-04 | 69  0.01037 -1.30017e-03
 70  0.01330  3.71704e-03 | 71  0.01649 -3.81727e-03 | 72  0.01996 -2.26912e-03
 73  0.02355 -4.57231e-03 | 74  0.02709 -1.13342e-02 | 75  0.03049  1.70137e-03
 76  0.03333  3.26071e-03 | 77  0.03542  4.70825e-04 | 78  0.03662 -2.96569e-03
 79  0.03692 -1.77562e-03 | 80  0.03638 -1.30228e-03 | 81  0.03509 -7.95419e-03
 82  0.03325  5.51617e-04 | 83  0.03070 -5.92370e-03 | 84  0.02754  6.06736e-03
 85  0.02352 -1.00661e-02 | 86  0.01906 -8.07575e-03 | 87  0.01446 -9.09894e-03
 88  0.01022 -9.15780e-03 | 89  0.00672 -2.74222e-02 | 90  0.00454  2.36251e-02
 91  0.00297 -1.05286e-02 | 92  0.00227 -3.59199e-03 | 93  0.00201 -9.55106e-04
 94  0.00227  1.81599e-03 | 95  0.00325 -1.22624e-02 | 96  0.00517 -1.25567e-03
 97  0.00702 -8.12024e-03 | 98  0.00754 -7.58353e-03 | 99  0.00679 -1.52386e-02
100  0.00510  8.70605e-03 |101  0.00543  8.17080e-03 |102  0.00339 -3.02567e-03
103  0.00165 -6.83917e-03 |104  0.00448 -1.47635e-03 |105  0.00021 -4.46801e-03
106 -0.00218 -3.09973e-04 |107  0.01897  7.49316e-03 |108  0.02083  9.09652e-03
109  0.02440 -1.49785e-02 |110  0.02537 -1.12193e-02 |111  0.03373 -9.23361e-03
112  0.03428 -7.16694e-03 |113 -0.01213 -5.46246e-03 |114  0.00642  6.87787e-03
115  0.01426  1.72816e-02 |116 -0.00871  1.46931e-02 |117 -0.03753 -1.10519e-02
118 -0.05636  1.23466e-02 |119 -0.05352  1.44456e-03 |120 -0.03269 -2.08494e-03
121  0.00148  1.03622e-02 |122  0.04858 -1.33209e-02 |123  0.01077  1.85193e-02
124 -0.02429 -1.01717e-02 |125 -0.00811 -4.23893e-03 |126  0.02776  1.02375e-02
127  0.03483  1.81349e-02 |128  0.04553 -1.73729e-02 |129  0.06059  9.37681e-04
130  0.05715  2.58822e-03 |131  0.03238 -3.31515e-03 |132  0.01682 -5.22117e-03
133  0.01430 -2.68061e-03 |134 -0.01001  4.93754e-03 |135 -0.01096  8.32653e-03
136 -0.01322 -4.22479e-03 |137 -0.01095  4.82229e-03 |138 -0.00982 -1.84507e-03
139 -0.00732 -7.85642e-03 |140  0.00250  1.07080e-02 |141  0.00475 -7.44062e-03
142 -0.00343 -2.31641e-03 |143 -0.00419 -1.17796e-02 |144 -0.00000 -1.43031e-04
145  0.29677 -2.79610e-03 |146  0.24457 -2.33587e-01 |147  0.08010  2.48603e-03
148  0.29958  6.11906e-03 |149  0.01562 -3.70688e-04 |150 -0.11410  6.74279e-03
151 -0.96585  5.99467e-03 |152  0.49937  2.16869e-04 |153  0.10841  1.23989e-01
154 -0.24835  3.98869e-02 |155  0.21679  1.00369e-03 |156  0.26443 -3.89758e-03
157  0.20694  1.41746e-03 |158  0.25908 -6.26599e-03 |159 -0.00440 -5.09322e-03
160 -0.09728  7.48825e-03 |161  0.14080  8.03084e-05 |162  0.29935  2.66251e-03
163  0.19625 -3.04046e-03 |164  0.24964 -2.06617e-03 |165 -0.31791 -1.17884e-03
166  0.63908 -1.78867e-03 |167  0.04458  2.50104e-03 |168 -0.16876 -1.58370e-02
169  0.28086 -8.07481e-03 |170  0.32997  1.74057e-04 |171  0.07278 -4.58685e-02
172 -0.45155  1.30482e-03 |173  0.01359  6.70987e-05 |174 -0.00770 -3.80169e-05
175 -0.00246 -1.21204e-05 |176  0.00388  1.91637e-05 |177  0.07544  1.93361e-03
178  0.14256 -7.10533e-04 |179  0.32153 -3.61593e-04 |180  0.27226 -1.14893e-04
181 -0.01418 -1.84525e-03 |182  0.01170 -2.77817e-03 |183 -0.13379  8.37100e-03
184 -0.12315 -2.52442e-04 |185  0.04224 -4.18401e-03 |186  0.37225 -1.36623e-02
187  0.01044 -5.17768e-04 |188 -0.14708  6.59046e-03 |189  0.11166  2.58411e-02
190  0.18179  1.85335e-02 |191  0.21978 -1.32591e-02 |192  0.25575 -2.11524e-02
193  0.02613  2.00488e-02 |194  0.00014  7.52581e-03 |195 -0.17532  2.63061e-02
196 -0.11151  2.42669e-02 |197 -1.02794  5.28797e-03 |198  0.50126  1.61019e-03
199  0.10589 -7.20366e-01 |200 -0.25120 -1.96265e-01 |
200 variables; iteration 240; function evaluation 356; phase 4
Function value 5.2757671e+03; maximum gradient component mag 7.8041e-02
Var    Value     Gradient |Var    Value     Gradient |Var    Value     Gradient
  1 -0.42304 -4.33105e-03 |  2  0.55738  7.98106e-04 |  3 -0.07840 -4.39051e-04
  4 -0.20251  1.75610e-04 |  5 -0.65784 -1.42384e-03 |  6 -0.58917  2.79993e-04
  7  0.54230  1.37569e-03 |  8 -0.16243  6.40007e-04 |  9 -0.14505  1.66596e-04
 10 -0.51010  6.28180e-04 | 11 -0.61759  7.08341e-05 | 12 -0.13711  3.28849e-02
 13 -0.01017  1.97264e-04 | 14 -0.01042 -7.36900e-03 | 15 -0.01058  5.89825e-03
 16 -0.01081 -5.86740e-05 | 17 -0.01101  7.60501e-04 | 18 -0.01120  1.28089e-03
 19 -0.01139  1.32868e-03 | 20 -0.01159 -5.00916e-03 | 21 -0.01174 -1.14786e-03
 22 -0.01188  3.03343e-03 | 23 -0.01204  2.97848e-05 | 24 -0.01219 -5.04515e-03
 25 -0.01228  9.61454e-04 | 26 -0.01237  1.34267e-03 | 27 -0.01245  3.96072e-04
 28 -0.01251 -1.92203e-03 | 29 -0.01253 -8.46329e-05 | 30 -0.01253  1.37965e-03
 31 -0.01252  1.75685e-04 | 32 -0.01249 -3.09603e-03 | 33 -0.01239  3.58243e-03
 34 -0.01230 -9.88325e-04 | 35 -0.01216  2.56098e-04 | 36 -0.01199 -1.56648e-03
 37 -0.01178 -7.95799e-04 | 38 -0.01151  2.94659e-03 | 39 -0.01121  2.55512e-03
 40 -0.01089 -7.04556e-04 | 41 -0.01050  1.38710e-03 | 42 -0.01009 -8.27470e-04
 43 -0.00962  5.12194e-04 | 44 -0.00914 -2.24244e-03 | 45 -0.00861  2.60429e-04
 46 -0.00808 -1.82804e-03 | 47 -0.00751  1.09959e-03 | 48 -0.00696 -2.59007e-03
 49 -0.00640  1.40198e-03 | 50 -0.00588 -3.22439e-04 | 51 -0.00538  2.40833e-03
 52 -0.00494 -3.92158e-04 | 53 -0.00453  4.92897e-04 | 54 -0.00419 -1.72383e-03
 55 -0.00386  1.76781e-03 | 56 -0.00357  2.63916e-03 | 57 -0.00330  1.67542e-03
 58 -0.00302  1.20685e-04 | 59 -0.00268  1.58770e-03 | 60 -0.00228  7.88474e-04
 61 -0.00178 -2.13547e-03 | 62 -0.00111  8.00426e-04 | 63 -0.00028 -9.32826e-04
 64  0.00078  3.84910e-04 | 65  0.00206 -4.10971e-03 | 66  0.00367  1.88285e-03
 67  0.00559  5.47034e-03 | 68  0.00779 -7.10093e-04 | 69  0.01037 -8.66620e-05
 70  0.01327 -1.09641e-03 | 71  0.01650  1.68843e-04 | 72  0.01996  1.49540e-04
 73  0.02356  8.84277e-05 | 74  0.02714  1.14030e-03 | 75  0.03046 -5.63332e-04
 76  0.03329 -7.13475e-04 | 77  0.03540 -3.29767e-04 | 78  0.03662  2.85368e-04
 79  0.03691  4.69347e-05 | 80  0.03636  1.30738e-04 | 81  0.03512  8.81248e-04
 82  0.03323  5.46232e-05 | 83  0.03071  9.52135e-04 | 84  0.02748 -6.09767e-04
 85  0.02356  1.47367e-03 | 86  0.01909  1.44564e-03 | 87  0.01449  1.83452e-03
 88  0.01025  1.88380e-03 | 89  0.00684  4.55046e-03 | 90  0.00441 -3.10411e-03
 91  0.00299 -1.33525e-03 | 92  0.00227  9.84503e-04 | 93  0.00199 -1.52123e-03
 94  0.00224 -1.49011e-04 | 95  0.00328  2.19932e-03 | 96  0.00515 -3.65171e-04
 97  0.00704  1.07276e-03 | 98  0.00755  1.34455e-03 | 99  0.00684  1.67081e-03
100  0.00505 -7.82643e-04 |101  0.00537 -1.04449e-03 |102  0.00339  6.26163e-04
103  0.00167 -1.50810e-04 |104  0.00448 -3.26295e-04 |105  0.00022  1.38204e-03
106 -0.00218  3.20910e-04 |107  0.01894 -1.48613e-03 |108  0.02077 -1.66553e-03
109  0.02445  2.09611e-03 |110  0.02539  1.28816e-03 |111  0.03373  1.00094e-03
112  0.03428  2.62811e-04 |113 -0.01212  1.43306e-04 |114  0.00642 -1.11249e-04
115  0.01423 -2.90293e-03 |116 -0.00874 -1.50475e-03 |117 -0.03748  1.08067e-03
118 -0.05640 -1.79931e-03 |119 -0.05353 -2.69801e-04 |120 -0.03268  2.52909e-05
121  0.00143 -1.53834e-03 |122  0.04865  1.38242e-03 |123  0.01068 -2.56040e-03
124 -0.02426  6.89737e-04 |125 -0.00809  1.16277e-03 |126  0.02772 -1.61103e-03
127  0.03473 -2.59163e-03 |128  0.04565  1.97181e-03 |129  0.06056  5.62621e-05
130  0.05711  7.04324e-05 |131  0.03238  5.70443e-04 |132  0.01682  6.28997e-04
133  0.01430 -5.33216e-05 |134 -0.01003  2.01387e-05 |135 -0.01100 -1.02444e-03
136 -0.01321  4.66359e-04 |137 -0.01097 -1.53178e-04 |138 -0.00980  1.98027e-03
139 -0.00729  1.81019e-03 |140  0.00244 -2.93998e-03 |141  0.00478  1.56951e-05
142 -0.00343  4.08938e-04 |143 -0.00414  1.49319e-03 |144 -0.00000 -4.95982e-04
145  0.29677  2.31737e-04 |146  0.24461  2.49058e-02 |147  0.08010 -4.15477e-04
148  0.29958 -4.80814e-04 |149  0.01562  4.69573e-06 |150 -0.11411 -1.08939e-03
151 -0.96730 -4.43412e-04 |152  0.49014 -3.44336e-04 |153  0.10841 -1.73940e-02
154 -0.24864 -6.05094e-03 |155  0.21679 -4.06820e-06 |156  0.26443  4.94795e-04
157  0.20693 -2.99379e-04 |158  0.25908  6.73847e-04 |159 -0.00439  8.41701e-04
160 -0.09728 -8.27198e-04 |161  0.14079 -1.91603e-04 |162  0.29935  7.32402e-06
163  0.19625  2.88830e-04 |164  0.24965  3.53220e-04 |165 -0.31789  5.43111e-04
166  0.65055 -6.01205e-04 |167  0.04458  1.38947e-03 |168 -0.16876  4.50337e-03
169  0.28086  7.57902e-04 |170  0.32997 -8.71920e-05 |171  0.07278  5.31401e-03
172 -0.46056  4.08342e-04 |173  0.03471  1.71451e-04 |174 -0.02131 -1.05187e-04
175 -0.00718 -3.54464e-05 |176  0.01123  5.54228e-05 |177  0.07543 -3.34947e-04
178  0.14256  1.61386e-04 |179  0.32152 -2.76224e-04 |180  0.27226 -1.10588e-05
181 -0.01415  5.68676e-05 |182  0.01171  3.19074e-04 |183 -0.13380 -5.97795e-04
184 -0.12315  1.48804e-05 |185  0.04226  2.93757e-04 |186  0.37226  1.42106e-03
187  0.01043  3.51288e-05 |188 -0.14708 -8.12779e-04 |189  0.11166 -1.95560e-03
190  0.18179 -1.91077e-03 |191  0.21978  1.08824e-03 |192  0.25574  2.12313e-03
193  0.02613 -1.16519e-03 |194  0.00014 -4.78051e-04 |195 -0.17532 -2.86008e-03
196 -0.11152 -2.34657e-03 |197 -1.02849 -1.34857e-03 |198  0.46794  1.31158e-04
199  0.10590  7.80412e-02 |200 -0.25123  2.09028e-02 |
200 variables; iteration 260; function evaluation 393; phase 4
Function value 5.2757671e+03; maximum gradient component mag -3.1193e-02
Var    Value     Gradient |Var    Value     Gradient |Var    Value     Gradient
  1 -0.42304  2.10915e-03 |  2  0.55738  2.82608e-03 |  3 -0.07840  6.52330e-04
  4 -0.20252  1.19596e-03 |  5 -0.65784  3.73447e-04 |  6 -0.58917  1.16165e-04
  7  0.54230  3.40824e-03 |  8 -0.16243  4.22303e-04 |  9 -0.14505  1.42362e-03
 10 -0.51011 -3.91990e-04 | 11 -0.61759 -1.77269e-04 | 12 -0.13711 -1.37148e-02
 13 -0.01017  4.38516e-04 | 14 -0.01038  2.43256e-03 | 15 -0.01060  1.25665e-03
 16 -0.01081  6.24564e-04 | 17 -0.01101 -8.71769e-04 | 18 -0.01120  1.12512e-03
 19 -0.01140 -1.58369e-03 | 20 -0.01157  3.18735e-04 | 21 -0.01174  7.40885e-04
 22 -0.01190 -7.28676e-04 | 23 -0.01204  5.75547e-04 | 24 -0.01217 -2.32839e-04
 25 -0.01228 -1.92061e-04 | 26 -0.01237  8.36536e-04 | 27 -0.01245  3.56279e-04
 28 -0.01250 -6.19436e-04 | 29 -0.01253 -6.36884e-04 | 30 -0.01254 -1.31366e-03
 31 -0.01252 -1.00533e-03 | 32 -0.01247  4.52128e-04 | 33 -0.01240 -4.67946e-04
 34 -0.01229  8.83295e-04 | 35 -0.01216 -1.21263e-03 | 36 -0.01198  2.22956e-04
 37 -0.01177 -3.07580e-04 | 38 -0.01152 -4.37717e-04 | 39 -0.01123 -6.85633e-04
 40 -0.01088 -6.11856e-05 | 41 -0.01050  1.33523e-05 | 42 -0.01008  4.37579e-04
 43 -0.00963 -2.31187e-04 | 44 -0.00913  1.38638e-03 | 45 -0.00861 -1.60712e-04
 46 -0.00806  7.36837e-04 | 47 -0.00751 -6.11976e-04 | 48 -0.00695  9.68539e-04
 49 -0.00641 -6.41639e-04 | 50 -0.00588  2.50839e-04 | 51 -0.00539 -8.77010e-04
 52 -0.00494  1.50622e-04 | 53 -0.00453 -3.30165e-04 | 54 -0.00418  3.48292e-04
 55 -0.00387 -2.91625e-04 | 56 -0.00359 -1.32390e-03 | 57 -0.00331 -7.95941e-04
 58 -0.00302 -1.52615e-04 | 59 -0.00269 -1.19853e-03 | 60 -0.00228  4.15719e-04
 61 -0.00176  7.64436e-04 | 62 -0.00111 -3.45741e-04 | 63 -0.00027  3.43618e-04
 64  0.00078 -9.67676e-05 | 65  0.00208  1.13494e-03 | 66  0.00366 -4.59426e-04
 67  0.00555 -2.00647e-03 | 68  0.00779  2.57244e-04 | 69  0.01037  2.57133e-05
 70  0.01328  4.35003e-04 | 71  0.01650 -5.81786e-05 | 72  0.01996 -1.02749e-04
 73  0.02356  4.81378e-05 | 74  0.02713 -4.21224e-04 | 75  0.03046  2.11197e-04
 76  0.03330  2.45101e-04 | 77  0.03540  7.73635e-05 | 78  0.03662 -1.47233e-04
 79  0.03691  1.20357e-05 | 80  0.03637 -8.66072e-05 | 81  0.03511 -2.72353e-04
 82  0.03323 -8.93561e-05 | 83  0.03071 -4.00606e-04 | 84  0.02749  1.56219e-04
 85  0.02355 -5.25987e-04 | 86  0.01908 -5.64834e-04 | 87  0.01448 -7.09334e-04
 88  0.01024 -6.97656e-04 | 89  0.00681 -1.56235e-03 | 90  0.00443  1.25857e-03
 91  0.00300  6.73967e-04 | 92  0.00226 -6.25343e-04 | 93  0.00200  6.49667e-04
 94  0.00224 -1.13757e-04 | 95  0.00327 -1.02125e-03 | 96  0.00515  1.58362e-04
 97  0.00703 -5.91839e-04 | 98  0.00755 -4.57283e-04 | 99  0.00683 -4.96188e-04
100  0.00505  2.61024e-04 |101  0.00538  1.52207e-04 |102  0.00339 -4.87404e-04
103  0.00167 -5.28210e-05 |104  0.00448  1.55316e-04 |105  0.00022 -4.86990e-04
106 -0.00218  8.71650e-05 |107  0.01894  3.28566e-04 |108  0.02078  4.21722e-04
109  0.02444 -7.05930e-04 |110  0.02539 -1.96976e-04 |111  0.03373 -1.60492e-04
112  0.03428 -2.36333e-04 |113 -0.01211  1.51837e-04 |114  0.00641 -1.13882e-04
115  0.01424  7.77943e-04 |116 -0.00874  5.23423e-04 |117 -0.03749 -4.74299e-04
118 -0.05640  4.16188e-04 |119 -0.05353  1.60532e-04 |120 -0.03269  4.26514e-06
121  0.00144  3.57704e-04 |122  0.04864 -4.85081e-04 |123  0.01070  7.66181e-04
124 -0.02427 -3.87624e-04 |125 -0.00809 -3.08773e-04 |126  0.02773  5.01631e-04
127  0.03475  8.07560e-04 |128  0.04563 -6.76240e-04 |129  0.06056 -1.85316e-05
130  0.05711 -4.71563e-05 |131  0.03238 -1.36024e-04 |132  0.01682 -3.40985e-04
133  0.01430 -2.60385e-04 |134 -0.01003  9.14720e-05 |135 -0.01099  1.61226e-04
136 -0.01321 -3.03185e-04 |137 -0.01097  4.56411e-05 |138 -0.00982 -1.08547e-03
139 -0.00730 -4.13675e-04 |140  0.00245  3.46977e-04 |141  0.00478 -2.45965e-04
142 -0.00342  4.43344e-04 |143 -0.00415 -2.49420e-04 |144  0.00000  7.26681e-04
145  0.29677 -1.47168e-04 |146  0.24460 -1.02309e-02 |147  0.08010 -1.01680e-04
148  0.29958  5.31750e-04 |149  0.01562 -1.11250e-04 |150 -0.11411 -1.85546e-05
151 -0.96714  2.98537e-04 |152  0.49686  7.90090e-05 |153  0.10841  7.55419e-03
154 -0.24859  2.70955e-03 |155  0.21679 -1.57445e-04 |156  0.26443  2.08716e-05
157  0.20693  9.87547e-05 |158  0.25908 -8.28082e-05 |159 -0.00439 -3.04390e-04
160 -0.09728  2.48846e-04 |161  0.14079 -7.50563e-05 |162  0.29935  3.34980e-04
163  0.19625 -1.75460e-04 |164  0.24965  4.35350e-05 |165 -0.31789  3.28358e-04
166  0.65141 -5.18973e-04 |167  0.04458  1.49991e-03 |168 -0.16876  1.18131e-03
169  0.28085 -3.70051e-04 |170  0.32997 -8.14296e-05 |171  0.07278 -1.88099e-03
172 -0.46661 -9.69502e-05 |173  0.02996  1.47962e-04 |174 -0.01843 -9.09537e-05
175 -0.00622 -3.06870e-05 |176  0.00972  4.79700e-05 |177  0.07543  2.24025e-04
178  0.14256 -3.95127e-05 |179  0.32152 -1.34348e-04 |180  0.27226  7.93274e-05
181 -0.01416 -9.96346e-06 |182  0.01171 -1.06342e-04 |183 -0.13380  3.50025e-04
184 -0.12315 -1.40173e-04 |185  0.04226 -9.26366e-05 |186  0.37226 -5.74334e-04
187  0.01043  1.02702e-04 |188 -0.14708  1.97389e-04 |189  0.11166  1.14445e-03
190  0.18179  3.48122e-04 |191  0.21978 -5.28078e-04 |192  0.25575 -3.14096e-04
193  0.02613  9.79762e-04 |194  0.00014  2.01506e-04 |195 -0.17532  8.16435e-04
196 -0.11152  6.21908e-04 |197 -1.02831  4.53383e-05 |198  0.46472 -5.09614e-05
199  0.10590 -3.11930e-02 |200 -0.25122 -8.45372e-03 |

 - final statistics:
200 variables; iteration 267; function evaluation 400
Function value 5.2758e+03; maximum gradient component mag 7.9931e-04
Exit code = 1;  converg criter 1.0000e-03
Var    Value     Gradient |Var    Value     Gradient |Var    Value     Gradient
  1 -0.42304 -5.01520e-05 |  2  0.55738  2.77152e-04 |  3 -0.07840  2.33010e-05
  4 -0.20252  7.44861e-05 |  5 -0.65784 -2.70044e-05 |  6 -0.58917 -1.32481e-05
  7  0.54230  3.22691e-04 |  8 -0.16243  3.30792e-05 |  9 -0.14505  7.46169e-05
 10 -0.51011 -6.91296e-06 | 11 -0.61759 -5.28094e-06 | 12 -0.13711  2.98024e-04
 13 -0.01017  1.09848e-04 | 14 -0.01039 -7.55919e-05 | 15 -0.01060  4.81285e-04
 16 -0.01081  8.47893e-05 | 17 -0.01101 -7.63636e-05 | 18 -0.01121  2.27012e-04
 19 -0.01139 -2.08570e-04 | 20 -0.01157 -2.29977e-04 | 21 -0.01174  8.76169e-05
 22 -0.01190 -2.04015e-05 | 23 -0.01204  5.37014e-05 | 24 -0.01217 -2.58784e-04
 25 -0.01228  1.32113e-04 | 26 -0.01237  1.55129e-04 | 27 -0.01245 -1.30958e-04
 28 -0.01250 -3.92805e-04 | 29 -0.01253  1.83442e-04 | 30 -0.01254  1.59889e-04
 31 -0.01252 -1.95843e-05 | 32 -0.01248 -2.98380e-04 | 33 -0.01240  1.59136e-05
 34 -0.01230  1.26879e-04 | 35 -0.01216 -1.21981e-04 | 36 -0.01199 -5.12630e-05
 37 -0.01177 -2.11251e-05 | 38 -0.01152  6.36953e-05 | 39 -0.01122  2.99426e-05
 40 -0.01089 -4.19489e-05 | 41 -0.01050  5.83352e-05 | 42 -0.01008  2.08429e-05
 43 -0.00963 -1.93650e-05 | 44 -0.00913  1.63889e-04 | 45 -0.00861 -2.19439e-05
 46 -0.00807  2.88919e-05 | 47 -0.00751 -5.19724e-05 | 48 -0.00695  2.03567e-05
 49 -0.00641 -3.80307e-05 | 50 -0.00588  4.41265e-05 | 51 -0.00539 -7.53143e-06
 52 -0.00494  1.66791e-05 | 53 -0.00453 -2.54042e-05 | 54 -0.00418 -5.02041e-05
 55 -0.00387  5.89620e-05 | 56 -0.00358 -6.10096e-05 | 57 -0.00331 -2.38219e-05
 58 -0.00302 -1.11360e-05 | 59 -0.00269 -1.09212e-04 | 60 -0.00228  1.27863e-04
 61 -0.00177  3.77165e-06 | 62 -0.00111 -1.59173e-05 | 63 -0.00027  5.48189e-06
 64  0.00078  1.68682e-05 | 65  0.00208 -7.45367e-05 | 66  0.00367  5.62173e-05
 67  0.00556 -2.53523e-05 | 68  0.00779  7.26064e-06 | 69  0.01037  1.63424e-06
 70  0.01328  2.44249e-05 | 71  0.01650  7.24364e-06 | 72  0.01996 -1.04744e-05
 73  0.02356  3.41393e-05 | 74  0.02713  5.89992e-07 | 75  0.03046  7.14280e-06
 76  0.03330  7.15697e-06 | 77  0.03540 -2.40827e-06 | 78  0.03662 -1.06358e-05
 79  0.03691  7.43015e-06 | 80  0.03637 -1.92366e-05 | 81  0.03511  1.26162e-05
 82  0.03323 -1.91335e-05 | 83  0.03071 -1.72331e-05 | 84  0.02749 -1.58289e-05
 85  0.02355  2.52260e-06 | 86  0.01908 -1.75856e-05 | 87  0.01448 -2.20738e-05
 88  0.01024 -3.92496e-06 | 89  0.00682  4.74849e-06 | 90  0.00443  5.46546e-05
 91  0.00300  6.04601e-05 | 92  0.00226 -6.34554e-05 | 93  0.00200  5.27823e-05
 94  0.00224 -3.36344e-05 | 95  0.00328 -4.72515e-05 | 96  0.00515  2.64027e-05
 97  0.00703 -3.01161e-05 | 98  0.00755  9.60102e-06 | 99  0.00684  3.68870e-05
100  0.00505  5.80170e-06 |101  0.00538 -4.15390e-05 |102  0.00339 -5.26993e-05
103  0.00167 -9.64629e-06 |104  0.00448  3.59482e-05 |105  0.00022  8.46360e-07
106 -0.00218  3.38585e-05 |107  0.01894 -2.62295e-05 |108  0.02078 -3.30593e-05
109  0.02444  9.77433e-06 |110  0.02539  6.86144e-05 |111  0.03373  3.81279e-05
112  0.03428  2.09687e-05 |113 -0.01212  4.74043e-05 |114  0.00642 -3.61321e-05
115  0.01423 -2.25887e-05 |116 -0.00874 -1.40075e-05 |117 -0.03749 -2.93642e-06
118 -0.05640 -1.58851e-05 |119 -0.05353  7.21522e-06 |120 -0.03269  2.18384e-05
121  0.00143 -1.57657e-06 |122  0.04864  1.75394e-05 |123  0.01069 -2.03041e-06
124 -0.02427  2.30169e-05 |125 -0.00809  3.44677e-06 |126  0.02772 -5.87601e-06
127  0.03474 -2.20165e-06 |128  0.04563  2.30214e-05 |129  0.06056 -2.21475e-05
130  0.05711 -3.78354e-05 |131  0.03238 -4.24903e-06 |132  0.01682 -4.36097e-05
133  0.01430 -5.68022e-05 |134 -0.01003  6.55962e-07 |135 -0.01099 -5.36975e-05
136 -0.01321 -1.20677e-05 |137 -0.01097 -1.38536e-05 |138 -0.00981 -1.08513e-04
139 -0.00730  5.43517e-05 |140  0.00245 -1.28912e-04 |141  0.00478 -3.53720e-05
142 -0.00343  1.16113e-04 |143 -0.00415  5.23967e-05 |144  0.00000  1.03996e-04
145  0.29677 -1.04649e-05 |146  0.24461  2.70770e-04 |147  0.08010 -2.82401e-05
148  0.29958  9.67797e-06 |149  0.01562 -6.19283e-06 |150 -0.11411 -8.44837e-06
151 -0.96720  1.27036e-05 |152  0.49537 -1.10111e-05 |153  0.10841  5.02509e-04
154 -0.24860  2.58324e-04 |155  0.21679 -2.59758e-05 |156  0.26443  2.71455e-05
157  0.20693  1.27617e-05 |158  0.25908  1.39442e-05 |159 -0.00439 -2.70098e-05
160 -0.09728 -2.44864e-05 |161  0.14079  5.84039e-06 |162  0.29935  7.99839e-06
163  0.19625  7.83408e-06 |164  0.24965  1.33427e-05 |165 -0.31790  5.43982e-06
166  0.65694  9.45821e-08 |167  0.04458  2.83115e-05 |168 -0.16876  7.74832e-05
169  0.28086  2.66305e-05 |170  0.32997 -4.91630e-06 |171  0.07278  1.76283e-04
172 -0.46523  1.14811e-05 |173 -0.00162 -8.01277e-06 |174  0.00084  4.16388e-06
175  0.00025  1.23986e-06 |176 -0.00040 -1.98864e-06 |177  0.07543 -6.27744e-06
178  0.14256 -1.22032e-05 |179  0.32152  2.77316e-05 |180  0.27226  5.82509e-06
181 -0.01416  7.16798e-06 |182  0.01171  1.10886e-05 |183 -0.13380 -3.18359e-05
184 -0.12315  3.72324e-06 |185  0.04226  2.84142e-05 |186  0.37226  3.60945e-05
187  0.01043  7.73398e-06 |188 -0.14708 -2.35190e-05 |189  0.11166 -8.51201e-05
190  0.18179 -7.42348e-05 |191  0.21978  3.50583e-05 |192  0.25575  1.17498e-04
193  0.02613 -6.85979e-05 |194  0.00014 -3.66596e-05 |195 -0.17532 -4.61657e-05
196 -0.11152 -7.59005e-05 |197 -1.02829  5.20732e-06 |198  0.46557 -1.77296e-06
199  0.10590  7.99311e-04 |200 -0.25122  2.36848e-04 |
Warning: the following parameters had issues
  selparm[7] is within 0.1% of lower bound: 1.50000e+01 < 1.50425e+01 < 7.90000e+01
  selparm[75] is within 0.1% of lower bound: 1.30000e+01 < 1.30183e+01 < 5.00000e+01


 - final statistics:
213 variables; iteration 0; function evaluation 0
Function value 5.2758e+03; maximum gradient component mag 7.9931e-04
Exit code = 0;  converg criter 1.0000e-03
Var    Value     Gradient |Var    Value     Gradient |Var    Value     Gradient
  1 -0.42304 -5.01520e-05 |  2  0.55738  2.77152e-04 |  3 -0.07840  2.33010e-05
  4 -0.20252  7.44861e-05 |  5 -0.65784 -2.70044e-05 |  6 -0.58917 -1.32481e-05
  7  0.54230  3.22691e-04 |  8 -0.16243  3.30792e-05 |  9 -0.14505  7.46169e-05
 10 -0.51011 -6.91296e-06 | 11 -0.61759 -5.28093e-06 | 12 -0.13711  2.98024e-04
 13 -0.01017  1.09848e-04 | 14 -0.01039 -7.55919e-05 | 15 -0.01060  4.81285e-04
 16 -0.01081  8.47893e-05 | 17 -0.01101 -7.63636e-05 | 18 -0.01121  2.27012e-04
 19 -0.01139 -2.08570e-04 | 20 -0.01157 -2.29977e-04 | 21 -0.01174  8.76169e-05
 22 -0.01190 -2.04015e-05 | 23 -0.01204  5.37014e-05 | 24 -0.01217 -2.58784e-04
 25 -0.01228  1.32113e-04 | 26 -0.01237  1.55129e-04 | 27 -0.01245 -1.30958e-04
 28 -0.01250 -3.92805e-04 | 29 -0.01253  1.83442e-04 | 30 -0.01254  1.59889e-04
 31 -0.01252 -1.95843e-05 | 32 -0.01248 -2.98380e-04 | 33 -0.01240  1.59136e-05
 34 -0.01230  1.26879e-04 | 35 -0.01216 -1.21981e-04 | 36 -0.01199 -5.12630e-05
 37 -0.01177 -2.11251e-05 | 38 -0.01152  6.36953e-05 | 39 -0.01122  2.99426e-05
 40 -0.01089 -4.19489e-05 | 41 -0.01050  5.83352e-05 | 42 -0.01008  2.08429e-05
 43 -0.00963 -1.93650e-05 | 44 -0.00913  1.63889e-04 | 45 -0.00861 -2.19439e-05
 46 -0.00807  2.88919e-05 | 47 -0.00751 -5.19724e-05 | 48 -0.00695  2.03567e-05
 49 -0.00641 -3.80307e-05 | 50 -0.00588  4.41265e-05 | 51 -0.00539 -7.53143e-06
 52 -0.00494  1.66791e-05 | 53 -0.00453 -2.54042e-05 | 54 -0.00418 -5.02041e-05
 55 -0.00387  5.89620e-05 | 56 -0.00358 -6.10096e-05 | 57 -0.00331 -2.38219e-05
 58 -0.00302 -1.11360e-05 | 59 -0.00269 -1.09212e-04 | 60 -0.00228  1.27863e-04
 61 -0.00177  3.77165e-06 | 62 -0.00111 -1.59173e-05 | 63 -0.00027  5.48189e-06
 64  0.00078  1.68682e-05 | 65  0.00208 -7.45367e-05 | 66  0.00367  5.62173e-05
 67  0.00556 -2.53523e-05 | 68  0.00779  7.26064e-06 | 69  0.01037  1.63424e-06
 70  0.01328  2.44249e-05 | 71  0.01650  7.24364e-06 | 72  0.01996 -1.04744e-05
 73  0.02356  3.41393e-05 | 74  0.02713  5.89992e-07 | 75  0.03046  7.14280e-06
 76  0.03330  7.15697e-06 | 77  0.03540 -2.40827e-06 | 78  0.03662 -1.06358e-05
 79  0.03691  7.43015e-06 | 80  0.03637 -1.92366e-05 | 81  0.03511  1.26162e-05
 82  0.03323 -1.91335e-05 | 83  0.03071 -1.72331e-05 | 84  0.02749 -1.58289e-05
 85  0.02355  2.52260e-06 | 86  0.01908 -1.75856e-05 | 87  0.01448 -2.20738e-05
 88  0.01024 -3.92496e-06 | 89  0.00682  4.74849e-06 | 90  0.00443  5.46546e-05
 91  0.00300  6.04601e-05 | 92  0.00226 -6.34554e-05 | 93  0.00200  5.27823e-05
 94  0.00224 -3.36344e-05 | 95  0.00328 -4.72515e-05 | 96  0.00515  2.64027e-05
 97  0.00703 -3.01161e-05 | 98  0.00755  9.60102e-06 | 99  0.00684  3.68870e-05
100  0.00505  5.80170e-06 |101  0.00538 -4.15390e-05 |102  0.00339 -5.26993e-05
103  0.00167 -9.64629e-06 |104  0.00448  3.59482e-05 |105  0.00022  8.46360e-07
106 -0.00218  3.38585e-05 |107  0.01894 -2.62295e-05 |108  0.02078 -3.30593e-05
109  0.02444  9.77433e-06 |110  0.02539  6.86144e-05 |111  0.03373  3.81279e-05
112  0.03428  2.09687e-05 |113 -0.01212  4.74043e-05 |114  0.00642 -3.61321e-05
115  0.01423 -2.25887e-05 |116 -0.00874 -1.40075e-05 |117 -0.03749 -2.93642e-06
118 -0.05640 -1.58851e-05 |119 -0.05353  7.21522e-06 |120 -0.03269  2.18384e-05
121  0.00143 -1.57657e-06 |122  0.04864  1.75394e-05 |123  0.01069 -2.03041e-06
124 -0.02427  2.30169e-05 |125 -0.00809  3.44677e-06 |126  0.02772 -5.87601e-06
127  0.03474 -2.20165e-06 |128  0.04563  2.30214e-05 |129  0.06056 -2.21475e-05
130  0.05711 -3.78354e-05 |131  0.03238 -4.24903e-06 |132  0.01682 -4.36097e-05
133  0.01430 -5.68022e-05 |134 -0.01003  6.55961e-07 |135 -0.01099 -5.36975e-05
136 -0.01321 -1.20677e-05 |137 -0.01097 -1.38536e-05 |138 -0.00981 -1.08513e-04
139 -0.00730  5.43517e-05 |140  0.00245 -1.28912e-04 |141  0.00478 -3.53720e-05
142 -0.00343  1.16113e-04 |143 -0.00415  5.23967e-05 |144  0.00000  1.03996e-04
145  0.00000  0.00000e+00 |146  0.00000  0.00000e+00 |147  0.00000  0.00000e+00
148  0.00000  0.00000e+00 |149  0.00000  0.00000e+00 |150  0.00000  0.00000e+00
151  0.00000  0.00000e+00 |152  0.00000  0.00000e+00 |153  0.00000  0.00000e+00
154  0.00000  0.00000e+00 |155  0.00000  0.00000e+00 |156  0.00000  0.00000e+00
157  0.00000  0.00000e+00 |158  0.29677 -1.04649e-05 |159  0.24461  2.70770e-04
160  0.08010 -2.82401e-05 |161  0.29958  9.67796e-06 |162  0.01562 -6.19283e-06
163 -0.11411 -8.44837e-06 |164 -0.96720  1.27036e-05 |165  0.49537 -1.10111e-05
166  0.10841  5.02509e-04 |167 -0.24860  2.58324e-04 |168  0.21679 -2.59758e-05
169  0.26443  2.71455e-05 |170  0.20693  1.27617e-05 |171  0.25908  1.39442e-05
172 -0.00439 -2.70098e-05 |173 -0.09728 -2.44864e-05 |174  0.14079  5.84039e-06
175  0.29935  7.99839e-06 |176  0.19625  7.83408e-06 |177  0.24965  1.33427e-05
178 -0.31790  5.43982e-06 |179  0.65694  9.45821e-08 |180  0.04458  2.83115e-05
181 -0.16876  7.74832e-05 |182  0.28086  2.66305e-05 |183  0.32997 -4.91630e-06
184  0.07278  1.76283e-04 |185 -0.46523  1.14811e-05 |186 -0.00162 -8.01277e-06
187  0.00084  4.16388e-06 |188  0.00025  1.23986e-06 |189 -0.00040 -1.98864e-06
190  0.07543 -6.27744e-06 |191  0.14256 -1.22032e-05 |192  0.32152  2.77316e-05
193  0.27226  5.82509e-06 |194 -0.01416  7.16798e-06 |195  0.01171  1.10886e-05
196 -0.13380 -3.18359e-05 |197 -0.12315  3.72324e-06 |198  0.04226  2.84142e-05
199  0.37226  3.60945e-05 |200  0.01043  7.73398e-06 |201 -0.14708 -2.35190e-05
202  0.11166 -8.51201e-05 |203  0.18179 -7.42348e-05 |204  0.21978  3.50583e-05
205  0.25575  1.17498e-04 |206  0.02613 -6.85979e-05 |207  0.00014 -3.66596e-05
208 -0.17532 -4.61657e-05 |209 -0.11152 -7.59005e-05 |210 -0.97171 -5.20732e-06
211  0.46557 -1.77296e-06 |212  0.10590  7.99311e-04 |213 -0.25122  2.36848e-04
size of file gradfil1.tmp = 0
size of file gradfil2.tmp = 0
size of file varssave.tmp = 0
size of file cmpdiff.tmp = 600000024
